Date,Open,High,Low,Close,Volume,Dividends,Stock Splits
2009-07-21 00:00:00+07:00,11600.198823584837,11971.13465629463,11600.198823584837,14500.248046875,6252953,0.0,0.0
2009-07-22 00:00:00+07:00,11971.134700893492,12106.021160717462,11802.527591325625,11937.4130859375,2781768,0.0,0.0
2009-07-23 00:00:00+07:00,11869.970001447857,12510.6787109375,11869.970001447857,12510.6787109375,2222591,0.0,0.0
2009-07-24 00:00:00+07:00,13117.666015625,13117.666015625,13117.666015625,13117.666015625,1876001,0.0,0.0
2009-07-27 00:00:00+07:00,13758.3740234375,13758.3740234375,13319.994974691279,13758.3740234375,9569320,0.0,0.0
2009-07-28 00:00:00+07:00,13758.37437219723,14095.589553356545,13387.43854161286,13421.16015625,5885786,0.0,0.0
2009-07-29 00:00:00+07:00,13488.601623157916,13657.209686379156,13016.5009765625,13016.5009765625,3108986,0.0,0.0
2009-07-30 00:00:00+07:00,12746.729557862383,12982.779890738635,12476.957610973515,12780.451171875,2433064,0.0,0.0
2009-07-31 00:00:00+07:00,12982.780068095162,13387.4384765625,12949.058453621878,13387.4384765625,5297155,0.0,0.0
2009-08-03 00:00:00+07:00,13488.6025390625,13758.37449332254,13319.99542960451,13488.6025390625,3528531,0.0,0.0
2009-08-04 00:00:00+07:00,13825.816927300164,13825.816927300164,13488.601762584058,13589.7666015625,4185953,0.0,0.0
2009-08-05 00:00:00+07:00,13454.880924128483,13589.767383864551,13353.717044538527,13488.6025390625,3312072,0.0,0.0
2009-08-06 00:00:00+07:00,13488.602222690854,13589.76706512011,13319.9951171875,13319.9951171875,4348005,0.0,0.0
2009-08-07 00:00:00+07:00,13319.995051476728,13421.159893406913,13218.830209546542,13286.2734375,1958655,0.0,0.0
2009-08-10 00:00:00+07:00,13387.438595043635,13488.602474146726,13319.995365500183,13454.880859375,2142283,0.0,0.0
2009-08-11 00:00:00+07:00,13387.438279430184,13454.880542171573,13252.551823523272,13286.2734375,1634635,0.0,0.0
2009-08-12 00:00:00+07:00,13421.159759973809,13454.88040840322,13218.830078125,13218.830078125,2934504,0.0,0.0
2009-08-13 00:00:00+07:00,13421.159893406913,13421.159893406913,13218.830209546542,13286.2734375,3402997,0.0,0.0
2009-08-14 00:00:00+07:00,13319.99524761593,13454.880740296989,13286.273633142646,13387.4384765625,2573815,0.0,0.0
2009-08-17 00:00:00+07:00,13488.602222690854,13556.045450977024,13319.9951171875,13319.9951171875,4498781,0.0,0.0
2009-08-18 00:00:00+07:00,13151.386784964947,13319.994852327707,13117.666136704447,13185.1083984375,2282824,0.0,0.0
2009-08-19 00:00:00+07:00,13185.1083984375,13286.273238855156,13151.386784964947,13185.1083984375,2092107,0.0,0.0
2009-08-20 00:00:00+07:00,13151.386596705128,13185.10820969496,13083.9443359375,13083.9443359375,2542719,0.0,0.0
2009-08-21 00:00:00+07:00,13319.994852327707,13488.601954478414,13151.386784964947,13185.1083984375,3305277,0.0,0.0
2009-08-24 00:00:00+07:00,13151.386784964947,13252.551625382603,13151.386784964947,13185.1083984375,2005199,0.0,0.0
2009-08-25 00:00:00+07:00,13151.386596705128,13151.386596705128,13050.222722947667,13083.9443359375,2096911,0.0,0.0
2009-08-26 00:00:00+07:00,13016.5009765625,13083.944201850996,13016.5009765625,13016.5009765625,1861609,0.0,0.0
2009-08-27 00:00:00+07:00,12982.780208588203,13016.501823426406,12915.336978911797,12949.05859375,1787103,0.0,0.0
2009-08-28 00:00:00+07:00,12982.779363918253,13016.5009765625,12949.057751274004,13016.5009765625,2722301,0.0,0.0
2009-08-31 00:00:00+07:00,13252.551503058128,13286.27311621942,12982.77956297983,13117.666015625,2236601,0.0,0.0
2009-09-01 00:00:00+07:00,13016.501043432514,13083.944269067488,12982.779430615026,13050.22265625,1840831,0.0,0.0
2009-09-03 00:00:00+07:00,12881.615299393618,13083.944987406916,12881.615299393618,12915.3369140625,1931664,0.0,0.0
2009-09-04 00:00:00+07:00,12881.61478109753,13016.501234345862,12645.564453125,12645.564453125,2003149,0.0,0.0
2009-09-07 00:00:00+07:00,12207.185925245245,12544.400142161641,12139.74269577713,12409.5146484375,2160134,0.0,0.0
2009-09-08 00:00:00+07:00,12476.957351776633,12645.564453125,12476.957351776633,12645.564453125,1400186,0.0,0.0
2009-09-09 00:00:00+07:00,12746.729158530905,12746.729158530905,12578.12109375,12578.12109375,950335,0.0,0.0
2009-09-10 00:00:00+07:00,12476.957877905616,12544.400142161641,12375.793033703443,12409.5146484375,1095857,0.0,0.0
2009-09-11 00:00:00+07:00,12409.514517820739,12476.957746578977,12342.0712890625,12342.0712890625,1671157,0.0,0.0
2009-09-14 00:00:00+07:00,12342.071157728062,12375.792771748344,12274.6279296875,12274.6279296875,1755011,0.0,0.0
2009-09-15 00:00:00+07:00,12207.185731986498,12476.95768037596,12207.185731986498,12308.349609375,2275467,0.0,0.0
2009-09-16 00:00:00+07:00,12814.173035267937,12915.3369140625,12679.286576592405,12915.3369140625,3694746,0.0,0.0
2009-09-17 00:00:00+07:00,13151.387062992817,13151.387062992817,12746.729623191608,12814.1728515625,3150839,0.0,0.0
2009-09-18 00:00:00+07:00,12476.957674920111,12814.1728515625,12476.957674920111,12814.1728515625,2567834,0.0,0.0
2009-09-21 00:00:00+07:00,12814.172785887618,12814.172785887618,12746.729557862383,12780.451171875,2497316,0.0,0.0
2009-09-22 00:00:00+07:00,12645.564386572107,12713.007612841322,12476.957286111112,12611.8427734375,2058484,0.0,0.0
2009-09-23 00:00:00+07:00,12814.172452245146,12814.172452245146,12611.8427734375,12611.8427734375,2596502,0.0,0.0
2009-09-24 00:00:00+07:00,12510.679622897658,12578.121887855876,12476.9580078125,12476.9580078125,1301849,0.0,0.0
2009-09-25 00:00:00+07:00,12409.514254734186,12814.172653492624,12409.514254734186,12713.0078125,1782094,0.0,0.0
2009-09-28 00:00:00+07:00,12814.172384443267,12814.172384443267,12578.12109375,12578.12109375,1376032,0.0,0.0
2009-09-29 00:00:00+07:00,12510.679622897658,12578.121887855876,12443.236392727342,12476.9580078125,1419355,0.0,0.0
2009-09-30 00:00:00+07:00,12375.793033703443,12476.957877905616,12375.793033703443,12409.5146484375,1316122,0.0,0.0
2009-10-01 00:00:00+07:00,12342.071157728062,12476.957613809187,12274.6279296875,12274.6279296875,1274355,0.0,0.0
2009-10-02 00:00:00+07:00,12004.856380763335,12139.742841316676,11903.69250056043,11971.134765625,1737658,0.0,0.0
2009-10-05 00:00:00+07:00,11971.134700893492,12139.742775673454,11903.692436193602,11937.4130859375,1067486,0.0,0.0
2009-10-06 00:00:00+07:00,11971.13464720995,12072.299491624262,11903.6923828125,11903.6923828125,907163,0.0,0.0
2009-10-07 00:00:00+07:00,11903.692436193602,12072.299545761469,11903.692436193602,11937.4130859375,720605,0.0,0.0
2009-10-08 00:00:00+07:00,11971.134700893492,11971.134700893492,11903.692436193602,11937.4130859375,976042,0.0,0.0
2009-10-09 00:00:00+07:00,11971.134765625,12004.856380763335,11937.413150486665,11971.134765625,1431953,0.0,0.0
2009-10-12 00:00:00+07:00,12004.855602222171,12072.298828125,11971.133989270755,12072.298828125,1314041,0.0,0.0
2009-10-13 00:00:00+07:00,12072.298693902983,12106.020306479475,12004.85546875,12004.85546875,987529,0.0,0.0
2009-10-14 00:00:00+07:00,11971.133927281044,12544.3994140625,11937.412314504249,12544.3994140625,2724290,0.0,0.0
2009-10-15 00:00:00+07:00,12915.336394409613,12949.058007721696,12476.957351776633,12645.564453125,3107285,0.0,0.0
2009-10-16 00:00:00+07:00,12342.071354192929,12544.400076323278,12342.071354192929,12375.79296875,1017834,0.0,0.0
2009-10-19 00:00:00+07:00,12409.514583307073,12409.514583307073,12308.349739635856,12375.79296875,1333005,0.0,0.0
2009-10-20 00:00:00+07:00,12409.514583307073,12409.514583307073,12308.349739635856,12375.79296875,1271952,0.0,0.0
2009-10-21 00:00:00+07:00,12207.185546875,12274.627809040607,12173.463933186167,12207.185546875,1127834,0.0,0.0
2009-10-22 00:00:00+07:00,12207.1857967581,12342.0712890625,12207.1857967581,12342.0712890625,1314949,0.0,0.0
2009-10-23 00:00:00+07:00,12476.9580078125,12949.058688580517,12375.793162557025,12476.9580078125,7414593,0.0,0.0
2009-10-26 00:00:00+07:00,12476.95768037596,12611.843171964652,12308.349609375,12308.349609375,946437,0.0,0.0
2009-10-27 00:00:00+07:00,12139.742054027829,12308.349153572866,12004.855602222171,12072.298828125,1378261,0.0,0.0
2009-10-28 00:00:00+07:00,12139.741986730936,12308.349085341295,12004.855535673023,12038.5771484375,1254867,0.0,0.0
2009-10-29 00:00:00+07:00,11802.527145736125,11937.412635255569,11667.640691004624,11701.3623046875,2390099,0.0,0.0
2009-10-30 00:00:00+07:00,11903.692053737723,11903.692053737723,11633.919142757368,11735.083984375,1534276,0.0,0.0
2009-11-02 00:00:00+07:00,11262.983266483636,11600.198438377261,11161.818425351932,11195.5400390625,1881662,0.0,0.0
2009-11-03 00:00:00+07:00,11128.096752776546,11195.539979840923,10655.99609375,10655.99609375,1777167,0.0,0.0
2009-11-04 00:00:00+07:00,10487.388208511988,11128.096946344293,10487.388208511988,10757.16015625,1367941,0.0,0.0
2009-11-05 00:00:00+07:00,10959.489836698802,11262.9833984375,10925.76822259316,11262.9833984375,765478,0.0,0.0
2009-11-06 00:00:00+07:00,11296.704746241036,11397.868620961108,11128.0966796875,11128.0966796875,867828,0.0,0.0
2009-11-09 00:00:00+07:00,10892.046355427829,11060.65345682664,10622.2744140625,10622.2744140625,855314,0.0,0.0
2009-11-10 00:00:00+07:00,10622.27474895364,10655.996363338962,10285.0595703125,10285.0595703125,710610,0.0,0.0
2009-11-11 00:00:00+07:00,10285.059880389748,10453.6669921875,10285.059880389748,10453.6669921875,747422,0.0,0.0
2009-11-12 00:00:00+07:00,10453.666530474015,10790.881704387637,10453.666530474015,10723.4384765625,649646,0.0,0.0
2009-11-13 00:00:00+07:00,10723.43854213124,10790.88177036876,10689.71789322455,10757.16015625,717058,0.0,0.0
2009-11-16 00:00:00+07:00,10757.159834717042,10757.159834717042,10588.552734375,10588.552734375,356546,0.0,0.0
2009-11-17 00:00:00+07:00,10588.553334291208,10588.553334291208,10386.224609375,10386.224609375,443068,0.0,0.0
2009-11-18 00:00:00+07:00,10386.224609375,10453.666874205672,10352.502994353616,10386.224609375,549844,0.0,0.0
2009-11-19 00:00:00+07:00,10318.781314876755,10419.945194096897,10318.781314876755,10352.5029296875,686577,0.0,0.0
2009-11-20 00:00:00+07:00,10352.502799083144,10419.94506264171,10285.0595703125,10285.0595703125,380021,0.0,0.0
2009-11-23 00:00:00+07:00,10150.173388778954,10183.895004081247,9914.123046875,9914.123046875,590408,0.0,0.0
2009-11-24 00:00:00+07:00,9779.236640803965,9880.400512084245,9442.021484375,9442.021484375,762109,0.0,0.0
2009-11-25 00:00:00+07:00,9104.806371171777,9172.249595820163,8969.919921875,8969.919921875,701700,0.0,0.0
2009-11-26 00:00:00+07:00,8565.262628437498,8767.59134010045,8531.541015625,8531.541015625,1481196,0.0,0.0
2009-11-27 00:00:00+07:00,8194.325672283714,8936.1982421875,8194.325672283714,8936.1982421875,753902,0.0,0.0
2009-11-30 00:00:00+07:00,9340.857486371358,9374.5791015625,9273.414255989073,9374.5791015625,1077482,0.0,0.0
2009-12-01 00:00:00+07:00,9812.9580078125,9812.9580078125,9812.9580078125,9812.9580078125,159083,0.0,0.0
2009-12-02 00:00:00+07:00,10116.451314229946,10116.451314229946,9678.072265625,9678.072265625,2117723,0.0,0.0
2009-12-03 00:00:00+07:00,9644.350846874064,9846.679568382136,9644.350846874064,9779.2373046875,903117,0.0,0.0
2009-12-04 00:00:00+07:00,9779.237239227636,9846.67950247083,9678.07239654473,9745.515625,1036064,0.0,0.0
2009-12-07 00:00:00+07:00,9779.237422989496,9846.6796875,9745.515808128197,9846.6796875,583463,0.0,0.0
2009-12-08 00:00:00+07:00,9846.679622451027,9846.679622451027,9711.794129109005,9812.9580078125,886646,0.0,0.0
2009-12-09 00:00:00+07:00,9442.02226674991,9509.46453145442,9340.857421875,9340.857421875,999753,0.0,0.0
2009-12-10 00:00:00+07:00,9610.629376329329,9610.629376329329,9307.135806916696,9340.857421875,341568,0.0,0.0
2009-12-11 00:00:00+07:00,9138.52798349597,9442.021529201696,8936.198309550806,8969.919921875,894440,0.0,0.0
2009-12-14 00:00:00+07:00,9374.579165827687,9408.30078125,9307.135934983062,9408.30078125,855136,0.0,0.0
2009-12-15 00:00:00+07:00,9509.46450409911,9846.6796875,9408.30062472731,9846.6796875,1541866,0.0,0.0
2009-12-16 00:00:00+07:00,9846.679568382136,9947.844411742213,9779.2373046875,9779.2373046875,3497429,0.0,0.0
2009-12-17 00:00:00+07:00,9779.237614171863,9947.8447265625,9610.629536569115,9947.8447265625,1051042,0.0,0.0
2009-12-18 00:00:00+07:00,9981.566245403148,10419.9453125,9981.566245403148,10419.9453125,2744104,0.0,0.0
2009-12-21 00:00:00+07:00,10588.552734375,10622.274347485818,10386.224020922142,10588.552734375,797365,0.0,0.0
2009-12-22 00:00:00+07:00,10453.666677027031,10554.831520182996,10251.337955927178,10285.0595703125,873310,0.0,0.0
2009-12-23 00:00:00+07:00,10150.173454473688,10285.059916555887,9947.8447265625,9947.8447265625,742354,0.0,0.0
2009-12-24 00:00:00+07:00,10082.73086955565,10082.73086955565,9779.2373046875,9779.2373046875,1947813,0.0,0.0
2009-12-25 00:00:00+07:00,10116.45177347666,10150.173388778954,9779.237550877928,9914.123046875,1111773,0.0,0.0
2009-12-28 00:00:00+07:00,9812.958137022402,9914.122982270048,9812.958137022402,9880.4013671875,544043,0.0,0.0
2009-12-29 00:00:00+07:00,9779.237614171863,9947.8447265625,9779.237614171863,9947.8447265625,663920,0.0,0.0
2009-12-30 00:00:00+07:00,9880.400592373133,10116.450914227968,9880.400592373133,9981.5654296875,453444,0.0,0.0
2009-12-31 00:00:00+07:00,9981.56634208305,10015.2879576036,9947.8447265625,9947.8447265625,665737,0.0,0.0
2010-01-04 00:00:00+07:00,10116.451740966755,10419.9453125,9947.84463020922,10419.9453125,802176,0.0,0.0
2010-01-05 00:00:00+07:00,10790.881515461313,10790.881515461313,10521.109574095984,10622.2744140625,1209376,0.0,0.0
2010-01-06 00:00:00+07:00,10116.451238044985,10352.502532667597,10116.451238044985,10150.1728515625,1158816,0.0,0.0
2010-01-07 00:00:00+07:00,10015.287042125623,10082.730267001867,9981.5654296875,9981.5654296875,514232,0.0,0.0
2010-01-08 00:00:00+07:00,10116.451707553242,10116.451707553242,9880.4013671875,9880.4013671875,757301,0.0,0.0
2010-01-11 00:00:00+07:00,9947.843817249377,9981.5654296875,9846.67897993501,9981.5654296875,697186,0.0,0.0
2010-01-12 00:00:00+07:00,10049.009310282188,10049.009310282188,9812.9580078125,9812.9580078125,726496,0.0,0.0
2010-01-13 00:00:00+07:00,9812.9580078125,9947.844466366607,9610.629285193425,9812.9580078125,558609,0.0,0.0
2010-01-14 00:00:00+07:00,9947.844466366607,9947.844466366607,9812.9580078125,9812.9580078125,225822,0.0,0.0
2010-01-15 00:00:00+07:00,9779.2373046875,9880.401182835496,9779.2373046875,9779.2373046875,583931,0.0,0.0
2010-01-18 00:00:00+07:00,9779.237040101461,9779.237040101461,9644.3505859375,9644.3505859375,420354,0.0,0.0
2010-01-19 00:00:00+07:00,9779.237239227636,9779.237239227636,9711.794010772366,9745.515625,297719,0.0,0.0
2010-01-20 00:00:00+07:00,9779.236640803965,9779.236640803965,9442.021484375,9442.021484375,283212,0.0,0.0
2010-01-21 00:00:00+07:00,9644.350192147573,9644.350192147573,9442.021484375,9442.021484375,561540,0.0,0.0
2010-01-22 00:00:00+07:00,9442.021484375,9475.743096539098,9374.578260046803,9442.021484375,396993,0.0,0.0
2010-01-25 00:00:00+07:00,9442.021739473867,9576.9072265625,9442.021739473867,9576.9072265625,381576,0.0,0.0
2010-01-26 00:00:00+07:00,9745.51569023414,9779.2373046875,9610.629232420706,9779.2373046875,353790,0.0,0.0
2010-01-27 00:00:00+07:00,9509.463811254875,9610.62864846806,9475.7431640625,9475.7431640625,138537,0.0,0.0
2010-01-28 00:00:00+07:00,9475.74341822646,9644.350519558897,9442.021804917566,9610.62890625,454147,0.0,0.0
2010-01-29 00:00:00+07:00,9610.628579983475,9610.628579983475,9442.021484375,9442.021484375,297780,0.0,0.0
2010-02-01 00:00:00+07:00,9442.022396672313,9610.62950857177,9408.30078125,9408.30078125,113096,0.0,0.0
2010-02-02 00:00:00+07:00,9340.857550405373,9442.022396672313,9340.857550405373,9408.30078125,153720,0.0,0.0
2010-02-03 00:00:00+07:00,9408.300716753643,9442.022331944785,9374.5791015625,9374.5791015625,275414,0.0,0.0
2010-02-04 00:00:00+07:00,9442.021484375,9442.021484375,9374.578260046803,9442.021484375,258766,0.0,0.0
2010-02-05 00:00:00+07:00,9374.579036833304,9442.02226674991,9340.857421875,9340.857421875,290246,0.0,0.0
2010-02-08 00:00:00+07:00,9273.4140625,9273.4140625,9172.250184249451,9273.4140625,342594,0.0,0.0
2010-02-09 00:00:00+07:00,9273.413931144773,9273.413931144773,9205.970703125,9205.970703125,150262,0.0,0.0
2010-02-10 00:00:00+07:00,9374.5791015625,9374.5791015625,9340.857486371358,9374.5791015625,135284,0.0,0.0
2010-02-11 00:00:00+07:00,9509.46438906063,9779.2373046875,9374.578896459274,9779.2373046875,436503,0.0,0.0
2010-02-12 00:00:00+07:00,9846.679568382136,9846.679568382136,9711.794075780783,9779.2373046875,304755,0.0,0.0
2010-02-22 00:00:00+07:00,10082.73046875,10082.73046875,9779.236915946234,10082.73046875,778873,0.0,0.0
2010-02-23 00:00:00+07:00,10082.730523790098,10116.451171875,9947.844070602303,10116.451171875,1533866,0.0,0.0
2010-02-24 00:00:00+07:00,10150.173418781862,10453.6669921875,10049.009537788053,10453.6669921875,2103800,0.0,0.0
2010-02-25 00:00:00+07:00,10453.666215993167,10554.8310546875,10217.615890918425,10554.8310546875,2137680,0.0,0.0
2010-02-26 00:00:00+07:00,10453.666908070825,10925.7685546875,10386.224643021671,10925.7685546875,3663677,0.0,0.0
2010-03-01 00:00:00+07:00,11060.654020090691,11465.312435351947,11060.654020090691,11431.5908203125,3606669,0.0,0.0
2010-03-02 00:00:00+07:00,11229.262125651043,11296.705355912296,10925.7685546875,10925.7685546875,1622327,0.0,0.0
2010-03-03 00:00:00+07:00,10925.768160037911,10925.768160037911,10453.666530474015,10723.4384765625,1195631,0.0,0.0
2010-03-04 00:00:00+07:00,10723.438863903739,11094.375665128535,10723.438863903739,10925.7685546875,987384,0.0,0.0
2010-03-05 00:00:00+07:00,10790.881515461313,10925.76796875,10622.2744140625,10622.2744140625,854141,0.0,0.0
2010-03-08 00:00:00+07:00,10622.274347485818,10622.274347485818,10453.666281931733,10588.552734375,1838018,0.0,0.0
2010-03-09 00:00:00+07:00,10453.666657912943,10790.8818359375,10453.666657912943,10790.8818359375,892975,0.0,0.0
2010-03-10 00:00:00+07:00,10858.325064584827,10892.04667890849,10757.160221613836,10790.8818359375,897109,0.0,0.0
2010-03-11 00:00:00+07:00,10622.274280483722,10790.88137976224,10521.10944178939,10554.8310546875,341479,0.0,0.0
2010-03-12 00:00:00+07:00,10554.831121264184,10622.274347485818,10521.109508153368,10588.552734375,487094,0.0,0.0
2010-03-15 00:00:00+07:00,10622.27506919736,10689.718300001303,10453.6669921875,10453.6669921875,728343,0.0,0.0
2010-03-16 00:00:00+07:00,10116.451049629388,10419.94460042251,10049.0087890625,10049.0087890625,1069569,0.0,0.0
2010-03-17 00:00:00+07:00,9914.122392102143,10049.008844402815,9576.9072265625,9576.9072265625,2590933,0.0,0.0
2010-03-18 00:00:00+07:00,9610.629168089463,9745.515625,9610.629168089463,9745.515625,3021963,0.0,0.0
2010-03-19 00:00:00+07:00,9812.958032619967,9812.958032619967,9307.1357421875,9307.1357421875,5950942,0.0,0.0
2010-03-22 00:00:00+07:00,9745.515625,9745.515625,9745.515625,9745.515625,570244,0.0,0.0
2010-03-23 00:00:00+07:00,9947.844532083895,10049.009376667787,9812.958072638701,9846.6796875,871992,0.0,0.0
2010-03-24 00:00:00+07:00,9846.679568382136,9880.401182835496,9711.794075780783,9779.2373046875,858040,0.0,0.0
2010-03-25 00:00:00+07:00,9576.907092392978,9576.907092392978,9408.29999459131,9509.4638671875,1133406,0.0,0.0
2010-03-26 00:00:00+07:00,9509.46432540656,9745.515625,9475.743676391,9745.515625,1090935,0.0,0.0
2010-03-29 00:00:00+07:00,9610.629168089463,9745.515625,9576.907553861827,9745.515625,473873,0.0,0.0
2010-03-30 00:00:00+07:00,9711.793611073941,9711.793611073941,9543.185546875,9543.185546875,203165,0.0,0.0
2010-03-31 00:00:00+07:00,9475.743096539098,9610.628579983475,9442.021484375,9442.021484375,405551,0.0,0.0
2010-04-01 00:00:00+07:00,9475.743286407458,9543.185546875,9442.02167356767,9543.185546875,257829,0.0,0.0
2010-04-02 00:00:00+07:00,9678.071930201195,9678.071930201195,9509.4638671875,9509.4638671875,429232,0.0,0.0
2010-04-05 00:00:00+07:00,9711.793542803933,9711.793542803933,9509.4638671875,9509.4638671875,651549,0.0,0.0
2010-04-06 00:00:00+07:00,9509.46406632331,9644.350519558897,9509.46406632331,9610.62890625,707680,0.0,0.0
2010-04-07 00:00:00+07:00,9644.350452712837,9644.350452712837,9576.9072265625,9576.9072265625,235701,0.0,0.0
2010-04-08 00:00:00+07:00,9576.907092392978,9576.907092392978,9475.743219796788,9509.4638671875,352940,0.0,0.0
2010-04-09 00:00:00+07:00,9509.4638671875,9543.18547979024,9509.4638671875,9509.4638671875,430143,0.0,0.0
2010-04-12 00:00:00+07:00,9543.186003513987,9779.2373046875,9509.46438906063,9779.2373046875,1000688,0.0,0.0
2010-04-13 00:00:00+07:00,9745.515359485586,9745.515359485586,9610.62890625,9610.62890625,718405,0.0,0.0
2010-04-14 00:00:00+07:00,9543.185546875,9610.628772554577,9509.463934035211,9543.185546875,265683,0.0,0.0
2010-04-15 00:00:00+07:00,9576.9072265625,9610.628839637668,9576.9072265625,9576.9072265625,334883,0.0,0.0
2010-04-16 00:00:00+07:00,9610.628704995717,9610.628704995717,9509.4638671875,9509.4638671875,220458,0.0,0.0
2010-04-19 00:00:00+07:00,9509.46374349118,9509.46374349118,9408.299872210902,9442.021484375,406342,0.0,0.0
2010-04-20 00:00:00+07:00,9374.579165827687,9509.464662304832,9374.579165827687,9408.30078125,451657,0.0,0.0
2010-04-21 00:00:00+07:00,9408.299872210902,9442.021484375,9408.299872210902,9442.021484375,406607,0.0,0.0
2010-04-22 00:00:00+07:00,9475.743352549036,9711.793678863174,9475.743352549036,9576.9072265625,569629,0.0,0.0
2010-04-26 00:00:00+07:00,9610.628772554577,9678.071998234152,9543.185546875,9543.185546875,464054,0.0,0.0
2010-04-27 00:00:00+07:00,9576.907159714789,9610.628772554577,9509.463934035211,9543.185546875,459278,0.0,0.0
2010-04-28 00:00:00+07:00,9576.907159714789,9576.907159714789,9509.463934035211,9543.185546875,232709,0.0,0.0
2010-04-29 00:00:00+07:00,9442.02167356767,9543.185546875,9442.02167356767,9543.185546875,608464,0.0,0.0
2010-05-04 00:00:00+07:00,9644.350963544302,9880.401302361297,9543.18611896041,9846.6796875,1699936,0.0,0.0
2010-05-05 00:00:00+07:00,9779.237106939401,9779.237106939401,9644.350651853534,9678.072265625,443302,0.0,0.0
2010-05-06 00:00:00+07:00,9610.62890625,9678.072132867794,9576.907292941103,9610.62890625,289514,0.0,0.0
2010-05-07 00:00:00+07:00,9442.021551658105,9509.463811254875,9408.29993925371,9475.7431640625,662629,0.0,0.0
2010-05-10 00:00:00+07:00,9408.300651791606,9408.300651791606,9307.135806916696,9340.857421875,921643,0.0,0.0
2010-05-11 00:00:00+07:00,9509.46459711497,9509.46459711497,9340.857486371358,9374.5791015625,365483,0.0,0.0
2010-05-12 00:00:00+07:00,9374.578905962631,9374.578905962631,9273.4140625,9273.4140625,642639,0.0,0.0
2010-05-13 00:00:00+07:00,9273.414255989073,9374.5791015625,9273.414255989073,9374.5791015625,495856,0.0,0.0
2010-05-14 00:00:00+07:00,9273.4140625,9408.300520450175,9273.4140625,9273.4140625,337610,0.0,0.0
2010-05-17 00:00:00+07:00,9273.413742023813,9273.413742023813,9104.806640625,9104.806640625,722744,0.0,0.0
2010-05-18 00:00:00+07:00,9104.80657401296,9104.80657401296,9003.64173478658,9071.0849609375,546269,0.0,0.0
2010-05-19 00:00:00+07:00,9037.363815082179,9037.363815082179,8767.591861743676,8801.3134765625,574494,0.0,0.0
2010-05-20 00:00:00+07:00,8767.59134384678,9037.36328125,8767.59134384678,9037.36328125,574349,0.0,0.0
2010-05-21 00:00:00+07:00,8767.591731505407,8936.198837882861,8733.8701171875,8733.8701171875,986007,0.0,0.0
2010-05-24 00:00:00+07:00,8767.591990001129,8936.199101349643,8767.591990001129,8868.7568359375,328905,0.0,0.0
2010-05-25 00:00:00+07:00,8868.7568359375,8936.199101349643,8835.035220625376,8868.7568359375,284119,0.0,0.0
2010-05-26 00:00:00+07:00,8868.7568359375,8936.199101349643,8868.7568359375,8868.7568359375,679423,0.0,0.0
2010-05-27 00:00:00+07:00,8868.756247696781,9071.0849609375,8868.756247696781,9071.0849609375,448198,0.0,0.0
2010-05-28 00:00:00+07:00,9104.806640625,9205.970515379468,9104.806640625,9104.806640625,223215,0.0,0.0
2010-05-31 00:00:00+07:00,9104.806640625,9104.806640625,9071.085027302828,9104.806640625,419651,0.0,0.0
2010-06-01 00:00:00+07:00,8969.92012171112,9104.80657401296,8969.92012171112,9071.0849609375,818559,0.0,0.0
2010-06-02 00:00:00+07:00,9071.084758847583,9071.084758847583,8969.919921875,8969.919921875,213278,0.0,0.0
2010-06-03 00:00:00+07:00,8969.919854257492,9003.641466327485,8936.1982421875,8936.1982421875,323953,0.0,0.0
2010-06-04 00:00:00+07:00,8936.1982421875,9037.363078397477,8902.477595329521,8936.1982421875,168316,0.0,0.0
2010-06-07 00:00:00+07:00,8632.705338597685,8835.035026013657,8632.705338597685,8767.591796875,395293,0.0,0.0
2010-06-08 00:00:00+07:00,8666.426953167014,8868.756640582986,8666.426953167014,8767.591796875,532785,0.0,0.0
2010-06-09 00:00:00+07:00,8767.591796875,8767.591796875,8733.87018230567,8767.591796875,311673,0.0,0.0
2010-06-10 00:00:00+07:00,8733.87018230567,8801.313411444327,8733.87018230567,8767.591796875,356575,0.0,0.0
2010-06-11 00:00:00+07:00,8936.199036237149,8936.199036237149,8801.313541183585,8835.03515625,181154,0.0,0.0
2010-06-14 00:00:00+07:00,8733.87018230567,8868.756640582986,8733.87018230567,8767.591796875,124117,0.0,0.0
2010-06-15 00:00:00+07:00,8767.591861743676,8801.3134765625,8767.591861743676,8801.3134765625,357249,0.0,0.0
2010-06-16 00:00:00+07:00,8801.312759119544,8936.1982421875,8801.312759119544,8936.1982421875,727874,0.0,0.0
2010-06-17 00:00:00+07:00,8936.198376409517,9003.6416015625,8902.477729045051,9003.6416015625,465402,0.0,0.0
2010-06-18 00:00:00+07:00,9037.363662527054,9239.6923828125,9003.642048277467,9239.6923828125,1330220,0.0,0.0
2010-06-21 00:00:00+07:00,9138.528253947172,9138.528253947172,9071.085027302828,9104.806640625,213364,0.0,0.0
2010-06-22 00:00:00+07:00,8936.198442769279,9071.084894076906,8936.198442769279,9037.36328125,155479,0.0,0.0
2010-06-23 00:00:00+07:00,8902.477795154407,9037.36328125,8902.477795154407,9037.36328125,195371,0.0,0.0
2010-06-24 00:00:00+07:00,9037.36334786204,9138.528187088421,9037.36334786204,9071.0849609375,352060,0.0,0.0
2010-06-25 00:00:00+07:00,9037.363078397477,9037.363078397477,8936.1982421875,8936.1982421875,251585,0.0,0.0
2010-06-28 00:00:00+07:00,8868.7561823275,9037.36328125,8868.7561823275,9037.36328125,208735,0.0,0.0
2010-06-29 00:00:00+07:00,8936.19850863566,9071.0849609375,8936.19850863566,9071.0849609375,187600,0.0,0.0
2010-06-30 00:00:00+07:00,8835.035284513058,8936.19916596886,8835.035284513058,8902.478515625,343592,0.0,0.0
2010-07-01 00:00:00+07:00,8936.198837882861,8936.198837882861,8733.8701171875,8733.8701171875,298599,0.0,0.0
2010-07-02 00:00:00+07:00,8767.59166562907,8767.59166562907,8666.426823435464,8700.1484375,819849,0.0,0.0
2010-07-05 00:00:00+07:00,8767.591599240075,8767.591599240075,8666.4267578125,8666.4267578125,16895,0.0,0.0
2010-07-06 00:00:00+07:00,8666.4267578125,8733.869985430883,8666.4267578125,8666.4267578125,140707,0.0,0.0
2010-07-07 00:00:00+07:00,8700.14824979898,8700.14824979898,8598.984375,8598.984375,159493,0.0,0.0
2010-07-08 00:00:00+07:00,8598.984429785201,8666.426691676854,8598.984429785201,8632.705078125,151900,0.0,0.0
2010-07-09 00:00:00+07:00,8632.705078125,8666.426691676854,8598.984429785201,8632.705078125,118371,0.0,0.0
2010-07-12 00:00:00+07:00,8598.98449540618,8767.591599240075,8598.98449540618,8666.4267578125,182736,0.0,0.0
2010-07-13 00:00:00+07:00,8835.03515625,8835.03515625,8666.427080917923,8835.03515625,296782,0.0,0.0
2010-07-14 00:00:00+07:00,8835.03496014122,8835.03496014122,8733.8701171875,8733.8701171875,116144,0.0,0.0
2010-07-15 00:00:00+07:00,8666.4267578125,8700.148371621692,8632.705144003308,8666.4267578125,178867,0.0,0.0
2010-07-16 00:00:00+07:00,8565.26276166299,8733.86986313599,8565.26276166299,8598.984375,59371,0.0,0.0
2010-07-19 00:00:00+07:00,8565.262816233348,8700.148305228708,8565.262816233348,8632.705078125,239217,0.0,0.0
2010-07-20 00:00:00+07:00,8598.984429785201,8733.869918780561,8598.984429785201,8632.705078125,143550,0.0,0.0
2010-07-21 00:00:00+07:00,8598.984429785201,8666.426691676854,8598.984429785201,8632.705078125,283827,0.0,0.0
2010-07-22 00:00:00+07:00,8565.262628437498,8632.70488885046,8531.541015625,8531.541015625,142113,0.0,0.0
2010-07-23 00:00:00+07:00,8565.262628437498,8565.262628437498,8497.819402812502,8531.541015625,159202,0.0,0.0
2010-07-26 00:00:00+07:00,8430.376043970373,8497.819268529627,8430.376043970373,8464.09765625,230012,0.0,0.0
2010-07-27 00:00:00+07:00,8632.704820913954,8632.704820913954,8430.376110843259,8497.8193359375,453295,0.0,0.0
2010-07-28 00:00:00+07:00,8497.8193359375,8531.54094848462,8497.8193359375,8497.8193359375,502275,0.0,0.0
2010-07-29 00:00:00+07:00,8464.098504757796,8497.820120417942,8396.6552734375,8396.6552734375,179366,0.0,0.0
2010-07-30 00:00:00+07:00,8396.654364552505,8464.097588572495,8362.93275254251,8430.3759765625,229047,0.0,0.0
2010-08-02 00:00:00+07:00,8362.93359375,8430.376824553943,8362.93359375,8362.93359375,63180,0.0,0.0
2010-08-03 00:00:00+07:00,8362.933475576334,8362.933475576334,8295.4912109375,8295.4912109375,168901,0.0,0.0
2010-08-04 00:00:00+07:00,8295.49108035175,8329.211729534298,8228.0478515625,8228.0478515625,223185,0.0,0.0
2010-08-05 00:00:00+07:00,8295.490812650944,8295.490812650944,8093.1611328125,8093.1611328125,199561,0.0,0.0
2010-08-06 00:00:00+07:00,8093.161264477474,8194.326106042514,8093.161264477474,8160.6044921875,351035,0.0,0.0
2010-08-09 00:00:00+07:00,8261.769199344537,8261.769199344537,8093.1611328125,8093.1611328125,215799,0.0,0.0
2010-08-10 00:00:00+07:00,7924.553449394883,8025.718288043995,7789.66748046875,7789.66748046875,230599,0.0,0.0
2010-08-11 00:00:00+07:00,7755.946416420295,7890.832386498228,7755.946416420295,7823.38916015625,337348,0.0,0.0
2010-08-12 00:00:00+07:00,7755.946451192336,7823.389195230656,7587.3388671875,7587.3388671875,524962,0.0,0.0
2010-08-13 00:00:00+07:00,7283.845312500001,7688.503224547992,7283.845312500001,7587.3388671875,350096,0.0,0.0
2010-08-16 00:00:00+07:00,7789.667546985261,7857.110773327238,7755.946416420295,7823.38916015625,132646,0.0,0.0
2010-08-17 00:00:00+07:00,7823.38916015625,7823.38916015625,7654.781576907328,7823.38916015625,218027,0.0,0.0
2010-08-18 00:00:00+07:00,7823.389524218158,7823.389524218158,7755.94677734375,7755.94677734375,146216,0.0,0.0
2010-08-19 00:00:00+07:00,7722.224737308693,7789.66748046875,7722.224737308693,7789.66748046875,283416,0.0,0.0
2010-08-20 00:00:00+07:00,7654.781511542617,7789.66748046875,7654.781511542617,7789.66748046875,99262,0.0,0.0
2010-08-23 00:00:00+07:00,7587.3388671875,7755.946451192336,7587.3388671875,7587.3388671875,388727,0.0,0.0
2010-08-24 00:00:00+07:00,7317.566827713808,7418.731183717966,7283.84521484375,7283.84521484375,471176,0.0,0.0
2010-08-25 00:00:00+07:00,7081.516412387659,7182.680773994069,6946.630436043765,6980.35205078125,1054531,0.0,0.0
2010-08-26 00:00:00+07:00,6980.351690208606,7148.959272580497,6980.351690208606,7047.79443359375,860061,0.0,0.0
2010-08-27 00:00:00+07:00,7081.516431891739,7385.0100001529,7081.516431891739,7250.1240234375,1010685,0.0,0.0
2010-08-30 00:00:00+07:00,7587.339160280688,7587.339160280688,7452.45318438748,7486.17431640625,1751817,0.0,0.0
2010-08-31 00:00:00+07:00,7688.503460280553,7722.225074636643,7452.453125,7452.453125,2201517,0.0,0.0
2010-09-01 00:00:00+07:00,7621.059963736339,7823.38916015625,7486.173993658406,7823.38916015625,1306686,0.0,0.0
2010-09-06 00:00:00+07:00,7276.986328125,7276.986328125,7204.937106666212,7276.986328125,443197,0.0,0.0
2010-09-07 00:00:00+07:00,7313.011421460438,7349.036032189832,7276.986328125,7276.986328125,518425,0.0,0.0
2010-09-08 00:00:00+07:00,7313.011027128524,7313.011027128524,7168.912109375,7168.912109375,295039,0.0,0.0
2010-09-09 00:00:00+07:00,7204.93701171875,7276.986232228066,7168.912401464092,7204.93701171875,352434,0.0,0.0
2010-09-10 00:00:00+07:00,7204.936914853162,7240.9615246234935,7132.8876953125,7132.8876953125,444154,0.0,0.0
2010-09-13 00:00:00+07:00,7132.8876953125,7204.936914853162,7024.813383395476,7132.8876953125,363658,0.0,0.0
2010-09-14 00:00:00+07:00,6916.7393567338195,7132.887491794628,6916.7393567338195,6988.78857421875,580210,0.0,0.0
2010-09-15 00:00:00+07:00,6952.764356864127,6988.788967634504,6916.73974609375,6916.73974609375,855532,0.0,0.0
2010-09-16 00:00:00+07:00,6736.615821671092,6880.714739059924,6736.615821671092,6808.6650390625,904753,0.0,0.0
2010-09-17 00:00:00+07:00,6664.566795807046,6844.6903270679995,6664.566795807046,6772.640625,1282657,0.0,0.0
2010-09-20 00:00:00+07:00,6772.640821714838,6808.6654324921765,6736.6162109375,6736.6162109375,1048326,0.0,0.0
2010-09-21 00:00:00+07:00,6736.61591780353,6736.61591780353,6664.5666993839695,6700.59130859375,841430,0.0,0.0
2010-09-22 00:00:00+07:00,6700.59130859375,6700.59130859375,6664.5666993839695,6700.59130859375,513623,0.0,0.0
2010-09-23 00:00:00+07:00,6700.591504795878,6700.591504795878,6628.542284266622,6664.56689453125,504899,0.0,0.0
2010-09-24 00:00:00+07:00,6628.542186076062,6772.640625,6628.542186076062,6772.640625,465857,0.0,0.0
2010-09-27 00:00:00+07:00,6772.640625,6772.640625,6700.591405538031,6772.640625,430218,0.0,0.0
2010-09-28 00:00:00+07:00,6736.616116268204,6844.6904296875,6736.616116268204,6844.6904296875,576780,0.0,0.0
2010-09-29 00:00:00+07:00,6844.6904296875,6880.715039958586,6808.665336810376,6844.6904296875,422674,0.0,0.0
2010-09-30 00:00:00+07:00,6844.69013036422,6880.714739059924,6808.6650390625,6808.6650390625,833830,0.0,0.0
2010-10-01 00:00:00+07:00,6844.690525875559,6844.690525875559,6736.6162109375,6736.6162109375,424511,0.0,0.0
2010-10-04 00:00:00+07:00,6772.640725325134,6772.640725325134,6628.542284266622,6664.56689453125,648883,0.0,0.0
2010-10-05 00:00:00+07:00,6556.492674444766,6736.6162109375,6556.492674444766,6736.6162109375,434306,0.0,0.0
2010-10-06 00:00:00+07:00,6808.6654324921765,6844.690525875559,6700.591600160162,6736.6162109375,370188,0.0,0.0
2010-10-07 00:00:00+07:00,6700.591600160162,6808.6654324921765,6700.591600160162,6736.6162109375,290460,0.0,0.0
2010-10-08 00:00:00+07:00,6736.6162109375,6772.640821714838,6700.591600160162,6736.6162109375,429670,0.0,0.0
2010-10-11 00:00:00+07:00,6736.616015269015,6772.640625,6736.616015269015,6772.640625,315892,0.0,0.0
2010-10-12 00:00:00+07:00,6772.640821714838,6772.640821714838,6736.6162109375,6736.6162109375,342231,0.0,0.0
2010-10-13 00:00:00+07:00,6772.640625,6772.640625,6736.616015269015,6772.640625,421768,0.0,0.0
2010-10-14 00:00:00+07:00,6772.64072653929,6844.6904296875,6736.616116268204,6844.6904296875,299731,0.0,0.0
2010-10-15 00:00:00+07:00,6808.665336810376,6844.6904296875,6772.64072653929,6844.6904296875,185597,0.0,0.0
2010-10-18 00:00:00+07:00,6844.6904296875,6880.715039958586,6844.6904296875,6844.6904296875,403604,0.0,0.0
2010-10-19 00:00:00+07:00,6844.69013036422,6880.714739059924,6772.640430366796,6808.6650390625,617579,0.0,0.0
2010-10-20 00:00:00+07:00,6844.6904296875,6844.6904296875,6772.64072653929,6844.6904296875,476723,0.0,0.0
2010-10-21 00:00:00+07:00,6808.665336810376,6880.715039958586,6772.64072653929,6844.6904296875,473486,0.0,0.0
2010-10-22 00:00:00+07:00,6808.66514265634,6916.739452993818,6808.66514265634,6880.71484375,608167,0.0,0.0
2010-10-25 00:00:00+07:00,6916.739452993818,6916.739452993818,6808.66514265634,6880.71484375,179012,0.0,0.0
2010-10-26 00:00:00+07:00,6880.71484375,6916.739452993818,6808.66514265634,6880.71484375,295257,0.0,0.0
2010-10-27 00:00:00+07:00,6808.66514265634,6880.71484375,6808.66514265634,6880.71484375,163016,0.0,0.0
2010-10-28 00:00:00+07:00,6880.715039958586,6880.715039958586,6808.665336810376,6844.6904296875,160385,0.0,0.0
2010-10-29 00:00:00+07:00,6844.690524552995,6916.73974609375,6808.665431176574,6916.73974609375,453922,0.0,0.0
2010-11-01 00:00:00+07:00,7024.813578404881,7024.813578404881,6880.715135323372,6916.73974609375,118704,0.0,0.0
2010-11-02 00:00:00+07:00,6772.640533412522,6880.71484375,6772.640533412522,6880.71484375,121535,0.0,0.0
2010-11-03 00:00:00+07:00,6772.640533412522,6880.71484375,6772.640533412522,6880.71484375,245739,0.0,0.0
2010-11-04 00:00:00+07:00,6916.739550405083,6952.76416015625,6880.714940653915,6952.76416015625,566685,0.0,0.0
2010-11-05 00:00:00+07:00,6916.7393567338195,7024.813182961215,6916.7393567338195,6988.78857421875,330654,0.0,0.0
2010-11-08 00:00:00+07:00,7060.8379894097525,7060.8379894097525,6952.76416015625,6952.76416015625,169988,0.0,0.0
2010-11-09 00:00:00+07:00,6844.690234506182,6880.71484375,6844.690234506182,6880.71484375,229386,0.0,0.0
2010-11-10 00:00:00+07:00,6844.6904296875,6880.715039958586,6844.6904296875,6844.6904296875,140630,0.0,0.0
2010-11-11 00:00:00+07:00,6880.71484375,6880.71484375,6772.640533412522,6880.71484375,792293,0.0,0.0
2010-11-12 00:00:00+07:00,6880.715039958586,6880.715039958586,6772.64072653929,6844.6904296875,706032,0.0,0.0
2010-11-15 00:00:00+07:00,6772.640430366796,6844.69013036422,6772.640430366796,6808.6650390625,1201118,0.0,0.0
2010-11-16 00:00:00+07:00,6556.492480134051,6772.640620998275,6556.492480134051,6592.51708984375,1041413,0.0,0.0
2010-11-17 00:00:00+07:00,6556.492581131329,6664.56689453125,6484.443360602073,6664.56689453125,602792,0.0,0.0
2010-11-18 00:00:00+07:00,6592.516900904239,6700.591209541989,6592.516900904239,6628.5419921875,225518,0.0,0.0
2010-11-19 00:00:00+07:00,6628.5419921875,6628.5419921875,6592.516900904239,6628.5419921875,211551,0.0,0.0
2010-11-22 00:00:00+07:00,6664.5669907413385,6664.5669907413385,6556.49267578125,6556.49267578125,227547,0.0,0.0
2010-11-23 00:00:00+07:00,6520.467683549749,6700.591209541989,6520.467683549749,6628.5419921875,698845,0.0,0.0
2010-11-24 00:00:00+07:00,6556.492480134051,6628.542182159479,6520.467870424352,6592.51708984375,1013067,0.0,0.0
2010-11-25 00:00:00+07:00,6556.492292226994,6664.566600864745,6556.492292226994,6628.5419921875,440449,0.0,0.0
2010-11-26 00:00:00+07:00,6664.566600864745,6664.566600864745,6628.5419921875,6628.5419921875,130944,0.0,0.0
2010-11-29 00:00:00+07:00,6592.516900904239,6628.5419921875,6592.516900904239,6628.5419921875,181867,0.0,0.0
2010-11-30 00:00:00+07:00,6628.54209017419,6772.64052701331,6628.54209017419,6700.59130859375,567179,0.0,0.0
2010-12-01 00:00:00+07:00,6772.640725325134,6772.640725325134,6664.56689453125,6664.56689453125,284697,0.0,0.0
2010-12-02 00:00:00+07:00,6664.5666993839695,6700.59130859375,6628.54209017419,6700.59130859375,309664,0.0,0.0
2010-12-03 00:00:00+07:00,6772.640628794382,7024.813379658585,6736.616019043214,6952.76416015625,889306,0.0,0.0
2010-12-06 00:00:00+07:00,6988.788671481455,6988.788671481455,6844.690234506182,6880.71484375,577002,0.0,0.0
2010-12-07 00:00:00+07:00,6808.66513622309,6808.66513622309,6700.59130859375,6700.59130859375,377128,0.0,0.0
2010-12-08 00:00:00+07:00,6664.566600864745,6736.615818219234,6628.5419921875,6628.5419921875,359486,0.0,0.0
2010-12-09 00:00:00+07:00,6556.492480134051,6664.566791869178,6556.492480134051,6592.51708984375,827107,0.0,0.0
2010-12-10 00:00:00+07:00,6592.516900904239,6664.566600864745,6592.516900904239,6628.5419921875,1584674,0.0,0.0
2010-12-13 00:00:00+07:00,6952.76416015625,6952.76416015625,6952.76416015625,6952.76416015625,2321033,0.0,0.0
2010-12-14 00:00:00+07:00,7276.986328125,7276.986328125,7240.961717395606,7276.986328125,3111384,0.0,0.0
2010-12-15 00:00:00+07:00,7637.2333984375,7637.2333984375,7637.2333984375,7637.2333984375,1283727,0.0,0.0
2010-12-16 00:00:00+07:00,7997.48046875,7997.48046875,7781.33232188616,7997.48046875,7360386,0.0,0.0
2010-12-17 00:00:00+07:00,8285.678117339932,8393.751953125,7925.431032844258,8393.751953125,5274255,0.0,0.0
2010-12-20 00:00:00+07:00,8393.751377862562,8790.02304712827,8393.751377862562,8681.94921875,4248967,0.0,0.0
2010-12-21 00:00:00+07:00,8465.800407036471,8862.072067420499,8429.775798384471,8717.9736328125,2509738,0.0,0.0
2010-12-22 00:00:00+07:00,8645.924797684045,8753.998628417228,8465.80078125,8465.80078125,2729336,0.0,0.0
2010-12-23 00:00:00+07:00,8465.800987032886,8465.800987032886,8213.628709192435,8249.6533203125,1844822,0.0,0.0
2010-12-24 00:00:00+07:00,8249.65351823435,8537.85041410915,8177.6042942656495,8213.62890625,1764820,0.0,0.0
2010-12-27 00:00:00+07:00,8213.62870069084,8429.7763671875,8213.62870069084,8429.7763671875,956333,0.0,0.0
2010-12-28 00:00:00+07:00,8429.7763671875,8573.875776730703,8393.751756104724,8429.7763671875,1344002,0.0,0.0
2010-12-29 00:00:00+07:00,8429.776175428176,8465.80078569147,8285.677734375,8285.677734375,1069233,0.0,0.0
2010-12-30 00:00:00+07:00,8249.653124111706,8429.776175428176,8249.653124111706,8285.677734375,929472,0.0,0.0
2010-12-31 00:00:00+07:00,8393.751565164883,8393.751565164883,8285.677734375,8285.677734375,944947,0.0,0.0
2011-01-04 00:00:00+07:00,8285.677345356176,8393.751171071912,8285.677345356176,8357.7265625,348514,0.0,0.0
2011-01-05 00:00:00+07:00,8465.800586093268,8465.800586093268,8321.7021484375,8321.7021484375,435295,0.0,0.0
2011-01-06 00:00:00+07:00,8321.702729268289,8393.751953125,8321.702729268289,8393.751953125,416527,0.0,0.0
2011-01-07 00:00:00+07:00,8429.775779643824,8465.800388215734,8321.701953928088,8357.7265625,1079027,0.0,0.0
2011-01-10 00:00:00+07:00,8321.7021484375,8429.775976679326,8285.677539023558,8321.7021484375,704085,0.0,0.0
2011-01-11 00:00:00+07:00,8249.653225316722,8321.702446727197,8177.60400390625,8177.60400390625,1088685,0.0,0.0
2011-01-12 00:00:00+07:00,8285.67783602196,8285.67783602196,8177.60400390625,8177.60400390625,659199,0.0,0.0
2011-01-13 00:00:00+07:00,8285.677345356176,8393.751171071912,8249.652736784265,8357.7265625,509151,0.0,0.0
2011-01-14 00:00:00+07:00,8177.603804729767,8177.603804729767,7781.332131411806,8033.5048828125,773635,0.0,0.0
2011-01-17 00:00:00+07:00,8105.553515582378,8177.603699523117,7961.455078125,7961.455078125,638870,0.0,0.0
2011-01-18 00:00:00+07:00,7853.381152800421,7961.4549795554085,7853.381152800421,7889.40576171875,323519,0.0,0.0
2011-01-19 00:00:00+07:00,7889.4059574684115,7997.480269510927,7853.38134765625,7853.38134765625,535792,0.0,0.0
2011-01-20 00:00:00+07:00,7853.381443558344,7925.4306640625,7817.356833306265,7925.4306640625,529234,0.0,0.0
2011-01-21 00:00:00+07:00,7925.430666529984,8321.702344638294,7925.430666529984,8285.677734375,3867222,0.0,0.0
2011-01-24 00:00:00+07:00,8573.875776730703,8609.90038781348,8249.653311773616,8429.7763671875,4055759,0.0,0.0
2011-01-25 00:00:00+07:00,8465.80058629573,8465.80058629573,8141.5791015625,8141.5791015625,639551,0.0,0.0
2011-01-26 00:00:00+07:00,8213.62850953924,8465.80078125,8177.603899294845,8465.80078125,1288035,0.0,0.0
2011-01-27 00:00:00+07:00,8321.70253393917,8573.875776730703,8249.653311773616,8429.7763671875,2374146,0.0,0.0
2011-01-28 00:00:00+07:00,8573.875964087556,8790.023635307489,8537.85038700545,8753.9990234375,4638013,0.0,0.0
2011-02-08 00:00:00+07:00,9006.170905336778,9186.294921875,8862.07246427586,9186.294921875,3320063,0.0,0.0
2011-02-09 00:00:00+07:00,9618.5908203125,9618.5908203125,9366.417593467437,9618.5908203125,5161437,0.0,0.0
2011-02-10 00:00:00+07:00,9402.442585877554,9726.665043559839,9294.36875505415,9546.5419921875,2589440,0.0,0.0
2011-02-11 00:00:00+07:00,9546.542185933084,9546.542185933084,9186.295110665174,9330.3935546875,3376610,0.0,0.0
2011-02-14 00:00:00+07:00,9330.393559841921,9330.393559841921,8970.146484375,8970.146484375,2387646,0.0,0.0
2011-02-15 00:00:00+07:00,8826.048222416857,9294.369140625,8826.048222416857,9294.369140625,1268994,0.0,0.0
2011-02-16 00:00:00+07:00,9150.270304600102,9330.393355788265,9006.1708984375,9006.1708984375,892133,0.0,0.0
2011-02-17 00:00:00+07:00,9006.171098449688,9150.2705078125,8862.072654298969,9150.2705078125,1530845,0.0,0.0
2011-02-18 00:00:00+07:00,9150.270504714508,9186.295115739991,8970.146484375,8970.146484375,1499456,0.0,0.0
2011-02-21 00:00:00+07:00,8717.973617531301,8717.973617531301,8537.849609375,8537.849609375,3040925,0.0,0.0
2011-02-22 00:00:00+07:00,8249.652929420683,8501.8251953125,8249.652929420683,8501.8251953125,760797,0.0,0.0
2011-02-23 00:00:00+07:00,8645.925187827534,8753.9990234375,8501.825775135461,8753.9990234375,1510406,0.0,0.0
2011-02-24 00:00:00+07:00,8753.998826440697,8862.072659618609,8393.75175063556,8790.0234375,1541188,0.0,0.0
2011-02-25 00:00:00+07:00,8862.071896281295,9150.269725143813,8790.02268036867,9114.2451171875,2867560,0.0,0.0
2011-02-28 00:00:00+07:00,9186.294924230748,9546.5419921875,9114.245703681812,9546.5419921875,6257346,0.0,0.0
2011-03-01 00:00:00+07:00,9366.417973201147,9366.417973201147,9150.270311609771,9186.294921875,1164107,0.0,0.0
2011-03-02 00:00:00+07:00,9114.24609462305,9114.24609462305,8790.023623033752,8934.1220703125,1411058,0.0,0.0
2011-03-03 00:00:00+07:00,8681.949604322088,8970.14649279652,8681.949604322088,8790.0234375,750781,0.0,0.0
2011-03-04 00:00:00+07:00,8790.023057341483,9078.22089856378,8790.023057341483,9042.1962890625,1241093,0.0,0.0
2011-03-07 00:00:00+07:00,9078.22127764843,9402.442776698663,9078.22127764843,9330.3935546875,1705119,0.0,0.0
2011-03-08 00:00:00+07:00,9366.417572930852,9366.417572930852,9078.220703125,9078.220703125,1839418,0.0,0.0
2011-03-09 00:00:00+07:00,9078.22147001145,9330.393752393926,8826.048222416857,9294.369140625,1759662,0.0,0.0
2011-03-10 00:00:00+07:00,9294.36875505415,9582.566602461968,9294.36875505415,9546.5419921875,5908413,0.0,0.0
2011-03-11 00:00:00+07:00,9546.54218105136,9906.78829092296,9546.54218105136,9690.640625,6039062,0.0,0.0
2011-03-14 00:00:00+07:00,9690.640234057311,9798.714062658844,9582.566405455778,9762.689453125,5876889,0.0,0.0
2011-03-15 00:00:00+07:00,9690.64042448694,9906.7880859375,9690.64042448694,9906.7880859375,6497108,0.0,0.0
2011-03-16 00:00:00+07:00,10050.886924569591,10375.1083984375,10050.886924569591,10375.1083984375,7328341,0.0,0.0
2011-03-17 00:00:00+07:00,10843.42949261652,10879.4541015625,10663.306447886627,10879.4541015625,11776859,0.0,0.0
2011-03-18 00:00:00+07:00,11347.775012024676,11419.8251953125,10951.504312607874,11419.8251953125,12452474,0.0,0.0
2011-03-21 00:00:00+07:00,11491.874610214702,11888.146281630665,11095.602938798738,11383.80078125,4430320,0.0,0.0
2011-03-22 00:00:00+07:00,11095.603318798836,11455.850392897572,11059.57870791017,11131.6279296875,5403863,0.0,0.0
2011-03-23 00:00:00+07:00,10987.52949791223,11059.578719766801,10591.2578125,10591.2578125,3894191,0.0,0.0
2011-03-24 00:00:00+07:00,10483.183382589756,10519.207991465057,10086.911719749396,10158.9609375,2971433,0.0,0.0
2011-03-25 00:00:00+07:00,10158.96132549648,10519.208393220286,10086.912104994133,10267.03515625,1006758,0.0,0.0
2011-03-28 00:00:00+07:00,10122.936905233199,10627.282423427285,10122.936905233199,10591.2578125,2288959,0.0,0.0
2011-03-29 00:00:00+07:00,10627.281621102336,10807.404662140063,10375.1083984375,10375.1083984375,1539650,0.0,0.0
2011-03-30 00:00:00+07:00,10122.9365224865,10447.158973785357,10086.9119129213,10303.0595703125,1036721,0.0,0.0
2011-03-31 00:00:00+07:00,10447.158773714453,10447.158773714453,10158.9609375,10158.9609375,1188443,0.0,0.0
2011-04-01 00:00:00+07:00,10122.9365234375,10303.059571280422,10122.9365234375,10122.9365234375,1784598,0.0,0.0
2011-04-04 00:00:00+07:00,10086.912109375,10194.985940175457,10050.887499108181,10086.912109375,1587144,0.0,0.0
2011-04-05 00:00:00+07:00,10086.911922927635,10483.18359375,10050.887313326699,10483.18359375,1381867,0.0,0.0
2011-04-06 00:00:00+07:00,10483.183781230706,10843.429883682698,10483.183781230706,10807.4052734375,2425071,0.0,0.0
2011-04-07 00:00:00+07:00,10735.35606188915,10807.40528243956,10447.1591796875,10447.1591796875,907990,0.0,0.0
2011-04-08 00:00:00+07:00,10447.158597076379,10627.281638407412,10339.08380706574,10555.232421875,1281095,0.0,0.0
2011-04-13 00:00:00+07:00,10519.208587019193,10591.257808848926,10375.109178147633,10411.1337890625,647925,0.0,0.0
2011-04-14 00:00:00+07:00,10411.133000684014,10411.133000684014,10194.9853515625,10194.9853515625,780166,0.0,0.0
2011-04-15 00:00:00+07:00,10303.059176123257,10303.059176123257,10194.9853515625,10194.9853515625,638788,0.0,0.0
2011-04-18 00:00:00+07:00,10303.059176123257,10303.059176123257,10158.960743375581,10194.9853515625,1252285,0.0,0.0
2011-04-19 00:00:00+07:00,10194.98554883897,10375.108593259007,10158.960939954963,10339.083984375,632668,0.0,0.0
2011-04-20 00:00:00+07:00,10375.108993925012,10447.1591796875,10339.084383649806,10447.1591796875,840333,0.0,0.0
2011-04-21 00:00:00+07:00,10447.15917271794,10447.15917271794,10267.03515625,10267.03515625,414111,0.0,0.0
2011-04-22 00:00:00+07:00,10411.13359453421,10411.13359453421,9870.763475695741,9906.7880859375,1126820,0.0,0.0
2011-04-25 00:00:00+07:00,10086.911913868915,10267.034961711839,10050.887304300331,10122.9365234375,552390,0.0,0.0
2011-04-26 00:00:00+07:00,10122.936328624697,10231.010155250604,10086.911719749396,10158.9609375,565176,0.0,0.0
2011-04-27 00:00:00+07:00,10086.912104994133,10267.03515625,10086.912104994133,10267.03515625,833800,0.0,0.0
2011-04-28 00:00:00+07:00,10267.035160709094,10267.035160709094,10086.912109375,10086.912109375,346401,0.0,0.0
2011-04-29 00:00:00+07:00,10194.985935747653,10267.03515625,10086.912104994133,10267.03515625,773385,0.0,0.0
2011-05-04 00:00:00+07:00,10267.035353129477,10267.035353129477,10158.961520303546,10231.0107421875,504624,0.0,0.0
2011-05-05 00:00:00+07:00,10231.009959749419,10231.009959749419,10158.960743375581,10194.9853515625,745924,0.0,0.0
2011-05-06 00:00:00+07:00,10086.911527001743,10194.9853515625,10086.911527001743,10194.9853515625,869277,0.0,0.0
2011-05-09 00:00:00+07:00,10194.986131245523,10231.0107421875,10122.93690936157,10231.0107421875,567098,0.0,0.0
2011-05-10 00:00:00+07:00,10267.03515625,10267.03515625,10231.010545998826,10267.03515625,555547,0.0,0.0
2011-05-11 00:00:00+07:00,10194.985942548981,10447.1591796875,10122.93672199857,10447.1591796875,712344,0.0,0.0
2011-05-12 00:00:00+07:00,10339.083790229954,10447.15858006461,10339.083790229954,10375.1083984375,661696,0.0,0.0
2011-05-13 00:00:00+07:00,10375.1083984375,10411.133006645045,10267.034573814864,10375.1083984375,688885,0.0,0.0
2011-05-16 00:00:00+07:00,10411.133599790735,10879.45449838214,10411.133599790735,10627.2822265625,2571084,0.0,0.0
2011-05-17 00:00:00+07:00,10663.306252180379,10879.453901889241,10591.257035610759,10735.35546875,1632962,0.0,0.0
2011-05-18 00:00:00+07:00,10663.306445748743,10699.3310546875,10447.158792116206,10699.3310546875,1030959,0.0,0.0
2011-05-19 00:00:00+07:00,10663.306229309883,10663.306229309883,10267.034573814864,10375.1083984375,1110412,0.0,0.0
2011-05-20 00:00:00+07:00,10194.985742574669,10231.010352143254,10122.9365234375,10122.9365234375,1202571,0.0,0.0
2011-05-23 00:00:00+07:00,9906.787690750245,10014.862482376435,9618.5908203125,9618.5908203125,2271263,0.0,0.0
2011-05-24 00:00:00+07:00,9186.294921875,9222.319532140229,9150.270311609771,9186.294921875,1795027,0.0,0.0
2011-05-25 00:00:00+07:00,8753.9990234375,8826.048247177478,8753.9990234375,8753.9990234375,2406796,0.0,0.0
2011-05-26 00:00:00+07:00,8321.702345085345,9186.294921875,8321.702345085345,9186.294921875,1132992,0.0,0.0
2011-05-27 00:00:00+07:00,9330.39298466272,9618.5908203125,9258.343767053282,9618.5908203125,536669,0.0,0.0
2011-05-30 00:00:00+07:00,9726.664632091137,9726.664632091137,9438.466796875,9438.466796875,510524,0.0,0.0
2011-05-31 00:00:00+07:00,9258.344327941986,9690.640625,9006.171085819773,9690.640625,644601,0.0,0.0
2011-06-01 00:00:00+07:00,9690.640056909037,10158.9609375,9654.615448033734,10158.9609375,918993,0.0,0.0
2011-06-02 00:00:00+07:00,10447.158983042276,10663.306640625,10339.084189038856,10663.306640625,3616895,0.0,0.0
2011-06-03 00:00:00+07:00,10807.404862467474,10807.404862467474,10158.9609375,10158.9609375,854654,0.0,0.0
2011-06-06 00:00:00+07:00,9762.689452345167,10158.961122397857,9762.689452345167,9942.8125,412604,0.0,0.0
2011-06-07 00:00:00+07:00,9942.81232143888,10411.133202143015,9942.81232143888,10339.083984375,495297,0.0,0.0
2011-06-08 00:00:00+07:00,10447.159381195243,10447.159381195243,10050.8876953125,10050.8876953125,501769,0.0,0.0
2011-06-09 00:00:00+07:00,9906.788092828829,10158.961329908638,9906.788092828829,10086.912109375,188396,0.0,0.0
2011-06-10 00:00:00+07:00,10303.059370421539,10303.059370421539,9942.81231654668,9978.837890625,518920,0.0,0.0
2011-06-13 00:00:00+07:00,9906.788090351554,9978.83827607925,9582.566598031257,9726.6650390625,952079,0.0,0.0
2011-06-14 00:00:00+07:00,9726.664649557097,10194.98552936675,9726.664649557097,9798.7138671875,822362,0.0,0.0
2011-06-15 00:00:00+07:00,9798.714262028372,10086.912109375,9690.640431227914,10086.912109375,1408699,0.0,0.0
2011-06-16 00:00:00+07:00,10086.912111723364,10447.1591796875,10086.912111723364,10447.1591796875,1504643,0.0,0.0
2011-06-17 00:00:00+07:00,10447.158963857646,10447.158963857646,9942.8125,9942.8125,2747332,0.0,0.0
2011-06-20 00:00:00+07:00,9654.615814245182,10086.912102358374,9654.615814245182,9906.7880859375,334905,0.0,0.0
2011-06-21 00:00:00+07:00,9906.788286220171,10086.912306282558,9906.788286220171,10050.8876953125,244146,0.0,0.0
2011-06-22 00:00:00+07:00,10050.887304300331,10122.9365234375,10014.862694731746,10122.9365234375,704113,0.0,0.0
2011-06-23 00:00:00+07:00,10122.9361112766,10122.9361112766,9726.66445694453,9834.73828125,661944,0.0,0.0
2011-06-24 00:00:00+07:00,9834.738298647728,10014.8623046875,9834.738298647728,10014.8623046875,353315,0.0,0.0
2011-06-27 00:00:00+07:00,9834.738872295191,10086.912109375,9834.738872295191,10086.912109375,663919,0.0,0.0
2011-06-28 00:00:00+07:00,9834.73828125,10014.86228697113,9834.73828125,9834.73828125,194075,0.0,0.0
2011-06-29 00:00:00+07:00,9978.838469960316,9978.838469960316,9834.73906091726,9870.763671875,402589,0.0,0.0
2011-06-30 00:00:00+07:00,9870.763084817901,9870.763084817901,9798.7138671875,9798.7138671875,270404,0.0,0.0
2011-07-01 00:00:00+07:00,9726.6650390625,9834.738869835932,9654.615818546878,9726.6650390625,554915,0.0,0.0
2011-07-04 00:00:00+07:00,9582.566211507781,9798.71386433609,9582.566211507781,9618.5908203125,217149,0.0,0.0
2011-07-05 00:00:00+07:00,9618.59062629693,9870.762882843417,9618.59062629693,9654.615234375,137941,0.0,0.0
2011-07-06 00:00:00+07:00,9654.615234375,9762.689058609209,9654.615234375,9654.615234375,88198,0.0,0.0
2011-07-07 00:00:00+07:00,9654.615234375,9690.639842453069,9546.541410140791,9654.615234375,50718,0.0,0.0
2011-07-08 00:00:00+07:00,9618.59062629693,9690.639842453069,9618.59062629693,9654.615234375,482320,0.0,0.0
2011-07-11 00:00:00+07:00,9546.541410140791,9690.639842453069,9546.541410140791,9654.615234375,146860,0.0,0.0
2011-07-12 00:00:00+07:00,9654.615823010903,9654.615823010903,9546.5419921875,9546.5419921875,61172,0.0,0.0
2011-07-13 00:00:00+07:00,9582.566602461968,9618.591212736435,9510.517381913032,9546.5419921875,480809,0.0,0.0
2011-07-14 00:00:00+07:00,9546.541410140791,9798.713666687278,9510.51680206272,9654.615234375,179039,0.0,0.0
2011-07-15 00:00:00+07:00,9798.714670602069,9798.714670602069,9294.369140625,9294.369140625,831306,0.0,0.0
2011-07-18 00:00:00+07:00,9114.24589677482,9222.319729887859,9114.24589677482,9150.2705078125,568770,0.0,0.0
2011-07-19 00:00:00+07:00,9078.221091079311,9258.344142405458,9078.221091079311,9186.294921875,461330,0.0,0.0
2011-07-20 00:00:00+07:00,9186.294549443846,9618.5908203125,9186.294549443846,9618.5908203125,409092,0.0,0.0
2011-07-21 00:00:00+07:00,9546.5419921875,9690.64043328537,9510.517381913032,9546.5419921875,192044,0.0,0.0
2011-07-22 00:00:00+07:00,9546.542388219592,9546.542388219592,9294.369140625,9294.369140625,464619,0.0,0.0
2011-07-25 00:00:00+07:00,9114.245507441057,9294.368554935128,9114.245507441057,9222.3193359375,195117,0.0,0.0
2011-07-26 00:00:00+07:00,9438.466793691816,9438.466793691816,9258.34375,9258.34375,248646,0.0,0.0
2011-07-27 00:00:00+07:00,9366.417404538426,9654.615234375,9330.392796460357,9654.615234375,612612,0.0,0.0
2011-07-28 00:00:00+07:00,9690.64023486049,9762.68945393415,9582.56640625,9582.56640625,276741,0.0,0.0
2011-07-29 00:00:00+07:00,9510.516993898345,9618.5908203125,9330.39298466272,9618.5908203125,468601,0.0,0.0
2011-08-01 00:00:00+07:00,9618.591005003207,9618.591005003207,9366.417773316058,9402.4423828125,512168,0.0,0.0
2011-08-02 00:00:00+07:00,9366.418165693081,9474.491998709826,9330.3935546875,9330.3935546875,578675,0.0,0.0
2011-08-03 00:00:00+07:00,9294.369140625,9294.369140625,9222.31991708715,9294.369140625,86473,0.0,0.0
2011-08-04 00:00:00+07:00,9294.369140625,9690.640835295293,9294.369140625,9294.369140625,307001,0.0,0.0
2011-08-05 00:00:00+07:00,9294.368943681919,9510.517574927502,9294.368943681919,9330.3935546875,126694,0.0,0.0
2011-08-08 00:00:00+07:00,9258.344142405458,9294.368752670689,9186.294921875,9186.294921875,668802,0.0,0.0
2011-08-09 00:00:00+07:00,9006.1708984375,9114.245694362471,8826.047847249338,9006.1708984375,564350,0.0,0.0
2011-08-10 00:00:00+07:00,9222.319525075367,9294.368745550633,9006.1708984375,9006.1708984375,918113,0.0,0.0
2011-08-11 00:00:00+07:00,8753.999011214066,9006.171293951873,8753.999011214066,8934.1220703125,286206,0.0,0.0
2011-08-12 00:00:00+07:00,9150.269725143813,9150.269725143813,9006.170328106547,9114.2451171875,180192,0.0,0.0
2011-08-15 00:00:00+07:00,9222.31894105644,9222.31894105644,9114.2451171875,9114.2451171875,84961,0.0,0.0
2011-08-16 00:00:00+07:00,9114.24589677482,9186.29511885018,9114.24589677482,9150.2705078125,123428,0.0,0.0
2011-08-17 00:00:00+07:00,9222.31991708715,9294.369140625,9150.270693549299,9294.369140625,245519,0.0,0.0
2011-08-18 00:00:00+07:00,9438.467382877787,9690.640625,9438.467382877787,9690.640625,718733,0.0,0.0
2011-08-19 00:00:00+07:00,9402.44257899811,9690.640426195061,9366.41796875,9366.41796875,615138,0.0,0.0
2011-08-22 00:00:00+07:00,9366.417773316058,9474.491601805385,9366.417773316058,9402.4423828125,531430,0.0,0.0
2011-08-23 00:00:00+07:00,9330.393752393926,9402.442975931775,9258.344528856076,9294.369140625,293669,0.0,0.0
2011-08-24 00:00:00+07:00,9294.36894881644,9366.418170867404,8970.146484375,8970.146484375,690888,0.0,0.0
2011-08-25 00:00:00+07:00,9078.221285737141,9186.29511885018,9078.221285737141,9150.2705078125,312708,0.0,0.0
2011-08-26 00:00:00+07:00,9150.2705078125,9258.344340925538,9078.221285737141,9150.2705078125,402618,0.0,0.0
2011-08-29 00:00:00+07:00,9150.270499659593,9330.3935546875,9114.245888654012,9330.3935546875,616123,0.0,0.0
2011-08-30 00:00:00+07:00,9402.442776698663,9510.517574927502,9330.3935546875,9330.3935546875,722110,0.0,0.0
2011-08-31 00:00:00+07:00,9330.393174280132,9582.56640625,9330.393174280132,9582.56640625,1975338,0.0,0.0
2011-09-01 00:00:00+07:00,9690.640620399818,10050.8876953125,9654.61600942976,10050.8876953125,4618969,0.0,0.0
2011-09-05 00:00:00+07:00,10086.911503174777,10194.985327480246,9762.689065046354,9834.73828125,780303,0.0,0.0
2011-09-06 00:00:00+07:00,9546.541410140791,9726.66445053114,9546.541410140791,9654.615234375,355974,0.0,0.0
2011-09-07 00:00:00+07:00,9978.838478109374,9978.838478109374,9654.61601401284,9690.640625,970709,0.0,0.0
2011-09-08 00:00:00+07:00,9762.68984697432,10086.912311070853,9654.61601401284,9690.640625,1892286,0.0,0.0
2011-09-09 00:00:00+07:00,9690.640428804689,9762.689649320311,9690.640428804689,9726.6650390625,721781,0.0,0.0
2011-09-12 00:00:00+07:00,9582.566800160386,9726.665244231159,9510.517578125,9510.517578125,577877,0.0,0.0
2011-09-13 00:00:00+07:00,9510.517764435526,9618.591599605767,9438.467575776585,9474.4921875,1212284,0.0,0.0
2011-09-14 00:00:00+07:00,9366.41757621509,9438.466793691816,9222.319141261636,9258.34375,1800021,0.0,0.0
2011-09-15 00:00:00+07:00,9258.344142405458,9258.344142405458,9114.245701344542,9186.294921875,1936953,0.0,0.0
2011-09-16 00:00:00+07:00,9366.417372881693,9474.491196750632,9114.2451171875,9114.2451171875,2040167,0.0,0.0
2011-09-19 00:00:00+07:00,9330.393365328619,9546.5419921875,9150.27031395628,9546.5419921875,493897,0.0,0.0
2011-09-20 00:00:00+07:00,9546.542388219592,9546.542388219592,9186.295305318225,9294.369140625,816408,0.0,0.0
2011-09-21 00:00:00+07:00,9294.369140625,9366.418364162852,9222.31991708715,9294.369140625,559745,0.0,0.0
2011-09-22 00:00:00+07:00,9366.418165693081,9366.418165693081,9186.295110665174,9330.3935546875,1351879,0.0,0.0
2011-09-23 00:00:00+07:00,9222.319532140229,9258.344142405458,9150.270311609771,9186.294921875,1495121,0.0,0.0
2011-09-26 00:00:00+07:00,9186.29511885018,9222.319729887859,9150.2705078125,9150.2705078125,984813,0.0,0.0
2011-09-27 00:00:00+07:00,9150.270116939872,9330.393164433943,9114.245507441057,9222.3193359375,338691,0.0,0.0
2011-09-28 00:00:00+07:00,9402.442785076257,9438.467396113936,9150.2705078125,9150.2705078125,947993,0.0,0.0
2011-09-29 00:00:00+07:00,9150.269920576462,9150.269920576462,9042.196094399269,9078.220703125,487203,0.0,0.0
2011-09-30 00:00:00+07:00,9078.220703125,9186.294529302195,9078.220703125,9078.220703125,688283,0.0,0.0
2011-10-03 00:00:00+07:00,9042.196671638061,9078.221282663542,8970.146484375,8970.146484375,869798,0.0,0.0
2011-10-04 00:00:00+07:00,8826.048247177478,8934.122082787444,8717.974411567511,8753.9990234375,709078,0.0,0.0
2011-10-05 00:00:00+07:00,8753.99842641637,8862.07225465572,8501.8251953125,8501.8251953125,1439588,0.0,0.0
2011-10-06 00:00:00+07:00,8681.949812329713,8790.023648096927,8501.825787505571,8573.8759765625,1608654,0.0,0.0
2011-10-07 00:00:00+07:00,8645.92520040731,8681.949812329713,8501.825787505571,8573.8759765625,1431719,0.0,0.0
2011-10-10 00:00:00+07:00,8717.9736328125,8717.9736328125,8573.875198204501,8717.9736328125,719835,0.0,0.0
2011-10-11 00:00:00+07:00,8681.949414961076,8717.974025234651,8609.900194413925,8645.9248046875,646387,0.0,0.0
2011-10-12 00:00:00+07:00,8573.875977978896,8573.875977978896,8393.751953125,8393.751953125,862776,0.0,0.0
2011-10-13 00:00:00+07:00,8393.751756104724,8429.7763671875,8357.727145021947,8429.7763671875,762799,0.0,0.0
2011-10-14 00:00:00+07:00,8465.800586093268,8465.800586093268,8321.7021484375,8321.7021484375,729902,0.0,0.0
2011-10-17 00:00:00+07:00,8321.702148636517,8321.702148636517,8141.5791015625,8141.5791015625,1077189,0.0,0.0
2011-10-18 00:00:00+07:00,7961.455270007149,8177.60389661475,7925.430659774562,8105.5537109375,704688,0.0,0.0
2011-10-19 00:00:00+07:00,8177.603804729767,8177.603804729767,8033.5048828125,8033.5048828125,801043,0.0,0.0
2011-10-20 00:00:00+07:00,8069.529296875,8105.553423222839,8033.504687921142,8069.529296875,559525,0.0,0.0
2011-10-21 00:00:00+07:00,8069.529585955625,8465.80078125,8069.529585955625,8465.80078125,1311272,0.0,0.0
2011-10-24 00:00:00+07:00,8465.800388215734,8501.824996787645,8285.677345356176,8357.7265625,534914,0.0,0.0
2011-10-25 00:00:00+07:00,8321.7021484375,8465.800586093268,8285.677539023558,8321.7021484375,729792,0.0,0.0
2011-10-26 00:00:00+07:00,8393.751567560397,8645.9248046875,8393.751567560397,8645.9248046875,760275,0.0,0.0
2011-10-27 00:00:00+07:00,8753.998447840202,9042.1962890625,8753.998447840202,9042.1962890625,1064898,0.0,0.0
2011-10-28 00:00:00+07:00,9114.245296899344,9114.245296899344,8826.04746235423,8898.0966796875,330104,0.0,0.0
2011-10-31 00:00:00+07:00,8898.096676072499,9078.220684544527,8717.9736328125,8717.9736328125,351778,0.0,0.0
2011-11-01 00:00:00+07:00,8717.973828209424,8790.02304712827,8609.899999831154,8681.94921875,347742,0.0,0.0
2011-11-02 00:00:00+07:00,8609.899999831154,8826.047656587692,8537.849815700254,8681.94921875,671844,0.0,0.0
2011-11-03 00:00:00+07:00,8645.92500171954,8681.94961281408,8573.87577953046,8609.900390625,308949,0.0,0.0
2011-11-04 00:00:00+07:00,8609.899791764738,8645.924400353593,8537.849609375,8537.849609375,97033,0.0,0.0
2011-11-07 00:00:00+07:00,8501.82519550721,8645.92459837503,8321.7021484375,8321.7021484375,305740,0.0,0.0
2011-11-08 00:00:00+07:00,8249.6533203125,8321.702542552628,8177.604098072371,8249.6533203125,772976,0.0,0.0
2011-11-09 00:00:00+07:00,8249.6533203125,8249.6533203125,8177.604098072371,8249.6533203125,853967,0.0,0.0
2011-11-10 00:00:00+07:00,8141.579393201014,8213.628614611487,8105.5538172836905,8177.60400390625,251280,0.0,0.0
2011-11-11 00:00:00+07:00,8213.628614611487,8285.67783602196,8177.60400390625,8177.60400390625,577823,0.0,0.0
2011-11-14 00:00:00+07:00,8177.604004904207,8177.604004904207,7961.455375434323,7997.48046875,647483,0.0,0.0
2011-11-15 00:00:00+07:00,7997.480272984691,8249.653024385385,7997.480272984691,8033.5048828125,273119,0.0,0.0
2011-11-16 00:00:00+07:00,8177.603606342595,8285.677433204171,7997.480078967284,8069.529296875,524103,0.0,0.0
2011-11-17 00:00:00+07:00,8141.5791015625,8249.65292980691,8105.553526935645,8141.5791015625,1311082,0.0,0.0
2011-11-18 00:00:00+07:00,8177.60389661475,8177.60389661475,7997.480362845774,8105.5537109375,642930,0.0,0.0
2011-11-21 00:00:00+07:00,7961.455180550851,8069.529492640309,7961.455180550851,8033.5048828125,793389,0.0,0.0
2011-11-22 00:00:00+07:00,8033.5048828125,8141.5791949019585,8033.5048828125,8033.5048828125,1326557,0.0,0.0
2011-11-23 00:00:00+07:00,8393.751756104724,8429.7763671875,8285.677922856394,8429.7763671875,913971,0.0,0.0
2011-11-24 00:00:00+07:00,8429.776278842906,8465.800889548142,8177.60400390625,8177.60400390625,313258,0.0,0.0
2011-11-25 00:00:00+07:00,8141.5791015625,8213.628320392107,8105.553526935645,8141.5791015625,612143,0.0,0.0
2011-11-28 00:00:00+07:00,8141.578997388738,8249.652824250314,8069.529296875,8069.529296875,958581,0.0,0.0
2011-11-29 00:00:00+07:00,7601.208589285609,7637.233199064219,7457.109667565141,7493.13427734375,336221,0.0,0.0
2011-11-30 00:00:00+07:00,7313.011226770186,7349.035836540517,7132.8876953125,7132.8876953125,908951,0.0,0.0
2011-12-01 00:00:00+07:00,6952.764062237637,7024.813280725273,6808.66514265634,6880.71484375,643287,0.0,0.0
2011-12-02 00:00:00+07:00,7024.813578404881,7024.813578404881,6844.690524552995,6916.73974609375,561087,0.0,0.0
2011-12-05 00:00:00+07:00,6916.739554084483,7168.912305082831,6916.739554084483,7132.8876953125,569729,0.0,0.0
2011-12-06 00:00:00+07:00,7276.986328125,7349.036032189832,7168.912495936817,7276.986328125,925166,0.0,0.0
2011-12-07 00:00:00+07:00,7204.936810219682,7204.936810219682,7060.837890625,7060.837890625,450054,0.0,0.0
2011-12-08 00:00:00+07:00,6952.764260500759,6988.788870771845,6808.665336810376,6844.6904296875,1658423,0.0,0.0
2011-12-09 00:00:00+07:00,6844.69013036422,6916.739347755628,6808.6650390625,6808.6650390625,670034,0.0,0.0
2011-12-12 00:00:00+07:00,6772.640520260551,6808.665129434412,6484.443164263639,6520.4677734375,798602,0.0,0.0
2011-12-13 00:00:00+07:00,6448.418648595975,6484.443258292216,6196.245898116259,6232.2705078125,2101267,0.0,0.0
2011-12-14 00:00:00+07:00,6232.270503622382,6268.295113294404,5944.0731436401875,6052.14697265625,2070293,0.0,0.0
2011-12-15 00:00:00+07:00,6052.14686700165,6052.14686700165,5763.949512050624,5799.97412109375,1755246,0.0,0.0
2011-12-16 00:00:00+07:00,5980.097947750417,6088.171780280415,5908.048243457706,6016.12255859375,2179435,0.0,0.0
2011-12-19 00:00:00+07:00,6196.245993466938,6304.31982421875,6052.1470698584835,6304.31982421875,2134576,0.0,0.0
2011-12-20 00:00:00+07:00,6448.418648595975,6448.418648595975,6232.2705078125,6232.2705078125,823817,0.0,0.0
2011-12-21 00:00:00+07:00,6268.295018792981,6268.295018792981,6124.196099671318,6160.22119140625,1728714,0.0,0.0
2011-12-22 00:00:00+07:00,6124.19598489091,6160.221075950656,5908.0478515625,5908.0478515625,2823246,0.0,0.0
2011-12-23 00:00:00+07:00,5908.047955469359,6052.14687442462,5872.023346382049,5980.09765625,1047970,0.0,0.0
2011-12-26 00:00:00+07:00,6124.196391123748,6124.196391123748,5944.073336907084,6016.12255859375,550991,0.0,0.0
2011-12-27 00:00:00+07:00,5980.09765625,6016.12226533731,5944.07304716269,5980.09765625,1462227,0.0,0.0
2011-12-28 00:00:00+07:00,6088.171396409428,6268.294921875,6052.146787837516,6268.294921875,1097217,0.0,0.0
2011-12-29 00:00:00+07:00,6196.24609375,6376.369630524266,6160.221482916356,6196.24609375,445690,0.0,0.0
2011-12-30 00:00:00+07:00,6268.295313826697,6484.443461379758,6268.295313826697,6376.36962890625,1385104,0.0,0.0
2012-01-03 00:00:00+07:00,6484.443356704312,6484.443356704312,6124.1962890625,6124.1962890625,404180,0.0,0.0
2012-01-04 00:00:00+07:00,6160.221292329015,6412.39404296875,6124.196200003885,6412.39404296875,807656,0.0,0.0
2012-01-05 00:00:00+07:00,6304.3199246511995,6412.394239730753,6304.3199246511995,6376.36962890625,533926,0.0,0.0
2012-01-06 00:00:00+07:00,6448.418749117189,6556.4925798906215,6376.369528601567,6484.443359375,907277,0.0,0.0
2012-01-09 00:00:00+07:00,6484.443164263639,6592.516991785223,6340.344244962172,6520.4677734375,299182,0.0,0.0
2012-01-10 00:00:00+07:00,6520.4680636674275,6808.6654324921765,6520.4680636674275,6736.6162109375,788478,0.0,0.0
2012-01-11 00:00:00+07:00,6916.739747430234,6916.739747430234,6736.6162109375,6736.6162109375,314795,0.0,0.0
2012-01-12 00:00:00+07:00,6772.640534041658,7060.837890625,6736.615924794493,7060.837890625,2040910,0.0,0.0
2012-01-13 00:00:00+07:00,7313.011326353226,7385.060546875,7240.961623225415,7385.060546875,1465736,0.0,0.0
2012-01-16 00:00:00+07:00,7673.257708702811,7673.257708702811,7385.06035162903,7421.0849609375,641970,0.0,0.0
2012-01-17 00:00:00+07:00,7565.183892459387,7781.33203125,7565.183892459387,7781.33203125,1500169,0.0,0.0
2012-01-18 00:00:00+07:00,7961.455274314578,7997.480367172694,7817.356833306265,7925.4306640625,371094,0.0,0.0
2012-01-19 00:00:00+07:00,7925.430479672088,8321.7021484375,7925.430479672088,8321.7021484375,902667,0.0,0.0
2012-01-20 00:00:00+07:00,8609.900191956722,8609.900191956722,7925.430666529984,8285.677734375,1073813,0.0,0.0
2012-01-30 00:00:00+07:00,8429.775783608437,8537.849609375,8213.628132075311,8537.849609375,566274,0.0,0.0
2012-01-31 00:00:00+07:00,8609.900191956722,8609.900191956722,8249.653124111706,8285.677734375,812813,0.0,0.0
2012-02-01 00:00:00+07:00,8177.604281554866,8393.751953125,7961.455644772614,8393.751953125,862502,0.0,0.0
2012-02-02 00:00:00+07:00,8573.875771144176,8790.0234375,8501.825583813472,8790.0234375,1606760,0.0,0.0
2012-02-03 00:00:00+07:00,9186.29512436444,9186.29512436444,8790.0234375,8790.0234375,1485110,0.0,0.0
2012-02-06 00:00:00+07:00,8429.775779643824,8790.022830574968,8357.7265625,8357.7265625,663342,0.0,0.0
2012-02-07 00:00:00+07:00,8537.85038700545,8753.9990234375,8285.678103915528,8753.9990234375,755473,0.0,0.0
2012-02-08 00:00:00+07:00,8753.998818222104,8970.146484375,8645.924985145655,8970.146484375,1611726,0.0,0.0
2012-02-09 00:00:00+07:00,9078.221482803363,9078.221482803363,8826.04823485344,8934.1220703125,528960,0.0,0.0
2012-02-10 00:00:00+07:00,8573.875584140349,8826.047856055377,8573.875584140349,8645.9248046875,1100811,0.0,0.0
2012-02-13 00:00:00+07:00,8645.925215274323,8645.925215274323,8213.62890625,8213.62890625,1421015,0.0,0.0
2012-02-14 00:00:00+07:00,8213.62850953924,8465.80078125,8141.579289050451,8465.80078125,1237471,0.0,0.0
2012-02-15 00:00:00+07:00,8393.751764792758,8393.751764792758,8249.6533203125,8249.6533203125,602873,0.0,0.0
2012-02-16 00:00:00+07:00,8285.677734375,8357.726954901587,8177.603903585117,8285.677734375,867796,0.0,0.0
2012-02-17 00:00:00+07:00,8285.677922856394,8429.7763671875,8285.677922856394,8429.7763671875,568169,0.0,0.0
2012-02-20 00:00:00+07:00,8717.974020796788,8826.0478515625,8645.924800286315,8826.0478515625,2953407,0.0,0.0
2012-02-21 00:00:00+07:00,9006.17070345583,9006.17070345583,8717.97382779417,8862.072265625,1320877,0.0,0.0
2012-02-22 00:00:00+07:00,8862.072457486971,9078.221084124838,8862.072457486971,9006.1708984375,2027604,0.0,0.0
2012-02-23 00:00:00+07:00,9006.170520461503,9114.245311850731,8898.09669428431,9078.220703125,1896427,0.0,0.0
2012-02-24 00:00:00+07:00,9150.269905565978,9150.269905565978,8898.0966796875,8898.0966796875,1422501,0.0,0.0
2012-02-27 00:00:00+07:00,8934.12130301004,9150.269920576462,8898.09669428431,9078.220703125,1977312,0.0,0.0
2012-02-28 00:00:00+07:00,9114.245508065062,9294.368555571464,8934.121495346604,9042.1962890625,2289700,0.0,0.0
2012-02-29 00:00:00+07:00,9042.196075892529,9042.196075892529,8717.9736328125,8717.9736328125,3820444,0.0,0.0
2012-03-01 00:00:00+07:00,8826.047288324982,9114.2451171875,8717.973464456041,9114.2451171875,2163137,0.0,0.0
2012-03-02 00:00:00+07:00,9150.269926870898,9438.466796875,9114.245318120387,9438.466796875,2878231,0.0,0.0
2012-03-05 00:00:00+07:00,9546.541983519903,9906.7880859375,9546.541983519903,9906.7880859375,7213029,0.0,0.0
2012-03-06 00:00:00+07:00,10375.108573442756,10375.108573442756,9474.491422638652,9798.7138671875,2976452,0.0,0.0
2012-03-07 00:00:00+07:00,9726.664649557097,9798.7138671875,9438.46681382345,9798.7138671875,2576051,0.0,0.0
2012-03-08 00:00:00+07:00,9546.542185933084,9654.616018949828,9330.3935546875,9330.3935546875,3769713,0.0,0.0
2012-03-09 00:00:00+07:00,9114.245701344542,9546.54198973937,9006.170905336778,9186.294921875,2072378,0.0,0.0
2012-03-12 00:00:00+07:00,9186.295331089483,9186.295331089483,8753.9990234375,8753.9990234375,2372885,0.0,0.0
2012-03-13 00:00:00+07:00,8826.04746235423,9006.170505687405,8790.022853687595,8898.0966796875,1227125,0.0,0.0
2012-03-14 00:00:00+07:00,9114.245694362471,9114.245694362471,8645.924796061176,9006.1708984375,1930589,0.0,0.0
2012-03-15 00:00:00+07:00,8826.048222416857,9294.369140625,8826.048222416857,9294.369140625,1882796,0.0,0.0
2012-03-16 00:00:00+07:00,9294.368544329542,9366.417763244955,8862.072265625,8862.072265625,5552265,0.0,0.0
2012-03-19 00:00:00+07:00,8753.998447840202,9150.270117566342,8753.998447840202,9042.1962890625,1197990,0.0,0.0
2012-03-20 00:00:00+07:00,9042.19628844343,9258.343945436314,9042.19628844343,9222.3193359375,1643991,0.0,0.0
2012-03-21 00:00:00+07:00,9294.368358738362,9474.491402430178,9258.34375,9258.34375,2337797,0.0,0.0
2012-03-22 00:00:00+07:00,9186.294532523274,9402.442184953452,9186.294532523274,9258.34375,1830805,0.0,0.0
2012-03-23 00:00:00+07:00,9366.41796875,9474.49179949433,9294.36874825378,9366.41796875,3500097,0.0,0.0
2012-03-26 00:00:00+07:00,9834.73828125,9834.73828125,9798.713673148177,9834.73828125,10847872,0.0,0.0
2012-03-27 00:00:00+07:00,10194.985327480246,10194.985327480246,9726.66445694453,9834.73828125,3440205,0.0,0.0
2012-03-28 00:00:00+07:00,9834.7386714071,10050.887293804955,9762.689452345167,9942.8125,1757659,0.0,0.0
2012-03-29 00:00:00+07:00,9798.7138671875,10086.911702921147,9654.615431926695,9798.7138671875,2386630,0.0,0.0
2012-03-30 00:00:00+07:00,10423.6259765625,10423.6259765625,10234.105627106532,10423.6259765625,3939478,0.0,0.0
2012-04-03 00:00:00+07:00,10565.766763489859,10755.287109375,10423.625780166984,10755.287109375,1343670,0.0,0.0
2012-04-04 00:00:00+07:00,10897.427420719716,10897.427420719716,10518.38671875,10518.38671875,923934,0.0,0.0
2012-04-05 00:00:00+07:00,10423.6259765625,10565.766962563506,10281.485955773534,10423.6259765625,1536778,0.0,0.0
2012-04-06 00:00:00+07:00,10423.626424452877,10565.767416561506,10376.24609375,10376.24609375,1773316,0.0,0.0
2012-04-09 00:00:00+07:00,10565.767498074312,10565.767498074312,10423.626504869093,10471.0068359375,823470,0.0,0.0
2012-04-10 00:00:00+07:00,10471.006305229503,10471.006305229503,10376.245647895497,10423.6259765625,1207304,0.0,0.0
2012-04-11 00:00:00+07:00,10471.0068359375,10565.767498074312,10376.246173800686,10471.0068359375,1523801,0.0,0.0
2012-04-12 00:00:00+07:00,10518.386508702617,10897.427203103063,10471.006180599554,10850.046875,3789219,0.0,0.0
2012-04-13 00:00:00+07:00,10802.667801870817,10850.047166032715,10613.146484375,10613.146484375,2007662,0.0,0.0
2012-04-16 00:00:00+07:00,10660.52697843235,10897.427663749697,10565.767283432653,10802.66796875,1727068,0.0,0.0
2012-04-17 00:00:00+07:00,10850.047333643814,10992.188323961464,10707.907308538233,10802.66796875,3804614,0.0,0.0
2012-04-18 00:00:00+07:00,10802.667886048815,10897.427580323067,10707.9072265625,10707.9072265625,2033697,0.0,0.0
2012-04-19 00:00:00+07:00,10802.667801870817,10802.667801870817,10565.767120213102,10613.146484375,1539321,0.0,0.0
2012-04-20 00:00:00+07:00,10802.667886048815,10802.667886048815,10613.146567076186,10707.9072265625,913358,0.0,0.0
2012-04-23 00:00:00+07:00,10755.287472496862,10755.287472496862,10613.146484375,10613.146484375,603057,0.0,0.0
2012-04-24 00:00:00+07:00,10613.146411636404,10613.146411636404,10471.006389700773,10518.38671875,1277626,0.0,0.0
2012-04-25 00:00:00+07:00,10613.146944340282,10660.527275767663,10565.767578125,10565.767578125,918510,0.0,0.0
2012-04-26 00:00:00+07:00,10565.766962563506,10613.146326018466,10423.6259765625,10423.6259765625,1115748,0.0,0.0
2012-04-27 00:00:00+07:00,10328.86680794437,10518.387167005905,10328.86680794437,10471.0068359375,1463577,0.0,0.0
2012-05-02 00:00:00+07:00,10471.006305229503,10471.006305229503,10328.866284440537,10423.6259765625,1122945,0.0,0.0
2012-05-03 00:00:00+07:00,10423.62635406167,10423.62635406167,10281.486328125,10281.486328125,605289,0.0,0.0
2012-05-04 00:00:00+07:00,10328.866728259207,10518.38708585863,10281.48639755633,10376.24609375,1478826,0.0,0.0
2012-05-07 00:00:00+07:00,10423.626504869093,10518.387167005905,10376.246173800686,10471.0068359375,1200276,0.0,0.0
2012-05-08 00:00:00+07:00,10423.62665031448,10944.808368915044,10423.62665031448,10660.52734375,2369637,0.0,0.0
2012-05-09 00:00:00+07:00,10755.287472496862,10755.287472496862,10613.146484375,10613.146484375,585846,0.0,0.0
2012-05-10 00:00:00+07:00,10613.147012020474,10897.42803718552,10518.387313773528,10660.52734375,1694628,0.0,0.0
2012-05-11 00:00:00+07:00,10707.907675479524,10897.42803718552,10613.147012020474,10660.52734375,2684693,0.0,0.0
2012-05-14 00:00:00+07:00,10802.66766927464,11181.708369189668,10755.287340482251,11039.5673828125,5561221,0.0,0.0
2012-05-15 00:00:00+07:00,11039.567442655347,11086.947771704574,10518.38671875,10518.38671875,1833122,0.0,0.0
2012-05-16 00:00:00+07:00,10518.38671875,10660.526740685631,10423.626060651546,10518.38671875,1221970,0.0,0.0
2012-05-17 00:00:00+07:00,10565.766962563506,10660.52665468547,10328.866284440537,10423.6259765625,1659479,0.0,0.0
2012-05-18 00:00:00+07:00,10234.10591594171,10281.486245945916,9902.445536336389,10186.7255859375,4117586,0.0,0.0
2012-05-21 00:00:00+07:00,10328.866284440537,10471.006305229503,10139.345934984569,10423.6259765625,1574721,0.0,0.0
2012-05-22 00:00:00+07:00,10423.62573820221,10423.62573820221,10091.965375541458,10139.345703125,658275,0.0,0.0
2012-05-23 00:00:00+07:00,9949.825126631482,10281.486478965648,9855.0654296875,9855.0654296875,1717012,0.0,0.0
2012-05-24 00:00:00+07:00,9665.544839578772,9855.065194149249,9523.403849741864,9570.7841796875,916112,0.0,0.0
2012-05-25 00:00:00+07:00,9570.784550129076,10044.5859375,9570.784550129076,10044.5859375,1380302,0.0,0.0
2012-05-28 00:00:00+07:00,10234.105684608418,10234.105684608418,9902.4453125,9902.4453125,404025,0.0,0.0
2012-05-29 00:00:00+07:00,9712.9248046875,9855.064823973276,9665.544476521563,9712.9248046875,1287742,0.0,0.0
2012-05-30 00:00:00+07:00,9760.304241786635,9949.82459067806,9712.924878472806,9807.6845703125,665534,0.0,0.0
2012-05-31 00:00:00+07:00,9760.304617361026,9902.445608408178,9618.16459152595,9665.544921875,602931,0.0,0.0
2012-06-01 00:00:00+07:00,9949.824515093118,9949.824515093118,9665.544476521563,9712.9248046875,523932,0.0,0.0
2012-06-04 00:00:00+07:00,9665.545225218058,9665.545225218058,9381.264199413967,9428.64453125,1828949,0.0,0.0
2012-06-05 00:00:00+07:00,9476.024863086033,9570.784561545992,9428.64453125,9428.64453125,944045,0.0,0.0
2012-06-06 00:00:00+07:00,9476.024565690874,9665.544921875,9476.024565690874,9665.544921875,372756,0.0,0.0
2012-06-07 00:00:00+07:00,9807.684495807342,9949.824515093118,9712.9248046875,9712.9248046875,1143533,0.0,0.0
2012-06-08 00:00:00+07:00,9902.445152139213,9949.824515093118,9712.9248046875,9712.9248046875,938056,0.0,0.0
2012-06-11 00:00:00+07:00,9760.304546323765,10186.7255859375,9712.925181531626,10186.7255859375,3662951,0.0,0.0
2012-06-12 00:00:00+07:00,10376.245487339575,10423.62581527344,10091.965450160425,10234.10546875,824345,0.0,0.0
2012-06-13 00:00:00+07:00,10281.48588260767,10328.8662109375,10091.965534500381,10328.8662109375,1138986,0.0,0.0
2012-06-14 00:00:00+07:00,10328.866575950124,10328.866575950124,10186.7255859375,10186.7255859375,959460,0.0,0.0
2012-06-15 00:00:00+07:00,10186.725514443793,10281.486173787149,10091.9658203125,10091.9658203125,2839083,0.0,0.0
2012-06-18 00:00:00+07:00,10139.346601059025,10186.725967626435,9949.825273940973,10044.5859375,1017472,0.0,0.0
2012-06-19 00:00:00+07:00,9997.205457709519,10091.966119865592,9855.0654296875,9855.0654296875,7419418,0.0,0.0
2012-06-20 00:00:00+07:00,9855.0654296875,9949.825126631482,9855.0654296875,9855.0654296875,575521,0.0,0.0
2012-06-21 00:00:00+07:00,9855.065497714417,9949.8251953125,9855.065497714417,9949.8251953125,461225,0.0,0.0
2012-06-22 00:00:00+07:00,9949.82467622117,9997.205005154385,9902.4453125,9902.4453125,692445,0.0,0.0
2012-06-25 00:00:00+07:00,9949.824515093118,9949.824515093118,9712.9248046875,9712.9248046875,450086,0.0,0.0
2012-06-26 00:00:00+07:00,9618.164509633136,9712.925169524407,9570.7841796875,9570.7841796875,953098,0.0,0.0
2012-06-27 00:00:00+07:00,9570.784629045189,9712.925625555756,9523.404296875,9523.404296875,791095,0.0,0.0
2012-06-28 00:00:00+07:00,9523.404296875,9570.784629045189,9476.024929916925,9523.404296875,346221,0.0,0.0
2012-06-29 00:00:00+07:00,9523.404296875,9618.164961215378,9523.404296875,9523.404296875,417419,0.0,0.0
2012-07-02 00:00:00+07:00,9523.403778441345,9570.78410803225,9476.0244140625,9476.0244140625,377971,0.0,0.0
2012-07-03 00:00:00+07:00,9476.024863086033,9523.40422970996,9381.264199413967,9428.64453125,679241,0.0,0.0
2012-07-04 00:00:00+07:00,9428.64453125,9523.40422970996,9428.64453125,9428.64453125,161480,0.0,0.0
2012-07-05 00:00:00+07:00,9428.64453125,9476.024863086033,9381.264199413967,9428.64453125,176708,0.0,0.0
2012-07-06 00:00:00+07:00,9428.644084471594,9523.403778441345,9428.644084471594,9476.0244140625,258023,0.0,0.0
2012-07-09 00:00:00+07:00,9476.0244140625,9523.403778441345,9428.644084471594,9476.0244140625,564798,0.0,0.0
2012-07-10 00:00:00+07:00,9381.263671875,9476.024330218366,9381.263671875,9381.263671875,1176264,0.0,0.0
2012-07-11 00:00:00+07:00,9381.264265576547,9523.404296875,9381.264265576547,9523.404296875,1626560,0.0,0.0
2012-07-12 00:00:00+07:00,9523.403407014,9618.1640625,9476.024044483023,9618.1640625,601324,0.0,0.0
2012-07-13 00:00:00+07:00,9618.164660643484,9855.065348879065,9618.164660643484,9760.3046875,496897,0.0,0.0
2012-07-16 00:00:00+07:00,9807.685243814538,10044.5859375,9712.925545467617,10044.5859375,997989,0.0,0.0
2012-07-17 00:00:00+07:00,9855.065575594052,10091.966269279514,9807.685243814538,10044.5859375,21878749,0.0,0.0
2012-07-18 00:00:00+07:00,9949.824901128528,10234.10591594171,9949.824901128528,10186.7255859375,20342409,0.0,0.0
2012-07-19 00:00:00+07:00,10234.105997742085,10281.486328125,10091.965971805415,10281.486328125,15615962,0.0,0.0
2012-07-20 00:00:00+07:00,10281.486478965648,10328.866810043683,9855.0654296875,9855.0654296875,9486357,0.0,0.0
2012-07-23 00:00:00+07:00,9807.685098609463,9902.445760765537,9760.304767531428,9855.0654296875,400688,0.0,0.0
2012-07-24 00:00:00+07:00,9855.064823973276,9855.064823973276,9712.9248046875,9712.9248046875,220370,0.0,0.0
2012-07-25 00:00:00+07:00,9618.164148355629,9807.684495807342,9618.164148355629,9712.9248046875,192729,0.0,0.0
2012-07-26 00:00:00+07:00,9712.92532202255,9855.065348879065,9712.92532202255,9760.3046875,269642,0.0,0.0
2012-07-27 00:00:00+07:00,9760.3046875,9855.065348879065,9760.3046875,9760.3046875,554180,0.0,0.0
2012-07-30 00:00:00+07:00,9712.92532202255,9760.3046875,9712.92532202255,9760.3046875,182904,0.0,0.0
2012-07-31 00:00:00+07:00,9760.304767531428,9902.445760765537,9760.304767531428,9855.0654296875,1102230,0.0,0.0
2012-08-01 00:00:00+07:00,9855.065348879065,9855.065348879065,9760.3046875,9760.3046875,372047,0.0,0.0
2012-08-02 00:00:00+07:00,9807.685098609463,9902.445760765537,9807.685098609463,9855.0654296875,268411,0.0,0.0
2012-08-03 00:00:00+07:00,9807.6845703125,9902.445227364231,9807.6845703125,9807.6845703125,137616,0.0,0.0
2012-08-06 00:00:00+07:00,9760.304241786635,9807.6845703125,9760.304241786635,9807.6845703125,1319430,0.0,0.0
2012-08-07 00:00:00+07:00,9807.6845703125,9949.82459067806,9807.6845703125,9807.6845703125,515401,0.0,0.0
2012-08-08 00:00:00+07:00,9855.0654296875,9902.445760765537,9855.0654296875,9855.0654296875,92578,0.0,0.0
2012-08-09 00:00:00+07:00,9855.065137166173,10091.9658203125,9855.065137166173,10091.9658203125,822885,0.0,0.0
2012-08-10 00:00:00+07:00,9902.445907373565,10044.5859375,9902.445907373565,10044.5859375,3479167,0.0,0.0
2012-08-13 00:00:00+07:00,9997.205605720486,10091.966269279514,9997.205605720486,10044.5859375,2505001,0.0,0.0
2012-08-14 00:00:00+07:00,10044.58540740405,10091.9657366831,9997.205078125,9997.205078125,4781225,0.0,0.0
2012-08-15 00:00:00+07:00,9997.205605720486,10044.5859375,9949.825273940973,10044.5859375,1430616,0.0,0.0
2012-08-16 00:00:00+07:00,10044.585490640822,10139.346149984178,10044.585490640822,10091.9658203125,831522,0.0,0.0
2012-08-17 00:00:00+07:00,10139.34622114536,10186.7255859375,10139.34622114536,10186.7255859375,2985816,0.0,0.0
2012-08-20 00:00:00+07:00,10139.34630218833,10281.486328125,10139.34630218833,10281.486328125,5014424,0.0,0.0
2012-08-21 00:00:00+07:00,10234.105596621215,10234.105596621215,9807.6845703125,9807.6845703125,1533586,0.0,0.0
2012-08-22 00:00:00+07:00,9570.78389289521,9949.82459067806,9570.78389289521,9807.6845703125,1317845,0.0,0.0
2012-08-23 00:00:00+07:00,9618.164812475256,9665.545143912732,9333.8837890625,9333.8837890625,1263836,0.0,0.0
2012-08-24 00:00:00+07:00,8907.462121502682,9760.304167641405,8907.462121502682,9712.9248046875,1095743,0.0,0.0
2012-08-27 00:00:00+07:00,9712.925403902822,9712.925403902822,9239.1240234375,9239.1240234375,1237114,0.0,0.0
2012-08-28 00:00:00+07:00,8954.842328723986,9239.123328668054,8954.842328723986,9002.22265625,516027,0.0,0.0
2012-08-29 00:00:00+07:00,9144.363211034079,9333.88356706431,9049.603515625,9049.603515625,577586,0.0,0.0
2012-08-30 00:00:00+07:00,9002.22325443891,9239.123942598782,9002.22325443891,9144.36328125,1211831,0.0,0.0
2012-08-31 00:00:00+07:00,9144.363211034079,9239.12387165523,9049.603515625,9049.603515625,897609,0.0,0.0
2012-09-04 00:00:00+07:00,9096.982507330871,9286.502855582094,9096.982507330871,9191.7431640625,101859,0.0,0.0
2012-09-05 00:00:00+07:00,9333.88372040331,9333.88372040331,9096.98303017065,9239.1240234375,673503,0.0,0.0
2012-09-06 00:00:00+07:00,9144.3633612596,9239.1240234375,9144.3633612596,9239.1240234375,259607,0.0,0.0
2012-09-07 00:00:00+07:00,9286.50338931436,9286.50338931436,9191.74369234855,9239.1240234375,486905,0.0,0.0
2012-09-10 00:00:00+07:00,9239.124181679863,9239.124181679863,8812.703125,8812.703125,2120289,0.0,0.0
2012-09-11 00:00:00+07:00,8670.562194551963,9002.22355513906,8670.562194551963,8907.462890625,289459,0.0,0.0
2012-09-12 00:00:00+07:00,9002.22355513906,9049.603887396092,8907.462890625,8907.462890625,1341375,0.0,0.0
2012-09-13 00:00:00+07:00,8907.462890625,9002.22355513906,8812.703191323055,8907.462890625,461268,0.0,0.0
2012-09-14 00:00:00+07:00,9096.983097087219,9333.8837890625,9096.983097087219,9333.8837890625,1564959,0.0,0.0
2012-09-17 00:00:00+07:00,9333.883342703317,9618.164352521362,9286.503013531634,9381.263671875,799708,0.0,0.0
2012-09-18 00:00:00+07:00,9333.88356706431,9476.024557996037,9049.603515625,9049.603515625,409679,0.0,0.0
2012-09-19 00:00:00+07:00,8860.082491688347,9002.223487389705,8765.322793099547,8812.703125,1019914,0.0,0.0
2012-09-20 00:00:00+07:00,8670.56136122625,8765.322016632883,8433.660687921683,8481.041015625,896127,0.0,0.0
2012-09-21 00:00:00+07:00,8528.421502880374,8765.322180616944,8528.421502880374,8670.5615234375,1806900,0.0,0.0
2012-09-24 00:00:00+07:00,8575.801671031635,8575.801671031635,8386.281325430386,8481.041015625,287728,0.0,0.0
2012-09-25 00:00:00+07:00,8481.041015625,8575.801671031635,8481.041015625,8481.041015625,250263,0.0,0.0
2012-09-26 00:00:00+07:00,8575.8017578125,8575.8017578125,8481.041101446956,8575.8017578125,697721,0.0,0.0
2012-09-27 00:00:00+07:00,8575.802123420646,8575.802123420646,8433.6611328125,8433.6611328125,690421,0.0,0.0
2012-09-28 00:00:00+07:00,8433.661061580504,8433.661061580504,8244.140707582432,8338.9013671875,542019,0.0,0.0
2012-10-01 00:00:00+07:00,8338.901166377009,8338.901166377009,8054.62015961969,8102.00048828125,408615,0.0,0.0
2012-10-02 00:00:00+07:00,8102.000861488665,8196.760557964717,7959.8603515625,7959.8603515625,280574,0.0,0.0
2012-10-03 00:00:00+07:00,7959.860391574016,8007.24072265625,7912.480543097828,8007.24072265625,941143,0.0,0.0
2012-10-04 00:00:00+07:00,8007.240682406569,8007.240682406569,7959.8603515625,7959.8603515625,892058,0.0,0.0
2012-10-05 00:00:00+07:00,7959.8603515625,8007.240682406569,7912.480503324473,7959.8603515625,1373543,0.0,0.0
2012-10-08 00:00:00+07:00,8054.62015961969,8102.00048828125,8007.240313564151,8102.00048828125,1248234,0.0,0.0
2012-10-09 00:00:00+07:00,8102.000445599458,8102.000445599458,8007.24027138156,8054.6201171875,1418769,0.0,0.0
2012-10-10 00:00:00+07:00,8007.24027138156,8102.000445599458,8007.24027138156,8054.6201171875,671729,0.0,0.0
2012-10-11 00:00:00+07:00,8149.380774011415,8196.760137211337,8054.6201171875,8054.6201171875,885987,0.0,0.0
2012-10-12 00:00:00+07:00,8054.6201171875,8054.6201171875,8007.24027138156,8054.6201171875,433315,0.0,0.0
2012-10-15 00:00:00+07:00,8054.620571132439,8054.620571132439,7959.860391574016,8007.24072265625,463375,0.0,0.0
2012-10-16 00:00:00+07:00,8007.240938052531,8291.521484375,8007.240938052531,8291.521484375,1756396,0.0,0.0
2012-10-17 00:00:00+07:00,8291.521261331518,8291.521261331518,8007.24072265625,8007.24072265625,720732,0.0,0.0
2012-10-18 00:00:00+07:00,8149.380859375,8149.380859375,8007.240355256244,8149.380859375,734541,0.0,0.0
2012-10-19 00:00:00+07:00,8196.760557964717,8196.760557964717,7912.480503324473,7959.8603515625,627818,0.0,0.0
2012-10-22 00:00:00+07:00,7959.860530460933,8196.7607421875,7959.860530460933,8196.7607421875,1538382,0.0,0.0
2012-10-23 00:00:00+07:00,8291.521406005391,8291.521406005391,8196.7607421875,8196.7607421875,542666,0.0,0.0
2012-10-24 00:00:00+07:00,8244.141074096446,8291.521406005391,8149.381375490661,8196.7607421875,397997,0.0,0.0
2012-10-25 00:00:00+07:00,8149.380859375,8149.380859375,8054.62020155848,8149.380859375,173913,0.0,0.0
2012-10-26 00:00:00+07:00,8149.38081694281,8149.38081694281,8102.00048828125,8102.00048828125,323545,0.0,0.0
2012-10-29 00:00:00+07:00,8102.00048828125,8149.38081694281,8054.62015961969,8102.00048828125,294194,0.0,0.0
2012-10-30 00:00:00+07:00,8102.000445599458,8102.000445599458,8054.6201171875,8054.6201171875,158622,0.0,0.0
2012-10-31 00:00:00+07:00,8054.62015961969,8102.00048828125,8007.240313564151,8102.00048828125,273397,0.0,0.0
2012-11-01 00:00:00+07:00,8149.38081694281,8149.38081694281,8054.62015961969,8102.00048828125,348682,0.0,0.0
2012-11-02 00:00:00+07:00,7722.959662554239,8007.240682406569,7722.959662554239,7959.8603515625,999283,0.0,0.0
2012-11-05 00:00:00+07:00,7959.85998490259,8149.38081694281,7912.480138847051,8102.00048828125,607689,0.0,0.0
2012-11-06 00:00:00+07:00,8054.620571132439,8102.000902214673,7959.860391574016,8007.24072265625,129166,0.0,0.0
2012-11-07 00:00:00+07:00,8007.240079600777,8386.28125,8007.240079600777,8386.28125,2185750,0.0,0.0
2012-11-08 00:00:00+07:00,8386.281992915636,8717.9423828125,8291.521329966763,8717.9423828125,1262710,0.0,0.0
2012-11-09 00:00:00+07:00,8575.801638939905,9002.22265625,8433.660656361862,9002.22265625,1467811,0.0,0.0
2012-11-12 00:00:00+07:00,9002.22265625,9096.982346090012,8907.462001197971,9002.22265625,1081474,0.0,0.0
2012-11-13 00:00:00+07:00,9002.222858353512,9002.222858353512,8670.5615234375,8670.5615234375,296302,0.0,0.0
2012-11-14 00:00:00+07:00,8670.561328779917,9002.22265625,8623.18196646592,9002.22265625,1550043,0.0,0.0
2012-11-15 00:00:00+07:00,9096.982421875,9191.743077716459,8907.462075404106,9096.982421875,1185109,0.0,0.0
2012-11-16 00:00:00+07:00,8812.702749012547,9002.223103316506,8812.702749012547,8954.8427734375,161750,0.0,0.0
2012-11-19 00:00:00+07:00,8954.842616609858,8954.842616609858,8765.322265625,8765.322265625,225208,0.0,0.0
2012-11-20 00:00:00+07:00,8623.182762610295,8907.4628235888,8623.182762610295,8812.703125,85443,0.0,0.0
2012-11-21 00:00:00+07:00,8812.702749012547,9049.603433195512,8812.702749012547,8954.8427734375,742656,0.0,0.0
2012-11-22 00:00:00+07:00,8860.082113679488,8954.8427734375,8860.082113679488,8954.8427734375,119634,0.0,0.0
2012-11-23 00:00:00+07:00,8907.462890625,9002.22355513906,8860.08255836797,8907.462890625,546649,0.0,0.0
2012-11-26 00:00:00+07:00,8907.462201174068,8907.462201174068,8623.182160059818,8670.5615234375,1247898,0.0,0.0
2012-11-27 00:00:00+07:00,8670.5615234375,8670.5615234375,8623.182160059818,8670.5615234375,246632,0.0,0.0
2012-11-28 00:00:00+07:00,8670.5615234375,8717.941852027221,8623.182160059818,8670.5615234375,124850,0.0,0.0
2012-11-29 00:00:00+07:00,8670.562051338064,8765.322714286936,8623.182685075724,8717.9423828125,143456,0.0,0.0
2012-11-30 00:00:00+07:00,8717.9423828125,8765.322714286936,8717.9423828125,8717.9423828125,304728,0.0,0.0
2012-12-03 00:00:00+07:00,8623.182038303781,9096.982421875,8623.182038303781,9096.982421875,1767265,0.0,0.0
2012-12-04 00:00:00+07:00,9002.223103316506,9002.223103316506,8860.082113679488,8954.8427734375,269621,0.0,0.0
2012-12-05 00:00:00+07:00,9002.22265625,9144.362673616026,8954.842328723986,9002.22265625,716559,0.0,0.0
2012-12-06 00:00:00+07:00,9096.982880723503,9096.982880723503,9002.223185314424,9049.603515625,535656,0.0,0.0
2012-12-07 00:00:00+07:00,9096.982507330871,9333.883183947908,9096.982507330871,9191.7431640625,1708230,0.0,0.0
2012-12-10 00:00:00+07:00,9333.88372040331,9333.88372040331,9191.74369234855,9239.1240234375,632429,0.0,0.0
2012-12-11 00:00:00+07:00,9191.74332040032,9381.263671875,9144.362991228636,9381.263671875,1253949,0.0,0.0
2012-12-12 00:00:00+07:00,9381.264199413967,9476.024863086033,9333.883867577933,9428.64453125,648763,0.0,0.0
2012-12-13 00:00:00+07:00,9476.024044483023,9618.1640625,9381.263388997024,9618.1640625,1119648,0.0,0.0
2012-12-14 00:00:00+07:00,9760.304617361026,9902.445608408178,9665.544921875,9665.544921875,627652,0.0,0.0
2012-12-17 00:00:00+07:00,9191.7431640625,9191.7431640625,9191.7431640625,9191.7431640625,1286159,0.0,0.0
2012-12-18 00:00:00+07:00,8765.322265625,8765.322265625,8765.322265625,8765.322265625,361615,0.0,0.0
2012-12-19 00:00:00+07:00,8338.900922722845,8765.321937793216,8338.900922722845,8386.28125,17593902,0.0,0.0
2012-12-20 00:00:00+07:00,8528.421585590915,8765.322265625,8528.421585590915,8765.322265625,24114942,0.0,0.0
2012-12-21 00:00:00+07:00,9191.7431640625,9191.7431640625,8765.322139194242,9191.7431640625,12525488,0.0,0.0
2012-12-24 00:00:00+07:00,8954.8427734375,9144.363127741459,8907.462443558494,8954.8427734375,4206660,0.0,0.0
2012-12-25 00:00:00+07:00,9002.222887648157,9381.26358717531,9002.222887648157,9286.5029296875,5525342,0.0,0.0
2012-12-26 00:00:00+07:00,9239.123370980045,9712.924717986,9239.123370980045,9618.1640625,6812419,0.0,0.0
2012-12-27 00:00:00+07:00,9807.684408259978,9902.445063745978,9618.1640625,9618.1640625,5399134,0.0,0.0
2012-12-28 00:00:00+07:00,9760.304241786635,9855.064898838365,9523.403564369342,9807.6845703125,3383190,0.0,0.0
2013-01-02 00:00:00+07:00,9855.065055499905,9997.205078125,9665.54470359576,9997.205078125,1848016,0.0,0.0
2013-01-03 00:00:00+07:00,9949.82467622117,9949.82467622117,9712.924961979183,9902.4453125,1952070,0.0,0.0
2013-01-04 00:00:00+07:00,9855.065497714417,10091.966189527771,9760.304834904236,9949.8251953125,1308792,0.0,0.0
2013-01-07 00:00:00+07:00,10186.725430029146,10186.725430029146,9902.445384778955,9997.205078125,3747978,0.0,0.0
2013-01-08 00:00:00+07:00,9949.824831297467,10091.9658203125,9902.445466837851,10091.9658203125,1578496,0.0,0.0
2013-01-09 00:00:00+07:00,10423.6259765625,10423.6259765625,10044.585277650565,10423.6259765625,3079855,0.0,0.0
2013-01-10 00:00:00+07:00,10186.725607797654,10802.66796875,10186.725607797654,10802.66796875,3193607,0.0,0.0
2013-01-11 00:00:00+07:00,10897.427967692463,10992.188630547224,10565.767578125,10565.767578125,2023642,0.0,0.0
2013-01-14 00:00:00+07:00,10376.246173800686,10518.387167005905,10281.486476875963,10471.0068359375,801524,0.0,0.0
2013-01-15 00:00:00+07:00,10518.386790839148,10613.146484375,10281.486109181433,10613.146484375,986870,0.0,0.0
2013-01-16 00:00:00+07:00,10660.52734375,10897.42803718552,10613.147012020474,10660.52734375,675840,0.0,0.0
2013-01-17 00:00:00+07:00,10755.287398784085,10755.287398784085,10471.006389700773,10518.38671875,428036,0.0,0.0
2013-01-18 00:00:00+07:00,10518.38708585863,10518.38708585863,10328.866728259207,10376.24609375,835987,0.0,0.0
2013-01-21 00:00:00+07:00,10376.24541061867,10376.24541061867,10139.345703125,10139.345703125,744825,0.0,0.0
2013-01-22 00:00:00+07:00,10091.966189527771,10186.725887125855,9949.8251953125,9949.8251953125,606604,0.0,0.0
2013-01-23 00:00:00+07:00,10091.965663020816,10186.725355675202,9855.064983566785,9902.4453125,642421,0.0,0.0
2013-01-24 00:00:00+07:00,9949.825273940973,10139.346601059025,9855.065575594052,10044.5859375,390383,0.0,0.0
2013-01-25 00:00:00+07:00,10186.725529811894,10707.9072265625,10186.725529811894,10707.9072265625,2318652,0.0,0.0
2013-01-28 00:00:00+07:00,10992.18785930919,11039.567222200223,10802.667512108967,10850.046875,1702284,0.0,0.0
2013-01-29 00:00:00+07:00,10565.767070807322,11134.328125,10565.767070807322,11134.328125,2160737,0.0,0.0
2013-01-30 00:00:00+07:00,11134.328573247345,11181.708904307192,11039.567911127653,11086.9482421875,2405224,0.0,0.0
2013-01-31 00:00:00+07:00,11039.567760401778,11039.567760401778,10850.04740396205,10897.427734375,2032194,0.0,0.0
2013-02-01 00:00:00+07:00,10850.047552100357,11086.9482421875,10707.907524132906,11086.9482421875,1412698,0.0,0.0
2013-02-04 00:00:00+07:00,11134.328421227681,11134.328421227681,10897.427734375,10897.427734375,526728,0.0,0.0
2013-02-05 00:00:00+07:00,10897.427663749697,10897.427663749697,10707.907308538233,10802.66796875,476954,0.0,0.0
2013-02-06 00:00:00+07:00,10992.188545279896,11086.9482421875,10992.188545279896,11086.9482421875,1645104,0.0,0.0
2013-02-07 00:00:00+07:00,11039.567911127653,11134.328573247345,11039.567911127653,11086.9482421875,545420,0.0,0.0
2013-02-08 00:00:00+07:00,11134.32820817482,11229.0888671875,11134.32820817482,11229.0888671875,883527,0.0,0.0
2013-02-18 00:00:00+07:00,11229.088783304805,11323.84847639756,11134.328125,11134.328125,596381,0.0,0.0
2013-02-19 00:00:00+07:00,11039.567842114066,11086.948172877715,10802.668118719987,10992.1884765625,2154396,0.0,0.0
2013-02-20 00:00:00+07:00,10992.1884765625,10992.1884765625,10755.287787956337,10992.1884765625,1660814,0.0,0.0
2013-02-21 00:00:00+07:00,10850.04679971156,11039.567145596702,10755.287109375,10755.287109375,522889,0.0,0.0
2013-02-22 00:00:00+07:00,10755.287472496862,10850.047166032715,10613.146484375,10613.146484375,1153214,0.0,0.0
2013-02-25 00:00:00+07:00,10660.52665468547,10707.906983352472,10281.485955773534,10423.6259765625,1270825,0.0,0.0
2013-02-26 00:00:00+07:00,10423.625866328415,10423.625866328415,9712.9248046875,9712.9248046875,3071886,0.0,0.0
2013-02-27 00:00:00+07:00,9855.065055499905,10139.346065962149,9760.304396941807,9997.205078125,1648297,0.0,0.0
2013-02-28 00:00:00+07:00,9997.20514392628,10044.585473517185,9476.0244140625,9476.0244140625,5938883,0.0,0.0
2013-03-01 00:00:00+07:00,9570.783734757,9807.684408259978,9570.783734757,9618.1640625,2349422,0.0,0.0
2013-03-04 00:00:00+07:00,9476.02408002881,9476.02408002881,9096.982421875,9096.982421875,2157817,0.0,0.0
2013-03-05 00:00:00+07:00,9096.983185978504,9096.983185978504,8717.942461199093,8812.703125,2606632,0.0,0.0
2013-03-06 00:00:00+07:00,8954.843222882031,9002.22355513906,8860.08255836797,8907.462890625,1874801,0.0,0.0
2013-03-07 00:00:00+07:00,8860.082113679488,9239.123787499471,8812.702749012547,8954.8427734375,2614664,0.0,0.0
2013-03-08 00:00:00+07:00,9002.222815811278,9239.123492428314,9002.222815811278,9191.7431640625,2193552,0.0,0.0
2013-03-11 00:00:00+07:00,9286.503013531634,9570.78402334968,9239.123649572002,9381.263671875,2029440,0.0,0.0
2013-03-12 00:00:00+07:00,9381.26358717531,9381.26358717531,9144.362908667828,9286.5029296875,1644646,0.0,0.0
2013-03-13 00:00:00+07:00,9286.50338931436,9476.02471367016,9191.74369234855,9239.1240234375,3008950,0.0,0.0
2013-03-14 00:00:00+07:00,9239.123328668054,9239.123328668054,8907.462001197971,9002.22265625,11196543,0.0,0.0
2013-03-15 00:00:00+07:00,9096.982346090012,9286.50269098205,9002.22265625,9002.22265625,36318176,0.0,0.0
2013-03-18 00:00:00+07:00,9239.124169117973,9476.024863086033,9239.124169117973,9428.64453125,2596704,0.0,0.0
2013-03-19 00:00:00+07:00,9286.502855582094,9286.502855582094,9191.7431640625,9191.7431640625,2721991,0.0,0.0
2013-03-20 00:00:00+07:00,9144.362835696686,9239.123492428314,9049.603144177092,9191.7431640625,7085381,0.0,0.0
2013-03-21 00:00:00+07:00,9239.123405637189,9286.502768345892,9096.982421875,9096.982421875,5351342,0.0,0.0
2013-03-22 00:00:00+07:00,9144.362673616026,9191.74300114204,8907.462001197971,9002.22265625,6120827,0.0,0.0
2013-03-25 00:00:00+07:00,8954.842328723986,9049.602983776014,8907.462001197971,9002.22265625,3254625,0.0,0.0
2013-03-26 00:00:00+07:00,9096.982880723503,9191.743541344655,9049.603515625,9049.603515625,3195444,0.0,0.0
2013-03-27 00:00:00+07:00,9049.602983776014,9049.602983776014,8954.842328723986,9002.22265625,1851918,0.0,0.0
2013-03-28 00:00:00+07:00,8954.843222882031,9002.22355513906,8860.08255836797,8907.462890625,4916109,0.0,0.0
2013-03-29 00:00:00+07:00,8812.703191323055,8954.843222882031,8717.942526808994,8907.462890625,3285374,0.0,0.0
2013-04-01 00:00:00+07:00,8907.462524693272,9049.603515625,8812.702829284193,9049.603515625,3057909,0.0,0.0
2013-04-02 00:00:00+07:00,9144.363072138223,9665.544767214062,9096.982742547318,9476.0244140625,15578351,0.0,0.0
2013-04-03 00:00:00+07:00,9523.403694177998,9712.925010864728,9286.503013531634,9381.263671875,5283569,0.0,0.0
2013-04-04 00:00:00+07:00,9381.263754880689,9618.164437623156,9333.883425289785,9476.0244140625,5094946,0.0,0.0
2013-04-05 00:00:00+07:00,9476.024863086033,9476.024863086033,9333.883867577933,9428.64453125,2698335,0.0,0.0
2013-04-08 00:00:00+07:00,9476.024863086033,9570.784561545992,9381.264199413967,9428.64453125,2741079,0.0,0.0
2013-04-09 00:00:00+07:00,9428.64445193745,9428.64445193745,9333.8837890625,9333.8837890625,2495904,0.0,0.0
2013-04-10 00:00:00+07:00,9333.883183947908,9476.024169045351,9191.7431640625,9191.7431640625,3206981,0.0,0.0
2013-04-11 00:00:00+07:00,9239.123942598782,9239.123942598782,9096.98295057561,9144.36328125,2703968,0.0,0.0
2013-04-12 00:00:00+07:00,9144.36274979573,9333.883096266622,9002.222731245567,9096.982421875,2241364,0.0,0.0
2013-04-15 00:00:00+07:00,9144.363517878957,9144.363517878957,8812.703125,8812.703125,4634177,0.0,0.0
2013-04-16 00:00:00+07:00,8765.322793099547,8860.082491688347,8623.182762610295,8812.703125,3056325,0.0,0.0
2013-04-17 00:00:00+07:00,8860.08203125,8907.462360688205,8812.702667023852,8860.08203125,2330229,0.0,0.0
2013-04-18 00:00:00+07:00,8765.322714286936,8812.703045761375,8670.562051338064,8717.9423828125,2863844,0.0,0.0
2013-04-22 00:00:00+07:00,8717.941777148784,8765.322105331557,8575.8017578125,8575.8017578125,3152596,0.0,0.0
2013-04-23 00:00:00+07:00,8623.182160059818,8765.322180616944,8623.182160059818,8670.5615234375,1266506,0.0,0.0
2013-04-24 00:00:00+07:00,8670.561983076834,8765.322645279679,8623.1826171875,8623.1826171875,1419372,0.0,0.0
2013-04-25 00:00:00+07:00,8717.941852027221,8717.941852027221,8623.182160059818,8670.5615234375,806635,0.0,0.0
2013-04-26 00:00:00+07:00,8717.9423828125,8765.322714286936,8670.562051338064,8717.9423828125,843601,0.0,0.0
2013-05-02 00:00:00+07:00,8670.5615234375,8765.322180616944,8670.5615234375,8670.5615234375,775532,0.0,0.0
2013-05-03 00:00:00+07:00,8717.942008147442,8860.08203125,8717.942008147442,8860.08203125,2336384,0.0,0.0
2013-05-06 00:00:00+07:00,8954.842328723986,9049.602983776014,8907.462001197971,9002.22265625,1400411,0.0,0.0
2013-05-07 00:00:00+07:00,9002.22355513906,9049.603887396092,8860.08255836797,8907.462890625,1417080,0.0,0.0
2013-05-08 00:00:00+07:00,8907.46274349815,8907.46274349815,8717.9423828125,8717.9423828125,937974,0.0,0.0
2013-05-09 00:00:00+07:00,8812.702594674227,8860.081958511404,8765.322265625,8765.322265625,988186,0.0,0.0
2013-05-10 00:00:00+07:00,8812.702594674227,8812.702594674227,8765.322265625,8765.322265625,1085249,0.0,0.0
2013-05-13 00:00:00+07:00,8860.081958511404,8860.081958511404,8765.322265625,8765.322265625,519572,0.0,0.0
2013-05-14 00:00:00+07:00,8765.322793099547,8812.703125,8670.56212929864,8812.703125,910313,0.0,0.0
2013-05-15 00:00:00+07:00,8812.702667023852,8860.08203125,8765.322337585647,8860.08203125,745909,0.0,0.0
2013-05-16 00:00:00+07:00,8812.702667023852,9002.223019564615,8812.702667023852,8860.08203125,1844512,0.0,0.0
2013-05-17 00:00:00+07:00,8907.462890625,8954.843222882031,8860.08255836797,8907.462890625,852882,0.0,0.0
2013-05-20 00:00:00+07:00,8907.462890625,8954.843222882031,8860.08255836797,8907.462890625,1064661,0.0,0.0
2013-05-21 00:00:00+07:00,8954.8427734375,9049.603433195512,8907.462443558494,8954.8427734375,3138829,0.0,0.0
2013-05-22 00:00:00+07:00,9049.603887396092,9096.983254441007,8907.462890625,8907.462890625,2087580,0.0,0.0
2013-05-23 00:00:00+07:00,8907.462287560631,8907.462287560631,8765.322265625,8765.322265625,1982437,0.0,0.0
2013-05-24 00:00:00+07:00,8765.322793099547,8860.082491688347,8717.942461199093,8812.703125,1163038,0.0,0.0
2013-05-27 00:00:00+07:00,8860.082491688347,8907.4628235888,8765.322793099547,8812.703125,1904820,0.0,0.0
2013-05-28 00:00:00+07:00,8860.082491688347,8907.4628235888,8765.322793099547,8812.703125,1477053,0.0,0.0
2013-05-29 00:00:00+07:00,8860.082491688347,8907.4628235888,8765.322793099547,8812.703125,2549141,0.0,0.0
2013-05-30 00:00:00+07:00,8765.322793099547,8812.703125,8765.322793099547,8812.703125,911438,0.0,0.0
2013-05-31 00:00:00+07:00,8907.462890625,9096.983254441007,8907.462890625,8907.462890625,5223051,0.0,0.0
2013-06-03 00:00:00+07:00,8954.843222882031,9049.603887396092,8860.08255836797,8907.462890625,2234917,0.0,0.0
2013-06-04 00:00:00+07:00,8907.4628235888,8954.843155489252,8812.703125,8812.703125,1981254,0.0,0.0
2013-06-05 00:00:00+07:00,8812.702594674227,8812.702594674227,8670.561607526546,8765.322265625,2339012,0.0,0.0
2013-06-06 00:00:00+07:00,8907.462736549414,9333.8837890625,8860.08240511194,9333.8837890625,10132840,0.0,0.0
2013-06-07 00:00:00+07:00,9665.544633045967,9949.82467622117,9523.403646246321,9902.4453125,8813054,0.0,0.0
2013-06-10 00:00:00+07:00,9949.824814335374,9949.824814335374,9476.0244140625,9476.0244140625,3504848,0.0,0.0
2013-06-11 00:00:00+07:00,9428.644382581211,9428.644382581211,9239.1240234375,9239.1240234375,3863733,0.0,0.0
2013-06-12 00:00:00+07:00,9144.3633612596,9381.26405149226,9144.3633612596,9239.1240234375,1920444,0.0,0.0
2013-06-13 00:00:00+07:00,9239.123942598782,9286.50330806109,9096.98295057561,9144.36328125,1842573,0.0,0.0
2013-06-14 00:00:00+07:00,9239.123942598782,9286.50330806109,9096.98295057561,9144.36328125,2491795,0.0,0.0
2013-06-17 00:00:00+07:00,9144.363127741459,9144.363127741459,8954.8427734375,8954.8427734375,2539065,0.0,0.0
2013-06-18 00:00:00+07:00,8907.462443558494,9002.223103316506,8860.082113679488,8954.8427734375,1286930,0.0,0.0
2013-06-19 00:00:00+07:00,9002.222887648157,9381.26358717531,9002.222887648157,9286.5029296875,3024701,0.0,0.0
2013-06-20 00:00:00+07:00,9239.123492428314,9333.883183947908,9144.362835696686,9191.7431640625,2600959,0.0,0.0
2013-06-21 00:00:00+07:00,9144.3633612596,9239.1240234375,9096.98303017065,9239.1240234375,1733847,0.0,0.0
2013-06-24 00:00:00+07:00,9286.5029296875,9476.024244663118,9191.743237411732,9286.5029296875,3691821,0.0,0.0
2013-06-25 00:00:00+07:00,9286.503236753731,9286.503236753731,8907.462524693272,9049.603515625,4559498,0.0,0.0
2013-06-26 00:00:00+07:00,9049.60321639206,9428.643915919214,9049.60321639206,9286.5029296875,4226791,0.0,0.0
2013-06-27 00:00:00+07:00,9428.644597746736,9665.545293385567,9333.883933406358,9523.404296875,7514649,0.0,0.0
2013-06-28 00:00:00+07:00,9523.403778441345,9665.544767214062,9428.644084471594,9476.0244140625,7139242,0.0,0.0
2013-07-01 00:00:00+07:00,9476.02471367016,9476.02471367016,9239.1240234375,9239.1240234375,553388,0.0,0.0
2013-07-02 00:00:00+07:00,9239.1240234375,9333.88372040331,9239.1240234375,9239.1240234375,804465,0.0,0.0
2013-07-03 00:00:00+07:00,9333.883258431404,9381.26358717531,9286.5029296875,9286.5029296875,353293,0.0,0.0
2013-07-04 00:00:00+07:00,9381.26405149226,9381.26405149226,9239.1240234375,9239.1240234375,551240,0.0,0.0
2013-07-05 00:00:00+07:00,9286.50338931436,9333.88372040331,9239.1240234375,9239.1240234375,605519,0.0,0.0
2013-07-08 00:00:00+07:00,9286.5029296875,9333.883258431404,9239.123566155638,9286.5029296875,411557,0.0,0.0
2013-07-09 00:00:00+07:00,9333.8837890625,9381.264120499976,9239.124091399646,9333.8837890625,424511,0.0,0.0
2013-07-10 00:00:00+07:00,9333.883258431404,9381.26358717531,9286.5029296875,9286.5029296875,257981,0.0,0.0
2013-07-11 00:00:00+07:00,9286.50338931436,9286.50338931436,9239.1240234375,9239.1240234375,198278,0.0,0.0
2013-07-12 00:00:00+07:00,9286.503013531634,9381.263671875,9286.503013531634,9381.263671875,345281,0.0,0.0
2013-07-15 00:00:00+07:00,9523.403778441345,9665.544767214062,9476.0244140625,9476.0244140625,1206657,0.0,0.0
2013-07-16 00:00:00+07:00,9570.784561545992,9570.784561545992,9428.64453125,9428.64453125,720962,0.0,0.0
2013-07-17 00:00:00+07:00,9476.0244140625,9476.0244140625,9381.263754880689,9476.0244140625,455009,0.0,0.0
2013-07-18 00:00:00+07:00,9476.024783374927,9476.024783374927,9333.8837890625,9333.8837890625,721253,0.0,0.0
2013-07-19 00:00:00+07:00,9523.403694177998,9523.403694177998,9333.883342703317,9381.263671875,683538,0.0,0.0
2013-07-22 00:00:00+07:00,9428.643915919214,9476.024244663118,9286.5029296875,9286.5029296875,353209,0.0,0.0
2013-07-23 00:00:00+07:00,9286.5035357419,9428.64453125,9286.5035357419,9428.64453125,821947,0.0,0.0
2013-07-24 00:00:00+07:00,9428.644382581211,9428.644382581211,9239.1240234375,9239.1240234375,1039545,0.0,0.0
2013-07-25 00:00:00+07:00,9286.50338931436,9333.88372040331,9239.1240234375,9239.1240234375,503656,0.0,0.0
2013-07-26 00:00:00+07:00,9286.50338931436,9286.50338931436,9144.3633612596,9239.1240234375,582113,0.0,0.0
2013-07-29 00:00:00+07:00,9239.123405637189,9239.123405637189,9096.982421875,9096.982421875,675338,0.0,0.0
2013-07-30 00:00:00+07:00,9096.98295057561,9191.74361192439,9096.98295057561,9144.36328125,422487,0.0,0.0
2013-07-31 00:00:00+07:00,9144.36274979573,9144.36274979573,9096.982421875,9096.982421875,331244,0.0,0.0
2013-08-01 00:00:00+07:00,9049.6035851133,9191.74361192439,9049.6035851133,9144.36328125,106345,0.0,0.0
2013-08-02 00:00:00+07:00,9144.36328125,9239.123942598782,9144.36328125,9144.36328125,127184,0.0,0.0
2013-08-05 00:00:00+07:00,9144.36274979573,9144.36274979573,9096.982421875,9096.982421875,282075,0.0,0.0
2013-08-06 00:00:00+07:00,9096.982421875,9096.982421875,9049.603059166297,9096.982421875,433293,0.0,0.0
2013-08-07 00:00:00+07:00,9096.982880723503,9096.982880723503,9049.603515625,9049.603515625,283472,0.0,0.0
2013-08-08 00:00:00+07:00,9096.982880723503,9096.982880723503,9049.603515625,9049.603515625,458743,0.0,0.0
2013-08-09 00:00:00+07:00,9096.982880723503,9096.982880723503,9002.223185314424,9049.603515625,238248,0.0,0.0
2013-08-12 00:00:00+07:00,9096.982346090012,9096.982346090012,9002.22265625,9002.22265625,454487,0.0,0.0
2013-08-13 00:00:00+07:00,9002.22265625,9049.602983776014,9002.22265625,9002.22265625,1244332,0.0,0.0
2013-08-14 00:00:00+07:00,9002.223185314424,9049.603515625,9002.223185314424,9049.603515625,865230,0.0,0.0
2013-08-15 00:00:00+07:00,9191.7431640625,9286.502855582094,9144.362835696686,9191.7431640625,1204405,0.0,0.0
2013-08-16 00:00:00+07:00,9239.123492428314,9239.123492428314,9144.362835696686,9191.7431640625,747350,0.0,0.0
2013-08-19 00:00:00+07:00,9239.1240234375,9286.50338931436,9191.74369234855,9239.1240234375,553868,0.0,0.0
2013-08-20 00:00:00+07:00,9239.123942598782,9239.123942598782,9144.36328125,9144.36328125,827643,0.0,0.0
2013-08-21 00:00:00+07:00,9144.36274979573,9144.36274979573,9096.982421875,9096.982421875,577356,0.0,0.0
2013-08-22 00:00:00+07:00,9096.982346090012,9144.362673616026,9002.22265625,9002.22265625,1017587,0.0,0.0
2013-08-23 00:00:00+07:00,9096.982346090012,9096.982346090012,8954.842328723986,9002.22265625,1442487,0.0,0.0
2013-08-26 00:00:00+07:00,9049.603433195512,9049.603433195512,8907.462443558494,8954.8427734375,893813,0.0,0.0
2013-08-27 00:00:00+07:00,9002.222731245567,9144.36274979573,8954.842403324838,9096.982421875,826078,0.0,0.0
2013-08-28 00:00:00+07:00,9096.982797862453,9096.982797862453,8860.082113679488,8954.8427734375,1327733,0.0,0.0
2013-08-29 00:00:00+07:00,9286.502855582094,9381.263512313722,9144.362835696686,9191.7431640625,3815608,0.0,0.0
2013-08-30 00:00:00+07:00,9239.1240234375,9239.1240234375,9096.98303017065,9239.1240234375,1802519,0.0,0.0
2013-09-03 00:00:00+07:00,9286.50330806109,9333.883638735482,9144.36328125,9144.36328125,1444322,0.0,0.0
2013-09-04 00:00:00+07:00,9096.982507330871,9239.123492428314,9096.982507330871,9191.7431640625,1076321,0.0,0.0
2013-09-05 00:00:00+07:00,9191.74369234855,9286.50338931436,9191.74369234855,9239.1240234375,1220572,0.0,0.0
2013-09-06 00:00:00+07:00,8149.381156723096,8149.381156723096,7912.48046875,7912.48046875,2402720,0.0,0.0
2013-09-09 00:00:00+07:00,7959.860234396411,8007.24056454306,7817.7197265625,7817.7197265625,908414,0.0,0.0
2013-09-10 00:00:00+07:00,7865.10009765625,7959.860275836851,7817.719767262931,7865.10009765625,759992,0.0,0.0
2013-09-11 00:00:00+07:00,7912.480386855797,7959.860234396411,7817.7197265625,7817.7197265625,811849,0.0,0.0
2013-09-12 00:00:00+07:00,7817.719691075542,7865.100021007118,7770.33984375,7770.33984375,953034,0.0,0.0
2013-09-13 00:00:00+07:00,7770.339802335296,7817.71964940831,7722.95947265625,7722.95947265625,992107,0.0,0.0
2013-09-16 00:00:00+07:00,7770.339723743449,7770.339723743449,7628.19921875,7628.19921875,737983,0.0,0.0
2013-09-17 00:00:00+07:00,7628.199182304933,7628.199182304933,7533.439006964042,7580.8193359375,940748,0.0,0.0
2013-09-18 00:00:00+07:00,7533.439379242384,7580.819710557224,7391.29886790391,7438.67919921875,1549460,0.0,0.0
2013-09-19 00:00:00+07:00,7486.058677990585,7628.199182304933,7486.058677990585,7580.8193359375,597905,0.0,0.0
2013-09-20 00:00:00+07:00,7628.199182304933,7675.57951127839,7580.8193359375,7580.8193359375,638519,0.0,0.0
2013-09-23 00:00:00+07:00,7580.819372156201,7628.19921875,7533.439042956376,7628.19921875,580778,0.0,0.0
2013-09-24 00:00:00+07:00,7628.19921875,7722.9593945436245,7580.819372156201,7628.19921875,792909,0.0,0.0
2013-09-25 00:00:00+07:00,7675.579666492883,7770.33984375,7628.199336561307,7770.33984375,880565,0.0,0.0
2013-09-26 00:00:00+07:00,7770.33984375,7770.33984375,7675.579666492883,7770.33984375,308505,0.0,0.0
2013-09-27 00:00:00+07:00,7770.339766154582,7770.339766154582,7675.57958984375,7675.57958984375,479916,0.0,0.0
2013-09-30 00:00:00+07:00,7722.95958908233,8007.24060623017,7722.95958908233,7865.10009765625,1699051,0.0,0.0
2013-10-01 00:00:00+07:00,7912.480097163662,8149.380774011415,7912.480097163662,8054.6201171875,3344138,0.0,0.0
2013-10-02 00:00:00+07:00,8054.6201171875,8102.000445599458,8007.24027138156,8054.6201171875,999261,0.0,0.0
2013-10-03 00:00:00+07:00,8054.6201171875,8054.6201171875,7959.859942969602,8054.6201171875,1229520,0.0,0.0
2013-10-04 00:00:00+07:00,8007.24072265625,8054.620571132439,7959.860391574016,8007.24072265625,1045405,0.0,0.0
2013-10-07 00:00:00+07:00,8054.6203535843615,8338.9013671875,8007.24050638786,8338.9013671875,2527132,0.0,0.0
2013-10-08 00:00:00+07:00,8338.900922722845,8481.040939342298,8291.520595445689,8386.28125,2541943,0.0,0.0
2013-10-09 00:00:00+07:00,8338.90128365584,8386.28161298376,8244.140625,8244.140625,1220029,0.0,0.0
2013-10-10 00:00:00+07:00,8196.76029567208,8291.52095432792,8196.76029567208,8244.140625,1197270,0.0,0.0
2013-10-11 00:00:00+07:00,8244.141074096446,8291.521406005391,8196.7607421875,8196.7607421875,1095075,0.0,0.0
2013-10-14 00:00:00+07:00,8196.7607421875,8244.141074096446,8149.381375490661,8196.7607421875,654040,0.0,0.0
2013-10-15 00:00:00+07:00,8196.7607421875,8244.141074096446,8149.381375490661,8196.7607421875,1140529,0.0,0.0
2013-10-16 00:00:00+07:00,8149.381013189429,8433.661061580504,8149.381013189429,8338.9013671875,3359094,0.0,0.0
2013-10-17 00:00:00+07:00,8433.660612065143,8481.040939342298,8338.900922722845,8386.28125,2390663,0.0,0.0
2013-10-18 00:00:00+07:00,8386.28125,8386.28125,8338.900922722845,8386.28125,544731,0.0,0.0
2013-10-21 00:00:00+07:00,8386.28125,8433.660612065143,8338.900922722845,8386.28125,1940743,0.0,0.0
2013-10-22 00:00:00+07:00,8386.28161298376,8386.28161298376,8244.140625,8244.140625,564380,0.0,0.0
2013-10-23 00:00:00+07:00,8244.140625,8291.52095432792,8244.140625,8244.140625,557371,0.0,0.0
2013-10-24 00:00:00+07:00,8244.141152018226,8386.282149088547,8196.760819661453,8291.521484375,1387854,0.0,0.0
2013-10-25 00:00:00+07:00,8244.141152018226,8338.901816731774,8196.760819661453,8291.521484375,12297814,0.0,0.0
2013-10-28 00:00:00+07:00,8291.521406005391,8291.521406005391,8196.7607421875,8196.7607421875,5698442,0.0,0.0
2013-10-29 00:00:00+07:00,8196.76029567208,8244.140625,8196.76029567208,8244.140625,14158497,0.0,0.0
2013-10-30 00:00:00+07:00,8244.140268168534,8433.660612065143,8244.140268168534,8386.28125,17897360,0.0,0.0
2013-10-31 00:00:00+07:00,8386.28161298376,8386.28161298376,8244.140625,8244.140625,4609312,0.0,0.0
2013-11-01 00:00:00+07:00,8338.901816731774,8338.901816731774,8244.141152018226,8291.521484375,510832,0.0,0.0
2013-11-04 00:00:00+07:00,8291.52095432792,8291.52095432792,8196.76029567208,8244.140625,902385,0.0,0.0
2013-11-05 00:00:00+07:00,8244.141074096446,8244.141074096446,8149.381375490661,8196.7607421875,579359,0.0,0.0
2013-11-06 00:00:00+07:00,8196.7607421875,8244.141074096446,8149.381375490661,8196.7607421875,859599,0.0,0.0
2013-11-07 00:00:00+07:00,8196.7607421875,8244.141074096446,8149.381375490661,8196.7607421875,673689,0.0,0.0
2013-11-08 00:00:00+07:00,8196.7607421875,8196.7607421875,8102.001043581716,8196.7607421875,768815,0.0,0.0
2013-11-11 00:00:00+07:00,8102.001043581716,8196.7607421875,8102.001043581716,8196.7607421875,2398487,0.0,0.0
2013-11-12 00:00:00+07:00,8149.380859375,8196.760223071215,8102.00053046674,8149.380859375,1034307,0.0,0.0
2013-11-13 00:00:00+07:00,8149.38081694281,8149.38081694281,8102.00048828125,8102.00048828125,684873,0.0,0.0
2013-11-14 00:00:00+07:00,8102.00048828125,8149.38081694281,8054.62015961969,8102.00048828125,501821,0.0,0.0
2013-11-15 00:00:00+07:00,8102.00053046674,8196.760223071215,8102.00053046674,8149.380859375,893082,0.0,0.0
2013-11-18 00:00:00+07:00,8102.00053046674,8196.760223071215,8102.00053046674,8149.380859375,779182,0.0,0.0
2013-11-19 00:00:00+07:00,8196.760223071215,8196.760223071215,8149.380859375,8149.380859375,653768,0.0,0.0
2013-11-20 00:00:00+07:00,8149.38081694281,8149.38081694281,8054.62015961969,8102.00048828125,2890086,0.0,0.0
2013-11-21 00:00:00+07:00,8102.00048828125,8196.76018039233,8102.00048828125,8102.00048828125,2059815,0.0,0.0
2013-11-22 00:00:00+07:00,8149.38081694281,8149.38081694281,8102.00048828125,8102.00048828125,631657,0.0,0.0
2013-11-25 00:00:00+07:00,8149.38081694281,8149.38081694281,8102.00048828125,8102.00048828125,471176,0.0,0.0
2013-11-26 00:00:00+07:00,8149.380859375,8149.380859375,8054.62020155848,8149.380859375,2296580,0.0,0.0
2013-11-27 00:00:00+07:00,8149.380859375,8196.760223071215,8102.00053046674,8149.380859375,1207890,0.0,0.0
2013-11-28 00:00:00+07:00,8149.380859375,8244.140551979473,8102.00053046674,8149.380859375,984199,0.0,0.0
2013-11-29 00:00:00+07:00,8196.760223071215,8196.760223071215,8149.380859375,8149.380859375,778890,0.0,0.0
2013-12-02 00:00:00+07:00,8149.381375490661,8196.7607421875,8149.381375490661,8196.7607421875,596423,0.0,0.0
2013-12-03 00:00:00+07:00,8196.76018039233,8196.76018039233,8054.62015961969,8102.00048828125,1897185,0.0,0.0
2013-12-04 00:00:00+07:00,8102.00053046674,8149.380859375,8102.00053046674,8149.380859375,1619823,0.0,0.0
2013-12-05 00:00:00+07:00,8149.38081694281,8149.38081694281,8054.62015961969,8102.00048828125,1199545,0.0,0.0
2013-12-06 00:00:00+07:00,8102.00053046674,8149.380859375,8054.62020155848,8149.380859375,2278266,0.0,0.0
2013-12-09 00:00:00+07:00,8149.38081694281,8149.38081694281,8102.00048828125,8102.00048828125,568804,0.0,0.0
2013-12-10 00:00:00+07:00,8102.00048828125,8102.00048828125,8054.62015961969,8102.00048828125,693111,0.0,0.0
2013-12-11 00:00:00+07:00,8102.000902214673,8102.000902214673,8007.24072265625,8007.24072265625,1244437,0.0,0.0
2013-12-12 00:00:00+07:00,7959.860391574016,8007.24072265625,7959.860391574016,8007.24072265625,972894,0.0,0.0
2013-12-13 00:00:00+07:00,8054.620571132439,8054.620571132439,7959.860391574016,8007.24072265625,4865293,0.0,0.0
2013-12-16 00:00:00+07:00,8007.24072265625,8054.620571132439,7959.860391574016,8007.24072265625,398477,0.0,0.0
2013-12-17 00:00:00+07:00,8007.240682406569,8007.240682406569,7865.100172480405,7959.8603515625,1866165,0.0,0.0
2013-12-18 00:00:00+07:00,7912.48046875,7959.860316780995,7865.1001381129645,7912.48046875,746848,0.0,0.0
2013-12-19 00:00:00+07:00,7912.48046875,8007.240647418031,7865.1001381129645,7912.48046875,1193787,0.0,0.0
2013-12-20 00:00:00+07:00,7912.48046875,7959.860316780995,7865.1001381129645,7912.48046875,4499481,0.0,0.0
2013-12-23 00:00:00+07:00,7912.48046875,7959.860316780995,7912.48046875,7912.48046875,362304,0.0,0.0
2013-12-24 00:00:00+07:00,7912.480428049569,7912.480428049569,7817.719767262931,7865.10009765625,1604114,0.0,0.0
2013-12-25 00:00:00+07:00,7817.7197265625,7865.100056709149,7770.339879021887,7817.7197265625,443787,0.0,0.0
2013-12-26 00:00:00+07:00,7817.7197265625,7865.100056709149,7770.339879021887,7817.7197265625,557851,0.0,0.0
2013-12-27 00:00:00+07:00,7817.71964940831,7817.71964940831,7722.95947265625,7722.95947265625,698703,0.0,0.0
2013-12-30 00:00:00+07:00,7722.959357645824,7722.959357645824,7580.8193359375,7580.8193359375,1450747,0.0,0.0
2013-12-31 00:00:00+07:00,7533.439084074486,7722.959436696152,7533.439084074486,7675.57958984375,782375,0.0,0.0
2014-01-02 00:00:00+07:00,7817.719691075542,7817.719691075542,7722.959513818425,7770.33984375,326299,0.0,0.0
2014-01-03 00:00:00+07:00,7770.339802335296,7770.339802335296,7628.199295904189,7722.95947265625,846187,0.0,0.0
2014-01-06 00:00:00+07:00,7770.339766154582,7770.339766154582,7675.57958984375,7675.57958984375,674985,0.0,0.0
2014-01-07 00:00:00+07:00,7865.100056709149,8007.24056454306,7817.7197265625,7817.7197265625,3221874,0.0,0.0
2014-01-08 00:00:00+07:00,7865.100021007118,7865.100021007118,7722.959513818425,7770.33984375,1796699,0.0,0.0
2014-01-09 00:00:00+07:00,7722.95947265625,7770.339802335296,7722.95947265625,7722.95947265625,1332990,0.0,0.0
2014-01-10 00:00:00+07:00,7675.57958984375,7770.339766154582,7675.57958984375,7675.57958984375,3258130,0.0,0.0
2014-01-13 00:00:00+07:00,7675.57958984375,7722.959436696152,7628.19926038532,7675.57958984375,1972177,0.0,0.0
2014-01-14 00:00:00+07:00,7675.57958984375,7722.959436696152,7628.19926038532,7675.57958984375,1159451,0.0,0.0
2014-01-15 00:00:00+07:00,7675.57958984375,7675.57958984375,7628.19926038532,7675.57958984375,1621220,0.0,0.0
2014-01-16 00:00:00+07:00,7628.199182304933,7675.57951127839,7580.8193359375,7580.8193359375,1798910,0.0,0.0
2014-01-17 00:00:00+07:00,7675.579625583235,7865.099979087356,7580.819448831175,7722.95947265625,4607162,0.0,0.0
2014-01-20 00:00:00+07:00,7722.95947265625,7817.71964940831,7722.95947265625,7722.95947265625,1420521,0.0,0.0
2014-01-21 00:00:00+07:00,7817.7197265625,7817.7197265625,7722.9595488752375,7817.7197265625,916550,0.0,0.0
2014-01-22 00:00:00+07:00,7817.719807475929,7912.48046875,7722.959628807899,7912.48046875,3180339,0.0,0.0
2014-01-23 00:00:00+07:00,7912.480138847051,8244.14050905389,7865.099810185491,8102.00048828125,3899322,0.0,0.0
2014-01-24 00:00:00+07:00,8196.760599167052,8196.760599167052,7959.860391574016,8007.24072265625,2042772,0.0,0.0
2014-01-27 00:00:00+07:00,8007.24072265625,8102.000902214673,7959.860391574016,8007.24072265625,880148,0.0,0.0
2014-02-06 00:00:00+07:00,7959.8603515625,8007.240682406569,7865.100172480405,7959.8603515625,1649632,0.0,0.0
2014-02-07 00:00:00+07:00,7912.48046875,8007.240647418031,7865.1001381129645,7912.48046875,1195811,0.0,0.0
2014-02-10 00:00:00+07:00,7865.10009765625,7959.860275836851,7817.719767262931,7865.10009765625,2371679,0.0,0.0
2014-02-11 00:00:00+07:00,7912.480428049569,8007.24060623017,7817.719767262931,7865.10009765625,3011495,0.0,0.0
2014-02-12 00:00:00+07:00,7912.48046875,7959.860316780995,7865.1001381129645,7912.48046875,1841758,0.0,0.0
2014-02-13 00:00:00+07:00,7959.860391574016,8007.24072265625,7912.480543097828,8007.24072265625,2770576,0.0,0.0
2014-02-14 00:00:00+07:00,8007.24072265625,8102.000902214673,7959.860391574016,8007.24072265625,2747504,0.0,0.0
2014-02-17 00:00:00+07:00,8007.240682406569,8007.240682406569,7912.480503324473,7959.8603515625,1699802,0.0,0.0
2014-02-18 00:00:00+07:00,7959.8603515625,8007.240682406569,7865.100172480405,7959.8603515625,3657361,0.0,0.0
2014-02-19 00:00:00+07:00,7959.860316780995,8007.240647418031,7865.1001381129645,7912.48046875,3325280,0.0,0.0
2014-02-20 00:00:00+07:00,7912.480543097828,8244.140930249285,7912.480543097828,8007.24072265625,5655763,0.0,0.0
2014-02-21 00:00:00+07:00,8007.240682406569,8007.240682406569,7865.100172480405,7959.8603515625,1097390,0.0,0.0
2014-02-24 00:00:00+07:00,8007.240682406569,8054.620530644595,7912.480503324473,7959.8603515625,1109009,0.0,0.0
2014-02-25 00:00:00+07:00,7959.860316780995,8007.240647418031,7865.1001381129645,7912.48046875,2397818,0.0,0.0
2014-02-26 00:00:00+07:00,8007.24027138156,8149.380774011415,7959.859942969602,8054.6201171875,5133434,0.0,0.0
2014-02-27 00:00:00+07:00,8102.001043581716,8433.66143652012,8054.62071167277,8196.7607421875,10752776,0.0,0.0
2014-02-28 00:00:00+07:00,8196.760377779898,8338.9013671875,8196.760377779898,8338.9013671875,4458030,0.0,0.0
2014-03-03 00:00:00+07:00,8291.520837715449,8291.520837715449,8054.62015961969,8102.00048828125,3178776,0.0,0.0
2014-03-04 00:00:00+07:00,8054.620571132439,8102.000902214673,7912.480543097828,8007.24072265625,2719739,0.0,0.0
2014-03-05 00:00:00+07:00,8054.620571132439,8102.000902214673,7959.860391574016,8007.24072265625,1479827,0.0,0.0
2014-03-06 00:00:00+07:00,8007.24072265625,8054.620571132439,7959.860391574016,8007.24072265625,2674804,0.0,0.0
2014-03-07 00:00:00+07:00,8007.24027138156,8102.000445599458,7959.859942969602,8054.6201171875,2601564,0.0,0.0
2014-03-10 00:00:00+07:00,8102.000445599458,8102.000445599458,8054.6201171875,8054.6201171875,2369093,0.0,0.0
2014-03-11 00:00:00+07:00,8102.000445599458,8102.000445599458,8007.24027138156,8054.6201171875,2590634,0.0,0.0
2014-03-12 00:00:00+07:00,8054.620530644595,8054.620530644595,7959.8603515625,7959.8603515625,2173733,0.0,0.0
2014-03-13 00:00:00+07:00,7959.8603515625,8007.240682406569,7912.480503324473,7959.8603515625,1683425,0.0,0.0
2014-03-14 00:00:00+07:00,7959.8603515625,8054.620530644595,7959.8603515625,7959.8603515625,1917336,0.0,0.0
2014-03-17 00:00:00+07:00,8007.24072265625,8054.620571132439,7959.860391574016,8007.24072265625,2517975,0.0,0.0
2014-03-18 00:00:00+07:00,8007.240682406569,8054.620530644595,7959.8603515625,7959.8603515625,2549559,0.0,0.0
2014-03-19 00:00:00+07:00,8007.240355256244,8196.760223071215,8007.240355256244,8149.380859375,3340822,0.0,0.0
2014-03-20 00:00:00+07:00,8196.76018039233,8244.14050905389,8054.62015961969,8102.00048828125,2342307,0.0,0.0
2014-03-21 00:00:00+07:00,8149.381375490661,8244.141074096446,8149.381375490661,8196.7607421875,3066275,0.0,0.0
2014-03-24 00:00:00+07:00,8244.140268168534,8386.28125,8244.140268168534,8386.28125,5080156,0.0,0.0
2014-03-25 00:00:00+07:00,8386.281696990034,8433.661061580504,8291.521037384966,8338.9013671875,4684556,0.0,0.0
2014-03-26 00:00:00+07:00,8291.520837715449,8338.901166377009,8102.00048828125,8102.00048828125,3901762,0.0,0.0
2014-03-27 00:00:00+07:00,8102.000445599458,8102.000445599458,7959.859942969602,8054.6201171875,2795421,0.0,0.0
2014-03-28 00:00:00+07:00,8102.00048828125,8149.38081694281,8007.240313564151,8102.00048828125,1662317,0.0,0.0
2014-03-31 00:00:00+07:00,8102.000902214673,8102.000902214673,7959.860391574016,8007.24072265625,1495785,0.0,0.0
2014-04-01 00:00:00+07:00,8007.24060623017,8007.24060623017,7865.10009765625,7865.10009765625,1600652,0.0,0.0
2014-04-02 00:00:00+07:00,7912.480428049569,7959.860275836851,7817.719767262931,7865.10009765625,2786994,0.0,0.0
2014-04-03 00:00:00+07:00,7959.8603515625,8007.240682406569,7865.100172480405,7959.8603515625,808909,0.0,0.0
2014-04-04 00:00:00+07:00,8007.240682406569,8007.240682406569,7912.480503324473,7959.8603515625,643650,0.0,0.0
2014-04-07 00:00:00+07:00,7959.860316780995,7959.860316780995,7865.1001381129645,7912.48046875,4347344,0.0,0.0
2014-04-08 00:00:00+07:00,7912.48046875,7959.860316780995,7912.48046875,7912.48046875,24911503,0.0,0.0
2014-04-10 00:00:00+07:00,7912.480503324473,7959.8603515625,7865.100172480405,7959.8603515625,1076655,0.0,0.0
2014-04-11 00:00:00+07:00,7912.480428049569,7912.480428049569,7865.10009765625,7865.10009765625,1359378,0.0,0.0
2014-04-14 00:00:00+07:00,7912.480386855797,7912.480386855797,7817.7197265625,7817.7197265625,21868360,0.0,0.0
2014-04-15 00:00:00+07:00,7817.719613006984,7865.099942465415,7675.57958984375,7675.57958984375,1909284,0.0,0.0
2014-04-16 00:00:00+07:00,7675.57951127839,7675.57951127839,7486.058677990585,7580.8193359375,3157268,0.0,0.0
2014-04-17 00:00:00+07:00,7580.819372156201,7722.9593945436245,7580.819372156201,7628.19921875,19915642,0.0,0.0
2014-04-18 00:00:00+07:00,7675.579424905128,7675.579424905128,7486.05859375,7486.05859375,1212749,0.0,0.0
2014-04-21 00:00:00+07:00,7533.439338698494,7533.439338698494,7391.298828125,7391.298828125,1602175,0.0,0.0
2014-04-22 00:00:00+07:00,7391.298502649695,7580.8193359375,7391.298502649695,7580.8193359375,20000503,0.0,0.0
2014-04-23 00:00:00+07:00,7580.8193359375,7675.57951127839,7533.439006964042,7580.8193359375,846041,0.0,0.0
2014-04-24 00:00:00+07:00,7533.43896484375,7580.819293552298,7486.058636135202,7533.43896484375,318393,0.0,0.0
2014-04-25 00:00:00+07:00,7533.438922190287,7580.819250630573,7486.05859375,7486.05859375,634203,0.0,0.0
2014-04-28 00:00:00+07:00,7533.438922190287,7533.438922190287,7438.678747915732,7486.05859375,2391434,0.0,0.0
2014-04-29 00:00:00+07:00,7438.678747915732,7533.438922190287,7438.678747915732,7486.05859375,860874,0.0,0.0
2014-05-05 00:00:00+07:00,7438.67912438281,7533.43930345312,7343.9189453125,7343.9189453125,943042,0.0,0.0
2014-05-06 00:00:00+07:00,7391.298793544634,7391.298793544634,7201.778435404013,7343.9189453125,1622577,0.0,0.0
2014-05-07 00:00:00+07:00,7343.919019195117,7438.67919921875,7249.158839171483,7438.67919921875,527208,0.0,0.0
2014-05-08 00:00:00+07:00,7296.538376567032,7296.538376567032,6964.8775193318925,7059.6376953125,2508171,0.0,0.0
2014-05-09 00:00:00+07:00,7059.637925495526,7343.9189453125,7059.637925495526,7343.9189453125,1475968,0.0,0.0
2014-05-12 00:00:00+07:00,7296.538376567032,7296.538376567032,7012.25784862521,7059.6376953125,1830870,0.0,0.0
2014-05-13 00:00:00+07:00,7012.25784862521,7107.018024605817,7012.25784862521,7059.6376953125,5525425,0.0,0.0
2014-05-14 00:00:00+07:00,7059.637958524208,7391.298828125,7059.637958524208,7391.298828125,1371331,0.0,0.0
2014-05-15 00:00:00+07:00,7249.158650393492,7438.679005505391,7201.7783203125,7201.7783203125,1210182,0.0,0.0
2014-05-16 00:00:00+07:00,7154.398065094463,7296.53857421875,7107.0182171237275,7296.53857421875,743095,0.0,0.0
2014-05-19 00:00:00+07:00,7296.538539149263,7343.918869498314,7249.15869140625,7249.15869140625,5400533,0.0,0.0
2014-05-20 00:00:00+07:00,7249.15869140625,7296.538539149263,7201.7783610572,7249.15869140625,968367,0.0,0.0
2014-05-21 00:00:00+07:00,6964.877560296316,7107.01806640625,6917.497713330358,7107.01806640625,1200650,0.0,0.0
2014-05-22 00:00:00+07:00,7012.257733012018,7107.017907430286,6917.49755859375,6917.49755859375,1005917,0.0,0.0
2014-05-23 00:00:00+07:00,6964.87744140625,7012.257770169458,6917.497595249063,6964.87744140625,317058,0.0,0.0
2014-05-26 00:00:00+07:00,6964.8774044998745,6964.8774044998745,6870.117230081607,6917.49755859375,543646,0.0,0.0
2014-05-27 00:00:00+07:00,6964.877483450773,7059.637658943202,6917.49763700757,7012.2578125,1091174,0.0,0.0
2014-05-28 00:00:00+07:00,7059.637658943202,7107.017987992429,7012.2578125,7012.2578125,674317,0.0,0.0
2014-05-29 00:00:00+07:00,7012.2578125,7059.637658943202,7012.2578125,7012.2578125,646238,0.0,0.0
2014-05-30 00:00:00+07:00,7012.25784862521,7059.6376953125,6964.8775193318925,7059.6376953125,486239,0.0,0.0
2014-06-02 00:00:00+07:00,7107.017987992429,7107.017987992429,6964.877483450773,7012.2578125,434795,0.0,0.0
2014-06-03 00:00:00+07:00,7012.257733012018,7012.257733012018,6917.49755859375,6917.49755859375,266680,0.0,0.0
2014-06-04 00:00:00+07:00,6964.877361330936,6964.877361330936,6870.1171875,6870.1171875,461455,0.0,0.0
2014-06-05 00:00:00+07:00,6870.117230081607,6917.49755859375,6822.7373841754825,6917.49755859375,311259,0.0,0.0
2014-06-06 00:00:00+07:00,6870.117230081607,6917.49755859375,6870.117230081607,6917.49755859375,258043,0.0,0.0
2014-06-09 00:00:00+07:00,6917.497595249063,7012.257770169458,6870.117266485855,6964.87744140625,641231,0.0,0.0
2014-06-10 00:00:00+07:00,6870.1171875,6964.877361330936,6870.1171875,6870.1171875,558874,0.0,0.0
2014-06-11 00:00:00+07:00,6870.117230081607,6917.49755859375,6870.117230081607,6917.49755859375,5435890,0.0,0.0
2014-06-12 00:00:00+07:00,6917.49755859375,6964.8774044998745,6917.49755859375,6917.49755859375,986371,0.0,0.0
2014-06-13 00:00:00+07:00,6917.497595249063,7012.257770169458,6870.117266485855,6964.87744140625,560521,0.0,0.0
2014-06-16 00:00:00+07:00,7012.257733012018,7012.257733012018,6917.49755859375,6917.49755859375,6715648,0.0,0.0
2014-06-17 00:00:00+07:00,6917.497595249063,6964.87744140625,6917.497595249063,6964.87744140625,712388,0.0,0.0
2014-06-18 00:00:00+07:00,6964.877483450773,7012.2578125,6964.877483450773,7012.2578125,802212,0.0,0.0
2014-06-19 00:00:00+07:00,6964.87744140625,7012.257770169458,6917.497595249063,6964.87744140625,497294,0.0,0.0
2014-06-20 00:00:00+07:00,6964.87744140625,6964.87744140625,6917.497595249063,6964.87744140625,424929,0.0,0.0
2014-06-23 00:00:00+07:00,6917.497595249063,6964.87744140625,6917.497595249063,6964.87744140625,226753,0.0,0.0
2014-06-24 00:00:00+07:00,6964.877483450773,7012.2578125,6917.49763700757,7012.2578125,726677,0.0,0.0
2014-06-25 00:00:00+07:00,6964.87744140625,7012.257770169458,6964.87744140625,6964.87744140625,430143,0.0,0.0
2014-06-26 00:00:00+07:00,6917.49755859375,7012.257733012018,6917.49755859375,6917.49755859375,835317,0.0,0.0
2014-06-27 00:00:00+07:00,6917.49755859375,6964.8774044998745,6870.117230081607,6917.49755859375,318893,0.0,0.0
2014-06-30 00:00:00+07:00,6917.497515718475,6964.877361330936,6870.1171875,6870.1171875,677383,0.0,0.0
2014-07-01 00:00:00+07:00,6870.117230081607,6917.49755859375,6822.7373841754825,6917.49755859375,529190,0.0,0.0
2014-07-02 00:00:00+07:00,6917.497515718475,6917.497515718475,6822.7373418875395,6870.1171875,639981,0.0,0.0
2014-07-03 00:00:00+07:00,6870.117266485855,6964.87744140625,6870.117266485855,6964.87744140625,928941,0.0,0.0
2014-07-04 00:00:00+07:00,6964.87744140625,7012.257770169458,6917.497595249063,6964.87744140625,993608,0.0,0.0
2014-07-07 00:00:00+07:00,6964.87744140625,7012.257770169458,6917.497595249063,6964.87744140625,697368,0.0,0.0
2014-07-08 00:00:00+07:00,6964.87744140625,7012.257770169458,6917.497595249063,6964.87744140625,940666,0.0,0.0
2014-07-09 00:00:00+07:00,6964.877483450773,7012.2578125,6917.49763700757,7012.2578125,733832,0.0,0.0
2014-07-10 00:00:00+07:00,7012.257733012018,7012.257733012018,6917.49755859375,6917.49755859375,968534,0.0,0.0
2014-07-11 00:00:00+07:00,6964.8774044998745,6964.8774044998745,6870.117230081607,6917.49755859375,532068,0.0,0.0
2014-07-14 00:00:00+07:00,6964.87744140625,6964.87744140625,6917.497595249063,6964.87744140625,207812,0.0,0.0
2014-07-15 00:00:00+07:00,6964.87744140625,7012.257770169458,6917.497595249063,6964.87744140625,877999,0.0,0.0
2014-07-16 00:00:00+07:00,7012.257770169458,7059.637616326645,6964.87744140625,6964.87744140625,961046,0.0,0.0
2014-07-17 00:00:00+07:00,6917.49755859375,7012.257733012018,6917.49755859375,6917.49755859375,445142,0.0,0.0
2014-07-18 00:00:00+07:00,6917.49763700757,7059.637658943202,6917.49763700757,7012.2578125,1132499,0.0,0.0
2014-07-21 00:00:00+07:00,7012.257770169458,7059.637616326645,6917.497595249063,6964.87744140625,726802,0.0,0.0
2014-07-22 00:00:00+07:00,6964.8774044998745,6964.8774044998745,6917.49755859375,6917.49755859375,435025,0.0,0.0
2014-07-23 00:00:00+07:00,6964.8774044998745,6964.8774044998745,6917.49755859375,6917.49755859375,196629,0.0,0.0
2014-07-24 00:00:00+07:00,6917.49763700757,7059.637658943202,6917.49763700757,7012.2578125,1143888,0.0,0.0
2014-07-25 00:00:00+07:00,6964.8774044998745,7012.257733012018,6917.49755859375,6917.49755859375,604372,0.0,0.0
2014-07-28 00:00:00+07:00,6917.49755859375,6964.8774044998745,6870.117230081607,6917.49755859375,633492,0.0,0.0
2014-07-29 00:00:00+07:00,6917.49755859375,6917.49755859375,6870.117230081607,6917.49755859375,354336,0.0,0.0
2014-07-30 00:00:00+07:00,6870.1171875,6964.877361330936,6870.1171875,6870.1171875,390217,0.0,0.0
2014-07-31 00:00:00+07:00,6870.117266485855,6964.87744140625,6870.117266485855,6964.87744140625,353543,0.0,0.0
2014-08-01 00:00:00+07:00,6964.87744140625,6964.87744140625,6917.497595249063,6964.87744140625,391760,0.0,0.0
2014-08-04 00:00:00+07:00,6917.49755859375,6964.8774044998745,6917.49755859375,6917.49755859375,540434,0.0,0.0
2014-08-05 00:00:00+07:00,6917.497595249063,6964.87744140625,6870.117266485855,6964.87744140625,531358,0.0,0.0
2014-08-06 00:00:00+07:00,6964.8774044998745,6964.8774044998745,6917.49755859375,6917.49755859375,255915,0.0,0.0
2014-08-07 00:00:00+07:00,6917.49755859375,6964.8774044998745,6870.117230081607,6917.49755859375,196275,0.0,0.0
2014-08-08 00:00:00+07:00,6917.49755859375,6964.8774044998745,6870.117230081607,6917.49755859375,461601,0.0,0.0
2014-08-11 00:00:00+07:00,6917.49755859375,6964.8774044998745,6917.49755859375,6917.49755859375,405360,0.0,0.0
2014-08-12 00:00:00+07:00,6870.117230081607,6964.8774044998745,6870.117230081607,6917.49755859375,426618,0.0,0.0
2014-08-13 00:00:00+07:00,6917.49755859375,6964.8774044998745,6870.117230081607,6917.49755859375,534822,0.0,0.0
2014-08-14 00:00:00+07:00,6917.49755859375,6964.8774044998745,6870.117230081607,6917.49755859375,506701,0.0,0.0
2014-08-15 00:00:00+07:00,6917.49755859375,6964.8774044998745,6870.117230081607,6917.49755859375,812037,0.0,0.0
2014-08-18 00:00:00+07:00,6917.497515718475,6917.497515718475,6870.1171875,6870.1171875,603934,0.0,0.0
2014-08-19 00:00:00+07:00,6870.1171875,6964.877361330936,6870.1171875,6870.1171875,533049,0.0,0.0
2014-08-20 00:00:00+07:00,6870.1171875,6917.497515718475,6870.1171875,6870.1171875,1043716,0.0,0.0
2014-08-21 00:00:00+07:00,6870.1171875,6917.497515718475,6822.7373418875395,6870.1171875,440865,0.0,0.0
2014-08-22 00:00:00+07:00,6870.1171875,6917.497515718475,6870.1171875,6870.1171875,679949,0.0,0.0
2014-08-25 00:00:00+07:00,6917.49755859375,6964.8774044998745,6917.49755859375,6917.49755859375,1622930,0.0,0.0
2014-08-26 00:00:00+07:00,6917.497595249063,6964.87744140625,6870.117266485855,6964.87744140625,465607,0.0,0.0
2014-08-27 00:00:00+07:00,6917.497515718475,6964.877361330936,6870.1171875,6870.1171875,439218,0.0,0.0
2014-08-28 00:00:00+07:00,6917.49755859375,6964.8774044998745,6870.117230081607,6917.49755859375,375968,0.0,0.0
2014-08-29 00:00:00+07:00,6964.877483450773,7249.158492534085,6964.877483450773,7012.2578125,5857672,0.0,0.0
2014-09-03 00:00:00+07:00,7154.397990231508,7249.158650393492,7154.397990231508,7201.7783203125,2563890,0.0,0.0
2014-09-04 00:00:00+07:00,7154.3978712931075,7201.778200586425,7059.6376953125,7059.6376953125,419651,0.0,0.0
2014-09-05 00:00:00+07:00,7059.6376953125,7107.018024605817,7012.25784862521,7059.6376953125,770150,0.0,0.0
2014-09-08 00:00:00+07:00,7059.637658943202,7107.017987992429,7012.2578125,7012.2578125,1845387,0.0,0.0
2014-09-09 00:00:00+07:00,7012.257733012018,7059.637578918143,6870.117230081607,6917.49755859375,1359315,0.0,0.0
2014-09-10 00:00:00+07:00,6917.49755859375,6964.8774044998745,6870.117230081607,6917.49755859375,624918,0.0,0.0
2014-09-11 00:00:00+07:00,6917.49755859375,6917.49755859375,6870.117230081607,6917.49755859375,470612,0.0,0.0
2014-09-12 00:00:00+07:00,6917.49755859375,7012.257733012018,6917.49755859375,6917.49755859375,635890,0.0,0.0
2014-09-15 00:00:00+07:00,6917.49755859375,6964.8774044998745,6870.117230081607,6917.49755859375,465690,0.0,0.0
2014-09-16 00:00:00+07:00,6870.117230081607,6917.49755859375,6822.7373841754825,6917.49755859375,893018,0.0,0.0
2014-09-17 00:00:00+07:00,6917.49755859375,6964.8774044998745,6870.117230081607,6917.49755859375,1027173,0.0,0.0
2014-09-18 00:00:00+07:00,6870.1171875,6917.497515718475,6870.1171875,6870.1171875,709382,0.0,0.0
2014-09-19 00:00:00+07:00,6870.1171875,6917.497515718475,6870.1171875,6870.1171875,1075862,0.0,0.0
2014-09-22 00:00:00+07:00,6870.1171875,6964.877361330936,6870.1171875,6870.1171875,737169,0.0,0.0
2014-09-23 00:00:00+07:00,6870.117230081607,6964.8774044998745,6870.117230081607,6917.49755859375,952513,0.0,0.0
2014-09-24 00:00:00+07:00,6917.49755859375,6964.8774044998745,6917.49755859375,6917.49755859375,2137270,0.0,0.0
2014-09-25 00:00:00+07:00,6870.117230081607,6964.8774044998745,6870.117230081607,6917.49755859375,1162934,0.0,0.0
2014-09-26 00:00:00+07:00,6964.8774044998745,6964.8774044998745,6870.117230081607,6917.49755859375,800460,0.0,0.0
2014-09-29 00:00:00+07:00,6917.497515718475,6917.497515718475,6870.1171875,6870.1171875,493769,0.0,0.0
2014-09-30 00:00:00+07:00,6870.1176417137,6917.497973064698,6822.73779296875,6822.73779296875,574228,0.0,0.0
2014-10-01 00:00:00+07:00,6917.497973064698,6917.497973064698,6822.73779296875,6822.73779296875,529482,0.0,0.0
2014-10-02 00:00:00+07:00,6870.117266485855,6964.87744140625,6822.737420328668,6964.87744140625,1012048,0.0,0.0
2014-10-03 00:00:00+07:00,6917.49755859375,6964.8774044998745,6870.117230081607,6917.49755859375,261047,0.0,0.0
2014-10-06 00:00:00+07:00,6917.49755859375,6917.49755859375,6870.117230081607,6917.49755859375,377867,0.0,0.0
2014-10-07 00:00:00+07:00,6917.49755859375,6964.8774044998745,6870.117230081607,6917.49755859375,599947,0.0,0.0
2014-10-08 00:00:00+07:00,6917.49755859375,6964.8774044998745,6870.117230081607,6917.49755859375,754858,0.0,0.0
2014-10-09 00:00:00+07:00,6870.1171875,6964.877361330936,6870.1171875,6870.1171875,291963,0.0,0.0
2014-10-10 00:00:00+07:00,6917.49755859375,6964.8774044998745,6870.117230081607,6917.49755859375,444433,0.0,0.0
2014-10-13 00:00:00+07:00,6917.497515718475,6917.497515718475,6822.7373418875395,6870.1171875,344782,0.0,0.0
2014-10-14 00:00:00+07:00,6917.4979324881815,6917.4979324881815,6775.357421875,6775.357421875,782207,0.0,0.0
2014-10-15 00:00:00+07:00,6822.7373418875395,6870.1171875,6775.357013669064,6870.1171875,1018579,0.0,0.0
2014-10-16 00:00:00+07:00,6822.7377529480755,6870.117601415106,6775.357421875,6775.357421875,703187,0.0,0.0
2014-10-17 00:00:00+07:00,6775.357421875,6822.7377529480755,6775.357421875,6775.357421875,467441,0.0,0.0
2014-10-20 00:00:00+07:00,6822.7377529480755,6822.7377529480755,6775.357421875,6775.357421875,402941,0.0,0.0
2014-10-21 00:00:00+07:00,6775.357421875,6822.7377529480755,6775.357421875,6775.357421875,545668,0.0,0.0
2014-10-22 00:00:00+07:00,6775.357421875,6822.7377529480755,6775.357421875,6775.357421875,489742,0.0,0.0
2014-10-23 00:00:00+07:00,6775.357421875,6822.7377529480755,6727.9770908019245,6775.357421875,174726,0.0,0.0
2014-10-24 00:00:00+07:00,6775.3573815724885,6775.3573815724885,6680.597202596054,6727.97705078125,911418,0.0,0.0
2014-10-27 00:00:00+07:00,6727.977015908364,6775.357346454018,6633.216837423096,6680.59716796875,493623,0.0,0.0
2014-10-28 00:00:00+07:00,6680.597127131023,6727.97697478101,6633.216796875,6633.216796875,1073526,0.0,0.0
2014-10-29 00:00:00+07:00,6727.97697478101,6727.97697478101,6633.216796875,6633.216796875,1168461,0.0,0.0
2014-10-30 00:00:00+07:00,6633.216796875,6727.97697478101,6633.216796875,6633.216796875,1128097,0.0,0.0
2014-10-31 00:00:00+07:00,6633.216587881856,6964.87744140625,6585.836741724669,6964.87744140625,2277891,0.0,0.0
2014-11-03 00:00:00+07:00,6964.8774044998745,6964.8774044998745,6917.49755859375,6917.49755859375,1059488,0.0,0.0
2014-11-04 00:00:00+07:00,6917.49755859375,6964.8774044998745,6870.117230081607,6917.49755859375,496251,0.0,0.0
2014-11-05 00:00:00+07:00,6870.117230081607,6964.8774044998745,6870.117230081607,6917.49755859375,399978,0.0,0.0
2014-11-06 00:00:00+07:00,6917.49755859375,6964.8774044998745,6870.117230081607,6917.49755859375,215967,0.0,0.0
2014-11-07 00:00:00+07:00,6964.8774044998745,6964.8774044998745,6870.117230081607,6917.49755859375,158163,0.0,0.0
2014-11-10 00:00:00+07:00,6917.497973064698,6964.877821809649,6822.73779296875,6822.73779296875,678386,0.0,0.0
2014-11-11 00:00:00+07:00,6822.7377529480755,6870.117601415106,6775.357421875,6775.357421875,248948,0.0,0.0
2014-11-12 00:00:00+07:00,6822.73779296875,6870.1176417137,6775.357461617752,6822.73779296875,99607,0.0,0.0
2014-11-13 00:00:00+07:00,6822.73779296875,6870.1176417137,6822.73779296875,6822.73779296875,79081,0.0,0.0
2014-11-14 00:00:00+07:00,6822.7377529480755,6822.7377529480755,6775.357421875,6775.357421875,299952,0.0,0.0
2014-11-17 00:00:00+07:00,6775.357421875,6822.7377529480755,6727.9770908019245,6775.357421875,219034,0.0,0.0
2014-11-18 00:00:00+07:00,6822.737712363727,6870.117560548923,6727.97705078125,6727.97705078125,414895,0.0,0.0
2014-11-19 00:00:00+07:00,6727.977015908364,6775.357346454018,6680.59716796875,6680.59716796875,150048,0.0,0.0
2014-11-20 00:00:00+07:00,6680.597202596054,6775.3573815724885,6680.597202596054,6727.97705078125,274273,0.0,0.0
2014-11-21 00:00:00+07:00,6775.357421875,6822.7377529480755,6680.597242334894,6775.357421875,186221,0.0,0.0
2014-11-24 00:00:00+07:00,6727.977015908364,6727.977015908364,6680.59716796875,6680.59716796875,156474,0.0,0.0
2014-11-25 00:00:00+07:00,6680.59716796875,6775.357346454018,6680.59716796875,6680.59716796875,341798,0.0,0.0
2014-11-26 00:00:00+07:00,6680.59716796875,6727.977015908364,6680.59716796875,6680.59716796875,183342,0.0,0.0
2014-11-27 00:00:00+07:00,6727.977015908364,6727.977015908364,6633.216837423096,6680.59716796875,323378,0.0,0.0
2014-11-28 00:00:00+07:00,6680.597127131023,6727.97697478101,6633.216796875,6633.216796875,463980,0.0,0.0
2014-12-01 00:00:00+07:00,6680.597127131023,6727.97697478101,6633.216796875,6633.216796875,478414,0.0,0.0
2014-12-02 00:00:00+07:00,6680.597127131023,6680.597127131023,6633.216796875,6633.216796875,476474,0.0,0.0
2014-12-03 00:00:00+07:00,6633.216796875,6727.97697478101,6585.836949225013,6633.216796875,1082850,0.0,0.0
2014-12-04 00:00:00+07:00,6633.216511619652,6870.1171875,6633.216511619652,6870.1171875,1022855,0.0,0.0
2014-12-05 00:00:00+07:00,6917.497515718475,7012.257689549411,6870.1171875,6870.1171875,1069333,0.0,0.0
2014-12-08 00:00:00+07:00,6822.73779296875,6822.73779296875,6727.977130266754,6822.73779296875,435985,0.0,0.0
2014-12-09 00:00:00+07:00,6775.3573815724885,6822.737712363727,6727.97705078125,6727.97705078125,778014,0.0,0.0
2014-12-10 00:00:00+07:00,6727.97705078125,6775.3573815724885,6680.597202596054,6727.97705078125,855344,0.0,0.0
2014-12-11 00:00:00+07:00,6727.97705078125,6775.3573815724885,6727.97705078125,6727.97705078125,393095,0.0,0.0
2014-12-12 00:00:00+07:00,6775.357421875,6775.357421875,6727.9770908019245,6775.357421875,153178,0.0,0.0
2014-12-15 00:00:00+07:00,6775.3573815724885,6775.3573815724885,6727.97705078125,6727.97705078125,63415,0.0,0.0
2014-12-16 00:00:00+07:00,6727.97697478101,6727.97697478101,6633.216796875,6633.216796875,400835,0.0,0.0
2014-12-17 00:00:00+07:00,6680.5970494786025,6680.5970494786025,6491.076695869487,6538.45654296875,1219989,0.0,0.0
2014-12-18 00:00:00+07:00,6538.456584059446,6633.21676145952,6538.456584059446,6585.8369140625,123367,0.0,0.0
2014-12-19 00:00:00+07:00,6585.8369140625,6633.21676145952,6538.456584059446,6585.8369140625,345803,0.0,0.0
2014-12-22 00:00:00+07:00,6538.456658937828,6727.977015908364,6538.456658937828,6680.59716796875,234992,0.0,0.0
2014-12-23 00:00:00+07:00,6727.97697478101,6727.97697478101,6585.836949225013,6633.216796875,83107,0.0,0.0
2014-12-24 00:00:00+07:00,6727.976896577866,6727.976896577866,6538.45654296875,6538.45654296875,526519,0.0,0.0
2014-12-25 00:00:00+07:00,6491.076695869487,6538.45654296875,6491.076695869487,6538.45654296875,449648,0.0,0.0
2014-12-26 00:00:00+07:00,6538.456506994834,6585.836836439446,6443.6963307116375,6491.07666015625,450398,0.0,0.0
2014-12-29 00:00:00+07:00,6538.456506994834,6538.456506994834,6443.6963307116375,6491.07666015625,315284,0.0,0.0
2014-12-30 00:00:00+07:00,6491.07666015625,6491.07666015625,6443.6963307116375,6491.07666015625,293298,0.0,0.0
2014-12-31 00:00:00+07:00,6491.076695869487,6585.836872674045,6491.076695869487,6538.45654296875,196797,0.0,0.0
2015-01-05 00:00:00+07:00,6538.456584059446,6633.21676145952,6538.456584059446,6585.8369140625,126185,0.0,0.0
2015-01-06 00:00:00+07:00,6585.836949225013,6775.357305037032,6538.45661896899,6633.216796875,260775,0.0,0.0
2015-01-07 00:00:00+07:00,6633.216950170806,6870.1176417137,6633.216950170806,6822.73779296875,975418,0.0,0.0
2015-01-08 00:00:00+07:00,6775.357346454018,6822.737676999672,6680.59716796875,6680.59716796875,633472,0.0,0.0
2015-01-09 00:00:00+07:00,6775.357013669064,6964.877361330936,6727.976685450588,6870.1171875,1809674,0.0,0.0
2015-01-12 00:00:00+07:00,6917.497595249063,7154.39779124704,6870.117266485855,6964.87744140625,4350264,0.0,0.0
2015-01-13 00:00:00+07:00,7059.637925495526,7438.67912438281,7012.258077263392,7343.9189453125,2987255,0.0,0.0
2015-01-14 00:00:00+07:00,7438.679083343036,7533.439261890548,7154.398065094463,7296.53857421875,2722723,0.0,0.0
2015-01-15 00:00:00+07:00,7296.53849786845,7486.058852980348,7201.7783203125,7201.7783203125,1483706,0.0,0.0
2015-01-16 00:00:00+07:00,7201.7783610572,7343.918869498314,7107.0181829651365,7249.15869140625,2472542,0.0,0.0
2015-01-19 00:00:00+07:00,7486.059047927543,7533.439379242384,7343.919019195117,7438.67919921875,3747687,0.0,0.0
2015-01-20 00:00:00+07:00,7391.298752766261,7438.679083343036,7296.53857421875,7296.53857421875,864731,0.0,0.0
2015-01-21 00:00:00+07:00,7296.5384560408675,7296.5384560408675,7154.39794921875,7154.39794921875,1688955,0.0,0.0
2015-01-22 00:00:00+07:00,7154.397857175854,7628.19921875,7059.637681382231,7628.19921875,5602109,0.0,0.0
2015-01-23 00:00:00+07:00,7912.480428049569,8054.620454017451,7770.33991947565,7865.10009765625,4082957,0.0,0.0
2015-01-26 00:00:00+07:00,7959.85998490259,8196.76018039233,7912.480138847051,8102.00048828125,6143440,0.0,0.0
2015-01-27 00:00:00+07:00,8102.001120160021,8433.661516233205,7959.860605695758,8291.521484375,9135997,0.0,0.0
2015-01-28 00:00:00+07:00,8291.520973627712,8860.08203125,8291.520973627712,8860.08203125,11981964,0.0,0.0
2015-01-29 00:00:00+07:00,9002.22355513906,9239.124251212097,8765.322859066024,8907.462890625,8920881,0.0,0.0
2015-01-30 00:00:00+07:00,8765.322563073229,8860.082259175271,8433.661213685875,8528.421875,6634165,0.0,0.0
2015-02-02 00:00:00+07:00,8433.661213685875,8765.322563073229,8338.901517583832,8528.421875,5256679,0.0,0.0
2015-02-03 00:00:00+07:00,8575.802239505185,8623.182570349254,7959.8603515625,7959.8603515625,7162481,0.0,0.0
2015-02-04 00:00:00+07:00,7722.959436696152,7817.719613006984,7438.678907763654,7675.57958984375,7537032,0.0,0.0
2015-02-05 00:00:00+07:00,7817.719481523931,8102.00048828125,7722.959306806832,8102.00048828125,6908712,0.0,0.0
2015-02-06 00:00:00+07:00,8102.000251549081,8481.040939342298,8102.000251549081,8386.28125,6630536,0.0,0.0
2015-02-09 00:00:00+07:00,8338.901437619143,8623.182453623362,8291.521107416427,8433.6611328125,7899756,0.0,0.0
2015-02-10 00:00:00+07:00,8528.42202212685,8765.322714286936,8433.661359177975,8717.9423828125,5664044,0.0,0.0
2015-02-11 00:00:00+07:00,8575.802353601286,8812.703045761375,8575.802353601286,8717.9423828125,5538255,0.0,0.0
2015-02-12 00:00:00+07:00,8717.941688929566,8812.702344336201,8433.660687921683,8481.041015625,5534042,0.0,0.0
2015-02-13 00:00:00+07:00,8481.041463015215,8575.802123420646,8386.281767821858,8433.6611328125,4226832,0.0,0.0
2015-02-24 00:00:00+07:00,8575.80243070984,8860.082491688347,8528.422098809388,8812.703125,3799650,0.0,0.0
2015-02-25 00:00:00+07:00,8907.462890625,9239.124251212097,8907.462890625,8907.462890625,11603032,0.0,0.0
2015-02-26 00:00:00+07:00,8954.842487445465,9191.7431640625,8954.842487445465,9191.7431640625,8656267,0.0,0.0
2015-02-27 00:00:00+07:00,9239.123492428314,9286.502855582094,9002.222815811278,9191.7431640625,8758128,0.0,0.0
2015-03-02 00:00:00+07:00,9096.982880723503,9144.363211034079,8907.462524693272,9049.603515625,6413628,0.0,0.0
2015-03-03 00:00:00+07:00,9002.222731245567,9239.123405637189,9002.222731245567,9096.982421875,8108676,0.0,0.0
2015-03-04 00:00:00+07:00,9096.982421875,9191.743077716459,8954.842403324838,9096.982421875,6145319,0.0,0.0
2015-03-05 00:00:00+07:00,9144.363586698037,9191.743918955068,8907.462890625,8907.462890625,5478760,0.0,0.0
2015-03-06 00:00:00+07:00,8860.082194382696,9239.12387165523,8765.322498973617,9049.603515625,7828330,0.0,0.0
2015-03-09 00:00:00+07:00,9096.982713228968,9096.982713228968,8860.08203125,8860.08203125,3158771,0.0,0.0
2015-03-10 00:00:00+07:00,8812.703191323055,9002.22355513906,8812.703191323055,8907.462890625,2499181,0.0,0.0
2015-03-11 00:00:00+07:00,8907.462890625,9144.363586698037,8812.703191323055,8907.462890625,5839086,0.0,0.0
2015-03-12 00:00:00+07:00,9002.223103316506,9049.603433195512,8907.462443558494,8954.8427734375,3263324,0.0,0.0
2015-03-13 00:00:00+07:00,9049.603515625,9144.363211034079,9002.223185314424,9049.603515625,4973161,0.0,0.0
2015-03-16 00:00:00+07:00,9002.22355513906,9049.603887396092,8907.462890625,8907.462890625,3142855,0.0,0.0
2015-03-17 00:00:00+07:00,8907.462360688205,9002.223019564615,8860.08203125,8860.08203125,2821080,0.0,0.0
2015-03-18 00:00:00+07:00,8812.702976381102,8812.702976381102,8575.802286086076,8623.1826171875,6481695,0.0,0.0
2015-03-19 00:00:00+07:00,8670.561901759105,8717.942232416166,8528.421875,8528.421875,3370819,0.0,0.0
2015-03-20 00:00:00+07:00,8528.421429629729,8623.182085995271,8481.041101446956,8575.8017578125,4112392,0.0,0.0
2015-03-23 00:00:00+07:00,8623.182380790638,8670.561745381108,8338.9013671875,8338.9013671875,4607206,0.0,0.0
2015-03-24 00:00:00+07:00,8338.901816731774,8386.282149088547,8102.001120160021,8291.521484375,5174300,0.0,0.0
2015-03-25 00:00:00+07:00,8338.901437619143,8528.42179321793,8291.521107416427,8433.6611328125,4089402,0.0,0.0
2015-03-26 00:00:00+07:00,8338.900922722845,8623.181921173764,8338.900922722845,8386.28125,6258070,0.0,0.0
2015-03-27 00:00:00+07:00,8528.42172118557,8528.42172118557,8291.521037384966,8338.9013671875,3464712,0.0,0.0
2015-03-30 00:00:00+07:00,8291.520880887734,8386.281538704254,8054.62020155848,8149.380859375,4354708,0.0,0.0
2015-03-31 00:00:00+07:00,8102.001043581716,8291.521406005391,8102.001043581716,8196.7607421875,3893063,0.0,0.0
2015-04-01 00:00:00+07:00,8196.760137211337,8291.520794035254,8007.24027138156,8054.6201171875,4037857,0.0,0.0
2015-04-02 00:00:00+07:00,8054.620787803247,8291.521484375,8007.240938052531,8291.521484375,4216297,0.0,0.0
2015-04-03 00:00:00+07:00,8291.52095432792,8386.28161298376,8244.140625,8244.140625,3551763,0.0,0.0
2015-04-06 00:00:00+07:00,8244.140551979473,8291.520880887734,8149.380859375,8149.380859375,2861946,0.0,0.0
2015-04-07 00:00:00+07:00,8102.001043581716,8291.521406005391,8054.62071167277,8196.7607421875,9180430,0.0,0.0
2015-04-08 00:00:00+07:00,8291.521406005391,8338.901737914335,8149.381375490661,8196.7607421875,6540752,0.0,0.0
2015-04-09 00:00:00+07:00,8244.140777213712,8433.6611328125,8149.3810820203535,8433.6611328125,8506799,0.0,0.0
2015-04-10 00:00:00+07:00,8433.661213685875,8717.942232416166,8433.661213685875,8528.421875,7751396,0.0,0.0
2015-04-13 00:00:00+07:00,8575.8017578125,8623.182085995271,8433.660773264184,8575.8017578125,5086434,0.0,0.0
2015-04-14 00:00:00+07:00,8670.56136122625,8765.322016632883,8481.041015625,8481.041015625,8980502,0.0,0.0
2015-04-15 00:00:00+07:00,8433.660773264184,8623.182085995271,8386.281410293444,8575.8017578125,4715305,0.0,0.0
2015-04-16 00:00:00+07:00,8575.802353601286,8717.9423828125,8528.42202212685,8717.9423828125,7042511,0.0,0.0
2015-04-17 00:00:00+07:00,8670.561983076834,8765.322645279679,8623.1826171875,8623.1826171875,5420352,0.0,0.0
2015-04-20 00:00:00+07:00,8575.8017578125,8623.182085995271,8481.041101446956,8575.8017578125,10714747,0.0,0.0
2015-04-21 00:00:00+07:00,8623.182536314123,8717.942232416166,8528.421875,8528.421875,5246311,0.0,0.0
2015-04-22 00:00:00+07:00,8433.661061580504,8528.42172118557,8244.140707582432,8338.9013671875,7534008,0.0,0.0
2015-04-23 00:00:00+07:00,8291.520595445689,8433.660612065143,8244.140268168534,8386.28125,4019479,0.0,0.0
2015-04-24 00:00:00+07:00,8338.900922722845,8481.040939342298,8338.900922722845,8386.28125,2352092,0.0,0.0
2015-04-27 00:00:00+07:00,8386.281848240895,8623.182536314123,8386.281848240895,8528.421875,4479600,0.0,0.0
2015-05-04 00:00:00+07:00,8433.66081405909,8528.421470883006,8054.6201171875,8054.6201171875,4300887,0.0,0.0
2015-05-05 00:00:00+07:00,8054.619924271926,8433.660612065143,8007.240079600777,8386.28125,4838571,0.0,0.0
2015-05-06 00:00:00+07:00,8386.281696990034,8481.041391383036,8291.521037384966,8338.9013671875,3990336,0.0,0.0
2015-05-07 00:00:00+07:00,8338.900997727069,8528.421343328317,8244.140342320434,8481.041015625,1694920,0.0,0.0
2015-05-08 00:00:00+07:00,8481.041623883231,8623.1826171875,8386.281926892474,8623.1826171875,4000432,0.0,0.0
2015-05-11 00:00:00+07:00,8623.181998734952,8623.181998734952,8481.041015625,8481.041015625,1108989,0.0,0.0
2015-05-12 00:00:00+07:00,8481.040939342298,8481.040939342298,8244.140268168534,8386.28125,2700193,0.0,0.0
2015-05-13 00:00:00+07:00,8291.521484375,8386.282149088547,8149.381452516795,8291.521484375,2032446,0.0,0.0
2015-05-14 00:00:00+07:00,8244.140342320434,8481.041015625,8244.140342320434,8481.041015625,1844491,0.0,0.0
2015-05-15 00:00:00+07:00,8481.041306427545,8481.041306427545,8244.140625,8244.140625,647637,0.0,0.0
2015-05-18 00:00:00+07:00,8291.521261331518,8291.521261331518,8007.24072265625,8007.24072265625,3809580,0.0,0.0
2015-05-19 00:00:00+07:00,8054.62071167277,8196.7607421875,8054.62071167277,8196.7607421875,1155591,0.0,0.0
2015-05-20 00:00:00+07:00,8196.760377779898,8528.42172118557,8149.381013189429,8338.9013671875,2431738,0.0,0.0
2015-05-21 00:00:00+07:00,8291.521107416427,8528.42179321793,8291.521107416427,8433.6611328125,3197468,0.0,0.0
2015-05-22 00:00:00+07:00,8528.421429629729,8623.182085995271,8386.281410293444,8575.8017578125,3616514,0.0,0.0
2015-05-25 00:00:00+07:00,8575.802353601286,8717.9423828125,8575.802353601286,8717.9423828125,2605487,0.0,0.0
2015-05-26 00:00:00+07:00,8670.562194551963,8954.843222882031,8670.562194551963,8907.462890625,5733092,0.0,0.0
2015-05-27 00:00:00+07:00,8812.702749012547,9049.603433195512,8812.702749012547,8954.8427734375,4357149,0.0,0.0
2015-05-28 00:00:00+07:00,8954.84306798689,9570.784481037781,8860.08240511194,9333.8837890625,6200995,0.0,0.0
2015-05-29 00:00:00+07:00,9333.88372040331,9476.02471367016,9191.74369234855,9239.1240234375,6081401,0.0,0.0
2015-06-01 00:00:00+07:00,9191.743759962172,9570.784481037781,9191.743759962172,9333.8837890625,6495778,0.0,0.0
2015-06-02 00:00:00+07:00,9333.88356706431,9476.024557996037,9049.603515625,9049.603515625,6269063,0.0,0.0
2015-06-03 00:00:00+07:00,9002.22355513906,9191.743918955068,8907.462890625,8907.462890625,5008063,0.0,0.0
2015-06-04 00:00:00+07:00,8954.84269012641,9049.60334900282,8765.322337585647,8860.08203125,6538979,0.0,0.0
2015-06-05 00:00:00+07:00,8860.081901416443,9381.26358717531,8860.081901416443,9286.5029296875,5181163,0.0,0.0
2015-06-08 00:00:00+07:00,9381.264199413967,9665.545225218058,9381.264199413967,9428.64453125,7281427,0.0,0.0
2015-06-09 00:00:00+07:00,9381.26358717531,9570.783936938886,9191.743237411732,9286.5029296875,5117685,0.0,0.0
2015-06-10 00:00:00+07:00,9286.502855582094,9333.883183947908,9002.222815811278,9191.7431640625,5977871,0.0,0.0
2015-06-11 00:00:00+07:00,9239.123942598782,9333.883638735482,9096.98295057561,9144.36328125,3405739,0.0,0.0
2015-06-12 00:00:00+07:00,9286.5029296875,9381.26358717531,9191.743237411732,9286.5029296875,4069606,0.0,0.0
2015-06-15 00:00:00+07:00,9333.88371825328,9855.0654296875,9333.88371825328,9855.0654296875,10047271,0.0,0.0
2015-06-16 00:00:00+07:00,9949.825045046047,10091.966037114646,9760.3046875,9760.3046875,6126856,0.0,0.0
2015-06-17 00:00:00+07:00,9665.545070587445,9902.445760765537,9618.164739509408,9855.0654296875,3328201,0.0,0.0
2015-06-18 00:00:00+07:00,9807.6845703125,9902.445227364231,9665.54454994694,9807.6845703125,4458510,0.0,0.0
2015-06-19 00:00:00+07:00,9902.445760765537,10044.585788787555,9807.685098609463,9855.0654296875,5486166,0.0,0.0
2015-06-22 00:00:00+07:00,9902.445907373565,10091.966269279514,9902.445907373565,10044.5859375,4837194,0.0,0.0
2015-06-23 00:00:00+07:00,9807.685018189533,9855.065348879065,9665.544991333018,9760.3046875,7628591,0.0,0.0
2015-06-24 00:00:00+07:00,9760.304080516979,9760.304080516979,9570.783734757,9618.1640625,7482023,0.0,0.0
2015-06-25 00:00:00+07:00,9570.784561545992,9618.164893382025,9428.64453125,9428.64453125,8463848,0.0,0.0
2015-06-26 00:00:00+07:00,9428.64375210808,9476.02408002881,9096.982421875,9096.982421875,7102174,0.0,0.0
2015-06-29 00:00:00+07:00,8907.46215907965,9191.7431640625,8907.46215907965,9191.7431640625,4386728,0.0,0.0
2015-06-30 00:00:00+07:00,9096.982421875,9286.502768345892,9049.603059166297,9096.982421875,3844145,0.0,0.0
2015-07-01 00:00:00+07:00,9002.22355513906,9096.983254441007,8765.322859066024,8907.462890625,10527440,0.0,0.0
2015-07-02 00:00:00+07:00,8812.70261745096,9476.024330218366,8812.70261745096,9381.263671875,8705434,0.0,0.0
2015-07-03 00:00:00+07:00,9476.024929916925,9902.445989024398,9476.024929916925,9523.404296875,8486605,0.0,0.0
2015-07-06 00:00:00+07:00,9570.783734757,9712.924717986,9476.024044483023,9618.1640625,8432516,0.0,0.0
2015-07-07 00:00:00+07:00,9618.164739509408,10186.725816809574,9428.644380409354,9855.0654296875,14398893,0.0,0.0
2015-07-08 00:00:00+07:00,9949.825273940973,10281.486631185462,9665.545213688103,10044.5859375,11672769,0.0,0.0
2015-07-09 00:00:00+07:00,9902.445829119506,10091.966189527771,9760.304834904236,9949.8251953125,7772920,0.0,0.0
2015-07-10 00:00:00+07:00,10091.966194275397,10565.767578125,10044.585862848018,10565.767578125,11783414,0.0,0.0
2015-07-13 00:00:00+07:00,10565.767351908493,11039.567760401778,10471.00669108259,10897.427734375,7847584,0.0,0.0
2015-07-14 00:00:00+07:00,10897.427127485851,10992.187783034435,10518.386435715567,10755.287109375,7796748,0.0,0.0
2015-07-15 00:00:00+07:00,10755.287312019474,10897.427332808438,10423.6259765625,10423.6259765625,18782432,0.0,0.0
2015-07-16 00:00:00+07:00,10234.10546875,10376.245487339575,10091.965450160425,10234.10546875,11491219,0.0,0.0
2015-07-17 00:00:00+07:00,10281.48588260767,10518.38655904479,10234.10555427784,10328.8662109375,4613233,0.0,0.0
2015-07-20 00:00:00+07:00,10186.725380617461,10565.767047799227,10091.965687731055,10518.38671875,6375452,0.0,0.0
2015-07-21 00:00:00+07:00,10518.38671875,10755.287398784085,10423.626060651546,10518.38671875,8624077,0.0,0.0
2015-07-22 00:00:00+07:00,10518.387021495542,10897.427734375,10423.62636066964,10897.427734375,8252906,0.0,0.0
2015-07-23 00:00:00+07:00,10944.80799385558,11134.328349067044,10802.66796875,10802.66796875,10714518,0.0,0.0
2015-07-24 00:00:00+07:00,10755.287109375,10850.04679971156,10660.526453826418,10755.287109375,4611856,0.0,0.0
2015-07-27 00:00:00+07:00,10707.907377935271,11039.567760401778,10707.907377935271,10897.427734375,5951377,0.0,0.0
2015-07-28 00:00:00+07:00,10897.427734375,11086.948090814729,10897.427734375,10897.427734375,9164221,0.0,0.0
2015-07-29 00:00:00+07:00,10897.42803718552,10992.188700644569,10660.52734375,10660.52734375,7380932,0.0,0.0
2015-07-30 00:00:00+07:00,10707.907308538233,10850.047333643814,10565.767283432653,10802.66796875,4333660,0.0,0.0
2015-07-31 00:00:00+07:00,10944.808368915044,10944.808368915044,10660.52734375,10660.52734375,4642563,0.0,0.0
2015-08-03 00:00:00+07:00,10565.767498074312,10660.527194999035,10328.86680794437,10471.0068359375,7680825,0.0,0.0
2015-08-04 00:00:00+07:00,10471.006230714958,10565.76688737462,10328.8662109375,10328.8662109375,3907853,0.0,0.0
2015-08-05 00:00:00+07:00,10376.246173800686,10565.767498074312,10376.246173800686,10471.0068359375,2926175,0.0,0.0
2015-08-06 00:00:00+07:00,10565.766799075041,10565.766799075041,10186.725140816134,10234.10546875,3410683,0.0,0.0
2015-08-07 00:00:00+07:00,10234.10591594171,10281.486245945916,10091.965891141153,10186.7255859375,3741533,0.0,0.0
2015-08-10 00:00:00+07:00,10186.725736150576,10423.626424452877,10186.725736150576,10376.24609375,2309598,0.0,0.0
2015-08-11 00:00:00+07:00,10423.6259765625,10707.906983352472,10328.866284440537,10423.6259765625,4722375,0.0,0.0
2015-08-12 00:00:00+07:00,10376.246023678754,10423.62635406167,10186.725667359171,10281.486328125,3855827,0.0,0.0
2015-08-13 00:00:00+07:00,10281.486088587244,10281.486088587244,9902.445384778955,9997.205078125,4190390,0.0,0.0
2015-08-14 00:00:00+07:00,9949.82459067806,10044.58524772979,9712.924878472806,9807.6845703125,2626931,0.0,0.0
2015-08-17 00:00:00+07:00,9760.304684380835,9855.065345729618,9144.36328125,9144.36328125,6747918,0.0,0.0
2015-08-18 00:00:00+07:00,9096.982742547318,9476.0244140625,9096.982742547318,9476.0244140625,4494225,0.0,0.0
2015-08-19 00:00:00+07:00,9381.263671875,9665.544681693045,9239.123649572002,9381.263671875,2412025,0.0,0.0
2015-08-20 00:00:00+07:00,9333.883638735482,9428.644300084263,9144.36328125,9144.36328125,3288587,0.0,0.0
2015-08-21 00:00:00+07:00,8954.843222882031,9002.22355513906,8528.422162992987,8907.462890625,9402094,0.0,0.0
2015-08-24 00:00:00+07:00,8860.082577019937,8860.082577019937,8291.521484375,8291.521484375,8498080,0.0,0.0
2015-08-25 00:00:00+07:00,8149.38065212582,8528.421343328317,8149.38065212582,8481.041015625,4642479,0.0,0.0
2015-08-26 00:00:00+07:00,8481.041326168473,8860.08203125,8433.66099673027,8860.08203125,4204010,0.0,0.0
2015-08-27 00:00:00+07:00,8860.081830713836,9476.024169045351,8860.081830713836,9191.7431640625,7037253,0.0,0.0
2015-08-28 00:00:00+07:00,9428.64453125,9476.024863086033,9239.124169117973,9428.64453125,5629122,0.0,0.0
2015-08-31 00:00:00+07:00,9476.024630758655,9476.024630758655,9144.36328125,9144.36328125,6036593,0.0,0.0
2015-09-01 00:00:00+07:00,9239.12387165523,9239.12387165523,9002.223185314424,9049.603515625,4221241,0.0,0.0
2015-09-03 00:00:00+07:00,9002.222731245567,9144.36274979573,8954.842403324838,9096.982421875,4718851,0.0,0.0
2015-09-04 00:00:00+07:00,9096.98295057561,9239.123942598782,9096.98295057561,9144.36328125,2133681,0.0,0.0
2015-09-07 00:00:00+07:00,9191.7431640625,9333.883183947908,9144.362835696686,9191.7431640625,2617894,0.0,0.0
2015-09-08 00:00:00+07:00,9191.743548808645,9712.925252224051,9144.363218459595,9665.544921875,11729802,0.0,0.0
2015-09-09 00:00:00+07:00,9949.824515093118,9997.204843259053,9712.9248046875,9712.9248046875,5720179,0.0,0.0
2015-09-10 00:00:00+07:00,9523.403407014,9760.304080516979,9523.403407014,9618.1640625,4040278,0.0,0.0
2015-09-11 00:00:00+07:00,9618.164893382025,9665.545225218058,9381.264199413967,9428.64453125,4031724,0.0,0.0
2015-09-14 00:00:00+07:00,9618.164437623156,9855.065120365623,9476.0244140625,9476.0244140625,5401264,0.0,0.0
2015-09-15 00:00:00+07:00,9476.024863086033,9665.545225218058,9428.64453125,9428.64453125,4418438,0.0,0.0
2015-09-16 00:00:00+07:00,9428.64445193745,9476.024783374927,9239.124091399646,9333.8837890625,2894113,0.0,0.0
2015-09-17 00:00:00+07:00,9333.883638735482,9381.263969409873,9144.36328125,9144.36328125,3106035,0.0,0.0
2015-09-18 00:00:00+07:00,9428.644084471594,9523.403778441345,9333.883425289785,9476.0244140625,5168230,0.0,0.0
2015-09-21 00:00:00+07:00,9476.024485008296,9618.164509633136,9476.024485008296,9570.7841796875,4744406,0.0,0.0
2015-09-22 00:00:00+07:00,9570.78410803225,9665.544767214062,9428.644084471594,9476.0244140625,2587794,0.0,0.0
2015-09-23 00:00:00+07:00,9428.64415506266,9570.7841796875,9381.263825117025,9570.7841796875,3082213,0.0,0.0
2015-09-24 00:00:00+07:00,9618.16459152595,9807.684947710077,9618.16459152595,9665.544921875,8895412,0.0,0.0
2015-09-25 00:00:00+07:00,9712.924717986,9712.924717986,9523.403407014,9618.1640625,2900600,0.0,0.0
2015-09-28 00:00:00+07:00,9570.78410803225,9618.164437623156,9476.0244140625,9476.0244140625,2978911,0.0,0.0
2015-09-29 00:00:00+07:00,9191.743759962172,9381.264120499976,9191.743759962172,9333.8837890625,6137350,0.0,0.0
2015-09-30 00:00:00+07:00,9381.26358717531,9428.643915919214,9286.5029296875,9286.5029296875,1628187,0.0,0.0
2015-10-01 00:00:00+07:00,9333.883258431404,9333.883258431404,9239.123566155638,9286.5029296875,1307727,0.0,0.0
2015-10-02 00:00:00+07:00,9333.88372040331,9333.88372040331,9191.74369234855,9239.1240234375,1628312,0.0,0.0
2015-10-05 00:00:00+07:00,9333.883425289785,9523.403778441345,9286.50309569888,9476.0244140625,2357057,0.0,0.0
2015-10-06 00:00:00+07:00,9618.1640625,9665.544390243,9523.403407014,9618.1640625,6626885,0.0,0.0
2015-10-07 00:00:00+07:00,9618.164437623156,9665.544767214062,9476.0244140625,9476.0244140625,3441454,0.0,0.0
2015-10-08 00:00:00+07:00,9476.024044483023,9665.544390243,9428.643716740024,9618.1640625,7530481,0.0,0.0
2015-10-09 00:00:00+07:00,9712.925252224051,9807.684947710077,9665.544921875,9665.544921875,7177145,0.0,0.0
2015-10-12 00:00:00+07:00,9618.16459152595,9760.304617361026,9618.16459152595,9665.544921875,4416372,0.0,0.0
2015-10-13 00:00:00+07:00,9618.16459152595,9665.544921875,9570.7842611769,9665.544921875,1971908,0.0,0.0
2015-10-14 00:00:00+07:00,9665.544839578772,9665.544839578772,9570.7841796875,9570.7841796875,3346516,0.0,0.0
2015-10-15 00:00:00+07:00,9618.164221421075,9855.064898838365,9570.78389289521,9807.6845703125,9448489,0.0,0.0
2015-10-16 00:00:00+07:00,9855.065055499905,10139.346065962149,9855.065055499905,9997.205078125,11341274,0.0,0.0
2015-10-19 00:00:00+07:00,9949.825273940973,10139.346601059025,9902.445907373565,10044.5859375,4144497,0.0,0.0
2015-10-20 00:00:00+07:00,10044.5853340876,10044.5853340876,9760.304325700352,9902.4453125,4723794,0.0,0.0
2015-10-21 00:00:00+07:00,9855.0654296875,9949.825126631482,9760.304767531428,9855.0654296875,4603804,0.0,0.0
2015-10-22 00:00:00+07:00,9807.685098609463,9902.445760765537,9760.304767531428,9855.0654296875,1654911,0.0,0.0
2015-10-23 00:00:00+07:00,9949.824748845951,10091.9657366831,9855.065055499905,9997.205078125,4698365,0.0,0.0
2015-10-26 00:00:00+07:00,10091.965663020816,10091.965663020816,9902.4453125,9902.4453125,3038426,0.0,0.0
2015-10-27 00:00:00+07:00,9902.4453125,9949.82467622117,9807.684654633567,9902.4453125,2143883,0.0,0.0
2015-10-28 00:00:00+07:00,9902.445227364231,9902.445227364231,9807.6845703125,9807.6845703125,2773016,0.0,0.0
2015-10-29 00:00:00+07:00,9855.064983566785,9949.82467622117,9760.304325700352,9902.4453125,3586120,0.0,0.0
2015-10-30 00:00:00+07:00,9902.445760765537,9997.205457709519,9855.0654296875,9855.0654296875,3646657,0.0,0.0
2015-11-02 00:00:00+07:00,9855.064983566785,9949.82467622117,9807.684654633567,9902.4453125,2824375,0.0,0.0
2015-11-03 00:00:00+07:00,9902.445829119506,9949.8251953125,9807.685166309326,9949.8251953125,2329855,0.0,0.0
2015-11-04 00:00:00+07:00,9949.82467622117,10044.5853340876,9855.064983566785,9902.4453125,2925257,0.0,0.0
2015-11-05 00:00:00+07:00,9807.684654633567,9902.4453125,9807.684654633567,9902.4453125,2101682,0.0,0.0
2015-11-06 00:00:00+07:00,9855.0654296875,9902.445760765537,9712.925401665481,9855.0654296875,2520791,0.0,0.0
2015-11-09 00:00:00+07:00,9855.064898838365,9902.445227364231,9760.304241786635,9807.6845703125,1495451,0.0,0.0
2015-11-10 00:00:00+07:00,9712.924717986,9760.304080516979,9618.1640625,9618.1640625,2646852,0.0,0.0
2015-11-11 00:00:00+07:00,9570.783734757,9712.924717986,9570.783734757,9618.1640625,2266855,0.0,0.0
2015-11-12 00:00:00+07:00,9570.784329953953,9760.3046875,9523.40399926442,9760.3046875,2992429,0.0,0.0
2015-11-13 00:00:00+07:00,9665.544991333018,9760.3046875,9570.784329953953,9760.3046875,2311101,0.0,0.0
2015-11-16 00:00:00+07:00,9712.924717986,9712.924717986,9523.403407014,9618.1640625,896815,0.0,0.0
2015-11-17 00:00:00+07:00,9570.784629045189,9618.164961215378,9523.404296875,9523.404296875,2133409,0.0,0.0
2015-11-18 00:00:00+07:00,9523.403778441345,9570.78410803225,9476.0244140625,9476.0244140625,1098225,0.0,0.0
2015-11-19 00:00:00+07:00,9570.784561545992,9570.784561545992,9428.64453125,9428.64453125,1156926,0.0,0.0
2015-11-20 00:00:00+07:00,9428.64453125,9476.024863086033,9381.264199413967,9428.64453125,1629480,0.0,0.0
2015-11-23 00:00:00+07:00,9523.404149600305,9523.404149600305,9333.8837890625,9333.8837890625,1122277,0.0,0.0
2015-11-24 00:00:00+07:00,9286.5029296875,9333.883258431404,9191.743237411732,9286.5029296875,2024058,0.0,0.0
2015-11-25 00:00:00+07:00,9286.5029296875,9286.5029296875,9144.362908667828,9286.5029296875,1423607,0.0,0.0
2015-11-26 00:00:00+07:00,9239.1240234375,9239.1240234375,9144.3633612596,9239.1240234375,1228019,0.0,0.0
2015-11-27 00:00:00+07:00,9144.363211034079,9239.12387165523,9049.603515625,9049.603515625,1344733,0.0,0.0
2015-11-30 00:00:00+07:00,9002.223406447025,9002.223406447025,8528.42202212685,8717.9423828125,1859240,0.0,0.0
2015-12-01 00:00:00+07:00,8717.941852027221,8812.702509206665,8623.182160059818,8670.5615234375,1203445,0.0,0.0
2015-12-02 00:00:00+07:00,8717.942461199093,8860.082491688347,8717.942461199093,8812.703125,1688871,0.0,0.0
2015-12-03 00:00:00+07:00,8812.703125,8860.082491688347,8765.322793099547,8812.703125,421799,0.0,0.0
2015-12-04 00:00:00+07:00,8812.703045761375,8812.703045761375,8670.562051338064,8717.9423828125,1772020,0.0,0.0
2015-12-07 00:00:00+07:00,8765.322645279679,8765.322645279679,8575.802286086076,8623.1826171875,597465,0.0,0.0
2015-12-08 00:00:00+07:00,8575.801985044884,8907.462360688205,8481.041326168473,8860.08203125,2124566,0.0,0.0
2015-12-09 00:00:00+07:00,8907.46274349815,8907.46274349815,8717.9423828125,8717.9423828125,586493,0.0,0.0
2015-12-10 00:00:00+07:00,8765.322105331557,8765.322105331557,8528.421429629729,8575.8017578125,1350910,0.0,0.0
2015-12-11 00:00:00+07:00,8575.802205657063,8670.561901759105,8528.421875,8528.421875,1038834,0.0,0.0
2015-12-14 00:00:00+07:00,8481.040939342298,8623.181921173764,8386.28125,8386.28125,797582,0.0,0.0
2015-12-15 00:00:00+07:00,8433.661292781808,8623.1826171875,8386.281926892474,8623.1826171875,1273223,0.0,0.0
2015-12-16 00:00:00+07:00,8670.561607526546,8860.081958511404,8623.182243689369,8765.322265625,1367367,0.0,0.0
2015-12-17 00:00:00+07:00,8860.08255836797,9049.603887396092,8812.703191323055,8907.462890625,1552088,0.0,0.0
2015-12-18 00:00:00+07:00,8860.081958511404,8907.462287560631,8765.322265625,8765.322265625,1117624,0.0,0.0
2015-12-21 00:00:00+07:00,8765.322265625,8765.322265625,8670.561607526546,8765.322265625,919116,0.0,0.0
2015-12-22 00:00:00+07:00,8717.941852027221,8860.081872584347,8670.5615234375,8670.5615234375,889932,0.0,0.0
2015-12-23 00:00:00+07:00,8670.561448966013,8717.941777148784,8575.8017578125,8575.8017578125,1160786,0.0,0.0
2015-12-24 00:00:00+07:00,8670.561448966013,8670.561448966013,8575.8017578125,8575.8017578125,406655,0.0,0.0
2015-12-25 00:00:00+07:00,8623.182085995271,8670.561448966013,8528.421429629729,8575.8017578125,597447,0.0,0.0
2015-12-28 00:00:00+07:00,8575.8017578125,8717.941777148784,8528.421429629729,8575.8017578125,825347,0.0,0.0
2015-12-29 00:00:00+07:00,8575.801914640142,8765.322265625,8481.041256541688,8765.322265625,6071786,0.0,0.0
2015-12-30 00:00:00+07:00,8812.703125,8860.082491688347,8717.942461199093,8812.703125,1645669,0.0,0.0
2015-12-31 00:00:00+07:00,8860.082491688347,8860.082491688347,8717.942461199093,8812.703125,1364050,0.0,0.0
2016-01-04 00:00:00+07:00,8765.322180616944,8812.702509206665,8575.801831470095,8670.5615234375,3566637,0.0,0.0
2016-01-05 00:00:00+07:00,8575.8017578125,8670.561448966013,8528.421429629729,8575.8017578125,792533,0.0,0.0
2016-01-06 00:00:00+07:00,8575.801831470095,8717.941852027221,8575.801831470095,8670.5615234375,1136774,0.0,0.0
2016-01-07 00:00:00+07:00,8575.8017578125,8717.941777148784,8433.660773264184,8575.8017578125,3321755,0.0,0.0
2016-01-08 00:00:00+07:00,8528.421266619453,8528.421266619453,8386.28125,8386.28125,2070598,0.0,0.0
2016-01-11 00:00:00+07:00,8386.28125,8481.040939342298,8338.900922722845,8386.28125,1393048,0.0,0.0
2016-01-12 00:00:00+07:00,8386.281767821858,8481.041463015215,8338.901437619143,8433.6611328125,1482395,0.0,0.0
2016-01-13 00:00:00+07:00,8481.040939342298,8528.421266619453,8386.28125,8386.28125,955580,0.0,0.0
2016-01-14 00:00:00+07:00,8386.28125,8386.28125,8196.75994089138,8386.28125,1780532,0.0,0.0
2016-01-15 00:00:00+07:00,8386.281696990034,8433.661061580504,8244.140707582432,8338.9013671875,1353496,0.0,0.0
2016-01-18 00:00:00+07:00,8149.381192332734,8149.381192332734,7770.339993398308,7959.8603515625,2914889,0.0,0.0
2016-01-19 00:00:00+07:00,7912.4802501286695,8244.140625,7912.4802501286695,8244.140625,2142902,0.0,0.0
2016-01-20 00:00:00+07:00,8196.760599167052,8196.760599167052,8007.24072265625,8007.24072265625,1269052,0.0,0.0
2016-01-21 00:00:00+07:00,7959.860198264235,8054.620375521353,7722.959513818425,7770.33984375,2386992,0.0,0.0
2016-01-22 00:00:00+07:00,7770.339723743449,7817.719570337248,7486.058713756552,7628.19921875,2597079,0.0,0.0
2016-01-25 00:00:00+07:00,7817.719522229227,8149.380859375,7817.719522229227,8149.380859375,1833977,0.0,0.0
2016-01-26 00:00:00+07:00,8054.620272900374,8244.140625,7959.860096850562,8244.140625,2032945,0.0,0.0
2016-01-27 00:00:00+07:00,8244.141152018226,8433.661516233205,8244.141152018226,8291.521484375,813895,0.0,0.0
2016-01-28 00:00:00+07:00,8291.520880887734,8338.901209795993,8149.380859375,8149.380859375,351061,0.0,0.0
2016-01-29 00:00:00+07:00,8149.380859375,8196.760223071215,8054.62020155848,8149.380859375,460433,0.0,0.0
2016-02-01 00:00:00+07:00,8338.901166377009,8338.901166377009,8102.00048828125,8102.00048828125,678552,0.0,0.0
2016-02-02 00:00:00+07:00,8102.00048828125,8244.14050905389,8054.62015961969,8102.00048828125,340213,0.0,0.0
2016-02-03 00:00:00+07:00,8007.24027138156,8102.000445599458,7912.480097163662,8054.6201171875,381412,0.0,0.0
2016-02-04 00:00:00+07:00,8149.380859375,8149.380859375,8054.62020155848,8149.380859375,504928,0.0,0.0
2016-02-05 00:00:00+07:00,8149.380859375,8196.760223071215,8149.380859375,8149.380859375,465502,0.0,0.0
2016-02-15 00:00:00+07:00,8007.240355256244,8196.760223071215,8007.240355256244,8149.380859375,320896,0.0,0.0
2016-02-16 00:00:00+07:00,8149.38081694281,8196.76018039233,8102.00048828125,8102.00048828125,477456,0.0,0.0
2016-02-17 00:00:00+07:00,8102.00048828125,8149.38081694281,8054.62015961969,8102.00048828125,551364,0.0,0.0
2016-02-18 00:00:00+07:00,8102.000602228294,8244.140625,8054.620272900374,8244.140625,964945,0.0,0.0
2016-02-19 00:00:00+07:00,8196.760223071215,8244.140551979473,8149.380859375,8149.380859375,1595791,0.0,0.0
2016-02-22 00:00:00+07:00,8196.760223071215,8244.140551979473,8054.62020155848,8149.380859375,1666174,0.0,0.0
2016-02-23 00:00:00+07:00,8196.76018039233,8244.14050905389,8102.00048828125,8102.00048828125,1142783,0.0,0.0
2016-02-24 00:00:00+07:00,8054.620574394602,8623.1826171875,8054.620574394602,8623.1826171875,6471141,0.0,0.0
2016-02-25 00:00:00+07:00,8717.9423828125,8765.322714286936,8528.42202212685,8717.9423828125,3642048,0.0,0.0
2016-02-26 00:00:00+07:00,8670.5615234375,8717.941852027221,8623.182160059818,8670.5615234375,815814,0.0,0.0
2016-02-29 00:00:00+07:00,8623.182453623362,8623.182453623362,8433.6611328125,8433.6611328125,1935173,0.0,0.0
2016-03-01 00:00:00+07:00,8433.661061580504,8528.42172118557,8338.9013671875,8338.9013671875,1658936,0.0,0.0
2016-03-02 00:00:00+07:00,8386.281325430386,8528.421343328317,8386.281325430386,8481.041015625,1252342,0.0,0.0
2016-03-03 00:00:00+07:00,8528.421875,8575.802205657063,8433.661213685875,8528.421875,1896016,0.0,0.0
2016-03-04 00:00:00+07:00,8528.42179321793,8575.802123420646,8433.6611328125,8433.6611328125,2062776,0.0,0.0
2016-03-07 00:00:00+07:00,8528.42179321793,8528.42179321793,8386.281767821858,8433.6611328125,1539989,0.0,0.0
2016-03-08 00:00:00+07:00,8386.28125,8481.040939342298,8291.520595445689,8386.28125,2681981,0.0,0.0
2016-03-09 00:00:00+07:00,8386.28161298376,8433.660977099626,8244.140625,8244.140625,1770813,0.0,0.0
2016-03-10 00:00:00+07:00,8291.521484375,8338.901816731774,8244.141152018226,8291.521484375,704564,0.0,0.0
2016-03-11 00:00:00+07:00,8338.90128365584,8386.28161298376,8244.140625,8244.140625,1251383,0.0,0.0
2016-03-14 00:00:00+07:00,8338.90128365584,8338.90128365584,8196.76029567208,8244.140625,1160264,0.0,0.0
2016-03-15 00:00:00+07:00,8244.141074096446,8244.141074096446,8102.001043581716,8196.7607421875,1563436,0.0,0.0
2016-03-16 00:00:00+07:00,8196.7607421875,8291.521406005391,8149.381375490661,8196.7607421875,1379530,0.0,0.0
2016-03-17 00:00:00+07:00,8244.140625,8338.90128365584,8196.76029567208,8244.140625,1978812,0.0,0.0
2016-03-18 00:00:00+07:00,8244.141074096446,8291.521406005391,8196.7607421875,8196.7607421875,439322,0.0,0.0
2016-03-21 00:00:00+07:00,8244.141074096446,8386.28206982328,8196.7607421875,8196.7607421875,1321140,0.0,0.0
2016-03-22 00:00:00+07:00,8149.38081694281,8244.14050905389,8102.00048828125,8102.00048828125,997447,0.0,0.0
2016-03-23 00:00:00+07:00,8102.00053046674,8196.760223071215,8102.00053046674,8149.380859375,1045196,0.0,0.0
2016-03-24 00:00:00+07:00,8196.760599167052,8196.760599167052,8007.24072265625,8007.24072265625,1530644,0.0,0.0
2016-03-25 00:00:00+07:00,8007.24072265625,8054.620571132439,7865.100212015594,8007.24072265625,3658716,0.0,0.0
2016-03-28 00:00:00+07:00,8102.000902214673,8102.000902214673,7959.860391574016,8007.24072265625,544063,0.0,0.0
2016-03-29 00:00:00+07:00,8007.24060623017,8007.24060623017,7865.10009765625,7865.10009765625,1422084,0.0,0.0
2016-03-30 00:00:00+07:00,7912.48046875,7912.48046875,7817.719807475929,7912.48046875,1447535,0.0,0.0
2016-03-31 00:00:00+07:00,7912.480350938693,7912.480350938693,7722.959513818425,7770.33984375,3489995,0.0,0.0
2016-04-01 00:00:00+07:00,7770.339802335296,7817.71964940831,7675.579625583235,7722.95947265625,1042964,0.0,0.0
2016-04-04 00:00:00+07:00,7722.9595488752375,7817.7197265625,7675.579701334625,7817.7197265625,1159304,0.0,0.0
2016-04-05 00:00:00+07:00,7770.33984375,7865.100021007118,7722.959513818425,7770.33984375,660194,0.0,0.0
2016-04-06 00:00:00+07:00,7770.339959444935,7912.48046875,7722.959628807899,7912.48046875,2348295,0.0,0.0
2016-04-07 00:00:00+07:00,7959.860316780995,7959.860316780995,7817.719807475929,7912.48046875,2200145,0.0,0.0
2016-04-08 00:00:00+07:00,7959.860316780995,7959.860316780995,7865.1001381129645,7912.48046875,1638889,0.0,0.0
2016-04-11 00:00:00+07:00,7959.860234396411,7959.860234396411,7770.339879021887,7817.7197265625,3817318,0.0,0.0
2016-04-12 00:00:00+07:00,7817.719613006984,7865.099942465415,7628.19926038532,7675.57958984375,3064794,0.0,0.0
2016-04-13 00:00:00+07:00,7675.57958984375,7722.959436696152,7580.819413532918,7675.57958984375,1855277,0.0,0.0
2016-04-14 00:00:00+07:00,7675.579547949826,7770.339723743449,7628.19921875,7628.19921875,1001118,0.0,0.0
2016-04-15 00:00:00+07:00,7628.19926038532,7722.959436696152,7628.19926038532,7675.57958984375,3286187,0.0,0.0
2016-04-19 00:00:00+07:00,7722.959357645824,7722.959357645824,7533.439006964042,7580.8193359375,1238387,0.0,0.0
2016-04-20 00:00:00+07:00,7580.8193359375,7628.199182304933,7486.058677990585,7580.8193359375,1688789,0.0,0.0
2016-04-21 00:00:00+07:00,7628.199182304933,7628.199182304933,7533.439006964042,7580.8193359375,910270,0.0,0.0
2016-04-22 00:00:00+07:00,7580.819635234117,8102.000861488665,7533.439304390048,7959.8603515625,5499454,0.0,0.0
2016-04-25 00:00:00+07:00,8054.62015961969,8244.14050905389,8054.62015961969,8102.00048828125,6404074,0.0,0.0
2016-04-26 00:00:00+07:00,8102.000902214673,8149.381233296907,7959.860391574016,8007.24072265625,1344401,0.0,0.0
2016-04-27 00:00:00+07:00,8054.620412083673,8054.620412083673,7817.7197265625,7817.7197265625,3669979,0.0,0.0
2016-04-28 00:00:00+07:00,7770.339766154582,7817.719613006984,7628.19926038532,7675.57958984375,2372431,0.0,0.0
2016-04-29 00:00:00+07:00,7628.1994109017305,8007.24060623017,7628.1994109017305,7865.10009765625,2806415,0.0,0.0
2016-05-04 00:00:00+07:00,7865.100021007118,7912.480350938693,7722.959513818425,7770.33984375,1805065,0.0,0.0
2016-05-05 00:00:00+07:00,7865.1001381129645,8007.240647418031,7770.339959444935,7912.48046875,3165698,0.0,0.0
2016-05-06 00:00:00+07:00,7912.480681158041,8244.141074096446,7912.480681158041,8196.7607421875,7460328,0.0,0.0
2016-05-09 00:00:00+07:00,8291.521406005391,8433.66143652012,8149.381375490661,8196.7607421875,5004076,0.0,0.0
2016-05-10 00:00:00+07:00,8102.000602228294,8338.90128365584,8054.620272900374,8244.140625,3567053,0.0,0.0
2016-05-11 00:00:00+07:00,8291.521186926771,8528.421875,8196.760525612646,8528.421875,7225667,0.0,0.0
2016-05-12 00:00:00+07:00,8623.181921173764,8623.181921173764,8338.900922722845,8386.28125,2676286,0.0,0.0
2016-05-13 00:00:00+07:00,8386.28125,8575.80159389661,8291.520595445689,8386.28125,3339173,0.0,0.0
2016-05-16 00:00:00+07:00,8386.282149088547,8386.282149088547,8244.141152018226,8291.521484375,1865414,0.0,0.0
2016-05-17 00:00:00+07:00,8386.281848240895,8528.421875,8338.901517583832,8528.421875,3854138,0.0,0.0
2016-05-18 00:00:00+07:00,8481.041015625,8623.181998734952,8433.660687921683,8481.041015625,3432127,0.0,0.0
2016-05-19 00:00:00+07:00,8481.040939342298,8528.421266619453,8386.28125,8386.28125,1157990,0.0,0.0
2016-05-20 00:00:00+07:00,8386.282149088547,8433.661516233205,8244.141152018226,8291.521484375,1616192,0.0,0.0
2016-05-23 00:00:00+07:00,8338.901166377009,8338.901166377009,8102.00048828125,8102.00048828125,1958327,0.0,0.0
2016-05-24 00:00:00+07:00,8102.001043581716,8196.7607421875,8054.62071167277,8196.7607421875,2393333,0.0,0.0
2016-05-25 00:00:00+07:00,8196.7607421875,8291.521406005391,8196.7607421875,8196.7607421875,2203065,0.0,0.0
2016-05-26 00:00:00+07:00,8149.38081694281,8196.76018039233,8007.240313564151,8102.00048828125,3218682,0.0,0.0
2016-05-27 00:00:00+07:00,8102.000602228294,8291.52095432792,8054.620272900374,8244.140625,1936696,0.0,0.0
2016-05-30 00:00:00+07:00,8244.140707582432,8386.281696990034,8196.760377779898,8338.9013671875,1281359,0.0,0.0
2016-05-31 00:00:00+07:00,8338.901437619143,8481.041463015215,8338.901437619143,8433.6611328125,2352072,0.0,0.0
2016-06-01 00:00:00+07:00,8433.6611328125,8528.42179321793,8386.281767821858,8433.6611328125,2331460,0.0,0.0
2016-06-02 00:00:00+07:00,8433.660687921683,8481.041015625,8386.281325430386,8481.041015625,805654,0.0,0.0
2016-06-03 00:00:00+07:00,8481.041463015215,8481.041463015215,8386.281767821858,8433.6611328125,1210476,0.0,0.0
2016-06-06 00:00:00+07:00,8386.281696990034,8433.661061580504,8244.140707582432,8338.9013671875,1674790,0.0,0.0
2016-06-07 00:00:00+07:00,8338.90128365584,8338.90128365584,8244.140625,8244.140625,1496516,0.0,0.0
2016-06-08 00:00:00+07:00,8291.521037384966,8386.281696990034,8291.521037384966,8338.9013671875,1029781,0.0,0.0
2016-06-09 00:00:00+07:00,8338.901437619143,8481.041463015215,8291.521107416427,8433.6611328125,1857236,0.0,0.0
2016-06-10 00:00:00+07:00,8338.901437619143,8481.041463015215,8338.901437619143,8433.6611328125,2217646,0.0,0.0
2016-06-13 00:00:00+07:00,8433.661061580504,8433.661061580504,8291.521037384966,8338.9013671875,1218570,0.0,0.0
2016-06-14 00:00:00+07:00,8291.52095432792,8291.52095432792,8149.380931556215,8244.140625,2037723,0.0,0.0
2016-06-15 00:00:00+07:00,8244.140625,8291.52095432792,8149.380931556215,8244.140625,1037812,0.0,0.0
2016-06-16 00:00:00+07:00,8196.760223071215,8291.520880887734,8149.380859375,8149.380859375,1123508,0.0,0.0
2016-06-17 00:00:00+07:00,8196.760599167052,8196.760599167052,8007.24072265625,8007.24072265625,1318512,0.0,0.0
2016-06-20 00:00:00+07:00,8054.6201171875,8102.000445599458,8007.24027138156,8054.6201171875,895417,0.0,0.0
2016-06-21 00:00:00+07:00,8102.000445599458,8149.380774011415,8007.24027138156,8054.6201171875,588204,0.0,0.0
2016-06-22 00:00:00+07:00,8149.381233296907,8149.381233296907,7959.860391574016,8007.24072265625,1071417,0.0,0.0
2016-06-23 00:00:00+07:00,8054.62020155848,8149.380859375,8007.240355256244,8149.380859375,1000868,0.0,0.0
2016-06-24 00:00:00+07:00,8102.00082608606,8149.381156723096,7580.819602108873,7912.48046875,2281542,0.0,0.0
2016-06-27 00:00:00+07:00,7770.339959444935,7912.48046875,7770.339959444935,7912.48046875,697368,0.0,0.0
2016-06-28 00:00:00+07:00,7865.100056709149,7912.480386855797,7817.7197265625,7817.7197265625,380579,0.0,0.0
2016-06-29 00:00:00+07:00,7912.480543097828,8102.000902214673,7912.480543097828,8007.24072265625,1071439,0.0,0.0
2016-06-30 00:00:00+07:00,8054.620530644595,8102.000861488665,7959.8603515625,7959.8603515625,831710,0.0,0.0
2016-07-01 00:00:00+07:00,7959.859942969602,8102.000445599458,7959.859942969602,8054.6201171875,562379,0.0,0.0
2016-07-04 00:00:00+07:00,8102.00048828125,8149.38081694281,8007.240313564151,8102.00048828125,1378361,0.0,0.0
2016-07-05 00:00:00+07:00,8102.000602228294,8338.90128365584,8102.000602228294,8244.140625,2498575,0.0,0.0
2016-07-06 00:00:00+07:00,8244.140551979473,8244.140551979473,8102.00053046674,8149.380859375,1355207,0.0,0.0
2016-07-07 00:00:00+07:00,8149.381375490661,8196.7607421875,8054.62071167277,8196.7607421875,704544,0.0,0.0
2016-07-08 00:00:00+07:00,8244.140551979473,8244.140551979473,8102.00053046674,8149.380859375,1586570,0.0,0.0
2016-07-11 00:00:00+07:00,8149.380931556215,8433.660977099626,8149.380931556215,8244.140625,2535102,0.0,0.0
2016-07-12 00:00:00+07:00,8291.520595445689,8386.28125,8244.140268168534,8386.28125,4357128,0.0,0.0
2016-07-13 00:00:00+07:00,8433.661075192562,8954.8427734375,8386.281710525622,8954.8427734375,10983702,0.0,0.0
2016-07-14 00:00:00+07:00,9144.363517878957,9570.784574558822,8812.703125,8812.703125,10645385,0.0,0.0
2016-07-15 00:00:00+07:00,9002.223019564615,9144.363042667173,8860.08203125,8860.08203125,3178754,0.0,0.0
2016-07-18 00:00:00+07:00,8765.322337585647,9002.223019564615,8670.561678709237,8860.08203125,2261557,0.0,0.0
2016-07-19 00:00:00+07:00,9002.223335574705,9002.223335574705,8433.661292781808,8623.1826171875,3599200,0.0,0.0
2016-07-20 00:00:00+07:00,8623.182453623362,8623.182453623362,8386.281767821858,8433.6611328125,3665453,0.0,0.0
2016-07-21 00:00:00+07:00,8386.281767821858,8528.42179321793,8338.901437619143,8433.6611328125,1637909,0.0,0.0
2016-07-22 00:00:00+07:00,8433.6611328125,8433.6611328125,8244.140777213712,8433.6611328125,2593992,0.0,0.0
2016-07-25 00:00:00+07:00,8481.041848589979,8481.041848589979,8291.521484375,8291.521484375,966594,0.0,0.0
2016-07-26 00:00:00+07:00,8291.521037384966,8338.9013671875,8244.140707582432,8338.9013671875,565695,0.0,0.0
2016-07-27 00:00:00+07:00,8338.901517583832,8623.182536314123,8291.521186926771,8528.421875,3119053,0.0,0.0
2016-07-28 00:00:00+07:00,8528.42179321793,8528.42179321793,8433.6611328125,8433.6611328125,610045,0.0,0.0
2016-07-29 00:00:00+07:00,8481.041463015215,8528.42179321793,8386.281767821858,8433.6611328125,908373,0.0,0.0
2016-08-01 00:00:00+07:00,8433.660612065143,8433.660612065143,8338.900922722845,8386.28125,1272202,0.0,0.0
2016-08-02 00:00:00+07:00,8386.281538704254,8386.281538704254,8102.00053046674,8149.380859375,3067026,0.0,0.0
2016-08-03 00:00:00+07:00,8102.00048828125,8196.76018039233,8054.62015961969,8102.00048828125,937307,0.0,0.0
2016-08-04 00:00:00+07:00,8054.62071167277,8291.521406005391,8054.62071167277,8196.7607421875,1273265,0.0,0.0
2016-08-05 00:00:00+07:00,8054.62015961969,8244.14050905389,8054.62015961969,8102.00048828125,1147810,0.0,0.0
2016-08-08 00:00:00+07:00,8149.380859375,8149.380859375,8054.62020155848,8149.380859375,469570,0.0,0.0
2016-08-09 00:00:00+07:00,8102.000902214673,8196.760599167052,8007.24072265625,8007.24072265625,906056,0.0,0.0
2016-08-10 00:00:00+07:00,8054.620272900374,8244.140625,8054.620272900374,8244.140625,944003,0.0,0.0
2016-08-11 00:00:00+07:00,8244.140707582432,8433.661061580504,8196.760377779898,8338.9013671875,1398929,0.0,0.0
2016-08-12 00:00:00+07:00,8338.901816731774,8386.282149088547,8149.381452516795,8291.521484375,833566,0.0,0.0
2016-08-15 00:00:00+07:00,8291.521484375,8291.521484375,8149.381452516795,8291.521484375,580006,0.0,0.0
2016-08-16 00:00:00+07:00,8196.7607421875,8291.521406005391,8196.7607421875,8196.7607421875,663281,0.0,0.0
2016-08-17 00:00:00+07:00,8244.141074096446,8244.141074096446,8149.381375490661,8196.7607421875,550216,0.0,0.0
2016-08-18 00:00:00+07:00,8196.7607421875,8244.141074096446,8149.381375490661,8196.7607421875,562483,0.0,0.0
2016-08-19 00:00:00+07:00,8149.38081694281,8196.76018039233,8054.62015961969,8102.00048828125,1257724,0.0,0.0
2016-08-22 00:00:00+07:00,8149.380859375,8149.380859375,8102.00053046674,8149.380859375,1034453,0.0,0.0
2016-08-23 00:00:00+07:00,8149.38081694281,8149.38081694281,8102.00048828125,8102.00048828125,505722,0.0,0.0
2016-08-24 00:00:00+07:00,8102.001043581716,8196.7607421875,8102.001043581716,8196.7607421875,891121,0.0,0.0
2016-08-25 00:00:00+07:00,8196.76018039233,8196.76018039233,8102.00048828125,8102.00048828125,360928,0.0,0.0
2016-08-26 00:00:00+07:00,8149.380931556215,8338.90128365584,8149.380931556215,8244.140625,1297818,0.0,0.0
2016-08-29 00:00:00+07:00,8244.141074096446,8291.521406005391,8196.7607421875,8196.7607421875,969222,0.0,0.0
2016-08-30 00:00:00+07:00,8196.76029567208,8291.52095432792,8196.76029567208,8244.140625,1393236,0.0,0.0
2016-08-31 00:00:00+07:00,8244.140625,8291.52095432792,8196.76029567208,8244.140625,1240222,0.0,0.0
2016-09-01 00:00:00+07:00,8149.380859375,8244.140551979473,8102.00053046674,8149.380859375,784523,0.0,0.0
2016-09-05 00:00:00+07:00,8196.76018039233,8196.76018039233,8102.00048828125,8102.00048828125,655292,0.0,0.0
2016-09-06 00:00:00+07:00,8196.76018039233,8196.76018039233,8054.62015961969,8102.00048828125,824513,0.0,0.0
2016-09-07 00:00:00+07:00,8054.62020155848,8196.760223071215,8054.62020155848,8149.380859375,381976,0.0,0.0
2016-09-08 00:00:00+07:00,8196.760223071215,8196.760223071215,8102.00053046674,8149.380859375,671249,0.0,0.0
2016-09-09 00:00:00+07:00,8196.76029567208,8244.140625,8149.380931556215,8244.140625,785275,0.0,0.0
2016-09-12 00:00:00+07:00,8244.1408195192,8244.1408195192,8102.000793393723,8173.0712890625,827643,0.0,0.0
2016-09-13 00:00:00+07:00,8196.760448069932,8196.760448069932,8102.000752864332,8125.69091796875,348141,0.0,0.0
2016-09-14 00:00:00+07:00,8125.691026910699,8125.691026910699,7912.480503324473,7959.8603515625,876894,0.0,0.0
2016-09-15 00:00:00+07:00,7959.860163797657,8102.000670370875,7959.860163797657,8030.93017578125,635118,0.0,0.0
2016-09-16 00:00:00+07:00,8054.620340644458,8054.620340644458,8007.240493524074,8030.93017578125,325590,0.0,0.0
2016-09-19 00:00:00+07:00,8030.9299952889105,8125.69065261203,8030.9299952889105,8102.00048828125,1064994,0.0,0.0
2016-09-20 00:00:00+07:00,8054.62038189048,8102.00071185952,8054.62038189048,8078.310546875,531067,0.0,0.0
2016-09-21 00:00:00+07:00,8078.310281393479,8102.000445599458,8054.6201171875,8054.6201171875,278090,0.0,0.0
2016-09-22 00:00:00+07:00,8102.000445599458,8102.000445599458,8054.6201171875,8054.6201171875,684393,0.0,0.0
2016-09-23 00:00:00+07:00,8054.620571132439,8102.000902214673,8007.24072265625,8007.24072265625,2248521,0.0,0.0
2016-09-26 00:00:00+07:00,8007.24072265625,8054.620571132439,8007.24072265625,8007.24072265625,460162,0.0,0.0
2016-09-27 00:00:00+07:00,7983.550409948277,8149.381083073168,7983.550409948277,8125.69091796875,1578019,0.0,0.0
2016-09-28 00:00:00+07:00,8149.380931556215,8338.90128365584,8125.690766892255,8244.140625,1755147,0.0,0.0
2016-09-29 00:00:00+07:00,8291.521108487605,8291.521108487605,8125.69091796875,8125.69091796875,218012,0.0,0.0
2016-09-30 00:00:00+07:00,8102.000670370875,8125.690835234083,8030.93017578125,8030.93017578125,899443,0.0,0.0
2016-10-03 00:00:00+07:00,8054.620340644458,8149.381000097291,8030.93017578125,8030.93017578125,328302,0.0,0.0
2016-10-04 00:00:00+07:00,8030.930545718297,8244.141074096446,8007.240862369878,8196.7607421875,1463681,0.0,0.0
2016-10-05 00:00:00+07:00,8196.760377779898,8457.35122648177,8149.381013189429,8338.9013671875,3067714,0.0,0.0
2016-10-06 00:00:00+07:00,8386.281696990034,8433.661061580504,8315.211202286233,8338.9013671875,1766807,0.0,0.0
2016-10-07 00:00:00+07:00,8338.901737914335,8338.901737914335,8196.7607421875,8196.7607421875,614759,0.0,0.0
2016-10-10 00:00:00+07:00,8196.76018039233,8291.520837715449,8102.00048828125,8102.00048828125,1160806,0.0,0.0
2016-10-11 00:00:00+07:00,8102.000752864332,8149.381083073168,8054.6204226554955,8125.69091796875,995988,0.0,0.0
2016-10-12 00:00:00+07:00,8173.071248177586,8244.140778278768,8102.000752864332,8125.69091796875,636664,0.0,0.0
2016-10-13 00:00:00+07:00,8173.071248177586,8173.071248177586,8078.310587759914,8125.69091796875,676881,0.0,0.0
2016-10-14 00:00:00+07:00,8149.381041828562,8196.760406585536,8078.310546875,8078.310546875,1336681,0.0,0.0
2016-10-17 00:00:00+07:00,8078.310546875,8125.690876844042,8054.62038189048,8078.310546875,774865,0.0,0.0
2016-10-18 00:00:00+07:00,8078.310546875,8102.00071185952,8030.930216905959,8078.310546875,674567,0.0,0.0
2016-10-19 00:00:00+07:00,8102.000341023523,8291.520687013099,8078.310177123323,8220.4501953125,2394146,0.0,0.0
2016-10-20 00:00:00+07:00,8244.141074096446,8267.831240050918,8173.071541445134,8196.7607421875,629445,0.0,0.0
2016-10-21 00:00:00+07:00,8220.45061317435,8220.45061317435,8125.69091796875,8125.69091796875,498796,0.0,0.0
2016-10-24 00:00:00+07:00,8125.691209536189,8267.831240050918,8125.691209536189,8196.7607421875,1721081,0.0,0.0
2016-10-25 00:00:00+07:00,8244.140551979473,8244.140551979473,8102.00053046674,8149.380859375,1318868,0.0,0.0
2016-10-26 00:00:00+07:00,8149.381000097291,8149.381000097291,8030.93017578125,8030.93017578125,788549,0.0,0.0
2016-10-27 00:00:00+07:00,8030.930288820791,8054.620454017451,7865.10009765625,7865.10009765625,1706853,0.0,0.0
2016-10-28 00:00:00+07:00,8007.24027138156,8054.6201171875,7865.099768751705,8054.6201171875,2081321,0.0,0.0
2016-10-31 00:00:00+07:00,8149.380963663795,8149.380963663795,7959.860128211453,7983.55029296875,519114,0.0,0.0
2016-11-01 00:00:00+07:00,7983.550251141358,8030.930097801689,7865.09991058149,7936.169921875,582008,0.0,0.0
2016-11-02 00:00:00+07:00,7936.170151462477,7983.550482099513,7888.790303431482,7912.48046875,837676,0.0,0.0
2016-11-03 00:00:00+07:00,7888.79026285291,7912.480428049569,7865.10009765625,7865.10009765625,722985,0.0,0.0
2016-11-04 00:00:00+07:00,7912.480428049569,7912.480428049569,7865.10009765625,7865.10009765625,323775,0.0,0.0
2016-11-07 00:00:00+07:00,7865.1001381129645,7936.170151462477,7865.1001381129645,7912.48046875,480271,0.0,0.0
2016-11-08 00:00:00+07:00,7912.48016116152,7959.860007350679,7841.40966796875,7841.40966796875,631990,0.0,0.0
2016-11-09 00:00:00+07:00,7865.099795409048,7912.480123981592,7746.649456583706,7794.02978515625,1007231,0.0,0.0
2016-11-10 00:00:00+07:00,7794.030084672309,7888.79026285291,7794.030084672309,7865.10009765625,1396259,0.0,0.0
2016-11-11 00:00:00+07:00,7865.099795409048,7888.78995969532,7794.02978515625,7794.02978515625,659922,0.0,0.0
2016-11-14 00:00:00+07:00,7841.409891635824,7841.409891635824,7794.030044095211,7817.7197265625,633931,0.0,0.0
2016-11-15 00:00:00+07:00,7817.7197265625,7841.409891635824,7794.030044095211,7817.7197265625,469715,0.0,0.0
2016-11-16 00:00:00+07:00,7865.100021007118,7865.100021007118,7770.33984375,7770.33984375,349246,0.0,0.0
2016-11-17 00:00:00+07:00,7770.34003355863,7817.719882041535,7699.27001953125,7699.27001953125,1259559,0.0,0.0
2016-11-18 00:00:00+07:00,7699.27001953125,7746.649868014155,7651.8896884423,7699.27001953125,593648,0.0,0.0
2016-11-21 00:00:00+07:00,7699.269646795253,7841.40966796875,7699.269646795253,7841.40966796875,1233734,0.0,0.0
2016-11-22 00:00:00+07:00,7817.719581315132,7936.169921875,7794.02989928798,7936.169921875,1110949,0.0,0.0
2016-11-23 00:00:00+07:00,7912.480239847848,7959.860086508179,7888.790075214669,7936.169921875,860768,0.0,0.0
2016-11-24 00:00:00+07:00,7888.790185972905,7936.170033298447,7722.959513818425,7770.33984375,673004,0.0,0.0
2016-11-25 00:00:00+07:00,7817.719882041535,7817.719882041535,7675.579853986775,7699.27001953125,1519233,0.0,0.0
2016-11-28 00:00:00+07:00,7722.9593945436245,7722.9593945436245,7604.509054150088,7628.19921875,697597,0.0,0.0
2016-11-29 00:00:00+07:00,7604.50927734375,7699.2699385246415,7604.50927734375,7604.50927734375,943605,0.0,0.0
2016-11-30 00:00:00+07:00,7604.509054150088,7675.579547949826,7580.819372156201,7628.19921875,1207221,0.0,0.0
2016-12-01 00:00:00+07:00,7628.19926038532,7699.269754572965,7628.19926038532,7675.57958984375,921014,0.0,0.0
2016-12-02 00:00:00+07:00,7699.269979278741,7746.64982751394,7651.8896484375,7651.8896484375,1229166,0.0,0.0
2016-12-05 00:00:00+07:00,7722.959621213824,7722.959621213824,7604.50927734375,7604.50927734375,1434269,0.0,0.0
2016-12-06 00:00:00+07:00,7604.509393608598,7675.579890580859,7438.67919921875,7438.67919921875,1443842,0.0,0.0
2016-12-07 00:00:00+07:00,7438.67893434512,7486.05878136683,7391.29860471738,7414.98876953125,1685346,0.0,0.0
2016-12-08 00:00:00+07:00,7414.988733510295,7580.819403795773,7367.60888671875,7367.60888671875,1172363,0.0,0.0
2016-12-09 00:00:00+07:00,7367.609070083913,7438.679083343036,7296.53857421875,7296.53857421875,1213583,0.0,0.0
2016-12-12 00:00:00+07:00,7343.91874905413,7343.91874905413,7012.257889868304,7107.01806640625,1865747,0.0,0.0
2016-12-13 00:00:00+07:00,7154.3977533364105,7154.3977533364105,6893.8073943376785,6917.49755859375,1409318,0.0,0.0
2016-12-14 00:00:00+07:00,6917.497817463422,7035.948160570462,6917.497817463422,6941.1875,1364196,0.0,0.0
2016-12-15 00:00:00+07:00,7012.258076770078,7296.53861396101,6964.877745935235,7035.9482421875,1286805,0.0,0.0
2016-12-16 00:00:00+07:00,7083.327901620256,7107.01806640625,7035.948054654298,7107.01806640625,971810,0.0,0.0
2016-12-19 00:00:00+07:00,7201.7783610572,7391.298717241327,7178.088195882674,7249.15869140625,2048883,0.0,0.0
2016-12-20 00:00:00+07:00,7249.158426026016,7391.298446657571,7225.46826171875,7225.46826171875,1157969,0.0,0.0
2016-12-21 00:00:00+07:00,7225.468485352996,7296.53849786845,7154.397990231508,7201.7783203125,1666134,0.0,0.0
2016-12-22 00:00:00+07:00,7225.468443932825,7249.158608837516,7107.018102015399,7154.39794921875,1078803,0.0,0.0
2016-12-23 00:00:00+07:00,7130.7083077970465,7201.7783203125,7083.327977716054,7201.7783203125,1004082,0.0,0.0
2016-12-26 00:00:00+07:00,7201.77805479207,7249.15838312621,7130.708044896878,7178.087890625,680636,0.0,0.0
2016-12-27 00:00:00+07:00,7178.088155272004,7225.468485352996,7154.397990231508,7201.7783203125,549216,0.0,0.0
2016-12-28 00:00:00+07:00,7201.7783203125,7225.468485352996,7154.397990231508,7201.7783203125,1123194,0.0,0.0
2016-12-29 00:00:00+07:00,7154.397913372208,7249.158572516184,7107.01806640625,7107.01806640625,1841717,0.0,0.0
2016-12-30 00:00:00+07:00,7107.018330427681,7225.46867615198,7059.637999095542,7130.70849609375,898046,0.0,0.0
2017-01-03 00:00:00+07:00,7225.468350975592,7628.19921875,7225.468350975592,7628.19921875,2103518,0.0,0.0
2017-01-04 00:00:00+07:00,7770.33984375,7865.100021007118,7628.199336561307,7770.33984375,2099762,0.0,0.0
2017-01-05 00:00:00+07:00,7722.9595488752375,7817.7197265625,7580.819523647362,7817.7197265625,1860783,0.0,0.0
2017-01-06 00:00:00+07:00,7628.199194503802,8102.000554571971,7628.199194503802,7888.7900390625,2401823,0.0,0.0
2017-01-09 00:00:00+07:00,8054.62015961969,8196.76018039233,7959.85998490259,8102.00048828125,2786576,0.0,0.0
2017-01-10 00:00:00+07:00,8054.620571132439,8054.620571132439,7959.860391574016,8007.24072265625,1446700,0.0,0.0
2017-01-11 00:00:00+07:00,8007.240079600777,8386.28125,8007.240079600777,8386.28125,4398056,0.0,0.0
2017-01-12 00:00:00+07:00,8386.281696990034,8433.661061580504,8244.140707582432,8338.9013671875,1543577,0.0,0.0
2017-01-13 00:00:00+07:00,8338.901737914335,8338.901737914335,8173.071541445134,8196.7607421875,1300634,0.0,0.0
2017-01-16 00:00:00+07:00,8054.620412083673,8054.620412083673,7817.7197265625,7817.7197265625,1678003,0.0,0.0
2017-01-17 00:00:00+07:00,7959.860428619804,8362.591796875,7936.170262968431,8362.591796875,6266497,0.0,0.0
2017-01-18 00:00:00+07:00,8362.591903868808,8646.871964898268,8149.381375490661,8196.7607421875,3388905,0.0,0.0
2017-01-19 00:00:00+07:00,8102.000939921993,8362.591796875,8102.000939921993,8362.591796875,2270402,0.0,0.0
2017-01-20 00:00:00+07:00,8362.591161578728,8623.181998734952,8338.900997727069,8481.041015625,4881167,0.0,0.0
2017-01-23 00:00:00+07:00,8481.041174290653,9025.913022648374,8457.351009995791,8670.5615234375,6249224,0.0,0.0
2017-01-24 00:00:00+07:00,8812.70286055184,8883.772391057786,8575.802173370506,8789.0126953125,4401395,0.0,0.0
2017-01-25 00:00:00+07:00,8765.32253007316,8883.772391057786,8575.802173370506,8789.0126953125,5095780,0.0,0.0
2017-02-03 00:00:00+07:00,8860.081689755538,8954.842344979585,8623.18198211946,8741.6318359375,4319163,0.0,0.0
2017-02-06 00:00:00+07:00,8694.251687732361,8789.012344911804,8599.491995764956,8670.5615234375,2888293,0.0,0.0
2017-02-07 00:00:00+07:00,8623.18235232306,8836.392870518528,8575.80202267694,8599.4921875,6713916,0.0,0.0
2017-02-08 00:00:00+07:00,8599.492557554991,8646.871924027886,8433.6613966575,8457.3515625,6057933,0.0,0.0
2017-02-09 00:00:00+07:00,8504.731972565838,8623.182802869991,8504.731972565838,8552.1123046875,3321692,0.0,0.0
2017-02-10 00:00:00+07:00,8552.112008131166,8860.082225818445,8528.421842891823,8789.0126953125,7439280,0.0,0.0
2017-02-13 00:00:00+07:00,8789.012430149613,8836.39275919884,8694.251772051159,8765.322265625,4041153,0.0,0.0
2017-02-14 00:00:00+07:00,8741.631921968366,8907.462105030447,8741.631921968366,8836.392578125,5592700,0.0,0.0
2017-02-15 00:00:00+07:00,8836.393062290623,9191.74361192439,8836.393062290623,9144.36328125,10021800,0.0,0.0
2017-02-16 00:00:00+07:00,9191.74361192439,9310.193473398287,9002.22325443891,9144.36328125,12324600,0.0,0.0
2017-02-17 00:00:00+07:00,9096.982797862453,9144.363127741459,8931.152608497996,8954.8427734375,5795465,0.0,0.0
2017-02-20 00:00:00+07:00,8883.772123036018,9002.222945659085,8717.941936575773,8765.322265625,5619965,0.0,0.0
2017-02-21 00:00:00+07:00,8860.081872584347,8931.15236546893,8670.5615234375,8670.5615234375,5464325,0.0,0.0
2017-02-22 00:00:00+07:00,8717.942232416166,8717.942232416166,8457.351379014406,8528.421875,8170777,0.0,0.0
2017-02-23 00:00:00+07:00,8575.801671031635,8599.491834883294,8291.520670023752,8481.041015625,5160261,0.0,0.0
2017-02-24 00:00:00+07:00,8433.661474383347,8717.942501901203,8386.282107473797,8552.1123046875,2935854,0.0,0.0
2017-02-27 00:00:00+07:00,8481.041174290653,8741.632016322083,8457.351009995791,8670.5615234375,3176106,0.0,0.0
2017-02-28 00:00:00+07:00,8670.562236555781,8765.322901528902,8575.80253679478,8646.8720703125,5394837,0.0,0.0
2017-03-01 00:00:00+07:00,8623.182536314123,8646.871736430574,8409.971048357344,8528.421875,2467118,0.0,0.0
2017-03-02 00:00:00+07:00,8623.18226827326,8623.18226827326,8481.041280720348,8504.7314453125,1703078,0.0,0.0
2017-03-03 00:00:00+07:00,8504.731338585512,8694.251687732361,8386.281482323247,8670.5615234375,3659028,0.0,0.0
2017-03-06 00:00:00+07:00,8741.632548549718,8860.082412023714,8670.562051338064,8717.9423828125,4533170,0.0,0.0
2017-03-07 00:00:00+07:00,8646.871359142639,8765.322180616944,8646.871359142639,8670.5615234375,1762050,0.0,0.0
2017-03-08 00:00:00+07:00,8646.871623088991,8931.152638092979,8552.11192822904,8694.251953125,4114020,0.0,0.0
2017-03-09 00:00:00+07:00,8694.252217075282,8860.082412023714,8694.252217075282,8717.9423828125,2673032,0.0,0.0
2017-03-10 00:00:00+07:00,8717.942314178255,8836.393141931814,8623.1826171875,8623.1826171875,2022848,0.0,0.0
2017-03-13 00:00:00+07:00,8623.18226827326,8646.87146765336,8504.7314453125,8504.7314453125,2209446,0.0,0.0
2017-03-14 00:00:00+07:00,8481.041015625,8575.801671031635,8433.660687921683,8481.041015625,2088393,0.0,0.0
2017-03-15 00:00:00+07:00,8481.041463015215,8575.802123420646,8409.970967711142,8433.6611328125,2186291,0.0,0.0
2017-03-16 00:00:00+07:00,8481.041728342498,8575.802391712492,8433.6613966575,8457.3515625,1848934,0.0,0.0
2017-03-17 00:00:00+07:00,8528.422138626669,8670.562169779541,8528.422138626669,8552.1123046875,1537403,0.0,0.0
2017-03-20 00:00:00+07:00,8623.182160059818,8717.941852027221,8528.421502880374,8670.5615234375,3502616,0.0,0.0
2017-03-21 00:00:00+07:00,8741.632101100386,8860.081958511404,8717.941936575773,8765.322265625,5152792,0.0,0.0
2017-03-22 00:00:00+07:00,8860.082143038964,8954.842803110983,8694.251953125,8694.251953125,5282148,0.0,0.0
2017-03-23 00:00:00+07:00,8694.251772051159,8789.012430149613,8646.871443001934,8765.322265625,2185644,0.0,0.0
2017-03-24 00:00:00+07:00,8812.702667023852,8931.152525407308,8765.322337585647,8860.08203125,5510928,0.0,0.0
2017-03-27 00:00:00+07:00,9002.22355513906,9120.673420569523,8860.08255836797,8907.462890625,3864818,0.0,0.0
2017-03-28 00:00:00+07:00,8907.462287560631,8954.842616609858,8717.941936575773,8765.322265625,2069785,0.0,0.0
2017-03-29 00:00:00+07:00,8741.63228316101,8765.322448179015,8670.561788106996,8694.251953125,2292515,0.0,0.0
2017-03-30 00:00:00+07:00,8717.942118143004,8812.702778215023,8694.251953125,8694.251953125,2069993,0.0,0.0
2017-03-31 00:00:00+07:00,8741.63194124017,8741.63194124017,8528.421429629729,8575.8017578125,3014708,0.0,0.0
2017-04-03 00:00:00+07:00,8599.492370985592,8623.182536314123,8481.041544342937,8528.421875,3282140,0.0,0.0
2017-04-04 00:00:00+07:00,8575.801939088955,8599.492103681107,8504.7314453125,8504.7314453125,1618654,0.0,0.0
2017-04-05 00:00:00+07:00,8552.112040328531,8599.492370985592,8481.041544342937,8528.421875,1665173,0.0,0.0
2017-04-07 00:00:00+07:00,8504.731709671469,8575.802205657063,8457.351379014406,8528.421875,1421105,0.0,0.0
2017-04-10 00:00:00+07:00,8528.421343328317,8599.491834883294,8481.041015625,8481.041015625,933113,0.0,0.0
2017-04-11 00:00:00+07:00,8481.041101446956,8599.491921903886,8409.970609172799,8575.8017578125,2951687,0.0,0.0
2017-04-12 00:00:00+07:00,8528.42179321793,8670.561818614004,8433.6611328125,8433.6611328125,2387909,0.0,0.0
2017-04-13 00:00:00+07:00,8481.041196193124,8552.111689261248,8409.970703125,8409.970703125,2407560,0.0,0.0
2017-04-14 00:00:00+07:00,8338.901816731774,8409.971350054819,8244.141152018226,8291.521484375,3433232,0.0,0.0
2017-04-17 00:00:00+07:00,8291.520794035254,8433.66081405909,8054.6201171875,8054.6201171875,3386026,0.0,0.0
2017-04-18 00:00:00+07:00,8054.62071167277,8196.7607421875,8030.930545718297,8196.7607421875,2248686,0.0,0.0
2017-04-19 00:00:00+07:00,8173.071541445134,8244.141074096446,8173.071541445134,8196.7607421875,1037790,0.0,0.0
2017-04-20 00:00:00+07:00,8244.140625,8315.21111899188,8125.690766892255,8244.140625,1155048,0.0,0.0
2017-04-21 00:00:00+07:00,8244.14050905389,8244.14050905389,8078.31032395047,8102.00048828125,1360943,0.0,0.0
2017-04-24 00:00:00+07:00,8102.000445599458,8149.380774011415,8054.6201171875,8054.6201171875,758531,0.0,0.0
2017-04-25 00:00:00+07:00,8054.62015961969,8196.76018039233,8030.9299952889105,8102.00048828125,1015845,0.0,0.0
2017-04-26 00:00:00+07:00,8054.62020155848,8196.760223071215,8054.62020155848,8149.380859375,991523,0.0,0.0
2017-04-27 00:00:00+07:00,8149.381375490661,8244.141074096446,8149.381375490661,8196.7607421875,856785,0.0,0.0
2017-04-28 00:00:00+07:00,8196.7600314123,8362.5911787137,8149.380668823923,8220.4501953125,1862702,0.0,0.0
2017-05-03 00:00:00+07:00,8315.211650553387,8338.901816731774,8220.45098583984,8291.521484375,989832,0.0,0.0
2017-05-04 00:00:00+07:00,8291.521107416427,8528.42179321793,8244.140777213712,8433.6611328125,2406267,0.0,0.0
2017-05-05 00:00:00+07:00,8386.281503981001,8457.351031837083,8362.59133962496,8409.970703125,879398,0.0,0.0
2017-05-08 00:00:00+07:00,8386.281503981001,8481.041196193124,8338.901175268918,8409.970703125,1467790,0.0,0.0
2017-05-09 00:00:00+07:00,8362.59142297164,8528.421609904652,8338.901258379488,8504.7314453125,1761090,0.0,0.0
2017-05-10 00:00:00+07:00,8504.731338585512,8765.322180616944,8481.041174290653,8670.5615234375,4098124,0.0,0.0
2017-05-11 00:00:00+07:00,8717.941777148784,8717.941777148784,8575.8017578125,8575.8017578125,1337267,0.0,0.0
2017-05-12 00:00:00+07:00,8528.421693030823,8741.632211226291,8528.421693030823,8599.4921875,1467040,0.0,0.0
2017-05-15 00:00:00+07:00,8599.491921903886,8623.182085995271,8457.35093735557,8575.8017578125,2316127,0.0,0.0
2017-05-16 00:00:00+07:00,8504.731628116573,8623.182453623362,8386.281767821858,8433.6611328125,1701743,0.0,0.0
2017-05-17 00:00:00+07:00,8409.970703125,8552.111689261248,8338.901175268918,8409.970703125,1366011,0.0,0.0
2017-05-18 00:00:00+07:00,8433.660951536045,8646.87146765336,8409.970786943893,8504.7314453125,1947312,0.0,0.0
2017-05-19 00:00:00+07:00,8528.421954984653,8717.942314178255,8528.421954984653,8623.1826171875,2277245,0.0,0.0
2017-05-22 00:00:00+07:00,8765.322056853944,9215.433241676823,8670.561401012485,9096.982421875,10786257,0.0,0.0
2017-05-23 00:00:00+07:00,9096.982713228968,9215.433536824481,8860.08203125,8860.08203125,4099499,0.0,0.0
2017-05-24 00:00:00+07:00,8907.46233491944,9215.433510164774,8765.322312228085,9120.6728515625,6001109,0.0,0.0
2017-05-25 00:00:00+07:00,9120.672962801957,9191.743457620465,8931.152608497996,8954.8427734375,4631424,0.0,0.0
2017-05-26 00:00:00+07:00,8954.8427734375,9096.982797862453,8907.462443558494,8954.8427734375,4331428,0.0,0.0
2017-05-29 00:00:00+07:00,9073.292166783122,9428.643657407441,9073.292166783122,9262.8134765625,11661358,0.0,0.0
2017-05-30 00:00:00+07:00,9262.813952438975,9333.88348204542,8954.8427734375,8954.8427734375,5639095,0.0,0.0
2017-05-31 00:00:00+07:00,8954.843222882031,9073.293088312492,8860.08255836797,8907.462890625,2208780,0.0,0.0
2017-06-01 00:00:00+07:00,8907.462105030447,9049.603089265398,8836.392578125,8836.392578125,3459434,0.0,0.0
2017-06-02 00:00:00+07:00,8860.08203125,8883.772195969103,8741.632172866544,8860.08203125,3273317,0.0,0.0
2017-06-05 00:00:00+07:00,9002.22355513906,9049.603887396092,8883.772724496484,8907.462890625,2020367,0.0,0.0
2017-06-06 00:00:00+07:00,8931.152239364472,9120.672585835364,8860.081747483377,9096.982421875,3679494,0.0,0.0
2017-06-07 00:00:00+07:00,9144.363505445908,9499.715029004048,9144.363505445908,9428.64453125,12715444,0.0,0.0
2017-06-08 00:00:00+07:00,9381.263329962596,9428.643657407441,9191.742985395233,9262.8134765625,2681606,0.0,0.0
2017-06-09 00:00:00+07:00,9262.813656611223,9404.95367649663,9191.7431640625,9191.7431640625,2525841,0.0,0.0
2017-06-12 00:00:00+07:00,9239.1240234375,9333.88372040331,9144.3633612596,9239.1240234375,2428880,0.0,0.0
2017-06-13 00:00:00+07:00,9239.123649572002,9428.644001046683,9168.053155814478,9381.263671875,2622404,0.0,0.0
2017-06-14 00:00:00+07:00,9476.024746454907,9689.235271880749,9476.024746454907,9594.474609375,6632289,0.0,0.0
2017-06-15 00:00:00+07:00,9570.784522456204,9902.445878741732,9570.784522456204,9689.2353515625,5994141,0.0,0.0
2017-06-16 00:00:00+07:00,9594.474426351424,9760.304617361026,9594.474426351424,9665.544921875,2190546,0.0,0.0
2017-06-19 00:00:00+07:00,9736.614077523702,9855.064898838365,9665.54454994694,9807.6845703125,4442614,0.0,0.0
2017-06-20 00:00:00+07:00,9902.4453125,9926.135476966607,9783.99449016696,9902.4453125,4094285,0.0,0.0
2017-06-21 00:00:00+07:00,9902.445797306591,9902.445797306591,9428.644415202032,9594.474609375,5565102,0.0,0.0
2017-06-22 00:00:00+07:00,9618.164168083887,9689.234660478567,9452.333984375,9452.333984375,3827436,0.0,0.0
2017-06-23 00:00:00+07:00,9428.644084471594,9476.0244140625,9310.193260494332,9476.0244140625,3216096,0.0,0.0
2017-06-26 00:00:00+07:00,9452.33458082847,9736.61463792153,9452.33458082847,9594.474609375,2771098,0.0,0.0
2017-06-27 00:00:00+07:00,9618.164437623156,9665.544767214062,9476.0244140625,9476.0244140625,3077414,0.0,0.0
2017-06-28 00:00:00+07:00,9523.403585684046,9570.783914315954,9333.883236368447,9547.09375,2715378,0.0,0.0
2017-06-29 00:00:00+07:00,9476.024222264175,9712.924900211683,9476.024222264175,9547.09375,3286041,0.0,0.0
2017-06-30 00:00:00+07:00,9570.784443748562,9594.474609375,9523.404112495688,9594.474609375,1795866,0.0,0.0
2017-07-03 00:00:00+07:00,9618.164920505838,9783.9951171875,9570.784588536191,9783.9951171875,5508611,0.0,0.0
2017-07-04 00:00:00+07:00,9807.684678647744,9807.684678647744,9594.474163138273,9641.8544921875,1689079,0.0,0.0
2017-07-05 00:00:00+07:00,9712.925252224051,9712.925252224051,9594.474426351424,9665.544921875,2333234,0.0,0.0
2017-07-06 00:00:00+07:00,9665.545106254312,9712.925437507187,9594.474609375,9594.474609375,3350898,0.0,0.0
2017-07-07 00:00:00+07:00,9641.855059300042,9712.925557054092,9428.64453125,9428.64453125,3890915,0.0,0.0
2017-07-10 00:00:00+07:00,9428.643915919214,9523.403608194982,8907.462230160347,9286.5029296875,5518270,0.0,0.0
2017-07-11 00:00:00+07:00,9239.123566155638,9333.883258431404,9096.982579923924,9286.5029296875,2258782,0.0,0.0
2017-07-12 00:00:00+07:00,9333.88372040331,9333.88372040331,9144.3633612596,9239.1240234375,1752307,0.0,0.0
2017-07-13 00:00:00+07:00,9286.503457625024,9333.8837890625,9144.363428524695,9333.8837890625,5244371,0.0,0.0
2017-07-14 00:00:00+07:00,9333.88390786731,9381.264239907858,9144.363544917225,9168.0537109375,2928993,0.0,0.0
2017-07-17 00:00:00+07:00,9168.053752826552,9191.743918955068,8812.703191323055,8907.462890625,4457051,0.0,0.0
2017-07-18 00:00:00+07:00,8907.4628235888,9002.223487389705,8812.703125,8812.703125,5240052,0.0,0.0
2017-07-19 00:00:00+07:00,8931.152608497996,8954.8427734375,8860.082113679488,8954.8427734375,4934193,0.0,0.0
2017-07-20 00:00:00+07:00,8954.842328723986,9002.22265625,8789.012147594953,9002.22265625,4182712,0.0,0.0
2017-07-21 00:00:00+07:00,9002.223487389705,9120.673351928732,8812.703125,8812.703125,4449875,0.0,0.0
2017-07-24 00:00:00+07:00,8812.703125,8883.772657638572,8765.322793099547,8812.703125,1883042,0.0,0.0
2017-07-25 00:00:00+07:00,8860.082194382696,9049.603515625,8860.082194382696,9049.603515625,2840313,0.0,0.0
2017-07-26 00:00:00+07:00,9120.672934288235,9310.193287999702,9049.603404903974,9215.43359375,6666166,0.0,0.0
2017-07-27 00:00:00+07:00,9120.673115912805,9239.123942598782,9096.98295057561,9144.36328125,4274083,0.0,0.0
2017-07-28 00:00:00+07:00,9144.3633612596,9357.573885947786,9120.673195715124,9239.1240234375,6823517,0.0,0.0
2017-07-31 00:00:00+07:00,9333.883574643722,9665.544921875,9333.883574643722,9665.544921875,7747807,0.0,0.0
2017-08-01 00:00:00+07:00,9665.544767214062,9665.544767214062,9476.0244140625,9476.0244140625,5764029,0.0,0.0
2017-08-02 00:00:00+07:00,9333.883236368447,9736.614099315597,9286.502907736538,9547.09375,9143131,0.0,0.0
2017-08-03 00:00:00+07:00,9594.474078631909,9760.304263631553,9523.403585684046,9547.09375,11948442,0.0,0.0
2017-08-04 00:00:00+07:00,9570.783839820768,9618.164168083887,9310.19299958564,9452.333984375,7366601,0.0,0.0
2017-08-07 00:00:00+07:00,9499.71431263812,9523.403511557648,9357.57332784876,9452.333984375,5702782,0.0,0.0
2017-08-08 00:00:00+07:00,9452.334349657353,9547.094044633515,9310.193359375,9310.193359375,6973629,0.0,0.0
2017-08-09 00:00:00+07:00,9239.124251212097,9286.503618257013,8860.08255836797,8907.462890625,9188066,0.0,0.0
2017-08-10 00:00:00+07:00,8860.082225818445,9002.223217254494,8765.32253007316,8789.0126953125,7967721,0.0,0.0
2017-08-11 00:00:00+07:00,8836.392475120967,9002.22265625,8765.321983831946,9002.22265625,5765885,0.0,0.0
2017-08-14 00:00:00+07:00,8978.532828871144,9168.053180863637,8978.532828871144,9120.6728515625,2825209,0.0,0.0
2017-08-15 00:00:00+07:00,9120.672778569353,9168.053107491303,9002.222921476525,9025.9130859375,2990446,0.0,0.0
2017-08-16 00:00:00+07:00,8978.532938377002,9025.913268256008,8931.152608497996,8954.8427734375,2500056,0.0,0.0
2017-08-17 00:00:00+07:00,8931.15272153647,9002.223217254494,8789.0126953125,8789.0126953125,3473224,0.0,0.0
2017-08-18 00:00:00+07:00,8765.322793099547,8883.772657638572,8670.56212929864,8812.703125,3019255,0.0,0.0
2017-08-21 00:00:00+07:00,8789.0126953125,8860.082225818445,8765.32253007316,8789.0126953125,2049051,0.0,0.0
2017-08-22 00:00:00+07:00,8789.01306777218,8789.01306777218,8646.8720703125,8646.8720703125,2805434,0.0,0.0
2017-08-23 00:00:00+07:00,8646.8720703125,8717.942569042341,8575.80253679478,8646.8720703125,4495620,0.0,0.0
2017-08-24 00:00:00+07:00,8670.561759375527,8978.532938377002,8646.871594436025,8954.8427734375,5393650,0.0,0.0
2017-08-25 00:00:00+07:00,8978.5326722245,9025.913000699004,8883.7720152755,8931.15234375,3322254,0.0,0.0
2017-08-28 00:00:00+07:00,8931.15234375,8954.84250798725,8836.392652013034,8931.15234375,2184415,0.0,0.0
2017-08-29 00:00:00+07:00,8907.462360688205,8954.84269012641,8836.392831742955,8860.08203125,3097879,0.0,0.0
2017-08-30 00:00:00+07:00,8812.70286055184,8860.082225818445,8789.0126953125,8789.0126953125,1303346,0.0,0.0
2017-08-31 00:00:00+07:00,8836.392735461748,9096.982614108378,8812.702571000773,9025.9130859375,4955097,0.0,0.0
2017-09-01 00:00:00+07:00,9025.9130859375,9168.053107491303,8978.532757015551,9025.9130859375,4327275,0.0,0.0
2017-09-05 00:00:00+07:00,9002.223103316506,9025.913268256008,8907.462443558494,8954.8427734375,1783995,0.0,0.0
2017-09-06 00:00:00+07:00,8954.842957214565,8954.842957214565,8836.39309529821,8883.7724609375,2095194,0.0,0.0
2017-09-07 00:00:00+07:00,8883.77227861899,9025.913268256008,8883.77227861899,8954.8427734375,1929979,0.0,0.0
2017-09-08 00:00:00+07:00,8954.842957214565,9002.22328806594,8883.7724609375,8883.7724609375,2300671,0.0,0.0
2017-09-11 00:00:00+07:00,8883.772391057786,8931.15272153647,8765.32253007316,8789.0126953125,2358266,0.0,0.0
2017-09-12 00:00:00+07:00,8812.702414085841,8883.771940991288,8789.012250046682,8836.392578125,2089520,0.0,0.0
2017-09-13 00:00:00+07:00,8836.393290950225,8883.772657638572,8789.012959049773,8812.703125,2229057,0.0,0.0
2017-09-14 00:00:00+07:00,8812.702929872521,8907.462626363189,8812.702929872521,8883.7724609375,3262447,0.0,0.0
2017-09-15 00:00:00+07:00,8883.772195969103,8883.772195969103,8836.392831742955,8860.08203125,1443071,0.0,0.0
2017-09-18 00:00:00+07:00,8954.843104880401,9168.05363201536,8954.843104880401,9073.29296875,7309090,0.0,0.0
2017-09-19 00:00:00+07:00,9025.913419776105,9239.123942598782,9025.913419776105,9144.36328125,6262431,0.0,0.0
2017-09-20 00:00:00+07:00,9168.053526804075,9286.50338931436,9120.673195715124,9239.1240234375,3321734,0.0,0.0
2017-09-21 00:00:00+07:00,9191.74332040032,9381.263671875,9191.74332040032,9381.263671875,4957873,0.0,0.0
2017-09-22 00:00:00+07:00,9381.263329962596,9452.333821129863,9262.8134765625,9262.8134765625,6740054,0.0,0.0
2017-09-25 00:00:00+07:00,9262.813656611223,9286.502855582094,9168.052999879594,9191.7431640625,3144272,0.0,0.0
2017-09-26 00:00:00+07:00,9191.743428884558,9310.193287999702,9120.672934288235,9215.43359375,3103553,0.0,0.0
2017-09-27 00:00:00+07:00,9049.603887396092,9049.603887396092,8907.462890625,8907.462890625,2440687,0.0,0.0
2017-09-28 00:00:00+07:00,8860.081958511404,8954.842616609858,8765.322265625,8765.322265625,1826155,0.0,0.0
2017-09-29 00:00:00+07:00,8765.322265625,8836.39275919884,8717.941936575773,8765.322265625,2045775,0.0,0.0
2017-10-02 00:00:00+07:00,8765.321999743512,8907.462017367561,8741.6318359375,8741.6318359375,1308352,0.0,0.0
2017-10-03 00:00:00+07:00,8741.632548549718,8812.703045761375,8670.562051338064,8717.9423828125,2534892,0.0,0.0
2017-10-04 00:00:00+07:00,8741.632692937508,8907.462890625,8717.942526808994,8907.462890625,1787520,0.0,0.0
2017-10-05 00:00:00+07:00,9002.223103316506,9120.672962801957,8931.152608497996,8954.8427734375,4371835,0.0,0.0
2017-10-06 00:00:00+07:00,8883.772359537983,9073.292715568214,8883.772359537983,9049.603515625,2171169,0.0,0.0
2017-10-09 00:00:00+07:00,9096.982421875,9168.052913756093,9073.292257914634,9096.982421875,3539644,0.0,0.0
2017-10-10 00:00:00+07:00,9049.603515625,9073.292715568214,8978.533020159137,9049.603515625,3511149,0.0,0.0
2017-10-11 00:00:00+07:00,9049.603433195512,9096.982797862453,8931.152608497996,8954.8427734375,3680931,0.0,0.0
2017-10-12 00:00:00+07:00,8954.84250798725,9002.222836461753,8931.15234375,8931.15234375,1288473,0.0,0.0
2017-10-13 00:00:00+07:00,8931.152164960979,9002.22265625,8860.081673671957,9002.22265625,1255598,0.0,0.0
2017-10-16 00:00:00+07:00,9002.22343651308,9096.98313456634,9002.22343651308,9073.29296875,3281952,0.0,0.0
2017-10-17 00:00:00+07:00,9049.603144177092,9215.433328245408,9049.603144177092,9191.7431640625,6324261,0.0,0.0
2017-10-18 00:00:00+07:00,9286.50338931436,9404.954217036735,9191.74369234855,9239.1240234375,8530268,0.0,0.0
2017-10-19 00:00:00+07:00,9239.1240234375,9286.50338931436,9168.053526804075,9239.1240234375,2421953,0.0,0.0
2017-10-20 00:00:00+07:00,9215.43359375,9310.193287999702,9144.363099153676,9215.43359375,3830710,0.0,0.0
2017-10-23 00:00:00+07:00,9215.433894293403,9310.193591633508,8954.84303748695,8978.533203125,4023045,0.0,0.0
2017-10-24 00:00:00+07:00,8907.46217951275,9025.913000699004,8907.46217951275,8931.15234375,2117243,0.0,0.0
2017-10-25 00:00:00+07:00,8978.533020159137,9073.292715568214,8931.152689848559,9049.603515625,2927844,0.0,0.0
2017-10-26 00:00:00+07:00,9073.293088312492,9073.293088312492,8907.462890625,8907.462890625,3061415,0.0,0.0
2017-10-27 00:00:00+07:00,8883.772359537983,9049.603515625,8883.772359537983,9049.603515625,2623572,0.0,0.0
2017-10-30 00:00:00+07:00,9120.673231741204,9191.743728655354,8978.533203125,8978.533203125,5361816,0.0,0.0
2017-10-31 00:00:00+07:00,8954.842957214565,9002.22328806594,8883.7724609375,8883.7724609375,2145009,0.0,0.0
2017-11-01 00:00:00+07:00,8883.772724496484,8978.533389010545,8860.08255836797,8907.462890625,1739103,0.0,0.0
2017-11-02 00:00:00+07:00,8931.152452085245,9049.603274708312,8765.322265625,8765.322265625,3152846,0.0,0.0
2017-11-03 00:00:00+07:00,8765.322599021145,8883.7724609375,8717.942268169769,8883.7724609375,2290990,0.0,0.0
2017-11-06 00:00:00+07:00,8978.532651628371,9191.7431640625,8883.771994896742,9191.7431640625,5932749,0.0,0.0
2017-11-07 00:00:00+07:00,9144.3633612596,9357.573885947786,9144.3633612596,9239.1240234375,7137803,0.0,0.0
2017-11-08 00:00:00+07:00,9191.743837281942,9476.024863086033,9191.743837281942,9428.64453125,10383793,0.0,0.0
2017-11-09 00:00:00+07:00,9428.64445193745,9452.33461765619,9262.814257118383,9333.8837890625,2929095,0.0,0.0
2017-11-10 00:00:00+07:00,9381.263904992773,9760.304617361026,9286.50324429467,9665.544921875,10755988,0.0,0.0
2017-11-13 00:00:00+07:00,9760.304617361026,9760.304617361026,9594.474426351424,9665.544921875,6864194,0.0,0.0
2017-11-14 00:00:00+07:00,9689.234797512576,9949.82467622117,9665.544633045967,9902.4453125,5685843,0.0,0.0
2017-11-15 00:00:00+07:00,9855.0654296875,9902.445760765537,9783.994933070446,9855.0654296875,5126257,0.0,0.0
2017-11-16 00:00:00+07:00,9807.685166309326,9949.8251953125,9807.685166309326,9949.8251953125,8314757,0.0,0.0
2017-11-17 00:00:00+07:00,9997.20537573558,10044.585706425112,9736.614522155234,9760.3046875,6681080,0.0,0.0
2017-11-20 00:00:00+07:00,9807.685098609463,9926.135926304554,9760.304767531428,9855.0654296875,3403570,0.0,0.0
2017-11-21 00:00:00+07:00,9949.825273940973,10234.106299405948,9902.445907373565,10044.5859375,10668853,0.0,0.0
2017-11-22 00:00:00+07:00,10091.966084569834,10731.59765625,10068.27591911367,10731.59765625,9466929,0.0,0.0
2017-11-23 00:00:00+07:00,10944.807855361521,11418.6092200008,10802.66783205456,11229.0888671875,10417587,0.0,0.0
2017-11-24 00:00:00+07:00,10992.188545279896,11371.229263334488,10992.188545279896,11086.9482421875,13170685,0.0,0.0
2017-11-27 00:00:00+07:00,11015.878710809819,11134.328573247345,10968.498379749974,11086.9482421875,9685464,0.0,0.0
2017-11-28 00:00:00+07:00,11086.9476374013,11086.9476374013,10755.287268498423,10944.8076171875,7397079,0.0,0.0
2017-11-29 00:00:00+07:00,10944.808003929216,11418.609375,10921.11783885447,11418.609375,13249078,0.0,0.0
2017-11-30 00:00:00+07:00,11560.749471064773,11845.03048849134,11371.229114517755,11513.369140625,11596085,0.0,0.0
2017-12-01 00:00:00+07:00,11513.368802723518,11560.749131772744,11347.538616263273,11394.9189453125,5375939,0.0,0.0
2017-12-04 00:00:00+07:00,11513.36887561209,11560.749204961272,11394.919017451191,11489.6787109375,12476653,0.0,0.0
2017-12-05 00:00:00+07:00,11489.678663218918,11608.129486099924,11110.637960423799,11134.328125,8626811,0.0,0.0
2017-12-06 00:00:00+07:00,11134.328125,11205.398618728603,10850.047115297635,11134.328125,7367686,0.0,0.0
2017-12-07 00:00:00+07:00,11134.328040397279,11181.708369189668,10850.047032854985,11039.5673828125,2804391,0.0,0.0
2017-12-08 00:00:00+07:00,10992.188395200903,11063.257925608254,10802.668038761174,10897.427734375,3619747,0.0,0.0
2017-12-11 00:00:00+07:00,10707.906738491442,10850.046756030046,10139.345703125,10139.345703125,6102157,0.0,0.0
2017-12-12 00:00:00+07:00,10139.345703125,10376.24541061867,9452.333848799706,10139.345703125,9703175,0.0,0.0
2017-12-13 00:00:00+07:00,10234.105409847214,10234.105409847214,9878.7548828125,9878.7548828125,3782003,0.0,0.0
2017-12-14 00:00:00+07:00,9949.82462031656,10471.006305229503,9878.755092528098,10423.6259765625,4837526,0.0,0.0
2017-12-15 00:00:00+07:00,10281.48639755633,10518.38708585863,10281.48639755633,10376.24609375,4449353,0.0,0.0
2017-12-18 00:00:00+07:00,10494.697147908766,10731.597841344286,10471.006982044004,10660.52734375,4776448,0.0,0.0
2017-12-19 00:00:00+07:00,10755.28758519571,10755.28758519571,10423.626241314787,10447.31640625,5406332,0.0,0.0
2017-12-20 00:00:00+07:00,10423.626391779948,10707.907409894044,10234.106034774577,10636.8369140625,4380449,0.0,0.0
2017-12-21 00:00:00+07:00,10707.907526067442,10707.907526067442,10471.0068359375,10471.0068359375,2984898,0.0,0.0
2017-12-22 00:00:00+07:00,10305.17672048651,10613.146944340282,10305.17672048651,10565.767578125,4529687,0.0,0.0
2017-12-25 00:00:00+07:00,10589.45721232384,10660.526740685631,10423.626060651546,10518.38671875,1925618,0.0,0.0
2017-12-26 00:00:00+07:00,10613.146539922545,10992.188211685967,10518.386845890735,10968.498046875,6364271,0.0,0.0
2017-12-27 00:00:00+07:00,11039.5673828125,11229.088697982057,10968.49785483596,11039.5673828125,6769801,0.0,0.0
2017-12-28 00:00:00+07:00,11134.32817124275,11489.6787109375,10992.188148407264,11489.6787109375,5813761,0.0,0.0
2017-12-29 00:00:00+07:00,11560.748949202436,11584.439113352928,11252.777780458071,11465.9892578125,8493845,0.0,0.0
2018-01-02 00:00:00+07:00,11465.989310290306,11845.030008008918,11300.15816047788,11821.33984375,8801102,0.0,0.0
2018-01-03 00:00:00+07:00,11892.410518984285,11963.480047639374,11584.439344105387,11750.26953125,10578882,0.0,0.0
2018-01-04 00:00:00+07:00,11750.269401613308,12176.6904296875,11679.199873742305,12176.6904296875,11046702,0.0,0.0
2018-01-05 00:00:00+07:00,12081.931494361608,12129.310860839809,11845.030801122197,11892.4111328125,6408246,0.0,0.0
2018-01-08 00:00:00+07:00,11892.4103877794,12271.451087131562,11821.339894696355,12176.6904296875,11510328,0.0,0.0
2018-01-09 00:00:00+07:00,12224.07075840953,12247.760922770545,11371.228702261149,12176.6904296875,13687109,0.0,0.0
2018-01-10 00:00:00+07:00,12129.310027284677,12413.591032677923,11939.789678759858,12081.9306640625,20067362,0.0,0.0
2018-01-11 00:00:00+07:00,11939.790450047582,12271.451805299732,11845.030752269893,12153.0009765625,9360394,0.0,0.0
2018-01-12 00:00:00+07:00,12176.690877338873,12484.662060141965,12058.24101639127,12129.310546875,10741093,0.0,0.0
2018-01-15 00:00:00+07:00,12081.930891956588,12484.6617608198,11821.340045865085,12366.2109375,10038425,0.0,0.0
2018-01-16 00:00:00+07:00,12366.210652163669,12768.942476946353,12366.210652163669,12603.111328125,16202876,0.0,0.0
2018-01-17 00:00:00+07:00,12603.1117615222,12697.872421250184,11939.7900390625,11939.7900390625,10978445,0.0,0.0
2018-01-18 00:00:00+07:00,11845.029987103468,12081.9306640625,11465.98929005383,12081.9306640625,10308236,0.0,0.0
2018-01-19 00:00:00+07:00,12081.930578068966,12200.380433099393,11868.720066844573,11987.169921875,8853190,0.0,0.0
2018-01-22 00:00:00+07:00,12129.310364746356,12271.451354003644,12034.55067045356,12200.380859375,5854398,0.0,0.0
2018-01-25 00:00:00+07:00,12366.211429514817,13029.533170861134,12271.451732300824,12674.1826171875,26353031,0.0,0.0
2018-01-26 00:00:00+07:00,12982.153768580634,13147.983962150767,12721.562912849233,12934.7734375,18001518,0.0,0.0
2018-01-29 00:00:00+07:00,12982.153188502136,13621.78473387393,12934.772859538585,13408.57421875,20078710,0.0,0.0
2018-01-30 00:00:00+07:00,13029.533167054002,13361.194520236297,12934.773469867698,13290.1240234375,13845963,0.0,0.0
2018-01-31 00:00:00+07:00,13574.404454995178,13787.61497090578,12887.392578125,12887.392578125,17954873,0.0,0.0
2018-02-01 00:00:00+07:00,13124.293528101203,13455.953908456044,12840.012512645575,12911.0830078125,16198579,0.0,0.0
2018-02-02 00:00:00+07:00,13076.91323793798,13384.884419390057,12934.773212381984,13266.43359375,19541425,0.0,0.0
2018-02-05 00:00:00+07:00,13029.532372679381,13266.433049020101,12342.5205078125,12342.5205078125,16136308,0.0,0.0
2018-02-06 00:00:00+07:00,11489.679238786612,12081.931452436016,11489.679238786612,11537.0595703125,23747753,0.0,0.0
2018-02-07 00:00:00+07:00,12081.93100020599,12342.520883420224,11892.410646408336,12200.380859375,12006162,0.0,0.0
2018-02-08 00:00:00+07:00,11987.17059856149,12200.381121821807,11608.1298828125,11608.1298828125,6616121,0.0,0.0
2018-02-09 00:00:00+07:00,10944.808147645726,11702.889579143706,10921.117982259904,11608.1298828125,9968772,0.0,0.0
2018-02-12 00:00:00+07:00,12081.931407842127,12413.591796875,12034.551076491116,12413.591796875,7538513,0.0,0.0
2018-02-13 00:00:00+07:00,12792.631919848265,12887.392578125,12603.111568506845,12887.392578125,8567504,0.0,0.0
2018-02-21 00:00:00+07:00,13266.433789030598,13692.854837187535,13005.842933998672,13195.3642578125,23353655,0.0,0.0
2018-02-22 00:00:00+07:00,13029.532448554763,14000.825323729083,13029.532448554763,13574.404296875,37720655,0.0,0.0
2018-02-23 00:00:00+07:00,13929.755270239219,14403.556640625,13740.23491512732,14403.556640625,28618117,0.0,0.0
2018-02-26 00:00:00+07:00,14782.596968121947,14972.117318327093,14403.55626771165,14545.6962890625,31607544,0.0,0.0
2018-02-27 00:00:00+07:00,14593.077152647944,15209.0185546875,14356.176464907796,15209.0185546875,38508726,0.0,0.0
2018-02-28 00:00:00+07:00,14924.738581459975,16227.691888399364,14924.738581459975,15919.720703125,39218590,0.0,0.0
2018-03-01 00:00:00+07:00,15635.43983337216,16369.8330380812,15374.8499416523,15493.2998046875,42996214,0.0,0.0
2018-03-02 00:00:00+07:00,15114.259084720345,15777.580827268914,15066.878753421426,15493.2998046875,34070219,0.0,0.0
2018-03-05 00:00:00+07:00,15730.199604757614,15730.199604757614,14450.9365234375,14450.9365234375,30996955,0.0,0.0
2018-03-06 00:00:00+07:00,14829.977918886756,15303.779296875,14545.696899051392,15303.779296875,18097162,0.0,0.0
2018-03-07 00:00:00+07:00,15303.778989954006,15516.98950925152,14758.907126631439,14924.73828125,18343819,0.0,0.0
2018-03-08 00:00:00+07:00,14782.597361511236,15209.018402123596,14782.597361511236,15019.498046875,9357078,0.0,0.0
2018-03-09 00:00:00+07:00,15303.77885022907,15611.750026496811,15209.018191312209,15351.1591796875,18815851,0.0,0.0
2018-03-12 00:00:00+07:00,15730.199558089625,16014.480563721376,15635.438901141695,15848.6494140625,19049553,0.0,0.0
2018-03-13 00:00:00+07:00,15872.340653990574,16914.703125,15848.650488148076,16914.703125,29479429,0.0,0.0
2018-03-14 00:00:00+07:00,17056.844307424617,17341.124370233214,16725.18391241055,16843.6328125,17937870,0.0,0.0
2018-03-15 00:00:00+07:00,16677.802307467053,17530.644361233888,16583.04165028761,17341.123046875,20044270,0.0,0.0
2018-03-16 00:00:00+07:00,17530.64489635803,17625.405556430047,17127.914021476085,17388.50390625,15919317,0.0,0.0
2018-03-19 00:00:00+07:00,17696.473975435994,17696.473975435994,16962.08272676941,17198.984375,24377408,0.0,0.0
2018-03-20 00:00:00+07:00,16985.773254014406,17293.743472861148,16962.083088685875,17056.84375,20294157,0.0,0.0
2018-03-21 00:00:00+07:00,17293.742569749254,17388.503226114797,17009.462531076686,17151.603515625,18259083,0.0,0.0
2018-03-22 00:00:00+07:00,17246.363997469904,17270.05223089752,16819.94104814005,16962.08203125,18930146,0.0,0.0
2018-03-23 00:00:00+07:00,16440.90074047843,16772.563042138823,16038.170841241228,16559.3515625,28215361,0.0,0.0
2018-03-26 00:00:00+07:00,16488.280684640868,16962.08203125,16393.520029234234,16962.08203125,16304988,0.0,0.0
2018-03-27 00:00:00+07:00,17293.74239474918,17388.503050155814,16938.391867398343,16962.08203125,16249332,0.0,0.0
2018-03-28 00:00:00+07:00,16772.56339398007,17009.463112568606,16630.422404572466,16677.802734375,10125832,0.0,0.0
2018-03-29 00:00:00+07:00,16819.942700109637,16819.942700109637,16488.282304036453,16583.04296875,9070578,0.0,0.0
2018-03-30 00:00:00+07:00,16583.042812010783,16606.732977965254,16132.931589300013,16393.521484375,11466771,0.0,0.0
2018-04-02 00:00:00+07:00,16630.42183603857,17198.98384380777,16630.42183603857,17151.603515625,15663503,0.0,0.0
2018-04-03 00:00:00+07:00,17151.60404535388,17293.743103868113,17009.46305641553,17198.984375,13024869,0.0,0.0
2018-04-04 00:00:00+07:00,17341.123264491023,17388.503593675327,16962.082561440697,17009.462890625,25260939,0.0,0.0
2018-04-05 00:00:00+07:00,17151.604246841292,17151.604246841292,16819.941935422285,16867.322265625,9367423,0.0,0.0
2018-04-06 00:00:00+07:00,17104.22445173999,17246.365446794982,16891.012959157502,16914.703125,12145763,0.0,0.0
2018-04-09 00:00:00+07:00,17009.462635807122,17862.3046875,16867.32165038362,17862.3046875,26549539,0.0,0.0
2018-04-10 00:00:00+07:00,18004.445522374164,18122.896342569955,17554.334336054206,17672.78515625,14175770,0.0,0.0
2018-04-11 00:00:00+07:00,17767.54523448154,17909.68622953653,16914.703125,16914.703125,24744390,0.0,0.0
2018-04-12 00:00:00+07:00,16772.56406036921,17080.53428589749,16606.732899471725,16914.703125,12838979,0.0,0.0
2018-04-13 00:00:00+07:00,17056.84303162242,17104.223360283977,16180.31081223172,16204.0009765625,18886464,0.0,0.0
2018-04-16 00:00:00+07:00,16204.000891198915,16535.661259658547,15730.19953750341,16109.240234375,9766195,0.0,0.0
2018-04-17 00:00:00+07:00,16156.620875128669,16488.28125,15943.410358365085,16488.28125,8301447,0.0,0.0
2018-04-18 00:00:00+07:00,16677.802823731712,16701.492988759906,15896.0302734375,15896.0302734375,8172070,0.0,0.0
2018-04-19 00:00:00+07:00,15872.339567017296,15896.029731237439,14877.357495831464,14972.1171875,19852936,0.0,0.0
2018-04-20 00:00:00+07:00,15256.398458923508,15872.33984375,14877.357755216752,15872.33984375,9347773,0.0,0.0
2018-04-23 00:00:00+07:00,15872.34044456602,16014.481437745559,14782.59765625,14782.59765625,12074732,0.0,0.0
2018-04-24 00:00:00+07:00,14356.176046332997,15019.497759622907,14119.275365500025,14379.8662109375,11905094,0.0,0.0
2018-04-26 00:00:00+07:00,14379.866900678926,14450.937397901385,13384.884765625,13384.884765625,17742805,0.0,0.0
2018-04-27 00:00:00+07:00,13384.884427641295,14000.825825713078,13195.364071712445,13882.375,16449509,0.0,0.0
2018-05-02 00:00:00+07:00,14071.896269478584,14071.896269478584,12911.0830078125,12911.0830078125,11302639,0.0,0.0
2018-05-03 00:00:00+07:00,12911.0824920248,13740.234375,12224.070628492995,13740.234375,19674285,0.0,0.0
2018-05-04 00:00:00+07:00,13834.995323698582,13929.755016925283,13408.5742911483,13503.333984375,9490022,0.0,0.0
2018-05-07 00:00:00+07:00,13550.714808583707,14427.2470703125,13479.644312158533,14427.2470703125,13208880,0.0,0.0
2018-05-08 00:00:00+07:00,14237.726450553597,14829.97768092979,14214.0362855131,14403.556640625,17186889,0.0,0.0
2018-05-09 00:00:00+07:00,14214.0361328125,14545.696509392295,14000.825614950614,14214.0361328125,8861326,0.0,0.0
2018-05-10 00:00:00+07:00,14119.275677510122,14308.796033322142,13266.43359375,13266.43359375,14737086,0.0,0.0
2018-05-11 00:00:00+07:00,13219.052847000503,14190.345725798103,13005.84233277811,13929.7548828125,18099938,0.0,0.0
2018-05-14 00:00:00+07:00,14142.965933942072,14166.656099223022,13787.615385151978,13977.1357421875,7534967,0.0,0.0
2018-05-15 00:00:00+07:00,14000.825794980881,14308.796010734733,13906.065134618422,14142.9658203125,12839877,0.0,0.0
2018-05-16 00:00:00+07:00,14071.896249425516,14142.965779279093,13645.475209455777,13787.615234375,12628372,0.0,0.0
2018-05-17 00:00:00+07:00,13834.9951171875,14000.825301767964,13645.474768350965,13834.9951171875,9101848,0.0,0.0
2018-05-18 00:00:00+07:00,13977.13547733204,14048.205971828162,13337.503922503127,13953.4453125,10758658,0.0,0.0
2018-05-21 00:00:00+07:00,14024.516306321293,14071.896637672291,13645.4755859375,13645.4755859375,6180196,0.0,0.0
2018-05-22 00:00:00+07:00,13361.194403527004,13621.785257634256,12792.632364527166,12840.0126953125,13328160,0.0,0.0
2018-05-23 00:00:00+07:00,12650.49219605792,13266.43359375,12626.802030929908,13266.43359375,10849048,0.0,0.0
2018-05-24 00:00:00+07:00,13266.433095293718,13361.193752245346,12840.012069435465,12958.462890625,5442525,0.0,0.0
2018-05-25 00:00:00+07:00,13029.532931160158,13124.293591842956,12366.2112020168,12389.9013671875,9539337,0.0,0.0
2018-05-28 00:00:00+07:00,12081.931452436016,12271.451813327469,11537.0595703125,11537.0595703125,16800469,0.0,0.0
2018-05-29 00:00:00+07:00,11987.169975907438,12342.5205078125,11584.439115691826,12342.5205078125,14700704,0.0,0.0
2018-05-30 00:00:00+07:00,12318.832136794625,12626.802361087231,12105.621610279706,12153.0009765625,9910508,0.0,0.0
2018-05-31 00:00:00+07:00,12129.310629168745,12911.083191490501,12129.310629168745,12840.0126953125,11463955,0.0,0.0
2018-06-01 00:00:00+07:00,12697.872556466193,13337.504120805148,12650.49222609766,13005.8427734375,15459716,0.0,0.0
2018-06-04 00:00:00+07:00,12982.153283284504,13313.81365802671,12816.322130701348,13242.7431640625,12340538,0.0,0.0
2018-06-05 00:00:00+07:00,13242.743578214013,13598.095093936216,13171.674047239238,13455.9541015625,16479403,0.0,0.0
2018-06-06 00:00:00+07:00,13455.954068377932,13858.685913898173,13313.814041566842,13716.544921875,11714616,0.0,0.0
2018-06-07 00:00:00+07:00,13787.615192256053,13787.615192256053,13408.574483487988,13432.2646484375,12452559,0.0,0.0
2018-06-08 00:00:00+07:00,13266.433563461402,13621.785074358198,13266.433563461402,13527.0244140625,9945262,0.0,0.0
2018-06-11 00:00:00+07:00,13361.194520236297,13621.785376619795,13290.1240234375,13290.1240234375,9647373,0.0,0.0
2018-06-12 00:00:00+07:00,13171.673672878893,13219.05303711145,12579.42148524535,12982.1533203125,18355293,0.0,0.0
2018-06-13 00:00:00+07:00,12982.15357346531,13147.983764543096,12816.322417175446,13005.8427734375,6025557,0.0,0.0
2018-06-14 00:00:00+07:00,12982.153076427567,13100.602932601823,12697.8720703125,12697.8720703125,7603577,0.0,0.0
2018-06-15 00:00:00+07:00,12555.732641024666,12887.393026097834,12460.971979453998,12840.0126953125,6073579,0.0,0.0
2018-06-18 00:00:00+07:00,12792.631618821059,12934.772602891398,12247.7607421875,12247.7607421875,9706012,0.0,0.0
2018-06-19 00:00:00+07:00,12081.931111438638,12105.621276532956,11394.919219339608,12034.55078125,19075753,0.0,0.0
2018-06-20 00:00:00+07:00,12129.310515521882,12437.281697528899,11892.410794239038,12389.9013671875,7384395,0.0,0.0
2018-06-21 00:00:00+07:00,12366.210889724945,12413.591218869818,11987.170186990063,12010.8603515625,5256574,0.0,0.0
2018-06-22 00:00:00+07:00,11845.030140856055,12271.451171875,11845.030140856055,12271.451171875,6293824,0.0,0.0
2018-06-25 00:00:00+07:00,12508.352274700359,12674.182466765782,12413.591613398927,12484.662109375,8279001,0.0,0.0
2018-06-26 00:00:00+07:00,12318.83203125,12437.281893760286,12200.381203527624,12318.83203125,4734580,0.0,0.0
2018-06-27 00:00:00+07:00,12342.520838386648,12460.971662335534,11845.0302734375,11845.0302734375,4787983,0.0,0.0
2018-06-28 00:00:00+07:00,11845.03048849134,11963.480349378699,11394.919279737642,11513.369140625,13620293,0.0,0.0
2018-06-29 00:00:00+07:00,11655.509863659634,11773.95972182053,11418.609182125783,11489.6787109375,7595546,0.0,0.0
2018-07-02 00:00:00+07:00,11371.228643040933,11465.98929999149,10755.287268498423,10944.8076171875,12563703,0.0,0.0
2018-07-03 00:00:00+07:00,10944.807970368624,11039.56766516497,10186.7255859375,10186.7255859375,26292850,0.0,0.0
2018-07-04 00:00:00+07:00,10376.24609375,10376.24609375,9949.825047848277,10376.24609375,8705642,0.0,0.0
2018-07-05 00:00:00+07:00,10281.485847042639,10376.245538162479,9689.234640604533,9712.9248046875,11643480,0.0,0.0
2018-07-06 00:00:00+07:00,9712.925324758058,10376.24609375,9618.164663352305,10376.24609375,16026833,0.0,0.0
2018-07-09 00:00:00+07:00,10684.21736053324,10850.047554060571,10423.626504869093,10471.0068359375,12217334,0.0,0.0
2018-07-10 00:00:00+07:00,10518.386538891426,10755.287214874641,10423.625882413327,10589.45703125,9893381,0.0,0.0
2018-07-11 00:00:00+07:00,10186.725355675202,10328.866342474848,9878.755148033391,9902.4453125,13392412,0.0,0.0
2018-07-12 00:00:00+07:00,9949.82454951089,10589.457051539535,9878.755022228177,10328.8662109375,9610762,0.0,0.0
2018-07-13 00:00:00+07:00,10613.146567076186,10897.427580323067,10542.077037673513,10707.9072265625,10777182,0.0,0.0
2018-07-16 00:00:00+07:00,10897.427663749697,10992.188323961464,10707.907308538233,10802.66796875,10634078,0.0,0.0
2018-07-17 00:00:00+07:00,10707.906820039807,11418.608843569376,10589.456965390893,11371.228515625,20158376,0.0,0.0
2018-07-18 00:00:00+07:00,11465.990001432536,11797.650390625,11418.609670058728,11797.650390625,11572158,0.0,0.0
2018-07-19 00:00:00+07:00,11608.129352042728,11821.339865554213,11513.368694832272,11560.7490234375,13687213,0.0,0.0
2018-07-20 00:00:00+07:00,11371.229261496366,11726.579813963594,11181.708902499706,11702.8896484375,14967992,0.0,0.0
2018-07-23 00:00:00+07:00,11608.130036542872,11845.030728326368,11181.708984375,11181.708984375,9722034,0.0,0.0
2018-07-24 00:00:00+07:00,11229.089050104718,11323.848745448935,10968.498198786992,11158.0185546875,9793690,0.0,0.0
2018-07-25 00:00:00+07:00,11323.848704278507,11323.848704278507,10802.66796875,10802.66796875,9571002,0.0,0.0
2018-07-26 00:00:00+07:00,10802.668038761174,10944.808064787952,10707.907377935271,10897.427734375,7996175,0.0,0.0
2018-07-27 00:00:00+07:00,11039.567911127653,11276.468601214796,10873.73771763028,11086.9482421875,7638727,0.0,0.0
2018-07-30 00:00:00+07:00,11229.088675292067,11323.848367473325,11110.63785355044,11300.158203125,6478149,0.0,0.0
2018-07-31 00:00:00+07:00,11276.46868196114,11465.990007557613,11110.638487276323,11181.708984375,11181564,0.0,0.0
2018-08-01 00:00:00+07:00,11181.708834405015,11252.778365338405,10897.427815035202,10992.1884765625,9477984,0.0,0.0
2018-08-02 00:00:00+07:00,10897.427469317761,10968.497963208547,10707.90711748772,10873.7373046875,9301901,0.0,0.0
2018-08-03 00:00:00+07:00,10968.49841551806,11063.258112734673,10802.668221479917,10826.357421875,6963595,0.0,0.0
2018-08-06 00:00:00+07:00,10802.668221479917,11039.567947127496,10707.907559051211,10826.357421875,6353298,0.0,0.0
2018-08-07 00:00:00+07:00,10707.90763725289,11134.328690872107,10707.90763725289,10921.1181640625,7803235,0.0,0.0
2018-08-08 00:00:00+07:00,10968.498345624683,11347.5390625,10944.808180168466,11347.5390625,11611919,0.0,0.0
2018-08-09 00:00:00+07:00,11465.98943888634,11631.819625346585,11371.228780787886,11394.9189453125,14669059,0.0,0.0
2018-08-10 00:00:00+07:00,11323.848523427421,11513.36887561209,11276.46819407824,11489.6787109375,10207418,0.0,0.0
2018-08-13 00:00:00+07:00,11489.67880872475,12200.380859375,11442.299444184384,12200.380859375,23779148,0.0,0.0
2018-08-14 00:00:00+07:00,12224.070597147884,12342.520452178313,11987.169921875,11987.169921875,11387417,0.0,0.0
2018-08-15 00:00:00+07:00,12247.761217966387,12460.971737142287,11845.030344546582,11939.7900390625,20389993,0.0,0.0
2018-08-16 00:00:00+07:00,11750.269803214842,12460.971862699598,11608.12977740272,12389.9013671875,25190681,0.0,0.0
2018-08-17 00:00:00+07:00,12650.492418448472,12721.562915081897,12318.83203125,12318.83203125,18226374,0.0,0.0
2018-08-20 00:00:00+07:00,12295.141251492576,12437.281272446626,12176.6904296875,12176.6904296875,11114603,0.0,0.0
2018-08-21 00:00:00+07:00,12129.310417461915,12555.732421875,12034.550722757282,12555.732421875,15353807,0.0,0.0
2018-08-22 00:00:00+07:00,12579.421270697518,12697.872092288815,12342.520592726962,12437.28125,15650319,0.0,0.0
2018-08-23 00:00:00+07:00,12437.28143149188,12532.04209014772,12247.761079392254,12366.2109375,12909510,0.0,0.0
2018-08-24 00:00:00+07:00,12342.52077283604,12603.111618927545,12105.62105662055,12366.2109375,17444602,0.0,0.0
2018-08-27 00:00:00+07:00,12532.042040011343,12982.153236401735,12484.661710872977,12887.392578125,19687886,0.0,0.0
2018-08-28 00:00:00+07:00,12934.773172868141,13005.842702822996,12840.012512645575,12911.0830078125,13109353,0.0,0.0
2018-08-29 00:00:00+07:00,12911.082658006464,12934.772822420256,12745.25247232196,12792.6318359375,11546187,0.0,0.0
2018-08-30 00:00:00+07:00,12792.632072917797,13242.743274693968,12745.252708424565,13076.9130859375,15482998,0.0,0.0
2018-08-31 00:00:00+07:00,13053.222495872942,13124.292988115745,12768.942457325793,12863.7021484375,11881604,0.0,0.0
2018-09-04 00:00:00+07:00,12768.942696467782,12840.012224829574,12271.451171875,12271.451171875,16983207,0.0,0.0
2018-09-05 00:00:00+07:00,12271.450980558708,12460.971328588876,12176.690323937606,12342.5205078125,14975272,0.0,0.0
2018-09-06 00:00:00+07:00,12366.210864761404,12437.281358335244,12176.690513776546,12271.451171875,7571056,0.0,0.0
2018-09-07 00:00:00+07:00,12224.071077378616,12579.421621642108,12200.38091239944,12555.732421875,8988012,0.0,0.0
2018-09-10 00:00:00+07:00,12532.042625252523,12603.112157066942,12366.211465523991,12413.591796875,9873710,0.0,0.0
2018-09-11 00:00:00+07:00,12366.21150676056,12840.012891426408,12366.21150676056,12768.943359375,13054011,0.0,0.0
2018-09-12 00:00:00+07:00,12863.702636180144,12887.392801159318,12555.732421875,12555.732421875,10345202,0.0,0.0
2018-09-13 00:00:00+07:00,12697.872251659282,12840.012274140794,12579.421428581312,12626.8017578125,13541733,0.0,0.0
2018-09-14 00:00:00+07:00,12745.253193620498,12958.463720198919,12697.872862111493,12768.943359375,14763286,0.0,0.0
2018-09-17 00:00:00+07:00,12768.942476946353,12768.942476946353,12603.111328125,12603.111328125,6076374,0.0,0.0
2018-09-18 00:00:00+07:00,12555.73257278823,12745.2529296875,12437.28174646864,12745.2529296875,7666640,0.0,0.0
2018-09-19 00:00:00+07:00,12887.392419318532,12934.772747873049,12697.8720703125,12697.8720703125,10758554,0.0,0.0
2018-09-20 00:00:00+07:00,12745.252886834725,13005.8427734375,12650.49222609766,13005.8427734375,11767560,0.0,0.0
2018-09-21 00:00:00+07:00,13076.91279845609,13408.57413388988,13029.532469792399,13313.8134765625,24372153,0.0,0.0
2018-09-24 00:00:00+07:00,13313.813924006023,13408.574584518068,13171.673898450026,13266.43359375,9100492,0.0,0.0
2018-09-25 00:00:00+07:00,13171.673828125,13361.194182925148,13100.603333120418,13171.673828125,12069976,0.0,0.0
2018-09-26 00:00:00+07:00,13147.98384628811,13361.194369060024,13100.603515625,13100.603515625,12149560,0.0,0.0
2018-09-27 00:00:00+07:00,13171.67374534809,13242.743274693968,13053.222921084853,13076.9130859375,9955024,0.0,0.0
2018-09-28 00:00:00+07:00,13124.293149366003,13313.813499129968,13053.22265625,13053.22265625,12779966,0.0,0.0
2018-10-01 00:00:00+07:00,13076.913114358415,13171.673773974953,12697.872406316392,12816.322265625,13542421,0.0,0.0
2018-10-02 00:00:00+07:00,12816.322529919833,13005.842887849085,12626.802171990583,12840.0126953125,16231746,0.0,0.0
2018-10-03 00:00:00+07:00,12934.773505676363,13124.293865785732,12911.083340011179,13029.533203125,8609474,0.0,0.0
2018-10-04 00:00:00+07:00,13195.363460887933,13219.052659721881,13053.222476612065,13124.29296875,7246821,0.0,0.0
2018-10-05 00:00:00+07:00,13124.29371481242,13171.674045597752,12840.0126953125,12840.0126953125,10844062,0.0,0.0
2018-10-08 00:00:00+07:00,12745.252664771508,12911.08285296,12697.872335228494,12721.5625,9716839,0.0,0.0
2018-10-09 00:00:00+07:00,12721.562682835956,12792.632212959841,12603.11185727603,12650.4921875,6959444,0.0,0.0
2018-10-10 00:00:00+07:00,12697.872178326907,12721.562342805686,12484.661663229941,12532.0419921875,7398247,0.0,0.0
2018-10-11 00:00:00+07:00,11939.789808904894,12176.690488446171,11655.509765625,11655.509765625,25204846,0.0,0.0
2018-10-12 00:00:00+07:00,11465.989714622565,12034.55078125,11418.609384433927,12034.55078125,11242165,0.0,0.0
2018-10-15 00:00:00+07:00,12034.550269480082,12081.930597653869,11726.5791015625,11726.5791015625,6017757,0.0,0.0
2018-10-16 00:00:00+07:00,11750.269423747557,11916.099609375,11702.889094936276,11916.099609375,4183631,0.0,0.0
2018-10-17 00:00:00+07:00,12129.309940953919,12176.690269050901,11963.47975782651,11987.169921875,6688862,0.0,0.0
2018-10-18 00:00:00+07:00,11845.03045640464,12081.931142749698,11773.9599609375,11773.9599609375,6486577,0.0,0.0
2018-10-19 00:00:00+07:00,11608.129951545214,11797.650310541876,11465.98992360074,11702.8896484375,6491981,0.0,0.0
2018-10-22 00:00:00+07:00,11797.64997152087,11845.030301211522,11584.439453125,11584.439453125,4375193,0.0,0.0
2018-10-23 00:00:00+07:00,11560.748969971715,11560.748969971715,11015.878089167616,11205.3984375,12349653,0.0,0.0
2018-10-24 00:00:00+07:00,11205.39899978684,11347.539026865705,10992.1884765625,10992.1884765625,6299354,0.0,0.0
2018-10-25 00:00:00+07:00,10613.146717109368,10968.498229994428,10471.00669108259,10897.427734375,10171891,0.0,0.0
2018-10-26 00:00:00+07:00,11086.948398891516,11086.948398891516,10660.52734375,10660.52734375,4162707,0.0,0.0
2018-10-29 00:00:00+07:00,10565.767498074312,10778.978022670051,10471.0068359375,10471.0068359375,7685350,0.0,0.0
2018-10-30 00:00:00+07:00,10471.006389700773,10684.216905210244,10423.626060651546,10518.38671875,5985171,0.0,0.0
2018-10-31 00:00:00+07:00,10707.907524132906,11086.9482421875,10613.146862013215,11086.9482421875,12110091,0.0,0.0
2018-11-01 00:00:00+07:00,11134.328609556202,11158.018775163378,10802.668221479917,10826.357421875,5355349,0.0,0.0
2018-11-02 00:00:00+07:00,10897.427444450039,11276.468147245156,10873.737279873836,11134.328125,9510174,0.0,0.0
2018-11-05 00:00:00+07:00,10992.188102754842,11158.018289576201,10968.497938178642,11134.328125,4422943,0.0,0.0
2018-11-06 00:00:00+07:00,11229.089434589932,11276.468801278277,11015.87890625,11015.87890625,5620904,0.0,0.0
2018-11-07 00:00:00+07:00,11015.87890625,11134.328770789025,10826.357578648187,11015.87890625,5744399,0.0,0.0
2018-11-08 00:00:00+07:00,11229.089165168665,11252.778365338405,10992.1884765625,10992.1884765625,5611559,0.0,0.0
2018-11-09 00:00:00+07:00,10850.04725057991,11015.878404680961,10684.217061690922,10707.9072265625,6418842,0.0,0.0
2018-11-12 00:00:00+07:00,10660.527079339681,10731.597575171225,10471.00672233431,10636.8369140625,4934069,0.0,0.0
2018-11-13 00:00:00+07:00,10423.6259765625,10613.146326018466,10423.6259765625,10423.6259765625,6907315,0.0,0.0
2018-11-14 00:00:00+07:00,10423.626661311897,10589.457822540193,9926.13607326332,10044.5859375,11831372,0.0,0.0
2018-11-15 00:00:00+07:00,10044.585226412344,10281.485903326866,9949.824569561722,10068.275390625,7743906,0.0,0.0
2018-11-16 00:00:00+07:00,10234.106326974596,10494.697187251793,10139.346628372408,10399.9365234375,6390202,0.0,0.0
2018-11-19 00:00:00+07:00,10494.697110443283,10921.1181640625,10399.936447322523,10921.1181640625,11500795,0.0,0.0
2018-11-20 00:00:00+07:00,10755.287787956337,11110.638338259541,10731.597622574513,10992.1884765625,10201117,0.0,0.0
2018-11-21 00:00:00+07:00,10802.66766927464,11134.328040397279,10778.977504878445,11039.5673828125,7258752,0.0,0.0
2018-11-22 00:00:00+07:00,11181.708479668849,11181.708479668849,10873.7373046875,10873.7373046875,6930322,0.0,0.0
2018-11-23 00:00:00+07:00,10826.35727106787,10944.808097453777,10636.8369140625,10636.8369140625,6621983,0.0,0.0
2018-11-26 00:00:00+07:00,10613.147012020474,10731.597841344286,10613.147012020474,10660.52734375,5762568,0.0,0.0
2018-11-27 00:00:00+07:00,10755.287938622421,10826.357470551395,10494.697080983931,10565.767578125,4797724,0.0,0.0
2018-11-28 00:00:00+07:00,10565.767024032624,10778.9775390625,10565.767024032624,10778.9775390625,5126070,0.0,0.0
2018-11-29 00:00:00+07:00,10873.737753089354,10992.188581125236,10755.287890265565,10826.357421875,8719973,0.0,0.0
2018-11-30 00:00:00+07:00,10778.977873554699,11015.878560407378,10755.287708348224,10897.427734375,7562273,0.0,0.0
2018-12-03 00:00:00+07:00,11181.70894805098,11465.989970310102,11134.328616805778,11442.2998046875,14239727,0.0,0.0
2018-12-04 00:00:00+07:00,11394.919127522791,11513.368986827882,11229.088938410841,11323.8486328125,8865289,0.0,0.0
2018-12-05 00:00:00+07:00,11134.328359315115,11560.749400236406,11134.328359315115,11418.609375,10551366,0.0,0.0
2018-12-06 00:00:00+07:00,11347.5390625,11442.299724324874,11252.778400675128,11347.5390625,8869690,0.0,0.0
2018-12-07 00:00:00+07:00,11394.9189453125,11560.749131772744,11347.538616263273,11394.9189453125,8998839,0.0,0.0
2018-12-10 00:00:00+07:00,11181.708294351856,11252.777821852736,10944.8076171875,10944.8076171875,13941275,0.0,0.0
2018-12-11 00:00:00+07:00,10944.807690439764,11086.94771160489,10921.11752604357,11039.5673828125,6791913,0.0,0.0
2018-12-12 00:00:00+07:00,11110.637960423799,11134.328125,11039.567466695195,11134.328125,4828285,0.0,0.0
2018-12-13 00:00:00+07:00,11158.01840015068,11229.088894583583,10968.498046875,10968.498046875,9220295,0.0,0.0
2018-12-14 00:00:00+07:00,10897.427234379757,10992.187890857855,10471.006210652376,10589.45703125,23614225,0.0,0.0
2018-12-17 00:00:00+07:00,10423.626085289714,10494.696579031543,10234.10573385689,10257.7958984375,11433790,0.0,0.0
2018-12-18 00:00:00+07:00,10091.965628306685,10352.55647133095,10044.585299536448,10163.03515625,10278678,0.0,0.0
2018-12-19 00:00:00+07:00,10115.65612976683,10163.035494903805,9452.334400516347,9665.544921875,23385009,0.0,0.0
2018-12-20 00:00:00+07:00,9712.925169524407,9902.445524094885,9499.714649981113,9570.7841796875,13115529,0.0,0.0
2018-12-21 00:00:00+07:00,9523.403390565763,9878.7548828125,9499.714191947201,9878.7548828125,7763787,0.0,0.0
2018-12-24 00:00:00+07:00,9760.304349598518,9949.824700583376,9618.164327662886,9641.8544921875,5767742,0.0,0.0
2018-12-25 00:00:00+07:00,9381.264120499976,9428.64445193745,9073.292931368482,9333.8837890625,10019358,0.0,0.0
2018-12-26 00:00:00+07:00,9428.644300084263,9476.024630758655,9073.292785238415,9144.36328125,6506436,0.0,0.0
2018-12-27 00:00:00+07:00,9476.024903988955,9499.715070009228,9168.0537109375,9168.0537109375,8012655,0.0,0.0
2018-12-28 00:00:00+07:00,9239.123942598782,9333.883638735482,9120.673115912805,9144.36328125,4943248,0.0,0.0
2019-01-02 00:00:00+07:00,9120.672509853019,9215.433164905047,9002.22265625,9002.22265625,5257575,0.0,0.0
2019-01-03 00:00:00+07:00,9002.222781033384,9096.982472186897,8552.111593721114,8575.8017578125,11501191,0.0,0.0
2019-01-04 00:00:00+07:00,8552.11192822904,8789.01261319702,8386.281738315076,8694.251953125,8353182,0.0,0.0
2019-01-07 00:00:00+07:00,8907.462399775644,8907.462399775644,8599.4921875,8599.4921875,8579249,0.0,0.0
2019-01-08 00:00:00+07:00,8646.87119737459,8646.87119737459,8433.660687921683,8481.041015625,11757610,0.0,0.0
2019-01-09 00:00:00+07:00,8528.421763211036,8860.082143038964,8481.041433175025,8694.251953125,12839439,0.0,0.0
2019-01-10 00:00:00+07:00,8717.941830826781,9073.292363961467,8670.561502352279,8931.15234375,15346007,0.0,0.0
2019-01-11 00:00:00+07:00,8907.462890625,9120.673420569523,8860.08255836797,8907.462890625,8397950,0.0,0.0
2019-01-14 00:00:00+07:00,8812.703191323055,9025.913721267576,8789.01302519454,8907.462890625,10447355,0.0,0.0
2019-01-15 00:00:00+07:00,8907.462443558494,9049.603433195512,8883.77227861899,8954.8427734375,6538686,0.0,0.0
2019-01-16 00:00:00+07:00,9002.223019564615,9049.60334900282,8812.702667023852,8860.08203125,8785038,0.0,0.0
2019-01-17 00:00:00+07:00,8860.081689755538,8954.842344979585,8741.6318359375,8741.6318359375,6617602,0.0,0.0
2019-01-18 00:00:00+07:00,8812.702976381102,8812.702976381102,8623.1826171875,8623.1826171875,8060007,0.0,0.0
2019-01-21 00:00:00+07:00,8694.251897134418,9215.43359375,8670.561732268978,9215.43359375,23881637,0.0,0.0
2019-01-22 00:00:00+07:00,9333.883002517752,9523.403347085115,9215.433149117656,9262.8134765625,19077945,0.0,0.0
2019-01-23 00:00:00+07:00,9215.433308271435,9499.71431263812,9144.362815876753,9452.333984375,14472948,0.0,0.0
2019-01-24 00:00:00+07:00,9476.02482438327,9712.92551738376,9428.644492740752,9689.2353515625,18384517,0.0,0.0
2019-01-25 00:00:00+07:00,9665.544839578772,9760.304534257977,9499.714649981113,9570.7841796875,12465681,0.0,0.0
2019-01-28 00:00:00+07:00,9570.783998613659,9689.234821236727,9523.403669564432,9641.8544921875,9264520,0.0,0.0
2019-01-29 00:00:00+07:00,9594.474316186934,9855.065164902513,9523.403821479396,9831.375,13764460,0.0,0.0
2019-01-30 00:00:00+07:00,9831.375381277954,9878.755712920472,9689.2353515625,9689.2353515625,5368741,0.0,0.0
2019-01-31 00:00:00+07:00,9736.614675856848,9783.995007294323,9286.503457625024,9333.8837890625,18857761,0.0,0.0
2019-02-01 00:00:00+07:00,9239.124234278092,9547.094462960094,9239.124234278092,9523.404296875,7791552,0.0,0.0
2019-02-11 00:00:00+07:00,9760.304241786635,9902.445227364231,9618.164221421075,9807.6845703125,7608834,0.0,0.0
2019-02-12 00:00:00+07:00,9807.684391320749,10068.27522824515,9760.304063659582,9878.7548828125,15881143,0.0,0.0
2019-02-13 00:00:00+07:00,9855.064718981916,10068.27522824515,9831.374555151333,9878.7548828125,15829368,0.0,0.0
2019-02-14 00:00:00+07:00,9902.445046643083,9997.204736753398,9855.064718981916,9878.7548828125,10505661,0.0,0.0
2019-02-15 00:00:00+07:00,9807.685098609463,9997.205457709519,9760.304767531428,9855.0654296875,8859239,0.0,0.0
2019-02-18 00:00:00+07:00,9902.4453125,10044.5853340876,9855.064983566785,9902.4453125,14241916,0.0,0.0
2019-02-19 00:00:00+07:00,9878.754988056246,9973.514679176085,9712.9248046875,9712.9248046875,18696947,0.0,0.0
2019-02-20 00:00:00+07:00,9712.92532202255,9902.445679568598,9689.235156677783,9760.3046875,11926852,0.0,0.0
2019-02-21 00:00:00+07:00,9783.994782535552,9783.994782535552,9618.16459152595,9665.544921875,14908873,0.0,0.0
2019-02-22 00:00:00+07:00,9665.54470359576,10044.58540740405,9570.78404503766,9997.205078125,27614305,0.0,0.0
2019-02-25 00:00:00+07:00,10186.725514443793,10234.105844115471,10091.9658203125,10091.9658203125,12476778,0.0,0.0
2019-02-26 00:00:00+07:00,10044.58575363169,10163.035615700119,9949.825091807279,10115.65625,13797254,0.0,0.0
2019-02-27 00:00:00+07:00,10163.035534197132,10163.035534197132,9997.205342546382,10020.8955078125,10492289,0.0,0.0
2019-02-28 00:00:00+07:00,10020.895623248538,10068.275954326573,9783.994933070446,9855.0654296875,16790310,0.0,0.0
2019-03-01 00:00:00+07:00,9902.445760765537,9926.135926304554,9783.994933070446,9855.0654296875,9462318,0.0,0.0
2019-03-04 00:00:00+07:00,9902.445907373565,10115.656435169269,9878.755741483808,10044.5859375,14187221,0.0,0.0
2019-03-05 00:00:00+07:00,10044.585226412344,10281.485903326866,9973.514733774378,10068.275390625,16572547,0.0,0.0
2019-03-06 00:00:00+07:00,10091.9658203125,10139.346149984178,9997.205160969144,10091.9658203125,7703187,0.0,0.0
2019-03-07 00:00:00+07:00,10186.7255859375,10281.486245945916,10115.656056143256,10186.7255859375,16802659,0.0,0.0
2019-03-08 00:00:00+07:00,10091.966269279514,10186.725967626435,10020.895771610243,10044.5859375,11187634,0.0,0.0
2019-03-11 00:00:00+07:00,10044.58540740405,10091.9657366831,9949.824748845951,9997.205078125,6822307,0.0,0.0
2019-03-12 00:00:00+07:00,10091.966117814429,10471.0068359375,9949.82512460921,10471.0068359375,19856294,0.0,0.0
2019-03-13 00:00:00+07:00,10589.457104949435,10778.977454012605,10471.00628352743,10684.216796875,30490541,0.0,0.0
2019-03-14 00:00:00+07:00,10660.52734375,10778.97817307381,10589.457811367816,10660.52734375,10980219,0.0,0.0
2019-03-15 00:00:00+07:00,10565.766763489859,10850.04679971156,10518.386435715567,10755.287109375,17885324,0.0,0.0
2019-03-18 00:00:00+07:00,10850.047552100357,11110.638407717423,10826.357386570433,11086.9482421875,21098730,0.0,0.0
2019-03-19 00:00:00+07:00,11086.9476374013,11086.9476374013,10873.737124474583,10944.8076171875,15832058,0.0,0.0
2019-03-20 00:00:00+07:00,10850.04740396205,10968.498229994428,10684.217212728796,10897.427734375,18807696,0.0,0.0
2019-03-21 00:00:00+07:00,10897.427885128976,10944.808216197383,10471.0068359375,10471.0068359375,14973080,0.0,0.0
2019-03-22 00:00:00+07:00,10589.457811367816,10707.907675479524,10447.316816179242,10660.52734375,13090142,0.0,0.0
2019-03-25 00:00:00+07:00,10423.625797284354,10518.386452988549,10257.795615014034,10494.6962890625,15001472,0.0,0.0
2019-03-26 00:00:00+07:00,10636.836394277017,10731.597050755116,10518.386538891426,10589.45703125,6875356,0.0,0.0
2019-03-27 00:00:00+07:00,10660.52734375,10802.668338938574,10565.767645503054,10660.52734375,7317328,0.0,0.0
2019-03-28 00:00:00+07:00,10565.76746326894,10778.977987162329,10565.76746326894,10731.59765625,5412070,0.0,0.0
2019-03-29 00:00:00+07:00,10778.977905725587,10802.668071002769,10613.146748785319,10636.8369140625,8681278,0.0,0.0
2019-04-01 00:00:00+07:00,10684.217173948353,10684.217173948353,10494.696818196526,10542.0771484375,6205627,0.0,0.0
2019-04-02 00:00:00+07:00,10660.52665468547,10684.216819018971,10423.6259765625,10423.6259765625,5279688,0.0,0.0
2019-04-03 00:00:00+07:00,10352.556375102416,10399.935738220212,10234.10555427784,10328.8662109375,10554620,0.0,0.0
2019-04-04 00:00:00+07:00,10471.006305229503,10565.766962563506,10281.485955773534,10423.6259765625,4231881,0.0,0.0
2019-04-05 00:00:00+07:00,10471.006755155753,10542.077251210068,10376.24609375,10376.24609375,5117810,0.0,0.0
2019-04-08 00:00:00+07:00,10376.246252415482,10565.767578125,10352.55705191389,10565.767578125,5459714,0.0,0.0
2019-04-09 00:00:00+07:00,10613.14614348072,10707.906799184915,10494.6962890625,10494.6962890625,8123153,0.0,0.0
2019-04-10 00:00:00+07:00,10376.24609375,10494.696920507191,10352.556893610645,10376.24609375,4881397,0.0,0.0
2019-04-11 00:00:00+07:00,10376.246357483928,10542.07751915894,10352.557156742461,10399.9365234375,4471966,0.0,0.0
2019-04-12 00:00:00+07:00,10376.245840185462,10447.316334503026,10352.556640625,10352.556640625,3203559,0.0,0.0
2019-04-16 00:00:00+07:00,10234.106181241226,10281.486512473677,10091.966152755964,10210.416015625,6780189,0.0,0.0
2019-04-17 00:00:00+07:00,10257.795813790475,10352.55647133095,10163.03515625,10163.03515625,4812391,0.0,0.0
2019-04-18 00:00:00+07:00,10115.656355230316,10186.725887125855,9902.445829119506,9949.8251953125,7952054,0.0,0.0
2019-04-19 00:00:00+07:00,10020.895623248538,10068.275954326573,9855.0654296875,9855.0654296875,4190994,0.0,0.0
2019-04-22 00:00:00+07:00,9855.064823973276,9949.824515093118,9689.234640604533,9712.9248046875,5273930,0.0,0.0
2019-04-23 00:00:00+07:00,9807.684391320749,10044.585064414565,9712.924701210433,9878.7548828125,5106045,0.0,0.0
2019-04-24 00:00:00+07:00,9997.204720374377,10210.415229288294,9949.824392790835,10139.345703125,5104124,0.0,0.0
2019-04-25 00:00:00+07:00,10091.965468487271,10139.345796507181,9973.5146484375,9973.5146484375,2788077,0.0,0.0
2019-04-26 00:00:00+07:00,9973.514733774378,10091.965554837656,9949.824569561722,10068.275390625,3019944,0.0,0.0
2019-05-02 00:00:00+07:00,10091.966189527771,10091.966189527771,9902.445829119506,9949.8251953125,4004313,0.0,0.0
2019-05-03 00:00:00+07:00,9902.4453125,10020.895169620993,9878.755148033391,9902.4453125,3597886,0.0,0.0
2019-05-06 00:00:00+07:00,9760.304883814177,9807.685215456695,9641.855019919982,9689.2353515625,5157633,0.0,0.0
2019-05-07 00:00:00+07:00,9712.925252224051,9855.065278059126,9594.474426351424,9665.544921875,3310531,0.0,0.0
2019-05-08 00:00:00+07:00,9547.094356634945,9689.2353515625,9523.404190813686,9689.2353515625,3727910,0.0,0.0
2019-05-09 00:00:00+07:00,9665.545293385567,9760.304992513831,9499.715096002019,9523.404296875,4165669,0.0,0.0
2019-05-10 00:00:00+07:00,9570.783734757,9712.924717986,9547.093570885501,9618.1640625,4165065,0.0,0.0
2019-05-13 00:00:00+07:00,9665.54518574124,9878.755712920472,9618.164854098723,9689.2353515625,4025383,0.0,0.0
2019-05-14 00:00:00+07:00,9594.474234814994,9783.994587215688,9594.474234814994,9736.6142578125,4382869,0.0,0.0
2019-05-15 00:00:00+07:00,9783.994820363394,10020.8955078125,9783.994820363394,10020.8955078125,7670102,0.0,0.0
2019-05-16 00:00:00+07:00,10020.895242764525,10115.655901322625,9949.824748845951,9997.205078125,5103019,0.0,0.0
2019-05-17 00:00:00+07:00,9997.205605720486,10115.656435169269,9949.825273940973,10044.5859375,5478572,0.0,0.0
2019-05-20 00:00:00+07:00,10044.58575363169,10186.725781156223,9997.205422719484,10115.65625,5953651,0.0,0.0
2019-05-21 00:00:00+07:00,10115.655719050312,10186.725246476242,10044.585226412344,10068.275390625,4801563,0.0,0.0
2019-05-22 00:00:00+07:00,10091.966152755964,10281.486512473677,10068.275987139737,10210.416015625,10427182,0.0,0.0
2019-05-23 00:00:00+07:00,10186.7255859375,10234.10591594171,10091.965891141153,10186.7255859375,3917868,0.0,0.0
2019-05-24 00:00:00+07:00,10115.656435169269,10186.725967626435,10044.5859375,10044.5859375,4589369,0.0,0.0
2019-05-27 00:00:00+07:00,10020.895771610243,10068.276103389757,9949.825273940973,10044.5859375,3756614,0.0,0.0
2019-05-28 00:00:00+07:00,10044.58585812268,10044.58585812268,9902.445829119506,9949.8251953125,4557661,0.0,0.0
2019-05-29 00:00:00+07:00,9902.44594711162,9926.136113096445,9783.9951171875,9783.9951171875,4852860,0.0,0.0
2019-05-30 00:00:00+07:00,9760.304951202676,9878.755781126796,9712.925584445136,9783.9951171875,3274943,0.0,0.0
2019-05-31 00:00:00+07:00,9831.374572131477,9831.374572131477,9618.1640625,9618.1640625,4406610,0.0,0.0
2019-06-03 00:00:00+07:00,9523.40422970996,9641.855059300042,9428.64453125,9428.64453125,6419030,0.0,0.0
2019-06-04 00:00:00+07:00,9476.0244140625,9570.78410803225,9428.644084471594,9476.0244140625,4237471,0.0,0.0
2019-06-05 00:00:00+07:00,9618.164961215378,9736.614826428737,9523.404296875,9523.404296875,3996303,0.0,0.0
2019-06-06 00:00:00+07:00,9523.403407014,9641.8542263715,9452.333880611523,9618.1640625,4134023,0.0,0.0
2019-06-07 00:00:00+07:00,9665.54518574124,9689.2353515625,9618.164854098723,9689.2353515625,2898286,0.0,0.0
2019-06-10 00:00:00+07:00,9807.684495807342,9831.374659890309,9689.234640604533,9712.9248046875,5354224,0.0,0.0
2019-06-11 00:00:00+07:00,9712.9248046875,9736.614003558438,9689.234640604533,9712.9248046875,2385197,0.0,0.0
2019-06-12 00:00:00+07:00,9689.235271880749,9712.925437507187,9594.474609375,9594.474609375,2531159,0.0,0.0
2019-06-13 00:00:00+07:00,9570.783914315954,9641.854407263818,9547.09375,9547.09375,2971400,0.0,0.0
2019-06-14 00:00:00+07:00,9594.473898628501,9760.304080516979,9547.093570885501,9618.1640625,7496710,0.0,0.0
2019-06-17 00:00:00+07:00,9665.54518574124,9760.304883814177,9641.855019919982,9689.2353515625,5420216,0.0,0.0
2019-06-18 00:00:00+07:00,9712.925437507187,9760.304803547968,9594.474609375,9594.474609375,3896986,0.0,0.0
2019-06-19 00:00:00+07:00,9665.545106254312,9712.925437507187,9594.474609375,9594.474609375,2980496,0.0,0.0
2019-06-20 00:00:00+07:00,9594.474640198518,9949.8251953125,9570.784474495971,9949.8251953125,11662673,0.0,0.0
2019-06-21 00:00:00+07:00,10044.585047957917,10139.345703125,9926.135194211083,10139.345703125,9728687,0.0,0.0
2019-06-24 00:00:00+07:00,10115.65553933323,10186.725065496523,10020.894884166146,10139.345703125,8244644,0.0,0.0
2019-06-25 00:00:00+07:00,10020.894976457408,10139.345796507181,9973.5146484375,9973.5146484375,7571286,0.0,0.0
2019-06-26 00:00:00+07:00,9926.135476966607,10115.655827487424,9902.4453125,9902.4453125,6487328,0.0,0.0
2019-06-27 00:00:00+07:00,9878.755781126796,9902.44594711162,9760.304951202676,9783.9951171875,9036867,0.0,0.0
2019-06-28 00:00:00+07:00,9807.685100868632,9831.375266413106,9239.1240234375,9239.1240234375,8643291,0.0,0.0
2019-07-01 00:00:00+07:00,9689.23453737985,9878.7548828125,9618.1640458881,9878.7548828125,7586015,0.0,0.0
2019-07-02 00:00:00+07:00,9949.825126631482,10020.895623248538,9831.375264148483,9855.0654296875,5385534,0.0,0.0
2019-07-03 00:00:00+07:00,9807.684465579847,10020.894976457408,9783.994301569894,9973.5146484375,8701199,0.0,0.0
2019-07-04 00:00:00+07:00,10020.8955078125,10068.275838344738,9926.135811960105,10020.8955078125,5052307,0.0,0.0
2019-07-05 00:00:00+07:00,10020.8955078125,10163.035534197132,9949.825012014146,10020.8955078125,6641258,0.0,0.0
2019-07-08 00:00:00+07:00,10020.895169620993,10020.895169620993,9831.374819100176,9902.4453125,6983310,0.0,0.0
2019-07-09 00:00:00+07:00,9902.445577087903,9997.205272274216,9878.755411988308,9926.1357421875,5084266,0.0,0.0
2019-07-10 00:00:00+07:00,9949.8251953125,10091.966189527771,9949.8251953125,9949.8251953125,5561619,0.0,0.0
2019-07-11 00:00:00+07:00,9997.20549029106,10257.796346857453,9997.20549029106,10210.416015625,11306332,0.0,0.0
2019-07-12 00:00:00+07:00,10234.105649405357,10305.176142560713,10115.655792691805,10163.03515625,7126016,0.0,0.0
2019-07-15 00:00:00+07:00,10163.035420935395,10234.10591594171,10115.656056143256,10186.7255859375,4169738,0.0,0.0
2019-07-16 00:00:00+07:00,10186.725667359171,10305.176493316458,10186.725667359171,10281.486328125,13603856,0.0,0.0
2019-07-17 00:00:00+07:00,10328.866728259207,10423.626424452877,10257.796232204892,10376.24609375,9192530,0.0,0.0
2019-07-18 00:00:00+07:00,10281.486063018108,10376.245756128495,10257.7958984375,10257.7958984375,5876467,0.0,0.0
2019-07-19 00:00:00+07:00,10399.936004957983,10494.696664048068,10328.86647585248,10352.556640625,14261339,0.0,0.0
2019-07-22 00:00:00+07:00,10352.556288584667,10447.315979240375,10210.415304783066,10234.10546875,11463140,0.0,0.0
2019-07-23 00:00:00+07:00,10234.10573385689,10305.176227598718,10210.41556927628,10257.7958984375,6098070,0.0,0.0
2019-07-24 00:00:00+07:00,10305.176067539522,10328.866231752176,10068.275390625,10068.275390625,8228958,0.0,0.0
2019-07-25 00:00:00+07:00,10068.275390625,10163.035082263586,10044.585226412344,10068.275390625,5960368,0.0,0.0
2019-07-26 00:00:00+07:00,10115.656435169269,10139.346601059025,10044.5859375,10044.5859375,4236491,0.0,0.0
2019-07-29 00:00:00+07:00,10044.5853340876,10068.275498554209,9855.064983566785,9902.4453125,5406812,0.0,0.0
2019-07-30 00:00:00+07:00,9997.204919203925,10020.895083466858,9807.6845703125,9807.6845703125,5309581,0.0,0.0
2019-07-31 00:00:00+07:00,9807.684835097487,9878.755329805026,9783.994670194974,9831.375,5494623,0.0,0.0
2019-08-01 00:00:00+07:00,9855.065278059126,9855.065278059126,9618.16459152595,9665.544921875,6585164,0.0,0.0
2019-08-02 00:00:00+07:00,9570.783998613659,9807.684678647744,9547.093834089046,9641.8544921875,7186199,0.0,0.0
2019-08-05 00:00:00+07:00,9689.234821236727,9689.234821236727,9594.474163138273,9641.8544921875,5864598,0.0,0.0
2019-08-06 00:00:00+07:00,9452.334320035478,9618.164509633136,9452.334320035478,9570.7841796875,8128953,0.0,0.0
2019-08-07 00:00:00+07:00,9570.7841796875,9665.544839578772,9499.714649981113,9570.7841796875,3247095,0.0,0.0
2019-08-08 00:00:00+07:00,9618.164854098723,9689.2353515625,9523.404190813686,9689.2353515625,4708899,0.0,0.0
2019-08-09 00:00:00+07:00,9689.234640604533,9807.684495807342,9641.854312438596,9712.9248046875,4526139,0.0,0.0
2019-08-12 00:00:00+07:00,9712.92498576134,9736.614185073904,9594.474163138273,9641.8544921875,5057501,0.0,0.0
2019-08-13 00:00:00+07:00,9570.784329953953,9760.3046875,9547.094164609185,9760.3046875,4823717,0.0,0.0
2019-08-14 00:00:00+07:00,9855.064823973276,9878.754988056246,9712.9248046875,9712.9248046875,5650568,0.0,0.0
2019-08-15 00:00:00+07:00,9523.403930827848,9665.544921875,9523.403930827848,9665.544921875,5279416,0.0,0.0
2019-08-16 00:00:00+07:00,9736.614003558438,9855.064823973276,9618.164148355629,9712.9248046875,6853014,0.0,0.0
2019-08-19 00:00:00+07:00,9760.304167641405,9855.064823973276,9712.9248046875,9712.9248046875,2619462,0.0,0.0
2019-08-20 00:00:00+07:00,9712.92532202255,9783.994852844766,9689.235156677783,9760.3046875,4773422,0.0,0.0
2019-08-21 00:00:00+07:00,9760.30450529246,9926.135659610052,9712.925140699499,9831.375,9599477,0.0,0.0
2019-08-22 00:00:00+07:00,9926.135844913364,9926.135844913364,9760.3046875,9760.3046875,4124928,0.0,0.0
2019-08-23 00:00:00+07:00,9760.304167641405,9807.684495807342,9712.9248046875,9712.9248046875,3905371,0.0,0.0
2019-08-26 00:00:00+07:00,9594.473898628501,9665.544390243,9547.093570885501,9618.1640625,7183195,0.0,0.0
2019-08-27 00:00:00+07:00,9689.2345541145,9712.924717986,9570.783734757,9618.1640625,4065247,0.0,0.0
2019-08-28 00:00:00+07:00,9618.164775001438,9641.854940627874,9570.784443748562,9594.474609375,1899980,0.0,0.0
2019-08-29 00:00:00+07:00,9618.164509633136,9618.164509633136,9523.403849741864,9570.7841796875,2027897,0.0,0.0
2019-08-30 00:00:00+07:00,9570.7841796875,9641.854674605955,9570.7841796875,9570.7841796875,3012058,0.0,0.0
2019-09-03 00:00:00+07:00,9570.783839820768,9618.164168083887,9452.333984375,9452.333984375,3429165,0.0,0.0
2019-09-04 00:00:00+07:00,9476.0244140625,9547.093943236798,9404.953919676142,9476.0244140625,3508395,0.0,0.0
2019-09-05 00:00:00+07:00,9547.093675689208,9570.783839820768,9452.333984375,9452.333984375,2756849,0.0,0.0
2019-09-06 00:00:00+07:00,9452.334697168017,9547.094395627977,9428.64453125,9428.64453125,2763504,0.0,0.0
2019-09-09 00:00:00+07:00,9428.64382024344,9499.71431263812,9428.64382024344,9452.333984375,2334883,0.0,0.0
2019-09-10 00:00:00+07:00,9476.024061760974,9499.71422567567,9333.883078272806,9357.5732421875,4528185,0.0,0.0
2019-09-11 00:00:00+07:00,9381.263671875,9404.953836460842,9333.883342703317,9381.263671875,2516973,0.0,0.0
2019-09-12 00:00:00+07:00,9404.953729316312,9570.783914315954,9381.263565000356,9547.09375,2245661,0.0,0.0
2019-09-13 00:00:00+07:00,9547.093554396348,9902.445046643083,9499.714191947201,9878.7548828125,13363395,0.0,0.0
2019-09-16 00:00:00+07:00,9807.684835097487,10020.89535400804,9807.684835097487,9831.375,7152092,0.0,0.0
2019-09-17 00:00:00+07:00,9783.994670194974,9855.065164902513,9760.30450529246,9831.375,2948934,0.0,0.0
2019-09-18 00:00:00+07:00,9807.685098609463,9997.205457709519,9783.994933070446,9855.0654296875,10295262,0.0,0.0
2019-09-19 00:00:00+07:00,9878.755042135792,10091.965554837656,9878.755042135792,10068.275390625,9995056,0.0,0.0
2019-09-20 00:00:00+07:00,10068.275572043574,10091.9657366831,9973.514913485476,9997.205078125,4860327,0.0,0.0
2019-09-23 00:00:00+07:00,9997.205526717591,10068.276023825227,9949.8251953125,9949.8251953125,4915963,0.0,0.0
2019-09-24 00:00:00+07:00,9949.824859300501,9997.205189105527,9831.375,9831.375,7289605,0.0,0.0
2019-09-25 00:00:00+07:00,9807.685098609463,9902.445760765537,9783.994933070446,9855.0654296875,3489076,0.0,0.0
2019-09-26 00:00:00+07:00,9902.445646693986,10020.8955078125,9902.445646693986,10020.8955078125,4817395,0.0,0.0
2019-09-27 00:00:00+07:00,10020.8955078125,10091.966003610856,10020.8955078125,10020.8955078125,5015571,0.0,0.0
2019-09-30 00:00:00+07:00,10068.275838344738,10163.035534197132,9997.205342546382,10020.8955078125,7585054,0.0,0.0
2019-10-01 00:00:00+07:00,10091.9658203125,10091.9658203125,9973.514996133306,10091.9658203125,6375744,0.0,0.0
2019-10-02 00:00:00+07:00,10068.276023825227,10139.34652093286,9926.135994822052,9949.8251953125,4820191,0.0,0.0
2019-10-03 00:00:00+07:00,9878.755663416961,9949.8251953125,9831.375332011872,9949.8251953125,4429870,0.0,0.0
2019-10-04 00:00:00+07:00,9973.515210390815,9973.515210390815,9760.3046875,9760.3046875,4564022,0.0,0.0
2019-10-07 00:00:00+07:00,9783.994587215688,9831.374916618875,9736.6142578125,9736.6142578125,3947864,0.0,0.0
2019-10-08 00:00:00+07:00,9760.30450529246,9855.065164902513,9712.925140699499,9831.375,2390246,0.0,0.0
2019-10-09 00:00:00+07:00,9855.065137166173,10163.035349607955,9855.065137166173,10091.9658203125,12791897,0.0,0.0
2019-10-10 00:00:00+07:00,10091.966003610856,10139.346334143092,10020.8955078125,10020.8955078125,5044923,0.0,0.0
2019-10-11 00:00:00+07:00,10020.8955078125,10115.656168876974,10020.8955078125,10020.8955078125,3257962,0.0,0.0
2019-10-14 00:00:00+07:00,10163.035502167713,10399.936188870211,10115.656136996873,10281.486328125,15227955,0.0,0.0
2019-10-15 00:00:00+07:00,10281.486328125,10328.866658507915,10234.105997742085,10281.486328125,6012687,0.0,0.0
2019-10-16 00:00:00+07:00,10352.556893610645,10471.006755155753,10328.866728259207,10376.24609375,9018489,0.0,0.0
2019-10-17 00:00:00+07:00,10352.556893610645,10423.626424452877,10328.866728259207,10376.24609375,6929926,0.0,0.0
2019-10-18 00:00:00+07:00,10376.245487339575,10399.935651306507,10186.725140816134,10234.10546875,6741035,0.0,0.0
2019-10-21 00:00:00+07:00,10186.725246476242,10234.105574901554,10068.275390625,10068.275390625,7323085,0.0,0.0
2019-10-22 00:00:00+07:00,10068.275286193491,10234.10546875,10068.275286193491,10234.10546875,5622553,0.0,0.0
2019-10-23 00:00:00+07:00,10234.105649405357,10328.866306945833,10115.655792691805,10163.03515625,7752322,0.0,0.0
2019-10-24 00:00:00+07:00,10186.7255859375,10234.10591594171,10139.34622114536,10186.7255859375,3295764,0.0,0.0
2019-10-25 00:00:00+07:00,10186.72529843953,10423.6259765625,10139.345934984569,10423.6259765625,9100971,0.0,0.0
2019-10-28 00:00:00+07:00,10471.006305229503,10589.457126897007,10423.6259765625,10423.6259765625,6501659,0.0,0.0
2019-10-29 00:00:00+07:00,10471.006571185213,10636.836760519644,10423.626241314787,10447.31640625,6809165,0.0,0.0
2019-10-30 00:00:00+07:00,10423.625797284354,10589.456944766696,10423.625797284354,10494.6962890625,8613793,0.0,0.0
2019-10-31 00:00:00+07:00,10565.766962563506,10613.146326018466,10423.6259765625,10423.6259765625,5594932,0.0,0.0
2019-11-01 00:00:00+07:00,10376.246252415482,10565.767578125,10352.55705191389,10565.767578125,9451826,0.0,0.0
2019-11-04 00:00:00+07:00,10613.146748785319,10778.977905725587,10589.457548720216,10636.8369140625,12198143,0.0,0.0
2019-11-05 00:00:00+07:00,10660.526813748955,10684.216978435932,10613.146484375,10613.146484375,5547350,0.0,0.0
2019-11-06 00:00:00+07:00,10613.146944340282,10707.907607195042,10565.767578125,10565.767578125,7239393,0.0,0.0
2019-11-07 00:00:00+07:00,10565.767313557988,10613.14667858689,10494.696818196526,10542.0771484375,6445440,0.0,0.0
2019-11-08 00:00:00+07:00,10613.146944340282,10660.527275767663,10542.07741241131,10565.767578125,4538741,0.0,0.0
2019-11-11 00:00:00+07:00,10589.457851066087,10684.217549668272,10399.9365234375,10399.9365234375,8088044,0.0,0.0
2019-11-12 00:00:00+07:00,10399.935812229,10494.696469563003,10376.245647895497,10423.6259765625,5923340,0.0,0.0
2019-11-13 00:00:00+07:00,10447.316334503026,10636.836687471137,10234.105816762394,10352.556640625,138085697,0.0,0.0
2019-11-14 00:00:00+07:00,10328.866124617733,10328.866124617733,10234.10546875,10234.10546875,4759697,0.0,0.0
2019-11-15 00:00:00+07:00,10234.105997742085,10376.246023678754,10186.725667359171,10281.486328125,5246477,0.0,0.0
2019-11-18 00:00:00+07:00,10257.795556871835,10257.795556871835,10139.345703125,10139.345703125,12329064,0.0,0.0
2019-11-19 00:00:00+07:00,10163.035420935395,10234.10591594171,10139.34622114536,10186.7255859375,7874098,0.0,0.0
2019-11-20 00:00:00+07:00,10186.725514443793,10210.415679279633,10091.9658203125,10091.9658203125,6080421,0.0,0.0
2019-11-21 00:00:00+07:00,10091.9658203125,10186.725514443793,10020.895325804984,10091.9658203125,9908443,0.0,0.0
2019-11-22 00:00:00+07:00,10139.346065962149,10163.03526538962,9855.065055499905,9997.205078125,8621783,0.0,0.0
2019-11-25 00:00:00+07:00,10044.585673078618,10044.585673078618,9902.445646693986,10020.8955078125,4648362,0.0,0.0
2019-11-26 00:00:00+07:00,10068.276103389757,10068.276103389757,9973.51543983073,10044.5859375,4434542,0.0,0.0
2019-11-27 00:00:00+07:00,10044.585140467363,10091.965468487271,9973.5146484375,9973.5146484375,3573938,0.0,0.0
2019-11-28 00:00:00+07:00,9973.515410993406,9973.515410993406,9689.2353515625,9689.2353515625,7838886,0.0,0.0
2019-11-29 00:00:00+07:00,9712.92551738376,9736.614717992918,9594.474688277463,9689.2353515625,7317392,0.0,0.0
2019-12-02 00:00:00+07:00,9665.544681693045,9689.234846278887,9381.263671875,9381.263671875,8391357,0.0,0.0
2019-12-03 00:00:00+07:00,9239.123566155638,9476.024244663118,9239.123566155638,9286.5029296875,7816313,0.0,0.0
2019-12-04 00:00:00+07:00,9333.883829455715,9712.92551738376,9262.81429720404,9689.2353515625,8130892,0.0,0.0
2019-12-05 00:00:00+07:00,9712.925625555756,9712.925625555756,9523.404296875,9523.404296875,2974614,0.0,0.0
2019-12-06 00:00:00+07:00,9499.714208354522,9641.8542263715,9499.714208354522,9618.1640625,3849424,0.0,0.0
2019-12-09 00:00:00+07:00,9570.783914315954,9641.854407263818,9547.09375,9547.09375,4812349,0.0,0.0
2019-12-10 00:00:00+07:00,9570.784374906016,9570.784374906016,9452.334512837931,9499.71484375,4873073,0.0,0.0
2019-12-11 00:00:00+07:00,9499.714762576927,9547.094127872062,9333.88360580168,9404.9541015625,5466035,0.0,0.0
2019-12-12 00:00:00+07:00,9428.643893632267,9594.474078631909,9428.643893632267,9547.09375,3983285,0.0,0.0
2019-12-13 00:00:00+07:00,9594.474495298718,9807.685018189533,9594.474495298718,9760.3046875,8266549,0.0,0.0
2019-12-16 00:00:00+07:00,9760.304080516979,9760.304080516979,9618.1640625,9618.1640625,3102928,0.0,0.0
2019-12-17 00:00:00+07:00,9641.854940627874,9736.61463792153,9594.474609375,9594.474609375,3524561,0.0,0.0
2019-12-18 00:00:00+07:00,9570.783914315954,9665.544571579774,9547.09375,9547.09375,3879693,0.0,0.0
2019-12-19 00:00:00+07:00,9570.783914315954,9618.164242947863,9476.024222264175,9547.09375,2981122,0.0,0.0
2019-12-20 00:00:00+07:00,9547.093834089046,9689.234821236727,9523.403669564432,9641.8544921875,2361543,0.0,0.0
2019-12-23 00:00:00+07:00,9665.544728919775,9855.065081320468,9665.544728919775,9736.6142578125,6991778,0.0,0.0
2019-12-24 00:00:00+07:00,9783.994852844766,9783.994852844766,9665.544991333018,9760.3046875,2617208,0.0,0.0
2019-12-25 00:00:00+07:00,9712.92532202255,9855.065348879065,9712.92532202255,9760.3046875,2973215,0.0,0.0
2019-12-26 00:00:00+07:00,9760.3046875,9807.685018189533,9689.235156677783,9760.3046875,4429722,0.0,0.0
2019-12-27 00:00:00+07:00,9783.9951171875,9783.9951171875,9641.855086490663,9783.9951171875,3314871,0.0,0.0
2019-12-30 00:00:00+07:00,9807.684465579847,9997.204812447455,9783.994301569894,9973.5146484375,10106786,0.0,0.0
2019-12-31 00:00:00+07:00,10020.895169620993,10044.5853340876,9878.755148033391,9902.4453125,3635352,0.0,0.0
2020-01-02 00:00:00+07:00,9902.445536336389,10305.176410948021,9878.755371334286,10186.7255859375,9069367,0.0,0.0
2020-01-03 00:00:00+07:00,10305.176338622987,10352.556668294665,10068.27565547666,10091.9658203125,7565383,0.0,0.0
2020-01-06 00:00:00+07:00,10044.58575363169,10281.486442980635,9997.205422719484,10115.65625,6620064,0.0,0.0
2020-01-07 00:00:00+07:00,10234.105997742085,10352.556823699373,10163.035502167713,10281.486328125,8879516,0.0,0.0
2020-01-08 00:00:00+07:00,10210.41556927628,10494.696579031543,10091.965711585284,10257.7958984375,136795825,0.0,0.0
2020-01-09 00:00:00+07:00,10352.556861160483,10707.907409894044,10352.556861160483,10636.8369140625,19592888,0.0,0.0
2020-01-10 00:00:00+07:00,10660.52701719112,11371.22907572708,10660.52701719112,11158.0185546875,31801609,0.0,0.0
2020-01-13 00:00:00+07:00,11039.567842114066,11371.229192247529,10992.1884765625,10992.1884765625,11155134,0.0,0.0
2020-01-14 00:00:00+07:00,11015.878267331045,11276.468147245156,10992.188102754842,11134.328125,44334358,0.0,0.0
2020-01-15 00:00:00+07:00,11134.328652975883,11229.08931577412,11015.878789690183,11181.708984375,9147052,0.0,0.0
2020-01-16 00:00:00+07:00,11229.089309775592,11821.340556311903,11205.399144088688,11797.650390625,16840082,0.0,0.0
2020-01-17 00:00:00+07:00,11939.78969983255,12034.550356868223,11655.509659149611,11821.33984375,16110108,0.0,0.0
2020-01-20 00:00:00+07:00,11797.650469431894,11987.170830981004,11726.579971896439,11892.4111328125,9924256,0.0,0.0
2020-01-21 00:00:00+07:00,11939.789593778018,12224.070597147884,11892.410230893065,11987.169921875,13003133,0.0,0.0
2020-01-22 00:00:00+07:00,11987.170520695461,12200.381042570809,11868.720659747858,12129.310546875,9902958,0.0,0.0
2020-01-30 00:00:00+07:00,11797.650428492787,12010.860955147184,11371.229375183992,11537.0595703125,24098565,0.0,0.0
2020-01-31 00:00:00+07:00,11655.509680647956,11963.479886157858,11560.7490234375,11560.7490234375,25420397,0.0,0.0
2020-02-03 00:00:00+07:00,11134.328044837022,11939.789773780642,11015.878188020863,11916.099609375,29245395,0.0,0.0
2020-02-04 00:00:00+07:00,12034.550867406186,12745.2529296875,12010.860702142267,12745.2529296875,31031728,0.0,0.0
2020-02-05 00:00:00+07:00,12982.153722545198,13171.674080983597,12579.421875,12579.421875,24620205,0.0,0.0
2020-02-06 00:00:00+07:00,12650.491873844716,13313.813584897744,12484.66168738447,13147.9833984375,22042545,0.0,0.0
2020-02-07 00:00:00+07:00,13029.532982430363,13100.603478222118,12626.802103367907,12745.2529296875,18691814,0.0,0.0
2020-02-10 00:00:00+07:00,12437.281144515679,12934.772660555675,12413.590980398341,12603.111328125,13116218,0.0,0.0
2020-02-11 00:00:00+07:00,12745.25253194317,13147.9833984375,12721.562367418555,13147.9833984375,14711552,0.0,0.0
2020-02-12 00:00:00+07:00,13479.643796718443,13479.643796718443,12887.392578125,12887.392578125,21790405,0.0,0.0
2020-02-13 00:00:00+07:00,12958.463337923782,13076.913197989921,12555.732462402017,12911.0830078125,19829592,0.0,0.0
2020-02-14 00:00:00+07:00,12958.462912150308,12958.462912150308,12650.491741757982,12697.8720703125,12867997,0.0,0.0
2020-02-17 00:00:00+07:00,12745.253033194176,12816.322564351021,12508.352343843155,12579.421875,12136875,0.0,0.0
2020-02-18 00:00:00+07:00,12650.4921875,12911.083038519768,12603.11185727603,12650.4921875,15127136,0.0,0.0
2020-02-19 00:00:00+07:00,12697.872143494373,12887.392493592672,12697.872143494373,12792.6318359375,14196379,0.0,0.0
2020-02-20 00:00:00+07:00,12958.463451850686,13124.293643486035,12626.802103367907,12745.2529296875,18797723,0.0,0.0
2020-02-21 00:00:00+07:00,12697.87192798619,12745.252256009639,12153.000086140606,12247.7607421875,25188261,0.0,0.0
2020-02-24 00:00:00+07:00,11892.410358462055,12034.550379065699,11537.058859134886,11560.7490234375,26528782,0.0,0.0
2020-02-25 00:00:00+07:00,11560.74919977358,12366.2109375,11537.059035109618,12366.2109375,20368485,0.0,0.0
2020-02-26 00:00:00+07:00,12105.6214273275,12413.591646965753,12034.550931159249,12224.0712890625,13508752,0.0,0.0
2020-02-27 00:00:00+07:00,12200.381271007553,12413.591796875,12129.31077398104,12413.591796875,12709477,0.0,0.0
2020-02-28 00:00:00+07:00,12081.93100020599,12342.520883420224,11845.030316655906,12200.380859375,16678850,0.0,0.0
2020-03-02 00:00:00+07:00,12295.141176804425,12342.520540026602,12034.550335628286,12081.9306640625,10209107,0.0,0.0
2020-03-03 00:00:00+07:00,12413.591169793604,12768.942671763245,12295.141312611755,12532.0419921875,19988843,0.0,0.0
2020-03-04 00:00:00+07:00,12460.971498751162,12532.0419921875,12318.831477090534,12532.0419921875,9570125,0.0,0.0
2020-03-05 00:00:00+07:00,12697.872549194517,12721.562714365216,12389.9013671875,12389.9013671875,13606587,0.0,0.0
2020-03-06 00:00:00+07:00,12224.0712890625,12342.521150797502,12058.241096548665,12224.0712890625,11292543,0.0,0.0
2020-03-09 00:00:00+07:00,11418.608843569376,11702.888880811583,11371.228515625,11371.228515625,22620718,0.0,0.0
2020-03-10 00:00:00+07:00,11371.22919416636,11868.720736844461,10968.498313031549,11608.1298828125,23339512,0.0,0.0
2020-03-11 00:00:00+07:00,11750.269907932558,11845.030569459857,10826.357318889728,10992.1884765625,18529228,0.0,0.0
2020-03-12 00:00:00+07:00,10423.625902385127,10613.146250492417,10234.10555427784,10328.8662109375,23678892,0.0,0.0
2020-03-13 00:00:00+07:00,9712.925571632306,10613.147051807553,9618.164907818013,10399.9365234375,21988456,0.0,0.0
2020-03-16 00:00:00+07:00,10399.935702245448,10447.316030411383,9712.9248046875,9712.9248046875,15658455,0.0,0.0
2020-03-17 00:00:00+07:00,9476.024776897888,10044.58585812268,9191.743753679444,9949.8251953125,16653109,0.0,0.0
2020-03-18 00:00:00+07:00,10091.9659326726,10210.415792958509,9926.1357421875,9926.1357421875,13443541,0.0,0.0
2020-03-19 00:00:00+07:00,9712.925625555756,9760.304992513831,9404.954431661641,9523.404296875,9897116,0.0,0.0
2020-03-20 00:00:00+07:00,9665.544681693045,9712.925010864728,9310.193178117475,9381.263671875,13406722,0.0,0.0
2020-03-23 00:00:00+07:00,8907.462017367561,9002.222672591608,8741.6318359375,8741.6318359375,13494358,0.0,0.0
2020-03-24 00:00:00+07:00,8741.632016322083,8860.081872584347,8362.591318028388,8670.5615234375,13311702,0.0,0.0
2020-03-25 00:00:00+07:00,9002.22264082787,9262.8134765625,8907.46198593818,9262.8134765625,14688022,0.0,0.0
2020-03-26 00:00:00+07:00,9025.913721267576,9286.503618257013,8907.462890625,8907.462890625,10788613,0.0,0.0
2020-03-27 00:00:00+07:00,9025.912820013007,9049.602983776014,8860.081673671957,9002.22265625,13061875,0.0,0.0
2020-03-30 00:00:00+07:00,8457.35077570372,8528.421266619453,8386.28125,8386.28125,15293228,0.0,0.0
2020-03-31 00:00:00+07:00,8528.421560216988,8765.32223954624,7865.099851137486,8149.380859375,12730317,0.0,0.0
2020-04-01 00:00:00+07:00,8054.620147407236,8694.251687732361,8054.620147407236,8670.5615234375,11503674,0.0,0.0
2020-04-03 00:00:00+07:00,8812.703191323055,9002.22355513906,8765.322859066024,8907.462890625,10525394,0.0,0.0
2020-04-06 00:00:00+07:00,9144.363569937716,9523.404296875,9002.22353863926,9523.404296875,22544056,0.0,0.0
2020-04-07 00:00:00+07:00,9570.78429312567,9594.474458379274,9286.503275294466,9404.9541015625,15399472,0.0,0.0
2020-04-08 00:00:00+07:00,9144.363428524695,9476.024783374927,9049.603730861842,9333.8837890625,9673595,0.0,0.0
2020-04-09 00:00:00+07:00,9476.024330218366,9641.854517107204,9381.263671875,9381.263671875,15349802,0.0,0.0
2020-04-10 00:00:00+07:00,9381.263782596026,9523.40380657661,9144.363099153676,9215.43359375,11892578,0.0,0.0
2020-04-13 00:00:00+07:00,9191.743237411732,9476.024244663118,9120.672744295876,9286.5029296875,8726608,0.0,0.0
2020-04-14 00:00:00+07:00,9262.813569597552,9357.573260226987,8907.462075404106,9096.982421875,15609788,0.0,0.0
2020-04-15 00:00:00+07:00,9096.98291847769,9452.334432069712,9096.98291847769,9404.9541015625,14097667,0.0,0.0
2020-04-16 00:00:00+07:00,9286.503013531634,9428.644001046683,9191.74332040032,9381.263671875,7739943,0.0,0.0
2020-04-17 00:00:00+07:00,9712.925625555756,9712.925625555756,9476.024929916925,9523.404296875,18089715,0.0,0.0
2020-04-20 00:00:00+07:00,9618.164623632882,9689.235119393703,9404.9541015625,9404.9541015625,13124895,0.0,0.0
2020-04-21 00:00:00+07:00,9310.193784385528,9357.57411664256,8883.772724496484,8907.462890625,19400114,0.0,0.0
2020-04-22 00:00:00+07:00,8717.941982926948,9333.883368205561,8717.941982926948,9120.6728515625,13469262,0.0,0.0
2020-04-23 00:00:00+07:00,9239.123405637189,9333.883096266622,9096.982421875,9096.982421875,6154102,0.0,0.0
2020-04-24 00:00:00+07:00,9096.982421875,9144.36274979573,9002.222731245567,9096.982421875,5989282,0.0,0.0
2020-04-27 00:00:00+07:00,9191.743185147721,9191.743185147721,8931.15234375,8931.15234375,9122104,0.0,0.0
2020-04-28 00:00:00+07:00,8931.152428093601,9144.362943030328,8860.081934710677,9025.9130859375,8850812,0.0,0.0
2020-04-29 00:00:00+07:00,9144.363072138223,9476.0244140625,9049.603378168471,9476.0244140625,19478091,0.0,0.0
2020-05-04 00:00:00+07:00,9357.573851013794,9689.235202186186,9262.814154401744,9499.71484375,16206087,0.0,0.0
2020-05-05 00:00:00+07:00,9499.714762576927,9547.094127872062,9310.193440548073,9404.9541015625,6208901,0.0,0.0
2020-05-06 00:00:00+07:00,9452.334320035478,9618.164509633136,9262.813965465,9570.7841796875,15903421,0.0,0.0
2020-05-07 00:00:00+07:00,9570.7842611769,9783.994782535552,9523.403930827848,9665.544921875,16216665,0.0,0.0
2020-05-08 00:00:00+07:00,9807.684654633567,10257.795849075024,9760.304325700352,9902.4453125,27173458,0.0,0.0
2020-05-11 00:00:00+07:00,10163.035082263586,10210.415410688898,9902.445206348446,10068.275390625,15966879,0.0,0.0
2020-05-12 00:00:00+07:00,10020.895217843456,10328.866392179329,9878.75519557185,10257.7958984375,13928153,0.0,0.0
2020-05-13 00:00:00+07:00,10139.346040746503,10399.935920709106,10020.895217843456,10257.7958984375,14516881,0.0,0.0
2020-05-14 00:00:00+07:00,10139.346415456102,10305.176608436737,10115.65625,10115.65625,12158467,0.0,0.0
2020-05-15 00:00:00+07:00,10210.415520141809,10234.105684608418,9878.755148033391,9902.4453125,15443175,0.0,0.0
2020-05-18 00:00:00+07:00,9926.135891563263,10115.65625,9807.685064282747,10115.65625,10857203,0.0,0.0
2020-05-19 00:00:00+07:00,10423.62658384286,10636.837110053973,10328.8668862002,10565.767578125,23099010,0.0,0.0
2020-05-20 00:00:00+07:00,10423.62658384286,10565.767578125,10376.246252415482,10565.767578125,11548377,0.0,0.0
2020-05-21 00:00:00+07:00,10589.457259548464,11015.87829246907,10565.767094918203,10873.7373046875,22146119,0.0,0.0
2020-05-22 00:00:00+07:00,10802.66796875,11181.708679172927,10731.597473591175,10802.66796875,16848780,0.0,0.0
2020-05-25 00:00:00+07:00,10850.04766672193,11063.25819353154,10755.28796881327,10921.1181640625,14183674,0.0,0.0
2020-05-26 00:00:00+07:00,10921.117717253064,11039.567576095842,10826.357058009193,10968.498046875,13732481,0.0,0.0
2020-05-27 00:00:00+07:00,11039.567518316477,11110.638012377407,10613.146484375,10613.146484375,17566678,0.0,0.0
2020-05-28 00:00:00+07:00,10684.216796875,10873.73714593817,10589.457104949435,10684.216796875,12554130,0.0,0.0
2020-05-29 00:00:00+07:00,10636.837177885238,10755.288007209048,10636.837177885238,10660.52734375,7429769,0.0,0.0
2020-06-01 00:00:00+07:00,10802.667751357283,11134.328125,10755.287422204881,11134.328125,14853570,0.0,0.0
2020-06-02 00:00:00+07:00,11276.467878176978,11513.368553074244,11086.94753130157,11110.6376953125,20631974,0.0,0.0
2020-06-03 00:00:00+07:00,11181.70816905952,11394.91867959719,11158.018005087331,11371.228515625,14397766,0.0,0.0
2020-06-04 00:00:00+07:00,11465.989675404955,11797.650055166883,11418.609345378374,11679.2001953125,18661316,0.0,0.0
2020-06-05 00:00:00+07:00,11608.129617970326,11702.889312139567,11465.989594110433,11584.439453125,11528184,0.0,0.0
2020-06-08 00:00:00+07:00,11773.960224938095,11939.790419534327,11655.510361715673,11797.650390625,14726488,0.0,0.0
2020-06-09 00:00:00+07:00,11845.02995379631,11845.02995379631,11465.9892578125,11465.9892578125,13981557,0.0,0.0
2020-06-10 00:00:00+07:00,11465.989675404955,11845.030385193464,11418.609345378374,11679.2001953125,17206562,0.0,0.0
2020-06-11 00:00:00+07:00,11702.88920589845,11750.269535158972,10873.7373046875,10873.7373046875,19312230,0.0,0.0
2020-06-12 00:00:00+07:00,10471.006332939958,11039.5673828125,10471.006332939958,11039.5673828125,14799125,0.0,0.0
2020-06-15 00:00:00+07:00,10992.188630547224,11134.328659617266,10471.006915270242,10565.767578125,16540732,0.0,0.0
2020-06-16 00:00:00+07:00,10897.428076498867,11015.87890625,10755.288046009615,11015.87890625,8610121,0.0,0.0
2020-06-17 00:00:00+07:00,10897.427734375,11015.878560407378,10850.04740396205,10897.427734375,5150727,0.0,0.0
2020-06-18 00:00:00+07:00,10755.287184005903,10992.18785930919,10755.287184005903,10850.046875,4076595,0.0,0.0
2020-06-19 00:00:00+07:00,10968.498117854975,11086.947977464273,10873.737457997884,11063.2578125,6171081,0.0,0.0
2020-06-22 00:00:00+07:00,11039.567203279712,11229.088515367146,11015.87800448081,11110.6376953125,6230576,0.0,0.0
2020-06-23 00:00:00+07:00,11086.948438888572,11158.018936739252,10921.118242449093,11015.87890625,6042810,0.0,0.0
2020-06-24 00:00:00+07:00,11086.94801896116,11158.018514119985,10755.287638644117,10802.66796875,6373720,0.0,0.0
2020-06-25 00:00:00+07:00,10660.526453826418,10826.356635824415,10613.146126052126,10755.287109375,5319823,0.0,0.0
2020-06-26 00:00:00+07:00,10897.427310222572,10921.117474506973,10613.146304021797,10684.216796875,5027858,0.0,0.0
2020-06-29 00:00:00+07:00,10613.1467820523,10684.217278106615,10257.796232204892,10376.24609375,9602502,0.0,0.0
2020-06-30 00:00:00+07:00,10542.07736904007,10613.146900676655,10139.346483988415,10210.416015625,5866935,0.0,0.0
2020-07-01 00:00:00+07:00,10257.796389059129,10565.767578125,10210.41605763175,10565.767578125,4583820,0.0,0.0
2020-07-02 00:00:00+07:00,10613.146944340282,10660.527275767663,10471.006915270242,10565.767578125,4387480,0.0,0.0
2020-07-03 00:00:00+07:00,10589.45774383869,10636.837110053973,10565.767578125,10565.767578125,4484940,0.0,0.0
2020-07-06 00:00:00+07:00,10707.90763725289,11039.56802775135,10636.837139912323,10921.1181640625,10157394,0.0,0.0
2020-07-07 00:00:00+07:00,11039.567203279712,11229.088515367146,10992.18784046988,11110.6376953125,14021025,0.0,0.0
2020-07-08 00:00:00+07:00,11110.63778072779,11371.228621639331,11039.567288148633,11205.3984375,11065768,0.0,0.0
2020-07-09 00:00:00+07:00,11229.0890196141,11465.989705149492,11158.018524389861,11418.609375,12616355,0.0,0.0
2020-07-10 00:00:00+07:00,11371.229413369994,11442.29991089749,11158.018885999609,11276.46875,9825335,0.0,0.0
2020-07-13 00:00:00+07:00,11371.229227956219,11655.51024821875,11347.5390625,11347.5390625,12781864,0.0,0.0
2020-07-14 00:00:00+07:00,11347.538616263273,11513.368802723518,11276.468122689432,11394.9189453125,8438064,0.0,0.0
2020-07-15 00:00:00+07:00,11513.369070086914,11537.05923516166,11418.609375,11418.609375,5501623,0.0,0.0
2020-07-16 00:00:00+07:00,11371.229044850506,11418.609375,11229.0890196141,11418.609375,7887032,0.0,0.0
2020-07-17 00:00:00+07:00,11371.229044850506,11513.369070086914,11276.468384551523,11418.609375,7395285,0.0,0.0
2020-07-20 00:00:00+07:00,11418.609745054991,11418.609745054991,11252.7785841575,11276.46875,6099571,0.0,0.0
2020-07-21 00:00:00+07:00,11323.848367473325,11347.53853182165,11110.63785355044,11300.158203125,5726605,0.0,0.0
2020-07-22 00:00:00+07:00,11347.538826859207,11347.538826859207,11063.2578125,11063.2578125,5764821,0.0,0.0
2020-07-23 00:00:00+07:00,11134.328307392818,11134.328307392818,10897.427622962157,11063.2578125,6237231,0.0,0.0
2020-07-24 00:00:00+07:00,10921.117859941158,11015.878520423108,10328.866627565185,10542.0771484375,18045282,0.0,0.0
2020-07-27 00:00:00+07:00,10091.965576255656,10376.245616986775,9807.6845703125,9807.6845703125,15928265,0.0,0.0
2020-07-28 00:00:00+07:00,10020.895476231044,10328.866658507915,9949.824980656671,10281.486328125,8925242,0.0,0.0
2020-07-29 00:00:00+07:00,10044.585064414565,10091.965392075734,9665.544373549266,9878.7548828125,9822435,0.0,0.0
2020-07-30 00:00:00+07:00,9973.515257263381,10163.035615700119,9949.825091807279,10115.65625,5371225,0.0,0.0
2020-07-31 00:00:00+07:00,9949.825273940973,10186.725967626435,9902.445907373565,10044.5859375,6109104,0.0,0.0
2020-08-03 00:00:00+07:00,10044.585899230133,10328.866923611997,10020.895733430636,10305.1767578125,5762715,0.0,0.0
2020-08-04 00:00:00+07:00,10471.006571185213,10565.767230926067,10376.245911444359,10447.31640625,6499845,0.0,0.0
2020-08-05 00:00:00+07:00,10471.006801444284,10755.287821706164,10423.626470531955,10731.59765625,10462731,0.0,0.0
2020-08-06 00:00:00+07:00,10731.597307809885,10802.667801870817,10589.457284900078,10613.146484375,6111858,0.0,0.0
2020-08-07 00:00:00+07:00,10707.907045648526,10850.047067264428,10636.836552234552,10778.9775390625,8074380,0.0,0.0
2020-08-10 00:00:00+07:00,10944.80799385558,11086.94801896116,10802.66796875,10802.66796875,8490652,0.0,0.0
2020-08-11 00:00:00+07:00,11015.878641944326,11039.567842114066,10802.668118719987,10992.1884765625,8079574,0.0,0.0
2020-08-12 00:00:00+07:00,11039.567911127653,11276.468601214796,10992.188545279896,11086.9482421875,9147199,0.0,0.0
2020-08-13 00:00:00+07:00,11276.468485599533,11323.848816173599,11229.089120237548,11252.7783203125,10704129,0.0,0.0
2020-08-14 00:00:00+07:00,11205.398618728603,11300.158311821358,11015.878267331045,11134.328125,11345487,0.0,0.0
2020-08-17 00:00:00+07:00,11015.878267331045,11158.018289576201,10968.497938178642,11134.328125,6093667,0.0,0.0
2020-08-18 00:00:00+07:00,11134.328503641365,11158.01866902319,10944.808145798852,10992.1884765625,5782449,0.0,0.0
2020-08-19 00:00:00+07:00,10992.188019232153,11134.328040397279,10968.49785483596,11039.5673828125,5340412,0.0,0.0
2020-08-20 00:00:00+07:00,11086.94771160489,11158.018204793472,11015.878183628349,11039.5673828125,8830661,0.0,0.0
2020-08-21 00:00:00+07:00,11134.328427530962,11560.749471064773,11134.328427530962,11513.369140625,20105058,0.0,0.0
2020-08-24 00:00:00+07:00,11702.889044041143,11750.269372646371,11560.7490234375,11560.7490234375,14410159,0.0,0.0
2020-08-25 00:00:00+07:00,11631.82011707131,11773.96014501578,11560.749620493027,11702.8896484375,10902471,0.0,0.0
2020-08-26 00:00:00+07:00,11608.129951545214,11892.41097264625,11584.43978601912,11702.8896484375,15846033,0.0,0.0
2020-08-27 00:00:00+07:00,11655.509574513851,11868.72008608386,11655.509574513851,11726.5791015625,6436073,0.0,0.0
2020-08-28 00:00:00+07:00,11797.650469431894,12034.551162671305,11750.27013774159,11892.4111328125,74221949,0.0,0.0
2020-08-31 00:00:00+07:00,12176.6904296875,12413.591108085611,11939.789751289389,12176.6904296875,16430881,0.0,0.0
2020-09-01 00:00:00+07:00,12176.69084586328,12389.9013671875,12129.310515521882,12389.9013671875,10167114,0.0,0.0
2020-09-03 00:00:00+07:00,12484.661956634644,12603.111816600209,12247.761271491447,12295.1416015625,69341007,0.0,0.0
2020-09-04 00:00:00+07:00,12129.310706894199,12508.352390393711,12129.310706894199,12318.83203125,16748192,0.0,0.0
2020-09-07 00:00:00+07:00,12366.211003176426,12389.901167966204,11845.0302734375,11845.0302734375,16733048,0.0,0.0
2020-09-08 00:00:00+07:00,11963.480105330276,12105.62109375,11750.269587912748,12105.62109375,11485755,0.0,0.0
2020-09-09 00:00:00+07:00,11892.410230893065,12081.930578068966,11868.720066844573,11987.169921875,8077802,0.0,0.0
2020-09-10 00:00:00+07:00,12034.550249971982,12153.000105002411,11987.169921875,11987.169921875,5539632,0.0,0.0
2020-09-11 00:00:00+07:00,11916.100024999652,12176.690877338873,11916.100024999652,12129.310546875,7243775,0.0,0.0
2020-09-14 00:00:00+07:00,12318.83186873049,12318.83186873049,12105.621346855141,12129.310546875,5889068,0.0,0.0
2020-09-15 00:00:00+07:00,12153.000641509521,12200.38097169816,12034.55078125,12034.55078125,7165818,0.0,0.0
2020-09-16 00:00:00+07:00,12058.240863722482,12058.240863722482,11916.099874130505,11939.7900390625,8282653,0.0,0.0
2020-09-17 00:00:00+07:00,11987.169921875,12153.000105002411,11963.47975782651,11987.169921875,8336472,0.0,0.0
2020-09-18 00:00:00+07:00,12081.931261938082,12247.761454451918,12034.550931159249,12224.0712890625,9560468,0.0,0.0
2020-09-21 00:00:00+07:00,12318.831683756072,12389.901213172654,12129.310364746356,12200.380859375,10581907,0.0,0.0
2020-09-22 00:00:00+07:00,12129.310627504832,12247.761454451918,12081.931261938082,12224.0712890625,8843032,0.0,0.0
2020-09-23 00:00:00+07:00,12295.141229302482,12603.111435015777,12271.451064984223,12437.28125,13388782,0.0,0.0
2020-09-24 00:00:00+07:00,12413.59172821581,12460.97205930476,12247.761534616575,12318.83203125,7667515,0.0,0.0
2020-09-25 00:00:00+07:00,12366.211465523991,12413.591796875,12176.69110533205,12413.591796875,9660473,0.0,0.0
2020-09-28 00:00:00+07:00,12508.351617647546,13005.842167711075,12508.351617647546,12863.7021484375,32782245,0.0,0.0
2020-09-29 00:00:00+07:00,12982.152988790347,12982.152988790347,12603.111328125,12603.111328125,12606657,0.0,0.0
2020-09-30 00:00:00+07:00,12603.112040456312,12674.182536825243,12437.281847474222,12579.421875,9939400,0.0,0.0
2020-10-01 00:00:00+07:00,12721.56214871168,12792.631675851657,12579.421164007663,12603.111328125,11246170,0.0,0.0
2020-10-02 00:00:00+07:00,12840.012891426408,12982.153885953421,12460.97216977857,12768.943359375,27817237,0.0,0.0
2020-10-05 00:00:00+07:00,13029.533203125,13100.60370012055,12911.083340011179,13029.533203125,12389539,0.0,0.0
2020-10-06 00:00:00+07:00,13076.91292946642,13100.603094035603,12887.392578125,12887.392578125,12952504,0.0,0.0
2020-10-07 00:00:00+07:00,12840.012164765087,13147.983336932348,12792.6318359375,12792.6318359375,17628801,0.0,0.0
2020-10-08 00:00:00+07:00,12887.392312518434,12982.15296884217,12697.87196508299,12863.7021484375,13589273,0.0,0.0
2020-10-09 00:00:00+07:00,12887.392992853087,13171.674011619665,12887.392992853087,13100.603515625,21097624,0.0,0.0
2020-10-12 00:00:00+07:00,14000.82575435987,14000.82575435987,13621.785044433895,13787.615234375,45741718,0.0,0.0
2020-10-13 00:00:00+07:00,13740.23474177141,14687.83747058739,13621.784883275443,14474.626953125,23064070,0.0,0.0
2020-10-14 00:00:00+07:00,14545.696509392295,14616.767003750278,14214.0361328125,14214.0361328125,17478501,0.0,0.0
2020-10-15 00:00:00+07:00,14308.796092968214,14450.937084328798,14214.036397273238,14237.7265625,27342324,0.0,0.0
2020-10-16 00:00:00+07:00,14450.937010609783,14901.048217197975,14308.796019974308,14758.9072265625,27431149,0.0,0.0
2020-10-19 00:00:00+07:00,15209.017843624857,15374.848992938363,15114.258152086317,15232.7080078125,27866990,0.0,0.0
2020-10-20 00:00:00+07:00,15090.568693423465,15303.779215868391,15019.498197537796,15209.0185546875,20784444,0.0,0.0
2020-10-21 00:00:00+07:00,15256.398226371535,15374.849047731894,14711.52734375,14711.52734375,19367907,0.0,0.0
2020-10-22 00:00:00+07:00,14687.837312564523,15161.638671875,14593.07665461761,15161.638671875,19662896,0.0,0.0
2020-10-23 00:00:00+07:00,15256.398279309651,15280.088443663926,14972.117272270403,15066.8779296875,13844190,0.0,0.0
2020-10-26 00:00:00+07:00,15114.258228404822,15114.258228404822,14450.9365234375,14450.9365234375,18575580,0.0,0.0
2020-10-27 00:00:00+07:00,14450.936859669719,14735.21787275928,14332.486035377377,14569.38671875,35540307,0.0,0.0
2020-10-28 00:00:00+07:00,14450.93727118495,14664.147795770641,14166.65625,14166.65625,16555335,0.0,0.0
2020-10-29 00:00:00+07:00,14071.896249425516,14308.795969220198,13787.615234375,13787.615234375,24425514,0.0,0.0
2020-10-30 00:00:00+07:00,13882.374394443395,13977.135050880348,13361.193679676257,13740.234375,19607427,0.0,0.0
2020-11-02 00:00:00+07:00,13882.374940158226,14403.556640625,13834.995575289304,14403.556640625,10928839,0.0,0.0
2020-11-03 00:00:00+07:00,14522.007382579724,14545.696582272352,14261.416533840182,14308.7958984375,10461082,0.0,0.0
2020-11-04 00:00:00+07:00,14356.176391765348,14687.837738996628,14261.416696279322,14498.3173828125,14920742,0.0,0.0
2020-11-05 00:00:00+07:00,14450.937154836756,14640.457512363482,14332.486328125,14332.486328125,12213475,0.0,0.0
2020-11-06 00:00:00+07:00,14356.176493467352,14522.007650863809,14308.79616278265,14332.486328125,11346281,0.0,0.0
2020-11-09 00:00:00+07:00,14522.007436196616,14735.217955913975,14522.007436196616,14664.1474609375,16460711,0.0,0.0
2020-11-10 00:00:00+07:00,14782.597434482654,14901.04826035528,14498.3173828125,14498.3173828125,18253450,0.0,0.0
2020-11-11 00:00:00+07:00,14569.386379761789,14640.456872683586,14403.556194822968,14450.9365234375,12768493,0.0,0.0
2020-11-12 00:00:00+07:00,14498.31753248438,14806.287752508355,14498.31753248438,14687.837890625,12745170,0.0,0.0
2020-11-13 00:00:00+07:00,14782.59769996246,15161.639384349977,14782.59769996246,15137.94921875,22346716,0.0,0.0
2020-11-16 00:00:00+07:00,15374.849640896902,15493.299501615045,15066.878458690413,15114.2587890625,32907241,0.0,0.0
2020-11-17 00:00:00+07:00,15256.39904579565,15469.609570483835,15161.63934882984,15398.5400390625,18163687,0.0,0.0
2020-11-18 00:00:00+07:00,15398.539400216398,15588.059751497392,15327.468906531505,15516.9892578125,15225494,0.0,0.0
2020-11-19 00:00:00+07:00,15516.9892335663,15777.580078125,15422.228575467847,15777.580078125,29412613,0.0,0.0
2020-11-20 00:00:00+07:00,15801.27069090248,15848.650056083723,15611.750334541279,15730.2001953125,15098369,0.0,0.0
2020-11-23 00:00:00+07:00,15730.199590818096,15730.199590818096,15445.918584594865,15588.0595703125,15032929,0.0,0.0
2020-11-24 00:00:00+07:00,15706.509609093495,15706.509609093495,15398.539400216398,15516.9892578125,18458093,0.0,0.0
2020-11-25 00:00:00+07:00,15730.200113418297,15872.340138646174,15588.060088190423,15635.439453125,22353786,0.0,0.0
2020-11-26 00:00:00+07:00,15635.439137974356,16227.691322445786,15611.749938590585,16132.9306640625,24246426,0.0,0.0
2020-11-27 00:00:00+07:00,16204.001157849963,16346.142145424892,16109.240499466678,16132.9306640625,12984086,0.0,0.0
2020-11-30 00:00:00+07:00,16132.930689502915,16204.001183402452,15872.33984375,15872.33984375,22951399,0.0,0.0
2020-12-01 00:00:00+07:00,15635.439314448879,16109.240681288917,15588.059949934524,16061.8603515625,20352569,0.0,0.0
2020-12-02 00:00:00+07:00,16061.860545862288,16204.001536761012,15919.720520175639,15990.791015625,18059782,0.0,0.0
2020-12-03 00:00:00+07:00,16014.4814453125,16132.931307805995,15967.101114230267,16014.4814453125,13051111,0.0,0.0
2020-12-04 00:00:00+07:00,16109.240026446247,16535.6610462258,16061.859698645847,16440.900390625,44396773,0.0,0.0
2020-12-07 00:00:00+07:00,16583.041374026197,16630.4217018266,16393.5200628246,16440.900390625,15254865,0.0,0.0
2020-12-08 00:00:00+07:00,16440.90130859255,16464.591473815475,16251.381917233299,16346.142578125,17950512,0.0,0.0
2020-12-09 00:00:00+07:00,16346.142578125,16535.661969484252,16322.452412902076,16346.142578125,16998769,0.0,0.0
2020-12-10 00:00:00+07:00,16346.141876434789,16535.661259658547,16109.240234375,16109.240234375,21254328,0.0,0.0
2020-12-11 00:00:00+07:00,16298.762567484862,16488.281962562764,16085.551076295007,16464.591796875,17718564,0.0,0.0
2020-12-14 00:00:00+07:00,16725.182172722845,16867.321224130286,16535.660863614223,16772.5625,28886886,0.0,0.0
2020-12-15 00:00:00+07:00,16772.564298177094,16772.564298177094,16417.21180550129,16583.04296875,22922113,0.0,0.0
2020-12-16 00:00:00+07:00,16630.421518168536,16819.94089685313,16630.421518168536,16772.5625,16079569,0.0,0.0
2020-12-17 00:00:00+07:00,16535.661803078194,16630.422463016275,16156.62109375,16156.62109375,29846180,0.0,0.0
2020-12-18 00:00:00+07:00,16251.382419072377,16393.521484375,16156.621755254486,16393.521484375,12239156,0.0,0.0
2020-12-21 00:00:00+07:00,16417.210048552617,16796.252666842152,16346.141488047353,16511.970703125,16439247,0.0,0.0
2020-12-22 00:00:00+07:00,16630.42223798376,16772.56322596752,16464.59108533604,16488.28125,13416297,0.0,0.0
2020-12-23 00:00:00+07:00,16583.042299930104,16583.042299930104,16298.76224767915,16346.142578125,11992291,0.0,0.0
2020-12-24 00:00:00+07:00,16346.142599035542,16488.28166013077,15256.398858235232,16085.55078125,17330516,0.0,0.0
2020-12-25 00:00:00+07:00,16156.620354246646,16440.900390625,15777.579662267493,16440.900390625,16702882,0.0,0.0
2020-12-28 00:00:00+07:00,16583.04221697521,16677.80287739288,16204.001505728664,16251.3818359375,13713018,0.0,0.0
2020-12-29 00:00:00+07:00,16251.382019553745,16369.832846414152,16156.621358065418,16180.3115234375,10450756,0.0,0.0
2020-12-30 00:00:00+07:00,16275.072265625,16559.3523210754,16180.311603666807,16275.072265625,11767331,0.0,0.0
2020-12-31 00:00:00+07:00,16322.45267660119,16464.591739810934,16275.07234538988,16369.8330078125,9769345,0.0,0.0
2021-01-04 00:00:00+07:00,16583.04169311367,17056.843049810414,16535.66136440159,16819.94140625,29485396,0.0,0.0
2021-01-05 00:00:00+07:00,16772.5625,17033.152369600328,16677.80184544569,16772.5625,19223447,0.0,0.0
2021-01-06 00:00:00+07:00,17056.84279287811,17933.375,16914.70180888297,17933.375,33355868,0.0,0.0
2021-01-07 00:00:00+07:00,18241.346573904808,18786.2184564541,18193.966242341896,18407.177734375,23452722,0.0,0.0
2021-01-08 00:00:00+07:00,18715.148147775166,18715.148147775166,18241.3467577939,18336.107421875,17481379,0.0,0.0
2021-01-11 00:00:00+07:00,18430.868085956095,18762.528479815715,18288.72708983445,18336.107421875,22958535,0.0,0.0
2021-01-12 00:00:00+07:00,18336.106361727274,18430.867020329548,18051.826316344563,18241.345703125,19096198,0.0,0.0
2021-01-13 00:00:00+07:00,18312.416015625,18691.456715854194,18241.34552237751,18312.416015625,19101830,0.0,0.0
2021-01-14 00:00:00+07:00,18478.247863447068,18644.07709018808,18241.346210353968,18549.318359375,17263595,0.0,0.0
2021-01-15 00:00:00+07:00,18715.146484375,18999.42845135134,18620.38582871622,18715.146484375,23617938,0.0,0.0
2021-01-18 00:00:00+07:00,18762.527938819745,18880.978765505723,18288.7265625,18288.7265625,15207367,0.0,0.0
2021-01-19 00:00:00+07:00,18241.345658144586,18288.72598732889,17009.462890625,17009.462890625,33157484,0.0,0.0
2021-01-20 00:00:00+07:00,17056.842867469524,17246.364180291832,16014.48047300697,16891.01171875,25084229,0.0,0.0
2021-01-21 00:00:00+07:00,17104.223500231055,17530.64453125,16819.941525935694,17530.64453125,17040803,0.0,0.0
2021-01-22 00:00:00+07:00,17506.955552003532,18146.586176624984,17388.504721360958,17814.92578125,23762710,0.0,0.0
2021-01-25 00:00:00+07:00,17672.786422997186,17791.235321259082,17293.743771201687,17435.884765625,14828747,0.0,0.0
2021-01-26 00:00:00+07:00,17293.743395769565,17317.43356099249,16346.142578125,16346.142578125,17451757,0.0,0.0
2021-01-27 00:00:00+07:00,16204.001324541045,16654.112526067856,15398.539580845516,15445.9189453125,19909969,0.0,0.0
2021-01-28 00:00:00+07:00,14569.386562561467,15114.258418040918,14379.8662109375,14379.8662109375,28006171,0.0,0.0
2021-01-29 00:00:00+07:00,13645.474797838622,15351.15890626544,13645.474797838622,14450.9365234375,32572554,0.0,0.0
2021-02-01 00:00:00+07:00,15066.878013928084,15445.918715291647,14924.737992219762,15161.638671875,25774506,0.0,0.0
2021-02-02 00:00:00+07:00,15066.878253368071,16109.240681288917,15019.497923641655,16061.8603515625,16503852,0.0,0.0
2021-02-03 00:00:00+07:00,16346.142716412427,16701.493267338403,16109.241062178995,16535.662109375,21108410,0.0,0.0
2021-02-04 00:00:00+07:00,16488.280718425398,16606.7315379264,16227.690845947247,16440.900390625,19709498,0.0,0.0
2021-02-05 00:00:00+07:00,16559.351176195843,16962.08203125,16464.59052078921,16962.08203125,18025424,0.0,0.0
2021-02-08 00:00:00+07:00,17056.843222451324,17104.22355164297,16061.860170275037,16132.9306640625,26796049,0.0,0.0
2021-02-09 00:00:00+07:00,16322.45132129105,16796.252663638577,16109.239848543852,16772.5625,17203516,0.0,0.0
2021-02-17 00:00:00+07:00,17246.36537015145,17435.884765625,16985.773547042045,17435.884765625,21720042,0.0,0.0
2021-02-18 00:00:00+07:00,17388.504434150564,17554.33559431109,17198.985038677012,17435.884765625,22290162,0.0,0.0
2021-02-19 00:00:00+07:00,17198.98415832951,17767.544246072037,17104.223500231055,17530.64453125,25669577,0.0,0.0
2021-02-22 00:00:00+07:00,17530.64453125,18028.136055842784,17435.883873151546,17530.64453125,23676556,0.0,0.0
2021-02-23 00:00:00+07:00,17578.026103700362,17814.925835279766,17530.645771299638,17554.3359375,17819737,0.0,0.0
2021-02-24 00:00:00+07:00,17743.854756449313,18075.517072408944,17554.33536346798,17767.544921875,29900730,0.0,0.0
2021-02-25 00:00:00+07:00,17909.68486621753,17957.065194295847,17554.334336054206,17672.78515625,17919869,0.0,0.0
2021-02-26 00:00:00+07:00,17412.1940531909,17696.474102687684,17293.74322822385,17649.095703125,18870485,0.0,0.0
2021-03-01 00:00:00+07:00,17909.685185109152,18099.20650079695,17814.92452726525,18051.826171875,29282004,0.0,0.0
2021-03-02 00:00:00+07:00,18241.345019706037,18288.72534723205,18004.4453125,18004.4453125,15352138,0.0,0.0
2021-03-03 00:00:00+07:00,18193.96590115122,18383.48722384878,18146.58557047683,18288.7265625,27440642,0.0,0.0
2021-03-04 00:00:00+07:00,18478.24825892876,18478.24825892876,17767.545214862763,18146.5859375,21963693,0.0,0.0
2021-03-05 00:00:00+07:00,18051.825640026014,18217.65485594303,17767.54367486993,18004.4453125,21186845,0.0,0.0
2021-03-08 00:00:00+07:00,18193.96613220631,18288.72679475851,17791.235246783654,17957.06640625,15864267,0.0,0.0
2021-03-09 00:00:00+07:00,17957.066642878955,17957.066642878955,17578.025918099545,17625.40625,21271331,0.0,0.0
2021-03-10 00:00:00+07:00,17649.09531856081,17909.685197386072,17554.33466065195,17791.234375,15621449,0.0,0.0
2021-03-11 00:00:00+07:00,17980.75620547356,18217.655926602292,17909.685710007696,18099.20703125,15998610,0.0,0.0
2021-03-12 00:00:00+07:00,18170.275246545232,18241.34574064311,17980.755859375,17980.755859375,14999804,0.0,0.0
2021-03-15 00:00:00+07:00,18004.4453125,18099.20596755203,17885.994493684964,18004.4453125,14273021,0.0,0.0
2021-03-16 00:00:00+07:00,18075.516165635257,18099.206329872508,17838.61452326275,17862.3046875,15043821,0.0,0.0
2021-03-17 00:00:00+07:00,17885.9957940029,18762.528056110288,17814.925297547034,18738.837890625,49750205,0.0,0.0
2021-03-18 00:00:00+07:00,19520.609607095936,19639.060435228123,19046.808224991375,19188.94921875,33662729,0.0,0.0
2021-03-19 00:00:00+07:00,19117.877484314195,19378.469289336128,19094.187320221292,19165.2578125,17913402,0.0,0.0
2021-03-22 00:00:00+07:00,19402.159951944333,19781.20065674572,19188.948469629988,19473.228515625,43227516,0.0,0.0
2021-03-23 00:00:00+07:00,19520.609607095936,19544.299772722374,19046.808224991375,19188.94921875,30560550,0.0,0.0
2021-03-24 00:00:00+07:00,18952.04942734032,19165.258986816418,18430.86771578605,18478.248046875,39057901,0.0,0.0
2021-03-25 00:00:00+07:00,18715.147909562475,19023.118133481872,18430.867851361818,18667.767578125,30611033,0.0,0.0
2021-03-26 00:00:00+07:00,18620.386392737306,18857.288039060128,17909.68531461705,18501.9375,33986902,0.0,0.0
2021-03-29 00:00:00+07:00,18762.527509761378,18975.738992920455,18620.386520988664,18952.048828125,24802819,0.0,0.0
2021-03-30 00:00:00+07:00,19094.188029429366,19331.089679157543,18880.978475098138,19141.568359375,24020130,0.0,0.0
2021-03-31 00:00:00+07:00,19141.568010203366,19354.77949106942,18952.048624302082,19023.1171875,25745300,0.0,0.0
2021-04-01 00:00:00+07:00,19094.188509399428,19591.6800559099,19094.188509399428,19449.5390625,39119441,0.0,0.0
2021-04-02 00:00:00+07:00,19662.750898314298,19686.44106429912,19425.851168890273,19567.990234375,25668533,0.0,0.0
2021-04-05 00:00:00+07:00,19899.650390625,20041.79138484027,19662.750664023744,19899.650390625,33827528,0.0,0.0
2021-04-06 00:00:00+07:00,19875.96156767909,20634.042986898145,19710.130412664363,20373.451171875,47109671,0.0,0.0
2021-04-07 00:00:00+07:00,20373.451171875,20752.491881484526,20278.69244229072,20373.451171875,25839382,0.0,0.0
2021-04-08 00:00:00+07:00,20373.451028887586,20515.592017902618,20183.931640625,20183.931640625,24306964,0.0,0.0
2021-04-09 00:00:00+07:00,20136.55078125,20231.311438100623,20041.790124399377,20136.55078125,31187827,0.0,0.0
2021-04-12 00:00:00+07:00,20183.93090032085,20515.591265433864,20112.860408420052,20468.2109375,28306146,0.0,0.0
2021-04-13 00:00:00+07:00,20610.352694127934,20610.352694127934,19899.64967889476,19923.33984375,37030670,0.0,0.0
2021-04-14 00:00:00+07:00,19852.271084958724,20373.45084581571,19662.749767975016,20255.001953125,29942868,0.0,0.0
2021-04-15 00:00:00+07:00,20326.07053077924,20373.450860058292,19899.649497691902,19994.41015625,29255511,0.0,0.0
2021-04-16 00:00:00+07:00,20089.17171624536,20468.21243706189,19331.090274612303,19899.650390625,44822726,0.0,0.0
2021-04-19 00:00:00+07:00,19994.409795974065,20136.55078125,19567.988770570337,20136.55078125,35738357,0.0,0.0
2021-04-20 00:00:00+07:00,20207.622544758087,20444.522271359343,19662.750664023744,19899.650390625,50122984,0.0,0.0
2021-04-22 00:00:00+07:00,19781.201164186637,19875.961825423878,18549.318359375,18549.318359375,44701107,0.0,0.0
2021-04-23 00:00:00+07:00,18691.45795378494,19615.37056634465,18478.24839034574,19567.990234375,37045690,0.0,0.0
2021-04-26 00:00:00+07:00,19567.9896303921,19567.9896303921,18786.218037871393,18809.908203125,27618581,0.0,0.0
2021-04-27 00:00:00+07:00,18738.836469497677,18999.42827007295,18620.385651054374,18786.216796875,14939933,0.0,0.0
2021-04-28 00:00:00+07:00,18762.52716317647,19165.258026835723,18738.836998818624,18833.59765625,16660306,0.0,0.0
2021-04-29 00:00:00+07:00,18952.049131381747,19354.780008924525,18833.59830550912,19331.08984375,29750116,0.0,0.0
2021-05-04 00:00:00+07:00,18975.739158447414,20373.451171875,18975.739158447414,20373.451171875,53077052,0.0,0.0
2021-05-05 00:00:00+07:00,20657.734033188804,21036.77475896875,20539.283203125,20539.283203125,47021639,0.0,0.0
2021-05-06 00:00:00+07:00,20373.450641270236,20705.1129426619,20231.31158538361,20326.0703125,41744745,0.0,0.0
2021-05-07 00:00:00+07:00,20160.241914562375,20799.872518202876,20041.79108780518,20752.4921875,53899167,0.0,0.0
2021-05-10 00:00:00+07:00,21321.05362749791,21368.433956871864,21084.15391105225,21226.29296875,52539058,0.0,0.0
2021-05-11 00:00:00+07:00,21202.603562327055,21273.674058929664,20942.013671875,20942.013671875,32788252,0.0,0.0
2021-05-12 00:00:00+07:00,20799.872968899435,21321.0546875,20776.18280303467,21321.0546875,41935621,0.0,0.0
2021-05-13 00:00:00+07:00,21178.91569914027,22339.72803942873,21155.225533190045,22031.7578125,73026969,0.0,0.0
2021-05-14 00:00:00+07:00,22268.65625,22481.867731185812,22102.82509796659,22268.65625,36198542,0.0,0.0
2021-05-17 00:00:00+07:00,22292.346063342662,22552.935939150975,21984.375859128464,22150.205078125,35515774,0.0,0.0
2021-05-18 00:00:00+07:00,22102.825665569984,22244.966656677392,21889.616109333027,22055.447265625,37869474,0.0,0.0
2021-05-19 00:00:00+07:00,22173.895026341535,22860.90785111094,22031.755972932457,22742.45703125,40721533,0.0,0.0
2021-05-20 00:00:00+07:00,23050.428082023373,23168.87890625,22766.148034303587,23168.87890625,29865057,0.0,0.0
2021-05-21 00:00:00+07:00,23168.878409081546,23358.399723777315,22837.21803878803,22860.908203125,33320615,0.0,0.0
2021-05-24 00:00:00+07:00,23121.498953889528,24448.14241560549,23026.73829296178,24258.62109375,64830325,0.0,0.0
2021-05-25 00:00:00+07:00,24400.761574968852,24637.663222335057,24211.2421875,24211.2421875,24577525,0.0,0.0
2021-05-26 00:00:00+07:00,24258.62072949271,24542.90270800729,24069.10134090712,24400.76171875,29935150,0.0,0.0
2021-05-27 00:00:00+07:00,24448.14304844083,24495.523380131133,23690.061602244394,23784.822265625,41731187,0.0,0.0
2021-05-28 00:00:00+07:00,23974.341041390922,24306.001424213875,23737.441319495716,24258.62109375,35324690,0.0,0.0
2021-05-31 00:00:00+07:00,24258.621323508538,25158.84375,24163.862592107467,25158.84375,36927828,0.0,0.0
2021-06-01 00:00:00+07:00,25348.36439576067,25537.885714342796,24874.563029729467,24921.943359375,22375689,0.0,0.0
2021-06-02 00:00:00+07:00,24542.9034003221,25064.08511187637,24448.1427381442,24637.6640625,31197633,0.0,0.0
2021-06-03 00:00:00+07:00,25111.46409972197,25680.024181528028,24637.66274460087,25395.744140625,37579930,0.0,0.0
2021-06-04 00:00:00+07:00,25443.124615816334,26011.684700899183,25395.744286988745,25585.263671875,27264786,0.0,0.0
2021-06-07 00:00:00+07:00,25443.125830163794,25490.506161252742,24163.86268203468,24637.6640625,37623736,0.0,0.0
2021-06-08 00:00:00+07:00,24448.14257441526,24874.563620935893,23216.259765625,23216.259765625,33728439,0.0,0.0
2021-06-09 00:00:00+07:00,23453.159558798838,24163.86259206267,22979.35818009767,23926.9609375,31500944,0.0,0.0
2021-06-10 00:00:00+07:00,23926.959554438803,24116.480867133952,23453.158203125,23453.158203125,24838283,0.0,0.0
2021-06-11 00:00:00+07:00,23690.06023587809,25064.083984375,23500.538920047857,25064.083984375,38725384,0.0,0.0
2021-06-14 00:00:00+07:00,25253.603198668072,25585.26356869963,24637.662787241487,24874.5625,30573693,0.0,0.0
2021-06-15 00:00:00+07:00,24874.562328867203,25111.463970419954,24542.901961117415,24685.041015625,33774332,0.0,0.0
2021-06-16 00:00:00+07:00,24448.1426471137,24448.1426471137,23926.9609375,23926.9609375,44982934,0.0,0.0
2021-06-17 00:00:00+07:00,23453.159558798838,24163.86259206267,23405.7792278863,23926.9609375,36361463,0.0,0.0
2021-06-18 00:00:00+07:00,24353.381754677746,24874.563459356188,24163.86236324641,24258.62109375,27958191,0.0,0.0
2021-06-21 00:00:00+07:00,24021.72053399513,24400.761234061294,23690.060162740243,23832.19921875,23866180,0.0,0.0
2021-06-22 00:00:00+07:00,24021.721172696496,24827.182923056127,23737.441122694312,24590.283203125,45748518,0.0,0.0
2021-06-23 00:00:00+07:00,24732.42256549642,25348.364933531564,24590.283503968436,24969.32421875,35267533,0.0,0.0
2021-06-24 00:00:00+07:00,25585.264425919682,25916.926737487476,25158.843384328087,25300.984375,51584685,0.0,0.0
2021-06-25 00:00:00+07:00,25206.22387620798,25490.505859375,24827.18316240944,25490.505859375,29827300,0.0,0.0
2021-06-28 00:00:00+07:00,25822.165485388367,25964.30647280347,25490.505111843893,25774.78515625,29683571,0.0,0.0
2021-06-29 00:00:00+07:00,25774.786445870825,25916.927440397838,25348.365392713982,25537.88671875,40499787,0.0,0.0
2021-06-30 00:00:00+07:00,25585.26465636098,25822.16630961456,24874.563557448568,24969.32421875,67604782,0.0,0.0
2021-07-01 00:00:00+07:00,24969.32458780303,25253.60464548489,24590.283867419144,24827.18359375,61468223,0.0,0.0
2021-07-02 00:00:00+07:00,24969.32421875,25206.223941579417,24827.183226797853,24969.32421875,35774654,0.0,0.0
2021-07-05 00:00:00+07:00,24969.322985488303,25111.463970419954,24400.760976185764,24685.041015625,39798662,0.0,0.0
2021-07-06 00:00:00+07:00,24874.562874145802,25206.22324916596,22979.357421875,22979.357421875,53829702,0.0,0.0
2021-07-07 00:00:00+07:00,23727.473625946855,23972.08731334707,22993.63449417028,23880.357421875,42755076,0.0,0.0
2021-07-08 00:00:00+07:00,24033.239512683318,24461.31298704074,23605.16796875,23605.16796875,22611205,0.0,0.0
2021-07-09 00:00:00+07:00,23360.55433584501,23727.473906065017,22626.71519540499,22993.634765625,28818009,0.0,0.0
2021-07-12 00:00:00+07:00,22657.290932018142,22687.868849480783,21403.6484375,21403.6484375,45073395,0.0,0.0
2021-07-13 00:00:00+07:00,21709.416469773365,21984.606149972547,20669.809724293704,21159.037109375,18964022,0.0,0.0
2021-07-14 00:00:00+07:00,21189.613563984283,21617.687052757745,20608.658203125,20608.658203125,27118382,0.0,0.0
2021-07-15 00:00:00+07:00,20669.809305181883,21678.838112119294,20547.50342660356,21403.6484375,24421544,0.0,0.0
2021-07-16 00:00:00+07:00,21648.262752236005,21648.262752236005,21189.61328125,21189.61328125,15804456,0.0,0.0
2021-07-19 00:00:00+07:00,20486.35071057772,20761.5404011616,19721.935546875,19721.935546875,33148856,0.0,0.0
2021-07-20 00:00:00+07:00,19752.511430003222,20364.044715947955,19355.015855872447,20333.466796875,32110914,0.0,0.0
2021-07-21 00:00:00+07:00,20455.773073504977,20700.38675556631,19997.123626155004,20088.853515625,17326782,0.0,0.0
2021-07-22 00:00:00+07:00,20088.854054484036,20761.53928516661,20027.700149722314,20486.349609375,21643407,0.0,0.0
2021-07-23 00:00:00+07:00,20272.31389262946,20608.65747408344,19874.81640625,19874.81640625,24536295,0.0,0.0
2021-07-26 00:00:00+07:00,19691.357238207675,19874.817028302026,19446.745471697974,19660.78125,16369167,0.0,0.0
2021-07-27 00:00:00+07:00,19874.81640625,20394.619772056318,19813.66443174862,19874.81640625,25692384,0.0,0.0
2021-07-28 00:00:00+07:00,19874.816003183023,20241.73556444646,19874.816003183023,20119.4296875,11555713,0.0,0.0
2021-07-29 00:00:00+07:00,20364.043330112985,20883.846684313023,20302.889426552967,20730.962890625,29533353,0.0,0.0
2021-07-30 00:00:00+07:00,20792.116762604557,21220.188295602355,20761.538845658964,21036.728515625,33398887,0.0,0.0
2021-08-02 00:00:00+07:00,20669.81036360424,20914.42406371071,20578.080467367337,20639.234375,40271416,0.0,0.0
2021-08-03 00:00:00+07:00,20639.233756585123,20853.26953125,20333.466158007726,20853.26953125,32971717,0.0,0.0
2021-08-04 00:00:00+07:00,20975.576971226434,21067.30686308965,20730.96328278316,20792.1171875,23477665,0.0,0.0
2021-08-05 00:00:00+07:00,20730.964037717735,20914.423828125,20547.50424731047,20914.423828125,21584576,0.0,0.0
2021-08-06 00:00:00+07:00,21006.15353863812,21342.497128235624,20853.269737834864,20883.84765625,28787139,0.0,0.0
2021-08-09 00:00:00+07:00,20853.269306870832,21159.036902158197,20761.539414369443,21128.458984375,24034457,0.0,0.0
2021-08-10 00:00:00+07:00,21373.073069644404,21373.073069644404,21067.307399128447,21189.61328125,19452447,0.0,0.0
2021-08-11 00:00:00+07:00,21189.613907645966,21464.80359837258,20975.578125,20975.578125,27966903,0.0,0.0
2021-08-12 00:00:00+07:00,21097.882419092133,21250.766212547947,20975.57654258191,21036.728515625,21201206,0.0,0.0
2021-08-13 00:00:00+07:00,21036.73010265645,21159.037918817743,20608.658537364518,20975.578125,19736256,0.0,0.0
2021-08-16 00:00:00+07:00,20975.57728069464,21678.838508405635,20853.269469456463,21464.802734375,35002995,0.0,0.0
2021-08-17 00:00:00+07:00,21648.26256403217,21709.416469773365,21128.459191292342,21159.037109375,19278702,0.0,0.0
2021-08-18 00:00:00+07:00,21220.188691290834,21281.34259589829,20975.576933709166,21097.8828125,18013195,0.0,0.0
2021-08-19 00:00:00+07:00,21006.154113828226,21097.884010737096,20883.84822809113,20975.578125,18848786,0.0,0.0
2021-08-20 00:00:00+07:00,20975.57786504308,21250.767552359182,19569.05150958912,19997.125,37858872,0.0,0.0
2021-08-23 00:00:00+07:00,19997.125,20455.774478860167,19966.54708112654,19997.125,31833246,0.0,0.0
2021-08-24 00:00:00+07:00,20119.43106848715,20302.890861711454,19966.547263992168,20027.701171875,18067015,0.0,0.0
2021-08-25 00:00:00+07:00,19997.124841981033,20058.276818396378,19385.59156485847,19660.78125,29426358,0.0,0.0
2021-08-26 00:00:00+07:00,19752.511435297583,19997.125135825878,19018.67226413688,19079.826171875,34129585,0.0,0.0
2021-08-27 00:00:00+07:00,18774.058360664487,19079.825965625612,18407.13877905047,19049.248046875,38250807,0.0,0.0
2021-08-30 00:00:00+07:00,19202.132332481422,19752.51171875,19140.97842386573,19752.51171875,23474885,0.0,0.0
2021-08-31 00:00:00+07:00,19874.817664046972,19905.39558365691,19446.74609375,19446.74609375,19783935,0.0,0.0
2021-09-01 00:00:00+07:00,19446.74508470485,19752.51075196927,19324.43727345979,19599.626953125,24717314,0.0,0.0
2021-09-06 00:00:00+07:00,19599.626953125,19752.51075196927,19446.74508470485,19599.626953125,18814036,0.0,0.0
2021-09-07 00:00:00+07:00,19660.781202391212,20150.006664650104,19660.781202391212,19966.546875,17483718,0.0,0.0
2021-09-08 00:00:00+07:00,20058.276818396378,20211.16062028306,19569.051354952826,19660.78125,13505208,0.0,0.0
2021-09-09 00:00:00+07:00,19660.78026824751,19813.6640625,19630.204281566632,19813.6640625,12504602,0.0,0.0
2021-09-10 00:00:00+07:00,19874.817605557168,19997.12542278855,19752.51171875,19752.51171875,10753094,0.0,0.0
2021-09-13 00:00:00+07:00,19721.933995023704,19783.0859678366,19446.744326093554,19477.3203125,13727279,0.0,0.0
2021-09-14 00:00:00+07:00,19507.897734769285,19599.627631164374,19079.826171875,19079.826171875,14686187,0.0,0.0
2021-09-15 00:00:00+07:00,18957.518151471497,19263.285756432622,18957.518151471497,19049.248046875,11521127,0.0,0.0
2021-09-16 00:00:00+07:00,19263.28572972368,19599.627392120747,19202.131822731415,19355.015625,11915648,0.0,0.0
2021-09-17 00:00:00+07:00,19416.16817414006,19660.781878898488,19385.592184954337,19446.74609375,11265616,0.0,0.0
2021-09-20 00:00:00+07:00,19752.50998143015,19752.50998143015,19477.3203125,19477.3203125,15257363,0.0,0.0
2021-09-21 00:00:00+07:00,19263.28515625,19385.59103616929,19140.97734590661,19263.28515625,14103052,0.0,0.0
2021-09-22 00:00:00+07:00,19202.13067395483,19293.860563743365,19049.24688083259,19171.5546875,12648769,0.0,0.0
2021-09-23 00:00:00+07:00,19263.285524084702,19507.897288594173,19202.131617745265,19324.4375,13211702,0.0,0.0
2021-09-24 00:00:00+07:00,19385.591796875,19507.89768159367,19324.437889303576,19385.591796875,10298626,0.0,0.0
2021-09-27 00:00:00+07:00,19446.74495909706,19507.89693390049,18957.517578125,18957.517578125,15936503,0.0,0.0
2021-09-28 00:00:00+07:00,18835.211514514805,18988.095310881494,18774.057609883315,18926.94140625,10870594,0.0,0.0
2021-09-29 00:00:00+07:00,18926.941233008463,18957.517219832298,18560.021669426165,18590.59765625,17001274,0.0,0.0
2021-09-30 00:00:00+07:00,18590.59765625,18865.787328936723,18590.59765625,18590.59765625,12653133,0.0,0.0
2021-10-01 00:00:00+07:00,18590.59909683301,18682.328994836724,18162.525596007617,18193.103515625,21614622,0.0,0.0
2021-10-04 00:00:00+07:00,18101.373525857147,18162.525503933466,17550.994140625,17550.994140625,32617440,0.0,0.0
2021-10-05 00:00:00+07:00,17734.45308304669,18070.794737568096,17734.45308304669,18040.21875,14258857,0.0,0.0
2021-10-06 00:00:00+07:00,18193.101777088963,18223.67776336028,17765.02831717034,17917.912109375,11126928,0.0,0.0
2021-10-07 00:00:00+07:00,17979.0642678375,18131.948061623116,17887.334377650943,17948.48828125,12797946,0.0,0.0
2021-10-08 00:00:00+07:00,18040.21856538019,18131.948457569848,17948.488673190528,18009.642578125,10853301,0.0,0.0
2021-10-11 00:00:00+07:00,18101.37255706005,18957.517578125,18101.37255706005,18957.517578125,28382274,0.0,0.0
2021-10-12 00:00:00+07:00,19049.248676836654,19263.286393472536,18804.636901287402,18835.212890625,18400960,0.0,0.0
2021-10-13 00:00:00+07:00,18835.212501586302,19140.97817991943,18774.05859375,18774.05859375,11515954,0.0,0.0
2021-10-14 00:00:00+07:00,18774.05820343992,18896.366016569762,18651.752320734227,18712.904296875,18046005,0.0,0.0
2021-10-15 00:00:00+07:00,18774.058410282258,18926.942213166873,18651.752526229062,18743.482421875,13439146,0.0,0.0
2021-10-18 00:00:00+07:00,18804.636567184676,18865.788544773386,18437.715049531453,18468.29296875,16339590,0.0,0.0
2021-10-19 00:00:00+07:00,18590.597262150346,18682.327151101348,18468.29138702368,18529.443359375,11216143,0.0,0.0
2021-10-20 00:00:00+07:00,18590.59806625774,18590.59806625774,18070.794696244084,18345.984375,14967734,0.0,0.0
2021-10-21 00:00:00+07:00,18376.563311632424,18407.139300825587,18193.103515625,18193.103515625,12539512,0.0,0.0
2021-10-22 00:00:00+07:00,18223.679114790484,18284.8330222922,18131.94921875,18131.94921875,6939763,0.0,0.0
2021-10-25 00:00:00+07:00,18131.948235994136,18437.713896081794,17948.488453856728,18284.83203125,13220590,0.0,0.0
2021-10-26 00:00:00+07:00,18284.83203125,18529.443787150496,18162.52422287568,18284.83203125,9786265,0.0,0.0
2021-10-27 00:00:00+07:00,18468.292507890666,19079.825781486863,18315.40870688558,19018.671875,31621843,0.0,0.0
2021-10-28 00:00:00+07:00,19171.55643529154,19202.132424533855,18957.51871932266,19140.978515625,23266424,0.0,0.0
2021-10-29 00:00:00+07:00,19263.28515625,19416.167023543087,19110.40135853281,19263.28515625,22330950,0.0,0.0
2021-11-01 00:00:00+07:00,19446.745653083733,19813.665236694807,19324.437838263922,19691.357421875,29053333,0.0,0.0
2021-11-02 00:00:00+07:00,19691.35625492838,19935.96993964756,19599.6263644617,19813.6640625,20706480,0.0,0.0
2021-11-03 00:00:00+07:00,19874.81639041532,20333.465850930745,19783.086498312237,20180.583984375,34206678,0.0,0.0
2021-11-04 00:00:00+07:00,20302.890279043462,20302.890279043462,19905.394715273174,19935.970703125,18698686,0.0,0.0
2021-11-05 00:00:00+07:00,20027.700988449287,20058.276976898575,19691.357393810442,19997.125,16956342,0.0,0.0
2021-11-08 00:00:00+07:00,19997.125365733,20150.007241199706,19569.051867492963,20058.27734375,18275994,0.0,0.0
2021-11-09 00:00:00+07:00,20150.005859375,20394.619545940775,20027.69998130415,20150.005859375,25412776,0.0,0.0
2021-11-10 00:00:00+07:00,20180.58400045329,20241.73597495467,19874.81640625,19874.81640625,14473006,0.0,0.0
2021-11-11 00:00:00+07:00,19813.664283849346,19874.816257894257,19263.28493490065,19538.474609375,22885478,0.0,0.0
2021-11-12 00:00:00+07:00,19416.16770649434,19997.125,19324.437810722306,19997.125,18691267,0.0,0.0
2021-11-15 00:00:00+07:00,20180.58400045329,20272.31389262946,19721.934539572452,19874.81640625,15588366,0.0,0.0
2021-11-16 00:00:00+07:00,19752.51015871419,20027.699830114245,19691.35625492838,19813.6640625,14692490,0.0,0.0
2021-11-17 00:00:00+07:00,19844.24143254866,19874.817421361025,19660.781638826073,19721.935546875,10980659,0.0,0.0
2021-11-18 00:00:00+07:00,19721.935156839503,19874.817028302026,19507.897448113323,19660.78125,16244394,0.0,0.0
2021-11-19 00:00:00+07:00,19691.35775395117,20302.891047090623,19660.781764942672,20058.27734375,35358565,0.0,0.0
2021-11-22 00:00:00+07:00,20211.159882600223,21311.91858298998,20180.58389550854,21097.8828125,45210289,0.0,0.0
2021-11-23 00:00:00+07:00,21067.307236339002,21067.307236339002,20608.657768897032,20853.26953125,16183753,0.0,0.0
2021-11-24 00:00:00+07:00,20914.422600205802,21648.26171875,20822.69271038778,21648.26171875,41537894,0.0,0.0
2021-11-25 00:00:00+07:00,21892.876400545607,21892.876400545607,21434.22693053078,21495.37890625,23119024,0.0,0.0
2021-11-26 00:00:00+07:00,21525.957506453226,21678.839381018548,20853.27030883871,20975.578125,26114705,0.0,0.0
2021-11-29 00:00:00+07:00,20516.92843891311,21220.18968802336,20516.92843891311,20945.0,22590841,0.0,0.0
2021-11-30 00:00:00+07:00,21403.648745051392,21464.802650431324,20364.043936137226,20516.927734375,18195020,0.0,0.0
2021-12-01 00:00:00+07:00,20516.92751191035,20792.1171875,20333.465797759833,20792.1171875,14826799,0.0,0.0
2021-12-02 00:00:00+07:00,21036.73013507594,21250.767848475953,20669.810546875,20669.810546875,12697255,0.0,0.0
2021-12-03 00:00:00+07:00,20914.423121199678,20914.423121199678,20180.583984375,20180.583984375,15882682,0.0,0.0
2021-12-06 00:00:00+07:00,20180.584443258507,20394.62021955794,19324.437477212516,19630.205078125,21966006,0.0,0.0
2021-12-07 00:00:00+07:00,19874.817185354506,20119.43088422132,19783.087289582472,19997.125,11053550,0.0,0.0
2021-12-08 00:00:00+07:00,20150.006066724574,20333.465850930745,19997.12420016883,20180.583984375,10416110,0.0,0.0
2021-12-09 00:00:00+07:00,20180.58489381548,20639.234375,20119.43098618282,20639.234375,10118725,0.0,0.0
2021-12-10 00:00:00+07:00,20669.809602188663,20914.423293284275,20486.34981647298,20516.927734375,9677333,0.0,0.0
2021-12-13 00:00:00+07:00,20730.963297997798,20853.26917709715,20486.349609375,20486.349609375,13199095,0.0,0.0
2021-12-14 00:00:00+07:00,20180.583624366736,20211.159611047613,19783.086145395067,19813.6640625,12457731,0.0,0.0
2021-12-15 00:00:00+07:00,19813.665443736292,19997.125237458884,19691.357627638437,19721.935546875,9153189,0.0,0.0
2021-12-16 00:00:00+07:00,19844.24041899931,19997.124216100954,19691.356621897667,19874.81640625,10789297,0.0,0.0
2021-12-17 00:00:00+07:00,19874.81618589753,20302.88965478162,19752.51030782668,20150.005859375,14811122,0.0,0.0
2021-12-20 00:00:00+07:00,20119.42990834323,20180.58381269975,19813.66424740878,19844.240234375,8344427,0.0,0.0
2021-12-21 00:00:00+07:00,19813.664471012555,19997.124255728442,19569.05078125,19569.05078125,12805220,0.0,0.0
2021-12-22 00:00:00+07:00,19721.935206105278,19721.935206105278,19293.861718007734,19355.015625,17079564,0.0,0.0
2021-12-23 00:00:00+07:00,19385.591745673828,19691.357421875,18988.096173569887,19691.357421875,14836981,0.0,0.0
2021-12-24 00:00:00+07:00,19538.474358974243,20180.58359118526,19477.320455288984,20119.4296875,11270422,0.0,0.0
2021-12-27 00:00:00+07:00,20180.583558997234,20455.773229505885,20088.853668827684,20425.1953125,13306736,0.0,0.0
2021-12-28 00:00:00+07:00,20486.349206808973,20944.998657448992,20425.195303248955,20730.962890625,23289860,0.0,0.0
2021-12-29 00:00:00+07:00,20792.117761852878,21067.30744504425,20730.963855446746,20883.84765625,16832216,0.0,0.0
2021-12-30 00:00:00+07:00,20853.27034097547,21036.73013507594,20669.810546875,20669.810546875,10742427,0.0,0.0
2021-12-31 00:00:00+07:00,20792.116794185018,21342.496134953042,20730.962890625,20730.962890625,21786605,0.0,0.0
2022-01-04 00:00:00+07:00,21067.307786358495,21373.073462494613,20914.423983078348,21250.767578125,19444203,0.0,0.0
2022-01-05 00:00:00+07:00,21403.64945098097,21525.957265774756,21220.189659214466,21250.767578125,17722112,0.0,0.0
2022-01-06 00:00:00+07:00,21097.882850236023,21128.4588373824,20700.387295636785,20792.1171875,19520814,0.0,0.0
2022-01-07 00:00:00+07:00,20792.11802151036,21067.307708138378,20241.736717830165,20302.890625,20057886,0.0,0.0
2022-01-10 00:00:00+07:00,20364.044921875,20578.080705429165,20211.161116236766,20364.044921875,17516851,0.0,0.0
2022-01-11 00:00:00+07:00,20486.34964791058,20608.657457664092,20027.70018739516,20180.583984375,11806229,0.0,0.0
2022-01-12 00:00:00+07:00,20180.584489063996,20914.423644240997,19721.935017078373,20883.84765625,20931458,0.0,0.0
2022-01-13 00:00:00+07:00,21036.729436235175,22137.48816427076,20883.847566512988,21495.37890625,56812713,0.0,0.0
2022-01-14 00:00:00+07:00,21403.64821881734,21892.875588980332,21159.036464159904,21678.837890625,15357246,0.0,0.0
2022-01-17 00:00:00+07:00,21770.568003659057,22473.831148938614,20975.57689726382,21403.6484375,44439025,0.0,0.0
2022-01-18 00:00:00+07:00,21220.18887687639,21801.146149667922,20914.423212013127,21128.458984375,24598035,0.0,0.0
2022-01-19 00:00:00+07:00,21342.497745526187,21495.379620327112,20639.234557999654,20669.810546875,17635966,0.0,0.0
2022-01-20 00:00:00+07:00,20486.349896590164,21678.838508405635,20241.736204537923,21464.802734375,22594234,0.0,0.0
2022-01-21 00:00:00+07:00,21464.802510717676,22320.949458767638,21281.342726196126,21739.9921875,24960976,0.0,0.0
2022-01-24 00:00:00+07:00,21709.416590465305,22290.371941751986,21617.686696555615,21801.146484375,28518198,0.0,0.0
2022-01-25 00:00:00+07:00,21770.567906259792,22626.71484375,21770.567906259792,22626.71484375,30460906,0.0,0.0
2022-01-26 00:00:00+07:00,22932.481044209948,23360.554523038238,22657.291364339784,23024.2109375,35526330,0.0,0.0
2022-01-27 00:00:00+07:00,22718.446305929363,23024.211987363884,22443.256613511032,22565.5625,19169121,0.0,0.0
2022-01-28 00:00:00+07:00,22504.41052196762,22871.33011185873,22443.256613511032,22565.5625,14277093,0.0,0.0
2022-02-07 00:00:00+07:00,22871.329769814703,22871.329769814703,22198.642578125,22198.642578125,24054658,0.0,0.0
2022-02-08 00:00:00+07:00,22137.48750577712,22626.71487952331,22045.75761450272,22320.94921875,14945431,0.0,0.0
2022-02-09 00:00:00+07:00,22320.9505772816,22687.87016471122,22229.21875,22229.21875,14872054,0.0,0.0
2022-02-10 00:00:00+07:00,22259.796252728975,22565.561926391034,22076.336462446903,22473.83203125,14521170,0.0,0.0
2022-02-11 00:00:00+07:00,22534.9861447693,22810.175832715544,22504.41015625,22504.41015625,17014204,0.0,0.0
2022-02-14 00:00:00+07:00,22229.217912089072,22320.94973591292,21159.037109375,21159.037109375,24425261,0.0,0.0
2022-02-15 00:00:00+07:00,21281.342374878524,21525.956060343815,21097.882593385573,21373.072265625,21512654,0.0,0.0
2022-02-16 00:00:00+07:00,21587.10884596316,21648.262752236005,21128.459374977156,21189.61328125,12894920,0.0,0.0
2022-02-17 00:00:00+07:00,21250.766203799085,21495.37795671882,21189.612300357127,21342.49609375,9609450,0.0,0.0
2022-02-18 00:00:00+07:00,21189.613097033536,21373.07288383299,21128.459191292342,21159.037109375,13420841,0.0,0.0
2022-02-21 00:00:00+07:00,21159.03632255927,21311.918185591032,20669.808955670287,21036.728515625,20163426,0.0,0.0
2022-02-22 00:00:00+07:00,20792.117535776088,21220.18908469207,20639.23373663517,21159.037109375,14549616,0.0,0.0
2022-02-23 00:00:00+07:00,21342.49784131178,21495.37971679884,21220.190024413077,21311.919921875,10875442,0.0,0.0
2022-02-24 00:00:00+07:00,21159.038161683788,21220.19014004215,20241.737251641993,20700.388671875,26823583,0.0,0.0
2022-02-25 00:00:00+07:00,20853.270548195116,20975.578365760273,20608.65877391324,20700.388671875,16563760,0.0,0.0
2022-02-28 00:00:00+07:00,20700.387938590662,20700.387938590662,20272.314453125,20272.314453125,20560049,0.0,0.0
2022-03-01 00:00:00+07:00,20364.044921875,20547.5047164712,20272.3150245769,20364.044921875,12699034,0.0,0.0
2022-03-02 00:00:00+07:00,20302.88992011356,20333.46590742484,19507.896876203336,19569.05078125,33006629,0.0,0.0
2022-03-03 00:00:00+07:00,19630.205033334325,19935.970703125,19599.627115058363,19935.970703125,10854594,0.0,0.0
2022-03-04 00:00:00+07:00,19966.547263992168,20150.00705721647,19813.665389921378,20027.701171875,10269195,0.0,0.0
2022-03-07 00:00:00+07:00,19630.205261792325,19874.817028302026,19630.205261792325,19660.78125,16811044,0.0,0.0
2022-03-08 00:00:00+07:00,19569.050965525792,19844.240645191006,19538.474977926588,19599.626953125,11573492,0.0,0.0
2022-03-09 00:00:00+07:00,19630.204686296664,19783.08655327717,19385.59099653411,19569.05078125,9458171,0.0,0.0
2022-03-10 00:00:00+07:00,19874.816842346023,19997.124654880674,19630.205078125,19630.205078125,6148942,0.0,0.0
2022-03-11 00:00:00+07:00,19630.205650013704,19813.665443736292,19599.627730777145,19721.935546875,6189994,0.0,0.0
2022-03-14 00:00:00+07:00,19752.510169224333,19813.664073042684,19446.744510980712,19507.896484375,8388914,0.0,0.0
2022-03-15 00:00:00+07:00,19538.474609375,19721.934392357896,19477.320704906007,19538.474609375,5902145,0.0,0.0
2022-03-16 00:00:00+07:00,19721.934578654607,19783.08655327717,19569.05078125,19569.05078125,9162401,0.0,0.0
2022-03-17 00:00:00+07:00,19752.511301133185,20150.00687267061,19691.357393810442,19997.125,14496927,0.0,0.0
2022-03-18 00:00:00+07:00,20119.431252191207,20302.891047090623,20058.27734375,20058.27734375,6824041,0.0,0.0
2022-03-21 00:00:00+07:00,20058.27559885231,20150.005488322302,19905.39373668501,20088.853515625,5570818,0.0,0.0
2022-03-22 00:00:00+07:00,20058.27617462149,20333.465850930745,20058.27617462149,20180.583984375,10038882,0.0,0.0
2022-03-23 00:00:00+07:00,20180.583405094992,20455.773073504977,20088.853515625,20088.853515625,6724643,0.0,0.0
2022-03-24 00:00:00+07:00,20058.276399519895,20119.430305082322,19905.39453125,19905.39453125,7257029,0.0,0.0
2022-03-25 00:00:00+07:00,19874.817213680537,19997.125028500344,19630.20544488927,19691.357421875,9851238,0.0,0.0
2022-03-28 00:00:00+07:00,19691.357868084207,19905.39558365691,19446.74609375,19446.74609375,10587431,0.0,0.0
2022-03-29 00:00:00+07:00,19569.05078125,19630.204686296664,19507.896876203336,19569.05078125,6178680,0.0,0.0
2022-03-30 00:00:00+07:00,19507.897059903262,19905.394550813537,19477.321072304057,19599.626953125,8336832,0.0,0.0
2022-03-31 00:00:00+07:00,19630.204464763294,19935.970125697742,19630.204464763294,19844.240234375,7747878,0.0,0.0
2022-04-01 00:00:00+07:00,19874.816571991163,20272.314061685454,19844.24058448549,20211.16015625,13996542,0.0,0.0
2022-04-04 00:00:00+07:00,20425.195156732287,20425.195156732287,20088.853515625,20088.853515625,10979850,0.0,0.0
2022-04-05 00:00:00+07:00,19874.81582700272,20058.27560600816,19783.0859375,19783.0859375,9818591,0.0,0.0
2022-04-06 00:00:00+07:00,19630.205033334325,19966.54669097683,19630.205033334325,19935.970703125,9333399,0.0,0.0
2022-04-07 00:00:00+07:00,19997.124424381585,20180.58421064475,19783.086720125146,19905.39453125,10021104,0.0,0.0
2022-04-08 00:00:00+07:00,19874.816632790214,19905.394550813537,19599.626953125,19599.626953125,8616763,0.0,0.0
2022-04-12 00:00:00+07:00,19660.780731757273,19691.356719158986,18957.517578125,18957.517578125,9422737,0.0,0.0
2022-04-13 00:00:00+07:00,19079.825371159015,19355.015048795492,19079.825371159015,19263.28515625,6961744,0.0,0.0
2022-04-14 00:00:00+07:00,19263.285964665174,19507.897734769285,19049.24825279385,19079.826171875,4734258,0.0,0.0
2022-04-15 00:00:00+07:00,19232.707256012745,19232.707256012745,18896.36560332157,18957.517578125,8200583,0.0,0.0
2022-04-18 00:00:00+07:00,18896.366554714605,18896.366554714605,17856.759765625,17856.759765625,13776411,0.0,0.0
2022-04-19 00:00:00+07:00,18040.21980496311,18284.833511084846,17581.5703125,17581.5703125,7494615,0.0,0.0
2022-04-20 00:00:00+07:00,17581.57012966316,17917.913730779765,17459.26424308631,17550.994140625,6884003,0.0,0.0
2022-04-21 00:00:00+07:00,17489.839432604214,18040.218792676642,17367.53355161838,17734.453125,8771274,0.0,0.0
2022-04-22 00:00:00+07:00,18009.642370451682,18101.372261583583,17673.298792826685,17979.064453125,5794504,0.0,0.0
2022-04-25 00:00:00+07:00,17948.488370519943,17948.488370519943,16725.421875,16725.421875,11111735,0.0,0.0
2022-04-26 00:00:00+07:00,16511.387236008857,16970.036720584867,15594.088266856843,16908.8828125,9855117,0.0,0.0
2022-04-27 00:00:00+07:00,16908.88143179262,17306.37890625,16817.15154236769,17306.37890625,5464146,0.0,0.0
2022-04-28 00:00:00+07:00,17306.380471120934,17398.11036884023,17092.344686583983,17245.2265625,3349311,0.0,0.0
2022-04-29 00:00:00+07:00,17031.191018860925,17336.956705442077,16970.037109375,16970.037109375,9805984,0.0,0.0
2022-05-04 00:00:00+07:00,16970.03618895771,17122.919989168327,16450.23281258093,16511.38671875,7442248,0.0,0.0
2022-05-05 00:00:00+07:00,16755.999963210757,17061.765625,16511.38627552491,17061.765625,7442088,0.0,0.0
2022-05-06 00:00:00+07:00,16694.846506833084,17061.766082999253,16511.38671875,16511.38671875,3968811,0.0,0.0
2022-05-09 00:00:00+07:00,16327.926658977742,16389.080564129243,15380.05078125,15380.05078125,8761092,0.0,0.0
2022-05-10 00:00:00+07:00,14676.787815027097,15471.780870404173,14676.787815027097,15410.6279296875,10496436,0.0,0.0
2022-05-11 00:00:00+07:00,15502.357720178448,16450.23263843173,15410.627827107997,16327.9267578125,9353278,0.0,0.0
2022-05-12 00:00:00+07:00,15930.43055348265,16266.773179774895,15196.591394145336,15288.3212890625,10329005,0.0,0.0
2022-05-13 00:00:00+07:00,15288.320969354407,15380.050862353322,14371.022039365242,14615.634765625,12985430,0.0,0.0
2022-05-16 00:00:00+07:00,15288.32152493469,15502.358271447649,14982.554882089338,15013.1318359375,8442210,0.0,0.0
2022-05-17 00:00:00+07:00,14921.401619147557,16052.7373046875,14921.401619147557,16052.7373046875,9550619,0.0,0.0
2022-05-18 00:00:00+07:00,16236.197448851228,16664.27094205496,16083.31460997109,16266.7734375,10580643,0.0,0.0
2022-05-19 00:00:00+07:00,15899.853896967315,16144.466618060089,15777.547053814911,15961.0068359375,6900651,0.0,0.0
2022-05-20 00:00:00+07:00,15961.007040028826,16175.043776979386,15808.124208042454,15838.7001953125,8163248,0.0,0.0
2022-05-23 00:00:00+07:00,15869.277611941901,16022.160448399816,15288.3212890625,15288.3212890625,6996332,0.0,0.0
2022-05-24 00:00:00+07:00,15288.321218744411,15899.8544921875,15288.321218744411,15899.8544921875,7190764,0.0,0.0
2022-05-25 00:00:00+07:00,15899.854035909733,16511.386326591622,15899.854035909733,16450.232421875,8892491,0.0,0.0
2022-05-26 00:00:00+07:00,16664.270342545522,16664.270342545522,16236.19686474205,16327.9267578125,6304261,0.0,0.0
2022-05-27 00:00:00+07:00,16511.38671875,16664.270518960617,16327.926930666916,16511.38671875,6350487,0.0,0.0
2022-05-30 00:00:00+07:00,16541.961910274378,16755.99960635006,16511.38592387387,16694.845703125,4555179,0.0,0.0
2022-05-31 00:00:00+07:00,16541.96226257661,17092.34354247578,16511.38627552491,17061.765625,9984254,0.0,0.0
2022-06-01 00:00:00+07:00,16847.731220827387,17122.920917877695,16817.153300872305,16970.037109375,6675833,0.0,0.0
2022-06-02 00:00:00+07:00,16970.037109375,17122.920917877695,16694.847412324692,16970.037109375,7098315,0.0,0.0
2022-06-03 00:00:00+07:00,16756.0,16878.305878899413,16419.656419996503,16756.0,3781167,0.0,0.0
2022-06-06 00:00:00+07:00,16756.00117729196,16970.03696301031,16633.693359375,16633.693359375,6070717,0.0,0.0
2022-06-07 00:00:00+07:00,16633.6921906765,16756.0,16205.620649316506,16756.0,4670092,0.0,0.0
2022-06-08 00:00:00+07:00,16756.001141441306,17184.074642386327,16694.84723261367,16939.4609375,8813942,0.0,0.0
2022-06-09 00:00:00+07:00,17061.766824731054,17061.766824731054,16817.153119844726,16939.4609375,4998511,0.0,0.0
2022-06-10 00:00:00+07:00,16817.152785219867,16878.306692830676,16572.541015625,16572.541015625,5327736,0.0,0.0
2022-06-13 00:00:00+07:00,16205.621178302268,16266.773154536062,15441.2041015625,15441.2041015625,11243458,0.0,0.0
2022-06-14 00:00:00+07:00,15288.321265341792,15746.970739215993,15104.861475792111,15441.2041015625,4746378,0.0,0.0
2022-06-15 00:00:00+07:00,15288.32132637414,15532.934058346205,14707.365002076898,14982.5546875,5180660,0.0,0.0
2022-06-16 00:00:00+07:00,15166.01426897303,15410.627962789276,14982.554481216876,15104.861328125,4786785,0.0,0.0
2022-06-17 00:00:00+07:00,14676.787328164455,14768.51818401464,14095.831997597516,14401.59765625,5207165,0.0,0.0
2022-06-20 00:00:00+07:00,14309.86802698977,14585.057703930723,13820.642578125,13820.642578125,7651065,0.0,0.0
2022-06-21 00:00:00+07:00,13759.488454632432,14401.597690632472,13759.488454632432,14095.83203125,7415903,0.0,0.0
2022-06-22 00:00:00+07:00,14279.29197327983,14676.787527982186,14279.29197327983,14432.1748046875,4674941,0.0,0.0
2022-06-23 00:00:00+07:00,14371.02231759339,15441.2041015625,14371.02231759339,15441.2041015625,7546334,0.0,0.0
2022-06-24 00:00:00+07:00,15441.204149962326,15594.087951874319,15104.861523137686,15135.4384765625,4759794,0.0,0.0
2022-06-27 00:00:00+07:00,15135.437839311013,15685.817186512424,15104.860887173589,15655.240234375,6493683,0.0,0.0
2022-06-28 00:00:00+07:00,15594.087613248897,16725.422317643082,15257.744028515875,16327.9267578125,15092346,0.0,0.0
2022-06-29 00:00:00+07:00,16236.196468338238,16511.38614083088,16236.196468338238,16419.65625,6091727,0.0,0.0
2022-06-30 00:00:00+07:00,16389.080505591795,16480.810397779358,15961.007031908463,15991.583984375,5037462,0.0,0.0
2022-07-01 00:00:00+07:00,16022.160116575895,16511.386534406098,15624.664556975156,16480.810546875,5712399,0.0,0.0
2022-07-04 00:00:00+07:00,16603.11703433323,16603.11703433323,16266.7734375,16266.7734375,6479785,0.0,0.0
2022-07-05 00:00:00+07:00,16236.197036625374,16817.152388747098,16236.197036625374,16511.38671875,7975928,0.0,0.0
2022-07-06 00:00:00+07:00,16052.736744801554,16450.232296366637,15777.54707131248,15808.1240234375,7000534,0.0,0.0
2022-07-07 00:00:00+07:00,15838.700755047767,16389.0810931155,15777.547813134499,16083.314453125,5387698,0.0,0.0
2022-07-08 00:00:00+07:00,16205.62072946148,16297.350621695712,15746.970303078266,15838.7001953125,4291572,0.0,0.0
2022-07-11 00:00:00+07:00,15808.124633333864,15808.124633333864,15563.510937320285,15594.087890625,4125100,0.0,0.0
2022-07-12 00:00:00+07:00,15594.087684857079,15899.854318233349,15532.933779054589,15716.39453125,7178480,0.0,0.0
2022-07-13 00:00:00+07:00,15746.970835432572,16480.810963327254,15746.970835432572,16236.197265625,6253027,0.0,0.0
2022-07-14 00:00:00+07:00,16205.621048752904,16633.692600664013,16083.314201626827,16511.38671875,9959687,0.0,0.0
2022-07-15 00:00:00+07:00,16633.692600664013,16817.152388747098,16511.38671875,16511.38671875,14763119,0.0,0.0
2022-07-18 00:00:00+07:00,16572.54023130824,16633.69220560077,16450.232421875,16450.232421875,6426933,0.0,0.0
2022-07-19 00:00:00+07:00,16358.503149264045,16450.23304459937,16083.314428470152,16236.197265625,4610939,0.0,0.0
2022-07-20 00:00:00+07:00,16480.810914199847,16725.422680748776,16266.773205439335,16541.962890625,6976290,0.0,0.0
2022-07-21 00:00:00+07:00,16541.96266236169,16817.15234375,16541.96266236169,16817.15234375,7797820,0.0,0.0
2022-07-22 00:00:00+07:00,16878.305894043162,16908.881881189427,16450.232421875,16450.232421875,5500027,0.0,0.0
2022-07-25 00:00:00+07:00,16358.503333870502,16572.54104568446,16266.7734375,16266.7734375,3588190,0.0,0.0
2022-07-26 00:00:00+07:00,16419.657056295648,16450.23304459937,16205.62127732128,16236.197265625,4352503,0.0,0.0
2022-07-27 00:00:00+07:00,16144.467142583831,16511.38671875,16052.73724854229,16511.38671875,2825490,0.0,0.0
2022-07-28 00:00:00+07:00,16633.69294136256,17245.226224306574,16511.387056943422,16878.306640625,14864781,0.0,0.0
2022-07-29 00:00:00+07:00,16970.03696301031,17122.920770194396,16633.693359375,16633.693359375,8832205,0.0,0.0
2022-08-01 00:00:00+07:00,16847.73094935363,17550.994140625,16847.73094935363,17550.994140625,14154771,0.0,0.0
2022-08-02 00:00:00+07:00,17489.83984375,17703.875623112723,17336.956041105674,17489.83984375,7387135,0.0,0.0
2022-08-03 00:00:00+07:00,17367.533911224036,17887.335363994727,17306.380004252827,17795.60546875,9925099,0.0,0.0
2022-08-04 00:00:00+07:00,17856.758423600615,17917.9123273111,17581.56875253951,17642.72265625,8664442,0.0,0.0
2022-08-05 00:00:00+07:00,17673.299219295022,17795.605100280856,17550.993338309192,17734.453125,4774825,0.0,0.0
2022-08-08 00:00:00+07:00,17765.029112640426,17887.33499362626,17642.723231654596,17734.453125,5320139,0.0,0.0
2022-08-09 00:00:00+07:00,17765.028323509207,17795.604309791437,17520.41464197928,17612.14453125,5863355,0.0,0.0
2022-08-10 00:00:00+07:00,17489.839267479365,17642.723065086342,17336.955469872388,17398.109375,5922670,0.0,0.0
2022-08-11 00:00:00+07:00,17581.56934610061,17734.453145326217,17367.533571524054,17428.685546875,7197713,0.0,0.0
2022-08-12 00:00:00+07:00,17459.264038266072,17550.99393472865,17367.534141803495,17520.416015625,3137908,0.0,0.0
2022-08-15 00:00:00+07:00,17642.72300936636,18009.642578125,17612.145091687074,18009.642578125,10061347,0.0,0.0
2022-08-16 00:00:00+07:00,18009.643571179167,18040.21956012032,17795.605857318493,17856.759765625,6283109,0.0,0.0
2022-08-17 00:00:00+07:00,17917.91328269241,18009.64317793714,17795.60546875,17795.60546875,6112739,0.0,0.0
2022-08-18 00:00:00+07:00,17795.606098841377,17826.184018621734,17581.5703125,17581.5703125,5889376,0.0,0.0
2022-08-19 00:00:00+07:00,17520.41646404471,17765.030171013652,17245.226767613734,17275.8046875,7919037,0.0,0.0
2022-08-22 00:00:00+07:00,17275.80372148478,17367.533615165823,17031.190028193956,17122.919921875,9065912,0.0,0.0
2022-08-23 00:00:00+07:00,17000.61404044165,17214.649815556044,16908.882216336482,17122.919921875,7284828,0.0,0.0
2022-08-24 00:00:00+07:00,17336.956460219295,17459.264277461163,17214.65057340164,17245.2265625,5055402,0.0,0.0
2022-08-25 00:00:00+07:00,17336.95642608525,17550.994140625,17184.074550470235,17550.994140625,6853780,0.0,0.0
2022-08-26 00:00:00+07:00,17673.299052438095,17673.299052438095,17336.955469872388,17398.109375,6409478,0.0,0.0
2022-08-29 00:00:00+07:00,17214.649421106664,17245.225408158363,16878.305841841637,17061.765625,6658702,0.0,0.0
2022-08-30 00:00:00+07:00,17061.765611159706,17459.263094629772,17061.765611159706,17367.533203125,6602295,0.0,0.0
2022-08-31 00:00:00+07:00,17306.38067696203,17428.686565234384,17061.766969993085,17275.8046875,3354159,0.0,0.0
2022-09-05 00:00:00+07:00,17275.803535385814,17336.95551023168,17061.76583215296,17092.34375,2918586,0.0,0.0
2022-09-06 00:00:00+07:00,17061.766969993085,17520.41646404471,17061.766969993085,17275.8046875,4913982,0.0,0.0
2022-09-07 00:00:00+07:00,17275.80314928082,17367.53303992361,16725.421875,16725.421875,6881094,0.0,0.0
2022-09-08 00:00:00+07:00,16817.151800125797,16878.30570415441,16419.65625,16419.65625,5994753,0.0,0.0
2022-09-09 00:00:00+07:00,16480.81015402861,16633.692018464033,16113.88962549305,16419.65625,2942182,0.0,0.0
2022-09-12 00:00:00+07:00,16511.38690241242,16664.270704323622,16511.38690241242,16541.962890625,2705498,0.0,0.0
2022-09-13 00:00:00+07:00,16572.54058057648,16908.882237546106,16541.96266236169,16817.15234375,4006470,0.0,0.0
2022-09-14 00:00:00+07:00,16511.38671875,16633.692600664013,16450.23281258093,16511.38671875,3528550,0.0,0.0
2022-09-15 00:00:00+07:00,16511.386326591622,16694.84611031739,16450.232421875,16450.232421875,2173988,0.0,0.0
2022-09-16 00:00:00+07:00,16266.772883164784,16450.232669653888,16022.16015625,16022.16015625,3205627,0.0,0.0
2022-09-19 00:00:00+07:00,15869.277574731223,15991.584422738013,15441.204089313494,15594.087890625,4020530,0.0,0.0
2022-09-20 00:00:00+07:00,15655.240796725435,15899.8544921875,15655.240796725435,15899.8544921875,3234396,0.0,0.0
2022-09-21 00:00:00+07:00,15838.700819232332,15869.277772918917,15594.088085375915,15624.6650390625,2766821,0.0,0.0
2022-09-22 00:00:00+07:00,15471.780653889113,15655.240438683826,15288.3208690944,15532.93359375,5296220,0.0,0.0
2022-09-23 00:00:00+07:00,15532.93402043758,15655.240868731158,15288.3212890625,15288.3212890625,2679868,0.0,0.0
2022-09-26 00:00:00+07:00,15104.861626455917,15104.861626455917,14218.138657979773,14371.0224609375,10525691,0.0,0.0
2022-09-27 00:00:00+07:00,14371.022265718599,14615.634995831175,14248.715418056276,14340.4453125,4067725,0.0,0.0
2022-09-28 00:00:00+07:00,14309.867782510306,14523.904515989425,14248.71484375,14248.71484375,4387738,0.0,0.0
2022-09-29 00:00:00+07:00,14401.597919303422,14615.63465643929,13820.642578125,13820.642578125,5523301,0.0,0.0
2022-09-30 00:00:00+07:00,13851.218909682366,14218.138488056458,13728.91206182031,14187.5625,8917219,0.0,0.0
2022-10-03 00:00:00+07:00,13881.795576544468,14065.255361946407,13209.109375,13209.109375,9196989,0.0,0.0
2022-10-04 00:00:00+07:00,13453.721737696049,13881.79520223261,12536.4228354206,12689.3056640625,9916696,0.0,0.0
2022-10-05 00:00:00+07:00,13025.650127698782,13576.029506641245,13025.650127698782,13453.72265625,7241190,0.0,0.0
2022-10-06 00:00:00+07:00,13453.722310918514,13606.606111286357,12995.072840239121,13086.802734375,6878993,0.0,0.0
2022-10-07 00:00:00+07:00,13025.650122790083,13025.650122790083,12200.0810546875,12200.0810546875,13740532,0.0,0.0
2022-10-10 00:00:00+07:00,12047.197185531819,12811.613306948502,11924.890335845765,12658.73046875,7989342,0.0,0.0
2022-10-11 00:00:00+07:00,12658.729938659195,12689.305925891256,11924.889836484888,12108.3505859375,10885625,0.0,0.0
2022-10-12 00:00:00+07:00,12230.65675546001,12933.919921875,12169.503814332995,12933.919921875,10116299,0.0,0.0
2022-10-13 00:00:00+07:00,13025.649728768334,13698.3359375,12933.919835087292,13698.3359375,12005995,0.0,0.0
2022-10-14 00:00:00+07:00,13973.525793265517,14034.678734746834,13728.91209691609,13881.7958984375,11608080,0.0,0.0
2022-10-17 00:00:00+07:00,13820.64238176163,13912.372272771985,13392.568913571951,13790.0654296875,7734139,0.0,0.0
2022-10-18 00:00:00+07:00,14004.102917148983,14309.868593491154,13973.525963429931,14065.255859375,6376669,0.0,0.0
2022-10-19 00:00:00+07:00,14065.255652137945,14279.292394593524,13790.065968357376,14187.5625,6829860,0.0,0.0
2022-10-20 00:00:00+07:00,14187.56268342324,14493.328359213347,13851.219088757203,14218.138671875,6349354,0.0,0.0
2022-10-21 00:00:00+07:00,14218.138404980684,14218.138404980684,13239.6865234375,13239.6865234375,10874958,0.0,0.0
2022-10-24 00:00:00+07:00,13270.262961404367,13453.722755741896,12719.88357839178,12842.1904296875,8105388,0.0,0.0
2022-10-25 00:00:00+07:00,12964.496961922549,13728.912109375,12811.613160262395,13728.912109375,14085919,0.0,0.0
2022-10-26 00:00:00+07:00,13728.911925252305,14187.56235886958,13667.75898453563,13698.3359375,5656154,0.0,0.0
2022-10-27 00:00:00+07:00,13912.372760265718,14646.2119140625,13759.48895975001,14646.2119140625,13258895,0.0,0.0
2022-10-28 00:00:00+07:00,14860.24903883286,15227.168625192373,14676.78828044101,14707.365234375,12334251,0.0,0.0
2022-10-31 00:00:00+07:00,14860.24822468396,15074.28399485923,14279.291923039571,15043.7080078125,16678675,0.0,0.0
2022-11-01 00:00:00+07:00,15104.861350578365,15563.51082065053,14921.4015625495,14951.978515625,14273726,0.0,0.0
2022-11-02 00:00:00+07:00,14707.36503946627,15013.131679117738,14585.058190563268,14676.7880859375,8711959,0.0,0.0
2022-11-03 00:00:00+07:00,14401.597852321149,14737.94143271489,14371.02186516684,14432.1748046875,12249722,0.0,0.0
2022-11-04 00:00:00+07:00,14309.868468061723,14982.5546875,13453.722458341379,14982.5546875,23769880,0.0,0.0
2022-11-07 00:00:00+07:00,14860.24829664519,14982.554175848458,14095.832208170552,14279.2919921875,11839847,0.0,0.0
2022-11-08 00:00:00+07:00,14065.255218905637,14768.518365935735,14065.255218905637,14585.0576171875,13490017,0.0,0.0
2022-11-09 00:00:00+07:00,14737.941774520634,15196.591244592799,14676.787868369633,14951.978515625,18115825,0.0,0.0
2022-11-10 00:00:00+07:00,14737.942111903958,14860.248961793759,13912.373046875,13912.373046875,15553455,0.0,0.0
2022-11-11 00:00:00+07:00,14523.904696574513,14860.248276968254,14309.867960434136,14432.1748046875,15823689,0.0,0.0
2022-11-14 00:00:00+07:00,14187.562253367409,14890.82444462175,13912.372574370658,14615.634765625,14602466,0.0,0.0
2022-11-15 00:00:00+07:00,14432.175010056282,14615.634796440927,13606.605971325385,14309.8681640625,20191226,0.0,0.0
2022-11-16 00:00:00+07:00,13637.182402075709,15227.16855602771,13606.606413492693,15166.0146484375,21058170,0.0,0.0
2022-11-17 00:00:00+07:00,15288.3212890625,15777.547717024736,15074.284545851759,15288.3212890625,19196597,0.0,0.0
2022-11-18 00:00:00+07:00,15013.131434246923,15288.321115881154,14371.022177100385,15104.861328125,18774439,0.0,0.0
2022-11-21 00:00:00+07:00,15104.860973139172,15166.013912550019,14737.94140625,14737.94140625,9342287,0.0,0.0
2022-11-22 00:00:00+07:00,14615.634765625,15227.168029092481,14371.022039365242,14615.634765625,12428638,0.0,0.0
2022-11-23 00:00:00+07:00,14615.634736072023,15135.438105489538,14554.481795933749,14921.4013671875,9730183,0.0,0.0
2022-11-24 00:00:00+07:00,14829.67127242519,15043.7080078125,14554.481597732381,15043.7080078125,6758584,0.0,0.0
2022-11-25 00:00:00+07:00,15227.168477366336,15777.5478515625,15074.28467439268,15777.5478515625,22893399,0.0,0.0
2022-11-28 00:00:00+07:00,15961.006586120478,16786.575592750567,15961.006586120478,16694.845703125,18765065,0.0,0.0
2022-11-29 00:00:00+07:00,16511.386311777085,16756.0,15961.006961093592,16756.0,15635883,0.0,0.0
2022-11-30 00:00:00+07:00,16541.96172616118,17122.918974273027,16297.34997683158,16664.26953125,10529408,0.0,0.0
2022-12-01 00:00:00+07:00,16725.422156663466,16939.45985871718,15899.854092187436,15991.583984375,17399836,0.0,0.0
2022-12-02 00:00:00+07:00,16083.313965165973,17092.34375,15930.430167203092,17092.34375,14679399,0.0,0.0
2022-12-05 00:00:00+07:00,17428.685936607435,17489.83984375,17000.614377881986,17489.83984375,12424759,0.0,0.0
2022-12-06 00:00:00+07:00,17184.0738953374,17489.839565334496,16419.656824708458,16511.38671875,12480357,0.0,0.0
2022-12-07 00:00:00+07:00,16450.232203071624,17000.613477352443,16358.502312428831,16725.421875,6722381,0.0,0.0
2022-12-08 00:00:00+07:00,16878.30547485439,17673.298494729686,16755.999598882823,17000.61328125,8635026,0.0,0.0
2022-12-09 00:00:00+07:00,17000.614222923337,17153.49609375,16541.962819170913,17153.49609375,8546295,0.0,0.0
2022-12-12 00:00:00+07:00,17122.91975558036,17245.225635825893,16786.576171875,16786.576171875,6453763,0.0,0.0
2022-12-13 00:00:00+07:00,16694.84699892661,17245.22637939872,16572.541113407537,17214.650390625,6323009,0.0,0.0
2022-12-14 00:00:00+07:00,17367.533217213328,17398.109204265027,17031.1896379483,17061.765625,4170031,0.0,0.0
2022-12-15 00:00:00+07:00,17061.766969993085,17275.8046875,17061.766969993085,17275.8046875,5704156,0.0,0.0
2022-12-16 00:00:00+07:00,16970.03630441869,17275.803906920304,16970.03630441869,17153.49609375,5398365,0.0,0.0
2022-12-19 00:00:00+07:00,17122.920153515926,17428.685826447792,16847.73046875,16847.73046875,8835762,0.0,0.0
2022-12-20 00:00:00+07:00,16847.730240831872,17122.919921875,16266.772960569186,17122.919921875,10826794,0.0,0.0
2022-12-21 00:00:00+07:00,17122.9199433531,17122.9199433531,16511.386674571033,16817.15234375,4948407,0.0,0.0
2022-12-22 00:00:00+07:00,16817.152733203344,17214.650235807836,16817.152733203344,16878.306640625,5468025,0.0,0.0
2022-12-23 00:00:00+07:00,16817.152915584797,17092.344536754597,16694.84702983926,16908.8828125,4893778,0.0,0.0
2022-12-26 00:00:00+07:00,16908.88256156674,16939.46048036749,15899.854675685921,15930.4306640625,5751997,0.0,0.0
2022-12-27 00:00:00+07:00,15961.007759739725,16358.503333870502,15899.854817230089,16266.7734375,5836040,0.0,0.0
2022-12-28 00:00:00+07:00,16266.773587563937,16633.69317643084,16083.314758342585,16603.1171875,3054994,0.0,0.0
2022-12-29 00:00:00+07:00,16572.540624919075,16817.152388747098,16450.23281258093,16511.38671875,2970789,0.0,0.0
2022-12-30 00:00:00+07:00,16511.385740100985,16725.42150337039,16358.50194895197,16664.26953125,2253184,0.0,0.0
2023-01-03 00:00:00+07:00,16725.422428974398,17122.919921875,16664.270453469788,17122.919921875,5619951,0.0,0.0
2023-01-04 00:00:00+07:00,17122.919878847908,17673.29923955115,17061.76597307284,17428.685546875,9541730,0.0,0.0
2023-01-05 00:00:00+07:00,17428.685546875,17581.56934610061,17275.803678073516,17428.685546875,3415576,0.0,0.0
2023-01-06 00:00:00+07:00,17428.685936607435,17887.33541411625,17153.496250102147,17489.83984375,11075371,0.0,0.0
2023-01-09 00:00:00+07:00,17550.993701713494,17795.60546875,17550.993701713494,17795.60546875,6871558,0.0,0.0
2023-01-10 00:00:00+07:00,17856.759238063143,17856.759238063143,17459.263671875,17459.263671875,5051200,0.0,0.0
2023-01-11 00:00:00+07:00,17489.83979474229,17826.183387447683,17489.83979474229,17795.60546875,5616718,0.0,0.0
2023-01-12 00:00:00+07:00,17795.60470640379,17856.75861075522,17581.568936809887,17673.298828125,4896364,0.0,0.0
2023-01-13 00:00:00+07:00,17795.60546875,17856.759375721205,17367.533911224036,17795.60546875,4807311,0.0,0.0
2023-01-16 00:00:00+07:00,17795.605017488168,18345.984375,17673.299137071353,18345.984375,8993329,0.0,0.0
2023-01-17 00:00:00+07:00,18407.138624898693,18743.482215369535,18407.138624898693,18712.904296875,5617849,0.0,0.0
2023-01-18 00:00:00+07:00,18712.90489077919,18865.788696831594,18590.59900419179,18804.63671875,5373475,0.0,0.0
2023-01-19 00:00:00+07:00,18774.05817947669,19018.671875,18437.71458943516,19018.671875,8335539,0.0,0.0
2023-01-27 00:00:00+07:00,19018.670934279944,19110.400824260934,18468.29159439401,18560.021484375,5537523,0.0,0.0
2023-01-30 00:00:00+07:00,18345.98539201504,18437.715290018754,18162.525596007617,18193.103515625,6365516,0.0,0.0
2023-01-31 00:00:00+07:00,18162.524571096164,18651.751953125,18040.21869080101,18651.751953125,5572756,0.0,0.0
2023-02-01 00:00:00+07:00,18651.752058454047,18743.48195179945,17428.685526899237,17734.453125,7373236,0.0,0.0
2023-02-02 00:00:00+07:00,17734.45387943619,18009.643571179167,17550.99408494087,17856.759765625,5439741,0.0,0.0
2023-02-03 00:00:00+07:00,17856.759191171703,17979.065073425925,17765.029296875,17765.029296875,5927196,0.0,0.0
2023-02-06 00:00:00+07:00,17612.144876463455,18284.83203125,17459.26301163166,18284.83203125,4363817,0.0,0.0
2023-02-07 00:00:00+07:00,18223.679354615637,18468.293057417464,17826.183776683847,17856.759765625,5341151,0.0,0.0
2023-02-08 00:00:00+07:00,17887.334549669566,18468.29181338741,17856.75856278802,18284.83203125,5217833,0.0,0.0
2023-02-09 00:00:00+07:00,18284.83204384739,18468.29182611119,17979.064453125,17979.064453125,4479055,0.0,0.0
2023-02-10 00:00:00+07:00,17979.065259239458,18223.678956700125,17795.60546875,17795.60546875,3512550,0.0,0.0
2023-02-13 00:00:00+07:00,17642.723801137363,17917.91349005632,17612.1458820858,17826.18359375,3528873,0.0,0.0
2023-02-14 00:00:00+07:00,17917.913730779765,17979.065708856087,17550.994140625,17550.994140625,2831955,0.0,0.0
2023-02-15 00:00:00+07:00,17550.99294984621,17948.488502070333,17489.839045494777,17673.298828125,2381836,0.0,0.0
2023-02-16 00:00:00+07:00,17765.029813911886,18315.409195710443,17703.87590579287,18162.525390625,4882788,0.0,0.0
2023-02-17 00:00:00+07:00,18162.525207288767,18284.8330222922,17979.065415207795,18131.94921875,4100533,0.0,0.0
2023-02-20 00:00:00+07:00,18254.254260896374,18621.173828125,18162.524369089217,18621.173828125,7505605,0.0,0.0
2023-02-21 00:00:00+07:00,18590.597479816402,18651.75138330776,18254.25390625,18254.25390625,4857252,0.0,0.0
2023-02-22 00:00:00+07:00,18101.372297736878,18162.52427166423,17673.298828125,17673.298828125,6488835,0.0,0.0
2023-02-23 00:00:00+07:00,17428.685526899237,17734.453125,17306.379645913403,17734.453125,6680196,0.0,0.0
2023-02-24 00:00:00+07:00,17673.300272203327,17673.300272203327,17275.8046875,17275.8046875,3649767,0.0,0.0
2023-02-27 00:00:00+07:00,17245.226036603843,17245.226036603843,16786.576561993967,16847.73046875,2907272,0.0,0.0
2023-02-28 00:00:00+07:00,17000.613688222915,17122.91956712233,16756.0,16756.0,2110148,0.0,0.0
2023-03-01 00:00:00+07:00,16725.423364213817,17275.8046875,16572.541486479433,17275.8046875,3650414,0.0,0.0
2023-03-02 00:00:00+07:00,17306.37893639094,17336.954922777823,16970.035364439078,17000.61328125,2957536,0.0,0.0
2023-03-03 00:00:00+07:00,17122.919157221568,17122.919157221568,16786.575585269704,17000.61328125,3019276,0.0,0.0
2023-03-06 00:00:00+07:00,17031.189420244256,17581.56876268403,17031.189420244256,17336.955078125,5161588,0.0,0.0
2023-03-07 00:00:00+07:00,17336.955633553833,17734.453125,17336.955633553833,17734.453125,5093707,0.0,0.0
2023-03-08 00:00:00+07:00,17428.68510633359,18040.218357354293,17398.109119430977,17979.064453125,7138075,0.0,0.0
2023-03-09 00:00:00+07:00,17979.064453125,18162.524235388802,17887.3345619931,17979.064453125,4466610,0.0,0.0
2023-03-10 00:00:00+07:00,17887.335754566153,17887.335754566153,17550.99408494087,17856.759765625,2754054,0.0,0.0
2023-03-13 00:00:00+07:00,17520.4146357277,17979.064081917637,17489.838649456382,17917.912109375,3005215,0.0,0.0
2023-03-14 00:00:00+07:00,17887.33499362626,17887.33499362626,17336.955633553833,17734.453125,3594169,0.0,0.0
2023-03-15 00:00:00+07:00,17917.912869303498,18101.37265556031,17765.029070614786,18040.21875,4584110,0.0,0.0
2023-03-16 00:00:00+07:00,17734.45291770713,17856.758797263366,17428.685323180398,17703.875,3605159,0.0,0.0
2023-03-17 00:00:00+07:00,17765.029112640426,17917.912911690808,17612.14531359005,17734.453125,1837490,0.0,0.0
2023-03-20 00:00:00+07:00,17703.875271713558,17703.875271713558,17122.919921875,17122.919921875,2798338,0.0,0.0
2023-03-21 00:00:00+07:00,17489.838685099858,17489.838685099858,17122.919127400142,17306.37890625,1707060,0.0,0.0
2023-03-22 00:00:00+07:00,17398.10955919953,17550.993358425134,17245.22575997392,17428.685546875,2423534,0.0,0.0
2023-03-23 00:00:00+07:00,17245.22652854656,17550.994140625,17184.074550470235,17550.994140625,4777734,0.0,0.0
2023-03-24 00:00:00+07:00,17550.993358425134,17642.723251875675,17306.379665748987,17428.685546875,4297714,0.0,0.0
2023-03-27 00:00:00+07:00,17428.686504870886,17673.300210992624,17306.380617022136,17581.5703125,2250920,0.0,0.0
2023-03-28 00:00:00+07:00,17581.568936809887,17734.45273247643,17581.568936809887,17673.298828125,3417516,0.0,0.0
2023-03-29 00:00:00+07:00,17612.14531359005,17765.029112640426,17612.14531359005,17734.453125,2794943,0.0,0.0
2023-03-30 00:00:00+07:00,17795.605100280856,17856.759005985834,17612.14531359005,17734.453125,2450687,0.0,0.0
2023-03-31 00:00:00+07:00,17673.299971129683,17856.759765625,17550.99408494087,17856.759765625,3768722,0.0,0.0
2023-04-03 00:00:00+07:00,18040.218527139354,18376.56210792984,17979.064622334514,18315.408203125,6145387,0.0,0.0
2023-04-04 00:00:00+07:00,18315.409010830972,18315.409010830972,18070.795311248283,18131.94921875,3669000,0.0,0.0
2023-04-05 00:00:00+07:00,18131.948601664546,18407.138280420462,17948.48881582727,18345.984375,5671185,0.0,0.0
2023-04-06 00:00:00+07:00,18345.984604066918,18345.984604066918,18070.794921875,18070.794921875,3200617,0.0,0.0
2023-04-07 00:00:00+07:00,18040.21875,18070.794737568096,17917.912869303498,18040.21875,2604714,0.0,0.0
2023-04-10 00:00:00+07:00,18040.218171436558,18162.524048210616,17917.9122946625,17948.48828125,3070025,0.0,0.0
2023-04-11 00:00:00+07:00,18009.643151763583,18101.373046875,17856.759349769833,18101.373046875,1988283,0.0,0.0
2023-04-12 00:00:00+07:00,18162.524630696502,18162.524630696502,17979.06484443969,18040.21875,7148257,0.0,0.0
2023-04-13 00:00:00+07:00,17979.064453125,18040.218357354293,17795.604670861198,17979.064453125,2361956,0.0,0.0
2023-04-14 00:00:00+07:00,18009.64317793714,18040.219166210663,17795.60546875,17795.60546875,2492870,0.0,0.0
2023-04-17 00:00:00+07:00,17795.605857318493,17917.913673931507,17612.146062823176,17856.759765625,2243810,0.0,0.0
2023-04-18 00:00:00+07:00,17856.759375721205,17917.91328269241,17734.453492202952,17795.60546875,1951111,0.0,0.0
2023-04-19 00:00:00+07:00,17765.029924740542,17826.183833241073,17520.41622116263,17550.994140625,6009784,0.0,0.0
2023-04-20 00:00:00+07:00,17520.41640336351,17581.5703125,17367.534526158626,17581.5703125,2195484,0.0,0.0
2023-04-21 00:00:00+07:00,17428.685936607435,17581.56973925176,17428.685936607435,17489.83984375,1549155,0.0,0.0
2023-04-24 00:00:00+07:00,17459.263058531098,17856.75861075522,17245.225358513122,17673.298828125,4513965,0.0,0.0
2023-04-25 00:00:00+07:00,17734.453145326217,17734.453145326217,17428.685546875,17428.685546875,2118229,0.0,0.0
2023-04-26 00:00:00+07:00,17428.68517717879,17612.144960188336,17092.343528610687,17367.533203125,6176256,0.0,0.0
2023-04-27 00:00:00+07:00,17367.532995209913,17550.992776023173,17336.955078125,17336.955078125,3245872,0.0,0.0
2023-04-28 00:00:00+07:00,17428.684958475325,17642.72265625,17428.684958475325,17642.72265625,7137104,0.0,0.0
2023-05-04 00:00:00+07:00,17489.840474582677,17489.840474582677,17245.226767613734,17275.8046875,4646496,0.0,0.0
2023-05-05 00:00:00+07:00,17275.803138156283,17306.379124876174,17000.613466405113,17031.189453125,7015080,0.0,0.0
2023-05-08 00:00:00+07:00,17122.91952952748,17153.49551657918,17031.1896379483,17061.765625,6031605,0.0,0.0
2023-05-09 00:00:00+07:00,17153.495909627305,17275.80372148478,17122.919921875,17122.919921875,4750744,0.0,0.0
2023-05-10 00:00:00+07:00,17153.49686880341,17275.8046875,17092.34488987935,17275.8046875,9009183,0.0,0.0
2023-05-11 00:00:00+07:00,17367.532995209913,17398.10898187077,17275.803104803286,17336.955078125,4926750,0.0,0.0
2023-05-12 00:00:00+07:00,17336.955285674023,17367.533203125,17214.649407142355,17367.533203125,6328828,0.0,0.0
2023-05-15 00:00:00+07:00,17428.685987181732,17520.415882949677,17184.07421875,17184.07421875,11091371,0.0,0.0
2023-05-16 00:00:00+07:00,17245.225617538774,17275.803535385814,17092.34375,17092.34375,5023078,0.0,0.0
2023-05-17 00:00:00+07:00,17122.9199433531,17184.073849358545,16817.15234375,16817.15234375,8494899,0.0,0.0
2023-05-18 00:00:00+07:00,16939.461119844156,17061.76700839177,16817.153300872305,16970.037109375,7620034,0.0,0.0
2023-05-19 00:00:00+07:00,17061.76601594626,17245.225803308345,16908.882216336482,17122.919921875,3370321,0.0,0.0
2023-05-22 00:00:00+07:00,17122.919737422933,17245.225617538774,17092.34375,17092.34375,5118758,0.0,0.0
2023-05-23 00:00:00+07:00,17184.073434054964,17184.073434054964,16939.459746369117,17061.765625,6543302,0.0,0.0
2023-05-24 00:00:00+07:00,17122.920917877695,17122.920917877695,16878.30721035823,16970.037109375,6338364,0.0,0.0
2023-05-25 00:00:00+07:00,16908.88262912374,17000.61445546831,16847.730652126258,16878.306640625,5009824,0.0,0.0
2023-05-26 00:00:00+07:00,16878.30547485439,17000.61328125,16817.151571656585,17000.61328125,5465923,0.0,0.0
2023-05-29 00:00:00+07:00,17000.61404044165,17214.649815556044,17000.61404044165,17122.919921875,7856326,0.0,0.0
2023-05-30 00:00:00+07:00,17184.07401225465,17214.650000335154,17061.766199084344,17153.49609375,4926426,0.0,0.0
2023-05-31 00:00:00+07:00,17153.495909627305,17153.495909627305,17000.61404044165,17122.919921875,13842976,0.0,0.0
2023-06-01 00:00:00+07:00,17122.919737422933,17184.073642692907,17031.189844730026,17092.34375,4065139,0.0,0.0
2023-06-02 00:00:00+07:00,17153.49642977469,17581.569923408115,17122.920441095222,17520.416015625,23729312,0.0,0.0
2023-06-05 00:00:00+07:00,17673.300210992624,17765.030109485244,17520.41640336351,17581.5703125,8187491,0.0,0.0
2023-06-06 00:00:00+07:00,17642.72403816369,17734.453935702382,17489.84023212447,17550.994140625,14368598,0.0,0.0
2023-06-07 00:00:00+07:00,17642.72284116132,17856.75861075522,17581.568936809887,17673.298828125,12876011,0.0,0.0
2023-06-08 00:00:00+07:00,17673.29944898798,17734.45335548775,17459.263671875,17459.263671875,10934919,0.0,0.0
2023-06-09 00:00:00+07:00,17459.262885616543,17520.414858938257,17184.073214396656,17336.955078125,14728371,0.0,0.0
2023-06-12 00:00:00+07:00,17367.533203125,17398.109190151896,17031.18962413281,17367.533203125,17026002,0.0,0.0
2023-06-13 00:00:00+07:00,17336.95489258363,17398.10879567493,17245.225003158703,17306.37890625,11480397,0.0,0.0
2023-06-14 00:00:00+07:00,17398.110334585777,17856.759822279233,17398.110334585777,17550.994140625,28208530,0.0,0.0
2023-06-15 00:00:00+07:00,17550.993338309192,17948.488899331238,17550.993338309192,17734.453125,15844700,0.0,0.0
2023-06-16 00:00:00+07:00,17765.029133001688,17856.75902645223,17428.685546875,17428.685546875,12012945,0.0,0.0
2023-06-19 00:00:00+07:00,17459.2638553908,17642.723646394326,17459.2638553908,17489.83984375,5696721,0.0,0.0
2023-06-20 00:00:00+07:00,17520.416165575516,17856.759765625,17459.26418769321,17856.759765625,8536275,0.0,0.0
2023-06-21 00:00:00+07:00,17795.60567469844,17917.91349005632,17642.723801137363,17826.18359375,7822871,0.0,0.0
2023-06-22 00:00:00+07:00,17917.912685935342,18131.948457569848,17856.75878100087,18009.642578125,8246808,0.0,0.0
2023-06-23 00:00:00+07:00,18040.21974461771,18070.795733871564,17826.183958992293,17887.3359375,9299296,0.0,0.0
2023-06-26 00:00:00+07:00,17765.030050060366,18009.643755363857,17673.300151874584,17887.3359375,10444233,0.0,0.0
2023-06-27 00:00:00+07:00,17917.9122946625,17948.48828125,17734.452514289384,17948.48828125,8543547,0.0,0.0
2023-06-28 00:00:00+07:00,17979.064803325447,18468.292185840925,17948.48881582727,18345.984375,14245281,0.0,0.0
2023-06-29 00:00:00+07:00,18345.984005013088,18407.13790920025,18040.21834492543,18284.83203125,8406329,0.0,0.0
2023-06-30 00:00:00+07:00,18162.524630696502,18193.102548688712,17948.488856871594,18040.21875,9137996,0.0,0.0
2023-07-03 00:00:00+07:00,18040.21974461771,18101.37365354964,17856.75994824615,17887.3359375,7562982,0.0,0.0
2023-07-04 00:00:00+07:00,17826.18279374568,18040.21856538019,17765.028888811208,18009.642578125,8283981,0.0,0.0
2023-07-05 00:00:00+07:00,18070.794921875,18162.524815938974,17948.489039931083,18070.794921875,7412833,0.0,0.0
2023-07-06 00:00:00+07:00,18070.79415802406,18101.372075035615,17642.722624102826,17948.48828125,11459063,0.0,0.0
2023-07-07 00:00:00+07:00,17887.33533799892,18101.373046875,17765.029454658415,18101.373046875,6325273,0.0,0.0
2023-07-10 00:00:00+07:00,18193.103309896607,18223.679298744017,18040.219504811164,18162.525390625,14059414,0.0,0.0
2023-07-11 00:00:00+07:00,18315.407595297333,18712.903137277008,18315.407595297333,18529.443359375,23449543,0.0,0.0
2023-07-12 00:00:00+07:00,18529.444160837276,18590.59806625774,18223.678494583186,18345.984375,10366169,0.0,0.0
2023-07-13 00:00:00+07:00,18468.292185840925,18468.292185840925,18254.25448208136,18345.984375,8602701,0.0,0.0
2023-07-14 00:00:00+07:00,18345.984005013088,18468.29181338741,17979.06444073827,18284.83203125,13038118,0.0,0.0
2023-07-17 00:00:00+07:00,18284.833206863033,18315.409195710443,18070.795493658574,18162.525390625,10669859,0.0,0.0
2023-07-18 00:00:00+07:00,18162.524016224987,18345.983796275013,18162.524016224987,18254.25390625,7549243,0.0,0.0
2023-07-19 00:00:00+07:00,18345.984005013088,18376.561922318706,18040.21834492543,18284.83203125,10926354,0.0,0.0
2023-07-20 00:00:00+07:00,18284.8330222922,18284.8330222922,18070.795311248283,18131.94921875,7586114,0.0,0.0
2023-07-21 00:00:00+07:00,18131.94940177759,18223.679298744017,18040.219504811164,18162.525390625,8982081,0.0,0.0
2023-07-24 00:00:00+07:00,18284.831823207704,18407.137699766372,18193.10193318269,18254.25390625,8540882,0.0,0.0
2023-07-25 00:00:00+07:00,18315.408018131544,18529.443787150496,18254.254113944386,18284.83203125,9845941,0.0,0.0
2023-07-26 00:00:00+07:00,18315.407623467087,18376.56152633649,18162.523831505598,18223.677734375,9980426,0.0,0.0
2023-07-27 00:00:00+07:00,18254.253938397174,18284.83185540873,17917.9122946625,17948.48828125,12851489,0.0,0.0
2023-07-28 00:00:00+07:00,17979.06484443969,18040.21875,17917.912869303498,18040.21875,8581929,0.0,0.0
2023-07-31 00:00:00+07:00,18284.83240000365,18345.984375,18101.372614166372,18345.984375,9319097,0.0,0.0
2023-08-01 00:00:00+07:00,18468.29177853059,18835.21134211289,18407.13787445885,18590.59765625,23699962,0.0,0.0
2023-08-02 00:00:00+07:00,18651.752116339965,19049.247678595642,18651.752116339965,18988.095703125,21625855,0.0,0.0
2023-08-03 00:00:00+07:00,18926.941221179728,19018.67111201797,18774.05742630796,18896.365234375,13249922,0.0,0.0
2023-08-04 00:00:00+07:00,18957.517578125,18957.517578125,18743.48180546479,18957.517578125,12214414,0.0,0.0
2023-08-07 00:00:00+07:00,19232.7075391399,19935.970703125,19110.40165730846,19935.970703125,21208043,0.0,0.0
2023-08-08 00:00:00+07:00,20088.854503232404,20088.854503232404,19752.51091516577,19935.970703125,15135745,0.0,0.0
2023-08-09 00:00:00+07:00,19874.81640625,19935.97031117548,19599.626729721498,19874.81640625,13146672,0.0,0.0
2023-08-10 00:00:00+07:00,19874.8170779497,19966.54697322602,19324.43770629179,19355.015625,12922959,0.0,0.0
2023-08-11 00:00:00+07:00,19416.167371401432,19660.781066046595,19140.97768883468,19630.205078125,11279753,0.0,0.0
2023-08-14 00:00:00+07:00,19630.205831942832,19813.66562736569,19385.59212790428,19752.51171875,10376492,0.0,0.0
2023-08-15 00:00:00+07:00,19752.51015871419,19813.6640625,19599.6263644617,19813.6640625,8583250,0.0,0.0
2023-08-16 00:00:00+07:00,19691.35604799728,19997.12363328904,19507.89626899184,19783.0859375,13725928,0.0,0.0
2023-08-17 00:00:00+07:00,19813.664821293558,20119.430491084233,19721.93492731394,19935.970703125,20740485,0.0,0.0
2023-08-18 00:00:00+07:00,19752.511467009885,19844.241363552243,18774.05859375,18774.05859375,25934349,0.0,0.0
2023-08-21 00:00:00+07:00,18896.365547433103,19752.51056596589,18712.903832293112,19569.05078125,19368176,0.0,0.0
2023-08-22 00:00:00+07:00,19569.051008393035,19599.626996059218,18896.365766768104,19293.861328125,9447099,0.0,0.0
2023-08-23 00:00:00+07:00,19355.01623159388,19416.16821007851,18988.096638989195,19140.978515625,10388172,0.0,0.0
2023-08-24 00:00:00+07:00,19263.286094014406,19507.89786576104,19018.672391843575,19416.16796875,8239397,0.0,0.0
2023-08-25 00:00:00+07:00,19416.16762848902,19416.16762848902,18988.096070222105,19049.248046875,14104513,0.0,0.0
2023-08-28 00:00:00+07:00,18988.096070222105,19140.977942278507,18957.518151471497,19049.248046875,8777420,0.0,0.0
2023-08-29 00:00:00+07:00,19202.132241024534,19446.745943898026,19110.40234375,19110.40234375,6184343,0.0,0.0
2023-08-30 00:00:00+07:00,19232.7075830236,19630.205078125,19232.7075830236,19630.205078125,15217120,0.0,0.0
2023-08-31 00:00:00+07:00,19660.780451729515,19935.970125697742,19660.780451729515,19844.240234375,8602866,0.0,0.0
2023-09-05 00:00:00+07:00,19874.81698017495,20180.58458320789,19874.81698017495,19966.546875,9759764,0.0,0.0
2023-09-06 00:00:00+07:00,19997.124793557785,20027.70078169142,19721.93510908263,19966.546875,7295507,0.0,0.0
2023-09-07 00:00:00+07:00,19997.124793557785,20364.044372857992,19966.546875,19966.546875,12778398,0.0,0.0
2023-09-08 00:00:00+07:00,19997.12542278855,19997.12542278855,19752.51171875,19752.51171875,6019493,0.0,0.0
2023-09-11 00:00:00+07:00,19874.816046436972,20027.699840770812,19446.744510980712,19507.896484375,13462476,0.0,0.0
2023-09-12 00:00:00+07:00,19569.05192332714,19752.51171875,19416.16811700002,19752.51171875,7420360,0.0,0.0
2023-09-13 00:00:00+07:00,19752.51073255599,20027.70041195074,19538.47495872367,19905.39453125,13041997,0.0,0.0
2023-09-14 00:00:00+07:00,20027.700938371985,20578.080311628015,20027.700938371985,20302.890625,22910369,0.0,0.0
2023-09-15 00:00:00+07:00,20241.736953828622,20486.350654935755,19966.547263992168,20027.701171875,11930679,0.0,0.0
2023-09-18 00:00:00+07:00,20027.700431634483,20027.700431634483,19446.74508470485,19599.626953125,14857023,0.0,0.0
2023-09-19 00:00:00+07:00,19599.62715977927,19721.93497231392,19293.86148929092,19630.205078125,8005504,0.0,0.0
2023-09-20 00:00:00+07:00,19630.204871148326,19783.086739568476,19416.167166681524,19599.626953125,11571228,0.0,0.0
2023-09-21 00:00:00+07:00,19630.205496736515,19660.781485310137,19385.591796875,19385.591796875,9806146,0.0,0.0
2023-09-22 00:00:00+07:00,19263.28572972368,19416.167601568108,18957.51812518651,19355.015625,13369445,0.0,0.0
2023-09-25 00:00:00+07:00,19232.706514387974,19385.590306349462,18223.677734375,18223.677734375,11042723,0.0,0.0
2023-09-26 00:00:00+07:00,18284.831609121673,18865.78692900336,18193.101720170667,18529.443359375,8494575,0.0,0.0
2023-09-27 00:00:00+07:00,18590.59800760801,18957.517578125,18345.984317121976,18957.517578125,6152013,0.0,0.0
2023-09-28 00:00:00+07:00,18774.057219546987,18957.516999203013,17642.72255514283,18865.787109375,12726833,0.0,0.0
2023-09-29 00:00:00+07:00,18682.328169699635,18988.0957698234,18376.5625,18376.5625,8841903,0.0,0.0
2023-10-02 00:00:00+07:00,18407.138095120215,18560.02189192027,17092.343619996824,18315.408203125,8622095,0.0,0.0
2023-10-03 00:00:00+07:00,18040.219166210663,18040.219166210663,17581.569689987016,17795.60546875,12873425,0.0,0.0
2023-10-04 00:00:00+07:00,17550.99294984621,17795.60470640379,17489.839045494777,17673.298828125,4973459,0.0,0.0
2023-10-05 00:00:00+07:00,17765.029581805582,17826.183489125604,17184.07421875,17184.07421875,8605611,0.0,0.0
2023-10-06 00:00:00+07:00,17428.68632362394,17581.57012966316,17031.190744431013,17550.994140625,5098393,0.0,0.0
2023-10-09 00:00:00+07:00,17520.41598577948,17856.759582377377,17520.41598577948,17826.18359375,3221628,0.0,0.0
2023-10-10 00:00:00+07:00,17948.488095646317,18070.793971155625,17856.75820640833,17917.912109375,5075605,0.0,0.0
2023-10-11 00:00:00+07:00,17917.912869303498,18040.21875,17765.029070614786,18040.21875,3539217,0.0,0.0
2023-10-12 00:00:00+07:00,18162.52502333317,18193.102941986417,17948.48924488125,18101.373046875,4036370,0.0,0.0
2023-10-13 00:00:00+07:00,17917.912109375,18101.371887850975,17734.452330899025,17917.912109375,2420301,0.0,0.0
2023-10-16 00:00:00+07:00,17887.334199062152,17917.912115768417,17612.14453125,17612.14453125,3353997,0.0,0.0
2023-10-17 00:00:00+07:00,17734.453541896088,17826.183437397853,17489.83984375,17489.83984375,2780559,0.0,0.0
2023-10-18 00:00:00+07:00,17489.8388722774,17612.144749344887,17153.495297311743,17336.955078125,3709891,0.0,0.0
2023-10-19 00:00:00+07:00,17336.956041105674,17489.83984375,17122.920261742947,17489.83984375,3006508,0.0,0.0
2023-10-20 00:00:00+07:00,17398.109119430977,18193.102152715488,17061.76554180598,17979.064453125,6136820,0.0,0.0
2023-10-23 00:00:00+07:00,17979.064081917637,17979.064081917637,17612.144524965686,17917.912109375,2630250,0.0,0.0
2023-10-24 00:00:00+07:00,17917.912869303498,18040.21875,17765.029070614786,18040.21875,4198800,0.0,0.0
2023-10-25 00:00:00+07:00,17917.912911690808,18040.218792676642,17703.875206935452,17734.453125,2891433,0.0,0.0
2023-10-26 00:00:00+07:00,17336.955078125,17459.262885616543,16847.729639431,17336.955078125,9784650,0.0,0.0
2023-10-27 00:00:00+07:00,17336.956460219295,17398.11036884023,16970.036869342115,17245.2265625,4753328,0.0,0.0
2023-10-30 00:00:00+07:00,16908.8828125,17245.22641133047,16908.8828125,16908.8828125,3407495,0.0,0.0
2023-10-31 00:00:00+07:00,16970.03692670171,17122.92073355869,16878.307028672363,16939.4609375,4643910,0.0,0.0
2023-11-01 00:00:00+07:00,17000.613688222915,17000.613688222915,16694.84609533825,16756.0,5328222,0.0,0.0
2023-11-02 00:00:00+07:00,16878.307172372435,17428.686565234384,16878.307172372435,17275.8046875,3865856,0.0,0.0
2023-11-03 00:00:00+07:00,17367.533615165823,17398.109602918128,17122.919921875,17122.919921875,5882426,0.0,0.0
2023-11-06 00:00:00+07:00,17336.955858875463,17550.993566412584,17336.955858875463,17459.263671875,3842422,0.0,0.0
2023-11-07 00:00:00+07:00,17367.53377733742,17550.993566412584,17306.37987083765,17459.263671875,4194275,0.0,0.0
2023-11-08 00:00:00+07:00,17489.840355503024,17887.3359375,17275.804569877608,17887.3359375,4807957,0.0,0.0
2023-11-09 00:00:00+07:00,17948.488856871594,18193.102548688712,17856.75896374319,18040.21875,8059971,0.0,0.0
2023-11-10 00:00:00+07:00,17887.3345619931,17979.064453125,17703.874779729293,17979.064453125,5685407,0.0,0.0
2023-11-13 00:00:00+07:00,17917.91247931978,18070.7943442569,17856.758575090487,17979.064453125,5251936,0.0,0.0
2023-11-14 00:00:00+07:00,18254.253720597684,18407.137512559177,18101.371859060226,18223.677734375,6097223,0.0,0.0
2023-11-15 00:00:00+07:00,18407.139060737096,18712.904739953225,18407.139060737096,18468.29296875,8813619,0.0,0.0
2023-11-16 00:00:00+07:00,18315.40934519481,18529.44512972196,18284.833356097846,18498.869140625,3691627,0.0,0.0
2023-11-17 00:00:00+07:00,18468.293000795886,18529.444978490705,18009.643515963755,18162.525390625,7048535,0.0,0.0
2023-11-20 00:00:00+07:00,17856.75914586711,18193.102734243053,17795.605239683082,18070.794921875,3569764,0.0,0.0
2023-11-21 00:00:00+07:00,18254.254126520704,18254.254126520704,17979.064453125,17979.064453125,3584310,0.0,0.0
2023-11-22 00:00:00+07:00,18040.219139992667,18162.52502333317,17948.48924488125,18101.373046875,3579947,0.0,0.0
2023-11-23 00:00:00+07:00,18193.103365674484,18193.103365674484,17856.759765625,17856.759765625,3222113,0.0,0.0
2023-11-24 00:00:00+07:00,17856.759349769833,18101.373046875,17550.993676206494,18101.373046875,5056210,0.0,0.0
2023-11-27 00:00:00+07:00,18131.948248486195,18131.948248486195,17795.604670861198,17979.064453125,2443253,0.0,0.0
2023-11-28 00:00:00+07:00,17917.912109375,17917.912109375,17642.722441661037,17917.912109375,3852605,0.0,0.0
2023-11-29 00:00:00+07:00,17917.91247931978,18070.7943442569,17856.758575090487,17979.064453125,4250357,0.0,0.0
2023-11-30 00:00:00+07:00,17971.736328125,18245.068929984438,17869.234672003662,17971.736328125,3835418,0.0,1.117415
2023-12-01 00:00:00+07:00,18074.23605382229,18074.23605382229,17766.734946306373,17971.736328125,2968880,0.0,0.0
2023-12-04 00:00:00+07:00,18074.23715786111,18176.736889819447,17937.56891815916,18142.5703125,11047747,0.0,0.0
2023-12-05 00:00:00+07:00,18176.73745363348,18245.070610391962,18108.404296875,18108.404296875,4277522,0.0,0.0
2023-12-06 00:00:00+07:00,18108.402618114633,18245.068918961788,18108.402618114633,18210.90234375,5053371,0.0,0.0
2023-12-07 00:00:00+07:00,18279.23854930789,18518.404590506147,18142.57030962758,18381.73828125,8355274,0.0,0.0
2023-12-08 00:00:00+07:00,18450.071435878075,18518.404590506147,18245.07004156969,18381.73828125,6536136,0.0,0.0
2023-12-11 00:00:00+07:00,18415.90542234501,18484.238579065022,18245.070600120758,18347.572265625,3360131,0.0,0.0
2023-12-12 00:00:00+07:00,18381.737162032558,18450.0703125,18245.068930673628,18450.0703125,4839943,0.0,0.0
2023-12-13 00:00:00+07:00,18552.57089575398,18689.239133430103,18245.069774012867,18279.23828125,5423710,0.0,0.0
2023-12-14 00:00:00+07:00,18415.904588501988,18415.904588501988,18074.23688994788,18279.23828125,5602775,0.0,0.0
2023-12-15 00:00:00+07:00,18108.404001214425,18347.571976388375,18005.904267750248,18245.0703125,6470036,0.0,0.0
2023-12-18 00:00:00+07:00,18108.40346546918,18245.069772711417,17800.90234375,17800.90234375,16174223,0.0,0.0
2023-12-19 00:00:00+07:00,17835.069739416853,18108.404296875,17732.570004279136,18108.404296875,4163028,0.0,0.0
2023-12-20 00:00:00+07:00,17971.73742590277,18176.736889819447,17903.40234083971,18142.5703125,14079546,0.0,0.0
2023-12-21 00:00:00+07:00,18040.070580541662,18176.736889819447,17937.56891815916,18142.5703125,4543576,0.0,0.0
2023-12-22 00:00:00+07:00,18108.402903875958,18176.73605537787,18005.903176623087,18074.236328125,6001402,0.0,0.0
2023-12-25 00:00:00+07:00,18142.57030962758,18381.73828125,18108.40373231354,18381.73828125,7949703,0.0,0.0
2023-12-26 00:00:00+07:00,18347.570872641012,18415.904024173036,18313.404296875,18313.404296875,4697762,0.0,0.0
2023-12-27 00:00:00+07:00,18313.405687264993,18381.738843985004,18279.23910890499,18347.572265625,5921416,0.0,0.0
2023-12-28 00:00:00+07:00,18347.571413013575,18518.404296875,18279.238259469003,18518.404296875,5236980,0.0,0.0
2023-12-29 00:00:00+07:00,18586.739380843705,18689.23911116056,18518.404296875,18518.404296875,7194972,0.0,0.0
2024-01-02 00:00:00+07:00,18552.57172560951,18620.906812716268,18484.238568926976,18586.740234375,4773120,0.0,0.0
2024-01-03 00:00:00+07:00,18586.7396698968,18860.07421875,18484.238007561748,18860.07421875,4691543,0.0,0.0
2024-01-04 00:00:00+07:00,18894.24130900859,20158.412425260198,18825.906222121954,19543.41015625,21585639,0.0,0.0
2024-01-05 00:00:00+07:00,19645.909323974924,19919.24387236055,19611.74274672974,19816.744140625,12851553,0.0,0.0
2024-01-08 00:00:00+07:00,20158.41154825523,20363.412939147984,19850.91042712817,20192.578125,17520966,0.0,0.0
2024-01-09 00:00:00+07:00,20226.7455226494,20602.579812519274,20021.74412343664,20500.080078125,21132771,0.0,0.0
2024-01-10 00:00:00+07:00,20500.0786854457,21285.915720355002,20397.578958014783,21183.4140625,20832354,0.0,0.0
2024-01-11 00:00:00+07:00,21251.749144544694,21525.08175102715,20773.41322235224,21183.4140625,14414967,0.0,0.0
2024-01-12 00:00:00+07:00,21046.748033254466,21764.24999545982,20910.07979780995,21525.08203125,25100102,0.0,0.0
2024-01-15 00:00:00+07:00,21559.251664545816,21661.751398667428,21183.4154452515,21456.75,10228506,0.0,0.0
2024-01-16 00:00:00+07:00,21217.582023292034,21456.75,21046.74913308935,21456.75,10864564,0.0,0.0
2024-01-17 00:00:00+07:00,21217.580932632387,21525.082049614768,21183.414356348134,21285.916015625,9922014,0.0,0.0
2024-01-18 00:00:00+07:00,21285.915997464286,21593.41711418431,21115.08118576467,21525.08203125,12789068,0.0,0.0
2024-01-19 00:00:00+07:00,21661.749734786437,22276.751953125,21490.914927281698,22276.751953125,21042661,0.0,0.0
2024-01-22 00:00:00+07:00,22242.586766775272,22310.919921875,21832.58590575272,22310.919921875,14724062,0.0,0.0
2024-01-23 00:00:00+07:00,22310.919085596925,22413.41881440453,21798.41658071068,22003.41796875,14978918,0.0,0.0
2024-01-24 00:00:00+07:00,21832.58537640353,22140.08649732087,21798.416869257933,21866.751953125,8096513,0.0,0.0
2024-01-25 00:00:00+07:00,21866.751392903872,21935.084544596128,21593.41685571077,21900.91796875,9090190,0.0,0.0
2024-01-26 00:00:00+07:00,21935.0859375,22037.585671547236,21832.586203452764,21935.0859375,7487144,0.0,0.0
2024-01-29 00:00:00+07:00,21935.085642897535,22379.25308156098,21866.7524877838,22071.751953125,11838924,0.0,0.0
2024-01-30 00:00:00+07:00,22105.917697557605,22174.252780520117,21900.91823994239,22003.41796875,6852678,0.0,0.0
2024-01-31 00:00:00+07:00,22174.253648921687,22208.420226528942,21388.416572682294,21593.41796875,17696848,0.0,0.0
2024-02-01 00:00:00+07:00,21490.9151977483,21935.084544596128,21490.9151977483,21900.91796875,7443319,0.0,0.0
2024-02-02 00:00:00+07:00,21866.75138543079,21969.251112934144,21559.250272496647,21661.75,9704392,0.0,0.0
2024-02-05 00:00:00+07:00,21695.917376527996,23165.08984375,21695.917376527996,23165.08984375,31520238,0.0,0.0
2024-02-06 00:00:00+07:00,23233.423262203847,23540.924389983997,23130.923529751853,23506.7578125,12697367,0.0,0.0
2024-02-07 00:00:00+07:00,23506.75725624188,24805.096822031064,23506.75725624188,24258.427734375,19749145,0.0,0.0
2024-02-15 00:00:00+07:00,24326.76061149949,24463.426916649616,23916.759765625,23916.759765625,12944846,0.0,0.0
2024-02-16 00:00:00+07:00,24121.76032785197,24121.76032785197,23677.592885352144,24087.59375,10884015,0.0,0.0
2024-02-19 00:00:00+07:00,23985.092344056982,24258.4268782384,23575.089577572824,24190.091796875,15588576,0.0,0.0
2024-02-20 00:00:00+07:00,24121.758933002555,24326.760318684304,23711.758092063144,24053.42578125,9954269,0.0,0.0
2024-02-21 00:00:00+07:00,24087.59236425756,24736.761166947188,23950.92606071199,24292.59375,15175050,0.0,0.0
2024-02-22 00:00:00+07:00,24395.09375,24429.26032626782,24087.592633165517,24395.09375,10234726,0.0,0.0
2024-02-23 00:00:00+07:00,24463.42662218941,25385.92996212115,23916.759477744894,24053.42578125,37408387,0.0,0.0
2024-02-26 00:00:00+07:00,24053.42661046368,24497.594042591518,23985.09345635542,24360.927734375,9274027,0.0,0.0
2024-02-27 00:00:00+07:00,24395.094575880263,24805.097365822694,24224.261688757728,24702.595703125,13257702,0.0,0.0
2024-02-28 00:00:00+07:00,24873.43081842576,24907.59739625927,24360.92829007476,24565.9296875,14217533,0.0,0.0
2024-02-29 00:00:00+07:00,24736.761166947188,24805.09624914406,24053.42578837117,24292.59375,18655811,0.0,0.0
2024-03-01 00:00:00+07:00,24395.094874435297,24395.094874435297,23916.76085421402,24326.76171875,13335374,0.0,0.0
2024-03-04 00:00:00+07:00,24326.76115627951,25215.097950921314,24019.260032381353,24600.095703125,25767413,0.0,0.0
2024-03-05 00:00:00+07:00,24600.094593102127,24907.595703125,24429.25978512317,24907.595703125,10729829,0.0,0.0
2024-03-06 00:00:00+07:00,24873.42911778392,25249.263378680218,24360.92662447365,24668.427734375,16076591,0.0,0.0
2024-03-07 00:00:00+07:00,24600.095974517568,24634.26255194717,24224.261692367807,24463.427734375,13538988,0.0,0.0
2024-03-08 00:00:00+07:00,24463.426607263456,24497.593183118886,23575.08984375,23575.08984375,30126053,0.0,0.0
2024-03-11 00:00:00+07:00,23575.08985927047,23745.924669084176,23165.089018311293,23335.923828125,11546032,0.0,0.0
2024-03-12 00:00:00+07:00,23233.422154771608,23643.424925884945,23199.255578916174,23575.08984375,9778531,0.0,0.0
2024-03-13 00:00:00+07:00,23643.4254917955,24019.259765625,23370.090947985645,24019.259765625,9057067,0.0,0.0
2024-03-14 00:00:00+07:00,24053.426339001246,24053.426339001246,23370.09094478234,23540.923828125,10139408,0.0,0.0
2024-03-15 00:00:00+07:00,23506.757808478756,24190.093218890157,23199.25668075121,23745.92578125,14039481,0.0,0.0
2024-03-18 00:00:00+07:00,23745.924369871955,23916.759177533044,22105.917165852105,22755.087890625,16467553,0.0,0.0
2024-03-19 00:00:00+07:00,22823.42104151981,23096.75557552312,22515.919932069097,22755.087890625,12013509,0.0,0.0
2024-03-20 00:00:00+07:00,22686.752816923625,23575.089570126634,22550.08651508811,23472.58984375,14353495,0.0,0.0
2024-03-21 00:00:00+07:00,23643.42631408111,23848.42578125,23267.590096756416,23848.42578125,13464826,0.0,0.0
2024-03-22 00:00:00+07:00,23985.092904362056,24873.42967859769,23916.75975182642,24395.09375,23166699,0.0,0.0
2024-03-25 00:00:00+07:00,24258.426880923344,24395.093182817145,23575.089580182135,23711.7578125,14120190,0.0,0.0
2024-03-26 00:00:00+07:00,23745.92466793942,24190.09208475511,23677.59151618687,24053.42578125,5498200,0.0,0.0
2024-03-27 00:00:00+07:00,23916.760037195992,24258.427734375,23780.091800069913,24258.427734375,7596348,0.0,0.0
2024-03-28 00:00:00+07:00,24531.76142250019,24531.76142250019,24121.75865584756,24429.259765625,10170361,0.0,0.0
2024-03-29 00:00:00+07:00,24429.26005354557,24429.26005354557,24019.259212484776,24292.59375,6668048,0.0,0.0
2024-04-01 00:00:00+07:00,24190.092375925255,24190.092375925255,23745.92495376323,23916.759765625,11452884,0.0,0.0
2024-04-02 00:00:00+07:00,23575.090141901466,24053.426070775127,23301.755601177105,23916.759765625,10267993,0.0,0.0
2024-04-03 00:00:00+07:00,23848.425521927707,23916.76060733181,23165.09011128011,23267.58984375,13175546,0.0,0.0
2024-04-04 00:00:00+07:00,23370.09123811421,23438.424392308967,22891.755297902622,22925.921875,10420588,0.0,0.0
2024-04-05 00:00:00+07:00,22686.75390625,22960.088453469507,22618.42075205116,22686.75390625,14253114,0.0,0.0
2024-04-08 00:00:00+07:00,22755.08954763344,23404.258389254257,22515.921571661507,22891.755859375,17860002,0.0,0.0
2024-04-09 00:00:00+07:00,23165.089842421916,23404.2578125,22925.92187234383,23404.2578125,7605894,0.0,0.0
2024-04-10 00:00:00+07:00,23472.589823101633,23472.589823101633,22994.25390625,22994.25390625,6713465,0.0,0.0
2024-04-11 00:00:00+07:00,22755.08927746297,23028.423828125,22720.92269993324,23028.423828125,6074446,0.0,0.0
2024-04-12 00:00:00+07:00,23096.75587898453,24634.26144643893,22994.254220871517,24531.76171875,34590945,0.0,0.0
2024-04-15 00:00:00+07:00,24463.426607998954,24805.096227411705,22823.42131476854,22857.587890625,42397889,0.0,0.0
2024-04-16 00:00:00+07:00,23165.09011128011,23267.58984375,22413.419615228417,23267.58984375,22439883,0.0,0.0
2024-04-17 00:00:00+07:00,23404.257536606914,23404.257536606914,22310.919360809345,22345.0859375,27837804,0.0,0.0
2024-04-19 00:00:00+07:00,21935.085675246726,22379.253114565214,21354.24999507504,21593.41796875,19006419,0.0,0.0
2024-04-22 00:00:00+07:00,21900.91906534067,22140.087038662914,21661.751092018425,22071.751953125,11264707,0.0,0.0
2024-04-23 00:00:00+07:00,22037.584535924747,22208.419347624364,21285.915997464286,21525.08203125,15605498,0.0,0.0
2024-04-24 00:00:00+07:00,21866.75112782008,22515.919921875,21661.749744804398,22515.919921875,13180753,0.0,0.0
2024-04-25 00:00:00+07:00,22447.588157995968,22550.087890625,22037.585366631472,22550.087890625,7179640,0.0,0.0
2024-04-26 00:00:00+07:00,22242.58703208796,22652.58789800106,21969.25247800449,22413.419921875,13007330,0.0,0.0
2024-05-02 00:00:00+07:00,22413.419089369305,22413.419089369305,21866.75193193153,22105.91796875,9345190,0.0,0.0
2024-05-03 00:00:00+07:00,22174.25251335755,22447.58705064205,21969.251127788157,22140.0859375,8939475,0.0,0.0
2024-05-06 00:00:00+07:00,22276.753050632815,22720.922413773573,22105.918234711567,22686.75390625,11248942,0.0,0.0
2024-05-07 00:00:00+07:00,22686.754475958467,22720.92298434008,22413.419921875,22413.419921875,7338455,0.0,0.0
2024-05-08 00:00:00+07:00,22310.918528541137,22550.086486878146,22105.91714562026,22276.751953125,12440486,0.0,0.0
2024-05-09 00:00:00+07:00,22413.418823260487,22823.421599501125,22174.252789281574,22481.75390625,10477287,0.0,0.0
2024-05-10 00:00:00+07:00,22652.58735344134,22652.58735344134,22242.586497384505,22447.587890625,6956750,0.0,0.0
2024-05-13 00:00:00+07:00,22447.58816709889,22447.58816709889,22037.585375568135,22071.751953125,10198566,0.0,0.0
2024-05-14 00:00:00+07:00,22140.087038662914,22345.08650400411,22037.585375568135,22071.751953125,8268924,0.0,0.0
2024-05-15 00:00:00+07:00,22174.253052550834,22550.087326546847,22037.58481537329,22105.91796875,11825477,0.0,0.0
2024-05-16 00:00:00+07:00,22413.419359030493,23028.4235380925,22242.586473533396,22686.75390625,20707674,0.0,0.0
2024-05-17 00:00:00+07:00,22789.25473152601,22823.42130737139,22481.75361849346,22618.419921875,8893190,0.0,0.0
2024-05-20 00:00:00+07:00,22755.0892818387,23165.090142698496,22584.25446373301,22789.255859375,17817189,0.0,0.0
2024-05-21 00:00:00+07:00,22857.58760453471,23301.75501553346,22789.254453677066,22994.25390625,8937450,0.0,0.0
2024-05-22 00:00:00+07:00,23130.923569704548,23165.09014724756,22345.086494942752,22550.087890625,17732661,0.0,0.0
2024-05-23 00:00:00+07:00,22515.92048684046,22720.921875,22276.752522391682,22720.921875,8061510,0.0,0.0
2024-05-24 00:00:00+07:00,22618.420777961863,23165.08987302712,22071.751682896607,22208.419921875,20382090,0.0,0.0
2024-05-27 00:00:00+07:00,22345.085392645313,22345.085392645313,21935.084551930606,22140.0859375,11885792,0.0,0.0
2024-05-28 00:00:00+07:00,22174.252780520117,22208.41935678932,21661.750275633873,22003.41796875,35980646,0.0,0.0
2024-05-29 00:00:00+07:00,22003.418258713107,22003.418258713107,21627.583984375,21627.583984375,22667836,0.0,0.0
2024-05-30 00:00:00+07:00,21422.582859657283,21935.08537766153,21422.582859657283,21730.083984375,14755594,0.0,0.0
2024-05-31 00:00:00+07:00,21730.082864858014,22003.41739835002,21730.082864858014,21798.416015625,9170320,0.0,0.0
2024-06-03 00:00:00+07:00,22037.58399478799,22413.418254789543,21900.917693123447,22276.751953125,26037514,0.0,0.0
2024-06-04 00:00:00+07:00,22345.086765960183,22515.921586171426,22174.25387617314,22413.419921875,12992866,0.0,0.0
2024-06-05 00:00:00+07:00,22481.753626499605,22515.920202357156,22140.0859375,22140.0859375,12188089,0.0,0.0
2024-06-06 00:00:00+07:00,22208.418802292726,22345.08510395727,22105.91714562026,22276.751953125,10959517,0.0,0.0
2024-06-07 00:00:00+07:00,22413.419921875,22481.75500821402,22310.920188002776,22413.419921875,6292129,0.0,0.0
2024-06-10 00:00:00+07:00,22515.921571661507,23199.256991217713,22481.754993726117,22891.755859375,19838388,0.0,0.0
2024-06-11 00:00:00+07:00,23199.256423589595,23199.256423589595,22652.58732915058,22686.75390625,15559069,0.0,0.0
2024-06-12 00:00:00+07:00,22720.922969698047,22994.255593181173,22447.588415790724,22891.755859375,11558616,0.0,0.0
2024-06-13 00:00:00+07:00,23233.422997940754,23335.924659651042,22891.755296562824,23165.08984375,20321630,0.0,0.0
2024-06-14 00:00:00+07:00,23165.090428210588,23199.257006167998,22413.419921875,22413.419921875,15288158,0.0,0.0
2024-06-17 00:00:00+07:00,22413.418528959075,22515.92018688538,22071.750840194247,22379.251953125,12975509,0.0,0.0
2024-06-18 00:00:00+07:00,22379.252512680952,22447.58759648179,22105.91796875,22105.91796875,11406888,0.0,0.0
2024-06-19 00:00:00+07:00,22140.08676759788,22242.586499013556,21832.585642926693,22208.419921875,10279854,0.0,0.0
2024-06-20 00:00:00+07:00,22071.751121288402,22242.58593305852,21866.751663673193,22003.41796875,10391082,0.0,0.0
2024-06-21 00:00:00+07:00,22140.086204250914,22174.252780520117,21969.251392480797,22003.41796875,7154039,0.0,0.0
2024-06-24 00:00:00+07:00,22003.418258713107,22105.917988871464,21559.250830936096,21627.583984375,12350954,0.0,0.0
2024-06-25 00:00:00+07:00,21798.417434393526,21798.417434393526,21490.916305504055,21593.41796875,7887797,0.0,0.0
2024-06-26 00:00:00+07:00,21593.417406353485,21627.583983070876,21217.581201613906,21388.416015625,9511960,0.0,0.0
2024-06-27 00:00:00+07:00,21388.416015625,21456.74916905978,21285.916285472824,21388.416015625,6100336,0.0,0.0
2024-06-28 00:00:00+07:00,21388.415447785923,21490.915175216844,21183.4140625,21183.4140625,6973962,0.0,0.0
2024-07-01 00:00:00+07:00,21080.91489725885,21866.751953125,21080.91489725885,21866.751953125,5868912,0.0,0.0
2024-07-02 00:00:00+07:00,21866.7524877838,22105.918530681865,21798.41740224589,22071.751953125,7481070,0.0,0.0
2024-07-03 00:00:00+07:00,22105.91796875,22208.41962923919,21900.91850861988,22105.91796875,4988778,0.0,0.0
2024-07-04 00:00:00+07:00,22140.087038662914,22208.420193776645,21900.91906534067,22071.751953125,3726794,0.0,0.0
2024-07-05 00:00:00+07:00,22105.917970241266,22447.587597996106,21935.085086787978,22345.0859375,8277747,0.0,0.0
2024-07-08 00:00:00+07:00,22379.251679373407,22379.251679373407,22071.750570204124,22276.751953125,5788058,0.0,0.0
2024-07-09 00:00:00+07:00,22276.752784118686,22413.419090881318,22140.086477356053,22345.0859375,7036446,0.0,0.0
2024-07-10 00:00:00+07:00,22345.085392645313,22447.58705064205,22140.0859375,22140.0859375,7909493,0.0,0.0
2024-07-11 00:00:00+07:00,22208.41935678932,22276.75250932772,22003.41796875,22003.41796875,5938050,0.0,0.0
2024-07-12 00:00:00+07:00,22003.41826001087,22071.751413453803,21798.416869257933,21866.751953125,6650981,0.0,0.0
2024-07-15 00:00:00+07:00,21900.919359484255,22003.41909353149,21866.75278146851,21935.0859375,3918297,0.0,0.0
2024-07-16 00:00:00+07:00,21969.251951480932,22447.587892269068,21935.085374342372,22208.419921875,9651971,0.0,0.0
2024-07-17 00:00:00+07:00,22345.086494942752,23096.756992161536,22242.58676231372,22550.087890625,32907914,0.0,0.0
2024-07-18 00:00:00+07:00,22755.088163055625,22857.587890625,22379.25196778642,22857.587890625,14398478,0.0,0.0
2024-07-19 00:00:00+07:00,22720.92214491463,23096.75641898511,22379.252517115143,22823.421875,15014499,0.0,0.0
2024-07-22 00:00:00+07:00,22686.75279696654,23301.75501553346,22652.586221537716,22994.25390625,23062992,0.0,0.0
2024-07-23 00:00:00+07:00,23028.422701068605,23028.422701068605,21900.91797607305,22140.0859375,14331943,0.0,0.0
2024-07-24 00:00:00+07:00,22105.917697557605,22208.41935678932,21661.750275633873,22003.41796875,15138456,0.0,0.0
2024-07-25 00:00:00+07:00,21866.751109047505,21866.751109047505,21456.748343368126,21559.25,12912302,0.0,0.0
2024-07-26 00:00:00+07:00,21559.250279864642,21969.251120442255,21559.250279864642,21900.91796875,4745783,0.0,0.0
2024-07-29 00:00:00+07:00,21969.252515515745,22105.91882757873,21935.0859375,21935.0859375,4951316,0.0,0.0
2024-07-30 00:00:00+07:00,21866.751953125,21935.085106567934,21730.083715814995,21866.751953125,6196811,0.0,0.0
2024-07-31 00:00:00+07:00,21866.751953125,22071.751413453803,21730.083715814995,21866.751953125,9713154,0.0,0.0
2024-08-01 00:00:00+07:00,21866.752225083714,22174.253349825474,21388.416284185798,21490.916015625,16923747,0.0,0.0
2024-08-02 00:00:00+07:00,21217.580385125835,21559.25,20670.913248260094,21559.25,15480385,0.0,0.0
2024-08-05 00:00:00+07:00,21115.08061584165,21149.247191174552,20500.078399001293,20602.578125,15443936,0.0,0.0
2024-08-06 00:00:00+07:00,20841.747484868563,20910.080640131433,20465.913200498588,20875.9140625,7939434,0.0,0.0
2024-08-07 00:00:00+07:00,20944.249153357196,20944.249153357196,20534.24636083039,20636.74609375,7289132,0.0,0.0
2024-08-08 00:00:00+07:00,20636.74609375,20807.580912373534,20534.24636083039,20636.74609375,10462679,0.0,0.0
2024-08-09 00:00:00+07:00,20739.246916534437,21525.08203125,20739.246916534437,21525.08203125,10847855,0.0,0.0
2024-08-12 00:00:00+07:00,21559.250272496647,21695.916575834453,21320.082311231406,21661.75,4704126,0.0,0.0
2024-08-13 00:00:00+07:00,21764.25,21764.25,21422.582306953598,21764.25,6168028,0.0,0.0
2024-08-14 00:00:00+07:00,21764.25056151873,21866.75222337407,21593.417675800083,21730.083984375,7041075,0.0,0.0
2024-08-15 00:00:00+07:00,21730.08342373777,21832.585082948564,21490.915459478056,21764.25,7573061,0.0,0.0
2024-08-16 00:00:00+07:00,21764.25055822542,22208.419921875,21730.08398108686,22208.419921875,11483114,0.0,0.0
2024-08-19 00:00:00+07:00,22208.420189225406,22345.086499424866,22105.918526151636,22310.919921875,8939041,0.0,0.0
2024-08-20 00:00:00+07:00,22310.919627732233,22789.25556797241,22276.753050632815,22686.75390625,15663210,0.0,0.0
2024-08-21 00:00:00+07:00,22720.9229556554,23370.091796875,22550.08813565983,23370.091796875,40276599,0.0,0.0
2024-08-22 00:00:00+07:00,23472.59096536835,23916.76032840615,23438.42438827685,23643.42578125,26712954,0.0,0.0
2024-08-23 00:00:00+07:00,23506.757518822276,23882.591796875,23335.924633536564,23882.591796875,14903416,0.0,0.0
2024-08-26 00:00:00+07:00,23916.76032840615,23916.76032840615,23506.757542459847,23643.42578125,13891804,0.0,0.0
2024-08-27 00:00:00+07:00,23643.424933170205,23916.75947052196,23404.256971684412,23814.2578125,17474103,0.0,0.0
2024-08-28 00:00:00+07:00,23848.42578125,23882.59235911148,23575.09122793395,23848.42578125,9819464,0.0,0.0
2024-08-29 00:00:00+07:00,23882.59125891336,24155.925799637724,23575.090141901466,23916.759765625,18389818,0.0,0.0
2024-08-30 00:00:00+07:00,23916.759205762268,23985.092356737732,23677.591246924072,23950.92578125,11750698,0.0,0.0
2024-09-04 00:00:00+07:00,23643.425756422148,24121.759765625,23540.92409483113,24121.759765625,15584670,0.0,0.0
2024-09-05 00:00:00+07:00,24053.426070775127,24258.427458924427,23643.42522490064,23916.759765625,12300764,0.0,0.0
2024-09-06 00:00:00+07:00,23780.091800069913,24258.427734375,23643.425493367962,24258.427734375,13900337,0.0,0.0
2024-09-09 00:00:00+07:00,24053.42690099178,24224.26171875,23916.760591124545,24224.26171875,7775267,0.0,0.0
2024-09-10 00:00:00+07:00,24190.092920813437,24292.59458240902,23780.09206570357,23882.591796875,11002909,0.0,0.0
2024-09-11 00:00:00+07:00,23882.591796875,23985.09345847058,23540.92409587942,23882.591796875,7946955,0.0,0.0
2024-09-12 00:00:00+07:00,24087.59264706266,24087.59264706266,23711.7583774757,23916.759765625,9221667,0.0,0.0
2024-09-13 00:00:00+07:00,23780.092625527035,23916.76086739716,23677.59289194259,23848.42578125,5134430,0.0,0.0
2024-09-16 00:00:00+07:00,23882.59125456285,23882.59125456285,23575.09013760697,23677.591796875,8987640,0.0,0.0
2024-09-17 00:00:00+07:00,23609.257249993705,23882.591796875,23472.590941765135,23882.591796875,7723920,0.0,0.0
2024-09-18 00:00:00+07:00,23882.591245134492,24805.09652606205,23780.091516331035,24395.09375,25500899,0.0,0.0
2024-09-19 00:00:00+07:00,24429.26088743751,24736.762011335668,24326.76115627951,24600.095703125,8599571,0.0,0.0
2024-09-20 00:00:00+07:00,24634.262280177667,25044.263135233825,24565.929126072333,24600.095703125,19134859,0.0,0.0
2024-09-23 00:00:00+07:00,24565.92829464631,24805.09625634457,24360.92690884436,24531.76171875,8142074,0.0,0.0
2024-09-24 00:00:00+07:00,24531.76198992802,24736.76144757198,24360.92717813395,24634.26171875,8142364,0.0,0.0
2024-09-25 00:00:00+07:00,24941.763404075824,25010.096558181158,24600.095703125,24600.095703125,14330641,0.0,0.0
2024-09-26 00:00:00+07:00,24600.09514683551,24907.596263780048,24224.260877330875,24873.4296875,33054868,0.0,0.0
2024-09-27 00:00:00+07:00,24907.59735465992,25659.265926590077,24907.59735465992,25283.431640625,22748689,0.0,0.0
2024-09-30 00:00:00+07:00,25215.097095980782,25420.09848177018,25044.262286085603,25249.263671875,7087323,0.0,0.0
2024-10-01 00:00:00+07:00,25249.26479907479,25351.76453133333,24839.263939616463,24941.763671875,17841488,0.0,0.0
2024-10-02 00:00:00+07:00,24702.595434283,24907.596827023157,24565.929126072333,24600.095703125,16365871,0.0,0.0
2024-10-03 00:00:00+07:00,24600.095412155813,25112.59792273226,24531.762258858722,24736.76171875,14716252,0.0,0.0
2024-10-04 00:00:00+07:00,24702.596005443334,24702.596005443334,24326.76171875,24326.76171875,12422551,0.0,0.0
2024-10-07 00:00:00+07:00,24531.762819658372,24565.92939708797,24258.42826979741,24463.427734375,9126060,0.0,0.0
2024-10-08 00:00:00+07:00,24463.42634110871,24702.594299918735,24292.593463690166,24429.259765625,9665857,0.0,0.0
2024-10-09 00:00:00+07:00,24463.426350966078,25010.095419773825,24395.09319997113,24668.427734375,13718380,0.0,0.0
2024-10-10 00:00:00+07:00,24907.597098096216,25044.263407794242,24634.262548275987,24702.595703125,9105088,0.0,0.0
2024-10-11 00:00:00+07:00,24770.927734375,24805.09624067381,24463.426621078386,24770.927734375,6194641,0.0,0.0
2024-10-14 00:00:00+07:00,24873.42968309206,24907.59625936605,24634.26171875,24634.26171875,6082835,0.0,0.0
2024-10-15 00:00:00+07:00,24770.928857974013,25146.765070491936,24668.42912570049,24702.595703125,15313326,0.0,0.0
2024-10-16 00:00:00+07:00,24668.429414527636,24907.597389723625,24531.763103229467,24805.09765625,5869925,0.0,0.0
2024-10-17 00:00:00+07:00,24941.76311084901,24975.9296875,24634.261990565978,24975.9296875,8968692,0.0,0.0
2024-10-18 00:00:00+07:00,25146.76392984515,25215.097081594602,24770.927734375,24770.927734375,10203484,0.0,0.0
2024-10-21 00:00:00+07:00,24668.428584904985,24839.263398706553,24258.427734375,24258.427734375,11921373,0.0,0.0
2024-10-22 00:00:00+07:00,24258.427458924427,24360.92718778702,23780.091530050766,23916.759765625,13768281,0.0,0.0
2024-10-23 00:00:00+07:00,23916.759205762268,24019.258932225468,23745.92439789954,23950.92578125,6538451,0.0,0.0
2024-10-24 00:00:00+07:00,23916.75947052196,24019.25919811984,23267.58873779649,23814.2578125,9323349,0.0,0.0
2024-10-25 00:00:00+07:00,23745.9255125245,23780.092089616,23575.09069664285,23643.42578125,6569982,0.0,0.0
2024-10-28 00:00:00+07:00,23677.59123702655,23780.090963446903,23609.256155655585,23711.7578125,3367363,0.0,0.0
2024-10-29 00:00:00+07:00,23711.758911589284,23882.591796875,23711.758911589284,23882.591796875,4316057,0.0,0.0
2024-10-30 00:00:00+07:00,23848.425513684455,23916.760599064935,23575.09096343506,23745.92578125,3856680,0.0,0.0
2024-10-31 00:00:00+07:00,23848.42466886667,24429.26032626782,23780.091516331035,24395.09375,13732844,0.0,0.0
2024-11-01 00:00:00+07:00,24292.595140907353,24565.92969407274,24258.428563064703,24326.76171875,11639470,0.0,0.0
2024-11-04 00:00:00+07:00,24292.594021196543,24565.928561763205,24155.925785701154,24395.09375,7726090,0.0,0.0
2024-11-05 00:00:00+07:00,24258.42689106366,24395.093193014593,23950.92578125,23950.92578125,7453443,0.0,0.0
2024-11-06 00:00:00+07:00,24053.425795353483,24531.76171875,23985.09264356086,24531.76171875,5261280,0.0,0.0
2024-11-07 00:00:00+07:00,24531.76311623009,24702.596005443334,24326.76171875,24326.76171875,6541199,0.0,0.0
2024-11-08 00:00:00+07:00,24395.093764074554,24600.09515222385,23780.091530050766,23916.759765625,7246897,0.0,0.0
2024-11-11 00:00:00+07:00,23916.760304356296,23916.760304356296,23130.923240769553,23882.591796875,24222137,0.0,0.0
2024-11-12 00:00:00+07:00,23780.09122930667,23814.257805162102,23370.090388617413,23575.08984375,6363002,0.0,0.0
2024-11-13 00:00:00+07:00,23540.922994667755,23575.089570126634,23199.255309654916,23472.58984375,6514440,0.0,0.0
2024-11-14 00:00:00+07:00,23438.42381913923,23438.42381913923,22960.087890625,22960.087890625,7705262,0.0,0.0
2024-11-15 00:00:00+07:00,22960.087610752933,22960.087610752933,22413.41853637861,22618.419921875,12189391,0.0,0.0
2024-11-18 00:00:00+07:00,22618.419658411316,22994.25391875684,22345.085124408008,22755.087890625,5941666,0.0,0.0
2024-11-19 00:00:00+07:00,22891.755591983907,22960.08874705651,22550.08788619671,22789.255859375,9142260,0.0,0.0
2024-11-20 00:00:00+07:00,22584.253080715785,23233.421875,22584.253080715785,23233.421875,9528883,0.0,0.0
2024-11-21 00:00:00+07:00,23233.42244860204,23916.759765625,22960.087907877678,23916.759765625,11461707,0.0,0.0
2024-11-22 00:00:00+07:00,23848.424682625828,24053.426070775127,23711.7583774757,23916.759765625,9077027,0.0,0.0
2024-11-25 00:00:00+07:00,23882.59208715855,23985.09375,23711.75919979643,23985.09375,5768243,0.0,0.0
2024-11-26 00:00:00+07:00,23916.76030329127,24155.92634268062,23848.425218755878,24121.759765625,6564920,0.0,0.0
2024-11-27 00:00:00+07:00,23985.093188951785,24121.75949564465,23882.59152850801,24019.259765625,4187472,0.0,0.0
2024-11-28 00:00:00+07:00,24121.75864593566,24190.091796875,23882.59068722391,24190.091796875,4758366,0.0,0.0
2024-11-29 00:00:00+07:00,24258.426888206457,24497.592916592417,24087.59208036385,24429.259765625,7631784,0.0,0.0
2024-12-02 00:00:00+07:00,24531.762257070182,24600.095410362293,24395.094020061835,24497.59375,6462949,0.0,0.0
2024-12-03 00:00:00+07:00,24565.92829464631,24565.92829464631,24224.26060525912,24531.76171875,7869717,0.0,0.0
2024-12-04 00:00:00+07:00,24326.76115838288,24395.094312494122,24121.759765625,24121.759765625,5984913,0.0,0.0
2024-12-05 00:00:00+07:00,24121.75921806662,24941.7628400601,23950.92633666638,24873.4296875,15229290,0.0,0.0
2024-12-06 00:00:00+07:00,24941.762544172714,25044.26227179689,24770.927734375,24770.927734375,8137157,0.0,0.0
2024-12-09 00:00:00+07:00,24702.594319635064,24941.76227863598,24634.261168613106,24907.595703125,6446604,0.0,0.0
2024-12-10 00:00:00+07:00,24907.596825977464,24941.763403028697,24668.42885619468,24839.263671875,4792501,0.0,0.0
2024-12-11 00:00:00+07:00,24805.097094823766,25010.096557131164,24736.76201029715,24839.263671875,6514585,0.0,0.0
2024-12-12 00:00:00+07:00,24873.430811899085,25146.765364919615,24736.76257017672,24805.09765625,7213196,0.0,0.0
2024-12-13 00:00:00+07:00,24702.595433245915,24941.763403028697,24668.42885619468,24839.263671875,6211275,0.0,0.0
2024-12-16 00:00:00+07:00,24839.262816548537,25078.428847671614,24736.761158500274,24770.927734375,4172140,0.0,0.0
2024-12-17 00:00:00+07:00,24770.927734375,24839.262816548537,24634.2614308761,24770.927734375,5125896,0.0,0.0
2024-12-18 00:00:00+07:00,24736.761158500274,24873.429392423262,24463.426621078386,24770.927734375,4271653,0.0,0.0
2024-12-19 00:00:00+07:00,24497.593751786048,24736.76171875,24326.76086854332,24736.76171875,9204166,0.0,0.0
2024-12-20 00:00:00+07:00,24600.09597085148,24702.595703125,24395.094575880263,24702.595703125,5074260,0.0,0.0
2024-12-23 00:00:00+07:00,24736.761158500274,24805.09624067381,24668.428006750826,24770.927734375,4514503,0.0,0.0
2024-12-24 00:00:00+07:00,24668.428565452905,24736.76171875,24531.762258858722,24736.76171875,4254007,0.0,0.0
2024-12-25 00:00:00+07:00,24736.76091982694,26445.10127962475,24736.76091982694,26103.43359375,36571790,0.0,0.0
2024-12-26 00:00:00+07:00,26240.099895930274,26240.099895930274,25966.76536114566,26103.43359375,7112093,0.0,0.0
2024-12-27 00:00:00+07:00,26205.934423600163,26513.435546875,25966.76645429215,26513.435546875,13797643,0.0,0.0
2024-12-30 00:00:00+07:00,26308.4349962698,26581.76953125,26205.93333913718,26581.76953125,10530659,0.0,0.0
2024-12-31 00:00:00+07:00,26376.76869059311,26445.10184313935,25830.099609375,25830.099609375,8741607,0.0,0.0
2025-01-02 00:00:00+07:00,25966.76647804652,26171.767870558662,25693.4338619292,26035.1015625,8306096,0.0,0.0
2025-01-03 00:00:00+07:00,25830.100468716853,25966.766778356083,25420.099609375,25420.099609375,15069318,0.0,0.0
2025-01-06 00:00:00+07:00,25454.266186784807,25727.600736487435,25317.59794672141,25420.099609375,8743921,0.0,0.0
2025-01-07 00:00:00+07:00,25625.098216892224,25966.765909988586,25385.93025259754,25590.931640625,9258984,0.0,0.0
2025-01-08 00:00:00+07:00,25556.765068765944,25898.432761921238,25454.26533994659,25830.099609375,5546510,0.0,0.0
2025-01-09 00:00:00+07:00,25830.100171558086,25898.433325591574,25454.265893949774,25556.765625,6206068,0.0,0.0
2025-01-10 00:00:00+07:00,25556.764505210584,26103.43357437403,25420.098203131754,25625.09765625,10849446,0.0,0.0
2025-01-13 00:00:00+07:00,25420.099870098416,25761.767578125,24736.76252362106,25761.767578125,13757433,0.0,0.0
2025-01-14 00:00:00+07:00,25590.931361241273,25898.43247471333,25215.097095980782,25249.263671875,6446170,0.0,0.0
2025-01-15 00:00:00+07:00,25283.43053767994,25351.763690251915,25010.09599696793,25112.59765625,7843393,0.0,0.0
2025-01-16 00:00:00+07:00,25180.930247399225,25420.098206492865,24873.42913725714,25146.763671875,9738755,0.0,0.0
2025-01-17 00:00:00+07:00,25146.765059672376,25420.099609375,25010.096819608978,25420.099609375,5771569,0.0,0.0
2025-01-20 00:00:00+07:00,25454.26506472131,25761.766178278616,25385.92998248984,25488.431640625,6497228,0.0,0.0
2025-01-21 00:00:00+07:00,25590.931368336074,25830.099330085995,25317.596830682458,25488.431640625,8099261,0.0,0.0
2025-01-22 00:00:00+07:00,25693.433026471233,25693.433026471233,25454.26506472131,25488.431640625,6638542,0.0,0.0
2025-01-23 00:00:00+07:00,25556.76562344639,26103.43471652933,25488.432469417057,26035.1015625,11029957,0.0,0.0
2025-01-24 00:00:00+07:00,26035.100707208574,26069.267283100817,25795.932745538787,25966.765625,7433917,0.0,0.0
2025-02-03 00:00:00+07:00,26137.60185788444,26376.76983257515,25830.100727689005,26000.935546875,12103330,0.0,0.0
2025-02-04 00:00:00+07:00,26137.600462379534,27162.60353149728,26000.9341586668,26923.4375,21404405,0.0,0.0
2025-02-05 00:00:00+07:00,27094.270944215757,27128.437520855885,26718.43667075024,26889.271484375,9699558,0.0,0.0
2025-02-06 00:00:00+07:00,26923.438330411005,27230.939453673127,26786.770092058872,26991.771484375,9606554,0.0,0.0
2025-02-07 00:00:00+07:00,26991.77065632298,28153.44195976978,26820.93584622971,27880.107421875,21686887,0.0,0.0
2025-02-10 00:00:00+07:00,27880.107139426073,28085.108523376344,27367.60464476243,27538.439453125,13957470,0.0,0.0
2025-02-11 00:00:00+07:00,27572.607419027278,27948.44169986703,27435.93917936108,27811.775390625,12190837,0.0,0.0
2025-02-12 00:00:00+07:00,27811.775662879063,27880.108818169007,27606.77426658506,27675.107421875,7158233,0.0,0.0
2025-02-13 00:00:00+07:00,27538.441106176007,28221.776519796753,27538.441106176007,27914.275390625,10074465,0.0,0.0
2025-02-14 00:00:00+07:00,28016.77456049195,28255.942529579945,27675.10686054802,27709.2734375,8303203,0.0,0.0
2025-02-17 00:00:00+07:00,27675.107427109207,27777.60909048769,27435.939453125,27435.939453125,10365047,0.0,0.0
2025-02-18 00:00:00+07:00,27435.93779593783,28016.773441776877,27367.60464476243,27538.439453125,9623333,0.0,0.0
2025-02-19 00:00:00+07:00,27709.27399951997,27982.608551103916,27640.94084423003,27675.107421875,8904038,0.0,0.0
2025-02-20 00:00:00+07:00,28050.941701179476,28050.941701179476,27640.94083909186,27914.275390625,7780474,0.0,0.0
2025-02-21 00:00:00+07:00,27914.27398882892,28358.44140625,27675.106026944915,28358.44140625,11181539,0.0,0.0
2025-02-24 00:00:00+07:00,28358.442792580918,28665.945851767294,28255.94305980158,28631.77734375,10529358,0.0,0.0
2025-02-25 00:00:00+07:00,28665.944457286183,28768.44418507933,28290.108261196478,28597.609375,8358600,0.0,0.0
2025-02-26 00:00:00+07:00,28563.442517017083,28563.442517017083,28085.10852828166,28255.94140625,13805743,0.0,0.0
2025-02-27 00:00:00+07:00,28187.608526635773,28392.609912596934,27914.27398882892,28358.44140625,8822606,0.0,0.0
2025-02-28 00:00:00+07:00,28221.77510255862,28426.77648851978,28016.773716597458,28358.44140625,8162469,0.0,0.0
2025-03-03 00:00:00+07:00,28153.44279804884,28187.609375,27914.274828966583,28187.609375,11129324,0.0,0.0
2025-03-04 00:00:00+07:00,28016.77455949259,28563.443651553036,27880.108251689555,28426.77734375,10931601,0.0,0.0
2025-03-05 00:00:00+07:00,28426.77791085819,28870.945350503258,28119.276781742625,28153.443359375,11328349,0.0,0.0
2025-03-06 00:00:00+07:00,28290.108547566375,28529.27651192881,28153.44224245876,28460.943359375,8321428,0.0,0.0
2025-03-07 00:00:00+07:00,28495.109392886323,28973.4453125,28460.942817260213,28973.4453125,15735240,0.0,0.0
2025-03-10 00:00:00+07:00,29178.446167584996,29178.446167584996,28768.445309956845,29007.61328125,17323532,0.0,0.0
2025-03-11 00:00:00+07:00,28700.112419844405,29110.11328125,28563.444179093087,29110.11328125,10072006,0.0,0.0
2025-03-12 00:00:00+07:00,29246.779027643966,29588.448657722136,28905.11132798994,29144.279296875,13689452,0.0,0.0
2025-03-13 00:00:00+07:00,29178.445873934324,29178.445873934324,28802.611597355553,28905.111328125,11477039,0.0,0.0
2025-03-14 00:00:00+07:00,28734.278443509258,28905.111328125,28563.443628469377,28905.111328125,11429018,0.0,0.0
2025-03-17 00:00:00+07:00,28905.11188533511,29110.11328125,28836.778730171543,29110.11328125,5033327,0.0,0.0
2025-03-18 00:00:00+07:00,29315.113562051498,29315.113562051498,28665.944751842875,28700.111328125,7985140,0.0,0.0
2025-03-19 00:00:00+07:00,28631.777371508662,28700.11245718532,28290.109664822103,28392.611328125,12567191,0.0,0.0
2025-03-20 00:00:00+07:00,28392.61076679924,28563.443651553036,28016.77455949259,28426.77734375,12907673,0.0,0.0
2025-03-21 00:00:00+07:00,28426.776783098096,28460.943359375,28050.940583203945,28460.943359375,10676023,0.0,0.0
2025-03-24 00:00:00+07:00,28290.108816140742,28563.443359375,28085.10935653314,28563.443359375,10943028,0.0,0.0
2025-03-25 00:00:00+07:00,28665.945289662963,28905.111328125,28495.11047462308,28905.111328125,7313432,0.0,0.0
2025-03-26 00:00:00+07:00,28870.945046905064,29007.61328642159,28426.77761193073,28529.27734375,8943814,0.0,0.0
2025-03-27 00:00:00+07:00,28290.109105522813,28529.27707460228,28187.609374670537,28426.77734375,5104056,0.0,0.0
2025-03-28 00:00:00+07:00,28358.441133031003,28392.60963904874,28119.27510387533,28255.94140625,6125504,0.0,0.0
2025-03-31 00:00:00+07:00,28153.442507631433,28324.275390625,27948.44111761503,28324.275390625,6710862,0.0,0.0
2025-04-01 00:00:00+07:00,28460.943071275808,28597.609375,28050.94029925505,28597.609375,7017209,0.0,0.0
2025-04-02 00:00:00+07:00,28665.9453125,28905.11135115257,28495.110497324018,28665.9453125,8093909,0.0,0.0
2025-04-03 00:00:00+07:00,27811.77425828785,27811.77425828785,26684.26953125,26684.26953125,28855246,0.0,0.0
2025-04-04 00:00:00+07:00,24839.26284258429,26445.1015625,24839.26284258429,26445.1015625,25620083,0.0,0.0
2025-04-08 00:00:00+07:00,24668.428857230334,26103.434745563118,24600.095703125,24600.095703125,28212321,0.0,0.0
2025-04-09 00:00:00+07:00,23096.755859375,25283.430227850946,23096.755859375,23096.755859375,25320533,0.0,0.0
2025-04-10 00:00:00+07:00,24702.595703125,24702.595703125,24702.595703125,24702.595703125,4204829,0.0,0.0
2025-04-11 00:00:00+07:00,25283.43159520556,26308.436648354324,24975.93046534577,26240.1015625,29284103,0.0,0.0
2025-04-14 00:00:00+07:00,26376.768968346532,26376.768968346532,25864.266458004768,26171.767578125,14428356,0.0,0.0
2025-04-15 00:00:00+07:00,25830.100170765694,25966.766478828467,25420.099316153213,25795.93359375,14830951,0.0,0.0
2025-04-16 00:00:00+07:00,25795.933891307046,26035.101863599866,25420.099609375,25420.099609375,9684371,0.0,0.0
2025-04-17 00:00:00+07:00,25283.430811297178,25522.598778311476,25044.262844282883,25454.265625,14136968,0.0,0.0
2025-04-18 00:00:00+07:00,25864.26618118691,26000.934416679916,25590.931640625,25590.931640625,12502681,0.0,0.0
2025-04-21 00:00:00+07:00,25659.265084934428,25864.266475292985,25078.42942093862,25454.265625,16067623,0.0,0.0
2025-04-22 00:00:00+07:00,25215.097366830116,25385.93024813622,23677.59178295464,25351.763671875,21982821,0.0,0.0
2025-04-23 00:00:00+07:00,25556.764792432383,25727.599602374925,25283.430254778767,25488.431640625,9771155,0.0,0.0
2025-04-24 00:00:00+07:00,25590.932202016742,25590.932202016742,25180.931347391688,25556.765625,9915216,0.0,0.0
2025-04-25 00:00:00+07:00,25420.09819343073,25625.097646470742,25317.596536486664,25385.9296875,9384677,0.0,0.0
2025-04-28 00:00:00+07:00,25454.26619036608,25454.26619036608,25078.42997795699,25180.931640625,7544567,0.0,0.0
2025-04-29 00:00:00+07:00,25112.59848226257,25420.099609375,25078.42997442859,25420.099609375,7169370,0.0,0.0
2025-05-05 00:00:00+07:00,25488.433031606735,25625.099342679798,25317.598212341214,25522.599609375,5590265,0.0,0.0
2025-05-06 00:00:00+07:00,25522.598780035638,25864.26647704023,25420.0990500615,25693.43359375,10536144,0.0,0.0
2025-05-07 00:00:00+07:00,25625.098216892224,25659.26479315945,25385.93025259754,25590.931640625,9214764,0.0,0.0
2025-05-08 00:00:00+07:00,25556.765892875414,25693.43413279903,25420.099583375963,25659.265625,11625131,0.0,0.0
2025-05-09 00:00:00+07:00,25727.59987611801,25830.099604919684,25556.765064357776,25590.931640625,9168872,0.0,0.0
2025-05-12 00:00:00+07:00,25625.0976658484,25932.598776065013,25590.931090315895,25864.265625,13112269,0.0,0.0
2025-05-13 00:00:00+07:00,26035.100734594984,26923.4375,26035.100734594984,26923.4375,22920768,0.0,0.0
2025-05-14 00:00:00+07:00,26957.603788931687,27060.103515625,26718.435829556554,27060.103515625,13553261,0.0,0.0
2025-05-15 00:00:00+07:00,27060.10378790035,27435.93805331483,26820.935826118737,27162.603515625,14285368,0.0,0.0
2025-05-16 00:00:00+07:00,27196.772602677433,27196.772602677433,26650.103515625,26650.103515625,9614497,0.0,0.0
2025-05-19 00:00:00+07:00,26479.269525672025,26786.770655401084,26342.60321486986,26718.4375,10607909,0.0,0.0
2025-05-20 00:00:00+07:00,26445.102391814755,26991.771484375,26445.102391814755,26991.771484375,9659189,0.0,0.0
2025-05-21 00:00:00+07:00,26855.1038052454,27606.774305774332,26855.1038052454,26957.60546875,12604532,0.0,0.0
2025-05-22 00:00:00+07:00,26889.271185957667,26991.770914740504,26410.935257456218,26547.6015625,10314203,0.0,0.0
2025-05-23 00:00:00+07:00,26547.602123858407,26650.103785232786,26376.76923894136,26513.435546875,6386097,0.0,0.0
2025-05-26 00:00:00+07:00,26479.26786092598,26820.935546875,25966.76536679041,26820.935546875,11099903,0.0,0.0
2025-05-27 00:00:00+07:00,26820.935556249868,27060.103515625,26650.102678427676,27060.103515625,11270322,0.0,0.0
2025-05-28 00:00:00+07:00,27128.437228816965,27162.603805089286,26718.436383125,27025.9375,8170056,0.0,0.0
2025-05-29 00:00:00+07:00,26957.60379293875,26991.770368508267,26581.76953125,26581.76953125,10879434,0.0,0.0
2025-05-30 00:00:00+07:00,26752.603241732562,26752.603241732562,26103.4344248592,26171.767578125,11206684,0.0,0.0
2025-06-02 00:00:00+07:00,26137.601829354797,26410.936381499523,25932.600432640207,26240.1015625,6488088,0.0,0.0
2025-06-03 00:00:00+07:00,26410.934713614806,26479.267864729616,26240.099905403724,26342.6015625,6307147,0.0,0.0
2025-06-04 00:00:00+07:00,26445.101852013337,26581.770087575776,26274.26704016631,26308.435546875,6116404,0.0,0.0
2025-06-05 00:00:00+07:00,26308.434986942597,26479.267864729616,25966.76537052043,26342.6015625,6363484,0.0,0.0
2025-06-06 00:00:00+07:00,26274.26647147534,26274.26647147534,26000.933867114796,26103.43359375,5124214,0.0,0.0
2025-06-09 00:00:00+07:00,26103.43385899306,26137.600434885302,25898.432473215515,25966.765625,5139656,0.0,0.0
2025-06-10 00:00:00+07:00,25966.765351597518,26103.4335841516,25864.265625,25864.265625,6828642,0.0,0.0
2025-06-11 00:00:00+07:00,25966.765625,25966.765625,25659.26451154573,25966.765625,9122310,0.0,0.0
2025-06-12 00:00:00+07:00,26000.93442988964,26342.602123159584,25898.43277061178,26308.435546875,11970044,0.0,0.0
2025-06-13 00:00:00+07:00,26240.100458717778,27845.94112632183,26069.26757732848,27265.10546875,34621218,0.0,0.0
2025-06-16 00:00:00+07:00,27299.271493587028,27538.439453125,27265.104917999328,27538.439453125,8915755,0.0,0.0
2025-06-17 00:00:00+07:00,27640.940576503075,27640.940576503075,27196.773140996433,27572.607421875,11484546,0.0,0.0
2025-06-18 00:00:00+07:00,27470.10603077643,27606.774271806345,27299.27314251927,27435.939453125,8215813,0.0,0.0
2025-06-19 00:00:00+07:00,27470.10575667159,28050.941431798554,27367.606024740064,27811.775390625,14752426,0.0,0.0
2025-06-20 00:00:00+07:00,27880.107697484975,28563.443083765025,27777.6079686702,28221.775390625,18119790,0.0,0.0
2025-06-23 00:00:00+07:00,27982.606871076587,28255.94140625,27709.272335903173,28255.94140625,7404883,0.0,0.0
2025-06-24 00:00:00+07:00,28392.611328125,28563.444216256186,28255.943087195865,28392.611328125,14303453,0.0,0.0
2025-06-25 00:00:00+07:00,28495.109375,28700.11075905205,28358.441142157277,28495.109375,12516578,0.0,0.0
2025-06-26 00:00:00+07:00,28563.444188563775,28631.77734375,28221.776482208465,28631.77734375,8824178,0.0,0.0
2025-06-27 00:00:00+07:00,28700.111889450367,28802.611620301468,28392.610766472917,28665.9453125,8648099,0.0,0.0
2025-06-30 00:00:00+07:00,28700.112429360408,28700.112429360408,28392.61130059821,28631.77734375,9384185,0.0,0.0
2025-07-01 00:00:00+07:00,28495.11103337755,28700.112429360408,28392.61130059821,28631.77734375,6008668,0.0,0.0
2025-07-02 00:00:00+07:00,28597.61076615689,28768.445584546633,28563.444188563775,28631.77734375,6256569,0.0,0.0
2025-07-03 00:00:00+07:00,28597.609940145525,29212.61217990624,28563.443363539278,29041.779296875,15617836,0.0,0.0
2025-07-04 00:00:00+07:00,29178.4453125,29246.77846503147,28836.777619418546,29178.4453125,7994342,0.0,0.0
2025-07-07 00:00:00+07:00,29383.447243120987,30340.1171875,29349.280666224324,30340.1171875,18073968,0.0,0.0
2025-07-08 00:00:00+07:00,30408.45034129333,30476.7854255108,30100.94921879921,30340.1171875,7425024,0.0,0.0
2025-07-09 00:00:00+07:00,30340.11636808989,30886.785444520643,30271.78321614207,30750.119140625,11520753,0.0,0.0
2025-07-10 00:00:00+07:00,30681.784058253088,30750.119140625,30271.78321614207,30750.119140625,9542127,0.0,0.0
2025-07-11 00:00:00+07:00,30715.951192413624,30715.951192413624,30442.618579655194,30476.78515625,8433359,0.0,0.0
2025-07-14 00:00:00+07:00,30408.449506961875,30442.61801334518,29861.782361190286,30271.783203125,17635911,0.0,0.0
2025-07-15 00:00:00+07:00,30271.782930078123,30647.617192663653,30135.114697049885,30169.283203125,10638529,0.0,0.0
2025-07-16 00:00:00+07:00,30169.284016299545,30715.951171875,29998.449203015633,30715.951171875,8414249,0.0,0.0
2025-07-17 00:00:00+07:00,30681.784058253088,30852.61886854673,30476.784602409625,30750.119140625,11017264,0.0,0.0
2025-07-18 00:00:00+07:00,30750.12053185529,31125.954814996298,30442.619403753702,30784.287109375,12067792,0.0,0.0
2025-07-21 00:00:00+07:00,31160.119691914304,31262.619418879392,30545.117469275632,30886.78515625,9624464,0.0,0.0
2025-07-22 00:00:00+07:00,30886.786545788884,31160.12109375,30545.118843443524,31160.12109375,7112174,0.0,0.0
2025-07-23 00:00:00+07:00,31228.453685952045,31330.953415683176,30613.451446716987,31194.287109375,9300398,0.0,0.0
2025-07-24 00:00:00+07:00,31194.286549036682,31399.287935240667,30886.78543494275,31228.453125,7407270,0.0,0.0
2025-07-25 00:00:00+07:00,31296.78740251848,31570.1219504796,31057.62136217364,31160.12109375,8697227,0.0,0.0
2025-07-28 00:00:00+07:00,31091.78793936576,31433.455641711116,31023.452854557363,31160.12109375,15996243,0.0,0.0
2025-07-29 00:00:00+07:00,31296.785981712557,31467.620790341785,29930.115234375,29930.115234375,21450820,0.0,0.0
2025-07-30 00:00:00+07:00,30066.782085972576,32014.290446042294,29964.28235717779,31570.12109375,32581432,0.0,0.0
2025-07-31 00:00:00+07:00,32458.459237016603,32458.459237016603,30784.285446442627,31365.12109375,29533332,0.0,0.0
2025-08-01 00:00:00+07:00,31433.4545074348,31433.4545074348,30169.283475247343,30271.783203125,23618959,0.0,0.0
2025-08-04 00:00:00+07:00,30066.78236063602,31262.620262529086,29793.447817595537,31194.287109375,14345159,0.0,0.0
2025-08-05 00:00:00+07:00,31399.288770852567,33312.630588685584,31160.120802320424,31775.123046875,35240075,0.0,0.0
2025-08-06 00:00:00+07:00,32253.459542291566,32629.29189439604,31809.29017441066,32458.4609375,15198467,0.0,0.0
2025-08-07 00:00:00+07:00,32800.12670820566,32800.12670820566,32082.62472069848,32697.62890625,13536281,0.0,0.0
2025-08-08 00:00:00+07:00,32765.96176932729,32800.12641605876,31980.12470347541,32595.126953125,18108233,0.0,0.0
2025-08-11 00:00:00+07:00,32663.460402284258,32697.628910172472,32219.291034403348,32458.4609375,13081591,0.0,0.0
2025-08-12 00:00:00+07:00,32458.45924319425,33107.626111549245,32116.789625540354,32800.125,20904949,0.0,0.0
2025-08-13 00:00:00+07:00,32868.45980021679,33893.46484375,32219.29096887198,33893.46484375,25816287,0.0,0.0
2025-08-14 00:00:00+07:00,34303.46875,34918.47102397018,33893.46594707039,34303.46875,27090016,0.0,0.0
2025-08-15 00:00:00+07:00,34713.465404380106,34781.80241773852,33346.79463247959,33483.4609375,22943982,0.0,0.0
2025-08-18 00:00:00+07:00,33517.63116350913,33756.79913998738,32936.79354610526,33141.796875,18386506,0.0,0.0
2025-08-19 00:00:00+07:00,33415.128899377945,34030.131153328206,33380.96425240757,33893.46484375,17003053,0.0,0.0
2025-08-20 00:00:00+07:00,33927.633870402075,35533.47268462388,33551.79572204205,34576.80078125,23141792,0.0,0.0
2025-08-21 00:00:00+07:00,35055.135063750175,36011.80692157112,34850.13560600921,35396.8046875,25889113,0.0,0.0
2025-08-22 00:00:00+07:00,35191.803629316586,36490.141333432715,34098.46539610875,34781.8046875,35340932,0.0,0.0
2025-08-25 00:00:00+07:00,35191.80015673249,35260.133306959084,33346.79351807022,33551.79296875,22915329,0.0,0.0
2025-08-26 00:00:00+07:00,33175.95878338494,34986.80078125,33141.794138622245,34986.80078125,14709338,0.0,0.0
2025-08-27 00:00:00+07:00,35533.47098391983,36353.47267553021,34713.46543146124,34918.46875,26869714,0.0,0.0
2025-08-28 00:00:00+07:00,34986.8040913958,35396.806893275556,34440.13497583896,35260.13671875,16491259,0.0,0.0
2025-08-29 00:00:00+07:00,35465.13951443693,35465.13951443693,34781.80409552431,35055.13671875,17822699,0.0,0.0
2025-09-03 00:00:00+07:00,34918.47042126879,34986.80357710286,34440.13446958185,34576.80078125,14812972,0.0,0.0
2025-09-04 00:00:00+07:00,34576.80023885305,35396.80581769556,34440.133929328746,34850.13671875,13235219,0.0,0.0
2025-09-05 00:00:00+07:00,34986.8030350773,35260.13565417906,34371.80078125,34371.80078125,16276368,0.0,0.0
2025-09-08 00:00:00+07:00,34166.802458642785,34235.13561570165,33517.631675310884,33825.1328125,21385602,0.0,0.0
2025-09-09 00:00:00+07:00,33825.1316889609,34030.131153328206,33380.96425240757,33893.46484375,11059828,0.0,0.0
2025-09-10 00:00:00+07:00,33893.462629969144,35123.467057530856,33893.462629969144,34508.46484375,17448501,0.0,0.0
2025-09-11 00:00:00+07:00,34303.468157913696,34576.80078125,33380.964762881056,34576.80078125,10084347,0.0,0.0
2025-09-12 00:00:00+07:00,34645.13227013871,35123.46819881059,34440.1328125,34440.1328125,11805756,0.0,0.0
2025-09-15 00:00:00+07:00,34576.80128951606,35260.13671875,34132.63383964126,35260.13671875,18671085,0.0,0.0
2025-09-16 00:00:00+07:00,35533.47095619898,36285.13949465944,35396.80465117857,35875.13671875,27259013,0.0,0.0
2025-09-17 00:00:00+07:00,35875.13730065269,35875.13730065269,35123.46875,35123.46875,11405273,0.0,0.0
2025-09-18 00:00:00+07:00,35191.800232370384,35260.13338274385,34576.798018161135,34986.80078125,12025075,0.0,0.0
2025-09-19 00:00:00+07:00,34918.46763087654,35123.467081996925,34371.79856704075,34986.80078125,11808058,0.0,0.0
2025-09-22 00:00:00+07:00,34645.13285643514,34781.803024688685,33517.63002906928,33688.46484375,17058132,0.0,0.0
2025-09-23 00:00:00+07:00,33825.13115188122,34166.80078125,33756.79799817712,34166.80078125,6257963,0.0,0.0
2025-09-24 00:00:00+07:00,33961.795780295004,34508.46484375,33688.46317899155,34508.46484375,7613052,0.0,0.0
2025-09-25 00:00:00+07:00,34508.46709080088,34713.4665551272,34235.13447169912,34371.80078125,6836538,0.0,0.0
2025-09-26 00:00:00+07:00,34371.80019803609,35260.13505589206,34132.63222995604,34645.1328125,15047058,0.0,0.0
2025-09-29 00:00:00+07:00,34645.1333936152,34986.803028274306,34440.133929328746,34850.13671875,6392698,0.0,0.0
2025-09-30 00:00:00+07:00,34713.46484375,34850.135007411365,34166.799632497125,34713.46484375,9612516,0.0,0.0
2025-10-01 00:00:00+07:00,34850.135024053794,35465.13724785511,34440.1322545702,35191.80078125,11292108,0.0,0.0
2025-10-02 00:00:00+07:00,35396.80409641587,35806.80300505132,34986.80132693228,35191.80078125,12347845,0.0,0.0
2025-10-03 00:00:00+07:00,35055.13446163119,35123.4676130378,34371.79908671696,34713.46484375,11042870,0.0,0.0
2025-10-06 00:00:00+07:00,35055.13612550167,36011.80801229834,34850.13666155167,35806.8046875,14011456,0.0,0.0
2025-10-07 00:00:00+07:00,36080.1423225095,36080.1423225095,35260.13671875,35260.13671875,11086729,0.0,0.0
2025-10-08 00:00:00+07:00,35670.136734888445,36490.13841375957,35533.47043188462,36148.47265625,17492616,0.0,0.0
2025-10-09 00:00:00+07:00,36148.47265914843,37583.4765625,35943.47320462625,37583.4765625,34702940,0.0,0.0
2025-10-10 00:00:00+07:00,38061.81421053629,38608.48330824269,37515.145112829894,37720.1484375,19649228,0.0,0.0
2025-10-13 00:00:00+07:00,37378.477656519135,38471.815818378825,37310.14450400893,38266.8125,19231507,0.0,0.0
2025-10-14 00:00:00+07:00,38647.67578125,38647.67578125,37610.62109375,37610.62109375,20005635,450.0,0.0
2025-10-15 00:00:00+07:00,37679.7578125,38163.71875,37403.20703125,37887.16796875,11750284,0.0,0.0
2025-10-16 00:00:00+07:00,37956.3046875,38025.44140625,36988.38671875,37195.796875,16042788,0.0,0.0
2025-10-17 00:00:00+07:00,37126.66015625,37472.34375,36089.6015625,36089.6015625,25828118,0.0,0.0
2025-10-20 00:00:00+07:00,36504.42578125,36919.24609375,33738.9375,33808.07421875,36496345,0.0,0.0
2025-10-21 00:00:00+07:00,33877.2109375,34845.1328125,33808.07421875,34534.015625,20119047,0.0,0.0
2025-10-22 00:00:00+07:00,34914.26953125,34914.26953125,33531.52734375,34914.26953125,17043350,0.0,0.0
2025-10-23 00:00:00+07:00,34568.5859375,34845.1328125,34292.03515625,34361.171875,12361361,0.0,0.0
2025-10-24 00:00:00+07:00,34119.19140625,34499.4453125,33185.83984375,34430.30859375,17020902,0.0,0.0
2025-10-27 00:00:00+07:00,34430.30859375,34464.87890625,33600.6640625,33600.6640625,7946190,0.0,0.0
2025-10-28 00:00:00+07:00,33566.09375,33877.2109375,33012.99609375,33877.2109375,9161104,0.0,0.0
2025-10-29 00:00:00+07:00,34015.48828125,34775.99609375,33911.78125,34326.60546875,10820898,0.0,0.0
2025-10-30 00:00:00+07:00,34430.30859375,34464.87890625,33946.34765625,34015.48828125,7064300,0.0,0.0
2025-10-31 00:00:00+07:00,34464.87890625,34914.26953125,33877.2109375,33877.2109375,14427083,0.0,0.0
2025-11-03 00:00:00+07:00,34084.625,34292.03515625,33531.52734375,33531.52734375,8375354,0.0,0.0
2025-11-04 00:00:00+07:00,33358.68359375,34568.5859375,33082.13671875,34534.015625,12654803,0.0,0.0
2025-11-05 00:00:00+07:00,34430.30859375,35674.77734375,34222.8984375,35467.3671875,15435329,0.0,0.0
2025-11-06 00:00:00+07:00,35398.23046875,35398.23046875,34637.72265625,35329.09375,12337441,0.0,0.0
2025-11-07 00:00:00+07:00,34914.26953125,35398.23046875,33496.95703125,33877.2109375,19046253,0.0,0.0
2025-11-10 00:00:00+07:00,33669.80078125,33877.2109375,32943.859375,33185.83984375,11837720,0.0,0.0
2025-11-11 00:00:00+07:00,33289.546875,33531.52734375,32494.46875,33531.52734375,12843592,0.0,0.0
2025-11-12 00:00:00+07:00,33531.52734375,34222.8984375,33254.9765625,34015.48828125,9738139,0.0,0.0
2025-11-13 00:00:00+07:00,33980.91796875,33980.91796875,33462.390625,33773.5078125,8205032,0.0,0.0
2025-11-14 00:00:00+07:00,33531.52734375,33600.6640625,33220.41015625,33566.09375,9579526,0.0,0.0
2025-11-17 00:00:00+07:00,33704.37109375,33842.64453125,33427.8203125,33773.5078125,7825225,0.0,0.0
2025-11-18 00:00:00+07:00,33808.07421875,34257.46875,33773.5078125,34153.76171875,8781866,0.0,0.0
2025-11-19 00:00:00+07:00,34153.76171875,34153.76171875,33704.37109375,34119.19140625,7831848,0.0,0.0
2025-11-20 00:00:00+07:00,34084.625,34084.625,33635.23046875,33946.34765625,6711369,0.0,0.0
2025-11-21 00:00:00+07:00,33600.6640625,34015.48828125,33393.25390625,33946.34765625,9596204,0.0,0.0
2025-11-24 00:00:00+07:00,33946.34765625,34015.48828125,33704.37109375,33738.9375,6241557,0.0,0.0
2025-11-25 00:00:00+07:00,33669.80078125,33842.64453125,33289.546875,33289.546875,8249808,0.0,0.0
2025-11-26 00:00:00+07:00,33393.25390625,33808.07421875,33116.703125,33808.07421875,10341031,0.0,0.0
2025-11-27 00:00:00+07:00,33877.2109375,34292.03515625,33738.9375,33773.5078125,11131613,0.0,0.0
2025-11-28 00:00:00+07:00,33635.23046875,33877.2109375,33324.11328125,33877.2109375,6870397,0.0,0.0
2025-12-01 00:00:00+07:00,33808.07421875,33842.64453125,33462.390625,33462.390625,5717779,0.0,0.0
2025-12-02 00:00:00+07:00,33842.64453125,34015.48828125,33462.390625,33911.78125,13055878,0.0,0.0
2025-12-03 00:00:00+07:00,34222.8984375,36227.875,34222.8984375,35951.328125,33005748,0.0,0.0
2025-12-04 00:00:00+07:00,36089.6015625,36366.15234375,35743.9140625,35951.328125,11046684,0.0,0.0
2025-12-05 00:00:00+07:00,36020.46484375,36089.6015625,35398.23046875,35605.640625,9785052,0.0,0.0
2025-12-08 00:00:00+07:00,35536.50390625,35536.50390625,34983.40625,35329.09375,9195965,0.0,0.0
2025-12-09 00:00:00+07:00,35190.8203125,35190.8203125,34534.015625,34637.72265625,13890518,0.0,0.0
2025-12-10 00:00:00+07:00,34845.1328125,35121.6796875,34637.72265625,34914.26953125,7928735,0.0,0.0
2025-12-11 00:00:00+07:00,35052.54296875,35052.54296875,34568.5859375,34637.72265625,6708951,0.0,0.0
2025-12-12 00:00:00+07:00,34775.99609375,34983.40625,34222.8984375,34222.8984375,13052806,0.0,0.0
2025-12-15 00:00:00+07:00,34292.03515625,34395.7421875,33911.78125,34361.171875,9451816,0.0,0.0
2025-12-16 00:00:00+07:00,34568.5859375,35259.95703125,33911.78125,35259.95703125,22011647,0.0,0.0
2025-12-17 00:00:00+07:00,35500.0,35550.0,34350.0,34700.0,10879670,0.0,1.4464
2025-12-18 00:00:00+07:00,34700.0,34750.0,33950.0,34350.0,5829595,0.0,0.0
2025-12-19 00:00:00+07:00,34350.0,34600.0,34050.0,34450.0,8136052,0.0,0.0
2025-12-22 00:00:00+07:00,34500.0,35250.0,34300.0,35150.0,11598680,0.0,0.0
2025-12-23 00:00:00+07:00,35300.0,35550.0,34650.0,35000.0,10532590,0.0,0.0
2025-12-24 00:00:00+07:00,35000.0,35300.0,34700.0,35300.0,9510109,0.0,0.0
2025-12-25 00:00:00+07:00,35400.0,36450.0,35000.0,35000.0,15303000,0.0,0.0
2025-12-26 00:00:00+07:00,34900.0,35250.0,34250.0,35200.0,10634760,0.0,0.0
2025-12-29 00:00:00+07:00,35000.0,35350.0,34900.0,35300.0,7590183,0.0,0.0
2025-12-30 00:00:00+07:00,35350.0,35950.0,35200.0,35650.0,8465324,0.0,0.0
2025-12-31 00:00:00+07:00,35700.0,35800.0,35400.0,35750.0,9933658,0.0,0.0
2026-01-05 00:00:00+07:00,35800.0,36100.0,34550.0,35500.0,10851530,0.0,0.0
2026-01-06 00:00:00+07:00,35400.0,36200.0,34800.0,36200.0,15023810,0.0,0.0
2026-01-07 00:00:00+07:00,36400.0,37500.0,36350.0,37450.0,22164090,0.0,0.0
2026-01-08 00:00:00+07:00,37550.0,39500.0,37100.0,38200.0,32481460,0.0,0.0
2026-01-09 00:00:00+07:00,39000.0,40850.0,38700.0,40750.0,38937420,0.0,0.0
2026-01-12 00:00:00+07:00,42000.0,43500.0,41350.0,41500.0,39329230,0.0,0.0
2026-01-13 00:00:00+07:00,41500.0,42350.0,40000.0,41300.0,32520600,0.0,0.0
2026-01-14 00:00:00+07:00,40800.0,43250.0,40650.0,41450.0,30626230,0.0,0.0
2026-01-15 00:00:00+07:00,40500.0,41000.0,39600.0,40000.0,27259030,0.0,0.0
2026-01-16 00:00:00+07:00,40700.0,41550.0,39500.0,39600.0,21848510,0.0,0.0
2026-01-19 00:00:00+07:00,39650.0,40350.0,39550.0,40000.0,13580330,0.0,0.0
2026-01-20 00:00:00+07:00,40450.0,40600.0,39650.0,39650.0,20425150,0.0,0.0
2026-01-21 00:00:00+07:00,39550.0,40550.0,39000.0,40200.0,20456740,0.0,0.0
2026-01-22 00:00:00+07:00,40400.0,41300.0,39850.0,39900.0,22303160,0.0,0.0
2026-01-23 00:00:00+07:00,40000.0,40050.0,38850.0,39000.0,18196810,0.0,0.0
2026-01-26 00:00:00+07:00,39050.0,39150.0,38050.0,38200.0,17559240,0.0,0.0
2026-01-27 00:00:00+07:00,38200.0,38650.0,38100.0,38250.0,12933010,0.0,0.0
2026-01-28 00:00:00+07:00,38350.0,39650.0,38300.0,38400.0,15560850,0.0,0.0
2026-01-29 00:00:00+07:00,38500.0,38900.0,38100.0,38300.0,10184600,0.0,0.0
2026-01-30 00:00:00+07:00,38200.0,39000.0,37800.0,38750.0,28635730,0.0,0.0
2026-02-02 00:00:00+07:00,38800.0,39800.0,38700.0,39350.0,23475870,0.0,0.0
2026-02-03 00:00:00+07:00,39750.0,40300.0,39300.0,39700.0,24210140,0.0,0.0
2026-02-04 00:00:00+07:00,39900.0,39900.0,39150.0,39600.0,18308570,0.0,0.0
2026-02-05 00:00:00+07:00,39650.0,39700.0,38600.0,38600.0,16386810,0.0,0.0
2026-02-06 00:00:00+07:00,38200.0,38350.0,37400.0,37400.0,24923570,0.0,0.0
2026-02-09 00:00:00+07:00,37700.0,37850.0,36800.0,37100.0,9941257,0.0,0.0
2026-02-10 00:00:00+07:00,37500.0,37600.0,36650.0,37100.0,12868370,0.0,0.0
2026-02-11 00:00:00+07:00,37450.0,38250.0,37300.0,37900.0,13761680,0.0,0.0
2026-02-12 00:00:00+07:00,38300.0,38300.0,37750.0,38000.0,8796499,0.0,0.0
2026-02-13 00:00:00+07:00,38000.0,38600.0,37700.0,38600.0,9771855,0.0,0.0
2026-02-23 00:00:00+07:00,38950.0,39000.0,38550.0,38700.0,8528490,0.0,0.0
2026-02-24 00:00:00+07:00,38550.0,38700.0,38050.0,38200.0,12207800,0.0,0.0
2026-02-25 00:00:00+07:00,38350.0,39100.0,38200.0,38500.0,10725030,0.0,0.0
2026-02-26 00:00:00+07:00,38550.0,38750.0,38050.0,38500.0,11438220,0.0,0.0
2026-02-27 00:00:00+07:00,38450.0,38450.0,38050.0,38250.0,10975170,0.0,0.0
2026-03-02 00:00:00+07:00,37500.0,37850.0,36850.0,36850.0,25766380,0.0,0.0
2026-03-03 00:00:00+07:00,36800.0,37300.0,35900.0,35900.0,22232170,0.0,0.0
2026-03-04 00:00:00+07:00,35750.0,36700.0,35450.0,36400.0,19766380,0.0,0.0
2026-03-05 00:00:00+07:00,37000.0,37100.0,36200.0,36200.0,8030509,0.0,0.0
2026-03-06 00:00:00+07:00,35900.0,36300.0,35650.0,35650.0,8695784,0.0,0.0
2026-03-09 00:00:00+07:00,33200.0,33500.0,33200.0,33200.0,17813440,0.0,0.0
2026-03-10 00:00:00+07:00,34200.0,35150.0,33600.0,35050.0,24997900,0.0,0.0
2026-03-11 00:00:00+07:00,35000.0,35600.0,34700.0,35100.0,12892000,0.0,0.0
2026-03-12 00:00:00+07:00,34800.0,34900.0,34250.0,34300.0,13030920,0.0,0.0
2026-03-13 00:00:00+07:00,34300.0,34500.0,33950.0,34000.0,8287788,0.0,0.0
2026-03-16 00:00:00+07:00,34050.0,34500.0,34000.0,34150.0,5197601,0.0,0.0
2026-03-17 00:00:00+07:00,34450.0,34800.0,34400.0,34400.0,7194129,0.0,0.0
2026-03-18 00:00:00+07:00,34600.0,35750.0,34600.0,35000.0,12624790,0.0,0.0
2026-03-19 00:00:00+07:00,34500.0,34800.0,34300.0,34650.0,7538805,0.0,0.0
2026-03-20 00:00:00+07:00,34550.0,34600.0,33600.0,33600.0,11147910,0.0,0.0
2026-03-23 00:00:00+07:00,33200.0,33200.0,32000.0,32500.0,13207450,0.0,0.0
2026-03-24 00:00:00+07:00,33300.0,33950.0,33100.0,33550.0,6419421,0.0,0.0
2026-03-25 00:00:00+07:00,33750.0,34100.0,33700.0,34050.0,6318567,0.0,0.0
2026-03-26 00:00:00+07:00,34050.0,34100.0,33450.0,33800.0,5745993,0.0,0.0
2026-03-27 00:00:00+07:00,33700.0,35000.0,33600.0,34800.0,12083990,0.0,0.0
2026-03-30 00:00:00+07:00,34100.0,34750.0,33900.0,34050.0,6109720,0.0,0.0
2026-03-31 00:00:00+07:00,34400.0,34650.0,34100.0,34600.0,7431728,0.0,0.0
2026-04-01 00:00:00+07:00,35200.0,35300.0,34650.0,34750.0,8373248,0.0,0.0
2026-04-02 00:00:00+07:00,34450.0,34550.0,34100.0,34300.0,6427617,0.0,0.0
2026-04-03 00:00:00+07:00,34400.0,34500.0,33800.0,33800.0,8753329,0.0,0.0
2026-04-06 00:00:00+07:00,33750.0,34050.0,33550.0,33700.0,6114712,0.0,0.0
2026-04-07 00:00:00+07:00,33750.0,33850.0,33500.0,33700.0,5114491,0.0,0.0
2026-04-08 00:00:00+07:00,34800.0,35500.0,34300.0,35500.0,13444800,0.0,0.0
2026-04-09 00:00:00+07:00,35050.0,35300.0,34800.0,35000.0,6434843,0.0,0.0
2026-04-10 00:00:00+07:00,35250.0,35800.0,35000.0,35000.0,8589911,0.0,0.0
2026-04-13 00:00:00+07:00,34800.0,35000.0,34550.0,34800.0,4471583,0.0,0.0
2026-04-14 00:00:00+07:00,35100.0,35150.0,34800.0,34900.0,5595228,0.0,0.0
2026-04-15 00:00:00+07:00,35200.0,35300.0,34850.0,35050.0,5709476,0.0,0.0
2026-04-16 00:00:00+07:00,35150.0,35150.0,34500.0,34600.0,6789501,0.0,0.0
2026-04-17 00:00:00+07:00,34700.0,34900.0,34550.0,34850.0,3897019,0.0,0.0
2026-04-20 00:00:00+07:00,34950.0,35300.0,34900.0,35100.0,6108419,0.0,0.0
2026-04-21 00:00:00+07:00,35300.0,35450.0,34850.0,34850.0,5908006,0.0,0.0
2026-04-22 00:00:00+07:00,34900.0,35100.0,34800.0,34900.0,4593264,0.0,0.0
2026-04-23 00:00:00+07:00,34800.0,36800.0,34800.0,35500.0,22403270,0.0,0.0
2026-04-24 00:00:00+07:00,35600.0,35700.0,35000.0,35000.0,5852286,0.0,0.0
2026-04-28 00:00:00+07:00,35300.0,35350.0,34700.0,34800.0,7080172,0.0,0.0
2026-04-29 00:00:00+07:00,35000.0,35100.0,34750.0,34950.0,6705300,0.0,0.0
2026-05-04 00:00:00+07:00,35400.0,35700.0,35200.0,35350.0,8571005,0.0,0.0
2026-05-05 00:00:00+07:00,35300.0,35300.0,34850.0,35300.0,5858783,0.0,0.0
2026-05-06 00:00:00+07:00,35300.0,35550.0,35000.0,35550.0,10294720,0.0,0.0
2026-05-07 00:00:00+07:00,35650.0,36000.0,35500.0,35800.0,10794720,0.0,0.0
2026-05-08 00:00:00+07:00,35950.0,36700.0,35900.0,36200.0,18268980,0.0,0.0
