Date,Open,High,Low,Close,Volume,Dividends,Stock Splits
2007-11-09 00:00:00+07:00,35235.797029691814,35660.32421875,35660.32421875,35660.32421875,3948587,0.0,0.0
2007-11-12 00:00:00+07:00,35660.324371621915,36084.8515625,36084.8515625,36084.8515625,2896702,0.0,0.0
2007-11-13 00:00:00+07:00,36084.8534502937,35872.58984375,35872.58984375,35872.58984375,5057548,0.0,0.0
2007-11-14 00:00:00+07:00,36084.85493671252,37570.703125,37570.703125,37570.703125,3717607,0.0,0.0
2007-11-15 00:00:00+07:00,36933.90594425618,36084.8515625,36084.8515625,36084.8515625,1765361,0.0,0.0
2007-11-16 00:00:00+07:00,35448.05859375,35448.05859375,35448.05859375,35448.05859375,1486757,0.0,0.0
2007-11-19 00:00:00+07:00,35448.06236616983,35023.53515625,35023.53515625,35023.53515625,1542426,0.0,0.0
2007-11-20 00:00:00+07:00,34174.48046875,34174.48046875,34174.48046875,34174.48046875,2090773,0.0,0.0
2007-11-21 00:00:00+07:00,33537.68376898856,33962.2109375,33962.2109375,33962.2109375,2325750,0.0,0.0
2007-11-22 00:00:00+07:00,34174.47452175572,33962.2109375,33962.2109375,33962.2109375,1564770,0.0,0.0
2007-11-23 00:00:00+07:00,33962.214715739385,33537.6875,33537.6875,33537.6875,1023077,0.0,0.0
2007-11-26 00:00:00+07:00,33537.6875,33537.6875,33537.6875,33537.6875,918568,0.0,0.0
2007-11-27 00:00:00+07:00,33962.214715739385,33537.6875,33537.6875,33537.6875,1069850,0.0,0.0
2007-11-28 00:00:00+07:00,33537.68341401815,33113.15625,33113.15625,33113.15625,1160146,0.0,0.0
2007-11-29 00:00:00+07:00,33113.16002491443,32688.6328125,32688.6328125,32688.6328125,1450375,0.0,0.0
2007-11-30 00:00:00+07:00,32264.10374915973,32900.89453125,32900.89453125,32900.89453125,1473743,0.0,0.0
2007-12-03 00:00:00+07:00,33537.6875,33537.6875,33537.6875,33537.6875,1094991,0.0,0.0
2007-12-04 00:00:00+07:00,33749.94921875,33749.94921875,33749.94921875,33749.94921875,1383759,0.0,0.0
2007-12-05 00:00:00+07:00,33749.94906504348,33325.421875,33325.421875,33325.421875,1690997,0.0,0.0
2007-12-06 00:00:00+07:00,33113.15827997826,33325.421875,33325.421875,33325.421875,793226,0.0,0.0
2007-12-07 00:00:00+07:00,33113.15625,33113.15625,33113.15625,33113.15625,655827,0.0,0.0
2007-12-10 00:00:00+07:00,32264.1062744386,31839.576171875,31839.576171875,31839.576171875,1481840,0.0,0.0
2007-12-11 00:00:00+07:00,30778.25787540882,30990.521484375,30990.521484375,30990.521484375,2580238,0.0,0.0
2007-12-12 00:00:00+07:00,30990.519755501227,31627.310546875,31627.310546875,31627.310546875,1009785,0.0,0.0
2007-12-13 00:00:00+07:00,31627.31237503825,31202.78515625,31202.78515625,31202.78515625,742127,0.0,0.0
2007-12-14 00:00:00+07:00,31202.785093341176,30990.521484375,30990.521484375,30990.521484375,855532,0.0,0.0
2007-12-17 00:00:00+07:00,30778.25554340875,29929.201171875,29929.201171875,29929.201171875,668128,0.0,0.0
2007-12-18 00:00:00+07:00,30141.467048510287,30990.521484375,30990.521484375,30990.521484375,1812482,0.0,0.0
2007-12-19 00:00:00+07:00,31627.30985686812,32264.103515625004,32264.103515625004,32264.103515625,1647960,0.0,0.0
2007-12-20 00:00:00+07:00,32264.10608449673,31202.78515625,31202.78515625,31202.78515625,910558,0.0,0.0
2007-12-21 00:00:00+07:00,31202.78327838048,31415.046875,31415.046875,31415.046875,738878,0.0,0.0
2007-12-24 00:00:00+07:00,30990.52154685587,31202.78515625,31202.78515625,31202.78515625,925135,0.0,0.0
2007-12-25 00:00:00+07:00,30778.255859375,30778.255859375,30778.255859375,30778.255859375,959346,0.0,0.0
2007-12-26 00:00:00+07:00,30778.255859375,30778.255859375,30778.255859375,30778.255859375,933075,0.0,0.0
2007-12-27 00:00:00+07:00,30778.255859375,30778.255859375,30778.255859375,30778.255859375,676503,0.0,0.0
2007-12-28 00:00:00+07:00,30778.25608514144,31415.046875,31415.046875,31415.046875,937141,0.0,0.0
2008-01-02 00:00:00+07:00,31415.046875,31415.046875,31415.046875,31415.046875,1216789,0.0,0.0
2008-01-03 00:00:00+07:00,30990.51945443751,30778.255859375,30778.255859375,30778.255859375,584573,0.0,0.0
2008-01-04 00:00:00+07:00,30565.9921875,30565.9921875,30565.9921875,30565.9921875,482687,0.0,0.0
2008-01-07 00:00:00+07:00,30565.991869276848,29716.9375,29716.9375,29716.9375,1129393,0.0,0.0
2008-01-08 00:00:00+07:00,30141.462890625,30141.462890625,30141.462890625,30141.462890625,1095234,0.0,0.0
2008-01-09 00:00:00+07:00,29929.201092319214,29716.9375,29716.9375,29716.9375,1179015,0.0,0.0
2008-01-10 00:00:00+07:00,29292.410034830336,28867.8828125,28867.8828125,28867.8828125,1371111,0.0,0.0
2008-01-11 00:00:00+07:00,29292.410095983305,29080.146484375,29080.146484375,29080.146484375,1228151,0.0,0.0
2008-01-14 00:00:00+07:00,29292.4078193032,28231.08984375,28231.08984375,28231.08984375,985930,0.0,0.0
2008-01-15 00:00:00+07:00,27382.03593823544,26957.505859375,26957.505859375,26957.505859375,1775890,0.0,0.0
2008-01-16 00:00:00+07:00,28231.08984375,28231.08984375,28231.08984375,28231.08984375,1836216,0.0,0.0
2008-01-17 00:00:00+07:00,28231.08960814248,27594.298828125004,27594.298828125004,27594.298828125,1442643,0.0,0.0
2008-01-18 00:00:00+07:00,27594.298982816814,28018.826171875,28018.826171875,28018.826171875,586519,0.0,0.0
2008-01-21 00:00:00+07:00,27594.29874898036,27382.03515625,27382.03515625,27382.03515625,431050,0.0,0.0
2008-01-22 00:00:00+07:00,26745.240234375,26745.240234375,26745.240234375,26745.240234375,838540,0.0,0.0
2008-01-23 00:00:00+07:00,26320.714613629945,25683.923828125,25683.923828125,25683.923828125,1584160,0.0,0.0
2008-01-24 00:00:00+07:00,26108.45101846163,25683.923828125,25683.923828125,25683.923828125,1861305,0.0,0.0
2008-01-25 00:00:00+07:00,25683.923904202944,25896.1875,25896.1875,25896.1875,1290249,0.0,0.0
2008-01-28 00:00:00+07:00,25683.92595854967,26320.716796875,26320.716796875,26320.716796875,1179728,0.0,0.0
2008-01-29 00:00:00+07:00,26532.977980153348,27594.298828125004,27594.298828125004,27594.298828125,1966996,0.0,0.0
2008-01-30 00:00:00+07:00,28867.8828125,28867.8828125,28867.8828125,28867.8828125,2559353,0.0,0.0
2008-01-31 00:00:00+07:00,28443.35552990953,28655.619140625,28655.619140625,28655.619140625,2701531,0.0,0.0
2008-02-01 00:00:00+07:00,28867.88287276669,29080.146484375,29080.146484375,29080.146484375,2031647,0.0,0.0
2008-02-12 00:00:00+07:00,29080.14430267552,28443.353515625,28443.353515625,28443.353515625,1277478,0.0,0.0
2008-02-13 00:00:00+07:00,28443.353360933183,28018.826171875,28018.826171875,28018.826171875,1175558,0.0,0.0
2008-02-14 00:00:00+07:00,28231.089766404093,28018.826171875,28018.826171875,28018.826171875,1740881,0.0,0.0
2008-02-15 00:00:00+07:00,28018.826014803315,27594.298828125004,27594.298828125004,27594.298828125,851518,0.0,0.0
2008-02-18 00:00:00+07:00,26532.980409650107,26320.716796875,26320.716796875,26320.716796875,2260403,0.0,0.0
2008-02-19 00:00:00+07:00,25896.18957132478,26320.716796875,26320.716796875,26320.716796875,1832602,0.0,0.0
2008-02-20 00:00:00+07:00,26320.71437180888,25047.1328125,25047.1328125,25047.1328125,1910059,0.0,0.0
2008-02-21 00:00:00+07:00,23985.814453125,23985.814453125,23985.814453125,23985.814453125,2728618,0.0,0.0
2008-02-22 00:00:00+07:00,22924.49500005324,23985.814453125,23985.814453125,23985.814453125,3331714,0.0,0.0
2008-02-25 00:00:00+07:00,24622.60562606371,25047.1328125,25047.1328125,25047.1328125,1714644,0.0,0.0
2008-02-26 00:00:00+07:00,24834.87030371001,23985.814453125,23985.814453125,23985.814453125,2540640,0.0,0.0
2008-02-27 00:00:00+07:00,23773.548974675152,24198.076171875,24198.076171875,24198.076171875,1349740,0.0,0.0
2008-02-28 00:00:00+07:00,24410.33977047493,24198.076171875,24198.076171875,24198.076171875,1679739,0.0,0.0
2008-02-29 00:00:00+07:00,24198.07602270789,23773.548828125,23773.548828125,23773.548828125,1620073,0.0,0.0
2008-03-03 00:00:00+07:00,23349.02325805416,22712.232421875,22712.232421875,22712.232421875,2587084,0.0,0.0
2008-03-04 00:00:00+07:00,21650.912109375,21650.912109375,21650.912109375,21650.912109375,2043358,0.0,0.0
2008-03-05 00:00:00+07:00,20589.59194687919,21014.119140625,21014.119140625,21014.119140625,3376210,0.0,0.0
2008-03-06 00:00:00+07:00,21863.17578125,21863.17578125,21863.17578125,21863.17578125,539919,0.0,0.0
2008-03-07 00:00:00+07:00,22924.494140625,22924.494140625,22924.494140625,22924.494140625,116288,0.0,0.0
2008-03-10 00:00:00+07:00,23985.814453125,23985.814453125,23985.814453125,23985.814453125,4761691,0.0,0.0
2008-03-11 00:00:00+07:00,23349.02155963048,23561.28515625,23561.28515625,23561.28515625,3538925,0.0,0.0
2008-03-12 00:00:00+07:00,23773.548974675152,24198.076171875,24198.076171875,24198.076171875,2549119,0.0,0.0
2008-03-13 00:00:00+07:00,24622.606324263048,24410.33984375,24410.33984375,24410.33984375,1798530,0.0,0.0
2008-03-14 00:00:00+07:00,24198.0762445129,24410.33984375,24410.33984375,24410.33984375,1663024,0.0,0.0
2008-03-17 00:00:00+07:00,23773.54867624576,23349.021484375,23349.021484375,23349.021484375,2854498,0.0,0.0
2008-03-18 00:00:00+07:00,22287.703125,22287.703125,22287.703125,22287.703125,2076091,0.0,0.0
2008-03-19 00:00:00+07:00,22075.43931758145,21650.912109375,21650.912109375,21650.912109375,4011796,0.0,0.0
2008-03-20 00:00:00+07:00,21650.912109375,21650.912109375,21650.912109375,21650.912109375,2219834,0.0,0.0
2008-03-21 00:00:00+07:00,21650.911448383817,21226.3828125,21226.3828125,21226.3828125,2652152,0.0,0.0
2008-03-24 00:00:00+07:00,20801.855234269777,20165.064453125,20165.064453125,20165.064453125,2495623,0.0,0.0
2008-03-25 00:00:00+07:00,19188.65234375,19188.65234375,19188.65234375,19188.65234375,2303649,0.0,0.0
2008-03-26 00:00:00+07:00,19825.44278656704,20122.61328125,20122.61328125,20122.61328125,2577284,0.0,0.0
2008-03-27 00:00:00+07:00,20292.423828125,20292.423828125,20292.423828125,20292.423828125,67570,0.0,0.0
2008-03-28 00:00:00+07:00,20462.234375,20462.234375,20462.234375,20462.234375,46755,0.0,0.0
2008-03-31 00:00:00+07:00,20632.044921875,20632.044921875,20632.044921875,20632.044921875,44253,0.0,0.0
2008-04-01 00:00:00+07:00,20801.85546875,20801.85546875,20801.85546875,20801.85546875,45243,0.0,0.0
2008-04-02 00:00:00+07:00,20971.666015625,20971.666015625,20971.666015625,20971.666015625,1249,0.0,0.0
2008-04-03 00:00:00+07:00,21141.4765625,21141.4765625,21141.4765625,21141.4765625,18816,0.0,0.0
2008-04-04 00:00:00+07:00,21226.3828125,21226.3828125,21226.3828125,21226.3828125,31986,0.0,0.0
2008-04-07 00:00:00+07:00,21650.912109375,21650.912109375,21650.912109375,21650.912109375,43002,0.0,0.0
2008-04-08 00:00:00+07:00,22075.4375,22075.4375,22075.4375,22075.4375,4219303,0.0,0.0
2008-04-09 00:00:00+07:00,22499.96484375,22499.96484375,22499.96484375,22499.96484375,1583222,0.0,0.0
2008-04-10 00:00:00+07:00,22499.964673253,22075.4375,22075.4375,22075.4375,2801749,0.0,0.0
2008-04-11 00:00:00+07:00,21650.912109375,21650.912109375,21650.912109375,21650.912109375,2498733,0.0,0.0
2008-04-16 00:00:00+07:00,21226.383460530546,21650.912109375,21650.912109375,21650.912109375,2026695,0.0,0.0
2008-04-17 00:00:00+07:00,21650.910326747,22075.4375,22075.4375,22075.4375,1242381,0.0,0.0
2008-04-18 00:00:00+07:00,22499.96484375,22499.96484375,22499.96484375,22499.96484375,3102732,0.0,0.0
2008-04-21 00:00:00+07:00,22287.7010866265,22075.4375,22075.4375,22075.4375,1371007,0.0,0.0
2008-04-22 00:00:00+07:00,21863.17578125,21863.17578125,21863.17578125,21863.17578125,1657673,0.0,0.0
2008-04-23 00:00:00+07:00,21438.6484375,21438.6484375,21438.6484375,21438.6484375,1849490,0.0,0.0
2008-04-24 00:00:00+07:00,21650.9121764888,21863.17578125,21863.17578125,21863.17578125,1330332,0.0,0.0
2008-04-25 00:00:00+07:00,22075.439386011203,21863.17578125,21863.17578125,21863.17578125,1066149,0.0,0.0
2008-04-28 00:00:00+07:00,22075.43951896044,22287.703125,22287.703125,22287.703125,1775873,0.0,0.0
2008-04-29 00:00:00+07:00,22712.232421875,22712.232421875,22712.232421875,22712.232421875,2222335,0.0,0.0
2008-05-05 00:00:00+07:00,22499.96673103956,22287.703125,22287.703125,22287.703125,932380,0.0,0.0
2008-05-06 00:00:00+07:00,22075.4375,22075.4375,22075.4375,22075.4375,1019689,0.0,0.0
2008-05-07 00:00:00+07:00,21863.173913373503,22075.4375,22075.4375,22075.4375,1542773,0.0,0.0
2008-05-08 00:00:00+07:00,21863.17578125,21863.17578125,21863.17578125,21863.17578125,1451087,0.0,0.0
2008-05-09 00:00:00+07:00,21438.6484375,21438.6484375,21438.6484375,21438.6484375,2076647,0.0,0.0
2008-05-12 00:00:00+07:00,21014.119140625,21014.119140625,21014.119140625,21014.119140625,2097063,0.0,0.0
2008-05-13 00:00:00+07:00,20632.044921875,20632.044921875,20632.044921875,20632.044921875,400713,0.0,0.0
2008-05-14 00:00:00+07:00,20249.96875,20249.96875,20249.96875,20249.96875,284789,0.0,0.0
2008-05-15 00:00:00+07:00,19867.89453125,19867.89453125,19867.89453125,19867.89453125,193554,0.0,0.0
2008-05-16 00:00:00+07:00,19528.27107560552,19485.818359375,19485.818359375,19485.818359375,3945738,0.0,0.0
2008-05-19 00:00:00+07:00,19316.00983067468,19528.2734375,19528.2734375,19528.2734375,1355196,0.0,0.0
2008-05-20 00:00:00+07:00,19146.197265625,19146.197265625,19146.197265625,19146.197265625,957783,0.0,0.0
2008-05-21 00:00:00+07:00,18764.125,18764.125,18764.125,18764.125,745394,0.0,0.0
2008-05-22 00:00:00+07:00,18424.501953125,18424.501953125,18424.501953125,18424.501953125,839722,0.0,0.0
2008-05-23 00:00:00+07:00,18084.880859375,18084.880859375,18084.880859375,18084.880859375,277474,0.0,0.0
2008-05-26 00:00:00+07:00,17745.2578125,17745.2578125,17745.2578125,17745.2578125,182399,0.0,0.0
2008-05-30 00:00:00+07:00,17405.634765625,17405.634765625,17405.634765625,17405.634765625,112970,0.0,0.0
2008-06-02 00:00:00+07:00,17066.01171875,17066.01171875,17066.01171875,17066.01171875,36243,0.0,0.0
2008-06-03 00:00:00+07:00,16726.388671875,16726.388671875,16726.388671875,16726.388671875,22204,0.0,0.0
2008-06-04 00:00:00+07:00,16429.22265625,16429.22265625,16429.22265625,16429.22265625,21213,0.0,0.0
2008-06-05 00:00:00+07:00,16132.051757812502,16132.051757812502,16132.051757812502,16132.0517578125,30683,0.0,0.0
2008-06-06 00:00:00+07:00,15834.8818359375,15834.8818359375,15834.8818359375,15834.8818359375,44009,0.0,0.0
2008-06-09 00:00:00+07:00,15537.712890625,15537.712890625,15537.712890625,15537.712890625,15827,0.0,0.0
2008-06-10 00:00:00+07:00,15240.5419921875,15240.5419921875,15240.5419921875,15240.5419921875,114238,0.0,0.0
2008-06-11 00:00:00+07:00,14943.373297501304,15070.7314453125,15070.7314453125,15070.7314453125,3299466,0.0,0.0
2008-06-12 00:00:00+07:00,15070.733295703987,15367.902343750002,15367.902343750002,15367.90234375,905120,0.0,0.0
2008-06-13 00:00:00+07:00,15665.0712890625,15665.0712890625,15665.0712890625,15665.0712890625,537209,0.0,0.0
2008-06-16 00:00:00+07:00,15962.2392578125,15962.2392578125,15962.2392578125,15962.2392578125,89913,0.0,0.0
2008-06-17 00:00:00+07:00,16259.4111328125,16259.4111328125,16259.4111328125,16259.4111328125,52349,0.0,0.0
2008-06-18 00:00:00+07:00,16556.580184592203,16556.580184592203,15962.24064039476,16259.4111328125,4888075,0.0,0.0
2008-06-19 00:00:00+07:00,15792.4287109375,15919.786867576871,15792.4287109375,15792.4287109375,1624817,0.0,0.0
2008-06-20 00:00:00+07:00,15325.4482421875,15792.428132768831,15325.4482421875,15325.4482421875,1196703,0.0,0.0
2008-06-23 00:00:00+07:00,15749.9775390625,15749.9775390625,15749.9775390625,15749.9775390625,187073,0.0,0.0
2008-06-24 00:00:00+07:00,16216.9580078125,16216.9580078125,16216.9580078125,16216.9580078125,69047,0.0,0.0
2008-06-25 00:00:00+07:00,16683.9375,16683.9375,16683.9375,16683.9375,150256,0.0,0.0
2008-06-26 00:00:00+07:00,17150.91796875,17150.91796875,16683.93803893561,17150.91796875,3997149,0.0,0.0
2008-06-27 00:00:00+07:00,17150.917485509093,17660.3515625,17066.01204611694,17660.3515625,1485576,0.0,0.0
2008-06-30 00:00:00+07:00,18169.78515625,18169.78515625,18169.78515625,18169.78515625,198054,0.0,0.0
2008-07-01 00:00:00+07:00,18679.21875,18679.21875,18679.21875,18679.21875,88575,0.0,0.0
2008-07-02 00:00:00+07:00,19231.103515625,19231.103515625,19231.103515625,19231.103515625,286283,0.0,0.0
2008-07-03 00:00:00+07:00,19782.990234375,19782.990234375,19782.990234375,19782.990234375,99417,0.0,0.0
2008-07-04 00:00:00+07:00,20334.875,20334.875,20334.875,20334.875,353002,0.0,0.0
2008-07-07 00:00:00+07:00,20929.21362641455,20929.21362641455,20334.875557313328,20801.85546875,4664063,0.0,0.0
2008-07-08 00:00:00+07:00,20504.686580582053,21226.3828125,20419.781141532883,21226.3828125,3213427,0.0,0.0
2008-07-09 00:00:00+07:00,21863.17578125,21863.17578125,21438.6485717276,21863.17578125,3182986,0.0,0.0
2008-07-10 00:00:00+07:00,22499.96484375,22499.96484375,22499.96484375,22499.96484375,583148,0.0,0.0
2008-07-11 00:00:00+07:00,23136.7578125,23136.7578125,23136.7578125,23136.7578125,334949,0.0,0.0
2008-07-14 00:00:00+07:00,23773.548828125,23773.548828125,23773.548828125,23773.548828125,359292,0.0,0.0
2008-07-15 00:00:00+07:00,24410.33984375,24410.33984375,24410.33984375,24410.33984375,113891,0.0,0.0
2008-07-16 00:00:00+07:00,25047.1328125,25047.1328125,24410.339151569693,25047.1328125,5434929,0.0,0.0
2008-07-17 00:00:00+07:00,25683.923828125,25683.923828125,25683.923828125,25683.923828125,1284011,0.0,0.0
2008-07-18 00:00:00+07:00,25047.1328125,26320.71437180888,25047.1328125,25047.1328125,7859090,0.0,0.0
2008-07-21 00:00:00+07:00,24410.33984375,24410.33984375,24410.33984375,24410.33984375,849572,0.0,0.0
2008-07-22 00:00:00+07:00,23773.548828125,23773.548828125,23773.548828125,23773.548828125,294814,0.0,0.0
2008-07-23 00:00:00+07:00,23136.7578125,23136.7578125,23136.7578125,23136.7578125,551891,0.0,0.0
2008-07-24 00:00:00+07:00,22499.96484375,23773.547813797653,22499.96484375,22499.96484375,8155868,0.0,0.0
2008-07-25 00:00:00+07:00,22287.7010866265,22712.229700517382,21863.173913373503,22075.4375,2171774,0.0,0.0
2008-07-28 00:00:00+07:00,22712.232421875,22712.232421875,22712.232421875,22712.232421875,716221,0.0,0.0
2008-07-29 00:00:00+07:00,23349.021484375,23349.021484375,23349.021484375,23349.021484375,61436,0.0,0.0
2008-07-30 00:00:00+07:00,23985.813866054406,23985.813866054406,22924.494438959227,23773.548828125,5036247,0.0,0.0
2008-07-31 00:00:00+07:00,23985.81408591377,24410.33984375,23561.2854468016,24410.33984375,3609414,0.0,0.0
2008-08-01 00:00:00+07:00,24834.869060612,25047.132652473992,24410.33899561216,24622.60546875,2716491,0.0,0.0
2008-08-04 00:00:00+07:00,24198.07661497376,24410.34021746051,23985.814453125,23985.814453125,1024310,0.0,0.0
2008-08-05 00:00:00+07:00,23349.021484375,23773.54867624576,23349.021484375,23349.021484375,1456907,0.0,0.0
2008-08-06 00:00:00+07:00,23985.814453125,23985.814453125,23985.814453125,23985.814453125,1488130,0.0,0.0
2008-08-07 00:00:00+07:00,24622.606701223256,24622.606701223256,23985.814453125,23985.814453125,3440463,0.0,0.0
2008-08-08 00:00:00+07:00,24410.33899561216,24622.60546875,23985.813252526088,24622.60546875,2318226,0.0,0.0
2008-08-11 00:00:00+07:00,25259.396484375,25259.396484375,25047.132890495872,25259.396484375,2854585,0.0,0.0
2008-08-12 00:00:00+07:00,25896.1875,25896.1875,25471.660308405884,25896.1875,5525416,0.0,0.0
2008-08-13 00:00:00+07:00,25896.1875,26320.71469159412,25259.39671260883,25896.1875,2901358,0.0,0.0
2008-08-14 00:00:00+07:00,25896.189629006272,26532.98046875,25896.189629006272,26532.98046875,2850484,0.0,0.0
2008-08-15 00:00:00+07:00,27169.771484375,27169.771484375,27169.771484375,27169.771484375,402051,0.0,0.0
2008-08-18 00:00:00+07:00,27594.299132890967,28443.353515625,27382.03553720746,28443.353515625,4156962,0.0,0.0
2008-08-19 00:00:00+07:00,28231.08952717141,28443.353119901763,27169.771563519647,27382.03515625,4944022,0.0,0.0
2008-08-20 00:00:00+07:00,26532.978661790505,27806.56313581994,26532.978661790505,26957.505859375,3846440,0.0,0.0
2008-08-21 00:00:00+07:00,27594.29905841808,28231.08984375,27169.7718681968,28231.08984375,3602429,0.0,0.0
2008-08-22 00:00:00+07:00,28231.08952717141,28443.353119901763,27382.03515625,27382.03515625,2127087,0.0,0.0
2008-08-25 00:00:00+07:00,28231.09191919407,28655.619140625,27594.301087047672,28655.619140625,3238115,0.0,0.0
2008-08-26 00:00:00+07:00,29716.94007547844,29716.94007547844,28443.35552990953,28655.619140625,3573883,0.0,0.0
2008-08-27 00:00:00+07:00,28655.61695546228,29292.40773904956,28018.826171875,28018.826171875,3680807,0.0,0.0
2008-08-28 00:00:00+07:00,26745.240234375,27169.77028107323,26745.240234375,26745.240234375,1603864,0.0,0.0
2008-08-29 00:00:00+07:00,25471.66001345756,27594.298828125004,25471.66001345756,27594.298828125,4917073,0.0,0.0
2008-09-03 00:00:00+07:00,28018.826171875,28655.61695546228,28018.826171875,28018.826171875,1943279,0.0,0.0
2008-09-04 00:00:00+07:00,27169.77164144669,27594.298828125004,26745.2415734925,27594.298828125,1469764,0.0,0.0
2008-09-05 00:00:00+07:00,26745.244022425217,26957.507635200327,26320.716796875,26320.716796875,1121766,0.0,0.0
2008-09-08 00:00:00+07:00,25047.13488776477,26108.45294179035,25047.13488776477,25471.662109375,1581519,0.0,0.0
2008-09-09 00:00:00+07:00,25896.1875,26532.97828739117,25471.660308405884,25896.1875,904720,0.0,0.0
2008-09-10 00:00:00+07:00,26320.71469159412,26532.97828739117,25471.660308405884,25896.1875,1238558,0.0,0.0
2008-09-11 00:00:00+07:00,25471.662109375,25896.189330985235,25471.662109375,25471.662109375,1375455,0.0,0.0
2008-09-12 00:00:00+07:00,24198.076171875,24622.6062503508,24198.076171875,24198.076171875,2139024,0.0,0.0
2008-09-15 00:00:00+07:00,25259.396484375,25259.396484375,24410.339227582608,25259.396484375,1268496,0.0,0.0
2008-09-16 00:00:00+07:00,24198.076171875,24622.6062503508,24198.076171875,24198.076171875,795641,0.0,0.0
2008-09-17 00:00:00+07:00,23136.757888439617,23773.54867624576,23136.757888439617,23349.021484375,2445045,0.0,0.0
2008-09-18 00:00:00+07:00,22287.703125,22499.96673103956,22287.703125,22287.703125,2260108,0.0,0.0
2008-09-19 00:00:00+07:00,23349.021484375,23349.021484375,23349.021484375,23349.021484375,880343,0.0,0.0
2008-09-22 00:00:00+07:00,24410.33984375,24410.33984375,24410.33984375,24410.33984375,70419,0.0,0.0
2008-09-23 00:00:00+07:00,23985.813329803605,25471.6599182626,23561.28470407394,24834.869140625,3588965,0.0,0.0
2008-09-24 00:00:00+07:00,24622.6062503508,24834.86984895072,24198.076171875,24198.076171875,837932,0.0,0.0
2008-09-25 00:00:00+07:00,24834.869296616744,25259.396484375,24622.605702737616,25259.396484375,1581710,0.0,0.0
2008-09-26 00:00:00+07:00,26320.714613629945,26320.714613629945,25259.396637788373,25683.923828125,1856127,0.0,0.0
2008-09-29 00:00:00+07:00,25683.92232081874,26745.240234375,25047.131572684983,26745.240234375,2661708,0.0,0.0
2008-09-30 00:00:00+07:00,25471.662109375,25471.662109375,25471.662109375,25471.662109375,38310,0.0,0.0
2008-10-01 00:00:00+07:00,25471.65983619798,25683.923428059978,24410.33899561216,24622.60546875,1348402,0.0,0.0
2008-10-02 00:00:00+07:00,25471.65999893629,25471.65999893629,24198.075558351546,25047.1328125,990535,0.0,0.0
2008-10-03 00:00:00+07:00,24198.0762445129,24834.869923500148,24198.0762445129,24410.33984375,449606,0.0,0.0
2008-10-06 00:00:00+07:00,23773.54867624576,23985.813712819094,23349.021484375,23349.021484375,1461616,0.0,0.0
2008-10-07 00:00:00+07:00,22287.703125,22499.96673103956,22287.703125,22287.703125,2676738,0.0,0.0
2008-10-08 00:00:00+07:00,21226.38171285612,22075.4375,21226.38171285612,22075.4375,1754051,0.0,0.0
2008-10-09 00:00:00+07:00,22075.440145057783,23136.75964599444,22075.440145057783,22712.232421875,783375,0.0,0.0
2008-10-10 00:00:00+07:00,21226.384363251083,21650.91303015,21183.931640625,21183.931640625,1679635,0.0,0.0
2008-10-13 00:00:00+07:00,21226.38348571816,21650.91213506637,20886.76171875,20886.76171875,907240,0.0,0.0
2008-10-14 00:00:00+07:00,21863.17578125,21863.17578125,21863.17578125,21863.17578125,111111,0.0,0.0
2008-10-15 00:00:00+07:00,22924.494140625,22924.494140625,21650.9111328125,22924.494140625,2380236,0.0,0.0
2008-10-16 00:00:00+07:00,21863.173913373503,22287.7010866265,21863.173913373503,22075.4375,869102,0.0,0.0
2008-10-17 00:00:00+07:00,22499.964673253,22499.964673253,22075.4375,22075.4375,563862,0.0,0.0
2008-10-20 00:00:00+07:00,21438.64785076089,21650.911448383817,21226.3828125,21226.3828125,708767,0.0,0.0
2008-10-21 00:00:00+07:00,22287.7010866265,22287.7010866265,21650.910326747,22075.4375,1546109,0.0,0.0
2008-10-22 00:00:00+07:00,21438.6485717276,21863.17578125,21438.6485717276,21863.17578125,245104,0.0,0.0
2008-10-23 00:00:00+07:00,20886.76090719303,21438.64769771069,20801.85546875,20801.85546875,1406156,0.0,0.0
2008-10-24 00:00:00+07:00,19825.442956745825,19952.8011238583,19782.990234375,19782.990234375,1584230,0.0,0.0
2008-10-27 00:00:00+07:00,18806.576171875,18806.576171875,18806.576171875,18806.576171875,862986,0.0,0.0
2008-10-28 00:00:00+07:00,17872.614154205676,19740.53515625,17872.614154205676,19740.53515625,1137038,0.0,0.0
2008-10-29 00:00:00+07:00,20716.94987624655,20716.94987624655,19528.272306245686,20377.328125,2133881,0.0,0.0
2008-10-30 00:00:00+07:00,19400.913417812462,20165.063769934808,19400.913417812462,19740.53515625,1213070,0.0,0.0
2008-10-31 00:00:00+07:00,19316.00995662193,19952.80078125,19103.746348412576,19952.80078125,1687036,0.0,0.0
2008-11-03 00:00:00+07:00,19867.89590956164,19867.89590956164,19103.746898023543,19188.65234375,718706,0.0,0.0
2008-11-04 00:00:00+07:00,19103.746512457965,20122.61328125,18721.67201440022,20122.61328125,1416111,0.0,0.0
2008-11-05 00:00:00+07:00,21099.025390625,21099.025390625,20801.85634357688,21099.025390625,1911240,0.0,0.0
2008-11-06 00:00:00+07:00,20165.0636371754,21650.910173695225,20080.158203125,20080.158203125,1533008,0.0,0.0
2008-11-07 00:00:00+07:00,19188.65234375,19952.80135528809,19188.65234375,19188.65234375,707985,0.0,0.0
2008-11-10 00:00:00+07:00,19316.00813618869,19698.082594957006,19146.197265625,19146.197265625,809176,0.0,0.0
2008-11-11 00:00:00+07:00,18339.5944830844,18509.4053563636,18212.236328125,18212.236328125,1202541,0.0,0.0
2008-11-12 00:00:00+07:00,17320.728515625,17575.446276664912,17320.728515625,17320.728515625,1257150,0.0,0.0
2008-11-13 00:00:00+07:00,16641.484391473678,17957.520106495787,16641.484391473678,17405.634765625,719557,0.0,0.0
2008-11-14 00:00:00+07:00,18212.23699333829,18212.23699333829,17617.89891515253,17872.615234375,542734,0.0,0.0
2008-11-17 00:00:00+07:00,17830.16195091022,17830.16195091022,17405.634765625,17405.634765625,209035,0.0,0.0
2008-11-18 00:00:00+07:00,16981.106611289983,17235.82292953493,16896.201171875,16896.201171875,582227,0.0,0.0
2008-11-19 00:00:00+07:00,16981.10528901815,16981.10528901815,16514.125408598185,16556.578125,741919,0.0,0.0
2008-11-20 00:00:00+07:00,16132.052316355564,16386.768636167068,15834.8818359375,15834.8818359375,764680,0.0,0.0
2008-11-21 00:00:00+07:00,15198.090646620429,15877.334148697082,15198.090646620429,15792.4287109375,2044939,0.0,0.0
2008-11-24 00:00:00+07:00,16259.41005925314,16259.41005925314,15749.975992057707,15792.4287109375,543255,0.0,0.0
2008-11-25 00:00:00+07:00,16089.598566195273,16089.598566195273,15877.334960937502,15877.3349609375,550362,0.0,0.0
2008-11-26 00:00:00+07:00,15962.23925665698,15962.23925665698,15452.806640625,15452.806640625,423179,0.0,0.0
2008-11-27 00:00:00+07:00,15325.447740934897,15495.25860468316,15070.7314453125,15070.7314453125,852491,0.0,0.0
2008-11-28 00:00:00+07:00,15537.712397658755,15792.4287109375,15495.259678778964,15792.4287109375,1416563,0.0,0.0
2008-12-01 00:00:00+07:00,15282.99690145114,15834.882276393737,15282.99690145114,15367.90234375,410286,0.0,0.0
2008-12-02 00:00:00+07:00,14731.108590440275,14985.826332117176,14731.108590440275,14900.9208984375,362437,0.0,0.0
2008-12-03 00:00:00+07:00,15198.089916316365,15198.089916316365,14816.014024119952,14900.9208984375,475268,0.0,0.0
2008-12-04 00:00:00+07:00,14858.46955845259,15198.091324642226,14858.46955845259,14943.375,749095,0.0,0.0
2008-12-05 00:00:00+07:00,14731.108720420178,14773.561437634597,14518.84513434808,14561.2978515625,407298,0.0,0.0
2008-12-08 00:00:00+07:00,13966.960698805244,14009.413418719492,13839.6025390625,13839.6025390625,663437,0.0,0.0
2008-12-09 00:00:00+07:00,13839.6025390625,13966.960698805244,13797.149819148251,13839.6025390625,902114,0.0,0.0
2008-12-10 00:00:00+07:00,13372.621666774066,13584.886714719934,13287.716223850932,13330.1689453125,497890,0.0,0.0
2008-12-11 00:00:00+07:00,13160.358059466227,13457.5271096972,13160.358059466227,13330.1689453125,481262,0.0,0.0
2008-12-12 00:00:00+07:00,13584.88550189408,13966.9599609375,13584.88550189408,13966.9599609375,814250,0.0,0.0
2008-12-15 00:00:00+07:00,14603.751953125,14603.751953125,14051.866577022129,14603.751953125,748469,0.0,0.0
2008-12-16 00:00:00+07:00,14433.940969246656,14433.940969246656,13669.7919921875,13669.7919921875,588882,0.0,0.0
2008-12-17 00:00:00+07:00,13669.791638653209,14349.03515625,13669.791638653209,14349.03515625,1077790,0.0,0.0
2008-12-18 00:00:00+07:00,14646.203398375572,15028.279296875,14349.03437559438,15028.279296875,1345431,0.0,0.0
2008-12-19 00:00:00+07:00,14900.921770345822,15749.976156823905,14900.921770345822,15707.5234375,1146525,0.0,0.0
2008-12-22 00:00:00+07:00,16047.145361790948,16047.145361790948,15622.618164062502,15622.6181640625,739573,0.0,0.0
2008-12-23 00:00:00+07:00,14943.374186927686,15070.732342319212,14858.46875,14858.46875,818298,0.0,0.0
2008-12-24 00:00:00+07:00,14221.677461976858,14646.204674363684,14221.677461976858,14603.751953125,374582,0.0,0.0
2008-12-25 00:00:00+07:00,14688.65600320576,14858.46831270132,14561.2978515625,14561.2978515625,449293,0.0,0.0
2008-12-26 00:00:00+07:00,14433.94106817027,14773.56283807973,14433.94106817027,14603.751953125,396456,0.0,0.0
2008-12-29 00:00:00+07:00,14646.202845304,15070.7314453125,14646.202845304,15070.7314453125,1003634,0.0,0.0
2008-12-30 00:00:00+07:00,15070.732499220909,15410.354250467455,15070.732499220909,15282.99609375,912174,0.0,0.0
2008-12-31 00:00:00+07:00,15282.996335876329,15410.354494611502,14646.2041015625,14646.2041015625,616681,0.0,0.0
2009-01-02 00:00:00+07:00,14646.2041015625,14688.65682114089,14603.751381984108,14646.2041015625,174424,0.0,0.0
2009-01-05 00:00:00+07:00,14816.014979876065,14816.014979876065,14646.2041015625,14646.2041015625,471237,0.0,0.0
2009-01-06 00:00:00+07:00,14943.374429285142,15070.732586742217,14858.46899098043,14985.8271484375,832963,0.0,0.0
2009-01-07 00:00:00+07:00,15282.99576861434,15622.61751263566,15282.99576861434,15452.806640625,1110785,0.0,0.0
2009-01-08 00:00:00+07:00,15070.73201441517,15410.353754736532,14985.82657933483,15028.279296875,1036456,0.0,0.0
2009-01-09 00:00:00+07:00,14943.37386179466,15070.73201441517,14943.37386179466,15028.279296875,432891,0.0,0.0
2009-01-12 00:00:00+07:00,15028.279867589858,15070.732586742217,14985.8271484375,14985.8271484375,293824,0.0,0.0
2009-01-13 00:00:00+07:00,14900.92210143956,14943.374821706748,14731.10977973281,14773.5625,332031,0.0,0.0
2009-01-14 00:00:00+07:00,14561.298422002508,14858.468894783004,14518.845703125,14518.845703125,676433,0.0,0.0
2009-01-15 00:00:00+07:00,14433.940265369984,14603.751140880016,14391.487546492475,14518.845703125,272957,0.0,0.0
2009-01-16 00:00:00+07:00,14518.846510647636,14773.56283807973,14518.846510647636,14603.751953125,413310,0.0,0.0
2009-01-19 00:00:00+07:00,14603.749746030651,14603.749746030651,14476.3916015625,14476.3916015625,137173,0.0,0.0
2009-01-20 00:00:00+07:00,14306.58358262606,14476.394475630295,14264.130859375,14264.130859375,214161,0.0,0.0
2009-01-21 00:00:00+07:00,14179.224609374998,14349.03549275652,14179.224609374998,14179.224609375,316567,0.0,0.0
2009-01-22 00:00:00+07:00,14433.938886739785,14561.297031207934,14433.938886739785,14476.3916015625,177134,0.0,0.0
2009-01-23 00:00:00+07:00,14391.487546492475,14518.845703125,14391.487546492475,14518.845703125,109686,0.0,0.0
2009-02-02 00:00:00+07:00,14349.034837184048,14433.940274995686,14009.4130859375,14009.4130859375,171001,0.0,0.0
2009-02-03 00:00:00+07:00,13457.5263671875,13584.885965183254,13457.5263671875,13457.5263671875,836837,0.0,0.0
2009-02-04 00:00:00+07:00,13457.525550272,13627.337857078865,13330.16740064525,13372.6201171875,405786,0.0,0.0
2009-02-05 00:00:00+07:00,13457.526379912935,13457.526379912935,12948.09375,12948.09375,452317,0.0,0.0
2009-02-06 00:00:00+07:00,13033.000230772432,13245.263843547544,12990.54750821741,13160.3583984375,409522,0.0,0.0
2009-02-09 00:00:00+07:00,13584.885419407616,13754.6962890625,13372.620391701115,13754.6962890625,302112,0.0,0.0
2009-02-10 00:00:00+07:00,13415.073648068232,13542.433246063987,13415.073648068232,13457.5263671875,245452,0.0,0.0
2009-02-11 00:00:00+07:00,12905.641030840588,13032.999188318823,12905.641030840588,12948.09375,631571,0.0,0.0
2009-02-12 00:00:00+07:00,12948.095127885435,13117.90602259369,12948.095127885435,12990.5478515625,403875,0.0,0.0
2009-02-13 00:00:00+07:00,12990.5478515625,13033.000575239565,12948.095127885435,12990.5478515625,187525,0.0,0.0
2009-02-16 00:00:00+07:00,12990.547148670295,12990.547148670295,12608.47265625,12608.47265625,363618,0.0,0.0
2009-02-17 00:00:00+07:00,12353.755692185445,12396.208411380652,12014.13321830479,12056.5859375,855862,0.0,0.0
2009-02-18 00:00:00+07:00,11674.510816771057,11886.7744140625,11674.510816771057,11886.7744140625,649728,0.0,0.0
2009-02-19 00:00:00+07:00,12099.037542482698,12396.2080078125,12056.585544988522,12396.2080078125,1166349,0.0,0.0
2009-02-20 00:00:00+07:00,12311.302813031854,12523.56640625,12141.490497819404,12523.56640625,706561,0.0,0.0
2009-02-23 00:00:00+07:00,12353.75586240282,12353.75586240282,11971.6806640625,11971.6806640625,451118,0.0,0.0
2009-02-24 00:00:00+07:00,11632.058113989924,11632.058113989924,11377.341796875,11377.341796875,931512,0.0,0.0
2009-02-25 00:00:00+07:00,11929.228515625,11929.228515625,11716.96418623901,11929.228515625,485206,0.0,0.0
2009-02-26 00:00:00+07:00,11886.7744140625,11929.22785383977,11589.60537785448,11886.7744140625,575712,0.0,0.0
2009-02-27 00:00:00+07:00,11886.774340400189,12183.943374766652,11716.96346361935,12056.5859375,497369,0.0,0.0
2009-03-02 00:00:00+07:00,12014.1337890625,12014.1337890625,11844.322183895414,12014.1337890625,356790,0.0,0.0
2009-03-03 00:00:00+07:00,11674.51090833248,11759.416347914956,11462.247309376284,11589.60546875,449328,0.0,0.0
2009-03-04 00:00:00+07:00,11547.152584626272,11801.868899748728,11504.699865439195,11674.5107421875,274155,0.0,0.0
2009-03-05 00:00:00+07:00,11971.680163395664,11971.680163395664,11716.963135048294,11844.3212890625,416177,0.0,0.0
2009-03-06 00:00:00+07:00,11716.963135048294,11844.3212890625,11589.604981034086,11844.3212890625,298758,0.0,0.0
2009-03-09 00:00:00+07:00,11844.322351679191,11929.228515625,11844.322351679191,11929.228515625,652734,0.0,0.0
2009-03-10 00:00:00+07:00,11886.774905107432,12056.58651027452,11844.322183895414,12014.1337890625,760058,0.0,0.0
2009-03-11 00:00:00+07:00,12311.302734375,12311.302734375,12099.03770187508,12311.302734375,1091082,0.0,0.0
2009-03-12 00:00:00+07:00,11971.681237438394,12226.396847999737,11844.322351679191,11929.228515625,890021,0.0,0.0
2009-03-13 00:00:00+07:00,11971.681237438394,12099.038682559552,11929.228515625,11929.228515625,456382,0.0,0.0
2009-03-16 00:00:00+07:00,11971.6806640625,12014.133383842647,11929.227944282353,11971.6806640625,412597,0.0,0.0
2009-03-17 00:00:00+07:00,12141.490890447483,12566.01953125,12141.490890447483,12566.01953125,1821517,0.0,0.0
2009-03-18 00:00:00+07:00,13160.3583984375,13160.3583984375,12735.83117288728,13160.3583984375,1674700,0.0,0.0
2009-03-19 00:00:00+07:00,12566.01912489363,13372.620779122588,12523.56640625,12523.56640625,1593039,0.0,0.0
2009-03-20 00:00:00+07:00,12438.660889492196,12735.82991809899,12099.03770187508,12311.302734375,876642,0.0,0.0
2009-03-23 00:00:00+07:00,12183.943542644254,12226.3962624244,11929.227944282353,11971.6806640625,835795,0.0,0.0
2009-03-24 00:00:00+07:00,12566.01953125,12566.01953125,12481.114091217092,12566.01953125,1361868,0.0,0.0
2009-03-25 00:00:00+07:00,12566.02028266719,13160.3583984375,12311.30394733706,13160.3583984375,3184341,0.0,0.0
2009-03-26 00:00:00+07:00,13797.149414062502,13797.149414062502,13584.885820723344,13797.1494140625,3225049,0.0,0.0
2009-03-27 00:00:00+07:00,14476.39365529266,14476.39365529266,14179.224609374998,14179.224609375,3447637,0.0,0.0
2009-03-30 00:00:00+07:00,13627.338460609908,14094.318363256389,13499.97886470476,13584.8857421875,1734487,0.0,0.0
2009-03-31 00:00:00+07:00,13372.620524352662,13499.978677857172,13245.262370848151,13415.0732421875,1830604,0.0,0.0
2009-04-01 00:00:00+07:00,13584.886289477932,14051.866210937498,13415.073968309198,14051.8662109375,1473205,0.0,0.0
2009-04-02 00:00:00+07:00,14051.865481084553,14688.65625,14009.412763156855,14688.65625,2330389,0.0,0.0
2009-04-03 00:00:00+07:00,15410.3544921875,15410.3544921875,15282.99633347236,15410.3544921875,2666035,0.0,0.0
2009-04-07 00:00:00+07:00,15282.996331295535,16174.5048828125,15282.996331295535,16174.5048828125,2736385,0.0,0.0
2009-04-08 00:00:00+07:00,15367.902343750002,16683.93814002036,15367.902343750002,15367.90234375,2693677,0.0,0.0
2009-04-09 00:00:00+07:00,15367.901531561638,15495.259688279091,14985.82706140927,15282.99609375,1772450,0.0,0.0
2009-04-10 00:00:00+07:00,16047.1455078125,16047.1455078125,16047.1455078125,16047.1455078125,1179276,0.0,0.0
2009-04-13 00:00:00+07:00,16811.294921875,16811.294921875,16768.842204214438,16811.294921875,1367827,0.0,0.0
2009-04-14 00:00:00+07:00,16981.106139701853,17405.634765625,16556.578954416633,17405.634765625,4670438,0.0,0.0
2009-04-15 00:00:00+07:00,16641.48355780363,17405.63389367416,16556.578125,16556.578125,2862508,0.0,0.0
2009-04-16 00:00:00+07:00,17066.01280101757,17066.01280101757,16386.76925583456,16768.84375,2489385,0.0,0.0
2009-04-17 00:00:00+07:00,16344.316573418206,16344.316573418206,15962.240637699351,16004.693359375,1663424,0.0,0.0
2009-04-20 00:00:00+07:00,15240.5419921875,15240.5419921875,15240.5419921875,15240.5419921875,873932,0.0,0.0
2009-04-21 00:00:00+07:00,14518.84579712362,14985.8271484375,14518.84579712362,14985.8271484375,2802478,0.0,0.0
2009-04-22 00:00:00+07:00,15665.070718176095,15707.5234375,15282.99624426096,15707.5234375,1238941,0.0,0.0
2009-04-23 00:00:00+07:00,15707.524351153676,15919.787960119857,15495.2607421875,15495.2607421875,401269,0.0,0.0
2009-04-24 00:00:00+07:00,15028.279540626305,15282.995849998695,14858.468667711371,15155.6376953125,823250,0.0,0.0
2009-04-27 00:00:00+07:00,15282.995849998695,15452.806722913629,15070.732258855036,15155.6376953125,847974,0.0,0.0
2009-04-28 00:00:00+07:00,15113.183847024266,15282.99470724191,15070.731131969857,15240.5419921875,650875,0.0,0.0
2009-04-29 00:00:00+07:00,15282.99713322132,15495.2607421875,15198.09168963485,15495.2607421875,933996,0.0,0.0
2009-05-04 00:00:00+07:00,16259.4111328125,16259.4111328125,16259.4111328125,16259.4111328125,237042,0.0,0.0
2009-05-05 00:00:00+07:00,17066.01171875,17066.01171875,17066.01171875,17066.01171875,978007,0.0,0.0
2009-05-06 00:00:00+07:00,17745.256661495674,17830.16209925914,16556.579092169202,17066.01171875,4503537,0.0,0.0
2009-05-07 00:00:00+07:00,17915.068359375,17915.068359375,17575.446592731532,17915.068359375,2866504,0.0,0.0
2009-05-08 00:00:00+07:00,18551.860472903987,18679.218644327128,17957.52233959601,18254.69140625,2095951,0.0,0.0
2009-05-11 00:00:00+07:00,18509.40584443924,18891.481760030343,18254.68952780381,18466.953125,2025826,0.0,0.0
2009-05-12 00:00:00+07:00,18466.952797132915,18679.216390560523,18042.4256102777,18636.763671875,1477792,0.0,0.0
2009-05-13 00:00:00+07:00,17915.067547186638,18679.21648749137,17745.256671563362,17830.162109375,2947888,0.0,0.0
2009-05-14 00:00:00+07:00,17830.162109375,17830.162109375,17405.634920316814,17830.162109375,1519492,0.0,0.0
2009-05-15 00:00:00+07:00,18254.688591360984,18721.669921875,17830.161418746316,18721.669921875,2900472,0.0,0.0
2009-05-18 00:00:00+07:00,18636.76400275695,19103.745357226533,18466.953125,18466.953125,2006644,0.0,0.0
2009-05-19 00:00:00+07:00,19273.55697805382,19273.55697805382,18849.02976729427,19103.74609375,2439277,0.0,0.0
2009-05-20 00:00:00+07:00,19103.74609375,19316.009699129776,18891.482488370224,19103.74609375,1539715,0.0,0.0
2009-05-21 00:00:00+07:00,19103.745357226533,19103.745357226533,18466.953125,18466.953125,1568488,0.0,0.0
2009-05-22 00:00:00+07:00,17617.8984375,18042.42562469443,17575.445718780556,17617.8984375,2133811,0.0,0.0
2009-05-25 00:00:00+07:00,17617.89873621524,18466.953125,17617.89873621524,18466.953125,1904447,0.0,0.0
2009-05-26 00:00:00+07:00,18636.766377672186,18636.766377672186,18169.786404332503,18509.408203125,1776359,0.0,0.0
2009-05-27 00:00:00+07:00,18509.405027697943,18594.3104628299,18169.7832871701,18382.046875,1301317,0.0,0.0
2009-05-28 00:00:00+07:00,17915.067547186638,18212.23657952737,17787.709390469183,17830.162109375,699263,0.0,0.0
2009-05-29 00:00:00+07:00,17830.162917714133,17957.521080205435,17660.3520343924,17915.068359375,1144023,0.0,0.0
2009-06-01 00:00:00+07:00,18466.954501142467,18764.125,18169.785442923003,18764.125,1623184,0.0,0.0
2009-06-02 00:00:00+07:00,19698.082264865683,19698.082264865683,19316.0078125,19316.0078125,3077312,0.0,0.0
2009-06-03 00:00:00+07:00,19103.747244139748,19316.010862301617,18976.389073242623,19018.841796875,1533286,0.0,0.0
2009-06-04 00:00:00+07:00,19018.84065159809,19316.009699129776,18976.38793052213,19103.74609375,2109625,0.0,0.0
2009-06-05 00:00:00+07:00,20037.70703125,20037.70703125,19825.44198911792,20037.70703125,3110133,0.0,0.0
2009-06-08 00:00:00+07:00,21014.119140625,21014.119140625,21014.119140625,21014.119140625,551091,0.0,0.0
2009-06-09 00:00:00+07:00,21863.175713478224,21863.175713478224,21014.11985642732,21650.912109375,4770569,0.0,0.0
2009-06-10 00:00:00+07:00,20801.85539220148,21014.118987527945,20589.591796875,20589.591796875,1801831,0.0,0.0
2009-06-11 00:00:00+07:00,20589.59187264242,21226.38266096516,20589.59187264242,20801.85546875,2472306,0.0,0.0
2009-06-12 00:00:00+07:00,21014.11764433186,21056.57036068363,20249.96875,20249.96875,2359909,0.0,0.0
2009-06-15 00:00:00+07:00,19273.556640625,19316.00936095772,19273.556640625,19273.556640625,2189757,0.0,0.0
2009-06-16 00:00:00+07:00,18339.59765625,18339.59765625,18339.59765625,18339.59765625,2163938,0.0,0.0
2009-06-17 00:00:00+07:00,17532.993297410387,19231.103515625,17532.993297410387,19231.103515625,1787775,0.0,0.0
2009-06-18 00:00:00+07:00,19952.8014723992,19952.8014723992,19316.0106257132,19613.1796875,1190848,0.0,0.0
2009-06-19 00:00:00+07:00,19613.17650806655,19698.081940527587,19146.196629530867,19485.818359375,961206,0.0,0.0
2009-06-22 00:00:00+07:00,18679.21557235288,18891.48059712056,18551.857421875,18551.857421875,1491188,0.0,0.0
2009-06-23 00:00:00+07:00,17660.3515625,17830.162441284312,17660.3515625,17660.3515625,2933380,0.0,0.0
2009-06-24 00:00:00+07:00,18509.408203125,18509.408203125,18466.955478275937,18509.408203125,631415,0.0,0.0
2009-06-25 00:00:00+07:00,19400.916499452043,19400.916499452043,17830.164269042438,18679.21875,1885039,0.0,0.0
2009-06-26 00:00:00+07:00,18679.215617919315,19316.0078125,18679.215617919315,19316.0078125,918568,0.0,0.0
2009-06-29 00:00:00+07:00,19316.00796353553,19316.00796353553,18721.669921875,18721.669921875,972986,0.0,0.0
2009-06-30 00:00:00+07:00,18679.218173165264,18679.218173165264,17915.06916390122,17999.974609375,1477097,0.0,0.0
2009-07-01 00:00:00+07:00,17405.63614383811,17830.163362738243,17193.37109375,17193.37109375,1740064,0.0,0.0
2009-07-02 00:00:00+07:00,17405.63452294541,17957.519856121486,17193.369492624395,17787.708984375,1116432,0.0,0.0
2009-07-03 00:00:00+07:00,17405.634920316814,17915.067547186638,17363.18076077305,17830.162109375,839252,0.0,0.0
2009-07-06 00:00:00+07:00,17999.972287792185,18721.669921875,17999.972287792185,18721.669921875,778666,0.0,0.0
2009-07-07 00:00:00+07:00,18254.68872230206,18764.12277373172,18254.68872230206,18382.046875,566798,0.0,0.0
2009-07-08 00:00:00+07:00,18297.14493058492,18382.050381915084,18042.428576594422,18339.59765625,510417,0.0,0.0
2009-07-09 00:00:00+07:00,18254.68872230206,18466.95231013196,18254.68872230206,18382.046875,490975,0.0,0.0
2009-07-10 00:00:00+07:00,18466.955833245247,18466.955833245247,18084.881302259502,18339.59765625,659198,0.0,0.0
2009-07-13 00:00:00+07:00,18042.42529199473,18084.878009931348,17787.708984375,17787.708984375,368170,0.0,0.0
2009-07-14 00:00:00+07:00,17745.25626643838,17787.708984375,17575.445394691895,17787.708984375,758755,0.0,0.0
2009-07-15 00:00:00+07:00,17830.162185810957,18254.689376689043,17830.162185810957,18042.42578125,412980,0.0,0.0
2009-07-16 00:00:00+07:00,18679.21900413128,18679.21900413128,18084.880859375,18084.880859375,449241,0.0,0.0
2009-07-17 00:00:00+07:00,18084.88051101915,18297.14413005772,18042.42778721144,18254.69140625,557346,0.0,0.0
2009-07-20 00:00:00+07:00,17660.350830565138,18042.42529199473,17660.350830565138,17787.708984375,464409,0.0,0.0
2009-07-21 00:00:00+07:00,17787.709390469183,17999.972984998276,17745.256671563362,17830.162109375,740598,0.0,0.0
2009-07-22 00:00:00+07:00,18254.69060011597,18254.69060011597,18084.87971238403,18169.78515625,567667,0.0,0.0
2009-07-23 00:00:00+07:00,18169.786061425464,18679.21875,18127.333337377582,18679.21875,829853,0.0,0.0
2009-07-24 00:00:00+07:00,19613.1796875,19613.1796875,19613.1796875,19613.1796875,901749,0.0,0.0
2009-07-27 00:00:00+07:00,20377.328125,20377.328125,19698.08318186896,20377.328125,1977004,0.0,0.0
2009-07-28 00:00:00+07:00,19825.442833808327,20292.424217629705,19358.462890625,19358.462890625,1107536,0.0,0.0
2009-07-29 00:00:00+07:00,19528.2737790553,19698.0846674856,19358.462890625,19358.462890625,1013938,0.0,0.0
2009-07-30 00:00:00+07:00,19358.462890625,19358.462890625,18891.48294744168,19358.462890625,367441,0.0,0.0
2009-07-31 00:00:00+07:00,19867.89317736113,20080.158203125,19528.271441159537,20080.158203125,1379885,0.0,0.0
2009-08-03 00:00:00+07:00,20080.16055924358,20292.424169275662,19952.800952586287,20122.61328125,823667,0.0,0.0
2009-08-04 00:00:00+07:00,20377.328125,20462.23356281164,20207.517249376728,20377.328125,1024727,0.0,0.0
2009-08-05 00:00:00+07:00,20292.422281941974,20377.327718058023,19952.79909683987,20334.875,1047402,0.0,0.0
2009-08-06 00:00:00+07:00,20334.875406094183,20674.49715734073,20334.875406094183,20377.328125,1272683,0.0,0.0
2009-08-07 00:00:00+07:00,20165.064530470907,20462.23356281164,20122.61181156509,20377.328125,1022816,0.0,0.0
2009-08-10 00:00:00+07:00,20589.593347261965,20589.593347261965,20377.32973595214,20547.140625,1122565,0.0,0.0
2009-08-11 00:00:00+07:00,20547.139884677872,20674.498046875,20419.781722480744,20674.498046875,943709,0.0,0.0
2009-08-12 00:00:00+07:00,20674.498791785893,20716.95151404785,20547.140625,20547.140625,1138550,0.0,0.0
2009-08-13 00:00:00+07:00,20589.59098164381,20589.59098164381,20504.685546875,20504.685546875,1058817,0.0,0.0
2009-08-14 00:00:00+07:00,20462.2328294906,20547.138264259407,20419.780112106186,20504.685546875,906371,0.0,0.0
2009-08-17 00:00:00+07:00,20419.78084390582,20504.68628171745,20292.42268718836,20377.328125,545636,0.0,0.0
2009-08-18 00:00:00+07:00,20080.16022166144,20462.23471329585,20080.16022166144,20292.423828125,692087,0.0,0.0
2009-08-19 00:00:00+07:00,20419.78084390582,20462.23356281164,20334.875406094183,20377.328125,630963,0.0,0.0
2009-08-20 00:00:00+07:00,20377.328125,20419.78084390582,20292.42268718836,20377.328125,747687,0.0,0.0
2009-08-21 00:00:00+07:00,20462.23356281164,20801.855314058183,20377.328125,20377.328125,1432010,0.0,0.0
2009-08-24 00:00:00+07:00,20674.497458680395,21226.3828125,20589.59201963122,21226.3828125,2065911,0.0,0.0
2009-08-25 00:00:00+07:00,22287.703125,22287.703125,22075.43951896044,22287.703125,6587187,0.0,0.0
2009-08-26 00:00:00+07:00,22287.702921684675,22287.702921684675,21438.648505271776,21650.912109375,2001380,0.0,0.0
2009-08-27 00:00:00+07:00,21438.64785076089,21438.64785076089,21014.119214877075,21226.3828125,2247615,0.0,0.0
2009-08-28 00:00:00+07:00,21226.38339342978,21438.6484375,21099.025231370448,21438.6484375,1364874,0.0,0.0
2009-08-31 00:00:00+07:00,21438.64785076089,21650.911448383817,21141.47737345083,21226.3828125,3010193,0.0,0.0
2009-09-01 00:00:00+07:00,21226.383553645624,21226.383553645624,21014.11994861125,21099.025390625,2237885,0.0,0.0
2009-09-03 00:00:00+07:00,20801.8558014772,21014.11940097995,20632.044921875,20632.044921875,1571685,0.0,0.0
2009-09-04 00:00:00+07:00,20632.04477408965,20759.40293287905,20207.517578125,20207.517578125,1688130,0.0,0.0
2009-09-07 00:00:00+07:00,19400.916071938,19782.9905799496,19316.0106257132,19613.1796875,1448359,0.0,0.0
2009-09-08 00:00:00+07:00,19740.535193317777,20589.59098164381,19740.535193317777,20504.685546875,1193749,0.0,0.0
2009-09-09 00:00:00+07:00,20377.32689905531,20419.77961540708,20080.15788459292,20249.96875,728158,0.0,0.0
2009-09-10 00:00:00+07:00,20292.424291428208,20547.140625,20249.97156916624,20547.140625,1090890,0.0,0.0
2009-09-11 00:00:00+07:00,20632.046069523927,20801.85695857179,20547.140625,20547.140625,1066862,0.0,0.0
2009-09-14 00:00:00+07:00,20462.2340422728,20801.8558014772,20462.2340422728,20632.044921875,1232130,0.0,0.0
2009-09-15 00:00:00+07:00,20716.94987624655,20716.94987624655,20292.42268718836,20377.328125,941815,0.0,0.0
2009-09-16 00:00:00+07:00,20504.68587223209,20547.13859029012,20334.875,20334.875,1946250,0.0,0.0
2009-09-17 00:00:00+07:00,20122.61213893207,20334.8757369144,20080.159419335603,20207.517578125,1438560,0.0,0.0
2009-09-18 00:00:00+07:00,20165.064050888053,21141.4765625,20165.064050888053,21141.4765625,2026921,0.0,0.0
2009-09-21 00:00:00+07:00,21183.92952766704,21183.92952766704,20759.40234375,20759.40234375,1272144,0.0,0.0
2009-09-22 00:00:00+07:00,20504.68716394549,20759.40348833975,20504.68716394549,20674.498046875,846792,0.0,0.0
2009-09-23 00:00:00+07:00,20632.04451594029,20801.85539220148,20504.68635874441,20589.591796875,1373283,0.0,0.0
2009-09-24 00:00:00+07:00,20589.591719529093,20589.591719529093,20207.517249376728,20377.328125,959555,0.0,0.0
2009-09-25 00:00:00+07:00,20377.32893381829,20462.234375,20207.51805145488,20462.234375,1348350,0.0,0.0
2009-09-28 00:00:00+07:00,20801.85648363755,20801.85648363755,20165.06566424686,20292.423828125,1332296,0.0,0.0
2009-09-29 00:00:00+07:00,20207.517249376728,20419.78084390582,20207.517249376728,20377.328125,1076417,0.0,0.0
2009-09-30 00:00:00+07:00,20377.328793640547,20377.328793640547,20037.70703125,20037.70703125,866912,0.0,0.0
2009-10-01 00:00:00+07:00,20037.704668417824,20334.87367546759,19952.797797194355,19995.251953125,1361173,0.0,0.0
2009-10-02 00:00:00+07:00,19528.2713971476,19910.345849513287,19103.7442278524,19316.0078125,1425372,0.0,0.0
2009-10-05 00:00:00+07:00,19358.46021068345,19528.27107560552,19273.554778222417,19485.818359375,1199414,0.0,0.0
2009-10-06 00:00:00+07:00,19655.629224297067,19655.629224297067,19400.912926913967,19485.818359375,983741,0.0,0.0
2009-10-07 00:00:00+07:00,19528.27156972654,20080.158335325425,19528.27156972654,19740.53515625,805562,0.0,0.0
2009-10-08 00:00:00+07:00,20080.16038681365,20080.16038681365,19740.537173040644,19952.80078125,658972,0.0,0.0
2009-10-09 00:00:00+07:00,19952.80107269443,20547.140625,19952.80107269443,20547.140625,1034058,0.0,0.0
2009-10-12 00:00:00+07:00,20589.59227346232,21014.11947394179,20504.686833366417,20844.30859375,1459791,0.0,0.0
2009-10-13 00:00:00+07:00,20249.97156916624,20844.30968083376,20249.97156916624,20547.140625,607612,0.0,0.0
2009-10-14 00:00:00+07:00,20462.23378875545,21014.119140625,20419.781069380864,21014.119140625,1254769,0.0,0.0
2009-10-15 00:00:00+07:00,21650.91303015,21650.91303015,21014.120750120663,21183.931640625,2526653,0.0,0.0
2009-10-16 00:00:00+07:00,21141.477222522128,21141.477222522128,20801.85546875,20801.85546875,1037915,0.0,0.0
2009-10-19 00:00:00+07:00,20419.782458214104,20716.95151404785,20419.782458214104,20547.140625,665661,0.0,0.0
2009-10-20 00:00:00+07:00,20801.856209072124,20801.856209072124,20589.59260541025,20674.498046875,924284,0.0,0.0
2009-10-21 00:00:00+07:00,20377.32973595214,20674.498791785893,20377.32973595214,20547.140625,772272,0.0,0.0
2009-10-22 00:00:00+07:00,20547.139884677872,21014.119812734003,20462.23444321312,20674.498046875,1298068,0.0,0.0
2009-10-23 00:00:00+07:00,20674.49715734073,20801.855314058183,20377.328125,20377.328125,875339,0.0,0.0
2009-10-26 00:00:00+07:00,20377.32689905531,20462.23233175885,20207.51603364823,20249.96875,632423,0.0,0.0
2009-10-27 00:00:00+07:00,19952.79997108624,20037.70685156046,19825.44181133188,19867.89453125,823632,0.0,0.0
2009-10-28 00:00:00+07:00,19867.892167993432,20037.70446810497,19782.986738256568,19825.439453125,337000,0.0,0.0
2009-10-29 00:00:00+07:00,19103.74759649227,19273.558494153785,18849.03125,18849.03125,1540532,0.0,0.0
2009-10-30 00:00:00+07:00,19316.01121856916,19443.369391815297,18806.57852558462,18849.03125,1073046,0.0,0.0
2009-11-02 00:00:00+07:00,17957.521080205435,17957.521080205435,17915.068359375,17915.068359375,1425424,0.0,0.0
2009-11-03 00:00:00+07:00,18042.4273332635,18042.4273332635,17023.560546875,17023.560546875,823320,0.0,0.0
2009-11-04 00:00:00+07:00,17066.01292807996,17617.899753288177,16981.107484299933,17193.37109375,841233,0.0,0.0
2009-11-05 00:00:00+07:00,17235.82415947288,17999.974609375,17235.82415947288,17999.974609375,512224,0.0,0.0
2009-11-06 00:00:00+07:00,18551.858838205644,18551.858838205644,17320.728515625,17320.728515625,376528,0.0,0.0
2009-11-09 00:00:00+07:00,17320.728443197346,17490.540763393205,16981.10668408159,17108.46484375,812512,0.0,0.0
2009-11-10 00:00:00+07:00,17108.465992354202,17320.729606052206,16811.296933176993,17023.560546875,682306,0.0,0.0
2009-11-11 00:00:00+07:00,17320.72788793003,17405.634765625,17066.011576758894,17405.634765625,1061250,0.0,0.0
2009-11-12 00:00:00+07:00,17405.635574621636,17830.162779638456,17405.635574621636,17490.541015625,397377,0.0,0.0
2009-11-13 00:00:00+07:00,17490.541244434145,17490.541244434145,17193.370756396824,17363.181640625,623961,0.0,0.0
2009-11-16 00:00:00+07:00,17405.634988479153,17448.08770755122,17278.275390625,17278.275390625,519800,0.0,0.0
2009-11-17 00:00:00+07:00,17405.63614383811,17405.63614383811,17193.37109375,17193.37109375,599429,0.0,0.0
2009-11-18 00:00:00+07:00,17108.46491529006,17320.728515625,17108.46491529006,17320.728515625,356130,0.0,0.0
2009-11-19 00:00:00+07:00,17405.634765625,17405.634765625,17278.275169401506,17405.634765625,414648,0.0,0.0
2009-11-20 00:00:00+07:00,17490.540014696395,17830.161759274364,17235.822265625,17235.822265625,348710,0.0,0.0
2009-11-23 00:00:00+07:00,17235.82300341841,17278.275723307877,17108.46484375,17108.46484375,433812,0.0,0.0
2009-11-24 00:00:00+07:00,17108.465522591505,17108.465522591505,16768.84375,16768.84375,468440,0.0,0.0
2009-11-25 00:00:00+07:00,16641.484186542224,16726.3896225537,15962.2392578125,15962.2392578125,851761,0.0,0.0
2009-11-26 00:00:00+07:00,15198.091796875,15282.997241060575,15198.091796875,15198.091796875,853377,0.0,0.0
2009-11-27 00:00:00+07:00,14476.393289557724,15919.787202472413,14476.393289557724,15622.6181640625,637687,0.0,0.0
2009-11-30 00:00:00+07:00,15877.33400618216,16386.76806880491,15707.523132187218,16132.0517578125,659250,0.0,0.0
2009-12-01 00:00:00+07:00,16132.052163246834,16344.315761075166,16132.052163246834,16174.5048828125,1106945,0.0,0.0
2009-12-02 00:00:00+07:00,16132.052165544592,16132.052165544592,15410.3544921875,15410.3544921875,604363,0.0,0.0
2009-12-03 00:00:00+07:00,15410.353172809027,15410.353172809027,14646.202845304,15070.7314453125,927446,0.0,0.0
2009-12-04 00:00:00+07:00,15070.732982508318,15282.996583844268,14773.5625,14773.5625,985218,0.0,0.0
2009-12-07 00:00:00+07:00,14858.468807704145,14900.921526332855,14688.656492551369,14816.0146484375,566868,0.0,0.0
2009-12-08 00:00:00+07:00,14816.014154849016,14816.014154849016,14561.2978515625,14561.2978515625,834874,0.0,0.0
2009-12-09 00:00:00+07:00,14433.939699919243,14561.2978515625,14221.676113847148,14561.2978515625,1110767,0.0,0.0
2009-12-10 00:00:00+07:00,14985.82714291108,14985.82714291108,14221.6767578125,14221.6767578125,475059,0.0,0.0
2009-12-11 00:00:00+07:00,14349.036305877118,14349.036305877118,14051.867243119705,14264.130859375,519939,0.0,0.0
2009-12-14 00:00:00+07:00,14264.129625356982,14900.92185967081,14264.129625356982,14646.2041015625,368848,0.0,0.0
2009-12-15 00:00:00+07:00,14518.845561651333,14858.46875,14518.845561651333,14858.46875,659319,0.0,0.0
2009-12-16 00:00:00+07:00,14136.771484375,14306.582362901814,14136.771484375,14136.771484375,1271328,0.0,0.0
2009-12-17 00:00:00+07:00,13797.149560779597,14009.413156375937,13457.5263671875,13457.5263671875,1403584,0.0,0.0
2009-12-18 00:00:00+07:00,13797.149560779597,14094.318594614471,13457.5263671875,13457.5263671875,1826434,0.0,0.0
2009-12-21 00:00:00+07:00,14094.3193359375,14094.3193359375,14009.413893233168,14094.3193359375,551352,0.0,0.0
2009-12-22 00:00:00+07:00,14646.2041015625,14646.2041015625,14221.67690577859,14646.2041015625,945273,0.0,0.0
2009-12-23 00:00:00+07:00,14646.20386952478,15282.99609375,14221.676680466591,15282.99609375,1614409,0.0,0.0
2009-12-24 00:00:00+07:00,15028.280107216466,15282.99642619207,14688.656907944349,15113.185546875,829331,0.0,0.0
2009-12-25 00:00:00+07:00,15282.995524861924,15410.353676838651,15113.184655559622,15325.4482421875,829905,0.0,0.0
2009-12-28 00:00:00+07:00,14858.467865627172,15282.99502499783,14773.560993115198,15070.7314453125,422119,0.0,0.0
2009-12-29 00:00:00+07:00,14858.46914009242,14858.46914009242,14603.751381984108,14646.2041015625,629121,0.0,0.0
2009-12-30 00:00:00+07:00,14349.034608328666,15155.6376953125,14349.034608328666,15155.6376953125,1937684,0.0,0.0
2009-12-31 00:00:00+07:00,15282.997291548729,15282.997291548729,14433.94140625,14433.94140625,1117318,0.0,0.0
2010-01-04 00:00:00+07:00,14816.01450884472,15155.6376953125,14816.01450884472,15155.6376953125,841529,0.0,0.0
2010-01-05 00:00:00+07:00,15877.334148697082,15877.334148697082,15622.617835418338,15792.4287109375,2003430,0.0,0.0
2010-01-06 00:00:00+07:00,15282.99690145114,15834.882276393737,15282.99690145114,15367.90234375,591089,0.0,0.0
2010-01-07 00:00:00+07:00,15495.259111489802,15495.259111489802,15240.542807536349,15325.4482421875,1150034,0.0,0.0
2010-01-08 00:00:00+07:00,15495.25944114236,15622.617595828557,15155.6376953125,15155.6376953125,1196790,0.0,0.0
2010-01-11 00:00:00+07:00,15410.354090029952,15410.354090029952,14773.561872434388,14858.46875,916275,0.0,0.0
2010-01-12 00:00:00+07:00,15028.279770293037,15028.279770293037,14476.392984247492,14518.845703125,1126492,0.0,0.0
2010-01-13 00:00:00+07:00,14518.84513434808,14773.561437634597,13966.959810560633,14561.2978515625,910958,0.0,0.0
2010-01-14 00:00:00+07:00,15240.54361629794,15240.54361629794,14561.298662405718,14646.2041015625,552846,0.0,0.0
2010-01-15 00:00:00+07:00,14306.58074227163,14858.46747560476,14306.58074227163,14476.3916015625,217080,0.0,0.0
2010-01-18 00:00:00+07:00,14433.94103905203,14433.94103905203,13797.15022175642,13882.0556640625,637965,0.0,0.0
2010-01-19 00:00:00+07:00,13882.055330406749,14221.677091468251,13882.055330406749,14051.8662109375,570291,0.0,0.0
2010-01-20 00:00:00+07:00,14051.866210937498,14221.677091468251,14009.41349080481,14051.8662109375,466667,0.0,0.0
2010-01-21 00:00:00+07:00,13839.602052721944,14094.318363256389,13584.8857421875,13584.8857421875,638017,0.0,0.0
2010-01-22 00:00:00+07:00,13584.8857421875,13754.696615877128,13457.526146282353,13584.8857421875,489168,0.0,0.0
2010-01-25 00:00:00+07:00,13584.885334335371,13627.338051483242,13542.4326171875,13542.4326171875,433256,0.0,0.0
2010-01-26 00:00:00+07:00,13797.15022175642,14009.413827521625,13797.15022175642,13882.0556640625,810740,0.0,0.0
2010-01-27 00:00:00+07:00,14051.865794571366,14051.865794571366,13245.2626953125,13245.2626953125,543029,0.0,0.0
2010-01-28 00:00:00+07:00,13245.2626953125,13669.791324698295,13202.809976437717,13245.2626953125,560057,0.0,0.0
2010-01-29 00:00:00+07:00,13202.809976437717,13287.715414187283,13160.35725756293,13245.2626953125,407767,0.0,0.0
2010-02-01 00:00:00+07:00,13245.2626953125,13287.715414187283,13202.809976437717,13245.2626953125,315437,0.0,0.0
2010-02-02 00:00:00+07:00,13287.7158203125,13415.073980829426,13245.263100140191,13287.7158203125,422744,0.0,0.0
2010-02-03 00:00:00+07:00,13372.620524352662,13542.432836329916,13330.167806517826,13415.0732421875,654419,0.0,0.0
2010-02-04 00:00:00+07:00,13882.055330406749,14051.866210937498,13797.149890141372,14051.8662109375,1432044,0.0,0.0
2010-02-05 00:00:00+07:00,14221.6767578125,14561.298510906112,14051.865881265694,14221.6767578125,1346439,0.0,0.0
2010-02-08 00:00:00+07:00,14179.224371335562,14179.224371335562,14051.866210937498,14051.8662109375,795190,0.0,0.0
2010-02-09 00:00:00+07:00,14051.86580484332,14179.223961560774,13839.602210314226,14009.4130859375,520617,0.0,0.0
2010-02-10 00:00:00+07:00,14094.318600402396,14264.1294769492,14051.865881265694,14221.6767578125,1014111,0.0,0.0
2010-02-11 00:00:00+07:00,14306.5832395509,14433.94140625,14094.319628385732,14433.94140625,1225962,0.0,0.0
2010-02-12 00:00:00+07:00,14646.204674363684,14773.56283807973,14561.299231886318,14603.751953125,1378842,0.0,0.0
2010-02-22 00:00:00+07:00,14858.469381172368,14858.469381172368,14688.65705946562,14773.5625,884392,0.0,0.0
2010-02-23 00:00:00+07:00,14731.110156219996,14731.110156219996,14094.3193359375,14094.3193359375,779013,0.0,0.0
2010-02-24 00:00:00+07:00,14009.413827521625,14094.319269827703,13712.24477945034,13882.0556640625,1510318,0.0,0.0
2010-02-25 00:00:00+07:00,13839.602132730332,14009.413007401658,13797.149414062502,13797.1494140625,1307849,0.0,0.0
2010-02-26 00:00:00+07:00,13627.3388671875,13797.14974594351,13542.433427809494,13627.3388671875,2412832,0.0,0.0
2010-03-01 00:00:00+07:00,13839.6025390625,14094.318858547987,13797.149819148251,13839.6025390625,1423166,0.0,0.0
2010-03-02 00:00:00+07:00,13839.602132730332,14009.413007401658,13712.24397672684,13797.1494140625,992706,0.0,0.0
2010-03-03 00:00:00+07:00,13882.0556640625,13966.961106368582,13754.69750060338,13882.0556640625,842831,0.0,0.0
2010-03-04 00:00:00+07:00,14094.318523749138,14179.223961560774,13924.507648125864,14009.4130859375,1568592,0.0,0.0
2010-03-05 00:00:00+07:00,14051.866614585337,14094.3193359375,14009.413893233168,14094.3193359375,1064586,0.0,0.0
2010-03-08 00:00:00+07:00,14221.676670982446,14561.298422002508,14179.223952104938,14518.845703125,1535893,0.0,0.0
2010-03-09 00:00:00+07:00,14518.845378289214,14943.37399820409,14518.845378289214,14688.65625,1751757,0.0,0.0
2010-03-10 00:00:00+07:00,14688.657234719769,14943.375,14646.204513946064,14943.375,1926356,0.0,0.0
2010-03-11 00:00:00+07:00,14816.013831010532,14900.920704221418,14731.1083984375,14731.1083984375,1419465,0.0,0.0
2010-03-12 00:00:00+07:00,14731.109153970545,14858.46875,14646.20371704286,14858.46875,992880,0.0,0.0
2010-03-15 00:00:00+07:00,15070.732342319212,15113.185060783057,14816.014590898229,14858.46875,1108422,0.0,0.0
2010-03-16 00:00:00+07:00,14816.015906347302,14858.47006921839,14433.94140625,14433.94140625,856366,0.0,0.0
2010-03-17 00:00:00+07:00,14433.9392019368,14476.391917686567,14306.581054687502,14306.5810546875,631623,0.0,0.0
2010-03-18 00:00:00+07:00,14433.938886739785,14476.3916015625,14221.675312626196,14476.3916015625,519539,0.0,0.0
2010-03-19 00:00:00+07:00,14391.4873046875,14561.29817734438,14349.03458652328,14391.4873046875,1070580,0.0,0.0
2010-03-22 00:00:00+07:00,14349.034915222604,14391.487634359306,14221.6767578125,14221.6767578125,359778,0.0,0.0
2010-03-23 00:00:00+07:00,14221.677091468251,14264.129811600938,14009.41349080481,14051.8662109375,551960,0.0,0.0
2010-03-24 00:00:00+07:00,14051.867243119705,14306.58358262606,14051.867243119705,14264.130859375,630981,0.0,0.0
2010-03-25 00:00:00+07:00,14306.581283804237,14306.581283804237,13882.054119507864,13924.5068359375,609089,0.0,0.0
2010-03-26 00:00:00+07:00,14009.412268796776,14094.31770165605,13924.5068359375,13924.5068359375,557850,0.0,0.0
2010-03-29 00:00:00+07:00,13966.959552367138,14094.31770165605,13924.5068359375,13924.5068359375,286196,0.0,0.0
2010-03-30 00:00:00+07:00,13797.150155030691,13924.508317873886,13669.7919921875,13669.7919921875,311945,0.0,0.0
2010-03-31 00:00:00+07:00,13669.790854235058,13924.507158717386,13669.790854235058,13754.6962890625,499350,0.0,0.0
2010-04-01 00:00:00+07:00,13924.507723855588,14221.6767578125,13797.149566445483,14221.6767578125,827820,0.0,0.0
2010-04-02 00:00:00+07:00,14221.676923638406,14349.035082533515,14009.413325479887,14136.771484375,585720,0.0,0.0
2010-04-05 00:00:00+07:00,14391.48902912818,14391.48902912818,14264.130859375,14264.130859375,559518,0.0,0.0
2010-04-06 00:00:00+07:00,14391.487634359306,14391.487634359306,14221.6767578125,14221.6767578125,584000,0.0,0.0
2010-04-07 00:00:00+07:00,14221.676680466591,14221.676680466591,13924.507648125864,14009.4130859375,606083,0.0,0.0
2010-04-08 00:00:00+07:00,14009.412678608993,14221.676266966448,13882.054525594518,13966.9599609375,723449,0.0,0.0
2010-04-09 00:00:00+07:00,13966.960698805244,13966.960698805244,13797.149819148251,13839.6025390625,1212671,0.0,0.0
2010-04-12 00:00:00+07:00,13882.05556345734,14179.224609374998,13797.15012176658,14179.224609375,1039531,0.0,0.0
2010-04-13 00:00:00+07:00,14179.223961560774,14179.223961560774,14009.4130859375,14009.4130859375,792705,0.0,0.0
2010-04-14 00:00:00+07:00,13924.508317873886,14009.413759769348,13669.7919921875,13669.7919921875,996476,0.0,0.0
2010-04-15 00:00:00+07:00,13966.961106368582,13966.961106368582,13712.24477945034,13882.0556640625,846983,0.0,0.0
2010-04-16 00:00:00+07:00,13839.603283783495,13924.508728180826,13669.792394988835,13712.2451171875,1038436,0.0,0.0
2010-04-19 00:00:00+07:00,13797.148920074726,13839.601637222597,13542.4326171875,13542.4326171875,582332,0.0,0.0
2010-04-20 00:00:00+07:00,13499.978677857172,13669.790989834428,13415.0732421875,13415.0732421875,450405,0.0,0.0
2010-04-21 00:00:00+07:00,13415.073427859945,13584.8857421875,13415.073427859945,13584.8857421875,334150,0.0,0.0
2010-04-22 00:00:00+07:00,13797.149491408409,14136.771242654955,13754.69677250259,14009.4130859375,956427,0.0,0.0
2010-04-26 00:00:00+07:00,14009.413418719492,14136.771578462234,13839.6025390625,13839.6025390625,605892,0.0,0.0
2010-04-27 00:00:00+07:00,13924.508450528836,14094.3193359375,13882.055729176667,14094.3193359375,766608,0.0,0.0
2010-04-28 00:00:00+07:00,14094.318523749138,14094.318523749138,13966.96036703168,14009.4130859375,668146,0.0,0.0
2010-04-29 00:00:00+07:00,14009.4130859375,14094.318523749138,14009.4130859375,14009.4130859375,904668,0.0,0.0
2010-05-04 00:00:00+07:00,14009.412268796776,14009.412268796776,13924.5068359375,13924.5068359375,1011853,0.0,0.0
2010-05-05 00:00:00+07:00,13797.149819148251,14009.413418719492,13797.149819148251,13839.6025390625,682115,0.0,0.0
2010-05-06 00:00:00+07:00,13839.603283783495,13924.508728180826,13712.2451171875,13712.2451171875,572949,0.0,0.0
2010-05-07 00:00:00+07:00,13499.97983115877,13584.886714719934,13160.358059466227,13330.1689453125,1202836,0.0,0.0
2010-05-10 00:00:00+07:00,13372.620440588173,13499.978593294927,13202.8095703125,13202.8095703125,496691,0.0,0.0
2010-05-11 00:00:00+07:00,13372.6201171875,13415.07283372975,13202.809251018498,13372.6201171875,519053,0.0,0.0
2010-05-12 00:00:00+07:00,13202.810715942724,13330.168879700565,13075.452552184888,13117.9052734375,475337,0.0,0.0
2010-05-13 00:00:00+07:00,13117.9052734375,13287.71615844795,13075.452552184888,13117.9052734375,483538,0.0,0.0
2010-05-14 00:00:00+07:00,13117.90602259369,13245.264193624882,12990.5478515625,12990.5478515625,595033,0.0,0.0
2010-05-17 00:00:00+07:00,12948.094427290262,12990.547148670295,12608.47265625,12608.47265625,1015328,0.0,0.0
2010-05-18 00:00:00+07:00,12608.471762981791,12608.471762981791,12311.302734375,12311.302734375,1112522,0.0,0.0
2010-05-19 00:00:00+07:00,12183.943033100388,12183.943033100388,11844.3212890625,11844.3212890625,1463631,0.0,0.0
2010-05-20 00:00:00+07:00,11589.60492872516,12396.2080078125,11589.60492872516,12396.2080078125,539711,0.0,0.0
2010-05-21 00:00:00+07:00,11844.321860678538,12141.490901053294,11801.869140625,11801.869140625,1835035,0.0,0.0
2010-05-24 00:00:00+07:00,11929.228515625,11971.681237438394,11716.96418623901,11929.228515625,1142616,0.0,0.0
2010-05-25 00:00:00+07:00,12014.133366816515,12268.850405455412,11929.227927376543,12099.0380859375,765271,0.0,0.0
2010-05-26 00:00:00+07:00,12268.8500160026,12311.302734375,12099.03770187508,12311.302734375,772741,0.0,0.0
2010-05-27 00:00:00+07:00,12311.302572186243,12396.2080078125,12099.037542482698,12396.2080078125,716499,0.0,0.0
2010-05-28 00:00:00+07:00,12905.641533756185,12905.641533756185,12650.925208873765,12693.3779296875,959711,0.0,0.0
2010-05-31 00:00:00+07:00,12396.2080078125,12608.471596878142,12311.302572186243,12396.2080078125,681403,0.0,0.0
2010-06-01 00:00:00+07:00,12311.303375480084,12523.566978395604,12311.303375480084,12481.1142578125,445957,0.0,0.0
2010-06-02 00:00:00+07:00,12311.303375480084,12481.1142578125,12311.303375480084,12481.1142578125,390218,0.0,0.0
2010-06-03 00:00:00+07:00,12523.566161251883,12608.471596878142,12396.2080078125,12396.2080078125,969389,0.0,0.0
2010-06-04 00:00:00+07:00,12311.302572186243,12438.660725625628,12311.302572186243,12396.2080078125,429590,0.0,0.0
2010-06-07 00:00:00+07:00,11971.680741158138,12183.94362110683,11801.869140625,11801.869140625,1461424,0.0,0.0
2010-06-08 00:00:00+07:00,11462.247543243033,11844.322029159734,11462.247543243033,11716.9638671875,1208674,0.0,0.0
2010-06-09 00:00:00+07:00,11886.775073492585,11929.228515625,11886.775073492585,11929.228515625,795520,0.0,0.0
2010-06-10 00:00:00+07:00,11971.6806640625,11971.6806640625,11886.774504183217,11971.6806640625,914642,0.0,0.0
2010-06-11 00:00:00+07:00,12183.943953591564,12183.943953591564,11971.681067850484,12014.1337890625,781985,0.0,0.0
2010-06-14 00:00:00+07:00,12014.1337890625,12099.038511167528,11971.681067850484,12014.1337890625,345705,0.0,0.0
2010-06-15 00:00:00+07:00,12056.58668106518,12099.038682559552,11929.228515625,11929.228515625,635672,0.0,0.0
2010-06-16 00:00:00+07:00,12141.490805657486,12141.490805657486,12056.5860865365,12099.0380859375,1076261,0.0,0.0
2010-06-17 00:00:00+07:00,12311.30321115128,12566.01953125,12141.490890447483,12566.01953125,1820631,0.0,0.0
2010-06-18 00:00:00+07:00,12608.473005222211,13160.3583984375,12566.02028266719,13160.3583984375,3340835,0.0,0.0
2010-06-21 00:00:00+07:00,13499.9794921875,13797.149975594844,13415.074051396256,13499.9794921875,2480437,0.0,0.0
2010-06-22 00:00:00+07:00,13499.978459401746,13542.4326171875,13330.167590810262,13542.4326171875,1198580,0.0,0.0
2010-06-23 00:00:00+07:00,13287.716566102565,13330.169288657587,13160.3583984375,13160.3583984375,711617,0.0,0.0
2010-06-24 00:00:00+07:00,13245.26343719534,13245.26343719534,13117.9052734375,13117.9052734375,953144,0.0,0.0
2010-06-25 00:00:00+07:00,12778.283776848524,13202.810998458755,12735.8310546875,12735.8310546875,911566,0.0,0.0
2010-06-28 00:00:00+07:00,12905.642063107369,13160.3583984375,12820.736617997323,13160.3583984375,715109,0.0,0.0
2010-06-29 00:00:00+07:00,13287.716566102565,13287.716566102565,13117.905675882475,13160.3583984375,914867,0.0,0.0
2010-06-30 00:00:00+07:00,12735.829369053745,13372.6201171875,12735.829369053745,13372.6201171875,999881,0.0,0.0
2010-07-01 00:00:00+07:00,12948.095127885435,13160.358746270756,12948.095127885435,12990.5478515625,278499,0.0,0.0
2010-07-02 00:00:00+07:00,12948.09375,12990.546469159412,12905.641030840588,12948.09375,746662,0.0,0.0
2010-07-05 00:00:00+07:00,13075.453298916627,13075.453298916627,12948.095127885435,12990.5478515625,55840,0.0,0.0
2010-07-06 00:00:00+07:00,12990.547563125683,12990.547563125683,12650.92578125,12650.92578125,445870,0.0,0.0
2010-07-07 00:00:00+07:00,12735.830411315814,12778.283131332266,12566.01953125,12566.01953125,343602,0.0,0.0
2010-07-08 00:00:00+07:00,12778.283131332266,12778.283131332266,12566.01953125,12566.01953125,533231,0.0,0.0
2010-07-09 00:00:00+07:00,12566.01953125,12650.924971282906,12566.01953125,12566.01953125,452264,0.0,0.0
2010-07-12 00:00:00+07:00,12778.283203125,12778.283203125,12608.472322105132,12778.283203125,273408,0.0,0.0
2010-07-13 00:00:00+07:00,13160.35717930452,13160.35717930452,12820.735430325803,13032.9990234375,576042,0.0,0.0
2010-07-14 00:00:00+07:00,13160.358746270756,13160.358746270756,12990.5478515625,12990.5478515625,375346,0.0,0.0
2010-07-15 00:00:00+07:00,13032.999936100903,13160.358100886448,12820.736328125,12820.736328125,307115,0.0,0.0
2010-07-16 00:00:00+07:00,12820.736328125,12863.18904972018,12778.283606529818,12820.736328125,267344,0.0,0.0
2010-07-19 00:00:00+07:00,12820.736328125,12905.641771315362,12735.830884934638,12820.736328125,339467,0.0,0.0
2010-07-20 00:00:00+07:00,12778.283776848524,12820.736499009548,12735.8310546875,12735.8310546875,265485,0.0,0.0
2010-07-21 00:00:00+07:00,12735.83122671892,12778.283949453382,12650.92578125,12650.92578125,405873,0.0,0.0
2010-07-22 00:00:00+07:00,12523.566811233546,12693.37769129936,12523.566811233546,12566.01953125,342334,0.0,0.0
2010-07-23 00:00:00+07:00,12566.019934869968,12735.830820390098,12566.019934869968,12608.47265625,259178,0.0,0.0
2010-07-26 00:00:00+07:00,12608.47305851554,12693.37850398446,12566.02033578108,12650.92578125,285692,0.0,0.0
2010-07-27 00:00:00+07:00,12693.378099010066,12693.378099010066,12608.47265625,12608.47265625,414109,0.0,0.0
2010-07-28 00:00:00+07:00,12693.378332526478,12990.54738765364,12693.378332526478,12735.8310546875,993992,0.0,0.0
2010-07-29 00:00:00+07:00,12778.282873362354,12948.09375,12778.282873362354,12948.09375,902479,0.0,0.0
2010-07-30 00:00:00+07:00,12990.547109679665,13160.357994690114,12990.547109679665,13117.9052734375,770291,0.0,0.0
2010-08-02 00:00:00+07:00,13117.904135174664,13245.262287881418,13117.904135174664,13202.8095703125,895390,0.0,0.0
2010-08-03 00:00:00+07:00,13202.809835747908,13797.149334299536,13202.809835747908,13584.8857421875,1659271,0.0,0.0
2010-08-04 00:00:00+07:00,13457.5263671875,13499.979086306768,13202.81005247189,13457.5263671875,557381,0.0,0.0
2010-08-05 00:00:00+07:00,13457.52677179188,13712.2445348036,13415.074051396256,13499.9794921875,755037,0.0,0.0
2010-08-06 00:00:00+07:00,13457.5263671875,13542.433246063987,13415.073648068232,13457.5263671875,517559,0.0,0.0
2010-08-09 00:00:00+07:00,13457.525875726007,13499.978593294927,13160.356852743582,13202.8095703125,740876,0.0,0.0
2010-08-10 00:00:00+07:00,13160.358276297731,13160.358276297731,12608.472888204433,12735.8310546875,709984,0.0,0.0
2010-08-11 00:00:00+07:00,12608.472251266452,12735.830411315814,12438.66137120064,12566.01953125,389697,0.0,0.0
2010-08-12 00:00:00+07:00,12183.943374766652,12226.39609396186,11971.68049910958,12056.5859375,950989,0.0,0.0
2010-08-13 00:00:00+07:00,12353.756327969804,12608.47265625,12226.396723191678,12608.47265625,1038541,0.0,0.0
2010-08-16 00:00:00+07:00,12735.8310546875,12863.18922117057,12735.8310546875,12735.8310546875,545618,0.0,0.0
2010-08-17 00:00:00+07:00,12693.378332526478,12735.8310546875,12650.925610365452,12735.8310546875,518236,0.0,0.0
2010-08-18 00:00:00+07:00,12735.830820390098,12778.283541770132,12608.47265625,12608.47265625,498307,0.0,0.0
2010-08-19 00:00:00+07:00,12693.378099010066,12735.830820390098,12566.019934869968,12608.47265625,599307,0.0,0.0
2010-08-20 00:00:00+07:00,12650.925208873765,12693.3779296875,12523.56704643255,12693.3779296875,841772,0.0,0.0
2010-08-23 00:00:00+07:00,12735.829999468147,12735.829999468147,12523.56640625,12523.56640625,455114,0.0,0.0
2010-08-24 00:00:00+07:00,12353.755844895382,12481.114004055338,12056.5860865365,12099.0380859375,708785,0.0,0.0
2010-08-25 00:00:00+07:00,12268.850814986656,12311.303536123703,12099.038489800452,12141.4912109375,1825826,0.0,0.0
2010-08-26 00:00:00+07:00,12141.490497819404,12523.56640625,12141.490497819404,12523.56640625,1083697,0.0,0.0
2010-08-27 00:00:00+07:00,12438.661670157877,13075.452485709637,12396.20894912109,12905.6416015625,912661,0.0,0.0
2010-08-30 00:00:00+07:00,13117.904005070908,13542.4326171875,13075.45128792304,13542.4326171875,1479269,0.0,0.0
2010-08-31 00:00:00+07:00,13499.978459401746,13797.148920074726,13372.620307958134,13542.4326171875,1448186,0.0,0.0
2010-09-01 00:00:00+07:00,13542.4326171875,13584.885334335371,13287.714873662391,13542.4326171875,994183,0.0,0.0
2010-09-06 00:00:00+07:00,13584.887064625786,13584.887064625786,13160.3583984375,13160.3583984375,923728,0.0,0.0
2010-09-07 00:00:00+07:00,12863.18922117057,13160.358276297731,12735.8310546875,12735.8310546875,947323,0.0,0.0
2010-09-08 00:00:00+07:00,12438.661349311313,13075.4521484375,12438.661349311313,13075.4521484375,662238,0.0,0.0
2010-09-09 00:00:00+07:00,13372.62118802972,13372.62118802972,13032.999428495754,13075.4521484375,706839,0.0,0.0
2010-09-10 00:00:00+07:00,13160.358276297731,13160.358276297731,12735.8310546875,12735.8310546875,723953,0.0,0.0
2010-09-13 00:00:00+07:00,12948.093586192825,13032.9990234375,12608.471837214109,13032.9990234375,603373,0.0,0.0
2010-09-14 00:00:00+07:00,13075.45174205984,13117.90446068218,12948.093586192825,13032.9990234375,287691,0.0,0.0
2010-09-15 00:00:00+07:00,13117.905675882475,13160.3583984375,12948.09478566239,13160.3583984375,597847,0.0,0.0
2010-09-16 00:00:00+07:00,13160.357588320992,13160.357588320992,13075.4521484375,13075.4521484375,416854,0.0,0.0
2010-09-17 00:00:00+07:00,13160.357994690114,13160.357994690114,13032.999830932276,13117.9052734375,290523,0.0,0.0
2010-09-20 00:00:00+07:00,12948.09478566239,13160.3583984375,12948.09478566239,13160.3583984375,360595,0.0,0.0
2010-09-21 00:00:00+07:00,13160.358100886448,13160.358100886448,12820.736328125,12820.736328125,1039496,0.0,0.0
2010-09-22 00:00:00+07:00,12820.735430325803,13032.9990234375,12820.735430325803,13032.9990234375,295596,0.0,0.0
2010-09-23 00:00:00+07:00,12905.641268670515,13075.4521484375,12905.641268670515,13075.4521484375,289758,0.0,0.0
2010-09-24 00:00:00+07:00,13032.999428495754,13160.357588320992,12990.546708554008,13075.4521484375,237286,0.0,0.0
2010-09-27 00:00:00+07:00,13075.453298916627,13075.453298916627,12990.5478515625,12990.5478515625,246303,0.0,0.0
2010-09-28 00:00:00+07:00,12990.546708554008,13160.357588320992,12990.546708554008,13075.4521484375,280358,0.0,0.0
2010-09-29 00:00:00+07:00,13032.999428495754,13117.904868379246,13032.999428495754,13075.4521484375,341552,0.0,0.0
2010-09-30 00:00:00+07:00,13117.90602259369,13117.90602259369,12948.095127885435,12990.5478515625,794981,0.0,0.0
2010-10-01 00:00:00+07:00,12905.641030840588,13032.999188318823,12905.641030840588,12948.09375,410252,0.0,0.0
2010-10-04 00:00:00+07:00,13032.999188318823,13032.999188318823,12650.92471588412,12948.09375,954342,0.0,0.0
2010-10-05 00:00:00+07:00,12948.09478566239,13160.3583984375,12863.189340552344,13160.3583984375,877946,0.0,0.0
2010-10-06 00:00:00+07:00,13202.810780927795,13627.3394361815,13160.358059466227,13330.1689453125,1693569,0.0,0.0
2010-10-07 00:00:00+07:00,13330.167755227232,13966.9599609375,13330.167755227232,13966.9599609375,3310898,0.0,0.0
2010-10-08 00:00:00+07:00,14009.413893233168,14646.204713515664,14009.413893233168,14094.3193359375,2628748,0.0,0.0
2010-10-11 00:00:00+07:00,14391.486486187034,14433.9392019368,14094.31747593867,14306.5810546875,733683,0.0,0.0
2010-10-12 00:00:00+07:00,14094.31770165605,14179.223134515323,13797.148686648588,13924.5068359375,588691,0.0,0.0
2010-10-13 00:00:00+07:00,13584.88550189408,13966.9599609375,13584.88550189408,13966.9599609375,1163847,0.0,0.0
2010-10-14 00:00:00+07:00,14221.6767578125,14306.582196085905,13966.96044299229,14221.6767578125,1114851,0.0,0.0
2010-10-15 00:00:00+07:00,14094.31929826081,14646.204674363684,14094.31929826081,14603.751953125,1761573,0.0,0.0
2010-10-18 00:00:00+07:00,14688.655561241065,15240.542309060764,14561.297413429867,15070.7314453125,2184475,0.0,0.0
2010-10-19 00:00:00+07:00,15155.637838105124,15282.995993991255,14476.39289940781,14816.0146484375,2075118,0.0,0.0
2010-10-20 00:00:00+07:00,14476.393828106997,14646.204713515664,14094.3193359375,14094.3193359375,1342581,0.0,0.0
2010-10-21 00:00:00+07:00,14094.318600402396,14264.1294769492,13669.79140903538,14221.6767578125,757991,0.0,0.0
2010-10-22 00:00:00+07:00,14179.224712133786,14221.677433286826,13797.15022175642,13882.0556640625,989006,0.0,0.0
2010-10-25 00:00:00+07:00,13882.055166584776,14221.676923638406,13839.602446953071,14136.771484375,743430,0.0,0.0
2010-10-26 00:00:00+07:00,14221.677795084834,14773.563184114268,14179.2250728518,14433.94140625,782263,0.0,0.0
2010-10-27 00:00:00+07:00,14518.845712807322,14646.20386952478,14009.4130859375,14009.4130859375,795433,0.0,0.0
2010-10-28 00:00:00+07:00,14433.94140625,14603.752295182134,14349.035961783931,14433.94140625,1537647,0.0,0.0
2010-10-29 00:00:00+07:00,14816.015220267189,14816.015220267189,14433.94073786248,14773.5625,1748595,0.0,0.0
2010-11-01 00:00:00+07:00,15070.732586742217,15070.732586742217,14646.203954580693,14985.8271484375,2183155,0.0,0.0
2010-11-02 00:00:00+07:00,15028.278729375435,15070.7314453125,14816.013709052264,15070.7314453125,2356034,0.0,0.0
2010-11-03 00:00:00+07:00,15070.7314453125,15113.184161249566,14773.560993115198,15070.7314453125,1634634,0.0,0.0
2010-11-04 00:00:00+07:00,15070.733295703987,15367.902343750002,15028.28057455456,15367.90234375,2227981,0.0,0.0
2010-11-05 00:00:00+07:00,15452.807284971122,15622.618164062502,15452.807284971122,15622.6181640625,1671938,0.0,0.0
2010-11-08 00:00:00+07:00,15622.616752494358,15622.616752494358,15070.7314453125,15070.7314453125,1540462,0.0,0.0
2010-11-09 00:00:00+07:00,15070.732489170545,15070.732489170545,14518.845703125,14518.845703125,1215920,0.0,0.0
2010-11-10 00:00:00+07:00,14476.39284318749,14858.46875,14306.58196933212,14858.46875,687936,0.0,0.0
2010-11-11 00:00:00+07:00,15028.279770293037,15028.279770293037,14518.845703125,14518.845703125,384849,0.0,0.0
2010-11-12 00:00:00+07:00,14433.940265369984,14518.845703125,14051.865795472417,14518.845703125,807283,0.0,0.0
2010-11-15 00:00:00+07:00,14476.393337776217,14476.393337776217,13839.6025390625,13839.6025390625,909360,0.0,0.0
2010-11-16 00:00:00+07:00,13966.959876131106,14009.412593544828,13669.790854235058,13754.6962890625,963829,0.0,0.0
2010-11-17 00:00:00+07:00,13754.696847308782,14221.6767578125,13754.696847308782,14221.6767578125,777780,0.0,0.0
2010-11-18 00:00:00+07:00,14433.94073786248,14773.5625,14433.94073786248,14773.5625,539189,0.0,0.0
2010-11-19 00:00:00+07:00,14985.825620072914,15070.731049718348,14476.3916015625,14476.3916015625,964316,0.0,0.0
2010-11-22 00:00:00+07:00,14518.84561803652,14816.0146484375,14391.487462150388,14816.0146484375,1374412,0.0,0.0
2010-11-23 00:00:00+07:00,14646.202845304,15070.7314453125,14646.202845304,15070.7314453125,867121,0.0,0.0
2010-11-24 00:00:00+07:00,15070.7314453125,15070.7314453125,14816.013709052264,15070.7314453125,527584,0.0,0.0
2010-11-25 00:00:00+07:00,15070.73201441517,15155.63744949551,15028.279296875,15028.279296875,552516,0.0,0.0
2010-11-26 00:00:00+07:00,15070.73176579685,15070.73176579685,14858.468181597664,14900.9208984375,561725,0.0,0.0
2010-11-29 00:00:00+07:00,14816.01450884472,15155.6376953125,14179.223735413736,15155.6376953125,793487,0.0,0.0
2010-11-30 00:00:00+07:00,15410.354928510747,15452.807649284452,14943.375,14943.375,951128,0.0,0.0
2010-12-01 00:00:00+07:00,14858.469721195115,14943.375163672485,14603.751953125,14603.751953125,603807,0.0,0.0
2010-12-02 00:00:00+07:00,14603.751381984108,14985.827298827591,14349.035064513762,14646.2041015625,1185236,0.0,0.0
2010-12-03 00:00:00+07:00,14816.0146484375,15070.7324008477,14646.203773922654,14816.0146484375,1787896,0.0,0.0
2010-12-06 00:00:00+07:00,14943.374186927686,15070.732342319212,14816.014590898229,14858.46875,1872164,0.0,0.0
2010-12-07 00:00:00+07:00,14858.46875,15028.27962385537,14858.46875,14858.46875,1234527,0.0,0.0
2010-12-08 00:00:00+07:00,14858.47006921839,14858.47006921839,14433.94140625,14433.94140625,1122113,0.0,0.0
2010-12-09 00:00:00+07:00,14773.562112037762,14985.8271484375,14561.298516275976,14985.8271484375,1190657,0.0,0.0
2010-12-10 00:00:00+07:00,15198.09016703568,15198.09016703568,14858.468426714318,15028.279296875,837949,0.0,0.0
2010-12-13 00:00:00+07:00,15707.5234375,15749.976156823905,15410.354402232671,15707.5234375,1891867,0.0,0.0
2010-12-14 00:00:00+07:00,15707.52400993352,15707.52400993352,15282.996801223318,15665.0712890625,1532730,0.0,0.0
2010-12-15 00:00:00+07:00,15707.523757952153,16429.22144181997,15707.523757952153,16301.86328125,2420477,0.0,0.0
2010-12-16 00:00:00+07:00,16132.053592953662,16683.938996218294,16132.053592953662,16429.22265625,1478591,0.0,0.0
2010-12-17 00:00:00+07:00,16471.67334032456,17235.822265625,16344.31518610782,17235.822265625,1262032,0.0,0.0
2010-12-20 00:00:00+07:00,17235.821769856866,17363.179920410297,16896.20003504771,16981.10546875,676850,0.0,0.0
2010-12-21 00:00:00+07:00,16683.937248814404,17235.822594276935,16344.315497760535,17066.01171875,450666,0.0,0.0
2010-12-22 00:00:00+07:00,17066.012420352734,17066.012420352734,16216.9580078125,16216.9580078125,1028689,0.0,0.0
2010-12-23 00:00:00+07:00,16344.317209593904,16811.29716620244,16301.864486265857,16429.22265625,902132,0.0,0.0
2010-12-24 00:00:00+07:00,16344.315350306177,16429.22078730365,16132.051757812502,16132.0517578125,497160,0.0,0.0
2010-12-27 00:00:00+07:00,16556.5793589035,16556.5793589035,16174.5048828125,16174.5048828125,476050,0.0,0.0
2010-12-28 00:00:00+07:00,16344.316169693537,16344.316169693537,16132.052566558476,16216.9580078125,1171058,0.0,0.0
2010-12-29 00:00:00+07:00,16216.957194809973,16259.409913308707,16132.051757812502,16132.0517578125,788205,0.0,0.0
2010-12-30 00:00:00+07:00,16132.051757812502,16174.504476311236,15919.786724680896,16132.0517578125,1418353,0.0,0.0
2010-12-31 00:00:00+07:00,16132.051757812502,16216.957194809973,16132.051757812502,16132.0517578125,618262,0.0,0.0
2011-01-04 00:00:00+07:00,16301.862631807442,16301.862631807442,16132.051757812502,16132.0517578125,583583,0.0,0.0
2011-01-05 00:00:00+07:00,16216.957194809973,16216.957194809973,16132.051757812502,16132.0517578125,429416,0.0,0.0
2011-01-06 00:00:00+07:00,16174.504476311236,16174.504476311236,16089.597598675837,16132.0517578125,1707955,0.0,0.0
2011-01-07 00:00:00+07:00,16132.052727884842,16174.505448936396,15877.334960937502,15877.3349609375,1703212,0.0,0.0
2011-01-10 00:00:00+07:00,15877.33400618216,16216.957194809973,15877.33400618216,16132.0517578125,771090,0.0,0.0
2011-01-11 00:00:00+07:00,15919.788431260942,16132.05348714708,15749.9775390625,15749.9775390625,339502,0.0,0.0
2011-01-12 00:00:00+07:00,15707.52400993352,15919.78761428862,15665.0712890625,15665.0712890625,472974,0.0,0.0
2011-01-13 00:00:00+07:00,15707.523132187218,16132.051757812502,15707.523132187218,16132.0517578125,1256733,0.0,0.0
2011-01-14 00:00:00+07:00,16132.052965039977,16174.505686715622,16004.693359375,16004.693359375,760719,0.0,0.0
2011-01-17 00:00:00+07:00,16132.051570473364,16132.051570473364,15962.2392578125,15962.2392578125,416350,0.0,0.0
2011-01-18 00:00:00+07:00,16089.598239662062,16514.126882199947,15962.240079092093,16301.86328125,963099,0.0,0.0
2011-01-19 00:00:00+07:00,16514.126765297424,17108.46484375,16386.768605629015,17108.46484375,2381435,0.0,0.0
2011-01-20 00:00:00+07:00,17575.446925958684,17787.710534135327,17320.729155508674,17745.2578125,1231869,0.0,0.0
2011-01-21 00:00:00+07:00,17830.163500093127,18594.3125,17405.636277922644,18594.3125,2444507,0.0,0.0
2011-01-24 00:00:00+07:00,18891.48453053424,19103.748158859653,18339.59765625,18339.59765625,1324338,0.0,0.0
2011-01-25 00:00:00+07:00,17872.615085800026,18169.78412242254,17448.087890625,17448.087890625,1357576,0.0,0.0
2011-01-26 00:00:00+07:00,17108.46411140826,17363.180419841738,17066.01139333601,17235.822265625,1403167,0.0,0.0
2011-01-27 00:00:00+07:00,17108.464836069612,17915.067954245413,17108.464836069612,17872.615234375,998474,0.0,0.0
2011-01-28 00:00:00+07:00,17957.522685498654,18636.76627950583,17957.522685498654,18084.880859375,1179154,0.0,0.0
2011-02-08 00:00:00+07:00,18466.952657731374,18976.38671875,18127.330910810902,18976.38671875,1596670,0.0,0.0
2011-02-09 00:00:00+07:00,19698.08556778719,19698.08556778719,18297.1442335691,18679.21875,1798999,0.0,0.0
2011-02-10 00:00:00+07:00,18551.860577856365,19061.29470706902,18254.69150952122,18679.21875,1073863,0.0,0.0
2011-02-11 00:00:00+07:00,18849.03108682963,18849.03108682963,18509.407853808487,18679.21875,1791111,0.0,0.0
2011-02-14 00:00:00+07:00,18679.217819445814,18721.671982016844,18169.78515625,18169.78515625,849051,0.0,0.0
2011-02-15 00:00:00+07:00,18127.33289208965,18509.4073991351,18042.427446079542,18424.501953125,1028081,0.0,0.0
2011-02-16 00:00:00+07:00,18424.50265637859,18424.50265637859,18084.880859375,18084.880859375,578214,0.0,0.0
2011-02-17 00:00:00+07:00,18084.87842280991,18084.87842280991,17660.351233751728,17830.162109375,918499,0.0,0.0
2011-02-18 00:00:00+07:00,17830.162179199833,17830.162179199833,17235.82267155293,17278.275390625,1194253,0.0,0.0
2011-02-21 00:00:00+07:00,16981.10805951463,17066.01350617073,16429.22265625,16429.22265625,1580147,0.0,0.0
2011-02-22 00:00:00+07:00,15792.42904315388,16216.957681520298,15622.618164062502,15622.6181640625,3261815,0.0,0.0
2011-02-23 00:00:00+07:00,15707.524307645475,16132.052965039977,15665.071585969832,16004.693359375,792583,0.0,0.0
2011-02-24 00:00:00+07:00,15707.52269811768,15962.239002071135,15240.542807536349,15325.4482421875,2191130,0.0,0.0
2011-02-25 00:00:00+07:00,15665.070718176095,15749.976156823905,15282.99624426096,15707.5234375,496083,0.0,0.0
2011-02-28 00:00:00+07:00,15707.524112945444,15834.882276393737,15367.902343750002,15367.90234375,901836,0.0,0.0
2011-03-01 00:00:00+07:00,15325.449855014556,15537.713463980735,15198.09168963485,15495.2607421875,468735,0.0,0.0
2011-03-02 00:00:00+07:00,15367.900583373095,15367.900583373095,14731.1083984375,14731.1083984375,1370520,0.0,0.0
2011-03-03 00:00:00+07:00,14306.58358262606,14773.563538387714,14264.130859375,14264.130859375,757817,0.0,0.0
2011-03-04 00:00:00+07:00,14349.036305877118,14518.847198881356,14221.67813612394,14264.130859375,892019,0.0,0.0
2011-03-07 00:00:00+07:00,14306.582747756427,14943.375,14264.130026982724,14943.375,740372,0.0,0.0
2011-03-08 00:00:00+07:00,15325.448486617006,15665.070230638325,15240.543050611675,15452.806640625,1297616,0.0,0.0
2011-03-09 00:00:00+07:00,15452.806969373274,15537.712407184912,14858.468904691816,15282.99609375,637739,0.0,0.0
2011-03-10 00:00:00+07:00,15070.733482510786,16004.693359375,15070.733482510786,16004.693359375,978007,0.0,0.0
2011-03-11 00:00:00+07:00,16344.31657617813,16768.843793006276,16174.50568944687,16259.4111328125,1555353,0.0,0.0
2011-03-14 00:00:00+07:00,15707.52294864099,16132.051569305551,15452.806640625,15452.806640625,1119003,0.0,0.0
2011-03-15 00:00:00+07:00,15325.448486617006,15622.61751263566,15282.99576861434,15452.806640625,754516,0.0,0.0
2011-03-16 00:00:00+07:00,15452.808020394265,15792.429794740148,15452.808020394265,15495.2607421875,803113,0.0,0.0
2011-03-17 00:00:00+07:00,15495.25944114236,15580.164877599824,15113.184977083769,15155.6376953125,802974,0.0,0.0
2011-03-18 00:00:00+07:00,15155.637937032545,15282.99609375,14816.014745148052,15282.99609375,1317579,0.0,0.0
2011-03-21 00:00:00+07:00,15537.71265090264,15707.523529189491,15282.99633347236,15410.3544921875,505483,0.0,0.0
2011-03-22 00:00:00+07:00,15410.354585679874,15410.354585679874,15113.185546875,15113.185546875,458155,0.0,0.0
2011-03-23 00:00:00+07:00,15113.185455185509,15495.259931330926,15113.185455185509,15410.3544921875,668771,0.0,0.0
2011-03-24 00:00:00+07:00,15410.354585679874,15452.807305509144,15113.185546875,15113.185546875,332760,0.0,0.0
2011-03-25 00:00:00+07:00,15113.184161249566,15240.542309060764,14985.826013438367,15070.7314453125,323395,0.0,0.0
2011-03-28 00:00:00+07:00,15198.091324642226,15198.091324642226,14943.375,14943.375,319225,0.0,0.0
2011-03-29 00:00:00+07:00,14985.8271484375,15198.090744199286,14773.562112037762,14985.8271484375,589855,0.0,0.0
2011-03-30 00:00:00+07:00,14646.20371704286,14943.374186927686,14561.298280115174,14858.46875,469743,0.0,0.0
2011-03-31 00:00:00+07:00,15070.73176579685,15155.637199476529,14900.9208984375,14900.9208984375,270958,0.0,0.0
2011-04-01 00:00:00+07:00,15028.28026224113,15028.28026224113,14773.5625,14773.5625,268873,0.0,0.0
2011-04-04 00:00:00+07:00,14816.01440378309,14816.01440378309,14646.203532072304,14688.65625,729096,0.0,0.0
2011-04-05 00:00:00+07:00,14688.656673733049,14985.8271484375,14646.203954580693,14985.8271484375,463575,0.0,0.0
2011-04-06 00:00:00+07:00,15070.732647641438,15707.5234375,14985.82720899363,15707.5234375,1105485,0.0,0.0
2011-04-07 00:00:00+07:00,15707.524351153676,16047.146125499565,15495.2607421875,15495.2607421875,953891,0.0,0.0
2011-04-08 00:00:00+07:00,15452.807450171616,15707.523771531767,15410.354729944926,15537.712890625,518966,0.0,0.0
2011-04-13 00:00:00+07:00,15282.997241060575,15495.26085152452,15155.639074782212,15198.091796875,372080,0.0,0.0
2011-04-14 00:00:00+07:00,15198.090090210771,15367.900959513076,15198.090090210771,15325.4482421875,270246,0.0,0.0
2011-04-15 00:00:00+07:00,15325.4482421875,15622.617263466527,15325.4482421875,15325.4482421875,823928,0.0,0.0
2011-04-18 00:00:00+07:00,15367.902207737045,15367.902207737045,14943.375,14943.375,434681,0.0,0.0
2011-04-19 00:00:00+07:00,14943.375,15240.54404541593,14943.375,14943.375,250803,0.0,0.0
2011-04-20 00:00:00+07:00,15155.6376953125,15198.090413541231,14943.37410416884,15155.6376953125,335488,0.0,0.0
2011-04-21 00:00:00+07:00,15155.63744949551,15325.44831965619,14985.82657933483,15028.279296875,441996,0.0,0.0
2011-04-22 00:00:00+07:00,14943.374429285142,15028.279867589858,14816.01483119012,14985.8271484375,253219,0.0,0.0
2011-04-25 00:00:00+07:00,15240.544518967788,15282.997241060575,15070.733630596633,15198.091796875,381167,0.0,0.0
2011-04-26 00:00:00+07:00,15198.091324642226,15240.54404541593,14900.922279226295,14943.375,289723,0.0,0.0
2011-04-27 00:00:00+07:00,14943.374244961567,15028.27968221899,14816.0146484375,14816.0146484375,431067,0.0,0.0
2011-04-28 00:00:00+07:00,14985.826963590278,14985.826963590278,14816.0146484375,14816.0146484375,324003,0.0,0.0
2011-04-29 00:00:00+07:00,14985.827387387197,15240.543706362803,14985.827387387197,15113.185546875,477353,0.0,0.0
2011-05-04 00:00:00+07:00,15198.09145915228,15410.355064899431,15113.18601685342,15367.90234375,629417,0.0,0.0
2011-05-05 00:00:00+07:00,15367.901531561638,15367.901531561638,15155.637937032545,15282.99609375,403180,0.0,0.0
2011-05-06 00:00:00+07:00,15070.7314453125,15240.542309060764,15028.278729375435,15070.7314453125,452004,0.0,0.0
2011-05-09 00:00:00+07:00,15070.732258855036,15198.090413541231,15070.732258855036,15155.6376953125,225281,0.0,0.0
2011-05-10 00:00:00+07:00,15155.63873800285,15410.355064899431,15155.63873800285,15367.90234375,481141,0.0,0.0
2011-05-11 00:00:00+07:00,15367.901531561638,15622.617844996548,15282.99609375,15282.99609375,283399,0.0,0.0
2011-05-12 00:00:00+07:00,15282.99609375,15452.806969373274,15282.99609375,15282.99609375,435063,0.0,0.0
2011-05-13 00:00:00+07:00,15198.09145915228,15452.80778604886,15198.09145915228,15367.90234375,478691,0.0,0.0
2011-05-16 00:00:00+07:00,15367.901531561638,15367.901531561638,15198.090655938364,15282.99609375,272852,0.0,0.0
2011-05-17 00:00:00+07:00,14943.37386179466,15282.99560211602,14943.37386179466,15028.279296875,372080,0.0,0.0
2011-05-18 00:00:00+07:00,15028.278853080968,15028.278853080968,14731.1083984375,14731.1083984375,430580,0.0,0.0
2011-05-19 00:00:00+07:00,14731.10954071928,14858.46914009242,14646.2041015625,14646.2041015625,340197,0.0,0.0
2011-05-20 00:00:00+07:00,14646.203015241335,14646.203015241335,13924.5068359375,13924.5068359375,821165,0.0,0.0
2011-05-23 00:00:00+07:00,13797.150322027772,13924.508486412476,13245.263502389364,13330.1689453125,1212254,0.0,0.0
2011-05-24 00:00:00+07:00,12990.54697538366,13032.999696197396,12693.3779296875,12693.3779296875,1053379,0.0,0.0
2011-05-25 00:00:00+07:00,12099.0380859375,12268.850405455412,12099.0380859375,12099.0380859375,725499,0.0,0.0
2011-05-26 00:00:00+07:00,11504.700306264853,12693.3779296875,11504.700306264853,12693.3779296875,1066288,0.0,0.0
2011-05-27 00:00:00+07:00,12948.09405893403,13287.7158203125,12948.09405893403,13287.7158203125,608898,0.0,0.0
2011-05-30 00:00:00+07:00,13542.433432457648,13712.24431127194,12863.1884765625,12863.1884765625,455913,0.0,0.0
2011-05-31 00:00:00+07:00,12735.830525066318,13499.9794921875,12735.830525066318,13499.9794921875,473009,0.0,0.0
2011-06-01 00:00:00+07:00,13499.979249261474,14136.771484375,13160.357492207844,14136.771484375,742666,0.0,0.0
2011-06-02 00:00:00+07:00,14179.224740738176,14773.56283807973,14179.224740738176,14603.751953125,782488,0.0,0.0
2011-06-03 00:00:00+07:00,14646.204195198598,14646.204195198598,13882.055237902205,14349.03515625,1044865,0.0,0.0
2011-06-06 00:00:00+07:00,13966.960677601804,14349.03515625,13669.791638653209,14349.03515625,575156,0.0,0.0
2011-06-07 00:00:00+07:00,14646.2031567606,14943.373615277338,14518.845006241088,14900.9208984375,565252,0.0,0.0
2011-06-08 00:00:00+07:00,14900.921363296053,14900.921363296053,14221.676432030625,14391.4873046875,749616,0.0,0.0
2011-06-09 00:00:00+07:00,14264.129150194842,14476.39274101594,14009.412841209523,14391.4873046875,696779,0.0,0.0
2011-06-10 00:00:00+07:00,14433.941752379238,14561.299922132415,14264.130859375,14264.130859375,564626,0.0,0.0
2011-06-13 00:00:00+07:00,14264.129643270113,14264.129643270113,14051.866045111592,14136.771484375,408201,0.0,0.0
2011-06-14 00:00:00+07:00,14136.770831623466,14433.939855323904,13966.9599609375,13966.9599609375,579204,0.0,0.0
2011-06-15 00:00:00+07:00,13797.149334299536,13924.50748956676,13584.8857421875,13584.8857421875,715283,0.0,0.0
2011-06-16 00:00:00+07:00,13499.979635210912,14179.224609374998,13499.979635210912,14179.224609375,605649,0.0,0.0
2011-06-17 00:00:00+07:00,14179.2238001012,14179.2238001012,13499.97886470476,13584.8857421875,1721768,0.0,0.0
2011-06-20 00:00:00+07:00,13372.621260657115,13584.886302156649,13287.7158203125,13287.7158203125,241334,0.0,0.0
2011-06-21 00:00:00+07:00,13330.167365284718,13924.5068359375,13330.167365284718,13924.5068359375,208236,0.0,0.0
2011-06-22 00:00:00+07:00,13924.508385215542,14136.771990980746,13839.60294290946,13882.0556640625,453967,0.0,0.0
2011-06-23 00:00:00+07:00,13797.150561584833,13882.056005982162,13627.339672790167,13712.2451171875,390114,0.0,0.0
2011-06-24 00:00:00+07:00,13882.055185321517,13882.055185321517,13627.3388671875,13627.3388671875,361394,0.0,0.0
2011-06-27 00:00:00+07:00,13415.07283372975,13627.337857078865,13372.6201171875,13372.6201171875,667173,0.0,0.0
2011-06-28 00:00:00+07:00,13372.6201171875,13372.6201171875,13287.714684103,13372.6201171875,525673,0.0,0.0
2011-06-29 00:00:00+07:00,13499.979733047116,13924.508385215542,13415.074290741037,13882.0556640625,476154,0.0,0.0
2011-06-30 00:00:00+07:00,13627.338539391176,14009.413007401658,13627.338539391176,13797.1494140625,222848,0.0,0.0
2011-07-01 00:00:00+07:00,13499.97826681425,13542.432423994363,13372.6201171875,13372.6201171875,157084,0.0,0.0
2011-07-04 00:00:00+07:00,13330.1689453125,13372.621666774066,13245.263502389364,13330.1689453125,232647,0.0,0.0
2011-07-05 00:00:00+07:00,13584.8857421875,13712.243897454722,13372.620709437537,13584.8857421875,264460,0.0,0.0
2011-07-06 00:00:00+07:00,13754.696202926854,13754.696202926854,13415.073025106003,13542.4326171875,283277,0.0,0.0
2011-07-07 00:00:00+07:00,13542.433246063987,13542.433246063987,13415.073648068232,13457.5263671875,41229,0.0,0.0
2011-07-08 00:00:00+07:00,13372.620851936856,13457.526289686428,13245.2626953125,13245.2626953125,690749,0.0,0.0
2011-07-11 00:00:00+07:00,13245.2626953125,13287.715414187283,13245.2626953125,13245.2626953125,84631,0.0,0.0
2011-07-12 00:00:00+07:00,13245.2626953125,13287.715414187283,13160.35725756293,13245.2626953125,218331,0.0,0.0
2011-07-13 00:00:00+07:00,13542.433581984338,13542.433581984338,13202.810379967885,13287.7158203125,275233,0.0,0.0
2011-07-14 00:00:00+07:00,13287.715490710429,13542.433246063987,13245.26277159116,13457.5263671875,142490,0.0,0.0
2011-07-15 00:00:00+07:00,13287.7158203125,13372.621260657115,13245.263100140191,13287.7158203125,199583,0.0,0.0
2011-07-18 00:00:00+07:00,13287.716223850932,13330.1689453125,13202.810780927795,13330.1689453125,340596,0.0,0.0
2011-07-19 00:00:00+07:00,13330.16740064525,13372.6201171875,13287.714684103,13372.6201171875,91373,0.0,0.0
2011-07-20 00:00:00+07:00,13372.62078674625,13797.149414062502,13287.71534941059,13797.1494140625,304388,0.0,0.0
2011-07-21 00:00:00+07:00,13627.338460609908,13797.149334299536,13584.8857421875,13584.8857421875,184727,0.0,0.0
2011-07-22 00:00:00+07:00,13457.526146282353,13584.8857421875,13372.620709437537,13584.8857421875,157397,0.0,0.0
2011-07-25 00:00:00+07:00,13542.433581984338,13542.433581984338,13287.7158203125,13287.7158203125,468005,0.0,0.0
2011-07-26 00:00:00+07:00,13287.715414187283,13372.620851936856,13245.2626953125,13245.2626953125,351369,0.0,0.0
2011-07-27 00:00:00+07:00,13287.715272592724,13584.8857421875,13287.715272592724,13584.8857421875,468283,0.0,0.0
2011-07-28 00:00:00+07:00,13584.8857421875,13712.243897454722,13542.433023765094,13584.8857421875,538477,0.0,0.0
2011-07-29 00:00:00+07:00,13584.8851045004,13924.5068359375,13457.52551457363,13924.5068359375,598212,0.0,0.0
2011-08-01 00:00:00+07:00,13627.338460609908,13712.243897454722,13584.8857421875,13584.8857421875,343342,0.0,0.0
2011-08-02 00:00:00+07:00,13542.433993258366,13584.886714719934,13330.1689453125,13330.1689453125,840973,0.0,0.0
2011-08-03 00:00:00+07:00,13330.169288657587,13330.169288657587,13075.452953327454,13160.3583984375,731911,0.0,0.0
2011-08-04 00:00:00+07:00,13160.358059466227,13584.886714719934,13160.358059466227,13330.1689453125,1060381,0.0,0.0
2011-08-05 00:00:00+07:00,13245.262287881418,13330.167723019254,13160.356852743582,13202.8095703125,798595,0.0,0.0
2011-08-08 00:00:00+07:00,13160.358746270756,13160.358746270756,12990.5478515625,12990.5478515625,875774,0.0,0.0
2011-08-09 00:00:00+07:00,12735.829999468147,12735.829999468147,12396.208250319112,12523.56640625,735229,0.0,0.0
2011-08-10 00:00:00+07:00,12905.640874042663,12905.640874042663,12523.56640625,12523.56640625,1732767,0.0,0.0
2011-08-11 00:00:00+07:00,12311.303139605256,12438.661298914489,12311.303139605256,12353.755859375,663246,0.0,0.0
2011-08-12 00:00:00+07:00,12353.755289999372,12523.566161251883,12353.755289999372,12396.2080078125,665435,0.0,0.0
2011-08-15 00:00:00+07:00,12523.567613046618,12693.37850398446,12523.567613046618,12650.92578125,417097,0.0,0.0
2011-08-16 00:00:00+07:00,12693.37743504353,13032.999188318823,12693.37743504353,12948.09375,250334,0.0,0.0
2011-08-17 00:00:00+07:00,13117.90533800466,13330.1689453125,13075.452616543094,13330.1689453125,404031,0.0,0.0
2011-08-18 00:00:00+07:00,13584.886950591505,13754.697839386166,13457.527343357451,13712.2451171875,943327,0.0,0.0
2011-08-19 00:00:00+07:00,13457.526289686428,13584.885886948729,13245.2626953125,13245.2626953125,665105,0.0,0.0
2011-08-22 00:00:00+07:00,13372.620709437537,13627.338460609908,13372.620709437537,13584.8857421875,708889,0.0,0.0
2011-08-23 00:00:00+07:00,13584.885334335371,13584.885334335371,13415.073025106003,13542.4326171875,847904,0.0,0.0
2011-08-24 00:00:00+07:00,13542.433581984338,13669.791742501264,13287.7158203125,13287.7158203125,1306876,0.0,0.0
2011-08-25 00:00:00+07:00,13287.716223850932,13372.621666774066,13245.263502389364,13330.1689453125,768050,0.0,0.0
2011-08-26 00:00:00+07:00,13415.074388235636,13415.074388235636,13330.1689453125,13330.1689453125,661752,0.0,0.0
2011-08-29 00:00:00+07:00,13330.168610605017,13542.433653221116,13330.168610605017,13499.9794921875,1685680,0.0,0.0
2011-08-30 00:00:00+07:00,13924.508728180826,14009.414172578156,13627.339672790167,13712.2451171875,1371789,0.0,0.0
2011-08-31 00:00:00+07:00,13882.0556640625,13924.508385215542,13712.24477945034,13882.0556640625,1478643,0.0,0.0
2011-09-01 00:00:00+07:00,13882.054525594518,14094.318113951977,13882.054525594518,13966.9599609375,1215694,0.0,0.0
2011-09-05 00:00:00+07:00,13966.961450379493,13966.961450379493,13712.2451171875,13712.2451171875,1904464,0.0,0.0
2011-09-06 00:00:00+07:00,13584.88550189408,14009.412678608993,13584.88550189408,13966.9599609375,600037,0.0,0.0
2011-09-07 00:00:00+07:00,14179.224276850802,14349.03515625,14009.413397451604,14349.03515625,910958,0.0,0.0
2011-09-08 00:00:00+07:00,14646.203398375572,15028.279296875,14646.203398375572,15028.279296875,900933,0.0,0.0
2011-09-09 00:00:00+07:00,15028.280908503844,15537.71357361731,14985.828186411056,15198.091796875,1366437,0.0,0.0
2011-09-12 00:00:00+07:00,14943.375,15198.091324642226,14858.46955845259,14943.375,964820,0.0,0.0
2011-09-13 00:00:00+07:00,14900.92185967081,14900.92185967081,14264.129625356982,14646.2041015625,1447352,0.0,0.0
2011-09-14 00:00:00+07:00,14391.48902912818,14731.110815136655,14264.130859375,14264.130859375,930278,0.0,0.0
2011-09-15 00:00:00+07:00,14264.130154439868,14264.130154439868,13712.24477945034,13882.0556640625,2043688,0.0,0.0
2011-09-16 00:00:00+07:00,14009.413156375937,14009.413156375937,13457.5263671875,13457.5263671875,3295626,0.0,0.0
2011-09-19 00:00:00+07:00,13457.52707501698,14094.3193359375,13457.52707501698,14094.3193359375,673028,0.0,0.0
2011-09-20 00:00:00+07:00,14094.318764743295,14433.940521796923,14009.413325479887,14136.771484375,828046,0.0,0.0
2011-09-21 00:00:00+07:00,14349.035664050498,14349.035664050498,14009.413893233168,14094.3193359375,759746,0.0,0.0
2011-09-22 00:00:00+07:00,14009.41372599348,14221.677330220378,14009.41372599348,14179.224609375,1320081,0.0,0.0
2011-09-23 00:00:00+07:00,13966.96036703168,14136.771242654955,13966.96036703168,14009.4130859375,931616,0.0,0.0
2011-09-26 00:00:00+07:00,14009.412593544828,14009.412593544828,13669.790854235058,13754.6962890625,1279563,0.0,0.0
2011-09-27 00:00:00+07:00,13669.791258059007,13966.960288733826,13669.791258059007,13797.1494140625,602921,0.0,0.0
2011-09-28 00:00:00+07:00,13882.056005982162,13882.056005982162,13712.2451171875,13712.2451171875,701800,0.0,0.0
2011-09-29 00:00:00+07:00,13584.8857421875,13669.791179032314,13457.526146282353,13584.8857421875,1206885,0.0,0.0
2011-09-30 00:00:00+07:00,13542.434228392838,13712.2451171875,13542.434228392838,13712.2451171875,671117,0.0,0.0
2011-10-03 00:00:00+07:00,13584.8857421875,13754.696615877128,13584.8857421875,13584.8857421875,377883,0.0,0.0
2011-10-04 00:00:00+07:00,13457.526146282353,13712.243897454722,13457.526146282353,13584.8857421875,719123,0.0,0.0
2011-10-05 00:00:00+07:00,13584.886950591505,13754.697839386166,13584.886950591505,13712.2451171875,556895,0.0,0.0
2011-10-06 00:00:00+07:00,13627.339672790167,13754.697839386166,13627.339672790167,13712.2451171875,820748,0.0,0.0
2011-10-07 00:00:00+07:00,13669.7919921875,13712.244713135233,13627.339271239767,13669.7919921875,281835,0.0,0.0
2011-10-10 00:00:00+07:00,13584.886550292038,13712.244713135233,13584.886550292038,13669.7919921875,241073,0.0,0.0
2011-10-11 00:00:00+07:00,13754.697839386166,13754.697839386166,13669.792394988835,13712.2451171875,204691,0.0,0.0
2011-10-12 00:00:00+07:00,13584.886147498495,13669.791586876505,13584.886147498495,13627.3388671875,292816,0.0,0.0
2011-10-13 00:00:00+07:00,13584.886950591505,13712.2451171875,13584.886950591505,13712.2451171875,222587,0.0,0.0
2011-10-14 00:00:00+07:00,13797.149491408409,14009.4130859375,13712.24405359677,14009.4130859375,432492,0.0,0.0
2011-10-17 00:00:00+07:00,13924.508728180826,13966.961450379493,13669.792394988835,13712.2451171875,218053,0.0,0.0
2011-10-18 00:00:00+07:00,13669.792394988835,13712.2451171875,13627.339672790167,13712.2451171875,169038,0.0,0.0
2011-10-19 00:00:00+07:00,13754.696615877128,13754.696615877128,13584.8857421875,13584.8857421875,259630,0.0,0.0
2011-10-20 00:00:00+07:00,13712.244306565504,13712.244306565504,13584.886147498495,13627.3388671875,182555,0.0,0.0
2011-10-21 00:00:00+07:00,13712.244713135233,13754.697434082962,13669.7919921875,13669.7919921875,120875,0.0,0.0
2011-10-24 00:00:00+07:00,13669.791586876505,13712.244306565504,13627.3388671875,13627.3388671875,119016,0.0,0.0
2011-10-25 00:00:00+07:00,13627.338460609908,13627.338460609908,13584.8857421875,13584.8857421875,296882,0.0,0.0
2011-10-26 00:00:00+07:00,13584.886950591505,13712.2451171875,13584.886950591505,13712.2451171875,622971,0.0,0.0
2011-10-27 00:00:00+07:00,13797.14974594351,13797.14974594351,13627.3388671875,13627.3388671875,610809,0.0,0.0
2011-10-28 00:00:00+07:00,13754.69750060338,13924.508385215542,13584.886615991216,13882.0556640625,1570382,0.0,0.0
2011-10-31 00:00:00+07:00,14009.413344388524,14136.771503455531,13627.3388671875,13627.3388671875,1650775,0.0,0.0
2011-11-01 00:00:00+07:00,13584.8857421875,13669.791179032314,13584.8857421875,13584.8857421875,443646,0.0,0.0
2011-11-02 00:00:00+07:00,13542.434342070765,13584.887064625786,13160.3583984375,13160.3583984375,1021808,0.0,0.0
2011-11-03 00:00:00+07:00,13330.169288657587,13330.169288657587,12948.09478566239,13160.3583984375,560456,0.0,0.0
2011-11-04 00:00:00+07:00,13160.35717930452,13245.262616549197,13032.9990234375,13032.9990234375,423822,0.0,0.0
2011-11-07 00:00:00+07:00,13160.357514487514,13160.357514487514,12778.283037155352,12863.1884765625,427418,0.0,0.0
2011-11-08 00:00:00+07:00,12735.829993081126,13245.262616549197,12693.377274458786,13032.9990234375,487708,0.0,0.0
2011-11-09 00:00:00+07:00,13117.90602259369,13117.90602259369,12905.642404208373,12990.5478515625,120736,0.0,0.0
2011-11-10 00:00:00+07:00,12820.736159488932,12905.6416015625,12778.283438452148,12905.6416015625,386378,0.0,0.0
2011-11-11 00:00:00+07:00,12905.641533756185,12990.54697538366,12566.019767246287,12693.3779296875,662794,0.0,0.0
2011-11-14 00:00:00+07:00,12438.6611328125,12523.566571218184,12396.208413609656,12438.6611328125,612598,0.0,0.0
2011-11-15 00:00:00+07:00,12650.925130521093,12650.925130521093,12226.396484375,12226.396484375,739955,0.0,0.0
2011-11-16 00:00:00+07:00,12311.303139605256,12438.661298914489,12226.396259427798,12353.755859375,665244,0.0,0.0
2011-11-17 00:00:00+07:00,12396.208579144744,12438.661298914489,12311.303139605256,12353.755859375,517315,0.0,0.0
2011-11-18 00:00:00+07:00,12226.396259427798,12353.755859375,12183.943539658056,12353.755859375,213361,0.0,0.0
2011-11-21 00:00:00+07:00,12311.30330628199,12396.20874697097,12268.8505859375,12268.8505859375,273061,0.0,0.0
2011-11-22 00:00:00+07:00,12268.8505859375,12353.75602662648,12183.943704610529,12268.8505859375,479247,0.0,0.0
2011-11-23 00:00:00+07:00,12396.208816646293,12523.566978395604,12396.208816646293,12481.1142578125,617984,0.0,0.0
2011-11-24 00:00:00+07:00,12523.566161251883,12523.566161251883,12396.2080078125,12396.2080078125,206290,0.0,0.0
2011-11-25 00:00:00+07:00,12396.208579144744,12438.661298914489,12311.303139605256,12353.755859375,124385,0.0,0.0
2011-11-28 00:00:00+07:00,12438.660725625628,12523.566161251883,12396.2080078125,12396.2080078125,373644,0.0,0.0
2011-11-29 00:00:00+07:00,12396.208413609656,12438.6611328125,12353.755694406813,12438.6611328125,151403,0.0,0.0
2011-11-30 00:00:00+07:00,12396.20874697097,12438.66146731546,11844.32194185461,12268.8505859375,644585,0.0,0.0
2011-12-01 00:00:00+07:00,12396.2081711198,12396.2081711198,12268.8500160026,12311.302734375,69776,0.0,0.0
2011-12-02 00:00:00+07:00,12311.302572186243,12396.2080078125,12311.302572186243,12396.2080078125,52975,0.0,0.0
2011-12-05 00:00:00+07:00,12566.020166043409,12735.8310546875,12438.661999560338,12735.8310546875,834457,0.0,0.0
2011-12-06 00:00:00+07:00,12820.736672187842,12820.736672187842,12523.567613046618,12650.92578125,241716,0.0,0.0
2011-12-07 00:00:00+07:00,12650.924728826714,12650.924728826714,12438.6611328125,12438.6611328125,88141,0.0,0.0
2011-12-08 00:00:00+07:00,12438.661527767044,12523.566968868665,12226.396484375,12226.396484375,287065,0.0,0.0
2011-12-09 00:00:00+07:00,12183.94412618634,12183.94412618634,11801.869629865798,11929.228515625,577084,0.0,0.0
2011-12-12 00:00:00+07:00,11886.774749817145,11886.774749817145,11632.058425872678,11716.9638671875,294032,0.0,0.0
2011-12-13 00:00:00+07:00,11419.794012781917,11504.6994480759,11249.982421875,11249.982421875,812321,0.0,0.0
2011-12-14 00:00:00+07:00,11037.71941532388,11037.71941532388,10698.09765625,10698.09765625,2087663,0.0,0.0
2011-12-15 00:00:00+07:00,10655.645113727547,10655.645113727547,10188.664466909146,10231.1171875,2355443,0.0,0.0
2011-12-16 00:00:00+07:00,10231.117091465883,10570.738853004874,10231.117091465883,10528.2861328125,1148574,0.0,0.0
2011-12-19 00:00:00+07:00,10528.285726365975,10528.285726365975,10316.022133598588,10485.8330078125,284042,0.0,0.0
2011-12-20 00:00:00+07:00,10316.02269676194,10570.73902198806,10188.66453414888,10443.380859375,442986,0.0,0.0
2011-12-21 00:00:00+07:00,10528.285892039548,10570.738611261064,10316.022295931967,10400.927734375,744977,0.0,0.0
2011-12-22 00:00:00+07:00,10358.475783585598,10358.475783585598,9891.4951171875,9891.4951171875,1331340,0.0,0.0
2011-12-23 00:00:00+07:00,9764.13671875,9891.494882845194,9466.96766919455,9764.13671875,369352,0.0,0.0
2011-12-26 00:00:00+07:00,9636.779122578642,9764.137294179429,9509.420950977858,9721.6845703125,353402,0.0,0.0
2011-12-27 00:00:00+07:00,9636.778894738229,9721.684340464682,9551.873449011771,9594.326171875,392477,0.0,0.0
2011-12-28 00:00:00+07:00,9679.23103291546,10018.853515625,9679.23103291546,10018.853515625,609906,0.0,0.0
2011-12-29 00:00:00+07:00,10061.30614569835,10061.30614569835,9806.589105870638,9933.947265625,180175,0.0,0.0
2011-12-30 00:00:00+07:00,10061.306069466034,10188.664228255431,9933.947190357654,10103.7587890625,257423,0.0,0.0
2012-01-03 00:00:00+07:00,10188.664719153374,10231.117440795246,9933.94766898313,9976.400390625,374564,0.0,0.0
2012-01-04 00:00:00+07:00,9806.58984375,9891.4952899748,9764.1371206376,9806.58984375,416941,0.0,0.0
2012-01-05 00:00:00+07:00,9806.589201643385,9806.589201643385,9636.7783203125,9636.7783203125,705466,0.0,0.0
2012-01-06 00:00:00+07:00,9721.68393117882,9721.68393117882,9551.873046875,9551.873046875,289845,0.0,0.0
2012-01-09 00:00:00+07:00,9806.58984375,9806.58984375,9594.326228188,9806.58984375,438973,0.0,0.0
2012-01-10 00:00:00+07:00,9721.683753214278,10146.211676521456,9721.683753214278,10018.853515625,337955,0.0,0.0
2012-01-11 00:00:00+07:00,10188.6640625,10273.569500311638,10061.305905782545,10188.6640625,367197,0.0,0.0
2012-01-12 00:00:00+07:00,10103.7587890625,10188.664228255431,9976.39990995412,10103.7587890625,198714,0.0,0.0
2012-01-13 00:00:00+07:00,10146.212084637831,10188.664806644249,10061.306640625,10061.306640625,274590,0.0,0.0
2012-01-16 00:00:00+07:00,10103.7587890625,10146.211508658966,10018.853349869569,10103.7587890625,331996,0.0,0.0
2012-01-17 00:00:00+07:00,10188.664396820272,10188.664396820272,10018.853515625,10018.853515625,789213,0.0,0.0
2012-01-18 00:00:00+07:00,10188.66430123585,10400.9279007386,10146.2115813353,10316.0224609375,220694,0.0,0.0
2012-01-19 00:00:00+07:00,10316.022684520758,10825.4560546875,10316.022684520758,10825.4560546875,463522,0.0,0.0
2012-01-20 00:00:00+07:00,10952.8133153494,11249.9823366265,10867.907880698802,11037.71875,398020,0.0,0.0
2012-01-30 00:00:00+07:00,11037.719391144909,11589.60546875,11037.719391144909,11589.60546875,506751,0.0,0.0
2012-01-31 00:00:00+07:00,11886.774259370686,12056.585855312933,11462.2470703125,11462.2470703125,1010654,0.0,0.0
2012-02-01 00:00:00+07:00,11462.247543243033,11716.9638671875,11249.983219636975,11716.9638671875,622953,0.0,0.0
2012-02-02 00:00:00+07:00,11886.774719968527,12268.850645563807,11801.86927886691,12226.396484375,729756,0.0,0.0
2012-02-03 00:00:00+07:00,12523.566646574793,12778.282963324526,11886.7744140625,11886.7744140625,1044170,0.0,0.0
2012-02-06 00:00:00+07:00,11971.680911450969,11971.680911450969,11632.058425872678,11716.9638671875,297977,0.0,0.0
2012-02-07 00:00:00+07:00,11801.868734216638,11886.774171399911,11504.699704075174,11759.416015625,761865,0.0,0.0
2012-02-08 00:00:00+07:00,11759.416344842772,12056.586103622796,11716.963625062624,11971.6806640625,747253,0.0,0.0
2012-02-09 00:00:00+07:00,12014.133292756347,12099.038011353943,11801.868975145922,11886.7744140625,716795,0.0,0.0
2012-02-10 00:00:00+07:00,11929.227927376543,12353.755844895382,11759.41632817762,12099.0380859375,1186243,0.0,0.0
2012-02-13 00:00:00+07:00,12099.03826392155,12523.56690800444,12056.586263896055,12268.8505859375,720930,0.0,0.0
2012-02-14 00:00:00+07:00,12183.943138619878,12438.660889492196,12183.943138619878,12311.302734375,641301,0.0,0.0
2012-02-15 00:00:00+07:00,12438.662111840964,12438.662111840964,12141.491613393266,12183.9443359375,650093,0.0,0.0
2012-02-16 00:00:00+07:00,12183.9443359375,12311.303944208265,12099.038890849031,12183.9443359375,486857,0.0,0.0
2012-02-17 00:00:00+07:00,12268.8505859375,12311.30330628199,12183.943704610529,12268.8505859375,433656,0.0,0.0
2012-02-20 00:00:00+07:00,12438.661999560338,12735.8310546875,12396.209277399315,12735.8310546875,985183,0.0,0.0
2012-02-21 00:00:00+07:00,12948.094184226642,12948.094184226642,12481.1142578125,12481.1142578125,992585,0.0,0.0
2012-02-22 00:00:00+07:00,12523.567443882384,12863.18922117057,12438.661999560338,12735.8310546875,767042,0.0,0.0
2012-02-23 00:00:00+07:00,12820.735756858929,12905.641196266071,12566.019438637484,12863.1884765625,1090595,0.0,0.0
2012-02-24 00:00:00+07:00,12863.188880525717,12990.547043636068,12778.283438452148,12905.6416015625,1580251,0.0,0.0
2012-02-27 00:00:00+07:00,13117.904005070908,13542.4326171875,12990.545853627296,13542.4326171875,2559440,0.0,0.0
2012-02-28 00:00:00+07:00,13584.885806165845,13627.338524788183,13032.9990234375,13032.9990234375,930678,0.0,0.0
2012-02-29 00:00:00+07:00,12948.09478566239,13160.3583984375,12863.189340552344,13160.3583984375,1024449,0.0,0.0
2012-03-01 00:00:00+07:00,13160.356852743582,13202.8095703125,12990.54598246791,13202.8095703125,830357,0.0,0.0
2012-03-02 00:00:00+07:00,13245.262287881418,13415.07315815709,13075.451417605746,13202.8095703125,1071275,0.0,0.0
2012-03-05 00:00:00+07:00,13712.244379319758,13839.6025390625,13627.338939491265,13839.6025390625,1259217,0.0,0.0
2012-03-06 00:00:00+07:00,14221.677902951116,14221.677902951116,13160.3583984375,13160.3583984375,1891294,0.0,0.0
2012-03-07 00:00:00+07:00,13160.358746270756,13160.358746270756,12650.926062145993,12990.5478515625,1626606,0.0,0.0
2012-03-08 00:00:00+07:00,12735.83033730269,12778.283057072433,12353.755859375,12353.755859375,1597522,0.0,0.0
2012-03-09 00:00:00+07:00,12353.755289999372,12693.3770325044,12268.849854373117,12396.2080078125,1240696,0.0,0.0
2012-03-12 00:00:00+07:00,12396.2080078125,12523.566161251883,12311.302572186243,12396.2080078125,829662,0.0,0.0
2012-03-13 00:00:00+07:00,12396.2080078125,12523.566161251883,12311.302572186243,12396.2080078125,989961,0.0,0.0
2012-03-14 00:00:00+07:00,12650.924481354194,12650.924481354194,12226.395856992276,12311.302734375,1422088,0.0,0.0
2012-03-15 00:00:00+07:00,12183.943903299156,12905.6416015625,11929.228297397458,12905.6416015625,1972417,0.0,0.0
2012-03-16 00:00:00+07:00,13372.62131489424,13372.62131489424,12268.8505859375,12268.8505859375,2543959,0.0,0.0
2012-03-19 00:00:00+07:00,12311.302975203973,12523.566571218184,12141.490657754646,12438.6611328125,1904968,0.0,0.0
2012-03-20 00:00:00+07:00,12438.661604805076,12735.830650501235,12438.661604805076,12693.3779296875,1275202,0.0,0.0
2012-03-21 00:00:00+07:00,12735.830154202942,13075.451907478237,12735.830154202942,12948.09375,1856283,0.0,0.0
2012-03-22 00:00:00+07:00,12820.735923379969,12905.6413638899,12735.830482870031,12778.283203125,911497,0.0,0.0
2012-03-23 00:00:00+07:00,12820.736328125,12863.18904972018,12735.830884934638,12820.736328125,1247993,0.0,0.0
2012-03-26 00:00:00+07:00,12990.546063839132,13457.525960022336,12820.735192499784,13415.0732421875,2237364,0.0,0.0
2012-03-27 00:00:00+07:00,13372.62128669454,13499.979447459442,12778.283203125,12778.283203125,1279928,0.0,0.0
2012-03-28 00:00:00+07:00,12735.830717415363,12948.094322599283,12481.114391194658,12905.6416015625,578492,0.0,0.0
2012-03-29 00:00:00+07:00,12948.094084144868,13032.999524654802,12735.830482870031,12778.283203125,644568,0.0,0.0
2012-03-30 00:00:00+07:00,12735.829750317527,12735.829750317527,12396.2080078125,12396.2080078125,1692109,0.0,0.0
2012-04-03 00:00:00+07:00,12396.20894912109,12948.094322599283,12396.20894912109,12905.6416015625,1171422,0.0,0.0
2012-04-04 00:00:00+07:00,13032.999696197396,13032.999696197396,12693.3779296875,12693.3779296875,704545,0.0,0.0
2012-04-05 00:00:00+07:00,12523.567443882384,12735.8310546875,12523.567443882384,12735.8310546875,648008,0.0,0.0
2012-04-06 00:00:00+07:00,12863.188812942448,12863.188812942448,12693.3779296875,12693.3779296875,1005389,0.0,0.0
2012-04-09 00:00:00+07:00,12863.18922117057,12948.094665492616,12693.378332526478,12735.8310546875,383963,0.0,0.0
2012-04-10 00:00:00+07:00,12735.83031745178,13160.357514487514,12735.83031745178,12863.1884765625,707169,0.0,0.0
2012-04-11 00:00:00+07:00,13160.357994690114,13287.71615844795,13032.999830932276,13117.9052734375,2149552,0.0,0.0
2012-04-12 00:00:00+07:00,13160.356534476248,13627.337857078865,13160.356534476248,13372.6201171875,2090217,0.0,0.0
2012-04-13 00:00:00+07:00,13372.6201171875,13499.97826681425,13245.26196756075,13372.6201171875,2304639,0.0,0.0
2012-04-16 00:00:00+07:00,13415.073109114835,13882.054441303664,13415.073109114835,13754.6962890625,2747818,0.0,0.0
2012-04-17 00:00:00+07:00,13924.5087394536,14433.94140625,13797.1505727545,14433.94140625,2821765,0.0,0.0
2012-04-18 00:00:00+07:00,14773.562354747995,14900.921954935371,14221.676996700602,14349.03515625,1687331,0.0,0.0
2012-04-19 00:00:00+07:00,14349.03475674431,14349.03475674431,13754.69669539467,13797.1494140625,1600128,0.0,0.0
2012-04-20 00:00:00+07:00,13797.149819148251,14051.86613863374,13754.697099234005,13839.6025390625,1931794,0.0,0.0
2012-04-23 00:00:00+07:00,13966.960698805244,14051.86613863374,13839.6025390625,13839.6025390625,1398650,0.0,0.0
2012-04-24 00:00:00+07:00,13839.601403078226,13924.5068359375,13712.243253789316,13924.5068359375,1705609,0.0,0.0
2012-04-25 00:00:00+07:00,14094.31796220389,14603.75056877692,14094.31796220389,14561.2978515625,2897710,0.0,0.0
2012-04-26 00:00:00+07:00,15282.996766189635,15282.996766189635,14943.375,14943.375,4896155,0.0,0.0
2012-04-27 00:00:00+07:00,15155.637937032545,15410.354250467455,14985.82706140927,15282.99609375,1269017,0.0,0.0
2012-05-02 00:00:00+07:00,15622.617757731185,15919.786788411977,15452.806883056444,15580.1650390625,2417193,0.0,0.0
2012-05-03 00:00:00+07:00,15622.618164062502,15707.52360360819,15240.5436861069,15622.6181640625,2070288,0.0,0.0
2012-05-04 00:00:00+07:00,15622.619031036256,16004.693530194996,15622.619031036256,15919.7880859375,1515808,0.0,0.0
2012-05-07 00:00:00+07:00,16641.484780479117,16683.9375,16514.12662191647,16683.9375,1972121,0.0,0.0
2012-05-08 00:00:00+07:00,16768.84315475415,17490.540836530934,16683.937714620177,17320.728515625,2681358,0.0,0.0
2012-05-09 00:00:00+07:00,17320.72810969707,17490.540426623287,17066.01179526466,17278.275390625,1561399,0.0,0.0
2012-05-10 00:00:00+07:00,17235.824039755316,17363.182207081376,16556.58048068298,16599.033203125,2565400,0.0,0.0
2012-05-11 00:00:00+07:00,16641.484705442854,16683.937424772314,16386.768389466077,16471.673828125,2435576,0.0,0.0
2012-05-14 00:00:00+07:00,16471.67382596823,16514.126545292136,15665.070718176095,15707.5234375,2802183,0.0,0.0
2012-05-15 00:00:00+07:00,15367.900959513076,15834.880850094409,15155.637372885198,15325.4482421875,2516872,0.0,0.0
2012-05-16 00:00:00+07:00,14688.656839587147,14731.109559218852,13797.149727321368,14136.771484375,2835646,0.0,0.0
2012-05-17 00:00:00+07:00,14221.6767578125,14561.298510906112,14221.6767578125,14221.6767578125,1803517,0.0,0.0
2012-05-18 00:00:00+07:00,14051.86613863374,14094.318858547987,13584.886219577014,13839.6025390625,1721768,0.0,0.0
2012-05-21 00:00:00+07:00,13966.9603577174,14518.845703125,13966.9603577174,14518.845703125,1137230,0.0,0.0
2012-05-22 00:00:00+07:00,14731.10954071928,15198.090896719548,14433.940503670545,14646.2041015625,1750837,0.0,0.0
2012-05-23 00:00:00+07:00,14646.202780685631,14688.6554964354,14264.128338937737,14306.5810546875,1433243,0.0,0.0
2012-05-24 00:00:00+07:00,14221.6767578125,14433.940353496007,13882.055004718886,14221.6767578125,1049991,0.0,0.0
2012-05-25 00:00:00+07:00,14646.2031567606,14900.9208984375,14433.939572561414,14900.9208984375,1662955,0.0,0.0
2012-05-28 00:00:00+07:00,15282.99574162566,15282.99574162566,14476.392660361518,14688.65625,966679,0.0,0.0
2012-05-29 00:00:00+07:00,14688.65625,14731.108967927696,14561.298096216911,14688.65625,757296,0.0,0.0
2012-05-30 00:00:00+07:00,14816.013831010532,14900.920704221418,14731.1083984375,14731.1083984375,866930,0.0,0.0
2012-05-31 00:00:00+07:00,14688.6554964354,14688.6554964354,14306.581054687502,14306.5810546875,1217292,0.0,0.0
2012-06-01 00:00:00+07:00,14518.844633436334,14518.844633436334,14264.128338937737,14306.5810546875,580281,0.0,0.0
2012-06-04 00:00:00+07:00,14179.223463199713,14179.223463199713,13669.790854235058,13754.6962890625,1691553,0.0,0.0
2012-06-05 00:00:00+07:00,13754.6974009212,14179.224609374998,13627.33923838506,14179.224609375,1039618,0.0,0.0
2012-06-06 00:00:00+07:00,14179.2250728518,14433.94140625,14136.772350618769,14433.94140625,648877,0.0,0.0
2012-06-07 00:00:00+07:00,14518.845942827327,14858.46914009242,14476.393223248935,14646.2041015625,1573961,0.0,0.0
2012-06-08 00:00:00+07:00,14858.47006921839,14858.47006921839,14433.94140625,14433.94140625,1314330,0.0,0.0
2012-06-11 00:00:00+07:00,14433.94140625,14646.205017415168,14391.488684016967,14433.94140625,784678,0.0,0.0
2012-06-12 00:00:00+07:00,14391.486486187034,14476.391917686567,14306.581054687502,14306.5810546875,436071,0.0,0.0
2012-06-13 00:00:00+07:00,14306.5832395509,14518.846850716069,14264.130517317866,14433.94140625,586484,0.0,0.0
2012-06-14 00:00:00+07:00,14433.941752379238,14433.941752379238,14264.130859375,14264.130859375,478187,0.0,0.0
2012-06-15 00:00:00+07:00,14391.487406259805,14858.46875,14391.487406259805,14858.46875,1956519,0.0,0.0
2012-06-18 00:00:00+07:00,14858.469381172368,15070.732982508318,14773.5625,14773.5625,962821,0.0,0.0
2012-06-19 00:00:00+07:00,14688.657395602366,14731.110116841048,14518.846510647636,14603.751953125,1709206,0.0,0.0
2012-06-20 00:00:00+07:00,14773.562260297673,14773.562260297673,14603.751381984108,14646.2041015625,326888,0.0,0.0
2012-06-21 00:00:00+07:00,14646.204674363684,14773.56283807973,14603.751953125,14603.751953125,228669,0.0,0.0
2012-06-22 00:00:00+07:00,14646.2041015625,14900.92185967081,14518.845942827327,14646.2041015625,921469,0.0,0.0
2012-06-25 00:00:00+07:00,14816.014154849016,14858.46831270132,14518.84513434808,14561.2978515625,622849,0.0,0.0
2012-06-26 00:00:00+07:00,14476.394128483034,14646.205017415168,14391.488684016967,14433.94140625,680603,0.0,0.0
2012-06-27 00:00:00+07:00,14603.752295182134,14688.6577396482,14433.94140625,14433.94140625,541327,0.0,0.0
2012-06-28 00:00:00+07:00,14136.771557001002,14433.9405959496,14136.771557001002,14349.03515625,290523,0.0,0.0
2012-06-29 00:00:00+07:00,14433.939699919243,14688.65600320576,14433.939699919243,14561.2978515625,316654,0.0,0.0
2012-07-02 00:00:00+07:00,14561.298755499,14646.204195198598,14349.03515625,14349.03515625,219721,0.0,0.0
2012-07-03 00:00:00+07:00,14476.394475630295,14476.394475630295,14221.67813612394,14264.130859375,350448,0.0,0.0
2012-07-04 00:00:00+07:00,14433.941752379238,14433.941752379238,14264.130859375,14264.130859375,198836,0.0,0.0
2012-07-05 00:00:00+07:00,14264.129150194842,14433.94002285172,14221.676432030625,14391.4873046875,321154,0.0,0.0
2012-07-06 00:00:00+07:00,14433.94140625,14646.205017415168,14433.94140625,14433.94140625,188480,0.0,0.0
2012-07-09 00:00:00+07:00,14433.940353496007,14433.940353496007,14221.6767578125,14221.6767578125,624100,0.0,0.0
2012-07-10 00:00:00+07:00,14094.3193359375,14264.130221346166,14094.3193359375,14094.3193359375,320772,0.0,0.0
2012-07-11 00:00:00+07:00,14094.318600402396,14264.1294769492,14051.865881265694,14221.6767578125,127339,0.0,0.0
2012-07-12 00:00:00+07:00,14051.866045111592,14391.487802165222,14051.866045111592,14136.771484375,150343,0.0,0.0
2012-07-13 00:00:00+07:00,14349.033951858855,14773.561114724016,14306.58123557234,14731.1083984375,1011470,0.0,0.0
2012-07-16 00:00:00+07:00,14731.108720420178,14943.37374713016,14561.2978515625,14561.2978515625,303728,0.0,0.0
2012-07-17 00:00:00+07:00,14518.845561651333,14985.826905391526,14518.845561651333,14858.46875,690419,0.0,0.0
2012-07-18 00:00:00+07:00,14858.468426714318,15155.63744949551,14773.561550996084,15028.279296875,799446,0.0,0.0
2012-07-19 00:00:00+07:00,15198.092139417564,15749.9775390625,15155.639416367954,15749.9775390625,2177352,0.0,0.0
2012-07-20 00:00:00+07:00,16216.957350315952,16301.86278812759,15282.99609375,15282.99609375,1555891,0.0,0.0
2012-07-23 00:00:00+07:00,15707.523273177918,16047.145024216245,15622.617835418338,15792.4287109375,1216458,0.0,0.0
2012-07-24 00:00:00+07:00,15707.523771531767,15792.42921198515,15452.807450171616,15537.712890625,1298276,0.0,0.0
2012-07-25 00:00:00+07:00,15452.80778604886,15495.260507198293,15198.09145915228,15367.90234375,878345,0.0,0.0
2012-07-26 00:00:00+07:00,15707.523529189491,15707.523529189491,15240.543613900649,15410.3544921875,449293,0.0,0.0
2012-07-27 00:00:00+07:00,15452.806883056444,15962.23950708066,15452.806883056444,15580.1650390625,1134450,0.0,0.0
2012-07-30 00:00:00+07:00,15495.259358627663,15707.52294864099,15452.806640625,15452.806640625,397603,0.0,0.0
2012-07-31 00:00:00+07:00,15622.618907567206,15665.071629360442,15452.808020394265,15495.2607421875,576111,0.0,0.0
2012-08-01 00:00:00+07:00,15452.806640625,15495.259358627663,15282.99576861434,15452.806640625,306263,0.0,0.0
2012-08-02 00:00:00+07:00,15367.901772615787,15537.71265090264,15367.901772615787,15410.3544921875,218053,0.0,0.0
2012-08-03 00:00:00+07:00,15452.806883056444,15792.428632405925,15452.806883056444,15580.1650390625,802522,0.0,0.0
2012-08-06 00:00:00+07:00,15707.524475293754,16132.053137219296,15622.619031036256,15919.7880859375,951302,0.0,0.0
2012-08-07 00:00:00+07:00,15919.786867576871,16047.145024216245,15707.523273177918,15792.4287109375,899369,0.0,0.0
2012-08-08 00:00:00+07:00,15834.88264168,16004.693530194996,15792.429919551252,15919.7880859375,664063,0.0,0.0
2012-08-09 00:00:00+07:00,15962.2392578125,16004.691975818238,15919.786539806762,15962.2392578125,960754,0.0,0.0
2012-08-10 00:00:00+07:00,16004.692715811834,16004.692715811834,15834.8818359375,15834.8818359375,706752,0.0,0.0
2012-08-13 00:00:00+07:00,15792.429115968916,15962.23999584325,15707.523676031748,15834.8818359375,330780,0.0,0.0
2012-08-14 00:00:00+07:00,15792.429518834391,15919.787681989055,15792.429518834391,15877.3349609375,413518,0.0,0.0
2012-08-15 00:00:00+07:00,15919.786247984115,16556.578447035183,15877.33353075657,16386.767578125,1685559,0.0,0.0
2012-08-16 00:00:00+07:00,16386.768463353827,16853.748378083525,16386.768463353827,16683.9375,1790346,0.0,0.0
2012-08-17 00:00:00+07:00,16683.937972535437,17363.181504107604,16641.485251812177,16938.654296875,1997071,0.0,0.0
2012-08-20 00:00:00+07:00,16981.106280986536,17193.3698753952,16938.653562104802,17066.01171875,998561,0.0,0.0
2012-08-21 00:00:00+07:00,16599.03273369866,16768.843618664436,16216.95824252567,16344.31640625,3542261,0.0,0.0
2012-08-22 00:00:00+07:00,16301.864146030854,16768.844092893083,16216.958701146812,16599.033203125,2820496,0.0,0.0
2012-08-23 00:00:00+07:00,16556.579091411677,16599.031810291468,15792.4287109375,15792.4287109375,2559614,0.0,0.0
2012-08-24 00:00:00+07:00,15198.089759504062,16556.578125,15198.089759504062,16556.578125,1605080,0.0,0.0
2012-08-27 00:00:00+07:00,16556.580717643184,16556.580717643184,15749.9775390625,15749.9775390625,1478643,0.0,0.0
2012-08-28 00:00:00+07:00,15749.975992057707,15962.239586456664,15282.99608438001,15792.4287109375,947323,0.0,0.0
2012-08-29 00:00:00+07:00,16344.314542990924,16556.578125,16259.409110187296,16556.578125,1441913,0.0,0.0
2012-08-30 00:00:00+07:00,16768.842939041762,17023.559256167053,16641.484780479117,16683.9375,1252563,0.0,0.0
2012-08-31 00:00:00+07:00,16768.84188449428,17023.558185601145,16641.483733940848,16981.10546875,1315060,0.0,0.0
2012-09-04 00:00:00+07:00,17023.559076192592,17490.540426623287,17023.559076192592,17278.275390625,1174776,0.0,0.0
2012-09-05 00:00:00+07:00,17405.634765625,17745.256513853175,16981.106139701853,17405.634765625,1837692,0.0,0.0
2012-09-06 00:00:00+07:00,17235.822098480614,17405.634409760758,16811.294921875,16811.294921875,1196912,0.0,0.0
2012-09-07 00:00:00+07:00,16981.10668408159,17108.46484375,16811.29580452371,17108.46484375,1230027,0.0,0.0
2012-09-10 00:00:00+07:00,17066.01224466982,17066.01224466982,16301.863281249998,16301.86328125,2139163,0.0,0.0
2012-09-11 00:00:00+07:00,16132.051753162032,16726.389811972993,16132.051753162032,16641.484375,1474960,0.0,0.0
2012-09-12 00:00:00+07:00,16514.1281029061,16641.486272890244,16132.053592953662,16429.22265625,745307,0.0,0.0
2012-09-13 00:00:00+07:00,16386.768064081018,16683.937093486496,16344.31534559452,16641.484375,1299927,0.0,0.0
2012-09-14 00:00:00+07:00,16811.295995731216,16981.10687722048,16514.126953125,16514.126953125,2102310,0.0,0.0
2012-09-17 00:00:00+07:00,16216.958581476794,16344.316747863042,15834.88264168,15919.7880859375,2470690,0.0,0.0
2012-09-18 00:00:00+07:00,15919.78761428862,16174.505380152748,15537.71312644944,15665.0712890625,1640124,0.0,0.0
2012-09-19 00:00:00+07:00,15537.712560204383,15834.881595471712,15537.712560204383,15707.5234375,1614114,0.0,0.0
2012-09-20 00:00:00+07:00,15665.071051305074,15665.071051305074,15367.902009718233,15537.712890625,1679218,0.0,0.0
2012-09-21 00:00:00+07:00,15707.5234375,15834.881595471712,15580.165279528288,15707.5234375,1979089,0.0,0.0
2012-09-24 00:00:00+07:00,15580.16584732046,15792.42945167556,15495.26040557842,15665.0712890625,708941,0.0,0.0
2012-09-25 00:00:00+07:00,15665.07209296328,15792.430262112111,15665.07209296328,15749.9775390625,598143,0.0,0.0
2012-09-26 00:00:00+07:00,15834.881429817293,16004.692305336455,15792.4287109375,15792.4287109375,798213,0.0,0.0
2012-09-27 00:00:00+07:00,15792.42904315388,15877.334482699567,15622.618164062502,15622.6181640625,851431,0.0,0.0
2012-09-28 00:00:00+07:00,15580.16561085169,15622.618331078384,15495.26017039831,15537.712890625,694433,0.0,0.0
2012-10-01 00:00:00+07:00,15495.25944114236,15495.25944114236,15155.6376953125,15155.6376953125,1406659,0.0,0.0
2012-10-02 00:00:00+07:00,15240.543463351643,15282.996182504,14943.374429285142,14985.8271484375,1731602,0.0,0.0
2012-10-03 00:00:00+07:00,15113.186352689425,15410.355407338944,14985.828186411056,15198.091796875,666634,0.0,0.0
2012-10-04 00:00:00+07:00,15155.638025046928,15198.090744199286,14985.8271484375,14985.8271484375,724613,0.0,0.0
2012-10-05 00:00:00+07:00,14985.825701861031,15325.447422296324,14985.825701861031,15240.5419921875,805632,0.0,0.0
2012-10-08 00:00:00+07:00,15240.544411428084,15622.618907567206,15198.09168963485,15495.2607421875,1067870,0.0,0.0
2012-10-09 00:00:00+07:00,15495.259358627663,15622.61751263566,15367.901204619671,15452.806640625,1245839,0.0,0.0
2012-10-10 00:00:00+07:00,15367.901682908769,15834.881595471712,15367.901682908769,15707.5234375,1957683,0.0,0.0
2012-10-11 00:00:00+07:00,15707.523771531767,15834.881932211842,15495.26017039831,15537.712890625,1689016,0.0,0.0
2012-10-12 00:00:00+07:00,15537.71265090264,15580.165370474351,15367.901772615787,15410.3544921875,521190,0.0,0.0
2012-10-15 00:00:00+07:00,15410.355407338944,15495.26085152452,15155.639074782212,15198.091796875,733075,0.0,0.0
2012-10-16 00:00:00+07:00,15198.091128811468,15580.16561085169,15198.091128811468,15537.712890625,525012,0.0,0.0
2012-10-17 00:00:00+07:00,15537.713228347722,15537.713228347722,15282.99690145114,15367.90234375,474243,0.0,0.0
2012-10-18 00:00:00+07:00,15410.354250467455,15410.354250467455,15282.99609375,15282.99609375,746541,0.0,0.0
2012-10-19 00:00:00+07:00,15282.99470724191,15325.447422296324,15113.183847024266,15240.5419921875,1080500,0.0,0.0
2012-10-22 00:00:00+07:00,15240.544518967788,15282.997241060575,15155.639074782212,15198.091796875,466963,0.0,0.0
2012-10-23 00:00:00+07:00,15113.183847024266,15240.5419921875,15113.183847024266,15240.5419921875,353471,0.0,0.0
2012-10-24 00:00:00+07:00,15240.5419921875,15325.447422296324,15240.5419921875,15240.5419921875,663037,0.0,0.0
2012-10-25 00:00:00+07:00,15155.636562078676,15282.99470724191,15155.636562078676,15240.5419921875,453724,0.0,0.0
2012-10-26 00:00:00+07:00,15198.091796875,15282.997241060575,15198.091796875,15198.091796875,541188,0.0,0.0
2012-10-29 00:00:00+07:00,15240.544518967788,15240.544518967788,15155.639074782212,15198.091796875,266354,0.0,0.0
2012-10-30 00:00:00+07:00,15198.090413541231,15240.543131769966,15155.6376953125,15155.6376953125,306437,0.0,0.0
2012-10-31 00:00:00+07:00,15155.636562078676,15240.5419921875,15155.636562078676,15240.5419921875,329025,0.0,0.0
2012-11-01 00:00:00+07:00,15155.6376953125,15325.44856822743,15155.6376953125,15155.6376953125,486179,0.0,0.0
2012-11-02 00:00:00+07:00,14561.299231886318,14858.469721195115,14518.846510647636,14603.751953125,1643008,0.0,0.0
2012-11-05 00:00:00+07:00,14603.750998579017,14900.921468463845,14603.750998579017,14858.46875,457738,0.0,0.0
2012-11-06 00:00:00+07:00,14858.468807704145,14900.921526332855,14773.56192980879,14816.0146484375,346660,0.0,0.0
2012-11-07 00:00:00+07:00,14816.0146484375,14943.374244961567,14816.0146484375,14816.0146484375,441978,0.0,0.0
2012-11-08 00:00:00+07:00,14816.01539704088,14943.375,14773.562676267176,14943.375,690941,0.0,0.0
2012-11-09 00:00:00+07:00,14900.9208984375,14985.826332117176,14816.014024119952,14900.9208984375,400574,0.0,0.0
2012-11-12 00:00:00+07:00,14900.920581564238,15113.184161249566,14900.920581564238,15070.7314453125,232091,0.0,0.0
2012-11-13 00:00:00+07:00,15113.185883094817,15113.185883094817,14943.375,14943.375,330693,0.0,0.0
2012-11-14 00:00:00+07:00,14900.9208984375,15028.279048957014,14858.468181597664,14900.9208984375,339241,0.0,0.0
2012-11-15 00:00:00+07:00,14943.373420507934,14943.373420507934,14731.1083984375,14731.1083984375,403458,0.0,0.0
2012-11-16 00:00:00+07:00,14731.109211180075,14858.468807704145,14731.109211180075,14816.0146484375,284372,0.0,0.0
2012-11-19 00:00:00+07:00,14773.561114724016,14858.467987934902,14731.1083984375,14731.1083984375,465851,0.0,0.0
2012-11-20 00:00:00+07:00,14773.56192980879,14816.0146484375,14731.109211180075,14816.0146484375,298011,0.0,0.0
2012-11-21 00:00:00+07:00,14858.469381172368,14900.92210143956,14773.5625,14773.5625,190444,0.0,0.0
2012-11-22 00:00:00+07:00,14858.468807704145,14943.374244961567,14816.0146484375,14816.0146484375,414960,0.0,0.0
2012-11-23 00:00:00+07:00,14858.46875,14943.374186927686,14858.46875,14858.46875,287569,0.0,0.0
2012-11-26 00:00:00+07:00,14858.468807704145,14858.468807704145,14731.109211180075,14816.0146484375,232890,0.0,0.0
2012-11-27 00:00:00+07:00,14816.0146484375,14816.0146484375,14773.56192980879,14816.0146484375,150534,0.0,0.0
2012-11-28 00:00:00+07:00,14858.469381172368,14858.469381172368,14773.5625,14773.5625,1828815,0.0,0.0
2012-11-29 00:00:00+07:00,14816.0146484375,14816.0146484375,14773.56192980879,14816.0146484375,137746,0.0,0.0
2012-11-30 00:00:00+07:00,14858.467987934902,14858.467987934902,14731.1083984375,14731.1083984375,1182021,0.0,0.0
2012-12-03 00:00:00+07:00,14646.204195198598,14646.204195198598,14264.129716550402,14349.03515625,455340,0.0,0.0
2012-12-04 00:00:00+07:00,14221.6767578125,14349.034915222604,14179.2240386758,14221.6767578125,413744,0.0,0.0
2012-12-05 00:00:00+07:00,14391.486171917064,14603.749746030651,14349.033457094349,14476.3916015625,258414,0.0,0.0
2012-12-06 00:00:00+07:00,14518.846850716069,14518.846850716069,14391.488684016967,14433.94140625,158648,0.0,0.0
2012-12-07 00:00:00+07:00,14433.9405959496,14433.9405959496,14306.5824364002,14349.03515625,213987,0.0,0.0
2012-12-10 00:00:00+07:00,14349.035961783931,14476.394128483034,14306.5832395509,14433.94140625,154842,0.0,0.0
2012-12-11 00:00:00+07:00,14433.940503670545,14646.2041015625,14433.940503670545,14646.2041015625,542195,0.0,0.0
2012-12-12 00:00:00+07:00,14561.298662405718,14773.562260297673,14518.845942827327,14646.2041015625,244357,0.0,0.0
2012-12-13 00:00:00+07:00,14646.20246085337,14731.107890498804,14476.3916015625,14476.3916015625,258518,0.0,0.0
2012-12-14 00:00:00+07:00,14688.656331837035,14688.656331837035,14391.4873046875,14391.4873046875,456226,0.0,0.0
2012-12-17 00:00:00+07:00,14943.373297501304,15070.7314453125,14731.108277178131,15070.7314453125,1275567,0.0,0.0
2012-12-18 00:00:00+07:00,15282.99560211602,15325.44831965619,15028.279296875,15028.279296875,1059147,0.0,0.0
2012-12-19 00:00:00+07:00,15070.732258855036,15282.995849998695,15070.732258855036,15155.6376953125,751979,0.0,0.0
2012-12-20 00:00:00+07:00,15155.638266704267,15198.090986533536,15028.280107216466,15113.185546875,1013156,0.0,0.0
2012-12-21 00:00:00+07:00,15070.733162321114,15070.733162321114,14731.109955493472,14943.375,2423483,0.0,0.0
2012-12-24 00:00:00+07:00,14985.8271484375,15113.18530589457,14900.921710132783,14985.8271484375,835899,0.0,0.0
2012-12-25 00:00:00+07:00,14985.825701861031,15240.5419921875,14985.825701861031,15240.5419921875,860449,0.0,0.0
2012-12-26 00:00:00+07:00,15240.5419921875,15240.5419921875,15155.636562078676,15240.5419921875,559744,0.0,0.0
2012-12-27 00:00:00+07:00,15282.995849998695,15282.995849998695,15155.6376953125,15155.6376953125,752379,0.0,0.0
2012-12-28 00:00:00+07:00,15198.091796875,15240.544518967788,15070.733630596633,15198.091796875,1271293,0.0,0.0
2013-01-02 00:00:00+07:00,15282.99713322132,15537.713463980735,15240.544411428084,15495.2607421875,894174,0.0,0.0
2013-01-03 00:00:00+07:00,15707.524475293754,15919.788085937498,15537.713586778758,15919.7880859375,2165606,0.0,0.0
2013-01-04 00:00:00+07:00,15962.240474438988,16344.31640625,15919.787753197545,16344.31640625,733336,0.0,0.0
2013-01-07 00:00:00+07:00,16386.768605629015,17108.46484375,16216.957726071134,17108.46484375,1854945,0.0,0.0
2013-01-08 00:00:00+07:00,17193.36973234446,17575.44563973909,17108.464295287416,17405.634765625,2023429,0.0,0.0
2013-01-09 00:00:00+07:00,17448.08921379541,18127.332777585674,17193.37143673599,17999.974609375,2931381,0.0,0.0
2013-01-10 00:00:00+07:00,17532.99444457379,18594.3125,17405.636277922644,18594.3125,1606696,0.0,0.0
2013-01-11 00:00:00+07:00,18891.481603644123,18891.481603644123,18042.42578125,18042.42578125,2462384,0.0,0.0
2013-01-14 00:00:00+07:00,17830.163718427433,18042.427332111893,17702.80555021676,17999.974609375,901315,0.0,0.0
2013-01-15 00:00:00+07:00,17999.971980824892,18891.48046875,17872.61383121243,18891.48046875,1431280,0.0,0.0
2013-01-16 00:00:00+07:00,18849.02775221251,19103.74405143744,18679.2154454247,18891.48046875,1388798,0.0,0.0
2013-01-17 00:00:00+07:00,18679.218644327128,18849.030980196087,18254.69140625,18254.69140625,1189770,0.0,0.0
2013-01-18 00:00:00+07:00,18466.95289296228,18466.95289296228,17830.162109375,17830.162109375,1467401,0.0,0.0
2013-01-21 00:00:00+07:00,17830.162779638456,18042.42638214687,17448.088295123318,17490.541015625,685138,0.0,0.0
2013-01-22 00:00:00+07:00,17702.803874938887,17830.162031097214,17490.54028134167,17617.8984375,956549,0.0,0.0
2013-01-23 00:00:00+07:00,17787.709721588235,17915.067880676466,17617.898842803923,17660.3515625,615082,0.0,0.0
2013-01-24 00:00:00+07:00,17745.256426607204,18297.1417647646,17702.803708287403,18212.236328125,502442,0.0,0.0
2013-01-25 00:00:00+07:00,18551.860577856365,18679.21875,18254.69150952122,18679.21875,1390223,0.0,0.0
2013-01-28 00:00:00+07:00,18764.12432514236,19570.726025585504,18764.12432514236,19103.74609375,1870878,0.0,0.0
2013-01-29 00:00:00+07:00,19061.291510922874,19316.0078125,18764.12249241623,19316.0078125,1508285,0.0,0.0
2013-01-30 00:00:00+07:00,19443.369140625,20334.87778246861,19316.010969024213,19443.369140625,1538308,0.0,0.0
2013-01-31 00:00:00+07:00,19528.274588358858,19740.538207693506,19316.010969024213,19443.369140625,1291361,0.0,0.0
2013-02-01 00:00:00+07:00,19443.365820333685,19910.345703125,19273.55495386412,19910.345703125,1317805,0.0,0.0
2013-02-04 00:00:00+07:00,19910.347445615807,19910.347445615807,19273.556640625,19273.556640625,654593,0.0,0.0
2013-02-05 00:00:00+07:00,19188.650310575293,19188.650310575293,18891.48128201988,18976.38671875,1213453,0.0,0.0
2013-02-06 00:00:00+07:00,18976.385345459414,19995.251953125,18976.385345459414,19995.251953125,1246725,0.0,0.0
2013-02-07 00:00:00+07:00,19995.254131642338,20165.06501131482,19825.44181133188,19867.89453125,510278,0.0,0.0
2013-02-08 00:00:00+07:00,19867.893308164075,19867.893308164075,19528.27156972654,19740.53515625,506890,0.0,0.0
2013-02-18 00:00:00+07:00,19740.534656758104,19740.534656758104,19485.818359375,19485.818359375,709497,0.0,0.0
2013-02-19 00:00:00+07:00,19485.818680218083,19485.818680218083,19146.19694478192,19316.0078125,1004816,0.0,0.0
2013-02-20 00:00:00+07:00,19231.10392029228,19273.556640625,19061.2930389614,19273.556640625,1129393,0.0,0.0
2013-02-21 00:00:00+07:00,19273.55832730841,19273.55832730841,18679.21875,18679.21875,1071726,0.0,0.0
2013-02-22 00:00:00+07:00,18679.21672219619,19061.292637787294,18084.878650046856,18466.953125,1583292,0.0,0.0
2013-02-25 00:00:00+07:00,18466.95345895278,18466.95345895278,18212.237137711112,18297.142578125,970484,0.0,0.0
2013-02-26 00:00:00+07:00,18254.689298433183,18254.689298433183,17830.162109375,17830.162109375,1398493,0.0,0.0
2013-02-27 00:00:00+07:00,17872.61563854457,18466.95373017064,17660.3520343924,17915.068359375,1558602,0.0,0.0
2013-02-28 00:00:00+07:00,17957.520343074382,18169.783938513425,17872.614904898765,18042.42578125,848443,0.0,0.0
2013-03-01 00:00:00+07:00,17999.975410124105,18254.6917578768,17957.522685498654,18084.880859375,1095634,0.0,0.0
2013-03-04 00:00:00+07:00,17957.52101150817,17999.9737321762,17702.8046875,17702.8046875,1403132,0.0,0.0
2013-03-05 00:00:00+07:00,17702.803795324653,17702.803795324653,16981.106139701853,17405.634765625,843943,0.0,0.0
2013-03-06 00:00:00+07:00,18042.426990451047,18169.78515625,17490.541605322247,18169.78515625,591245,0.0,0.0
2013-03-07 00:00:00+07:00,18169.785958634573,18594.3131967117,18127.33323482686,18254.69140625,1303783,0.0,0.0
2013-03-08 00:00:00+07:00,18254.69150952122,18679.21875,18254.69150952122,18679.21875,850441,0.0,0.0
2013-03-11 00:00:00+07:00,18891.48143791538,19400.9140625,18891.48143791538,19400.9140625,1130384,0.0,0.0
2013-03-12 00:00:00+07:00,19443.36786235764,19485.8205834336,18933.93520944618,19103.74609375,1862695,0.0,0.0
2013-03-13 00:00:00+07:00,19103.74779165001,19103.74779165001,18466.955478275937,18509.408203125,945029,0.0,0.0
2013-03-14 00:00:00+07:00,18466.953445643143,19103.74568892635,18254.689844761404,19061.29296875,977781,0.0,0.0
2013-03-15 00:00:00+07:00,19061.293372674045,19103.74609375,18849.02976729427,19103.74609375,1366507,0.0,0.0
2013-03-18 00:00:00+07:00,19103.74609375,19103.74609375,18849.02976729427,19103.74609375,341552,0.0,0.0
2013-03-19 00:00:00+07:00,19103.74609375,19188.65153590191,18933.93520944618,19103.74609375,330189,0.0,0.0
2013-03-20 00:00:00+07:00,19061.29417516032,19316.01051233968,19061.29417516032,19188.65234375,497056,0.0,0.0
2013-03-21 00:00:00+07:00,19188.650468923075,19528.272218646154,19188.650468923075,19400.9140625,988345,0.0,0.0
2013-03-22 00:00:00+07:00,19400.914239306785,19400.914239306785,18679.21657393024,18806.576171875,1113547,0.0,0.0
2013-03-25 00:00:00+07:00,18806.575209345752,19316.0078125,18806.575209345752,19316.0078125,886112,0.0,0.0
2013-03-26 00:00:00+07:00,19316.00813618869,19316.00813618869,19103.744547984075,19146.197265625,402746,0.0,0.0
2013-03-27 00:00:00+07:00,19018.84099054004,19146.199156037605,18933.935546875,18933.935546875,435167,0.0,0.0
2013-03-28 00:00:00+07:00,19103.74609375,19146.198814825955,18891.482488370224,19103.74609375,475581,0.0,0.0
2013-03-29 00:00:00+07:00,19103.74568892635,19103.74568892635,18806.57664769192,19061.29296875,167422,0.0,0.0
2013-04-01 00:00:00+07:00,19146.19694478192,19316.0078125,19018.83879399336,19316.0078125,774096,0.0,0.0
2013-04-02 00:00:00+07:00,19400.912926913967,19570.72379183604,19358.46021068345,19485.818359375,1412063,0.0,0.0
2013-04-03 00:00:00+07:00,19613.17650806655,19995.25239477905,19485.818359375,19485.818359375,1954173,0.0,0.0
2013-04-04 00:00:00+07:00,19485.819677511325,19570.725115715864,18806.576171875,18806.576171875,773332,0.0,0.0
2013-04-05 00:00:00+07:00,19103.74487384517,19231.10302894035,18849.028563654825,18976.38671875,1001323,0.0,0.0
2013-04-08 00:00:00+07:00,19103.74622384936,19570.726158865065,19103.74622384936,19528.2734375,1188398,0.0,0.0
2013-04-09 00:00:00+07:00,19528.2742412752,19698.0851337248,19485.8215181628,19613.1796875,1103157,0.0,0.0
2013-04-10 00:00:00+07:00,19528.27400685005,19740.53761986395,18764.125,18764.125,2056215,0.0,0.0
2013-04-11 00:00:00+07:00,18764.12280685669,19613.17715967516,18764.12280685669,19146.197265625,1989340,0.0,0.0
2013-04-12 00:00:00+07:00,19231.103362897706,19231.103362897706,18636.76385482797,18806.576171875,1264447,0.0,0.0
2013-04-15 00:00:00+07:00,18806.57836278175,18976.389258973264,18594.313301904243,18679.21875,1122565,0.0,0.0
2013-04-16 00:00:00+07:00,18551.860577856365,18849.03108682963,18339.596957616974,18679.21875,1015970,0.0,0.0
2013-04-17 00:00:00+07:00,18764.124829506247,18764.124829506247,18551.85977778295,18594.3125,513423,0.0,0.0
2013-04-18 00:00:00+07:00,18297.142017339003,18594.31104967973,17660.351233751728,17830.162109375,1512281,0.0,0.0
2013-04-22 00:00:00+07:00,17872.61516098039,17872.61516098039,17617.898842803923,17660.3515625,446392,0.0,0.0
2013-04-23 00:00:00+07:00,17660.352369229342,17830.163255770658,17660.352369229342,17745.2578125,491896,0.0,0.0
2013-04-24 00:00:00+07:00,17745.2578125,17872.615977405985,17702.80509086467,17745.2578125,760128,0.0,0.0
2013-04-25 00:00:00+07:00,17745.256671563362,17957.520266092455,17745.256671563362,17830.162109375,112726,0.0,0.0
2013-04-26 00:00:00+07:00,17872.61563854457,18127.33196352717,17830.162917714133,17915.068359375,790550,0.0,0.0
2013-05-02 00:00:00+07:00,17915.067547186638,17957.520266092455,17787.709390469183,17830.162109375,432301,0.0,0.0
2013-05-03 00:00:00+07:00,17745.257476053266,17915.068359375,17745.257476053266,17915.068359375,558962,0.0,0.0
2013-05-06 00:00:00+07:00,17957.52312526426,18382.050381915084,17957.52312526426,18339.59765625,620660,0.0,0.0
2013-05-07 00:00:00+07:00,18382.050381915084,18382.050381915084,18212.23947925476,18339.59765625,562594,0.0,0.0
2013-05-08 00:00:00+07:00,18594.3104628299,18636.763180395883,18254.68872230206,18382.046875,614492,0.0,0.0
2013-05-09 00:00:00+07:00,18382.046875,18466.95231013196,18339.59415743402,18382.046875,280185,0.0,0.0
2013-05-10 00:00:00+07:00,18382.046875,18466.95231013196,18339.59415743402,18382.046875,412875,0.0,0.0
2013-05-13 00:00:00+07:00,18466.953125,18509.40584443924,18339.594966682285,18466.953125,243037,0.0,0.0
2013-05-14 00:00:00+07:00,18424.503107580163,18466.955833245247,18212.23947925476,18339.59765625,914485,0.0,0.0
2013-05-15 00:00:00+07:00,18297.143610731346,18764.125,18297.143610731346,18764.125,1096555,0.0,0.0
2013-05-16 00:00:00+07:00,18679.21704652488,19061.29296875,18679.21704652488,19061.29296875,1551686,0.0,0.0
2013-05-17 00:00:00+07:00,18933.93634961025,19146.19996777212,18891.48362597788,19018.841796875,1322131,0.0,0.0
2013-05-20 00:00:00+07:00,18424.499592565982,18424.499592565982,18297.14143986804,18382.046875,631137,0.0,0.0
2013-05-21 00:00:00+07:00,18382.05002857781,18679.21910252125,18382.05002857781,18509.408203125,457772,0.0,0.0
2013-05-22 00:00:00+07:00,18636.76285552692,18636.76285552692,18382.04655457116,18551.857421875,3806010,0.0,0.0
2013-05-23 00:00:00+07:00,18424.500738745835,18551.858899366667,18297.142578125,18297.142578125,802730,0.0,0.0
2013-05-24 00:00:00+07:00,18382.047686121525,18509.40584443924,18254.68952780381,18466.953125,795502,0.0,0.0
2013-05-27 00:00:00+07:00,18509.40801403884,18891.483974415376,18509.40801403884,18849.03125,1052336,0.0,0.0
2013-05-28 00:00:00+07:00,18891.48046875,18933.93318528749,18721.669602600046,18891.48046875,1008656,0.0,0.0
2013-05-29 00:00:00+07:00,18933.93520944618,19103.74609375,18891.482488370224,19103.74609375,4006201,0.0,0.0
2013-05-30 00:00:00+07:00,19103.74622384936,19528.2734375,18891.48261702404,19528.2734375,1007961,0.0,0.0
2013-05-31 00:00:00+07:00,19698.081940527587,19698.081940527587,19443.365643144483,19485.818359375,689533,0.0,0.0
2013-06-03 00:00:00+07:00,19485.818359375,19528.27107560552,19358.46021068345,19485.818359375,4119034,0.0,0.0
2013-06-04 00:00:00+07:00,19358.460350662364,19443.36578373734,18891.48046875,18891.48046875,679874,0.0,0.0
2013-06-05 00:00:00+07:00,19103.747349689573,19443.369140625,18679.21867038217,19443.369140625,892193,0.0,0.0
2013-06-06 00:00:00+07:00,19146.2000735565,19485.82186449193,19146.2000735565,19443.369140625,568206,0.0,0.0
2013-06-07 00:00:00+07:00,19528.2737790553,19570.72650116288,19358.462890625,19358.462890625,536722,0.0,0.0
2013-06-10 00:00:00+07:00,19358.460350662364,19485.81850027483,18891.48046875,18891.48046875,709671,0.0,0.0
2013-06-11 00:00:00+07:00,19103.746434205084,19103.746434205084,18891.48282504248,18933.935546875,890560,0.0,0.0
2013-06-12 00:00:00+07:00,18933.936534925386,18933.936534925386,18679.21875,18679.21875,849294,0.0,0.0
2013-06-13 00:00:00+07:00,18679.217775241832,18933.935546875,18466.954166079227,18933.935546875,658277,0.0,0.0
2013-06-14 00:00:00+07:00,18806.5754912977,19018.839079127603,18382.046875,18382.046875,1085122,0.0,0.0
2013-06-17 00:00:00+07:00,18382.048018538888,18679.217059987503,18254.689857918056,18297.142578125,741658,0.0,0.0
2013-06-18 00:00:00+07:00,18254.69060011597,18424.501487847905,18169.78515625,18169.78515625,567928,0.0,0.0
2013-06-19 00:00:00+07:00,18254.68952780381,18551.858563878475,18254.68952780381,18466.953125,581810,0.0,0.0
2013-06-20 00:00:00+07:00,18466.95345895278,18466.95345895278,18212.237137711112,18297.142578125,912053,0.0,0.0
2013-06-21 00:00:00+07:00,18254.689376689043,18254.689376689043,18042.42578125,18042.42578125,1224867,0.0,0.0
2013-06-24 00:00:00+07:00,18084.87826208135,18084.87826208135,17193.36973234446,17405.634765625,2097098,0.0,0.0
2013-06-25 00:00:00+07:00,17363.181852035133,17405.636014247106,16556.58014213031,16768.84375,1234076,0.0,0.0
2013-06-26 00:00:00+07:00,16514.126547454463,16938.65374074909,16386.768389466077,16471.673828125,1335041,0.0,0.0
2013-06-27 00:00:00+07:00,16471.67397480009,16896.201171875,16471.67397480009,16896.201171875,586554,0.0,0.0
2013-06-28 00:00:00+07:00,17150.916336154576,17193.36905300572,16896.20003504771,16981.10546875,539467,0.0,0.0
2013-07-01 00:00:00+07:00,16981.108170818927,16981.108170818927,16599.033658362147,16853.75,235652,0.0,0.0
2013-07-02 00:00:00+07:00,16896.20003504771,16981.10546875,16853.74731819657,16981.10546875,627558,0.0,0.0
2013-07-03 00:00:00+07:00,17066.01292807996,17320.72925942004,16981.107484299933,17193.37109375,1538794,0.0,0.0
2013-07-04 00:00:00+07:00,17108.46524785778,17278.276131426654,17108.46524785778,17150.91796875,739069,0.0,0.0
2013-07-05 00:00:00+07:00,17150.91796875,17235.823410534435,17108.46524785778,17150.91796875,836386,0.0,0.0
2013-07-08 00:00:00+07:00,17150.917156513467,17193.3698753952,16938.653562104802,17066.01171875,856748,0.0,0.0
2013-07-09 00:00:00+07:00,16981.10668408159,17150.91756363947,16981.10668408159,17108.46484375,784539,0.0,0.0
2013-07-10 00:00:00+07:00,17193.36905300572,17193.36905300572,16938.652751898855,16981.10546875,1499076,0.0,0.0
2013-07-11 00:00:00+07:00,16981.10701759826,17066.01245904478,16896.20157615174,16938.654296875,633326,0.0,0.0
2013-07-12 00:00:00+07:00,17066.01292807996,17193.37109375,16981.107484299933,17193.37109375,786485,0.0,0.0
2013-07-15 00:00:00+07:00,17278.275313158665,17320.7280320404,17066.01171875,17066.01171875,970119,0.0,0.0
2013-07-16 00:00:00+07:00,17066.0132696146,17108.465992354202,16981.107824135397,17023.560546875,706491,0.0,0.0
2013-07-17 00:00:00+07:00,17023.5596494685,17617.899177130046,16938.654208465137,17490.541015625,2087680,0.0,0.0
2013-07-18 00:00:00+07:00,17490.540836530934,17575.446276664912,17320.728515625,17320.728515625,2121614,0.0,0.0
2013-07-19 00:00:00+07:00,17363.181010952034,17575.44604917751,17363.181010952034,17448.087890625,1039948,0.0,0.0
2013-07-22 00:00:00+07:00,17448.08770755122,17490.540426623287,17108.464514336727,17278.275390625,1474682,0.0,0.0
2013-07-23 00:00:00+07:00,17193.370689642215,17235.823410534435,17066.012526965565,17150.91796875,1439481,0.0,0.0
2013-07-24 00:00:00+07:00,17193.36905300572,17193.36905300572,16938.652751898855,16981.10546875,1774830,0.0,0.0
2013-07-25 00:00:00+07:00,16981.106611289983,17023.559330997476,16896.201171875,16896.201171875,1032320,0.0,0.0
2013-07-26 00:00:00+07:00,16896.201171875,16938.653891582493,16641.484853630056,16896.201171875,855341,0.0,0.0
2013-07-29 00:00:00+07:00,16896.200685918982,16981.10612289198,16514.126219540507,16641.484375,630094,0.0,0.0
2013-07-30 00:00:00+07:00,16556.578615911632,16811.294921875,16556.578615911632,16811.294921875,505500,0.0,0.0
2013-07-31 00:00:00+07:00,16683.938306852124,16853.749193147876,16641.485585278188,16768.84375,418296,0.0,0.0
2013-08-01 00:00:00+07:00,16768.84375,16811.29647157394,16683.938306852124,16768.84375,468040,0.0,0.0
2013-08-02 00:00:00+07:00,16896.20003504771,17066.01090245229,16853.74731819657,16981.10546875,817881,0.0,0.0
2013-08-05 00:00:00+07:00,17023.560206189948,17278.276537530026,16981.107484299933,17193.37109375,1213088,0.0,0.0
2013-08-06 00:00:00+07:00,17235.82347745387,17363.181640625,17150.918035339782,17363.181640625,1026534,0.0,0.0
2013-08-07 00:00:00+07:00,17320.728919567955,17532.99396549119,17235.82347745387,17363.181640625,1413088,0.0,0.0
2013-08-08 00:00:00+07:00,17363.181235691987,17660.35171679889,17320.728515625,17320.728515625,1059755,0.0,0.0
2013-08-09 00:00:00+07:00,17320.72810969707,17405.634988479153,17235.82267155293,17278.275390625,775347,0.0,0.0
2013-08-12 00:00:00+07:00,17278.276537530026,17278.276537530026,17066.01292807996,17193.37109375,557190,0.0,0.0
2013-08-13 00:00:00+07:00,17193.370355424035,17490.540836530934,17150.917635357047,17320.728515625,1168573,0.0,0.0
2013-08-14 00:00:00+07:00,17405.634765625,17405.634765625,17235.822450872984,17405.634765625,410790,0.0,0.0
2013-08-15 00:00:00+07:00,17405.634920316814,17915.067547186638,17405.634920316814,17830.162109375,2257727,0.0,0.0
2013-08-16 00:00:00+07:00,17915.067138184862,17915.067138184862,17702.803548501757,17787.708984375,1102723,0.0,0.0
2013-08-19 00:00:00+07:00,17702.804354893353,18127.33155359747,17702.804354893353,17872.615234375,1674961,0.0,0.0
2013-08-20 00:00:00+07:00,17872.614420248243,17999.972574058105,17702.803548501757,17787.708984375,1433295,0.0,0.0
2013-08-21 00:00:00+07:00,17787.708984375,17830.16170231162,17575.445394691895,17787.708984375,1094869,0.0,0.0
2013-08-22 00:00:00+07:00,17745.25774803048,17787.710469511574,17448.08869766281,17532.994140625,1340635,0.0,0.0
2013-08-23 00:00:00+07:00,17532.993556597925,17617.8989967319,17150.917635357047,17320.728515625,1908843,0.0,0.0
2013-08-26 00:00:00+07:00,17150.917635357047,17320.728515625,17066.01219522307,17320.728515625,1110767,0.0,0.0
2013-08-27 00:00:00+07:00,17193.37109375,17320.72925942004,17150.918371859985,17193.37109375,366190,0.0,0.0
2013-08-28 00:00:00+07:00,17193.371437833404,17193.371437833404,16853.749655916596,17023.560546875,1502620,0.0,0.0
2013-08-29 00:00:00+07:00,16938.653891582493,17066.012050704965,16896.201171875,16896.201171875,1107414,0.0,0.0
2013-08-30 00:00:00+07:00,16938.655101395798,17023.560546875,16811.296933176993,17023.560546875,545184,0.0,0.0
2013-09-03 00:00:00+07:00,16896.201171875,17023.559330997476,16896.201171875,16896.201171875,351108,0.0,0.0
2013-09-04 00:00:00+07:00,16896.201171875,16981.106611289983,16768.843012752528,16896.201171875,424152,0.0,0.0
2013-09-05 00:00:00+07:00,16811.29620161226,17150.91796875,16811.29620161226,17150.91796875,384467,0.0,0.0
2013-09-06 00:00:00+07:00,17235.823075491022,17363.181235691987,17023.559475156082,17320.728515625,452612,0.0,0.0
2013-09-09 00:00:00+07:00,17320.729606052206,17320.729606052206,16938.655101395798,17023.560546875,394006,0.0,0.0
2013-09-10 00:00:00+07:00,17023.558675263765,17235.822265625,17023.558675263765,17235.822265625,244583,0.0,0.0
2013-09-11 00:00:00+07:00,17320.72788793003,17405.634765625,17193.36973234446,17405.634765625,774739,0.0,0.0
2013-09-12 00:00:00+07:00,17405.63524432353,17702.804282196077,17320.728364293405,17660.3515625,772915,0.0,0.0
2013-09-13 00:00:00+07:00,17702.80509086467,17830.163255770658,17617.89964759401,17745.2578125,1394879,0.0,0.0
2013-09-16 00:00:00+07:00,17830.162109375,17915.067547186638,17745.256671563362,17830.162109375,1221323,0.0,0.0
2013-09-17 00:00:00+07:00,18212.239033251342,18339.59720712769,18042.42813474956,18084.880859375,2054617,0.0,0.0
2013-09-18 00:00:00+07:00,18127.33203125,18297.14291520614,18127.33203125,18127.33203125,1980844,0.0,0.0
2013-09-19 00:00:00+07:00,18254.69140625,18297.14413005772,18169.785958634573,18254.69140625,1229471,0.0,0.0
2013-09-20 00:00:00+07:00,18254.69140625,18297.14413005772,18127.33323482686,18254.69140625,1341504,0.0,0.0
2013-09-23 00:00:00+07:00,18254.6890464448,18254.6890464448,18127.3308914854,18212.236328125,658433,0.0,0.0
2013-09-24 00:00:00+07:00,18212.23600473608,18424.499592565982,18212.23600473608,18382.046875,1181813,0.0,0.0
2013-09-25 00:00:00+07:00,18424.499592565982,18466.95231013196,18339.59415743402,18382.046875,1162214,0.0,0.0
2013-09-26 00:00:00+07:00,18382.050381915084,18382.050381915084,18254.69220491984,18339.59765625,965932,0.0,0.0
2013-09-27 00:00:00+07:00,17448.087890625,17660.351488212513,17363.181010952034,17448.087890625,1220437,0.0,0.0
2013-09-30 00:00:00+07:00,17363.181413481958,17490.541015625,17320.728692980276,17490.541015625,1372901,0.0,0.0
2013-10-01 00:00:00+07:00,17448.087484153522,17575.44563973909,17405.634765625,17405.634765625,1212097,0.0,0.0
2013-10-02 00:00:00+07:00,17405.635171107497,17490.540610142503,17320.72829143453,17448.087890625,565026,0.0,0.0
2013-10-03 00:00:00+07:00,17448.088116463947,17448.088116463947,17320.728515625,17320.728515625,424829,0.0,0.0
2013-10-04 00:00:00+07:00,17193.370756396824,17405.63580232006,17193.370756396824,17363.181640625,458919,0.0,0.0
2013-10-07 00:00:00+07:00,17405.63597618171,17532.994140625,17405.63597618171,17532.994140625,492973,0.0,0.0
2013-10-08 00:00:00+07:00,17532.993329660007,17532.993329660007,17405.635171107497,17448.087890625,469951,0.0,0.0
2013-10-09 00:00:00+07:00,17405.635171107497,17532.993329660007,17405.635171107497,17448.087890625,463540,0.0,0.0
2013-10-10 00:00:00+07:00,17405.63539639696,17405.63539639696,17278.275795558013,17320.728515625,583878,0.0,0.0
2013-10-11 00:00:00+07:00,17405.63580232006,17448.088523377104,17363.181640625,17363.181640625,519192,0.0,0.0
2013-10-14 00:00:00+07:00,17363.181235691987,17363.181235691987,17278.275795558013,17320.728515625,397585,0.0,0.0
2013-10-15 00:00:00+07:00,17235.823075491022,17363.181235691987,17235.823075491022,17320.728515625,230701,0.0,0.0
2013-10-16 00:00:00+07:00,17320.728515625,17363.181235691987,17278.275795558013,17320.728515625,308974,0.0,0.0
2013-10-17 00:00:00+07:00,17320.728515625,17405.63539639696,17278.275795558013,17320.728515625,292399,0.0,0.0
2013-10-18 00:00:00+07:00,17363.181235691987,17405.63539639696,17320.728515625,17320.728515625,480793,0.0,0.0
2013-10-21 00:00:00+07:00,17405.635574621636,17490.541015625,17320.728692980276,17490.541015625,642257,0.0,0.0
2013-10-22 00:00:00+07:00,17448.088295123318,17617.899177130046,17448.088295123318,17490.541015625,400226,0.0,0.0
2013-10-23 00:00:00+07:00,17575.44579594009,17957.520266092455,17532.99307703427,17830.162109375,1057306,0.0,0.0
2013-10-24 00:00:00+07:00,17872.615977405985,17872.615977405985,17617.89964759401,17745.2578125,846028,0.0,0.0
2013-10-25 00:00:00+07:00,17617.89803023809,17702.80346571427,17532.992594761912,17575.4453125,298098,0.0,0.0
2013-10-28 00:00:00+07:00,17575.44604917751,17617.89876869501,17448.087890625,17448.087890625,240691,0.0,0.0
2013-10-29 00:00:00+07:00,17405.635574621636,17490.541015625,17363.181413481958,17490.541015625,321241,0.0,0.0
2013-10-30 00:00:00+07:00,17575.445718780556,17660.351156219444,17490.54028134167,17617.8984375,476380,0.0,0.0
2013-10-31 00:00:00+07:00,17617.89964759401,17745.2578125,17575.446925958684,17745.2578125,744421,0.0,0.0
2013-11-01 00:00:00+07:00,17787.710128836057,17787.710128836057,17660.35196683197,17702.8046875,573522,0.0,0.0
2013-11-04 00:00:00+07:00,17702.804282196077,17745.257001892154,17617.898842803923,17660.3515625,291791,0.0,0.0
2013-11-05 00:00:00+07:00,17660.35196683197,17745.25740816803,17660.35196683197,17702.8046875,522719,0.0,0.0
2013-11-06 00:00:00+07:00,17702.8046875,17745.25740816803,17660.35196683197,17702.8046875,1151737,0.0,0.0
2013-11-07 00:00:00+07:00,17745.257001892154,17787.709721588235,17660.3515625,17660.3515625,473861,0.0,0.0
2013-11-08 00:00:00+07:00,17660.351156219444,17660.351156219444,17575.445718780556,17617.8984375,192129,0.0,0.0
2013-11-11 00:00:00+07:00,17617.8984375,17617.8984375,17575.445718780556,17617.8984375,268613,0.0,0.0
2013-11-12 00:00:00+07:00,17575.446456628364,17617.899177130046,17490.541015625,17490.541015625,503554,0.0,0.0
2013-11-13 00:00:00+07:00,17448.087484153522,17532.992921210567,17363.18060645855,17405.634765625,480515,0.0,0.0
2013-11-14 00:00:00+07:00,17405.635171107497,17490.540610142503,17405.635171107497,17448.087890625,235322,0.0,0.0
2013-11-15 00:00:00+07:00,17448.08869766281,17575.446862106095,17448.08869766281,17532.994140625,280410,0.0,0.0
2013-11-18 00:00:00+07:00,17532.994140625,17617.89958358719,17532.994140625,17532.994140625,268769,0.0,0.0
2013-11-19 00:00:00+07:00,17617.89876869501,17660.351488212513,17448.087890625,17448.087890625,747965,0.0,0.0
2013-11-20 00:00:00+07:00,17575.446862106095,17575.446862106095,17448.08869766281,17532.994140625,812460,0.0,0.0
2013-11-21 00:00:00+07:00,17575.445718780556,17745.256593658327,17575.445718780556,17617.8984375,2170992,0.0,0.0
2013-11-22 00:00:00+07:00,17617.899246163943,17702.8046875,17532.993804827885,17702.8046875,1115702,0.0,0.0
2013-11-25 00:00:00+07:00,17745.2578125,17830.163255770658,17745.2578125,17745.2578125,1053848,0.0,0.0
2013-11-26 00:00:00+07:00,17702.804282196077,17872.61516098039,17660.3515625,17660.3515625,884009,0.0,0.0
2013-11-27 00:00:00+07:00,17745.25774803048,17745.25774803048,17532.994140625,17532.994140625,522250,0.0,0.0
2013-11-28 00:00:00+07:00,17532.992594761912,17617.89803023809,17532.992594761912,17575.4453125,881681,0.0,0.0
2013-11-29 00:00:00+07:00,17617.8984375,17617.8984375,17405.634843902782,17617.8984375,704945,0.0,0.0
2013-12-02 00:00:00+07:00,17660.350747976183,17660.350747976183,17448.08715928573,17575.4453125,439754,0.0,0.0
2013-12-03 00:00:00+07:00,17490.541419143905,17660.35230506829,17448.08869766281,17532.994140625,763724,0.0,0.0
2013-12-04 00:00:00+07:00,17575.44604917751,17575.44604917751,17405.635171107497,17448.087890625,1084253,0.0,0.0
2013-12-05 00:00:00+07:00,17448.087890625,17532.993329660007,17405.635171107497,17448.087890625,325897,0.0,0.0
2013-12-06 00:00:00+07:00,17448.087890625,17532.993329660007,17448.087890625,17448.087890625,332274,0.0,0.0
2013-12-09 00:00:00+07:00,17490.541419143905,17532.994140625,17448.08869766281,17532.994140625,623040,0.0,0.0
2013-12-10 00:00:00+07:00,17448.08869766281,17532.994140625,17448.08869766281,17532.994140625,467328,0.0,0.0
2013-12-11 00:00:00+07:00,17532.992921210567,17532.992921210567,17320.72788793003,17405.634765625,644794,0.0,0.0
2013-12-12 00:00:00+07:00,17363.18060645855,17490.540202682045,17363.18060645855,17405.634765625,409904,0.0,0.0
2013-12-13 00:00:00+07:00,17490.541015625,17490.541015625,17405.635574621636,17490.541015625,234054,0.0,0.0
2013-12-16 00:00:00+07:00,17575.44563973909,17745.256513853175,17405.634765625,17405.634765625,1111028,0.0,0.0
2013-12-17 00:00:00+07:00,17405.635171107497,17575.44604917751,17405.635171107497,17448.087890625,262636,0.0,0.0
2013-12-18 00:00:00+07:00,17617.8984375,17617.8984375,17490.54028134167,17617.8984375,224916,0.0,0.0
2013-12-19 00:00:00+07:00,17660.351488212513,17660.351488212513,17448.087890625,17448.087890625,831781,0.0,0.0
2013-12-20 00:00:00+07:00,17448.087890625,17617.89876869501,17405.635171107497,17448.087890625,1912995,0.0,0.0
2013-12-23 00:00:00+07:00,17405.635574621636,17532.993736126682,17405.635574621636,17490.541015625,469395,0.0,0.0
2013-12-24 00:00:00+07:00,17448.087890625,17448.087890625,17363.181010952034,17448.087890625,464808,0.0,0.0
2013-12-25 00:00:00+07:00,17448.088295123318,17532.993736126682,17363.181413481958,17490.541015625,146208,0.0,0.0
2013-12-26 00:00:00+07:00,17532.994140625,17532.994140625,17490.541419143905,17532.994140625,270680,0.0,0.0
2013-12-27 00:00:00+07:00,17575.4453125,17617.89803023809,17532.992594761912,17575.4453125,370533,0.0,0.0
2013-12-30 00:00:00+07:00,17617.89958358719,17660.35230506829,17532.994140625,17532.994140625,647052,0.0,0.0
2013-12-31 00:00:00+07:00,17405.634843902782,17702.803874938887,17320.72796582596,17617.8984375,600124,0.0,0.0
2014-01-02 00:00:00+07:00,17617.89964759401,17787.710534135327,17617.89964759401,17745.2578125,585650,0.0,0.0
2014-01-03 00:00:00+07:00,17745.2578125,17787.710534135327,17702.80509086467,17745.2578125,90834,0.0,0.0
2014-01-06 00:00:00+07:00,17745.25626643838,17787.708984375,17575.445394691895,17787.708984375,285345,0.0,0.0
2014-01-07 00:00:00+07:00,17787.71099569054,17999.974609375,17787.71099569054,17999.974609375,593538,0.0,0.0
2014-01-08 00:00:00+07:00,17915.069960873207,18169.7863086259,17915.069960873207,18084.880859375,757834,0.0,0.0
2014-01-09 00:00:00+07:00,18084.880859375,18127.333584000447,17957.522685498654,18084.880859375,1267071,0.0,0.0
2014-01-10 00:00:00+07:00,18169.783938513425,18254.689376689043,17999.97306216219,18042.42578125,708437,0.0,0.0
2014-01-13 00:00:00+07:00,17957.52233959601,18297.14413005772,17957.52233959601,18254.69140625,721938,0.0,0.0
2014-01-14 00:00:00+07:00,18254.68952780381,18594.311283317715,18254.68952780381,18466.953125,1043527,0.0,0.0
2014-01-15 00:00:00+07:00,18466.955833245247,18466.955833245247,18212.23947925476,18339.59765625,1712473,0.0,0.0
2014-01-16 00:00:00+07:00,18466.95433334885,18636.765222217047,18254.69072226361,18594.3125,1232964,0.0,0.0
2014-01-17 00:00:00+07:00,18721.67056305384,19867.89396836924,18594.31096626975,19400.9140625,2947054,0.0,0.0
2014-01-20 00:00:00+07:00,19740.53675012473,20716.950767607374,19528.27314646285,20674.498046875,4307513,0.0,0.0
2014-01-21 00:00:00+07:00,20674.49715734073,20674.49715734073,19995.253654847635,20377.328125,4723606,0.0,0.0
2014-01-22 00:00:00+07:00,20377.327356458267,20377.327356458267,19570.72428703124,19740.53515625,1834739,0.0,0.0
2014-01-23 00:00:00+07:00,19528.2742412752,19867.8960261744,19528.2742412752,19613.1796875,584573,0.0,0.0
2014-01-24 00:00:00+07:00,19740.535481390674,19740.535481390674,19358.46101935541,19570.724609375,1503229,0.0,0.0
2014-01-27 00:00:00+07:00,19570.72527114033,19570.72527114033,19146.19807674617,19231.103515625,864306,0.0,0.0
2014-02-06 00:00:00+07:00,19103.746434205084,19146.199156037605,18721.671937712395,18933.935546875,1616129,0.0,0.0
2014-02-07 00:00:00+07:00,19018.84065159809,19146.198814825955,18806.57704621832,19103.74609375,988502,0.0,0.0
2014-02-10 00:00:00+07:00,19146.19847962684,19443.367521955883,19103.74575929412,19273.556640625,881386,0.0,0.0
2014-02-11 00:00:00+07:00,19528.27330450955,19740.536909889324,19103.74609375,19103.74609375,1485315,0.0,0.0
2014-02-12 00:00:00+07:00,19146.19847962684,19358.46208129044,19103.74575929412,19273.556640625,1992936,0.0,0.0
2014-02-13 00:00:00+07:00,19316.00813618869,19400.91357147054,19061.291830343154,19146.197265625,1537578,0.0,0.0
2014-02-14 00:00:00+07:00,19188.649983265925,19316.00813618869,19103.744547984075,19146.197265625,2633509,0.0,0.0
2014-02-17 00:00:00+07:00,19146.19807674617,19358.46167394325,19103.74535730675,19231.103515625,2289941,0.0,0.0
2014-02-18 00:00:00+07:00,19273.5579026008,19655.6324106124,19273.5579026008,19613.1796875,2098644,0.0,0.0
2014-02-19 00:00:00+07:00,19613.17888023013,19655.631601595192,19316.00983067468,19528.2734375,1779365,0.0,0.0
2014-02-20 00:00:00+07:00,19528.271216812314,19528.271216812314,18679.2154454247,18891.48046875,1855901,0.0,0.0
2014-02-21 00:00:00+07:00,18891.48046875,19018.83861836246,18679.2154454247,18891.48046875,1315146,0.0,0.0
2014-02-24 00:00:00+07:00,18891.482488370224,19103.74609375,18849.02976729427,19103.74609375,839739,0.0,0.0
2014-02-25 00:00:00+07:00,19273.55590635385,19528.272218646154,19146.19775020769,19400.9140625,1698764,0.0,0.0
2014-02-26 00:00:00+07:00,19485.821056947727,19485.821056947727,19188.6520021947,19358.462890625,1307640,0.0,0.0
2014-02-27 00:00:00+07:00,19358.462890625,19613.17922327045,19316.010168517427,19358.462890625,1850445,0.0,0.0
2014-02-28 00:00:00+07:00,19485.82140379259,19485.82140379259,19188.65234375,19188.65234375,1465612,0.0,0.0
2014-03-03 00:00:00+07:00,19146.200155164777,19273.55832730841,18636.76602595212,18679.21875,1968282,0.0,0.0
2014-03-04 00:00:00+07:00,18466.955478275937,18636.766377672186,18297.14457887969,18509.408203125,1226344,0.0,0.0
2014-03-05 00:00:00+07:00,18679.21557235288,18721.66972981672,18509.40470504904,18551.857421875,507829,0.0,0.0
2014-03-06 00:00:00+07:00,18551.857421875,18636.76285552692,18466.95198822308,18551.857421875,742405,0.0,0.0
2014-03-07 00:00:00+07:00,18636.766377672186,18679.21910252125,18509.408203125,18509.408203125,860136,0.0,0.0
2014-03-10 00:00:00+07:00,18466.955289623464,18933.93669883076,18466.955289623464,18849.03125,1263353,0.0,0.0
2014-03-11 00:00:00+07:00,18806.57772260278,18976.3886130139,18679.21811415637,18764.125,951701,0.0,0.0
2014-03-12 00:00:00+07:00,18764.1232685695,18933.934143311588,18636.763671875,18636.763671875,3370424,0.0,0.0
2014-03-13 00:00:00+07:00,18636.76602595212,18806.57836278175,18551.860577856365,18679.21875,1707747,0.0,0.0
2014-03-14 00:00:00+07:00,18721.672914685994,18806.57836278175,18679.21875,18679.21875,1402038,0.0,0.0
2014-03-17 00:00:00+07:00,18636.76285552692,18679.21557235288,18424.49927139712,18551.857421875,1170849,0.0,0.0
2014-03-18 00:00:00+07:00,18509.4073991351,18551.86012214015,18424.501953125,18424.501953125,1129897,0.0,0.0
2014-03-19 00:00:00+07:00,18382.04923011995,18594.312845145203,18382.04923011995,18424.501953125,945481,0.0,0.0
2014-03-20 00:00:00+07:00,18466.953125,18636.76400275695,18424.50040556076,18466.953125,1136291,0.0,0.0
2014-03-21 00:00:00+07:00,18466.953125,18764.12360171263,18466.953125,18466.953125,4676537,0.0,0.0
2014-03-24 00:00:00+07:00,18764.122639136465,18849.0280736594,18636.76304671418,18721.669921875,988519,0.0,0.0
2014-03-25 00:00:00+07:00,18721.673076753865,19103.74759649227,18594.3134628696,18849.03125,2371672,0.0,0.0
2014-03-26 00:00:00+07:00,18849.029040591104,18849.029040591104,18466.953125,18466.953125,1903908,0.0,0.0
2014-03-27 00:00:00+07:00,18466.95231013196,18509.405027697943,18254.68872230206,18382.046875,1047471,0.0,0.0
2014-03-28 00:00:00+07:00,18424.50040556076,18509.40584443924,18297.14224724305,18466.953125,791801,0.0,0.0
2014-03-31 00:00:00+07:00,18466.95345895278,18509.406179159723,18254.689857918056,18297.142578125,543794,0.0,0.0
2014-04-01 00:00:00+07:00,18254.689376689043,18297.142095776853,18042.42578125,18042.42578125,1055672,0.0,0.0
2014-04-02 00:00:00+07:00,18169.78527782952,18679.21794443409,18084.87983339542,18594.3125,2307749,0.0,0.0
2014-04-03 00:00:00+07:00,18721.673268008453,18764.12599285752,18509.408203125,18509.408203125,1481840,0.0,0.0
2014-04-04 00:00:00+07:00,18466.95297212809,18466.95297212809,17999.97306216219,18042.42578125,4085413,0.0,0.0
2014-04-07 00:00:00+07:00,18084.878009931348,18084.878009931348,17617.898112628514,17787.708984375,7185071,0.0,0.0
2014-04-08 00:00:00+07:00,17830.16170231162,17915.067138184862,17702.803548501757,17787.708984375,4242238,0.0,0.0
2014-04-10 00:00:00+07:00,17872.614749816657,17957.520187255544,17617.8984375,17617.8984375,7118178,0.0,0.0
2014-04-11 00:00:00+07:00,17575.44494530389,17575.44494530389,16896.20003504771,16981.10546875,9351372,0.0,0.0
2014-04-14 00:00:00+07:00,16981.10805951463,16981.10805951463,16429.22265625,16429.22265625,8026548,0.0,0.0
2014-04-15 00:00:00+07:00,16259.410575116746,16301.863295343435,15537.712890625,15537.712890625,7454257,0.0,0.0
2014-04-16 00:00:00+07:00,15537.71357361731,15537.71357361731,14731.110413216273,15198.091796875,4894000,0.0,0.0
2014-04-17 00:00:00+07:00,15325.449125652587,15749.976323381035,15240.5436861069,15622.6181640625,5562807,0.0,0.0
2014-04-18 00:00:00+07:00,15410.353500515554,15452.80621735539,14858.468181597664,14900.9208984375,2472080,0.0,0.0
2014-04-21 00:00:00+07:00,14816.0146484375,14985.826963590278,14603.751055293944,14816.0146484375,1899895,0.0,0.0
2014-04-22 00:00:00+07:00,14858.467865627172,15070.7314453125,14731.108277178131,15070.7314453125,1790207,0.0,0.0
2014-04-23 00:00:00+07:00,15070.733162321114,15155.63860386852,14900.922279226295,14943.375,1585602,0.0,0.0
2014-04-24 00:00:00+07:00,14900.921710132783,15070.732586742217,14858.46899098043,14985.8271484375,1010636,0.0,0.0
2014-04-25 00:00:00+07:00,15028.279867589858,15155.638025046928,14943.374429285142,14985.8271484375,1832394,0.0,0.0
2014-04-28 00:00:00+07:00,14985.82613679445,15070.731569367485,14731.1083984375,14731.1083984375,1481023,0.0,0.0
2014-04-29 00:00:00+07:00,14688.65625,14773.561685855391,14603.750814144609,14688.65625,1431523,0.0,0.0
2014-05-05 00:00:00+07:00,14773.563184114268,14773.563184114268,14349.035961783931,14433.94140625,2275328,0.0,0.0
2014-05-06 00:00:00+07:00,14433.940353496007,14476.393072632707,13712.24412817208,14221.6767578125,1872894,0.0,0.0
2014-05-07 00:00:00+07:00,14391.487224506123,14858.468562348697,14179.223634867642,14688.65625,2114699,0.0,0.0
2014-05-08 00:00:00+07:00,14433.940969246656,14476.393690194387,13669.7919921875,13669.7919921875,5493655,0.0,0.0
2014-05-09 00:00:00+07:00,13584.887287358048,14306.58358262606,13584.887287358048,14264.130859375,2538625,0.0,0.0
2014-05-12 00:00:00+07:00,14051.86564483398,14094.318363256389,13457.526146282353,13584.8857421875,2918871,0.0,0.0
2014-05-13 00:00:00+07:00,13542.434228392838,13839.603283783495,13499.98006555612,13712.2451171875,1842818,0.0,0.0
2014-05-14 00:00:00+07:00,13712.245457111228,14264.130859375,13712.245457111228,14264.130859375,2543889,0.0,0.0
2014-05-15 00:00:00+07:00,14221.676923638406,14349.035082533515,13882.055166584776,14136.771484375,3173064,0.0,0.0
2014-05-16 00:00:00+07:00,13372.620440588173,13372.620440588173,12990.54598246791,13202.8095703125,2927976,0.0,0.0
2014-05-19 00:00:00+07:00,13202.81112099252,13245.263843547544,13075.452953327454,13160.3583984375,1600284,0.0,0.0
2014-05-20 00:00:00+07:00,13160.3583984375,13202.81112099252,13033.000230772432,13160.3583984375,1296261,0.0,0.0
2014-05-21 00:00:00+07:00,13160.35672221878,13584.885334335371,12990.545853627296,13542.4326171875,3079779,0.0,0.0
2014-05-22 00:00:00+07:00,13542.433653221116,13924.508136781706,13499.9794921875,13499.9794921875,2286031,0.0,0.0
2014-05-23 00:00:00+07:00,13499.979086306768,13712.244122541058,13457.5263671875,13457.5263671875,1091186,0.0,0.0
2014-05-26 00:00:00+07:00,13372.620524352662,13457.525960022336,13245.262370848151,13415.0732421875,894000,0.0,0.0
2014-05-27 00:00:00+07:00,13415.073427859945,13669.791179032314,13372.620709437537,13584.8857421875,1967639,0.0,0.0
2014-05-28 00:00:00+07:00,13669.79165940551,14009.413418719492,13669.79165940551,13839.6025390625,2650171,0.0,0.0
2014-05-29 00:00:00+07:00,13712.2451171875,13924.508728180826,13627.339672790167,13712.2451171875,1961714,0.0,0.0
2014-05-30 00:00:00+07:00,13712.24397672684,13882.054851398165,13627.338539391176,13797.1494140625,1580720,0.0,0.0
2014-06-02 00:00:00+07:00,13797.148920074726,13797.148920074726,13499.978459401746,13542.4326171875,1707364,0.0,0.0
2014-06-03 00:00:00+07:00,13542.433427809494,13627.3388671875,13542.433427809494,13627.3388671875,1136743,0.0,0.0
2014-06-04 00:00:00+07:00,13584.885965183254,13627.338684302522,13415.073648068232,13457.5263671875,1090248,0.0,0.0
2014-06-05 00:00:00+07:00,13415.073427859945,13712.243897454722,13372.620709437537,13584.8857421875,1122982,0.0,0.0
2014-06-06 00:00:00+07:00,13584.8857421875,13669.791179032314,13415.073427859945,13584.8857421875,1302098,0.0,0.0
2014-06-09 00:00:00+07:00,13542.433829344309,13966.961038821615,13542.433829344309,13669.7919921875,2942762,0.0,0.0
2014-06-10 00:00:00+07:00,13797.149334299536,13839.602052721944,13584.8857421875,13584.8857421875,1375142,0.0,0.0
2014-06-11 00:00:00+07:00,13669.792394988835,13754.697839386166,13627.339672790167,13712.2451171875,682810,0.0,0.0
2014-06-12 00:00:00+07:00,13797.150155030691,13839.602875978424,13669.7919921875,13669.7919921875,1506478,0.0,0.0
2014-06-13 00:00:00+07:00,13669.792394988835,13797.150561584833,13669.792394988835,13712.2451171875,772585,0.0,0.0
2014-06-16 00:00:00+07:00,13924.508385215542,14094.319269827703,13839.60294290946,13882.0556640625,2417454,0.0,0.0
2014-06-17 00:00:00+07:00,13966.961106368582,13966.961106368582,13839.60294290946,13882.0556640625,1888861,0.0,0.0
2014-06-18 00:00:00+07:00,13924.507978890995,14009.413418719492,13797.149819148251,13839.6025390625,896815,0.0,0.0
2014-06-19 00:00:00+07:00,13754.69669539467,13839.602132730332,13627.338539391176,13797.1494140625,2377717,0.0,0.0
2014-06-20 00:00:00+07:00,13797.149491408409,14009.4130859375,13712.24405359677,14009.4130859375,7202410,0.0,0.0
2014-06-23 00:00:00+07:00,13797.149006476222,13882.054441303664,13754.6962890625,13754.6962890625,799516,0.0,0.0
2014-06-24 00:00:00+07:00,13797.149006476222,13797.149006476222,13754.6962890625,13754.6962890625,624256,0.0,0.0
2014-06-25 00:00:00+07:00,13839.602132730332,13839.602132730332,13754.69669539467,13797.1494140625,649502,0.0,0.0
2014-06-26 00:00:00+07:00,13797.149414062502,13882.054851398165,13754.69669539467,13797.1494140625,1113808,0.0,0.0
2014-06-27 00:00:00+07:00,13839.601723889942,13839.601723889942,13754.6962890625,13754.6962890625,617637,0.0,0.0
2014-06-30 00:00:00+07:00,13839.603283783495,13839.603283783495,13712.2451171875,13712.2451171875,449189,0.0,0.0
2014-07-01 00:00:00+07:00,13669.792394988835,13754.697839386166,13669.792394988835,13712.2451171875,549371,0.0,0.0
2014-07-02 00:00:00+07:00,13754.697434082962,13754.697434082962,13669.7919921875,13669.7919921875,1122443,0.0,0.0
2014-07-03 00:00:00+07:00,13669.791586876505,13839.602465632512,13584.886147498495,13627.3388671875,1818094,0.0,0.0
2014-07-04 00:00:00+07:00,13712.2451171875,13797.150561584833,13669.792394988835,13712.2451171875,1683944,0.0,0.0
2014-07-07 00:00:00+07:00,13797.15012176658,14306.582771911138,13754.6974009212,14179.224609375,3900164,0.0,0.0
2014-07-08 00:00:00+07:00,14179.224371335562,14221.677091468251,14009.41349080481,14051.8662109375,1509675,0.0,0.0
2014-07-09 00:00:00+07:00,14094.318113951977,14094.318113951977,13966.9599609375,13966.9599609375,1122270,0.0,0.0
2014-07-10 00:00:00+07:00,13966.959876131106,13966.959876131106,13712.24357164878,13754.6962890625,1742010,0.0,0.0
2014-07-11 00:00:00+07:00,13754.6962890625,13839.601723889942,13712.24357164878,13754.6962890625,796024,0.0,0.0
2014-07-14 00:00:00+07:00,13754.6962890625,13797.149006476222,13669.790854235058,13754.6962890625,993436,0.0,0.0
2014-07-15 00:00:00+07:00,13882.054851398165,13882.054851398165,13712.24397672684,13797.1494140625,1863407,0.0,0.0
2014-07-16 00:00:00+07:00,13924.507978890995,14009.413418719492,13797.149819148251,13839.6025390625,1716017,0.0,0.0
2014-07-17 00:00:00+07:00,13797.149819148251,13882.055258976749,13712.244379319758,13839.6025390625,561655,0.0,0.0
2014-07-18 00:00:00+07:00,13839.601723889942,13839.601723889942,13712.24357164878,13754.6962890625,2088532,0.0,0.0
2014-07-21 00:00:00+07:00,13797.149006476222,13924.507158717386,13712.24357164878,13754.6962890625,1905090,0.0,0.0
2014-07-22 00:00:00+07:00,13712.2451171875,13797.150561584833,13627.339672790167,13712.2451171875,733231,0.0,0.0
2014-07-23 00:00:00+07:00,13712.244306565504,13754.697026254507,13584.886147498495,13627.3388671875,617550,0.0,0.0
2014-07-24 00:00:00+07:00,13627.3388671875,13712.244306565504,13627.3388671875,13627.3388671875,994166,0.0,0.0
2014-07-25 00:00:00+07:00,13712.243485778985,13712.243485778985,13542.4326171875,13542.4326171875,1663129,0.0,0.0
2014-07-28 00:00:00+07:00,13499.979764711014,13499.979764711014,13075.452552184888,13117.9052734375,2463427,0.0,0.0
2014-07-29 00:00:00+07:00,13075.452552184888,13245.26343719534,13032.999830932276,13117.9052734375,1288234,0.0,0.0
2014-07-30 00:00:00+07:00,13075.452075080368,13117.90479478394,12863.1884765625,12863.1884765625,1493064,0.0,0.0
2014-07-31 00:00:00+07:00,12863.188880525717,12948.094322599283,12820.736159488932,12905.6416015625,1420785,0.0,0.0
2014-08-01 00:00:00+07:00,12905.642117656764,12905.642117656764,12650.92578125,12650.92578125,1581189,0.0,0.0
2014-08-04 00:00:00+07:00,12608.472322105132,12778.283203125,12608.472322105132,12778.283203125,1689624,0.0,0.0
2014-08-05 00:00:00+07:00,12778.283606529818,12990.547214505725,12778.283606529818,12820.736328125,810514,0.0,0.0
2014-08-06 00:00:00+07:00,12820.73609212871,12820.73609212871,12693.3779296875,12693.3779296875,1503976,0.0,0.0
2014-08-07 00:00:00+07:00,12650.925208873765,12735.830650501235,12566.019767246287,12693.3779296875,1389962,0.0,0.0
2014-08-08 00:00:00+07:00,12693.378099010066,12735.830820390098,12566.019934869968,12608.47265625,1268600,0.0,0.0
2014-08-11 00:00:00+07:00,12608.471762981791,12650.924481354194,12268.8500160026,12311.302734375,2560274,0.0,0.0
2014-08-12 00:00:00+07:00,12311.303139605256,12481.11401868423,12311.303139605256,12353.755859375,806831,0.0,0.0
2014-08-13 00:00:00+07:00,12396.208579144744,12481.11401868423,12353.755859375,12353.755859375,645662,0.0,0.0
2014-08-14 00:00:00+07:00,12438.661999560338,12778.283776848524,12438.661999560338,12735.8310546875,3120906,0.0,0.0
2014-08-15 00:00:00+07:00,12735.830650501235,12778.283371314974,12566.019767246287,12693.3779296875,1506756,0.0,0.0
2014-08-18 00:00:00+07:00,12693.378099010066,12735.830820390098,12566.019934869968,12608.47265625,932085,0.0,0.0
2014-08-19 00:00:00+07:00,12650.925140144916,12650.925140144916,12438.661537229396,12481.1142578125,1488668,0.0,0.0
2014-08-20 00:00:00+07:00,12481.1142578125,12566.019698978707,12438.661537229396,12481.1142578125,1346925,0.0,0.0
2014-08-21 00:00:00+07:00,12523.567443882384,12948.094665492616,12523.567443882384,12735.8310546875,4023316,0.0,0.0
2014-08-22 00:00:00+07:00,12735.831509500118,13075.453298916627,12735.831509500118,12990.5478515625,2791028,0.0,0.0
2014-08-25 00:00:00+07:00,13160.356534476248,13372.6201171875,13075.451101391747,13372.6201171875,3274377,0.0,0.0
2014-08-26 00:00:00+07:00,13415.073109114835,13839.601723889942,13415.073109114835,13754.6962890625,5679981,0.0,0.0
2014-08-27 00:00:00+07:00,13797.150286472335,14179.224778641834,13797.150286472335,14094.3193359375,6210641,0.0,0.0
2014-08-28 00:00:00+07:00,14221.676680466591,14221.676680466591,14009.4130859375,14009.4130859375,4093214,0.0,0.0
2014-08-29 00:00:00+07:00,14094.31916768424,14306.582771911138,14051.86644683886,14179.224609375,3584881,0.0,0.0
2014-09-03 00:00:00+07:00,14264.130221346166,14391.488385402665,14051.866614585337,14094.3193359375,3970480,0.0,0.0
2014-09-04 00:00:00+07:00,14221.675623187968,14306.581054687502,14179.2229074382,14306.5810546875,4107427,0.0,0.0
2014-09-05 00:00:00+07:00,14349.034687795962,14858.46875,14306.58196933212,14858.46875,3205000,0.0,0.0
2014-09-08 00:00:00+07:00,15113.185883094817,15198.091324642226,14943.375,14943.375,2925040,0.0,0.0
2014-09-09 00:00:00+07:00,14900.922304384469,14943.375025229849,14009.41372599348,14179.224609375,4712937,0.0,0.0
2014-09-10 00:00:00+07:00,14179.223952104938,14518.845703125,13797.14948220737,14518.845703125,2422492,0.0,0.0
2014-09-11 00:00:00+07:00,14518.8460356492,14646.204195198598,14349.03515625,14349.03515625,1954538,0.0,0.0
2014-09-12 00:00:00+07:00,14221.675312626196,14646.20246085337,14221.675312626196,14476.3916015625,1544771,0.0,0.0
2014-09-15 00:00:00+07:00,14476.394128483034,14858.47006921839,14433.94140625,14433.94140625,1945173,0.0,0.0
2014-09-16 00:00:00+07:00,14306.581054687502,14349.033770437269,14221.675623187968,14306.5810546875,1915270,0.0,0.0
2014-09-17 00:00:00+07:00,14518.844633436334,14603.750064935866,14306.581054687502,14306.5810546875,1718276,0.0,0.0
2014-09-18 00:00:00+07:00,14306.582771911138,14518.84637613804,14179.224609374998,14179.224609375,1692978,0.0,0.0
2014-09-19 00:00:00+07:00,13797.15018397298,13797.15018397298,12905.6416015625,12905.6416015625,9963850,0.0,0.0
2014-09-22 00:00:00+07:00,13160.357994690114,13499.979764711014,13075.452552184888,13117.9052734375,1095321,0.0,0.0
2014-09-23 00:00:00+07:00,13160.3583984375,13415.074733767631,12990.54750821741,13160.3583984375,809611,0.0,0.0
2014-09-24 00:00:00+07:00,13160.35717930452,13202.809897926858,12990.54630481516,13032.9990234375,2095551,0.0,0.0
2014-09-25 00:00:00+07:00,13075.452953327454,13160.3583984375,12863.189340552344,13160.3583984375,1111132,0.0,0.0
2014-09-26 00:00:00+07:00,13202.810308262737,13287.715748146227,13075.4521484375,13075.4521484375,880534,0.0,0.0
2014-09-29 00:00:00+07:00,12990.5478515625,13075.453298916627,12990.5478515625,12990.5478515625,453098,0.0,0.0
2014-09-30 00:00:00+07:00,12990.547043636068,13032.999764672852,12905.6416015625,12905.6416015625,1008013,0.0,0.0
2014-10-01 00:00:00+07:00,12990.546708554008,13075.4521484375,12948.093988612263,13075.4521484375,932763,0.0,0.0
2014-10-02 00:00:00+07:00,13117.905675882475,13160.3583984375,13033.000230772432,13160.3583984375,788796,0.0,0.0
2014-10-03 00:00:00+07:00,13160.35725756293,13330.16813306207,13117.904538688144,13245.2626953125,1316519,0.0,0.0
2014-10-06 00:00:00+07:00,13372.620851936856,13372.620851936856,13202.809976437717,13245.2626953125,934274,0.0,0.0
2014-10-07 00:00:00+07:00,13245.26343719534,13245.26343719534,13117.9052734375,13117.9052734375,719714,0.0,0.0
2014-10-08 00:00:00+07:00,13075.452552184888,13117.9052734375,13032.999830932276,13117.9052734375,823493,0.0,0.0
2014-10-09 00:00:00+07:00,13117.9052734375,13202.810715942724,13075.452552184888,13117.9052734375,1112105,0.0,0.0
2014-10-10 00:00:00+07:00,13160.357588320992,13202.810308262737,13032.999428495754,13075.4521484375,1135006,0.0,0.0
2014-10-13 00:00:00+07:00,13075.4521484375,13117.904868379246,12948.093988612263,13075.4521484375,969111,0.0,0.0
2014-10-14 00:00:00+07:00,13032.9990234375,13160.35717930452,13032.9990234375,13032.9990234375,781689,0.0,0.0
2014-10-15 00:00:00+07:00,13032.999764672852,13032.999764672852,12863.188880525717,12905.6416015625,945551,0.0,0.0
2014-10-16 00:00:00+07:00,12905.640874042663,12905.640874042663,12481.11368760637,12523.56640625,1181239,0.0,0.0
2014-10-17 00:00:00+07:00,12608.472419561813,12650.925140144916,12353.756096063187,12481.1142578125,1588174,0.0,0.0
2014-10-20 00:00:00+07:00,12608.472251266452,12650.924971282906,12481.114091217092,12566.01953125,480602,0.0,0.0
2014-10-21 00:00:00+07:00,12523.567213489934,12608.47265625,12523.567213489934,12608.47265625,805580,0.0,0.0
2014-10-22 00:00:00+07:00,12566.02033578108,12650.92578125,12566.02033578108,12650.92578125,467779,0.0,0.0
2014-10-23 00:00:00+07:00,12693.377274458786,13287.715335171535,12608.471837214109,13032.9990234375,2187273,0.0,0.0
2014-10-24 00:00:00+07:00,13160.357345797058,13245.26278411588,12948.09375,12948.09375,892523,0.0,0.0
2014-10-27 00:00:00+07:00,12948.094840391224,13075.453008594606,12650.92578125,12650.92578125,698116,0.0,0.0
2014-10-28 00:00:00+07:00,12650.925208873765,12778.283371314974,12608.472488060026,12693.3779296875,738548,0.0,0.0
2014-10-29 00:00:00+07:00,12735.83031745178,12863.1884765625,12735.83031745178,12863.1884765625,585181,0.0,0.0
2014-10-30 00:00:00+07:00,12905.641196266071,12948.093915969646,12820.735756858929,12863.1884765625,653134,0.0,0.0
2014-10-31 00:00:00+07:00,12863.188643634934,12863.188643634934,12735.830482870031,12778.283203125,1223982,0.0,0.0
2014-11-03 00:00:00+07:00,12863.188311681177,13075.451907478237,12820.735592521763,12948.09375,870040,0.0,0.0
2014-11-04 00:00:00+07:00,12863.1884765625,12990.54663567322,12863.1884765625,12863.1884765625,568849,0.0,0.0
2014-11-05 00:00:00+07:00,12905.6413638899,12905.6413638899,12650.9250423601,12778.283203125,1000680,0.0,0.0
2014-11-06 00:00:00+07:00,12863.188812942448,12863.188812942448,12693.3779296875,12693.3779296875,376667,0.0,0.0
2014-11-07 00:00:00+07:00,12693.3779296875,12778.283371314974,12650.925208873765,12693.3779296875,376250,0.0,0.0
2014-11-10 00:00:00+07:00,12735.83122671892,12863.189394922303,12650.92578125,12650.92578125,603008,0.0,0.0
2014-11-11 00:00:00+07:00,12693.37850398446,12778.283949453382,12650.92578125,12650.92578125,689412,0.0,0.0
2014-11-12 00:00:00+07:00,12735.8310546875,12735.8310546875,12650.925610365452,12735.8310546875,392633,0.0,0.0
2014-11-13 00:00:00+07:00,12693.37850398446,12778.283949453382,12650.92578125,12650.92578125,330693,0.0,0.0
2014-11-14 00:00:00+07:00,12650.925377630032,12693.378099010066,12523.567213489934,12608.47265625,561030,0.0,0.0
2014-11-17 00:00:00+07:00,12608.47265625,12735.830820390098,12608.47265625,12608.47265625,361603,0.0,0.0
2014-11-18 00:00:00+07:00,12608.47184353726,12650.924562180888,12523.56640625,12523.56640625,853360,0.0,0.0
2014-11-19 00:00:00+07:00,12566.019458223716,12608.47217799346,12353.755859375,12353.755859375,779413,0.0,0.0
2014-11-20 00:00:00+07:00,12353.756096063187,12523.566978395604,12353.756096063187,12481.1142578125,1858473,0.0,0.0
2014-11-21 00:00:00+07:00,12481.113852015342,12566.019290421027,12396.208413609656,12438.6611328125,508350,0.0,0.0
2014-11-24 00:00:00+07:00,12438.661298914489,12438.661298914489,12311.303139605256,12353.755859375,1246881,0.0,0.0
2014-11-25 00:00:00+07:00,12353.7554527474,12396.2081711198,12311.302734375,12311.302734375,2389532,0.0,0.0
2014-11-26 00:00:00+07:00,12311.30330628199,12481.11418765995,12268.8505859375,12268.8505859375,1876525,0.0,0.0
2014-11-27 00:00:00+07:00,12268.850645563807,12311.303366114618,12141.491043273383,12226.396484375,527758,0.0,0.0
2014-11-28 00:00:00+07:00,12268.849854373117,12523.566161251883,12226.39569592208,12396.2080078125,1027368,0.0,0.0
2014-12-01 00:00:00+07:00,12523.56639996943,13117.90446068218,12481.11368134709,13032.9990234375,4510782,0.0,0.0
2014-12-02 00:00:00+07:00,13160.3583984375,13372.622011212608,13033.000230772432,13160.3583984375,3229185,0.0,0.0
2014-12-03 00:00:00+07:00,13160.357659795573,13499.979421174045,13160.357659795573,13287.7158203125,2063548,0.0,0.0
2014-12-04 00:00:00+07:00,13287.716566102565,13330.169288657587,13160.3583984375,13160.3583984375,1074158,0.0,0.0
2014-12-05 00:00:00+07:00,13075.453298916627,13245.264193624882,12948.095127885435,12990.5478515625,1181083,0.0,0.0
2014-12-08 00:00:00+07:00,12990.54750821741,13330.169288657587,12990.54750821741,13160.3583984375,1954173,0.0,0.0
2014-12-09 00:00:00+07:00,13160.358746270756,13245.264193624882,12990.5478515625,12990.5478515625,1926946,0.0,0.0
2014-12-10 00:00:00+07:00,13075.452219450955,13287.7158203125,12863.188618589413,13287.7158203125,1069972,0.0,0.0
2014-12-11 00:00:00+07:00,13160.35725756293,13372.620851936856,13075.451819813356,13245.2626953125,1240001,0.0,0.0
2014-12-12 00:00:00+07:00,13287.715890209394,13542.433653221116,13245.263169813772,13499.9794921875,1834149,0.0,0.0
2014-12-15 00:00:00+07:00,13542.434228392838,13839.603283783495,13542.434228392838,13712.2451171875,1837120,0.0,0.0
2014-12-16 00:00:00+07:00,13669.790573621116,13669.790573621116,13330.16740064525,13372.6201171875,1695011,0.0,0.0
2014-12-17 00:00:00+07:00,13372.621887102849,13415.074609263873,12438.661999560338,12735.8310546875,2137686,0.0,0.0
2014-12-18 00:00:00+07:00,12863.18904972018,13075.452657696083,12693.378163339456,12820.736328125,1576289,0.0,0.0
2014-12-19 00:00:00+07:00,12863.188984530196,12905.64170591023,12523.567213489934,12608.47265625,2797857,0.0,0.0
2014-12-22 00:00:00+07:00,12608.473338468928,12990.5478515625,12608.473338468928,12990.5478515625,902861,0.0,0.0
2014-12-23 00:00:00+07:00,12990.546469159412,13075.451907478237,12820.735592521763,12948.09375,822295,0.0,0.0
2014-12-24 00:00:00+07:00,12948.094084144868,13032.999524654802,12735.830482870031,12778.283203125,577970,0.0,0.0
2014-12-25 00:00:00+07:00,12693.378163339456,12905.641771315362,12693.378163339456,12820.736328125,786294,0.0,0.0
2014-12-26 00:00:00+07:00,12863.18922117057,12863.18922117057,12735.8310546875,12735.8310546875,1486462,0.0,0.0
2014-12-29 00:00:00+07:00,12735.830650501235,12905.641533756185,12650.925208873765,12693.3779296875,809802,0.0,0.0
2014-12-30 00:00:00+07:00,12778.283203125,12778.283203125,12523.566881595198,12778.283203125,668997,0.0,0.0
2014-12-31 00:00:00+07:00,12778.28310884528,13117.904868379246,12735.830388903534,13075.4521484375,2031317,0.0,0.0
2015-01-05 00:00:00+07:00,13117.904538688144,13457.526289686428,13032.999100938572,13245.2626953125,1494142,0.0,0.0
2015-01-06 00:00:00+07:00,13160.3575099705,13797.14974594351,13160.3575099705,13627.3388671875,3698911,0.0,0.0
2015-01-07 00:00:00+07:00,13627.339672790167,13924.508728180826,13627.339672790167,13712.2451171875,3040860,0.0,0.0
2015-01-08 00:00:00+07:00,13669.791586876505,13882.055185321517,13499.979267482522,13627.3388671875,2821608,0.0,0.0
2015-01-09 00:00:00+07:00,13669.792058297298,13966.961106368582,13627.339337144256,13882.0556640625,2903287,0.0,0.0
2015-01-12 00:00:00+07:00,13839.602465632512,14009.413344388524,13627.3388671875,13627.3388671875,1769687,0.0,0.0
2015-01-13 00:00:00+07:00,13542.43395835934,14221.677499994,13542.43395835934,14094.3193359375,5417658,0.0,0.0
2015-01-14 00:00:00+07:00,14179.223134515323,14349.034000233874,13924.5068359375,13924.5068359375,3248992,0.0,0.0
2015-01-15 00:00:00+07:00,13924.507570065996,13966.960288733826,13797.149414062502,13797.1494140625,982803,0.0,0.0
2015-01-16 00:00:00+07:00,13797.150561584833,13797.150561584833,13542.434228392838,13712.2451171875,2173060,0.0,0.0
2015-01-19 00:00:00+07:00,13542.434700002432,13584.887423679496,12778.284233177184,12990.5478515625,5482605,0.0,0.0
2015-01-20 00:00:00+07:00,12948.093586192825,13117.90446068218,12948.093586192825,13032.9990234375,1651036,0.0,0.0
2015-01-21 00:00:00+07:00,13032.999428495754,13245.263028204485,12990.546708554008,13075.4521484375,917995,0.0,0.0
2015-01-22 00:00:00+07:00,13075.4521484375,13117.904868379246,12990.546708554008,13075.4521484375,500757,0.0,0.0
2015-01-23 00:00:00+07:00,13160.357994690114,13245.26343719534,13075.452552184888,13117.9052734375,813138,0.0,0.0
2015-01-26 00:00:00+07:00,13117.90446068218,13160.35717930452,13032.9990234375,13032.9990234375,631502,0.0,0.0
2015-01-27 00:00:00+07:00,13033.000575239565,13202.811469947816,12905.642404208373,12990.5478515625,1490024,0.0,0.0
2015-01-28 00:00:00+07:00,13075.45174205984,13117.90446068218,12990.54630481516,13032.9990234375,518827,0.0,0.0
2015-01-29 00:00:00+07:00,13033.000230772432,13160.3583984375,12990.54750821741,13160.3583984375,1079006,0.0,0.0
2015-01-30 00:00:00+07:00,13160.357994690114,13202.810715942724,13032.999830932276,13117.9052734375,731094,0.0,0.0
2015-02-02 00:00:00+07:00,12990.546804399835,13032.999524654802,12693.377762615066,12778.283203125,1494750,0.0,0.0
2015-02-03 00:00:00+07:00,12778.283776848524,12863.18922117057,12693.378332526478,12735.8310546875,1333929,0.0,0.0
2015-02-04 00:00:00+07:00,12650.9250423601,12863.188643634934,12650.9250423601,12778.283203125,1089396,0.0,0.0
2015-02-05 00:00:00+07:00,12863.18904972018,12905.641771315362,12778.283606529818,12820.736328125,579673,0.0,0.0
2015-02-06 00:00:00+07:00,12820.735592521763,12948.09375,12820.735592521763,12948.09375,515838,0.0,0.0
2015-02-09 00:00:00+07:00,12948.094388427053,13245.26343719534,12948.094388427053,13117.9052734375,1111462,0.0,0.0
2015-02-10 00:00:00+07:00,13160.357994690114,13245.26343719534,13117.9052734375,13117.9052734375,595571,0.0,0.0
2015-02-11 00:00:00+07:00,13202.810780927795,13330.1689453125,13160.358059466227,13330.1689453125,493599,0.0,0.0
2015-02-12 00:00:00+07:00,13330.168610605017,13584.886373616737,13330.168610605017,13499.9794921875,1687505,0.0,0.0
2015-02-13 00:00:00+07:00,13584.886373616737,13584.886373616737,13415.074051396256,13499.9794921875,775869,0.0,0.0
2015-02-24 00:00:00+07:00,13457.525742253874,13584.885334335371,13372.620307958134,13542.4326171875,531233,0.0,0.0
2015-02-25 00:00:00+07:00,13542.432423994363,13584.885140536617,13372.6201171875,13372.6201171875,886303,0.0,0.0
2015-02-26 00:00:00+07:00,13372.621331000635,13542.433653221116,13372.621331000635,13499.9794921875,519018,0.0,0.0
2015-02-27 00:00:00+07:00,13457.5263671875,13542.433246063987,13415.073648068232,13457.5263671875,482131,0.0,0.0
2015-03-02 00:00:00+07:00,13457.52677179188,13499.9794921875,13415.074051396256,13499.9794921875,410582,0.0,0.0
2015-03-03 00:00:00+07:00,13499.979667758564,13754.697434082962,13499.979667758564,13669.7919921875,1586593,0.0,0.0
2015-03-04 00:00:00+07:00,13712.2445348036,13712.2445348036,13499.9794921875,13499.9794921875,430181,0.0,0.0
2015-03-05 00:00:00+07:00,13457.525960022336,13499.978677857172,13415.0732421875,13415.0732421875,786328,0.0,0.0
2015-03-06 00:00:00+07:00,13499.979008561211,13499.979008561211,13245.2626953125,13245.2626953125,674991,0.0,0.0
2015-03-09 00:00:00+07:00,13245.262287881418,13457.525875726007,13160.356852743582,13202.8095703125,468231,0.0,0.0
2015-03-10 00:00:00+07:00,13202.8095703125,13372.620440588173,13202.8095703125,13202.8095703125,74120,0.0,0.0
2015-03-11 00:00:00+07:00,13287.715748146227,13287.715748146227,13075.4521484375,13075.4521484375,373678,0.0,0.0
2015-03-12 00:00:00+07:00,12990.546708554008,13160.357588320992,12990.546708554008,13075.4521484375,808325,0.0,0.0
2015-03-13 00:00:00+07:00,13117.904868379246,13117.904868379246,13032.999428495754,13075.4521484375,561516,0.0,0.0
2015-03-16 00:00:00+07:00,13075.451907478237,13075.451907478237,12905.641030840588,12948.09375,619687,0.0,0.0
2015-03-17 00:00:00+07:00,12905.641268670515,13117.904868379246,12905.641268670515,13075.4521484375,349753,0.0,0.0
2015-03-18 00:00:00+07:00,13032.999428495754,13117.904868379246,12990.546708554008,13075.4521484375,115958,0.0,0.0
2015-03-19 00:00:00+07:00,12990.547214505725,13032.999936100903,12778.283606529818,12820.736328125,1199952,0.0,0.0
2015-03-20 00:00:00+07:00,12820.736956854244,13160.358746270756,12778.284233177184,12990.5478515625,2445132,0.0,0.0
2015-03-23 00:00:00+07:00,12948.094084144868,12948.094084144868,12735.830482870031,12778.283203125,768032,0.0,0.0
2015-03-24 00:00:00+07:00,12735.8310546875,12778.283776848524,12693.378332526478,12735.8310546875,924371,0.0,0.0
2015-03-25 00:00:00+07:00,12735.830482870031,12948.094084144868,12735.830482870031,12778.283203125,488786,0.0,0.0
2015-03-26 00:00:00+07:00,12735.8310546875,12820.736499009548,12693.378332526478,12735.8310546875,918706,0.0,0.0
2015-03-27 00:00:00+07:00,12735.829750317527,12778.282468130654,12396.2080078125,12396.2080078125,1484759,0.0,0.0
2015-03-30 00:00:00+07:00,12396.2081711198,12523.566326236996,12268.8500160026,12311.302734375,712764,0.0,0.0
2015-03-31 00:00:00+07:00,12396.2080078125,12438.660725625628,12268.849854373117,12396.2080078125,421823,0.0,0.0
2015-04-01 00:00:00+07:00,12396.208564615368,12396.208564615368,12099.0380859375,12099.0380859375,578718,0.0,0.0
2015-04-02 00:00:00+07:00,12099.03770187508,12311.302734375,12099.03770187508,12311.302734375,259178,0.0,0.0
2015-04-03 00:00:00+07:00,12311.302572186243,12396.2080078125,12268.849854373117,12396.2080078125,253844,0.0,0.0
2015-04-06 00:00:00+07:00,12438.66146731546,12438.66146731546,12268.8505859375,12268.8505859375,329807,0.0,0.0
2015-04-07 00:00:00+07:00,12268.850419835517,12353.755859375,12183.943539658056,12353.755859375,515335,0.0,0.0
2015-04-08 00:00:00+07:00,12396.209389296731,12396.209389296731,12099.038890849031,12183.9443359375,1000941,0.0,0.0
2015-04-09 00:00:00+07:00,12183.942978108951,12396.2080078125,12183.942978108951,12396.2080078125,443195,0.0,0.0
2015-04-10 00:00:00+07:00,12396.2080078125,12438.660725625628,12311.302572186243,12396.2080078125,967791,0.0,0.0
2015-04-13 00:00:00+07:00,12353.756327969804,12608.47265625,12311.30360658977,12608.47265625,518566,0.0,0.0
2015-04-14 00:00:00+07:00,12481.114492109902,12863.188984530196,12481.114492109902,12608.47265625,577727,0.0,0.0
2015-04-15 00:00:00+07:00,12608.472720149097,12863.18904972018,12523.567276958733,12820.736328125,933631,0.0,0.0
2015-04-16 00:00:00+07:00,12905.641268670515,13117.904868379246,12863.188548728773,13075.4521484375,1317266,0.0,0.0
2015-04-17 00:00:00+07:00,13075.453298916627,13117.90602259369,12948.095127885435,12990.5478515625,537991,0.0,0.0
2015-04-20 00:00:00+07:00,13032.999355376794,13032.999355376794,12735.83031745178,12863.1884765625,451552,0.0,0.0
2015-04-21 00:00:00+07:00,12863.188880525717,13032.999764672852,12863.188880525717,12905.6416015625,654750,0.0,0.0
2015-04-22 00:00:00+07:00,12820.735430325803,13117.90446068218,12820.735430325803,13032.9990234375,759311,0.0,0.0
2015-04-23 00:00:00+07:00,13032.999936100903,13032.999936100903,12820.736328125,12820.736328125,600193,0.0,0.0
2015-04-24 00:00:00+07:00,12948.09375,12990.546469159412,12863.188311681177,12948.09375,281575,0.0,0.0
2015-04-27 00:00:00+07:00,12948.094492910544,13032.999936100903,12820.736328125,12820.736328125,265711,0.0,0.0
2015-05-04 00:00:00+07:00,12820.73585134872,12820.73585134872,12566.01953125,12566.01953125,692313,0.0,0.0
2015-05-05 00:00:00+07:00,12523.567276958733,12820.736328125,12396.20911217319,12820.736328125,833675,0.0,0.0
2015-05-06 00:00:00+07:00,12735.8310546875,12778.283776848524,12650.925610365452,12735.8310546875,259821,0.0,0.0
2015-05-07 00:00:00+07:00,12735.830650501235,12778.283371314974,12566.019767246287,12693.3779296875,409678,0.0,0.0
2015-05-08 00:00:00+07:00,12735.83031745178,12905.641196266071,12735.83031745178,12863.1884765625,634907,0.0,0.0
2015-05-11 00:00:00+07:00,12863.18922117057,13033.000109814664,12735.8310546875,12735.8310546875,411468,0.0,0.0
2015-05-12 00:00:00+07:00,12863.18904972018,12990.547214505725,12778.283606529818,12820.736328125,884079,0.0,0.0
2015-05-13 00:00:00+07:00,12948.094322599283,12948.094322599283,12778.283438452148,12905.6416015625,372688,0.0,0.0
2015-05-14 00:00:00+07:00,12863.188311681177,12990.546469159412,12820.735592521763,12948.09375,650753,0.0,0.0
2015-05-15 00:00:00+07:00,13032.999936100903,13032.999936100903,12820.736328125,12820.736328125,750711,0.0,0.0
2015-05-18 00:00:00+07:00,12778.282718111775,12778.282718111775,12523.56640625,12523.56640625,891012,0.0,0.0
2015-05-19 00:00:00+07:00,12523.566881595198,12778.283203125,12523.566881595198,12778.283203125,478587,0.0,0.0
2015-05-20 00:00:00+07:00,12778.284233177184,13075.453298916627,12778.284233177184,12990.5478515625,1040122,0.0,0.0
2015-05-21 00:00:00+07:00,12990.54750821741,13160.3583984375,12905.642063107369,13160.3583984375,801827,0.0,0.0
2015-05-22 00:00:00+07:00,12735.830820390098,12735.830820390098,12523.567213489934,12608.47265625,1205460,0.0,0.0
2015-05-25 00:00:00+07:00,12566.01912489363,12566.01912489363,12311.302813031854,12523.56640625,586276,0.0,0.0
2015-05-26 00:00:00+07:00,12523.566161251883,12523.566161251883,12396.2080078125,12396.2080078125,1164577,0.0,0.0
2015-05-27 00:00:00+07:00,12311.302734375,12396.2081711198,12311.302734375,12311.302734375,958634,0.0,0.0
2015-05-28 00:00:00+07:00,12311.302572186243,12396.2080078125,12268.849854373117,12396.2080078125,1430133,0.0,0.0
2015-05-29 00:00:00+07:00,12438.660725625628,12608.471596878142,12396.2080078125,12396.2080078125,957470,0.0,0.0
2015-06-01 00:00:00+07:00,12396.208816646293,12481.1142578125,12311.303375480084,12481.1142578125,798717,0.0,0.0
2015-06-02 00:00:00+07:00,12608.472419561813,12650.925140144916,12438.661537229396,12481.1142578125,605267,0.0,0.0
2015-06-03 00:00:00+07:00,12481.113443438757,12481.113443438757,12353.755289999372,12396.2080078125,486232,0.0,0.0
2015-06-04 00:00:00+07:00,12396.208579144744,12438.661298914489,12353.755859375,12353.755859375,209921,0.0,0.0
2015-06-05 00:00:00+07:00,12353.755859375,12396.208579144744,12311.303139605256,12353.755859375,836785,0.0,0.0
2015-06-08 00:00:00+07:00,12438.6611328125,12523.566571218184,12396.208413609656,12438.6611328125,1208327,0.0,0.0
2015-06-09 00:00:00+07:00,12481.114492109902,12735.830820390098,12353.756327969804,12608.47265625,2751206,0.0,0.0
2015-06-10 00:00:00+07:00,12735.830581311124,12735.830581311124,12438.661537229396,12481.1142578125,859632,0.0,0.0
2015-06-11 00:00:00+07:00,12523.56640625,12566.01912489363,12396.208250319112,12523.56640625,2411737,0.0,0.0
2015-06-12 00:00:00+07:00,12523.566571218184,12523.566571218184,12311.302975203973,12438.6611328125,1212671,0.0,0.0
2015-06-15 00:00:00+07:00,12438.660725625628,12481.113443438757,12396.2080078125,12396.2080078125,708159,0.0,0.0
2015-06-16 00:00:00+07:00,12438.660968962742,12608.47184353726,12396.208250319112,12523.56640625,839044,0.0,0.0
2015-06-17 00:00:00+07:00,12481.11368760637,12566.01912489363,12481.11368760637,12523.56640625,1618214,0.0,0.0
2015-06-18 00:00:00+07:00,12523.567613046618,12905.642117656764,12523.567613046618,12650.92578125,2243706,0.0,0.0
2015-06-19 00:00:00+07:00,12650.925208873765,12778.283371314974,12650.925208873765,12693.3779296875,2818811,0.0,0.0
2015-06-22 00:00:00+07:00,12778.283776848524,12778.283776848524,12608.472888204433,12735.8310546875,626984,0.0,0.0
2015-06-23 00:00:00+07:00,12693.37769129936,12693.37769129936,12566.01953125,12566.01953125,1200248,0.0,0.0
2015-06-24 00:00:00+07:00,12566.01953125,12566.01953125,12481.114091217092,12566.01953125,933823,0.0,0.0
2015-06-25 00:00:00+07:00,12566.019290421027,12566.019290421027,12438.6611328125,12438.6611328125,432301,0.0,0.0
2015-06-26 00:00:00+07:00,12438.661537229396,12523.566978395604,12396.208816646293,12481.1142578125,774218,0.0,0.0
2015-06-29 00:00:00+07:00,12481.1142578125,12566.019698978707,12438.661537229396,12481.1142578125,1042294,0.0,0.0
2015-06-30 00:00:00+07:00,12438.661770729868,12735.830820390098,12438.661770729868,12608.47265625,1616008,0.0,0.0
2015-07-01 00:00:00+07:00,12523.56640625,12566.01912489363,12396.208250319112,12523.56640625,815762,0.0,0.0
2015-07-02 00:00:00+07:00,12523.56704643255,12735.830650501235,12481.114325618812,12693.3779296875,1415469,0.0,0.0
2015-07-03 00:00:00+07:00,12735.83122671892,12735.83122671892,12608.47305851554,12650.92578125,1674805,0.0,0.0
2015-07-06 00:00:00+07:00,12735.830884934638,12863.18904972018,12735.830884934638,12820.736328125,2232325,0.0,0.0
2015-07-07 00:00:00+07:00,12820.735430325803,13160.35717930452,12735.829993081126,13032.9990234375,3123060,0.0,0.0
2015-07-08 00:00:00+07:00,13075.452485709637,13117.90520674642,12905.6416015625,12905.6416015625,1572849,0.0,0.0
2015-07-09 00:00:00+07:00,12820.736159488932,12948.094322599283,12820.736159488932,12905.6416015625,1304523,0.0,0.0
2015-07-10 00:00:00+07:00,12948.094665492616,12948.094665492616,12735.8310546875,12735.8310546875,965011,0.0,0.0
2015-07-13 00:00:00+07:00,12820.735506564644,13245.2626953125,12735.830068815074,13245.2626953125,2717290,0.0,0.0
2015-07-14 00:00:00+07:00,13287.714684103,13542.432423994363,13202.809251018498,13372.6201171875,2347138,0.0,0.0
2015-07-15 00:00:00+07:00,13415.074621158788,13924.508728180826,13372.621898960122,13712.2451171875,4999951,0.0,0.0
2015-07-16 00:00:00+07:00,13712.2445348036,13754.697255199222,13499.9794921875,13499.9794921875,1406347,0.0,0.0
2015-07-17 00:00:00+07:00,13627.338539391176,13797.149414062502,13584.885820723344,13797.1494140625,1346890,0.0,0.0
2015-07-20 00:00:00+07:00,13754.697839386166,13754.697839386166,13372.621898960122,13712.2451171875,1746927,0.0,0.0
2015-07-21 00:00:00+07:00,13627.338460609908,13712.243897454722,13372.620709437537,13584.8857421875,943344,0.0,0.0
2015-07-22 00:00:00+07:00,13372.620307958134,13584.885334335371,13372.620307958134,13542.4326171875,990726,0.0,0.0
2015-07-23 00:00:00+07:00,13542.433653221116,13797.149975594844,13499.9794921875,13499.9794921875,1376775,0.0,0.0
2015-07-24 00:00:00+07:00,13542.433023765094,13754.696615877128,13499.97886470476,13584.8857421875,1204748,0.0,0.0
2015-07-27 00:00:00+07:00,13712.24357164878,13882.054441303664,13627.338136821336,13754.6962890625,1395001,0.0,0.0
2015-07-28 00:00:00+07:00,13712.244379319758,14306.582458119226,13712.244379319758,13839.6025390625,4222569,0.0,0.0
2015-07-29 00:00:00+07:00,13839.602052721944,13924.50748956676,13584.8857421875,13584.8857421875,1421724,0.0,0.0
2015-07-30 00:00:00+07:00,13584.885965183254,13712.244122541058,13457.5263671875,13457.5263671875,1256403,0.0,0.0
2015-07-31 00:00:00+07:00,13457.525550272,13584.885140536617,13372.6201171875,13372.6201171875,1126561,0.0,0.0
2015-08-03 00:00:00+07:00,13160.358746270756,13287.716917301945,12735.831509500118,12990.5478515625,1702256,0.0,0.0
2015-08-04 00:00:00+07:00,12990.5478515625,13202.811469947816,12990.5478515625,12990.5478515625,1020332,0.0,0.0
2015-08-05 00:00:00+07:00,13202.810379967885,13287.7158203125,13117.904939623264,13287.7158203125,539780,0.0,0.0
2015-08-06 00:00:00+07:00,13287.715748146227,13287.715748146227,13075.4521484375,13075.4521484375,643543,0.0,0.0
2015-08-07 00:00:00+07:00,13075.452953327454,13245.263843547544,13075.452953327454,13160.3583984375,365026,0.0,0.0
2015-08-10 00:00:00+07:00,13160.357117325502,13669.791179032314,13160.357117325502,13584.8857421875,884374,0.0,0.0
2015-08-11 00:00:00+07:00,13627.339271239767,13712.244713135233,13499.979667758564,13669.7919921875,1470529,0.0,0.0
2015-08-12 00:00:00+07:00,13669.791179032314,13797.149334299536,13542.433023765094,13584.8857421875,1728006,0.0,0.0
2015-08-13 00:00:00+07:00,13584.885554164754,13584.885554164754,13287.71508868299,13415.0732421875,1225249,0.0,0.0
2015-08-14 00:00:00+07:00,13415.074051396256,13584.886373616737,13372.621331000635,13499.9794921875,991855,0.0,0.0
2015-08-17 00:00:00+07:00,13499.9794921875,13882.055416386083,13499.9794921875,13499.9794921875,3020549,0.0,0.0
2015-08-18 00:00:00+07:00,13542.433102055513,13882.054851398165,13542.433102055513,13797.1494140625,1700866,0.0,0.0
2015-08-19 00:00:00+07:00,13797.149414062502,13797.149414062502,13627.338539391176,13797.1494140625,802400,0.0,0.0
2015-08-20 00:00:00+07:00,13839.6025390625,14094.318858547987,13797.149819148251,13839.6025390625,2427531,0.0,0.0
2015-08-21 00:00:00+07:00,13627.339271239767,13797.150155030691,13415.074225863102,13669.7919921875,1835208,0.0,0.0
2015-08-24 00:00:00+07:00,13669.792382868063,13669.792382868063,12735.8310546875,12735.8310546875,3128377,0.0,0.0
2015-08-25 00:00:00+07:00,12311.303189486074,13202.810308262737,12311.303189486074,13075.4521484375,1837866,0.0,0.0
2015-08-26 00:00:00+07:00,13075.451417605746,13287.715005450336,12990.54598246791,13202.8095703125,1502325,0.0,0.0
2015-08-27 00:00:00+07:00,13202.810715942724,13287.71615844795,13117.9052734375,13117.9052734375,1278573,0.0,0.0
2015-08-28 00:00:00+07:00,13160.358059466227,13330.1689453125,13117.90533800466,13330.1689453125,1102254,0.0,0.0
2015-08-31 00:00:00+07:00,13202.809897926858,13330.168053793876,13032.9990234375,13032.9990234375,1308075,0.0,0.0
2015-09-01 00:00:00+07:00,13075.45174205984,13117.90446068218,12990.54630481516,13032.9990234375,760041,0.0,0.0
2015-09-03 00:00:00+07:00,13032.999188318823,13075.451907478237,12905.641030840588,12948.09375,887415,0.0,0.0
2015-09-04 00:00:00+07:00,12990.547043636068,13032.999764672852,12863.188880525717,12905.6416015625,721799,0.0,0.0
2015-09-07 00:00:00+07:00,12863.188880525717,12948.094322599283,12863.188880525717,12905.6416015625,540823,0.0,0.0
2015-09-08 00:00:00+07:00,12905.642063107369,13160.3583984375,12905.642063107369,13160.3583984375,480793,0.0,0.0
2015-09-09 00:00:00+07:00,13160.356852743582,13202.8095703125,13160.356852743582,13202.8095703125,483000,0.0,0.0
2015-09-10 00:00:00+07:00,13202.81112099252,13372.622011212608,13117.905675882475,13160.3583984375,586814,0.0,0.0
2015-09-11 00:00:00+07:00,13330.168879700565,13330.168879700565,13117.9052734375,13117.9052734375,487691,0.0,0.0
2015-09-14 00:00:00+07:00,13117.90520674642,13117.90520674642,12863.188880525717,12905.6416015625,554757,0.0,0.0
2015-09-15 00:00:00+07:00,12863.1884765625,12948.093915969646,12863.1884765625,12863.1884765625,1003912,0.0,0.0
2015-09-16 00:00:00+07:00,12863.188311681177,12990.546469159412,12863.188311681177,12948.09375,292278,0.0,0.0
2015-09-17 00:00:00+07:00,12990.5478515625,13075.453298916627,12990.5478515625,12990.5478515625,117661,0.0,0.0
2015-09-18 00:00:00+07:00,13117.90602259369,13245.264193624882,12990.5478515625,12990.5478515625,2731416,0.0,0.0
2015-09-21 00:00:00+07:00,13160.35725756293,13245.2626953125,13032.999100938572,13245.2626953125,406829,0.0,0.0
2015-09-22 00:00:00+07:00,13245.26277159116,13499.979086306768,13202.81005247189,13457.5263671875,995624,0.0,0.0
2015-09-23 00:00:00+07:00,13415.074051396256,13542.433653221116,13330.168610605017,13499.9794921875,853516,0.0,0.0
2015-09-24 00:00:00+07:00,13499.9794921875,13499.9794921875,13372.621331000635,13499.9794921875,673480,0.0,0.0
2015-09-25 00:00:00+07:00,13499.979086306768,13499.979086306768,13372.620928948963,13457.5263671875,388689,0.0,0.0
2015-09-28 00:00:00+07:00,13372.621666774066,13457.5271096972,13330.1689453125,13330.1689453125,665175,0.0,0.0
2015-09-29 00:00:00+07:00,13287.716566102565,13287.716566102565,13160.3583984375,13160.3583984375,704997,0.0,0.0
2015-09-30 00:00:00+07:00,13202.809976437717,13330.16813306207,13202.809976437717,13245.2626953125,1336205,0.0,0.0
2015-10-01 00:00:00+07:00,13202.8095703125,13287.715005450336,13202.8095703125,13202.8095703125,405543,0.0,0.0
2015-10-02 00:00:00+07:00,13245.262370848151,13457.525960022336,13245.262370848151,13415.0732421875,1167113,0.0,0.0
2015-10-05 00:00:00+07:00,13542.4326171875,13542.4326171875,13457.525742253874,13542.4326171875,413466,0.0,0.0
2015-10-06 00:00:00+07:00,13712.244713135233,13754.697434082962,13627.339271239767,13669.7919921875,726490,0.0,0.0
2015-10-07 00:00:00+07:00,13712.243897454722,13712.243897454722,13499.97886470476,13584.8857421875,1558793,0.0,0.0
2015-10-08 00:00:00+07:00,13584.886950591505,13839.603283783495,13584.886950591505,13712.2451171875,1132677,0.0,0.0
2015-10-09 00:00:00+07:00,13797.149006476222,13839.601723889942,13627.338136821336,13754.6962890625,779500,0.0,0.0
2015-10-12 00:00:00+07:00,13754.69669539467,13882.054851398165,13754.69669539467,13797.1494140625,1366941,0.0,0.0
2015-10-13 00:00:00+07:00,13839.601723889942,13839.601723889942,13754.6962890625,13754.6962890625,499628,0.0,0.0
2015-10-14 00:00:00+07:00,13754.6962890625,13839.601723889942,13754.6962890625,13754.6962890625,794390,0.0,0.0
2015-10-15 00:00:00+07:00,13882.054525594518,14094.318113951977,13797.149090251536,13966.9599609375,2207515,0.0,0.0
2015-10-16 00:00:00+07:00,14009.412268796776,14051.864985226412,13669.790537359677,13924.5068359375,1778636,0.0,0.0
2015-10-19 00:00:00+07:00,13882.0556640625,13966.961106368582,13839.60294290946,13882.0556640625,718688,0.0,0.0
2015-10-20 00:00:00+07:00,13882.055596926157,13924.508317873886,13584.886550292038,13669.7919921875,993436,0.0,0.0
2015-10-21 00:00:00+07:00,13669.792394988835,13797.150561584833,13669.792394988835,13712.2451171875,323360,0.0,0.0
2015-10-22 00:00:00+07:00,13669.79165940551,13839.6025390625,13669.79165940551,13839.6025390625,411294,0.0,0.0
2015-10-23 00:00:00+07:00,13924.508385215542,13924.508385215542,13839.60294290946,13882.0556640625,321953,0.0,0.0
2015-10-26 00:00:00+07:00,13924.507978890995,13924.507978890995,13797.149819148251,13839.6025390625,604363,0.0,0.0
2015-10-27 00:00:00+07:00,13839.60294290946,13882.0556640625,13797.15022175642,13882.0556640625,635828,0.0,0.0
2015-10-28 00:00:00+07:00,13839.6025390625,14009.413418719492,13839.6025390625,13839.6025390625,797518,0.0,0.0
2015-10-29 00:00:00+07:00,13882.0556640625,13966.961106368582,13839.60294290946,13882.0556640625,780021,0.0,0.0
2015-10-30 00:00:00+07:00,13966.960770672124,14306.582531733626,13966.960770672124,14051.8662109375,2301998,0.0,0.0
2015-11-02 00:00:00+07:00,14179.223549294957,14221.676266966448,13924.507243266007,13966.9599609375,878415,0.0,0.0
2015-11-03 00:00:00+07:00,13966.96044299229,14221.6767578125,13924.507723855588,14221.6767578125,1927277,0.0,0.0
2015-11-04 00:00:00+07:00,14391.486171917064,14646.20246085337,14306.58074227163,14476.3916015625,4107670,0.0,0.0
2015-11-05 00:00:00+07:00,14433.938886739785,14561.297031207934,14306.58074227163,14476.3916015625,638626,0.0,0.0
2015-11-06 00:00:00+07:00,14518.8460356492,14646.204195198598,14349.03515625,14349.03515625,1631923,0.0,0.0
2015-11-09 00:00:00+07:00,14349.035082533515,14391.487802165222,14136.771484375,14136.771484375,1139506,0.0,0.0
2015-11-10 00:00:00+07:00,14136.770418085687,14136.770418085687,13839.601403078226,13924.5068359375,1138116,0.0,0.0
2015-11-11 00:00:00+07:00,13839.6025390625,13966.960698805244,13839.6025390625,13839.6025390625,827472,0.0,0.0
2015-11-12 00:00:00+07:00,13924.5068359375,14009.412268796776,13627.33782093004,13924.5068359375,1356256,0.0,0.0
2015-11-13 00:00:00+07:00,13924.508385215542,13924.508385215542,13754.69750060338,13882.0556640625,977747,0.0,0.0
2015-11-16 00:00:00+07:00,13839.60294290946,13924.508385215542,13797.15022175642,13882.0556640625,620104,0.0,0.0
2015-11-17 00:00:00+07:00,13882.054929220045,14094.318523749138,13882.054929220045,14009.4130859375,1141174,0.0,0.0
2015-11-18 00:00:00+07:00,14009.412678608993,14094.318113951977,13966.9599609375,13966.9599609375,735438,0.0,0.0
2015-11-19 00:00:00+07:00,13966.960288733826,14051.865726069487,13797.149414062502,13797.1494140625,831990,0.0,0.0
2015-11-20 00:00:00+07:00,13797.149090251536,14051.865396280484,13754.696372580043,13966.9599609375,947497,0.0,0.0
2015-11-23 00:00:00+07:00,13966.961106368582,14009.413827521625,13882.0556640625,13882.0556640625,808586,0.0,0.0
2015-11-24 00:00:00+07:00,13882.054441303664,13924.507158717386,13754.6962890625,13754.6962890625,1363987,0.0,0.0
2015-11-25 00:00:00+07:00,13839.602132730332,13882.054851398165,13627.338539391176,13797.1494140625,880865,0.0,0.0
2015-11-26 00:00:00+07:00,13797.150561584833,13882.056005982162,13712.2451171875,13712.2451171875,319607,0.0,0.0
2015-11-27 00:00:00+07:00,13712.244122541058,13754.696841660329,13457.5263671875,13457.5263671875,642344,0.0,0.0
2015-11-30 00:00:00+07:00,13372.620524352662,13457.525960022336,13287.71508868299,13415.0732421875,545705,0.0,0.0
2015-12-01 00:00:00+07:00,13372.6201171875,13457.525550272,13372.6201171875,13372.6201171875,401304,0.0,0.0
2015-12-02 00:00:00+07:00,13372.620440588173,13457.525875726007,13160.356852743582,13202.8095703125,815223,0.0,0.0
2015-12-03 00:00:00+07:00,13202.81112099252,13287.716566102565,13160.3583984375,13160.3583984375,651917,0.0,0.0
2015-12-04 00:00:00+07:00,13160.35693517848,14051.86545034796,13160.35693517848,13415.0732421875,846167,0.0,0.0
2015-12-07 00:00:00+07:00,13415.073980829426,13457.526701001734,13245.263100140191,13287.7158203125,701748,0.0,0.0
2015-12-08 00:00:00+07:00,13330.16740064525,13372.6201171875,13160.356534476248,13372.6201171875,537070,0.0,0.0
2015-12-09 00:00:00+07:00,13372.622011212608,13372.622011212608,13117.905675882475,13160.3583984375,1375472,0.0,0.0
2015-12-10 00:00:00+07:00,13202.810308262737,13287.715748146227,13075.4521484375,13075.4521484375,497056,0.0,0.0
2015-12-11 00:00:00+07:00,13075.451499508805,13584.885554164754,12948.093346004294,13415.0732421875,1503333,0.0,0.0
2015-12-14 00:00:00+07:00,13584.885334335371,13797.148920074726,13457.525742253874,13542.4326171875,1509796,0.0,0.0
2015-12-15 00:00:00+07:00,13627.338684302522,13627.338684302522,13372.620928948963,13457.5263671875,449033,0.0,0.0
2015-12-16 00:00:00+07:00,13499.97826681425,13499.97826681425,13372.6201171875,13372.6201171875,1102514,0.0,0.0
2015-12-17 00:00:00+07:00,13542.433246063987,13542.433246063987,13372.620928948963,13457.5263671875,872803,0.0,0.0
2015-12-18 00:00:00+07:00,13542.434700002432,13542.434700002432,12990.5478515625,12990.5478515625,8557242,0.0,0.0
2015-12-21 00:00:00+07:00,13287.71508868299,13499.978677857172,13202.809653013315,13415.0732421875,2538451,0.0,0.0
2015-12-22 00:00:00+07:00,13499.979086306768,13499.979086306768,13415.073648068232,13457.5263671875,1584351,0.0,0.0
2015-12-23 00:00:00+07:00,13372.620524352662,13415.0732421875,13287.71508868299,13415.0732421875,2315464,0.0,0.0
2015-12-24 00:00:00+07:00,13415.07283372975,13457.525550272,13372.6201171875,13372.6201171875,1410551,0.0,0.0
2015-12-25 00:00:00+07:00,13372.621666774066,13415.074388235636,13287.716223850932,13330.1689453125,1564179,0.0,0.0
2015-12-28 00:00:00+07:00,12438.661699534843,12438.661699534843,12099.038489800452,12141.4912109375,2006227,0.0,0.0
2015-12-29 00:00:00+07:00,12183.943138619878,12311.302734375,12141.49042024748,12311.302734375,1165063,0.0,0.0
2015-12-30 00:00:00+07:00,12396.2081711198,12396.2081711198,12268.8500160026,12311.302734375,803547,0.0,0.0
2015-12-31 00:00:00+07:00,12353.755859375,12353.755859375,12226.396259427798,12353.755859375,1137056,0.0,0.0
2016-01-04 00:00:00+07:00,12353.755692185445,12353.755692185445,12056.5859375,12056.5859375,1182004,0.0,0.0
2016-01-05 00:00:00+07:00,12099.038890849031,12311.303944208265,12056.586888623831,12183.9443359375,1134293,0.0,0.0
2016-01-06 00:00:00+07:00,12268.850654896982,12481.1142578125,12183.943773092777,12481.1142578125,1671903,0.0,0.0
2016-01-07 00:00:00+07:00,12481.114248317854,12481.114248317854,12099.038322722574,12226.396484375,1102341,0.0,0.0
2016-01-08 00:00:00+07:00,12226.396484375,12268.850645563807,12014.133601939957,12226.396484375,1637362,0.0,0.0
2016-01-11 00:00:00+07:00,12226.39609396186,12226.39609396186,12056.5859375,12056.5859375,1758864,0.0,0.0
2016-01-12 00:00:00+07:00,12099.0380859375,12141.490805657486,12014.133366816515,12099.0380859375,479264,0.0,0.0
2016-01-13 00:00:00+07:00,12141.490805657486,12183.943525377472,12099.0380859375,12099.0380859375,977191,0.0,0.0
2016-01-14 00:00:00+07:00,12056.58651027452,12099.038511167528,11886.774905107432,12014.1337890625,1632236,0.0,0.0
2016-01-15 00:00:00+07:00,12014.1328814004,12099.037597090915,11759.41585305303,11844.3212890625,1269573,0.0,0.0
2016-01-18 00:00:00+07:00,11462.246907146997,11589.605062051503,11377.34147054399,11547.15234375,1451053,0.0,0.0
2016-01-19 00:00:00+07:00,11547.153151209795,11674.5113150201,11547.153151209795,11632.05859375,583565,0.0,0.0
2016-01-20 00:00:00+07:00,11632.058425872678,11801.869308502322,11547.152984557855,11716.9638671875,1360825,0.0,0.0
2016-01-21 00:00:00+07:00,11716.964036290205,11759.416757560304,11632.05859375,11632.05859375,1455048,0.0,0.0
2016-01-22 00:00:00+07:00,11632.058023000423,12099.03793405826,11632.058023000423,11674.5107421875,1516329,0.0,0.0
2016-01-25 00:00:00+07:00,11886.774504183217,12099.038103083958,11886.774504183217,11971.6806640625,597066,0.0,0.0
2016-01-26 00:00:00+07:00,11759.416420571464,11929.228021104602,11716.963700517928,11801.869140625,635759,0.0,0.0
2016-01-27 00:00:00+07:00,11929.228346638463,12056.58651027452,11844.322183895414,12014.1337890625,518896,0.0,0.0
2016-01-28 00:00:00+07:00,12099.038103083958,12099.038103083958,11844.32178440307,11971.6806640625,327791,0.0,0.0
2016-01-29 00:00:00+07:00,11971.681443535366,12183.9443359375,11929.228720991134,12183.9443359375,1084705,0.0,0.0
2016-02-01 00:00:00+07:00,12311.303366114618,12481.114248317854,12226.396484375,12226.396484375,529096,0.0,0.0
2016-02-02 00:00:00+07:00,12311.303944208265,12311.303944208265,12099.038890849031,12183.9443359375,512850,0.0,0.0
2016-02-03 00:00:00+07:00,12183.942978108951,12438.660725625628,12099.037542482698,12396.2080078125,1135961,0.0,0.0
2016-02-04 00:00:00+07:00,12438.661537229396,12523.566978395604,12396.208816646293,12481.1142578125,413258,0.0,0.0
2016-02-05 00:00:00+07:00,12481.113852015342,12523.566571218184,12396.208413609656,12438.6611328125,230318,0.0,0.0
2016-02-15 00:00:00+07:00,12268.8500160026,12396.2081711198,12141.49042024748,12311.302734375,363062,0.0,0.0
2016-02-16 00:00:00+07:00,12311.303366114618,12438.661527767044,12226.396484375,12226.396484375,349961,0.0,0.0
2016-02-17 00:00:00+07:00,12183.9443359375,12311.303944208265,12183.9443359375,12183.9443359375,882237,0.0,0.0
2016-02-18 00:00:00+07:00,12226.397058481733,12311.303944208265,12141.491613393266,12183.9443359375,667885,0.0,0.0
2016-02-19 00:00:00+07:00,12141.490655571442,12141.490655571442,12056.5859375,12056.5859375,1460695,0.0,0.0
2016-02-22 00:00:00+07:00,12099.0380859375,12099.0380859375,11971.680647096531,12099.0380859375,1761591,0.0,0.0
2016-02-23 00:00:00+07:00,12099.0380859375,12311.303125175396,12099.0380859375,12099.0380859375,876434,0.0,0.0
2016-02-24 00:00:00+07:00,12099.03826392155,12311.30330628199,12099.03826392155,12268.8505859375,1103505,0.0,0.0
2016-02-25 00:00:00+07:00,12268.850253795024,12268.850253795024,12056.5859375,12056.5859375,974880,0.0,0.0
2016-02-26 00:00:00+07:00,12099.037936376231,12183.943374766652,12056.5859375,12056.5859375,565686,0.0,0.0
2016-02-29 00:00:00+07:00,12099.0380859375,12183.943525377472,12056.5860865365,12099.0380859375,282061,0.0,0.0
2016-03-01 00:00:00+07:00,12141.490805657486,12183.943525377472,12099.0380859375,12099.0380859375,543950,0.0,0.0
2016-03-02 00:00:00+07:00,12099.037938551804,12438.6611328125,12099.037938551804,12438.6611328125,1746111,0.0,0.0
2016-03-03 00:00:00+07:00,12438.661770729868,12650.925377630032,12438.661770729868,12608.47265625,1473604,0.0,0.0
2016-03-04 00:00:00+07:00,12523.56704643255,12735.830650501235,12523.56704643255,12693.3779296875,839027,0.0,0.0
2016-03-07 00:00:00+07:00,12735.830581311124,12735.830581311124,12481.1142578125,12481.1142578125,1116015,0.0,0.0
2016-03-08 00:00:00+07:00,12481.11401868423,12566.019458223716,12353.755859375,12353.755859375,905016,0.0,0.0
2016-03-09 00:00:00+07:00,12353.755859375,12438.661298914489,12311.303139605256,12353.755859375,600992,0.0,0.0
2016-03-10 00:00:00+07:00,12396.2081711198,12396.2081711198,12311.302734375,12311.302734375,617289,0.0,0.0
2016-03-11 00:00:00+07:00,12353.7554527474,12396.2081711198,12268.8500160026,12311.302734375,732727,0.0,0.0
2016-03-14 00:00:00+07:00,12396.208816646293,12523.566978395604,12268.850654896982,12481.1142578125,776494,0.0,0.0
2016-03-15 00:00:00+07:00,12481.113443438757,12481.113443438757,12353.755289999372,12396.2080078125,415586,0.0,0.0
2016-03-16 00:00:00+07:00,12396.208250319112,12523.56640625,12353.755531675482,12523.56640625,278569,0.0,0.0
2016-03-17 00:00:00+07:00,12438.6611328125,12523.566571218184,12396.208413609656,12438.6611328125,343550,0.0,0.0
2016-03-18 00:00:00+07:00,12481.11418765995,12481.11418765995,12268.8505859375,12268.8505859375,2758919,0.0,0.0
2016-03-21 00:00:00+07:00,12268.8505859375,12438.66146731546,12268.8505859375,12268.8505859375,634508,0.0,0.0
2016-03-22 00:00:00+07:00,12311.30330628199,12311.30330628199,12226.39642495502,12268.8505859375,674505,0.0,0.0
2016-03-23 00:00:00+07:00,12268.8500160026,12353.7554527474,12268.8500160026,12311.302734375,667624,0.0,0.0
2016-03-24 00:00:00+07:00,12268.8500160026,12353.7554527474,12268.8500160026,12311.302734375,664149,0.0,0.0
2016-03-25 00:00:00+07:00,12311.30330628199,12311.30330628199,12268.8505859375,12268.8505859375,694329,0.0,0.0
2016-03-28 00:00:00+07:00,12268.850645563807,12396.208807216237,12226.396484375,12226.396484375,563792,0.0,0.0
2016-03-29 00:00:00+07:00,12268.850645563807,12396.208807216237,12226.396484375,12226.396484375,769787,0.0,0.0
2016-03-30 00:00:00+07:00,12226.395856992276,12311.302734375,12226.395856992276,12311.302734375,691184,0.0,0.0
2016-03-31 00:00:00+07:00,12268.8505859375,12311.30330628199,12226.39642495502,12268.8505859375,859615,0.0,0.0
2016-04-01 00:00:00+07:00,12268.850645563807,12311.303366114618,12226.396484375,12226.396484375,919784,0.0,0.0
2016-04-04 00:00:00+07:00,12268.850645563807,12311.303366114618,12226.396484375,12226.396484375,996128,0.0,0.0
2016-04-05 00:00:00+07:00,12226.396484375,12311.303366114618,12226.396484375,12226.396484375,457772,0.0,0.0
2016-04-06 00:00:00+07:00,12268.8500160026,12311.302734375,12226.395856992276,12311.302734375,762543,0.0,0.0
2016-04-07 00:00:00+07:00,12353.75602662648,12353.75602662648,12226.39642495502,12268.8505859375,505448,0.0,0.0
2016-04-08 00:00:00+07:00,12311.303366114618,12311.303366114618,12226.396484375,12226.396484375,583235,0.0,0.0
2016-04-11 00:00:00+07:00,12268.851221664032,12311.303944208265,12183.9443359375,12183.9443359375,499332,0.0,0.0
2016-04-12 00:00:00+07:00,12183.943932074546,12268.850814986656,12141.4912109375,12141.4912109375,1051155,0.0,0.0
2016-04-13 00:00:00+07:00,12226.39642495502,12311.30330628199,12183.943704610529,12268.8505859375,814180,0.0,0.0
2016-04-14 00:00:00+07:00,12268.8505859375,12311.30330628199,12268.8505859375,12268.8505859375,642170,0.0,0.0
2016-04-15 00:00:00+07:00,12268.850645563807,12268.850645563807,12183.94376382419,12226.396484375,399392,0.0,0.0
2016-04-19 00:00:00+07:00,12311.303366114618,12311.303366114618,12183.94376382419,12226.396484375,864306,0.0,0.0
2016-04-20 00:00:00+07:00,12311.30360658977,12608.47265625,12311.30360658977,12608.47265625,2832311,0.0,0.0
2016-04-21 00:00:00+07:00,12693.377280824518,12693.377280824518,12523.56640625,12523.56640625,905867,0.0,0.0
2016-04-22 00:00:00+07:00,12523.566571218184,12523.566571218184,12438.6611328125,12438.6611328125,810636,0.0,0.0
2016-04-25 00:00:00+07:00,12438.6611328125,12523.566571218184,12438.6611328125,12438.6611328125,1435797,0.0,0.0
2016-04-26 00:00:00+07:00,12438.661537229396,12566.019698978707,12438.661537229396,12481.1142578125,1078902,0.0,0.0
2016-04-27 00:00:00+07:00,12566.02033578108,12693.37850398446,12523.567613046618,12650.92578125,781481,0.0,0.0
2016-04-28 00:00:00+07:00,12650.924562180888,12650.924562180888,12438.660968962742,12523.56640625,442013,0.0,0.0
2016-04-29 00:00:00+07:00,12523.56640625,12608.47184353726,12523.56640625,12523.56640625,926768,0.0,0.0
2016-05-04 00:00:00+07:00,12523.567276958733,12905.641771315362,12523.567276958733,12820.736328125,1589355,0.0,0.0
2016-05-05 00:00:00+07:00,12863.18922117057,12863.18922117057,12735.8310546875,12735.8310546875,640693,0.0,0.0
2016-05-06 00:00:00+07:00,12735.830482870031,12820.735923379969,12735.830482870031,12778.283203125,867833,0.0,0.0
2016-05-09 00:00:00+07:00,12778.283776848524,12820.736499009548,12735.8310546875,12735.8310546875,958912,0.0,0.0
2016-05-10 00:00:00+07:00,12735.830482870031,12778.283203125,12650.9250423601,12778.283203125,1008673,0.0,0.0
2016-05-11 00:00:00+07:00,12820.736328125,12820.736328125,12735.830884934638,12820.736328125,984558,0.0,0.0
2016-05-12 00:00:00+07:00,12820.736328125,12863.18904972018,12820.736328125,12820.736328125,739295,0.0,0.0
2016-05-13 00:00:00+07:00,12863.18922117057,12863.18922117057,12650.925610365452,12735.8310546875,1510995,0.0,0.0
2016-05-16 00:00:00+07:00,12778.283606529818,12863.18904972018,12735.830884934638,12820.736328125,443629,0.0,0.0
2016-05-17 00:00:00+07:00,12820.736328125,12905.641771315362,12778.283606529818,12820.736328125,908526,0.0,0.0
2016-05-18 00:00:00+07:00,12863.188880525717,12905.6416015625,12778.283438452148,12905.6416015625,950398,0.0,0.0
2016-05-19 00:00:00+07:00,12948.094492910544,12948.094492910544,12778.283606529818,12820.736328125,713372,0.0,0.0
2016-05-20 00:00:00+07:00,12863.188311681177,12948.09375,12820.735592521763,12948.09375,934170,0.0,0.0
2016-05-23 00:00:00+07:00,12481.11418765995,12481.11418765995,12268.8505859375,12268.8505859375,337208,0.0,0.0
2016-05-24 00:00:00+07:00,12268.850405455412,12268.850405455412,12056.5860865365,12099.0380859375,463470,0.0,0.0
2016-05-25 00:00:00+07:00,11971.68104670832,12226.396653211592,11971.68104670832,12141.4912109375,699628,0.0,0.0
2016-05-26 00:00:00+07:00,12141.490822864103,12183.943542644254,11971.6806640625,11971.6806640625,516881,0.0,0.0
2016-05-27 00:00:00+07:00,11971.68057329806,12014.133292756347,11886.7744140625,11886.7744140625,345427,0.0,0.0
2016-05-30 00:00:00+07:00,11886.774007067235,11971.680163395664,11844.3212890625,11844.3212890625,401529,0.0,0.0
2016-05-31 00:00:00+07:00,11929.227777628932,11929.227777628932,11632.058023000423,11674.5107421875,1578288,0.0,0.0
2016-06-01 00:00:00+07:00,11674.510417043555,11886.774007067235,11674.510417043555,11844.3212890625,368084,0.0,0.0
2016-06-02 00:00:00+07:00,11844.321860678538,11886.774580732072,11759.416420571464,11801.869140625,619461,0.0,0.0
2016-06-03 00:00:00+07:00,11801.869140625,11844.321860678538,11801.869140625,11801.869140625,299210,0.0,0.0
2016-06-06 00:00:00+07:00,11844.321860678538,11844.321860678538,11801.869140625,11801.869140625,65328,0.0,0.0
2016-06-07 00:00:00+07:00,11801.868975145922,11929.22785383977,11801.868975145922,11886.7744140625,574061,0.0,0.0
2016-06-08 00:00:00+07:00,11929.228325571275,12141.4912109375,11929.228325571275,12141.4912109375,637739,0.0,0.0
2016-06-09 00:00:00+07:00,12183.943953591564,12183.943953591564,12014.1337890625,12014.1337890625,230388,0.0,0.0
2016-06-10 00:00:00+07:00,12014.133292756347,12014.133292756347,11886.7744140625,11886.7744140625,1439429,0.0,0.0
2016-06-13 00:00:00+07:00,11886.774007067235,12014.1328814004,11844.3212890625,11844.3212890625,481905,0.0,0.0
2016-06-14 00:00:00+07:00,11844.321694604212,11886.7744140625,11801.868975145922,11886.7744140625,345861,0.0,0.0
2016-06-15 00:00:00+07:00,11929.227445390929,11929.227445390929,11801.868571057765,11844.3212890625,432874,0.0,0.0
2016-06-16 00:00:00+07:00,11801.868975145922,11929.22785383977,11801.868975145922,11886.7744140625,430129,0.0,0.0
2016-06-17 00:00:00+07:00,11886.774580732072,11886.774580732072,11759.416420571464,11801.869140625,474573,0.0,0.0
2016-06-20 00:00:00+07:00,11801.869308502322,11844.322029159734,11674.511146530089,11716.9638671875,725169,0.0,0.0
2016-06-21 00:00:00+07:00,11716.963297033362,11844.321452808275,11716.963297033362,11759.416015625,503259,0.0,0.0
2016-06-22 00:00:00+07:00,11844.321694604212,11971.68057329806,11801.868975145922,11886.7744140625,495371,0.0,0.0
2016-06-23 00:00:00+07:00,11886.7744140625,11971.68057329806,11844.321694604212,11886.7744140625,550362,0.0,0.0
2016-06-24 00:00:00+07:00,11844.321452808275,11886.774171399911,11462.246985483538,11759.416015625,1007092,0.0,0.0
2016-06-27 00:00:00+07:00,11632.057859850089,11759.416015625,11632.057859850089,11759.416015625,270889,0.0,0.0
2016-06-28 00:00:00+07:00,11759.416015625,11801.868734216638,11716.963297033362,11759.416015625,310903,0.0,0.0
2016-06-29 00:00:00+07:00,11801.869140625,11844.321860678538,11759.416420571464,11801.869140625,563723,0.0,0.0
2016-06-30 00:00:00+07:00,11801.868734216638,11844.321452808275,11759.416015625,11759.416015625,449137,0.0,0.0
2016-07-01 00:00:00+07:00,11759.416420571464,11844.321860678538,11759.416420571464,11801.869140625,715161,0.0,0.0
2016-07-04 00:00:00+07:00,11801.868975145922,11929.22785383977,11801.868975145922,11886.7744140625,1228012,0.0,0.0
2016-07-05 00:00:00+07:00,11971.681067850484,12099.038511167528,11929.228346638463,12014.1337890625,1271606,0.0,0.0
2016-07-06 00:00:00+07:00,11971.681067850484,12014.1337890625,11929.228346638463,12014.1337890625,431849,0.0,0.0
2016-07-07 00:00:00+07:00,12056.586263896055,12268.8505859375,12056.586263896055,12268.8505859375,1399901,0.0,0.0
2016-07-08 00:00:00+07:00,12226.396653211592,12311.303536123703,12141.4912109375,12141.4912109375,1101507,0.0,0.0
2016-07-11 00:00:00+07:00,12141.4912109375,12311.303536123703,12099.038489800452,12141.4912109375,497126,0.0,0.0
2016-07-12 00:00:00+07:00,12141.490819888311,12353.755859375,12099.038100118569,12353.755859375,921677,0.0,0.0
2016-07-13 00:00:00+07:00,12396.208651184186,12608.472251266452,12396.208651184186,12566.01953125,3131939,0.0,0.0
2016-07-14 00:00:00+07:00,12608.472488060026,12905.641533756185,12608.472488060026,12693.3779296875,2496943,0.0,0.0
2016-07-15 00:00:00+07:00,12693.377280824518,12778.282718111775,12523.56640625,12523.56640625,1030009,0.0,0.0
2016-07-18 00:00:00+07:00,12481.11368760637,12523.56640625,12353.755531675482,12523.56640625,1607061,0.0,0.0
2016-07-19 00:00:00+07:00,12608.471762981791,12608.471762981791,12268.8500160026,12311.302734375,608481,0.0,0.0
2016-07-20 00:00:00+07:00,12311.302572186243,12481.113443438757,12268.849854373117,12396.2080078125,575694,0.0,0.0
2016-07-21 00:00:00+07:00,12481.113852015342,12735.8301672324,12438.6611328125,12438.6611328125,1079406,0.0,0.0
2016-07-22 00:00:00+07:00,12481.114091217092,12566.01953125,12311.30321115128,12566.01953125,810862,0.0,0.0
2016-07-25 00:00:00+07:00,12608.472251266452,12650.924971282906,12481.114091217092,12566.01953125,445714,0.0,0.0
2016-07-26 00:00:00+07:00,12566.01912489363,12608.47184353726,12481.11368760637,12523.56640625,1304183,0.0,0.0
2016-07-27 00:00:00+07:00,12311.302975203973,12523.566571218184,12311.302975203973,12438.6611328125,487778,0.0,0.0
2016-07-28 00:00:00+07:00,12438.6611328125,12481.113852015342,12396.208413609656,12438.6611328125,519140,0.0,0.0
2016-07-29 00:00:00+07:00,12481.113443438757,12481.113443438757,12353.755289999372,12396.2080078125,443316,0.0,0.0
2016-08-01 00:00:00+07:00,12438.6611328125,12438.6611328125,12311.302975203973,12438.6611328125,220555,0.0,0.0
2016-08-02 00:00:00+07:00,12438.662111840964,12481.114834385198,12183.9443359375,12183.9443359375,1085661,0.0,0.0
2016-08-03 00:00:00+07:00,12226.39642495502,12396.20874697097,12183.943704610529,12268.8505859375,371315,0.0,0.0
2016-08-04 00:00:00+07:00,12268.850645563807,12353.756086665428,12226.396484375,12226.396484375,559153,0.0,0.0
2016-08-05 00:00:00+07:00,12268.850814986656,12353.756257260751,12141.4912109375,12141.4912109375,886737,0.0,0.0
2016-08-08 00:00:00+07:00,12141.4912109375,12226.396653211592,12099.038489800452,12141.4912109375,755106,0.0,0.0
2016-08-09 00:00:00+07:00,12141.4912109375,12183.943932074546,12099.038489800452,12141.4912109375,2415612,0.0,0.0
2016-08-10 00:00:00+07:00,12141.491613393266,12226.397058481733,12141.491613393266,12183.9443359375,989214,0.0,0.0
2016-08-11 00:00:00+07:00,12183.943704610529,12353.75602662648,12183.943704610529,12268.8505859375,926369,0.0,0.0
2016-08-12 00:00:00+07:00,12311.30330628199,12438.66146731546,12226.39642495502,12268.8505859375,754168,0.0,0.0
2016-08-15 00:00:00+07:00,12183.943525377472,12226.396245097456,12099.0380859375,12099.0380859375,491826,0.0,0.0
2016-08-16 00:00:00+07:00,12183.943932074546,12226.396653211592,12141.4912109375,12141.4912109375,549319,0.0,0.0
2016-08-17 00:00:00+07:00,12183.94376382419,12268.850645563807,12141.491043273383,12226.396484375,636228,0.0,0.0
2016-08-18 00:00:00+07:00,12226.39642495502,12311.30330628199,12226.39642495502,12268.8505859375,749425,0.0,0.0
2016-08-19 00:00:00+07:00,12311.303536123703,12311.303536123703,12141.4912109375,12141.4912109375,617776,0.0,0.0
2016-08-22 00:00:00+07:00,12226.397058481733,12226.397058481733,12099.038890849031,12183.9443359375,961310,0.0,0.0
2016-08-23 00:00:00+07:00,12268.850814986656,12268.850814986656,12099.038489800452,12141.4912109375,716412,0.0,0.0
2016-08-24 00:00:00+07:00,12141.4912109375,12226.396653211592,12099.038489800452,12141.4912109375,1847839,0.0,0.0
2016-08-25 00:00:00+07:00,12183.943932074546,12268.850814986656,12141.4912109375,12141.4912109375,487986,0.0,0.0
2016-08-26 00:00:00+07:00,12141.491613393266,12226.397058481733,12141.491613393266,12183.9443359375,289202,0.0,0.0
2016-08-29 00:00:00+07:00,12268.850814986656,12268.850814986656,12141.4912109375,12141.4912109375,782749,0.0,0.0
2016-08-30 00:00:00+07:00,12141.490805657486,12183.943525377472,12099.0380859375,12099.0380859375,367788,0.0,0.0
2016-08-31 00:00:00+07:00,12099.03770187508,12438.660889492196,12099.03770187508,12311.302734375,1063074,0.0,0.0
2016-09-01 00:00:00+07:00,12353.7554527474,12353.7554527474,12268.8500160026,12311.302734375,593538,0.0,0.0
2016-09-05 00:00:00+07:00,12353.7554527474,12353.7554527474,12268.8500160026,12311.302734375,537834,0.0,0.0
2016-09-06 00:00:00+07:00,12311.303366114618,12311.303366114618,12226.396484375,12226.396484375,328642,0.0,0.0
2016-09-07 00:00:00+07:00,12226.396484375,12226.396484375,12141.491043273383,12226.396484375,251255,0.0,0.0
2016-09-08 00:00:00+07:00,12183.94376382419,12311.303366114618,12183.94376382419,12226.396484375,531146,0.0,0.0
2016-09-09 00:00:00+07:00,12226.396653211592,12226.396653211592,12141.4912109375,12141.4912109375,558180,0.0,0.0
2016-09-12 00:00:00+07:00,12099.038682559552,12141.491404372946,11865.548712585887,11929.228515625,1262258,0.0,0.0
2016-09-13 00:00:00+07:00,12014.133383842647,12099.038103083958,11886.774504183217,11971.6806640625,1197120,0.0,0.0
2016-09-14 00:00:00+07:00,12014.133180153096,12035.359539683295,11950.4541015625,11950.4541015625,228182,0.0,0.0
2016-09-15 00:00:00+07:00,11865.547648064869,11971.680163395664,11844.3212890625,11844.3212890625,1145135,0.0,0.0
2016-09-16 00:00:00+07:00,11844.321787497434,11929.227947398898,11589.60546875,11589.60546875,6980517,0.0,0.0
2016-09-19 00:00:00+07:00,11886.774705000124,12014.133586811176,11801.869264005423,11992.9072265625,927568,0.0,0.0
2016-09-20 00:00:00+07:00,11992.90742845649,12014.1337890625,11929.228346638463,12014.1337890625,789821,0.0,0.0
2016-09-21 00:00:00+07:00,11971.681237438394,12014.133959251789,11908.001434399284,11929.228515625,925344,0.0,0.0
2016-09-22 00:00:00+07:00,12014.133366816515,12141.490805657486,11992.907006956524,12099.0380859375,1328108,0.0,0.0
2016-09-23 00:00:00+07:00,12056.5861400458,12205.169939406203,12035.3597800916,12077.8125,945085,0.0,0.0
2016-09-26 00:00:00+07:00,12077.81284955094,12205.17029264307,12077.81284955094,12141.4912109375,1084253,0.0,0.0
2016-09-27 00:00:00+07:00,12141.491008652378,12205.170089297011,12099.038288222622,12120.2646484375,842414,0.0,0.0
2016-09-28 00:00:00+07:00,12120.264091640049,12120.264091640049,12014.133015760248,12035.359375,1071258,0.0,0.0
2016-09-29 00:00:00+07:00,12035.359375,12099.037732400291,12035.359375,12035.359375,992689,0.0,0.0
2016-09-30 00:00:00+07:00,12099.0380859375,12099.0380859375,12035.359726676508,12099.0380859375,1304930,0.0,0.0
2016-10-03 00:00:00+07:00,12099.038511167528,12099.038511167528,11929.228346638463,12014.1337890625,601079,0.0,0.0
2016-10-04 00:00:00+07:00,12077.8125,12120.264499589408,11992.907060183205,12077.8125,859650,0.0,0.0
2016-10-05 00:00:00+07:00,12099.03830748688,12099.03830748688,11908.001065248802,11992.9072265625,2093397,0.0,0.0
2016-10-06 00:00:00+07:00,12035.359539683295,12035.359539683295,11929.2277420323,11950.4541015625,633239,0.0,0.0
2016-10-07 00:00:00+07:00,12014.133366816515,12099.0380859375,11971.680647096531,12099.0380859375,1286166,0.0,0.0
2016-10-10 00:00:00+07:00,12099.038511167528,12099.038511167528,12014.1337890625,12014.1337890625,805163,0.0,0.0
2016-10-11 00:00:00+07:00,12056.5860865365,12099.0380859375,12014.133366816515,12099.0380859375,709480,0.0,0.0
2016-10-12 00:00:00+07:00,12077.812870880529,12077.812870880529,11886.774905107432,12014.1337890625,593643,0.0,0.0
2016-10-13 00:00:00+07:00,12014.13321830479,12056.5859375,11992.906858707189,12056.5859375,237164,0.0,0.0
2016-10-14 00:00:00+07:00,12056.586103622796,12077.81246351287,11971.6806640625,11971.6806640625,357068,0.0,0.0
2016-10-17 00:00:00+07:00,12099.03812225645,12311.303162131524,12077.812482651729,12205.169921875,1768141,0.0,0.0
2016-10-18 00:00:00+07:00,12290.07641478498,12417.4345703125,12268.850055530394,12417.4345703125,1613193,0.0,0.0
2016-10-19 00:00:00+07:00,12438.660766819416,12608.471638634304,12438.660766819416,12502.33984375,1497321,0.0,0.0
2016-10-20 00:00:00+07:00,12353.755859375,12438.661298914489,12268.850419835517,12353.755859375,1673901,0.0,0.0
2016-10-21 00:00:00+07:00,12183.943953591564,12226.396674803584,11971.681067850484,12014.1337890625,2697951,0.0,0.0
2016-10-24 00:00:00+07:00,12014.133666956475,12014.133666956475,11780.64298234445,11823.095703125,1623149,0.0,0.0
2016-10-25 00:00:00+07:00,11823.094930060131,11886.774007067235,11759.41585305303,11844.3212890625,806622,0.0,0.0
2016-10-26 00:00:00+07:00,11823.095297448905,11886.77437643476,11759.416218463048,11780.642578125,728001,0.0,0.0
2016-10-27 00:00:00+07:00,11780.642578125,11844.321657110857,11738.189858801095,11780.642578125,655132,0.0,0.0
2016-10-28 00:00:00+07:00,11801.868937786952,11823.095297448905,11780.642578125,11780.642578125,407263,0.0,0.0
2016-10-31 00:00:00+07:00,11780.642780598231,11844.321860678538,11759.416420571464,11801.869140625,747913,0.0,0.0
2016-11-01 00:00:00+07:00,11801.869140625,11823.095500651769,11738.190060544695,11801.869140625,483990,0.0,0.0
2016-11-02 00:00:00+07:00,11780.64237492082,11801.868734216638,11759.416015625,11759.416015625,994270,0.0,0.0
2016-11-03 00:00:00+07:00,11759.416587844911,11759.416587844911,11716.9638671875,11716.9638671875,424239,0.0,0.0
2016-11-04 00:00:00+07:00,11695.7373046875,11780.642744534656,11695.7373046875,11695.7373046875,225819,0.0,0.0
2016-11-07 00:00:00+07:00,11716.963135048294,11886.774007067235,11695.736776045926,11844.3212890625,430163,0.0,0.0
2016-11-08 00:00:00+07:00,11844.321860678538,11865.548220705305,11759.416420571464,11801.869140625,172843,0.0,0.0
2016-11-09 00:00:00+07:00,11780.64237492082,11780.64237492082,11462.246985483538,11759.416015625,635411,0.0,0.0
2016-11-10 00:00:00+07:00,11759.416420571464,11801.869140625,11738.190060544695,11801.869140625,193814,0.0,0.0
2016-11-11 00:00:00+07:00,11801.868734216638,11801.868734216638,11695.736937737543,11759.416015625,231465,0.0,0.0
2016-11-14 00:00:00+07:00,11716.963461374577,11759.416180561651,11632.058023000423,11674.5107421875,703607,0.0,0.0
2016-11-15 00:00:00+07:00,11865.548256381322,12056.58621751562,11865.548256381322,11908.0009765625,1307032,0.0,0.0
2016-11-16 00:00:00+07:00,12035.359375,12077.812093479506,11971.680297280744,12035.359375,2207445,0.0,0.0
2016-11-17 00:00:00+07:00,12056.586103622796,12056.586103622796,11971.6806640625,11971.6806640625,2126392,0.0,0.0
2016-11-18 00:00:00+07:00,11992.906933027203,12014.133292756347,11886.7744140625,11886.7744140625,773071,0.0,0.0
2016-11-21 00:00:00+07:00,12035.35985742503,12035.35985742503,11886.774616471912,11908.0009765625,934500,0.0,0.0
2016-11-22 00:00:00+07:00,11971.681237438394,11971.681237438394,11908.001434399284,11929.228515625,577901,0.0,0.0
2016-11-23 00:00:00+07:00,11971.680535401549,11992.9068950635,11780.642578125,11780.642578125,2360048,0.0,0.0
2016-11-24 00:00:00+07:00,11780.642615416778,11886.7744140625,11780.642615416778,11886.7744140625,910680,0.0,0.0
2016-11-25 00:00:00+07:00,11844.321860678538,11886.774580732072,11801.869140625,11801.869140625,639129,0.0,0.0
2016-11-28 00:00:00+07:00,11886.774580732072,11886.774580732072,11780.642780598231,11801.869140625,1179849,0.0,0.0
2016-11-29 00:00:00+07:00,10995.266903211885,11037.719623898323,10698.097858406778,10719.32421875,1255013,0.0,0.0
2016-11-30 00:00:00+07:00,10740.5498046875,10783.002522313054,10698.097087061946,10740.5498046875,1584751,0.0,0.0
2016-12-01 00:00:00+07:00,10740.550380261991,10846.682180013366,10316.0224609375,10316.0224609375,1956258,0.0,0.0
2016-12-02 00:00:00+07:00,10316.022972663495,10400.928416676328,9976.400476293144,10061.306640625,3059764,0.0,0.0
2016-12-05 00:00:00+07:00,10061.306640625,10273.57025065708,10061.306640625,10061.306640625,1642765,0.0,0.0
2016-12-06 00:00:00+07:00,10061.30623592382,10124.985316372044,9955.173714857778,10018.853515625,1110072,0.0,0.0
2016-12-07 00:00:00+07:00,10061.304948920915,10061.304948920915,9912.7197265625,9912.7197265625,816821,0.0,0.0
2016-12-08 00:00:00+07:00,9933.94777795795,9933.94777795795,9658.005084258712,9679.2314453125,1014650,0.0,0.0
2016-12-09 00:00:00+07:00,9679.231210102866,9764.136652254774,9466.96760472309,9551.873046875,1875691,0.0,0.0
2016-12-12 00:00:00+07:00,9551.873449011771,9615.552533306613,9509.420726148544,9594.326171875,1150138,0.0,0.0
2016-12-13 00:00:00+07:00,9594.324742256207,9594.324742256207,9424.513876106255,9445.740234375,1252650,0.0,0.0
2016-12-14 00:00:00+07:00,9445.741244185112,9594.325767950955,9445.741244185112,9551.873046875,1163030,0.0,0.0
2016-12-15 00:00:00+07:00,9615.552760645178,9849.042741913288,9551.873674844786,9721.6845703125,971648,0.0,0.0
2016-12-16 00:00:00+07:00,9764.135537802758,9827.814612148532,9721.682821572242,9742.9091796875,2173321,0.0,0.0
2016-12-19 00:00:00+07:00,9849.040810896797,9955.172599755771,9806.588095353203,9827.814453125,826882,0.0,0.0
2016-12-20 00:00:00+07:00,9849.042161480127,9933.947604210258,9679.231276019873,9764.13671875,843421,0.0,0.0
2016-12-21 00:00:00+07:00,9721.6845703125,9785.363656112891,9679.231846445571,9721.6845703125,673289,0.0,0.0
2016-12-22 00:00:00+07:00,9742.9091796875,9806.588254033277,9700.456463456983,9742.9091796875,858433,0.0,0.0
2016-12-23 00:00:00+07:00,9764.1356985738,9764.1356985738,9658.00390625,9658.00390625,1007630,0.0,0.0
2016-12-26 00:00:00+07:00,9764.13688952765,9764.13688952765,9658.005084258712,9679.2314453125,864028,0.0,0.0
2016-12-27 00:00:00+07:00,9700.45740081158,9700.45740081158,9636.7783203125,9636.7783203125,751996,0.0,0.0
2016-12-28 00:00:00+07:00,9636.777709273883,9721.683144555733,9573.0986328125,9573.0986328125,1016318,0.0,0.0
2016-12-29 00:00:00+07:00,9573.099810443386,9594.326171875,9551.873449011771,9594.326171875,824049,0.0,0.0
2016-12-30 00:00:00+07:00,9615.551514470177,9615.551514470177,9466.967000192471,9488.193359375,1385114,0.0,0.0
2017-01-03 00:00:00+07:00,9488.192950912488,9530.645667449977,9424.513876106255,9445.740234375,776824,0.0,0.0
2017-01-04 00:00:00+07:00,9445.741244185112,9551.873046875,9445.741244185112,9551.873046875,446843,0.0,0.0
2017-01-05 00:00:00+07:00,9551.872436922587,9551.872436922587,9445.74064100994,9488.193359375,1051190,0.0,0.0
2017-01-06 00:00:00+07:00,9488.1931127219,9488.1931127219,9339.607881987824,9360.8349609375,1623983,0.0,0.0
2017-01-09 00:00:00+07:00,9382.06216257118,9594.325767950955,9360.835802033202,9551.873046875,1914158,0.0,0.0
2017-01-10 00:00:00+07:00,9594.325073669868,9891.494099697296,9594.325073669868,9785.3623046875,1331792,0.0,0.0
2017-01-11 00:00:00+07:00,9764.137294179429,9764.137294179429,9636.779122578642,9721.6845703125,694815,0.0,0.0
2017-01-12 00:00:00+07:00,9764.136573231426,10337.2490234375,9742.910212865238,10337.2490234375,3710501,0.0,0.0
2017-01-13 00:00:00+07:00,10358.474691769145,10783.002591049812,10337.248332821056,10570.73828125,2119477,0.0,0.0
2017-01-16 00:00:00+07:00,10570.73919374146,10761.77716108404,10358.4755859375,10358.4755859375,1229159,0.0,0.0
2017-01-17 00:00:00+07:00,10188.663449527656,10358.474314934736,10103.758016824117,10124.984375,1580355,0.0,0.0
2017-01-18 00:00:00+07:00,10018.853750184362,10337.249159879706,10018.853750184362,10146.2119140625,562090,0.0,0.0
2017-01-19 00:00:00+07:00,10103.758956222637,10188.664396820272,10018.853515625,10018.853515625,1306598,0.0,0.0
2017-01-20 00:00:00+07:00,10018.853515625,10188.664396820272,10018.853515625,10018.853515625,1118551,0.0,0.0
2017-01-23 00:00:00+07:00,10103.758956222637,10103.758956222637,9976.400075007188,10018.853515625,533370,0.0,0.0
2017-01-24 00:00:00+07:00,10018.853750184362,10167.438274708857,10018.853750184362,10146.2119140625,754377,0.0,0.0
2017-01-25 00:00:00+07:00,10146.210979976482,10316.02184951411,10146.210979976482,10252.3427734375,588430,0.0,0.0
2017-02-03 00:00:00+07:00,10273.569908090854,10443.380790454274,10231.1171875,10231.1171875,2508706,0.0,0.0
2017-02-06 00:00:00+07:00,10337.24905719745,10464.60721981051,10337.24905719745,10443.380859375,1600389,0.0,0.0
2017-02-07 00:00:00+07:00,10400.9279007386,10422.154260688876,10294.796100987223,10316.0224609375,2065476,0.0,0.0
2017-02-08 00:00:00+07:00,10400.927808627075,10698.097565618153,10379.701448864782,10613.19140625,3706904,0.0,0.0
2017-02-09 00:00:00+07:00,10698.097925387678,11037.719693005602,10698.097925387678,10931.587890625,2587900,0.0,0.0
2017-02-10 00:00:00+07:00,10931.588465371764,11037.720273332425,10846.683019003236,10889.1357421875,1420803,0.0,0.0
2017-02-13 00:00:00+07:00,10889.13496804192,10995.266768457312,10867.908607958843,10910.361328125,2240161,0.0,0.0
2017-02-14 00:00:00+07:00,10952.814421216504,10952.814421216504,10783.003534770098,10846.6826171875,2331883,0.0,0.0
2017-02-15 00:00:00+07:00,10825.45642717205,10846.682788312732,10761.77734375,10761.77734375,796910,0.0,0.0
2017-02-16 00:00:00+07:00,10761.77743113587,10889.135599014122,10591.9658203125,10591.9658203125,1441027,0.0,0.0
2017-02-17 00:00:00+07:00,10549.512832961063,10549.512832961063,10167.438338913937,10358.4755859375,3744243,0.0,0.0
2017-02-20 00:00:00+07:00,10358.474812679147,10443.380249462556,10231.116657504035,10379.701171875,1612620,0.0,0.0
2017-02-21 00:00:00+07:00,10400.9279007386,10422.154260688876,10316.0224609375,10316.0224609375,1507607,0.0,0.0
2017-02-22 00:00:00+07:00,10252.343547795428,10316.02262868171,10209.890827204574,10231.1171875,2112666,0.0,0.0
2017-02-23 00:00:00+07:00,10231.117056659235,10485.83337694692,10231.117056659235,10422.154296875,1479547,0.0,0.0
2017-02-24 00:00:00+07:00,10400.928104536062,10400.928104536062,10316.022663071311,10337.2490234375,727671,0.0,0.0
2017-02-27 00:00:00+07:00,10316.022895957363,10507.060143565754,10273.57017426661,10464.607421875,1290736,0.0,0.0
2017-02-28 00:00:00+07:00,10443.381029059085,10485.833750619877,10358.4755859375,10358.4755859375,593990,0.0,0.0
2017-03-01 00:00:00+07:00,10485.833247676244,10889.134803478786,10422.154168389368,10613.19140625,3597357,0.0,0.0
2017-03-02 00:00:00+07:00,10570.739226101883,10591.96558694726,10443.381061029622,10464.607421875,1310473,0.0,0.0
2017-03-03 00:00:00+07:00,10400.92750130966,10655.64453125,10379.701142174546,10655.64453125,2767294,0.0,0.0
2017-03-06 00:00:00+07:00,10655.64453125,10804.229045195803,10570.73837439058,10655.64453125,2729470,0.0,0.0
2017-03-07 00:00:00+07:00,10613.191573197246,10698.097733900986,10528.2861328125,10528.2861328125,1818946,0.0,0.0
2017-03-08 00:00:00+07:00,10528.2861328125,10591.96521310106,10443.380692427752,10528.2861328125,1900746,0.0,0.0
2017-03-09 00:00:00+07:00,10549.5126953125,10549.5126953125,10485.833613802188,10549.5126953125,2291730,0.0,0.0
2017-03-10 00:00:00+07:00,10528.286472180667,10528.286472180667,10358.4755859375,10358.4755859375,1772798,0.0,0.0
2017-03-13 00:00:00+07:00,10316.0224609375,10337.248820887777,10252.343381086675,10316.0224609375,1308196,0.0,0.0
2017-03-14 00:00:00+07:00,10316.022864376708,10422.154668278688,10316.022864376708,10358.4755859375,939800,0.0,0.0
2017-03-15 00:00:00+07:00,10400.928479285894,10400.928479285894,10273.5703125,10273.5703125,1207528,0.0,0.0
2017-03-16 00:00:00+07:00,10273.570142815915,10358.4755859375,10231.117421255123,10358.4755859375,2845289,0.0,0.0
2017-03-17 00:00:00+07:00,10358.474566898518,10400.927284282929,10252.3427734375,10252.3427734375,5423218,0.0,0.0
2017-03-20 00:00:00+07:00,10294.796302705125,10379.701744169875,10252.343581972747,10337.2490234375,1664050,0.0,0.0
2017-03-21 00:00:00+07:00,10337.249225157104,10400.928307498292,10337.249225157104,10358.4755859375,1162718,0.0,0.0
2017-03-22 00:00:00+07:00,10358.474566898518,10358.474566898518,10252.3427734375,10252.3427734375,1502342,0.0,0.0
2017-03-23 00:00:00+07:00,10252.3427734375,10400.927284282929,10252.3427734375,10252.3427734375,1549080,0.0,0.0
2017-03-24 00:00:00+07:00,10273.569908090854,10316.02262868171,10209.890827204574,10231.1171875,1348124,0.0,0.0
2017-03-27 00:00:00+07:00,10231.11681983956,10294.7958984375,10188.664100774264,10294.7958984375,1234788,0.0,0.0
2017-03-28 00:00:00+07:00,10316.023034761964,10316.023034761964,10252.343951369015,10273.5703125,897857,0.0,0.0
2017-03-29 00:00:00+07:00,10294.795490821907,10316.02184951411,10209.890056053093,10252.3427734375,1084410,0.0,0.0
2017-03-30 00:00:00+07:00,10209.890588053662,10252.343307650128,10103.7587890625,10103.7587890625,1526511,0.0,0.0
2017-03-31 00:00:00+07:00,10103.758662643677,10294.7958984375,10061.30594357838,10294.7958984375,1356203,0.0,0.0
2017-04-03 00:00:00+07:00,10188.663859029011,10252.342936116049,10146.211140970989,10167.4375,1495115,0.0,0.0
2017-04-04 00:00:00+07:00,10188.663859029011,10209.890218058024,10146.211140970989,10167.4375,1334693,0.0,0.0
2017-04-05 00:00:00+07:00,10146.211997511504,10167.43835833244,9976.400390625,9976.400390625,2053070,0.0,0.0
2017-04-07 00:00:00+07:00,9976.399709386067,10103.758585933992,9955.173350014576,10082.5322265625,573366,0.0,0.0
2017-04-10 00:00:00+07:00,10082.532596073228,10103.758956222637,10018.853515625,10018.853515625,1074992,0.0,0.0
2017-04-11 00:00:00+07:00,9997.626288498825,10018.852646807522,9955.1728515625,9955.1728515625,830582,0.0,0.0
2017-04-12 00:00:00+07:00,9976.400154093566,9976.400154093566,9849.0419921875,9849.0419921875,1306581,0.0,0.0
2017-04-13 00:00:00+07:00,9806.588828038462,9806.588828038462,9700.45703125,9700.45703125,1631089,0.0,0.0
2017-04-14 00:00:00+07:00,9700.457196691332,9700.457196691332,9594.325398092791,9615.5517578125,1055238,0.0,0.0
2017-04-17 00:00:00+07:00,9615.552362151138,9721.684167420077,9615.552362151138,9679.2314453125,553941,0.0,0.0
2017-04-18 00:00:00+07:00,9679.2316744128,9806.58984375,9509.4207819632,9806.58984375,1914801,0.0,0.0
2017-04-19 00:00:00+07:00,9827.815149914626,10485.8330078125,9806.588790637888,10485.8330078125,4773436,0.0,0.0
2017-04-20 00:00:00+07:00,10613.191251558186,10613.191251558186,10188.6640625,10188.6640625,2298210,0.0,0.0
2017-04-21 00:00:00+07:00,10103.759275869632,10167.43835833244,9955.174029804066,9976.400390625,1098570,0.0,0.0
2017-04-24 00:00:00+07:00,9849.0423337428,9891.495055850375,9679.2314453125,9679.2314453125,2608836,0.0,0.0
2017-04-25 00:00:00+07:00,9615.552193972277,9955.17396489279,9615.552193972277,9764.13671875,953960,0.0,0.0
2017-04-26 00:00:00+07:00,9849.041751164725,10188.664228255431,9785.362671770026,10103.7587890625,1761278,0.0,0.0
2017-04-27 00:00:00+07:00,9997.627155475591,10294.79619756732,9997.627155475591,10018.853515625,2638634,0.0,0.0
2017-04-28 00:00:00+07:00,9955.174029804066,10040.080193406826,9891.494947341258,9976.400390625,1186487,0.0,0.0
2017-05-03 00:00:00+07:00,9976.398898597176,10103.757764794558,9933.946183304352,9997.6259765625,1432374,0.0,0.0
2017-05-04 00:00:00+07:00,10018.854004619005,10018.854004619005,9806.589672445853,9891.4951171875,2148857,0.0,0.0
2017-05-05 00:00:00+07:00,9827.814860820308,9933.946654082038,9806.588502167962,9870.267578125,691601,0.0,0.0
2017-05-08 00:00:00+07:00,9870.268671277105,10124.985723634623,9870.268671277105,10061.306640625,1190674,0.0,0.0
2017-05-09 00:00:00+07:00,10018.852334208912,10103.757764794558,9997.6259765625,9997.6259765625,879092,0.0,0.0
2017-05-10 00:00:00+07:00,9976.399709386067,10167.43766404847,9976.399709386067,10082.5322265625,1639047,0.0,0.0
2017-05-11 00:00:00+07:00,10103.759025727437,10273.569908090854,10103.759025727437,10231.1171875,2466137,0.0,0.0
2017-05-12 00:00:00+07:00,10252.343140858728,10252.343140858728,10124.984984141272,10188.6640625,1232025,0.0,0.0
2017-05-15 00:00:00+07:00,10231.116947851897,10231.116947851897,10040.079709667802,10103.7587890625,1428899,0.0,0.0
2017-05-16 00:00:00+07:00,10146.211508658966,10252.343307650128,10061.306069466034,10103.7587890625,1258175,0.0,0.0
2017-05-17 00:00:00+07:00,10273.568882231197,10316.021598582964,10103.758016824117,10124.984375,926942,0.0,0.0
2017-05-18 00:00:00+07:00,10146.212084637831,10188.664806644249,10061.306640625,10061.306640625,1214860,0.0,0.0
2017-05-19 00:00:00+07:00,9976.40032557532,9976.40032557532,9700.457636702404,9764.13671875,2202320,0.0,0.0
2017-05-22 00:00:00+07:00,9764.13648131066,9764.13648131066,9636.7783203125,9636.7783203125,2231682,0.0,0.0
2017-05-23 00:00:00+07:00,9615.552533306613,9679.231617601454,9594.326171875,9594.326171875,749164,0.0,0.0
2017-05-24 00:00:00+07:00,9594.325767950955,9594.325767950955,9445.741244185112,9551.873046875,2226331,0.0,0.0
2017-05-25 00:00:00+07:00,9551.873622069874,9551.873622069874,9488.194536621311,9509.4208984375,1166540,0.0,0.0
2017-05-26 00:00:00+07:00,9509.420124286826,9594.32556463952,9488.193764198651,9530.646484375,884826,0.0,0.0
2017-05-29 00:00:00+07:00,9551.872273992038,9658.004068094348,9530.645915171575,9573.0986328125,1225162,0.0,0.0
2017-05-30 00:00:00+07:00,9594.32556463952,9594.32556463952,9530.646484375,9530.646484375,1256194,0.0,0.0
2017-05-31 00:00:00+07:00,9530.646751242146,9785.363079432533,9509.420390559617,9764.13671875,3205034,0.0,0.0
2017-06-01 00:00:00+07:00,9764.136109323075,9933.946984184618,9679.230671892308,9700.45703125,1349775,0.0,0.0
2017-06-02 00:00:00+07:00,9679.230426914808,9700.45678573527,9573.0986328125,9573.0986328125,1081960,0.0,0.0
2017-06-05 00:00:00+07:00,9658.004068094348,9658.004068094348,9573.0986328125,9573.0986328125,1151963,0.0,0.0
2017-06-06 00:00:00+07:00,9573.099407412978,9594.325767950955,9551.873046875,9551.873046875,1246829,0.0,0.0
2017-06-07 00:00:00+07:00,9636.77848902691,9658.004849564888,9551.873046875,9551.873046875,1309361,0.0,0.0
2017-06-08 00:00:00+07:00,9573.09923981342,9742.9101211443,9551.87287964706,9636.7783203125,1736850,0.0,0.0
2017-06-09 00:00:00+07:00,9658.00525616984,9658.00525616984,9573.099810443386,9594.326171875,976461,0.0,0.0
2017-06-12 00:00:00+07:00,9551.873449011771,9615.552533306613,9551.873449011771,9594.326171875,1967587,0.0,0.0
2017-06-13 00:00:00+07:00,9636.7789513004,9827.8162053062,9594.326228188,9806.58984375,5231139,0.0,0.0
2017-06-14 00:00:00+07:00,9806.58984375,9891.4952899748,9721.6843975252,9806.58984375,1737614,0.0,0.0
2017-06-15 00:00:00+07:00,9806.588254033277,9806.588254033277,9658.003747226468,9742.9091796875,1691692,0.0,0.0
2017-06-16 00:00:00+07:00,9700.457979033068,9700.457979033068,9594.326171875,9594.326171875,3110568,0.0,0.0
2017-06-19 00:00:00+07:00,9658.00468047886,9679.23104064522,9594.32559997978,9636.7783203125,1633904,0.0,0.0
2017-06-20 00:00:00+07:00,9658.00468047886,9679.23104064522,9615.55196014614,9636.7783203125,1087867,0.0,0.0
2017-06-21 00:00:00+07:00,9658.004849564888,9658.004849564888,9530.646686337022,9551.873046875,1913464,0.0,0.0
2017-06-22 00:00:00+07:00,9573.09923981342,9636.7783203125,9573.09923981342,9636.7783203125,1245283,0.0,0.0
2017-06-23 00:00:00+07:00,9700.456463456983,9806.588254033277,9700.456463456983,9742.9091796875,1920083,0.0,0.0
2017-06-26 00:00:00+07:00,9742.909749965384,9742.909749965384,9679.230671892308,9700.45703125,995833,0.0,0.0
2017-06-27 00:00:00+07:00,9700.456868679665,9912.720458699256,9700.456868679665,9785.3623046875,4865140,0.0,0.0
2017-06-28 00:00:00+07:00,9785.361895918017,9806.588254033277,9721.682821572242,9742.9091796875,1343885,0.0,0.0
2017-06-29 00:00:00+07:00,9721.6843975252,9827.8162053062,9721.6843975252,9806.58984375,1863772,0.0,0.0
2017-06-30 00:00:00+07:00,9806.589504057516,10146.211997511504,9806.589504057516,9976.400390625,6830364,0.0,0.0
2017-07-03 00:00:00+07:00,9976.399709386067,10103.758585933992,9976.399709386067,10082.5322265625,2041151,0.0,0.0
2017-07-04 00:00:00+07:00,10082.532596073228,10103.758956222637,9806.589193811917,10018.853515625,1656283,0.0,0.0
2017-07-05 00:00:00+07:00,10018.853515625,10040.07987577441,9933.947354708367,10018.853515625,1728127,0.0,0.0
2017-07-06 00:00:00+07:00,10040.079709667802,10124.985148860733,10040.079709667802,10103.7587890625,2473869,0.0,0.0
2017-07-07 00:00:00+07:00,10124.98522557553,10209.89066541177,9912.72090566594,9933.947265625,2777267,0.0,0.0
2017-07-10 00:00:00+07:00,9933.947839558325,10018.854004619005,9827.816033631265,9891.4951171875,1392169,0.0,0.0
2017-07-11 00:00:00+07:00,9891.493468011531,9997.6259765625,9870.26711036512,9997.6259765625,2539824,0.0,0.0
2017-07-12 00:00:00+07:00,10018.85282782326,10294.795490821907,9955.173031427705,10252.3427734375,5248410,0.0,0.0
2017-07-13 00:00:00+07:00,10379.701709567991,10379.701709567991,10231.1171875,10231.1171875,1806696,0.0,0.0
2017-07-14 00:00:00+07:00,10231.11678140582,10273.569500311638,10146.21134359418,10188.6640625,1995212,0.0,0.0
2017-07-17 00:00:00+07:00,10188.663611150694,10188.663611150694,9870.267513142766,10040.0791015625,3887220,0.0,0.0
2017-07-18 00:00:00+07:00,9933.947265625,10061.30614569835,9849.04182578876,9933.947265625,3437248,0.0,0.0
2017-07-19 00:00:00+07:00,9933.947433458212,9976.400154093566,9849.0419921875,9849.0419921875,1690511,0.0,0.0
2017-07-20 00:00:00+07:00,9827.8162053062,9827.8162053062,9742.9107590814,9806.58984375,1146716,0.0,0.0
2017-07-21 00:00:00+07:00,9806.590018046358,9870.269103846753,9721.6845703125,9721.6845703125,1154638,0.0,0.0
2017-07-24 00:00:00+07:00,9721.6843975252,9806.58984375,9700.458035969,9806.58984375,823233,0.0,0.0
2017-07-25 00:00:00+07:00,9764.135379809612,9849.040810896797,9721.682664266022,9827.814453125,931946,0.0,0.0
2017-07-26 00:00:00+07:00,9849.040654259852,9933.946083996716,9806.58793939142,9912.7197265625,1464952,0.0,0.0
2017-07-27 00:00:00+07:00,9933.947433458212,9933.947433458212,9849.0419921875,9849.0419921875,1314938,0.0,0.0
2017-07-28 00:00:00+07:00,9806.589271552144,9849.0419921875,9764.13655091679,9849.0419921875,750971,0.0,0.0
2017-07-31 00:00:00+07:00,9849.0425668624,9891.4952899748,9764.1371206376,9806.58984375,1744130,0.0,0.0
2017-08-01 00:00:00+07:00,9849.042225699388,9976.400390625,9849.042225699388,9976.400390625,1882294,0.0,0.0
2017-08-02 00:00:00+07:00,9933.947433458212,9955.17379377589,9827.815631869822,9849.0419921875,1429612,0.0,0.0
2017-08-03 00:00:00+07:00,9849.0419921875,9891.494712822856,9764.13655091679,9849.0419921875,582696,0.0,0.0
2017-08-04 00:00:00+07:00,9870.26716866859,9870.26716866859,9806.588095353203,9827.814453125,490575,0.0,0.0
2017-08-07 00:00:00+07:00,10103.759275869632,10146.211997511504,9955.174029804066,9976.400390625,1537335,0.0,0.0
2017-08-08 00:00:00+07:00,9976.400154093566,9976.400154093566,9827.815631869822,9849.0419921875,1387477,0.0,0.0
2017-08-09 00:00:00+07:00,9827.815800797596,9891.494882845194,9742.91035806747,9764.13671875,1441288,0.0,0.0
2017-08-10 00:00:00+07:00,9764.1371206376,9827.8162053062,9742.9107590814,9806.58984375,623422,0.0,0.0
2017-08-11 00:00:00+07:00,9806.588254033277,9806.588254033277,9721.682821572242,9742.9091796875,973594,0.0,0.0
2017-08-14 00:00:00+07:00,9721.683997384936,9764.13671875,9721.683997384936,9764.13671875,652056,0.0,0.0
2017-08-15 00:00:00+07:00,9806.588095353203,9827.814453125,9764.135379809612,9827.814453125,1468983,0.0,0.0
2017-08-16 00:00:00+07:00,9912.721308162194,10082.532915048696,9912.721308162194,9976.400390625,4314517,0.0,0.0
2017-08-17 00:00:00+07:00,9976.39998554312,10061.30614569835,9933.947265625,9933.947265625,854263,0.0,0.0
2017-08-18 00:00:00+07:00,9933.947265625,9976.39998554312,9912.72090566594,9933.947265625,984332,0.0,0.0
2017-08-21 00:00:00+07:00,9933.947265625,9997.627065821169,9912.72090566594,9933.947265625,1568505,0.0,0.0
2017-08-22 00:00:00+07:00,9933.947839558325,9955.174200743735,9827.816033631265,9891.4951171875,482218,0.0,0.0
2017-08-23 00:00:00+07:00,9891.494712822856,9891.494712822856,9785.362911234466,9849.0419921875,2078941,0.0,0.0
2017-08-24 00:00:00+07:00,9849.041219472654,9912.720295429692,9806.588502167962,9870.267578125,457911,0.0,0.0
2017-08-25 00:00:00+07:00,9870.267578125,9891.493936777346,9849.041219472654,9870.267578125,803547,0.0,0.0
2017-08-28 00:00:00+07:00,9891.493526440385,9891.493526440385,9806.588095353203,9827.814453125,847505,0.0,0.0
2017-08-29 00:00:00+07:00,9827.815800797596,9849.042161480127,9764.13671875,9764.13671875,1428361,0.0,0.0
2017-08-30 00:00:00+07:00,9849.041381693378,9849.041381693378,9785.3623046875,9785.3623046875,764819,0.0,0.0
2017-08-31 00:00:00+07:00,9806.589105870638,9933.947265625,9785.362745911578,9933.947265625,1391439,0.0,0.0
2017-09-01 00:00:00+07:00,9933.946083996716,9955.172441430932,9870.267011694068,9912.7197265625,1145778,0.0,0.0
2017-09-05 00:00:00+07:00,9912.7197265625,9933.946083996716,9806.58793939142,9912.7197265625,673567,0.0,0.0
2017-09-06 00:00:00+07:00,9849.042394816675,9912.721478372912,9849.042394816675,9891.4951171875,611991,0.0,0.0
2017-09-07 00:00:00+07:00,9891.493526440385,9933.946241983977,9827.814453125,9827.814453125,1541748,0.0,0.0
2017-09-08 00:00:00+07:00,9806.58984375,9827.8162053062,9764.1371206376,9806.58984375,1679948,0.0,0.0
2017-09-11 00:00:00+07:00,9849.042161480127,9849.042161480127,9742.91035806747,9764.13671875,566694,0.0,0.0
2017-09-12 00:00:00+07:00,9721.68298164428,9785.36205703856,9636.77754778524,9658.00390625,1385653,0.0,0.0
2017-09-13 00:00:00+07:00,9658.004477251916,9721.68355641104,9594.325398092791,9615.5517578125,1560113,0.0,0.0
2017-09-14 00:00:00+07:00,9615.552193972277,9891.494882845194,9594.325833289742,9764.13671875,3097415,0.0,0.0
2017-09-15 00:00:00+07:00,9764.1356985738,9764.1356985738,9658.00390625,9658.00390625,1304270,0.0,0.0
2017-09-18 00:00:00+07:00,9636.777953176925,9721.683390607694,9636.777953176925,9700.45703125,482531,0.0,0.0
2017-09-19 00:00:00+07:00,9700.45662317952,9700.45662317952,9636.77754778524,9658.00390625,902966,0.0,0.0
2017-09-20 00:00:00+07:00,9742.9107590814,9806.58984375,9679.2316744128,9806.58984375,991247,0.0,0.0
2017-09-21 00:00:00+07:00,9806.590018046358,9806.590018046358,9721.6845703125,9721.6845703125,449762,0.0,0.0
2017-09-22 00:00:00+07:00,9806.590018046358,9806.590018046358,9658.005484512109,9721.6845703125,594685,0.0,0.0
2017-09-25 00:00:00+07:00,9721.68298164428,9764.1356985738,9636.77754778524,9658.00390625,569926,0.0,0.0
2017-09-26 00:00:00+07:00,9679.230836971625,9679.230836971625,9615.5517578125,9615.5517578125,1685003,0.0,0.0
2017-09-27 00:00:00+07:00,9658.00468047886,9658.00468047886,9615.55196014614,9636.7783203125,1265003,0.0,0.0
2017-09-28 00:00:00+07:00,9636.779122578642,9764.137294179429,9636.779122578642,9721.6845703125,790863,0.0,0.0
2017-09-29 00:00:00+07:00,9721.68298164428,9721.68298164428,9615.551189320478,9658.00390625,388359,0.0,0.0
2017-10-02 00:00:00+07:00,9700.45703125,9764.136109323075,9658.004312534616,9700.45703125,576702,0.0,0.0
2017-10-03 00:00:00+07:00,9721.683390607694,9742.909749965384,9679.230671892308,9700.45703125,564852,0.0,0.0
2017-10-04 00:00:00+07:00,9700.457806366288,9700.457806366288,9658.005084258712,9679.2314453125,405925,0.0,0.0
2017-10-05 00:00:00+07:00,9679.23026471476,9679.23026471476,9636.77754778524,9658.00390625,551004,0.0,0.0
2017-10-06 00:00:00+07:00,9658.00468047886,9658.00468047886,9615.55196014614,9636.7783203125,622814,0.0,0.0
2017-10-09 00:00:00+07:00,9658.005084258712,9679.2314453125,9594.32600109735,9679.2314453125,728992,0.0,0.0
2017-10-10 00:00:00+07:00,9679.23104064522,9679.23104064522,9615.55196014614,9636.7783203125,464860,0.0,0.0
2017-10-11 00:00:00+07:00,9636.7783203125,9636.7783203125,9615.55196014614,9636.7783203125,1117231,0.0,0.0
2017-10-12 00:00:00+07:00,9636.778894738229,9636.778894738229,9594.326171875,9594.326171875,500722,0.0,0.0
2017-10-13 00:00:00+07:00,9594.325767950955,9594.325767950955,9551.873046875,9551.873046875,1261893,0.0,0.0
2017-10-16 00:00:00+07:00,9551.873622069874,9551.873622069874,9509.4208984375,9509.4208984375,661491,0.0,0.0
2017-10-17 00:00:00+07:00,9509.42049527002,9509.42049527002,9424.515051604978,9466.9677734375,999569,0.0,0.0
2017-10-18 00:00:00+07:00,9382.062819366936,9466.968267462693,9339.609375,9339.609375,915145,0.0,0.0
2017-10-19 00:00:00+07:00,9339.607881987824,9424.5140368297,9339.607881987824,9360.8349609375,461629,0.0,0.0
2017-10-20 00:00:00+07:00,9382.061319568233,9382.061319568233,9297.155164726357,9360.8349609375,608359,0.0,0.0
2017-10-23 00:00:00+07:00,9339.60819528026,9339.60819528026,9275.92911725198,9318.3818359375,459387,0.0,0.0
2017-10-24 00:00:00+07:00,9297.15682641156,9297.15682641156,9212.25137671344,9254.7041015625,1035743,0.0,0.0
2017-10-25 00:00:00+07:00,9233.47615506598,9254.702513848972,9127.34436115103,9191.0234375,1079909,0.0,0.0
2017-10-26 00:00:00+07:00,9191.02496587657,9191.02496587657,8999.987705062053,9042.4404296875,801879,0.0,0.0
2017-10-27 00:00:00+07:00,9042.4390865828,9106.1181640625,9021.2127274229,9106.1181640625,549614,0.0,0.0
2017-10-30 00:00:00+07:00,9084.892376119518,9127.345097108551,9063.666015625,9063.666015625,759641,0.0,0.0
2017-10-31 00:00:00+07:00,9042.4404296875,9106.119516625671,9021.214067374776,9042.4404296875,1133233,0.0,0.0
2017-11-01 00:00:00+07:00,9042.439792791316,9042.439792791316,8872.62890625,8872.62890625,541987,0.0,0.0
2017-11-02 00:00:00+07:00,8872.62890625,8957.534349520658,8851.402545432335,8872.62890625,405560,0.0,0.0
2017-11-03 00:00:00+07:00,8851.402309066705,8872.628669317546,8745.2705078125,8745.2705078125,1015154,0.0,0.0
2017-11-06 00:00:00+07:00,8872.628959479109,8872.628959479109,8596.685546875,8596.685546875,685329,0.0,0.0
2017-11-07 00:00:00+07:00,8660.364221598673,8660.364221598673,8554.232421875,8554.232421875,1120445,0.0,0.0
2017-11-08 00:00:00+07:00,8575.458817678524,8830.175858399445,8575.458817678524,8660.3642578125,1351338,0.0,0.0
2017-11-09 00:00:00+07:00,8702.817787310818,8808.949588565023,8660.364346490138,8745.2705078125,802539,0.0,0.0
2017-11-10 00:00:00+07:00,8745.270709571952,8766.4970703125,8681.590907031294,8766.4970703125,441753,0.0,0.0
2017-11-13 00:00:00+07:00,8766.496701705883,8872.628500946077,8745.270341857844,8830.17578125,1185183,0.0,0.0
2017-11-14 00:00:00+07:00,8830.175538398067,8851.401897662327,8681.590303229275,8702.8173828125,545410,0.0,0.0
2017-11-15 00:00:00+07:00,8660.364346490138,8766.496868063341,8660.364346490138,8745.2705078125,535802,0.0,0.0
2017-11-16 00:00:00+07:00,8745.270216554243,9021.212890625,8681.590417603555,9021.212890625,1123608,0.0,0.0
2017-11-17 00:00:00+07:00,9021.212851952048,9127.344649216591,8830.175616875864,8915.0810546875,968399,0.0,0.0
2017-11-20 00:00:00+07:00,8957.533977122706,8999.986696993117,8872.628537381883,8936.3076171875,416177,0.0,0.0
2017-11-21 00:00:00+07:00,8893.854860794117,8915.081220642156,8724.043982009805,8830.17578125,659858,0.0,0.0
2017-11-22 00:00:00+07:00,8830.176413739933,8999.9873046875,8787.723691003042,8999.9873046875,792844,0.0,0.0
2017-11-23 00:00:00+07:00,8915.081659508625,9127.345268438205,8915.081659508625,8978.7607421875,970032,0.0,0.0
2017-11-24 00:00:00+07:00,8957.533773593319,8957.533773593319,8830.175616875864,8915.0810546875,1034179,0.0,0.0
2017-11-27 00:00:00+07:00,8893.855298615668,8978.7607421875,8830.176215936794,8978.7607421875,801966,0.0,0.0
2017-11-28 00:00:00+07:00,8999.986287029053,8999.986287029053,8808.949056314257,8893.8544921875,728279,0.0,0.0
2017-11-29 00:00:00+07:00,8915.081859213717,9254.703641108848,8872.629136476826,8999.9873046875,2627619,0.0,0.0
2017-11-30 00:00:00+07:00,9127.345703125,9191.024788836568,9084.892979317288,9127.345703125,843769,0.0,0.0
2017-12-01 00:00:00+07:00,9127.346102459916,9212.251553790082,9063.667013962291,9169.798828125,696570,0.0,0.0
2017-12-04 00:00:00+07:00,9169.798828125,9275.930642287703,9084.893376794837,9169.798828125,1269191,0.0,0.0
2017-12-05 00:00:00+07:00,9212.251553790082,9254.704279455163,9127.346102459916,9169.798828125,862412,0.0,0.0
2017-12-06 00:00:00+07:00,9191.024178592104,9191.024178592104,8978.76057364693,9063.666015625,706926,0.0,0.0
2017-12-07 00:00:00+07:00,9063.665981763585,9084.8923421788,8915.081458857067,8957.5341796875,526437,0.0,0.0
2017-12-08 00:00:00+07:00,8957.534980436603,9063.666792000224,8957.534980436603,9042.4404296875,460986,0.0,0.0
2017-12-11 00:00:00+07:00,9042.439621348369,9042.439621348369,8915.081458857067,8957.5341796875,552811,0.0,0.0
2017-12-12 00:00:00+07:00,8999.986492499138,9021.212851952048,8830.175616875864,8915.0810546875,568154,0.0,0.0
2017-12-13 00:00:00+07:00,8957.534980436603,9084.89315431295,8915.082255811154,9042.4404296875,1764023,0.0,0.0
2017-12-14 00:00:00+07:00,9042.4404296875,9106.119516625671,9021.214067374776,9042.4404296875,512885,0.0,0.0
2017-12-15 00:00:00+07:00,9148.5708823823,9339.608114821398,9084.8918049026,9106.1181640625,6811809,0.0,0.0
2017-12-18 00:00:00+07:00,9297.156650952122,9424.515543414816,9212.251202856363,9339.609375,1429681,0.0,0.0
2017-12-19 00:00:00+07:00,9424.514883647134,9615.552128488933,9360.835802033202,9551.873046875,2185066,0.0,0.0
2017-12-20 00:00:00+07:00,9509.419471352632,9530.645829983368,9339.607881987824,9360.8349609375,2522050,0.0,0.0
2017-12-21 00:00:00+07:00,9127.345472898174,9127.345472898174,8915.081859213717,8999.9873046875,2052236,0.0,0.0
2017-12-22 00:00:00+07:00,9127.344856604352,9233.476656280382,8915.081257252294,8936.3076171875,1265785,0.0,0.0
2017-12-25 00:00:00+07:00,8830.175538398067,8872.628256926588,8639.137584700753,8702.8173828125,1380249,0.0,0.0
2017-12-26 00:00:00+07:00,8702.81790116003,8851.402424859682,8617.911738726934,8681.5908203125,1642261,0.0,0.0
2017-12-27 00:00:00+07:00,8702.817787310818,8851.402309066705,8681.590706740979,8745.2705078125,1691153,0.0,0.0
2017-12-28 00:00:00+07:00,8787.723691003042,9021.213666055946,8787.723691003042,8999.9873046875,1589998,0.0,0.0
2017-12-29 00:00:00+07:00,8999.987531701861,9233.477512644282,8957.534807894148,9127.345703125,2789360,0.0,0.0
2018-01-02 00:00:00+07:00,9127.34436115103,9191.0234375,9042.43892601907,9191.0234375,1061562,0.0,0.0
2018-01-03 00:00:00+07:00,9169.798558188664,9424.515625,9169.798558188664,9424.515625,2399974,0.0,0.0
2018-01-04 00:00:00+07:00,9509.41930918123,9509.41930918123,9318.381364443603,9445.740234375,1547099,0.0,0.0
2018-01-05 00:00:00+07:00,9466.968446126884,9466.968446126884,9254.7041015625,9254.7041015625,1502881,0.0,0.0
2018-01-08 00:00:00+07:00,9297.155641658856,9297.155641658856,9169.797483341144,9233.4765625,1256542,0.0,0.0
2018-01-09 00:00:00+07:00,9148.57172224033,9424.515136970173,9148.57172224033,9297.15625,1619761,0.0,0.0
2018-01-10 00:00:00+07:00,9297.156165788394,9509.42049527002,9297.156165788394,9466.9677734375,1971878,0.0,0.0
2018-01-11 00:00:00+07:00,9466.96794520556,9466.96794520556,9318.382695776794,9382.0625,1537613,0.0,0.0
2018-01-12 00:00:00+07:00,9339.608361098097,9382.061800856314,9233.4765625,9233.4765625,1660383,0.0,0.0
2018-01-15 00:00:00+07:00,9254.70400701942,9424.515625,9254.70400701942,9424.515625,2112249,0.0,0.0
2018-01-16 00:00:00+07:00,9530.6471435194,9870.2689284186,9509.4207819632,9806.58984375,5055359,0.0,0.0
2018-01-17 00:00:00+07:00,9849.041921976102,9849.041921976102,9636.7783203125,9636.7783203125,1914228,0.0,0.0
2018-01-18 00:00:00+07:00,9636.7789513004,9806.58984375,9488.194420407,9806.58984375,2366928,0.0,0.0
2018-01-19 00:00:00+07:00,9764.137294179429,9912.72182771368,9615.552760645178,9721.6845703125,2763437,0.0,0.0
2018-01-22 00:00:00+07:00,9721.6843975252,10400.92868764264,9615.5525897442,9806.58984375,2358189,0.0,0.0
2018-01-25 00:00:00+07:00,9806.588944954805,10400.927734375,9806.588944954805,10400.927734375,7857335,0.0,0.0
2018-01-26 00:00:00+07:00,10485.833015543052,10995.266358879328,10273.569422619175,10867.908203125,5695845,0.0,0.0
2018-01-29 00:00:00+07:00,10867.907880698802,11292.435774270743,10867.907880698802,11037.71875,4625803,0.0,0.0
2018-01-30 00:00:00+07:00,10719.323764458204,11101.398234443635,10613.191246921058,11080.171875,5351634,0.0,0.0
2018-01-31 00:00:00+07:00,10910.361686546812,10995.267129668397,10316.022864376708,10358.4755859375,5187390,0.0,0.0
2018-02-01 00:00:00+07:00,10103.758422912964,10316.022013203084,9764.135958129817,10167.4375,3176557,0.0,0.0
2018-02-02 00:00:00+07:00,10167.43746123637,10570.73828125,9891.4940745923,10570.73828125,1718172,0.0,0.0
2018-02-05 00:00:00+07:00,10528.286064797674,10528.286064797674,9849.04182578876,9933.947265625,2267649,0.0,0.0
2018-02-06 00:00:00+07:00,9339.608466452326,10061.30614569835,9254.703026616084,9933.947265625,3640359,0.0,0.0
2018-02-07 00:00:00+07:00,9976.400390625,10209.89107997431,9912.721308162194,9976.400390625,1859081,0.0,0.0
2018-02-08 00:00:00+07:00,9955.173897096573,9955.173897096573,9530.646686337022,9551.873046875,775104,0.0,0.0
2018-02-09 00:00:00+07:00,8915.081915527147,9424.515311906793,8915.081915527147,9212.2509765625,2024211,0.0,0.0
2018-02-12 00:00:00+07:00,9382.06163428475,9382.06163428475,9021.21280513885,9318.3818359375,1807409,0.0,0.0
2018-02-13 00:00:00+07:00,9403.288950404269,9403.288950404269,9191.024615059974,9212.2509765625,1223061,0.0,0.0
2018-02-21 00:00:00+07:00,9339.608784780345,9764.13671875,9254.703342050216,9764.13671875,2652951,0.0,0.0
2018-02-22 00:00:00+07:00,9764.136311971792,10167.437868457198,9764.136311971792,10103.7587890625,3492013,0.0,0.0
2018-02-23 00:00:00+07:00,10188.663449527656,10273.568882231197,9933.946431098107,10124.984375,1395261,0.0,0.0
2018-02-26 00:00:00+07:00,10146.211676521456,10294.79619756732,10018.853515625,10018.853515625,2297515,0.0,0.0
2018-02-27 00:00:00+07:00,10018.853750184362,10188.664635355211,9955.17394792628,10146.2119140625,1188989,0.0,0.0
2018-02-28 00:00:00+07:00,10103.759275869632,10188.664719153374,9955.174029804066,9976.400390625,1913134,0.0,0.0
2018-03-01 00:00:00+07:00,9870.267656298964,9997.626529540685,9573.0986328125,9573.0986328125,1886342,0.0,0.0
2018-03-02 00:00:00+07:00,9424.515280422089,9636.778894738229,9254.70366865014,9594.326171875,2898526,0.0,0.0
2018-03-05 00:00:00+07:00,9594.326522661511,9679.23197149227,9424.515625,9424.515625,884218,0.0,0.0
2018-03-06 00:00:00+07:00,9424.51511266705,9976.400500065523,9297.1562260253,9679.2314453125,1717077,0.0,0.0
2018-03-07 00:00:00+07:00,9764.13688952765,9955.17413901174,9636.778723204923,9679.2314453125,1681841,0.0,0.0
2018-03-08 00:00:00+07:00,9679.230350253889,9955.173012734384,9679.230350253889,9870.267578125,1646779,0.0,0.0
2018-03-09 00:00:00+07:00,9955.17413901174,9955.17413901174,9615.552362151138,9679.2314453125,1272422,0.0,0.0
2018-03-12 00:00:00+07:00,9679.231210102866,9764.136652254774,9530.646686337022,9551.873046875,846149,0.0,0.0
2018-03-13 00:00:00+07:00,9551.872273992038,9573.0986328125,9466.966838710192,9573.0986328125,904946,0.0,0.0
2018-03-14 00:00:00+07:00,9573.09840200597,9997.626288498825,9551.872043697273,9955.1728515625,2388889,0.0,0.0
2018-03-15 00:00:00+07:00,9955.172599755771,9955.172599755771,9764.135379809612,9827.814453125,1128890,0.0,0.0
2018-03-16 00:00:00+07:00,9827.815631869822,10061.30631568328,9700.457469963756,9849.0419921875,1768297,0.0,0.0
2018-03-19 00:00:00+07:00,9933.94777795795,9933.94777795795,9679.2314453125,9679.2314453125,1707486,0.0,0.0
2018-03-20 00:00:00+07:00,9679.231210102866,9721.68393117882,9530.646686337022,9551.873046875,1274212,0.0,0.0
2018-03-21 00:00:00+07:00,9594.32600109735,9721.684167420077,9488.194195828411,9679.2314453125,1145257,0.0,0.0
2018-03-22 00:00:00+07:00,9721.683390607694,9806.588828038462,9679.230671892308,9700.45703125,964072,0.0,0.0
2018-03-23 00:00:00+07:00,9551.872515746152,9700.45703125,9488.193437673075,9700.45703125,1215729,0.0,0.0
2018-03-26 00:00:00+07:00,9679.231792966995,9679.231792966995,9509.4208984375,9509.4208984375,624569,0.0,0.0
2018-03-27 00:00:00+07:00,9509.42066780834,9679.231558219462,9360.836138698607,9382.0625,1551739,0.0,0.0
2018-03-28 00:00:00+07:00,9382.062819366936,9466.968267462693,9339.609375,9339.609375,429833,0.0,0.0
2018-03-29 00:00:00+07:00,9466.967071655794,9466.967071655794,9148.570961195415,9318.3818359375,1820926,0.0,0.0
2018-03-30 00:00:00+07:00,9318.38301297606,9339.609375,9212.251202856363,9339.609375,423300,0.0,0.0
2018-04-02 00:00:00+07:00,9382.061800856314,9466.96723973479,9233.4765625,9233.4765625,1396426,0.0,0.0
2018-04-03 00:00:00+07:00,9212.25053908662,9233.47689958114,9042.439655130484,9063.666015625,2297168,0.0,0.0
2018-04-04 00:00:00+07:00,9127.345878938397,9148.572241251122,9021.214067374776,9042.4404296875,821530,0.0,0.0
2018-04-05 00:00:00+07:00,9021.214067374776,9084.89315431295,9021.214067374776,9042.4404296875,721955,0.0,0.0
2018-04-06 00:00:00+07:00,9084.891969256712,9084.891969256712,8999.986531081095,9021.212890625,878380,0.0,0.0
2018-04-09 00:00:00+07:00,9021.214067374776,9063.666792000224,9021.214067374776,9042.4404296875,1028168,0.0,0.0
2018-04-10 00:00:00+07:00,9042.4400845423,9339.609145577651,9042.4400845423,9212.2509765625,2295535,0.0,0.0
2018-04-11 00:00:00+07:00,9212.251328189295,9212.251328189295,9021.214067374776,9042.4404296875,989666,0.0,0.0
2018-04-12 00:00:00+07:00,9042.439856192015,9148.571661024476,9042.439856192015,9084.892578125,573766,0.0,0.0
2018-04-13 00:00:00+07:00,9084.892514426643,9084.892514426643,8830.176184614671,8872.62890625,1748578,0.0,0.0
2018-04-16 00:00:00+07:00,8872.628091726181,8936.307168333316,8787.72265625,8787.72265625,896085,0.0,0.0
2018-04-17 00:00:00+07:00,8787.722819869545,8830.175538398067,8681.590303229275,8702.8173828125,2423743,0.0,0.0
2018-04-18 00:00:00+07:00,8702.817661807132,8830.175821475541,8554.232421875,8554.232421875,773540,0.0,0.0
2018-04-19 00:00:00+07:00,8617.911670968911,8660.364391692172,8469.3271484375,8469.3271484375,1548594,0.0,0.0
2018-04-20 00:00:00+07:00,8448.100421611534,8617.911297138467,8448.100421611534,8533.005859375,582801,0.0,0.0
2018-04-23 00:00:00+07:00,8533.00578239234,8575.458500891074,8066.025878906251,8066.02587890625,1043979,0.0,0.0
2018-04-24 00:00:00+07:00,7981.120320197379,8341.969174820322,7981.120320197379,8129.70556640625,648790,0.0,0.0
2018-04-26 00:00:00+07:00,8150.931724533261,8257.06352610079,8044.799202646731,8108.47900390625,1301317,0.0,0.0
2018-04-27 00:00:00+07:00,8108.47900390625,8129.705364219755,8002.34648201972,8108.47900390625,1360356,0.0,0.0
2018-05-02 00:00:00+07:00,8150.931389066466,8150.931389066466,7896.21435546875,7896.21435546875,1573318,0.0,0.0
2018-05-03 00:00:00+07:00,7853.761764594747,7874.988124380603,7641.49816673618,7705.17724609375,1774222,0.0,0.0
2018-05-04 00:00:00+07:00,7705.177364972463,7811.309165539192,7705.177364972463,7768.8564453125,1717946,0.0,0.0
2018-05-07 00:00:00+07:00,7811.308999426095,7853.76171875,7768.856280102192,7853.76171875,492973,0.0,0.0
2018-05-08 00:00:00+07:00,7853.76171875,7853.76171875,7811.308999426095,7853.76171875,905259,0.0,0.0
2018-05-09 00:00:00+07:00,7853.762038365642,8002.346562046082,7790.08295678831,7938.66748046875,761014,0.0,0.0
2018-05-10 00:00:00+07:00,7981.120121706213,8235.837165787285,7896.21468045219,8108.47900390625,1787149,0.0,0.0
2018-05-11 00:00:00+07:00,8023.572759736036,8193.38436081499,7938.667319356056,8150.931640625,709897,0.0,0.0
2018-05-14 00:00:00+07:00,8108.478756074112,8235.8369140625,8044.798956760939,8235.8369140625,899178,0.0,0.0
2018-05-15 00:00:00+07:00,8257.063347253792,8554.232385206227,8150.931547985064,8448.1005859375,2039414,0.0,0.0
2018-05-16 00:00:00+07:00,8448.100092427772,8448.100092427772,8193.3837890625,8193.3837890625,873915,0.0,0.0
2018-05-17 00:00:00+07:00,8193.3837890625,8320.741940745136,8172.157430448728,8193.3837890625,1102410,0.0,0.0
2018-05-18 00:00:00+07:00,8172.157675153088,8278.289471399927,8023.57244008855,8066.02587890625,1235900,0.0,0.0
2018-05-21 00:00:00+07:00,8193.38435486182,8235.837075020965,8023.57275390625,8023.57275390625,743465,0.0,0.0
2018-05-22 00:00:00+07:00,7811.308917709169,8108.478670186675,7641.498042190005,7896.21435546875,1663268,0.0,0.0
2018-05-23 00:00:00+07:00,7938.667034871646,7959.893394205988,7683.950722859538,7790.08251953125,1147689,0.0,0.0
2018-05-24 00:00:00+07:00,7896.214278102267,7896.214278102267,7280.649140057587,7429.234375,2988961,0.0,0.0
2018-05-25 00:00:00+07:00,7344.328289317516,7492.913525707763,7153.291054368731,7259.4228515625,1167096,0.0,0.0
2018-05-28 00:00:00+07:00,7429.234452345908,7429.234452345908,6834.895667345476,7004.70654296875,1065211,0.0,0.0
2018-05-29 00:00:00+07:00,6962.253824062932,7174.517418592024,6941.027464610022,7004.70654296875,2151828,0.0,0.0
2018-05-30 00:00:00+07:00,7004.70654296875,7068.385621327479,6941.027464610022,7004.70654296875,3047306,0.0,0.0
2018-05-31 00:00:00+07:00,7004.706946616584,7068.3860286448335,6983.4805859405005,7047.15966796875,3050104,0.0,0.0
2018-06-01 00:00:00+07:00,7174.517578125,7301.875737674399,7068.385778500501,7174.517578125,1632636,0.0,0.0
2018-06-04 00:00:00+07:00,7216.97045503877,7514.140220773705,7216.97045503877,7471.6875,2719705,0.0,0.0
2018-06-05 00:00:00+07:00,7492.913926702564,7705.177532449716,7471.687566127849,7683.951171875,2312649,0.0,0.0
2018-06-06 00:00:00+07:00,7683.950068675367,7683.950068675367,7556.591923512133,7620.27099609375,1870201,0.0,0.0
2018-06-07 00:00:00+07:00,7726.403410597403,8108.4785974049855,7726.403410597403,8066.02587890625,2251073,0.0,0.0
2018-06-08 00:00:00+07:00,8066.026081623417,8193.384240320416,7938.667202607434,8087.25244140625,1998009,0.0,0.0
2018-06-11 00:00:00+07:00,8066.026081623417,8129.7051609719165,7853.761763476101,8087.25244140625,1242433,0.0,0.0
2018-06-12 00:00:00+07:00,8002.34652801533,8002.34652801533,7620.27204017615,7832.53564453125,2181817,0.0,0.0
2018-06-13 00:00:00+07:00,7768.85656322472,7896.21472583778,7726.4038423536995,7832.53564453125,643942,0.0,0.0
2018-06-14 00:00:00+07:00,7471.6875,7556.592941547408,7429.234779226295,7471.6875,631606,0.0,0.0
2018-06-15 00:00:00+07:00,7450.460929835405,7471.687289624601,7323.10205078125,7323.10205078125,1275376,0.0,0.0
2018-06-18 00:00:00+07:00,7323.102097599299,7408.007537298899,7174.517578125,7174.517578125,737123,0.0,0.0
2018-06-19 00:00:00+07:00,7025.932698140242,7153.290851154715,6941.027262797259,6983.47998046875,1084496,0.0,0.0
2018-06-20 00:00:00+07:00,7047.158737969335,7153.290527343751,7004.706022219568,7153.29052734375,729339,0.0,0.0
2018-06-21 00:00:00+07:00,7216.970467223639,7216.970467223639,7047.15958384212,7089.6123046875,874471,0.0,0.0
2018-06-22 00:00:00+07:00,7089.612138425401,7238.1966578997,7047.159418575601,7174.517578125,2561595,0.0,0.0
2018-06-25 00:00:00+07:00,7641.498091252,7641.498091252,7301.875617714167,7492.91357421875,1305312,0.0,0.0
2018-06-26 00:00:00+07:00,7429.234281174348,7492.913358065893,7280.649048108456,7344.328125,759433,0.0,0.0
2018-06-27 00:00:00+07:00,7344.328125,7450.460640138196,7323.101766036152,7344.328125,1095026,0.0,0.0
2018-06-28 00:00:00+07:00,7344.328289317516,7429.234447391502,7259.4228515625,7259.4228515625,2142290,0.0,0.0
2018-06-29 00:00:00+07:00,7216.970534085135,7344.328697801183,7195.744173465794,7301.8759765625,653499,0.0,0.0
2018-07-02 00:00:00+07:00,7259.423599440678,7259.423599440678,7089.61270643644,7132.0654296875,1257584,0.0,0.0
2018-07-03 00:00:00+07:00,7132.065110673083,7195.744192701332,7047.15966796875,7047.15966796875,2050638,0.0,0.0
2018-07-04 00:00:00+07:00,7047.15966796875,7068.3860286448335,6962.254225264418,7047.15966796875,1001601,0.0,0.0
2018-07-05 00:00:00+07:00,7132.064905800469,7132.064905800469,7004.706745402405,7025.93310546875,878154,0.0,0.0
2018-07-06 00:00:00+07:00,7025.933307292667,7068.3860286448335,6941.027864588335,7047.15966796875,925344,0.0,0.0
2018-07-09 00:00:00+07:00,7089.61270643644,7153.2917913130295,7047.159983185381,7132.0654296875,428652,0.0,0.0
2018-07-10 00:00:00+07:00,7132.064259642912,7386.780557362008,7132.064259642912,7365.55419921875,951354,0.0,0.0
2018-07-11 00:00:00+07:00,7344.328419793574,7344.328419793574,7068.3857421875,7068.3857421875,2105003,0.0,0.0
2018-07-12 00:00:00+07:00,7047.15958384212,7280.649548491709,7047.15958384212,7089.6123046875,1509292,0.0,0.0
2018-07-13 00:00:00+07:00,7089.611298901738,7238.19580078125,7089.611298901738,7238.19580078125,731494,0.0,0.0
2018-07-16 00:00:00+07:00,7259.42256717404,7323.10164299567,7238.196208566831,7280.64892578125,824762,0.0,0.0
2018-07-17 00:00:00+07:00,7301.875690992054,7323.10205078125,7216.970251835272,7323.10205078125,623978,0.0,0.0
2018-07-18 00:00:00+07:00,7365.554416727956,7556.59236597767,7301.8753404177,7514.1396484375,1498034,0.0,0.0
2018-07-19 00:00:00+07:00,7556.592941547408,7599.045662321113,7450.461139613148,7471.6875,1245404,0.0,0.0
2018-07-20 00:00:00+07:00,7429.234690586184,7471.687410853374,7365.554889866405,7386.78125,1417345,0.0,0.0
2018-07-23 00:00:00+07:00,7492.913693693598,7577.8191333521345,7365.554813886808,7556.5927734375,932693,0.0,0.0
2018-07-24 00:00:00+07:00,7556.5927734375,7599.045493266768,7471.687333778965,7556.5927734375,702182,0.0,0.0
2018-07-25 00:00:00+07:00,7514.14028727728,7938.667498771582,7514.14028727728,7683.951171875,5180544,0.0,0.0
2018-07-26 00:00:00+07:00,7768.855498784191,7790.081856311396,7429.233778348898,7620.27099609375,2229563,0.0,0.0
2018-07-27 00:00:00+07:00,7620.271853181402,7662.72457301067,7514.140053608233,7556.5927734375,362941,0.0,0.0
2018-07-30 00:00:00+07:00,7705.177532449716,7705.177532449716,7556.593008426709,7683.951171875,819601,0.0,0.0
2018-07-31 00:00:00+07:00,7683.95112148268,7917.441086273289,7683.95112148268,7832.53564453125,1963034,0.0,0.0
2018-08-01 00:00:00+07:00,7832.535115319162,7853.761474320495,7726.4033203125,7726.4033203125,1124320,0.0,0.0
2018-08-02 00:00:00+07:00,7683.950886307894,7747.629965665463,7599.045447164467,7705.17724609375,583200,0.0,0.0
2018-08-03 00:00:00+07:00,7726.403197082113,7726.403197082113,7620.271403768174,7662.72412109375,693703,0.0,0.0
2018-08-06 00:00:00+07:00,7662.7247610471695,7896.21472583778,7662.7247610471695,7832.53564453125,1647839,0.0,0.0
2018-08-07 00:00:00+07:00,7811.309165539192,7811.309165539192,7705.177364972463,7768.8564453125,167404,0.0,0.0
2018-08-08 00:00:00+07:00,7705.177364972463,7811.309165539192,7705.177364972463,7768.8564453125,692296,0.0,0.0
2018-08-09 00:00:00+07:00,7768.856614173861,7768.856614173861,7683.951171875001,7683.951171875,827507,0.0,0.0
2018-08-10 00:00:00+07:00,7683.950932925303,7726.403652754571,7471.687333778965,7556.5927734375,882289,0.0,0.0
2018-08-13 00:00:00+07:00,7556.592941547408,7641.498383094818,7450.461139613148,7471.6875,952796,0.0,0.0
2018-08-14 00:00:00+07:00,7471.687288449327,7705.17724609375,7429.234568877614,7705.17724609375,1038801,0.0,0.0
2018-08-15 00:00:00+07:00,7726.403361456813,7726.403361456813,7556.5924885418835,7577.81884765625,381410,0.0,0.0
2018-08-16 00:00:00+07:00,7577.819369001425,7683.951171875001,7514.14028727728,7683.951171875,691896,0.0,0.0
2018-08-17 00:00:00+07:00,7683.951342623078,7705.177703669472,7556.593176344711,7599.0458984375,575607,0.0,0.0
2018-08-20 00:00:00+07:00,7599.0458984375,7641.498620530288,7556.593176344711,7599.0458984375,488386,0.0,0.0
2018-08-21 00:00:00+07:00,7556.5927734375,7641.498213096035,7535.366413522866,7556.5927734375,501139,0.0,0.0
2018-08-22 00:00:00+07:00,7556.5927734375,7662.72457301067,7556.5927734375,7556.5927734375,918360,0.0,0.0
2018-08-23 00:00:00+07:00,7556.5927734375,7599.045493266768,7535.366413522866,7556.5927734375,783618,0.0,0.0
2018-08-24 00:00:00+07:00,7535.36572265625,7556.592080624783,7514.139364687718,7535.36572265625,272401,0.0,0.0
2018-08-27 00:00:00+07:00,7556.592530391527,7556.592530391527,7429.234375,7429.234375,1635485,0.0,0.0
2018-08-28 00:00:00+07:00,7429.234375,7492.913452695763,7408.007295449114,7429.234375,1885282,0.0,0.0
2018-08-29 00:00:00+07:00,7365.554360210089,7386.780718817298,7280.64892578125,7280.64892578125,1445041,0.0,0.0
2018-08-30 00:00:00+07:00,7386.781008195023,7386.781008195023,7216.970132684993,7259.4228515625,1037446,0.0,0.0
2018-08-31 00:00:00+07:00,7259.422503120544,7450.46044921875,7259.422503120544,7450.46044921875,649746,0.0,0.0
2018-09-04 00:00:00+07:00,7514.1396484375,7577.818724747755,7471.68693089733,7514.1396484375,615969,0.0,0.0
2018-09-05 00:00:00+07:00,7471.687410853374,7492.913770986969,7344.328529732809,7386.78125,362802,0.0,0.0
2018-09-06 00:00:00+07:00,7386.781008195023,7386.781008195023,7259.4228515625,7259.4228515625,369404,0.0,0.0
2018-09-07 00:00:00+07:00,7259.422780825666,7429.234375,7259.422780825666,7429.234375,472801,0.0,0.0
2018-09-10 00:00:00+07:00,7365.554576985272,7429.234375,7323.10185852143,7429.234375,110207,0.0,0.0
2018-09-11 00:00:00+07:00,7301.87580946562,7429.234690586184,7301.87580946562,7386.78125,262584,0.0,0.0
2018-09-12 00:00:00+07:00,7386.780964904395,7471.687122480784,7344.328246275683,7408.00732421875,715943,0.0,0.0
2018-09-13 00:00:00+07:00,7386.780557362008,7450.460352110709,7365.55419921875,7365.55419921875,99782,0.0,0.0
2018-09-14 00:00:00+07:00,7450.460352110709,7450.460352110709,7365.55419921875,7365.55419921875,252645,0.0,0.0
2018-09-17 00:00:00+07:00,7365.554576985272,7450.460734231921,7301.875499289508,7429.234375,409696,0.0,0.0
2018-09-18 00:00:00+07:00,7429.234690586184,7450.461050719779,7386.78125,7386.78125,448755,0.0,0.0
2018-09-19 00:00:00+07:00,7429.234090798832,7514.139524478507,7408.007012059977,7450.46044921875,631502,0.0,0.0
2018-09-20 00:00:00+07:00,7492.913926702564,7683.951171875001,7471.687566127849,7683.951171875,1283247,0.0,0.0
2018-09-21 00:00:00+07:00,7705.176426202574,7705.176426202574,7599.044638566545,7620.27099609375,1200526,0.0,0.0
2018-09-24 00:00:00+07:00,7683.951004859116,7790.082805425845,7620.271924519079,7768.8564453125,2483148,0.0,0.0
2018-09-25 00:00:00+07:00,7790.082639764144,7896.214438073904,7726.403560778288,7853.76171875,1185357,0.0,0.0
2018-09-26 00:00:00+07:00,7853.761178162921,8384.420853504538,7811.308461761107,8278.2890625,3619804,0.0,0.0
2018-09-27 00:00:00+07:00,8193.384795457448,8554.232936214627,8150.932073015427,8299.5166015625,1439550,0.0,0.0
2018-09-28 00:00:00+07:00,8150.931475403575,8320.742352721427,8150.931475403575,8235.8369140625,1478799,0.0,0.0
2018-10-01 00:00:00+07:00,8278.289307955816,8554.231972749465,8257.062949125535,8405.6474609375,2899934,0.0,0.0
2018-10-02 00:00:00+07:00,8341.968137102722,8469.326286308167,8235.836346098185,8278.2890625,1137786,0.0,0.0
2018-10-03 00:00:00+07:00,8278.28980119497,8278.28980119497,8108.478920435009,8150.931640625,1184905,0.0,0.0
2018-10-04 00:00:00+07:00,8278.289223517591,8278.289223517591,8108.4783546074095,8193.3837890625,984262,0.0,0.0
2018-10-05 00:00:00+07:00,8087.253248810559,8172.158696418567,8044.799804687499,8044.7998046875,1430168,0.0,0.0
2018-10-08 00:00:00+07:00,7981.119793228332,7981.119793228332,7768.856198829378,7896.21435546875,2876669,0.0,0.0
2018-10-09 00:00:00+07:00,7811.308999426095,7981.119876721712,7811.308999426095,7853.76171875,328000,0.0,0.0
2018-10-10 00:00:00+07:00,7853.761801804095,7896.21452157694,7768.856362258406,7811.30908203125,743396,0.0,0.0
2018-10-11 00:00:00+07:00,7641.498091252,7641.498091252,7429.234495490215,7492.91357421875,2373425,0.0,0.0
2018-10-12 00:00:00+07:00,7450.460811798816,7768.856203592456,7429.234452345908,7641.498046875,1346334,0.0,0.0
2018-10-15 00:00:00+07:00,7662.724326551133,7662.724326551133,7365.554576985272,7429.234375,766278,0.0,0.0
2018-10-16 00:00:00+07:00,7599.045327969182,7768.856203592456,7471.687171251726,7641.498046875,454349,0.0,0.0
2018-10-17 00:00:00+07:00,7790.082974748576,7790.082974748576,7641.49845072557,7683.951171875,565113,0.0,0.0
2018-10-18 00:00:00+07:00,7683.950765780819,7726.403484686637,7641.498046875,7641.498046875,463835,0.0,0.0
2018-10-19 00:00:00+07:00,7641.498046875,7853.761641404093,7556.592609063363,7641.498046875,1218318,0.0,0.0
2018-10-22 00:00:00+07:00,7641.498046875,7726.403484686637,7620.271687422091,7641.498046875,525760,0.0,0.0
2018-10-23 00:00:00+07:00,7683.951342623078,7683.951342623078,7514.140454251922,7599.0458984375,669796,0.0,0.0
2018-10-24 00:00:00+07:00,7599.045372099643,7641.498091252,7408.00741559506,7492.91357421875,837098,0.0,0.0
2018-10-25 00:00:00+07:00,7301.875499289508,7514.139811927685,7259.422780825666,7429.234375,2318973,0.0,0.0
2018-10-26 00:00:00+07:00,7556.592609063363,7683.950765780819,7471.687171251726,7641.498046875,675096,0.0,0.0
2018-10-29 00:00:00+07:00,7641.498046875,7683.950765780819,7577.818968516272,7641.498046875,1875882,0.0,0.0
2018-10-30 00:00:00+07:00,7577.818807303172,7811.308756317831,7535.366089300508,7726.4033203125,2711956,0.0,0.0
2018-10-31 00:00:00+07:00,7768.856038877559,8002.345987909119,7768.856038877559,7981.11962890625,945151,0.0,0.0
2018-11-01 00:00:00+07:00,7981.119876721712,7981.119876721712,7853.76171875,7853.76171875,390097,0.0,0.0
2018-11-02 00:00:00+07:00,7853.7614748890355,8044.798705914857,7832.535115886167,7981.11962890625,553923,0.0,0.0
2018-11-05 00:00:00+07:00,7896.214192894774,7981.11962890625,7768.856038877559,7981.11962890625,1243632,0.0,0.0
2018-11-06 00:00:00+07:00,7896.214759417197,8044.799283097636,7896.214759417197,7938.66748046875,413640,0.0,0.0
2018-11-07 00:00:00+07:00,7853.7614748890355,7981.11962890625,7853.7614748890355,7981.11962890625,422136,0.0,0.0
2018-11-08 00:00:00+07:00,8023.573126161873,8044.799487226247,7896.214959775626,7959.89404296875,355469,0.0,0.0
2018-11-09 00:00:00+07:00,7853.762004966759,7959.89380714431,7832.53564453125,7832.53564453125,538772,0.0,0.0
2018-11-12 00:00:00+07:00,7811.30928409574,7853.762004966759,7768.85656322472,7832.53564453125,459041,0.0,0.0
2018-11-13 00:00:00+07:00,7811.309317314088,7938.667480468751,7747.630235736756,7938.66748046875,632805,0.0,0.0
2018-11-14 00:00:00+07:00,8044.798705914857,8193.383939253898,7981.11962890625,7981.11962890625,1195661,0.0,0.0
2018-11-15 00:00:00+07:00,8066.026283279238,8150.931724533261,8002.34648201972,8108.47900390625,962196,0.0,0.0
2018-11-16 00:00:00+07:00,8066.026194384387,8108.478914543532,8023.57275390625,8023.57275390625,273165,0.0,0.0
2018-11-19 00:00:00+07:00,8023.57244008855,8129.704956654354,7938.66700309108,8066.02587890625,245574,0.0,0.0
2018-11-20 00:00:00+07:00,8066.025876581017,8426.873983716243,7981.119719289058,8320.7421875,1953791,0.0,0.0
2018-11-21 00:00:00+07:00,8320.743190984227,8490.554085409463,8278.29046737792,8426.875,2221431,0.0,0.0
2018-11-22 00:00:00+07:00,8490.553305644991,8490.553305644991,8320.742426815028,8448.1005859375,484094,0.0,0.0
2018-11-23 00:00:00+07:00,8363.195346629349,8617.911670968911,8299.516265544458,8469.3271484375,1538655,0.0,0.0
2018-11-26 00:00:00+07:00,8405.6474609375,8533.005613919184,8405.6474609375,8405.6474609375,574704,0.0,0.0
2018-11-27 00:00:00+07:00,8405.647476288237,8787.72265625,8363.194758550148,8787.72265625,1638421,0.0,0.0
2018-11-28 00:00:00+07:00,8787.72265625,8830.175373988091,8639.137423847733,8787.72265625,723571,0.0,0.0
2018-11-29 00:00:00+07:00,8787.723494150878,9127.345268438205,8702.818050579046,8978.7607421875,1791754,0.0,0.0
2018-11-30 00:00:00+07:00,8978.76156263213,9212.251553790082,8830.17702280434,9169.798828125,1458644,0.0,0.0
2018-12-03 00:00:00+07:00,9169.79825355745,9339.609145577651,9063.666446044825,9212.2509765625,1048097,0.0,0.0
2018-12-04 00:00:00+07:00,9318.382784075126,9403.288950404269,9148.571892054924,9212.2509765625,945690,0.0,0.0
2018-12-05 00:00:00+07:00,9042.44002742439,9191.024557003511,8999.9873046875,8999.9873046875,590828,0.0,0.0
2018-12-06 00:00:00+07:00,8851.403215496413,9254.7041015625,8639.13887093203,9254.7041015625,1438490,0.0,0.0
2018-12-07 00:00:00+07:00,9254.702805934048,9254.702805934048,8915.0810546875,8915.0810546875,767476,0.0,0.0
2018-12-10 00:00:00+07:00,8745.270341857844,9127.344819122543,8745.270341857844,8830.17578125,1325189,0.0,0.0
2018-12-11 00:00:00+07:00,8830.175616875864,9042.439211404955,8830.175616875864,8915.0810546875,471810,0.0,0.0
2018-12-12 00:00:00+07:00,8872.628335781681,9042.439211404955,8872.628335781681,8915.0810546875,581115,0.0,0.0
2018-12-13 00:00:00+07:00,8999.9868660881,8999.9868660881,8766.496902413943,8851.40234375,660153,0.0,0.0
2018-12-14 00:00:00+07:00,8851.402607493585,9212.250743923953,8830.176246527093,9084.892578125,1295149,0.0,0.0
2018-12-17 00:00:00+07:00,9084.891722902295,9084.891722902295,8893.8544921875,8893.8544921875,318044,0.0,0.0
2018-12-18 00:00:00+07:00,8893.8544921875,8957.533569092431,8745.269979409326,8893.8544921875,666426,0.0,0.0
2018-12-19 00:00:00+07:00,8893.854695234591,8957.533773593319,8787.722897970045,8915.0810546875,508141,0.0,0.0
2018-12-20 00:00:00+07:00,8808.94936810762,9254.70292221962,8808.94936810762,9233.4765625,942493,0.0,0.0
2018-12-21 00:00:00+07:00,9127.345703125,9254.70387454814,9063.66661741343,9127.345703125,854976,0.0,0.0
2018-12-24 00:00:00+07:00,9169.798478808489,9403.289181390875,9169.798478808489,9339.609375,1991337,0.0,0.0
2018-12-25 00:00:00+07:00,9212.249658171097,9658.00390625,9169.796941241577,9658.00390625,1675013,0.0,0.0
2018-12-26 00:00:00+07:00,9551.87287964706,9764.13648131066,9551.87287964706,9636.7783203125,774062,0.0,0.0
2018-12-27 00:00:00+07:00,9679.231617601454,9742.910701896297,9551.873449011771,9594.326171875,971613,0.0,0.0
2018-12-28 00:00:00+07:00,9573.099578018802,9594.325938935062,9445.74141252124,9466.9677734375,596440,0.0,0.0
2019-01-02 00:00:00+07:00,9382.062819366936,9530.64735353451,9212.251202856363,9339.609375,751023,0.0,0.0
2019-01-03 00:00:00+07:00,9297.155524839867,9424.514401876297,8915.0810546875,8915.0810546875,1283803,0.0,0.0
2019-01-04 00:00:00+07:00,8872.629748469422,9169.798828125,8702.818845809094,9169.798828125,1187581,0.0,0.0
2019-01-07 00:00:00+07:00,9084.893202166251,9297.15682641156,9084.893202166251,9254.7041015625,396473,0.0,0.0
2019-01-08 00:00:00+07:00,9254.703260075656,9254.703260075656,8999.986934141449,9063.666015625,271845,0.0,0.0
2019-01-09 00:00:00+07:00,9127.345300057985,9169.798021990968,9063.666217158509,9084.892578125,446861,0.0,0.0
2019-01-10 00:00:00+07:00,8915.081327924305,9212.250369372918,8915.081327924305,9148.5712890625,1068443,0.0,0.0
2019-01-11 00:00:00+07:00,9148.57145760307,9148.57145760307,8957.534213152414,9063.666015625,541327,0.0,0.0
2019-01-14 00:00:00+07:00,8999.987705062053,9106.119516625671,8978.761342749327,9042.4404296875,419287,0.0,0.0
2019-01-15 00:00:00+07:00,9084.893030712732,9339.609375,8999.987582616975,9339.609375,1290944,0.0,0.0
2019-01-16 00:00:00+07:00,9424.51522260278,9466.96794520556,9297.156334475403,9382.0625,506578,0.0,0.0
2019-01-17 00:00:00+07:00,9382.061246208115,9742.90934010904,9382.061246208115,9658.00390625,2197020,0.0,0.0
2019-01-18 00:00:00+07:00,9636.778389010722,9849.0419921875,9551.872947740012,9849.0419921875,1315616,0.0,0.0
2019-01-21 00:00:00+07:00,9764.135862196656,9764.135862196656,9573.0986328125,9573.0986328125,769961,0.0,0.0
2019-01-22 00:00:00+07:00,9573.099640043563,9806.589611635223,9488.194195828411,9679.2314453125,2409878,0.0,0.0
2019-01-23 00:00:00+07:00,9679.230671892308,9742.909749965384,9594.325234461538,9700.45703125,814146,0.0,0.0
2019-01-24 00:00:00+07:00,9700.45678573527,9700.45678573527,9488.193197530652,9573.0986328125,954464,0.0,0.0
2019-01-25 00:00:00+07:00,9573.099664729842,9573.099664729842,9297.15625,9297.15625,961796,0.0,0.0
2019-01-28 00:00:00+07:00,9254.70400701942,9509.421073830756,9212.251282604042,9424.515625,447486,0.0,0.0
2019-01-29 00:00:00+07:00,9424.515503244,9721.6845703125,9233.477525523766,9721.6845703125,1061441,0.0,0.0
2019-01-30 00:00:00+07:00,9721.68376097794,9721.68376097794,9551.87287964706,9636.7783203125,241212,0.0,0.0
2019-01-31 00:00:00+07:00,9636.7783203125,9764.13648131066,9594.32559997978,9636.7783203125,1861948,0.0,0.0
2019-02-01 00:00:00+07:00,9551.873622069874,9636.77906933462,9466.968174805126,9509.4208984375,1866778,0.0,0.0
2019-02-11 00:00:00+07:00,9551.872273992038,9594.324991632962,9466.966838710192,9573.0986328125,875444,0.0,0.0
2019-02-12 00:00:00+07:00,9573.099810443386,9594.326171875,9509.420726148544,9594.326171875,1874162,0.0,0.0
2019-02-13 00:00:00+07:00,9764.135626784237,10018.852646807522,9636.777476932057,9955.1728515625,2471680,0.0,0.0
2019-02-14 00:00:00+07:00,9976.40056192915,10061.306726989827,9891.4951171875,9891.4951171875,1139975,0.0,0.0
2019-02-15 00:00:00+07:00,9891.494882845194,9891.494882845194,9721.683997384936,9764.13671875,1785499,0.0,0.0
2019-02-18 00:00:00+07:00,9721.68376097794,9764.13648131066,9615.55196014614,9636.7783203125,1865075,0.0,0.0
2019-02-19 00:00:00+07:00,9636.779122578642,9891.495465780215,9636.779122578642,9721.6845703125,2073520,0.0,0.0
2019-02-20 00:00:00+07:00,9679.231846445571,9764.137294179429,9658.005484512109,9721.6845703125,1028237,0.0,0.0
2019-02-21 00:00:00+07:00,9679.231470272463,9721.684192489512,9084.892638914756,9297.15625,2251698,0.0,0.0
2019-02-22 00:00:00+07:00,9297.156122603288,9297.156122603288,8808.949823797006,8872.62890625,3320142,0.0,0.0
2019-02-25 00:00:00+07:00,8872.628335781681,9169.797368122412,8872.628335781681,8915.0810546875,887432,0.0,0.0
2019-02-26 00:00:00+07:00,8999.9868660881,8999.9868660881,8787.723262747957,8851.40234375,1009959,0.0,0.0
2019-02-27 00:00:00+07:00,8766.496778298962,8766.496778298962,8639.137897779006,8660.3642578125,1082220,0.0,0.0
2019-02-28 00:00:00+07:00,8660.3642578125,8851.402218432939,8660.3642578125,8660.3642578125,863090,0.0,0.0
2019-03-01 00:00:00+07:00,8830.176064331159,8830.176064331159,8639.138099255457,8681.5908203125,294675,0.0,0.0
2019-03-04 00:00:00+07:00,8702.81790116003,8745.270622217073,8617.911738726934,8681.5908203125,795989,0.0,0.0
2019-03-05 00:00:00+07:00,8681.590541994741,8830.17578125,8660.364182146703,8830.17578125,927602,0.0,0.0
2019-03-06 00:00:00+07:00,8872.62890625,8872.62890625,8766.497102161677,8872.62890625,212962,0.0,0.0
2019-03-07 00:00:00+07:00,8872.628669317546,8893.855029568387,8702.817787310818,8745.2705078125,713181,0.0,0.0
2019-03-08 00:00:00+07:00,8660.3642578125,8745.270418265467,8617.911537745511,8660.3642578125,470942,0.0,0.0
2019-03-11 00:00:00+07:00,8702.81769819848,8724.044058231973,8639.137897779006,8660.3642578125,432996,0.0,0.0
2019-03-12 00:00:00+07:00,8660.36398291298,8808.94921875,8660.36398291298,8808.94921875,581498,0.0,0.0
2019-03-13 00:00:00+07:00,8830.175538398067,8872.628256926588,8702.8173828125,8702.8173828125,704041,0.0,0.0
2019-03-14 00:00:00+07:00,8702.81769819848,8745.270418265467,8660.3642578125,8660.3642578125,565113,0.0,0.0
2019-03-15 00:00:00+07:00,8702.817661807132,8724.044021751866,8554.232421875,8554.232421875,819793,0.0,0.0
2019-03-18 00:00:00+07:00,8575.459017669891,8702.81790116003,8575.459017669891,8681.5908203125,760441,0.0,0.0
2019-03-19 00:00:00+07:00,8617.912080286502,8639.138441656303,8469.327550697899,8511.7802734375,899004,0.0,0.0
2019-03-20 00:00:00+07:00,8511.779903036673,8575.458984375,8469.327182144456,8575.458984375,466007,0.0,0.0
2019-03-21 00:00:00+07:00,8617.910884928433,8617.910884928433,8405.647300672712,8490.552734375,561586,0.0,0.0
2019-03-22 00:00:00+07:00,8490.552734375,8575.458168077288,8448.100017523855,8490.552734375,396908,0.0,0.0
2019-03-25 00:00:00+07:00,8320.742025616377,8469.326537428342,8320.742025616377,8405.6474609375,1042363,0.0,0.0
2019-03-26 00:00:00+07:00,8405.648638196846,8426.875,8363.195914590537,8426.875,393572,0.0,0.0
2019-03-27 00:00:00+07:00,8426.87381976778,8448.10017859806,8384.421102107219,8405.6474609375,198193,0.0,0.0
2019-03-28 00:00:00+07:00,8426.874530573661,8426.874530573661,8108.479121262835,8172.158203125,943848,0.0,0.0
2019-03-29 00:00:00+07:00,8172.15767279726,8320.7421875,8150.9313135540115,8320.7421875,920426,0.0,0.0
2019-04-01 00:00:00+07:00,8278.29024034149,8320.74296278351,8172.158434236438,8299.5166015625,323152,0.0,0.0
2019-04-02 00:00:00+07:00,8299.51636684933,8299.51636684933,8150.931842504278,8172.158203125,192546,0.0,0.0
2019-04-03 00:00:00+07:00,8150.931640624999,8193.38436081499,8129.705280530004,8150.931640625,276623,0.0,0.0
2019-04-04 00:00:00+07:00,8150.931221248159,8150.931221248159,7938.666910900511,7981.11962890625,938531,0.0,0.0
2019-04-05 00:00:00+07:00,7981.119793228332,7981.119793228332,7853.761636588959,7896.21435546875,543464,0.0,0.0
2019-04-08 00:00:00+07:00,7896.215271373484,8108.479610712561,7896.215271373484,8044.7998046875,320163,0.0,0.0
2019-04-09 00:00:00+07:00,8066.025951306885,8066.025951306885,7896.21435546875,7896.21435546875,365668,0.0,0.0
2019-04-10 00:00:00+07:00,7896.21419232316,7896.21419232316,7726.4033203125,7726.4033203125,608498,0.0,0.0
2019-04-11 00:00:00+07:00,7811.308756317831,7853.761474320495,7705.176961311167,7726.4033203125,240344,0.0,0.0
2019-04-12 00:00:00+07:00,7790.082805425845,7790.082805425845,7705.177364972463,7768.8564453125,372497,0.0,0.0
2019-04-16 00:00:00+07:00,7768.856614173861,7768.856614173861,7599.04572957614,7683.951171875,723067,0.0,0.0
2019-04-17 00:00:00+07:00,7726.403197082113,7726.403197082113,7641.497762430962,7662.72412109375,241247,0.0,0.0
2019-04-18 00:00:00+07:00,7620.271316578101,7662.724033417939,7450.46044921875,7450.46044921875,626081,0.0,0.0
2019-04-19 00:00:00+07:00,7450.46044921875,7450.46044921875,7365.554295220139,7450.46044921875,496917,0.0,0.0
2019-04-22 00:00:00+07:00,7471.686452625098,7471.686452625098,7238.19580078125,7238.19580078125,412302,0.0,0.0
2019-04-23 00:00:00+07:00,7238.196264107445,7577.818724747755,7238.196264107445,7514.1396484375,823059,0.0,0.0
2019-04-24 00:00:00+07:00,7514.139890157545,7683.950765780819,7514.139890157545,7641.498046875,375902,0.0,0.0
2019-04-25 00:00:00+07:00,7641.497762430962,7683.950479756538,7556.592327779811,7662.72412109375,136860,0.0,0.0
2019-04-26 00:00:00+07:00,7599.045327969182,7641.498046875,7556.592609063363,7641.498046875,242203,0.0,0.0
2019-05-02 00:00:00+07:00,7683.950479756538,7705.176838419326,7556.592327779811,7662.72412109375,465885,0.0,0.0
2019-05-03 00:00:00+07:00,7683.950886307894,7705.17724609375,7641.49816673618,7705.17724609375,492139,0.0,0.0
2019-05-06 00:00:00+07:00,7641.497801058011,7641.497801058011,7514.1396484375,7514.1396484375,237755,0.0,0.0
2019-05-07 00:00:00+07:00,7514.139890157545,7662.724406327909,7386.781013121117,7641.498046875,638313,0.0,0.0
2019-05-08 00:00:00+07:00,7641.497967319212,7641.497967319212,7429.234375,7429.234375,329824,0.0,0.0
2019-05-09 00:00:00+07:00,7450.461139613148,7599.045662321113,7450.461139613148,7471.6875,170793,0.0,0.0
2019-05-10 00:00:00+07:00,7620.272259483894,7620.272259483894,7514.140454251922,7599.0458984375,221215,0.0,0.0
2019-05-13 00:00:00+07:00,7429.234213357159,7599.04508351784,7429.234213357159,7514.1396484375,210373,0.0,0.0
2019-05-14 00:00:00+07:00,7514.139933794929,7620.271731675822,7429.234495490215,7492.91357421875,472418,0.0,0.0
2019-05-15 00:00:00+07:00,7492.914093205528,7599.0458984375,7492.914093205528,7599.0458984375,235357,0.0,0.0
2019-05-16 00:00:00+07:00,7556.5924885418835,7641.497924999348,7556.5924885418835,7577.81884765625,240118,0.0,0.0
2019-05-17 00:00:00+07:00,7556.592241318344,7599.044958158182,7450.46044921875,7450.46044921875,442673,0.0,0.0
2019-05-20 00:00:00+07:00,7450.46044921875,7514.139524478507,7450.46044921875,7450.46044921875,460186,0.0,0.0
2019-05-21 00:00:00+07:00,7514.139933794929,7577.819012523464,7492.91357421875,7492.91357421875,350239,0.0,0.0
2019-05-22 00:00:00+07:00,7492.913166058588,7535.365882898425,7450.46044921875,7450.46044921875,206811,0.0,0.0
2019-05-23 00:00:00+07:00,7450.4615390351455,7874.98876953125,7429.23517751034,7874.98876953125,1355161,0.0,0.0
2019-05-24 00:00:00+07:00,7853.762408006445,7959.894215630471,7726.404238857614,7874.98876953125,1251694,0.0,0.0
2019-05-27 00:00:00+07:00,7874.9879960288545,7917.440714908645,7811.308917709169,7896.21435546875,313613,0.0,0.0
2019-05-28 00:00:00+07:00,7853.762175576839,7917.441258266692,7683.951288403896,7747.63037109375,740981,0.0,0.0
2019-05-29 00:00:00+07:00,7811.309684956835,7917.4414925808605,7726.404238857614,7874.98876953125,509201,0.0,0.0
2019-05-30 00:00:00+07:00,7896.214897370074,7896.214897370074,7747.63037109375,7747.63037109375,419860,0.0,0.0
2019-05-31 00:00:00+07:00,7790.082438799912,7874.987875257377,7577.81884765625,7577.81884765625,1122756,0.0,0.0
2019-06-03 00:00:00+07:00,7577.818968516272,7747.629844139547,7471.687171251726,7641.498046875,1209422,0.0,0.0
2019-06-04 00:00:00+07:00,7641.497924999348,7726.403361456813,7471.6870520844195,7577.81884765625,588204,0.0,0.0
2019-06-05 00:00:00+07:00,7768.856038315165,7768.856038315165,7641.49788430717,7726.4033203125,661943,0.0,0.0
2019-06-06 00:00:00+07:00,7726.403484686637,7768.856203592456,7514.139890157545,7641.498046875,333438,0.0,0.0
2019-06-07 00:00:00+07:00,7683.950479756538,7705.176838419326,7599.045045105387,7662.72412109375,216211,0.0,0.0
2019-06-10 00:00:00+07:00,7726.4033203125,7768.856038315165,7599.045166304505,7726.4033203125,492869,0.0,0.0
2019-06-11 00:00:00+07:00,7726.403652754571,7726.403652754571,7556.5927734375,7556.5927734375,293841,0.0,0.0
2019-06-12 00:00:00+07:00,7556.59236597767,7662.724159828095,7408.007134268126,7514.1396484375,1386939,0.0,0.0
2019-06-13 00:00:00+07:00,7471.686710253967,7471.686710253967,7301.875124788976,7365.55419921875,1641810,0.0,0.0
2019-06-14 00:00:00+07:00,7386.780718817298,7429.23415635066,7216.969849959622,7280.64892578125,496413,0.0,0.0
2019-06-17 00:00:00+07:00,7259.422856403661,7259.422856403661,6983.4801835158405,7004.70654296875,819671,0.0,0.0
2019-06-18 00:00:00+07:00,7004.706745402405,7068.385825601437,6983.480385336062,7025.93310546875,200678,0.0,0.0
2019-06-19 00:00:00+07:00,7047.15922236866,7047.15922236866,6898.574707031251,6898.57470703125,750676,0.0,0.0
2019-06-20 00:00:00+07:00,6962.2539894454985,6962.2539894454985,6877.348549617002,6919.80126953125,2308618,0.0,0.0
2019-06-21 00:00:00+07:00,6919.801026360971,6919.801026360971,6771.216511882547,6792.44287109375,10678335,0.0,0.0
2019-06-24 00:00:00+07:00,6919.80126953125,6962.2539894454985,6813.669469745631,6919.80126953125,693390,0.0,0.0
2019-06-25 00:00:00+07:00,6877.348717041481,6877.348717041481,6813.6696356198845,6834.89599609375,1214797,0.0,0.0
2019-06-26 00:00:00+07:00,6792.443151078323,6813.669511164478,6643.85791015625,6643.85791015625,2451681,0.0,0.0
2019-06-27 00:00:00+07:00,6643.858221390401,6665.084582470913,6219.330999780169,6367.91552734375,3799842,0.0,0.0
2019-06-28 00:00:00+07:00,6367.915158725889,6452.820598133037,6240.556999615169,6431.59423828125,1770174,0.0,0.0
2019-07-01 00:00:00+07:00,6474.046673002147,6707.53662109375,6452.820314084729,6707.53662109375,1088805,0.0,0.0
2019-07-02 00:00:00+07:00,6665.083861509627,6665.083861509627,6558.952067587332,6601.40478515625,932693,0.0,0.0
2019-07-03 00:00:00+07:00,6580.178672898529,6580.178672898529,6474.046875,6474.046875,662620,0.0,0.0
2019-07-04 00:00:00+07:00,6474.046831594501,6622.63134765625,6474.046831594501,6622.63134765625,816526,0.0,0.0
2019-07-05 00:00:00+07:00,6622.6317185976695,6643.858079223975,6537.726276092444,6558.95263671875,847053,0.0,0.0
2019-07-08 00:00:00+07:00,6580.178997345057,6580.178997345057,6495.273554839831,6558.95263671875,1144979,0.0,0.0
2019-07-09 00:00:00+07:00,6558.952837941239,6622.631921773772,6537.726476663727,6580.17919921875,802609,0.0,0.0
2019-07-10 00:00:00+07:00,6580.178829897786,6686.310630328559,6580.178829897786,6643.85791015625,669744,0.0,0.0
2019-07-11 00:00:00+07:00,6686.311005606304,6686.311005606304,6580.17919921875,6580.17919921875,642170,0.0,0.0
2019-07-12 00:00:00+07:00,6580.178997345057,6622.6317185976695,6558.95263671875,6558.95263671875,784834,0.0,0.0
2019-07-15 00:00:00+07:00,6558.9522303410895,6558.9522303410895,6516.49951171875,6516.49951171875,861300,0.0,0.0
2019-07-16 00:00:00+07:00,6537.72587102992,6580.17858965226,6495.273152407581,6516.49951171875,504110,0.0,0.0
2019-07-17 00:00:00+07:00,6516.500287619782,6558.953011296845,6474.047563942719,6495.27392578125,533856,0.0,0.0
2019-07-18 00:00:00+07:00,6495.273521818033,6495.273521818033,6431.5944402628575,6452.82080078125,263157,0.0,0.0
2019-07-19 00:00:00+07:00,6474.046957984823,6495.27331783661,6431.59423828125,6431.59423828125,708402,0.0,0.0
2019-07-22 00:00:00+07:00,6431.59423828125,6495.27331783661,6410.367878429463,6431.59423828125,368970,0.0,0.0
2019-07-23 00:00:00+07:00,6431.59452486009,6474.047246455271,6410.3681640625,6410.3681640625,547999,0.0,0.0
2019-07-24 00:00:00+07:00,6410.368249504773,6452.820971665797,6346.689166263239,6367.91552734375,495145,0.0,0.0
2019-07-25 00:00:00+07:00,6367.915613359461,6410.368336093921,6325.462890625,6325.462890625,251707,0.0,0.0
2019-07-26 00:00:00+07:00,6325.462570072458,6367.915290655562,6240.55712890625,6240.55712890625,555400,0.0,0.0
2019-07-29 00:00:00+07:00,6283.010167890539,6389.141974726691,6283.010167890539,6325.462890625,516811,0.0,0.0
2019-07-30 00:00:00+07:00,6325.462240677097,6325.462240677097,6155.6513671875,6155.6513671875,696483,0.0,0.0
2019-07-31 00:00:00+07:00,6198.1044036081175,6198.1044036081175,6028.293161245382,6113.1982421875,470038,0.0,0.0
2019-08-01 00:00:00+07:00,6155.651972104132,6198.104694648366,6091.97216796875,6091.97216796875,454975,0.0,0.0
2019-08-02 00:00:00+07:00,6070.745365406116,6070.745365406116,5922.160847302106,5943.38720703125,888788,0.0,0.0
2019-08-05 00:00:00+07:00,5943.387253644337,5943.387253644337,5773.57637447938,5794.802734375,1237655,0.0,0.0
2019-08-06 00:00:00+07:00,5731.123654688142,5837.255454166239,5688.670934896903,5794.802734375,458867,0.0,0.0
2019-08-07 00:00:00+07:00,5794.802326175772,5816.0286845761575,5752.349609375,5752.349609375,440936,0.0,0.0
2019-08-08 00:00:00+07:00,5752.349932719598,5858.481730687288,5709.897213532521,5837.25537109375,974550,0.0,0.0
2019-08-09 00:00:00+07:00,5900.934814932899,6049.519341279776,5837.255732212809,5964.6142578125,937263,0.0,0.0
2019-08-12 00:00:00+07:00,5943.387359984264,6113.1982421875,5922.16099970886,6113.1982421875,859876,0.0,0.0
2019-08-13 00:00:00+07:00,6113.198084864405,6113.198084864405,5943.38720703125,5943.38720703125,1180197,0.0,0.0
2019-08-14 00:00:00+07:00,6049.518882179051,6049.518882179051,5879.7080078125,5879.7080078125,948244,0.0,0.0
2019-08-15 00:00:00+07:00,5858.481648516681,5900.934367108319,5837.255289220862,5879.7080078125,650614,0.0,0.0
2019-08-16 00:00:00+07:00,5879.708293922456,5943.387374908572,5816.029212936339,5858.48193359375,751944,0.0,0.0
2019-08-19 00:00:00+07:00,5943.38716906144,5985.840248408004,5837.25537109375,5837.25537109375,859667,0.0,0.0
2019-08-20 00:00:00+07:00,5858.481730687288,5900.934449874364,5816.029011500212,5837.25537109375,682654,0.0,0.0
2019-08-21 00:00:00+07:00,5837.255454166239,5858.481814061858,5794.802734375,5794.802734375,652439,0.0,0.0
2019-08-22 00:00:00+07:00,5794.802734375,5900.9345338530975,5752.350014583761,5794.802734375,846757,0.0,0.0
2019-08-23 00:00:00+07:00,5794.802570629225,5900.934367108319,5794.802570629225,5879.7080078125,612217,0.0,0.0
2019-08-26 00:00:00+07:00,5837.255249327254,5858.481608478006,5731.1234535734975,5773.576171875,1499093,0.0,0.0
2019-08-27 00:00:00+07:00,5816.028766146692,5816.028766146692,5709.89697265625,5709.89697265625,934170,0.0,0.0
2019-08-28 00:00:00+07:00,5709.897006390958,5731.123365214455,5603.764852114004,5624.9912109375,1129602,0.0,0.0
2019-08-29 00:00:00+07:00,5624.991177704424,5709.89697265625,5624.991177704424,5709.89697265625,421754,0.0,0.0
2019-08-30 00:00:00+07:00,5709.8974936997465,5816.029296875,5709.8974936997465,5816.029296875,741502,0.0,0.0
2019-09-03 00:00:00+07:00,5773.57637447938,5816.02909427062,5731.123654688142,5794.802734375,477561,0.0,0.0
2019-09-04 00:00:00+07:00,5773.57637447938,5794.802734375,5731.123654688142,5794.802734375,447278,0.0,0.0
2019-09-05 00:00:00+07:00,5773.576254062069,5773.576254062069,5709.8971757033405,5731.12353515625,506717,0.0,0.0
2019-09-06 00:00:00+07:00,5731.123412938252,5752.349771938502,5667.4443359375,5667.4443359375,563827,0.0,0.0
2019-09-09 00:00:00+07:00,5667.4443359375,5731.123412938252,5667.4443359375,5667.4443359375,427939,0.0,0.0
2019-09-10 00:00:00+07:00,5667.444082752947,5688.670440804942,5603.7646484375,5603.7646484375,602782,0.0,0.0
2019-09-11 00:00:00+07:00,5646.218352016799,5646.218352016799,5349.048946112783,5412.72802734375,837463,0.0,0.0
2019-09-12 00:00:00+07:00,5455.180581259475,5540.086020303025,5455.180581259475,5497.63330078125,815431,0.0,0.0
2019-09-13 00:00:00+07:00,5518.859375,5540.0857336626505,5497.63301633735,5518.859375,546139,0.0,0.0
2019-09-16 00:00:00+07:00,5518.859578056365,5561.3122969436345,5497.63321861273,5540.0859375,1113721,0.0,0.0
2019-09-17 00:00:00+07:00,5518.859375,5540.0857336626505,5518.859375,5518.859375,705275,0.0,0.0
2019-09-18 00:00:00+07:00,5540.085574281516,5646.217724700952,5540.085574281516,5603.7646484375,3103758,0.0,0.0
2019-09-19 00:00:00+07:00,5624.991292481165,5624.991292481165,5582.53857421875,5582.53857421875,324976,0.0,0.0
2019-09-20 00:00:00+07:00,5582.538338572391,5667.444131672714,5582.538338572391,5646.2177734375,427627,0.0,0.0
2019-09-23 00:00:00+07:00,5667.44437090306,5667.44437090306,5582.53857421875,5582.53857421875,232994,0.0,0.0
2019-09-24 00:00:00+07:00,5624.99137527454,5624.99137527454,5540.0859375,5540.0859375,412545,0.0,0.0
2019-09-25 00:00:00+07:00,5540.0859375,5582.53865638727,5540.0859375,5540.0859375,346052,0.0,0.0
2019-09-26 00:00:00+07:00,5561.312220208007,5773.576171875,5540.085861057256,5773.576171875,1678801,0.0,0.0
2019-09-27 00:00:00+07:00,5773.575967775386,5794.802326175772,5731.123250974614,5752.349609375,1095425,0.0,0.0
2019-09-30 00:00:00+07:00,5773.576130938753,5794.802489939004,5646.21797693725,5667.4443359375,862013,0.0,0.0
2019-10-01 00:00:00+07:00,5646.217817373071,5752.349609375,5646.217817373071,5752.349609375,511373,0.0,0.0
2019-10-02 00:00:00+07:00,5752.349564613573,5752.349564613573,5646.2177734375,5646.2177734375,989006,0.0,0.0
2019-10-03 00:00:00+07:00,5646.217896561986,5709.89697265625,5603.764819006336,5709.89697265625,482079,0.0,0.0
2019-10-04 00:00:00+07:00,5688.671125281605,6028.29325513726,5688.671125281605,6007.06689453125,2083962,0.0,0.0
2019-10-07 00:00:00+07:00,6007.066609152395,6091.971687383326,5985.840249554791,6028.29296875,2420981,0.0,0.0
2019-10-08 00:00:00+07:00,6028.292772494261,6198.10400390625,5964.613695774568,6198.10400390625,1256472,0.0,0.0
2019-10-09 00:00:00+07:00,6198.104125159556,6283.009562446815,6091.971608231515,6261.783203125,859823,0.0,0.0
2019-10-10 00:00:00+07:00,6261.78345400222,6283.009814174465,6134.42529296875,6134.42529296875,815536,0.0,0.0
2019-10-11 00:00:00+07:00,6134.42529296875,6219.33073365773,6113.1982124775095,6134.42529296875,397585,0.0,0.0
2019-10-14 00:00:00+07:00,6134.424927186558,6240.556721719378,6134.424927186558,6198.10400390625,403788,0.0,0.0
2019-10-15 00:00:00+07:00,6155.652136364742,6495.27392578125,6155.652136364742,6495.27392578125,2166927,0.0,0.0
2019-10-16 00:00:00+07:00,6452.820885657681,6537.726328848043,6367.915442467319,6410.3681640625,789108,0.0,0.0
2019-10-17 00:00:00+07:00,6452.820645690813,6495.273365707267,6283.009765625,6283.009765625,929027,0.0,0.0
2019-10-18 00:00:00+07:00,6283.009883623144,6410.368046064355,6283.009883623144,6346.68896484375,506647,0.0,0.0
2019-10-21 00:00:00+07:00,6325.462364413357,6367.9150836162,6198.104206804828,6219.33056640625,596110,0.0,0.0
2019-10-22 00:00:00+07:00,6155.651571311335,6155.651571311335,5879.708172421387,5985.84033203125,1586975,0.0,0.0
2019-10-23 00:00:00+07:00,5985.840440694573,6113.1982421875,5943.387359984264,6113.1982421875,549823,0.0,0.0
2019-10-24 00:00:00+07:00,6155.651972104132,6155.651972104132,6070.745806696633,6091.97216796875,328973,0.0,0.0
2019-10-25 00:00:00+07:00,6070.745702186473,6091.97206309317,5964.6142578125,5964.6142578125,440849,0.0,0.0
2019-10-28 00:00:00+07:00,5964.613926919885,6070.745365406116,5943.38720703125,5943.38720703125,373313,0.0,0.0
2019-10-29 00:00:00+07:00,5943.387170200093,6070.745327785721,5922.160810602489,6028.29296875,533995,0.0,0.0
2019-10-30 00:00:00+07:00,6028.293006107318,6049.5190056769725,5943.38720703125,5943.38720703125,380958,0.0,0.0
2019-10-31 00:00:00+07:00,5943.387253644337,5985.840333595069,5773.57637447938,5794.802734375,984662,0.0,0.0
2019-11-01 00:00:00+07:00,5794.802770178659,5900.9345703125,5794.802770178659,5900.9345703125,353037,0.0,0.0
2019-11-04 00:00:00+07:00,5900.9345338530975,5900.9345338530975,5773.57637447938,5794.802734375,610323,0.0,0.0
2019-11-05 00:00:00+07:00,5794.802734375,5816.02909427062,5688.670934896903,5794.802734375,742614,0.0,0.0
2019-11-06 00:00:00+07:00,5773.576292313136,5837.25537109375,5731.12357312606,5837.25537109375,251412,0.0,0.0
2019-11-07 00:00:00+07:00,5837.255573265044,5922.161014579867,5816.029212936339,5858.48193359375,412754,0.0,0.0
2019-11-08 00:00:00+07:00,5900.934449874364,5900.934449874364,5794.802651906673,5837.25537109375,489237,0.0,0.0
2019-11-11 00:00:00+07:00,5816.029296875,5858.482018145101,5794.802936239949,5816.029296875,236643,0.0,0.0
2019-11-12 00:00:00+07:00,5816.0290126144655,6028.29296875,5794.802653016861,6028.29296875,724474,0.0,0.0
2019-11-13 00:00:00+07:00,6113.198084864405,6113.198084864405,5922.160847302106,5943.38720703125,532935,0.0,0.0
2019-11-14 00:00:00+07:00,5943.387536746292,6028.29334053259,5900.934814932899,5964.6142578125,523153,0.0,0.0
2019-11-15 00:00:00+07:00,6007.066646378174,6007.066646378174,5922.160847302106,5943.38720703125,539085,0.0,0.0
2019-11-18 00:00:00+07:00,5943.387003533619,5964.613722695464,5879.707926526515,5922.16064453125,148224,0.0,0.0
2019-11-19 00:00:00+07:00,5900.934739415203,5943.387460685304,5731.123854334797,5816.029296875,469482,0.0,0.0
2019-11-20 00:00:00+07:00,5773.576575604899,5900.934739415203,5773.576575604899,5816.029296875,206828,0.0,0.0
2019-11-21 00:00:00+07:00,5773.576251539471,5837.255329870376,5540.0859375,5540.0859375,503294,0.0,0.0
2019-11-22 00:00:00+07:00,5561.312215087542,5773.576166559098,5561.312215087542,5582.53857421875,587110,0.0,0.0
2019-11-25 00:00:00+07:00,5582.538493290508,5624.9912109375,5561.312134467012,5624.9912109375,497213,0.0,0.0
2019-11-26 00:00:00+07:00,5624.99133519399,5646.218054645862,5433.9541015625,5433.9541015625,1189232,0.0,0.0
2019-11-27 00:00:00+07:00,5433.954140281825,5603.765015830905,5433.954140281825,5540.0859375,370777,0.0,0.0
2019-11-28 00:00:00+07:00,5582.53853315664,5582.53853315664,5476.40673828125,5476.40673828125,233220,0.0,0.0
2019-11-29 00:00:00+07:00,5476.406941020363,5518.859660542138,5455.180581259475,5497.63330078125,199027,0.0,0.0
2019-12-02 00:00:00+07:00,5518.859538732052,5561.312257316828,5433.9541015625,5433.9541015625,293042,0.0,0.0
2019-12-03 00:00:00+07:00,5433.9541015625,5518.859538732052,5370.275023685336,5433.9541015625,565565,0.0,0.0
2019-12-04 00:00:00+07:00,5497.633179439664,5518.859538732052,5412.727742270113,5433.9541015625,262340,0.0,0.0
2019-12-05 00:00:00+07:00,5455.180460854888,5476.406820147276,5433.9541015625,5433.9541015625,189975,0.0,0.0
2019-12-06 00:00:00+07:00,5433.9538615888005,5561.31201171875,5412.727503233808,5561.31201171875,225941,0.0,0.0
2019-12-09 00:00:00+07:00,5561.312379720546,5773.576337475808,5561.312379720546,5688.6708984375,809211,0.0,0.0
2019-12-10 00:00:00+07:00,5709.896880363159,5709.896880363159,5561.31201171875,5561.31201171875,1684534,0.0,0.0
2019-12-11 00:00:00+07:00,5561.31193233351,5646.217724700952,5497.632858177526,5603.7646484375,221267,0.0,0.0
2019-12-12 00:00:00+07:00,5561.31193233351,5603.7646484375,5497.632858177526,5603.7646484375,303901,0.0,0.0
2019-12-13 00:00:00+07:00,5646.2177734375,5688.67048990793,5603.764696807605,5646.2177734375,540475,0.0,0.0
2019-12-16 00:00:00+07:00,5646.218097344613,5731.12353515625,5646.218097344613,5731.12353515625,306767,0.0,0.0
2019-12-17 00:00:00+07:00,5773.576048750515,5794.802407448603,5709.89697265625,5709.89697265625,448425,0.0,0.0
2019-12-18 00:00:00+07:00,5709.896798856937,5709.896798856937,5582.538290385505,5603.7646484375,371906,0.0,0.0
2019-12-19 00:00:00+07:00,5603.764892131718,5603.764892131718,5476.40673828125,5476.40673828125,543829,0.0,0.0
2019-12-20 00:00:00+07:00,5476.406941020363,5540.086020303025,5476.406941020363,5497.63330078125,364452,0.0,0.0
2019-12-23 00:00:00+07:00,5518.859375,5540.0857336626505,5476.4066576747,5518.859375,442986,0.0,0.0
2019-12-24 00:00:00+07:00,5561.31210161016,5709.89697265625,5561.31210161016,5709.89697265625,474521,0.0,0.0
2019-12-25 00:00:00+07:00,5709.897258197077,5709.897258197077,5646.218178918346,5688.6708984375,190774,0.0,0.0
2019-12-26 00:00:00+07:00,5667.4443359375,5688.670694937751,5561.312180776769,5667.4443359375,546609,0.0,0.0
2019-12-27 00:00:00+07:00,5646.217724700952,5667.444082752947,5561.31193233351,5603.7646484375,520443,0.0,0.0
2019-12-30 00:00:00+07:00,5603.765015830905,5603.765015830905,5497.63321861273,5540.0859375,679683,0.0,0.0
2019-12-31 00:00:00+07:00,5540.086020303025,5582.5387398248,5497.63330078125,5497.63330078125,365199,0.0,0.0
2020-01-02 00:00:00+07:00,5540.086020303025,5561.312380063913,5455.180581259475,5497.63330078125,495666,0.0,0.0
2020-01-03 00:00:00+07:00,5476.406820147276,5561.312257316828,5412.727742270113,5433.9541015625,659528,0.0,0.0
2020-01-06 00:00:00+07:00,5391.50146484375,5433.954184073139,5391.50146484375,5391.50146484375,580872,0.0,0.0
2020-01-07 00:00:00+07:00,5370.2749838952295,5391.501343030345,5327.822265625,5327.822265625,444897,0.0,0.0
2020-01-08 00:00:00+07:00,5306.595703125,5370.275142571369,5242.916623838122,5306.595703125,536462,0.0,0.0
2020-01-09 00:00:00+07:00,5327.822147036151,5518.859375,5306.595428214029,5518.859375,190114,0.0,0.0
2020-01-10 00:00:00+07:00,5391.501666933428,5497.63346898504,5391.501666933428,5412.72802734375,211328,0.0,0.0
2020-01-13 00:00:00+07:00,5518.859456231406,5518.859456231406,5433.954020331094,5476.40673828125,405248,0.0,0.0
2020-01-14 00:00:00+07:00,5518.859538732052,5518.859538732052,5391.5013829777245,5433.9541015625,742110,0.0,0.0
2020-01-15 00:00:00+07:00,5518.859829395363,5518.859829395363,5370.275306523105,5412.72802734375,486475,0.0,0.0
2020-01-16 00:00:00+07:00,5412.727862095954,5433.954221858247,5306.595703125,5306.595703125,531441,0.0,0.0
2020-01-17 00:00:00+07:00,5306.595703125,5327.822423046784,5264.142983600415,5306.595703125,247937,0.0,0.0
2020-01-20 00:00:00+07:00,5327.822468182882,5391.501548009235,5285.369388139154,5349.048828125,415534,0.0,0.0
2020-01-21 00:00:00+07:00,5285.369106933165,5391.501261156527,5285.369106933165,5370.27490234375,466633,0.0,0.0
2020-01-22 00:00:00+07:00,5391.501548009235,5412.727907951353,5306.595748081271,5349.048828125,916275,0.0,0.0
2020-01-30 00:00:00+07:00,5327.822218680649,5349.048577628735,5285.369140625,5285.369140625,672733,0.0,0.0
2020-01-31 00:00:00+07:00,5285.369481653773,5306.595841971451,4924.52099609375,4924.52099609375,2340900,0.0,0.0
2020-02-03 00:00:00+07:00,4839.615691300052,4882.068413132573,4584.899000145416,4733.48388671875,1054091,0.0,0.0
2020-02-04 00:00:00+07:00,4818.3894756502,5009.427089815521,4712.2576678692,4903.294921875,702356,0.0,0.0
2020-02-05 00:00:00+07:00,4903.2948058176125,4945.747527925188,4775.936639494888,4839.61572265625,648425,0.0,0.0
2020-02-06 00:00:00+07:00,4882.06819297626,4988.199992771561,4775.936393180959,4966.9736328125,563862,0.0,0.0
2020-02-07 00:00:00+07:00,4966.973834491565,5030.653277113881,4903.294752028758,4988.2001953125,375364,0.0,0.0
2020-02-10 00:00:00+07:00,4988.200280964575,4988.200280964575,4882.068475037514,4945.74755859375,232351,0.0,0.0
2020-02-11 00:00:00+07:00,4882.06819297626,4988.199992771561,4882.06819297626,4966.9736328125,198176,0.0,0.0
2020-02-12 00:00:00+07:00,4966.973711522508,5115.55859375,4966.973711522508,5115.55859375,544454,0.0,0.0
2020-02-13 00:00:00+07:00,5115.5583907029095,5136.784750155819,5030.652952891272,5094.33203125,260950,0.0,0.0
2020-02-14 00:00:00+07:00,5094.332114127716,5136.78483372418,5030.653034733017,5051.87939453125,349214,0.0,0.0
2020-02-17 00:00:00+07:00,5051.87939453125,5115.558473925948,5051.87939453125,5051.87939453125,195274,0.0,0.0
2020-02-18 00:00:00+07:00,5094.33203125,5158.011109608728,5051.879312344182,5094.33203125,354601,0.0,0.0
2020-02-19 00:00:00+07:00,5115.558710627562,5179.23779296875,5094.332349847166,5179.23779296875,430007,0.0,0.0
2020-02-20 00:00:00+07:00,5179.237312869279,5433.953978782082,5136.784595243724,5370.27490234375,991021,0.0,0.0
2020-02-21 00:00:00+07:00,5370.27522704668,5391.501587142867,5264.14306640625,5264.14306640625,380976,0.0,0.0
2020-02-24 00:00:00+07:00,5179.237847334956,5221.690569341372,5009.426959309291,5030.6533203125,660727,0.0,0.0
2020-02-25 00:00:00+07:00,4988.19995497706,5094.332114127716,4988.19995497706,5051.87939453125,293372,0.0,0.0
2020-02-26 00:00:00+07:00,5094.332317677606,5094.332317677606,5030.653235738537,5073.10595703125,248666,0.0,0.0
2020-02-27 00:00:00+07:00,5073.105873159146,5115.55859375,5051.879512863718,5115.55859375,299870,0.0,0.0
2020-02-28 00:00:00+07:00,5115.558764325332,5115.558764325332,5009.426959309291,5030.6533203125,305691,0.0,0.0
2020-03-02 00:00:00+07:00,5030.652952891272,5115.5583907029095,5030.652952891272,5094.33203125,296500,0.0,0.0
2020-03-03 00:00:00+07:00,5158.011265925316,5264.14306640625,5094.332185636757,5264.14306640625,683992,0.0,0.0
2020-03-04 00:00:00+07:00,5264.143144311992,5561.312550216007,5179.237702670702,5412.72802734375,2315116,0.0,0.0
2020-03-05 00:00:00+07:00,5518.85970766194,5518.85970766194,5349.048828125,5349.048828125,1013642,0.0,0.0
2020-03-06 00:00:00+07:00,5349.048577628735,5370.27493657682,5221.690063780743,5285.369140625,745776,0.0,0.0
2020-03-09 00:00:00+07:00,4924.52099609375,5179.237680065384,4924.52099609375,4924.52099609375,2059760,0.0,0.0
2020-03-10 00:00:00+07:00,4903.294550905956,5200.463950369301,4903.294550905956,5158.01123046875,2038580,0.0,0.0
2020-03-11 00:00:00+07:00,5158.011278858364,5179.2376390077725,4839.61551645773,5009.4267578125,1842818,0.0,0.0
2020-03-12 00:00:00+07:00,4669.804443810458,4882.068413132573,4669.804443810458,4733.48388671875,4479177,0.0,0.0
2020-03-13 00:00:00+07:00,4627.351558499509,4818.38916015625,4415.087956835907,4818.38916015625,1835990,0.0,0.0
2020-03-16 00:00:00+07:00,4797.163056506951,4839.615779109731,4669.804528539093,4691.03125,998787,0.0,0.0
2020-03-17 00:00:00+07:00,4627.351591486761,4924.52099609375,4542.446150216049,4924.52099609375,1514383,0.0,0.0
2020-03-18 00:00:00+07:00,4903.29479413374,5158.011486331748,4882.068433130531,5030.6533203125,1406955,0.0,0.0
2020-03-19 00:00:00+07:00,4966.973711522508,5242.916755522564,4839.615549749944,5115.55859375,1886898,0.0,0.0
2020-03-20 00:00:00+07:00,5115.558512685416,5179.237592562597,4966.9736328125,4966.9736328125,968312,0.0,0.0
2020-03-23 00:00:00+07:00,4924.521224315293,4924.521224315293,4691.03125,4691.03125,1595298,0.0,0.0
2020-03-24 00:00:00+07:00,4691.031195279737,4860.8420837100375,4691.031195279737,4839.61572265625,795659,0.0,0.0
2020-03-25 00:00:00+07:00,4903.294635776072,5009.426797523962,4903.294635776072,4924.52099609375,453932,0.0,0.0
2020-03-26 00:00:00+07:00,4924.5212834312,4945.747644987399,4839.6158372064,4903.294921875,575694,0.0,0.0
2020-03-27 00:00:00+07:00,4945.74755859375,5051.879724680326,4882.068475037514,4945.74755859375,705397,0.0,0.0
2020-03-30 00:00:00+07:00,4966.973888978975,4966.973888978975,4797.163000548675,4839.61572265625,1783223,0.0,0.0
2020-03-31 00:00:00+07:00,4945.747732890108,5030.653540783493,4839.615923222786,4860.84228515625,1016874,0.0,0.0
2020-04-01 00:00:00+07:00,4945.747191698917,5200.4638671875,4945.747191698917,5200.4638671875,2187777,0.0,0.0
2020-04-03 00:00:00+07:00,5306.595786598623,5370.27522704668,5200.463986117689,5264.14306640625,2546200,0.0,0.0
2020-04-06 00:00:00+07:00,5306.595783321457,5518.859744311734,5306.595783321457,5455.1806640625,2334559,0.0,0.0
2020-04-07 00:00:00+07:00,5433.954221858247,5455.180581620539,5179.237544551244,5306.595703125,3131522,0.0,0.0
2020-04-08 00:00:00+07:00,5221.690076613283,5667.4443359375,5158.010999612531,5667.4443359375,3867047,0.0,0.0
2020-04-09 00:00:00+07:00,5900.934739415203,6007.0669027499625,5773.576575604899,5816.029296875,5739265,0.0,0.0
2020-04-10 00:00:00+07:00,5858.482018145101,5922.1611000502535,5688.671133064696,5816.029296875,2785069,0.0,0.0
2020-04-13 00:00:00+07:00,5837.255289220862,6113.197960066507,5794.802570629225,5879.7080078125,4829869,0.0,0.0
2020-04-14 00:00:00+07:00,5837.255444368825,6091.971762688736,5731.123645068862,6049.51904296875,3612350,0.0,0.0
2020-04-15 00:00:00+07:00,6113.198337401792,6155.651778932821,6007.06689453125,6007.06689453125,3441036,0.0,0.0
2020-04-16 00:00:00+07:00,5964.613722695464,6070.745157547825,5879.707926526515,5922.16064453125,3522366,0.0,0.0
2020-04-17 00:00:00+07:00,6007.066730605837,6049.519090499878,5837.255490232195,5900.9345703125,3997879,0.0,0.0
2020-04-20 00:00:00+07:00,5922.161115385692,6304.236328125,5879.708394005659,6304.236328125,7037159,0.0,0.0
2020-04-21 00:00:00+07:00,6367.915205657907,6707.5369657895335,6261.783405616773,6283.009765625,12705223,0.0,0.0
2020-04-22 00:00:00+07:00,6283.0099795021415,6665.08447265625,6198.104536579007,6665.08447265625,6014759,0.0,0.0
2020-04-23 00:00:00+07:00,6749.990267843631,6771.217350001216,6495.27392578125,6495.27392578125,3633913,0.0,0.0
2020-04-24 00:00:00+07:00,6431.594610585285,6452.820971665797,6283.010083021704,6367.91552734375,4635933,0.0,0.0
2020-04-27 00:00:00+07:00,6325.462491166857,6325.462491166857,5794.802770178659,5900.9345703125,10719444,0.0,0.0
2020-04-28 00:00:00+07:00,5985.840411603538,6155.651653140995,5985.840411603538,6134.42529296875,2786146,0.0,0.0
2020-04-29 00:00:00+07:00,6049.519244900226,6283.009931472992,6049.519244900226,6070.74560546875,2642075,0.0,0.0
2020-05-04 00:00:00+07:00,5943.387045081011,5985.840123541994,5731.1234535734975,5773.576171875,4684842,0.0,0.0
2020-05-05 00:00:00+07:00,5731.123617956654,5858.481776514117,5667.4445386779225,5688.6708984375,4545392,0.0,0.0
2020-05-06 00:00:00+07:00,5731.123413509939,5922.16064453125,5731.123413509939,5922.16064453125,3052866,0.0,0.0
2020-05-07 00:00:00+07:00,5943.387290366037,5985.840370579069,5879.708210285732,5900.9345703125,2255104,0.0,0.0
2020-05-08 00:00:00+07:00,5900.934654251161,5964.614095396779,5858.48193359375,5858.48193359375,5445909,0.0,0.0
2020-05-11 00:00:00+07:00,5879.7080078125,5943.3870856999565,5816.028929925044,5879.7080078125,3664197,0.0,0.0
2020-05-12 00:00:00+07:00,5943.387092978813,6261.783203125,5879.708015013369,6261.783203125,8614996,0.0,0.0
2020-05-13 00:00:00+07:00,6240.556803932298,6261.783163118498,6070.74521012374,6155.6513671875,4117105,0.0,0.0
2020-05-14 00:00:00+07:00,6049.519341279776,6113.198423999867,5964.6142578125,5964.6142578125,4564001,0.0,0.0
2020-05-15 00:00:00+07:00,5943.387253644337,6007.0666934906885,5794.802734375,5794.802734375,7744520,0.0,0.0
2020-05-18 00:00:00+07:00,5794.802936239949,5858.482018145101,5688.671133064696,5816.029296875,4508576,0.0,0.0
2020-05-19 00:00:00+07:00,5900.9345338530975,5922.160893748717,5794.802734375,5794.802734375,3556108,0.0,0.0
2020-05-20 00:00:00+07:00,5816.029084508832,6134.425202727706,5752.350004928854,6049.51904296875,9684534,0.0,0.0
2020-05-21 00:00:00+07:00,6113.198131212201,6113.198131212201,5985.84033203125,5985.84033203125,3821578,0.0,0.0
2020-05-22 00:00:00+07:00,5964.613774352222,6240.556803932298,5943.387055006542,6155.6513671875,7165541,0.0,0.0
2020-05-25 00:00:00+07:00,6176.878498203273,6580.179373135377,6176.878498203273,6495.27392578125,12610357,0.0,0.0
2020-05-26 00:00:00+07:00,6537.726122454885,6537.726122454885,6346.688881307533,6389.1416015625,5388312,0.0,0.0
2020-05-27 00:00:00+07:00,6410.368336093921,6643.858311133455,6325.462890625,6325.462890625,9296104,0.0,0.0
2020-05-28 00:00:00+07:00,6346.68925199223,6452.821058828382,6240.557445156079,6325.462890625,6032672,0.0,0.0
2020-05-29 00:00:00+07:00,6346.68884564968,6410.36792567436,6283.009765625,6283.009765625,3344258,0.0,0.0
2020-06-01 00:00:00+07:00,6304.236161052566,6516.499762327401,6283.009800925082,6389.1416015625,5752886,0.0,0.0
2020-06-02 00:00:00+07:00,6410.368006362163,6410.368006362163,6113.1982421875,6113.1982421875,7495593,0.0,0.0
2020-06-03 00:00:00+07:00,6113.198048080166,6219.33056640625,6070.745328877323,6219.33056640625,5876021,0.0,0.0
2020-06-04 00:00:00+07:00,6219.330362812814,6261.783080625943,6134.424927186558,6198.10400390625,6050602,0.0,0.0
2020-06-05 00:00:00+07:00,6176.878163984902,6346.689049505033,6176.878163984902,6304.236328125,4518409,0.0,0.0
2020-06-08 00:00:00+07:00,6325.462281090444,6431.594077699518,6240.556843803185,6261.783203125,9738291,0.0,0.0
2020-06-09 00:00:00+07:00,6304.236328125,6389.141770885066,6240.557246054951,6304.236328125,6738295,0.0,0.0
2020-06-10 00:00:00+07:00,6304.236244030013,6410.368046064355,6198.10444199567,6346.68896484375,6376362,0.0,0.0
2020-06-11 00:00:00+07:00,6367.915121933119,6537.725999766273,5943.38720703125,5943.38720703125,11185348,0.0,0.0
2020-06-12 00:00:00+07:00,5837.255444368825,6091.971762688736,5794.80272464884,6049.51904296875,6656079,0.0,0.0
2020-06-15 00:00:00+07:00,6070.7453266226685,6113.198045809744,5773.576292313136,5837.25537109375,5996967,0.0,0.0
2020-06-16 00:00:00+07:00,5900.934720920563,6134.425407493329,5837.255639214994,6070.74560546875,5959420,0.0,0.0
2020-06-17 00:00:00+07:00,6070.745365406116,6091.97172513526,5900.934487572961,5943.38720703125,3098214,0.0,0.0
2020-06-18 00:00:00+07:00,5900.93453231146,6070.745411432053,5879.708172421387,5985.84033203125,2838826,0.0,0.0
2020-06-19 00:00:00+07:00,5985.840721767683,6134.425610832016,5985.840721767683,6091.97216796875,3461555,0.0,0.0
2020-06-22 00:00:00+07:00,6155.651403428867,6516.49951171875,6134.425044117696,6516.49951171875,15358835,0.0,0.0
2020-06-23 00:00:00+07:00,6665.084820489505,6707.537544166568,6346.689392911528,6495.27392578125,9744911,0.0,0.0
2020-06-24 00:00:00+07:00,6580.1791381488665,6580.1791381488665,6325.462805182727,6367.91552734375,5619796,0.0,0.0
2020-06-25 00:00:00+07:00,6240.556919623237,6558.952313318823,6240.556919623237,6474.046875,6562933,0.0,0.0
2020-06-26 00:00:00+07:00,6516.499725715493,6558.952445731947,6240.557045608546,6283.009765625,4428687,0.0,0.0
2020-06-29 00:00:00+07:00,6240.5572103359455,6261.783570904468,5985.840523354161,6070.74560546875,6679013,0.0,0.0
2020-06-30 00:00:00+07:00,6155.651524641675,6176.877884370819,5858.481768114672,5943.38720703125,5323035,0.0,0.0
2020-07-01 00:00:00+07:00,6007.0668009699775,6155.651683057309,5943.387359984264,6113.1982421875,2338520,0.0,0.0
2020-07-02 00:00:00+07:00,6113.198326605796,6134.425407493329,5964.614162785638,6070.74560546875,2636966,0.0,0.0
2020-07-03 00:00:00+07:00,6070.745806696633,6134.425610832016,6070.745806696633,6091.97216796875,2314074,0.0,0.0
2020-07-06 00:00:00+07:00,6113.198129713899,6219.330649457243,6091.971769829028,6176.8779296875,2754194,0.0,0.0
2020-07-07 00:00:00+07:00,6240.557417192599,6240.557417192599,6091.97216796875,6091.97216796875,3891876,0.0,0.0
2020-07-08 00:00:00+07:00,6091.971852305264,6219.33073365773,6049.519131960775,6134.42529296875,2389480,0.0,0.0
2020-07-09 00:00:00+07:00,6198.10400390625,6198.10400390625,6134.424927186558,6198.10400390625,2584425,0.0,0.0
2020-07-10 00:00:00+07:00,6155.6514876019855,6346.688724014778,6155.6514876019855,6219.33056640625,4380732,0.0,0.0
2020-07-13 00:00:00+07:00,6240.556926007671,6325.462364413357,6198.104206804828,6219.33056640625,3263535,0.0,0.0
2020-07-14 00:00:00+07:00,6219.331083788848,6346.68925199223,6198.104722421618,6325.462890625,3221679,0.0,0.0
2020-07-15 00:00:00+07:00,6367.915290655562,6410.3680112386655,6240.55712890625,6240.55712890625,3814593,0.0,0.0
2020-07-16 00:00:00+07:00,6240.556843803185,6325.462281090444,6219.330484481371,6261.783203125,2510583,0.0,0.0
2020-07-17 00:00:00+07:00,6304.235798439071,6304.235798439071,6198.10400390625,6198.10400390625,2961249,0.0,0.0
2020-07-20 00:00:00+07:00,6198.1044036081175,6240.557124158927,6113.1982421875,6113.1982421875,2627271,0.0,0.0
2020-07-21 00:00:00+07:00,6219.33056640625,6261.783285609093,6113.198048080166,6219.33056640625,4111979,0.0,0.0
2020-07-22 00:00:00+07:00,6367.9153252506185,6431.594406471224,6261.783523216275,6346.68896484375,6788579,0.0,0.0
2020-07-23 00:00:00+07:00,6367.915410195049,6367.915410195049,6219.330885364934,6304.236328125,2290688,0.0,0.0
2020-07-24 00:00:00+07:00,6261.783361887661,6283.009721747654,5879.70816408881,6049.51904296875,7016553,0.0,0.0
2020-07-27 00:00:00+07:00,5879.707714024862,5922.160430495292,5646.2177734375,5646.2177734375,9843461,0.0,0.0
2020-07-28 00:00:00+07:00,5731.123653190868,6028.293051811398,5709.897293300794,5985.84033203125,4322909,0.0,0.0
2020-07-29 00:00:00+07:00,5858.481608478006,5900.934326779508,5624.991297660261,5773.576171875,4680411,0.0,0.0
2020-07-30 00:00:00+07:00,5773.576575604899,5922.1611000502535,5773.576575604899,5816.029296875,2509749,0.0,0.0
2020-07-31 00:00:00+07:00,5731.123654688142,5879.708173957478,5688.670934896903,5794.802734375,2500366,0.0,0.0
2020-08-03 00:00:00+07:00,5837.25564952367,6028.29325513726,5837.25564952367,6007.06689453125,3608528,0.0,0.0
2020-08-04 00:00:00+07:00,6049.519244900226,6091.971966037273,5985.840523354161,6070.74560546875,5365707,0.0,0.0
2020-08-05 00:00:00+07:00,5858.48193359375,5922.161014579867,5773.576492278928,5858.48193359375,4822104,0.0,0.0
2020-08-06 00:00:00+07:00,5837.255249327254,5858.481608478006,5773.576171875,5773.576171875,2625534,0.0,0.0
2020-08-07 00:00:00+07:00,5773.575967775386,5858.48140137693,5752.349609375,5752.349609375,3005589,0.0,0.0
2020-08-10 00:00:00+07:00,5773.57637447938,5858.481814061858,5773.57637447938,5794.802734375,4113196,0.0,0.0
2020-08-11 00:00:00+07:00,5858.482093119505,6007.0669796258935,5752.350288586022,5964.6142578125,7369468,0.0,0.0
2020-08-12 00:00:00+07:00,5985.840455725484,6007.06681605419,5858.48193359375,5858.48193359375,3308622,0.0,0.0
2020-08-13 00:00:00+07:00,5900.934916519701,6134.425610832016,5879.708555247584,6091.97216796875,9845250,0.0,0.0
2020-08-14 00:00:00+07:00,6070.745365406116,6091.97172513526,5922.160847302106,5943.38720703125,4528799,0.0,0.0
2020-08-17 00:00:00+07:00,5943.387536746292,5985.840618719197,5879.708454026202,5964.6142578125,2551378,0.0,0.0
2020-08-18 00:00:00+07:00,5985.840323548266,6070.745402828743,5985.840323548266,6049.51904296875,4048944,0.0,0.0
2020-08-19 00:00:00+07:00,6070.745806696633,6134.425610832016,6028.293444311917,6091.97216796875,6145243,0.0,0.0
2020-08-20 00:00:00+07:00,6091.971881912095,6134.4253227819045,6028.293161245382,6113.1982421875,4209782,0.0,0.0
2020-08-21 00:00:00+07:00,6134.425234772165,6537.72607421875,6134.425234772165,6537.72607421875,22723110,0.0,0.0
2020-08-24 00:00:00+07:00,6707.536824034116,6877.348420830163,6665.084104914848,6728.76318359375,10827185,0.0,0.0
2020-08-25 00:00:00+07:00,6749.989504280607,6813.669302911756,6601.404988218857,6622.63134765625,7421003,0.0,0.0
2020-08-26 00:00:00+07:00,6601.404917873954,6834.895589516157,6580.178558662751,6792.44287109375,9220124,0.0,0.0
2020-08-27 00:00:00+07:00,6792.44287109375,6962.253744783379,6749.98943235238,6792.44287109375,5322114,0.0,0.0
2020-08-28 00:00:00+07:00,6834.895286810558,6856.121645081683,6686.31005859375,6686.31005859375,6917586,0.0,0.0
2020-08-31 00:00:00+07:00,6686.31043085614,7153.291059139116,6622.631352497411,7004.70654296875,9956292,0.0,0.0
2020-09-01 00:00:00+07:00,7004.706745402405,7047.159465535094,6962.254025269718,7025.93310546875,3629239,0.0,0.0
2020-09-03 00:00:00+07:00,7068.385372892996,7068.385372892996,6834.895427117529,6877.34814453125,5480607,0.0,0.0
2020-09-04 00:00:00+07:00,6749.989633741261,6877.348513127254,6707.536914052259,6813.66943359375,5045022,0.0,0.0
2020-09-07 00:00:00+07:00,6813.66943359375,7068.385751727766,6813.66943359375,6813.66943359375,6814015,0.0,0.0
2020-09-08 00:00:00+07:00,6856.121988363419,6983.480144366913,6792.442910361672,6898.57470703125,4525654,0.0,0.0
2020-09-09 00:00:00+07:00,6856.121907029995,7195.74365234375,6813.669188865775,7195.74365234375,9737857,0.0,0.0
2020-09-10 00:00:00+07:00,7259.422316718167,7280.64867459305,7132.064169468868,7153.29052734375,4210286,0.0,0.0
2020-09-11 00:00:00+07:00,7110.837811593984,7323.101390342817,7068.385095844217,7153.29052734375,4448285,0.0,0.0
2020-09-14 00:00:00+07:00,7216.969849959622,7301.8752843884595,7153.290774137993,7280.64892578125,7725652,0.0,0.0
2020-09-15 00:00:00+07:00,7344.328289317516,7408.007367633777,7238.196492123746,7259.4228515625,5896888,0.0,0.0
2020-09-16 00:00:00+07:00,7216.9702979748,7259.4230178246,7132.064858275201,7174.517578125,5907191,0.0,0.0
2020-09-17 00:00:00+07:00,7174.516885218633,7216.9696009684,7110.837811593984,7153.29052734375,3999947,0.0,0.0
2020-09-18 00:00:00+07:00,7132.064858275201,7195.7439380499,7132.064858275201,7174.517578125,4024150,0.0,0.0
2020-09-21 00:00:00+07:00,7174.517000116937,7195.743358331756,6941.027059753932,6962.25341796875,10872098,0.0,0.0
2020-09-22 00:00:00+07:00,6898.5751432361685,7132.065110673083,6856.122421884002,7047.15966796875,4608011,0.0,0.0
2020-09-23 00:00:00+07:00,7047.159382371648,7110.838461819203,7025.933022555796,7068.3857421875,4673062,0.0,0.0
2020-09-24 00:00:00+07:00,7025.932940632847,7110.83837890625,7004.706581064496,7110.83837890625,3268192,0.0,0.0
2020-09-25 00:00:00+07:00,7110.83837890625,7132.064738474601,7047.159300201198,7110.83837890625,3500370,0.0,0.0
2020-09-28 00:00:00+07:00,7153.291373878215,7535.366581160557,7153.291373878215,7471.6875,11211254,0.0,0.0
2020-09-29 00:00:00+07:00,7556.592728781383,7683.950887516556,7301.875690992054,7323.10205078125,7861192,0.0,0.0
2020-09-30 00:00:00+07:00,7386.781173801442,7620.271853181402,7280.649374228273,7556.5927734375,7656100,0.0,0.0
2020-10-01 00:00:00+07:00,7599.045493266768,7620.271853181402,7514.140053608233,7556.5927734375,5377556,0.0,0.0
2020-10-02 00:00:00+07:00,7556.592728781383,7577.819088570578,7047.159373521708,7323.10205078125,10700697,0.0,0.0
2020-10-05 00:00:00+07:00,7429.234281174348,7450.460640138196,7301.875407072303,7344.328125,4412511,0.0,0.0
2020-10-06 00:00:00+07:00,7408.007077424508,7429.23415635066,7259.42256717404,7280.64892578125,3526067,0.0,0.0
2020-10-07 00:00:00+07:00,7216.969443369891,7365.553945249402,7216.969443369891,7238.19580078125,4114134,0.0,0.0
2020-10-08 00:00:00+07:00,7280.649536199327,7535.366581160557,7259.423175812475,7471.6875,9084149,0.0,0.0
2020-10-09 00:00:00+07:00,7492.913770986969,7535.366491254159,7365.554889866405,7386.78125,3996993,0.0,0.0
2020-10-12 00:00:00+07:00,7514.140303074923,7514.140303074923,7301.8759765625,7301.8759765625,3916078,0.0,0.0
2020-10-13 00:00:00+07:00,7301.875570440008,7323.101929878761,7216.970132684993,7259.4228515625,3883970,0.0,0.0
2020-10-14 00:00:00+07:00,7259.422316718167,7323.101390342817,7089.611453719101,7153.29052734375,5565986,0.0,0.0
2020-10-15 00:00:00+07:00,7174.517413807484,7344.328289317516,7068.385616613716,7259.4228515625,3883831,0.0,0.0
2020-10-16 00:00:00+07:00,7238.197064241517,7408.007953173651,7153.29161977545,7216.970703125,3795081,0.0,0.0
2020-10-19 00:00:00+07:00,7259.422316718167,7280.64867459305,7153.290527343751,7153.29052734375,3270033,0.0,0.0
2020-10-20 00:00:00+07:00,7153.291054368731,7301.875570440008,7132.064694929977,7259.4228515625,2733223,0.0,0.0
2020-10-21 00:00:00+07:00,7344.328165918519,7365.554525000628,7195.74365234375,7195.74365234375,4210286,0.0,0.0
2020-10-22 00:00:00+07:00,7195.74365234375,7216.97001142586,7132.064575097421,7195.74365234375,1484533,0.0,0.0
2020-10-23 00:00:00+07:00,7259.423255323818,7386.781419039865,7238.196894704477,7301.8759765625,3798313,0.0,0.0
2020-10-26 00:00:00+07:00,7323.101806836409,7344.328165918519,7195.74365234375,7195.74365234375,2400444,0.0,0.0
2020-10-27 00:00:00+07:00,7174.518152938559,7195.7445145640895,7132.0654296875,7132.0654296875,2809950,0.0,0.0
2020-10-28 00:00:00+07:00,7132.064618473008,7132.064618473008,6792.44287109375,6792.44287109375,5457011,0.0,0.0
2020-10-29 00:00:00+07:00,6749.98974609375,6919.801347995232,6707.537025698129,6749.98974609375,3893475,0.0,0.0
2020-10-30 00:00:00+07:00,6877.348347697335,6919.801066365166,6792.442910361672,6898.57470703125,2291661,0.0,0.0
2020-11-02 00:00:00+07:00,7004.706263887526,7301.8752843884595,6983.479905280316,7280.64892578125,5428986,0.0,0.0
2020-11-03 00:00:00+07:00,7259.4234253580335,7280.649786474551,7174.517980891967,7216.970703125,2837644,0.0,0.0
2020-11-04 00:00:00+07:00,7238.197064241517,7280.649786474551,7132.065258658933,7216.970703125,1784508,0.0,0.0
2020-11-05 00:00:00+07:00,7195.743773246239,7450.460806830256,7195.743773246239,7259.4228515625,7204043,0.0,0.0
2020-11-06 00:00:00+07:00,7280.64892578125,7365.554360210089,7195.743491352412,7280.64892578125,3052154,0.0,0.0
2020-11-09 00:00:00+07:00,7323.101422652,7599.04479656185,7323.101422652,7535.36572265625,8875235,0.0,0.0
2020-11-10 00:00:00+07:00,7492.913481795139,7492.913481795139,7323.101886961327,7408.00732421875,7664266,0.0,0.0
2020-11-11 00:00:00+07:00,7408.007610133594,7471.687410853374,7344.328529732809,7386.78125,4891811,0.0,0.0
2020-11-12 00:00:00+07:00,7386.781056018881,7514.139933794929,7259.42289856181,7492.91357421875,5107970,0.0,0.0
2020-11-13 00:00:00+07:00,7471.687333778965,7726.403652754571,7429.234613949697,7556.5927734375,8964732,0.0,0.0
2020-11-16 00:00:00+07:00,7556.592530391527,7577.818889623449,7386.780936217194,7429.234375,5988453,0.0,0.0
2020-11-17 00:00:00+07:00,7429.234779226295,7492.913860386852,7365.554977746736,7471.6875,5137159,0.0,0.0
2020-11-18 00:00:00+07:00,7450.460352110709,7471.686710253967,7365.55419921875,7365.55419921875,7387052,0.0,0.0
2020-11-19 00:00:00+07:00,7344.328125,7429.234281174348,7301.875407072303,7344.328125,3752599,0.0,0.0
2020-11-20 00:00:00+07:00,7344.328697801183,7386.781419039865,7280.649615943159,7301.8759765625,4190461,0.0,0.0
2020-11-23 00:00:00+07:00,7259.42256717404,7365.554360210089,7259.42256717404,7280.64892578125,3207380,0.0,0.0
2020-11-24 00:00:00+07:00,7301.8753404177,7514.1396484375,7259.422622877531,7514.1396484375,6753359,0.0,0.0
2020-11-25 00:00:00+07:00,7514.140131120565,7535.366491254159,7365.554889866405,7386.78125,3044700,0.0,0.0
2020-11-26 00:00:00+07:00,7408.007201891545,7408.007201891545,7301.875407072303,7344.328125,2126114,0.0,0.0
2020-11-27 00:00:00+07:00,7365.554889866405,7386.78125,7323.102169599215,7386.78125,4364538,0.0,0.0
2020-11-30 00:00:00+07:00,7386.780718817298,7386.780718817298,7259.42256717404,7280.64892578125,2821660,0.0,0.0
2020-12-01 00:00:00+07:00,7216.969849959622,7301.8752843884595,7132.064415530784,7280.64892578125,4022742,0.0,0.0
2020-12-02 00:00:00+07:00,7280.649615943159,7408.007779659207,7238.196894704477,7301.8759765625,4021717,0.0,0.0
2020-12-03 00:00:00+07:00,7301.875407072303,7344.328125,7280.649048108456,7344.328125,2617802,0.0,0.0
2020-12-04 00:00:00+07:00,7344.328410570445,7429.23457004621,7301.875690992054,7323.10205078125,4055164,0.0,0.0
2020-12-07 00:00:00+07:00,7344.327841075492,7408.006915505266,7323.101482932234,7365.55419921875,3308744,0.0,0.0
2020-12-08 00:00:00+07:00,7429.234568877614,7705.17724609375,7408.007488772774,7705.17724609375,17835347,0.0,0.0
2020-12-09 00:00:00+07:00,7705.176426202574,7726.402783729779,7577.818281039338,7620.27099609375,6077481,0.0,0.0
2020-12-10 00:00:00+07:00,7641.497512498915,7726.402944373047,7514.139364687718,7535.36572265625,6166319,0.0,0.0
2020-12-11 00:00:00+07:00,7535.366129427518,7577.81884765625,7301.87545885053,7577.81884765625,5725591,0.0,0.0
2020-12-14 00:00:00+07:00,7641.497924999348,7641.497924999348,7535.366129427518,7577.81884765625,4741589,0.0,0.0
2020-12-15 00:00:00+07:00,7556.592609063363,7853.761641404093,7514.139890157545,7641.498046875,10872029,0.0,0.0
2020-12-16 00:00:00+07:00,7726.403484686637,7768.856203592456,7620.271687422091,7641.498046875,4900897,0.0,0.0
2020-12-17 00:00:00+07:00,7641.498213096035,7747.630012669205,7556.5927734375,7556.5927734375,5966284,0.0,0.0
2020-12-18 00:00:00+07:00,7599.045327969182,7641.498046875,7514.139890157545,7641.498046875,5989600,0.0,0.0
2020-12-21 00:00:00+07:00,7726.403725085808,7853.761885765884,7683.951004859116,7768.8564453125,6534438,0.0,0.0
2020-12-22 00:00:00+07:00,7811.309573160228,8299.5166015625,7726.404128276186,8299.5166015625,13638212,0.0,0.0
2020-12-23 00:00:00+07:00,8405.64834563964,8448.10106776839,7959.894042968749,7959.89404296875,5929066,0.0,0.0
2020-12-24 00:00:00+07:00,8066.026329640865,8150.931771382904,7471.68751712758,7832.53564453125,7538143,0.0,0.0
2020-12-25 00:00:00+07:00,7705.1775146852015,8066.026363942421,7683.951154159425,7938.66748046875,6335879,0.0,0.0
2020-12-28 00:00:00+07:00,8066.026363942421,8066.026363942421,7832.535677839865,7938.66748046875,6903234,0.0,0.0
2020-12-29 00:00:00+07:00,7874.988398891419,8066.026363942421,7874.988398891419,7938.66748046875,6531710,0.0,0.0
2020-12-30 00:00:00+07:00,7959.893840994528,8172.158166571307,7917.441119942973,7938.66748046875,6756887,0.0,0.0
2020-12-31 00:00:00+07:00,7981.11962890625,8002.345987909119,7917.440551897643,7981.11962890625,3444007,0.0,0.0
2021-01-04 00:00:00+07:00,8023.572759736036,8257.063441099974,7981.120039546046,8150.931640625,6063269,0.0,0.0
2021-01-05 00:00:00+07:00,8108.478801189083,8193.384240320416,8066.026081623417,8087.25244140625,4069341,0.0,0.0
2021-01-06 00:00:00+07:00,8129.705565033457,8150.931925871279,7981.120318849677,8002.3466796875,7824374,0.0,0.0
2021-01-07 00:00:00+07:00,8044.799202646731,8129.705364219755,7981.120121706213,8108.47900390625,6403988,0.0,0.0
2021-01-08 00:00:00+07:00,8193.3837890625,8278.289223517591,8108.4783546074095,8193.3837890625,5967187,0.0,0.0
2021-01-11 00:00:00+07:00,8235.836346098185,8363.19449530363,8214.609987897278,8278.2890625,5285922,0.0,0.0
2021-01-12 00:00:00+07:00,8278.2890625,8278.2890625,8172.157271495463,8278.2890625,5083506,0.0,0.0
2021-01-13 00:00:00+07:00,8320.741778901815,8448.09992810726,8193.383629696371,8278.2890625,8456121,0.0,0.0
2021-01-14 00:00:00+07:00,8320.7421875,8363.194905986496,8214.610391283757,8320.7421875,3841211,0.0,0.0
2021-01-15 00:00:00+07:00,8384.421469520881,8426.874189041762,8257.063310958236,8341.96875,5608050,0.0,0.0
2021-01-18 00:00:00+07:00,8363.194983848067,8702.817455220904,8320.742264966335,8533.005859375,7466628,0.0,0.0
2021-01-19 00:00:00+07:00,8533.006295509518,8533.006295509518,7938.667480468751,7938.66748046875,5824018,0.0,0.0
2021-01-20 00:00:00+07:00,7981.120404033124,8023.573126161873,7429.235016359387,7959.89404296875,3747561,0.0,0.0
2021-01-21 00:00:00+07:00,8066.026400021392,8193.384563745722,7917.441155357329,8172.158203125,3273230,0.0,0.0
2021-01-22 00:00:00+07:00,8172.158000719995,8278.28980119497,8087.2525603400145,8150.931640625,4305291,0.0,0.0
2021-01-25 00:00:00+07:00,7981.119876721712,8023.572596045617,7832.535359088048,7853.76171875,2633665,0.0,0.0
2021-01-26 00:00:00+07:00,7853.761986963339,7853.761986963339,7450.461139613148,7471.6875,3584760,0.0,0.0
2021-01-27 00:00:00+07:00,7344.328717433915,7471.687601809426,7004.706946616584,7047.15966796875,3976735,0.0,0.0
2021-01-28 00:00:00+07:00,6601.405357971363,6749.989882355507,6558.95263671875,6558.95263671875,5505887,0.0,0.0
2021-01-29 00:00:00+07:00,6113.198036045387,6834.895701710895,6113.198036045387,6728.76318359375,5368104,0.0,0.0
2021-02-01 00:00:00+07:00,6707.537544166568,6771.217350001216,6367.915754750059,6495.27392578125,3610474,0.0,0.0
2021-02-02 00:00:00+07:00,6325.462720872138,6495.273607252861,6261.783638479366,6410.3681640625,5635850,0.0,0.0
2021-02-03 00:00:00+07:00,6495.272926813648,6792.442667167686,6495.272926813648,6771.21630859375,3367575,0.0,0.0
2021-02-04 00:00:00+07:00,6771.21630859375,6898.574460037363,6707.5365125530025,6771.21630859375,2554262,0.0,0.0
2021-02-05 00:00:00+07:00,6834.895829702755,6919.80126953125,6792.443109788507,6919.80126953125,2540710,0.0,0.0
2021-02-08 00:00:00+07:00,6962.254068390853,6962.254068390853,6622.631584906886,6749.98974609375,2701079,0.0,0.0
2021-02-09 00:00:00+07:00,6707.5365125530025,6792.442667167686,6686.310153979067,6771.21630859375,2280089,0.0,0.0
2021-02-17 00:00:00+07:00,6834.896029148649,6983.480553184291,6707.5371453705175,6941.02783203125,3196260,0.0,0.0
2021-02-18 00:00:00+07:00,6962.2540473281,7408.007610133594,6898.574966927315,7386.78125,7106450,0.0,0.0
2021-02-19 00:00:00+07:00,7344.328246275683,7662.724356309985,7323.101886961327,7408.00732421875,3977951,0.0,0.0
2021-02-22 00:00:00+07:00,7386.780557362008,7514.139426540483,7301.875124788976,7365.55419921875,3430646,0.0,0.0
2021-02-23 00:00:00+07:00,7301.875690992054,7365.55477035964,7195.743892046077,7323.10205078125,2930600,0.0,0.0
2021-02-24 00:00:00+07:00,7386.781177373999,7386.781177373999,7110.838498350301,7174.517578125,3464352,0.0,0.0
2021-02-25 00:00:00+07:00,7216.9702979748,7259.4230178246,7089.612138425401,7174.517578125,2195126,0.0,0.0
2021-02-26 00:00:00+07:00,7132.064169468868,7174.516885218633,7004.706022219568,7153.29052734375,2576676,0.0,0.0
2021-03-01 00:00:00+07:00,7195.743703129902,7492.913452695763,7174.517343897981,7429.234375,6859554,0.0,0.0
2021-03-02 00:00:00+07:00,7620.271924519079,7853.761885765884,7450.461043612313,7768.8564453125,10191164,0.0,0.0
2021-03-03 00:00:00+07:00,7768.85656322472,7981.120167579819,7641.498400611659,7832.53564453125,6299566,0.0,0.0
2021-03-04 00:00:00+07:00,7874.988398891419,8193.384527097085,7874.988398891419,7938.66748046875,9529534,0.0,0.0
2021-03-05 00:00:00+07:00,7938.667319356056,8235.83708100498,7726.403718406106,8150.931640625,8257007,0.0,0.0
2021-03-08 00:00:00+07:00,8214.610298256766,8257.063016262504,7853.7614748890355,7981.11962890625,7261954,0.0,0.0
2021-03-09 00:00:00+07:00,7981.119721589815,8150.931315903721,7896.214284592344,8066.02587890625,4369056,0.0,0.0
2021-03-10 00:00:00+07:00,8087.252643592744,8193.384445160273,8087.252643592744,8108.47900390625,4382434,0.0,0.0
2021-03-11 00:00:00+07:00,8150.931640624999,8193.38436081499,8066.026200245019,8150.931640625,4696049,0.0,0.0
2021-03-12 00:00:00+07:00,8193.38505832057,8235.837782124574,8002.347080883495,8044.7998046875,5765118,0.0,0.0
2021-03-15 00:00:00+07:00,8044.798705914857,8129.704862245289,7917.440551897643,7981.11962890625,4312067,0.0,0.0
2021-03-16 00:00:00+07:00,7981.120201520305,8023.572922571859,7917.441119942973,7938.66748046875,3282092,0.0,0.0
2021-03-17 00:00:00+07:00,7981.119913753524,8363.19510976044,7981.119913753524,8341.96875,9592951,0.0,0.0
2021-03-18 00:00:00+07:00,8448.100342959491,8448.100342959491,8320.7421875,8320.7421875,5380788,0.0,0.0
2021-03-19 00:00:00+07:00,8320.7421875,8341.968546743248,8235.836750527005,8320.7421875,3821404,0.0,0.0
2021-03-22 00:00:00+07:00,8235.836346098185,8299.515420700907,8150.9309132945555,8278.2890625,3858238,0.0,0.0
2021-03-23 00:00:00+07:00,8278.289469013504,8384.421265229746,8108.478595067514,8320.7421875,4108261,0.0,0.0
2021-03-24 00:00:00+07:00,8278.289633391963,8320.742352721427,8108.478756074112,8235.8369140625,4985860,0.0,0.0
2021-03-25 00:00:00+07:00,8214.611328125,8257.06405145305,8066.026796476831,8214.611328125,2573375,0.0,0.0
2021-03-26 00:00:00+07:00,8108.4783546074095,8235.836506290045,7938.666765378285,8193.3837890625,3819667,0.0,0.0
2021-03-29 00:00:00+07:00,8193.383629696371,8299.515420700907,8150.9309132945555,8278.2890625,3335953,0.0,0.0
2021-03-30 00:00:00+07:00,8278.290413117073,8341.969498109147,8193.384966460977,8214.611328125,19690832,0.0,0.0
2021-03-31 00:00:00+07:00,8214.611381968456,8448.101361803156,8193.3850201653,8426.875,5071865,0.0,0.0
2021-04-01 00:00:00+07:00,8426.874188371,8766.496664830003,8426.874188371,8724.0439453125,6578605,0.0,0.0
2021-04-02 00:00:00+07:00,8702.817494239576,8702.817494239576,8511.779538096296,8639.1376953125,3350027,0.0,0.0
2021-04-05 00:00:00+07:00,8851.402390493418,8851.402390493418,8384.421740360021,8575.458984375,3416398,0.0,0.0
2021-04-06 00:00:00+07:00,8575.458817678524,8745.270418265467,8426.874297444065,8660.3642578125,3846597,0.0,0.0
2021-04-07 00:00:00+07:00,8681.590706740979,8745.2705078125,8660.364346490138,8745.2705078125,2360187,0.0,0.0
2021-04-08 00:00:00+07:00,8787.722819869545,8787.722819869545,8575.45850690797,8702.8173828125,1813229,0.0,0.0
2021-04-09 00:00:00+07:00,8660.363850884745,8660.363850884745,8490.55297859576,8617.9111328125,2129624,0.0,0.0
2021-04-12 00:00:00+07:00,8702.81769819848,8702.81769819848,8533.006097611535,8660.3642578125,3346030,0.0,0.0
2021-04-13 00:00:00+07:00,8660.364184474955,8660.364184474955,8405.647866230009,8448.1005859375,3380258,0.0,0.0
2021-04-14 00:00:00+07:00,8363.19514652252,8469.326945791247,8150.931547985064,8448.1005859375,2207810,0.0,0.0
2021-04-15 00:00:00+07:00,8533.006753085365,8575.459476413413,8193.384966460977,8214.611328125,3025640,0.0,0.0
2021-04-16 00:00:00+07:00,8129.704956654354,8235.836752901192,8023.57244008855,8066.02587890625,2238563,0.0,0.0
2021-04-19 00:00:00+07:00,8066.026194384387,8150.931634702676,7896.214593428815,8023.57275390625,2177925,0.0,0.0
2021-04-20 00:00:00+07:00,8044.799119831031,8235.83708100498,8044.799119831031,8150.931640625,1985761,0.0,0.0
2021-04-22 00:00:00+07:00,8150.93180604553,8150.93180604553,7896.214759417197,7938.66748046875,3096007,0.0,0.0
2021-04-23 00:00:00+07:00,7938.667597174031,8002.3466796875,7386.781495071614,8002.3466796875,2890986,0.0,0.0
2021-04-26 00:00:00+07:00,8172.157748506362,8172.157748506362,7768.856198829378,7896.21435546875,1121540,0.0,0.0
2021-04-27 00:00:00+07:00,7896.21435546875,8087.25231074678,7811.308917709169,7896.21435546875,1732263,0.0,0.0
2021-04-28 00:00:00+07:00,7938.66700309108,8129.704956654354,7853.761566093609,8066.02587890625,2630190,0.0,0.0
2021-04-29 00:00:00+07:00,8108.478801189083,8172.157880537583,8002.346281955934,8087.25244140625,1568940,0.0,0.0
2021-05-04 00:00:00+07:00,7853.762038365642,7981.120201520305,7811.309317314088,7938.66748046875,1482413,0.0,0.0
2021-05-05 00:00:00+07:00,7938.667313587961,8066.026194384387,7874.988233349243,8023.57275390625,1888288,0.0,0.0
2021-05-06 00:00:00+07:00,8066.025911196668,8066.025911196668,7790.08251953125,7790.08251953125,1361833,0.0,0.0
2021-05-07 00:00:00+07:00,7768.856731990368,7790.0830928869855,7535.366762127572,7747.63037109375,3314061,0.0,0.0
2021-05-10 00:00:00+07:00,7492.914040334336,7747.63037109375,7492.914040334336,7747.63037109375,2070375,0.0,0.0
2021-05-11 00:00:00+07:00,7747.630002371983,7938.667241349784,7662.7245628262945,7811.30908203125,1716973,0.0,0.0
2021-05-12 00:00:00+07:00,7811.309165539192,7811.309165539192,7641.498284632425,7768.8564453125,1791510,0.0,0.0
2021-05-13 00:00:00+07:00,7768.8564453125,7874.988245879229,7726.403725085808,7768.8564453125,1093566,0.0,0.0
2021-05-14 00:00:00+07:00,7938.667906173639,8278.290413117073,7832.536097853517,8214.611328125,4531510,0.0,0.0
2021-05-17 00:00:00+07:00,8257.063016262504,8257.063016262504,7938.666910900511,7981.11962890625,1833905,0.0,0.0
2021-05-18 00:00:00+07:00,7874.98876953125,8023.573300204887,7874.98876953125,7874.98876953125,815397,0.0,0.0
2021-05-19 00:00:00+07:00,7832.535115319162,7853.761474320495,7662.724243308503,7726.4033203125,2646349,0.0,0.0
2021-05-20 00:00:00+07:00,7705.176961311167,7853.761474320495,7705.176961311167,7726.4033203125,1100864,0.0,0.0
2021-05-21 00:00:00+07:00,7726.403560778288,7981.119876721712,7705.177201116336,7853.76171875,1207371,0.0,0.0
2021-05-24 00:00:00+07:00,7896.215271373484,8044.799804687499,7832.536185667477,8044.7998046875,2498142,0.0,0.0
2021-05-25 00:00:00+07:00,8023.57244008855,8257.06311215056,8002.346080839183,8066.02587890625,2250552,0.0,0.0
2021-05-26 00:00:00+07:00,8066.025785236682,8066.025785236682,7938.666910900511,7981.11962890625,896363,0.0,0.0
2021-05-27 00:00:00+07:00,7981.119876721712,8108.478755012403,7768.856280102192,7853.76171875,2086881,0.0,0.0
2021-05-28 00:00:00+07:00,7853.761566093609,8129.704956654354,7811.308847594874,8066.02587890625,2852239,0.0,0.0
2021-05-31 00:00:00+07:00,7981.1200337471055,8023.57275390625,7853.761873269671,8023.57275390625,1309882,0.0,0.0
2021-06-01 00:00:00+07:00,8044.798705914857,8108.478503242421,7981.11962890625,7981.11962890625,1313357,0.0,0.0
2021-06-02 00:00:00+07:00,7853.761028504376,8363.1943359375,7853.761028504376,8363.1943359375,3928953,0.0,0.0
2021-06-03 00:00:00+07:00,8490.553305644991,8533.006025352483,8320.742426815028,8448.1005859375,4549927,0.0,0.0
2021-06-04 00:00:00+07:00,8469.326945791247,8490.553305644991,8320.742426815028,8448.1005859375,3192959,0.0,0.0
2021-06-07 00:00:00+07:00,8405.647829281323,8490.553268323085,8278.289670718677,8341.96875,2725578,0.0,0.0
2021-06-08 00:00:00+07:00,8405.647542451266,8915.080879637182,8405.647542451266,8617.9111328125,8003161,0.0,0.0
2021-06-09 00:00:00+07:00,8617.911501709204,8702.817661807132,8469.32698209606,8554.232421875,2585885,0.0,0.0
2021-06-10 00:00:00+07:00,8660.365020921105,9127.345703125,8490.554125690254,9127.345703125,7264560,0.0,0.0
2021-06-11 00:00:00+07:00,9127.345472898174,9339.609086582632,8915.081859213717,8999.9873046875,4021561,0.0,0.0
2021-06-14 00:00:00+07:00,8999.986934141449,9297.15598106469,8978.76057364693,9063.666015625,3361147,0.0,0.0
2021-06-15 00:00:00+07:00,9042.4404296875,9233.47769050202,8915.082255811154,9042.4404296875,4728366,0.0,0.0
2021-06-16 00:00:00+07:00,8957.534980436603,9212.251328189295,8957.534980436603,9042.4404296875,3671286,0.0,0.0
2021-06-17 00:00:00+07:00,8957.53349088711,9212.249796282991,8957.53349088711,9191.0234375,4937558,0.0,0.0
2021-06-18 00:00:00+07:00,9275.929864971513,9827.815972689014,9254.703503917724,9679.2314453125,9181691,0.0,0.0
2021-06-21 00:00:00+07:00,9764.1371206376,10061.30690274344,9551.8735050756,9806.58984375,6231109,0.0,0.0
2021-06-22 00:00:00+07:00,9806.589611635223,9849.0423337428,9615.552362151138,9679.2314453125,3808894,0.0,0.0
2021-06-23 00:00:00+07:00,9679.231004992218,9827.815525609434,9424.51468393413,9530.646484375,4294518,0.0,0.0
2021-06-24 00:00:00+07:00,9488.19413435376,9551.873217102542,9318.382526704654,9466.9677734375,3280528,0.0,0.0
2021-06-25 00:00:00+07:00,9424.514718648898,9700.45740081158,9297.15583733174,9636.7783203125,3932950,0.0,0.0
2021-06-28 00:00:00+07:00,9764.136109323075,9912.720624826925,9636.777953176925,9700.45703125,3415529,0.0,0.0
2021-06-29 00:00:00+07:00,9742.910932245964,9912.72182771368,9679.231846445571,9721.6845703125,4630373,0.0,0.0
2021-06-30 00:00:00+07:00,9764.136311971792,10231.116947851897,9721.683592375328,10103.7587890625,10703894,0.0,0.0
2021-07-01 00:00:00+07:00,10103.7587890625,10422.15418603599,10082.532429264267,10103.7587890625,5474960,0.0,0.0
2021-07-02 00:00:00+07:00,10124.984535612895,10252.342686688493,10040.0791015625,10040.0791015625,6198966,0.0,0.0
2021-07-05 00:00:00+07:00,9849.041885697608,9849.041885697608,9466.967404110475,9530.646484375,4642361,0.0,0.0
2021-07-06 00:00:00+07:00,9466.967729463622,9700.457698457933,8872.62890625,8872.62890625,4285137,0.0,0.0
2021-07-07 00:00:00+07:00,9254.70387454814,9254.70387454814,8575.45957330568,9127.345703125,4922963,0.0,0.0
2021-07-08 00:00:00+07:00,9042.439171706936,9148.570968505544,8787.722859390278,8808.94921875,2040491,0.0,0.0
2021-07-09 00:00:00+07:00,8702.81769819848,8872.628578466432,8490.553377544547,8660.3642578125,2312927,0.0,0.0
2021-07-12 00:00:00+07:00,8511.779255088903,8575.458331579744,8066.025719653009,8405.6474609375,7267340,0.0,0.0
2021-07-13 00:00:00+07:00,8235.83695054224,8724.0439453125,8235.83695054224,8724.0439453125,1966475,0.0,0.0
2021-07-14 00:00:00+07:00,8702.81824608474,8808.950052933744,8299.516659739495,8511.7802734375,1554519,0.0,0.0
2021-07-15 00:00:00+07:00,8448.100938885267,8766.4970703125,8405.64821740417,8766.4970703125,1112157,0.0,0.0
2021-07-16 00:00:00+07:00,8766.497719622084,9106.119516625671,8702.818632683911,9042.4404296875,2804285,0.0,0.0
2021-07-19 00:00:00+07:00,8872.628500946077,8978.760300186272,8617.911462450626,8830.17578125,2278525,0.0,0.0
2021-07-20 00:00:00+07:00,8830.176853071882,9254.7041015625,8830.176853071882,9254.7041015625,2338120,0.0,0.0
2021-07-21 00:00:00+07:00,9424.51410443184,9424.51410443184,9148.57071993402,9191.0234375,1640350,0.0,0.0
2021-07-22 00:00:00+07:00,9191.024527968451,9488.19430650695,9191.024527968451,9382.0625,6124775,0.0,0.0
2021-07-23 00:00:00+07:00,9382.061319568233,9509.419471352632,9339.607881987824,9360.8349609375,3670244,0.0,0.0
2021-07-26 00:00:00+07:00,9297.154938948148,9764.135537802758,9254.702222717631,9742.9091796875,4020171,0.0,0.0
2021-07-27 00:00:00+07:00,9955.17396489279,9976.40032557532,9721.683997384936,9764.13671875,3349332,0.0,0.0
2021-07-28 00:00:00+07:00,9658.005144147968,9933.947839558325,9658.005144147968,9891.4951171875,6087420,0.0,0.0
2021-07-29 00:00:00+07:00,9955.173621463837,10316.0224609375,9933.947261513562,10316.0224609375,8241543,0.0,0.0
2021-07-30 00:00:00+07:00,10443.381041558268,11037.719864439709,10400.928319946666,10846.6826171875,13882606,0.0,0.0
2021-08-02 00:00:00+07:00,10846.68130361656,11504.699129227149,10846.68130361656,11292.435546875,9576098,0.0,0.0
2021-08-03 00:00:00+07:00,11356.11587321478,11610.83220011136,11080.172465424474,11525.9267578125,11913872,0.0,0.0
2021-08-04 00:00:00+07:00,11377.34147054399,11632.057780353009,11271.208954471273,11547.15234375,8142680,0.0,0.0
2021-08-05 00:00:00+07:00,11462.247514460438,12268.850645563807,11419.794793909628,12226.396484375,7166740,0.0,0.0
2021-08-06 00:00:00+07:00,12311.302734375,12650.924481354194,12120.264061061278,12311.302734375,7942350,0.0,0.0
2021-08-09 00:00:00+07:00,12502.341198834658,13160.3583984375,12396.209392447105,13160.3583984375,14782618,0.0,0.0
2021-08-10 00:00:00+07:00,13966.960698805244,14073.092498590864,13499.97933911054,13839.6025390625,17010062,0.0,0.0
2021-08-11 00:00:00+07:00,14009.412802092367,14794.7880859375,13584.885621635542,14794.7880859375,12632665,0.0,0.0
2021-08-12 00:00:00+07:00,14794.78830275654,15282.996008074537,13797.149414062502,13797.1494140625,17730594,0.0,0.0
2021-08-13 00:00:00+07:00,13584.886146166866,14752.3359375,13521.205626001634,14752.3359375,16640154,0.0,0.0
2021-08-16 00:00:00+07:00,15282.996369923683,15771.2026461628,15070.732771558847,15516.486328125,12545619,0.0,0.0
2021-08-17 00:00:00+07:00,15155.637937032545,15452.806969373274,14900.921623597633,15282.99609375,10450743,0.0,0.0
2021-08-18 00:00:00+07:00,15113.185702775509,15558.939265581004,14646.20433919843,14773.5625,13075896,0.0,0.0
2021-08-19 00:00:00+07:00,14646.203773922654,15155.637838105124,14582.524695979588,14816.0146484375,8370637,0.0,0.0
2021-08-20 00:00:00+07:00,14858.46949445517,15452.807582727137,14646.204450862895,15346.67578125,16577431,0.0,0.0
2021-08-23 00:00:00+07:00,15452.806959899171,16132.05190261377,15452.806959899171,15792.4287109375,11542574,0.0,0.0
2021-08-24 00:00:00+07:00,15580.164624897212,15749.975495057894,14858.468426714318,15028.279296875,10818219,0.0,0.0
2021-08-25 00:00:00+07:00,15070.73223595293,15070.73223595293,14030.639200291636,14391.4873046875,13303679,0.0,0.0
2021-08-26 00:00:00+07:00,14476.39408065954,15389.12904629255,14476.39408065954,15198.091796875,12041750,0.0,0.0
2021-08-27 00:00:00+07:00,14985.827367469832,15622.618164062502,14879.69556803772,15622.6181640625,10091955,0.0,0.0
2021-08-30 00:00:00+07:00,16047.146512081086,16047.146512081086,15410.35566984203,15431.58203125,12846549,0.0,0.0
2021-08-31 00:00:00+07:00,15325.449125652587,15834.881762926723,15070.73280701552,15622.6181640625,11772789,0.0,0.0
2021-09-01 00:00:00+07:00,15495.260864650008,16259.411303605544,15452.80814252126,15919.7880859375,14851248,0.0,0.0
2021-09-06 00:00:00+07:00,15962.240092891916,16047.1455333453,15537.712890625,15537.712890625,12078064,0.0,0.0
2021-09-07 00:00:00+07:00,15367.90282865606,15622.61916358975,14879.696520033154,15007.0546875,13503489,0.0,0.0
2021-09-08 00:00:00+07:00,14837.24150765864,15240.542309060764,14709.881919209598,15070.7314453125,7582865,0.0,0.0
2021-09-09 00:00:00+07:00,15240.543706362803,15282.99642619207,15028.280107216466,15113.185546875,4720548,0.0,0.0
2021-09-10 00:00:00+07:00,15113.185060783057,15155.637779246896,14816.014590898229,14858.46875,10685129,0.0,0.0
2021-09-13 00:00:00+07:00,14900.921947728662,15452.807305509144,14879.695587814029,15113.185546875,7701014,0.0,0.0
2021-09-14 00:00:00+07:00,15325.44856822743,15622.617595828557,15113.184977083769,15155.6376953125,6377404,0.0,0.0
2021-09-15 00:00:00+07:00,14985.828326255523,15155.63921621132,14900.92288127763,15007.0546875,5551409,0.0,0.0
2021-09-16 00:00:00+07:00,14943.375949301451,15198.092290124934,14773.563614781033,14837.244140625,6354469,0.0,0.0
2021-09-17 00:00:00+07:00,14837.242308597008,15198.090413541231,14433.94004478613,15155.6376953125,19640254,0.0,0.0
2021-09-20 00:00:00+07:00,15495.25860468316,15686.295826399955,15070.7314453125,15070.7314453125,8939487,0.0,0.0
2021-09-21 00:00:00+07:00,14816.01616598199,15028.281221504929,14582.526189608643,14922.1494140625,7884144,0.0,0.0
2021-09-22 00:00:00+07:00,15070.732193872353,15070.732193872353,14709.882649846137,14794.7880859375,5926356,0.0,0.0
2021-09-23 00:00:00+07:00,14858.468603643938,15070.732193872353,14773.56172691466,14794.7880859375,5828709,0.0,0.0
2021-09-24 00:00:00+07:00,14794.788620086869,14900.92185967081,14264.129625356982,14646.2041015625,9575924,0.0,0.0
2021-09-27 00:00:00+07:00,14646.204573985313,14646.204573985313,13669.7919921875,13669.7919921875,10956349,0.0,0.0
2021-09-28 00:00:00+07:00,13584.886484889012,14221.677296039214,13372.621440534274,14073.0927734375,6801349,0.0,0.0
2021-09-29 00:00:00+07:00,14073.092815298158,15049.506835937498,13712.244687906365,15049.5068359375,12366311,0.0,0.0
2021-09-30 00:00:00+07:00,15240.5436861069,15856.108122813146,15007.053727356251,15622.6181640625,16298914,0.0,0.0
2021-10-01 00:00:00+07:00,15622.618087820869,16556.5793589035,15601.391728038036,16174.5048828125,23099308,0.0,0.0
2021-10-04 00:00:00+07:00,16450.448553184913,16535.353997442413,15919.788085937498,15919.7880859375,13994674,0.0,0.0
2021-10-05 00:00:00+07:00,15919.786724680896,16450.447146553015,15665.070413688483,16132.0517578125,13709032,0.0,0.0
2021-10-06 00:00:00+07:00,16132.053337889758,16344.3169511739,15877.335561310716,16195.732421875,12741605,0.0,0.0
2021-10-07 00:00:00+07:00,16216.957840870018,16959.880444194845,16047.145519472071,16301.86328125,12815622,0.0,0.0
2021-10-08 00:00:00+07:00,16216.95816998795,16407.995414719946,15537.713192525069,15877.3349609375,16573609,0.0,0.0
2021-10-11 00:00:00+07:00,15898.5609518105,16110.824552132995,15643.84463142351,15941.013671875,7428230,0.0,0.0
2021-10-12 00:00:00+07:00,16089.598805443204,16450.448380385165,15962.24064039476,16259.4111328125,10258752,0.0,0.0
2021-10-13 00:00:00+07:00,16216.957341115336,17193.3698753952,16174.504622233604,17066.01171875,22327608,0.0,0.0
2021-10-14 00:00:00+07:00,17320.728041867234,18254.689298433183,17129.69080679105,17830.162109375,18631823,0.0,0.0
2021-10-15 00:00:00+07:00,18021.19848994644,18594.31016799996,17639.124037910762,18148.556640625,16119606,0.0,0.0
2021-10-18 00:00:00+07:00,18254.689218291645,18445.72645252914,17617.8984375,17617.8984375,18665739,0.0,0.0
2021-10-19 00:00:00+07:00,17617.89859637348,18806.576171875,17405.63500086213,18806.576171875,15468052,0.0,0.0
2021-10-20 00:00:00+07:00,18870.25507855769,19676.85673415,18806.57600048461,19400.9140625,13747952,0.0,0.0
2021-10-21 00:00:00+07:00,19528.27356483129,20101.386747634588,19040.06726594977,19952.80078125,10911870,0.0,0.0
2021-10-22 00:00:00+07:00,20334.87685868084,20334.87685868084,19358.462813460625,19761.763671875,14625377,0.0,0.0
2021-10-25 00:00:00+07:00,19528.27351073048,19761.76347911392,19018.84085243935,19124.97265625,15259556,0.0,0.0
2021-10-26 00:00:00+07:00,19061.290585493218,19825.439453125,18721.66886654576,19825.439453125,9699980,0.0,0.0
2021-10-27 00:00:00+07:00,19952.80030818713,20080.159910731203,19507.0467415159,19698.083984375,8692418,0.0,0.0
2021-10-28 00:00:00+07:00,19740.53604757415,20950.439986025307,19528.27245146657,20801.85546875,14658737,0.0,0.0
2021-10-29 00:00:00+07:00,20759.402749528486,21141.477222522128,20589.59187264242,20801.85546875,8823771,0.0,0.0
2021-11-01 00:00:00+07:00,21099.02384460383,21693.36333578814,20801.854819330627,21141.4765625,8231987,0.0,0.0
2021-11-02 00:00:00+07:00,20992.893520927548,21650.91213506637,20674.4981143949,20886.76171875,16050107,0.0,0.0
2021-11-03 00:00:00+07:00,20886.761961820088,20950.44104386768,19528.2734375,19528.2734375,17422018,0.0,0.0
2021-11-04 00:00:00+07:00,19719.30908310888,20377.32765149678,19613.17728831049,19974.025390625,6866157,0.0,0.0
2021-11-05 00:00:00+07:00,20249.9700508123,21353.7421875,19910.346857543653,21353.7421875,15982346,0.0,0.0
2021-11-08 00:00:00+07:00,21863.173913373503,22627.324265866788,21608.457609421705,22075.4375,10823432,0.0,0.0
2021-11-09 00:00:00+07:00,22117.89338132853,22245.25155152324,21693.366147346173,22202.798828125,7181509,0.0,0.0
2021-11-10 00:00:00+07:00,22287.70191639978,23009.39957843664,22202.79647858814,22924.494140625,9722740,0.0,0.0
2021-11-11 00:00:00+07:00,22924.49262763573,23179.208924259663,22330.15316154202,22415.05859375,9452390,0.0,0.0
2021-11-12 00:00:00+07:00,22457.512451662245,22669.77748361224,22075.43798730051,22330.154296875,6462193,0.0,0.0
2021-11-15 00:00:00+07:00,22415.05973339983,22924.49379318673,21693.363522938773,22330.154296875,11967734,0.0,0.0
2021-11-16 00:00:00+07:00,22499.96673103956,22882.042662548785,21990.534076544616,22287.703125,8166831,0.0,0.0
2021-11-17 00:00:00+07:00,22372.608432676887,22415.061153629125,21863.17578125,21863.17578125,7278807,0.0,0.0
2021-11-18 00:00:00+07:00,21650.91164012618,21863.17523962893,20334.875882571152,20632.044921875,27903169,0.0,0.0
2021-11-19 00:00:00+07:00,20377.329305439314,21183.93101137554,19188.651666579484,19528.2734375,16890872,0.0,0.0
2021-11-22 00:00:00+07:00,19782.98787355469,20165.063769934808,19400.913417812462,19740.53515625,6835942,0.0,0.0
2021-11-23 00:00:00+07:00,19740.537195770867,20929.21484375,19591.95266985323,20929.21484375,7368461,0.0,0.0
2021-11-24 00:00:00+07:00,20929.213549397355,21056.57170659324,20398.55456108117,20589.591796875,6379316,0.0,0.0
2021-11-25 00:00:00+07:00,20674.49731108545,21141.477222522128,20504.68643419939,20801.85546875,6279063,0.0,0.0
2021-11-26 00:00:00+07:00,21141.47715146787,21650.91122105185,20801.85539883717,21353.7421875,10341456,0.0,0.0
2021-11-29 00:00:00+07:00,21014.118654100224,21183.92952766704,20632.044188574888,20759.40234375,5006883,0.0,0.0
2021-11-30 00:00:00+07:00,20801.855793482737,21778.269791458115,20801.855793482737,21396.1953125,11148166,0.0,0.0
2021-12-01 00:00:00+07:00,21396.194810029137,22415.06006332362,21396.194810029137,22160.34375,10245027,0.0,0.0
2021-12-02 00:00:00+07:00,22202.797789791915,22627.32644455892,21120.251953125,21120.251953125,10837506,0.0,0.0
2021-12-03 00:00:00+07:00,21268.83785849541,21438.648743666265,20165.06566424686,20292.423828125,11968950,0.0,0.0
2021-12-06 00:00:00+07:00,20080.15913308426,20292.42272804068,18891.48156069037,19209.876953125,11437282,0.0,0.0
2021-12-07 00:00:00+07:00,19570.724158184737,20080.158203125,19146.19698793275,20080.158203125,5590328,0.0,0.0
2021-12-08 00:00:00+07:00,20292.423828125,20589.592877173985,20058.93386101508,20292.423828125,4154651,0.0,0.0
2021-12-09 00:00:00+07:00,20249.970118870297,20801.85546875,20122.61196120575,20801.85546875,3914358,0.0,0.0
2021-12-10 00:00:00+07:00,20801.856186565343,21863.17564436444,20759.403465878902,21438.6484375,9612411,0.0,0.0
2021-12-13 00:00:00+07:00,21820.722326482155,21820.722326482155,21056.57193440165,21226.3828125,4648616,0.0,0.0
2021-12-14 00:00:00+07:00,21141.47795205689,22117.89196848309,20865.53526759501,21438.6484375,10211319,0.0,0.0
2021-12-15 00:00:00+07:00,21820.722992657586,21990.53387594016,21438.648505271776,21650.912109375,8032003,0.0,0.0
2021-12-16 00:00:00+07:00,21820.72148947665,21820.72148947665,20992.8920498634,21141.4765625,7142068,0.0,0.0
2021-12-17 00:00:00+07:00,21035.347111433704,21608.46030752391,20759.40441436416,21183.931640625,10525107,0.0,0.0
2021-12-20 00:00:00+07:00,21311.28987273153,21735.81707157388,21014.11939290391,21396.1953125,5561139,0.0,0.0
2021-12-21 00:00:00+07:00,21608.45987483189,22882.04296875,21438.64898772788,22882.04296875,21519681,0.0,0.0
2021-12-22 00:00:00+07:00,23349.021329683183,23476.37948640064,22797.135983907545,22924.494140625,8919853,0.0,0.0
2021-12-23 00:00:00+07:00,22924.49436639144,24070.719228774808,22669.77805044801,23561.28515625,12750814,0.0,0.0
2021-12-24 00:00:00+07:00,23561.28623639071,23985.814889729747,22966.94813860929,23264.1171875,7611708,0.0,0.0
2021-12-27 00:00:00+07:00,23306.568257548468,23561.28456712296,21863.17439598844,22330.154296875,11870956,0.0,0.0
2021-12-28 00:00:00+07:00,22245.25155152324,22754.68567294016,22117.89338132853,22202.798828125,7540471,0.0,0.0
2021-12-29 00:00:00+07:00,22627.325276551088,22882.041591880185,20801.85546875,20801.85546875,17137941,0.0,0.0
2021-12-30 00:00:00+07:00,21099.02483267238,21608.45891192117,20419.781314524625,21396.1953125,9083871,0.0,0.0
2021-12-31 00:00:00+07:00,21650.911448383817,21650.911448383817,21014.119214877075,21226.3828125,4437861,0.0,0.0
2022-01-04 00:00:00+07:00,21438.64770168683,21650.911297833776,20971.6663495256,21566.005859375,7332669,0.0,0.0
2022-01-05 00:00:00+07:00,21481.100570285475,21905.627765531328,21141.47737345083,21226.3828125,7728293,0.0,0.0
2022-01-06 00:00:00+07:00,21014.120222800542,21523.55432216808,20716.951171875,20716.951171875,9627180,0.0,0.0
2022-01-07 00:00:00+07:00,20674.49786087109,20801.856021922405,19740.53657252347,19889.12109375,17973841,0.0,0.0
2022-01-10 00:00:00+07:00,19931.57404062424,20165.065445843287,18530.6328125,18530.6328125,13512002,0.0,0.0
2022-01-11 00:00:00+07:00,18339.594966682285,19231.103515544244,17830.16233341143,18466.953125,9886932,0.0,0.0
2022-01-12 00:00:00+07:00,18466.95186273726,18891.48046875,18084.877413899867,18891.48046875,5239532,0.0,0.0
2022-01-13 00:00:00+07:00,19103.748158859653,19528.27541551048,18339.59765625,18339.59765625,3977777,0.0,0.0
2022-01-14 00:00:00+07:00,18254.68928807647,18339.59472583994,17066.01171875,17066.01171875,11647169,0.0,0.0
2022-01-17 00:00:00+07:00,17363.180589270454,17617.898340827367,16641.484375,16641.484375,7904820,0.0,0.0
2022-01-18 00:00:00+07:00,16514.126005638456,17787.708984375,16514.126005638456,17787.708984375,7317727,0.0,0.0
2022-01-19 00:00:00+07:00,18212.238682442287,18466.955025288564,18042.42778721144,18254.69140625,4950590,0.0,0.0
2022-01-20 00:00:00+07:00,18212.237739987027,18466.954069652125,17872.615967100228,18360.822265625,3344640,0.0,0.0
2022-01-21 00:00:00+07:00,18466.95420978089,18466.95420978089,17893.8424636856,18169.78515625,3711769,0.0,0.0
2022-01-24 00:00:00+07:00,17830.164718157943,17851.391080716545,16917.4296875,16917.4296875,5553841,0.0,0.0
2022-01-25 00:00:00+07:00,16556.578646147933,17617.89803023809,16556.578646147933,17575.4453125,3340297,0.0,0.0
2022-01-26 00:00:00+07:00,17787.709876999852,17957.52075726781,17214.59671545753,17320.728515625,3326744,0.0,0.0
2022-01-27 00:00:00+07:00,17066.012763694915,17872.615912473768,17023.56004221382,17532.994140625,2945542,0.0,0.0
2022-01-28 00:00:00+07:00,17490.540348205275,17787.709380377408,17044.785359309135,17066.01171875,2590576,0.0,0.0
2022-02-07 00:00:00+07:00,17257.049617804005,18169.7845495231,17257.049617804005,18106.10546875,3529681,0.0,0.0
2022-02-08 00:00:00+07:00,18169.785442923003,18933.93589041112,17830.16366210076,18764.125,5450635,0.0,0.0
2022-02-09 00:00:00+07:00,18764.124829506247,19040.067523917063,18466.95433334885,18594.3125,5519960,0.0,0.0
2022-02-10 00:00:00+07:00,18615.5383607385,19273.55697805382,18339.595673744792,19103.74609375,9109759,0.0,0.0
2022-02-11 00:00:00+07:00,19294.783336168763,20165.06555875457,19188.651533492204,19719.310546875,10589915,0.0,0.0
2022-02-14 00:00:00+07:00,19400.9140625,20165.064440014867,19316.00862506923,19400.9140625,8880586,0.0,0.0
2022-02-15 00:00:00+07:00,19528.273900150056,20122.61345397965,19316.010288295936,19782.990234375,7105234,0.0,0.0
2022-02-16 00:00:00+07:00,20037.70795785642,20632.046069523927,19910.348350432465,20547.140625,14148614,0.0,0.0
2022-02-17 00:00:00+07:00,20716.94987624655,20844.308032964003,20292.42268718836,20377.328125,7820726,0.0,0.0
2022-02-18 00:00:00+07:00,20249.970513078733,20886.761313797942,20165.06507298284,20844.30859375,11694429,0.0,0.0
2022-02-21 00:00:00+07:00,20844.308521377752,21099.02484078105,20462.2340422728,20632.044921875,8068142,0.0,0.0
2022-02-22 00:00:00+07:00,20228.74508626604,20610.819584323785,19910.34823057987,20122.61328125,9863824,0.0,0.0
2022-02-23 00:00:00+07:00,20419.782467546403,21523.5546875,20377.32974526504,21523.5546875,17668045,0.0,0.0
2022-02-24 00:00:00+07:00,21566.004625635887,23009.3984375,21162.702375390683,23009.3984375,26220771,0.0,0.0
2022-02-25 00:00:00+07:00,23349.022908286024,23943.3624537881,22882.04296875,22882.04296875,16357814,0.0,0.0
2022-02-28 00:00:00+07:00,23221.664072776537,24452.79296875,23179.211352225728,24452.79296875,16807994,0.0,0.0
2022-03-01 00:00:00+07:00,25174.491295518183,25471.660329884653,24028.26643660958,24113.171875,18671090,0.0,0.0
2022-03-02 00:00:00+07:00,24495.24872228652,25386.755859375,24198.07679531434,25386.755859375,18610973,0.0,0.0
2022-03-03 00:00:00+07:00,25471.66245343784,26023.547848985832,24962.229780624315,25301.8515625,14542326,0.0,0.0
2022-03-04 00:00:00+07:00,25047.132248191712,25768.8284488737,24792.41594206866,25599.017578125,12844986,0.0,0.0
2022-03-07 00:00:00+07:00,26702.78877823701,27382.03515625,26065.99800004595,27382.03515625,11696166,0.0,0.0
2022-03-08 00:00:00+07:00,27424.490464581704,28231.09219312712,25896.18957132478,26320.716796875,19220132,0.0,0.0
2022-03-09 00:00:00+07:00,27084.865486846105,28146.18342543593,25981.091949436894,27721.65625,17579955,0.0,0.0
2022-03-10 00:00:00+07:00,27084.86759165733,27976.374729353327,26617.884781111985,27127.3203125,11469426,0.0,0.0
2022-03-11 00:00:00+07:00,27806.564179705503,28867.882213509663,27382.03696618384,28188.638671875,14747174,0.0,0.0
2022-03-14 00:00:00+07:00,28231.091327023834,28698.07126080257,26235.810546875,26235.810546875,18542169,0.0,0.0
2022-03-15 00:00:00+07:00,25896.18884109693,26532.97966146585,25259.398020728,26448.07421875,13777315,0.0,0.0
2022-03-16 00:00:00+07:00,26787.6953125,27382.03627776388,26532.9789907909,26787.6953125,5484863,0.0,0.0
2022-03-17 00:00:00+07:00,27169.771875579096,27169.771875579096,24919.77488551907,25683.923828125,23577028,0.0,0.0
2022-03-18 00:00:00+07:00,25896.189629006272,26872.602249946653,25471.66240251045,26532.98046875,11619544,0.0,0.0
2022-03-21 00:00:00+07:00,26575.43082837457,26830.147141623285,26193.3563585015,26490.525390625,6608663,0.0,0.0
2022-03-22 00:00:00+07:00,26532.978128895465,28018.826171875,26405.61997217801,28018.826171875,14559526,0.0,0.0
2022-03-23 00:00:00+07:00,28443.35381155718,29504.67180101696,28273.54293324361,29292.408203125,13299683,0.0,0.0
2022-03-24 00:00:00+07:00,29929.199557302385,30099.01042244845,28655.615187431194,29462.216796875,8879544,0.0,0.0
2022-03-25 00:00:00+07:00,29419.76860548199,31372.596736291245,28867.88320887481,30863.1640625,12618766,0.0,0.0
2022-03-28 00:00:00+07:00,30481.08665572601,31499.95190632485,30481.08665572601,31372.59375,9241634,0.0,0.0
2022-03-29 00:00:00+07:00,31330.140543696725,31754.667724840176,30608.44433575285,31117.876953125,8169611,0.0,0.0
2022-03-30 00:00:00+07:00,30778.25282177746,30905.61096624561,28952.783203125,28952.783203125,26065961,0.0,0.0
2022-03-31 00:00:00+07:00,29377.312916815707,29716.937546331814,28231.08951650488,28400.900390625,8909602,0.0,0.0
2022-04-01 00:00:00+07:00,28443.35381155718,30056.560036811967,28400.90109197879,29292.408203125,8166484,0.0,0.0
2022-04-04 00:00:00+07:00,29249.95555975812,29249.95555975812,27254.677734375,27254.677734375,20795502,0.0,0.0
2022-04-05 00:00:00+07:00,27169.77243915403,27891.46867769624,26787.69507864985,27679.205078125,8963116,0.0,0.0
2022-04-06 00:00:00+07:00,27212.225251185075,27594.29973170668,26108.451648402268,26363.16796875,10748199,0.0,0.0
2022-04-07 00:00:00+07:00,26532.978689319152,27466.94140625,25599.01885366425,27466.94140625,10276996,0.0,0.0
2022-04-08 00:00:00+07:00,27509.39240585371,27849.014143036675,26745.240615916267,27084.865234375,6130856,0.0,0.0
2022-04-12 00:00:00+07:00,27339.58331881102,28061.27955735323,27084.86699932553,27679.205078125,8519017,0.0,0.0
2022-04-13 00:00:00+07:00,27594.301145509,28867.8828125,26957.507430737383,28867.8828125,9775213,0.0,0.0
2022-04-14 00:00:00+07:00,29292.4066486808,30863.16007100288,29080.14306205292,30650.896484375,17345222,0.0,0.0
2022-04-15 00:00:00+07:00,30650.90021233422,31117.88015971265,29334.86293390069,30014.109375,11394019,0.0,0.0
2022-04-18 00:00:00+07:00,29716.93780938363,30905.61393874655,29504.67133357865,30565.9921875,11270311,0.0,0.0
2022-04-19 00:00:00+07:00,30778.25662207304,32688.63190625144,30311.27670136356,31882.02734375,16364938,0.0,0.0
2022-04-20 00:00:00+07:00,31712.215267800595,32433.91436296177,29716.9375,29716.9375,10268656,0.0,0.0
2022-04-21 00:00:00+07:00,30608.447204213942,31287.690757698565,29801.84548445096,30396.18359375,14535897,0.0,0.0
2022-04-22 00:00:00+07:00,30778.25630829645,30778.25630829645,28273.54296875,28273.54296875,21462519,0.0,0.0
2022-04-25 00:00:00+07:00,27382.03774202668,28061.281302907035,26320.716796875,26320.716796875,10287247,0.0,0.0
2022-04-26 00:00:00+07:00,24537.701697201886,27976.375,24495.248975948525,27976.375,12574634,0.0,0.0
2022-04-27 00:00:00+07:00,26957.50508951344,27551.846030434284,26065.99800004595,27382.03515625,9147810,0.0,0.0
2022-04-28 00:00:00+07:00,27594.30057294468,28825.42949215749,27169.77335942301,28188.638671875,7361858,0.0,0.0
2022-04-29 00:00:00+07:00,27721.655078629905,29504.6691401201,27679.20236288014,28613.162109375,8774079,0.0,0.0
2022-05-04 00:00:00+07:00,28188.6362487845,28231.08896648744,26617.8828125,26617.8828125,11859489,0.0,0.0
2022-05-05 00:00:00+07:00,26957.5061936394,27806.56348061237,26363.168109651506,26787.6953125,8664618,0.0,0.0
2022-05-06 00:00:00+07:00,26278.261232886023,27594.29837106647,26023.54492509803,27042.41015625,7410682,0.0,0.0
2022-05-09 00:00:00+07:00,26532.9771913594,26745.24077838821,25174.490234375,25174.490234375,8285674,0.0,0.0
2022-05-10 00:00:00+07:00,23476.380455032413,24495.248632086284,23433.927734375,23433.927734375,16508106,0.0,0.0
2022-05-11 00:00:00+07:00,23773.54976823044,24707.512514521502,23603.738883682254,24282.982421875,6074736,0.0,0.0
2022-05-12 00:00:00+07:00,24198.07431962632,24495.24621619505,22584.87109375,22584.87109375,5955372,0.0,0.0
2022-05-13 00:00:00+07:00,21353.74233625961,22245.249443125813,21014.119140625,21014.119140625,6267597,0.0,0.0
2022-05-16 00:00:00+07:00,21650.91044747039,22032.984905528498,19549.498046875,19549.498046875,11192993,0.0,0.0
2022-05-17 00:00:00+07:00,18212.235897310456,20907.986328125,18191.00953865267,20907.986328125,10327383,0.0,0.0
2022-05-18 00:00:00+07:00,21523.551862805285,22330.153480294965,21226.38140519753,22245.248046875,7768775,0.0,0.0
2022-05-19 00:00:00+07:00,21268.83841923085,23518.83414770193,21226.384256180845,22712.232421875,10905441,0.0,0.0
2022-05-20 00:00:00+07:00,22457.51301319053,24070.719228774808,22245.249416571016,23561.28515625,10094387,0.0,0.0
2022-05-23 00:00:00+07:00,23731.09595705869,24028.26643200617,22669.777977381786,23349.021484375,7698581,0.0,0.0
2022-05-24 00:00:00+07:00,23136.757888439617,23858.455555257864,22712.23069656886,23349.021484375,8418418,0.0,0.0
2022-05-25 00:00:00+07:00,23349.02225219106,24962.228515625,22839.58960519381,24962.228515625,9114971,0.0,0.0
2022-05-26 00:00:00+07:00,25047.133906196763,25429.20839067292,23603.73852801085,23985.814453125,7716304,0.0,0.0
2022-05-27 00:00:00+07:00,24113.171875,24622.605945980467,23433.9269272387,24113.171875,8016192,0.0,0.0
2022-05-30 00:00:00+07:00,24282.98205596846,24410.34021746051,23858.45629163295,23985.814453125,3771190,0.0,0.0
2022-05-31 00:00:00+07:00,23816.00338551773,25641.473344375685,23773.55066278328,25301.8515625,14224715,0.0,0.0
2022-06-01 00:00:00+07:00,25301.84918750961,26957.50521874332,25004.68015626254,26278.26171875,9875291,0.0,0.0
2022-06-02 00:00:00+07:00,26745.24396188387,26787.696684342794,25683.92590041075,26108.453125,7072569,0.0,0.0
2022-06-03 00:00:00+07:00,26532.979339426653,27551.847520926665,26193.357572685323,27127.3203125,10325472,0.0,0.0
2022-06-06 00:00:00+07:00,27169.773865616746,28995.240917769745,26363.16926362187,28655.619140625,15498632,0.0,0.0
2022-06-07 00:00:00+07:00,28443.35552990953,29080.14636205593,26702.791040766613,28655.619140625,12539364,0.0,0.0
2022-06-08 00:00:00+07:00,28655.618264667657,29504.67268157525,27764.11112691468,28358.44921875,10568370,0.0,0.0
2022-06-09 00:00:00+07:00,28358.44767209497,28867.88029445534,27891.467768264632,28400.900390625,6140760,0.0,0.0
2022-06-10 00:00:00+07:00,28061.280511627338,28782.97677471212,26448.07421875,26448.07421875,10381766,0.0,0.0
2022-06-13 00:00:00+07:00,24707.5109054948,25683.923428059978,24622.60546875,24622.60546875,10763837,0.0,0.0
2022-06-14 00:00:00+07:00,23136.75920085825,26193.35803698736,23136.75920085825,25641.47265625,10284814,0.0,0.0
2022-06-15 00:00:00+07:00,25853.73679024645,26660.33851696602,24028.268283874622,26108.453125,7931403,0.0,0.0
2022-06-16 00:00:00+07:00,26278.26187252001,27594.29904273386,25981.092839534023,26702.7890625,6848782,0.0,0.0
2022-06-17 00:00:00+07:00,25768.82775390324,26999.9565336285,25514.111454649737,26745.240234375,9496000,0.0,0.0
2022-06-20 00:00:00+07:00,26575.43324453382,27169.774244092416,24877.3243351554,25301.8515625,12251463,0.0,0.0
2022-06-21 00:00:00+07:00,24877.32233656694,25216.944091158173,23561.28515625,23561.28515625,7503810,0.0,0.0
2022-06-22 00:00:00+07:00,23561.286927468936,23731.09781753008,21948.08203125,21948.08203125,6894130,0.0,0.0
2022-06-23 00:00:00+07:00,20738.175620761936,22499.96484375,20738.175620761936,22499.96484375,9531792,0.0,0.0
2022-06-24 00:00:00+07:00,22924.49262763573,23221.66164036365,22287.70044543803,22415.05859375,2680229,0.0,0.0
2022-06-27 00:00:00+07:00,22797.13681845156,22966.947700291166,20865.53515625,20865.53515625,7470972,0.0,0.0
2022-06-28 00:00:00+07:00,20462.23331500808,21608.458152222003,19740.535661711183,20759.40234375,9820561,0.0,0.0
2022-06-29 00:00:00+07:00,21141.47737345083,21650.911448383817,19952.79978612448,21226.3828125,5656874,0.0,0.0
2022-06-30 00:00:00+07:00,21481.10122609242,21990.53387594016,21353.74306363049,21650.912109375,5054142,0.0,0.0
2022-07-01 00:00:00+07:00,21141.47709450056,21650.91116271184,20334.87543417611,20992.892578125,4314152,0.0,0.0
2022-07-04 00:00:00+07:00,21226.381998292345,21523.55246420345,20801.854819330627,21141.4765625,3381996,0.0,0.0
2022-07-05 00:00:00+07:00,21099.02498918445,21141.4777093836,19676.857421875,19676.857421875,8002292,0.0,0.0
2022-07-06 00:00:00+07:00,19103.748158859653,19570.72814117556,18339.59765625,18339.59765625,6031126,0.0,0.0
2022-07-07 00:00:00+07:00,18445.72876773667,19061.29470706902,18106.106975353647,18679.21875,5612394,0.0,0.0
2022-07-08 00:00:00+07:00,19316.0094986568,19782.989425645712,19316.0094986568,19698.083984375,5682588,0.0,0.0
2022-07-11 00:00:00+07:00,19740.53650217372,20101.386064504462,19591.9519814767,19676.857421875,5216075,0.0,0.0
2022-07-12 00:00:00+07:00,19676.856746942733,20165.064453125,19591.95130945676,20165.064453125,3457228,0.0,0.0
2022-07-13 00:00:00+07:00,20207.516968097345,20441.00691882928,20037.70609483776,20143.837890625,4656956,0.0,0.0
2022-07-14 00:00:00+07:00,20037.707214209364,21481.101158186444,19952.800332198472,21438.6484375,5696314,0.0,0.0
2022-07-15 00:00:00+07:00,21735.81707157388,21778.269791458115,21099.02483267238,21396.1953125,5075861,0.0,0.0
2022-07-18 00:00:00+07:00,21778.269455521942,21778.269455521942,21396.19498245744,21566.005859375,7116006,0.0,0.0
2022-07-19 00:00:00+07:00,21566.007409781367,21820.723743469567,21183.931468611005,21523.5546875,8428147,0.0,0.0
2022-07-20 00:00:00+07:00,20122.61188715676,20589.591796875,19910.34685119234,20589.591796875,4084284,0.0,0.0
2022-07-21 00:00:00+07:00,20377.328125,21014.11890858728,20207.517249376728,20377.328125,4629504,0.0,0.0
2022-07-22 00:00:00+07:00,20462.23474816944,20716.95107635983,19528.2734375,19528.2734375,4995242,0.0,0.0
2022-07-25 00:00:00+07:00,18594.313301904243,19316.01105135629,18594.313301904243,18679.21875,4763463,0.0,0.0
2022-07-26 00:00:00+07:00,18933.935409390822,19528.27351073048,18700.445441007392,19124.97265625,2938418,0.0,0.0
2022-07-27 00:00:00+07:00,19124.9722557977,19698.083984375,19124.9722557977,19698.083984375,1922342,0.0,0.0
2022-07-28 00:00:00+07:00,19952.80057935616,20037.7074624188,19740.53697329461,19931.57421875,5010532,0.0,0.0
2022-07-29 00:00:00+07:00,19952.800870855503,20058.934116074848,18912.70918595873,18933.935546875,9135474,0.0,0.0
2022-08-01 00:00:00+07:00,19400.915005069743,19400.915005069743,19040.06687845761,19294.783203125,3310064,0.0,0.0
2022-08-02 00:00:00+07:00,19507.0452110742,19910.346025468767,19294.78162455074,19740.53515625,3197824,0.0,0.0
2022-08-03 00:00:00+07:00,19464.594575724863,20589.593145268223,19379.6891320339,20525.9140625,8070575,0.0,0.0
2022-08-04 00:00:00+07:00,20589.59164055485,20738.1761561553,20122.61173438201,20165.064453125,3918007,0.0,0.0
2022-08-05 00:00:00+07:00,20058.93265626753,20249.96989061097,19782.988543800195,20165.064453125,3691961,0.0,0.0
2022-08-08 00:00:00+07:00,20207.5177228695,20716.950361676103,20143.83864301868,20632.044921875,5829231,0.0,0.0
2022-08-09 00:00:00+07:00,20886.761650536875,21014.119812734003,20547.139884677872,20674.498046875,4303379,0.0,0.0
2022-08-10 00:00:00+07:00,20632.04435929784,20632.04435929784,20165.064453125,20165.064453125,4008703,0.0,0.0
2022-08-11 00:00:00+07:00,20377.329788204603,20462.23523294625,19782.990234375,19782.990234375,4181235,0.0,0.0
2022-08-12 00:00:00+07:00,19952.7984197424,20101.38436854113,19698.08212003804,19910.345703125,2399106,0.0,0.0
2022-08-15 00:00:00+07:00,20037.705973593835,20589.591308348143,20037.705973593835,20334.875,3100699,0.0,0.0
2022-08-16 00:00:00+07:00,20334.87654941772,20568.366516527632,20165.06566424686,20292.423828125,4013568,0.0,0.0
2022-08-17 00:00:00+07:00,20462.23423423818,20462.23423423818,19952.800150014376,20037.70703125,3759723,0.0,0.0
2022-08-18 00:00:00+07:00,19974.027313589493,20356.103252285287,19974.027313589493,20122.61328125,3136491,0.0,0.0
2022-08-19 00:00:00+07:00,20186.289801775914,20334.87430993679,19825.440269890216,19910.345703125,2775617,0.0,0.0
2022-08-22 00:00:00+07:00,19867.89637929429,19995.255991533184,19358.463692891142,19443.369140625,3678409,0.0,0.0
2022-08-23 00:00:00+07:00,19273.55618262181,19698.083375860857,19188.650743974005,19634.404296875,4176718,0.0,0.0
2022-08-24 00:00:00+07:00,20016.481139722368,20589.592877173985,19740.53701068171,20292.423828125,6523700,0.0,0.0
2022-08-25 00:00:00+07:00,20547.14031022372,21693.365234375,20419.78214538892,21693.365234375,10361089,0.0,0.0
2022-08-26 00:00:00+07:00,22075.439386011203,22499.96659553361,21693.36489744104,21863.17578125,8046424,0.0,0.0
2022-08-29 00:00:00+07:00,22075.438468124765,23349.021484375,21905.62759137646,23349.021484375,13496712,0.0,0.0
2022-08-30 00:00:00+07:00,23985.81447271439,23985.81447271439,23094.30590090393,23221.6640625,7086469,0.0,0.0
2022-08-31 00:00:00+07:00,23221.66325059548,23561.285002977376,22966.94693630905,23136.7578125,6931833,0.0,0.0
2022-09-05 00:00:00+07:00,23306.568765187923,24028.26643200617,23136.757888439617,23349.021484375,7367071,0.0,0.0
2022-09-06 00:00:00+07:00,23433.92607262172,23773.547813797653,22499.96484375,22499.96484375,9530402,0.0,0.0
2022-09-07 00:00:00+07:00,22075.438154928208,22797.135811507324,21438.64737615657,21735.81640625,9767915,0.0,0.0
2022-09-08 00:00:00+07:00,22075.4375,22584.871548541487,21396.194022795204,22075.4375,7269773,0.0,0.0
2022-09-09 00:00:00+07:00,22330.155355095383,22797.13671875,21693.3645509818,22797.13671875,5825408,0.0,0.0
2022-09-12 00:00:00+07:00,23009.40082617252,23349.022595835813,22202.797682584176,22287.703125,6491905,0.0,0.0
2022-09-13 00:00:00+07:00,22542.41788818708,22669.77748361224,21948.079832513264,22330.154296875,6203309,0.0,0.0
2022-09-14 00:00:00+07:00,21990.533203125,22245.249520255653,21820.7223250379,21990.533203125,5647491,0.0,0.0
2022-09-15 00:00:00+07:00,22330.15665225968,22966.948934002663,22245.251206779016,22372.609375,4822017,0.0,0.0
2022-09-16 00:00:00+07:00,22330.15618740789,22457.51435297764,21778.27080327236,22117.892578125,4451586,0.0,0.0
2022-09-19 00:00:00+07:00,22075.438404798257,22075.438404798257,20589.591796875,20589.591796875,9223912,0.0,0.0
2022-09-20 00:00:00+07:00,21014.11859397047,21353.74178077023,20143.83786943076,21311.2890625,6321806,0.0,0.0
2022-09-21 00:00:00+07:00,21014.12048939906,21311.29098473273,20844.309601001565,20950.44140625,2855888,0.0,0.0
2022-09-22 00:00:00+07:00,20801.85500261932,21481.09993558092,20695.72320694375,21311.2890625,5733149,0.0,0.0
2022-09-23 00:00:00+07:00,21353.74233625961,21778.26953000542,21014.119140625,21014.119140625,4572167,0.0,0.0
2022-09-26 00:00:00+07:00,20398.55371511061,20759.401812200493,19549.49792837889,19740.53515625,7244579,0.0,0.0
2022-09-27 00:00:00+07:00,20143.837085158524,20313.64795162809,19761.76119496413,19910.345703125,4199653,0.0,0.0
2022-09-28 00:00:00+07:00,19952.798611411523,20313.6481467636,19761.76138479813,20080.158203125,3660514,0.0,0.0
2022-09-29 00:00:00+07:00,20313.650299567336,20547.14026795077,18806.577244818043,19124.97265625,4628635,0.0,0.0
2022-09-30 00:00:00+07:00,19124.97212744212,20334.87609806759,18466.953521372343,19889.12109375,7003417,0.0,0.0
2022-10-03 00:00:00+07:00,19825.444114084064,19867.896838933124,18509.408203125,18509.408203125,6034601,0.0,0.0
2022-10-04 00:00:00+07:00,18870.25508036151,18870.25508036151,17235.822528387074,17617.8984375,6350300,0.0,0.0
2022-10-05 00:00:00+07:00,17787.70902597923,18785.349340461147,17617.89815383557,18403.2734375,6021222,0.0,0.0
2022-10-06 00:00:00+07:00,18870.25608919612,18870.25608919612,18042.42658927193,18127.33203125,5803343,0.0,0.0
2022-10-07 00:00:00+07:00,18254.68913619544,18254.68913619544,16874.97434338055,17405.634765625,9541696,0.0,0.0
2022-10-10 00:00:00+07:00,17278.276857557797,18615.5390625,17278.276857557797,18615.5390625,4001753,0.0,0.0
2022-10-11 00:00:00+07:00,18679.21672219619,19358.46167386196,18424.50040556076,18466.953125,7592248,0.0,0.0
2022-10-12 00:00:00+07:00,18594.31034838544,19740.53515625,18594.31034838544,19740.53515625,5941472,0.0,0.0
2022-10-13 00:00:00+07:00,19846.66931793124,19952.8011238583,19464.59481659382,19782.990234375,5097580,0.0,0.0
2022-10-14 00:00:00+07:00,20334.87532809694,20483.45984369739,20037.70629689604,20165.064453125,5091499,0.0,0.0
2022-10-17 00:00:00+07:00,20016.48016315196,20801.85546875,19740.53604757415,20801.85546875,6856079,0.0,0.0
2022-10-18 00:00:00+07:00,21141.479715374426,21141.479715374426,20249.97250660243,20441.009765625,5368452,0.0,0.0
2022-10-19 00:00:00+07:00,20377.328125,20674.49715734073,20143.838171018,20377.328125,3281049,0.0,0.0
2022-10-20 00:00:00+07:00,20419.78215994862,20525.9139640533,19570.72628647316,19952.80078125,3969611,0.0,0.0
2022-10-21 00:00:00+07:00,19952.7993917641,20058.93262911584,18573.08459384672,18636.763671875,5896818,0.0,0.0
2022-10-24 00:00:00+07:00,18764.12336594095,19209.87691445205,17830.162109375,17830.162109375,4090886,0.0,0.0
2022-10-25 00:00:00+07:00,18084.87896405601,19061.29296875,17617.899042116183,19061.29296875,5805428,0.0,0.0
2022-10-26 00:00:00+07:00,19316.007634124875,19316.007634124875,18509.404579274746,18891.48046875,2129450,0.0,0.0
2022-10-27 00:00:00+07:00,18891.48261702404,19528.2734375,18594.31212683056,19528.2734375,6634378,0.0,0.0
2022-10-28 00:00:00+07:00,19825.44023257473,19825.44023257473,18891.48046875,18891.48046875,4528209,0.0,0.0
2022-10-31 00:00:00+07:00,18891.48092642966,19018.839079127603,18063.65149325515,18382.046875,5359417,0.0,0.0
2022-11-01 00:00:00+07:00,18679.217335415204,19040.066903133,18530.6328125,18530.6328125,2892897,0.0,0.0
2022-11-02 00:00:00+07:00,18679.21740540452,18679.21740540452,17278.27617203108,17511.767578125,7817424,0.0,0.0
2022-11-03 00:00:00+07:00,17405.634920316814,18063.652063357003,17405.634920316814,17830.162109375,3079501,0.0,0.0
2022-11-04 00:00:00+07:00,17745.257570776408,18042.426618175712,17172.144395868305,17363.181640625,3083324,0.0,0.0
2022-11-07 00:00:00+07:00,17448.088523377104,17766.483931304927,17278.276198510914,17363.181640625,3344988,0.0,0.0
2022-11-08 00:00:00+07:00,17532.995541072974,17787.711890305018,17257.051388766784,17681.580078125,2247077,0.0,0.0
2022-11-09 00:00:00+07:00,18042.425703904093,18254.689298433183,17787.709390469183,17830.162109375,4146833,0.0,0.0
2022-11-10 00:00:00+07:00,17830.16359458167,17830.16359458167,16599.033203125,16599.033203125,6856253,0.0,0.0
2022-11-11 00:00:00+07:00,17193.370209827437,17278.27564924242,16811.295732460017,16896.201171875,3932428,0.0,0.0
2022-11-14 00:00:00+07:00,16132.05348714708,16556.580717643184,15728.751177537695,15749.9775390625,8062930,0.0,0.0
2022-11-15 00:00:00+07:00,14900.923057717016,14943.37578070864,14667.431640625,14667.431640625,1782128,0.0,0.0
2022-11-16 00:00:00+07:00,13648.564933164367,15686.296874999998,13648.564933164367,15686.296875,9480363,0.0,0.0
2022-11-17 00:00:00+07:00,16089.598802726292,16641.48562514773,15856.10883351024,16004.693359375,2415612,0.0,0.0
2022-11-18 00:00:00+07:00,16025.91883242928,16047.145192091231,14900.921770345822,15707.5234375,5041633,0.0,0.0
2022-11-21 00:00:00+07:00,15749.976001714003,15941.013236790188,15070.732499220909,15282.99609375,2902801,0.0,0.0
2022-11-22 00:00:00+07:00,15113.185218126726,15834.88143952564,14900.921623597633,15282.99609375,3982641,0.0,0.0
2022-11-23 00:00:00+07:00,15282.996132156244,15643.844243762514,15028.27981808123,15389.1279296875,2188871,0.0,0.0
2022-11-24 00:00:00+07:00,15282.99713322132,15516.487103084117,15113.18624604838,15495.2607421875,2051785,0.0,0.0
2022-11-25 00:00:00+07:00,15707.522949778073,15962.2392578125,15558.938436757988,15962.2392578125,2527852,0.0,0.0
2022-11-28 00:00:00+07:00,16301.863948102213,16811.2966112212,16089.598897831256,16577.806640625,4229537,0.0,0.0
2022-11-29 00:00:00+07:00,16768.843874849867,17320.72925942004,16407.995738784753,17193.37109375,4242047,0.0,0.0
2022-11-30 00:00:00+07:00,17532.99396549119,17532.99396549119,16981.107151111606,17363.181640625,3190874,0.0,0.0
2022-12-01 00:00:00+07:00,17490.540611534714,17554.219690816037,16535.352981676915,16683.9375,5818458,0.0,0.0
2022-12-02 00:00:00+07:00,16556.580105921767,17702.805026549384,16174.505612591904,17532.994140625,5517875,0.0,0.0
2022-12-05 00:00:00+07:00,17617.90053826687,18254.69139498976,17214.598221704262,17426.86328125,3853026,0.0,0.0
2022-12-06 00:00:00+07:00,17278.276495162303,18636.765032949654,16874.9756381961,17957.521484375,7781285,0.0,0.0
2022-12-07 00:00:00+07:00,17957.520343074382,18466.95297212809,17660.351309459722,18042.42578125,3265585,0.0,0.0
2022-12-08 00:00:00+07:00,18891.481892446605,18891.481892446605,17957.52061759898,18275.916015625,4696396,0.0,0.0
2022-12-09 00:00:00+07:00,18445.72648459117,18615.537359764105,18042.42565605545,18233.462890625,1763015,0.0,0.0
2022-12-12 00:00:00+07:00,18233.465044346143,18657.99228242327,18042.42778721144,18254.69140625,2995755,0.0,0.0
2022-12-13 00:00:00+07:00,18254.68952780381,18679.21672219619,17957.520491729145,18466.953125,1922516,0.0,0.0
2022-12-14 00:00:00+07:00,18679.21875,19231.10560326053,18488.181491784548,18679.21875,3558697,0.0,0.0
2022-12-15 00:00:00+07:00,18679.21875,18870.25744885357,18339.596957616974,18679.21875,1697339,0.0,0.0
2022-12-16 00:00:00+07:00,18169.7832871701,18657.98953917888,18169.7832871701,18382.046875,3080717,0.0,0.0
2022-12-19 00:00:00+07:00,18424.499592565982,18679.21589796186,18275.91508108505,18382.046875,1872998,0.0,0.0
2022-12-20 00:00:00+07:00,18382.04642966228,18891.48046875,17639.123890256247,18891.48046875,6060489,0.0,0.0
2022-12-21 00:00:00+07:00,18891.481424626065,18891.481424626065,18169.783766334265,18636.763671875,1552086,0.0,0.0
2022-12-22 00:00:00+07:00,18721.66972981672,18721.66972981672,18063.65117837645,18551.857421875,1329863,0.0,0.0
2022-12-23 00:00:00+07:00,18254.69220491984,18551.86128457541,18127.334027924582,18339.59765625,1258105,0.0,0.0
2022-12-26 00:00:00+07:00,18127.332512996585,18318.36976252419,17426.862598062035,17766.484375,2192520,0.0,0.0
2022-12-27 00:00:00+07:00,17766.485082461302,18254.69140625,17575.447825326595,18254.69140625,2290514,0.0,0.0
2022-12-28 00:00:00+07:00,18594.312234484674,18594.312234484674,18063.65321434905,18360.822265625,2132925,0.0,0.0
2022-12-29 00:00:00+07:00,18275.917768153857,18339.596853865423,18084.88051101915,18254.69140625,1348107,0.0,0.0
2022-12-30 00:00:00+07:00,18254.689250021616,18254.689250021616,18042.42565605545,18233.462890625,1789599,0.0,0.0
2023-01-03 00:00:00+07:00,18254.687799564552,18679.214953765368,18042.424222464146,18488.177734375,3457576,0.0,0.0
2023-01-04 00:00:00+07:00,18488.180197510635,19379.68878074371,18488.180197510635,19103.74609375,7065097,0.0,0.0
2023-01-05 00:00:00+07:00,19316.01004336769,19358.46276520021,18806.57738137744,18933.935546875,2697083,0.0,0.0
2023-01-06 00:00:00+07:00,19061.29411843536,19061.29411843536,17999.974609375,17999.974609375,5595019,0.0,0.0
2023-01-09 00:00:00+07:00,18084.87883372706,18212.23699333829,17808.936154569383,17872.615234375,2627758,0.0,0.0
2023-01-10 00:00:00+07:00,17915.067954245413,17915.067954245413,17596.672555217323,17872.615234375,2221014,0.0,0.0
2023-01-11 00:00:00+07:00,18021.20187710105,18021.20187710105,17681.580078125,17681.580078125,2178273,0.0,0.0
2023-01-12 00:00:00+07:00,17830.16280523315,17830.16280523315,17235.823276718445,17341.955078125,2781003,0.0,0.0
2023-01-13 00:00:00+07:00,17405.635171107497,17660.351488212513,17363.181010952034,17448.087890625,1302411,0.0,0.0
2023-01-16 00:00:00+07:00,17448.087484153522,17787.709232381698,17405.634765625,17405.634765625,1881686,0.0,0.0
2023-01-17 00:00:00+07:00,17575.44579594009,17830.162109375,17448.087639222635,17830.162109375,2110337,0.0,0.0
2023-01-18 00:00:00+07:00,17851.38927812935,18021.200161451085,17787.7101968837,17915.068359375,2128060,0.0,0.0
2023-01-19 00:00:00+07:00,17915.068561220633,18042.42672514685,17808.93675794878,17936.294921875,1773614,0.0,0.0
2023-01-27 00:00:00+07:00,18212.23781509049,18233.46417598345,17957.521484375,17957.521484375,2017035,0.0,0.0
2023-01-30 00:00:00+07:00,18084.87957515448,18466.954069652125,17851.389606294804,18360.822265625,3157861,0.0,0.0
2023-01-31 00:00:00+07:00,18424.49927139712,18891.48059712056,18360.82019615818,18551.857421875,4358110,0.0,0.0
2023-02-01 00:00:00+07:00,18827.801030167306,18827.801030167306,17681.576265163756,17893.83984375,5677201,0.0,0.0
2023-02-02 00:00:00+07:00,17957.522685498654,18191.01267093862,17893.84359856048,18084.880859375,2611251,0.0,0.0
2023-02-03 00:00:00+07:00,18084.87971238403,18360.82240494843,18084.87971238403,18169.78515625,2558432,0.0,0.0
2023-02-06 00:00:00+07:00,18339.595298331944,18509.406179159723,18212.237137711112,18297.142578125,5336657,0.0,0.0
2023-02-07 00:00:00+07:00,18382.0481521001,18445.7272328732,17978.7473072038,18106.10546875,2062383,0.0,0.0
2023-02-08 00:00:00+07:00,18191.01311642221,18339.59765625,17808.93858543647,18339.59765625,5133719,0.0,0.0
2023-02-09 00:00:00+07:00,18360.823569440417,18488.181743316763,18084.880859375,18084.880859375,1976900,0.0,0.0
2023-02-10 00:00:00+07:00,18169.78344580459,18169.78344580459,17787.708984375,17787.708984375,2300243,0.0,0.0
2023-02-13 00:00:00+07:00,18063.650390625,18403.27211042186,17808.93410077735,18063.650390625,4959972,0.0,0.0
2023-02-14 00:00:00+07:00,18212.239033251342,18254.6917578768,18042.42813474956,18084.880859375,2032151,0.0,0.0
2023-02-15 00:00:00+07:00,18127.32996482661,18339.59354557482,18127.32996482661,18318.3671875,5750697,0.0,0.0
2023-02-16 00:00:00+07:00,16662.709916004536,16874.973498013613,16514.125408598185,16556.578125,3088884,0.0,0.0
2023-02-17 00:00:00+07:00,16577.80551064152,16599.03187015797,16132.051960796049,16153.2783203125,2841814,0.0,0.0
2023-02-20 00:00:00+07:00,15983.466439187088,16301.863281249998,15919.787358902102,16301.86328125,4767980,0.0,0.0
2023-02-21 00:00:00+07:00,16429.22219212054,16471.674914249288,15919.788085937498,15919.7880859375,5131286,0.0,0.0
2023-02-22 00:00:00+07:00,15707.52269811768,15792.428132768831,15325.4482421875,15325.4482421875,4908021,0.0,0.0
2023-02-23 00:00:00+07:00,15325.448653102269,15495.259526957638,14646.20371704286,14858.46875,4379307,0.0,0.0
2023-02-24 00:00:00+07:00,15049.50726955024,15325.449963153364,14879.696381179085,15198.091796875,3315103,0.0,0.0
2023-02-27 00:00:00+07:00,14858.468603643938,15198.0903480094,14794.7880859375,14794.7880859375,1607165,0.0,0.0
2023-02-28 00:00:00+07:00,15049.50598308729,15049.50598308729,14327.80832856404,14858.46875,3226665,0.0,0.0
2023-03-01 00:00:00+07:00,14646.203572777613,14816.01444496034,14497.61905961772,14794.7880859375,1958830,0.0,0.0
2023-03-02 00:00:00+07:00,14837.242244621097,14964.600398758144,14773.56172691466,14794.7880859375,1636701,0.0,0.0
2023-03-03 00:00:00+07:00,14922.147062364676,14922.147062364676,14518.84481700492,14731.1083984375,1943540,0.0,0.0
2023-03-06 00:00:00+07:00,14858.46831270132,14858.46831270132,14497.618775740872,14561.2978515625,1938327,0.0,0.0
2023-03-07 00:00:00+07:00,14646.205017415168,14688.6577396482,14306.5832395509,14433.94140625,2037537,0.0,0.0
2023-03-08 00:00:00+07:00,14349.035961783931,14433.94140625,14221.677795084834,14433.94140625,1455830,0.0,0.0
2023-03-09 00:00:00+07:00,14433.94200774679,14518.847455751067,14370.26292174358,14497.62109375,2058908,0.0,0.0
2023-03-10 00:00:00+07:00,14433.940503670545,14879.695499881616,14433.940503670545,14646.2041015625,2434724,0.0,0.0
2023-03-13 00:00:00+07:00,14540.07381775214,14709.884713760695,14455.16836974786,14497.62109375,1587879,0.0,0.0
2023-03-14 00:00:00+07:00,14540.072910135246,14582.525631487411,14009.413893233168,14094.3193359375,2534455,0.0,0.0
2023-03-15 00:00:00+07:00,14391.4878760998,14391.4878760998,14136.771557001002,14349.03515625,1795159,0.0,0.0
2023-03-16 00:00:00+07:00,14327.80889179997,14327.80889179997,14009.41349080481,14051.8662109375,1702551,0.0,0.0
2023-03-17 00:00:00+07:00,14136.770995702183,14391.4873046875,14073.091918455855,14391.4873046875,3444198,0.0,0.0
2023-03-20 00:00:00+07:00,14285.355836517552,14327.808555654254,14030.639521697343,14221.6767578125,1482587,0.0,0.0
2023-03-21 00:00:00+07:00,14327.809944251589,14349.036305877118,14094.319966370762,14264.130859375,1771008,0.0,0.0
2023-03-22 00:00:00+07:00,14349.035526731346,14433.94096862314,14285.3564453125,14285.3564453125,2783957,0.0,0.0
2023-03-23 00:00:00+07:00,14264.1303180105,14412.71484375,14179.224874730784,14412.71484375,2033888,0.0,0.0
2023-03-24 00:00:00+07:00,14476.391917686567,14476.391917686567,14306.581054687502,14306.5810546875,1443147,0.0,0.0
2023-03-27 00:00:00+07:00,14306.5824364002,14412.7142360247,14285.356076475302,14349.03515625,1778827,0.0,0.0
2023-03-28 00:00:00+07:00,14370.26266750265,14433.941752379238,14221.67813612394,14264.130859375,2153774,0.0,0.0
2023-03-29 00:00:00+07:00,14306.582805785449,14349.035526731346,14200.451003420709,14285.3564453125,1374343,0.0,0.0
2023-03-30 00:00:00+07:00,14349.035526731346,14433.94096862314,14264.130084839551,14285.3564453125,1540097,0.0,0.0
2023-03-31 00:00:00+07:00,14285.356003085964,14349.035082533515,14073.092404927444,14136.771484375,2134836,0.0,0.0
2023-04-03 00:00:00+07:00,14221.677824775044,14561.29960334833,14221.677824775044,14540.0732421875,4018955,0.0,0.0
2023-04-04 00:00:00+07:00,14561.298698918215,14985.827336404598,14476.393259548531,14752.3359375,4692053,0.0,0.0
2023-04-05 00:00:00+07:00,14731.108590440275,14985.826332117176,14667.42951518052,14900.9208984375,3400239,0.0,0.0
2023-04-06 00:00:00+07:00,14900.921770345822,15941.013393781472,14900.921770345822,15707.5234375,10687388,0.0,0.0
2023-04-07 00:00:00+07:00,15325.447422296324,15665.069142731616,15070.731131969857,15240.5419921875,5066826,0.0,0.0
2023-04-10 00:00:00+07:00,15282.99696770225,15367.902410369172,14433.941100395004,14709.8837890625,6452116,0.0,0.0
2023-04-11 00:00:00+07:00,14858.467987934902,14858.467987934902,14518.84481700492,14731.1083984375,3060563,0.0,0.0
2023-04-12 00:00:00+07:00,14816.015017027265,15049.50641593186,14709.88321781516,14752.3359375,3217978,0.0,0.0
2023-04-13 00:00:00+07:00,14858.47032959704,15007.054860016442,14773.563443005018,14922.1494140625,4193050,0.0,0.0
2023-04-14 00:00:00+07:00,14985.826464344578,15198.090050416671,14561.2978515625,14561.2978515625,3722020,0.0,0.0
2023-04-17 00:00:00+07:00,14433.940265369984,14646.203859757525,14433.940265369984,14518.845703125,2011127,0.0,0.0
2023-04-18 00:00:00+07:00,14518.84513434808,14603.75056877692,14433.939699919243,14561.2978515625,1625408,0.0,0.0
2023-04-19 00:00:00+07:00,14561.2978515625,14646.20328599134,14433.939699919243,14561.2978515625,2014602,0.0,0.0
2023-04-20 00:00:00+07:00,14561.297031207934,14646.20246085337,14476.3916015625,14476.3916015625,1400926,0.0,0.0
2023-04-21 00:00:00+07:00,14518.844633436334,14561.2973491861,14264.128338937737,14306.5810546875,3154560,0.0,0.0
2023-04-24 00:00:00+07:00,14391.488179012602,14391.488179012602,14073.092773437502,14073.0927734375,2203119,0.0,0.0
2023-04-25 00:00:00+07:00,14073.092571003845,14221.677091468251,14009.41349080481,14051.8662109375,2245687,0.0,0.0
2023-04-26 00:00:00+07:00,14009.413007401658,14051.865726069487,13648.564898725092,13797.1494140625,4656206,0.0,0.0
2023-04-27 00:00:00+07:00,13988.18739869122,14476.39368956904,13839.602875380582,14285.3564453125,2389549,0.0,0.0
2023-04-28 00:00:00+07:00,14285.35722100053,14391.48902912818,14264.130859375,14264.130859375,2062383,0.0,0.0
2023-05-04 00:00:00+07:00,14221.675850944965,14285.354925589418,13924.5068359375,13924.5068359375,2588144,0.0,0.0
2023-05-05 00:00:00+07:00,13839.60294290946,14009.413827521625,13839.60294290946,13882.0556640625,1275133,0.0,0.0
2023-05-08 00:00:00+07:00,13903.282057493285,14200.451106266795,13839.602975613245,13988.1875,2589534,0.0,0.0
2023-05-09 00:00:00+07:00,14136.771242654955,14136.771242654955,13988.186726484591,14009.4130859375,1160459,0.0,0.0
2023-05-10 00:00:00+07:00,14136.772024386755,14136.772024386755,13966.96113937332,13988.1875,2422388,0.0,0.0
2023-05-11 00:00:00+07:00,14009.41372599348,14370.261853179209,14009.41372599348,14179.224609375,3959533,0.0,0.0
2023-05-12 00:00:00+07:00,14285.356003085964,14285.356003085964,14051.866045111592,14136.771484375,2622198,0.0,0.0
2023-05-15 00:00:00+07:00,14221.677091468251,14264.129811600938,14009.41349080481,14051.8662109375,2155164,0.0,0.0
2023-05-16 00:00:00+07:00,14073.092909251183,14094.319269827703,13818.37658233294,13882.0556640625,4524039,0.0,0.0
2023-05-17 00:00:00+07:00,13882.054929220045,14073.092164296228,13839.602210314226,14009.4130859375,3034327,0.0,0.0
2023-05-18 00:00:00+07:00,14030.638627011596,14051.864985226412,13882.054119507864,13924.5068359375,1389284,0.0,0.0
2023-05-19 00:00:00+07:00,13882.054398175063,13945.733474097808,13648.564453125,13648.564453125,4458883,0.0,0.0
2023-05-22 00:00:00+07:00,13499.979421174045,13542.433581984338,13202.810379967885,13287.7158203125,7929145,0.0,0.0
2023-05-23 00:00:00+07:00,13478.752360160332,13733.470108586236,13415.073283213336,13521.205078125,4915318,0.0,0.0
2023-05-24 00:00:00+07:00,13627.339022328955,13627.339022328955,13287.7158203125,13287.7158203125,3535241,0.0,0.0
2023-05-25 00:00:00+07:00,13287.715414187283,13351.394492499465,13181.583617000322,13245.2626953125,3105737,0.0,0.0
2023-05-26 00:00:00+07:00,13287.714684103,13521.204625085376,13287.714684103,13372.6201171875,1950316,0.0,0.0
2023-05-29 00:00:00+07:00,13393.846841655875,13499.97863591322,13308.94140625,13308.94140625,4212509,0.0,0.0
2023-05-30 00:00:00+07:00,13308.941631803928,13627.338460609908,13308.941631803928,13584.8857421875,4548016,0.0,0.0
2023-05-31 00:00:00+07:00,13627.338051483242,13669.790768631112,13499.978459401746,13542.4326171875,3192959,0.0,0.0
2023-06-01 00:00:00+07:00,13521.205036774592,13584.885554164754,13372.620524352662,13415.0732421875,3359583,0.0,0.0
2023-06-02 00:00:00+07:00,13499.978904029753,13733.47029667107,13415.07346693761,13691.017578125,7574526,0.0,0.0
2023-06-05 00:00:00+07:00,13882.055330406749,14179.224371335562,13818.376250207715,14051.8662109375,5722898,0.0,0.0
2023-06-06 00:00:00+07:00,14073.09134344123,14221.675850944965,13882.054119507864,13924.5068359375,4390601,0.0,0.0
2023-06-07 00:00:00+07:00,14051.866614585337,14221.677499994,13966.961171881,14094.3193359375,5942167,0.0,0.0
2023-06-08 00:00:00+07:00,14306.58170230943,14370.260778816666,13966.9599609375,13966.9599609375,6169255,0.0,0.0
2023-06-09 00:00:00+07:00,13882.055166584776,14157.997844190852,13882.055166584776,14136.771484375,4681106,0.0,0.0
2023-06-12 00:00:00+07:00,14327.809132333829,14349.03549275652,14030.64008641617,14179.224609375,4173938,0.0,0.0
2023-06-13 00:00:00+07:00,14285.356003085964,14327.808722717666,14051.866045111592,14136.771484375,4175849,0.0,0.0
2023-06-14 00:00:00+07:00,14264.129399372412,14264.129399372412,14009.4130859375,14009.4130859375,3553311,0.0,0.0
2023-06-15 00:00:00+07:00,14009.413418719492,14094.318858547987,13818.376179105377,13839.6025390625,5061092,0.0,0.0
2023-06-16 00:00:00+07:00,13945.73433884812,14094.318858547987,13818.376179105377,13839.6025390625,5338047,0.0,0.0
2023-06-19 00:00:00+07:00,13839.60294290946,14030.640188098145,13839.60294290946,13882.0556640625,2828263,0.0,0.0
2023-06-20 00:00:00+07:00,13882.055696866602,13988.1875,13882.055696866602,13988.1875,1565986,0.0,0.0
2023-06-21 00:00:00+07:00,14009.413893233168,14200.451139317916,13966.961171881,14094.3193359375,3388946,0.0,0.0
2023-06-22 00:00:00+07:00,14221.677265091785,14582.525390625,14094.319103138883,14582.525390625,9715096,0.0,0.0
2023-06-23 00:00:00+07:00,14603.751750950483,14624.978111275968,14370.261787370167,14582.525390625,5353510,0.0,0.0
2023-06-26 00:00:00+07:00,14646.2031567606,15007.052690537095,14582.524081500846,14900.9208984375,10784165,0.0,0.0
2023-06-27 00:00:00+07:00,14985.826332117176,15028.279048957014,14794.787665700034,14900.9208984375,5058486,0.0,0.0
2023-06-28 00:00:00+07:00,15028.280107216466,15282.99642619207,14858.469227899392,15113.185546875,8962769,0.0,0.0
2023-06-29 00:00:00+07:00,15198.0903480094,15198.0903480094,14794.7880859375,14794.7880859375,6924710,0.0,0.0
2023-06-30 00:00:00+07:00,14773.562297342422,14900.921897034914,14709.88321781516,14752.3359375,3894204,0.0,0.0
2023-07-03 00:00:00+07:00,15282.995644616292,15452.806515249196,15091.958415154271,15134.4111328125,6945907,0.0,0.0
2023-07-04 00:00:00+07:00,15134.412854966844,15176.865577455792,14943.375603766575,15007.0546875,4701088,0.0,0.0
2023-07-05 00:00:00+07:00,15070.732827045733,15304.222786106706,15070.732827045733,15113.185546875,4791958,0.0,0.0
2023-07-06 00:00:00+07:00,15155.638980957332,15198.091702787306,14794.789404764508,14879.6962890625,5292872,0.0,0.0
2023-07-07 00:00:00+07:00,14858.467865627172,15155.636877186633,14816.013709052264,15070.7314453125,5657221,0.0,0.0
2023-07-10 00:00:00+07:00,15219.316691610344,15622.61751263566,15155.637614606345,15452.806640625,9605288,0.0,0.0
2023-07-11 00:00:00+07:00,15622.618907567206,15749.977072946913,15452.808020394265,15495.2607421875,6020006,0.0,0.0
2023-07-12 00:00:00+07:00,15643.844156225046,15834.881390712331,15431.580562350287,15686.296875,8102197,0.0,0.0
2023-07-13 00:00:00+07:00,15771.203900587308,15983.467515835358,15707.52481601289,15749.9775390625,4401547,0.0,0.0
2023-07-14 00:00:00+07:00,15749.97673080454,15834.88217254658,15452.8076847074,15665.0712890625,8647244,0.0,0.0
2023-07-17 00:00:00+07:00,15665.070271848364,15728.74934901988,15495.25939939098,15558.9384765625,4508055,0.0,0.0
2023-07-18 00:00:00+07:00,15707.522664819708,15856.107175144243,15580.164513112964,15728.7490234375,5180805,0.0,0.0
2023-07-19 00:00:00+07:00,15919.786788411977,15919.786788411977,15580.1650390625,15580.1650390625,4463401,0.0,0.0
2023-07-20 00:00:00+07:00,15601.39139839684,15665.07047639987,15558.938679728157,15580.1650390625,3854068,0.0,0.0
2023-07-21 00:00:00+07:00,15601.392274102398,15919.787681989055,15601.392274102398,15877.3349609375,7522575,0.0,0.0
2023-07-24 00:00:00+07:00,15919.787681989055,15962.24040304061,15749.976797782838,15877.3349609375,4632979,0.0,0.0
2023-07-25 00:00:00+07:00,15898.559255052403,16280.6351354942,15834.88018175174,16068.3701171875,6861813,0.0,0.0
2023-07-26 00:00:00+07:00,16153.278378573974,16259.410176539024,16047.145139970971,16110.82421875,4094709,0.0,0.0
2023-07-27 00:00:00+07:00,16195.730647481972,16216.95700648484,15834.881103795286,15962.2392578125,5308336,0.0,0.0
2023-07-28 00:00:00+07:00,16068.370758280524,16386.767578125,15919.786247984115,16386.767578125,8126174,0.0,0.0
2023-07-31 00:00:00+07:00,16790.070110786968,16959.88099708272,16662.711946065156,16768.84375,9312871,0.0,0.0
2023-08-01 00:00:00+07:00,16896.200479287603,16959.87955623859,16620.2578125,16620.2578125,6220510,0.0,0.0
2023-08-02 00:00:00+07:00,16620.2578125,16683.936889450986,16429.220581647045,16620.2578125,5420577,0.0,0.0
2023-08-03 00:00:00+07:00,16514.125729807634,16683.936598717817,16386.767578125,16386.767578125,5836007,0.0,0.0
2023-08-04 00:00:00+07:00,16429.22118287471,16959.88017688573,16429.22118287471,16683.9375,4993505,0.0,0.0
2023-08-07 00:00:00+07:00,16683.936274205444,16811.29442341089,16471.67269219637,16556.578125,4502321,0.0,0.0
2023-08-08 00:00:00+07:00,16556.578415074233,16853.74743509339,16535.352056501433,16790.068359375,5850776,0.0,0.0
2023-08-09 00:00:00+07:00,16790.068065209984,16853.747139812705,16535.351766799093,16556.578125,3708989,0.0,0.0
2023-08-10 00:00:00+07:00,16599.03300158829,16768.843889294618,16514.127557735126,16577.806640625,3745650,0.0,0.0
2023-08-11 00:00:00+07:00,16747.617053620328,16959.88065723663,16599.032531088917,16938.654296875,6240665,0.0,0.0
2023-08-14 00:00:00+07:00,17087.237936023157,17724.030154588916,16981.106139701853,17405.634765625,12633534,0.0,0.0
2023-08-15 00:00:00+07:00,17448.087562622226,17830.162031097214,17448.087562622226,17617.8984375,4694659,0.0,0.0
2023-08-16 00:00:00+07:00,17724.030234298607,17724.030234298607,17405.634843902782,17617.8984375,8662533,0.0,0.0
2023-08-17 00:00:00+07:00,17617.898358267612,17617.898358267612,17405.634765625,17405.634765625,5619344,0.0,0.0
2023-08-18 00:00:00+07:00,17405.6361588314,17405.6361588314,16344.316670028797,16577.806640625,11340157,0.0,0.0
2023-08-21 00:00:00+07:00,16599.03081735728,16981.10526442016,16514.12538467664,16959.87890625,9086999,0.0,0.0
2023-08-22 00:00:00+07:00,18113.28639020742,18308.577673318043,16941.53703473559,17747.115234375,4612303,3000.0,0.0
2023-08-23 00:00:00+07:00,17917.99463616705,17917.99463616705,17161.240934002766,17185.65234375,5211037,0.0,0.0
2023-08-24 00:00:00+07:00,17234.474903102426,17380.943359375,17014.770561885547,17380.943359375,5852166,0.0,0.0
2023-08-25 00:00:00+07:00,17380.942202539958,17478.587833555943,17112.416717246004,17136.828125,7376453,0.0,0.0
2023-08-28 00:00:00+07:00,17332.11988871611,17942.405100230924,17283.29707179493,17698.291015625,8283763,0.0,0.0
2023-08-29 00:00:00+07:00,17844.761147880225,17844.761147880225,17380.944343424035,17551.82421875,6897952,0.0,0.0
2023-08-30 00:00:00+07:00,17625.057340776897,17771.52579611552,17454.177476215173,17649.46875,5878402,0.0,0.0
2023-08-31 00:00:00+07:00,17722.702470432396,18162.10782387216,17649.468244859105,18040.05078125,9664188,0.0,0.0
2023-09-05 00:00:00+07:00,18235.341796875,18381.81024599291,18113.28475594341,18235.341796875,4408149,0.0,0.0
2023-09-06 00:00:00+07:00,18552.690956318987,18723.57080621993,18406.22085673888,18479.455078125,8316776,0.0,0.0
2023-09-07 00:00:00+07:00,18577.10236344769,18821.21643473476,18357.39804248147,18479.455078125,9327813,0.0,0.0
2023-09-08 00:00:00+07:00,19431.503243202165,19748.8515625,19285.034788141627,19748.8515625,9780773,0.0,0.0
2023-09-11 00:00:00+07:00,20017.378720252327,20407.961267080427,19748.8515625,19748.8515625,12421562,0.0,0.0
2023-09-12 00:00:00+07:00,19724.43859775621,19748.85000500776,19309.444674479822,19626.79296875,10334679,0.0,0.0
2023-09-13 00:00:00+07:00,19748.850346673164,20017.37748789377,18943.273893435064,19162.9765625,10887718,0.0,0.0
2023-09-14 00:00:00+07:00,19089.742339478355,19529.147677608227,19016.50811645671,19162.9765625,8128259,0.0,0.0
2023-09-15 00:00:00+07:00,19236.21133875477,19529.14823926621,19040.92007174714,19114.154296875,4752690,0.0,0.0
2023-09-18 00:00:00+07:00,19138.565655945968,19211.799880885163,18650.33748968468,18772.39453125,5596930,0.0,0.0
2023-09-19 00:00:00+07:00,18992.098500716456,19285.035420442087,18552.69312112801,19089.744140625,5740968,0.0,0.0
2023-09-20 00:00:00+07:00,19211.80092732185,19577.972071962588,19162.97810803642,19285.03515625,4922963,0.0,0.0
2023-09-21 00:00:00+07:00,19309.445820455087,19407.09145525636,18918.86328125,18918.86328125,5921665,0.0,0.0
2023-09-22 00:00:00+07:00,18601.514016171,18821.216683230075,18064.461395440925,18284.1640625,8928020,0.0,0.0
2023-09-25 00:00:00+07:00,18357.40077385812,18601.516538274755,17380.944343424035,17551.82421875,5798652,0.0,0.0
2023-09-26 00:00:00+07:00,17625.057193036955,17942.405510277167,17332.12028481522,17576.234375,5324147,0.0,0.0
2023-09-27 00:00:00+07:00,17576.23387310751,17966.81640625,17380.942606536264,17966.81640625,4516395,0.0,0.0
2023-09-28 00:00:00+07:00,18064.462890625,18210.931347454152,17917.99443379585,18064.462890625,4689620,0.0,0.0
2023-09-29 00:00:00+07:00,18332.98895787661,18357.40036809789,17942.40639433617,18015.640625,4316063,0.0,0.0
2023-10-02 00:00:00+07:00,18308.576469175165,18625.92644016612,18259.75365160856,18455.044921875,4793174,0.0,0.0
2023-10-03 00:00:00+07:00,18210.93004135201,18796.8054834572,18015.638779586254,18552.69140625,7599893,0.0,0.0
2023-10-04 00:00:00+07:00,18210.93067240182,19675.61684320761,18210.93067240182,19187.388671875,11581666,0.0,0.0
2023-10-05 00:00:00+07:00,19285.034259383985,19504.73693595098,18845.62890625,18845.62890625,4700393,0.0,0.0
2023-10-06 00:00:00+07:00,19040.92027983697,19040.92027983697,18259.75354646148,18577.103515625,6958591,0.0,0.0
2023-10-09 00:00:00+07:00,18577.10427661124,19553.56066231988,18577.10427661124,19285.03515625,9624053,0.0,0.0
2023-10-10 00:00:00+07:00,19504.73838296172,19504.73838296172,18772.396073407657,18894.453125,7576785,0.0,0.0
2023-10-11 00:00:00+07:00,18894.45176907544,19187.388671875,18747.98331767565,19187.388671875,6338833,0.0,0.0
2023-10-12 00:00:00+07:00,19211.80104395229,19358.269502697767,18894.45271667044,19016.509765625,5122426,0.0,0.0
2023-10-13 00:00:00+07:00,18943.274878776592,19333.857421875,18821.21783405834,19333.857421875,6968841,0.0,0.0
2023-10-16 00:00:00+07:00,19431.503097562083,20017.37857022108,19211.80041661796,19675.6171875,11887288,0.0,0.0
2023-10-17 00:00:00+07:00,19748.851288328475,19773.26269716633,18650.337890625,18650.337890625,6783453,0.0,0.0
2023-10-18 00:00:00+07:00,18747.98366469493,18796.80648273189,17478.588738926086,17576.234375,12232352,0.0,0.0
2023-10-19 00:00:00+07:00,17576.23407662441,17844.75957126915,17332.11999058373,17429.765625,4412319,0.0,0.0
2023-10-20 00:00:00+07:00,17380.943393035464,17722.703125,16990.35918541083,17722.703125,4533421,0.0,0.0
2023-10-23 00:00:00+07:00,17722.702067353763,17722.702067353763,17088.005460153865,17210.0625,3240392,0.0,0.0
2023-10-24 00:00:00+07:00,17429.76640637989,17429.76640637989,16624.188229523457,16990.359375,7415026,0.0,0.0
2023-10-25 00:00:00+07:00,16843.889154945202,16941.53478352525,16453.306640625,16453.306640625,7642635,0.0,0.0
2023-10-26 00:00:00+07:00,16258.015892934793,16306.838708754754,15305.969327637593,15428.0263671875,9618319,0.0,0.0
2023-10-27 00:00:00+07:00,15403.614585716345,16013.901425473416,14915.386439356991,15574.49609375,7092724,0.0,0.0
2023-10-30 00:00:00+07:00,15574.496673073354,15623.319489525347,14890.9755859375,14890.9755859375,2304066,0.0,0.0
2023-10-31 00:00:00+07:00,14890.976313019724,14988.621950691457,13865.6962890625,13865.6962890625,7173864,0.0,0.0
2023-11-01 00:00:00+07:00,14134.222231552909,14378.33631900495,13890.10731569688,14085.3994140625,4082894,0.0,0.0
2023-11-02 00:00:00+07:00,14524.804486878442,15061.85546875,14402.747445543995,15061.85546875,4266545,0.0,0.0
2023-11-03 00:00:00+07:00,15598.907879365292,15769.787734735162,15281.557919727613,15428.0263671875,7021313,0.0,0.0
2023-11-06 00:00:00+07:00,15598.908736122788,15623.320145373547,15305.970168305676,15525.6728515625,2521598,0.0,0.0
2023-11-07 00:00:00+07:00,15525.67240347852,15916.25659702608,15135.089866738928,15305.9697265625,6709610,0.0,0.0
2023-11-08 00:00:00+07:00,15281.559093005946,16160.37150204613,15232.736273437496,16038.314453125,4613866,0.0,0.0
2023-11-09 00:00:00+07:00,16111.548682477678,16404.48559988839,15989.491633556549,16038.314453125,5250652,0.0,0.0
2023-11-10 00:00:00+07:00,15769.7890625,16087.137392049455,15720.966242569317,15769.7890625,4997675,0.0,0.0
2023-11-13 00:00:00+07:00,15794.199621374511,15989.49089057373,15574.49694352539,15672.142578125,3835651,0.0,0.0
2023-11-14 00:00:00+07:00,15940.669501361228,15965.080912198093,15720.966803829457,15891.8466796875,2467562,0.0,0.0
2023-11-15 00:00:00+07:00,16111.546996103967,16209.192625020438,15891.844331041915,16013.9013671875,4135713,0.0,0.0
2023-11-16 00:00:00+07:00,16013.902140040598,16599.775941814492,15867.433689597125,16550.953125,8285501,0.0,0.0
2023-11-17 00:00:00+07:00,16648.59883911833,16648.59883911833,16013.90221746144,16111.5478515625,5793265,0.0,0.0
2023-11-20 00:00:00+07:00,15818.61053058339,16135.958833012484,15818.61053058339,16062.724609375,3313192,0.0,0.0
2023-11-21 00:00:00+07:00,16209.194205313705,16306.83984375,16087.137157268333,16306.83984375,2011648,0.0,0.0
2023-11-22 00:00:00+07:00,16306.839017072894,16550.953100788247,16209.193383586757,16380.0732421875,2932685,0.0,0.0
2023-11-23 00:00:00+07:00,16599.77584154366,16599.77584154366,15867.43359375,15867.43359375,5757299,0.0,0.0
2023-11-24 00:00:00+07:00,15867.432923812798,16013.9013671875,15428.025936880813,16013.9013671875,4214768,0.0,0.0
2023-11-27 00:00:00+07:00,16013.902194219509,16111.547828178847,15769.788109321154,15940.66796875,1764927,0.0,0.0
2023-11-28 00:00:00+07:00,15940.668932257398,15940.668932257398,15574.49778277726,15769.7890625,2850328,0.0,0.0
2023-11-29 00:00:00+07:00,16013.90247158811,16013.90247158811,15794.199791374236,15916.2568359375,1739908,0.0,0.0
2023-11-30 00:00:00+07:00,16013.903464035911,16087.1376953125,15818.612180631682,16087.1376953125,2411789,0.0,0.0
2023-12-01 00:00:00+07:00,16087.137286908515,16282.42856535489,15989.49164768533,16209.1943359375,4657651,0.0,0.0
2023-12-04 00:00:00+07:00,16209.194776247388,16673.01157515674,16209.194776247388,16599.77734375,5472180,0.0,0.0
2023-12-05 00:00:00+07:00,16795.068902011564,16795.068902011564,16331.25209552127,16404.486328125,3756422,0.0,0.0
2023-12-06 00:00:00+07:00,16502.131701874347,16599.77734375,16404.486059998693,16599.77734375,3206511,0.0,0.0
2023-12-07 00:00:00+07:00,16648.600436804103,16721.834669407832,16233.60645204963,16404.486328125,4205734,0.0,0.0
2023-12-08 00:00:00+07:00,16404.483826334974,16575.36367635006,16355.66101204495,16453.306640625,4786224,0.0,0.0
2023-12-11 00:00:00+07:00,16453.30929204613,16477.720703125,16306.840825572928,16477.720703125,1410134,0.0,0.0
2023-12-12 00:00:00+07:00,16526.54062229572,16673.009063040856,16477.71780871401,16648.59765625,3539932,0.0,0.0
2023-12-13 00:00:00+07:00,16795.068902011564,16843.891723747383,16404.486328125,16404.486328125,3510830,0.0,0.0
2023-12-14 00:00:00+07:00,16550.954073218654,16550.954073218654,16160.371516325906,16209.1943359375,1566855,0.0,0.0
2023-12-15 00:00:00+07:00,16209.193893188562,16331.250938883595,15989.4912109375,15989.4912109375,2672411,0.0,0.0
2023-12-18 00:00:00+07:00,16013.9013671875,16135.958403333088,15867.432923812798,16013.9013671875,1395192,0.0,0.0
2023-12-19 00:00:00+07:00,16038.312774416618,16135.958403333088,15916.255738271033,16013.9013671875,1233259,0.0,0.0
2023-12-20 00:00:00+07:00,16111.548535494145,16135.959945055669,15965.080078125,15965.080078125,1647995,0.0,0.0
2023-12-21 00:00:00+07:00,16013.902620076507,16038.314029215517,15940.668392659489,15989.4912109375,1197120,0.0,0.0
2023-12-22 00:00:00+07:00,16087.137966382408,16087.137966382408,15867.435268850635,15891.8466796875,2653646,0.0,0.0
2023-12-25 00:00:00+07:00,15867.433346341712,16087.13601725416,15867.433346341712,16062.724609375,2106689,0.0,0.0
2023-12-26 00:00:00+07:00,16038.314047912674,16258.016730419862,16038.314047912674,16160.37109375,1522723,0.0,0.0
2023-12-27 00:00:00+07:00,16258.017024531851,16306.83984375,16160.371386095554,16306.83984375,2974732,0.0,0.0
2023-12-28 00:00:00+07:00,16306.839270315704,16331.250679066345,16184.7822265625,16184.7822265625,1674405,0.0,0.0
2023-12-29 00:00:00+07:00,16184.782374640545,16331.25082848446,16184.782374640545,16258.0166015625,1827650,0.0,0.0
2024-01-02 00:00:00+07:00,16209.194776247388,16697.422985625653,16209.194776247388,16599.77734375,6852083,0.0,0.0
2024-01-03 00:00:00+07:00,16575.365234375,16624.188053254195,16453.308187177012,16575.365234375,2658685,0.0,0.0
2024-01-04 00:00:00+07:00,16599.775941814492,16917.124251108686,16550.953125,16550.953125,5272544,0.0,0.0
2024-01-05 00:00:00+07:00,16550.954379006813,16624.188609777244,16282.42886618189,16526.54296875,2811409,0.0,0.0
2024-01-08 00:00:00+07:00,16526.54338246455,16624.189025936194,16404.486328125,16404.486328125,3781615,0.0,0.0
2024-01-09 00:00:00+07:00,16404.484674556526,16746.244392257966,16184.781998891316,16550.953125,6997684,0.0,0.0
2024-01-10 00:00:00+07:00,16673.010142645922,16721.83295938899,16331.25042544443,16380.0732421875,4085847,0.0,0.0
2024-01-11 00:00:00+07:00,16502.130284045175,16599.775917531315,16306.839017072894,16380.0732421875,3102957,0.0,0.0
2024-01-12 00:00:00+07:00,16233.605302327567,16331.250938883595,15916.25698352048,15989.4912109375,6425359,0.0,0.0
2024-01-15 00:00:00+07:00,15965.080078125,16160.371354617191,15965.080078125,15965.080078125,2162461,0.0,0.0
2024-01-16 00:00:00+07:00,15989.490808936174,16111.5478515625,15916.25658336038,16111.5478515625,1706200,0.0,0.0
2024-01-17 00:00:00+07:00,16160.371240582204,16233.605468750002,16111.548421803673,16233.60546875,1845893,0.0,0.0
2024-01-18 00:00:00+07:00,16282.428287528532,16331.251106307063,16184.78264997147,16233.60546875,1706548,0.0,0.0
2024-01-19 00:00:00+07:00,16258.016024915756,16355.66165734836,16111.54757626685,16135.958984375,2962048,0.0,0.0
2024-01-22 00:00:00+07:00,16184.782911830356,16209.19432161458,16013.903043340772,16038.314453125,2085839,0.0,0.0
2024-01-23 00:00:00+07:00,16062.725716371096,16087.13712593262,15867.434439878904,15965.080078125,3371571,0.0,0.0
2024-01-24 00:00:00+07:00,15989.490785729671,16111.547828178847,15916.256560260164,15940.66796875,1928597,0.0,0.0
2024-01-25 00:00:00+07:00,15965.080062071338,15965.080062071338,15745.377376238544,15794.2001953125,2793687,0.0,0.0
2024-01-26 00:00:00+07:00,15794.200211194331,16087.13712593262,15794.200211194331,15965.080078125,2954403,0.0,0.0
2024-01-29 00:00:00+07:00,16184.78197521522,16599.775917531315,16184.78197521522,16380.0732421875,4492243,0.0,0.0
2024-01-30 00:00:00+07:00,16404.484926940633,16453.307744506266,16258.016474243734,16355.662109375,1526893,0.0,0.0
2024-01-31 00:00:00+07:00,16355.662348022604,16355.662348022604,15989.4912109375,15989.4912109375,3089752,0.0,0.0
2024-02-01 00:00:00+07:00,15965.07982041028,16209.193912084933,15867.43418374042,16160.37109375,1769097,0.0,0.0
2024-02-02 00:00:00+07:00,16160.37066861303,16355.66193681515,16111.5478515625,16111.5478515625,2250725,0.0,0.0
2024-02-05 00:00:00+07:00,16111.548147718586,16282.428010536489,16062.725329770614,16258.0166015625,2133794,0.0,0.0
2024-02-06 00:00:00+07:00,16258.0166015625,16477.719282328373,16233.605192588517,16258.0166015625,2830869,0.0,0.0
2024-02-07 00:00:00+07:00,16355.661857742036,16721.83298385072,16355.661857742036,16550.953125,4701783,0.0,0.0
2024-02-15 00:00:00+07:00,16648.600164687825,16746.24580656348,16550.954522812175,16599.77734375,3621768,0.0,0.0
2024-02-16 00:00:00+07:00,16599.77484266829,16770.65469020428,16526.54062229572,16648.59765625,4396334,0.0,0.0
2024-02-19 00:00:00+07:00,16673.011481019566,17332.12121676693,16599.777250026313,17063.595703125,8839061,0.0,0.0
2024-02-20 00:00:00+07:00,17112.417374583223,17112.417374583223,16892.713039549875,16965.947265625,3117552,0.0,0.0
2024-02-21 00:00:00+07:00,16965.947159869327,17258.885719151796,16917.12434279024,17088.005859375,5460191,0.0,0.0
2024-02-22 00:00:00+07:00,17088.005815244953,17136.82863219795,16843.890073672002,16892.712890625,3287999,0.0,0.0
2024-02-23 00:00:00+07:00,16892.714545483203,17014.771599822754,16355.66350638918,16404.486328125,6966756,0.0,0.0
2024-02-26 00:00:00+07:00,16502.131295564228,16843.891033714317,16282.428606753458,16721.833984375,3154734,0.0,0.0
2024-02-27 00:00:00+07:00,16770.657093220234,16892.714144663692,16697.422862354157,16868.302734375,3149348,0.0,0.0
2024-02-28 00:00:00+07:00,17039.181640625,17405.354431009,16868.30177828953,17039.181640625,9319994,0.0,0.0
2024-02-29 00:00:00+07:00,17234.474418041766,17234.474418041766,16892.713039549875,16965.947265625,5882398,0.0,0.0
2024-03-01 00:00:00+07:00,16965.94661391412,17234.473756015985,16868.300982898138,17136.828125,4802904,0.0,0.0
2024-03-04 00:00:00+07:00,17332.12080223341,17332.12080223341,17063.595295013827,17185.65234375,5676159,0.0,0.0
2024-03-05 00:00:00+07:00,17185.651791449563,17478.588699002183,17136.828973524127,17234.474609375,5162040,0.0,0.0
2024-03-06 00:00:00+07:00,17234.47385915873,17258.88526705882,16941.53530754973,17014.76953125,4161949,0.0,0.0
2024-03-07 00:00:00+07:00,17088.00560953893,17551.82236500897,16941.535503635187,17283.296875,7468887,0.0,0.0
2024-03-08 00:00:00+07:00,17332.119140625,17673.87884432222,17210.06210359028,17332.119140625,9552990,0.0,0.0
2024-03-11 00:00:00+07:00,17380.944343424035,17722.704094075965,17234.475878858924,17551.82421875,7712481,0.0,0.0
2024-03-12 00:00:00+07:00,17551.821807287495,17551.821807287495,17307.707733218056,17332.119140625,4854333,0.0,0.0
2024-03-13 00:00:00+07:00,17429.765423179077,18284.16471442828,17332.11978989345,17966.81640625,14613215,0.0,0.0
2024-03-14 00:00:00+07:00,18064.46229461834,18064.46229461834,17673.879755960555,17771.525390625,8653324,0.0,0.0
2024-03-15 00:00:00+07:00,17771.525390625,18040.05088595223,17478.58848663166,17771.525390625,5555057,0.0,0.0
2024-03-18 00:00:00+07:00,17869.17104402618,17917.9938614096,16599.776135249373,16965.947265625,12377431,0.0,0.0
2024-03-19 00:00:00+07:00,16990.359375,17185.652309395533,16868.30232650782,16990.359375,3015041,0.0,0.0
2024-03-20 00:00:00+07:00,17014.772061510022,17161.2421875,16965.94923844942,17161.2421875,2466346,0.0,0.0
2024-03-21 00:00:00+07:00,17332.119140625,17356.530548031944,17161.23928877639,17332.119140625,3818277,0.0,0.0
2024-03-22 00:00:00+07:00,17380.941955438888,17454.17617765972,17161.23928877639,17332.119140625,4418227,0.0,0.0
2024-03-25 00:00:00+07:00,17429.76644122235,17600.646309452997,17088.00670476106,17185.65234375,4855723,0.0,0.0
2024-03-26 00:00:00+07:00,17234.47464874131,17576.234375,16892.71326567462,17576.234375,3362015,0.0,0.0
2024-03-27 00:00:00+07:00,17600.64563524856,17649.46845287284,17454.177182375723,17503.0,2975253,0.0,0.0
2024-03-28 00:00:00+07:00,17576.233973322036,17844.759466388554,17405.35411409789,17698.291015625,5869019,0.0,0.0
2024-03-29 00:00:00+07:00,17747.11535992679,17795.93818104984,17478.58984375,17478.58984375,3628891,0.0,0.0
2024-04-01 00:00:00+07:00,17527.413081113737,17625.05872567873,17234.47614741876,17356.533203125,5623166,0.0,0.0
2024-04-02 00:00:00+07:00,17356.53279094237,17478.58984375,17088.00727476558,17478.58984375,4942945,0.0,0.0
2024-04-03 00:00:00+07:00,17527.412682344682,18259.75499992048,17527.412682344682,17820.349609375,17946389,0.0,0.0
2024-04-04 00:00:00+07:00,17966.817069900346,18015.63988834655,17625.057340776897,17649.46875,4485467,0.0,0.0
2024-04-05 00:00:00+07:00,17527.410956826337,17625.056589556872,17283.296875,17283.296875,4760509,0.0,0.0
2024-04-08 00:00:00+07:00,17283.296520607015,17332.119335971172,16941.53515625,16941.53515625,5317371,0.0,0.0
2024-04-09 00:00:00+07:00,16990.36064997972,17161.2421875,16892.715003858517,17161.2421875,2934596,0.0,0.0
2024-04-10 00:00:00+07:00,17283.296520607015,17283.296520607015,16941.53515625,16941.53515625,3267323,0.0,0.0
2024-04-11 00:00:00+07:00,16819.478515625,16941.53555692208,16746.244290846753,16819.478515625,3122591,0.0,0.0
2024-04-12 00:00:00+07:00,16843.88952552168,16965.94656393208,16795.066710157524,16941.53515625,3096355,0.0,0.0
2024-04-15 00:00:00+07:00,16990.357916501434,17283.296464544066,15818.6103515625,15818.6103515625,5929483,0.0,0.0
2024-04-16 00:00:00+07:00,15867.434165242466,16111.548256632535,15623.3200738524,15989.4912109375,4983601,0.0,0.0
2024-04-17 00:00:00+07:00,16111.547676347884,16184.781901127251,15867.43359375,15867.43359375,2485285,0.0,0.0
2024-04-19 00:00:00+07:00,15647.730949587132,15720.965174507724,15159.501126641908,15232.7353515625,5097927,0.0,0.0
2024-04-22 00:00:00+07:00,15623.319287275272,15623.319287275272,15330.380735547576,15428.0263671875,1904968,0.0,0.0
2024-04-23 00:00:00+07:00,15428.02704767016,15598.90856738501,15208.32436678992,15281.55859375,1502395,0.0,0.0
2024-04-24 00:00:00+07:00,15574.497769742587,15672.143409522236,15379.20483337523,15598.9091796875,3441244,0.0,0.0
2024-04-25 00:00:00+07:00,15598.90984818311,15598.90984818311,15257.1484375,15257.1484375,3058478,0.0,0.0
2024-04-26 00:00:00+07:00,15257.146511817631,15452.437775097482,15208.323695997668,15428.0263671875,2355495,0.0,0.0
2024-05-02 00:00:00+07:00,15574.498338808276,15940.669501361228,15428.028216978972,15891.8466796875,3120332,0.0,0.0
2024-05-03 00:00:00+07:00,16062.725700219247,16087.137109756224,15672.143147627614,15794.2001953125,1708806,0.0,0.0
2024-05-06 00:00:00+07:00,15867.434327911014,16233.605468750002,15867.434327911014,16233.60546875,2713763,0.0,0.0
2024-05-07 00:00:00+07:00,16306.839017072894,16575.36450915978,16209.193383586757,16380.0732421875,3328308,0.0,0.0
2024-05-08 00:00:00+07:00,16184.78092722374,16795.066096995135,16111.546706851172,16648.59765625,4646531,0.0,0.0
2024-05-09 00:00:00+07:00,16795.067209072455,16892.71284270144,16477.718899778265,16550.953125,4678848,0.0,0.0
2024-05-10 00:00:00+07:00,16526.541716592754,16550.953125,16306.839040927543,16550.953125,2899326,0.0,0.0
2024-05-13 00:00:00+07:00,16550.953939840743,16550.953939840743,16184.782795704628,16306.83984375,2337078,0.0,0.0
2024-05-14 00:00:00+07:00,16355.66101204495,16453.306640625,16209.192569174877,16453.306640625,3761113,0.0,0.0
2024-05-15 00:00:00+07:00,16575.36404101881,16990.357971614158,16477.718410290494,16941.53515625,6992297,0.0,0.0
2024-05-16 00:00:00+07:00,16990.35856840887,17234.47431061225,16868.30152571116,17088.005859375,4766764,0.0,0.0
2024-05-17 00:00:00+07:00,17088.005309492008,17234.473756015985,17014.76942942211,17136.828125,4495023,0.0,0.0
2024-05-20 00:00:00+07:00,17283.297835525143,17527.411930918206,17063.59514967139,17112.41796875,5789443,0.0,0.0
2024-05-21 00:00:00+07:00,17136.828867817905,17869.1711321821,16990.358758137085,17503.0,9688339,0.0,0.0
2024-05-22 00:00:00+07:00,17722.702829110865,17722.702829110865,17454.17732990761,17576.234375,5943210,0.0,0.0
2024-05-23 00:00:00+07:00,17576.234701194495,18210.931347454152,17478.589063308395,18064.462890625,9446482,0.0,0.0
2024-05-24 00:00:00+07:00,17893.584248232455,17991.229892797448,17039.183201480635,17356.533203125,9528665,0.0,0.0
2024-05-27 00:00:00+07:00,17356.53252690288,17917.994961276632,17283.298296332392,17673.880859375,3722020,0.0,0.0
2024-05-28 00:00:00+07:00,17673.880859375,17820.34932051598,17576.235218614347,17673.880859375,4330484,0.0,0.0
2024-05-29 00:00:00+07:00,17722.702573292776,18113.285111950565,17600.645529962218,17771.525390625,7288711,0.0,0.0
2024-05-30 00:00:00+07:00,17527.411556963045,17722.702829110865,17356.5316938337,17576.234375,4485815,0.0,0.0
2024-05-31 00:00:00+07:00,17478.588738926086,17771.52564714782,17478.588738926086,17576.234375,4233533,0.0,0.0
2024-06-03 00:00:00+07:00,17771.525796428577,18796.806640625,17649.46875031091,18796.806640625,23921569,0.0,0.0
2024-06-04 00:00:00+07:00,18992.09735729466,19236.2114423691,18796.80608923512,18845.62890625,8953908,0.0,0.0
2024-06-05 00:00:00+07:00,18943.27413888482,19114.153994816097,18796.80569094372,18967.685546875,10298888,0.0,0.0
2024-06-06 00:00:00+07:00,19040.920732860333,19138.56636975447,18552.692548389663,18796.806640625,11207414,0.0,0.0
2024-06-07 00:00:00+07:00,18870.041306879528,19504.73796144324,18796.8070775068,19016.509765625,10067630,0.0,0.0
2024-06-10 00:00:00+07:00,18992.098209831496,19089.74384824449,18747.98411379901,18943.275390625,6890828,0.0,0.0
2024-06-11 00:00:00+07:00,19065.33133005881,19358.26822826453,18918.862880955952,19040.919921875,9604419,0.0,0.0
2024-06-12 00:00:00+07:00,19040.91977084555,19187.388218786644,18821.217098933903,18967.685546875,6205742,0.0,0.0
2024-06-13 00:00:00+07:00,19065.33243864124,19236.212305863977,18894.452571418504,18943.275390625,7230853,0.0,0.0
2024-06-14 00:00:00+07:00,18943.27439591418,19138.565662485424,17966.81640625,17966.81640625,14367188,0.0,0.0
2024-06-17 00:00:00+07:00,17966.81754197985,18406.222919541124,17917.99472225082,18210.931640625,8826551,0.0,0.0
2024-06-18 00:00:00+07:00,18503.867997487352,18552.69247254283,18210.93108800253,18259.75390625,5863807,0.0,0.0
2024-06-19 00:00:00+07:00,18308.57771341356,19065.3330939326,18284.16630297127,18430.634765625,9602508,0.0,0.0
2024-06-20 00:00:00+07:00,18455.04573927016,18552.693035536267,18015.64036170888,18210.931640625,6133289,0.0,0.0
2024-06-21 00:00:00+07:00,18357.39883780659,18601.51457647771,18210.93038868868,18235.341796875,5932437,0.0,0.0
2024-06-24 00:00:00+07:00,18162.107151882832,18308.57559761016,17332.119292761337,17405.353515625,10778953,0.0,0.0
2024-06-25 00:00:00+07:00,17502.999895297773,17771.525390625,17283.297217302767,17771.525390625,4229710,0.0,0.0
2024-06-26 00:00:00+07:00,17820.347956321566,17966.81640625,17478.588239821886,17966.81640625,3525511,0.0,0.0
2024-06-27 00:00:00+07:00,17966.8172527389,18503.868261112457,17917.99443379585,18064.462890625,4648964,0.0,0.0
2024-06-28 00:00:00+07:00,18064.461989185573,18088.873397438936,17478.58819110481,17625.056640625,5044413,0.0,0.0
2024-07-01 00:00:00+07:00,17673.880859375,17722.703679755326,17429.76675747337,17673.880859375,2165936,0.0,0.0
2024-07-02 00:00:00+07:00,17820.348207957224,18162.10792928279,17771.525390625,17771.525390625,2877781,0.0,0.0
2024-07-03 00:00:00+07:00,17966.81600797365,18284.16430911716,17771.52474573149,18088.873046875,4231969,0.0,0.0
2024-07-04 00:00:00+07:00,18210.931347454152,18235.34275692568,17795.937386438225,18064.462890625,3504836,0.0,0.0
2024-07-05 00:00:00+07:00,18088.87280289193,18406.221099755043,18088.87280289193,18284.1640625,7533174,0.0,0.0
2024-07-08 00:00:00+07:00,18455.04432227324,19236.21103476701,18455.04432227324,18967.685546875,13556134,0.0,0.0
2024-07-09 00:00:00+07:00,19089.7435513074,19285.03482509567,18772.395231401464,18796.806640625,8766955,0.0,0.0
2024-07-10 00:00:00+07:00,18894.452088370326,19114.154769182725,18528.279296875,18528.279296875,10500609,0.0,0.0
2024-07-11 00:00:00+07:00,18747.983025595626,18747.983025595626,18162.107572316043,18235.341796875,8276987,0.0,0.0
2024-07-12 00:00:00+07:00,18235.341247597986,18455.04391465706,18162.10702524496,18284.1640625,3495106,0.0,0.0
2024-07-15 00:00:00+07:00,18357.39969057031,18577.10403126113,18259.754053289067,18332.98828125,3000967,0.0,0.0
2024-07-16 00:00:00+07:00,18357.39853245797,18406.22134801851,18064.46163909473,18088.873046875,3736094,0.0,0.0
2024-07-17 00:00:00+07:00,18210.93155313388,18210.93155313388,16843.890950480665,17185.65234375,11851497,0.0,0.0
2024-07-18 00:00:00+07:00,17332.11889970899,17527.41015625,17136.82764316798,17527.41015625,4277839,0.0,0.0
2024-07-19 00:00:00+07:00,17527.41039988055,17673.87884432222,17210.06210359028,17332.119140625,2813147,0.0,0.0
2024-07-22 00:00:00+07:00,17332.120767586148,17332.120767586148,16892.713736206257,16990.359375,5078641,0.0,0.0
2024-07-23 00:00:00+07:00,17014.77119610715,17185.652724936077,16868.302734375,16868.302734375,2893939,0.0,0.0
2024-07-24 00:00:00+07:00,16746.245278015638,17283.297948189276,16599.776819825023,16990.359375,4169073,0.0,0.0
2024-07-25 00:00:00+07:00,17014.76997694841,17088.005859375,16795.06730009253,17088.005859375,1154030,0.0,0.0
2024-07-26 00:00:00+07:00,17063.594746635972,17283.297427300437,17063.594746635972,17234.474609375,1578844,0.0,0.0
2024-07-29 00:00:00+07:00,17283.298700380627,17673.88127255426,17283.298700380627,17551.82421875,4005228,0.0,0.0
2024-07-30 00:00:00+07:00,17625.057303606067,17625.057303606067,17258.88616603176,17307.708984375,1952401,0.0,0.0
2024-07-31 00:00:00+07:00,17356.53165418859,17527.41151692762,17161.240382486845,17234.474609375,2578761,0.0,0.0
2024-08-01 00:00:00+07:00,17405.35397065893,17502.999603696593,16697.42147432792,16819.478515625,6769727,0.0,0.0
2024-08-02 00:00:00+07:00,16697.421665934366,17088.005859375,16599.776031776197,17088.005859375,2769362,0.0,0.0
2024-08-05 00:00:00+07:00,16624.188136286146,16941.536460585954,15965.080078125,15965.080078125,5776585,0.0,0.0
2024-08-06 00:00:00+07:00,16111.54816732696,16550.95352939348,15965.079713304784,16428.896484375,3803160,0.0,0.0
2024-08-07 00:00:00+07:00,16599.776819825023,17039.18219439687,16428.89695193597,16990.359375,3298423,0.0,0.0
2024-08-08 00:00:00+07:00,16941.53585693329,17210.063009350055,16795.06740478304,16965.947265625,3204600,0.0,0.0
2024-08-09 00:00:00+07:00,17161.24081936501,17527.4119631275,17088.006590612513,17454.177734375,5563050,0.0,0.0
2024-08-12 00:00:00+07:00,17673.88001107391,17771.52564714782,17478.588738926086,17576.234375,4687014,0.0,0.0
2024-08-13 00:00:00+07:00,17673.88112824221,17722.703949365263,17405.35561206542,17478.58984375,5883267,0.0,0.0
2024-08-14 00:00:00+07:00,17673.87945713173,17893.582131412015,17576.23382411827,17625.056640625,4370272,0.0,0.0
2024-08-15 00:00:00+07:00,17673.88001107391,17673.88001107391,17405.354511870653,17576.234375,3191743,0.0,0.0
2024-08-16 00:00:00+07:00,17673.88170493,18137.69852073305,17576.23605949778,18113.287109375,9948440,0.0,0.0
2024-08-19 00:00:00+07:00,18357.39932776276,18650.337890625,18162.108057059915,18650.337890625,10188384,0.0,0.0
2024-08-20 00:00:00+07:00,18699.16070830071,18894.451979003552,18577.10366411144,18650.337890625,14762812,0.0,0.0
2024-08-21 00:00:00+07:00,19576.785024089146,19576.785024089146,19388.80513098934,19442.513671875,6843396,2000.0,0.0
2024-08-22 00:00:00+07:00,19335.095874339702,19496.22149103199,19012.844640955147,19120.26171875,5910545,0.0,0.0
2024-08-23 00:00:00+07:00,19093.407892907107,19281.387783415525,18985.990812616583,19173.970703125,3731750,0.0,0.0
2024-08-26 00:00:00+07:00,19281.38801166613,19281.38801166613,18744.30078125,18744.30078125,7510412,0.0,0.0
2024-08-27 00:00:00+07:00,18771.155497204487,19039.698181409625,18744.29940617854,18798.009765625,5073776,0.0,0.0
2024-08-28 00:00:00+07:00,18798.010249778446,18905.427326227087,18636.8828125,18636.8828125,3213288,0.0,0.0
2024-08-29 00:00:00+07:00,18663.736328125,18851.71802692646,18583.173524040976,18663.736328125,3227534,0.0,0.0
2024-08-30 00:00:00+07:00,18690.591043828783,18959.135553146425,18690.591043828783,18717.4453125,2809150,0.0,0.0
2024-09-04 00:00:00+07:00,18690.59131304637,18851.71875,18529.46569869821,18851.71875,3666595,0.0,0.0
2024-09-05 00:00:00+07:00,18932.280831010485,18959.135099038493,18529.46498798496,18663.736328125,3061953,0.0,0.0
2024-09-06 00:00:00+07:00,18690.59214893705,19308.2421875,18610.02933816,19308.2421875,7654103,0.0,0.0
2024-09-09 00:00:00+07:00,19147.11629828446,19254.533377818927,18744.300427424696,19039.69921875,4495023,0.0,0.0
2024-09-10 00:00:00+07:00,19173.9702924621,19173.9702924621,18744.30015789702,18771.15625,5286443,0.0,0.0
2024-09-11 00:00:00+07:00,18744.30078125,18905.428226198736,18529.46661812577,18744.30078125,4178455,0.0,0.0
2024-09-12 00:00:00+07:00,18798.010655607337,19254.533240369907,18798.010655607337,18905.427734375,7894221,0.0,0.0
2024-09-13 00:00:00+07:00,18985.98992791116,19200.824078481404,18851.71858380475,19066.552734375,4084979,0.0,0.0
2024-09-16 00:00:00+07:00,19200.824973197632,19549.930484141834,19173.970703125,19173.970703125,11706939,0.0,0.0
2024-09-17 00:00:00+07:00,19173.97114611388,19227.6796875,19012.845521955496,19227.6796875,3302941,0.0,0.0
2024-09-18 00:00:00+07:00,19335.096637705483,19335.096637705483,19039.69966210712,19093.408203125,4532205,0.0,0.0
2024-09-19 00:00:00+07:00,19147.115988198715,19200.82452709614,18905.42756316029,19120.26171875,4065345,0.0,0.0
2024-09-20 00:00:00+07:00,19227.678347302684,19415.658229051653,18985.98992791116,19066.552734375,5593976,0.0,0.0
2024-09-23 00:00:00+07:00,19120.26171875,19388.804413237136,19012.844640955147,19120.26171875,4010788,0.0,0.0
2024-09-24 00:00:00+07:00,19173.970257647423,19200.82452709614,19039.69891040386,19120.26171875,2687874,0.0,0.0
2024-09-25 00:00:00+07:00,19173.97052887137,19523.07603664289,19120.26198921421,19388.8046875,12661160,0.0,0.0
2024-09-26 00:00:00+07:00,19549.929856812327,19657.346933655987,19254.53289549225,19335.095703125,6930270,0.0,0.0
2024-09-27 00:00:00+07:00,19415.65851075775,19415.65851075775,19173.970087859507,19335.095703125,5169859,0.0,0.0
2024-09-30 00:00:00+07:00,19335.095874339702,19388.804413237136,19093.407449301285,19120.26171875,5511273,0.0,0.0
2024-10-01 00:00:00+07:00,19173.971014651823,19335.096637705483,19093.408203125,19093.408203125,6473835,0.0,0.0
2024-10-02 00:00:00+07:00,19120.260965983543,19308.24084472375,19066.552429200627,19147.115234375,4524907,0.0,0.0
2024-10-03 00:00:00+07:00,19254.534009453782,19254.534009453782,18717.44677155707,18878.57421875,8007331,0.0,0.0
2024-10-04 00:00:00+07:00,18905.42728811605,19066.55290246421,18798.01021188395,18851.71875,3398849,0.0,0.0
2024-10-07 00:00:00+07:00,18932.28110772757,18959.13537614808,18717.445137758023,18798.009765625,3588582,0.0,0.0
2024-10-08 00:00:00+07:00,18851.71923799961,18878.5735077528,18529.46617835592,18690.591796875,5774153,0.0,0.0
2024-10-09 00:00:00+07:00,18744.300733566728,18959.13671875,18690.592192922297,18959.13671875,3258809,0.0,0.0
2024-10-10 00:00:00+07:00,18878.57395580821,19093.40811893243,18744.30078125,18744.30078125,4409192,0.0,0.0
2024-10-11 00:00:00+07:00,18798.010655607337,18905.427734375,18744.300293617987,18905.427734375,1381118,0.0,0.0
2024-10-14 00:00:00+07:00,19012.843912989112,19012.843912989112,18717.445137758023,18798.009765625,3272709,0.0,0.0
2024-10-15 00:00:00+07:00,18851.71955127554,18878.57382147498,18556.320756476114,18610.029296875,2603606,0.0,0.0
2024-10-16 00:00:00+07:00,18771.156467672587,18771.156467672587,18260.923518698364,18341.486328125,5621950,0.0,0.0
2024-10-17 00:00:00+07:00,18448.903984926244,18529.466796875,18207.21554907998,18529.466796875,2529242,0.0,0.0
2024-10-18 00:00:00+07:00,18556.320622516738,18663.73770253906,18422.04927248884,18475.7578125,2497273,0.0,0.0
2024-10-21 00:00:00+07:00,18529.46500378222,18529.46500378222,18314.630859375,18314.630859375,1383898,0.0,0.0
2024-10-22 00:00:00+07:00,18314.630859375,18502.61073573132,18180.359519120488,18314.630859375,2340205,0.0,0.0
2024-10-23 00:00:00+07:00,18207.214536282645,18341.48588206157,18180.36026712686,18287.77734375,2063947,0.0,0.0
2024-10-24 00:00:00+07:00,18287.77734375,18529.465766152065,18260.92307459421,18287.77734375,3639143,0.0,0.0
2024-10-25 00:00:00+07:00,18368.340151217355,18502.61149699628,18287.77734375,18287.77734375,1601605,0.0,0.0
2024-10-28 00:00:00+07:00,18287.777037631186,18395.19411245628,18234.06850021864,18368.33984375,1255325,0.0,0.0
2024-10-29 00:00:00+07:00,18395.194654429863,18798.010519497475,18395.194654429863,18771.15625,5099665,0.0,0.0
2024-10-30 00:00:00+07:00,18771.15553000248,18771.15553000248,18529.46529119013,18583.173828125,1923211,0.0,0.0
2024-10-31 00:00:00+07:00,18583.17458205693,18636.88312117079,18422.048964715344,18556.3203125,1839117,0.0,0.0
2024-11-01 00:00:00+07:00,18475.75753984276,18475.75753984276,18153.506304531445,18207.21484375,5826103,0.0,0.0
2024-11-04 00:00:00+07:00,18126.65099907312,18234.06807137187,17831.254050251566,17965.525390625,3224754,0.0,0.0
2024-11-05 00:00:00+07:00,18046.08819484906,18126.65099907312,17884.96258640094,17965.525390625,1257237,0.0,0.0
2024-11-06 00:00:00+07:00,17992.3799428854,18287.77689637269,17992.3799428854,18234.068359375,1725139,0.0,0.0
2024-11-07 00:00:00+07:00,18314.63102130671,18314.63102130671,18099.796875,18099.796875,1616546,0.0,0.0
2024-11-08 00:00:00+07:00,18099.79793884195,18180.360748442163,17938.672319641526,17992.380859375,3886733,0.0,0.0
2024-11-11 00:00:00+07:00,18046.08953354961,18207.2151539504,17911.81818321561,18126.65234375,2668762,0.0,0.0
2024-11-12 00:00:00+07:00,18207.21559884799,18475.75830607788,18180.361328125,18180.361328125,3123634,0.0,0.0
2024-11-13 00:00:00+07:00,18234.06880543843,18448.90295868471,18046.08892134793,18287.77734375,2866139,0.0,0.0
2024-11-14 00:00:00+07:00,18207.214979080607,18448.903407360514,18207.214979080607,18341.486328125,5409283,0.0,0.0
2024-11-15 00:00:00+07:00,18260.922484730032,18422.048094460064,18099.796875,18099.796875,3090621,0.0,0.0
2024-11-18 00:00:00+07:00,18046.08953354961,18207.2151539504,17858.109643082014,18126.65234375,2257502,0.0,0.0
2024-11-19 00:00:00+07:00,18126.65220870869,18207.215018308903,17992.380859375,17992.380859375,1660505,0.0,0.0
2024-11-20 00:00:00+07:00,17992.380245670432,18260.92293517805,17723.837556162813,18153.505859375,2933901,0.0,0.0
2024-11-21 00:00:00+07:00,18180.35993907561,18717.4453125,18046.08859571951,18717.4453125,5611525,0.0,0.0
2024-11-22 00:00:00+07:00,18717.445417092888,19120.26127201756,18636.882610629047,19066.552734375,10021587,0.0,0.0
2024-11-25 00:00:00+07:00,19066.552286380607,19147.11509095152,18905.426677238785,19012.84375,6848087,0.0,0.0
2024-11-26 00:00:00+07:00,19066.553581626933,19603.63898191878,19066.553581626933,19523.076171875,14617385,0.0,0.0
2024-11-27 00:00:00+07:00,19657.34664844318,19684.20091726446,18932.2813902686,19066.552734375,11275697,0.0,0.0
2024-11-28 00:00:00+07:00,19120.26189191033,19200.824700986075,18824.86492529925,18905.427734375,4368187,0.0,0.0
2024-11-29 00:00:00+07:00,18905.427426610742,19200.82438841301,18798.010349591743,18985.990234375,6340223,0.0,0.0
2024-12-02 00:00:00+07:00,19120.260965983543,19200.82377115792,18717.44511750624,19147.115234375,6983610,0.0,0.0
2024-12-03 00:00:00+07:00,19173.970394205087,19442.5130906048,19012.844776365266,19254.533203125,6259604,0.0,0.0
2024-12-04 00:00:00+07:00,19281.388228886124,19549.93093581676,18985.99125126244,19227.6796875,13948977,0.0,0.0
2024-12-05 00:00:00+07:00,19120.2609460368,19496.220703125,19120.2609460368,19496.220703125,6131725,0.0,0.0
2024-12-06 00:00:00+07:00,19523.075863105376,20248.141142032004,19523.075863105376,19603.638671875,15175114,0.0,0.0
2024-12-09 00:00:00+07:00,19603.638084622948,19711.05515976464,19361.94966555416,19415.658203125,7060927,0.0,0.0
2024-12-10 00:00:00+07:00,19415.658061699058,19469.36659887868,19147.115375800942,19281.38671875,6159873,0.0,0.0
2024-12-11 00:00:00+07:00,19361.949381506667,19361.949381506667,19039.698160809166,19147.115234375,4619253,0.0,0.0
2024-12-12 00:00:00+07:00,19173.97056816808,19227.67910793531,19012.844948866383,19039.69921875,3633756,0.0,0.0
2024-12-13 00:00:00+07:00,19012.845259394428,19200.82515164993,18932.282448427788,18959.13671875,3023381,0.0,0.0
2024-12-16 00:00:00+07:00,18959.13551862232,19066.55259311159,18824.864175510724,18932.28125,3512828,0.0,0.0
2024-12-17 00:00:00+07:00,18985.99009529013,19012.84436434816,18771.15594282592,18851.71875,3079849,0.0,0.0
2024-12-18 00:00:00+07:00,18851.718444133043,18985.98978724464,18663.736741171368,18932.28125,5804212,0.0,0.0
2024-12-19 00:00:00+07:00,18771.15638591542,19120.26189191033,18690.59175423416,18905.427734375,4133107,0.0,0.0
2024-12-20 00:00:00+07:00,19012.84436434816,19012.84436434816,18824.86448094197,18851.71875,4133107,0.0,0.0
2024-12-23 00:00:00+07:00,18905.427426610742,19012.84450362976,18798.010349591743,18985.990234375,3150043,0.0,0.0
2024-12-24 00:00:00+07:00,19012.84539159817,19254.533826178653,18878.57403905346,19093.408203125,5380614,0.0,0.0
2024-12-25 00:00:00+07:00,19200.823627332127,19227.67789552243,18959.1352136194,19012.84375,4410408,0.0,0.0
2024-12-26 00:00:00+07:00,19012.844813142663,19039.69908283458,18905.427734375,18905.427734375,3215545,0.0,0.0
2024-12-27 00:00:00+07:00,18985.990371506432,19442.512952134563,18824.86475481416,19120.26171875,7517884,0.0,0.0
2024-12-30 00:00:00+07:00,19173.97056816808,19335.09618746977,19039.69921875,19039.69921875,3520473,0.0,0.0
2024-12-31 00:00:00+07:00,18985.9896445686,19120.26098667117,18798.009765625,18798.009765625,3871791,0.0,0.0
2025-01-02 00:00:00+07:00,18851.71814085818,19039.698018190305,18851.71814085818,19012.84375,1927555,0.0,0.0
2025-01-03 00:00:00+07:00,19012.84539159817,19281.388096687595,18932.282580071344,19093.408203125,5829578,0.0,0.0
2025-01-06 00:00:00+07:00,19120.26098667117,19200.82379193271,18583.173795655457,18798.009765625,3974997,0.0,0.0
2025-01-07 00:00:00+07:00,18798.0108751725,18878.57368518924,18368.34073247768,18475.7578125,4229363,0.0,0.0
2025-01-08 00:00:00+07:00,18368.34042560148,18583.17458205693,18287.77761693069,18556.3203125,2630364,0.0,0.0
2025-01-09 00:00:00+07:00,18556.320486596032,18583.17475640491,18314.63205831612,18341.486328125,1115980,0.0,0.0
2025-01-10 00:00:00+07:00,18341.48636764259,18475.75771697628,17992.380859375,17992.380859375,3542886,0.0,0.0
2025-01-13 00:00:00+07:00,17938.671106662365,18314.630859375,17884.962570560558,18314.630859375,2757025,0.0,0.0
2025-01-14 00:00:00+07:00,18422.049449708506,18502.612260500257,18260.923828125,18260.923828125,1191560,0.0,0.0
2025-01-15 00:00:00+07:00,18368.340909180668,18395.19517944459,18234.069557861083,18260.923828125,1084010,0.0,0.0
2025-01-16 00:00:00+07:00,18368.339395476803,18475.75646768041,18314.630859375,18314.630859375,1364092,0.0,0.0
2025-01-17 00:00:00+07:00,18395.19455876718,18529.46590555628,18314.63175069372,18422.048828125,1644657,0.0,0.0
2025-01-20 00:00:00+07:00,18395.19455876718,18529.46590555628,18341.48602005154,18422.048828125,998352,0.0,0.0
2025-01-21 00:00:00+07:00,18314.63236865284,18475.75799023634,18234.069557861083,18260.923828125,1550503,0.0,0.0
2025-01-22 00:00:00+07:00,18287.777827909114,18314.63209777585,17992.380859375,17992.380859375,1516816,0.0,0.0
2025-01-23 00:00:00+07:00,18072.9437624163,18744.3005125558,18072.9437624163,18475.7578125,2355148,0.0,0.0
2025-01-24 00:00:00+07:00,18475.75675425526,18851.71833540479,18475.75675425526,18583.173828125,2247424,0.0,0.0
2025-02-03 00:00:00+07:00,18610.02881040965,18959.13613648232,18475.757462922287,18771.15625,3054830,0.0,0.0
2025-02-04 00:00:00+07:00,18905.42728811605,19039.698633406184,18771.15594282592,18851.71875,4292781,0.0,0.0
2025-02-05 00:00:00+07:00,19012.844813142663,19093.40762221841,18851.71919499117,18905.427734375,4441335,0.0,0.0
2025-02-06 00:00:00+07:00,18932.28094542909,19200.823627332127,18878.572409048484,19012.84375,2951102,0.0,0.0
2025-02-07 00:00:00+07:00,19039.699578151376,19066.553848541906,18717.44651085947,18744.30078125,4070731,0.0,0.0
2025-02-10 00:00:00+07:00,18798.0108751725,18851.71941518366,18475.7578125,18475.7578125,4562264,0.0,0.0
2025-02-11 00:00:00+07:00,18475.757197827035,18663.73708161216,18475.757197827035,18636.8828125,2412832,0.0,0.0
2025-02-12 00:00:00+07:00,18690.591796875,18905.42777750597,18636.88325736864,18690.591796875,4792827,0.0,0.0
2025-02-13 00:00:00+07:00,18771.157037526416,19657.34796812236,18744.30094429672,19576.78515625,16150708,0.0,0.0
2025-02-14 00:00:00+07:00,19657.34662219379,19764.763697335475,19415.658203125,19415.658203125,7550896,0.0,0.0
2025-02-17 00:00:00+07:00,19523.074971488444,19952.743265303536,19469.36643476156,19496.220703125,9197154,0.0,0.0
2025-02-18 00:00:00+07:00,19496.22100948126,19549.929547052103,19335.09539676873,19415.658203125,6030952,0.0,0.0
2025-02-19 00:00:00+07:00,19442.5120060799,19818.47176006804,19388.803469795883,19711.0546875,9991702,0.0,0.0
2025-02-20 00:00:00+07:00,19711.054970967947,20087.014730362826,19630.49216538333,19979.59765625,12448320,0.0,0.0
2025-02-21 00:00:00+07:00,19952.743387721795,20060.160461834617,19818.47204508077,19979.59765625,6621173,0.0,0.0
2025-02-24 00:00:00+07:00,19925.88928437997,19979.597821881627,19549.929521868376,19764.763671875,8380193,0.0,0.0
2025-02-25 00:00:00+07:00,19872.18208388481,20301.850412806285,19711.056460539265,19925.890625,10158153,0.0,0.0
2025-02-26 00:00:00+07:00,20140.72402741573,20301.84964466493,19925.88987108347,19952.744140625,4779969,0.0,0.0
2025-02-27 00:00:00+07:00,19952.743245220656,19952.743245220656,19603.637756847274,19845.326171875,6346304,0.0,0.0
2025-02-28 00:00:00+07:00,19818.47176006804,19925.88883263608,19657.34615121598,19711.0546875,4472783,0.0,0.0
2025-03-03 00:00:00+07:00,19818.473411004048,20033.30757403643,19711.056329487856,19791.619140625,3941637,0.0,0.0
2025-03-04 00:00:00+07:00,19711.056329487856,19899.03622214119,19576.78497759261,19791.619140625,5738535,0.0,0.0
2025-03-05 00:00:00+07:00,19791.61765512288,19845.326191849763,19496.220703125,19496.220703125,5845042,0.0,0.0
2025-03-06 00:00:00+07:00,19549.93088562588,19603.63942687412,19361.950991257043,19576.78515625,5856162,0.0,0.0
2025-03-07 00:00:00+07:00,19603.639247971663,20140.72465555262,19576.78497759261,19791.619140625,9425285,0.0,0.0
2025-03-10 00:00:00+07:00,19872.180296352057,19872.180296352057,19603.63761493196,19711.0546875,3881173,0.0,0.0
2025-03-11 00:00:00+07:00,19603.63880737256,20033.307123780367,19603.63880737256,19737.91015625,8458901,0.0,0.0
2025-03-12 00:00:00+07:00,19818.472828594004,19818.472828594004,19576.784402285128,19603.638671875,4568866,0.0,0.0
2025-03-13 00:00:00+07:00,19630.49206542125,19657.34633381271,19120.260965983543,19147.115234375,10318174,0.0,0.0
2025-03-14 00:00:00+07:00,19173.96950276646,19308.24084472375,19093.406697592083,19147.115234375,4609349,0.0,0.0
2025-03-17 00:00:00+07:00,19281.387783415525,19281.387783415525,18985.990812616583,19173.970703125,3557481,0.0,0.0
2025-03-18 00:00:00+07:00,19200.824973197632,19308.24205348816,19173.970703125,19173.970703125,2423604,0.0,0.0
2025-03-19 00:00:00+07:00,19173.970703125,19442.51340385131,19147.116433052368,19173.970703125,2874132,0.0,0.0
2025-03-20 00:00:00+07:00,19173.970257647423,19281.38733544228,19066.553179852574,19120.26171875,2092267,0.0,0.0
2025-03-21 00:00:00+07:00,19281.387647702544,19281.387647702544,19012.844948866383,19039.69921875,2606386,0.0,0.0
2025-03-24 00:00:00+07:00,19066.55335252649,19093.40762221841,18851.71919499117,18905.427734375,2413006,0.0,0.0
2025-03-25 00:00:00+07:00,18985.98978724464,19039.69832448928,18851.718444133043,18932.28125,2791949,0.0,0.0
2025-03-26 00:00:00+07:00,18985.9894818097,19200.823627332127,18851.71814085818,19012.84375,2675191,0.0,0.0
2025-03-27 00:00:00+07:00,18985.98978724464,19147.11539897855,18905.42698137768,18932.28125,1643130,0.0,0.0
2025-03-28 00:00:00+07:00,19173.97011915826,19388.80427319627,18985.990234375,18985.990234375,4349944,0.0,0.0
2025-03-31 00:00:00+07:00,18959.135099038493,18985.9893670665,18636.882060096992,18663.736328125,4958756,0.0,0.0
2025-04-01 00:00:00+07:00,18959.13703104367,19039.699843337337,18771.15713569177,18878.57421875,3720109,0.0,0.0
2025-04-02 00:00:00+07:00,19066.55380003886,19227.679421972145,18932.282448427788,18959.13671875,2284780,0.0,0.0
2025-04-03 00:00:00+07:00,18287.777868870267,18529.46629821224,17643.275390625,17643.275390625,9836024,0.0,0.0
2025-04-04 00:00:00+07:00,16434.831074090234,17159.898169403168,16434.831074090234,17025.625,6608315,0.0,0.0
2025-04-08 00:00:00+07:00,16112.579802312628,16595.95664960036,15844.037109375,15844.037109375,6067091,0.0,0.0
2025-04-09 00:00:00+07:00,14743.01056752318,15897.74599496506,14743.01056752318,14957.8447265625,9525885,0.0,0.0
2025-04-10 00:00:00+07:00,15978.30859375,15978.30859375,15978.30859375,15978.30859375,149422,0.0,0.0
2025-04-11 00:00:00+07:00,17079.333984375,17079.333984375,16461.68577298923,17079.333984375,8172913,0.0,0.0
2025-04-14 00:00:00+07:00,17186.752763372875,18153.506478575426,17133.044223639397,17992.380859375,6818202,0.0,0.0
2025-04-15 00:00:00+07:00,17992.380444973427,17992.380444973427,17455.29506000886,17589.56640625,4596839,0.0,0.0
2025-04-16 00:00:00+07:00,17455.295676446593,17696.984108215933,17347.87859566022,17428.44140625,3248905,0.0,0.0
2025-04-17 00:00:00+07:00,17347.87859566022,17482.149946643185,17186.752974480663,17428.44140625,2544706,0.0,0.0
2025-04-18 00:00:00+07:00,17455.294756005744,17938.67159405532,17455.294756005744,17670.12890625,3903587,0.0,0.0
2025-04-21 00:00:00+07:00,17723.837890625,17858.10923791261,17509.003734964826,17723.837890625,1822264,0.0,0.0
2025-04-22 00:00:00+07:00,17562.711713535176,17777.54586234099,16488.53914690066,17186.751953125,6839573,0.0,0.0
2025-04-23 00:00:00+07:00,17643.274352622782,17643.274352622782,17321.02313245907,17401.5859375,1552086,0.0,0.0
2025-04-24 00:00:00+07:00,17509.00345994643,17696.983343196436,17401.58638380357,17455.294921875,3499623,0.0,0.0
2025-04-25 00:00:00+07:00,17589.566267053575,17643.274805125006,17428.440652839286,17455.294921875,2224663,0.0,0.0
2025-04-28 00:00:00+07:00,17482.149024786275,17831.25451893319,17482.149024786275,17670.12890625,2178968,0.0,0.0
2025-04-29 00:00:00+07:00,17509.004349823885,17777.54705382945,17509.004349823885,17562.712890625,2524552,0.0,0.0
2025-05-05 00:00:00+07:00,17670.12842615334,18475.75646768041,17670.12842615334,18314.630859375,5682855,0.0,0.0
2025-05-06 00:00:00+07:00,18314.63209777585,18475.75771697628,17992.380859375,17992.380859375,3673350,0.0,0.0
2025-05-07 00:00:00+07:00,18046.08922609434,18448.903270233488,18046.08922609434,18207.21484375,3183370,0.0,0.0
2025-05-08 00:00:00+07:00,18234.06850021864,18475.756918575087,18046.08861927473,18368.33984375,3893607,0.0,0.0
2025-05-09 00:00:00+07:00,18287.777652577828,18368.340461405656,18153.506304531445,18207.21484375,1372626,0.0,0.0
2025-05-12 00:00:00+07:00,18207.21484375,18234.06911335928,18019.234956485067,18207.21484375,2104843,0.0,0.0
2025-05-13 00:00:00+07:00,18422.04900062421,18422.04900062421,18180.360574140723,18207.21484375,2403627,0.0,0.0
2025-05-14 00:00:00+07:00,18260.923518698364,18502.61194697827,18099.797899845093,18341.486328125,3062142,0.0,0.0
2025-05-15 00:00:00+07:00,18368.34104204184,18529.466664790794,18234.06968975105,18395.1953125,2872125,0.0,0.0
2025-05-16 00:00:00+07:00,18502.612576800868,18583.17538896984,18180.361328125,18180.361328125,3070124,0.0,0.0
2025-05-19 00:00:00+07:00,18180.361196392027,18314.632549034057,17965.52703216478,18046.08984375,3533205,0.0,0.0
2025-05-20 00:00:00+07:00,17965.52672334921,18153.5066138168,17965.52672334921,18126.65234375,2234342,0.0,0.0
2025-05-21 00:00:00+07:00,18153.50602860886,18153.50602860886,17831.254798195572,17938.671875,2599853,0.0,0.0
2025-05-22 00:00:00+07:00,17884.963336597786,18207.21456701108,17858.10906739668,17938.671875,4984338,0.0,0.0
2025-05-23 00:00:00+07:00,17911.81849110797,18314.632549034057,17858.10995005116,18046.08984375,4109552,0.0,0.0
2025-05-26 00:00:00+07:00,18099.79759583116,18422.048828125,17723.83782482168,18422.048828125,5014780,0.0,0.0
2025-05-27 00:00:00+07:00,18448.90250736576,18583.173849859973,18126.651285379623,18234.068359375,5181575,0.0,0.0
2025-05-28 00:00:00+07:00,18395.19517944459,18422.049449708506,18153.50674706933,18260.923828125,3930453,0.0,0.0
2025-05-29 00:00:00+07:00,18368.339557883388,18368.339557883388,18046.08833842332,18099.796875,4076145,0.0,0.0
2025-05-30 00:00:00+07:00,18099.798251691336,18260.92387367677,17884.964089044093,17911.818359375,6405052,0.0,0.0
2025-06-02 00:00:00+07:00,17911.816854475626,18072.942462923747,17696.98270987813,17965.525390625,5782236,0.0,0.0
2025-06-03 00:00:00+07:00,17992.380820609575,18395.19486774276,17992.380820609575,18341.486328125,7501111,0.0,0.0
2025-06-04 00:00:00+07:00,18395.194731014933,18422.04900062421,18153.506304531445,18207.21484375,3656410,0.0,0.0
2025-06-05 00:00:00+07:00,18207.214397276523,18341.48574203033,18153.505859375,18153.505859375,3217066,0.0,0.0
2025-06-06 00:00:00+07:00,18260.924007977246,18260.924007977246,18046.08984375,18046.08984375,3504980,0.0,0.0
2025-06-09 00:00:00+07:00,18046.088783571955,18314.63147307957,17992.380245670432,18153.505859375,3118647,0.0,0.0
2025-06-10 00:00:00+07:00,18153.50567040439,18932.281284475204,18126.65140173317,18717.4453125,12751007,0.0,0.0
2025-06-11 00:00:00+07:00,18771.155980666284,18851.718788002767,18529.46573605136,18636.8828125,3112105,0.0,0.0
2025-06-12 00:00:00+07:00,18636.88277493032,19066.55290246421,18636.88277493032,18851.71875,7983998,0.0,0.0
2025-06-13 00:00:00+07:00,18878.57329371158,19254.533065993568,18771.15621591673,19120.26171875,12526265,0.0,0.0
2025-06-16 00:00:00+07:00,19469.367631845817,19818.47314203552,19442.513361831225,19523.076171875,10333529,0.0,0.0
2025-06-17 00:00:00+07:00,19603.638269822142,20677.81085399236,19308.24131039184,20597.248046875,19821021,0.0,0.0
2025-06-18 00:00:00+07:00,20704.665881363435,20865.79150149956,20328.70427844028,20570.39453125,12351775,0.0,0.0
2025-06-19 00:00:00+07:00,20677.81143644281,21053.77121358047,20462.97727807844,20785.228515625,11094807,0.0,0.0
2025-06-20 00:00:00+07:00,20785.22793014883,20812.082199187946,20543.539508796763,20597.248046875,5404847,0.0,0.0
2025-06-23 00:00:00+07:00,20785.22778877762,21161.18755276818,20248.140589042792,20462.9765625,14586511,0.0,0.0
2025-06-24 00:00:00+07:00,20248.140589042792,20489.83083135647,20140.72351361692,20462.9765625,8927955,0.0,0.0
2025-06-25 00:00:00+07:00,20355.558771914824,20382.4130422323,20140.724609375,20140.724609375,8239625,0.0,0.0
2025-06-26 00:00:00+07:00,20167.577341100776,20462.97611466251,20113.868804563263,20409.267578125,6085731,0.0,0.0
2025-06-27 00:00:00+07:00,20570.39412692904,20570.39412692904,20248.141070385293,20301.849609375,4494632,0.0,0.0
2025-06-30 00:00:00+07:00,20355.55750058637,20731.51908415553,20355.55750058637,20677.810546875,6767105,0.0,0.0
2025-07-01 00:00:00+07:00,20785.22913923244,21026.9175746436,20462.97789201756,20624.103515625,6447727,0.0,0.0
2025-07-02 00:00:00+07:00,20570.394796312787,21053.77166294977,20570.394796312787,20838.9375,7739917,0.0,0.0
2025-07-03 00:00:00+07:00,20838.93615871659,21026.916039198448,20516.68493503341,20677.810546875,9395237,0.0,0.0
2025-07-04 00:00:00+07:00,20731.51984010843,20892.6454578253,20543.539952772087,20650.95703125,5994147,0.0,0.0
2025-07-07 00:00:00+07:00,21000.063122212327,21376.022907374427,20758.37468889384,20838.9375,9351301,0.0,0.0
2025-07-08 00:00:00+07:00,20973.207336535525,21000.06160496404,20731.51892067895,20892.64453125,4431267,0.0,0.0
2025-07-09 00:00:00+07:00,21053.77121358047,21107.479753171563,20731.519976033906,20785.228515625,7217952,0.0,0.0
2025-07-10 00:00:00+07:00,20919.49986460273,20946.35413439828,20758.37424582945,20785.228515625,4753707,0.0,0.0
2025-07-11 00:00:00+07:00,20919.49865634205,21080.62426580909,20704.664510385985,20758.373046875,9719327,0.0,0.0
2025-07-14 00:00:00+07:00,20919.499246622752,21000.06205362949,20731.51936360701,20946.353515625,11479590,0.0,0.0
2025-07-15 00:00:00+07:00,21870.806640625,22417.576171875,21583.03125,21899.583984375,10312673,1500.0,0.0
2025-07-16 00:00:00+07:00,22216.134765625,22273.689453125,21985.916015625,22043.470703125,8044669,0.0,0.0
2025-07-17 00:00:00+07:00,22244.912109375,22388.798828125,22072.248046875,22216.134765625,8329956,0.0,0.0
2025-07-18 00:00:00+07:00,22273.689453125,22331.244140625,22014.693359375,22072.248046875,6778117,0.0,0.0
2025-07-21 00:00:00+07:00,22446.353515625,23079.455078125,22302.466796875,22878.013671875,17082559,0.0,0.0
2025-07-22 00:00:00+07:00,23108.232421875,23309.673828125,23050.677734375,23252.119140625,9757049,0.0,0.0
2025-07-23 00:00:00+07:00,23424.783203125,24403.21484375,23309.673828125,24057.88671875,11609167,0.0,0.0
2025-07-24 00:00:00+07:00,24057.88671875,24115.44140625,23626.2265625,23626.2265625,8358789,0.0,0.0
2025-07-25 00:00:00+07:00,23798.890625,24029.109375,23568.669921875,23770.11328125,6912035,0.0,0.0
2025-07-28 00:00:00+07:00,24029.109375,24086.6640625,23741.3359375,23914.0,9069537,0.0,0.0
2025-07-29 00:00:00+07:00,23942.77734375,24431.9921875,22791.681640625,22791.681640625,16939631,0.0,0.0
2025-07-30 00:00:00+07:00,23309.673828125,23885.22265625,23021.900390625,23885.22265625,11923411,0.0,0.0
2025-07-31 00:00:00+07:00,24172.99609375,24431.9921875,23424.783203125,23597.44921875,11736786,0.0,0.0
2025-08-01 00:00:00+07:00,23885.22265625,24115.44140625,23309.673828125,23856.4453125,7804992,0.0,0.0
2025-08-04 00:00:00+07:00,24086.6640625,24431.9921875,24057.88671875,24115.44140625,10353498,0.0,0.0
2025-08-05 00:00:00+07:00,24172.99609375,24345.66015625,23597.44921875,23770.11328125,13690057,0.0,0.0
2025-08-06 00:00:00+07:00,23942.77734375,25295.3125,23856.4453125,24834.875,17231516,0.0,0.0
2025-08-07 00:00:00+07:00,26550.0,26550.0,26550.0,26550.0,4016246,0.0,1.737476
2025-08-08 00:00:00+07:00,28400.0,28400.0,28400.0,28400.0,3222045,0.0,0.0
2025-08-11 00:00:00+07:00,29900.0,29900.0,27800.0,28150.0,17702750,0.0,0.0
2025-08-12 00:00:00+07:00,28200.0,28950.0,28200.0,28800.0,7549962,0.0,0.0
2025-08-13 00:00:00+07:00,28800.0,28950.0,28500.0,28650.0,5418706,0.0,0.0
2025-08-14 00:00:00+07:00,28900.0,28950.0,28150.0,28250.0,7127707,0.0,0.0
2025-08-15 00:00:00+07:00,28300.0,28800.0,28050.0,28100.0,4441803,0.0,0.0
2025-08-18 00:00:00+07:00,28100.0,29800.0,28000.0,28700.0,8895317,0.0,0.0
2025-08-19 00:00:00+07:00,28750.0,28900.0,28200.0,28250.0,5882519,0.0,0.0
2025-08-20 00:00:00+07:00,28250.0,28400.0,26550.0,27500.0,7348124,0.0,0.0
2025-08-21 00:00:00+07:00,27500.0,27900.0,27150.0,27300.0,4322136,0.0,0.0
2025-08-22 00:00:00+07:00,26900.0,27500.0,26250.0,26300.0,5511188,0.0,0.0
2025-08-25 00:00:00+07:00,26600.0,27050.0,26000.0,26000.0,3350820,0.0,0.0
2025-08-26 00:00:00+07:00,26050.0,26900.0,26050.0,26750.0,2219944,0.0,0.0
2025-08-27 00:00:00+07:00,27100.0,27100.0,26600.0,26750.0,3370725,0.0,0.0
2025-08-28 00:00:00+07:00,26850.0,27000.0,26650.0,26650.0,2035615,0.0,0.0
2025-08-29 00:00:00+07:00,26950.0,27200.0,26700.0,26700.0,2753927,0.0,0.0
2025-09-03 00:00:00+07:00,26700.0,27200.0,26400.0,26650.0,4647973,0.0,0.0
2025-09-04 00:00:00+07:00,26700.0,26950.0,26650.0,26950.0,4259558,0.0,0.0
2025-09-05 00:00:00+07:00,27200.0,28100.0,27150.0,27300.0,7727129,0.0,0.0
2025-09-08 00:00:00+07:00,27300.0,27650.0,26450.0,26500.0,4276094,0.0,0.0
2025-09-09 00:00:00+07:00,26700.0,26700.0,26050.0,26400.0,3510921,0.0,0.0
2025-09-10 00:00:00+07:00,26500.0,26650.0,26150.0,26350.0,2107566,0.0,0.0
2025-09-11 00:00:00+07:00,26400.0,26450.0,25750.0,26250.0,2628664,0.0,0.0
2025-09-12 00:00:00+07:00,26450.0,26850.0,26300.0,26650.0,2046037,0.0,0.0
2025-09-15 00:00:00+07:00,26750.0,27400.0,26650.0,27400.0,4721377,0.0,0.0
2025-09-16 00:00:00+07:00,27650.0,27800.0,27400.0,27500.0,5125560,0.0,0.0
2025-09-17 00:00:00+07:00,27500.0,27700.0,26900.0,26900.0,2968277,0.0,0.0
2025-09-18 00:00:00+07:00,26800.0,27100.0,26450.0,26550.0,2144768,0.0,0.0
2025-09-19 00:00:00+07:00,26550.0,26800.0,25800.0,25800.0,4851047,0.0,0.0
2025-09-22 00:00:00+07:00,26150.0,26350.0,25850.0,25850.0,2344194,0.0,0.0
2025-09-23 00:00:00+07:00,26100.0,26200.0,25850.0,26000.0,949484,0.0,0.0
2025-09-24 00:00:00+07:00,26000.0,26350.0,25850.0,26200.0,1663726,0.0,0.0
2025-09-25 00:00:00+07:00,26350.0,26800.0,26300.0,26650.0,1712487,0.0,0.0
2025-09-26 00:00:00+07:00,26700.0,26800.0,26250.0,26250.0,1638242,0.0,0.0
2025-09-29 00:00:00+07:00,26300.0,26300.0,26000.0,26000.0,1572637,0.0,0.0
2025-09-30 00:00:00+07:00,25700.0,25750.0,24850.0,25100.0,11703640,0.0,0.0
2025-10-01 00:00:00+07:00,25100.0,25300.0,24950.0,25000.0,3965182,0.0,0.0
2025-10-02 00:00:00+07:00,25100.0,25250.0,23850.0,23850.0,8481376,0.0,0.0
2025-10-03 00:00:00+07:00,23850.0,24400.0,23850.0,24050.0,4988419,0.0,0.0
2025-10-06 00:00:00+07:00,24250.0,24650.0,24100.0,24600.0,4831967,0.0,0.0
2025-10-07 00:00:00+07:00,24900.0,24900.0,24050.0,24050.0,3938699,0.0,0.0
2025-10-08 00:00:00+07:00,24500.0,24500.0,24000.0,24100.0,2843114,0.0,0.0
2025-10-09 00:00:00+07:00,24200.0,24350.0,24050.0,24100.0,4003422,0.0,0.0
2025-10-10 00:00:00+07:00,24400.0,24700.0,24150.0,24450.0,3975134,0.0,0.0
2025-10-13 00:00:00+07:00,24400.0,24400.0,23950.0,24200.0,4659965,0.0,0.0
2025-10-14 00:00:00+07:00,24200.0,24400.0,23900.0,23950.0,6476681,0.0,0.0
2025-10-15 00:00:00+07:00,24000.0,24050.0,23350.0,23400.0,8845715,0.0,0.0
2025-10-16 00:00:00+07:00,23550.0,23850.0,23250.0,23850.0,3913308,0.0,0.0
2025-10-17 00:00:00+07:00,23900.0,23950.0,23150.0,23150.0,6062347,0.0,0.0
2025-10-20 00:00:00+07:00,23150.0,23650.0,22100.0,22150.0,5353244,0.0,0.0
2025-10-21 00:00:00+07:00,22250.0,23200.0,22200.0,23200.0,5039686,0.0,0.0
2025-10-22 00:00:00+07:00,23200.0,23500.0,22900.0,23500.0,3778894,0.0,0.0
2025-10-23 00:00:00+07:00,23500.0,23650.0,23100.0,23300.0,1658984,0.0,0.0
2025-10-24 00:00:00+07:00,23300.0,23400.0,22850.0,23000.0,1803497,0.0,0.0
2025-10-27 00:00:00+07:00,23200.0,23850.0,22950.0,23600.0,5458918,0.0,0.0
2025-10-28 00:00:00+07:00,23600.0,23700.0,23300.0,23700.0,3233740,0.0,0.0
2025-10-29 00:00:00+07:00,24000.0,24250.0,23850.0,23950.0,4508523,0.0,0.0
2025-10-30 00:00:00+07:00,24000.0,24200.0,23850.0,24000.0,2789219,0.0,0.0
2025-10-31 00:00:00+07:00,24000.0,24450.0,23950.0,24000.0,5200143,0.0,0.0
2025-11-03 00:00:00+07:00,24050.0,24150.0,23200.0,23200.0,3768296,0.0,0.0
2025-11-04 00:00:00+07:00,23200.0,23700.0,22600.0,23700.0,4563295,0.0,0.0
2025-11-05 00:00:00+07:00,23900.0,24950.0,23700.0,24900.0,12087810,0.0,0.0
2025-11-06 00:00:00+07:00,24950.0,24950.0,24400.0,24450.0,3932574,0.0,0.0
2025-11-07 00:00:00+07:00,24450.0,24750.0,23500.0,23650.0,5480504,0.0,0.0
2025-11-10 00:00:00+07:00,23700.0,23900.0,23300.0,23300.0,3615221,0.0,0.0
2025-11-11 00:00:00+07:00,23450.0,23600.0,23050.0,23200.0,2727314,0.0,0.0
2025-11-12 00:00:00+07:00,23500.0,23650.0,23300.0,23600.0,2523618,0.0,0.0
2025-11-13 00:00:00+07:00,23850.0,24650.0,23750.0,23950.0,5966336,0.0,0.0
2025-11-14 00:00:00+07:00,23850.0,24100.0,23750.0,23850.0,2413363,0.0,0.0
2025-11-17 00:00:00+07:00,24050.0,24450.0,23850.0,24350.0,3944907,0.0,0.0
2025-11-18 00:00:00+07:00,24500.0,24500.0,23950.0,24150.0,3467772,0.0,0.0
2025-11-19 00:00:00+07:00,24150.0,25150.0,24150.0,24450.0,11490230,0.0,0.0
2025-11-20 00:00:00+07:00,24700.0,24700.0,24100.0,24250.0,2786577,0.0,0.0
2025-11-21 00:00:00+07:00,24250.0,24250.0,23500.0,23600.0,6402478,0.0,0.0
2025-11-24 00:00:00+07:00,23600.0,23750.0,23150.0,23150.0,5268124,0.0,0.0
2025-11-25 00:00:00+07:00,23200.0,23400.0,22950.0,23100.0,4048139,0.0,0.0
2025-11-26 00:00:00+07:00,23150.0,23600.0,23150.0,23450.0,1875174,0.0,0.0
2025-11-27 00:00:00+07:00,23600.0,23600.0,23300.0,23300.0,1745459,0.0,0.0
2025-11-28 00:00:00+07:00,23350.0,23550.0,23100.0,23100.0,2703084,0.0,0.0
2025-12-01 00:00:00+07:00,23150.0,23300.0,23100.0,23100.0,2052095,0.0,0.0
2025-12-02 00:00:00+07:00,23100.0,23250.0,22900.0,23000.0,3067094,0.0,0.0
2025-12-03 00:00:00+07:00,23200.0,23400.0,23100.0,23300.0,2193560,0.0,0.0
2025-12-04 00:00:00+07:00,23350.0,23550.0,23300.0,23550.0,2475433,0.0,0.0
2025-12-05 00:00:00+07:00,23600.0,23600.0,23200.0,23200.0,2103171,0.0,0.0
2025-12-08 00:00:00+07:00,23150.0,23250.0,23050.0,23150.0,1644557,0.0,0.0
2025-12-09 00:00:00+07:00,23150.0,23150.0,22550.0,22700.0,4179248,0.0,0.0
2025-12-10 00:00:00+07:00,22900.0,22950.0,22650.0,22650.0,2377239,0.0,0.0
2025-12-11 00:00:00+07:00,22700.0,22900.0,22500.0,22600.0,1093123,0.0,0.0
2025-12-12 00:00:00+07:00,22600.0,22800.0,22000.0,22000.0,3435035,0.0,0.0
2025-12-15 00:00:00+07:00,22100.0,22200.0,21600.0,21950.0,2673443,0.0,0.0
2025-12-16 00:00:00+07:00,22100.0,22500.0,21550.0,22350.0,2214112,0.0,0.0
2025-12-17 00:00:00+07:00,22500.0,22550.0,22150.0,22250.0,1846093,0.0,0.0
2025-12-18 00:00:00+07:00,22250.0,22300.0,22100.0,22250.0,901660,0.0,0.0
2025-12-19 00:00:00+07:00,22300.0,22500.0,22000.0,22500.0,2649454,0.0,0.0
2025-12-22 00:00:00+07:00,22500.0,22750.0,22400.0,22550.0,1802103,0.0,0.0
2025-12-23 00:00:00+07:00,22700.0,22700.0,22200.0,22200.0,1950643,0.0,0.0
2025-12-24 00:00:00+07:00,22200.0,22450.0,22100.0,22350.0,1500204,0.0,0.0
2025-12-25 00:00:00+07:00,22350.0,22600.0,22150.0,22150.0,1684894,0.0,0.0
2025-12-26 00:00:00+07:00,22050.0,22300.0,21750.0,22100.0,2239906,0.0,0.0
2025-12-29 00:00:00+07:00,22450.0,22950.0,22200.0,22700.0,3720000,0.0,0.0
2025-12-30 00:00:00+07:00,22700.0,22750.0,22400.0,22400.0,1883150,0.0,0.0
2025-12-31 00:00:00+07:00,22400.0,22600.0,22250.0,22250.0,1431777,0.0,0.0
2026-01-05 00:00:00+07:00,22500.0,22900.0,22200.0,22500.0,4707916,0.0,0.0
2026-01-06 00:00:00+07:00,22650.0,23100.0,22650.0,22850.0,4496940,0.0,0.0
2026-01-07 00:00:00+07:00,23000.0,23600.0,22800.0,23450.0,5735722,0.0,0.0
2026-01-08 00:00:00+07:00,23850.0,24100.0,23400.0,23500.0,7926272,0.0,0.0
2026-01-09 00:00:00+07:00,23450.0,23950.0,23450.0,23750.0,6044711,0.0,0.0
2026-01-12 00:00:00+07:00,23850.0,24700.0,23850.0,24300.0,8676160,0.0,0.0
2026-01-13 00:00:00+07:00,24400.0,24650.0,23750.0,24400.0,8023556,0.0,0.0
2026-01-14 00:00:00+07:00,24650.0,25500.0,24200.0,24900.0,12605710,0.0,0.0
2026-01-15 00:00:00+07:00,24950.0,24950.0,24300.0,24300.0,5268981,0.0,0.0
2026-01-16 00:00:00+07:00,24400.0,24500.0,24000.0,24100.0,4683342,0.0,0.0
2026-01-19 00:00:00+07:00,24200.0,24450.0,24000.0,24200.0,2720614,0.0,0.0
2026-01-20 00:00:00+07:00,24300.0,24700.0,24150.0,24300.0,4866161,0.0,0.0
2026-01-21 00:00:00+07:00,24150.0,24700.0,24100.0,24650.0,7797208,0.0,0.0
2026-01-22 00:00:00+07:00,24800.0,26350.0,24800.0,25850.0,19457620,0.0,0.0
2026-01-23 00:00:00+07:00,25850.0,25850.0,24400.0,24550.0,6080169,0.0,0.0
2026-01-26 00:00:00+07:00,24550.0,24600.0,22850.0,23000.0,11085840,0.0,0.0
2026-01-27 00:00:00+07:00,23100.0,23700.0,23050.0,23300.0,3203010,0.0,0.0
2026-01-28 00:00:00+07:00,23600.0,23900.0,23400.0,23600.0,3528361,0.0,0.0
2026-01-29 00:00:00+07:00,23850.0,24050.0,23400.0,23900.0,3285548,0.0,0.0
2026-01-30 00:00:00+07:00,24250.0,24250.0,23850.0,23950.0,4603439,0.0,0.0
2026-02-02 00:00:00+07:00,24100.0,24500.0,23900.0,24450.0,5519459,0.0,0.0
2026-04-20 00:00:00+07:00,29100.0,29150.0,28500.0,28600.0,2167438,0.0,0.0
2026-04-21 00:00:00+07:00,28700.0,28750.0,28200.0,28200.0,3083188,0.0,0.0
2026-04-22 00:00:00+07:00,28200.0,28600.0,27900.0,28000.0,2818267,0.0,0.0
2026-04-23 00:00:00+07:00,28100.0,28250.0,26650.0,27000.0,6994195,0.0,0.0
2026-04-24 00:00:00+07:00,27050.0,27450.0,26300.0,26450.0,5571115,0.0,0.0
2026-04-28 00:00:00+07:00,26550.0,26950.0,25500.0,25650.0,5522723,0.0,0.0
2026-04-29 00:00:00+07:00,25650.0,26800.0,25500.0,26500.0,5022855,0.0,0.0
2026-05-04 00:00:00+07:00,26300.0,26950.0,26050.0,26050.0,3479097,0.0,0.0
2026-05-05 00:00:00+07:00,26200.0,26600.0,25750.0,26550.0,4431272,0.0,0.0
2026-05-06 00:00:00+07:00,26650.0,26650.0,26400.0,26550.0,2052031,0.0,0.0
