Date,Open,High,Low,Close,Volume,Dividends,Stock Splits
2006-12-13 00:00:00+07:00,26151.6640625,26151.6640625,26151.6640625,26151.6640625,1212095,0.0,0.0
2006-12-14 00:00:00+07:00,27459.244140625,27459.244140625,27459.244140625,27459.244140625,4073421,0.0,0.0
2006-12-15 00:00:00+07:00,28832.208984375,28832.208984375,28832.208984375,28832.208984375,3849793,0.0,0.0
2006-12-18 00:00:00+07:00,30270.55078125,30270.55078125,30270.55078125,30270.55078125,3131348,0.0,0.0
2006-12-19 00:00:00+07:00,31774.267578125,31774.267578125,31774.267578125,31774.267578125,1995554,0.0,0.0
2006-12-20 00:00:00+07:00,33343.37109375,33343.37109375,33343.37109375,33343.37109375,3194181,0.0,0.0
2006-12-21 00:00:00+07:00,32754.954613534912,31708.890625,31708.890625,31708.890625,2269523,0.0,0.0
2006-12-22 00:00:00+07:00,30139.791015625,30139.791015625,30139.791015625,30139.791015625,2082341,0.0,0.0
2006-12-25 00:00:00+07:00,28636.0703125,28636.0703125,28636.0703125,28636.0703125,321255,0.0,0.0
2006-12-26 00:00:00+07:00,27263.107706001138,30009.03125,30009.03125,30009.03125,4355509,0.0,0.0
2006-12-27 00:00:00+07:00,31381.99609375,31381.99609375,31381.99609375,31381.99609375,5996434,0.0,0.0
2006-12-28 00:00:00+07:00,30728.20419963208,31381.99609375,31381.99609375,31381.99609375,2101781,0.0,0.0
2006-12-29 00:00:00+07:00,30401.308980796413,30074.412109375,30074.412109375,30074.412109375,1012276,0.0,0.0
2007-01-02 00:00:00+07:00,29420.621965603328,28766.830078125,28766.830078125,28766.830078125,1177839,0.0,0.0
2007-01-03 00:00:00+07:00,28766.8292256462,29420.62109375,29420.62109375,29420.62109375,1083381,0.0,0.0
2007-01-04 00:00:00+07:00,30858.962890625,30858.962890625,30858.962890625,30858.962890625,2155035,0.0,0.0
2007-01-05 00:00:00+07:00,32362.68359375,32362.68359375,32362.68359375,32362.68359375,5482307,0.0,0.0
2007-01-08 00:00:00+07:00,33343.370937386215,32035.787109375,32035.787109375,32035.787109375,5100225,0.0,0.0
2007-01-09 00:00:00+07:00,32362.68399287224,32035.787109375,32035.787109375,32035.787109375,3268907,0.0,0.0
2007-01-10 00:00:00+07:00,32035.78671428432,32362.68359375,32362.68359375,32362.68359375,4560119,0.0,0.0
2007-01-11 00:00:00+07:00,32689.583984375,32689.583984375,32689.583984375,32689.583984375,4120000,0.0,0.0
2007-01-12 00:00:00+07:00,34324.0546875,34324.0546875,34324.0546875,34324.0546875,4058904,0.0,0.0
2007-01-15 00:00:00+07:00,34977.8500137739,36023.9140625,36023.9140625,36023.9140625,3980253,0.0,0.0
2007-01-16 00:00:00+07:00,37789.15234375,37789.15234375,37789.15234375,37789.15234375,4930301,0.0,0.0
2007-01-17 00:00:00+07:00,39162.11170797924,35958.53515625,35958.53515625,35958.53515625,2116728,0.0,0.0
2007-01-18 00:00:00+07:00,34193.29827125177,36023.9140625,36023.9140625,36023.9140625,4098379,0.0,0.0
2007-01-19 00:00:00+07:00,37789.15234375,37789.15234375,37789.15234375,37789.15234375,1382750,0.0,0.0
2007-01-22 00:00:00+07:00,39619.76618288067,39227.4921875,39227.4921875,39227.4921875,6698785,0.0,0.0
2007-01-23 00:00:00+07:00,39227.49200215759,39358.25,39358.25,39358.25,3540567,0.0,0.0
2007-01-24 00:00:00+07:00,39358.24785381174,37919.90625,37919.90625,37919.90625,2269817,0.0,0.0
2007-01-25 00:00:00+07:00,37919.90625,37919.90625,37919.90625,37919.90625,2066660,0.0,0.0
2007-01-26 00:00:00+07:00,37266.116296438806,37919.90625,37919.90625,37919.90625,1875403,0.0,0.0
2007-01-29 00:00:00+07:00,38246.80688191263,39554.390625,39554.390625,39554.390625,2921221,0.0,0.0
2007-01-30 00:00:00+07:00,41188.87109375,41188.87109375,41188.87109375,41188.87109375,4707707,0.0,0.0
2007-01-31 00:00:00+07:00,41711.89966057969,42169.55078125,42169.55078125,42169.55078125,4503240,0.0,0.0
2007-02-01 00:00:00+07:00,42300.313055051294,40535.078125,40535.078125,40535.078125,1667454,0.0,0.0
2007-02-02 00:00:00+07:00,41188.87109375,41188.87109375,41188.87109375,41188.87109375,1153175,0.0,0.0
2007-02-05 00:00:00+07:00,40535.07789227107,39162.11328125,39162.11328125,39162.11328125,1602593,0.0,0.0
2007-02-06 00:00:00+07:00,38573.70950320435,40861.98046875,40861.98046875,40861.98046875,2837496,0.0,0.0
2007-02-07 00:00:00+07:00,39619.77268352371,41515.76953125,41515.76953125,41515.76953125,1690090,0.0,0.0
2007-02-08 00:00:00+07:00,39489.01171875,39489.01171875,39489.01171875,39489.01171875,1507401,0.0,0.0
2007-02-09 00:00:00+07:00,37527.63671875,37527.63671875,37527.63671875,37527.63671875,2820662,0.0,0.0
2007-02-12 00:00:00+07:00,39358.25,39358.25,39358.25,39358.25,877760,0.0,0.0
2007-02-13 00:00:00+07:00,41319.62910879231,41188.87109375,41188.87109375,41188.87109375,2330473,0.0,0.0
2007-02-14 00:00:00+07:00,40535.08287360995,39881.2890625,39881.2890625,39881.2890625,1158109,0.0,0.0
2007-02-15 00:00:00+07:00,39881.2890625,39881.2890625,39881.2890625,39881.2890625,866588,0.0,0.0
2007-02-26 00:00:00+07:00,41842.6640625,41842.6640625,41842.6640625,41842.6640625,3356561,0.0,0.0
2007-02-27 00:00:00+07:00,43934.79551704794,43477.140625,43477.140625,43477.140625,4203580,0.0,0.0
2007-02-28 00:00:00+07:00,43477.141702839006,41319.62890625,41319.62890625,41319.62890625,1009370,0.0,0.0
2007-03-01 00:00:00+07:00,41188.87054652711,40208.18359375,40208.18359375,40208.18359375,1434409,0.0,0.0
2007-03-02 00:00:00+07:00,40992.72884898428,42169.55078125,42169.55078125,42169.55078125,2371391,0.0,0.0
2007-03-05 00:00:00+07:00,42169.559630822194,41515.76953125,41515.76953125,41515.76953125,1816337,0.0,0.0
2007-03-06 00:00:00+07:00,39554.39257682047,39489.01171875,39489.01171875,39489.01171875,2914984,0.0,0.0
2007-03-07 00:00:00+07:00,40861.97977916493,39881.2890625,39881.2890625,39881.2890625,638169,0.0,0.0
2007-03-08 00:00:00+07:00,39554.38903663922,39227.4921875,39227.4921875,39227.4921875,1239083,0.0,0.0
2007-03-09 00:00:00+07:00,40535.07587807955,39227.4921875,39227.4921875,39227.4921875,813327,0.0,0.0
2007-03-12 00:00:00+07:00,39881.2890625,39881.2890625,39881.2890625,39881.2890625,1266943,0.0,0.0
2007-03-13 00:00:00+07:00,40012.05078950437,39881.2890625,39881.2890625,39881.2890625,1082803,0.0,0.0
2007-03-14 00:00:00+07:00,39554.38669286866,37919.90625,37919.90625,37919.90625,833643,0.0,0.0
2007-03-15 00:00:00+07:00,36023.9140625,36023.9140625,36023.9140625,36023.9140625,1488684,0.0,0.0
2007-03-16 00:00:00+07:00,36023.91371937227,37789.15234375,37789.15234375,37789.15234375,1481570,0.0,0.0
2007-03-19 00:00:00+07:00,39227.49410302574,37789.15234375,37789.15234375,37789.15234375,1534244,0.0,0.0
2007-03-20 00:00:00+07:00,37266.121681912016,36743.0859375,36743.0859375,36743.0859375,1457339,0.0,0.0
2007-03-21 00:00:00+07:00,34912.46680462254,34977.84765625,34977.84765625,34977.84765625,1653375,0.0,0.0
2007-03-22 00:00:00+07:00,35304.7467001321,36285.43359375,36285.43359375,36285.43359375,2029079,0.0,0.0
2007-03-23 00:00:00+07:00,36285.43359375,36285.43359375,36285.43359375,36285.43359375,1734499,0.0,0.0
2007-03-26 00:00:00+07:00,35304.74609375,35304.74609375,35304.74609375,35304.74609375,1561820,0.0,0.0
2007-03-27 00:00:00+07:00,33670.26581692099,33539.5078125,33539.5078125,33539.5078125,913743,0.0,0.0
2007-03-28 00:00:00+07:00,31905.02719827138,33539.5078125,33539.5078125,33539.5078125,1831287,0.0,0.0
2007-03-29 00:00:00+07:00,33539.51120754839,35173.98828125,35173.98828125,35173.98828125,1702866,0.0,0.0
2007-03-30 00:00:00+07:00,35827.779886830824,35370.125,35370.125,35370.125,1312653,0.0,0.0
2007-04-02 00:00:00+07:00,33997.16015625,33997.16015625,33997.16015625,33997.16015625,835380,0.0,0.0
2007-04-03 00:00:00+07:00,32689.583984375,32689.583984375,32689.583984375,32689.583984375,941748,0.0,0.0
2007-04-04 00:00:00+07:00,33604.8828125,33604.8828125,33604.8828125,33604.8828125,343882,0.0,0.0
2007-04-05 00:00:00+07:00,33670.265625,33670.265625,33670.265625,33670.265625,733074,0.0,0.0
2007-04-06 00:00:00+07:00,33343.37109375,33343.37109375,33343.37109375,33343.37109375,564162,0.0,0.0
2007-04-09 00:00:00+07:00,33670.265625,33670.265625,33670.265625,33670.265625,704773,0.0,0.0
2007-04-10 00:00:00+07:00,34062.5390625,34062.5390625,34062.5390625,34062.5390625,1209187,0.0,0.0
2007-04-11 00:00:00+07:00,34324.0546875,34324.0546875,34324.0546875,34324.0546875,652239,0.0,0.0
2007-04-12 00:00:00+07:00,35304.74609375,35304.74609375,35304.74609375,35304.74609375,1162310,0.0,0.0
2007-04-13 00:00:00+07:00,33997.16015625,33997.16015625,33997.16015625,33997.16015625,2164603,0.0,0.0
2007-04-16 00:00:00+07:00,34324.0546875,34324.0546875,34324.0546875,34324.0546875,1481275,0.0,0.0
2007-04-17 00:00:00+07:00,33670.265625,33670.265625,33670.265625,33670.265625,449818,0.0,0.0
2007-04-18 00:00:00+07:00,33997.16015625,33997.16015625,33997.16015625,33997.16015625,913884,0.0,0.0
2007-04-19 00:00:00+07:00,33016.48046875,33016.48046875,33016.48046875,33016.48046875,1086137,0.0,0.0
2007-04-20 00:00:00+07:00,31381.99609375,31381.99609375,31381.99609375,31381.99609375,1969858,0.0,0.0
2007-04-23 00:00:00+07:00,29812.89453125,29812.89453125,29812.89453125,29812.89453125,820719,0.0,0.0
2007-04-24 00:00:00+07:00,28374.552734375,28374.552734375,28374.552734375,28374.552734375,703321,0.0,0.0
2007-04-25 00:00:00+07:00,27786.142578125,27786.142578125,27786.142578125,27786.142578125,3214926,0.0,0.0
2007-05-02 00:00:00+07:00,28309.173828125,28309.173828125,28309.173828125,28309.173828125,1990906,0.0,0.0
2007-05-03 00:00:00+07:00,28897.587890625,28897.587890625,28897.587890625,28897.587890625,2212639,0.0,0.0
2007-05-04 00:00:00+07:00,30335.931640625,30335.931640625,30335.931640625,30335.931640625,1392461,0.0,0.0
2007-05-07 00:00:00+07:00,31839.65234375,31839.65234375,31839.65234375,31839.65234375,1977262,0.0,0.0
2007-05-08 00:00:00+07:00,32689.583984375,32689.583984375,32689.583984375,32689.583984375,2205816,0.0,0.0
2007-05-09 00:00:00+07:00,32689.583984375,32689.583984375,32689.583984375,32689.583984375,1510586,0.0,0.0
2007-05-10 00:00:00+07:00,34324.0546875,34324.0546875,34324.0546875,34324.0546875,1903257,0.0,0.0
2007-05-11 00:00:00+07:00,36023.9140625,36023.9140625,36023.9140625,36023.9140625,2408101,0.0,0.0
2007-05-14 00:00:00+07:00,37789.15234375,37789.15234375,37789.15234375,37789.15234375,2758399,0.0,0.0
2007-05-15 00:00:00+07:00,35958.53515625,35958.53515625,35958.53515625,35958.53515625,1115297,0.0,0.0
2007-05-16 00:00:00+07:00,34781.71484375,34781.71484375,34781.71484375,34781.71484375,1821415,0.0,0.0
2007-05-17 00:00:00+07:00,36416.1875,36416.1875,36416.1875,36416.1875,2223377,0.0,0.0
2007-05-18 00:00:00+07:00,35370.125,35370.125,35370.125,35370.125,2128179,0.0,0.0
2007-05-21 00:00:00+07:00,24321.046875,24321.046875,24321.046875,24321.046875,4113892,0.0,0.0
2007-05-22 00:00:00+07:00,24321.046875,24321.046875,24321.046875,24321.046875,3502536,0.0,0.0
2007-05-23 00:00:00+07:00,24190.2890625,24190.2890625,24190.2890625,24190.2890625,3979954,0.0,0.0
2007-05-24 00:00:00+07:00,23536.498046875,23536.498046875,23536.498046875,23536.498046875,2512439,0.0,0.0
2007-05-25 00:00:00+07:00,23405.73828125,23405.73828125,23405.73828125,23405.73828125,2950099,0.0,0.0
2007-05-28 00:00:00+07:00,23340.359375,23340.359375,23340.359375,23340.359375,2566274,0.0,0.0
2007-05-29 00:00:00+07:00,22686.568359375,22686.568359375,22686.568359375,22686.568359375,2701665,0.0,0.0
2007-05-30 00:00:00+07:00,22882.703125,22882.703125,22882.703125,22882.703125,2974040,0.0,0.0
2007-05-31 00:00:00+07:00,22817.326171875,22817.326171875,22817.326171875,22817.326171875,2395624,0.0,0.0
2007-06-01 00:00:00+07:00,22555.8125,22555.8125,22555.8125,22555.8125,1344138,0.0,0.0
2007-06-04 00:00:00+07:00,22228.912109375,22228.912109375,22228.912109375,22228.912109375,2542908,0.0,0.0
2007-06-05 00:00:00+07:00,21117.46875,21117.46875,21117.46875,21117.46875,2916146,0.0,0.0
2007-06-06 00:00:00+07:00,21575.123046875,21575.123046875,21575.123046875,21575.123046875,2412019,0.0,0.0
2007-06-07 00:00:00+07:00,22098.154296875,22098.154296875,22098.154296875,22098.154296875,1281159,0.0,0.0
2007-06-08 00:00:00+07:00,21575.123046875,21575.123046875,21575.123046875,21575.123046875,2385172,0.0,0.0
2007-06-11 00:00:00+07:00,20921.33203125,20921.33203125,20921.33203125,20921.33203125,2145591,0.0,0.0
2007-06-12 00:00:00+07:00,20855.951171875,20855.951171875,20855.951171875,20855.951171875,2164462,0.0,0.0
2007-06-13 00:00:00+07:00,20006.021484375,20006.021484375,20006.021484375,20006.021484375,6182602,0.0,0.0
2007-06-14 00:00:00+07:00,19940.64453125,19940.64453125,19940.64453125,19940.64453125,6377205,0.0,0.0
2007-06-15 00:00:00+07:00,20267.5390625,20267.5390625,20267.5390625,20267.5390625,4129270,0.0,0.0
2007-06-18 00:00:00+07:00,20006.021484375,20006.021484375,20006.021484375,20006.021484375,4007671,0.0,0.0
2007-06-19 00:00:00+07:00,20006.021484375,20006.021484375,20006.021484375,20006.021484375,4341285,0.0,0.0
2007-06-20 00:00:00+07:00,20006.021484375,20006.021484375,20006.021484375,20006.021484375,2943711,0.0,0.0
2007-06-21 00:00:00+07:00,19613.74609375,19613.74609375,19613.74609375,19613.74609375,2191450,0.0,0.0
2007-06-22 00:00:00+07:00,19286.849609375,19286.849609375,19286.849609375,19286.849609375,4378288,0.0,0.0
2007-06-25 00:00:00+07:00,20202.16015625,20202.16015625,20202.16015625,20202.16015625,2489071,0.0,0.0
2007-06-26 00:00:00+07:00,21182.84765625,21182.84765625,21182.84765625,21182.84765625,3171393,0.0,0.0
2007-06-27 00:00:00+07:00,20332.916015625,20332.916015625,20332.916015625,20332.916015625,6920501,0.0,0.0
2007-06-28 00:00:00+07:00,20136.779296875,20136.779296875,20136.779296875,20136.779296875,2680332,0.0,0.0
2007-06-29 00:00:00+07:00,20071.40234375,20071.40234375,20071.40234375,20071.40234375,1991489,0.0,0.0
2007-07-02 00:00:00+07:00,19744.505859375,19744.505859375,19744.505859375,19744.505859375,4269310,0.0,0.0
2007-07-03 00:00:00+07:00,19809.884765625,19809.884765625,19809.884765625,19809.884765625,3187065,0.0,0.0
2007-07-04 00:00:00+07:00,20398.296875,20398.296875,20398.296875,20398.296875,2392721,0.0,0.0
2007-07-05 00:00:00+07:00,20267.5390625,20267.5390625,20267.5390625,20267.5390625,2918316,0.0,0.0
2007-07-06 00:00:00+07:00,20136.779296875,20136.779296875,20136.779296875,20136.779296875,828123,0.0,0.0
2007-07-09 00:00:00+07:00,20136.779296875,20136.779296875,20136.779296875,20136.779296875,1985246,0.0,0.0
2007-07-10 00:00:00+07:00,20136.779296875,20136.779296875,20136.779296875,20136.779296875,1250250,0.0,0.0
2007-07-11 00:00:00+07:00,20136.779296875,20136.779296875,20136.779296875,20136.779296875,1066542,0.0,0.0
2007-07-12 00:00:00+07:00,20006.021484375,20006.021484375,20006.021484375,20006.021484375,1150563,0.0,0.0
2007-07-13 00:00:00+07:00,19548.37109375,19548.37109375,19548.37109375,19548.37109375,13895604,0.0,0.0
2007-07-16 00:00:00+07:00,18959.953125,18959.953125,18959.953125,18959.953125,5438916,0.0,0.0
2007-07-17 00:00:00+07:00,18959.953125,18959.953125,18959.953125,18959.953125,6737804,0.0,0.0
2007-07-18 00:00:00+07:00,18829.19921875,18829.19921875,18829.19921875,18829.19921875,7731961,0.0,0.0
2007-07-19 00:00:00+07:00,18633.060546875,18633.060546875,18633.060546875,18633.060546875,2469487,0.0,0.0
2007-07-20 00:00:00+07:00,18502.302734375,18502.302734375,18502.302734375,18502.302734375,4929271,0.0,0.0
2007-07-23 00:00:00+07:00,17783.130859375,17783.130859375,17783.130859375,17783.130859375,3572043,0.0,0.0
2007-07-24 00:00:00+07:00,17456.236328125,17456.236328125,17456.236328125,17456.236328125,5450650,0.0,0.0
2007-07-25 00:00:00+07:00,16671.685546875,16671.685546875,16671.685546875,16671.685546875,5975973,0.0,0.0
2007-07-26 00:00:00+07:00,16344.7919921875,16344.7919921875,16344.7919921875,16344.7919921875,5716358,0.0,0.0
2007-07-27 00:00:00+07:00,16344.7919921875,16344.7919921875,16344.7919921875,16344.7919921875,5416131,0.0,0.0
2007-07-30 00:00:00+07:00,16540.92578125,16540.92578125,16540.92578125,16540.92578125,4133049,0.0,0.0
2007-07-31 00:00:00+07:00,16017.8935546875,16017.8935546875,16017.8935546875,16017.8935546875,4694200,0.0,0.0
2007-08-01 00:00:00+07:00,15690.998046875,15690.998046875,15690.998046875,15690.998046875,6507361,0.0,0.0
2007-08-02 00:00:00+07:00,14906.447265625,14906.447265625,14906.447265625,14906.447265625,4880228,0.0,0.0
2007-08-03 00:00:00+07:00,14187.2763671875,14187.2763671875,14187.2763671875,14187.2763671875,8589579,0.0,0.0
2007-08-06 00:00:00+07:00,14252.65625,14252.65625,14252.65625,14252.65625,4216338,0.0,0.0
2007-08-07 00:00:00+07:00,14906.447265625,14906.447265625,14906.447265625,14906.447265625,3615143,0.0,0.0
2007-08-08 00:00:00+07:00,15037.205307146618,15625.6181640625,15625.6181640625,15625.6181640625,7871267,0.0,0.0
2007-08-09 00:00:00+07:00,16083.275942916818,16344.7919921875,16344.7919921875,16344.7919921875,7804227,0.0,0.0
2007-08-10 00:00:00+07:00,16017.89306743956,15690.998046875,15690.998046875,15690.998046875,7366287,0.0,0.0
2007-08-13 00:00:00+07:00,15167.964940981465,15102.5859375,15102.5859375,15102.5859375,5242722,0.0,0.0
2007-08-14 00:00:00+07:00,15102.584595253938,15364.1005859375,15364.1005859375,15364.1005859375,3578861,0.0,0.0
2007-08-15 00:00:00+07:00,15037.2060546875,15037.2060546875,15037.2060546875,15037.2060546875,2798452,0.0,0.0
2007-08-16 00:00:00+07:00,14775.690680431062,14579.552734375,14579.552734375,14579.552734375,5023440,0.0,0.0
2007-08-17 00:00:00+07:00,14383.4150390625,14383.4150390625,14383.4150390625,14383.4150390625,7036297,0.0,0.0
2007-08-20 00:00:00+07:00,14383.4146128231,14710.310546875,14710.310546875,14710.310546875,2913671,0.0,0.0
2007-08-21 00:00:00+07:00,14841.068359375,14841.068359375,14841.068359375,14841.068359375,3140196,0.0,0.0
2007-08-22 00:00:00+07:00,15037.206152549508,14971.8271484375,14971.8271484375,14971.8271484375,4489302,0.0,0.0
2007-08-23 00:00:00+07:00,14971.826552921028,14710.310546875,14710.310546875,14710.310546875,3271513,0.0,0.0
2007-08-24 00:00:00+07:00,14841.06904362793,15037.2060546875,15037.2060546875,15037.2060546875,4854403,0.0,0.0
2007-08-27 00:00:00+07:00,15037.205457484986,14775.689453125,14775.689453125,14775.689453125,3202731,0.0,0.0
2007-08-28 00:00:00+07:00,14775.689453125,14775.689453125,14775.689453125,14775.689453125,2385322,0.0,0.0
2007-08-29 00:00:00+07:00,14710.310452035004,14775.689453125,14775.689453125,14775.689453125,1812705,0.0,0.0
2007-08-30 00:00:00+07:00,14710.310546875,14710.310546875,14710.310546875,14710.310546875,3793056,0.0,0.0
2007-08-31 00:00:00+07:00,14710.310546875,14710.310546875,14710.310546875,14710.310546875,3335800,0.0,0.0
2007-09-04 00:00:00+07:00,14710.311131989462,14971.8271484375,14971.8271484375,14971.8271484375,2557716,0.0,0.0
2007-09-05 00:00:00+07:00,14775.689548386506,14710.310546875,14710.310546875,14710.310546875,5765697,0.0,0.0
2007-09-06 00:00:00+07:00,14710.310546875,14710.310546875,14710.310546875,14710.310546875,1862189,0.0,0.0
2007-09-07 00:00:00+07:00,14710.310546875,14710.310546875,14710.310546875,14710.310546875,2101041,0.0,0.0
2007-09-10 00:00:00+07:00,14644.93174089554,14579.552734375,14579.552734375,14579.552734375,2133262,0.0,0.0
2007-09-11 00:00:00+07:00,14579.552734375,14579.552734375,14579.552734375,14579.552734375,2169974,0.0,0.0
2007-09-12 00:00:00+07:00,14579.552734375,14579.552734375,14579.552734375,14579.552734375,2397067,0.0,0.0
2007-09-13 00:00:00+07:00,14579.552734375,14579.552734375,14579.552734375,14579.552734375,2725891,0.0,0.0
2007-09-14 00:00:00+07:00,14579.551617357618,14710.310546875,14710.310546875,14710.310546875,3141209,0.0,0.0
2007-09-17 00:00:00+07:00,14579.551662349237,14644.9306640625,14644.9306640625,14644.9306640625,2938923,0.0,0.0
2007-09-18 00:00:00+07:00,14514.1728515625,14514.1728515625,14514.1728515625,14514.1728515625,2059686,0.0,0.0
2007-09-19 00:00:00+07:00,14514.17372785446,14579.552734375,14579.552734375,14579.552734375,2626930,0.0,0.0
2007-09-20 00:00:00+07:00,14579.551617357618,14710.310546875,14710.310546875,14710.310546875,2893643,0.0,0.0
2007-09-21 00:00:00+07:00,14841.06826536693,14906.447265625,14906.447265625,14906.447265625,4144656,0.0,0.0
2007-09-24 00:00:00+07:00,15233.343234950027,15625.6181640625,15625.6181640625,15625.6181640625,4495972,0.0,0.0
2007-09-25 00:00:00+07:00,16344.7919921875,16344.7919921875,16344.7919921875,16344.7919921875,7471492,0.0,0.0
2007-09-26 00:00:00+07:00,16998.583968353247,16344.7919921875,16344.7919921875,16344.7919921875,7364688,0.0,0.0
2007-09-27 00:00:00+07:00,16344.78825158348,16998.580078125,16998.580078125,16998.580078125,6844172,0.0,0.0
2007-09-28 00:00:00+07:00,17521.614827299458,17848.51171875,17848.51171875,17848.51171875,7792766,0.0,0.0
2007-10-01 00:00:00+07:00,18698.439453125,18698.439453125,18698.439453125,18698.439453125,7094922,0.0,0.0
2007-10-02 00:00:00+07:00,19613.748450214905,19352.232421875,19352.232421875,19352.232421875,12812191,0.0,0.0
2007-10-03 00:00:00+07:00,19679.125,19679.125,19679.125,19679.125,10351824,0.0,0.0
2007-10-04 00:00:00+07:00,19286.849609375,19286.849609375,19286.849609375,19286.849609375,5822739,0.0,0.0
2007-10-05 00:00:00+07:00,18698.439845760306,18371.54296875,18371.54296875,18371.54296875,6103661,0.0,0.0
2007-10-08 00:00:00+07:00,18306.16267303854,17913.888671875,17913.888671875,17913.888671875,5202670,0.0,0.0
2007-10-09 00:00:00+07:00,18306.16348473636,18763.818359375,18763.818359375,18763.818359375,3974733,0.0,0.0
2007-10-10 00:00:00+07:00,18763.818359375,18763.818359375,18763.818359375,18763.818359375,3296764,0.0,0.0
2007-10-11 00:00:00+07:00,18633.060840956008,18371.54296875,18371.54296875,18371.54296875,2602266,0.0,0.0
2007-10-12 00:00:00+07:00,18371.542872462906,18502.302734375,18502.302734375,18502.302734375,2101041,0.0,0.0
2007-10-15 00:00:00+07:00,18502.304905009147,18306.166015625,18306.166015625,18306.166015625,2831389,0.0,0.0
2007-10-16 00:00:00+07:00,18306.164261735656,18175.40625,18175.40625,18175.40625,3743423,0.0,0.0
2007-10-17 00:00:00+07:00,18175.40595589656,18436.923828125,18436.923828125,18436.923828125,2926007,0.0,0.0
2007-10-18 00:00:00+07:00,18306.164261735656,18175.40625,18175.40625,18175.40625,2559894,0.0,0.0
2007-10-19 00:00:00+07:00,17783.13057856807,17979.267578125,17979.267578125,17979.267578125,3204914,0.0,0.0
2007-10-22 00:00:00+07:00,17652.372857605627,17783.130859375,17783.130859375,17783.130859375,4145526,0.0,0.0
2007-10-23 00:00:00+07:00,17652.37295189111,17717.751953125,17717.751953125,17717.751953125,7644604,0.0,0.0
2007-10-24 00:00:00+07:00,17979.27095496648,18306.166015625,18306.166015625,18306.166015625,3971684,0.0,0.0
2007-10-25 00:00:00+07:00,18306.164362432377,18110.02734375,18110.02734375,18110.02734375,4240137,0.0,0.0
2007-10-26 00:00:00+07:00,18110.02557782962,17979.267578125,17979.267578125,17979.267578125,2543638,0.0,0.0
2007-10-29 00:00:00+07:00,17717.751953125,17717.751953125,17717.751953125,17717.751953125,2563805,0.0,0.0
2007-10-30 00:00:00+07:00,17652.373046875,17652.373046875,17652.373046875,17652.373046875,3695102,0.0,0.0
2007-10-31 00:00:00+07:00,17717.751858490315,17783.130859375,17783.130859375,17783.130859375,2859106,0.0,0.0
2007-11-01 00:00:00+07:00,17783.131050046362,17652.373046875,17652.373046875,17652.373046875,3376426,0.0,0.0
2007-11-02 00:00:00+07:00,17325.476659623095,17260.09765625,17260.09765625,17260.09765625,3541572,0.0,0.0
2007-11-05 00:00:00+07:00,16540.925414133446,16802.44140625,16802.44140625,16802.44140625,5016189,0.0,0.0
2007-11-06 00:00:00+07:00,16344.789348984654,16148.65234375,16148.65234375,16148.65234375,5241563,0.0,0.0
2007-11-07 00:00:00+07:00,15887.135641926598,15952.5146484375,15952.5146484375,15952.5146484375,5154343,0.0,0.0
2007-11-08 00:00:00+07:00,16017.89248727149,16148.65234375,16148.65234375,16148.65234375,1877281,0.0,0.0
2007-11-09 00:00:00+07:00,16279.411905866174,16410.169921875,16410.169921875,16410.169921875,4851642,0.0,0.0
2007-11-12 00:00:00+07:00,16475.548929879413,16410.169921875,16410.169921875,16410.169921875,3754453,0.0,0.0
2007-11-13 00:00:00+07:00,16344.789940992929,15690.998046875,15690.998046875,15690.998046875,3016705,0.0,0.0
2007-11-14 00:00:00+07:00,16017.894020859603,16410.169921875,16410.169921875,16410.169921875,3834402,0.0,0.0
2007-11-15 00:00:00+07:00,16344.79043847382,16083.2744140625,16083.2744140625,16083.2744140625,2135725,0.0,0.0
2007-11-16 00:00:00+07:00,15887.134297394126,16279.41015625,16279.41015625,16279.41015625,2278953,0.0,0.0
2007-11-19 00:00:00+07:00,16083.273153316422,16279.41015625,16279.41015625,16279.41015625,2112800,0.0,0.0
2007-11-20 00:00:00+07:00,16279.411432370993,16083.2744140625,16083.2744140625,16083.2744140625,3711504,0.0,0.0
2007-11-21 00:00:00+07:00,15690.998046875,15690.998046875,15690.998046875,15690.998046875,3779413,0.0,0.0
2007-11-22 00:00:00+07:00,16017.893554970804,16083.2744140625,16083.2744140625,16083.2744140625,2300719,0.0,0.0
2007-11-23 00:00:00+07:00,15887.13448378172,16148.65234375,16148.65234375,16148.65234375,1835928,0.0,0.0
2007-11-26 00:00:00+07:00,16083.273342005115,16148.65234375,16148.65234375,16148.65234375,2491978,0.0,0.0
2007-11-27 00:00:00+07:00,16017.891786834429,15887.1337890625,15887.1337890625,15887.1337890625,2383439,0.0,0.0
2007-11-28 00:00:00+07:00,15756.3779296875,15756.3779296875,15756.3779296875,15756.3779296875,2037487,0.0,0.0
2007-11-29 00:00:00+07:00,15821.75516537156,15625.6181640625,15625.6181640625,15625.6181640625,1871335,0.0,0.0
2007-11-30 00:00:00+07:00,15625.619239310288,15560.240234375,15560.240234375,15560.240234375,2165768,0.0,0.0
2007-12-03 00:00:00+07:00,15560.239163626147,15625.6181640625,15625.6181640625,15625.6181640625,2722257,0.0,0.0
2007-12-04 00:00:00+07:00,15625.619388485273,15429.4814453125,15429.4814453125,15429.4814453125,4852513,0.0,0.0
2007-12-05 00:00:00+07:00,15364.10284212753,15167.9658203125,15167.9658203125,15167.9658203125,3733419,0.0,0.0
2007-12-06 00:00:00+07:00,14971.827051000975,15037.2060546875,15037.2060546875,15037.2060546875,5089192,0.0,0.0
2007-12-07 00:00:00+07:00,15037.206879274698,15167.9658203125,15167.9658203125,15167.9658203125,2957356,0.0,0.0
2007-12-10 00:00:00+07:00,15037.205266141138,14906.447265625,14906.447265625,14906.447265625,4377997,0.0,0.0
2007-12-11 00:00:00+07:00,14710.310452035004,14775.689453125,14775.689453125,14775.689453125,4757317,0.0,0.0
2007-12-12 00:00:00+07:00,14579.551430191845,14841.068359375,14841.068359375,14841.068359375,4777346,0.0,0.0
2007-12-13 00:00:00+07:00,14710.310592270132,14644.9306640625,14644.9306640625,14644.9306640625,4231002,0.0,0.0
2007-12-14 00:00:00+07:00,14448.79384898921,14514.1728515625,14514.1728515625,14514.1728515625,2972156,0.0,0.0
2007-12-17 00:00:00+07:00,14579.55195133078,14448.7939453125,14448.7939453125,14448.7939453125,2949228,0.0,0.0
2007-12-18 00:00:00+07:00,14906.44759740992,14644.9306640625,14644.9306640625,14644.9306640625,3844564,0.0,0.0
2007-12-19 00:00:00+07:00,14644.931106073962,15037.2060546875,15037.2060546875,15037.2060546875,5129533,0.0,0.0
2007-12-20 00:00:00+07:00,15037.205554432534,14710.310546875,14710.310546875,14710.310546875,3429108,0.0,0.0
2007-12-21 00:00:00+07:00,14710.310546875,14710.310546875,14710.310546875,14710.310546875,2440750,0.0,0.0
2007-12-24 00:00:00+07:00,14710.31167391052,14579.552734375,14579.552734375,14579.552734375,1786732,0.0,0.0
2007-12-25 00:00:00+07:00,14579.551854135789,14514.1728515625,14514.1728515625,14514.1728515625,1760467,0.0,0.0
2007-12-26 00:00:00+07:00,14579.552734375,14579.552734375,14579.552734375,14579.552734375,3069087,0.0,0.0
2007-12-27 00:00:00+07:00,14579.551854135789,14514.1728515625,14514.1728515625,14514.1728515625,3308231,0.0,0.0
2007-12-28 00:00:00+07:00,14514.17372785446,14579.552734375,14579.552734375,14579.552734375,2503875,0.0,0.0
2008-01-02 00:00:00+07:00,14448.79315511721,14318.03515625,14318.03515625,14318.03515625,1645683,0.0,0.0
2008-01-03 00:00:00+07:00,14121.898536726514,14056.51953125,14056.51953125,14056.51953125,3064157,0.0,0.0
2008-01-04 00:00:00+07:00,13860.3818359375,13860.3818359375,13860.3818359375,13860.3818359375,2624901,0.0,0.0
2008-01-07 00:00:00+07:00,13729.622394621863,13468.10546875,13468.10546875,13468.10546875,3369463,0.0,0.0
2008-01-08 00:00:00+07:00,13664.244238255147,13598.865234375,13598.865234375,13598.865234375,3114947,0.0,0.0
2008-01-09 00:00:00+07:00,13402.72684884319,13206.58984375,13206.58984375,13206.58984375,2315664,0.0,0.0
2008-01-10 00:00:00+07:00,12814.314782301506,12552.7978515625,12552.7978515625,12552.7978515625,5820272,0.0,0.0
2008-01-11 00:00:00+07:00,12748.937294853476,12879.6953125,12879.6953125,12879.6953125,2732275,0.0,0.0
2008-01-14 00:00:00+07:00,12879.693686586505,12618.1767578125,12618.1767578125,12618.1767578125,3479167,0.0,0.0
2008-01-15 00:00:00+07:00,12422.04111710808,12356.662109375,12356.662109375,12356.662109375,4894885,0.0,0.0
2008-01-16 00:00:00+07:00,12879.694238814409,12945.0732421875,12945.0732421875,12945.0732421875,4813919,0.0,0.0
2008-01-17 00:00:00+07:00,13533.486024506585,13010.4521484375,13010.4521484375,13010.4521484375,5616374,0.0,0.0
2008-01-18 00:00:00+07:00,12748.935905371522,13206.58984375,13206.58984375,13206.58984375,2210462,0.0,0.0
2008-01-21 00:00:00+07:00,12552.7978515625,12552.7978515625,12552.7978515625,12552.7978515625,7276460,0.0,0.0
2008-01-22 00:00:00+07:00,11964.3857421875,11964.3857421875,11964.3857421875,11964.3857421875,2942841,0.0,0.0
2008-01-23 00:00:00+07:00,11375.97265625,11375.97265625,11375.97265625,11375.97265625,1342832,0.0,0.0
2008-01-24 00:00:00+07:00,11899.005915641776,11114.4560546875,11114.4560546875,11114.4560546875,6240357,0.0,0.0
2008-01-25 00:00:00+07:00,11114.457294303473,11637.4912109375,11637.4912109375,11637.4912109375,4248700,0.0,0.0
2008-01-28 00:00:00+07:00,11572.111807335725,11899.0068359375,11899.0068359375,11899.0068359375,2757960,0.0,0.0
2008-01-29 00:00:00+07:00,11899.006078305783,12487.4189453125,12487.4189453125,12487.4189453125,3096513,0.0,0.0
2008-01-30 00:00:00+07:00,13075.83203125,13075.83203125,13075.83203125,13075.83203125,5122280,0.0,0.0
2008-01-31 00:00:00+07:00,12487.420333065962,12879.6953125,12879.6953125,12879.6953125,3273984,0.0,0.0
2008-02-01 00:00:00+07:00,12879.694238814409,12945.0732421875,12945.0732421875,12945.0732421875,2969541,0.0,0.0
2008-02-12 00:00:00+07:00,12945.072687156418,12618.1767578125,12618.1767578125,12618.1767578125,1113698,0.0,0.0
2008-02-13 00:00:00+07:00,12225.9026397338,12029.765625,12029.765625,12029.765625,2996535,0.0,0.0
2008-02-14 00:00:00+07:00,12029.765526872035,12095.14453125,12095.14453125,12095.14453125,2512581,0.0,0.0
2008-02-15 00:00:00+07:00,12160.523634822532,12029.765625,12029.765625,12029.765625,1318890,0.0,0.0
2008-02-18 00:00:00+07:00,11637.49136602328,11506.732421875,11506.732421875,11506.732421875,3814966,0.0,0.0
2008-02-19 00:00:00+07:00,11179.835569490522,11441.3515625,11441.3515625,11441.3515625,3518640,0.0,0.0
2008-02-20 00:00:00+07:00,11179.837271824525,10918.3203125,10918.3203125,10918.3203125,4528335,0.0,0.0
2008-02-21 00:00:00+07:00,10395.287109375,10395.287109375,10395.287109375,10395.287109375,2723418,0.0,0.0
2008-02-22 00:00:00+07:00,9937.6318359375,9937.6318359375,9937.6318359375,9937.6318359375,4168021,0.0,0.0
2008-02-25 00:00:00+07:00,10133.770155357914,10395.287109375,10395.287109375,10395.287109375,4379738,0.0,0.0
2008-02-26 00:00:00+07:00,10329.906789020486,9937.6318359375,9937.6318359375,9937.6318359375,4421098,0.0,0.0
2008-02-27 00:00:00+07:00,9872.2529296875,9872.2529296875,9872.2529296875,9872.2529296875,2276776,0.0,0.0
2008-02-28 00:00:00+07:00,10003.012172856825,9676.1162109375,9676.1162109375,9676.1162109375,1793557,0.0,0.0
2008-02-29 00:00:00+07:00,9349.219923682307,9218.4619140625,9218.4619140625,9218.4619140625,3146287,0.0,0.0
2008-03-03 00:00:00+07:00,8760.8056640625,8760.8056640625,8760.8056640625,8760.8056640625,2757960,0.0,0.0
2008-03-04 00:00:00+07:00,8368.5322265625,8368.5322265625,8368.5322265625,8368.5322265625,1955927,0.0,0.0
2008-03-05 00:00:00+07:00,7976.25732421875,7976.25732421875,7976.25732421875,7976.25732421875,3772888,0.0,0.0
2008-03-06 00:00:00+07:00,8368.5322265625,8368.5322265625,8368.5322265625,8368.5322265625,2187529,0.0,0.0
2008-03-07 00:00:00+07:00,8760.8056640625,8760.8056640625,8760.8056640625,8760.8056640625,970185,0.0,0.0
2008-03-10 00:00:00+07:00,9153.0830078125,9153.0830078125,9153.0830078125,9153.0830078125,10875827,0.0,0.0
2008-03-11 00:00:00+07:00,8760.8056640625,8760.8056640625,8760.8056640625,8760.8056640625,6360653,0.0,0.0
2008-03-12 00:00:00+07:00,8760.806408861383,8956.9443359375,8956.9443359375,8956.9443359375,4741362,0.0,0.0
2008-03-13 00:00:00+07:00,8956.9443359375,8956.9443359375,8956.9443359375,8956.9443359375,1420171,0.0,0.0
2008-03-14 00:00:00+07:00,8891.565335743577,8956.9443359375,8956.9443359375,8956.9443359375,3331732,0.0,0.0
2008-03-17 00:00:00+07:00,8564.669921875,8564.669921875,8564.669921875,8564.669921875,1719687,0.0,0.0
2008-03-18 00:00:00+07:00,8172.39599609375,8172.39599609375,8172.39599609375,8172.39599609375,772545,0.0,0.0
2008-03-19 00:00:00+07:00,7780.1201171875,7780.1201171875,7780.1201171875,7780.1201171875,6012386,0.0,0.0
2008-03-20 00:00:00+07:00,7453.2236328125,7453.2236328125,7453.2236328125,7453.2236328125,4316172,0.0,0.0
2008-03-21 00:00:00+07:00,7126.328125,7126.328125,7126.328125,7126.328125,3271365,0.0,0.0
2008-03-24 00:00:00+07:00,6799.4326171875,6799.4326171875,6799.4326171875,6799.4326171875,893719,0.0,0.0
2008-03-25 00:00:00+07:00,6472.53662109375,6472.53662109375,6472.53662109375,6472.53662109375,1135611,0.0,0.0
2008-03-26 00:00:00+07:00,6178.33056640625,6178.33056640625,6178.33056640625,6178.33056640625,7136857,0.0,0.0
2008-03-27 00:00:00+07:00,6211.01953125,6211.01953125,6211.01953125,6211.01953125,8194870,0.0,0.0
2008-03-28 00:00:00+07:00,6243.70947265625,6243.70947265625,6243.70947265625,6243.70947265625,5228500,0.0,0.0
2008-03-31 00:00:00+07:00,6276.39892578125,6276.39892578125,6276.39892578125,6276.39892578125,4089515,0.0,0.0
2008-04-01 00:00:00+07:00,6309.08837890625,6309.08837890625,6309.08837890625,6309.08837890625,1170293,0.0,0.0
2008-04-02 00:00:00+07:00,6341.7783203125,6341.7783203125,6341.7783203125,6341.7783203125,26377,0.0,0.0
2008-04-03 00:00:00+07:00,6374.46728515625,6374.46728515625,6374.46728515625,6374.46728515625,111121,0.0,0.0
2008-04-04 00:00:00+07:00,6407.158203125,6407.158203125,6407.158203125,6407.158203125,279451,0.0,0.0
2008-04-07 00:00:00+07:00,6505.22607421875,6505.22607421875,6505.22607421875,6505.22607421875,644556,0.0,0.0
2008-04-08 00:00:00+07:00,6603.295641555388,6439.84765625,6439.84765625,6439.84765625,9549503,0.0,0.0
2008-04-09 00:00:00+07:00,6341.777785354984,6374.46728515625,6374.46728515625,6374.46728515625,7132214,0.0,0.0
2008-04-10 00:00:00+07:00,6276.39892578125,6276.39892578125,6276.39892578125,6276.39892578125,1453997,0.0,0.0
2008-04-11 00:00:00+07:00,6178.33056640625,6178.33056640625,6178.33056640625,6178.33056640625,1096284,0.0,0.0
2008-04-16 00:00:00+07:00,6080.26171875,6080.26171875,6080.26171875,6080.26171875,1305102,0.0,0.0
2008-04-17 00:00:00+07:00,5982.192654722568,6145.640625,6145.640625,6145.640625,7285602,0.0,0.0
2008-04-18 00:00:00+07:00,6178.330274380928,6047.572265625,6047.572265625,6047.572265625,4056717,0.0,0.0
2008-04-21 00:00:00+07:00,5916.814015131539,5884.12451171875,5884.12451171875,5884.12451171875,3400226,0.0,0.0
2008-04-22 00:00:00+07:00,5786.0556640625,5786.0556640625,5786.0556640625,5786.0556640625,776753,0.0,0.0
2008-04-23 00:00:00+07:00,5687.986328125,5687.986328125,5687.986328125,5687.986328125,128685,0.0,0.0
2008-04-24 00:00:00+07:00,5589.91796875,5589.91796875,5589.91796875,5589.91796875,773411,0.0,0.0
2008-04-25 00:00:00+07:00,5491.84912109375,5491.84912109375,5491.84912109375,5491.84912109375,630041,0.0,0.0
2008-04-28 00:00:00+07:00,5393.7802734375,5393.7802734375,5393.7802734375,5393.7802734375,6659005,0.0,0.0
2008-04-29 00:00:00+07:00,5295.7119140625,5295.7119140625,5295.7119140625,5295.7119140625,4871525,0.0,0.0
2008-05-05 00:00:00+07:00,5197.64306640625,5197.64306640625,5197.64306640625,5197.64306640625,1791955,0.0,0.0
2008-05-06 00:00:00+07:00,5099.57421875,5099.57421875,5099.57421875,5099.57421875,1012708,0.0,0.0
2008-05-07 00:00:00+07:00,5001.5048828125,5001.5048828125,5001.5048828125,5001.5048828125,1195542,0.0,0.0
2008-05-08 00:00:00+07:00,4903.4365234375,4903.4365234375,4903.4365234375,4903.4365234375,1576907,0.0,0.0
2008-05-09 00:00:00+07:00,4805.36767578125,4805.36767578125,4805.36767578125,4805.36767578125,460120,0.0,0.0
2008-05-12 00:00:00+07:00,4739.98828125,4739.98828125,4739.98828125,4739.98828125,659501,0.0,0.0
2008-05-13 00:00:00+07:00,4674.60986328125,4674.60986328125,4674.60986328125,4674.60986328125,127524,0.0,0.0
2008-05-14 00:00:00+07:00,4609.23046875,4609.23046875,4609.23046875,4609.23046875,124472,0.0,0.0
2008-05-15 00:00:00+07:00,4543.8515625,4543.8515625,4543.8515625,4543.8515625,115762,0.0,0.0
2008-05-16 00:00:00+07:00,4478.47216796875,4478.47216796875,4478.47216796875,4478.47216796875,956552,0.0,0.0
2008-05-19 00:00:00+07:00,4413.0927734375,4413.0927734375,4413.0927734375,4413.0927734375,1070021,0.0,0.0
2008-05-20 00:00:00+07:00,4347.71435546875,4347.71435546875,4347.71435546875,4347.71435546875,196887,0.0,0.0
2008-05-21 00:00:00+07:00,4282.3349609375,4282.3349609375,4282.3349609375,4282.3349609375,1332818,0.0,0.0
2008-05-22 00:00:00+07:00,4216.95556640625,4216.95556640625,4216.95556640625,4216.95556640625,48145,0.0,0.0
2008-05-23 00:00:00+07:00,4151.576171875,4151.576171875,4151.576171875,4151.576171875,617266,0.0,0.0
2008-05-26 00:00:00+07:00,4086.197998046875,4086.197998046875,4086.197998046875,4086.197998046875,124183,0.0,0.0
2008-05-30 00:00:00+07:00,4020.818115234375,4020.818115234375,4020.818115234375,4020.818115234375,295558,0.0,0.0
2008-06-02 00:00:00+07:00,3955.438720703125,3955.438720703125,3955.438720703125,3955.438720703125,105903,0.0,0.0
2008-06-03 00:00:00+07:00,3890.06005859375,3890.06005859375,3890.06005859375,3890.06005859375,149144,0.0,0.0
2008-06-04 00:00:00+07:00,3824.680908203125,3824.680908203125,3824.680908203125,3824.680908203125,56128,0.0,0.0
2008-06-05 00:00:00+07:00,3759.301513671875,3759.301513671875,3759.301513671875,3759.301513671875,35234,0.0,0.0
2008-06-06 00:00:00+07:00,3693.92236328125,3693.92236328125,3693.92236328125,3693.92236328125,93709,0.0,0.0
2008-06-09 00:00:00+07:00,3628.543212890625,3628.543212890625,3628.543212890625,3628.543212890625,331263,0.0,0.0
2008-06-10 00:00:00+07:00,3563.1640625,3563.1640625,3563.1640625,3563.1640625,73103,0.0,0.0
2008-06-11 00:00:00+07:00,3497.78515625,3497.78515625,3497.78515625,3497.78515625,179032,0.0,0.0
2008-06-12 00:00:00+07:00,3432.405517578125,3432.405517578125,3432.405517578125,3432.405517578125,2838207,0.0,0.0
2008-06-13 00:00:00+07:00,3367.0263671875,3367.0263671875,3367.0263671875,3367.0263671875,5936788,0.0,0.0
2008-06-16 00:00:00+07:00,3301.647289354438,3432.405517578125,3301.647289354438,3432.405517578125,9278141,0.0,0.0
2008-06-17 00:00:00+07:00,3497.78515625,3497.78515625,3497.78515625,3497.78515625,3307796,0.0,0.0
2008-06-18 00:00:00+07:00,3530.474246651786,3530.474246651786,3432.405517578125,3432.405517578125,9365640,0.0,0.0
2008-06-19 00:00:00+07:00,3334.337158203125,3334.337158203125,3334.337158203125,3334.337158203125,1239373,0.0,0.0
2008-06-20 00:00:00+07:00,3236.268310546875,3236.268310546875,3236.268310546875,3236.268310546875,1403357,0.0,0.0
2008-06-23 00:00:00+07:00,3144.737548828125,3216.6548269617488,3144.737548828125,3144.737548828125,5943036,0.0,0.0
2008-06-24 00:00:00+07:00,3053.206684179736,3236.268310546875,3053.206684179736,3236.268310546875,3832815,0.0,0.0
2008-06-25 00:00:00+07:00,3301.6474609375,3301.6474609375,3268.9577284650427,3301.6474609375,4092426,0.0,0.0
2008-06-26 00:00:00+07:00,3399.7162822268056,3399.7162822268056,3203.578808860328,3236.268310546875,2494451,0.0,0.0
2008-06-27 00:00:00+07:00,3144.7375696985778,3268.9580078125,3144.7375696985778,3268.9580078125,2146332,0.0,0.0
2008-06-30 00:00:00+07:00,3170.889265261889,3268.9580078125,3170.889265261889,3268.9580078125,3860680,0.0,0.0
2008-07-01 00:00:00+07:00,3367.0263671875,3367.0263671875,3334.33686726531,3367.0263671875,2237310,0.0,0.0
2008-07-02 00:00:00+07:00,3465.095458984375,3465.095458984375,3367.0267173940283,3465.095458984375,6130090,0.0,0.0
2008-07-03 00:00:00+07:00,3563.1640625,3563.1640625,3563.1640625,3563.1640625,604359,0.0,0.0
2008-07-04 00:00:00+07:00,3661.232666015625,3661.232666015625,3661.232666015625,3661.232666015625,1665565,0.0,0.0
2008-07-07 00:00:00+07:00,3759.3015380802494,3759.3015380802494,3563.1640625,3563.1640625,9272487,0.0,0.0
2008-07-08 00:00:00+07:00,3465.0951976286524,3661.232666015625,3465.0951976286524,3661.232666015625,6917182,0.0,0.0
2008-07-09 00:00:00+07:00,3759.301513671875,3759.301513671875,3693.922509985352,3759.301513671875,4665035,0.0,0.0
2008-07-10 00:00:00+07:00,3857.370361328125,3857.370361328125,3857.370361328125,3857.370361328125,2538127,0.0,0.0
2008-07-11 00:00:00+07:00,3955.438720703125,3955.438720703125,3955.438720703125,3955.438720703125,2398676,0.0,0.0
2008-07-14 00:00:00+07:00,4053.5078125,4053.5078125,4053.5078125,4053.5078125,1482732,0.0,0.0
2008-07-15 00:00:00+07:00,4151.576171875,4151.576171875,4151.576171875,4151.576171875,892416,0.0,0.0
2008-07-16 00:00:00+07:00,4249.64501953125,4249.64501953125,4053.507564218225,4249.64501953125,10496651,0.0,0.0
2008-07-17 00:00:00+07:00,4347.71435546875,4347.71435546875,4347.71435546875,4347.71435546875,1360111,0.0,0.0
2008-07-18 00:00:00+07:00,4445.78271484375,4445.78271484375,4445.78271484375,4445.78271484375,9459254,0.0,0.0
2008-07-21 00:00:00+07:00,4315.0244140625,4380.403417435594,4315.0244140625,4315.0244140625,10358793,0.0,0.0
2008-07-22 00:00:00+07:00,4216.95556640625,4216.95556640625,4216.95556640625,4216.95556640625,2403316,0.0,0.0
2008-07-23 00:00:00+07:00,4118.88720703125,4118.88720703125,4118.88720703125,4118.88720703125,1717372,0.0,0.0
2008-07-24 00:00:00+07:00,4118.8870870252495,4216.95559556891,4020.818115234375,4020.818115234375,16321019,0.0,0.0
2008-07-25 00:00:00+07:00,3988.128347892992,4053.5078125,3922.749346533167,4053.5078125,4220701,0.0,0.0
2008-07-28 00:00:00+07:00,4086.197998046875,4086.197998046875,4086.197998046875,4086.197998046875,676491,0.0,0.0
2008-07-29 00:00:00+07:00,4184.26611328125,4184.26611328125,4184.26611328125,4184.26611328125,1055521,0.0,0.0
2008-07-30 00:00:00+07:00,4282.3349609375,4282.3349609375,4118.886987404075,4282.3349609375,8859649,0.0,0.0
2008-07-31 00:00:00+07:00,4249.644842759779,4380.40283203125,4216.9548821947765,4380.40283203125,8644594,0.0,0.0
2008-08-01 00:00:00+07:00,4511.16162109375,4511.16162109375,4413.092658576823,4511.16162109375,3949050,0.0,0.0
2008-08-04 00:00:00+07:00,4380.40283203125,4511.161284549857,4380.40283203125,4380.40283203125,6700239,0.0,0.0
2008-08-05 00:00:00+07:00,4249.64501953125,4249.64501953125,4249.64501953125,4249.64501953125,3138457,0.0,0.0
2008-08-06 00:00:00+07:00,4347.71435546875,4347.71435546875,4347.71435546875,4347.71435546875,4073126,0.0,0.0
2008-08-07 00:00:00+07:00,4445.78271484375,4445.78271484375,4347.713750269542,4445.78271484375,4109986,0.0,0.0
2008-08-08 00:00:00+07:00,4576.54150390625,4576.54150390625,4445.7834796428415,4576.54150390625,8718747,0.0,0.0
2008-08-11 00:00:00+07:00,4707.2998046875,4707.2998046875,4707.2998046875,4707.2998046875,745127,0.0,0.0
2008-08-12 00:00:00+07:00,4838.05810546875,4838.05810546875,4838.05810546875,4838.05810546875,1721724,0.0,0.0
2008-08-13 00:00:00+07:00,4968.81591796875,4968.81591796875,4968.81591796875,4968.81591796875,3208116,0.0,0.0
2008-08-14 00:00:00+07:00,5099.57421875,5099.57421875,5099.57421875,5099.57421875,525278,0.0,0.0
2008-08-15 00:00:00+07:00,5230.3330078125,5230.3330078125,5230.3330078125,5230.3330078125,242458,0.0,0.0
2008-08-18 00:00:00+07:00,5491.84912109375,5491.84912109375,5491.84912109375,5491.84912109375,5553710,0.0,0.0
2008-08-19 00:00:00+07:00,5753.3662109375,5753.3662109375,5753.3662109375,5753.3662109375,2069709,0.0,0.0
2008-08-20 00:00:00+07:00,6014.8828125,6014.8828125,6014.8828125,6014.8828125,12639662,0.0,0.0
2008-08-21 00:00:00+07:00,6309.08837890625,6309.08837890625,6309.08837890625,6309.08837890625,3366430,0.0,0.0
2008-08-22 00:00:00+07:00,6603.294921875,6603.294921875,6603.294921875,6603.294921875,1265636,0.0,0.0
2008-08-25 00:00:00+07:00,6930.19091796875,6930.19091796875,6930.19091796875,6930.19091796875,698108,0.0,0.0
2008-08-26 00:00:00+07:00,7257.08642578125,7257.08642578125,7257.08642578125,7257.08642578125,167865,0.0,0.0
2008-08-27 00:00:00+07:00,7583.98291015625,7583.98291015625,7583.98291015625,7583.98291015625,750933,0.0,0.0
2008-08-28 00:00:00+07:00,7910.877441406249,7910.877441406249,7583.981981815299,7910.87744140625,28853473,0.0,0.0
2008-08-29 00:00:00+07:00,7910.877441406249,8237.773364244367,7518.602519299375,7910.87744140625,12260203,0.0,0.0
2008-09-03 00:00:00+07:00,8303.15234375,8303.15234375,8303.15234375,8303.15234375,5279439,0.0,0.0
2008-09-04 00:00:00+07:00,8695.4287109375,8695.4287109375,8303.153724530586,8695.4287109375,11443367,0.0,0.0
2008-09-05 00:00:00+07:00,8956.944187870084,8956.944187870084,8303.15234375,8303.15234375,8444190,0.0,0.0
2008-09-08 00:00:00+07:00,7910.877441406249,7910.877441406249,7910.877441406249,7910.87744140625,1331665,0.0,0.0
2008-09-09 00:00:00+07:00,7518.60302734375,8041.636909824733,7518.60302734375,7518.60302734375,7989994,0.0,0.0
2008-09-10 00:00:00+07:00,7191.70751953125,7191.70751953125,7191.70751953125,7191.70751953125,3562477,0.0,0.0
2008-09-11 00:00:00+07:00,6864.81103515625,6864.81103515625,6864.81103515625,6864.81103515625,1819964,0.0,0.0
2008-09-12 00:00:00+07:00,6537.916015625,6537.916015625,6537.916015625,6537.916015625,1442246,0.0,0.0
2008-09-15 00:00:00+07:00,6211.019971877474,6864.811377194561,6211.019971877474,6243.70947265625,12270069,0.0,0.0
2008-09-16 00:00:00+07:00,5982.192920828928,6014.882886936319,5949.50341796875,5949.50341796875,4910271,0.0,0.0
2008-09-17 00:00:00+07:00,5655.29736328125,5655.29736328125,5655.29736328125,5655.29736328125,1035931,0.0,0.0
2008-09-18 00:00:00+07:00,5393.7802734375,5393.7802734375,5393.7802734375,5393.7802734375,2098296,0.0,0.0
2008-09-19 00:00:00+07:00,5655.29736328125,5655.29736328125,5622.607860800832,5655.29736328125,10989164,0.0,0.0
2008-09-22 00:00:00+07:00,5916.81396484375,5916.81396484375,5916.81396484375,5916.81396484375,4740647,0.0,0.0
2008-09-23 00:00:00+07:00,5949.503153316519,6211.0200910592885,5687.986678820943,6145.640625,18263487,0.0,0.0
2008-09-24 00:00:00+07:00,6145.640950035667,6145.640950035667,5916.81396484375,5916.81396484375,4046424,0.0,0.0
2008-09-25 00:00:00+07:00,6080.261074164088,6211.01953125,5982.192115537866,6211.01953125,7293456,0.0,0.0
2008-09-26 00:00:00+07:00,6505.22607421875,6505.22607421875,6211.020097988881,6505.22607421875,7918885,0.0,0.0
2008-09-29 00:00:00+07:00,6243.7094252506695,6537.915393273075,6243.7094252506695,6276.39892578125,3669278,0.0,0.0
2008-09-30 00:00:00+07:00,5982.1923828125,5982.1923828125,5982.1923828125,5982.1923828125,225333,0.0,0.0
2008-10-01 00:00:00+07:00,6145.640722600396,6211.020189697992,5786.055738176019,6080.26171875,6052161,0.0,0.0
2008-10-02 00:00:00+07:00,6341.777525088762,6341.777525088762,6014.882077244707,6211.01953125,3634745,0.0,0.0
2008-10-03 00:00:00+07:00,6014.882345979876,6112.950845740488,5982.1923828125,5982.1923828125,3086938,0.0,0.0
2008-10-06 00:00:00+07:00,5720.675827515559,5753.365326906118,5687.986328125,5687.986328125,5587658,0.0,0.0
2008-10-07 00:00:00+07:00,5426.47021484375,5426.47021484375,5426.47021484375,5426.47021484375,2006147,0.0,0.0
2008-10-08 00:00:00+07:00,5164.95361328125,5164.95361328125,5164.95361328125,5164.95361328125,2639271,0.0,0.0
2008-10-09 00:00:00+07:00,4936.12646484375,5197.642948417503,4936.12646484375,4936.12646484375,11727350,0.0,0.0
2008-10-10 00:00:00+07:00,4707.2998046875,4707.2998046875,4707.2998046875,4707.2998046875,3217545,0.0,0.0
2008-10-13 00:00:00+07:00,4707.299131894656,4838.057595529676,4478.47216796875,4478.47216796875,6464429,0.0,0.0
2008-10-14 00:00:00+07:00,4674.60986328125,4674.60986328125,4674.60986328125,4674.60986328125,618874,0.0,0.0
2008-10-15 00:00:00+07:00,4903.4365234375,4903.4365234375,4707.2990625,4903.4365234375,9004331,0.0,0.0
2008-10-16 00:00:00+07:00,4739.988939211542,5132.263892294528,4739.988939211542,4968.81591796875,6575144,0.0,0.0
2008-10-17 00:00:00+07:00,5197.642722102367,5197.642722102367,5034.195216515088,5099.57421875,5520469,0.0,0.0
2008-10-20 00:00:00+07:00,5099.574544269781,5099.574544269781,4870.74755859375,4870.74755859375,2808184,0.0,0.0
2008-10-21 00:00:00+07:00,5099.57421875,5099.57421875,4870.747247680621,5099.57421875,5995420,0.0,0.0
2008-10-22 00:00:00+07:00,4903.4363867020365,5034.194844763142,4903.4363867020365,5001.5048828125,2548430,0.0,0.0
2008-10-23 00:00:00+07:00,4772.67822265625,4870.747188055293,4772.67822265625,4772.67822265625,6140826,0.0,0.0
2008-10-24 00:00:00+07:00,4609.230568367828,4641.920534548957,4543.8515625,4543.8515625,5776303,0.0,0.0
2008-10-27 00:00:00+07:00,4347.71435546875,4347.71435546875,4347.71435546875,4347.71435546875,5666893,0.0,0.0
2008-10-28 00:00:00+07:00,4151.576060251161,4445.7824748442745,4151.576060251161,4249.64501953125,6782225,0.0,0.0
2008-10-29 00:00:00+07:00,4445.78271484375,4445.78271484375,4380.403250711885,4445.78271484375,6171445,0.0,0.0
2008-10-30 00:00:00+07:00,4576.540942793225,4641.92041015625,4445.782934561581,4641.92041015625,4003031,0.0,0.0
2008-10-31 00:00:00+07:00,4870.74755859375,4870.74755859375,4870.74755859375,4870.74755859375,3116840,0.0,0.0
2008-11-03 00:00:00+07:00,5099.57421875,5099.57421875,4870.747247680621,5099.57421875,10456167,0.0,0.0
2008-11-04 00:00:00+07:00,5099.574388501088,5328.4013671875,5099.574388501088,5328.4013671875,7501400,0.0,0.0
2008-11-05 00:00:00+07:00,5589.91796875,5589.91796875,5589.91796875,5589.91796875,2330182,0.0,0.0
2008-11-06 00:00:00+07:00,5557.228647151736,5851.435109446569,5426.470631240457,5818.74560546875,18877609,0.0,0.0
2008-11-07 00:00:00+07:00,5982.1923828125,5982.1923828125,5786.055383291276,5982.1923828125,10600704,0.0,0.0
2008-11-10 00:00:00+07:00,6276.39892578125,6276.39892578125,6178.329960942328,6276.39892578125,4211322,0.0,0.0
2008-11-11 00:00:00+07:00,6080.261345820284,6178.329845580896,5982.1923828125,5982.1923828125,5194117,0.0,0.0
2008-11-12 00:00:00+07:00,5687.986328125,5687.986328125,5687.986328125,5687.986328125,2387556,0.0,0.0
2008-11-13 00:00:00+07:00,5442.815629028237,5786.056362790635,5442.815629028237,5638.953125,8369754,0.0,0.0
2008-11-14 00:00:00+07:00,5884.12451171875,5884.12451171875,5737.021283113976,5884.12451171875,5781337,0.0,0.0
2008-11-17 00:00:00+07:00,5786.055289543841,5884.123787715517,5687.986328125,5687.986328125,2105452,0.0,0.0
2008-11-18 00:00:00+07:00,5589.917551487977,5638.952265441884,5491.849050074522,5540.88330078125,1924069,0.0,0.0
2008-11-19 00:00:00+07:00,5540.883493932784,5638.952462012037,5393.7802734375,5393.7802734375,3255713,0.0,0.0
2008-11-20 00:00:00+07:00,5148.60888671875,5246.677861247707,5148.60888671875,5148.60888671875,4599157,0.0,0.0
2008-11-21 00:00:00+07:00,4893.629994476894,5197.642922486431,4893.629994476894,4952.47119140625,5946959,0.0,0.0
2008-11-24 00:00:00+07:00,5197.643142359615,5197.643142359615,5099.574631077885,5148.60888671875,3691629,0.0,0.0
2008-11-25 00:00:00+07:00,5246.67724609375,5393.77999576908,5197.642532954801,5246.67724609375,3758281,0.0,0.0
2008-11-26 00:00:00+07:00,5246.677049582968,5295.7112976382,5001.5048828125,5001.5048828125,6087334,0.0,0.0
2008-11-27 00:00:00+07:00,5001.505215947188,5001.505215947188,4756.33349609375,4756.33349609375,6892894,0.0,0.0
2008-11-28 00:00:00+07:00,4952.47119140625,4952.47119140625,4903.436937839655,4952.47119140625,3280772,0.0,0.0
2008-12-01 00:00:00+07:00,5197.643142359615,5197.643142359615,4903.437145267197,5148.60888671875,4133353,0.0,0.0
2008-12-02 00:00:00+07:00,5001.505022282666,5050.539734952416,4903.4365234375,4903.4365234375,3407601,0.0,0.0
2008-12-03 00:00:00+07:00,4952.47119140625,5001.505444972845,4805.367967459259,4952.47119140625,2343060,0.0,0.0
2008-12-04 00:00:00+07:00,4952.47119140625,5050.540161786646,4903.436937839655,4952.47119140625,3136624,0.0,0.0
2008-12-05 00:00:00+07:00,4903.43647548031,4903.43647548031,4736.719843775202,4795.56103515625,2594873,0.0,0.0
2008-12-08 00:00:00+07:00,4609.2295561324345,4609.2295561324345,4560.1953125,4560.1953125,3531332,0.0,0.0
2008-12-09 00:00:00+07:00,4609.2306378828125,4785.754697583772,4560.1963827424215,4775.94775390625,3537331,0.0,0.0
2008-12-10 00:00:00+07:00,4628.844423725049,4697.492564714997,4628.844423725049,4638.6513671875,2005234,0.0,0.0
2008-12-11 00:00:00+07:00,4560.195513414734,4756.332959833078,4560.195513414734,4726.91259765625,1754966,0.0,0.0
2008-12-12 00:00:00+07:00,4903.436937839655,4952.47119140625,4903.436937839655,4952.47119140625,4124641,0.0,0.0
2008-12-15 00:00:00+07:00,5197.64306640625,5197.64306640625,5050.540301633272,5197.64306640625,5000733,0.0,0.0
2008-12-16 00:00:00+07:00,5148.608668919836,5148.608668919836,4952.47119140625,4952.47119140625,4773005,0.0,0.0
2008-12-17 00:00:00+07:00,4952.471400908062,5197.643142359615,4903.437145267197,5148.60888671875,3851738,0.0,0.0
2008-12-18 00:00:00+07:00,5099.574631077885,5246.677861247707,5001.505656548928,5148.60888671875,2072854,0.0,0.0
2008-12-19 00:00:00+07:00,5050.540375437019,5197.643142359615,5050.540375437019,5148.60888671875,3614917,0.0,0.0
2008-12-22 00:00:00+07:00,5197.642796187804,5246.6775118101,5050.5400390625,5050.5400390625,2233639,0.0,0.0
2008-12-23 00:00:00+07:00,4854.402042309146,4903.436289391272,4844.595100243291,4864.208984375,2924850,0.0,0.0
2008-12-24 00:00:00+07:00,4707.299174600658,4834.788504083735,4707.299174600658,4805.36767578125,1117833,0.0,0.0
2008-12-25 00:00:00+07:00,4805.36767578125,4854.402389618724,4805.36767578125,4805.36767578125,1578122,0.0,0.0
2008-12-26 00:00:00+07:00,4756.333866551206,4854.402840079208,4756.333866551206,4775.94775390625,2416683,0.0,0.0
2008-12-29 00:00:00+07:00,4756.33319442706,4854.402154096801,4756.33319442706,4766.14013671875,1927162,0.0,0.0
2008-12-30 00:00:00+07:00,4766.140657255424,5001.505444972845,4766.140657255424,4952.47119140625,4456370,0.0,0.0
2008-12-31 00:00:00+07:00,5050.539734952416,5099.573984375,4903.4365234375,4903.4365234375,4121934,0.0,0.0
2009-01-02 00:00:00+07:00,4903.4365234375,4903.4365234375,4883.822638369599,4903.4365234375,456316,0.0,0.0
2009-01-05 00:00:00+07:00,4903.4365234375,4903.4365234375,4815.174503879116,4903.4365234375,1577446,0.0,0.0
2009-01-06 00:00:00+07:00,4903.436818690001,5050.5400390625,4903.436818690001,5050.5400390625,2515538,0.0,0.0
2009-01-07 00:00:00+07:00,5148.608811481924,5295.712039502121,5148.608811481924,5197.64306640625,7398859,0.0,0.0
2009-01-08 00:00:00+07:00,5050.5400390625,5197.642796187804,5001.505323440204,5050.5400390625,3809748,0.0,0.0
2009-01-09 00:00:00+07:00,5001.505444972845,5099.574415353241,4952.47119140625,4952.47119140625,2118320,0.0,0.0
2009-01-12 00:00:00+07:00,4952.47119140625,5001.505444972845,4903.436937839655,4952.47119140625,1118309,0.0,0.0
2009-01-13 00:00:00+07:00,4903.436825951482,4952.471078399198,4874.015996534535,4893.6298828125,2397812,0.0,0.0
2009-01-14 00:00:00+07:00,4952.470634757268,5050.539594114886,4883.822502181082,5001.5048828125,2925141,0.0,0.0
2009-01-15 00:00:00+07:00,4903.4365234375,4952.470772860083,4903.4365234375,4903.4365234375,2411165,0.0,0.0
2009-01-16 00:00:00+07:00,5001.505444972845,5001.505444972845,4903.436937839655,4952.47119140625,1823261,0.0,0.0
2009-01-19 00:00:00+07:00,4952.47119140625,4952.47119140625,4903.436937839655,4952.47119140625,1500820,0.0,0.0
2009-01-20 00:00:00+07:00,4903.436825951482,4903.436825951482,4874.015996534535,4893.6298828125,2175980,0.0,0.0
2009-01-21 00:00:00+07:00,4883.8230566551365,4903.43694340291,4874.01611328125,4874.01611328125,1309088,0.0,0.0
2009-01-22 00:00:00+07:00,4854.40268427306,4952.47119140625,4854.40268427306,4952.47119140625,1461351,0.0,0.0
2009-01-23 00:00:00+07:00,4903.436937839655,5001.505444972845,4903.436937839655,4952.47119140625,955213,0.0,0.0
2009-02-02 00:00:00+07:00,4893.629770391,4903.436713304687,4756.33349609375,4756.33349609375,2272045,0.0,0.0
2009-02-03 00:00:00+07:00,4619.037674091422,4628.844617965402,4570.00341796875,4570.00341796875,3444170,0.0,0.0
2009-02-04 00:00:00+07:00,4579.810054243509,4697.492446332771,4570.003111028204,4658.26513671875,1961310,0.0,0.0
2009-02-05 00:00:00+07:00,4658.264263011982,4658.264263011982,4540.581892995294,4560.1953125,2060179,0.0,0.0
2009-02-06 00:00:00+07:00,4609.230420642225,4658.26513671875,4550.389224597594,4658.26513671875,1290121,0.0,0.0
2009-02-09 00:00:00+07:00,4658.264991584671,4834.78857421875,4658.264991584671,4834.78857421875,1428753,0.0,0.0
2009-02-10 00:00:00+07:00,4658.265547533815,4775.947950001555,4658.265547533815,4707.2998046875,972615,0.0,0.0
2009-02-11 00:00:00+07:00,4638.650994724997,4638.650994724997,4609.230166700001,4619.037109375,3168351,0.0,0.0
2009-02-12 00:00:00+07:00,4619.037412067662,4648.458242020651,4579.810102044216,4609.23046875,2179172,0.0,0.0
2009-02-13 00:00:00+07:00,4570.00341796875,4589.617305716711,4560.19647409477,4570.00341796875,1633655,0.0,0.0
2009-02-16 00:00:00+07:00,4570.003004199364,4570.003004199364,4442.513671875,4442.513671875,3454037,0.0,0.0
2009-02-17 00:00:00+07:00,4265.990470777767,4403.286758411739,4226.7626953125,4226.7626953125,4126675,0.0,0.0
2009-02-18 00:00:00+07:00,4020.818232383083,4118.88720703125,4020.818232383083,4118.88720703125,4563558,0.0,0.0
2009-02-19 00:00:00+07:00,4216.95571843219,4226.762662221729,4118.88720703125,4118.88720703125,2996448,0.0,0.0
2009-02-20 00:00:00+07:00,4069.852724725252,4118.886977695542,4030.6249517512592,4079.65966796875,1372064,0.0,0.0
2009-02-23 00:00:00+07:00,3922.749267515497,3971.783517547648,3883.521728515625,3883.521728515625,2761755,0.0,0.0
2009-02-24 00:00:00+07:00,3697.191162109375,3706.998104644055,3697.191162109375,3697.191162109375,2680781,0.0,0.0
2009-02-25 00:00:00+07:00,3873.715087890625,3873.715087890625,3824.680834035308,3873.715087890625,2348959,0.0,0.0
2009-02-26 00:00:00+07:00,3873.715120795276,4020.818115234375,3726.6121263561777,4020.818115234375,4244887,0.0,0.0
2009-02-27 00:00:00+07:00,3922.748974697903,4207.1484375,3922.748974697903,4207.1484375,3261613,0.0,0.0
2009-03-02 00:00:00+07:00,4069.85293430419,4305.217731279558,4069.85293430419,4275.79736328125,2343248,0.0,0.0
2009-03-03 00:00:00+07:00,4079.659481858615,4138.500675388123,4069.8525390625,4069.8525390625,2291875,0.0,0.0
2009-03-04 00:00:00+07:00,4069.8527679812846,4118.88702147273,4020.8180512426334,4109.080078125,1752157,0.0,0.0
2009-03-05 00:00:00+07:00,4265.99028358619,4265.99028358619,4138.500945412765,4216.95556640625,2618673,0.0,0.0
2009-03-06 00:00:00+07:00,4118.886944459524,4236.5693359375,4118.886944459524,4236.5693359375,1925136,0.0,0.0
2009-03-09 00:00:00+07:00,4246.376457603085,4364.058854027973,4226.762570449866,4324.83154296875,4123483,0.0,0.0
2009-03-10 00:00:00+07:00,4324.831100371973,4422.899599607456,4275.796850754231,4354.25146484375,4820801,0.0,0.0
2009-03-11 00:00:00+07:00,4501.354795675235,4501.354795675235,4364.058522526394,4413.0927734375,4309424,0.0,0.0
2009-03-12 00:00:00+07:00,4315.024794624705,4354.252107458761,4216.955817668706,4256.18359375,2315868,0.0,0.0
2009-03-13 00:00:00+07:00,4285.603962563733,4295.410906584057,4246.3766497296765,4256.18359375,2280658,0.0,0.0
2009-03-16 00:00:00+07:00,4305.217470907097,4315.0244140625,4256.183218377277,4315.0244140625,2231803,0.0,0.0
2009-03-17 00:00:00+07:00,4393.479488452295,4530.775765895854,4393.479488452295,4471.9345703125,4177656,0.0,0.0
2009-03-18 00:00:00+07:00,4668.07163727024,4687.68505859375,4609.229983558245,4687.68505859375,8792128,0.0,0.0
2009-03-19 00:00:00+07:00,4687.685784174362,4766.14087135349,4462.1279296875,4462.1279296875,6607219,0.0,0.0
2009-03-20 00:00:00+07:00,4462.1279296875,4609.230696995234,4364.058954901783,4462.1279296875,2559176,0.0,0.0
2009-03-23 00:00:00+07:00,4481.741057962767,4481.741057962767,4295.410527751693,4315.0244140625,2905605,0.0,0.0
2009-03-24 00:00:00+07:00,4530.7763671875,4530.7763671875,4511.162478307638,4530.7763671875,2325255,0.0,0.0
2009-03-25 00:00:00+07:00,4511.162063539489,4756.333799007005,4501.355120001233,4746.52685546875,9313661,0.0,0.0
2009-03-26 00:00:00+07:00,4883.822939673518,4903.436825951482,4785.754434778086,4893.6298828125,8111643,0.0,0.0
2009-03-27 00:00:00+07:00,4952.471553703163,4952.471553703163,4707.2998046875,4707.2998046875,7958314,0.0,0.0
2009-03-30 00:00:00+07:00,4530.775928388213,4648.4583237755,4481.7412109375,4481.7412109375,9909389,0.0,0.0
2009-03-31 00:00:00+07:00,4334.638960086425,4413.09359077571,4324.832015438447,4403.287109375,8018479,0.0,0.0
2009-04-01 00:00:00+07:00,4589.616744597178,4619.037109375,4511.161666444363,4619.037109375,3193889,0.0,0.0
2009-04-02 00:00:00+07:00,4844.595703125,4844.595703125,4785.754506654575,4844.595703125,10779870,0.0,0.0
2009-04-03 00:00:00+07:00,5050.5400390625,5050.5400390625,5050.5400390625,5050.5400390625,8716664,0.0,0.0
2009-04-07 00:00:00+07:00,5050.540182001038,5295.7119140625,5001.505464990979,5295.7119140625,15029806,0.0,0.0
2009-04-08 00:00:00+07:00,5246.677437025739,5540.88341033003,5050.539967073816,5099.57421875,14984535,0.0,0.0
2009-04-09 00:00:00+07:00,5050.539967073816,5246.677437025739,5001.505252150444,5099.57421875,9841088,0.0,0.0
2009-04-10 00:00:00+07:00,5344.74560546875,5344.74560546875,5344.74560546875,5344.74560546875,2417061,0.0,0.0
2009-04-13 00:00:00+07:00,5589.91796875,5589.91796875,5589.91796875,5589.91796875,1009572,0.0,0.0
2009-04-14 00:00:00+07:00,5786.055592100131,5835.08984375,5589.917659006281,5835.08984375,18483385,0.0,0.0
2009-04-15 00:00:00+07:00,5687.987383181128,5933.15913733402,5589.918403571622,5638.953125,16425117,0.0,0.0
2009-04-16 00:00:00+07:00,5786.055289543841,5786.055289543841,5589.91736670616,5687.986328125,11029370,0.0,0.0
2009-04-17 00:00:00+07:00,5589.917697365301,5638.952412598843,5442.81494140625,5442.81494140625,10524088,0.0,0.0
2009-04-20 00:00:00+07:00,5197.64306640625,5197.64306640625,5197.64306640625,5197.64306640625,3890338,0.0,0.0
2009-04-21 00:00:00+07:00,4952.471071065103,5099.5742914376015,4952.471071065103,5050.5400390625,17587755,0.0,0.0
2009-04-22 00:00:00+07:00,5295.7119140625,5295.7119140625,5099.574435763889,5295.7119140625,9357285,0.0,0.0
2009-04-23 00:00:00+07:00,5344.745745877303,5491.848958799806,5246.67724609375,5246.67724609375,7601242,0.0,0.0
2009-04-24 00:00:00+07:00,5246.67766029965,5295.7119140625,5099.574435763889,5295.7119140625,6066531,0.0,0.0
2009-04-27 00:00:00+07:00,5442.814989100724,5491.849241516754,5295.711768605442,5393.7802734375,7181773,0.0,0.0
2009-04-28 00:00:00+07:00,5393.7802734375,5491.849241516754,5344.74602102147,5393.7802734375,4906797,0.0,0.0
2009-04-29 00:00:00+07:00,5442.81494140625,5442.81494140625,5344.745974186358,5442.81494140625,5450003,0.0,0.0
2009-05-04 00:00:00+07:00,5687.986328125,5687.986328125,5687.986328125,5687.986328125,2158567,0.0,0.0
2009-05-05 00:00:00+07:00,5933.15869140625,5933.15869140625,5933.15869140625,5933.15869140625,2197652,0.0,0.0
2009-05-06 00:00:00+07:00,6031.227663645032,6227.365144875381,5933.15869140625,5933.15869140625,25408804,0.0,0.0
2009-05-07 00:00:00+07:00,6227.365234375,6227.365234375,6178.330515927275,6227.365234375,9697820,0.0,0.0
2009-05-08 00:00:00+07:00,6374.467427372992,6521.570643007785,6227.364674985379,6276.39892578125,13290113,0.0,0.0
2009-05-11 00:00:00+07:00,6423.50236856393,6521.57087362357,6276.399147727273,6472.53662109375,12246850,0.0,0.0
2009-05-12 00:00:00+07:00,6472.536836511948,6668.67431640625,6325.433610779419,6668.67431640625,8028348,0.0,0.0
2009-05-13 00:00:00+07:00,6521.570497509115,6668.673709861981,6374.46728515625,6374.46728515625,15867979,0.0,0.0
2009-05-14 00:00:00+07:00,6129.296260726772,6325.433744776006,6080.262005526269,6227.365234375,16532500,0.0,0.0
2009-05-15 00:00:00+07:00,6423.502296816981,6521.57080078125,6325.433329605519,6521.57080078125,8003299,0.0,0.0
2009-05-18 00:00:00+07:00,6472.536548799115,6668.674019974846,6423.502296816981,6521.57080078125,5858149,0.0,0.0
2009-05-19 00:00:00+07:00,6668.673946601184,6668.673946601184,6521.570729026126,6570.60498046875,9816229,0.0,0.0
2009-05-20 00:00:00+07:00,6521.570729026126,6619.63969515856,6472.536477583502,6570.60498046875,13500908,0.0,0.0
2009-05-21 00:00:00+07:00,6423.50244140625,6570.605200663851,6423.50244140625,6423.50244140625,7490086,0.0,0.0
2009-05-22 00:00:00+07:00,6178.330515927275,6374.467999976509,6178.330515927275,6227.365234375,7144917,0.0,0.0
2009-05-25 00:00:00+07:00,6276.399077623384,6521.57080078125,6276.399077623384,6521.57080078125,6941362,0.0,0.0
2009-05-26 00:00:00+07:00,6619.63969515856,6717.708198043808,6521.570729026126,6570.60498046875,7168804,0.0,0.0
2009-05-27 00:00:00+07:00,6668.673946601184,6668.673946601184,6374.467511451068,6570.60498046875,6365850,0.0,0.0
2009-05-28 00:00:00+07:00,6521.57087362357,6570.60512615339,6374.467652786913,6472.53662109375,5939702,0.0,0.0
2009-05-29 00:00:00+07:00,6521.57087362357,6521.57087362357,6325.433400257093,6472.53662109375,5444488,0.0,0.0
2009-06-01 00:00:00+07:00,6521.571492398743,6717.708984375,6521.571492398743,6717.708984375,7591667,0.0,0.0
2009-06-02 00:00:00+07:00,7011.914244578532,7011.914244578532,6864.81103515625,6864.81103515625,10640655,0.0,0.0
2009-06-03 00:00:00+07:00,6864.81103515625,6962.879532606331,6815.77678643121,6864.81103515625,6064886,0.0,0.0
2009-06-04 00:00:00+07:00,6864.8109666083365,7011.914174561733,6766.742006890354,6913.84521484375,6215996,0.0,0.0
2009-06-05 00:00:00+07:00,7257.08642578125,7257.08642578125,7159.017921921315,7257.08642578125,7445394,0.0,0.0
2009-06-08 00:00:00+07:00,7600.3271484375,7600.3271484375,7600.3271484375,7600.3271484375,3093383,0.0,0.0
2009-06-09 00:00:00+07:00,7453.224457511617,7698.396198854799,7453.224457511617,7551.29296875,7335590,0.0,0.0
2009-06-10 00:00:00+07:00,7257.086498515162,7306.120750936574,7208.05224609375,7208.05224609375,12086646,0.0,0.0
2009-06-11 00:00:00+07:00,7208.05224609375,7355.155003357985,7159.017993672339,7208.05224609375,10735557,0.0,0.0
2009-06-12 00:00:00+07:00,7306.120127221369,7306.120127221369,6913.84521484375,6913.84521484375,9760792,0.0,0.0
2009-06-15 00:00:00+07:00,6668.67431640625,6864.811796300552,6570.605344835493,6668.67431640625,9463707,0.0,0.0
2009-06-16 00:00:00+07:00,6374.467725073181,6521.570947577984,6374.467725073181,6423.50244140625,12764906,0.0,0.0
2009-06-17 00:00:00+07:00,6423.502978034235,6717.708984375,6423.502978034235,6717.708984375,9163126,0.0,0.0
2009-06-18 00:00:00+07:00,7011.91455078125,7011.91455078125,7011.91455078125,7011.91455078125,1525490,0.0,0.0
2009-06-19 00:00:00+07:00,7355.15478515625,7355.15478515625,7208.05203225604,7355.15478515625,14393164,0.0,0.0
2009-06-22 00:00:00+07:00,7060.948801647563,7109.983052513876,7011.91455078125,7011.91455078125,6713732,0.0,0.0
2009-06-23 00:00:00+07:00,6668.674727192745,6766.743241557254,6668.674727192745,6717.708984375,10366684,0.0,0.0
2009-06-24 00:00:00+07:00,7011.91455078125,7011.91455078125,7011.91455078125,7011.91455078125,2266631,0.0,0.0
2009-06-25 00:00:00+07:00,7355.155713200598,7355.155713200598,7011.915449877565,7060.94970703125,10223505,0.0,0.0
2009-06-26 00:00:00+07:00,7060.949025582319,7257.086498515162,7060.949025582319,7208.05224609375,5315918,0.0,0.0
2009-06-29 00:00:00+07:00,7159.017578125,7208.051827700204,7109.982865302627,7159.017578125,5140909,0.0,0.0
2009-06-30 00:00:00+07:00,7109.982742028612,7159.017454000813,6815.77678643121,6864.81103515625,8476271,0.0,0.0
2009-07-01 00:00:00+07:00,6570.60498046875,6668.673946601184,6521.570729026126,6570.60498046875,6379972,0.0,0.0
2009-07-02 00:00:00+07:00,6668.674122299247,6864.811596484518,6570.605153583011,6815.77734375,2811861,0.0,0.0
2009-07-03 00:00:00+07:00,6619.639262184114,6913.84521484375,6619.639262184114,6913.84521484375,3310273,0.0,0.0
2009-07-06 00:00:00+07:00,6962.880057492301,7257.086498515162,6913.84580507089,7208.05224609375,3567028,0.0,0.0
2009-07-07 00:00:00+07:00,7159.018114936691,7208.052368188678,7060.949145185512,7109.9833984375,4327705,0.0,0.0
2009-07-08 00:00:00+07:00,7011.915449877565,7060.94970703125,6913.846472322955,7060.94970703125,2189819,0.0,0.0
2009-07-09 00:00:00+07:00,6962.88037109375,7109.983598230569,6962.88037109375,6962.88037109375,2094044,0.0,0.0
2009-07-10 00:00:00+07:00,6913.846116463883,6962.88037109375,6864.811861834016,6962.88037109375,3482371,0.0,0.0
2009-07-13 00:00:00+07:00,6962.88037109375,6962.88037109375,6864.811861834016,6962.88037109375,3252330,0.0,0.0
2009-07-14 00:00:00+07:00,6913.845283881291,6962.879532606331,6864.81103515625,6864.81103515625,2854434,0.0,0.0
2009-07-15 00:00:00+07:00,6962.8798366677565,7060.948801647563,6962.8798366677565,7011.91455078125,1392377,0.0,0.0
2009-07-16 00:00:00+07:00,7257.087198893229,7257.087198893229,7060.94970703125,7060.94970703125,2217003,0.0,0.0
2009-07-17 00:00:00+07:00,7060.94970703125,7159.01868458586,7011.915449877565,7060.94970703125,2847178,0.0,0.0
2009-07-20 00:00:00+07:00,7011.914174561733,7011.914174561733,6913.84521484375,6913.84521484375,2924374,0.0,0.0
2009-07-21 00:00:00+07:00,7011.915449877565,7060.94970703125,6864.812215169271,7060.94970703125,5129404,0.0,0.0
2009-07-22 00:00:00+07:00,7159.01868458586,7159.01868458586,7011.915449877565,7060.94970703125,3315889,0.0,0.0
2009-07-23 00:00:00+07:00,7060.948615727423,7159.017578125,7060.948615727423,7159.017578125,2074502,0.0,0.0
2009-07-24 00:00:00+07:00,7502.2578125,7502.2578125,7453.223562767272,7502.2578125,4078204,0.0,0.0
2009-07-27 00:00:00+07:00,7747.430917721215,7747.430917721215,7453.224457511617,7551.29296875,4550598,0.0,0.0
2009-07-28 00:00:00+07:00,7404.189499370169,7551.292252270379,7355.15478515625,7355.15478515625,3666956,0.0,0.0
2009-07-29 00:00:00+07:00,7453.223750336906,7453.223750336906,7355.15478515625,7355.15478515625,1422753,0.0,0.0
2009-07-30 00:00:00+07:00,7355.15478515625,7355.15478515625,7257.086283222777,7355.15478515625,1863222,0.0,0.0
2009-07-31 00:00:00+07:00,7502.2578125,7551.292062232729,7453.223562767272,7502.2578125,3225237,0.0,0.0
2009-08-03 00:00:00+07:00,7404.1893130345425,7551.292062232729,7404.1893130345425,7502.2578125,1864574,0.0,0.0
2009-08-04 00:00:00+07:00,7649.361400578125,7649.361400578125,7551.292433049681,7600.3271484375,3031853,0.0,0.0
2009-08-05 00:00:00+07:00,7551.292433049681,7600.3271484375,7551.292433049681,7600.3271484375,2118716,0.0,0.0
2009-08-06 00:00:00+07:00,7600.327561600066,7698.3960712124335,7600.327561600066,7649.36181640625,3452583,0.0,0.0
2009-08-07 00:00:00+07:00,7649.36181640625,7698.3960712124335,7600.327561600066,7649.36181640625,1347291,0.0,0.0
2009-08-10 00:00:00+07:00,7649.36111623377,7845.498580752585,7649.36111623377,7796.4638671875,3432074,0.0,0.0
2009-08-11 00:00:00+07:00,7747.430080116766,7845.498580752585,7747.430080116766,7796.4638671875,1635590,0.0,0.0
2009-08-12 00:00:00+07:00,7796.464307105614,7894.533739769387,7796.464307105614,7845.4990234375,3407696,0.0,0.0
2009-08-13 00:00:00+07:00,7943.567480943344,7943.567480943344,7845.498975374759,7894.53369140625,3431874,0.0,0.0
2009-08-14 00:00:00+07:00,7747.430517268132,7894.533739769387,7747.430517268132,7845.4990234375,2161281,0.0,0.0
2009-08-17 00:00:00+07:00,7845.498580752585,7894.533294317671,7796.4638671875,7796.4638671875,3476674,0.0,0.0
2009-08-18 00:00:00+07:00,7649.361692787769,7796.46445482905,7649.361692787769,7747.4306640625,2843691,0.0,0.0
2009-08-19 00:00:00+07:00,7796.464307105614,7845.4990234375,7796.464307105614,7845.4990234375,3388635,0.0,0.0
2009-08-20 00:00:00+07:00,7943.567480943344,7943.567480943344,7845.498975374759,7894.53369140625,2133219,0.0,0.0
2009-08-21 00:00:00+07:00,7992.602390494447,8237.77412359929,7943.56767327571,8090.6708984375,4831636,0.0,0.0
2009-08-24 00:00:00+07:00,8139.705093471903,8482.9453125,8139.705093471903,8482.9453125,8290714,0.0,0.0
2009-08-25 00:00:00+07:00,8581.014258869882,8826.186915446926,8531.98046875,8531.98046875,5569761,0.0,0.0
2009-08-26 00:00:00+07:00,8482.94584999244,8531.98056717238,8335.84262494704,8433.9111328125,4794770,0.0,0.0
2009-08-27 00:00:00+07:00,8384.87734212698,8433.9111328125,8188.739399901637,8433.9111328125,8492997,0.0,0.0
2009-08-28 00:00:00+07:00,8433.911035521418,8531.98046875,8335.842528787245,8531.98046875,4044919,0.0,0.0
2009-08-31 00:00:00+07:00,8630.049649667175,8728.1181640625,8630.049649667175,8728.1181640625,3682441,0.0,0.0
2009-09-01 00:00:00+07:00,8581.013671875,8679.083098395022,8531.979885109336,8581.013671875,3980402,0.0,0.0
2009-09-03 00:00:00+07:00,8433.910741535681,8531.9801713458,8335.84223821994,8384.876953125,5961569,0.0,0.0
2009-09-04 00:00:00+07:00,8433.91143686438,8433.91143686438,8237.7744140625,8237.7744140625,6472848,0.0,0.0
2009-09-07 00:00:00+07:00,7992.602439444132,8041.63623046875,7845.499213381427,8041.63623046875,5750859,0.0,0.0
2009-09-08 00:00:00+07:00,8139.705078125,8188.738865611214,8041.635650163852,8139.705078125,2602710,0.0,0.0
2009-09-09 00:00:00+07:00,8286.809133010196,8286.809133010196,8041.636464766166,8237.7744140625,3501240,0.0,0.0
2009-09-10 00:00:00+07:00,7943.567436441287,8286.80859375,7943.567436441287,8286.80859375,3226105,0.0,0.0
2009-09-11 00:00:00+07:00,8286.809133010196,8335.84292546344,8237.7744140625,8237.7744140625,4368232,0.0,0.0
2009-09-14 00:00:00+07:00,8531.98032306536,8630.048828125,8482.945607288342,8630.048828125,9944409,0.0,0.0
2009-09-15 00:00:00+07:00,9022.323528194544,9022.323528194544,8679.083306622531,8826.1865234375,7212244,0.0,0.0
2009-09-16 00:00:00+07:00,8826.186915446926,8826.186915446926,8482.945752135709,8531.98046875,9006597,0.0,0.0
2009-09-17 00:00:00+07:00,8630.048592186087,8875.220311379577,8433.910660934673,8826.1865234375,9413687,0.0,0.0
2009-09-18 00:00:00+07:00,8630.048592186087,8826.1865234375,8630.048592186087,8826.1865234375,5875759,0.0,0.0
2009-09-21 00:00:00+07:00,8924.255025816023,8973.2888137581,8826.1865234375,8826.1865234375,3046747,0.0,0.0
2009-09-22 00:00:00+07:00,8630.049649667175,8973.289913298053,8630.049649667175,8728.1181640625,4456271,0.0,0.0
2009-09-23 00:00:00+07:00,8777.152048961658,8826.186764738673,8630.048828125,8630.048828125,8046919,0.0,0.0
2009-09-24 00:00:00+07:00,8630.048975484171,8630.048975484171,8482.945752135709,8531.98046875,4090774,0.0,0.0
2009-09-25 00:00:00+07:00,8531.98046875,8581.014258869882,8482.945752135709,8531.98046875,6222090,0.0,0.0
2009-09-28 00:00:00+07:00,8531.98046875,8630.048975484171,8482.945752135709,8531.98046875,8600673,0.0,0.0
2009-09-29 00:00:00+07:00,8581.01381415169,8581.01381415169,8433.910598426974,8482.9453125,8651273,0.0,0.0
2009-09-30 00:00:00+07:00,8482.9453125,8581.01381415169,8433.910598426974,8482.9453125,8758075,0.0,0.0
2009-10-01 00:00:00+07:00,8482.946001103324,8482.946001103324,8335.8427734375,8335.8427734375,6001231,0.0,0.0
2009-10-02 00:00:00+07:00,7992.602390494447,8188.739406380553,7943.56767327571,8090.6708984375,6643204,0.0,0.0
2009-10-05 00:00:00+07:00,8139.705615656237,8237.77412359929,7992.602390494447,8090.6708984375,7490757,0.0,0.0
2009-10-06 00:00:00+07:00,8237.773579591789,8335.842081058578,8090.670364144426,8139.705078125,3286960,0.0,0.0
2009-10-07 00:00:00+07:00,8335.842096775285,8531.980026573026,8286.808309196618,8482.9453125,3259676,0.0,0.0
2009-10-08 00:00:00+07:00,8531.980026573026,8531.980026573026,8384.87681084831,8482.9453125,2388042,0.0,0.0
2009-10-09 00:00:00+07:00,8531.980026573026,8581.01381415169,8433.910598426974,8482.9453125,5440617,0.0,0.0
2009-10-12 00:00:00+07:00,8581.013671875,8679.083098395022,8531.979885109336,8581.013671875,5727266,0.0,0.0
2009-10-13 00:00:00+07:00,8581.013671875,8630.04838513501,8531.979885109336,8581.013671875,4514996,0.0,0.0
2009-10-14 00:00:00+07:00,8531.981135271852,8728.1181640625,8531.981135271852,8728.1181640625,4621994,0.0,0.0
2009-10-15 00:00:00+07:00,9120.390625,9120.390625,8826.185163205393,9120.390625,9938801,0.0,0.0
2009-10-16 00:00:00+07:00,9120.392283392706,9218.461714984109,8973.2890625,8973.2890625,5568601,0.0,0.0
2009-10-19 00:00:00+07:00,9022.324633742955,9022.324633742955,8728.1181640625,8728.1181640625,3855310,0.0,0.0
2009-10-20 00:00:00+07:00,9022.323926432991,9022.323926432991,8826.18691301861,8875.220703125,3354204,0.0,0.0
2009-10-21 00:00:00+07:00,8875.221398902728,8875.221398902728,8728.1181640625,8728.1181640625,3057781,0.0,0.0
2009-10-22 00:00:00+07:00,8728.117479817009,8924.2554197258,8679.083689710618,8875.220703125,3645291,0.0,0.0
2009-10-23 00:00:00+07:00,9022.324077880605,9022.324077880605,8777.15234375,8777.15234375,3955922,0.0,0.0
2009-10-26 00:00:00+07:00,8728.1181640625,8826.187604952307,8679.08437011208,8728.1181640625,4888805,0.0,0.0
2009-10-27 00:00:00+07:00,8728.11733318464,8728.11733318464,8531.98032306536,8630.048828125,3875339,0.0,0.0
2009-10-28 00:00:00+07:00,8728.116885160685,8728.116885160685,8531.979885109336,8581.013671875,1443648,0.0,0.0
2009-10-29 00:00:00+07:00,8384.877491490919,8531.980719156743,8237.774263825097,8335.8427734375,3172517,0.0,0.0
2009-10-30 00:00:00+07:00,8433.9111328125,8531.98056717238,8090.670892036175,8433.9111328125,2162247,0.0,0.0
2009-11-02 00:00:00+07:00,8090.670947987794,8188.739456531454,8041.63623046875,8041.63623046875,5921806,0.0,0.0
2009-11-03 00:00:00+07:00,8237.773316012419,8237.773316012419,7894.533108613942,7943.56689453125,1545906,0.0,0.0
2009-11-04 00:00:00+07:00,7943.567721925088,8139.705665506837,7894.533930900471,8041.63623046875,3131202,0.0,0.0
2009-11-05 00:00:00+07:00,8188.7391622364285,8286.80859375,8139.705372974036,8286.80859375,1336368,0.0,0.0
2009-11-06 00:00:00+07:00,8433.91119113782,8433.91119113782,8041.63623046875,8041.63623046875,1213113,0.0,0.0
2009-11-09 00:00:00+07:00,8041.635348144656,8139.704772422617,7992.6015625,7992.6015625,1976217,0.0,0.0
2009-11-10 00:00:00+07:00,8090.670752108122,8090.670752108122,7845.4990234375,7845.4990234375,2996833,0.0,0.0
2009-11-11 00:00:00+07:00,7943.567721925088,8041.63623046875,7845.499213381427,8041.63623046875,1909458,0.0,0.0
2009-11-12 00:00:00+07:00,8090.671183713863,8286.809133010196,8041.636464766166,8237.7744140625,2826476,0.0,0.0
2009-11-13 00:00:00+07:00,8090.671183713863,8237.7744140625,8090.671183713863,8237.7744140625,1374100,0.0,0.0
2009-11-16 00:00:00+07:00,8139.705665506837,8286.808891569543,8041.63623046875,8041.63623046875,3876303,0.0,0.0
2009-11-17 00:00:00+07:00,8139.705615656237,8139.705615656237,7992.602390494447,8090.6708984375,1926105,0.0,0.0
2009-11-18 00:00:00+07:00,8139.705078125,8188.738865611214,8090.670364144426,8139.705078125,2196786,0.0,0.0
2009-11-19 00:00:00+07:00,8139.70590266156,8237.7744140625,8139.70590266156,8237.7744140625,1317888,0.0,0.0
2009-11-20 00:00:00+07:00,8188.739695114803,8237.7744140625,8090.671183713863,8237.7744140625,1052135,0.0,0.0
2009-11-23 00:00:00+07:00,8237.774174050499,8237.774174050499,7894.533930900471,8041.63623046875,2329027,0.0,0.0
2009-11-24 00:00:00+07:00,7943.567529606868,8041.636035776236,7845.4990234375,7845.4990234375,2551722,0.0,0.0
2009-11-25 00:00:00+07:00,7747.430060468159,7845.498560855263,7453.2236328125,7453.2236328125,4844010,0.0,0.0
2009-11-26 00:00:00+07:00,7109.9833984375,7453.224097695818,7109.9833984375,7109.9833984375,3485669,0.0,0.0
2009-11-27 00:00:00+07:00,6766.742277114077,7453.2236328125,6766.742277114077,7453.2236328125,3690659,0.0,0.0
2009-11-30 00:00:00+07:00,7649.36111623377,7796.4638671875,7453.223651714956,7796.4638671875,2845337,0.0,0.0
2009-12-01 00:00:00+07:00,7845.498580752585,7992.60179495349,7796.4638671875,7796.4638671875,1821337,0.0,0.0
2009-12-02 00:00:00+07:00,7600.327561600066,7845.499298878205,7551.292843546663,7649.36181640625,2029224,0.0,0.0
2009-12-03 00:00:00+07:00,7453.2236328125,7698.395347027433,7453.2236328125,7453.2236328125,5106184,0.0,0.0
2009-12-04 00:00:00+07:00,7649.361096833882,7649.361096833882,7404.189382618948,7453.2236328125,2175789,0.0,0.0
2009-12-07 00:00:00+07:00,7355.154961239986,7600.3271484375,7355.154961239986,7600.3271484375,1131560,0.0,0.0
2009-12-08 00:00:00+07:00,7502.2578125,7600.326775212628,7453.223562767272,7502.2578125,983165,0.0,0.0
2009-12-09 00:00:00+07:00,7257.086498515162,7306.120750936574,7159.017993672339,7208.05224609375,3039787,0.0,0.0
2009-12-10 00:00:00+07:00,7306.120326850611,7306.120326850611,7159.017578125,7159.017578125,3827941,0.0,0.0
2009-12-11 00:00:00+07:00,6913.846472322955,7159.01868458586,6913.846472322955,7060.94970703125,2231511,0.0,0.0
2009-12-14 00:00:00+07:00,7060.948954814189,7257.08642578125,7060.948954814189,7257.08642578125,1534492,0.0,0.0
2009-12-15 00:00:00+07:00,7208.052584305665,7355.155348472167,7208.052584305665,7306.12109375,1390351,0.0,0.0
2009-12-16 00:00:00+07:00,7306.121456046913,7306.121456046913,7060.94970703125,7060.94970703125,2422867,0.0,0.0
2009-12-17 00:00:00+07:00,6766.742074459009,6962.879532606331,6766.742074459009,6864.81103515625,2315290,0.0,0.0
2009-12-18 00:00:00+07:00,6864.811415618866,7208.052102211605,6570.60498046875,6570.60498046875,5162286,0.0,0.0
2009-12-21 00:00:00+07:00,6864.81103515625,6864.81103515625,6864.81103515625,6864.81103515625,584391,0.0,0.0
2009-12-22 00:00:00+07:00,7208.05224609375,7208.05224609375,7208.05224609375,7208.05224609375,1713751,0.0,0.0
2009-12-23 00:00:00+07:00,7502.258713130808,7551.29296875,7355.155483026009,7551.29296875,3274385,0.0,0.0
2009-12-24 00:00:00+07:00,7649.361692787769,7747.4306640625,7502.258467499279,7747.4306640625,2892159,0.0,0.0
2009-12-25 00:00:00+07:00,7845.498396202303,7992.601606942888,7845.498396202303,7943.56689453125,1436395,0.0,0.0
2009-12-28 00:00:00+07:00,7943.56768011754,7992.60239737851,7747.4306640625,7747.4306640625,2764750,0.0,0.0
2009-12-29 00:00:00+07:00,7747.430917721215,7747.430917721215,7502.258713130808,7551.29296875,1731074,0.0,0.0
2009-12-30 00:00:00+07:00,7600.327561600066,7698.3960712124335,7551.292843546663,7649.36181640625,993610,0.0,0.0
2009-12-31 00:00:00+07:00,7747.4306640625,7796.46445482905,7649.361692787769,7747.4306640625,1961506,0.0,0.0
2010-01-04 00:00:00+07:00,7943.56767327571,8090.6708984375,7747.430657389604,8090.6708984375,2279397,0.0,0.0
2010-01-05 00:00:00+07:00,8384.87734876108,8384.87734876108,8090.6708984375,8090.6708984375,1935195,0.0,0.0
2010-01-06 00:00:00+07:00,8090.670105271834,8188.738603600781,7796.4636837906655,7943.56689453125,917767,0.0,0.0
2010-01-07 00:00:00+07:00,7943.567480943344,7992.602196974835,7845.498975374759,7894.53369140625,993704,0.0,0.0
2010-01-08 00:00:00+07:00,8041.636318102942,8041.636318102942,7649.36181640625,7649.36181640625,1562937,0.0,0.0
2010-01-11 00:00:00+07:00,7796.464157000002,7796.464157000002,7502.258180909055,7600.3271484375,1224628,0.0,0.0
2010-01-12 00:00:00+07:00,7551.292133199603,7649.361096833882,7453.2236328125,7453.2236328125,2188750,0.0,0.0
2010-01-13 00:00:00+07:00,7453.223788477026,7698.3955078125,7355.154822794525,7698.3955078125,1414627,0.0,0.0
2010-01-14 00:00:00+07:00,7845.49917209002,7845.49917209002,7649.361692787769,7747.4306640625,1201704,0.0,0.0
2010-01-15 00:00:00+07:00,7747.430368106569,7747.430368106569,7600.3271484375,7600.3271484375,791123,0.0,0.0
2010-01-18 00:00:00+07:00,7551.292133199603,7551.292133199603,7453.2236328125,7453.2236328125,1380286,0.0,0.0
2010-01-19 00:00:00+07:00,7649.361400578125,7698.395652718751,7502.258180909055,7600.3271484375,1215728,0.0,0.0
2010-01-20 00:00:00+07:00,7796.46445482905,7845.49917209002,7600.327438774009,7747.4306640625,3334266,0.0,0.0
2010-01-21 00:00:00+07:00,7649.36181640625,7747.430789265836,7600.327561600066,7649.36181640625,2191563,0.0,0.0
2010-01-22 00:00:00+07:00,7649.36181640625,7698.3960712124335,7502.258588740478,7649.36181640625,1280154,0.0,0.0
2010-01-25 00:00:00+07:00,7649.3612565948415,7698.3955078125,7649.3612565948415,7698.3955078125,427184,0.0,0.0
2010-01-26 00:00:00+07:00,7845.498396202303,7943.56689453125,7698.395185461719,7943.56689453125,1226955,0.0,0.0
2010-01-27 00:00:00+07:00,7943.567808490573,7943.567808490573,7649.36181640625,7649.36181640625,1214471,0.0,0.0
2010-01-28 00:00:00+07:00,7551.292843546663,7698.3960712124335,7551.292843546663,7649.36181640625,361213,0.0,0.0
2010-01-29 00:00:00+07:00,7600.327687616416,7649.361943235607,7551.29296875,7551.29296875,968654,0.0,0.0
2010-02-01 00:00:00+07:00,7502.258588740478,7747.430789265836,7502.258588740478,7649.36181640625,1189702,0.0,0.0
2010-02-02 00:00:00+07:00,7845.498396202303,7943.56689453125,7796.4636837906655,7943.56689453125,3882595,0.0,0.0
2010-02-03 00:00:00+07:00,8188.7391622364285,8286.80859375,8041.635941460465,8286.80859375,6656074,0.0,0.0
2010-02-04 00:00:00+07:00,8237.773877993213,8335.842383012392,8188.7391622364285,8286.80859375,4040091,0.0,0.0
2010-02-05 00:00:00+07:00,8188.738603600781,8237.773316012419,7894.533108613942,7943.56689453125,2445120,0.0,0.0
2010-02-08 00:00:00+07:00,7894.533361210849,8139.705078125,7894.533361210849,8139.705078125,1596213,0.0,0.0
2010-02-09 00:00:00+07:00,7992.60179495349,8139.705009154395,7796.4638671875,7796.4638671875,1963636,0.0,0.0
2010-02-10 00:00:00+07:00,7992.602439444132,8041.63623046875,7992.602439444132,8041.63623046875,665077,0.0,0.0
2010-02-11 00:00:00+07:00,8139.705953335247,8188.739746093749,8041.636514829323,8188.73974609375,1380860,0.0,0.0
2010-02-12 00:00:00+07:00,8335.84292546344,8335.84292546344,8188.739695114803,8237.7744140625,2606580,0.0,0.0
2010-02-22 00:00:00+07:00,8286.809184599673,8286.809184599673,8139.705953335247,8188.73974609375,1511752,0.0,0.0
2010-02-23 00:00:00+07:00,7992.602196974835,8041.635986511928,7845.498975374759,7894.53369140625,1250067,0.0,0.0
2010-02-24 00:00:00+07:00,7845.498975374759,7943.567480943344,7845.498975374759,7894.53369140625,1816014,0.0,0.0
2010-02-25 00:00:00+07:00,7894.53369140625,7992.602196974835,7796.464259343267,7894.53369140625,2598551,0.0,0.0
2010-02-26 00:00:00+07:00,7845.499298878205,7845.499298878205,7649.36181640625,7649.36181640625,6629277,0.0,0.0
2010-03-01 00:00:00+07:00,7894.533739769387,7894.533739769387,7845.4990234375,7845.4990234375,670879,0.0,0.0
2010-03-02 00:00:00+07:00,7845.4990234375,7845.4990234375,7796.464307105614,7845.4990234375,1879183,0.0,0.0
2010-03-03 00:00:00+07:00,7943.56689453125,7943.56689453125,7894.533108613942,7943.56689453125,2017713,0.0,0.0
2010-03-04 00:00:00+07:00,8041.636181218763,8090.6708984375,7943.56767327571,8090.6708984375,2990548,0.0,0.0
2010-03-05 00:00:00+07:00,8090.670947987794,8139.705665506837,8041.63623046875,8041.63623046875,2676911,0.0,0.0
2010-03-08 00:00:00+07:00,8041.636181218763,8139.705615656237,8041.636181218763,8090.6708984375,2817959,0.0,0.0
2010-03-09 00:00:00+07:00,8139.70590266156,8237.7744140625,8139.70590266156,8237.7744140625,4297034,0.0,0.0
2010-03-10 00:00:00+07:00,8384.877102228702,8630.048828125,8286.808597169062,8630.048828125,11541908,0.0,0.0
2010-03-11 00:00:00+07:00,8777.152884507404,8826.187604952307,8630.049649667175,8728.1181640625,2335414,0.0,0.0
2010-03-12 00:00:00+07:00,8777.152884507404,8777.152884507404,8630.049649667175,8728.1181640625,3262096,0.0,0.0
2010-03-15 00:00:00+07:00,8728.11733318464,8728.11733318464,8531.98032306536,8630.048828125,2306290,0.0,0.0
2010-03-16 00:00:00+07:00,8433.91143686438,8482.946155812077,8237.7744140625,8237.7744140625,6213675,0.0,0.0
2010-03-17 00:00:00+07:00,8384.877098769177,8433.91088803157,8237.773877993213,8286.80859375,3313367,0.0,0.0
2010-03-18 00:00:00+07:00,8286.808309196618,8482.9453125,8286.808309196618,8482.9453125,924827,0.0,0.0
2010-03-19 00:00:00+07:00,8531.98056717238,8531.98056717238,8384.87734212698,8433.9111328125,1877636,0.0,0.0
2010-03-22 00:00:00+07:00,8384.877644411137,8384.877644411137,8237.7744140625,8237.7744140625,1383476,0.0,0.0
2010-03-23 00:00:00+07:00,8237.773579591789,8335.842081058578,8090.670364144426,8139.705078125,1241462,0.0,0.0
2010-03-24 00:00:00+07:00,8286.808981878516,8384.877491490919,8237.774263825097,8335.8427734375,2343830,0.0,0.0
2010-03-25 00:00:00+07:00,8335.842977358177,8335.842977358177,8139.705953335247,8188.73974609375,2379813,0.0,0.0
2010-03-26 00:00:00+07:00,8188.738865611214,8188.738865611214,8041.635650163852,8139.705078125,1475965,0.0,0.0
2010-03-29 00:00:00+07:00,8237.773877993213,8335.842383012392,8188.7391622364285,8286.80859375,866978,0.0,0.0
2010-03-30 00:00:00+07:00,8286.809184599673,8286.809184599673,8090.671234082284,8188.73974609375,2077502,0.0,0.0
2010-03-31 00:00:00+07:00,8237.774465346713,8237.774465346713,8188.739746093749,8188.73974609375,1740261,0.0,0.0
2010-04-01 00:00:00+07:00,8237.774263825097,8335.8427734375,8237.774263825097,8335.8427734375,2774238,0.0,0.0
2010-04-02 00:00:00+07:00,8433.9111328125,8482.94584999244,8335.84262494704,8433.9111328125,2965772,0.0,0.0
2010-04-05 00:00:00+07:00,8482.94584999244,8482.94584999244,8433.9111328125,8433.9111328125,1614013,0.0,0.0
2010-04-06 00:00:00+07:00,8433.9111328125,8531.98056717238,8433.9111328125,8433.9111328125,2752465,0.0,0.0
2010-04-07 00:00:00+07:00,8433.910598426974,8482.9453125,8433.910598426974,8482.9453125,1461647,0.0,0.0
2010-04-08 00:00:00+07:00,8433.9111328125,8531.98056717238,8433.9111328125,8433.9111328125,1318756,0.0,0.0
2010-04-09 00:00:00+07:00,8433.9111328125,8482.94584999244,8433.9111328125,8433.9111328125,1046436,0.0,0.0
2010-04-12 00:00:00+07:00,8531.98046875,8531.98046875,8482.945752135709,8531.98046875,1828780,0.0,0.0
2010-04-13 00:00:00+07:00,8531.98046875,8581.014258869882,8482.945752135709,8531.98046875,2561402,0.0,0.0
2010-04-14 00:00:00+07:00,8531.979885109336,8581.013671875,8482.945171849326,8581.013671875,1305023,0.0,0.0
2010-04-15 00:00:00+07:00,8630.04838513501,8630.04838513501,8531.979885109336,8581.013671875,1980758,0.0,0.0
2010-04-16 00:00:00+07:00,8630.048975484171,8630.048975484171,8531.98046875,8531.98046875,970198,0.0,0.0
2010-04-19 00:00:00+07:00,8531.98056717238,8531.98056717238,8433.9111328125,8433.9111328125,2457696,0.0,0.0
2010-04-20 00:00:00+07:00,8286.808834261517,8433.9111328125,8286.808834261517,8433.9111328125,1193187,0.0,0.0
2010-04-21 00:00:00+07:00,8433.9111328125,8482.94584999244,8384.87734212698,8433.9111328125,1492701,0.0,0.0
2010-04-22 00:00:00+07:00,8433.910891511327,8630.048828125,8433.910891511327,8630.048828125,2581230,0.0,0.0
2010-04-26 00:00:00+07:00,8630.048295064258,8728.116794066405,8630.048295064258,8679.0830078125,2589944,0.0,0.0
2010-04-27 00:00:00+07:00,8679.0830078125,8777.151506814645,8679.0830078125,8679.0830078125,3253673,0.0,0.0
2010-04-28 00:00:00+07:00,8630.048295064258,8679.0830078125,8581.013582316018,8679.0830078125,1517176,0.0,0.0
2010-04-29 00:00:00+07:00,8728.11733318464,8728.11733318464,8630.048828125,8630.048828125,4464979,0.0,0.0
2010-05-04 00:00:00+07:00,8875.220005816793,8875.220005816793,8679.0830078125,8679.0830078125,986158,0.0,0.0
2010-05-05 00:00:00+07:00,8679.08437011208,8728.1181640625,8630.049649667175,8728.1181640625,2986960,0.0,0.0
2010-05-06 00:00:00+07:00,8630.04838513501,8728.116885160685,8581.013671875,8581.013671875,2898254,0.0,0.0
2010-05-07 00:00:00+07:00,8482.9453125,8531.980026573026,8384.87681084831,8482.9453125,2039677,0.0,0.0
2010-05-10 00:00:00+07:00,8482.94545644074,8482.94545644074,8237.7737349042,8384.876953125,3249034,0.0,0.0
2010-05-11 00:00:00+07:00,8695.405729245384,8760.784726656959,8368.5107421875,8368.5107421875,1131718,0.0,0.0
2010-05-12 00:00:00+07:00,8368.511522235865,8433.89052574157,8172.37451171875,8172.37451171875,679182,0.0,0.0
2010-05-13 00:00:00+07:00,8368.511818318853,8368.511818318853,8106.995795043439,8303.1328125,665540,0.0,0.0
2010-05-14 00:00:00+07:00,8303.1328125,8433.890824137708,8303.1328125,8303.1328125,316180,0.0,0.0
2010-05-17 00:00:00+07:00,8303.132822454945,8303.132822454945,7976.23779296875,7976.23779296875,987109,0.0,0.0
2010-05-18 00:00:00+07:00,7910.85878707151,8041.616798865989,7845.479781174271,7976.23779296875,2044546,0.0,0.0
2010-05-19 00:00:00+07:00,7714.721097453304,7845.479097859196,7714.721097453304,7780.10009765625,2045566,0.0,0.0
2010-05-20 00:00:00+07:00,7583.964124101941,8041.6171875,7583.964124101941,8041.6171875,646097,0.0,0.0
2010-05-21 00:00:00+07:00,7780.100192405407,7976.23719540288,7714.72119140625,7714.72119140625,1978446,0.0,0.0
2010-05-24 00:00:00+07:00,7910.859169386269,8041.6171875,7845.480160329404,8041.6171875,1099359,0.0,0.0
2010-05-25 00:00:00+07:00,8237.753612174549,8433.890625,8172.374607899398,8433.890625,1794444,0.0,0.0
2010-05-26 00:00:00+07:00,8630.027637825451,8630.027637825451,8368.51162072485,8433.890625,1820487,0.0,0.0
2010-05-27 00:00:00+07:00,8433.890431942833,8564.6484375,8368.51142916425,8564.6484375,5446704,0.0,0.0
2010-05-28 00:00:00+07:00,8760.784356485708,8760.784356485708,8564.647372538397,8630.0263671875,3447056,0.0,0.0
2010-05-31 00:00:00+07:00,8630.026546705682,8630.026546705682,8499.2685546875,8499.2685546875,1427599,0.0,0.0
2010-06-01 00:00:00+07:00,8499.268377889292,8630.0263671875,8433.889383240188,8630.0263671875,1513434,0.0,0.0
2010-06-02 00:00:00+07:00,8564.647372538397,8695.405361836605,8564.647372538397,8630.0263671875,2121235,0.0,0.0
2010-06-03 00:00:00+07:00,8630.027248672974,8760.785251327025,8630.027248672974,8695.40625,2449338,0.0,0.0
2010-06-04 00:00:00+07:00,8760.78515625,8826.164156867495,8760.78515625,8760.78515625,1461707,0.0,0.0
2010-06-07 00:00:00+07:00,8630.027637825451,8630.027637825451,8433.890625,8433.890625,1756062,0.0,0.0
2010-06-08 00:00:00+07:00,8433.88955867841,8499.2685546875,8433.88955867841,8499.2685546875,1464384,0.0,0.0
2010-06-09 00:00:00+07:00,8630.0263671875,8695.405361836605,8564.647372538397,8630.0263671875,1024979,0.0,0.0
2010-06-10 00:00:00+07:00,8630.027248672974,8760.785251327025,8630.027248672974,8695.40625,1211602,0.0,0.0
2010-06-11 00:00:00+07:00,8826.164156867495,8826.164156867495,8695.406155632505,8760.78515625,994513,0.0,0.0
2010-06-14 00:00:00+07:00,8891.543845883252,8956.9228515625,8891.543845883252,8956.9228515625,1617481,0.0,0.0
2010-06-15 00:00:00+07:00,8760.785251327025,8826.16425265405,8695.40625,8695.40625,971803,0.0,0.0
2010-06-16 00:00:00+07:00,8826.1640625,8826.1640625,8695.406062663047,8826.1640625,674179,0.0,0.0
2010-06-17 00:00:00+07:00,8891.543845883252,8956.9228515625,8826.164840204005,8956.9228515625,2061748,0.0,0.0
2010-06-18 00:00:00+07:00,9022.30106225543,9022.30106225543,8826.1640625,8826.1640625,1398062,0.0,0.0
2010-06-21 00:00:00+07:00,9022.3017578125,9022.3017578125,8891.543747895008,9022.3017578125,1379787,0.0,0.0
2010-06-22 00:00:00+07:00,9022.301563215258,9153.0595703125,8956.922559666638,9153.0595703125,1978370,0.0,0.0
2010-06-23 00:00:00+07:00,9022.30106225543,9087.680062173908,8826.1640625,8826.1640625,622883,0.0,0.0
2010-06-24 00:00:00+07:00,8826.164647068057,9218.43867255972,8826.164647068057,9087.6806640625,2292254,0.0,0.0
2010-06-25 00:00:00+07:00,8956.9228515625,9087.680862920995,8891.543845883252,8956.9228515625,825533,0.0,0.0
2010-06-28 00:00:00+07:00,8891.5439453125,8956.922951722845,8891.5439453125,8891.5439453125,386056,0.0,0.0
2010-06-29 00:00:00+07:00,9022.30165981389,9153.05966831111,8956.922655565279,9087.6806640625,3496758,0.0,0.0
2010-06-30 00:00:00+07:00,9087.680762771246,9087.680762771246,8826.164742936264,9022.3017578125,757978,0.0,0.0
2010-07-01 00:00:00+07:00,8891.543556118017,9153.0595703125,8891.543556118017,9153.0595703125,2005508,0.0,0.0
2010-07-02 00:00:00+07:00,9022.30195813319,9022.30195813319,8826.164938902155,8891.5439453125,967954,0.0,0.0
2010-07-05 00:00:00+07:00,9022.301857241748,9022.301857241748,8891.543845883252,8956.9228515625,120205,0.0,0.0
2010-07-06 00:00:00+07:00,9022.30195813319,9022.30195813319,8826.164938902155,8891.5439453125,1861405,0.0,0.0
2010-07-07 00:00:00+07:00,9022.30106225543,9022.30106225543,8826.1640625,8826.1640625,856875,0.0,0.0
2010-07-08 00:00:00+07:00,8956.922655565279,9153.05966831111,8956.922655565279,9087.6806640625,1236630,0.0,0.0
2010-07-09 00:00:00+07:00,9087.680762771246,9087.680762771246,8956.922752853754,9022.3017578125,312920,0.0,0.0
2010-07-12 00:00:00+07:00,8826.164840204005,8956.9228515625,8826.164840204005,8956.9228515625,512526,0.0,0.0
2010-07-13 00:00:00+07:00,9153.05966831111,9153.05966831111,9022.30165981389,9087.6806640625,3488988,0.0,0.0
2010-07-14 00:00:00+07:00,9087.680862920995,9087.680862920995,8956.9228515625,8956.9228515625,573109,0.0,0.0
2010-07-15 00:00:00+07:00,8891.543651316668,9087.6806640625,8891.543651316668,9087.6806640625,1130266,0.0,0.0
2010-07-16 00:00:00+07:00,9087.6806640625,9087.6806640625,9022.30165981389,9087.6806640625,412319,0.0,0.0
2010-07-19 00:00:00+07:00,9087.680566763878,9153.0595703125,9022.301563215258,9153.0595703125,845266,0.0,0.0
2010-07-20 00:00:00+07:00,9153.0595703125,9153.0595703125,9022.301563215258,9153.0595703125,908890,0.0,0.0
2010-07-21 00:00:00+07:00,9087.6806640625,9087.6806640625,9022.30165981389,9087.6806640625,957505,0.0,0.0
2010-07-22 00:00:00+07:00,9153.0595703125,9218.43857386112,9087.680566763878,9153.0595703125,2887725,0.0,0.0
2010-07-23 00:00:00+07:00,9218.4384765625,9218.4384765625,9153.05947370394,9218.4384765625,1307954,0.0,0.0
2010-07-26 00:00:00+07:00,9218.43867255972,9218.43867255972,9087.6806640625,9087.6806640625,575718,0.0,0.0
2010-07-27 00:00:00+07:00,9283.81805733977,9479.955078125,9218.43905041136,9479.955078125,6848711,0.0,0.0
2010-07-28 00:00:00+07:00,9283.818359375,9479.955386541256,9218.43935031958,9283.818359375,1194762,0.0,0.0
2010-07-29 00:00:00+07:00,9283.817673545564,9741.470703125,9283.817673545564,9741.470703125,3662626,0.0,0.0
2010-07-30 00:00:00+07:00,9937.608146747836,10199.12324849661,9806.850132626229,10068.365234375,5244127,0.0,0.0
2010-08-02 00:00:00+07:00,9872.22928859362,10068.36538623998,9872.22928859362,10002.9873046875,1440157,0.0,0.0
2010-08-03 00:00:00+07:00,10199.123046875,10460.639069948433,10133.744041106642,10199.123046875,3129407,0.0,0.0
2010-08-04 00:00:00+07:00,10068.363601950128,10199.12159487141,9806.84854260186,9872.2275390625,2006308,0.0,0.0
2010-08-05 00:00:00+07:00,10199.122850357737,10329.880859375,10068.364841340474,10329.880859375,2200251,0.0,0.0
2010-08-06 00:00:00+07:00,10199.12324849661,10199.12324849661,9937.608146747836,10068.365234375,2010230,0.0,0.0
2010-08-09 00:00:00+07:00,9937.606626936593,9937.606626936593,9741.469635750454,9806.8486328125,1741917,0.0,0.0
2010-08-10 00:00:00+07:00,9741.469818601736,9741.469818601736,9545.33282373403,9676.0908203125,2243497,0.0,0.0
2010-08-11 00:00:00+07:00,9806.848816890972,9806.848816890972,9676.0908203125,9676.0908203125,239420,0.0,0.0
2010-08-12 00:00:00+07:00,9610.713404652091,9610.713404652091,9283.818359375,9283.818359375,1511398,0.0,0.0
2010-08-13 00:00:00+07:00,9153.060341264165,9349.19736843042,9087.681332208744,9283.818359375,1256366,0.0,0.0
2010-08-16 00:00:00+07:00,9283.817862831822,9610.712890625,9218.438857273186,9610.712890625,946990,0.0,0.0
2010-08-17 00:00:00+07:00,9741.469635750454,9806.8486328125,9545.332644564318,9806.8486328125,1059664,0.0,0.0
2010-08-18 00:00:00+07:00,9676.09209891023,9676.09209891023,9479.955078125,9479.955078125,448451,0.0,0.0
2010-08-19 00:00:00+07:00,9349.19619446662,9479.954196158382,9349.19619446662,9414.5751953125,726999,0.0,0.0
2010-08-20 00:00:00+07:00,9414.574650440229,9806.8486328125,9218.437659254092,9806.8486328125,1034927,0.0,0.0
2010-08-23 00:00:00+07:00,9676.091006912597,9676.091006912597,9545.3330078125,9545.3330078125,774307,0.0,0.0
2010-08-24 00:00:00+07:00,9414.575584506982,9414.575584506982,9153.0595703125,9153.0595703125,1770572,0.0,0.0
2010-08-25 00:00:00+07:00,9218.43867255972,9218.43867255972,8826.164647068057,9087.6806640625,1892833,0.0,0.0
2010-08-26 00:00:00+07:00,8956.922559666638,9283.817577409742,8956.922559666638,9153.0595703125,1527152,0.0,0.0
2010-08-27 00:00:00+07:00,9022.301563215258,9218.43857386112,9022.301563215258,9153.0595703125,669457,0.0,0.0
2010-08-30 00:00:00+07:00,9414.5751953125,9610.712197850144,9349.19619446662,9414.5751953125,1396256,0.0,0.0
2010-08-31 00:00:00+07:00,9414.574650440229,9806.8486328125,9414.574650440229,9806.8486328125,4285658,0.0,0.0
2010-09-01 00:00:00+07:00,9676.091698899369,9741.470703125,9349.1966777712,9741.470703125,2545902,0.0,0.0
2010-09-06 00:00:00+07:00,9872.227815180206,10133.742881842823,9676.0908203125,9676.0908203125,3424495,0.0,0.0
2010-09-07 00:00:00+07:00,9676.091006912597,9676.091006912597,9545.3330078125,9545.3330078125,2076105,0.0,0.0
2010-09-08 00:00:00+07:00,9414.57607119659,9545.33408505341,9414.57607119659,9479.955078125,1266812,0.0,0.0
2010-09-09 00:00:00+07:00,9610.712890625,9610.712890625,9545.333885066364,9610.712890625,780983,0.0,0.0
2010-09-10 00:00:00+07:00,9610.71309198182,9676.09209891023,9479.955078125,9479.955078125,1059596,0.0,0.0
2010-09-13 00:00:00+07:00,9741.47000646264,9741.47000646264,9414.575008712409,9545.3330078125,645228,0.0,0.0
2010-09-14 00:00:00+07:00,9545.3330078125,9610.712007362548,9414.575008712409,9545.3330078125,323220,0.0,0.0
2010-09-15 00:00:00+07:00,9610.712007362548,9610.712007362548,9414.575008712409,9545.3330078125,740997,0.0,0.0
2010-09-16 00:00:00+07:00,9545.333197004262,9610.712197850144,9414.5751953125,9414.5751953125,779672,0.0,0.0
2010-09-17 00:00:00+07:00,9414.575873949094,9610.712890625,9414.575873949094,9610.712890625,1219726,0.0,0.0
2010-09-20 00:00:00+07:00,9479.954008262452,9610.712007362548,9414.575008712409,9545.3330078125,508097,0.0,0.0
2010-09-21 00:00:00+07:00,9610.712197850144,9610.712197850144,9414.5751953125,9414.5751953125,1383990,0.0,0.0
2010-09-22 00:00:00+07:00,9283.817287555108,9414.57529056989,9283.817287555108,9349.1962890625,1603333,0.0,0.0
2010-09-23 00:00:00+07:00,9283.817287555108,9414.57529056989,9218.438286047718,9349.1962890625,1985336,0.0,0.0
2010-09-24 00:00:00+07:00,9218.4384765625,9349.19648227962,9153.05947370394,9218.4384765625,1540134,0.0,0.0
2010-09-27 00:00:00+07:00,9283.817577409742,9283.817577409742,9153.0595703125,9153.0595703125,971660,0.0,0.0
2010-09-28 00:00:00+07:00,9218.43935031958,9283.818359375,9153.060341264165,9283.818359375,1404017,0.0,0.0
2010-09-29 00:00:00+07:00,9283.81747942106,9283.81747942106,9153.05947370394,9218.4384765625,1623938,0.0,0.0
2010-09-30 00:00:00+07:00,9283.818359375,9349.19736843042,9283.818359375,9283.818359375,1970753,0.0,0.0
2010-10-01 00:00:00+07:00,9414.576377485835,9414.576377485835,9218.43935031958,9283.818359375,1356641,0.0,0.0
2010-10-04 00:00:00+07:00,9283.818359375,9283.818359375,9153.060341264165,9283.818359375,1681397,0.0,0.0
2010-10-05 00:00:00+07:00,9153.059191928976,9414.5751953125,9153.059191928976,9414.5751953125,2232027,0.0,0.0
2010-10-06 00:00:00+07:00,9414.57607119659,9479.955078125,9349.19706426818,9479.955078125,1769702,0.0,0.0
2010-10-07 00:00:00+07:00,9283.817862831822,9676.091896183636,9283.817862831822,9610.712890625,3263491,0.0,0.0
2010-10-08 00:00:00+07:00,9610.712007362548,9610.712007362548,9545.3330078125,9545.3330078125,1518950,0.0,0.0
2010-10-11 00:00:00+07:00,9349.19619446662,9479.954196158382,9349.19619446662,9414.5751953125,875733,0.0,0.0
2010-10-12 00:00:00+07:00,9349.1962890625,9414.57529056989,9283.817287555108,9349.1962890625,709878,0.0,0.0
2010-10-13 00:00:00+07:00,9349.19706426818,9479.955078125,9283.81805733977,9479.955078125,2172239,0.0,0.0
2010-10-14 00:00:00+07:00,9479.954008262452,9545.3330078125,9414.575008712409,9545.3330078125,1392265,0.0,0.0
2010-10-15 00:00:00+07:00,9414.57529056989,9479.95429207728,9283.817287555108,9349.1962890625,2507532,0.0,0.0
2010-10-18 00:00:00+07:00,9414.57529056989,9414.57529056989,9349.1962890625,9349.1962890625,988056,0.0,0.0
2010-10-19 00:00:00+07:00,9414.57529056989,9414.57529056989,9349.1962890625,9349.1962890625,1866350,0.0,0.0
2010-10-20 00:00:00+07:00,9349.19648227962,9349.19648227962,9153.05947370394,9218.4384765625,1279214,0.0,0.0
2010-10-21 00:00:00+07:00,9153.05966831111,9218.43867255972,9087.6806640625,9087.6806640625,1532226,0.0,0.0
2010-10-22 00:00:00+07:00,9087.6806640625,9087.6806640625,9022.30165981389,9087.6806640625,1128670,0.0,0.0
2010-10-25 00:00:00+07:00,9087.6806640625,9153.05966831111,8956.922655565279,9087.6806640625,2119932,0.0,0.0
2010-10-26 00:00:00+07:00,9087.680283032936,9414.57529056989,9087.680283032936,9349.1962890625,2615926,0.0,0.0
2010-10-27 00:00:00+07:00,9414.57607119659,9610.71309198182,9414.57607119659,9479.955078125,4090190,0.0,0.0
2010-10-28 00:00:00+07:00,9414.575873949094,9610.712890625,9414.575873949094,9610.712890625,3536005,0.0,0.0
2010-10-29 00:00:00+07:00,9676.092264452796,10068.36538623998,9676.092264452796,10002.9873046875,5567509,0.0,0.0
2010-11-01 00:00:00+07:00,10002.986720027537,10002.986720027537,9676.091698899369,9741.470703125,1828984,0.0,0.0
2010-11-02 00:00:00+07:00,9676.091006912597,9741.47000646264,9545.3330078125,9545.3330078125,916876,0.0,0.0
2010-11-03 00:00:00+07:00,9676.091006912597,9676.091006912597,9414.575008712409,9545.3330078125,897863,0.0,0.0
2010-11-04 00:00:00+07:00,9479.954879507728,9610.712890625,9479.954879507728,9610.712890625,349850,0.0,0.0
2010-11-05 00:00:00+07:00,9676.091412707385,9937.607421875,9545.333408123575,9937.607421875,3770296,0.0,0.0
2010-11-08 00:00:00+07:00,9937.608126623869,9937.608126623869,9479.955078125,9479.955078125,1801188,0.0,0.0
2010-11-09 00:00:00+07:00,9676.091006912597,9676.091006912597,9479.954008262452,9545.3330078125,2328093,0.0,0.0
2010-11-10 00:00:00+07:00,9610.711822023266,9676.0908203125,9545.33282373403,9676.0908203125,1823826,0.0,0.0
2010-11-11 00:00:00+07:00,9479.955078125,9676.09209891023,9479.955078125,9479.955078125,527829,0.0,0.0
2010-11-12 00:00:00+07:00,9414.5751953125,9414.5751953125,9218.438192774858,9414.5751953125,1912785,0.0,0.0
2010-11-15 00:00:00+07:00,9283.817577409742,9414.575584506982,9087.680566763878,9153.0595703125,1442111,0.0,0.0
2010-11-16 00:00:00+07:00,9153.05966831111,9153.05966831111,9022.30165981389,9087.6806640625,1993253,0.0,0.0
2010-11-17 00:00:00+07:00,9153.059868600243,9218.43887427949,8956.9228515625,8956.9228515625,2402030,0.0,0.0
2010-11-18 00:00:00+07:00,9153.059767729992,9153.059767729992,8956.922752853754,9022.3017578125,1284520,0.0,0.0
2010-11-19 00:00:00+07:00,9218.438977364223,9218.438977364223,8891.5439453125,8891.5439453125,2052816,0.0,0.0
2010-11-22 00:00:00+07:00,8695.406733018772,9022.3017578125,8695.406733018772,9022.3017578125,1115104,0.0,0.0
2010-11-23 00:00:00+07:00,9022.301563215258,9218.43857386112,9022.301563215258,9153.0595703125,1202823,0.0,0.0
2010-11-24 00:00:00+07:00,9153.060341264165,9283.818359375,9022.302323153324,9283.818359375,689916,0.0,0.0
2010-11-25 00:00:00+07:00,9218.43857386112,9283.817577409742,9153.0595703125,9153.0595703125,550466,0.0,0.0
2010-11-26 00:00:00+07:00,9218.43887427949,9218.43887427949,8956.9228515625,8956.9228515625,893516,0.0,0.0
2010-11-29 00:00:00+07:00,9022.301467986825,9218.4384765625,9022.301467986825,9218.4384765625,1181630,0.0,0.0
2010-11-30 00:00:00+07:00,9610.712595152843,9610.712595152843,9153.0595703125,9153.0595703125,1765716,0.0,0.0
2010-12-01 00:00:00+07:00,9218.43887427949,9218.43887427949,8956.9228515625,8956.9228515625,5019276,0.0,0.0
2010-12-02 00:00:00+07:00,9087.680762771246,9153.059767729992,8956.922752853754,9022.3017578125,1290912,0.0,0.0
2010-12-03 00:00:00+07:00,9218.438772688738,9218.438772688738,9022.3017578125,9022.3017578125,1664568,0.0,0.0
2010-12-06 00:00:00+07:00,9022.301857241748,9022.301857241748,8826.164840204005,8956.9228515625,4483811,0.0,0.0
2010-12-07 00:00:00+07:00,8891.543062418477,8956.922062336953,8826.1640625,8826.1640625,2476907,0.0,0.0
2010-12-08 00:00:00+07:00,8891.54315748499,8891.54315748499,8760.78515625,8760.78515625,1051537,0.0,0.0
2010-12-09 00:00:00+07:00,8826.164938902155,8956.922951722845,8760.78593249181,8891.5439453125,1168577,0.0,0.0
2010-12-10 00:00:00+07:00,8956.9228515625,8956.9228515625,8826.164840204005,8956.9228515625,3044589,0.0,0.0
2010-12-13 00:00:00+07:00,8956.922655565279,9153.05966831111,8956.922655565279,9087.6806640625,2779833,0.0,0.0
2010-12-14 00:00:00+07:00,9087.680762771246,9087.680762771246,8891.543747895008,9022.3017578125,2783020,0.0,0.0
2010-12-15 00:00:00+07:00,8956.922062336953,9022.30106225543,8826.1640625,8826.1640625,3117868,0.0,0.0
2010-12-16 00:00:00+07:00,8695.406443057165,8826.164448614332,8564.6484375,8564.6484375,3289249,0.0,0.0
2010-12-17 00:00:00+07:00,8630.0263671875,8695.405361836605,8564.647372538397,8630.0263671875,3025361,0.0,0.0
2010-12-20 00:00:00+07:00,8630.0263671875,8760.784356485708,8433.889383240188,8630.0263671875,2989589,0.0,0.0
2010-12-21 00:00:00+07:00,8499.2685546875,8630.026546705682,8433.88955867841,8499.2685546875,3534633,0.0,0.0
2010-12-22 00:00:00+07:00,8499.26962927515,8564.648633550301,8433.890625,8433.890625,1821584,0.0,0.0
2010-12-23 00:00:00+07:00,8368.510562669318,8499.2685546875,8368.510562669318,8499.2685546875,2523487,0.0,0.0
2010-12-24 00:00:00+07:00,8499.26962927515,8564.648633550301,8368.51162072485,8433.890625,1683064,0.0,0.0
2010-12-27 00:00:00+07:00,8499.26962927515,8499.26962927515,8368.51162072485,8433.890625,1858300,0.0,0.0
2010-12-28 00:00:00+07:00,8499.2685546875,8499.2685546875,8368.510562669318,8499.2685546875,2069652,0.0,0.0
2010-12-29 00:00:00+07:00,8499.26962927515,8499.26962927515,8303.132616449699,8433.890625,2372137,0.0,0.0
2010-12-30 00:00:00+07:00,8303.1328125,8433.890824137708,8303.1328125,8303.1328125,3895964,0.0,0.0
2010-12-31 00:00:00+07:00,8303.132616449699,8433.890625,8303.132616449699,8433.890625,2112022,0.0,0.0
2011-01-04 00:00:00+07:00,8499.269829956562,8499.269829956562,8303.1328125,8303.1328125,1838121,0.0,0.0
2011-01-05 00:00:00+07:00,8368.511522235865,8368.511522235865,8106.995508213045,8172.37451171875,2316919,0.0,0.0
2011-01-06 00:00:00+07:00,8106.995508213045,8237.753515224455,8106.995508213045,8172.37451171875,969120,0.0,0.0
2011-01-07 00:00:00+07:00,8106.99462890625,8172.373625320771,8106.99462890625,8106.99462890625,3498858,0.0,0.0
2011-01-10 00:00:00+07:00,8106.995508213045,8303.13251873016,8106.995508213045,8172.37451171875,2827858,0.0,0.0
2011-01-11 00:00:00+07:00,8172.37451171875,8237.753515224455,8041.61650470734,8172.37451171875,1801337,0.0,0.0
2011-01-12 00:00:00+07:00,8237.753816557706,8237.753816557706,7976.23779296875,7976.23779296875,2650605,0.0,0.0
2011-01-13 00:00:00+07:00,7910.859375,8041.617396512305,7910.859375,7910.859375,1502693,0.0,0.0
2011-01-14 00:00:00+07:00,8172.374800862292,8303.1328125,8172.374800862292,8303.1328125,1342560,0.0,0.0
2011-01-17 00:00:00+07:00,8695.405542714772,8695.405542714772,8499.2685546875,8499.2685546875,4284208,0.0,0.0
2011-01-18 00:00:00+07:00,8499.2685546875,8630.026546705682,8433.88955867841,8499.2685546875,2514706,0.0,0.0
2011-01-19 00:00:00+07:00,8630.027637825451,8630.027637825451,8433.890625,8433.890625,1775361,0.0,0.0
2011-01-20 00:00:00+07:00,8368.511818318853,8433.890824137708,8303.1328125,8303.1328125,1021286,0.0,0.0
2011-01-21 00:00:00+07:00,8499.268737010652,8499.268737010652,8368.5107421875,8368.5107421875,2070667,0.0,0.0
2011-01-24 00:00:00+07:00,8368.511919468167,8368.511919468167,8237.75390625,8237.75390625,2687967,0.0,0.0
2011-01-25 00:00:00+07:00,8172.37451171875,8303.13251873016,8172.37451171875,8172.37451171875,3176209,0.0,0.0
2011-01-26 00:00:00+07:00,8106.99462890625,8172.373625320771,8041.61563249173,8106.99462890625,2524946,0.0,0.0
2011-01-27 00:00:00+07:00,8041.6155826238655,8499.2685546875,8041.6155826238655,8499.2685546875,2806678,0.0,0.0
2011-01-28 00:00:00+07:00,8564.648939295414,8564.648939295414,8237.75390625,8237.75390625,2960785,0.0,0.0
2011-02-08 00:00:00+07:00,8303.1328125,8630.027841594268,8303.1328125,8303.1328125,3483849,0.0,0.0
2011-02-09 00:00:00+07:00,8499.269932686331,8499.269932686331,8237.75390625,8237.75390625,1531645,0.0,0.0
2011-02-10 00:00:00+07:00,8237.753515224455,8303.13251873016,8172.37451171875,8172.37451171875,2852898,0.0,0.0
2011-02-11 00:00:00+07:00,8172.373625320771,8172.373625320771,8041.61563249173,8106.99462890625,4186110,0.0,0.0
2011-02-14 00:00:00+07:00,8237.754214670598,8237.754214670598,7976.2381784431345,8041.6171875,2109992,0.0,0.0
2011-02-15 00:00:00+07:00,7976.2381784431345,8041.6171875,7976.2381784431345,8041.6171875,1933753,0.0,0.0
2011-02-16 00:00:00+07:00,8041.616798865989,8106.995804763228,7976.23779296875,7976.23779296875,1299972,0.0,0.0
2011-02-17 00:00:00+07:00,7976.23779296875,7976.23779296875,7845.479781174271,7976.23779296875,1327108,0.0,0.0
2011-02-18 00:00:00+07:00,7845.479389437306,7976.237394702834,7583.96337890625,7583.96337890625,4896509,0.0,0.0
2011-02-21 00:00:00+07:00,7453.2053671012,7453.2053671012,7257.068359375,7257.068359375,2533719,0.0,0.0
2011-02-22 00:00:00+07:00,6995.552151613768,7257.068154533697,6930.173150883786,7060.93115234375,4748792,0.0,0.0
2011-02-23 00:00:00+07:00,6995.552734375,7257.068759080399,6995.552734375,6995.552734375,2756757,0.0,0.0
2011-02-24 00:00:00+07:00,6799.415334818503,6930.17333984375,6668.657329793255,6930.17333984375,4290676,0.0,0.0
2011-02-25 00:00:00+07:00,6930.173346498001,7257.068359375,6864.794343922601,7257.068359375,2654964,0.0,0.0
2011-02-28 00:00:00+07:00,7191.689153803715,7387.826155993663,7060.93115234375,7060.93115234375,3385087,0.0,0.0
2011-03-01 00:00:00+07:00,7060.931542532162,7126.310546875,6995.552538189323,7126.310546875,1623797,0.0,0.0
2011-03-02 00:00:00+07:00,7126.310153073733,7126.310153073733,6799.41514942382,7060.93115234375,3107492,0.0,0.0
2011-03-03 00:00:00+07:00,6864.794150153803,7126.310153073733,6864.794150153803,7060.93115234375,1767088,0.0,0.0
2011-03-04 00:00:00+07:00,7191.689153803715,7191.689153803715,7060.93115234375,7060.93115234375,1889637,0.0,0.0
2011-03-07 00:00:00+07:00,7060.93115234375,7126.310153073733,7060.93115234375,7060.93115234375,963240,0.0,0.0
2011-03-08 00:00:00+07:00,7060.930966819421,7191.68896484375,7060.930966819421,7191.68896484375,1693808,0.0,0.0
2011-03-09 00:00:00+07:00,7191.689153803715,7191.689153803715,6864.794150153803,7060.93115234375,1277407,0.0,0.0
2011-03-10 00:00:00+07:00,6995.552538189323,7126.310546875,6995.552538189323,7126.310546875,2187772,0.0,0.0
2011-03-11 00:00:00+07:00,7191.689153803715,7191.689153803715,7060.93115234375,7060.93115234375,2096643,0.0,0.0
2011-03-14 00:00:00+07:00,6930.17333984375,7060.931344868998,6930.17333984375,6930.17333984375,1300118,0.0,0.0
2011-03-15 00:00:00+07:00,6864.794921875,6930.173929954709,6864.794921875,6864.794921875,1379860,0.0,0.0
2011-03-16 00:00:00+07:00,6930.173929954709,6930.173929954709,6799.415913795291,6864.794921875,1786176,0.0,0.0
2011-03-17 00:00:00+07:00,6864.794531707578,6930.173536071407,6799.41552734375,6799.41552734375,861587,0.0,0.0
2011-03-18 00:00:00+07:00,6799.415334818503,6930.17333984375,6734.036332305879,6930.17333984375,2990101,0.0,0.0
2011-03-21 00:00:00+07:00,6995.552342356375,6995.552342356375,6930.17333984375,6930.17333984375,1662822,0.0,0.0
2011-03-22 00:00:00+07:00,6930.17333984375,6995.552342356375,6864.794337331126,6930.17333984375,1557111,0.0,0.0
2011-03-23 00:00:00+07:00,6930.17372819865,6995.552734375,6930.17372819865,6995.552734375,736792,0.0,0.0
2011-03-24 00:00:00+07:00,6930.17333984375,6995.552342356375,6864.794337331126,6930.17333984375,382719,0.0,0.0
2011-03-25 00:00:00+07:00,6864.794921875,6864.794921875,6799.415913795291,6864.794921875,719082,0.0,0.0
2011-03-28 00:00:00+07:00,6930.173536071407,6930.173536071407,6734.036522979921,6799.41552734375,490098,0.0,0.0
2011-03-29 00:00:00+07:00,6799.416119431986,6799.416119431986,6734.037109375,6734.037109375,256035,0.0,0.0
2011-03-30 00:00:00+07:00,6668.65673828125,6734.035734994735,6603.277741567764,6668.65673828125,1426877,0.0,0.0
2011-03-31 00:00:00+07:00,6668.65673828125,6734.035734994735,6603.277741567764,6668.65673828125,421023,0.0,0.0
2011-04-01 00:00:00+07:00,6668.657850203416,6668.657850203416,6498.672523054681,6524.82421875,890755,0.0,0.0
2011-04-04 00:00:00+07:00,6799.41552734375,6799.41552734375,6799.41552734375,6799.41552734375,956419,0.0,0.0
2011-04-05 00:00:00+07:00,7126.310546875,7126.310546875,7126.310546875,7126.310546875,890394,0.0,0.0
2011-04-06 00:00:00+07:00,7453.20556640625,7453.20556640625,7453.20556640625,7453.20556640625,2353783,0.0,0.0
2011-04-07 00:00:00+07:00,7780.100486539751,7780.100486539751,7453.205469185375,7518.58447265625,8665011,0.0,0.0
2011-04-08 00:00:00+07:00,7453.205469185375,7518.58447265625,7387.8264657145,7518.58447265625,1563056,0.0,0.0
2011-04-13 00:00:00+07:00,7518.583959904572,7518.583959904572,7191.68896484375,7191.68896484375,1336184,0.0,0.0
2011-04-14 00:00:00+07:00,6995.552342356375,7191.689349894246,6930.17333984375,6930.17333984375,1041744,0.0,0.0
2011-04-15 00:00:00+07:00,6930.17333984375,6995.552342356375,6864.794337331126,6930.17333984375,1951166,0.0,0.0
2011-04-18 00:00:00+07:00,6930.174139545956,6930.174139545956,6734.037109375,6734.037109375,863472,0.0,0.0
2011-04-19 00:00:00+07:00,6603.277741567764,6799.414731708222,6603.277741567764,6668.65673828125,882774,0.0,0.0
2011-04-20 00:00:00+07:00,6734.036325199765,6734.036325199765,6603.2783203125,6603.2783203125,2093231,0.0,0.0
2011-04-21 00:00:00+07:00,6603.2783203125,6668.657322756132,6537.899317868867,6603.2783203125,913757,0.0,0.0
2011-04-22 00:00:00+07:00,6734.036857818101,6734.036857818101,6524.82421875,6524.82421875,788739,0.0,0.0
2011-04-25 00:00:00+07:00,6537.899509888436,6799.41552734375,6537.899509888436,6799.41552734375,757764,0.0,0.0
2011-04-26 00:00:00+07:00,6799.414731708222,6864.793728421707,6668.65673828125,6668.65673828125,1033690,0.0,0.0
2011-04-27 00:00:00+07:00,6799.414731708222,6799.414731708222,6524.8231308104405,6668.65673828125,2054340,0.0,0.0
2011-04-28 00:00:00+07:00,6668.657322756132,6668.657322756132,6537.899317868867,6603.2783203125,771328,0.0,0.0
2011-04-29 00:00:00+07:00,6603.277741567764,6799.414731708222,6603.277741567764,6668.65673828125,1443130,0.0,0.0
2011-05-04 00:00:00+07:00,6603.279089261029,6799.416119431986,6603.279089261029,6734.037109375,841710,0.0,0.0
2011-05-05 00:00:00+07:00,6734.037109375,6734.037109375,6668.658099318015,6734.037109375,719525,0.0,0.0
2011-05-06 00:00:00+07:00,6734.036522979921,6930.173536071407,6734.036522979921,6799.41552734375,1257890,0.0,0.0
2011-05-09 00:00:00+07:00,6930.17333984375,6930.17333984375,6799.415334818503,6930.17333984375,1232424,0.0,0.0
2011-05-10 00:00:00+07:00,6930.17333984375,6995.552342356375,6930.17333984375,6930.17333984375,1337633,0.0,0.0
2011-05-11 00:00:00+07:00,6799.415913795291,6930.173929954709,6799.415913795291,6864.794921875,2153815,0.0,0.0
2011-05-12 00:00:00+07:00,6734.036905715582,6864.794921875,6734.036905715582,6864.794921875,738391,0.0,0.0
2011-05-13 00:00:00+07:00,6864.794921875,6930.173929954709,6864.794921875,6864.794921875,1494788,0.0,0.0
2011-05-16 00:00:00+07:00,6864.795129488971,6930.174139545956,6734.037109375,6734.037109375,1113208,0.0,0.0
2011-05-17 00:00:00+07:00,6668.658099318015,6799.416119431986,6668.658099318015,6734.037109375,747680,0.0,0.0
2011-05-18 00:00:00+07:00,6537.898744854278,6668.65673828125,6537.898744854278,6668.65673828125,883500,0.0,0.0
2011-05-19 00:00:00+07:00,6734.037109375,6799.416119431986,6668.658099318015,6734.037109375,747965,0.0,0.0
2011-05-20 00:00:00+07:00,6734.036325199765,6734.036325199765,6511.747624241976,6603.2783203125,1614363,0.0,0.0
2011-05-23 00:00:00+07:00,6537.8993102510685,6537.8993102510685,6276.38330078125,6276.38330078125,1508065,0.0,0.0
2011-05-24 00:00:00+07:00,6080.246381130716,6093.322459740593,5962.564453125,5962.564453125,1782615,0.0,0.0
2011-05-25 00:00:00+07:00,5687.9725885413545,5701.048667673674,5674.89697265625,5674.89697265625,2262212,0.0,0.0
2011-05-26 00:00:00+07:00,5400.305032671346,5949.48828125,5400.305032671346,5949.48828125,1836743,0.0,0.0
2011-05-27 00:00:00+07:00,6224.080466356188,6224.080466356188,5923.336680542565,5962.564453125,2389913,0.0,0.0
2011-05-30 00:00:00+07:00,5988.71591994778,5988.71591994778,5923.3369140625,5923.3369140625,1509078,0.0,0.0
2011-05-31 00:00:00+07:00,5923.3369140625,5923.3369140625,5884.109603180775,5923.3369140625,891769,0.0,0.0
2011-06-01 00:00:00+07:00,5687.972814660334,6211.0048828125,5687.972814660334,6211.0048828125,2980306,0.0,0.0
2011-06-02 00:00:00+07:00,6394.066112786847,6511.748046875,6367.914417462628,6511.748046875,2484234,0.0,0.0
2011-06-03 00:00:00+07:00,6668.657322756132,6668.657322756132,6498.672009052126,6603.2783203125,2975440,0.0,0.0
2011-06-06 00:00:00+07:00,6537.89892578125,6603.277924304006,6485.595541664181,6537.89892578125,1991361,0.0,0.0
2011-06-07 00:00:00+07:00,6420.217116734663,6799.41552734375,6420.217116734663,6799.41552734375,2059129,0.0,0.0
2011-06-08 00:00:00+07:00,7060.930718562165,7060.930718562165,6668.65673828125,6668.65673828125,1940064,0.0,0.0
2011-06-09 00:00:00+07:00,6537.898744854278,6668.65673828125,6537.898744854278,6668.65673828125,172526,0.0,0.0
2011-06-10 00:00:00+07:00,6668.657322756132,6734.036325199765,6603.2783203125,6603.2783203125,920290,0.0,0.0
2011-06-13 00:00:00+07:00,6537.899317868867,6603.2783203125,6537.899317868867,6603.2783203125,927321,0.0,0.0
2011-06-14 00:00:00+07:00,6537.89892578125,6864.793918395029,6537.89892578125,6537.89892578125,1717754,0.0,0.0
2011-06-15 00:00:00+07:00,6537.89892578125,6603.277924304006,6524.823311375564,6537.89892578125,2822050,0.0,0.0
2011-06-16 00:00:00+07:00,6472.520315425235,6668.657322756132,6472.520315425235,6603.2783203125,504317,0.0,0.0
2011-06-17 00:00:00+07:00,6668.656922826762,6734.035921349518,6537.89892578125,6537.89892578125,3420354,0.0,0.0
2011-06-20 00:00:00+07:00,6537.899512199439,6603.278516586377,6472.5205078125,6472.5205078125,713570,0.0,0.0
2011-06-21 00:00:00+07:00,6524.823311375564,6603.277924304006,6485.595541664181,6537.89892578125,794187,0.0,0.0
2011-06-22 00:00:00+07:00,6537.899317868867,6603.2783203125,6524.823702679017,6603.2783203125,1119888,0.0,0.0
2011-06-23 00:00:00+07:00,6537.899183007576,6603.278184102595,6498.671875,6498.671875,829228,0.0,0.0
2011-06-24 00:00:00+07:00,6498.672202216716,6537.899512199439,6472.5205078125,6472.5205078125,1116777,0.0,0.0
2011-06-27 00:00:00+07:00,6537.898805163116,6537.898805163116,6354.837890625,6354.837890625,859126,0.0,0.0
2011-06-28 00:00:00+07:00,6354.838190904857,6407.14111328125,6354.838190904857,6407.14111328125,605686,0.0,0.0
2011-06-29 00:00:00+07:00,6328.686782010152,6407.141400717956,6289.45947265625,6289.45947265625,1118728,0.0,0.0
2011-06-30 00:00:00+07:00,6407.141305516159,6407.141305516159,6263.307685606636,6276.38330078125,900625,0.0,0.0
2011-07-01 00:00:00+07:00,6276.383191106723,6341.762192331734,6093.322265625,6093.322265625,1007791,0.0,0.0
2011-07-04 00:00:00+07:00,6093.322266935192,6145.625189978138,6014.8671875,6014.8671875,2453325,0.0,0.0
2011-07-05 00:00:00+07:00,6014.867608050669,6145.625619671215,6001.7919921875,6001.7919921875,1876426,0.0,0.0
2011-07-06 00:00:00+07:00,6014.867734787568,6106.3984375,6014.867734787568,6106.3984375,715104,0.0,0.0
2011-07-07 00:00:00+07:00,6106.3978805711295,6145.625188656701,6080.246187431689,6093.322265625,667135,0.0,0.0
2011-07-08 00:00:00+07:00,6093.322748901384,6394.066085739692,6093.322748901384,6341.7626953125,1266309,0.0,0.0
2011-07-11 00:00:00+07:00,6341.761813213393,6446.368116270482,6289.458893308426,6354.837890625,1065398,0.0,0.0
2011-07-12 00:00:00+07:00,6354.838900434988,6459.4452201144495,6354.838900434988,6446.369140625,2118772,0.0,0.0
2011-07-13 00:00:00+07:00,6537.89892578125,6537.89892578125,6485.595541664181,6537.89892578125,2103316,0.0,0.0
2011-07-14 00:00:00+07:00,6537.899834974047,6537.899834974047,6472.520827359362,6524.82421875,981531,0.0,0.0
2011-07-15 00:00:00+07:00,6472.520836356672,6472.520836356672,6407.141828651105,6446.369140625,756164,0.0,0.0
2011-07-18 00:00:00+07:00,6420.217051401875,6459.44482421875,6420.217051401875,6459.44482421875,650884,0.0,0.0
2011-07-19 00:00:00+07:00,6446.369040188064,6511.748046875,6446.369040188064,6511.748046875,884878,0.0,0.0
2011-07-20 00:00:00+07:00,6524.823894314552,6799.41552734375,6524.823894314552,6799.41552734375,2660257,0.0,0.0
2011-07-21 00:00:00+07:00,6799.414731708222,6799.414731708222,6603.277741567764,6668.65673828125,1152320,0.0,0.0
2011-07-22 00:00:00+07:00,6668.65673828125,6734.035734994735,6603.277741567764,6668.65673828125,1063290,0.0,0.0
2011-07-25 00:00:00+07:00,6603.279089261029,6734.037109375,6603.279089261029,6734.037109375,1032960,0.0,0.0
2011-07-26 00:00:00+07:00,6734.036905715582,6930.173929954709,6734.036905715582,6864.794921875,1768253,0.0,0.0
2011-07-27 00:00:00+07:00,6930.172968795093,7191.68896484375,6930.172968795093,7191.68896484375,3085581,0.0,0.0
2011-07-28 00:00:00+07:00,7322.44755775887,7453.20556640625,7322.44755775887,7453.20556640625,3901839,0.0,0.0
2011-07-29 00:00:00+07:00,7583.963476127125,7583.963476127125,7387.8264657145,7518.58447265625,7799261,0.0,0.0
2011-08-01 00:00:00+07:00,7387.8263645258,7453.2053671012,7191.6893567996,7257.068359375,4002979,0.0,0.0
2011-08-02 00:00:00+07:00,6995.552734375,7257.068759080399,6995.552734375,6995.552734375,1200857,0.0,0.0
2011-08-03 00:00:00+07:00,6930.173533846484,7126.310546875,6930.173533846484,7126.310546875,872470,0.0,0.0
2011-08-04 00:00:00+07:00,7126.310354224201,7387.8263645258,7126.310354224201,7257.068359375,915853,0.0,0.0
2011-08-05 00:00:00+07:00,7191.68896484375,7257.067963855914,7191.68896484375,7191.68896484375,809785,0.0,0.0
2011-08-08 00:00:00+07:00,7060.931740551349,7191.689752904049,6995.552734375,6995.552734375,2598002,0.0,0.0
2011-08-09 00:00:00+07:00,6799.416119431986,6995.553149602942,6734.037109375,6734.037109375,3078466,0.0,0.0
2011-08-10 00:00:00+07:00,6799.415913795291,6995.552938034419,6799.415913795291,6864.794921875,3545517,0.0,0.0
2011-08-11 00:00:00+07:00,6864.794150153803,7060.93115234375,6799.41514942382,7060.93115234375,2293777,0.0,0.0
2011-08-12 00:00:00+07:00,7060.93115234375,7060.93115234375,6995.552151613768,7060.93115234375,1118147,0.0,0.0
2011-08-15 00:00:00+07:00,7060.93115234375,7060.93115234375,6930.173150883786,7060.93115234375,1496308,0.0,0.0
2011-08-16 00:00:00+07:00,6995.552151613768,7126.310153073733,6995.552151613768,7060.93115234375,684988,0.0,0.0
2011-08-17 00:00:00+07:00,7126.310546875,7126.310546875,7060.931542532162,7126.310546875,923187,0.0,0.0
2011-08-18 00:00:00+07:00,7322.446962868079,7322.446962868079,7126.309965831586,7191.68896484375,589865,0.0,0.0
2011-08-19 00:00:00+07:00,7257.068154533697,7257.068154533697,7060.93115234375,7060.93115234375,472974,0.0,0.0
2011-08-22 00:00:00+07:00,7060.931542532162,7191.689551217839,7060.931542532162,7126.310546875,1172851,0.0,0.0
2011-08-23 00:00:00+07:00,7060.931542532162,7191.689551217839,7060.931542532162,7126.310546875,1240043,0.0,0.0
2011-08-24 00:00:00+07:00,7126.310546875,7191.689551217839,7060.931542532162,7126.310546875,1206663,0.0,0.0
2011-08-25 00:00:00+07:00,7257.068555560678,7257.068555560678,7060.931542532162,7126.310546875,685496,0.0,0.0
2011-08-26 00:00:00+07:00,7191.68896484375,7191.68896484375,7126.309965831586,7191.68896484375,1022658,0.0,0.0
2011-08-29 00:00:00+07:00,7322.447361950401,7322.447361950401,7126.310354224201,7257.068359375,820160,0.0,0.0
2011-08-30 00:00:00+07:00,7322.44775390625,7322.44775390625,7257.068747831244,7322.44775390625,2063484,0.0,0.0
2011-08-31 00:00:00+07:00,7322.447361950401,7322.447361950401,7257.068359375,7257.068359375,3749833,0.0,0.0
2011-09-01 00:00:00+07:00,7322.44775390625,7387.826759981256,7257.068747831244,7322.44775390625,1756926,0.0,0.0
2011-09-05 00:00:00+07:00,7387.826759981256,7387.826759981256,7257.068747831244,7322.44775390625,1305708,0.0,0.0
2011-09-06 00:00:00+07:00,7322.44775390625,7322.44775390625,7191.689741756238,7322.44775390625,1377684,0.0,0.0
2011-09-07 00:00:00+07:00,7322.447361950401,7322.447361950401,7191.6893567996,7257.068359375,1556461,0.0,0.0
2011-09-08 00:00:00+07:00,7322.44775390625,7387.826759981256,7257.068747831244,7322.44775390625,1261595,0.0,0.0
2011-09-09 00:00:00+07:00,7322.446962868079,7322.446962868079,7126.309965831586,7191.68896484375,2214318,0.0,0.0
2011-09-12 00:00:00+07:00,7060.931740551349,7126.3107467277,6930.17372819865,6995.552734375,1854590,0.0,0.0
2011-09-13 00:00:00+07:00,7126.310954193837,7126.310954193837,6864.794921875,6864.794921875,6154128,0.0,0.0
2011-09-14 00:00:00+07:00,6799.415327643397,6799.415327643397,6603.2783203125,6603.2783203125,4355100,0.0,0.0
2011-09-15 00:00:00+07:00,6864.794337331126,6930.17333984375,6799.415334818503,6930.17333984375,8407651,0.0,0.0
2011-09-16 00:00:00+07:00,6930.174139545956,7257.069189830882,6734.037109375,6734.037109375,10118742,0.0,0.0
2011-09-19 00:00:00+07:00,6734.036148693838,7060.93115234375,6734.036148693838,7060.93115234375,2394774,0.0,0.0
2011-09-20 00:00:00+07:00,7060.931344868998,7126.310347381622,6930.17333984375,6930.17333984375,3917005,0.0,0.0
2011-09-21 00:00:00+07:00,6995.552734375,7060.931740551349,6930.17372819865,6995.552734375,3785246,0.0,0.0
2011-09-22 00:00:00+07:00,6930.17372819865,7060.931740551349,6864.7947220223,6995.552734375,1758749,0.0,0.0
2011-09-23 00:00:00+07:00,6864.794921875,6930.173929954709,6799.415913795291,6864.794921875,1135490,0.0,0.0
2011-09-26 00:00:00+07:00,6799.416119431986,6864.795129488971,6734.037109375,6734.037109375,2127832,0.0,0.0
2011-09-27 00:00:00+07:00,6734.035734994735,6799.414731708222,6668.65673828125,6668.65673828125,2155339,0.0,0.0
2011-09-28 00:00:00+07:00,6734.037109375,6799.416119431986,6668.658099318015,6734.037109375,888216,0.0,0.0
2011-09-29 00:00:00+07:00,6734.037109375,6799.416119431986,6668.658099318015,6734.037109375,1247222,0.0,0.0
2011-09-30 00:00:00+07:00,6734.037109375,6799.416119431986,6668.658099318015,6734.037109375,2198001,0.0,0.0
2011-10-03 00:00:00+07:00,6734.035734994735,6734.035734994735,6668.65673828125,6668.65673828125,1273563,0.0,0.0
2011-10-04 00:00:00+07:00,6537.898744854278,6668.65673828125,6537.898744854278,6668.65673828125,1334660,0.0,0.0
2011-10-05 00:00:00+07:00,6668.657322756132,6668.657322756132,6537.899317868867,6603.2783203125,4477286,0.0,0.0
2011-10-06 00:00:00+07:00,6537.89892578125,6603.277924304006,6485.595541664181,6537.89892578125,3946097,0.0,0.0
2011-10-07 00:00:00+07:00,6524.823896620932,6524.823896620932,6446.368813408283,6472.5205078125,2429962,0.0,0.0
2011-10-10 00:00:00+07:00,6354.838190904857,6420.216728063554,6354.838190904857,6407.14111328125,1748734,0.0,0.0
2011-10-11 00:00:00+07:00,6407.141181952552,6472.520183059153,6394.065567030104,6420.216796875,1076060,0.0,0.0
2011-10-12 00:00:00+07:00,6394.0654296875,6420.216658970675,6380.989351798741,6394.0654296875,1624516,0.0,0.0
2011-10-13 00:00:00+07:00,6354.83851095055,6459.44482421875,6354.83851095055,6459.44482421875,1324350,0.0,0.0
2011-10-14 00:00:00+07:00,6472.519927258494,6537.89892578125,6472.519927258494,6537.89892578125,1145290,0.0,0.0
2011-10-17 00:00:00+07:00,6459.4452201144495,6498.672532088344,6446.369140625,6446.369140625,2215704,0.0,0.0
2011-10-18 00:00:00+07:00,6420.216728063554,6433.292806093034,6394.065498498945,6407.14111328125,1150649,0.0,0.0
2011-10-19 00:00:00+07:00,6420.217546972595,6420.217546972595,6367.914617924879,6380.990234375,2017054,0.0,0.0
2011-10-20 00:00:00+07:00,6341.762368633538,6394.065756366461,6341.762368633538,6367.9140625,1343940,0.0,0.0
2011-10-21 00:00:00+07:00,6354.838644508306,6485.59619140625,6341.762565545466,6485.59619140625,3179400,0.0,0.0
2011-10-24 00:00:00+07:00,6485.595658124622,6485.595658124622,6315.6103515625,6315.6103515625,1608050,0.0,0.0
2011-10-25 00:00:00+07:00,6289.459639356283,6302.53525507175,6237.15625,6237.15625,1760052,0.0,0.0
2011-10-26 00:00:00+07:00,6211.004682491738,6446.369012919666,6211.004682491738,6341.7626953125,1997457,0.0,0.0
2011-10-27 00:00:00+07:00,6276.38368890212,6354.838774542907,6276.38368890212,6341.7626953125,1754254,0.0,0.0
2011-10-28 00:00:00+07:00,6407.140928735739,6537.89892578125,6341.761930212983,6537.89892578125,2141337,0.0,0.0
2011-10-31 00:00:00+07:00,6668.657520973315,6668.657520973315,6472.5205078125,6472.5205078125,2973482,0.0,0.0
2011-11-01 00:00:00+07:00,6485.595797981601,6485.595797981601,6420.216796875,6420.216796875,1269064,0.0,0.0
2011-11-02 00:00:00+07:00,6420.216795737669,6524.823568087444,6407.141180817537,6498.671875,2252924,0.0,0.0
2011-11-03 00:00:00+07:00,6498.672532088344,6498.672532088344,6407.141828651105,6446.369140625,1710786,0.0,0.0
2011-11-04 00:00:00+07:00,6446.3691316640425,6537.899834974047,6446.3691316640425,6524.82421875,2605402,0.0,0.0
2011-11-07 00:00:00+07:00,6524.82412616072,6537.899742199219,6472.520735512282,6511.748046875,2196765,0.0,0.0
2011-11-08 00:00:00+07:00,6511.747421281212,6511.747421281212,6380.989420469466,6407.14111328125,781771,0.0,0.0
2011-11-09 00:00:00+07:00,6459.445322817426,6459.445322817426,6380.990234375,6380.990234375,816744,0.0,0.0
2011-11-10 00:00:00+07:00,6354.839001474759,6380.990234375,6341.762921777404,6380.990234375,1250277,0.0,0.0
2011-11-11 00:00:00+07:00,6367.913504789453,6394.065196365514,6354.837890625,6354.837890625,1637145,0.0,0.0
2011-11-14 00:00:00+07:00,6263.307685606636,6341.762303148705,6263.307685606636,6276.38330078125,865290,0.0,0.0
2011-11-15 00:00:00+07:00,6276.38389133152,6289.459970983665,6211.0048828125,6211.0048828125,1984832,0.0,0.0
2011-11-16 00:00:00+07:00,6184.852604817376,6276.38330078125,6184.852604817376,6276.38330078125,1273414,0.0,0.0
2011-11-17 00:00:00+07:00,6276.383461981908,6302.53515625,6237.156152203372,6302.53515625,1727987,0.0,0.0
2011-11-18 00:00:00+07:00,6341.762466028536,6341.762466028536,6250.231767713817,6302.53515625,534216,0.0,0.0
2011-11-21 00:00:00+07:00,6263.307846471464,6302.53515625,6263.307846471464,6302.53515625,682015,0.0,0.0
2011-11-22 00:00:00+07:00,6289.458893308426,6380.989118953907,6276.382815896819,6354.837890625,1315285,0.0,0.0
2011-11-23 00:00:00+07:00,6315.610487753875,6420.216796875,6315.610487753875,6420.216796875,2132337,0.0,0.0
2011-11-24 00:00:00+07:00,6315.610487753875,6433.292875044629,6315.610487753875,6420.216796875,1383120,0.0,0.0
2011-11-25 00:00:00+07:00,6367.913805687161,6420.216728063554,6367.913805687161,6407.14111328125,1587080,0.0,0.0
2011-11-28 00:00:00+07:00,6394.0663140723545,6407.141930522475,6380.990234375,6380.990234375,1010040,0.0,0.0
2011-11-29 00:00:00+07:00,6407.141930522475,6407.141930522475,6367.914617924879,6380.990234375,1237576,0.0,0.0
2011-11-30 00:00:00+07:00,6380.989488860476,6433.292875044629,6380.989488860476,6420.216796875,2514782,0.0,0.0
2011-12-01 00:00:00+07:00,6341.761791883962,6433.29248046875,6341.761791883962,6433.29248046875,1062791,0.0,0.0
2011-12-02 00:00:00+07:00,6433.293524382778,6498.672532088344,6420.217444893327,6446.369140625,3106984,0.0,0.0
2011-12-05 00:00:00+07:00,6459.444312852808,6537.89892578125,6446.36823519996,6537.89892578125,3089863,0.0,0.0
2011-12-06 00:00:00+07:00,6603.277924304006,6603.277924304006,6485.595541664181,6537.89892578125,2068414,0.0,0.0
2011-12-07 00:00:00+07:00,6537.89892578125,6603.277924304006,6511.747233722716,6537.89892578125,1647010,0.0,0.0
2011-12-08 00:00:00+07:00,6537.899742199219,6603.278748886156,6511.748046875,6511.748046875,325978,0.0,0.0
2011-12-09 00:00:00+07:00,6603.278516586377,6603.278516586377,6472.5205078125,6472.5205078125,532986,0.0,0.0
2011-12-12 00:00:00+07:00,6433.2931978297775,6498.672202216716,6433.2931978297775,6472.5205078125,1689163,0.0,0.0
2011-12-13 00:00:00+07:00,6433.2931300899,6485.596055100401,6433.2931300899,6459.44482421875,1759181,0.0,0.0
2011-12-14 00:00:00+07:00,6433.292806093034,6459.444498904819,6407.14111328125,6407.14111328125,1561464,0.0,0.0
2011-12-15 00:00:00+07:00,6354.837890625,6394.065196365514,6341.761813213393,6354.837890625,675267,0.0,0.0
2011-12-16 00:00:00+07:00,6302.534805281288,6472.520113687124,6302.534805281288,6407.14111328125,1235978,0.0,0.0
2011-12-19 00:00:00+07:00,6407.1415034255615,6472.5205078125,6407.1415034255615,6472.5205078125,4023002,0.0,0.0
2011-12-20 00:00:00+07:00,6276.3834946516845,6485.596123391006,6276.3834946516845,6472.5205078125,2634499,0.0,0.0
2011-12-21 00:00:00+07:00,6472.5205078125,6485.596123391006,6446.368813408283,6472.5205078125,1732553,0.0,0.0
2011-12-22 00:00:00+07:00,6472.5205078125,6498.672202216716,6407.1415034255615,6472.5205078125,1414904,0.0,0.0
2011-12-23 00:00:00+07:00,6354.838190904857,6407.14111328125,6354.838190904857,6407.14111328125,180071,0.0,0.0
2011-12-26 00:00:00+07:00,6433.292736859434,6433.292736859434,6341.762044626807,6394.0654296875,790563,0.0,0.0
2011-12-27 00:00:00+07:00,6394.065196365514,6394.065196365514,6341.761813213393,6354.837890625,1013950,0.0,0.0
2011-12-28 00:00:00+07:00,6380.989677809634,6380.989677809634,6328.686753323906,6367.9140625,709580,0.0,0.0
2011-12-29 00:00:00+07:00,6407.1415034255615,6472.5205078125,6302.5351890559,6472.5205078125,1022740,0.0,0.0
2011-12-30 00:00:00+07:00,6524.823568087444,6524.823568087444,6407.141180817537,6498.671875,1183882,0.0,0.0
2012-01-03 00:00:00+07:00,6211.003797690596,6459.444171956853,6211.003797690596,6433.29248046875,542773,0.0,0.0
2012-01-04 00:00:00+07:00,6446.368094589226,6446.368094589226,6420.216403101122,6433.29248046875,1260469,0.0,0.0
2012-01-05 00:00:00+07:00,6315.6107717604455,6394.06585456472,6289.459540739555,6302.53515625,2103173,0.0,0.0
2012-01-06 00:00:00+07:00,6341.761813213393,6354.837890625,6315.610121637333,6354.837890625,479508,0.0,0.0
2012-01-09 00:00:00+07:00,6354.839001474759,6380.990234375,6302.5356091798085,6380.990234375,1059889,0.0,0.0
2012-01-10 00:00:00+07:00,6341.762499038623,6472.5205078125,6341.762499038623,6472.5205078125,3630330,0.0,0.0
2012-01-11 00:00:00+07:00,6472.5205078125,6485.596123391006,6407.1415034255615,6472.5205078125,2942641,0.0,0.0
2012-01-12 00:00:00+07:00,6380.989488860476,6472.520183059153,6380.989488860476,6420.216796875,2668674,0.0,0.0
2012-01-13 00:00:00+07:00,6407.140928735739,6537.89892578125,6407.140928735739,6537.89892578125,1615301,0.0,0.0
2012-01-16 00:00:00+07:00,6537.898744854278,6734.035734994735,6537.898744854278,6668.65673828125,6360619,0.0,0.0
2012-01-17 00:00:00+07:00,6603.278516586377,6668.657520973315,6472.5205078125,6472.5205078125,8194773,0.0,0.0
2012-01-18 00:00:00+07:00,6603.278516586377,6603.278516586377,6472.5205078125,6472.5205078125,364799,0.0,0.0
2012-01-19 00:00:00+07:00,6603.278184102595,6603.278184102595,6472.520181912556,6498.671875,636736,0.0,0.0
2012-01-20 00:00:00+07:00,6524.823568087444,6524.823568087444,6472.520181912556,6498.671875,515496,0.0,0.0
2012-01-30 00:00:00+07:00,6537.89892578125,6537.89892578125,6498.67161931703,6537.89892578125,236081,0.0,0.0
2012-01-31 00:00:00+07:00,6537.899183007576,6668.657185197614,6498.671875,6498.671875,304288,0.0,0.0
2012-02-01 00:00:00+07:00,6668.657322756132,6668.657322756132,6511.747624241976,6603.2783203125,322927,0.0,0.0
2012-02-02 00:00:00+07:00,6537.898744854278,6668.65673828125,6537.898744854278,6668.65673828125,895252,0.0,0.0
2012-02-03 00:00:00+07:00,6668.657322756132,6668.657322756132,6603.2783203125,6603.2783203125,1322171,0.0,0.0
2012-02-06 00:00:00+07:00,6603.2783203125,6668.657322756132,6537.899317868867,6603.2783203125,731130,0.0,0.0
2012-02-07 00:00:00+07:00,6603.2783203125,6668.657322756132,6537.899317868867,6603.2783203125,935306,0.0,0.0
2012-02-08 00:00:00+07:00,6668.658099318015,6734.037109375,6603.279089261029,6734.037109375,1873022,0.0,0.0
2012-02-09 00:00:00+07:00,6734.036522979921,6799.41552734375,6668.657518616093,6799.41552734375,1115757,0.0,0.0
2012-02-10 00:00:00+07:00,6799.416119431986,6799.416119431986,6734.037109375,6734.037109375,1628362,0.0,0.0
2012-02-13 00:00:00+07:00,6799.414731708222,6799.414731708222,6668.65673828125,6668.65673828125,826185,0.0,0.0
2012-02-14 00:00:00+07:00,6668.65673828125,6734.035734994735,6603.277741567764,6668.65673828125,883645,0.0,0.0
2012-02-15 00:00:00+07:00,6734.035734994735,6734.035734994735,6668.65673828125,6668.65673828125,1665297,0.0,0.0
2012-02-16 00:00:00+07:00,6603.279089261029,6799.416119431986,6603.279089261029,6734.037109375,1674077,0.0,0.0
2012-02-17 00:00:00+07:00,6668.657518616093,6799.41552734375,6668.657518616093,6799.41552734375,1470993,0.0,0.0
2012-02-20 00:00:00+07:00,6799.41514942382,7060.93115234375,6799.41514942382,7060.93115234375,2215124,0.0,0.0
2012-02-21 00:00:00+07:00,7060.93115234375,7126.310153073733,6995.552151613768,7060.93115234375,3261454,0.0,0.0
2012-02-22 00:00:00+07:00,7126.310546875,7191.689551217839,7060.931542532162,7126.310546875,1853576,0.0,0.0
2012-02-23 00:00:00+07:00,7060.931542532162,7191.689551217839,7060.931542532162,7126.310546875,1503201,0.0,0.0
2012-02-24 00:00:00+07:00,7257.068555560678,7257.068555560678,7126.310546875,7126.310546875,1073668,0.0,0.0
2012-02-27 00:00:00+07:00,7060.930966819421,7191.68896484375,7060.930966819421,7191.68896484375,1023608,0.0,0.0
2012-02-28 00:00:00+07:00,7060.931542532162,7191.689551217839,7060.931542532162,7126.310546875,1248314,0.0,0.0
2012-02-29 00:00:00+07:00,7126.309965831586,7191.68896484375,7060.930966819421,7191.68896484375,1106684,0.0,0.0
2012-03-01 00:00:00+07:00,7191.68896484375,7191.68896484375,7126.309965831586,7191.68896484375,995020,0.0,0.0
2012-03-02 00:00:00+07:00,7191.6893567996,7257.068359375,7126.310354224201,7257.068359375,1352504,0.0,0.0
2012-03-05 00:00:00+07:00,7322.447368375193,7583.96337890625,7322.447368375193,7583.96337890625,3392054,0.0,0.0
2012-03-06 00:00:00+07:00,7845.479802506298,7845.479802506298,7322.44775390625,7322.44775390625,3276696,0.0,0.0
2012-03-07 00:00:00+07:00,7322.447462243625,7518.58447265625,7257.068458772749,7518.58447265625,1964585,0.0,0.0
2012-03-08 00:00:00+07:00,7453.205665347849,7518.584670539448,7257.068649773052,7387.82666015625,2959621,0.0,0.0
2012-03-09 00:00:00+07:00,7322.4476549646515,7518.584670539448,7322.4476549646515,7387.82666015625,1716957,0.0,0.0
2012-03-12 00:00:00+07:00,7322.4476549646515,7387.82666015625,7322.4476549646515,7387.82666015625,1106904,0.0,0.0
2012-03-13 00:00:00+07:00,7387.82656208256,7453.20556640625,7387.82656208256,7453.20556640625,894529,0.0,0.0
2012-03-14 00:00:00+07:00,7453.20556640625,7518.5845707299395,7387.82656208256,7453.20556640625,987761,0.0,0.0
2012-03-15 00:00:00+07:00,7453.205187409619,7714.72119140625,7453.205187409619,7714.72119140625,3128824,0.0,0.0
2012-03-16 00:00:00+07:00,7780.100192405407,7845.479193404565,7714.72119140625,7714.72119140625,2336003,0.0,0.0
2012-03-19 00:00:00+07:00,7583.963189407934,7714.72119140625,7518.584188408777,7714.72119140625,1243459,0.0,0.0
2012-03-20 00:00:00+07:00,7714.721286965229,7714.721286965229,7649.34228515625,7649.34228515625,684257,0.0,0.0
2012-03-21 00:00:00+07:00,7649.34228515625,7714.721286965229,7583.963283347271,7649.34228515625,1053936,0.0,0.0
2012-03-22 00:00:00+07:00,7649.342479598001,7649.342479598001,7518.58447265625,7518.58447265625,653351,0.0,0.0
2012-03-23 00:00:00+07:00,7583.96337890625,7583.96337890625,7518.584376273486,7583.96337890625,517455,0.0,0.0
2012-03-26 00:00:00+07:00,7583.96337890625,7583.96337890625,7518.584376273486,7583.96337890625,815231,0.0,0.0
2012-03-27 00:00:00+07:00,7453.205469185375,7583.963476127125,7453.205469185375,7518.58447265625,1343289,0.0,0.0
2012-03-28 00:00:00+07:00,7387.826371007957,7583.96337890625,7387.826371007957,7583.96337890625,1653112,0.0,0.0
2012-03-29 00:00:00+07:00,7583.96337890625,7649.342381539014,7518.584376273486,7583.96337890625,10733149,0.0,0.0
2012-03-30 00:00:00+07:00,7649.342381539014,7714.721384171778,7518.584376273486,7583.96337890625,1650490,0.0,0.0
2012-04-03 00:00:00+07:00,7583.96337890625,7649.342381539014,7583.96337890625,7583.96337890625,1074983,0.0,0.0
2012-04-04 00:00:00+07:00,7649.342381539014,7714.721384171778,7583.96337890625,7583.96337890625,1665878,0.0,0.0
2012-04-05 00:00:00+07:00,7649.342097250358,7910.858098062143,7583.963097047412,7780.10009765625,4680003,0.0,0.0
2012-04-06 00:00:00+07:00,7845.479097859196,7845.479097859196,7780.10009765625,7780.10009765625,339694,0.0,0.0
2012-04-09 00:00:00+07:00,7910.858003326254,7910.858003326254,7780.100004486245,7845.47900390625,1353886,0.0,0.0
2012-04-10 00:00:00+07:00,7910.858003326254,7910.858003326254,7780.100004486245,7845.47900390625,710089,0.0,0.0
2012-04-11 00:00:00+07:00,7910.858497695929,8172.37451171875,7845.479494190225,8172.37451171875,3091458,0.0,0.0
2012-04-12 00:00:00+07:00,8237.75390625,8303.132912859082,8172.374899640917,8237.75390625,1316300,0.0,0.0
2012-04-13 00:00:00+07:00,8237.753816557706,8237.753816557706,7976.23779296875,7976.23779296875,2099975,0.0,0.0
2012-04-16 00:00:00+07:00,8106.99462890625,8237.752621735292,8041.61563249173,8106.99462890625,1076573,0.0,0.0
2012-04-17 00:00:00+07:00,8237.753515224455,8237.753515224455,8041.61650470734,8172.37451171875,897944,0.0,0.0
2012-04-18 00:00:00+07:00,8237.752621735292,8237.752621735292,8106.99462890625,8106.99462890625,825097,0.0,0.0
2012-04-19 00:00:00+07:00,8106.995098670982,8172.374098873927,7780.10009765625,7780.10009765625,2723598,0.0,0.0
2012-04-20 00:00:00+07:00,7845.479193404565,8041.616196402038,7714.72119140625,7714.72119140625,2251547,0.0,0.0
2012-04-23 00:00:00+07:00,7780.100288774209,7976.237294201148,7649.34228515625,7649.34228515625,1009166,0.0,0.0
2012-04-24 00:00:00+07:00,7780.100004486245,7845.47900390625,7714.72100506624,7845.47900390625,973758,0.0,0.0
2012-04-25 00:00:00+07:00,8041.617396512305,8041.617396512305,7845.480364243847,7910.859375,772269,0.0,0.0
2012-04-26 00:00:00+07:00,8041.6160984680355,8041.6160984680355,7780.10009765625,7780.10009765625,1454732,0.0,0.0
2012-04-27 00:00:00+07:00,7845.479097859196,7910.858098062143,7780.10009765625,7780.10009765625,789324,0.0,0.0
2012-05-02 00:00:00+07:00,8106.99462890625,8106.99462890625,8041.61563249173,8106.99462890625,3085875,0.0,0.0
2012-05-03 00:00:00+07:00,8499.2685546875,8499.2685546875,8368.510562669318,8499.2685546875,4427657,0.0,0.0
2012-05-04 00:00:00+07:00,8499.268377889292,8695.405361836605,8499.268377889292,8630.0263671875,3347509,0.0,0.0
2012-05-07 00:00:00+07:00,8695.406155632505,8760.78515625,8564.648154397515,8760.78515625,2063121,0.0,0.0
2012-05-08 00:00:00+07:00,8760.785251327025,8826.16425265405,8630.027248672974,8695.40625,2496342,0.0,0.0
2012-05-09 00:00:00+07:00,8630.0263671875,8695.405361836605,8564.647372538397,8630.0263671875,2644437,0.0,0.0
2012-05-10 00:00:00+07:00,8695.406443057165,8695.406443057165,8564.6484375,8564.6484375,2104113,0.0,0.0
2012-05-11 00:00:00+07:00,8695.406642100601,8695.406642100601,8433.890625,8433.890625,2063405,0.0,0.0
2012-05-14 00:00:00+07:00,8368.5107421875,8564.64773442223,8368.5107421875,8368.5107421875,1547032,0.0,0.0
2012-05-15 00:00:00+07:00,8499.269117716445,8499.269117716445,8074.305615505905,8090.64990234375,2034637,0.0,0.0
2012-05-16 00:00:00+07:00,8156.029444525253,8172.374658943335,8057.9609375,8057.9609375,641850,0.0,0.0
2012-05-17 00:00:00+07:00,8090.649857084563,8172.3740702996765,8090.649857084563,8139.6845703125,2937817,0.0,0.0
2012-05-18 00:00:00+07:00,8139.68586011468,8139.68586011468,7845.480313610733,7927.20361328125,1532953,0.0,0.0
2012-05-21 00:00:00+07:00,8172.37436656658,8254.09765625,8008.926860705361,8254.09765625,1089028,0.0,0.0
2012-05-22 00:00:00+07:00,8335.821570235557,8335.821570235557,8123.339357071739,8139.6845703125,519608,0.0,0.0
2012-05-23 00:00:00+07:00,8090.650590041703,8139.685307711848,7927.203075298606,7976.23779296875,1032200,0.0,0.0
2012-05-24 00:00:00+07:00,7976.236862416129,8008.926361551008,7943.54736328125,7943.54736328125,934396,0.0,0.0
2012-05-25 00:00:00+07:00,8106.99462890625,8106.99462890625,8008.926134284469,8106.99462890625,602667,0.0,0.0
2012-05-28 00:00:00+07:00,8090.649416555472,8172.373625320771,8090.649416555472,8106.99462890625,850635,0.0,0.0
2012-05-29 00:00:00+07:00,8090.64990234375,8106.995115675946,8041.616115335863,8090.64990234375,507353,0.0,0.0
2012-05-30 00:00:00+07:00,8172.373625320771,8172.373625320771,8057.959918348212,8106.99462890625,379777,0.0,0.0
2012-05-31 00:00:00+07:00,8057.960450632008,8090.649950998635,8057.960450632008,8074.3056640625,812786,0.0,0.0
2012-06-01 00:00:00+07:00,8074.306151918082,8090.650439841751,8057.9609375,8057.9609375,336934,0.0,0.0
2012-06-04 00:00:00+07:00,8057.960054423026,8057.960054423026,8008.92626953125,8008.92626953125,574866,0.0,0.0
2012-06-05 00:00:00+07:00,7959.891558145163,8025.270555663738,7959.891558145163,8008.92626953125,1200530,0.0,0.0
2012-06-06 00:00:00+07:00,8074.306151918082,8074.306151918082,7992.581932816498,8057.9609375,599531,0.0,0.0
2012-06-07 00:00:00+07:00,8106.995654259833,8106.995654259833,8057.9609375,8057.9609375,186895,0.0,0.0
2012-06-08 00:00:00+07:00,8090.649553182315,8172.37376332769,8008.92626953125,8008.92626953125,1637491,0.0,0.0
2012-06-11 00:00:00+07:00,8074.305710170882,8074.305710170882,7959.891994987149,8025.27099609375,241975,0.0,0.0
2012-06-12 00:00:00+07:00,8025.270555663738,8041.615768290538,7992.581056904451,8008.92626953125,2399336,0.0,0.0
2012-06-13 00:00:00+07:00,8041.615768290538,8041.615768290538,7992.581056904451,8008.92626953125,823762,0.0,0.0
2012-06-14 00:00:00+07:00,8041.616798865989,8041.616798865989,7959.892578247225,7976.23779296875,410655,0.0,0.0
2012-06-15 00:00:00+07:00,8025.272024272653,8025.272024272653,7976.238230407789,7992.58251953125,876287,0.0,0.0
2012-06-18 00:00:00+07:00,8106.9952107241825,8106.9952107241825,7992.581495540449,8025.27099609375,590422,0.0,0.0
2012-06-19 00:00:00+07:00,8008.926709064281,8041.616209617581,7992.581495540449,8025.27099609375,602266,0.0,0.0
2012-06-20 00:00:00+07:00,8090.650439841751,8090.650439841751,8025.271435158249,8057.9609375,520762,0.0,0.0
2012-06-21 00:00:00+07:00,8041.6171875,8057.96147651698,8008.927682971567,8041.6171875,292298,0.0,0.0
2012-06-22 00:00:00+07:00,8025.270555663738,8041.615768290538,8008.92626953125,8008.92626953125,390917,0.0,0.0
2012-06-25 00:00:00+07:00,7992.581056904451,8057.960054423026,7992.581056904451,8008.92626953125,248653,0.0,0.0
2012-06-26 00:00:00+07:00,7943.54736328125,7976.236862416129,7943.54736328125,7943.54736328125,180569,0.0,0.0
2012-06-27 00:00:00+07:00,8008.926361551008,8008.926361551008,7943.54736328125,7943.54736328125,428241,0.0,0.0
2012-06-28 00:00:00+07:00,7959.8925112661345,7959.8925112661345,7698.376953125,7698.376953125,211675,0.0,0.0
2012-06-29 00:00:00+07:00,7763.755958472086,7829.134500571961,7698.376953125,7698.376953125,28834,0.0,0.0
2012-07-02 00:00:00+07:00,7796.444997898418,7910.858720503031,7682.032201788228,7698.376953125,762637,0.0,0.0
2012-07-03 00:00:00+07:00,7812.790237678362,7812.790237678362,7682.0322265625,7682.0322265625,505677,0.0,0.0
2012-07-04 00:00:00+07:00,7763.755442155618,7763.755442155618,7682.0316909066705,7714.72119140625,397247,0.0,0.0
2012-07-05 00:00:00+07:00,7763.755859375,7780.100610503146,7714.721605990562,7763.755859375,207729,0.0,0.0
2012-07-06 00:00:00+07:00,7812.790112759439,7812.790112759439,7763.755859375,7763.755859375,155374,0.0,0.0
2012-07-09 00:00:00+07:00,7600.308445104371,7763.755958472086,7600.308445104371,7698.376953125,1761307,0.0,0.0
2012-07-10 00:00:00+07:00,7682.0322265625,7714.721729341465,7682.0322265625,7682.0322265625,159845,0.0,0.0
2012-07-11 00:00:00+07:00,7682.032201788228,7698.376953125,7649.342699114685,7698.376953125,361026,0.0,0.0
2012-07-12 00:00:00+07:00,7682.032201788228,7698.376953125,7682.032201788228,7698.376953125,121131,0.0,0.0
2012-07-13 00:00:00+07:00,7714.721051066494,7845.479050686168,7682.0315511615745,7812.78955078125,179518,0.0,0.0
2012-07-16 00:00:00+07:00,7894.512956718677,7894.512956718677,7714.721167769039,7731.06591796875,133778,0.0,0.0
2012-07-17 00:00:00+07:00,7714.721167769039,7731.06591796875,7682.031667369618,7731.06591796875,225609,0.0,0.0
2012-07-18 00:00:00+07:00,7747.411207135315,7747.411207135315,7682.032201788228,7698.376953125,895619,0.0,0.0
2012-07-19 00:00:00+07:00,7682.0316909066705,7714.72119140625,7649.342190407092,7714.72119140625,1295202,0.0,0.0
2012-07-20 00:00:00+07:00,7796.444997898418,7829.134500571961,7698.376953125,7698.376953125,482687,0.0,0.0
2012-07-23 00:00:00+07:00,7698.376953125,7698.376953125,7665.687450451456,7698.376953125,529298,0.0,0.0
2012-07-24 00:00:00+07:00,7698.377389951455,8074.306692028434,7698.377389951455,8041.6171875,1724620,0.0,0.0
2012-07-25 00:00:00+07:00,8008.927126297192,8008.927126297192,7763.755859375,7763.755859375,12569953,0.0,0.0
2012-07-26 00:00:00+07:00,7714.721051066494,7812.78955078125,7714.721051066494,7812.78955078125,646658,0.0,0.0
2012-07-27 00:00:00+07:00,7878.168503616252,7878.168503616252,7812.789504196247,7845.47900390625,911757,0.0,0.0
2012-07-30 00:00:00+07:00,7845.479299790942,8008.926804505219,7845.479299790942,7959.89208984375,1096341,0.0,0.0
2012-07-31 00:00:00+07:00,7763.755347605514,7845.479097859196,7763.755347605514,7780.10009765625,1146257,0.0,0.0
2012-08-01 00:00:00+07:00,7731.065941656039,7763.755442155618,7698.37644115646,7714.72119140625,897071,0.0,0.0
2012-08-02 00:00:00+07:00,7682.0316909066705,7780.100192405407,7682.0316909066705,7714.72119140625,521865,0.0,0.0
2012-08-03 00:00:00+07:00,7682.031667369618,7731.06591796875,7682.031667369618,7731.06591796875,924297,0.0,0.0
2012-08-06 00:00:00+07:00,7682.0316909066705,7763.755442155618,7682.0316909066705,7714.72119140625,861606,0.0,0.0
2012-08-07 00:00:00+07:00,7698.37644115646,7731.065941656039,7682.0316909066705,7714.72119140625,841347,0.0,0.0
2012-08-08 00:00:00+07:00,7698.376953125,7714.721704461771,7682.032201788228,7698.376953125,413672,0.0,0.0
2012-08-09 00:00:00+07:00,7698.377002884838,7731.066505769675,7616.653245672744,7665.6875,17021238,0.0,0.0
2012-08-10 00:00:00+07:00,7698.376782191367,7698.376782191367,7485.89501953125,7485.89501953125,2677192,0.0,0.0
2012-08-13 00:00:00+07:00,7698.376114525329,7698.376114525329,7502.23911984967,7600.3076171875,5966036,0.0,0.0
2012-08-14 00:00:00+07:00,7485.894898792582,7665.687156605151,7485.894898792582,7567.61865234375,1528371,0.0,0.0
2012-08-15 00:00:00+07:00,7534.9287109375,7583.962960204953,7518.583961181683,7534.9287109375,2314703,0.0,0.0
2012-08-16 00:00:00+07:00,7583.963525374381,7649.342529269802,7485.89501953125,7485.89501953125,2950309,0.0,0.0
2012-08-17 00:00:00+07:00,7355.137084169704,7518.584595517796,7355.137084169704,7436.86083984375,1272915,0.0,0.0
2012-08-20 00:00:00+07:00,7518.583961181683,7551.273460693318,7436.860212402596,7534.9287109375,505732,0.0,0.0
2012-08-21 00:00:00+07:00,7518.583959904572,7518.583959904572,7175.3442150907085,7191.68896484375,5193324,0.0,0.0
2012-08-22 00:00:00+07:00,7191.68896484375,7355.136462374161,7158.999465337668,7191.68896484375,1018498,0.0,0.0
2012-08-23 00:00:00+07:00,7191.689501887863,7191.689501887863,6832.10498046875,6832.10498046875,2071551,0.0,0.0
2012-08-24 00:00:00+07:00,6537.8993933637,7028.241917353057,6521.554642564055,6881.13916015625,1615899,0.0,0.0
2012-08-27 00:00:00+07:00,6881.139417314151,6881.139417314151,6390.796875,6390.796875,2649913,0.0,0.0
2012-08-28 00:00:00+07:00,6407.140877306922,6537.898873302866,6194.659133813514,6227.3486328125,3311742,0.0,0.0
2012-08-29 00:00:00+07:00,6374.451853397624,6374.451853397624,6211.004346220906,6243.69384765625,3116357,0.0,0.0
2012-08-30 00:00:00+07:00,6243.69384765625,6292.728099809266,6211.004346220906,6243.69384765625,3229491,0.0,0.0
2012-08-31 00:00:00+07:00,6243.693875599393,6554.244140625,6227.349124808571,6554.244140625,4790207,0.0,0.0
2012-09-04 00:00:00+07:00,6848.449731442346,6881.139233389538,6635.967968785598,6832.10498046875,1140974,0.0,0.0
2012-09-05 00:00:00+07:00,6832.105307999359,6848.450059756521,6619.62353515625,6619.62353515625,1260434,0.0,0.0
2012-09-06 00:00:00+07:00,6537.899562015143,6619.623318121513,6390.796801023678,6439.8310546875,1011250,0.0,0.0
2012-09-07 00:00:00+07:00,6439.830589885322,6456.175339926896,6374.451589719031,6423.48583984375,613056,0.0,0.0
2012-09-10 00:00:00+07:00,6439.830806699886,6439.830806699886,6227.349049005659,6276.38330078125,551238,0.0,0.0
2012-09-11 00:00:00+07:00,6080.246270460904,6325.41752840265,6080.246270460904,6292.72802734375,533944,0.0,0.0
2012-09-12 00:00:00+07:00,6276.383713748105,6407.141727086491,6276.383713748105,6325.41796875,996093,0.0,0.0
2012-09-13 00:00:00+07:00,6358.107472084596,6358.107472084596,6260.038962080806,6325.41796875,828344,0.0,0.0
2012-09-14 00:00:00+07:00,6407.141727086491,6407.141727086491,6325.41796875,6325.41796875,833862,0.0,0.0
2012-09-17 00:00:00+07:00,6325.4175043736095,6341.762254840968,6260.038502504172,6309.07275390625,1840406,0.0,0.0
2012-09-18 00:00:00+07:00,6276.383447245943,6309.072949192508,6178.31494140625,6178.31494140625,980481,0.0,0.0
2012-09-19 00:00:00+07:00,5998.5224609375,6129.28046393329,5949.488209814079,5998.5224609375,4193621,0.0,0.0
2012-09-20 00:00:00+07:00,6014.867211311974,6080.246212809869,5965.8329601885525,5998.5224609375,919130,0.0,0.0
2012-09-21 00:00:00+07:00,6031.211937809767,6080.246188739069,5998.522437190232,6014.8671875,409956,0.0,0.0
2012-09-24 00:00:00+07:00,6014.867235254068,6014.867235254068,5965.8329839354665,5982.177734375,603940,0.0,0.0
2012-09-25 00:00:00+07:00,6014.867235254068,6014.867235254068,5965.8329839354665,5982.177734375,733845,0.0,0.0
2012-09-26 00:00:00+07:00,6014.867140262192,6063.901390806404,5965.832889717982,6047.556640625,751728,0.0,0.0
2012-09-27 00:00:00+07:00,6096.591617904213,6341.762899850541,6063.902113644703,6211.0048828125,1475310,0.0,0.0
2012-09-28 00:00:00+07:00,6211.004418877624,6276.383422513119,6178.314917059876,6194.65966796875,677255,0.0,0.0
2012-10-01 00:00:00+07:00,6112.936160187086,6145.62566332442,5998.522899206416,6031.21240234375,797407,0.0,0.0
2012-10-02 00:00:00+07:00,6031.21240234375,6063.901905481084,5998.522899206416,6031.21240234375,642020,0.0,0.0
2012-10-03 00:00:00+07:00,6031.21240234375,6080.246657049751,6031.21240234375,6031.21240234375,381925,0.0,0.0
2012-10-04 00:00:00+07:00,6031.211937809767,6063.901438429301,6014.8671875,6014.8671875,776711,0.0,0.0
2012-10-05 00:00:00+07:00,6047.556688119535,6047.556688119535,6014.8671875,6014.8671875,267574,0.0,0.0
2012-10-08 00:00:00+07:00,5982.178147637748,6063.901905481084,5982.178147637748,6031.21240234375,376588,0.0,0.0
2012-10-09 00:00:00+07:00,6047.556593641159,6211.004094185362,6031.211843586739,6080.24609375,833746,0.0,0.0
2012-10-10 00:00:00+07:00,6129.28076171875,6129.28076171875,6096.591259381613,6129.28076171875,364278,0.0,0.0
2012-10-11 00:00:00+07:00,6178.31504009369,6178.31504009369,6112.93603515625,6112.93603515625,929457,0.0,0.0
2012-10-12 00:00:00+07:00,6112.935617540723,6145.625117776204,6063.9013671875,6063.9013671875,265137,0.0,0.0
2012-10-15 00:00:00+07:00,6047.557153912417,6080.246657049751,6031.21240234375,6031.21240234375,371417,0.0,0.0
2012-10-16 00:00:00+07:00,6014.867116834277,6080.246117305241,6014.867116834277,6063.9013671875,390453,0.0,0.0
2012-10-17 00:00:00+07:00,6047.556617069759,6096.590867422981,6047.556617069759,6063.9013671875,154849,0.0,0.0
2012-10-18 00:00:00+07:00,6063.901462435395,6063.901462435395,5998.5224609375,5998.5224609375,350632,0.0,0.0
2012-10-19 00:00:00+07:00,6047.556736133136,6047.556736133136,5949.488233495933,5982.177734375,464983,0.0,0.0
2012-10-22 00:00:00+07:00,6031.211516200023,6031.211516200023,5965.83251953125,5965.83251953125,333338,0.0,0.0
2012-10-23 00:00:00+07:00,5965.83251953125,5982.177268698443,5949.487770364057,5965.83251953125,851270,0.0,0.0
2012-10-24 00:00:00+07:00,5965.83251953125,5982.177268698443,5965.83251953125,5965.83251953125,475841,0.0,0.0
2012-10-25 00:00:00+07:00,5916.7982720296695,5965.83251953125,5916.7982720296695,5965.83251953125,476363,0.0,0.0
2012-10-26 00:00:00+07:00,5965.833031820726,5965.833031820726,5916.798780108547,5949.48828125,185271,0.0,0.0
2012-10-29 00:00:00+07:00,5916.799290986758,5949.488794950743,5916.799290986758,5933.14404296875,450301,0.0,0.0
2012-10-30 00:00:00+07:00,5867.76513671875,5916.799393514404,5867.76513671875,5867.76513671875,548103,0.0,0.0
2012-10-31 00:00:00+07:00,5867.765162493263,5884.1099148302765,5851.42041015625,5851.42041015625,531039,0.0,0.0
2012-11-01 00:00:00+07:00,5786.041400808197,5884.1099148302765,5786.041400808197,5851.42041015625,406937,0.0,0.0
2012-11-02 00:00:00+07:00,5606.2490746926,5655.283331262749,5573.5595703125,5573.5595703125,561915,0.0,0.0
2012-11-05 00:00:00+07:00,5328.387397638124,5573.558639546058,5312.042648177595,5540.869140625,568596,0.0,0.0
2012-11-06 00:00:00+07:00,5622.592981980445,5622.592981980445,5475.490234375,5475.490234375,260379,0.0,0.0
2012-11-07 00:00:00+07:00,5540.870091484575,5589.904348280849,5508.180586953725,5557.21484375,258809,0.0,0.0
2012-11-08 00:00:00+07:00,5589.904348280849,5589.904348280849,5524.52533921915,5557.21484375,211447,0.0,0.0
2012-11-09 00:00:00+07:00,5557.21484375,5573.559596015425,5524.52533921915,5557.21484375,134652,0.0,0.0
2012-11-12 00:00:00+07:00,5606.248370141988,5753.351121365682,5606.248370141988,5720.66162109375,693216,0.0,0.0
2012-11-13 00:00:00+07:00,5737.006394938274,5753.351145141785,5704.31689453125,5704.31689453125,180624,0.0,0.0
2012-11-14 00:00:00+07:00,5737.006371229716,5737.006371229716,5687.972120821818,5720.66162109375,182889,0.0,0.0
2012-11-15 00:00:00+07:00,5720.661692425564,5720.661692425564,5671.62744140625,5671.62744140625,265190,0.0,0.0
2012-11-16 00:00:00+07:00,5704.316990191692,5704.316990191692,5638.93798828125,5638.93798828125,102033,0.0,0.0
2012-11-19 00:00:00+07:00,5687.972861873399,5687.972861873399,5557.21484375,5557.21484375,794798,0.0,0.0
2012-11-20 00:00:00+07:00,5508.180586953725,5573.559596015425,5508.180586953725,5557.21484375,3621529,0.0,0.0
2012-11-21 00:00:00+07:00,5606.248138467116,5606.248138467116,5540.869140625,5540.869140625,121358,0.0,0.0
2012-11-22 00:00:00+07:00,5557.213890085529,5557.213890085529,5524.524391164471,5540.869140625,228972,0.0,0.0
2012-11-23 00:00:00+07:00,5573.558639546058,5573.558639546058,5540.869140625,5540.869140625,333338,0.0,0.0
2012-11-26 00:00:00+07:00,5557.214428917236,5557.214428917236,5508.18017578125,5508.18017578125,223695,0.0,0.0
2012-11-27 00:00:00+07:00,5508.179757222441,5524.524507025755,5459.1455078125,5459.1455078125,286849,0.0,0.0
2012-11-28 00:00:00+07:00,5475.490847667056,5475.490847667056,5393.76708984375,5393.76708984375,4461843,0.0,0.0
2012-11-29 00:00:00+07:00,5393.767191079494,5410.111942950931,5328.38818359375,5328.38818359375,428014,0.0,0.0
2012-11-30 00:00:00+07:00,5344.73291015625,5361.077661950289,5328.388158362212,5344.73291015625,10913669,0.0,0.0
2012-12-03 00:00:00+07:00,5344.7329609298695,5344.7329609298695,5295.698705081941,5312.04345703125,315523,0.0,0.0
2012-12-04 00:00:00+07:00,5263.008647066795,5361.0771484375,5246.663896838344,5361.0771484375,543581,0.0,0.0
2012-12-05 00:00:00+07:00,5361.077661950289,5426.4566691264445,5279.353902980095,5344.73291015625,888944,0.0,0.0
2012-12-06 00:00:00+07:00,5295.698705081941,5344.7329609298695,5295.698705081941,5312.04345703125,385174,0.0,0.0
2012-12-07 00:00:00+07:00,5279.353515625,5328.38776740939,5263.008765030203,5279.353515625,235530,0.0,0.0
2012-12-10 00:00:00+07:00,5312.043406568173,5344.73291015625,5295.6986547741335,5344.73291015625,2735067,0.0,0.0
2012-12-11 00:00:00+07:00,5312.04345703125,5344.7329609298695,5312.04345703125,5312.04345703125,239600,0.0,0.0
2012-12-12 00:00:00+07:00,5312.043332020445,5475.490847667056,5312.043332020445,5393.76708984375,839893,0.0,0.0
2012-12-13 00:00:00+07:00,5410.111304744181,5459.145554574137,5377.421804857543,5426.4560546875,807795,0.0,0.0
2012-12-14 00:00:00+07:00,5410.111841408411,5475.490847667056,5393.76708984375,5393.76708984375,356204,0.0,0.0
2012-12-17 00:00:00+07:00,5393.766625156518,5459.1456257825885,5361.077124843482,5377.421875,521574,0.0,0.0
2012-12-18 00:00:00+07:00,5312.042992708123,5377.421994790615,5295.6982421875,5295.6982421875,552982,0.0,0.0
2012-12-19 00:00:00+07:00,5377.422264173584,5508.180274888916,5328.388010155335,5442.80126953125,876928,0.0,0.0
2012-12-20 00:00:00+07:00,5475.490400036655,5475.490400036655,5361.0771484375,5361.0771484375,413618,0.0,0.0
2012-12-21 00:00:00+07:00,5361.077687336622,5393.767191079494,5279.353927979441,5328.38818359375,2219564,0.0,0.0
2012-12-24 00:00:00+07:00,5344.732304970906,5442.800804630819,5344.732304970906,5426.4560546875,906005,0.0,0.0
2012-12-25 00:00:00+07:00,5426.4560546875,5442.800804630819,5393.766554800863,5426.4560546875,1097269,0.0,0.0
2012-12-26 00:00:00+07:00,5410.111527751563,5606.24853515625,5393.766777134506,5606.24853515625,1768153,0.0,0.0
2012-12-27 00:00:00+07:00,5638.937755866797,5851.419503318086,5638.937755866797,5802.38525390625,2014033,0.0,0.0
2012-12-28 00:00:00+07:00,5802.385816667566,5802.385816667566,5737.006811110811,5753.3515625,885173,0.0,0.0
2013-01-02 00:00:00+07:00,5769.6960249720105,5982.177782391453,5769.6960249720105,5949.48828125,2207555,0.0,0.0
2013-01-03 00:00:00+07:00,5949.48889804484,5982.178402575276,5769.696623127443,5867.76513671875,2246095,0.0,0.0
2013-01-04 00:00:00+07:00,5835.075027254916,5949.48828125,5818.730276684189,5949.48828125,1613754,0.0,0.0
2013-01-07 00:00:00+07:00,5916.798828125,5965.833080235106,5884.109326718263,5916.798828125,1187408,0.0,0.0
2013-01-08 00:00:00+07:00,5933.144096606662,6211.0048828125,5916.799344476906,6211.0048828125,3110381,0.0,0.0
2013-01-09 00:00:00+07:00,6521.5549117051605,6521.5549117051605,6292.728391066578,6374.4521484375,9220427,0.0,0.0
2013-01-10 00:00:00+07:00,6325.417771979227,6505.21003472654,6309.07302082038,6456.17578125,3755781,0.0,0.0
2013-01-11 00:00:00+07:00,6456.175435291767,6488.864935857773,6341.762183310747,6358.10693359375,3568647,0.0,0.0
2013-01-14 00:00:00+07:00,6243.693970033911,6292.728223148008,6145.625463805717,6161.97021484375,3016005,0.0,0.0
2013-01-15 00:00:00+07:00,6161.970094067891,6325.417601244609,6161.970094067891,6243.69384765625,2581413,0.0,0.0
2013-01-16 00:00:00+07:00,6309.07275390625,6407.141256710404,6243.693752036814,6309.07275390625,2293463,0.0,0.0
2013-01-17 00:00:00+07:00,6292.727630810472,6325.417129809458,6227.3486328125,6227.3486328125,2752479,0.0,0.0
2013-01-18 00:00:00+07:00,6178.314917059876,6227.349169786497,6161.970166151003,6194.65966796875,2899273,0.0,0.0
2013-01-21 00:00:00+07:00,6178.314965881782,6211.004467957847,6129.280712767685,6161.97021484375,2590938,0.0,0.0
2013-01-22 00:00:00+07:00,6161.969867893945,6194.659368129427,5933.143366245573,6063.9013671875,2166457,0.0,0.0
2013-01-23 00:00:00+07:00,6031.211866952019,6096.590867422981,6031.211866952019,6063.9013671875,1117526,0.0,0.0
2013-01-24 00:00:00+07:00,6096.591617904213,6227.349634942255,6096.591617904213,6211.0048828125,822195,0.0,0.0
2013-01-25 00:00:00+07:00,6276.383089469595,6456.175339926896,6276.383089469595,6423.48583984375,6052098,0.0,0.0
2013-01-28 00:00:00+07:00,6456.175708017159,6668.65747067197,6456.175708017159,6505.2099609375,3242089,0.0,0.0
2013-01-29 00:00:00+07:00,6488.865283567693,6537.899537044233,6439.8310300911535,6456.17578125,1202267,0.0,0.0
2013-01-30 00:00:00+07:00,6537.898744854278,6799.414731708222,6537.898744854278,6668.65673828125,4002940,0.0,0.0
2013-01-31 00:00:00+07:00,6635.967894579107,6652.312645369929,6537.899389834179,6554.244140625,2128320,0.0,0.0
2013-02-01 00:00:00+07:00,6537.899537044233,6537.899537044233,6374.452025455767,6456.17578125,3980186,0.0,0.0
2013-02-04 00:00:00+07:00,6505.210059572595,6505.210059572595,6407.141552244952,6439.8310546875,966839,0.0,0.0
2013-02-05 00:00:00+07:00,6390.796363179782,6439.830613484187,6358.106862976845,6407.14111328125,1063368,0.0,0.0
2013-02-06 00:00:00+07:00,6390.796801023678,6537.899562015143,6390.796801023678,6439.8310546875,643705,0.0,0.0
2013-02-07 00:00:00+07:00,6456.175756715765,6472.5205078125,6423.486254522296,6472.5205078125,1088272,0.0,0.0
2013-02-08 00:00:00+07:00,6488.865209964053,6619.623217751629,6456.175708017159,6505.2099609375,534981,0.0,0.0
2013-02-18 00:00:00+07:00,6505.209426519872,6570.588425042628,6488.864676889183,6537.89892578125,760433,0.0,0.0
2013-02-19 00:00:00+07:00,6537.898995508774,6554.243745313781,6472.519996288743,6488.86474609375,976648,0.0,0.0
2013-02-20 00:00:00+07:00,6407.14152777346,6488.865283567693,6407.14152777346,6456.17578125,3028892,0.0,0.0
2013-02-21 00:00:00+07:00,6456.175508112482,6472.5202585798415,6309.07275390625,6309.07275390625,1785274,0.0,0.0
2013-02-22 00:00:00+07:00,6358.107029461548,6439.830782108797,6129.280522049254,6292.72802734375,1961729,0.0,0.0
2013-02-25 00:00:00+07:00,6358.1070537405685,6358.1070537405685,6260.038550189387,6276.38330078125,2144071,0.0,0.0
2013-02-26 00:00:00+07:00,6276.383675873757,6276.383675873757,6031.21240234375,6031.21240234375,5196458,0.0,0.0
2013-02-27 00:00:00+07:00,5982.177734375,6096.5909874517365,5965.8329839354665,5982.177734375,1768093,0.0,0.0
2013-02-28 00:00:00+07:00,5982.177639899385,6080.246140987807,5982.177639899385,6047.556640625,1109053,0.0,0.0
2013-03-01 00:00:00+07:00,6063.901390806404,6063.901390806404,6014.867140262192,6047.556640625,562329,0.0,0.0
2013-03-04 00:00:00+07:00,6031.212083048579,6031.212083048579,5884.109326718263,5916.798828125,1309190,0.0,0.0
2013-03-05 00:00:00+07:00,5884.109448436928,5916.798950519879,5835.0751953125,5835.0751953125,1131635,0.0,0.0
2013-03-06 00:00:00+07:00,5835.075074608158,5933.143578828368,5835.075074608158,5916.798828125,621651,0.0,0.0
2013-03-07 00:00:00+07:00,5965.833129187422,5965.833129187422,5818.730371650062,5884.109375,672550,0.0,0.0
2013-03-08 00:00:00+07:00,5867.764434712094,6031.211937809767,5867.764434712094,6014.8671875,1116193,0.0,0.0
2013-03-11 00:00:00+07:00,6014.86752775009,6129.28078639061,6014.86752775009,6112.93603515625,455873,0.0,0.0
2013-03-12 00:00:00+07:00,6080.24653268753,6178.31504009369,6031.21227898445,6112.93603515625,390686,0.0,0.0
2013-03-13 00:00:00+07:00,6145.625117776204,6145.625117776204,6047.556617069759,6063.9013671875,385348,0.0,0.0
2013-03-14 00:00:00+07:00,6129.280811194759,6129.280811194759,6063.901805992741,6096.59130859375,293808,0.0,0.0
2013-03-15 00:00:00+07:00,6112.935593858841,6112.935593858841,6063.90134369558,6080.24609375,80087,0.0,0.0
2013-03-18 00:00:00+07:00,6096.591408618418,6112.936160187086,6031.21240234375,6031.21240234375,316685,0.0,0.0
2013-03-19 00:00:00+07:00,5998.522390080789,6063.901390806404,5998.522390080789,6047.556640625,361490,0.0,0.0
2013-03-20 00:00:00+07:00,6096.590843804421,6129.280343913261,6047.556593641159,6080.24609375,961674,0.0,0.0
2013-03-21 00:00:00+07:00,6112.935841914876,6309.072850526937,6096.591091197203,6243.69384765625,6004970,0.0,0.0
2013-03-22 00:00:00+07:00,6309.073395591031,6505.210421148093,6211.0048828125,6211.0048828125,3845400,0.0,0.0
2013-03-25 00:00:00+07:00,6325.41752840265,6325.41752840265,6243.6937757554015,6292.72802734375,1006721,0.0,0.0
2013-03-26 00:00:00+07:00,6341.761832836088,6341.761832836088,6260.0380859375,6260.0380859375,803330,0.0,0.0
2013-03-27 00:00:00+07:00,6243.693945299378,6260.038696272661,6178.31494140625,6178.31494140625,1086067,0.0,0.0
2013-03-28 00:00:00+07:00,6194.659692379532,6243.693945299378,6178.31494140625,6178.31494140625,568476,0.0,0.0
2013-03-29 00:00:00+07:00,6178.31494140625,6211.004443352815,6129.280688486404,6178.31494140625,1069812,0.0,0.0
2013-04-01 00:00:00+07:00,6145.625296046342,6276.38330078125,6145.625296046342,6276.38330078125,827362,0.0,0.0
2013-04-02 00:00:00+07:00,6292.728465415404,6439.831230421088,6292.728465415404,6325.41796875,2650139,0.0,0.0
2013-04-03 00:00:00+07:00,6341.762303148705,6358.1070537405685,6276.38330078125,6276.38330078125,1432361,0.0,0.0
2013-04-04 00:00:00+07:00,6292.727630810472,6292.727630810472,6211.003883313008,6227.3486328125,1279183,0.0,0.0
2013-04-05 00:00:00+07:00,6211.004298413796,6276.38330078125,6211.004298413796,6276.38330078125,714748,0.0,0.0
2013-04-08 00:00:00+07:00,6276.382998628649,6488.86474609375,6276.382998628649,6488.86474609375,4538289,0.0,0.0
2013-04-09 00:00:00+07:00,6505.210174787894,6799.415701981567,6488.865423277134,6685.00244140625,5423415,0.0,0.0
2013-04-10 00:00:00+07:00,6701.346972618864,6701.346972618864,6505.2099609375,6505.2099609375,2353996,0.0,0.0
2013-04-11 00:00:00+07:00,6505.209613890061,6505.209613890061,6358.106862976845,6407.14111328125,1813947,0.0,0.0
2013-04-12 00:00:00+07:00,6456.175905808423,6488.865408756791,6325.417894014947,6374.4521484375,2540326,0.0,0.0
2013-04-15 00:00:00+07:00,6292.728198219225,6374.451953085636,6145.625439459686,6178.31494140625,3603595,0.0,0.0
2013-04-16 00:00:00+07:00,6178.315015224455,6194.659766393023,6014.8675035387705,6129.28076171875,799382,0.0,0.0
2013-04-17 00:00:00+07:00,6243.69438707201,6292.728643461275,6129.281122163724,6211.0048828125,612590,0.0,0.0
2013-04-18 00:00:00+07:00,6145.625141713422,6178.31464207623,6031.2118904435965,6047.556640625,788584,0.0,0.0
2013-04-22 00:00:00+07:00,6129.280911755753,6129.280911755753,6031.21240234375,6031.21240234375,948444,0.0,0.0
2013-04-23 00:00:00+07:00,6112.936059894254,6112.936059894254,6047.557054692236,6096.59130859375,411296,0.0,0.0
2013-04-24 00:00:00+07:00,6129.280367658464,6129.280367658464,6031.211866952019,6063.9013671875,872691,0.0,0.0
2013-04-25 00:00:00+07:00,6145.625093967681,6145.625093967681,6063.90134369558,6080.24609375,268038,0.0,0.0
2013-04-26 00:00:00+07:00,6080.24609375,6112.935593858841,6063.90134369558,6080.24609375,300019,0.0,0.0
2013-05-02 00:00:00+07:00,6112.935641350615,6112.935641350615,6047.556640625,6047.556640625,384709,0.0,0.0
2013-05-03 00:00:00+07:00,6063.9013671875,6080.246117305241,6047.556617069759,6063.9013671875,425572,0.0,0.0
2013-05-06 00:00:00+07:00,6112.935341520042,6260.0380859375,6063.9010933808895,6260.0380859375,1093843,0.0,0.0
2013-05-07 00:00:00+07:00,6211.004517561592,6260.038771067298,6129.28076171875,6129.28076171875,528251,0.0,0.0
2013-05-08 00:00:00+07:00,6211.004443352815,6227.349194326097,6145.625439459686,6178.31494140625,710346,0.0,0.0
2013-05-09 00:00:00+07:00,6211.004443352815,6211.004443352815,6178.31494140625,6178.31494140625,468698,0.0,0.0
2013-05-10 00:00:00+07:00,6211.004418877624,6211.004418877624,6178.314917059876,6194.65966796875,375535,0.0,0.0
2013-05-13 00:00:00+07:00,6243.69438707201,6243.69438707201,6194.660130682744,6211.0048828125,640165,0.0,0.0
2013-05-14 00:00:00+07:00,6211.004298413796,6423.486056108023,6211.004298413796,6276.38330078125,1868343,0.0,0.0
2013-05-15 00:00:00+07:00,6325.417943709905,6341.7626953125,6276.38368890212,6341.7626953125,1489887,0.0,0.0
2013-05-16 00:00:00+07:00,6374.452198517691,6374.452198517691,6292.728440504715,6341.7626953125,750737,0.0,0.0
2013-05-17 00:00:00+07:00,6325.41752840265,6341.762278932099,6292.72802734375,6292.72802734375,600753,0.0,0.0
2013-05-20 00:00:00+07:00,6292.727839511168,6505.209590051613,6292.727839511168,6423.48583984375,1807505,0.0,0.0
2013-05-21 00:00:00+07:00,6750.381657735509,6864.794921875,6554.2446334963815,6864.794921875,10617278,0.0,0.0
2013-05-22 00:00:00+07:00,6864.794507002657,6897.4840090669295,6815.76025390625,6815.76025390625,2746618,0.0,0.0
2013-05-23 00:00:00+07:00,6750.381249777706,6897.4840090669295,6750.381249777706,6815.76025390625,3604463,0.0,0.0
2013-05-24 00:00:00+07:00,6815.760665815218,6930.173929954709,6799.415913795291,6864.794921875,1891612,0.0,0.0
2013-05-27 00:00:00+07:00,7077.276492095437,7109.965995183612,6979.207982830912,6995.552734375,2114329,0.0,0.0
2013-05-28 00:00:00+07:00,7028.242162692299,7077.276416802903,6995.552659951895,7044.5869140625,1920634,0.0,0.0
2013-05-29 00:00:00+07:00,7109.9652160785445,7257.067963855914,7060.930966819421,7191.68896484375,4728240,0.0,0.0
2013-05-30 00:00:00+07:00,7159.000462813367,7191.6899668741335,7109.966206722218,7175.34521484375,1709701,0.0,0.0
2013-05-31 00:00:00+07:00,7191.689332988827,7436.860591834846,7191.689332988827,7273.4130859375,3370196,0.0,0.0
2013-06-03 00:00:00+07:00,7273.413134208919,7338.792137001757,7208.03413141608,7240.7236328125,1816270,0.0,0.0
2013-06-04 00:00:00+07:00,7240.723537133579,7453.205293402571,7240.723537133579,7306.1025390625,5409256,0.0,0.0
2013-06-05 00:00:00+07:00,7355.137157560451,7436.860914049949,7355.137157560451,7387.82666015625,664537,0.0,0.0
2013-06-06 00:00:00+07:00,7306.102305099275,7469.5498046875,7306.102305099275,7469.5498046875,1097211,0.0,0.0
2013-06-07 00:00:00+07:00,7502.239844382987,7518.584595517796,7355.137084169704,7436.86083984375,842799,0.0,0.0
2013-06-10 00:00:00+07:00,7518.5845707299395,7518.5845707299395,7436.860815325327,7453.20556640625,1487217,0.0,0.0
2013-06-11 00:00:00+07:00,7453.205665347849,7453.205665347849,7355.137157560451,7387.82666015625,1654443,0.0,0.0
2013-06-12 00:00:00+07:00,7355.13671875,7387.826219395531,7306.102467781705,7355.13671875,1126060,0.0,0.0
2013-06-13 00:00:00+07:00,7306.1025390625,7355.13679050919,7273.41303809804,7306.1025390625,2400317,0.0,0.0
2013-06-14 00:00:00+07:00,7338.792161519707,7338.792161519707,7224.37890625,7224.37890625,1495167,0.0,0.0
2013-06-17 00:00:00+07:00,7273.412904716193,7273.412904716193,7060.93115234375,7060.93115234375,1424118,0.0,0.0
2013-06-18 00:00:00+07:00,7060.930732003457,7060.930732003457,6962.862236746543,7011.896484375,1912628,0.0,0.0
2013-06-19 00:00:00+07:00,7028.24169921875,7093.620700388175,6995.552198634038,7028.24169921875,614449,0.0,0.0
2013-06-20 00:00:00+07:00,7060.931740551349,7060.931740551349,6979.207982830912,6995.552734375,838099,0.0,0.0
2013-06-21 00:00:00+07:00,6962.862769072173,6979.20751953125,6864.794266317715,6979.20751953125,2321435,0.0,0.0
2013-06-24 00:00:00+07:00,6979.207567549312,6979.207567549312,6897.483814691657,6946.51806640625,1271997,0.0,0.0
2013-06-25 00:00:00+07:00,6897.483586177729,6930.173086237786,6701.346585817386,6766.7255859375,3881972,0.0,0.0
2013-06-26 00:00:00+07:00,6717.691312606079,6799.41506247348,6717.691312606079,6783.0703125,1225203,0.0,0.0
2013-06-27 00:00:00+07:00,6832.105029525664,6848.449780616621,6766.726025161835,6799.41552734375,1469971,0.0,0.0
2013-06-28 00:00:00+07:00,6946.518237283923,6946.518237283923,6832.10498046875,6832.10498046875,660657,0.0,0.0
2013-07-01 00:00:00+07:00,6881.139673894927,6881.139673894927,6799.415913795291,6864.794921875,249349,0.0,0.0
2013-07-02 00:00:00+07:00,6881.139087959283,6995.552342356375,6864.794337331126,6930.17333984375,478098,0.0,0.0
2013-07-03 00:00:00+07:00,6962.86279296875,6962.86279296875,6897.483790908063,6962.86279296875,955120,0.0,0.0
2013-07-04 00:00:00+07:00,6979.207835358961,7191.689600942319,6962.863084160242,7093.62109375,8746317,0.0,0.0
2013-07-05 00:00:00+07:00,7093.621044703581,7142.6552979607095,7044.586791446452,7126.310546875,1511069,0.0,0.0
2013-07-08 00:00:00+07:00,7142.654951265243,7142.654951265243,7028.24169921875,7028.24169921875,650907,0.0,0.0
2013-07-09 00:00:00+07:00,7028.241795029437,7028.241795029437,6897.483790908063,6962.86279296875,516123,0.0,0.0
2013-07-10 00:00:00+07:00,6962.862816977781,6979.207567549312,6913.8285652631885,6946.51806640625,247030,0.0,0.0
2013-07-11 00:00:00+07:00,6962.862841100063,6962.862841100063,6897.483838587438,6930.17333984375,630702,0.0,0.0
2013-07-12 00:00:00+07:00,6913.828447172257,7028.24169921875,6913.828447172257,7028.24169921875,592977,0.0,0.0
2013-07-15 00:00:00+07:00,7077.276416802903,7077.276416802903,6979.207908581693,7044.5869140625,1020593,0.0,0.0
2013-07-16 00:00:00+07:00,7077.276293617872,7175.344800132129,7044.586791446452,7126.310546875,800428,0.0,0.0
2013-07-17 00:00:00+07:00,7191.689526526277,7191.689526526277,7142.6552734375,7142.6552734375,1073875,0.0,0.0
2013-07-18 00:00:00+07:00,7142.6548794180335,7191.689129801872,7077.27587890625,7077.27587890625,494297,0.0,0.0
2013-07-19 00:00:00+07:00,7142.655710782984,7175.34521484375,7077.276702661451,7175.34521484375,660886,0.0,0.0
2013-07-22 00:00:00+07:00,7240.724222965283,7240.724222965283,7109.966206722218,7175.34521484375,596802,0.0,0.0
2013-07-23 00:00:00+07:00,7175.344800132129,7175.344800132129,7109.9657957892905,7126.310546875,2126437,0.0,0.0
2013-07-24 00:00:00+07:00,7060.931199803463,7093.620700388175,7028.24169921875,7028.24169921875,3074221,0.0,0.0
2013-07-25 00:00:00+07:00,7093.62109375,7142.65534734616,7028.242088955121,7093.62109375,625884,0.0,0.0
2013-07-26 00:00:00+07:00,7126.309728841399,7126.309728841399,6995.551735165514,7011.896484375,454186,0.0,0.0
2013-07-29 00:00:00+07:00,7011.897141914229,7011.897141914229,6864.794385234328,6897.48388671875,1041317,0.0,0.0
2013-07-30 00:00:00+07:00,6881.138946587545,7028.24169921875,6864.794196295189,7028.24169921875,1945422,0.0,0.0
2013-07-31 00:00:00+07:00,7077.275950095818,7077.275950095818,6979.207448341682,7028.24169921875,484897,0.0,0.0
2013-08-01 00:00:00+07:00,7028.241233584486,7044.585982793971,7011.896484375,7011.896484375,663853,0.0,0.0
2013-08-02 00:00:00+07:00,7077.275902526246,7093.6206527087415,7044.586402161254,7060.93115234375,452329,0.0,0.0
2013-08-05 00:00:00+07:00,7077.276078860685,7420.515841245111,7077.276078860685,7273.4130859375,3514338,0.0,0.0
2013-08-06 00:00:00+07:00,7273.413401070952,7404.17141145415,7273.413401070952,7387.82666015625,2759907,0.0,0.0
2013-08-07 00:00:00+07:00,7436.860646661882,7632.997655184685,7404.171145241415,7567.61865234375,6073814,0.0,0.0
2013-08-08 00:00:00+07:00,7567.618924433147,7567.618924433147,7387.82666015625,7387.82666015625,2110968,0.0,0.0
2013-08-09 00:00:00+07:00,7387.82656208256,7453.20556640625,7371.481811001638,7453.20556640625,1189678,0.0,0.0
2013-08-12 00:00:00+07:00,7485.895118036983,7485.895118036983,7387.826610903384,7420.51611328125,1535330,0.0,0.0
2013-08-13 00:00:00+07:00,7420.516088708941,7502.239844382987,7387.826586439323,7436.86083984375,2475258,0.0,0.0
2013-08-14 00:00:00+07:00,7436.860304769855,7469.5498046875,7404.17080485221,7469.5498046875,2514200,0.0,0.0
2013-08-15 00:00:00+07:00,7404.171264661974,7551.274023426671,7338.792260766554,7485.89501953125,4674699,0.0,0.0
2013-08-16 00:00:00+07:00,7469.550220053094,7518.58447265625,7387.8264657145,7518.58447265625,1858706,0.0,0.0
2013-08-19 00:00:00+07:00,7518.584688420512,7780.100709808858,7502.23993708374,7698.376953125,3123849,0.0,0.0
2013-08-20 00:00:00+07:00,7682.031786060739,7698.376536512985,7583.963283347271,7649.34228515625,4922253,0.0,0.0
2013-08-21 00:00:00+07:00,7649.342381539014,7649.342381539014,7355.136869691575,7583.96337890625,2744819,0.0,0.0
2013-08-22 00:00:00+07:00,7583.963625170581,7583.963625170581,7371.48185971445,7420.51611328125,2688281,0.0,0.0
2013-08-23 00:00:00+07:00,7436.860542920342,7453.205293402571,7273.41303809804,7306.1025390625,3137023,0.0,0.0
2013-08-26 00:00:00+07:00,7289.75732421875,7322.446823100871,7191.688827572386,7289.75732421875,3085076,0.0,0.0
2013-08-27 00:00:00+07:00,7338.79211259425,7338.79211259425,7224.378858087301,7257.068359375,712082,0.0,0.0
2013-08-28 00:00:00+07:00,7159.000249815875,7191.689752904049,6897.484225110475,6995.552734375,3820388,0.0,0.0
2013-08-29 00:00:00+07:00,6962.86279296875,7109.965547605295,6962.86279296875,6962.86279296875,946353,0.0,0.0
2013-08-30 00:00:00+07:00,7028.242162692299,7060.931665432702,6946.518405841291,7044.5869140625,2467483,0.0,0.0
2013-09-03 00:00:00+07:00,7142.655498271787,7142.655498271787,6995.552734375,6995.552734375,340479,0.0,0.0
2013-09-04 00:00:00+07:00,7044.585982793971,7077.275481212942,6962.862236746543,7011.896484375,105628693,0.0,0.0
2013-09-05 00:00:00+07:00,7060.931518289538,7159.000024467093,6995.552514171168,7142.6552734375,8915866,0.0,0.0
2013-09-06 00:00:00+07:00,7175.344630019661,7338.792137001757,7126.310377925032,7240.7236328125,60140773,0.0,0.0
2013-09-09 00:00:00+07:00,7240.723404351202,7240.723404351202,7011.896901796264,7060.93115234375,792821,0.0,0.0
2013-09-10 00:00:00+07:00,7060.9315668862455,7175.344824880839,7060.9315668862455,7109.9658203125,359107,0.0,0.0
2013-09-11 00:00:00+07:00,7175.344379673926,7240.723380185709,7077.27587890625,7077.27587890625,1351387,0.0,0.0
2013-09-12 00:00:00+07:00,7044.586449511106,7126.310200972886,7028.24169921875,7028.24169921875,1117469,0.0,0.0
2013-09-13 00:00:00+07:00,6995.552734375,7077.276492095437,6995.552734375,6995.552734375,4696341,0.0,0.0
2013-09-16 00:00:00+07:00,7011.897020449403,7028.241770908479,6962.862769072173,6979.20751953125,996740,0.0,0.0
2013-09-17 00:00:00+07:00,7011.896484375,7077.275481212942,6962.862236746543,7011.896484375,918842,0.0,0.0
2013-09-18 00:00:00+07:00,7077.27587890625,7158.99962954598,7028.241628522412,7077.27587890625,1661352,0.0,0.0
2013-09-19 00:00:00+07:00,7126.31059614744,7175.344849743599,7093.62109375,7093.62109375,796417,0.0,0.0
2013-09-20 00:00:00+07:00,7093.621069170415,7142.655322596669,7093.621069170415,7109.9658203125,257708,0.0,0.0
2013-09-23 00:00:00+07:00,7109.965603580351,7273.413110018851,7109.965603580351,7257.068359375,6631092,0.0,0.0
2013-09-24 00:00:00+07:00,7273.413401070952,7453.205665347849,7273.413401070952,7387.82666015625,3688100,0.0,0.0
2013-09-25 00:00:00+07:00,7404.171511500008,7420.516263018759,7289.758250868746,7322.44775390625,2799598,0.0,0.0
2013-09-26 00:00:00+07:00,7322.4476549646515,7387.82666015625,7273.413401070952,7387.82666015625,1794161,0.0,0.0
2013-09-27 00:00:00+07:00,7404.170969718296,7404.170969718296,7289.75771745894,7355.13671875,899455,0.0,0.0
2013-09-30 00:00:00+07:00,7420.515696122745,7420.515696122745,7338.791944772336,7371.4814453125,1112764,0.0,0.0
2013-10-01 00:00:00+07:00,7338.792505425002,7404.171511500008,7322.44775390625,7322.44775390625,1797349,0.0,0.0
2013-10-02 00:00:00+07:00,7322.447194502254,7387.826195582581,7322.447194502254,7371.4814453125,727115,0.0,0.0
2013-10-03 00:00:00+07:00,7371.482008462504,7371.482008462504,7306.103002387498,7322.44775390625,1045668,0.0,0.0
2013-10-04 00:00:00+07:00,7355.137059920715,7485.895068568095,7322.44755775887,7453.20556640625,2645561,0.0,0.0
2013-10-07 00:00:00+07:00,7436.860212402596,7567.618210449135,7436.860212402596,7534.9287109375,2129307,0.0,0.0
2013-10-08 00:00:00+07:00,7534.929247935093,7534.929247935093,7453.205493331737,7502.23974609375,6431350,0.0,0.0
2013-10-09 00:00:00+07:00,7502.239304605145,7534.928804522789,7453.205054728677,7469.5498046875,1179347,0.0,0.0
2013-10-10 00:00:00+07:00,7453.205196662909,7485.894697203072,7371.4814453125,7371.4814453125,1506078,0.0,0.0
2013-10-11 00:00:00+07:00,7404.170969718296,7436.860470363827,7338.791968427236,7355.13671875,1129543,0.0,0.0
2013-10-14 00:00:00+07:00,7371.481492938867,7371.481492938867,7306.102491436133,7338.7919921875,952214,0.0,0.0
2013-10-15 00:00:00+07:00,7371.481835304514,7436.86083984375,7355.137084169704,7436.86083984375,856379,0.0,0.0
2013-10-16 00:00:00+07:00,7469.5498046875,7469.5498046875,7404.17080485221,7469.5498046875,2099763,0.0,0.0
2013-10-17 00:00:00+07:00,7534.929247935093,7583.9635006971075,7469.550244252407,7502.23974609375,2919818,0.0,0.0
2013-10-18 00:00:00+07:00,7518.583938088769,7649.3419357336925,7518.583938088769,7551.2734375,2902406,0.0,0.0
2013-10-21 00:00:00+07:00,7551.2734375,7616.652436322462,7534.928687794385,7551.2734375,2367696,0.0,0.0
2013-10-22 00:00:00+07:00,7502.239721788532,7551.273974391688,7502.239721788532,7518.58447265625,1377164,0.0,0.0
2013-10-23 00:00:00+07:00,7485.894438677538,7551.2734375,7485.894438677538,7551.2734375,1502829,0.0,0.0
2013-10-24 00:00:00+07:00,7518.58447265625,7600.3082269948445,7518.58447265625,7518.58447265625,2062910,0.0,0.0
2013-10-25 00:00:00+07:00,7502.239819649018,7518.5845707299395,7436.860815325327,7453.20556640625,1494407,0.0,0.0
2013-10-28 00:00:00+07:00,7518.584620414849,7518.584620414849,7420.51611328125,7420.51611328125,699830,0.0,0.0
2013-10-29 00:00:00+07:00,7387.82656208256,7469.550317487173,7387.82656208256,7453.20556640625,690491,0.0,0.0
2013-10-30 00:00:00+07:00,7453.205469185375,7567.618725259406,7453.205469185375,7518.58447265625,1457903,0.0,0.0
2013-10-31 00:00:00+07:00,7534.929272452816,7534.929272452816,7485.89501953125,7485.89501953125,792071,0.0,0.0
2013-11-01 00:00:00+07:00,7518.58447265625,7518.58447265625,7485.894970920813,7518.58447265625,903472,0.0,0.0
2013-11-04 00:00:00+07:00,7534.929223523969,7534.929223523969,7485.894970920813,7518.58447265625,322141,0.0,0.0
2013-11-05 00:00:00+07:00,7518.584497014422,7518.584497014422,7502.23974609375,7502.23974609375,987158,0.0,0.0
2013-11-06 00:00:00+07:00,7518.583961181683,7534.9287109375,7502.2392114258655,7534.9287109375,853996,0.0,0.0
2013-11-07 00:00:00+07:00,7518.584521478961,7534.929272452816,7485.89501953125,7485.89501953125,1195017,0.0,0.0
2013-11-08 00:00:00+07:00,7485.894970920813,7518.58447265625,7485.894970920813,7518.58447265625,941071,0.0,0.0
2013-11-11 00:00:00+07:00,7534.9287109375,7551.273460693318,7502.2392114258655,7534.9287109375,853884,0.0,0.0
2013-11-12 00:00:00+07:00,7534.9291509232835,7616.652904474451,7534.9291509232835,7567.61865234375,1608876,0.0,0.0
2013-11-13 00:00:00+07:00,7600.307686616847,7600.307686616847,7534.928687794385,7551.2734375,451754,0.0,0.0
2013-11-14 00:00:00+07:00,7567.61865234375,7600.308153764217,7551.273901633517,7567.61865234375,630823,0.0,0.0
2013-11-15 00:00:00+07:00,7600.307847098148,7796.444384459813,7600.307847098148,7780.10009765625,4106957,0.0,0.0
2013-11-18 00:00:00+07:00,7845.478955680136,7943.547454207317,7829.13374267844,7861.8232421875,3008862,0.0,0.0
2013-11-19 00:00:00+07:00,7878.16889617151,7910.858397510373,7845.479394832648,7894.51318359375,1823065,0.0,0.0
2013-11-20 00:00:00+07:00,7894.512741696561,7894.512741696561,7796.44424316938,7861.8232421875,1832174,0.0,0.0
2013-11-21 00:00:00+07:00,7878.168503616252,8172.374001006274,7845.47900390625,7845.47900390625,5481536,0.0,0.0
2013-11-22 00:00:00+07:00,7878.169818777838,7943.548829112048,7829.135097779935,7927.20361328125,1021286,0.0,0.0
2013-11-25 00:00:00+07:00,7943.54736328125,7976.236862416129,7894.512651331771,7943.54736328125,3204122,0.0,0.0
2013-11-26 00:00:00+07:00,7927.20215046665,7959.891649601529,7894.512651331771,7943.54736328125,1625016,0.0,0.0
2013-11-27 00:00:00+07:00,7959.891649601529,7976.236862416129,7894.512651331771,7943.54736328125,1844711,0.0,0.0
2013-11-28 00:00:00+07:00,7910.859375,7959.893169819866,7910.859375,7910.859375,8251104,0.0,0.0
2013-11-29 00:00:00+07:00,7894.512741696561,7927.202241205621,7861.8232421875,7861.8232421875,1104522,0.0,0.0
2013-12-02 00:00:00+07:00,7894.51318359375,7910.858397510373,7845.479394832648,7894.51318359375,1666982,0.0,0.0
2013-12-03 00:00:00+07:00,7861.824069401367,8090.650590041703,7845.479781174271,7976.23779296875,7567194,0.0,0.0
2013-12-04 00:00:00+07:00,8025.271584144464,8025.271584144464,7959.892578247225,7976.23779296875,2845637,0.0,0.0
2013-12-05 00:00:00+07:00,7976.236953716377,7976.236953716377,7861.8232421875,7861.8232421875,4810870,0.0,0.0
2013-12-06 00:00:00+07:00,7861.823290514082,7878.168503616252,7796.444291094077,7845.47900390625,2957842,0.0,0.0
2013-12-09 00:00:00+07:00,7845.479615015731,7845.479615015731,7763.755859375,7763.755859375,2186890,0.0,0.0
2013-12-10 00:00:00+07:00,7763.755442155618,7763.755442155618,7698.37644115646,7714.72119140625,2117640,0.0,0.0
2013-12-11 00:00:00+07:00,7714.721286965229,7714.721286965229,7600.308033799515,7649.34228515625,1905772,0.0,0.0
2013-12-12 00:00:00+07:00,7649.34228515625,7649.34228515625,7583.963283347271,7649.34228515625,1928823,0.0,0.0
2013-12-13 00:00:00+07:00,7698.37644115646,7763.755442155618,7682.0316909066705,7714.72119140625,1112180,0.0,0.0
2013-12-16 00:00:00+07:00,7714.72119140625,7731.065941656039,7682.0316909066705,7714.72119140625,620315,0.0,0.0
2013-12-17 00:00:00+07:00,7714.72119140625,7747.410691905829,7698.37644115646,7714.72119140625,686252,0.0,0.0
2013-12-18 00:00:00+07:00,7747.410668168461,7747.410668168461,7682.031667369618,7731.06591796875,741512,0.0,0.0
2013-12-19 00:00:00+07:00,7731.06591796875,7763.755418368171,7714.721167769039,7731.06591796875,1873037,0.0,0.0
2013-12-20 00:00:00+07:00,7763.755983509914,7763.755983509914,7682.0322265625,7682.0322265625,1201921,0.0,0.0
2013-12-23 00:00:00+07:00,7682.0316909066705,7763.755442155618,7682.0316909066705,7714.72119140625,771806,0.0,0.0
2013-12-24 00:00:00+07:00,7698.377002884838,7714.721754327256,7665.6875,7665.6875,1275234,0.0,0.0
2013-12-25 00:00:00+07:00,7682.031786060739,7682.031786060739,7649.34228515625,7649.34228515625,2357483,0.0,0.0
2013-12-26 00:00:00+07:00,7649.342699114685,7747.411207135315,7649.342699114685,7698.376953125,2573578,0.0,0.0
2013-12-27 00:00:00+07:00,7714.721704461771,7747.411207135315,7698.376953125,7698.376953125,1074457,0.0,0.0
2013-12-30 00:00:00+07:00,7747.411307717796,7747.411307717796,7632.998046875,7632.998046875,2239071,0.0,0.0
2013-12-31 00:00:00+07:00,7665.687450451456,7845.479715155944,7600.308445104371,7698.376953125,3610385,0.0,0.0
2014-01-02 00:00:00+07:00,7780.1006351724445,7812.790137532389,7714.7216304525555,7747.4111328125,1204241,0.0,0.0
2014-01-03 00:00:00+07:00,7731.06591796875,7747.410668168461,7682.031667369618,7731.06591796875,1132505,0.0,0.0
2014-01-06 00:00:00+07:00,7731.065754921241,7845.47900390625,7682.031505356237,7845.47900390625,1751027,0.0,0.0
2014-01-07 00:00:00+07:00,7845.479615015731,7845.479615015731,7763.755859375,7763.755859375,1689036,0.0,0.0
2014-01-08 00:00:00+07:00,7747.410550971412,7845.479050686168,7747.410550971412,7812.78955078125,752253,0.0,0.0
2014-01-09 00:00:00+07:00,7796.445642929483,7910.859375,7796.445642929483,7910.859375,1841457,0.0,0.0
2014-01-10 00:00:00+07:00,7927.202588900894,8090.6500936151715,7927.202588900894,7959.89208984375,4091226,0.0,0.0
2014-01-13 00:00:00+07:00,8008.926709064281,8074.305710170882,7959.891994987149,8025.27099609375,4488194,0.0,0.0
2014-01-14 00:00:00+07:00,8025.271971988547,8156.029990102278,8008.927682971567,8041.6171875,24189924,0.0,0.0
2014-01-15 00:00:00+07:00,8106.995508213045,8417.545311617947,8090.650294089421,8172.37451171875,8358869,0.0,0.0
2014-01-16 00:00:00+07:00,8335.8218724278,8335.8218724278,8172.37436656658,8254.09765625,5311971,0.0,0.0
2014-01-17 00:00:00+07:00,8335.821634523958,8580.992423071437,8254.097420678561,8417.544921875,6924285,0.0,0.0
2014-01-20 00:00:00+07:00,8417.544346428993,8744.439326474445,8417.544346428993,8499.2685546875,5130929,0.0,0.0
2014-01-21 00:00:00+07:00,8499.270250797274,8662.7177734375,8417.546026229924,8662.7177734375,4435550,0.0,0.0
2014-01-22 00:00:00+07:00,8744.441071510375,8826.165296077726,8499.270250797274,8662.7177734375,4552335,0.0,0.0
2014-01-23 00:00:00+07:00,8662.715949653339,8907.88671875,8580.9917422916,8907.88671875,2763909,0.0,0.0
2014-01-24 00:00:00+07:00,8989.612061440948,9234.782861501077,8826.164552569397,9153.0595703125,5090468,0.0,0.0
2014-01-27 00:00:00+07:00,9153.059175091696,9234.782462751537,8989.611673277659,9071.3349609375,3679803,0.0,0.0
2014-02-06 00:00:00+07:00,8989.61092611174,9071.334206979202,8744.4392305208,8907.88671875,3619378,0.0,0.0
2014-02-07 00:00:00+07:00,8907.887940331035,8989.612158900005,8744.4404296875,8744.4404296875,4953138,0.0,0.0
2014-02-10 00:00:00+07:00,8826.164171463623,9153.059175091696,8662.716669649586,9071.3349609375,3548445,0.0,0.0
2014-02-11 00:00:00+07:00,9153.05782934535,9234.781104989665,8907.886149423966,8989.6103515625,7298268,0.0,0.0
2014-02-12 00:00:00+07:00,9071.334164920776,9316.505859375,9071.334164920776,9316.505859375,5677419,0.0,0.0
2014-02-13 00:00:00+07:00,9316.505859375,9398.22913986356,9153.05837190361,9316.505859375,3604696,0.0,0.0
2014-02-14 00:00:00+07:00,9316.507423831212,9398.230718042994,9153.05990891322,9234.783203125,3618685,0.0,0.0
2014-02-17 00:00:00+07:00,9153.0595703125,9316.507079184052,9071.335352629523,9153.0595703125,2087400,0.0,0.0
2014-02-18 00:00:00+07:00,9153.05837190361,9316.505859375,9071.334164920776,9316.505859375,2931376,0.0,0.0
2014-02-19 00:00:00+07:00,9316.508261098705,9643.4033203125,9316.508261098705,9643.4033203125,5800821,0.0,0.0
2014-02-20 00:00:00+07:00,9643.40083431778,9806.848321789172,9071.334164920776,9316.505859375,6405015,0.0,0.0
2014-02-21 00:00:00+07:00,9316.507560803975,9561.67837353829,9071.335821575216,9479.955078125,4348136,0.0,0.0
2014-02-24 00:00:00+07:00,9479.956113610924,9725.126953125,9316.508578436691,9725.126953125,5943500,0.0,0.0
2014-02-25 00:00:00+07:00,9561.677047299198,10052.01953125,9561.677047299198,10052.01953125,9389807,0.0,0.0
2014-02-26 00:00:00+07:00,10133.744032305436,10542.36328125,10052.02073841318,10542.36328125,13503272,0.0,0.0
2014-02-27 00:00:00+07:00,10460.63891830141,10624.08643035282,10297.19140625,10297.19140625,8621126,0.0,0.0
2014-02-28 00:00:00+07:00,10297.191163674002,10460.638671875,10133.743655473008,10460.638671875,10639569,0.0,0.0
2014-03-03 00:00:00+07:00,10378.914520550536,10460.637804628512,9970.296247172024,10052.01953125,7009143,0.0,0.0
2014-03-04 00:00:00+07:00,9970.296875,10052.02016422408,9806.849370057467,9970.296875,5763907,0.0,0.0
2014-03-05 00:00:00+07:00,10133.744140625,10215.468361885232,9970.297551093408,10133.744140625,3549784,0.0,0.0
2014-03-06 00:00:00+07:00,10133.743556884876,10297.191063495742,10052.020266826636,10215.4677734375,4214456,0.0,0.0
2014-03-07 00:00:00+07:00,10215.468113471505,10378.915625522912,10052.020601420092,10297.19140625,6107420,0.0,0.0
2014-03-10 00:00:00+07:00,10297.190824407411,10378.9150390625,10215.467536246688,10378.9150390625,3094483,0.0,0.0
2014-03-11 00:00:00+07:00,10378.914691309325,11032.704680666857,10215.467193969942,10950.98046875,12502985,0.0,0.0
2014-03-12 00:00:00+07:00,11359.600084580306,11441.32337294695,11032.705078125,11032.705078125,11412092,0.0,0.0
2014-03-13 00:00:00+07:00,11114.4296875,11196.153912074362,11032.706389420113,11114.4296875,6192690,0.0,0.0
2014-03-14 00:00:00+07:00,11114.428366491646,11196.152581352651,10950.980863263992,11032.705078125,9690127,0.0,0.0
2014-03-17 00:00:00+07:00,11196.152581352651,11196.152581352651,11032.705078125,11032.705078125,6166855,0.0,0.0
2014-03-18 00:00:00+07:00,11032.70472792158,11768.218005851952,10950.980515654688,11604.7705078125,13179327,0.0,0.0
2014-03-19 00:00:00+07:00,11686.495459059775,11931.666258374844,11686.495459059775,11768.21875,4336527,0.0,0.0
2014-03-20 00:00:00+07:00,11768.218005851952,11849.942218118846,11523.04722203994,11604.7705078125,7185953,0.0,0.0
2014-03-21 00:00:00+07:00,11604.770902143611,11849.942620780914,11523.047613594086,11686.4951171875,6170685,0.0,0.0
2014-03-24 00:00:00+07:00,11604.7705078125,11768.218005851952,11604.7705078125,11604.7705078125,4314408,0.0,0.0
2014-03-25 00:00:00+07:00,11604.771388352436,11686.495606820352,11359.6005859375,11359.6005859375,7052159,0.0,0.0
2014-03-26 00:00:00+07:00,11441.324732808498,11523.04895738286,11032.706389420113,11114.4296875,11243118,0.0,0.0
2014-03-27 00:00:00+07:00,11114.4296875,11196.153912074362,10950.982164845753,11114.4296875,5485172,0.0,0.0
2014-03-28 00:00:00+07:00,11277.87612786203,11604.771141799734,11196.152837624795,11523.0478515625,6214684,0.0,0.0
2014-03-31 00:00:00+07:00,11768.21824490682,11768.21824490682,11359.599954754847,11441.3232421875,5690599,0.0,0.0
2014-04-01 00:00:00+07:00,11441.323481338604,11441.323481338604,11114.428471786394,11277.8759765625,6347085,0.0,0.0
2014-04-02 00:00:00+07:00,11277.877210154247,11441.324732808498,10869.258866765862,11114.4296875,11210515,0.0,0.0
2014-04-03 00:00:00+07:00,11196.15234375,11277.875630382328,11032.704843991,11196.15234375,3427834,0.0,0.0
2014-04-04 00:00:00+07:00,11196.153912074362,11277.877210154247,11032.706389420113,11114.4296875,5448434,0.0,0.0
2014-04-07 00:00:00+07:00,11196.153075496077,11441.32387791101,11114.42885702816,11359.6005859375,6495099,0.0,0.0
2014-04-08 00:00:00+07:00,11441.323634830882,11686.495358531352,11441.323634830882,11523.0478515625,11048266,0.0,0.0
2014-04-10 00:00:00+07:00,11604.77074354716,11604.77074354716,11441.3232421875,11441.3232421875,7405742,0.0,0.0
2014-04-11 00:00:00+07:00,11359.600344593648,11604.771141799734,11359.600344593648,11523.0478515625,7234133,0.0,0.0
2014-04-14 00:00:00+07:00,11604.770902143611,11849.942620780914,11523.047613594086,11686.4951171875,10278701,0.0,0.0
2014-04-15 00:00:00+07:00,11686.495358531352,11768.218648768589,11441.323634830882,11523.0478515625,8142072,0.0,0.0
2014-04-16 00:00:00+07:00,11441.323481338604,11523.047696973845,11114.428471786394,11277.8759765625,9406954,0.0,0.0
2014-04-17 00:00:00+07:00,11359.599954754847,11441.3232421875,11196.152453395189,11441.3232421875,5621291,0.0,0.0
2014-04-18 00:00:00+07:00,11441.32337294695,11441.32337294695,11032.705078125,11032.705078125,7376286,0.0,0.0
2014-04-21 00:00:00+07:00,10950.981953048698,11032.706176042477,10624.0869140625,10624.0869140625,7442108,0.0,0.0
2014-04-22 00:00:00+07:00,10705.809685988092,10950.98046875,10460.637976731852,10950.98046875,7120589,0.0,0.0
2014-04-23 00:00:00+07:00,10950.98134935184,11032.705567840392,10624.08632838645,10705.810546875,4022325,0.0,0.0
2014-04-24 00:00:00+07:00,10705.810546875,10950.98134935184,10542.363036392304,10705.810546875,7618270,0.0,0.0
2014-04-25 00:00:00+07:00,10705.810071669695,11114.428366491646,10705.810071669695,11032.705078125,7914301,0.0,0.0
2014-04-28 00:00:00+07:00,11114.428130623328,11277.875630382328,11032.704843991,11196.15234375,5988137,0.0,0.0
2014-04-29 00:00:00+07:00,11114.428130623328,11196.15234375,11032.704843991,11196.15234375,3525521,0.0,0.0
2014-05-05 00:00:00+07:00,11277.876726627335,11277.876726627335,10787.5341796875,10787.5341796875,6667439,0.0,0.0
2014-05-06 00:00:00+07:00,10624.0869140625,10869.258656549377,10297.191875076303,10624.0869140625,9216883,0.0,0.0
2014-05-07 00:00:00+07:00,10624.086031268784,10726.241301522554,10317.622073496228,10419.77734375,5460441,0.0,0.0
2014-05-08 00:00:00+07:00,10072.45146260707,10072.45146260707,9704.6943359375,9704.6943359375,9014692,0.0,0.0
2014-05-09 00:00:00+07:00,9398.230274860676,9704.694235068517,9153.05947729216,9459.5234375,5540359,0.0,0.0
2014-05-12 00:00:00+07:00,9173.490520857817,9173.490520857817,8805.7333984375,8805.7333984375,6001001,0.0,0.0
2014-05-13 00:00:00+07:00,8233.66699058413,8662.717292766938,8192.805807062205,8335.822265625,10216409,0.0,0.0
2014-05-14 00:00:00+07:00,8294.959456538792,8867.02524257829,8294.959456538792,8826.1640625,4423987,0.0,0.0
2014-05-15 00:00:00+07:00,8887.457194759258,9112.197877145109,8233.667129448895,8478.8388671875,5881892,0.0,0.0
2014-05-16 00:00:00+07:00,8478.836867679318,8989.6103515625,8458.405817144685,8989.6103515625,5041864,0.0,0.0
2014-05-19 00:00:00+07:00,9010.041402097137,9153.05782934535,8785.300772710383,8989.6103515625,4187956,0.0,0.0
2014-05-20 00:00:00+07:00,8969.18061973911,9071.3349609375,8826.164171463623,9071.3349609375,4979268,0.0,0.0
2014-05-21 00:00:00+07:00,9071.335635389652,9479.95488355269,8989.6123416537,9439.0927734375,6022268,0.0,0.0
2014-05-22 00:00:00+07:00,9439.092380894212,9479.954489310072,9316.506982141029,9357.3681640625,5930696,0.0,0.0
2014-05-23 00:00:00+07:00,9296.075584703573,9439.092032384237,9214.35137088928,9275.64453125,2478369,0.0,0.0
2014-05-26 00:00:00+07:00,9193.921092771894,9275.645313478106,9112.197798560112,9234.783203125,3189029,0.0,0.0
2014-05-27 00:00:00+07:00,9255.212704137875,9398.22913986356,9214.35060064646,9316.505859375,5796638,0.0,0.0
2014-05-28 00:00:00+07:00,9398.23046875,9500.384815428635,9377.799414115392,9398.23046875,3207737,0.0,0.0
2014-05-29 00:00:00+07:00,9398.231053469255,9643.402797843728,9377.79999756351,9418.662109375,4366871,0.0,0.0
2014-05-30 00:00:00+07:00,9418.661718379906,9561.67817728864,9377.799608264717,9439.0927734375,3060257,0.0,0.0
2014-06-02 00:00:00+07:00,9398.22992547709,9439.092032384237,9234.782424342851,9275.64453125,2593388,0.0,0.0
2014-06-03 00:00:00+07:00,9234.783203125,9336.937552513336,9214.352147948448,9234.783203125,1754801,0.0,0.0
2014-06-04 00:00:00+07:00,9234.782462751537,9255.213516290083,8989.611673277659,9071.3349609375,3127683,0.0,0.0
2014-06-05 00:00:00+07:00,9030.47265625,9071.334762432927,8948.749370378478,9030.47265625,1814425,0.0,0.0
2014-06-06 00:00:00+07:00,9010.043258724056,9193.9208984375,9010.043258724056,9193.9208984375,1651666,0.0,0.0
2014-06-09 00:00:00+07:00,9234.78345162203,9275.645563074688,9132.629099484844,9173.4912109375,2615119,0.0,0.0
2014-06-10 00:00:00+07:00,9112.198043758515,9377.799915211874,9091.766988032186,9173.4912109375,2725267,0.0,0.0
2014-06-11 00:00:00+07:00,9234.78385901704,9500.3857421875,9214.35280238939,9500.3857421875,6996121,0.0,0.0
2014-06-12 00:00:00+07:00,9602.539649424814,9704.693991431372,9500.384380923892,9622.970703125,4882588,0.0,0.0
2014-06-13 00:00:00+07:00,9622.971093591705,9643.402148120913,9561.677930004087,9602.5400390625,2105070,0.0,0.0
2014-06-16 00:00:00+07:00,9602.54102532575,9602.54102532575,9439.093498799046,9500.3857421875,4157628,0.0,0.0
2014-06-17 00:00:00+07:00,9500.385153552952,9602.540430361762,9439.092913962106,9582.109375,3789950,0.0,0.0
2014-06-18 00:00:00+07:00,9582.108590756272,9602.539644445862,9520.8154296875,9520.8154296875,3655324,0.0,0.0
2014-06-19 00:00:00+07:00,9520.816067173451,9561.67817728864,9234.783149355982,9439.0927734375,4947691,0.0,0.0
2014-06-20 00:00:00+07:00,9439.0927734375,9561.67817728864,9418.661718379906,9439.0927734375,2921784,0.0,0.0
2014-06-23 00:00:00+07:00,9439.0929711441,9439.0929711441,9357.368749201967,9377.7998046875,966642,0.0,0.0
2014-06-24 00:00:00+07:00,9357.368553207123,9459.523828495094,9336.93749814953,9439.0927734375,1459978,0.0,0.0
2014-06-25 00:00:00+07:00,9479.954248802682,9582.108590756272,9459.52319511309,9520.8154296875,2486169,0.0,0.0
2014-06-26 00:00:00+07:00,9520.816798815147,9561.678912070449,9479.955612054346,9500.3857421875,1582478,0.0,0.0
2014-06-27 00:00:00+07:00,9479.955412640473,9684.264121630282,9479.955412640473,9561.6787109375,7024822,0.0,0.0
2014-06-30 00:00:00+07:00,9520.8154296875,9602.539644445862,9520.8154296875,9520.8154296875,2169103,0.0,0.0
2014-07-01 00:00:00+07:00,9520.815040894731,9602.5392523158,9520.815040894731,9541.24609375,4490048,0.0,0.0
2014-07-02 00:00:00+07:00,9541.246875474882,9602.5400390625,9541.246875474882,9602.5400390625,2942311,0.0,0.0
2014-07-03 00:00:00+07:00,9643.4012868808,9888.572066346567,9643.4012868808,9847.7099609375,6022220,0.0,0.0
2014-07-04 00:00:00+07:00,9909.003860719333,10133.743604301868,9888.572806485578,10113.3134765625,10804061,0.0,0.0
2014-07-07 00:00:00+07:00,10195.036719299344,10521.931732521074,10195.036719299344,10215.4677734375,8210470,0.0,0.0
2014-07-08 00:00:00+07:00,10195.037109375,10317.622512399834,10113.31381618992,10195.037109375,3105254,0.0,0.0
2014-07-09 00:00:00+07:00,10215.4669858137,10215.4669858137,10113.312649493511,10154.173828125,3260121,0.0,0.0
2014-07-10 00:00:00+07:00,10154.174507377773,10154.174507377773,9888.572659281548,9970.296875,5862297,0.0,0.0
2014-07-11 00:00:00+07:00,9970.296287099893,9970.296287099893,9847.709970750537,9949.865234375,3116677,0.0,0.0
2014-07-14 00:00:00+07:00,9949.865391104782,10133.743015536613,9929.43433805806,10092.8818359375,4031512,0.0,0.0
2014-07-15 00:00:00+07:00,10317.622117633897,10419.777388324675,10174.605665161189,10215.4677734375,5180244,0.0,0.0
2014-07-16 00:00:00+07:00,10317.622512399834,10419.777786999211,10195.037109375,10195.037109375,5759350,0.0,0.0
2014-07-17 00:00:00+07:00,10174.605121630051,10195.036174676776,10052.019729844056,10092.8818359375,3882129,0.0,0.0
2014-07-18 00:00:00+07:00,10052.020138934047,10726.2412109375,10052.020138934047,10726.2412109375,18506156,0.0,0.0
2014-07-21 00:00:00+07:00,10624.086031268784,10828.395645281946,10317.622073496228,10419.77734375,7979265,0.0,0.0
2014-07-22 00:00:00+07:00,10419.77820956697,10828.396545052488,10317.622930824748,10624.0869140625,5956424,0.0,0.0
2014-07-23 00:00:00+07:00,10521.9326171875,10726.242249252688,10419.778264402135,10521.9326171875,4879665,0.0,0.0
2014-07-24 00:00:00+07:00,10521.931598649768,10828.39555383418,10521.931598649768,10726.2412109375,7040284,0.0,0.0
2014-07-25 00:00:00+07:00,10726.242249252688,10930.550954823417,10521.9326171875,10521.9326171875,5943289,0.0,0.0
2014-07-28 00:00:00+07:00,10419.777388324675,10419.777388324675,10154.174611023032,10215.4677734375,7778802,0.0,0.0
2014-07-29 00:00:00+07:00,10215.4669858137,10317.621322133882,10113.312649493511,10154.173828125,4358376,0.0,0.0
2014-07-30 00:00:00+07:00,10154.17499953525,10419.777786999211,10154.17499953525,10195.037109375,3208482,0.0,0.0
2014-07-31 00:00:00+07:00,10195.035707580384,10317.62109375,10154.17360335908,10317.62109375,3276000,0.0,0.0
2014-08-01 00:00:00+07:00,10215.467576237508,10317.621918461911,10154.174415006246,10174.60546875,3371192,0.0,0.0
2014-08-04 00:00:00+07:00,10195.036719299344,10317.622117633897,10154.174611023032,10215.4677734375,3517462,0.0,0.0
2014-08-05 00:00:00+07:00,10419.778264402135,10624.086969972865,10419.778264402135,10521.9326171875,6654585,0.0,0.0
2014-08-06 00:00:00+07:00,10521.931687509392,10521.931687509392,10317.622073496228,10419.77734375,4756497,0.0,0.0
2014-08-07 00:00:00+07:00,10419.776354303256,10419.776354303256,10215.466759691037,10317.62109375,3010382,0.0,0.0
2014-08-08 00:00:00+07:00,10419.776354303256,10521.930688362225,10215.466759691037,10317.62109375,3430073,0.0,0.0
2014-08-11 00:00:00+07:00,10419.776354303256,10419.776354303256,10215.466759691037,10317.62109375,2975930,0.0,0.0
2014-08-12 00:00:00+07:00,10317.62109375,10419.776354303256,10215.466759691037,10317.62109375,3477400,0.0,0.0
2014-08-13 00:00:00+07:00,10419.778264402135,10521.9326171875,10317.622985122312,10521.9326171875,3914262,0.0,0.0
2014-08-14 00:00:00+07:00,10521.932561814734,10624.0869140625,10419.77820956697,10624.0869140625,6561665,0.0,0.0
2014-08-15 00:00:00+07:00,10521.9326171875,10624.086969972865,10419.778264402135,10521.9326171875,4231403,0.0,0.0
2014-08-18 00:00:00+07:00,10521.931598649768,10828.39555383418,10419.777255753088,10726.2412109375,8057976,0.0,0.0
2014-08-19 00:00:00+07:00,10726.24213269966,11032.706114220127,10726.24213269966,10828.396484375,14521951,0.0,0.0
2014-08-20 00:00:00+07:00,10726.242192804722,10726.242192804722,10521.932561814734,10624.0869140625,6276553,0.0,0.0
2014-08-21 00:00:00+07:00,10624.086969972865,10726.242249252688,10521.9326171875,10521.9326171875,7630672,0.0,0.0
2014-08-22 00:00:00+07:00,10624.0869140625,10726.242192804722,10521.932561814734,10624.0869140625,8606107,0.0,0.0
2014-08-25 00:00:00+07:00,10726.2412109375,10828.39555383418,10624.085941546447,10726.2412109375,8585022,0.0,0.0
2014-08-26 00:00:00+07:00,10726.242019046464,11339.169975592931,10624.086741959094,11237.015625,17524597,0.0,0.0
2014-08-27 00:00:00+07:00,11237.015625,11441.32432618586,11032.705997319696,11237.015625,13180004,0.0,0.0
2014-08-28 00:00:00+07:00,11237.0164082761,11747.7891233386,11237.0164082761,11645.634765625,12096788,0.0,0.0
2014-08-29 00:00:00+07:00,11645.632769174072,11747.787109375,11441.323162277868,11747.787109375,11787114,0.0,0.0
2014-09-03 00:00:00+07:00,11849.944407546704,11952.098765260303,11543.480407911402,11645.634765625,8661272,0.0,0.0
2014-09-04 00:00:00+07:00,11543.480407911402,11645.634765625,11441.325123703296,11645.634765625,25964754,0.0,0.0
2014-09-05 00:00:00+07:00,11645.633735525244,11849.943359375,11645.633735525244,11849.943359375,9407358,0.0,0.0
2014-09-08 00:00:00+07:00,11952.0966796875,12156.40628595834,11849.942339799252,11952.0966796875,12261038,0.0,0.0
2014-09-09 00:00:00+07:00,11952.096846168144,11952.096846168144,11134.859336195832,11339.1689453125,28560625,0.0,0.0
2014-09-10 00:00:00+07:00,11339.168901273097,11543.47850959626,11134.859292949932,11441.3232421875,7915648,0.0,0.0
2014-09-11 00:00:00+07:00,11441.323286623654,11543.478554429166,11339.1689453125,11339.1689453125,4543288,0.0,0.0
2014-09-12 00:00:00+07:00,11441.3232421875,11543.47850959626,11237.01456035869,11441.3232421875,5918346,0.0,0.0
2014-09-15 00:00:00+07:00,11645.632850510665,11747.787191425068,11339.168901273097,11441.3232421875,7448505,0.0,0.0
2014-09-16 00:00:00+07:00,11441.3232421875,11543.47850959626,11237.01456035869,11441.3232421875,7590039,0.0,0.0
2014-09-17 00:00:00+07:00,11645.633841797377,11747.788191407248,11441.324216083194,11543.4794921875,10167053,0.0,0.0
2014-09-18 00:00:00+07:00,11543.479603273232,11543.479603273232,11134.860347912629,11237.015625,7809912,0.0,0.0
2014-09-19 00:00:00+07:00,11237.014688783158,11237.014688783158,11032.705078125,11032.705078125,6961996,0.0,0.0
2014-09-22 00:00:00+07:00,11032.706114220127,11134.860465895466,10828.396484375,10828.396484375,6705851,0.0,0.0
2014-09-23 00:00:00+07:00,10828.39555383418,11032.70516612191,10726.2412109375,10726.2412109375,6132272,0.0,0.0
2014-09-24 00:00:00+07:00,10726.2412109375,10930.54989673086,10624.085941546447,10726.2412109375,4751644,0.0,0.0
2014-09-25 00:00:00+07:00,10828.395462651037,10930.5498046875,10624.085852083745,10930.5498046875,5162137,0.0,0.0
2014-09-26 00:00:00+07:00,10930.54989673086,10930.54989673086,10726.2412109375,10726.2412109375,4361719,0.0,0.0
2014-09-29 00:00:00+07:00,10726.242192804722,10828.396545052488,10624.0869140625,10624.0869140625,5959116,0.0,0.0
2014-09-30 00:00:00+07:00,10624.0869140625,10828.396545052488,10521.932561814734,10624.0869140625,4218926,0.0,0.0
2014-10-01 00:00:00+07:00,10726.241120614572,11032.705073218329,10726.241120614572,10930.5498046875,3856197,0.0,0.0
2014-10-02 00:00:00+07:00,10930.54980954874,11032.705078125,10828.395467466844,11032.705078125,5192315,0.0,0.0
2014-10-03 00:00:00+07:00,10930.5498046875,11032.705073218329,10828.395462651037,10930.5498046875,3622737,0.0,0.0
2014-10-06 00:00:00+07:00,10930.5498046875,11032.705073218329,10828.395462651037,10930.5498046875,2655241,0.0,0.0
2014-10-07 00:00:00+07:00,10930.5498046875,11032.705073218329,10828.395462651037,10930.5498046875,4015586,0.0,0.0
2014-10-08 00:00:00+07:00,10930.55083605034,10930.55083605034,10726.24213269966,10828.396484375,2903719,0.0,0.0
2014-10-09 00:00:00+07:00,10930.54989673086,10930.54989673086,10726.2412109375,10726.2412109375,4418741,0.0,0.0
2014-10-10 00:00:00+07:00,10726.242192804722,10828.396545052488,10521.932561814734,10624.0869140625,4982361,0.0,0.0
2014-10-13 00:00:00+07:00,10624.085852083745,10930.5498046875,10624.085852083745,10930.5498046875,2565294,0.0,0.0
2014-10-14 00:00:00+07:00,10930.550897300252,10930.550897300252,10624.0869140625,10624.0869140625,1772217,0.0,0.0
2014-10-15 00:00:00+07:00,10521.932561814734,10726.242192804722,10419.77820956697,10624.0869140625,3780478,0.0,0.0
2014-10-16 00:00:00+07:00,10521.930921268564,10521.930921268564,10113.312649493511,10154.173828125,7393894,0.0,0.0
2014-10-17 00:00:00+07:00,10195.035707580384,10317.62109375,10011.157165078812,10317.62109375,12679654,0.0,0.0
2014-10-20 00:00:00+07:00,10317.622117633897,10419.777388324675,10215.4677734375,10215.4677734375,1831887,0.0,0.0
2014-10-21 00:00:00+07:00,10215.4677734375,10317.622117633897,10174.605665161189,10215.4677734375,1602076,0.0,0.0
2014-10-22 00:00:00+07:00,10317.62109375,10419.776354303256,10215.466759691037,10317.62109375,1904560,0.0,0.0
2014-10-23 00:00:00+07:00,10215.468164294876,10419.777786999211,10174.606054455126,10195.037109375,3107485,0.0,0.0
2014-10-24 00:00:00+07:00,10215.467576237508,10317.621918461911,10133.743361262492,10174.60546875,2230257,0.0,0.0
2014-10-27 00:00:00+07:00,10113.312729679825,10174.604961360184,9949.865234375,9949.865234375,2690115,0.0,0.0
2014-10-28 00:00:00+07:00,9909.00289187615,10052.01933103476,9909.00289187615,10011.1572265625,1779832,0.0,0.0
2014-10-29 00:00:00+07:00,10011.158158550325,10317.622117633897,10011.158158550325,10215.4677734375,2206297,0.0,0.0
2014-10-30 00:00:00+07:00,10215.4677734375,10317.622117633897,10215.4677734375,10215.4677734375,2393343,0.0,0.0
2014-10-31 00:00:00+07:00,10215.467729736836,10419.77734375,10195.036675686082,10419.77734375,1772168,0.0,0.0
2014-11-03 00:00:00+07:00,10521.9326171875,10624.086969972865,10419.778264402135,10521.9326171875,2043733,0.0,0.0
2014-11-04 00:00:00+07:00,10419.77734375,10521.931687509392,10317.622073496228,10419.77734375,1778209,0.0,0.0
2014-11-05 00:00:00+07:00,10419.776354303256,10521.930688362225,10215.466759691037,10317.62109375,2304051,0.0,0.0
2014-11-06 00:00:00+07:00,10419.777388324675,10419.777388324675,10195.036719299344,10215.4677734375,1762838,0.0,0.0
2014-11-07 00:00:00+07:00,10215.466759691037,10317.62109375,10195.035707580384,10317.62109375,2333117,0.0,0.0
2014-11-10 00:00:00+07:00,10317.62109375,10521.930688362225,10215.466759691037,10317.62109375,2405652,0.0,0.0
2014-11-11 00:00:00+07:00,10419.77734375,10419.77734375,10317.622073496228,10419.77734375,1377690,0.0,0.0
2014-11-12 00:00:00+07:00,10419.776354303256,10419.776354303256,10317.62109375,10317.62109375,1152851,0.0,0.0
2014-11-13 00:00:00+07:00,10317.62109375,10419.776354303256,10317.62109375,10317.62109375,1494994,0.0,0.0
2014-11-14 00:00:00+07:00,10317.622117633897,10317.622117633897,10174.605665161189,10215.4677734375,2135809,0.0,0.0
2014-11-17 00:00:00+07:00,10317.622512399834,10317.622512399834,10195.037109375,10195.037109375,1406072,0.0,0.0
2014-11-18 00:00:00+07:00,10215.46841606635,10215.46841606635,10031.58984375,10031.58984375,1705164,0.0,0.0
2014-11-19 00:00:00+07:00,10072.450383270889,10113.312487743146,10011.1572265625,10011.1572265625,3110458,0.0,0.0
2014-11-20 00:00:00+07:00,10031.588278798628,10072.450383270889,9970.296048584538,10011.1572265625,1702837,0.0,0.0
2014-11-21 00:00:00+07:00,10072.451954596843,10195.03736064293,10011.15878832658,10031.58984375,1858771,0.0,0.0
2014-11-24 00:00:00+07:00,10011.158056364851,10011.158056364851,9929.434767140774,9970.296875,1343473,0.0,0.0
2014-11-25 00:00:00+07:00,9970.296247172024,10072.450583893073,9970.296247172024,10052.01953125,1060723,0.0,0.0
2014-11-26 00:00:00+07:00,10113.313326012918,10113.313326012918,9970.296875,9970.296875,1043355,0.0,0.0
2014-11-27 00:00:00+07:00,10031.588518780252,10031.588518780252,9909.003128925217,9949.865234375,1444894,0.0,0.0
2014-11-28 00:00:00+07:00,9990.726798480851,9990.726798480851,9827.279296875,9827.279296875,2444193,0.0,0.0
2014-12-01 00:00:00+07:00,9806.850393373066,9888.573691124726,9765.98828125,9765.98828125,3534841,0.0,0.0
2014-12-02 00:00:00+07:00,9786.418750297053,9786.418750297053,9684.263476116925,9745.556640625,13889778,0.0,0.0
2014-12-03 00:00:00+07:00,9827.278908232967,10011.15745607945,9765.986676613684,9847.7099609375,2830866,0.0,0.0
2014-12-04 00:00:00+07:00,9847.710356214044,9990.726804391988,9847.710356214044,9929.4345703125,1537668,0.0,0.0
2014-12-05 00:00:00+07:00,9970.296287099893,9990.726413330469,9909.003128925217,9949.865234375,2360977,0.0,0.0
2014-12-08 00:00:00+07:00,9949.865817249569,9949.865817249569,9847.710547640732,9868.1416015625,2925456,0.0,0.0
2014-12-09 00:00:00+07:00,9827.28098043756,9827.28098043756,9643.4033203125,9643.4033203125,4530513,0.0,0.0
2014-12-10 00:00:00+07:00,9622.97123810326,9765.987695461026,9602.540183267234,9745.556640625,2148348,0.0,0.0
2014-12-11 00:00:00+07:00,9704.69472712402,9745.55683762206,9643.402487871394,9684.263671875,1482084,0.0,0.0
2014-12-12 00:00:00+07:00,9725.124955806725,9909.003510925104,9704.6939022942,9827.279296875,1033652,0.0,0.0
2014-12-15 00:00:00+07:00,9827.280522940127,9827.280522940127,9765.98828125,9765.98828125,821071,0.0,0.0
2014-12-16 00:00:00+07:00,9745.557678881369,9765.988735894043,9643.4033203125,9643.4033203125,2438898,0.0,0.0
2014-12-17 00:00:00+07:00,9663.832582349323,9663.832582349323,9153.05990891322,9234.783203125,5236246,0.0,0.0
2014-12-18 00:00:00+07:00,9296.076314528766,9520.816067173451,9296.076314528766,9439.0927734375,1950531,0.0,0.0
2014-12-19 00:00:00+07:00,9602.538730826363,9602.538730826363,9316.505859375,9316.505859375,1986097,0.0,0.0
2014-12-22 00:00:00+07:00,9439.092383286892,9500.384619431828,9398.230274860676,9459.5234375,1213079,0.0,0.0
2014-12-23 00:00:00+07:00,9459.523969323867,9622.971485723525,9439.092913962106,9582.109375,1354899,0.0,0.0
2014-12-24 00:00:00+07:00,9643.402541085286,9684.263725314371,9561.678319638238,9582.109375,1043448,0.0,0.0
2014-12-25 00:00:00+07:00,9520.816798815147,9561.678912070449,9479.955612054346,9500.3857421875,468019,0.0,0.0
2014-12-26 00:00:00+07:00,9500.385012115858,9500.385012115858,9398.23066332231,9439.0927734375,3887468,0.0,0.0
2014-12-29 00:00:00+07:00,9561.678377562854,9561.678377562854,9357.368749201967,9377.7998046875,1804400,0.0,0.0
2014-12-30 00:00:00+07:00,9418.661329073784,9459.5234375,9275.644876076418,9459.5234375,1455851,0.0,0.0
2014-12-31 00:00:00+07:00,9541.245878189,9806.8486328125,9500.383773401643,9806.8486328125,2188611,0.0,0.0
2015-01-05 00:00:00+07:00,9806.850393373066,9847.71157900166,9725.126169126934,9765.98828125,3277384,0.0,0.0
2015-01-06 00:00:00+07:00,9704.6939022942,9827.279296875,9663.831795269149,9827.279296875,1801426,0.0,0.0
2015-01-07 00:00:00+07:00,9827.279106276195,10031.58871094454,9827.279106276195,9888.572265625,1883245,0.0,0.0
2015-01-08 00:00:00+07:00,9868.141255073237,9888.572308277631,9765.986915545607,9786.41796875,2420120,0.0,0.0
2015-01-09 00:00:00+07:00,9786.418312369804,9909.003709406035,9786.418312369804,9868.1416015625,1718722,0.0,0.0
2015-01-12 00:00:00+07:00,9868.141409738657,10052.01996496583,9868.141409738657,9929.4345703125,3153225,0.0,0.0
2015-01-13 00:00:00+07:00,9888.572076200322,9970.296287099893,9888.572076200322,9949.865234375,8321593,0.0,0.0
2015-01-14 00:00:00+07:00,9949.865623837117,9990.726804391988,9847.710356214044,9929.4345703125,2048374,0.0,0.0
2015-01-15 00:00:00+07:00,9970.296287099893,9970.296287099893,9888.572076200322,9949.865234375,1309065,0.0,0.0
2015-01-16 00:00:00+07:00,9970.2970692329,9970.2970692329,9888.572851922368,9909.00390625,809555,0.0,0.0
2015-01-19 00:00:00+07:00,9909.002968286582,9909.002968286582,9806.8486328125,9806.8486328125,1704279,0.0,0.0
2015-01-20 00:00:00+07:00,9806.8486328125,9847.70981110555,9786.417580418822,9806.8486328125,1742547,0.0,0.0
2015-01-21 00:00:00+07:00,9847.710159392464,9970.296478090071,9847.710159392464,9888.572265625,2819860,0.0,0.0
2015-01-22 00:00:00+07:00,9929.434171755634,9929.434171755634,9847.7099609375,9847.7099609375,1389354,0.0,0.0
2015-01-23 00:00:00+07:00,9888.572265625,9949.865424973805,9847.710159392464,9888.572265625,1793718,0.0,0.0
2015-01-26 00:00:00+07:00,9888.572265625,9949.865424973805,9888.572265625,9888.572265625,1783917,0.0,0.0
2015-01-27 00:00:00+07:00,9868.140863499228,9929.43402068026,9806.8486328125,9806.8486328125,1969616,0.0,0.0
2015-01-28 00:00:00+07:00,9786.41796875,9868.141255073237,9765.986915545607,9786.41796875,1210436,0.0,0.0
2015-01-29 00:00:00+07:00,9786.41796875,9806.849021954396,9765.986915545607,9786.41796875,1042294,0.0,0.0
2015-01-30 00:00:00+07:00,9806.849608064824,9827.279735995891,9704.6943359375,9704.6943359375,2820830,0.0,0.0
2015-02-02 00:00:00+07:00,9725.12578237304,9765.98789287108,9663.83261662598,9684.263671875,1273997,0.0,0.0
2015-02-03 00:00:00+07:00,9684.26333068492,9704.694385214128,9602.5400390625,9602.5400390625,961997,0.0,0.0
2015-02-04 00:00:00+07:00,9684.263725314371,9684.263725314371,9541.247264276475,9582.109375,1425761,0.0,0.0
2015-02-05 00:00:00+07:00,9602.541206287147,9704.695564856016,9582.110149274473,9643.4033203125,849715,0.0,0.0
2015-02-06 00:00:00+07:00,9704.694139272862,9704.694139272862,9643.401903732947,9663.83203125,531126,0.0,0.0
2015-02-09 00:00:00+07:00,9745.557678881369,9745.557678881369,9643.4033203125,9643.4033203125,1763901,0.0,0.0
2015-02-10 00:00:00+07:00,9643.401756825184,9663.831884031004,9602.539649424814,9622.970703125,2806156,0.0,0.0
2015-02-11 00:00:00+07:00,9663.832227086572,9704.6943359375,9643.402099155504,9704.6943359375,1343846,0.0,0.0
2015-02-12 00:00:00+07:00,9786.419337311532,9847.71157900166,9765.98828125,9765.98828125,2020512,0.0,0.0
2015-02-13 00:00:00+07:00,9806.8486328125,9847.70981110555,9765.986528025143,9806.8486328125,923277,0.0,0.0
2015-02-24 00:00:00+07:00,9847.710356214044,9970.296677361728,9847.710356214044,9929.4345703125,2512778,0.0,0.0
2015-02-25 00:00:00+07:00,9970.2970692329,10011.158251393776,9888.572851922368,9909.00390625,2546931,0.0,0.0
2015-02-26 00:00:00+07:00,9888.571839640024,10011.1572265625,9888.571839640024,10011.1572265625,1540270,0.0,0.0
2015-02-27 00:00:00+07:00,10031.589110294466,10072.451218153692,9949.865821070389,9970.296875,1462447,0.0,0.0
2015-03-02 00:00:00+07:00,10011.158251393776,10011.158251393776,9888.572851922368,9909.00390625,2188376,0.0,0.0
2015-03-03 00:00:00+07:00,9970.297410529907,9990.7275390625,9929.435300475874,9990.7275390625,996232,0.0,0.0
2015-03-04 00:00:00+07:00,10052.020266826636,10317.622117633897,10052.020266826636,10215.4677734375,4706270,0.0,0.0
2015-03-05 00:00:00+07:00,10317.622117633897,10419.777388324675,10215.4677734375,10215.4677734375,1827431,0.0,0.0
2015-03-06 00:00:00+07:00,10215.4677734375,10317.622117633897,10195.036719299344,10215.4677734375,1556242,0.0,0.0
2015-03-09 00:00:00+07:00,10195.035973257196,10215.467025900269,10052.01953125,10052.01953125,3718113,0.0,0.0
2015-03-10 00:00:00+07:00,10113.312649493511,10154.173828125,10072.450544367715,10154.173828125,1524899,0.0,0.0
2015-03-11 00:00:00+07:00,10154.174658535623,10154.174658535623,10092.882422328745,10113.3134765625,1361257,0.0,0.0
2015-03-12 00:00:00+07:00,10113.31268917922,10113.31268917922,10031.588478606927,10052.01953125,1709483,0.0,0.0
2015-03-13 00:00:00+07:00,10113.31268917922,10154.173867971049,10031.588478606927,10052.01953125,1764048,0.0,0.0
2015-03-16 00:00:00+07:00,10052.019729844056,10092.8818359375,10052.019729844056,10092.8818359375,995994,0.0,0.0
2015-03-17 00:00:00+07:00,10113.313429241103,10317.622117633897,10113.313429241103,10215.4677734375,3471400,0.0,0.0
2015-03-18 00:00:00+07:00,10215.468361885232,10215.468361885232,10133.744140625,10133.744140625,1478650,0.0,0.0
2015-03-19 00:00:00+07:00,10195.036767003134,10215.467821236887,10113.3134765625,10113.3134765625,1172168,0.0,0.0
2015-03-20 00:00:00+07:00,10113.313234013103,10195.036522493754,10092.882180269353,10174.60546875,2140226,0.0,0.0
2015-03-23 00:00:00+07:00,10174.605121630051,10195.036174676776,10092.8818359375,10092.8818359375,1276466,0.0,0.0
2015-03-24 00:00:00+07:00,10113.314065443685,10113.314065443685,9970.29760397418,10031.58984375,2085151,0.0,0.0
2015-03-25 00:00:00+07:00,10113.31268917922,10113.31268917922,10011.157425963856,10052.01953125,1133680,0.0,0.0
2015-03-26 00:00:00+07:00,10092.88222571074,10092.88222571074,10052.02011803926,10072.451171875,1281948,0.0,0.0
2015-03-27 00:00:00+07:00,10133.742815327976,10133.742815327976,10052.01953125,10052.01953125,1053530,0.0,0.0
2015-03-30 00:00:00+07:00,10092.881870293346,10092.881870293346,9888.572265625,9888.572265625,2127078,0.0,0.0
2015-03-31 00:00:00+07:00,9888.572265625,9949.865424973805,9888.572265625,9888.572265625,1698597,0.0,0.0
2015-04-01 00:00:00+07:00,9949.866262490845,9949.866262490845,9745.556640625,9745.556640625,1257983,0.0,0.0
2015-04-02 00:00:00+07:00,9765.987062831777,9909.003510925104,9745.55600931925,9827.279296875,1244612,0.0,0.0
2015-04-03 00:00:00+07:00,9909.00371321116,9970.296875,9827.27949749271,9970.296875,773798,0.0,0.0
2015-04-06 00:00:00+07:00,9970.2970692329,10031.589305721409,9909.00390625,9909.00390625,903767,0.0,0.0
2015-04-07 00:00:00+07:00,9888.57319042184,10011.158594089517,9888.57319042184,9990.7275390625,929730,0.0,0.0
2015-04-08 00:00:00+07:00,10011.158594089517,10031.589649116531,9970.297410529907,9990.7275390625,889795,0.0,0.0
2015-04-09 00:00:00+07:00,9990.7275390625,10011.158594089517,9909.004245448858,9990.7275390625,1202446,0.0,0.0
2015-04-10 00:00:00+07:00,9990.726373320782,10092.881636536144,9970.296247172024,10052.01953125,1602815,0.0,0.0
2015-04-13 00:00:00+07:00,10052.01953125,10092.881636536144,10031.588478606927,10052.01953125,761822,0.0,0.0
2015-04-14 00:00:00+07:00,10052.019571505143,10052.019571505143,9949.865234375,9949.865234375,1041500,0.0,0.0
2015-04-15 00:00:00+07:00,9990.7275390625,10011.158594089517,9909.004245448858,9990.7275390625,1170777,0.0,0.0
2015-04-16 00:00:00+07:00,9990.72700243524,10052.02016422408,9949.865821070389,9970.296875,709670,0.0,0.0
2015-04-17 00:00:00+07:00,9990.72706167292,10521.931687509392,9990.72706167292,10419.77734375,6954567,0.0,0.0
2015-04-20 00:00:00+07:00,10419.776354303256,10419.776354303256,10195.035707580384,10317.62109375,1665557,0.0,0.0
2015-04-21 00:00:00+07:00,10317.622117633897,10419.777388324675,10215.4677734375,10215.4677734375,1225756,0.0,0.0
2015-04-22 00:00:00+07:00,10215.4677734375,10419.777388324675,10215.4677734375,10215.4677734375,2705759,0.0,0.0
2015-04-23 00:00:00+07:00,10317.62109375,10419.776354303256,10174.604655469731,10317.62109375,2978436,0.0,0.0
2015-04-24 00:00:00+07:00,10317.62109375,10419.776354303256,10215.466759691037,10317.62109375,1246372,0.0,0.0
2015-04-27 00:00:00+07:00,10521.9326171875,10726.242249252688,10419.778264402135,10521.9326171875,2956846,0.0,0.0
2015-05-04 00:00:00+07:00,10521.931170435657,10624.08550917493,10011.157623750614,10092.8818359375,3799753,0.0,0.0
2015-05-05 00:00:00+07:00,10092.882375102949,10317.622117633897,10052.020266826636,10215.4677734375,2156612,0.0,0.0
2015-05-06 00:00:00+07:00,10215.468361885232,10317.622711966089,10133.744140625,10133.744140625,1888025,0.0,0.0
2015-05-07 00:00:00+07:00,10174.606054455126,10317.622512399834,10133.743944615377,10195.037109375,1223900,0.0,0.0
2015-05-08 00:00:00+07:00,10195.037109375,10317.622512399834,10195.037109375,10195.037109375,1119467,0.0,0.0
2015-05-11 00:00:00+07:00,10215.4669858137,10215.4669858137,10133.7427755621,10154.173828125,1064810,0.0,0.0
2015-05-12 00:00:00+07:00,10154.173867971049,10154.173867971049,10052.01953125,10052.01953125,1175932,0.0,0.0
2015-05-13 00:00:00+07:00,10052.01953125,10072.450583893073,9949.865194528951,10052.01953125,2188745,0.0,0.0
2015-05-14 00:00:00+07:00,10011.158010367775,10133.743406887854,10011.158010367775,10072.451171875,1323321,0.0,0.0
2015-05-15 00:00:00+07:00,10092.883010020263,10133.744194372664,10031.58984375,10031.58984375,1127314,0.0,0.0
2015-05-18 00:00:00+07:00,10011.158056364851,10052.02016422408,9970.296875,9970.296875,2290394,0.0,0.0
2015-05-19 00:00:00+07:00,9949.865194528951,10052.01953125,9949.865194528951,10052.01953125,2351572,0.0,0.0
2015-05-20 00:00:00+07:00,10133.74351353382,10419.77734375,10113.313385977444,10419.77734375,8780429,0.0,0.0
2015-05-21 00:00:00+07:00,10419.777255753088,10828.39555383418,10317.621986362035,10726.2412109375,47955250,0.0,0.0
2015-05-22 00:00:00+07:00,10726.242192804722,10828.396545052488,10624.0869140625,10624.0869140625,13369183,0.0,0.0
2015-05-25 00:00:00+07:00,10624.085856808688,11032.705078125,10624.085856808688,11032.705078125,5545094,0.0,0.0
2015-05-26 00:00:00+07:00,10930.55083605034,11032.706114220127,10828.396484375,10828.396484375,4706923,0.0,0.0
2015-05-27 00:00:00+07:00,10726.2412109375,10930.54989673086,10624.085941546447,10726.2412109375,5649900,0.0,0.0
2015-05-28 00:00:00+07:00,10690.487108728365,10784.46977339742,10596.504444059306,10666.9912109375,4677505,0.0,0.0
2015-05-29 00:00:00+07:00,10690.487404844544,10690.487404844544,10549.513867183325,10573.009765625,1444875,0.0,0.0
2015-06-01 00:00:00+07:00,10549.51258300064,10549.51258300064,10408.5390625,10408.5390625,3019213,0.0,0.0
2015-06-02 00:00:00+07:00,10408.539938616788,10408.539938616788,10267.56640625,10267.56640625,3937195,0.0,0.0
2015-06-03 00:00:00+07:00,10267.566361089795,10526.01752712736,10244.07139012826,10385.044921875,2658713,0.0,0.0
2015-06-04 00:00:00+07:00,10385.044290688576,10455.53012578355,10385.044290688576,10432.03515625,906536,0.0,0.0
2015-06-05 00:00:00+07:00,10455.531781933145,10549.514454437109,10385.045935673255,10526.0185546875,2335439,0.0,0.0
2015-06-08 00:00:00+07:00,10573.008478582182,10596.503447669418,10408.5390625,10408.5390625,2822329,0.0,0.0
2015-06-09 00:00:00+07:00,10385.044093412764,10619.99934325096,10385.044093412764,10408.5390625,2498489,0.0,0.0
2015-06-10 00:00:00+07:00,10408.539603275043,10502.52226398977,10361.548736164856,10479.0263671875,1008615,0.0,0.0
2015-06-11 00:00:00+07:00,10479.027681682752,10549.514454437109,10479.027681682752,10526.0185546875,1830256,0.0,0.0
2015-06-12 00:00:00+07:00,10549.514011779487,10643.496680339942,10549.514011779487,10596.5048828125,8682909,0.0,0.0
2015-06-15 00:00:00+07:00,10666.991506402868,10666.991506402868,10526.017968741648,10573.009765625,1823711,0.0,0.0
2015-06-16 00:00:00+07:00,10573.008828741586,10619.999694966618,10455.5302734375,10455.5302734375,1935640,0.0,0.0
2015-06-17 00:00:00+07:00,10432.03515625,10479.026021811424,10408.539260222127,10432.03515625,1951754,0.0,0.0
2015-06-18 00:00:00+07:00,10432.035303572153,10573.008828741586,10432.035303572153,10455.5302734375,5347396,0.0,0.0
2015-06-19 00:00:00+07:00,10455.531781933145,10596.505327441855,10455.531781933145,10526.0185546875,4259055,0.0,0.0
2015-06-22 00:00:00+07:00,10573.009859524287,10760.97426924376,10549.513960873945,10713.9833984375,5143275,0.0,0.0
2015-06-23 00:00:00+07:00,10713.983202909048,10737.478174636186,10666.991406465952,10690.4873046875,2518634,0.0,0.0
2015-06-24 00:00:00+07:00,10713.9836468485,10713.9836468485,10620.0009765625,10620.0009765625,3581007,0.0,0.0
2015-06-25 00:00:00+07:00,10596.50473757226,10620.000636013934,10573.009765625,10573.009765625,2362249,0.0,0.0
2015-06-26 00:00:00+07:00,10596.50506441848,11254.381902627674,10596.50506441848,10878.4521484375,17081399,0.0,0.0
2015-06-29 00:00:00+07:00,10995.9287109375,11207.389003175924,10925.442873352382,10995.9287109375,3777617,0.0,0.0
2015-06-30 00:00:00+07:00,10878.452342601731,10972.43501445034,10878.452342601731,10901.9482421875,4596018,0.0,0.0
2015-07-01 00:00:00+07:00,10901.94697649444,11066.415475016976,10831.460212414964,10995.9287109375,8912146,0.0,0.0
2015-07-02 00:00:00+07:00,10972.433504043933,11136.901999021062,10948.937607692482,11089.9111328125,4402200,0.0,0.0
2015-07-03 00:00:00+07:00,11136.902636231896,11136.902636231896,11019.425000741709,11042.9208984375,3062748,0.0,0.0
2015-07-06 00:00:00+07:00,11066.41577402324,11160.3984375,11042.920803024836,11160.3984375,3955083,0.0,0.0
2015-07-07 00:00:00+07:00,11136.90273543981,11371.858935007574,11089.911866124014,11183.89453125,4574336,0.0,0.0
2015-07-08 00:00:00+07:00,11183.89487854161,11230.885749316603,10948.93867167779,10972.4345703125,9993955,0.0,0.0
2015-07-09 00:00:00+07:00,10925.443699537507,11019.425441087496,10854.956930127802,10972.4345703125,6665856,0.0,0.0
2015-07-10 00:00:00+07:00,10972.433396120345,11042.920157987057,10901.946634253636,10948.9375,3374349,0.0,0.0
2015-07-13 00:00:00+07:00,10948.93706903276,11160.39734630948,10925.442100331538,11019.423828125,6095540,0.0,0.0
2015-07-14 00:00:00+07:00,11019.423828125,11089.91058721724,10948.93706903276,11019.423828125,3010940,0.0,0.0
2015-07-15 00:00:00+07:00,11042.921786713176,11042.921786713176,10901.9482421875,10901.9482421875,2644457,0.0,0.0
2015-07-16 00:00:00+07:00,10854.957369510428,10901.9482421875,10760.974697661824,10901.9482421875,2871188,0.0,0.0
2015-07-17 00:00:00+07:00,10878.452342601731,11019.42588712741,10854.957369510428,10901.9482421875,2687382,0.0,0.0
2015-07-20 00:00:00+07:00,10901.94790246275,10901.94790246275,10784.470261183658,10854.95703125,2099017,0.0,0.0
2015-07-21 00:00:00+07:00,10807.965140050024,10831.461038700369,10666.991601136811,10713.9833984375,3539011,0.0,0.0
2015-07-22 00:00:00+07:00,10713.983057729683,10925.443359375,10690.487159826516,10925.443359375,2200042,0.0,0.0
2015-07-23 00:00:00+07:00,10901.947365251515,11254.381198216472,10901.947365251515,11042.9208984375,9741245,0.0,0.0
2015-07-24 00:00:00+07:00,11089.911866124014,11230.885400565794,11089.911866124014,11183.89453125,5195101,0.0,0.0
2015-07-27 00:00:00+07:00,11254.380870108658,11630.309663315273,11230.88497309786,11512.83203125,7533599,0.0,0.0
2015-07-28 00:00:00+07:00,11512.83256945278,11512.83256945278,11324.8681640625,11324.8681640625,2561839,0.0,0.0
2015-07-29 00:00:00+07:00,11324.86762384581,11442.34525579904,11207.38906539822,11254.380859375,4518735,0.0,0.0
2015-07-30 00:00:00+07:00,11254.38174313671,11277.876715475706,11113.408203125,11113.408203125,3788843,0.0,0.0
2015-07-31 00:00:00+07:00,11207.389945469851,11230.88584430328,11113.408203125,11113.408203125,2185832,0.0,0.0
2015-08-03 00:00:00+07:00,11042.920995902045,11042.920995902045,10901.947461471833,10925.443359375,4751275,0.0,0.0
2015-08-04 00:00:00+07:00,11019.425000741709,11136.902636231896,10948.938234148714,11042.9208984375,2205417,0.0,0.0
2015-08-05 00:00:00+07:00,11089.912448528905,11136.9033203125,11019.425677606285,11136.9033203125,2180140,0.0,0.0
2015-08-06 00:00:00+07:00,11136.90223909645,11183.894032812335,10995.9287109375,10995.9287109375,3263103,0.0,0.0
2015-08-07 00:00:00+07:00,11042.921433119143,11160.399074297426,10972.43466311329,11113.408203125,2691662,0.0,0.0
2015-08-10 00:00:00+07:00,11160.399256072164,11395.35546875,11160.399256072164,11395.35546875,5413737,0.0,0.0
2015-08-11 00:00:00+07:00,11395.355078071168,11512.832717135254,11277.876512512665,11348.36328125,3680018,0.0,0.0
2015-08-12 00:00:00+07:00,11277.876269881588,11277.876269881588,11113.40776402911,11183.89453125,5075845,0.0,0.0
2015-08-13 00:00:00+07:00,11183.89443162348,11183.89443162348,10995.929103045914,11042.9208984375,6715557,0.0,0.0
2015-08-14 00:00:00+07:00,11019.424607795445,11113.40726873286,10925.442873352382,10995.9287109375,3401685,0.0,0.0
2015-08-17 00:00:00+07:00,10995.929644888249,11066.41641495459,10807.965233542816,10854.95703125,3295492,0.0,0.0
2015-08-18 00:00:00+07:00,10854.955768507272,10972.433396120345,10807.96397626658,10948.9375,3035326,0.0,0.0
2015-08-19 00:00:00+07:00,10784.470067132785,10925.443604728853,10690.48739990393,10831.4609375,3475625,0.0,0.0
2015-08-20 00:00:00+07:00,10854.956739249514,10854.956739249514,10666.991406465952,10690.4873046875,2892889,0.0,0.0
2015-08-21 00:00:00+07:00,10596.505077367388,10620.0009765625,10338.053892198945,10620.0009765625,4926039,0.0,0.0
2015-08-24 00:00:00+07:00,10432.035472793415,10479.0263397807,9938.628126696682,9962.1240234375,8592345,0.0,0.0
2015-08-25 00:00:00+07:00,9868.142229313638,10220.576078895076,9868.142229313638,10079.6025390625,7600212,0.0,0.0
2015-08-26 00:00:00+07:00,10103.097666983658,10455.530563179473,10103.097666983658,10361.548828125,4040562,0.0,0.0
2015-08-27 00:00:00+07:00,10361.548197831222,10479.02582275032,10338.05230224968,10408.5390625,2996039,0.0,0.0
2015-08-28 00:00:00+07:00,10479.026563694624,10526.017431686005,10408.539798460371,10502.5224609375,3567729,0.0,0.0
2015-08-31 00:00:00+07:00,10455.530761253993,10526.01752712736,10361.549024419084,10385.044921875,1549091,0.0,0.0
2015-09-01 00:00:00+07:00,10432.035592663036,10432.035592663036,10314.557960597764,10361.548828125,1451982,0.0,0.0
2015-09-03 00:00:00+07:00,10314.558201368518,10361.549069992652,10267.56640625,10267.56640625,2266469,0.0,0.0
2015-09-04 00:00:00+07:00,10267.56660199281,10361.549267527167,10244.071630480024,10291.0625,808216,0.0,0.0
2015-09-07 00:00:00+07:00,10338.053024970204,10338.053024970204,10197.079494614278,10244.0712890625,579547,0.0,0.0
2015-09-08 00:00:00+07:00,10220.5749587677,10361.548483150234,10220.5749587677,10314.5576171875,787785,0.0,0.0
2015-09-09 00:00:00+07:00,10408.539695652236,10432.035592663036,10361.548828125,10361.548828125,1420126,0.0,0.0
2015-09-10 00:00:00+07:00,10361.549024419084,10385.044921875,10314.55815600163,10385.044921875,923987,0.0,0.0
2015-09-11 00:00:00+07:00,10432.03539413529,10432.03539413529,10338.052734375,10338.052734375,720229,0.0,0.0
2015-09-14 00:00:00+07:00,10338.053172433394,10338.053172433394,10267.56640625,10267.56640625,1939236,0.0,0.0
2015-09-15 00:00:00+07:00,10244.071435185124,10314.558201368518,10220.575537625864,10267.56640625,771795,0.0,0.0
2015-09-16 00:00:00+07:00,10267.56640625,10314.558201368518,10244.071435185124,10267.56640625,499561,0.0,0.0
2015-09-17 00:00:00+07:00,10267.56660199281,10338.053369519976,10267.56660199281,10291.0625,492534,0.0,0.0
2015-09-18 00:00:00+07:00,10479.0263671875,10549.513131099957,10361.548736164856,10479.0263671875,3246187,0.0,0.0
2015-09-21 00:00:00+07:00,10455.531101955252,10690.4873046875,10455.531101955252,10690.4873046875,2215591,0.0,0.0
2015-09-22 00:00:00+07:00,10690.48774765339,10713.9836468485,10596.505077367388,10620.0009765625,1168600,0.0,0.0
2015-09-23 00:00:00+07:00,10596.50454139397,10666.991308919623,10549.513671875,10549.513671875,1808407,0.0,0.0
2015-09-24 00:00:00+07:00,10526.018113015769,10643.496680339942,10526.018113015769,10596.5048828125,1160767,0.0,0.0
2015-09-25 00:00:00+07:00,10620.000439400654,10620.000439400654,10526.017773868316,10549.513671875,1046940,0.0,0.0
2015-09-28 00:00:00+07:00,10549.512932381902,10573.008828741586,10455.5302734375,10455.5302734375,1080455,0.0,0.0
2015-09-29 00:00:00+07:00,10455.5302734375,10455.5302734375,10408.539407212467,10455.5302734375,1137308,0.0,0.0
2015-09-30 00:00:00+07:00,10526.017036022218,10526.017036022218,10408.539407212467,10455.5302734375,8720544,0.0,0.0
2015-10-01 00:00:00+07:00,10455.53047038523,10502.52226398977,10432.035500077314,10479.0263671875,1946017,0.0,0.0
2015-10-02 00:00:00+07:00,10479.0263671875,10526.017234297686,10455.53047038523,10479.0263671875,1137798,0.0,0.0
2015-10-05 00:00:00+07:00,10502.52299679439,10596.50473757226,10479.027098352712,10573.009765625,1544248,0.0,0.0
2015-10-06 00:00:00+07:00,10713.983104713983,10854.95663976241,10666.991308701574,10807.96484375,3811457,0.0,0.0
2015-10-07 00:00:00+07:00,10854.95718903028,10854.95718903028,10573.010104666722,10620.0009765625,1363392,0.0,0.0
2015-10-08 00:00:00+07:00,10620.00010223682,10760.9736328125,10620.00010223682,10760.9736328125,1336658,0.0,0.0
2015-10-09 00:00:00+07:00,10807.964500839604,10901.94716338818,10760.9736328125,10760.9736328125,3145318,0.0,0.0
2015-10-12 00:00:00+07:00,10737.477735551764,10784.469530073236,10737.477735551764,10760.9736328125,1674148,0.0,0.0
2015-10-13 00:00:00+07:00,10760.974072857733,10760.974072857733,10666.991406465952,10690.4873046875,1203773,0.0,0.0
2015-10-14 00:00:00+07:00,11042.921339722205,11254.381647951315,10948.93867167779,10972.4345703125,12423793,0.0,0.0
2015-10-15 00:00:00+07:00,11019.424261866709,11019.424261866709,10925.44253037398,10948.9375,1723127,0.0,0.0
2015-10-16 00:00:00+07:00,10972.4345703125,11019.425441087496,10972.4345703125,10972.4345703125,2336404,0.0,0.0
2015-10-19 00:00:00+07:00,10972.434276590811,11230.885448676425,10972.434276590811,11066.416015625,5638851,0.0,0.0
2015-10-20 00:00:00+07:00,11066.416405458142,11254.38174313671,11042.921433119143,11113.408203125,7947931,0.0,0.0
2015-10-21 00:00:00+07:00,11183.89443162348,11183.89443162348,11042.9208984375,11042.9208984375,2840778,0.0,0.0
2015-10-22 00:00:00+07:00,10995.92793292949,11066.41469202173,10995.92793292949,11019.423828125,1912426,0.0,0.0
2015-10-23 00:00:00+07:00,11089.911913630744,11136.90278314784,11042.921044113653,11066.416015625,2905993,0.0,0.0
2015-10-26 00:00:00+07:00,11160.398633344905,11395.35483291267,11160.398633344905,11183.89453125,10624136,0.0,0.0
2015-10-27 00:00:00+07:00,11136.902445787213,11348.362741950144,11136.902445787213,11277.8759765625,5431907,0.0,0.0
2015-10-28 00:00:00+07:00,11301.37139915161,11489.335790125246,11301.37139915161,11465.8408203125,10793731,0.0,0.0
2015-10-29 00:00:00+07:00,11583.3193359375,11677.301075374498,11536.328466219002,11583.3193359375,7456397,0.0,0.0
2015-10-30 00:00:00+07:00,11606.814307549546,11630.310205655998,11489.336670006098,11583.3193359375,4053405,0.0,0.0
2015-11-02 00:00:00+07:00,11606.814648079207,11982.744396339727,11583.319675777848,11630.310546875,11387663,0.0,0.0
2015-11-03 00:00:00+07:00,11747.787700789451,12335.177734375,11724.29272946222,12335.177734375,15420164,0.0,0.0
2015-11-04 00:00:00+07:00,12452.655418386728,12570.133054957894,12217.69921875,12217.69921875,17129490,0.0,0.0
2015-11-05 00:00:00+07:00,12100.22228884028,12570.1337890625,12100.22228884028,12570.1337890625,11942875,0.0,0.0
2015-11-06 00:00:00+07:00,12570.133006613703,12805.089205346803,12217.699171761256,12335.177734375,14763193,0.0,0.0
2015-11-09 00:00:00+07:00,12217.69931720535,12335.177881217603,12100.2216796875,12100.2216796875,8218550,0.0,0.0
2015-11-10 00:00:00+07:00,12100.220792971477,12217.69842188045,11865.265535153529,11982.7431640625,8277342,0.0,0.0
2015-11-11 00:00:00+07:00,11865.2666015625,12217.69951996487,11865.2666015625,11865.2666015625,7715748,0.0,0.0
2015-11-12 00:00:00+07:00,11982.74380612822,12570.132908641222,11865.266170924497,12452.6552734375,14469436,0.0,0.0
2015-11-13 00:00:00+07:00,12452.654091957573,12805.087890625,12335.176467899862,12805.087890625,11223685,0.0,0.0
2015-11-16 00:00:00+07:00,12687.611328125,12922.567539550566,12452.656043193878,12687.611328125,10139996,0.0,0.0
2015-11-17 00:00:00+07:00,12570.133054957894,12687.610691529062,12217.69921875,12217.69921875,8628963,0.0,0.0
2015-11-18 00:00:00+07:00,12100.221582178834,12452.655418386728,12100.221582178834,12217.69921875,5519289,0.0,0.0
2015-11-19 00:00:00+07:00,12217.69931720535,12452.655518735455,12100.2216796875,12100.2216796875,4547162,0.0,0.0
2015-11-20 00:00:00+07:00,11982.7431640625,12217.69842188045,11982.7431640625,11982.7431640625,7150728,0.0,0.0
2015-11-23 00:00:00+07:00,11982.744396339727,12100.222037329828,11630.310546875,11630.310546875,8418349,0.0,0.0
2015-11-24 00:00:00+07:00,11677.300729985838,11677.300729985838,11371.858696108287,11536.328125,11549665,0.0,0.0
2015-11-25 00:00:00+07:00,11583.318612386562,11865.265666074569,11395.35421875934,11747.787109375,5460900,0.0,0.0
2015-11-26 00:00:00+07:00,11700.796427853307,11747.787295380544,11512.83203125,11512.83203125,3134983,0.0,0.0
2015-11-27 00:00:00+07:00,11559.822700831046,11724.2921241016,11489.3359375,11489.3359375,6140278,0.0,0.0
2015-11-30 00:00:00+07:00,11512.832717135254,11512.832717135254,11348.36328125,11348.36328125,4593521,0.0,0.0
2015-12-01 00:00:00+07:00,11418.849903510438,11465.841699728811,11301.372265953312,11324.8681640625,2643813,0.0,0.0
2015-12-02 00:00:00+07:00,11324.868503866066,11442.346144948116,11324.868503866066,11371.859375,2810092,0.0,0.0
2015-12-03 00:00:00+07:00,11395.35546875,11442.346340687787,11348.363670317764,11395.35546875,1669828,0.0,0.0
2015-12-04 00:00:00+07:00,11395.35438831662,11395.35438831662,11207.38906539822,11254.380859375,3477923,0.0,0.0
2015-12-07 00:00:00+07:00,11230.885203483977,11277.876071975164,11160.3984375,11160.3984375,3602856,0.0,0.0
2015-12-08 00:00:00+07:00,11113.40734103259,11536.3279282608,11066.41554701099,11512.83203125,4634180,0.0,0.0
2015-12-09 00:00:00+07:00,11512.83256945278,11606.81430890072,11324.8681640625,11324.8681640625,2969713,0.0,0.0
2015-12-10 00:00:00+07:00,11324.867425437653,11418.849158755962,11230.884765625,11230.884765625,2463557,0.0,0.0
2015-12-11 00:00:00+07:00,11207.389211174856,11395.354536538156,11207.389211174856,11277.8759765625,2547223,0.0,0.0
2015-12-14 00:00:00+07:00,11254.38066220175,11324.867425437653,11230.884765625,11230.884765625,1755307,0.0,0.0
2015-12-15 00:00:00+07:00,11230.88602722607,11395.35546875,11230.88602722607,11395.35546875,2131121,0.0,0.0
2015-12-16 00:00:00+07:00,11442.34492400542,11583.318448859232,11442.34492400542,11465.8408203125,5502248,0.0,0.0
2015-12-17 00:00:00+07:00,11559.8232421875,11630.3100088195,11512.832373264297,11559.8232421875,3850784,0.0,0.0
2015-12-18 00:00:00+07:00,11559.822700831046,11583.31859743951,11489.3359375,11489.3359375,3333974,0.0,0.0
2015-12-21 00:00:00+07:00,11489.337212625576,11489.337212625576,11348.363670317764,11395.35546875,2618014,0.0,0.0
2015-12-22 00:00:00+07:00,11395.354734627888,11442.345603538386,11301.3720703125,11301.3720703125,2330954,0.0,0.0
2015-12-23 00:00:00+07:00,11348.362594339838,11371.85849132823,11230.88496238661,11254.380859375,2649022,0.0,0.0
2015-12-24 00:00:00+07:00,11301.371528860904,11324.867425437653,11230.884765625,11230.884765625,2075557,0.0,0.0
2015-12-25 00:00:00+07:00,11277.875632284156,11277.875632284156,11207.38886904825,11230.884765625,1370456,0.0,0.0
2015-12-28 00:00:00+07:00,11277.876172610057,11442.345603538386,11207.389405997112,11301.3720703125,3358198,0.0,0.0
2015-12-29 00:00:00+07:00,11324.868309333831,11395.355078071168,11301.37241092325,11348.36328125,1904351,0.0,0.0
2015-12-30 00:00:00+07:00,11418.850049987335,11489.33681872467,11348.36328125,11348.36328125,3690195,0.0,0.0
2015-12-31 00:00:00+07:00,11348.36328125,11465.841846808504,11324.868309333831,11348.36328125,2896548,0.0,0.0
2016-01-04 00:00:00+07:00,11371.858292096807,11395.354188673557,11230.884765625,11230.884765625,2827378,0.0,0.0
2016-01-05 00:00:00+07:00,11230.884765625,11277.875632284156,11207.38886904825,11230.884765625,2964018,0.0,0.0
2016-01-06 00:00:00+07:00,11230.88496238661,11301.37172685742,11230.88496238661,11254.380859375,1804169,0.0,0.0
2016-01-07 00:00:00+07:00,11254.381198216472,11254.381198216472,11042.9208984375,11042.9208984375,7999207,0.0,0.0
2016-01-08 00:00:00+07:00,10995.929791280609,11019.42569044701,10807.965377432743,10878.4521484375,7162272,0.0,0.0
2016-01-11 00:00:00+07:00,10878.45146432902,10878.45146432902,10784.4697265625,10784.4697265625,3252286,0.0,0.0
2016-01-12 00:00:00+07:00,10807.96355084828,11019.423828125,10737.476791756038,11019.423828125,2592977,0.0,0.0
2016-01-13 00:00:00+07:00,11042.921786713176,11113.408558976018,10878.452342601731,10901.9482421875,2192208,0.0,0.0
2016-01-14 00:00:00+07:00,10831.461132396407,10901.94790246275,10807.965233542816,10854.95703125,2300467,0.0,0.0
2016-01-15 00:00:00+07:00,10854.956835930818,10925.443604728853,10807.965039069182,10831.4609375,2867917,0.0,0.0
2016-01-18 00:00:00+07:00,10737.478076445275,10737.478076445275,10408.540136823693,10549.513671875,9227139,0.0,0.0
2016-01-19 00:00:00+07:00,10549.514011779487,10643.496680339942,10502.523140746478,10596.5048828125,3527025,0.0,0.0
2016-01-20 00:00:00+07:00,10596.50454139397,10690.48720692631,10549.513671875,10549.513671875,2753763,0.0,0.0
2016-01-21 00:00:00+07:00,10526.017773868316,10596.50454139397,10479.026904349346,10549.513671875,2615789,0.0,0.0
2016-01-22 00:00:00+07:00,10573.010354186716,10596.505327441855,10408.540908928397,10526.0185546875,2999145,0.0,0.0
2016-01-25 00:00:00+07:00,10690.487206499456,11066.416015625,10573.009569459524,11066.416015625,15493615,0.0,0.0
2016-01-26 00:00:00+07:00,10925.443259706668,10948.938230901103,10784.4697265625,10784.4697265625,6303690,0.0,0.0
2016-01-27 00:00:00+07:00,10925.4439467703,10925.4439467703,10854.957175765549,10878.4521484375,2166811,0.0,0.0
2016-01-28 00:00:00+07:00,10878.451611274211,10901.94750928042,10760.97397423199,10807.96484375,2249226,0.0,0.0
2016-01-29 00:00:00+07:00,10878.452342601731,10925.444141773269,10784.47059724759,10901.9482421875,2006708,0.0,0.0
2016-02-01 00:00:00+07:00,10925.44253037398,11019.424261866709,10807.96397626658,10948.9375,2439332,0.0,0.0
2016-02-02 00:00:00+07:00,10878.452003609158,10972.43467252909,10854.95703125,10854.95703125,824572,0.0,0.0
2016-02-03 00:00:00+07:00,10901.946634253636,11019.424261866709,10854.955768507272,10948.9375,2671067,0.0,0.0
2016-02-04 00:00:00+07:00,11019.425097998876,11019.425097998876,10925.443359375,10925.443359375,1138803,0.0,0.0
2016-02-05 00:00:00+07:00,10972.43296422827,11042.91972332051,10925.442100331538,11019.423828125,1549662,0.0,0.0
2016-02-15 00:00:00+07:00,10972.4345703125,10995.929542452785,10878.451902268089,10972.4345703125,1381240,0.0,0.0
2016-02-16 00:00:00+07:00,11042.921433119143,11160.399074297426,10972.43466311329,11113.408203125,1399044,0.0,0.0
2016-02-17 00:00:00+07:00,11160.3984375,11324.867866960732,11160.3984375,11160.3984375,2985785,0.0,0.0
2016-02-18 00:00:00+07:00,11207.389405997112,11348.362939223,11183.89443478906,11301.3720703125,3380488,0.0,0.0
2016-02-19 00:00:00+07:00,11277.876416575224,11277.876416575224,11183.894676721198,11207.3896484375,2141700,0.0,0.0
2016-02-22 00:00:00+07:00,11207.38960001097,11324.8681640625,11207.38960001097,11324.8681640625,2175696,0.0,0.0
2016-02-23 00:00:00+07:00,11395.354188673557,11395.354188673557,11230.884765625,11230.884765625,3017035,0.0,0.0
2016-02-24 00:00:00+07:00,11207.38886904825,11277.875632284156,11183.893898965844,11230.884765625,2648779,0.0,0.0
2016-02-25 00:00:00+07:00,11277.876269881588,11348.363037102476,11183.89453125,11183.89453125,2960060,0.0,0.0
2016-02-26 00:00:00+07:00,11230.885546648213,11230.885546648213,11136.902880299776,11207.3896484375,2014624,0.0,0.0
2016-02-29 00:00:00+07:00,11254.38066220175,11254.38066220175,11183.893898965844,11230.884765625,2084564,0.0,0.0
2016-03-01 00:00:00+07:00,11230.885498120157,11489.336671343592,11183.894628396189,11324.8681640625,5191975,0.0,0.0
2016-03-02 00:00:00+07:00,11371.858935898588,11465.841601031936,11348.36303799165,11442.345703125,3278409,0.0,0.0
2016-03-03 00:00:00+07:00,11489.335790125246,11583.318448859232,11465.8408203125,11465.8408203125,3357270,0.0,0.0
2016-03-04 00:00:00+07:00,11418.849369701164,11583.318795788036,11418.849369701164,11512.83203125,4457557,0.0,0.0
2016-03-07 00:00:00+07:00,11512.833257496548,11606.815002561136,11418.8505859375,11418.8505859375,2955012,0.0,0.0
2016-03-08 00:00:00+07:00,11418.849507337787,11442.345404631797,11277.8759765625,11277.8759765625,4597190,0.0,0.0
2016-03-09 00:00:00+07:00,11230.88510846886,11324.867771150512,11230.88510846886,11277.8759765625,1720144,0.0,0.0
2016-03-10 00:00:00+07:00,11277.876367844126,11348.363135677282,11254.381396229344,11324.8681640625,1269216,0.0,0.0
2016-03-11 00:00:00+07:00,11371.859569533884,11489.337212625576,11371.859569533884,11395.35546875,3038961,0.0,0.0
2016-03-14 00:00:00+07:00,11512.832470351414,11606.814208990363,11442.345703125,11442.345703125,5377437,0.0,0.0
2016-03-15 00:00:00+07:00,11489.337212625576,11536.329011057813,11395.35546875,11395.35546875,2202060,0.0,0.0
2016-03-16 00:00:00+07:00,11395.35546875,11442.346340687787,11371.859569533884,11395.35546875,1990556,0.0,0.0
2016-03-17 00:00:00+07:00,11418.85044147167,11489.337212625576,11395.35546875,11395.35546875,3426963,0.0,0.0
2016-03-18 00:00:00+07:00,11512.83256811255,11724.2928715874,11512.83256811255,11583.3193359375,10649739,0.0,0.0
2016-03-21 00:00:00+07:00,11583.319139896295,11630.3100088195,11512.832373264297,11559.8232421875,3984760,0.0,0.0
2016-03-22 00:00:00+07:00,11512.832470351414,11536.32836825835,11442.345703125,11442.345703125,2829311,0.0,0.0
2016-03-23 00:00:00+07:00,11442.345703125,11512.832470351414,11395.354833805524,11442.345703125,2711406,0.0,0.0
2016-03-24 00:00:00+07:00,11465.8420437623,11489.33701608205,11371.859375,11371.859375,3359289,0.0,0.0
2016-03-25 00:00:00+07:00,11324.86762384581,11371.85849132823,11183.89409490419,11254.380859375,4858766,0.0,0.0
2016-03-28 00:00:00+07:00,11348.362741950144,11348.362741950144,11254.381005762869,11277.8759765625,2184859,0.0,0.0
2016-03-29 00:00:00+07:00,11277.876071975164,11277.876071975164,11136.902540007217,11160.3984375,3113621,0.0,0.0
2016-03-30 00:00:00+07:00,11160.3984375,11254.38110097676,11089.911671516023,11160.3984375,2406261,0.0,0.0
2016-03-31 00:00:00+07:00,11160.398681153583,11277.876318193516,11066.416015625,11066.416015625,3178349,0.0,0.0
2016-04-01 00:00:00+07:00,11066.415475016976,11089.911371874918,10972.433740573912,10995.9287109375,2140811,0.0,0.0
2016-04-04 00:00:00+07:00,10972.433740573912,11042.920504653388,10972.433740573912,10995.9287109375,1495670,0.0,0.0
2016-04-05 00:00:00+07:00,10995.929103045914,11089.911767334695,10972.434131844508,11042.9208984375,2166087,0.0,0.0
2016-04-06 00:00:00+07:00,11042.921576745306,11136.9033203125,11019.425677606285,11136.9033203125,1163230,0.0,0.0
2016-04-07 00:00:00+07:00,11160.398002389096,11254.38066220175,11136.902105812347,11230.884765625,1961608,0.0,0.0
2016-04-08 00:00:00+07:00,11183.89453125,11277.876269881588,11183.89453125,11183.89453125,2262108,0.0,0.0
2016-04-11 00:00:00+07:00,11230.88496238661,11324.86762384581,11160.3981979158,11254.380859375,3290080,0.0,0.0
2016-04-12 00:00:00+07:00,11277.876416575224,11277.876416575224,11160.398778510484,11207.3896484375,1589435,0.0,0.0
2016-04-13 00:00:00+07:00,11183.89453125,11230.885400565794,11160.398633344905,11183.89453125,2293887,0.0,0.0
2016-04-14 00:00:00+07:00,11160.3984375,11230.885203483977,11160.3984375,11160.3984375,2311127,0.0,0.0
2016-04-15 00:00:00+07:00,11183.893791723958,11207.38876158107,11089.9111328125,11089.9111328125,3891607,0.0,0.0
2016-04-19 00:00:00+07:00,11089.911767334695,11160.398533927688,11042.9208984375,11042.9208984375,3921163,0.0,0.0
2016-04-20 00:00:00+07:00,11042.921044113653,11089.911913630744,11019.425146107907,11066.416015625,3546442,0.0,0.0
2016-04-21 00:00:00+07:00,11113.408203125,11160.399074297426,11066.416405458142,11113.408203125,2609855,0.0,0.0
2016-04-22 00:00:00+07:00,11113.407135729942,11230.884765625,11066.415342576443,11230.884765625,3955933,0.0,0.0
2016-04-25 00:00:00+07:00,11277.87582986903,11348.362594339838,11230.88496238661,11254.380859375,3178753,0.0,0.0
2016-04-26 00:00:00+07:00,11254.380859375,11277.87582986903,11160.3981979158,11254.380859375,1548609,0.0,0.0
2016-04-27 00:00:00+07:00,11277.876416575224,11301.372314785938,11160.398778510484,11207.3896484375,2569150,0.0,0.0
2016-04-28 00:00:00+07:00,11277.8767062377,11583.319684844351,11207.389936289585,11371.859375,17030200,0.0,0.0
2016-04-29 00:00:00+07:00,11371.859713405203,11442.346485450877,11348.363813891829,11418.8505859375,3504709,0.0,0.0
2016-05-04 00:00:00+07:00,11324.867968014943,11348.362939223,11207.389405997112,11301.3720703125,3315881,0.0,0.0
2016-05-05 00:00:00+07:00,11254.38066220175,11371.858292096807,11230.884765625,11230.884765625,3669566,0.0,0.0
2016-05-06 00:00:00+07:00,11230.885203483977,11277.876071975164,11160.3984375,11160.3984375,2799718,0.0,0.0
2016-05-09 00:00:00+07:00,11183.893791723958,11230.884657932518,11089.9111328125,11089.9111328125,2446198,0.0,0.0
2016-05-10 00:00:00+07:00,11066.416405458142,11160.399074297426,11042.921433119143,11113.408203125,2652495,0.0,0.0
2016-05-11 00:00:00+07:00,11207.3896484375,11230.885546648213,11113.407908583473,11207.3896484375,1676531,0.0,0.0
2016-05-12 00:00:00+07:00,11254.38188951316,11254.38188951316,11136.9033203125,11136.9033203125,1665348,0.0,0.0
2016-05-13 00:00:00+07:00,11160.39921945152,11183.895118590544,11089.912448528905,11136.9033203125,1587855,0.0,0.0
2016-05-16 00:00:00+07:00,11136.903175463996,11160.399074297426,11089.91230429157,11113.408203125,2101278,0.0,0.0
2016-05-17 00:00:00+07:00,11136.90273543981,11230.885400565794,11113.40776402911,11183.89453125,1430945,0.0,0.0
2016-05-18 00:00:00+07:00,11277.876416575224,11371.859082923664,11207.3896484375,11207.3896484375,2797778,0.0,0.0
2016-05-19 00:00:00+07:00,11277.876416575224,11277.876416575224,11183.894676721198,11207.3896484375,751124,0.0,0.0
2016-05-20 00:00:00+07:00,11207.38906539822,11254.380859375,11207.38906539822,11254.380859375,1958617,0.0,0.0
2016-05-23 00:00:00+07:00,11348.362395520058,11348.362395520058,11230.884765625,11230.884765625,1393675,0.0,0.0
2016-05-24 00:00:00+07:00,11254.381444858924,11277.876416575224,11207.3896484375,11207.3896484375,9566528,0.0,0.0
2016-05-25 00:00:00+07:00,11230.885546648213,11254.381444858924,11183.894676721198,11207.3896484375,2416154,0.0,0.0
2016-05-26 00:00:00+07:00,11160.3984375,11254.38110097676,11160.3984375,11160.3984375,5365849,0.0,0.0
2016-05-27 00:00:00+07:00,11024.123451304964,11105.183366500933,10916.044182039888,11078.1630859375,2366241,0.0,0.0
2016-05-30 00:00:00+07:00,11078.164286820043,11186.244494295435,11078.164286820043,11105.1845703125,1570072,0.0,0.0
2016-05-31 00:00:00+07:00,11132.202312175088,11132.202312175088,11024.123046875,11024.123046875,2069332,0.0,0.0
2016-06-01 00:00:00+07:00,11078.162679525043,11078.162679525043,11024.123046875,11024.123046875,1824495,0.0,0.0
2016-06-02 00:00:00+07:00,11078.162679525043,11078.162679525043,10997.102767302831,11024.123046875,1116915,0.0,0.0
2016-06-03 00:00:00+07:00,11051.144078446649,11051.144078446649,10970.084160708531,10997.103515625,1405500,0.0,0.0
2016-06-06 00:00:00+07:00,10997.103916070417,10997.103916070417,10862.004357085536,10916.044921875,2788287,0.0,0.0
2016-06-07 00:00:00+07:00,10970.0847359527,10970.0847359527,10862.004531136305,10943.064453125,1964908,0.0,0.0
2016-06-08 00:00:00+07:00,10943.06387929771,10997.103515625,10916.044524381245,10997.103515625,1813998,0.0,0.0
2016-06-09 00:00:00+07:00,10997.104092285996,10997.104092285996,10943.064453125,10943.064453125,1142508,0.0,0.0
2016-06-10 00:00:00+07:00,10916.045096791704,10970.0847359527,10916.045096791704,10943.064453125,1668490,0.0,0.0
2016-06-13 00:00:00+07:00,10943.064277775342,10943.064277775342,10916.044921875,10916.044921875,1535204,0.0,0.0
2016-06-14 00:00:00+07:00,10889.024813964004,10943.064453125,10889.024813964004,10943.064453125,851674,0.0,0.0
2016-06-15 00:00:00+07:00,10943.06405123888,10943.06405123888,10862.004132227125,10889.0244140625,1876953,0.0,0.0
2016-06-16 00:00:00+07:00,10943.064277775342,10970.084560170077,10889.024639480269,10916.044921875,1261648,0.0,0.0
2016-06-17 00:00:00+07:00,10916.044921875,10943.064277775342,10889.024639480269,10916.044921875,836084,0.0,0.0
2016-06-20 00:00:00+07:00,10943.0640891374,11591.542516982909,10916.04473370282,11537.501953125,6590987,0.0,0.0
2016-06-21 00:00:00+07:00,11591.542516982909,11834.721348365989,11510.48259769042,11537.501953125,5065673,0.0,0.0
2016-06-22 00:00:00+07:00,11483.462715750711,11591.542920736772,11456.443359375,11456.443359375,1055044,0.0,0.0
2016-06-23 00:00:00+07:00,11429.422042148037,11456.442322572831,11321.3427734375,11321.3427734375,4698608,0.0,0.0
2016-06-24 00:00:00+07:00,11267.30408107982,11267.30408107982,10564.78686497208,11051.1455078125,9174159,0.0,0.0
2016-06-27 00:00:00+07:00,11051.144133353506,11186.243688090142,10862.004015526723,11132.203125,3259500,0.0,0.0
2016-06-28 00:00:00+07:00,11132.203125,11186.243688090142,11078.163488404218,11132.203125,2950826,0.0,0.0
2016-06-29 00:00:00+07:00,11105.184438678123,11483.462844122025,11105.184438678123,11348.36328125,4391024,0.0,0.0
2016-06-30 00:00:00+07:00,11483.46343114048,11510.48371569389,11294.32421875,11294.32421875,2351423,0.0,0.0
2016-07-01 00:00:00+07:00,11348.362127367973,11429.422042148037,11294.322493012703,11321.3427734375,2033378,0.0,0.0
2016-07-04 00:00:00+07:00,11348.362362132351,11537.501549535693,11348.362362132351,11483.4619140625,3033414,0.0,0.0
2016-07-05 00:00:00+07:00,11483.463246172609,11537.50288791453,11402.4033203125,11402.4033203125,2777547,0.0,0.0
2016-07-06 00:00:00+07:00,11375.383213380226,11483.462489744774,11321.343575197952,11429.4228515625,2113889,0.0,0.0
2016-07-07 00:00:00+07:00,11537.501264836552,11861.740922663448,11456.442276874148,11699.62109375,5592921,0.0,0.0
2016-07-08 00:00:00+07:00,11726.6420035843,11996.841115282172,11726.6420035843,11780.681640625,5600151,0.0,0.0
2016-07-11 00:00:00+07:00,11807.700886081788,11888.760804136133,11510.482421875,11510.482421875,3811570,0.0,0.0
2016-07-12 00:00:00+07:00,11510.482421875,11618.56169495122,11348.362585766308,11510.482421875,2614383,0.0,0.0
2016-07-13 00:00:00+07:00,11510.482076564922,11699.621262021385,11510.482076564922,11591.5419921875,2637237,0.0,0.0
2016-07-14 00:00:00+07:00,11618.5625,11861.742271012934,11591.543143105955,11618.5625,7409664,0.0,0.0
2016-07-15 00:00:00+07:00,11591.542339929343,11672.601331489332,11510.482421875,11510.482421875,2563888,0.0,0.0
2016-07-18 00:00:00+07:00,11483.462140358764,11537.501776896876,11402.40222230442,11510.482421875,2417121,0.0,0.0
2016-07-19 00:00:00+07:00,11537.501310858575,11537.501310858575,11267.302212587909,11321.3427734375,4629931,0.0,0.0
2016-07-20 00:00:00+07:00,11321.344103994245,11375.383744700595,11240.2841796875,11240.2841796875,2159606,0.0,0.0
2016-07-21 00:00:00+07:00,11267.30353679346,11348.363461100203,11213.263896087108,11240.2841796875,2029902,0.0,0.0
2016-07-22 00:00:00+07:00,11213.264251795605,11213.264251795605,11051.14532453379,11159.224609375,3365608,0.0,0.0
2016-07-25 00:00:00+07:00,11159.22421080298,11186.244494295435,11105.1845703125,11105.1845703125,1319795,0.0,0.0
2016-07-26 00:00:00+07:00,11105.18515112933,11132.204509540506,11024.125222906849,11051.1455078125,1648588,0.0,0.0
2016-07-27 00:00:00+07:00,11159.224609375,11267.30389421621,11132.204324917468,11159.224609375,1947038,0.0,0.0
2016-07-28 00:00:00+07:00,11159.224609375,11267.30389421621,11132.204324917468,11159.224609375,1800128,0.0,0.0
2016-07-29 00:00:00+07:00,11159.223001133469,11186.2432816969,11078.1630859375,11078.1630859375,848056,0.0,0.0
2016-08-01 00:00:00+07:00,11078.164286820043,11159.22421080298,11024.124646329565,11105.1845703125,1670387,0.0,0.0
2016-08-02 00:00:00+07:00,11105.183536268809,11105.183536268809,10943.0637033985,10970.083984375,2943594,0.0,0.0
2016-08-03 00:00:00+07:00,10970.0847359527,11024.124375113695,10916.045096791704,10943.064453125,1641210,0.0,0.0
2016-08-04 00:00:00+07:00,10943.064277775342,11024.124198465148,10916.044921875,10916.044921875,1194753,0.0,0.0
2016-08-05 00:00:00+07:00,10916.045096791704,10997.104092285996,10862.004531136305,10943.064453125,1621231,0.0,0.0
2016-08-08 00:00:00+07:00,10997.103338857156,11078.16325529231,10970.083984375,10970.083984375,964487,0.0,0.0
2016-08-09 00:00:00+07:00,11024.125222906849,11051.1455078125,10970.085579590015,11051.1455078125,951638,0.0,0.0
2016-08-10 00:00:00+07:00,10997.104362837112,11105.1845703125,10997.104362837112,11105.1845703125,831311,0.0,0.0
2016-08-11 00:00:00+07:00,11159.224648971876,11294.32421875,11132.204364418469,11294.32421875,2055144,0.0,0.0
2016-08-12 00:00:00+07:00,11348.363461100203,11456.443669007342,11213.263896087108,11240.2841796875,2011433,0.0,0.0
2016-08-15 00:00:00+07:00,11240.2841796875,11267.30353679346,11213.263896087108,11240.2841796875,987418,0.0,0.0
2016-08-16 00:00:00+07:00,11348.362759105452,11618.561872417486,11240.283484378388,11537.501953125,6789544,0.0,0.0
2016-08-17 00:00:00+07:00,11537.502970493502,11753.66246550279,11483.463328364796,11672.6025390625,4756192,0.0,0.0
2016-08-18 00:00:00+07:00,11672.60138639898,11888.760860062626,11618.561749606655,11645.58203125,4110197,0.0,0.0
2016-08-19 00:00:00+07:00,11699.622199228428,11699.622199228428,11456.443359375,11456.443359375,2326073,0.0,0.0
2016-08-22 00:00:00+07:00,11348.36422251506,11375.38450792837,11213.2646484375,11213.2646484375,3491801,0.0,0.0
2016-08-23 00:00:00+07:00,11294.3230160511,11321.343297727202,11186.243742335428,11267.302734375,1557467,0.0,0.0
2016-08-24 00:00:00+07:00,11294.323641400077,11456.443487444269,11294.323641400077,11348.36328125,2700931,0.0,0.0
2016-08-25 00:00:00+07:00,11375.383437259055,11483.462715750711,11321.343798013228,11456.443359375,2111221,0.0,0.0
2016-08-26 00:00:00+07:00,11456.443579152468,11726.642707059444,11456.443579152468,11618.5625,7785855,0.0,0.0
2016-08-29 00:00:00+07:00,11672.601331489332,11753.661249543677,11510.482421875,11510.482421875,3498262,0.0,0.0
2016-08-30 00:00:00+07:00,11483.462140358764,11591.542339929343,11483.462140358764,11510.482421875,1860447,0.0,0.0
2016-08-31 00:00:00+07:00,11591.543061495368,11996.841750502315,11537.502495098908,11861.7421875,11202698,0.0,0.0
2016-09-01 00:00:00+07:00,11969.821687230067,12158.960893609552,11888.76176264045,12023.861328125,7604816,0.0,0.0
2016-09-05 00:00:00+07:00,12023.861328125,12104.921252714616,11915.782046335136,12023.861328125,8063629,0.0,0.0
2016-09-06 00:00:00+07:00,11996.84134582356,12104.920621981904,11942.80078125,11942.80078125,38771725,0.0,0.0
2016-09-07 00:00:00+07:00,11915.7822265625,11915.7822265625,11753.662374931188,11915.7822265625,5096679,0.0,0.0
2016-09-08 00:00:00+07:00,11996.84227461561,12483.200907970677,11942.801705858246,12321.0810546875,11388585,0.0,0.0
2016-09-09 00:00:00+07:00,12429.158598167587,12564.25814814767,12294.059048187504,12348.099609375,23439588,0.0,0.0
2016-09-12 00:00:00+07:00,12294.059516059027,12321.07979768108,12131.940605809812,12158.9599609375,6669811,0.0,0.0
2016-09-13 00:00:00+07:00,12158.959439075315,12253.529494199189,12023.85988975226,12213.0,8402498,0.0,0.0
2016-09-14 00:00:00+07:00,12199.490437206716,12415.649911653942,12158.96001459478,12294.0595703125,4505207,0.0,0.0
2016-09-15 00:00:00+07:00,12294.059107460136,12294.059107460136,12023.860006197276,12104.919921875,4060373,0.0,0.0
2016-09-16 00:00:00+07:00,12023.860405815973,12158.9599609375,11996.841050688285,12158.9599609375,3003634,0.0,0.0
2016-09-19 00:00:00+07:00,12267.039812103698,12294.059166463056,12104.919979970186,12240.01953125,3316345,0.0,0.0
2016-09-20 00:00:00+07:00,12294.060394981836,12402.140602702511,12213.001397309368,12334.5908203125,4826418,0.0,0.0
2016-09-21 00:00:00+07:00,12348.100133795082,12402.139770783297,12267.040215065575,12294.0595703125,11973976,0.0,0.0
2016-09-22 00:00:00+07:00,12294.05989582864,12807.43877704559,12294.05989582864,12591.279296875,9907761,0.0,0.0
2016-09-23 00:00:00+07:00,12645.317674413627,12861.47713303069,12645.317674413627,12807.4375,88114881,0.0,0.0
2016-09-26 00:00:00+07:00,12861.478914173043,13023.59876221084,12861.478914173043,12915.5185546875,11161197,0.0,0.0
2016-09-27 00:00:00+07:00,12902.00841293528,12915.5185546875,12780.418990154149,12915.5185546875,7062507,0.0,0.0
2016-09-28 00:00:00+07:00,12874.988307596994,13104.656998058088,12861.47816663002,12942.5380859375,10736197,0.0,0.0
2016-09-29 00:00:00+07:00,12861.477509262948,12969.556778485932,12726.377959487052,12793.927734375,10969378,0.0,0.0
2016-09-30 00:00:00+07:00,12807.438395403591,12807.438395403591,12604.7890625,12604.7890625,6059562,0.0,0.0
2016-10-03 00:00:00+07:00,12618.29920332578,12753.39875859484,12510.219003213911,12604.7890625,3805003,0.0,0.0
2016-10-04 00:00:00+07:00,12672.338640601109,12793.928053129894,12429.158889049188,12645.318359375,6992071,0.0,0.0
2016-10-05 00:00:00+07:00,12699.357995332866,12699.357995332866,12604.788864030188,12645.318359375,1694370,0.0,0.0
2016-10-06 00:00:00+07:00,12645.318884453432,12685.849307975564,12456.1796875,12456.1796875,2839697,0.0,0.0
2016-10-07 00:00:00+07:00,12469.690109674124,12510.21960761518,12077.900639269988,12172.470703125,9327598,0.0,0.0
2016-10-10 00:00:00+07:00,12172.470167288042,12172.470167288042,11780.681640625,11780.681640625,7674793,0.0,0.0
2016-10-11 00:00:00+07:00,11780.682480850584,12023.861328125,11659.093057213377,12023.861328125,5534143,0.0,0.0
2016-10-12 00:00:00+07:00,11996.840532871032,12050.88016728827,11807.70042266922,11834.720703125,2587942,0.0,0.0
2016-10-13 00:00:00+07:00,11807.701794459635,11942.801359445431,11726.642796663704,11888.76171875,1780146,0.0,0.0
2016-10-14 00:00:00+07:00,11861.741586226784,11915.781223389553,11834.721304398216,11848.2314453125,1952654,0.0,0.0
2016-10-17 00:00:00+07:00,11861.741152779849,11861.741152779849,11726.6416015625,11726.6416015625,2877687,0.0,0.0
2016-10-18 00:00:00+07:00,11726.6420035843,11848.231418549469,11618.56180300853,11780.681640625,2149109,0.0,0.0
2016-10-19 00:00:00+07:00,11753.66138540688,11929.291364303836,11753.66138540688,11848.2314453125,1789627,0.0,0.0
2016-10-20 00:00:00+07:00,11915.78195734346,11942.80131434192,11740.151967628555,11753.662109375,2237695,0.0,0.0
2016-10-21 00:00:00+07:00,11753.660955909369,11821.210731518042,11726.6416015625,11726.6416015625,1292228,0.0,0.0
2016-10-24 00:00:00+07:00,11726.643107685662,11780.68274981437,11645.583181245373,11672.6025390625,2506307,0.0,0.0
2016-10-25 00:00:00+07:00,11672.6025390625,11861.74267625466,11564.523254805084,11672.6025390625,2881970,0.0,0.0
2016-10-26 00:00:00+07:00,11672.60214028251,11780.682347341955,11591.543143105955,11618.5625,1749809,0.0,0.0
2016-10-27 00:00:00+07:00,11699.62282337408,11699.62282337408,11618.562896933792,11672.6025390625,1126284,0.0,0.0
2016-10-28 00:00:00+07:00,11672.60144004923,11780.681640625,11659.092225659831,11780.681640625,6497445,0.0,0.0
2016-10-31 00:00:00+07:00,11807.701749866344,11861.742316852116,11753.662109375,11753.662109375,1636575,0.0,0.0
2016-11-01 00:00:00+07:00,11780.681008206724,11780.681008206724,11699.62109375,11699.62109375,1011153,0.0,0.0
2016-11-02 00:00:00+07:00,11699.621613005564,11726.6418945218,11510.482421875,11510.482421875,2132955,0.0,0.0
2016-11-03 00:00:00+07:00,11483.462844122025,11483.462844122025,11267.303358227902,11348.36328125,6388175,0.0,0.0
2016-11-04 00:00:00+07:00,11348.362157380618,11456.442352871312,11348.362157380618,11388.892578125,1455238,0.0,0.0
2016-11-07 00:00:00+07:00,11375.384223814295,11591.543722238446,11375.384223814295,11564.5234375,949499,0.0,0.0
2016-11-08 00:00:00+07:00,11564.521110349448,11686.110514215845,11564.521110349448,11578.03125,1256556,0.0,0.0
2016-11-09 00:00:00+07:00,11578.03331409181,11578.03331409181,11105.184827484702,11402.4033203125,4662198,0.0,0.0
2016-11-10 00:00:00+07:00,11510.48259769042,11591.542516982909,11483.462315761468,11537.501953125,3868584,0.0,0.0
2016-11-11 00:00:00+07:00,11591.543143105955,11740.151922259254,11564.52285971749,11618.5625,1928495,0.0,0.0
2016-11-14 00:00:00+07:00,11537.502553644828,11618.562477156433,11510.483196803909,11551.0126953125,1990858,0.0,0.0
2016-11-15 00:00:00+07:00,11564.523254805084,11672.6025390625,11537.502970493502,11672.6025390625,1569545,0.0,0.0
2016-11-16 00:00:00+07:00,11699.62106318424,11726.641343430663,11564.52151494076,11632.0712890625,1837381,0.0,0.0
2016-11-17 00:00:00+07:00,11632.071835709336,11632.071835709336,11510.482421875,11510.482421875,1341210,0.0,0.0
2016-11-18 00:00:00+07:00,11483.462194378671,11659.092172071672,11483.462194378671,11645.58203125,4849484,0.0,0.0
2016-11-21 00:00:00+07:00,11672.60138639898,11726.641949685663,11564.522112814337,11645.58203125,1400761,0.0,0.0
2016-11-22 00:00:00+07:00,11618.561749606655,11713.131808863993,11618.561749606655,11645.58203125,2669648,0.0,0.0
2016-11-23 00:00:00+07:00,11699.62192155821,11915.781399905758,11645.582283594918,11875.2509765625,3277372,0.0,0.0
2016-11-24 00:00:00+07:00,11834.720392507312,12091.40934412279,11834.720392507312,11983.330078125,3897100,0.0,0.0
2016-11-25 00:00:00+07:00,11996.841320097888,11996.841320097888,11861.741761942469,11875.2509765625,1839624,0.0,0.0
2016-11-28 00:00:00+07:00,11875.251532104132,11875.251532104132,11672.60218539077,11753.662109375,1549458,0.0,0.0
2016-11-29 00:00:00+07:00,11753.661911078265,11753.661911078265,11537.5024262653,11659.0927734375,1716879,0.0,0.0
2016-11-30 00:00:00+07:00,11618.56274513946,11713.1328125,11591.543387675336,11713.1328125,1170456,0.0,0.0
2016-12-01 00:00:00+07:00,11672.6025390625,11834.722391943078,11672.6025390625,11672.6025390625,2568281,0.0,0.0
2016-12-02 00:00:00+07:00,11672.60153629394,11713.13195927943,11591.542543311713,11605.0517578125,933452,0.0,0.0
2016-12-05 00:00:00+07:00,11618.56169495122,11672.601331489332,11510.482421875,11510.482421875,1125200,0.0,0.0
2016-12-06 00:00:00+07:00,11564.52241026538,11578.032551434546,11429.4228515625,11429.4228515625,2981901,0.0,0.0
2016-12-07 00:00:00+07:00,11429.421467576129,11483.461099214752,11375.3818359375,11375.3818359375,2765681,0.0,0.0
2016-12-08 00:00:00+07:00,11483.46384985207,11483.46384985207,11402.403919730688,11415.9140625,511823,0.0,0.0
2016-12-09 00:00:00+07:00,11496.971936212103,11753.660896938329,11483.461795859284,11591.5419921875,1248023,0.0,0.0
2016-12-12 00:00:00+07:00,11618.56281377464,11618.56281377464,11402.4033203125,11402.4033203125,3009497,0.0,0.0
2016-12-13 00:00:00+07:00,11402.403503974712,11442.93393080483,11294.32421875,11294.32421875,1335836,0.0,0.0
2016-12-14 00:00:00+07:00,11294.323641400077,11402.402921099929,11280.813499813989,11348.36328125,1386785,0.0,0.0
2016-12-15 00:00:00+07:00,11348.36446342335,11375.38474941026,11294.324817944043,11307.8349609375,2778268,0.0,0.0
2016-12-16 00:00:00+07:00,11334.851417337824,11375.3818359375,11294.321925232423,11375.3818359375,1399878,0.0,0.0
2016-12-19 00:00:00+07:00,11375.383041034404,11537.501953125,11375.383041034404,11537.501953125,768600,0.0,0.0
2016-12-20 00:00:00+07:00,11496.97265625,11591.542718148175,11483.462515051062,11496.97265625,1175199,0.0,0.0
2016-12-21 00:00:00+07:00,11496.972054554384,11551.011690027572,11469.951773570618,11483.4619140625,1684573,0.0,0.0
2016-12-22 00:00:00+07:00,11564.5224357503,11672.601712353024,11483.462515051062,11496.97265625,2314976,0.0,0.0
2016-12-23 00:00:00+07:00,11578.031822278994,11578.031822278994,11483.461766545008,11523.9921875,3954088,0.0,0.0
2016-12-26 00:00:00+07:00,11523.9927386549,11591.542516982909,11483.462315761468,11537.501953125,996972,0.0,0.0
2016-12-27 00:00:00+07:00,11537.5024262653,11753.661911078265,11537.5024262653,11659.0927734375,2773755,0.0,0.0
2016-12-28 00:00:00+07:00,11686.111580932997,11834.721277665702,11686.111580932997,11780.681640625,3422555,0.0,0.0
2016-12-29 00:00:00+07:00,11834.72142808146,11834.72142808146,11699.621870515448,11740.1513671875,1320987,0.0,0.0
2016-12-30 00:00:00+07:00,11780.682437359135,11956.311501242895,11713.132654866238,11888.76171875,7350181,0.0,0.0
2017-01-03 00:00:00+07:00,11969.821930275608,12145.450998373874,11969.821930275608,12118.431640625,3557108,0.0,0.0
2017-01-04 00:00:00+07:00,12104.92035104473,12348.100106699638,12077.90006936273,12226.509765625,3590432,0.0,0.0
2017-01-05 00:00:00+07:00,12212.999772145731,12267.03940556789,12185.9794921875,12185.9794921875,4002164,0.0,0.0
2017-01-06 00:00:00+07:00,12213.00090145434,12294.059895835768,12145.4501953125,12145.4501953125,3772806,0.0,0.0
2017-01-09 00:00:00+07:00,12172.469579306488,12267.03963443036,12131.9400851073,12213.0,2168390,0.0,0.0
2017-01-10 00:00:00+07:00,12226.510805876358,12429.16015625,12199.491448389874,12429.16015625,3938291,0.0,0.0
2017-01-11 00:00:00+07:00,12510.219325701784,12591.27924625165,12456.1796875,12456.1796875,2868460,0.0,0.0
2017-01-12 00:00:00+07:00,12456.179888306116,12483.200171089797,12388.63010784132,12415.650390625,1897283,0.0,0.0
2017-01-13 00:00:00+07:00,12456.180174635392,12537.240098355343,12077.900839440415,12131.94140625,5758925,0.0,0.0
2017-01-16 00:00:00+07:00,12131.94149162109,12131.94149162109,11888.76171875,11888.76171875,3574103,0.0,0.0
2017-01-17 00:00:00+07:00,11888.760622394127,12104.920091736529,11888.760622394127,11996.8408203125,2149387,0.0,0.0
2017-01-18 00:00:00+07:00,12077.899521249725,12077.899521249725,11834.720703125,11834.720703125,2141452,0.0,0.0
2017-01-19 00:00:00+07:00,11834.720703125,11888.760337542237,11740.150648024091,11834.720703125,5376872,0.0,0.0
2017-01-20 00:00:00+07:00,11834.721505091657,12023.860701615951,11821.211363948269,11942.80078125,2990011,0.0,0.0
2017-01-23 00:00:00+07:00,11996.84234672392,12050.881989311636,11942.801777641738,12010.3515625,2274247,0.0,0.0
2017-01-24 00:00:00+07:00,12077.900390625,12131.940955426437,11969.821114010909,12077.900390625,1325654,0.0,0.0
2017-01-25 00:00:00+07:00,12131.939858765343,12240.01912560966,12064.39008536407,12185.9794921875,15715622,0.0,0.0
2017-02-03 00:00:00+07:00,12077.900390625,12131.940955426437,11996.841396411628,12077.900390625,1746406,0.0,0.0
2017-02-06 00:00:00+07:00,12023.860928159844,12023.860928159844,11942.801006266627,11969.8212890625,2017393,0.0,0.0
2017-02-07 00:00:00+07:00,11956.311545382723,12077.900969019936,11956.311545382723,12023.861328125,10319982,0.0,0.0
2017-02-08 00:00:00+07:00,12050.880859375,12145.449993412723,12010.350436363651,12050.880859375,3112554,0.0,0.0
2017-02-09 00:00:00+07:00,12050.880257516545,12077.899611680305,12023.859976858455,12037.3701171875,2797280,0.0,0.0
2017-02-10 00:00:00+07:00,12023.861704770545,12050.881989311636,11956.311919912285,12010.3515625,2160905,0.0,0.0
2017-02-13 00:00:00+07:00,12050.880286921296,12118.43006223701,11996.84065196759,12104.919921875,2961674,0.0,0.0
2017-02-14 00:00:00+07:00,12158.959947978768,12537.2392578125,12131.940592879875,12537.2392578125,6890634,0.0,0.0
2017-02-15 00:00:00+07:00,12564.25972316576,12564.25972316576,12375.120514782584,12429.16015625,4056372,0.0,0.0
2017-02-16 00:00:00+07:00,12429.158717742872,12496.70849338278,12240.01953125,12240.01953125,3914763,0.0,0.0
2017-02-17 00:00:00+07:00,12213.00017689064,12294.059166463056,12131.940260823883,12240.01953125,3092926,0.0,0.0
2017-02-20 00:00:00+07:00,12240.020484023036,12267.040766980015,12158.96056164651,12172.470703125,2738640,0.0,0.0
2017-02-21 00:00:00+07:00,12240.020732120338,12402.140580159452,12172.470949853112,12267.041015625,3710093,0.0,0.0
2017-02-22 00:00:00+07:00,12348.10173499942,12510.220666986366,12267.041805758705,12375.12109375,4321643,0.0,0.0
2017-02-23 00:00:00+07:00,12402.140798763514,12523.73022368881,12334.591015305634,12429.16015625,3660728,0.0,0.0
2017-02-24 00:00:00+07:00,12429.16015625,12456.18044023093,12294.06058933424,12429.16015625,3263183,0.0,0.0
2017-02-27 00:00:00+07:00,12429.159826288966,12672.339596178228,12429.159826288966,12577.76953125,6289864,0.0,0.0
2017-02-28 00:00:00+07:00,12591.279220525936,12645.31885861731,12375.11974166606,12388.6298828125,2766697,0.0,0.0
2017-03-01 00:00:00+07:00,12388.629103771294,12402.139244068168,12253.529553791212,12348.099609375,2861185,0.0,0.0
2017-03-02 00:00:00+07:00,12348.100561448318,12402.140200308097,12267.040639911456,12280.55078125,2195000,0.0,0.0
2017-03-03 00:00:00+07:00,12280.551179699378,12402.140602702511,12199.49125553248,12334.5908203125,1405991,0.0,0.0
2017-03-06 00:00:00+07:00,12334.590468768363,12456.179888306116,12334.590468768363,12415.650390625,1822632,0.0,0.0
2017-03-07 00:00:00+07:00,12429.16073774565,12429.16073774565,12307.571307131817,12375.12109375,1664419,0.0,0.0
2017-03-08 00:00:00+07:00,12348.10173499942,12429.16073774565,12307.571307131817,12375.12109375,1777551,0.0,0.0
2017-03-09 00:00:00+07:00,12375.119489042005,12402.139770783297,12294.0595703125,12294.0595703125,1815681,0.0,0.0
2017-03-10 00:00:00+07:00,12375.120514782584,12537.240365679276,12348.1011572961,12429.16015625,4230840,0.0,0.0
2017-03-13 00:00:00+07:00,12456.180418838898,12510.220060213504,12348.10113608968,12361.6103515625,1837276,0.0,0.0
2017-03-14 00:00:00+07:00,12375.11896347442,12483.199159355085,12348.099609375,12348.099609375,2108132,0.0,0.0
2017-03-15 00:00:00+07:00,12348.10073709215,12402.140376720608,12280.550955932978,12307.5703125,2347419,0.0,0.0
2017-03-16 00:00:00+07:00,12321.079328781252,12402.139244068168,12294.059048187504,12348.099609375,2143596,0.0,0.0
2017-03-17 00:00:00+07:00,12402.140625,12510.219906420558,12361.610199596467,12402.140625,3467679,0.0,0.0
2017-03-20 00:00:00+07:00,12402.14009916113,12618.29957933172,12402.14009916113,12591.279296875,5525394,0.0,0.0
2017-03-21 00:00:00+07:00,12645.31893529405,12766.90835336051,12591.279296875,12591.279296875,6605557,0.0,0.0
2017-03-22 00:00:00+07:00,12618.299528599737,12631.808743279393,12456.1796875,12456.1796875,4347345,0.0,0.0
2017-03-23 00:00:00+07:00,12429.160319010418,12969.55859375,12402.140961170113,12969.55859375,7113807,0.0,0.0
2017-03-24 00:00:00+07:00,13077.638225928333,13239.75714528001,12820.94924208403,12888.4990234375,6802853,0.0,0.0
2017-03-27 00:00:00+07:00,12861.478515625,12969.55779330478,12766.908452784392,12861.478515625,6080875,0.0,0.0
2017-03-28 00:00:00+07:00,12861.47713303069,13037.106172004009,12780.417220237505,12807.4375,4395240,0.0,0.0
2017-03-29 00:00:00+07:00,12807.438652113737,12915.51792789756,12753.399014221824,12834.4580078125,2217789,0.0,0.0
2017-03-30 00:00:00+07:00,12834.459168369403,12929.029238102545,12726.3798828125,12726.3798828125,2642086,0.0,0.0
2017-03-31 00:00:00+07:00,12726.37930498765,12888.499152456629,12699.359021578011,12780.4189453125,4576385,0.0,0.0
2017-04-03 00:00:00+07:00,12780.418086174332,12834.457722866477,12537.2392578125,12537.2392578125,7074130,0.0,0.0
2017-04-04 00:00:00+07:00,12523.728381319132,12699.357421875,12523.728381319132,12699.357421875,3444540,0.0,0.0
2017-04-05 00:00:00+07:00,12699.35895294742,12699.35895294742,12577.76953125,12577.76953125,2103110,0.0,0.0
2017-04-07 00:00:00+07:00,12523.728381319132,12712.867561877983,12523.728381319132,12699.357421875,3667127,0.0,0.0
2017-04-10 00:00:00+07:00,12699.357421875,12766.907195395612,12672.33806836334,12699.357421875,2089033,0.0,0.0
2017-04-11 00:00:00+07:00,12699.357846773171,12780.417763008889,12645.318211447471,12685.8486328125,1878952,0.0,0.0
2017-04-12 00:00:00+07:00,12699.360009240572,12902.009371090156,12685.850792979532,12847.9697265625,5010823,0.0,0.0
2017-04-13 00:00:00+07:00,12793.928485263756,12861.478264116273,12753.398988550003,12766.908203125,1822177,0.0,0.0
2017-04-14 00:00:00+07:00,12726.378190285946,12739.888330807416,12402.13945024244,12442.6689453125,5140430,0.0,0.0
2017-04-17 00:00:00+07:00,12442.66873846446,12564.25814814767,12348.099609375,12348.099609375,4272523,0.0,0.0
2017-04-18 00:00:00+07:00,12348.1011572961,12429.16015625,12253.531089857288,12429.16015625,2094545,0.0,0.0
2017-04-19 00:00:00+07:00,12429.16015625,12537.240365679276,12402.140798763514,12429.16015625,3975648,0.0,0.0
2017-04-20 00:00:00+07:00,12429.159379757431,12523.729441288124,12375.11974166606,12388.6298828125,1847107,0.0,0.0
2017-04-21 00:00:00+07:00,12483.19994434319,12537.239582434564,12388.6298828125,12388.6298828125,1501744,0.0,0.0
2017-04-24 00:00:00+07:00,12388.630635497026,12442.670276871637,12334.590994122416,12361.6103515625,1862275,0.0,0.0
2017-04-25 00:00:00+07:00,12321.080678535613,12429.159959761855,12294.060394981836,12334.5908203125,2114101,0.0,0.0
2017-04-26 00:00:00+07:00,12402.140798763514,12442.670298240466,12348.1011572961,12429.16015625,1697985,0.0,0.0
2017-04-27 00:00:00+07:00,12456.17951416294,12618.299353006656,12456.17951416294,12564.2587890625,7440810,0.0,0.0
2017-04-28 00:00:00+07:00,12537.238883044723,12577.768377728718,12429.158686396846,12550.7490234375,1560944,0.0,0.0
2017-05-03 00:00:00+07:00,12618.298434845712,12780.417335398595,12550.7486613251,12699.357421875,2902547,0.0,0.0
2017-05-04 00:00:00+07:00,12699.357421875,12807.437615404564,12672.33806836334,12699.357421875,2431480,0.0,0.0
2017-05-05 00:00:00+07:00,12699.35959817604,12766.90938327272,12672.34024003405,12726.3798828125,1086261,0.0,0.0
2017-05-08 00:00:00+07:00,12672.33806836334,12739.887841883952,12645.317788357372,12699.357421875,1291598,0.0,0.0
2017-05-09 00:00:00+07:00,12753.398722642554,13050.6171875,12753.398722642554,13050.6171875,4102401,0.0,0.0
2017-05-10 00:00:00+07:00,13104.657403087496,13226.247749053931,12996.578125,12996.578125,5509036,0.0,0.0
2017-05-11 00:00:00+07:00,12996.578125,13077.638046812825,12874.988705527963,12996.578125,2489522,0.0,0.0
2017-05-12 00:00:00+07:00,12996.578878084762,13077.638804594591,12969.55859375,12969.55859375,1856660,0.0,0.0
2017-05-15 00:00:00+07:00,12969.558195201957,12969.558195201957,12902.00841293528,12915.5185546875,1778499,0.0,0.0
2017-05-16 00:00:00+07:00,12915.51792789756,13050.617485874534,12820.94879321031,12834.4580078125,2241455,0.0,0.0
2017-05-17 00:00:00+07:00,12834.458630668603,12969.558195201957,12766.908848401928,12915.5185546875,1944510,0.0,0.0
2017-05-18 00:00:00+07:00,12956.048226904477,13158.697561925992,12874.988307596994,12942.5380859375,3192470,0.0,0.0
2017-05-19 00:00:00+07:00,12942.539104561174,13077.638671875,12915.51882050063,13077.638671875,2521965,0.0,0.0
2017-05-22 00:00:00+07:00,13104.6572265625,13253.266926801778,13104.6572265625,13104.6572265625,6037932,0.0,0.0
2017-05-23 00:00:00+07:00,13145.18789972079,13347.83724212301,13104.6574753437,13199.2275390625,7456294,0.0,0.0
2017-05-24 00:00:00+07:00,13293.796648165257,13307.305862159794,13199.226591237451,13266.7763671875,4651874,0.0,0.0
2017-05-25 00:00:00+07:00,13361.347671067697,13361.347671067697,13190.446508870962,13237.0556640625,5231416,0.0,0.0
2017-05-26 00:00:00+07:00,13237.055201389949,13237.055201389949,13050.617660645888,13081.6904296875,2651857,0.0,0.0
2017-05-29 00:00:00+07:00,13081.690886929611,13268.128434190192,13081.690886929611,13237.0556640625,1936450,0.0,0.0
2017-05-30 00:00:00+07:00,13143.836378437976,13563.319670531582,13143.836378437976,13361.3466796875,6225154,0.0,0.0
2017-05-31 00:00:00+07:00,13361.3466796875,13532.246902709416,13361.3466796875,13361.3466796875,7367462,0.0,0.0
2017-06-01 00:00:00+07:00,13392.419143218449,13516.71021168308,13392.419143218449,13501.173828125,2403383,0.0,0.0
2017-06-02 00:00:00+07:00,13547.783005432851,13578.856699104435,13392.419169546634,13439.0283203125,8638189,0.0,0.0
2017-06-05 00:00:00+07:00,13547.783005432851,13563.319389021472,13407.955553135256,13439.0283203125,2645964,0.0,0.0
2017-06-06 00:00:00+07:00,13454.565332527807,13920.658714952038,13454.565332527807,13765.2939453125,4524191,0.0,0.0
2017-06-07 00:00:00+07:00,13920.659000683056,13920.659000683056,13687.6123046875,13687.6123046875,2572989,0.0,0.0
2017-06-08 00:00:00+07:00,13672.076140153413,13780.830834338069,13578.857830852276,13734.2216796875,1924845,0.0,0.0
2017-06-09 00:00:00+07:00,13734.22186921322,14138.169734747918,13734.22186921322,14029.4150390625,4975678,0.0,0.0
2017-06-12 00:00:00+07:00,13982.803260211294,14044.94971955481,13858.5121945129,13889.5849609375,1688437,0.0,0.0
2017-06-13 00:00:00+07:00,13982.804924946591,14262.461709051398,13982.804924946591,14091.560546875,4866396,0.0,0.0
2017-06-14 00:00:00+07:00,14231.38680017543,14231.38680017543,14013.876501340996,14044.9501953125,2383321,0.0,0.0
2017-06-15 00:00:00+07:00,14060.486551998942,14107.095703125,13998.340090669852,14107.095703125,1877825,0.0,0.0
2017-06-16 00:00:00+07:00,14138.168916330756,14215.850837323562,14076.023379536511,14200.314453125,4469903,0.0,0.0
2017-06-19 00:00:00+07:00,14293.532677937668,14417.823742770775,14277.996294833529,14386.7509765625,4097564,0.0,0.0
2017-06-20 00:00:00+07:00,14448.897265548556,14448.897265548556,14293.533426372049,14340.142578125,2326655,0.0,0.0
2017-06-21 00:00:00+07:00,14386.751882165678,14759.626953125,14309.06996175514,14759.626953125,5930639,0.0,0.0
2017-06-22 00:00:00+07:00,14697.482858240044,15008.21149685102,14697.482858240044,14790.701171875,4410795,0.0,0.0
2017-06-23 00:00:00+07:00,14790.700953002755,14852.846494506432,14666.40894350096,14744.091796875,2380850,0.0,0.0
2017-06-26 00:00:00+07:00,14868.382707881825,14868.382707881825,14448.8984545958,14511.044921875,4201218,0.0,0.0
2017-06-27 00:00:00+07:00,14448.897526796356,14479.971221687854,14122.632532132197,14200.314453125,9354693,0.0,0.0
2017-06-28 00:00:00+07:00,14262.46256511181,14417.82642505702,14184.77970864472,14402.2900390625,4000654,0.0,0.0
2017-06-29 00:00:00+07:00,14386.752896788768,14495.50851952786,14386.752896788768,14448.8984375,2687638,0.0,0.0
2017-06-30 00:00:00+07:00,14448.897703101164,14557.6533203125,14231.38739517288,14557.6533203125,3717008,0.0,0.0
2017-07-03 00:00:00+07:00,14557.652597797747,14557.652597797747,14386.751451515913,14417.82421875,2481364,0.0,0.0
2017-07-04 00:00:00+07:00,14448.897983813144,14511.044449067447,14386.752445053244,14479.9716796875,2877855,0.0,0.0
2017-07-05 00:00:00+07:00,14448.8984545958,14511.044921875,14433.36206939961,14511.044921875,2010521,0.0,0.0
2017-07-06 00:00:00+07:00,14526.581162853276,14883.9189453125,14479.972007727432,14883.9189453125,5876350,0.0,0.0
2017-07-07 00:00:00+07:00,14946.064866191422,15350.01271552001,14914.992097242206,15101.4287109375,28906243,0.0,0.0
2017-07-10 00:00:00+07:00,14977.1376953125,15132.50246717716,14790.700154373786,14977.1376953125,5546419,0.0,0.0
2017-07-11 00:00:00+07:00,14883.919485509954,14946.065954427717,14604.26361811063,14790.701171875,3137382,0.0,0.0
2017-07-12 00:00:00+07:00,14883.917717801873,14946.06417933873,14619.798267376867,14899.4541015625,2997144,0.0,0.0
2017-07-13 00:00:00+07:00,14852.846361721146,15179.1123046875,14821.7735912471,15179.1123046875,2970278,0.0,0.0
2017-07-14 00:00:00+07:00,15179.112084723143,15210.184854746904,15039.283693121788,15132.5029296875,1652041,0.0,0.0
2017-07-17 00:00:00+07:00,15132.502497955162,15132.502497955162,14821.772953593843,14914.9921875,3161102,0.0,0.0
2017-07-18 00:00:00+07:00,14790.699192456048,14914.991187163288,14713.017274822983,14852.8447265625,3104682,0.0,0.0
2017-07-19 00:00:00+07:00,14852.84628908064,15008.211067185468,14479.972118721264,14573.1904296875,3310225,0.0,0.0
2017-07-20 00:00:00+07:00,14479.971648872352,14573.189956813823,14355.679645122656,14542.1171875,3653135,0.0,0.0
2017-07-21 00:00:00+07:00,14604.263762711464,14697.483003763868,14355.6806640625,14355.6806640625,2025297,0.0,0.0
2017-07-24 00:00:00+07:00,14355.68012643315,14479.972134350051,14293.534585721916,14448.8984375,1822745,0.0,0.0
2017-07-25 00:00:00+07:00,14448.8984545958,14573.190462659764,14355.680143418656,14511.044921875,2099229,0.0,0.0
2017-07-26 00:00:00+07:00,14511.043362482678,14852.8447265625,14511.043362482678,14852.8447265625,2143519,0.0,0.0
2017-07-27 00:00:00+07:00,14914.992157164394,15116.965156145738,14821.772923447836,14977.1376953125,3798256,0.0,0.0
2017-07-28 00:00:00+07:00,14977.137884988506,15116.965347592572,14883.918650091387,15085.892578125,4988197,0.0,0.0
2017-07-31 00:00:00+07:00,15070.356224610408,15101.428994142349,14946.065146482651,15023.7470703125,2025451,0.0,0.0
2017-08-01 00:00:00+07:00,15054.820513124405,15365.550075329027,14977.138585820472,15225.7216796875,4445114,0.0,0.0
2017-08-02 00:00:00+07:00,15272.329846547334,15505.37653985405,15132.50238645994,15350.0126953125,6565648,0.0,0.0
2017-08-03 00:00:00+07:00,15443.23138224426,15878.252010659431,15381.08584289764,15567.5224609375,12117600,0.0,0.0
2017-08-04 00:00:00+07:00,15629.66800028412,15660.74076995743,15396.622227734291,15567.5224609375,2744795,0.0,0.0
2017-08-07 00:00:00+07:00,15567.521764457842,15567.521764457842,15443.230691325294,15489.83984375,2433363,0.0,0.0
2017-08-08 00:00:00+07:00,15489.83942727348,15536.448578445,15210.18359375,15210.18359375,4550725,0.0,0.0
2017-08-09 00:00:00+07:00,15194.647974676276,15194.647974676276,14961.60128059656,15039.283203125,5625223,0.0,0.0
2017-08-10 00:00:00+07:00,14914.991622796024,15210.183844917896,14914.991622796024,15194.6474609375,2664923,0.0,0.0
2017-08-11 00:00:00+07:00,15225.721411508845,15381.086189874635,15101.429403517324,15365.5498046875,1674573,0.0,0.0
2017-08-14 00:00:00+07:00,15536.449288372129,15536.449288372129,15287.8662109375,15287.8662109375,2505122,0.0,0.0
2017-08-15 00:00:00+07:00,15287.865764819871,15287.865764819871,15070.355462599977,15194.6474609375,2566821,0.0,0.0
2017-08-16 00:00:00+07:00,15194.64794427954,15194.64794427954,15054.819557513676,15101.4287109375,2486642,0.0,0.0
2017-08-17 00:00:00+07:00,14914.992229340922,14977.137767789762,14728.5546875,14728.5546875,2372452,0.0,0.0
2017-08-18 00:00:00+07:00,14728.554184960783,14852.845257617646,14573.18941764534,14759.626953125,1177323,0.0,0.0
2017-08-21 00:00:00+07:00,14914.993402540917,14914.993402540917,14759.628617703558,14837.310546875,1721258,0.0,0.0
2017-08-22 00:00:00+07:00,14821.77249650587,14837.30888059537,14635.3349609375,14635.3349609375,2106119,0.0,0.0
2017-08-23 00:00:00+07:00,14604.262664758498,14759.627437169154,14604.262664758498,14666.408203125,1579434,0.0,0.0
2017-08-24 00:00:00+07:00,14728.553186203577,14852.84425043214,14666.406727594986,14821.771484375,1385617,0.0,0.0
2017-08-25 00:00:00+07:00,14852.845257617646,14868.381641699754,14759.626953125,14759.626953125,1143643,0.0,0.0
2017-08-28 00:00:00+07:00,14697.482858240044,14790.701171875,14681.94647263422,14790.701171875,1929914,0.0,0.0
2017-08-29 00:00:00+07:00,14759.628617703558,14946.06617420949,14744.09223186927,14837.310546875,2528348,0.0,0.0
2017-08-30 00:00:00+07:00,14806.23557598266,14883.917493615723,14775.162808929435,14852.8447265625,983565,0.0,0.0
2017-08-31 00:00:00+07:00,14852.846128909125,15163.575681767905,14852.846128909125,15070.3564453125,3404447,0.0,0.0
2017-09-01 00:00:00+07:00,15101.4287109375,15116.965095412108,15008.210404089852,15101.4287109375,820340,0.0,0.0
2017-09-05 00:00:00+07:00,15101.429215299491,15101.429215299491,14992.674520345015,15070.3564453125,1365796,0.0,0.0
2017-09-06 00:00:00+07:00,15054.819617997631,15054.819617997631,14852.84569252189,14977.1376953125,1558946,0.0,0.0
2017-09-07 00:00:00+07:00,14914.992641890822,15008.210952142508,14883.9189453125,14883.9189453125,1526462,0.0,0.0
2017-09-08 00:00:00+07:00,14914.99070904073,14914.99070904073,14821.771484375,14821.771484375,1709163,0.0,0.0
2017-09-11 00:00:00+07:00,14821.772265053218,14977.137030016456,14697.48119427811,14713.017578125,2666452,0.0,0.0
2017-09-12 00:00:00+07:00,14759.625953707076,14946.0634765625,14728.553187646889,14946.0634765625,2606484,0.0,0.0
2017-09-13 00:00:00+07:00,15008.210673226644,15350.01299078622,15008.210673226644,15148.0390625,5937356,0.0,0.0
2017-09-14 00:00:00+07:00,15225.720998764516,15225.720998764516,15023.7470703125,15023.7470703125,2687117,0.0,0.0
2017-09-15 00:00:00+07:00,15008.210464386551,15070.356002534658,14914.992157164394,14977.1376953125,2425550,0.0,0.0
2017-09-18 00:00:00+07:00,15023.7470703125,15039.283455078468,14914.992376950711,15023.7470703125,2453058,0.0,0.0
2017-09-19 00:00:00+07:00,15070.355972136376,15179.111590170589,15039.283203125,15039.283203125,2654265,0.0,0.0
2017-09-20 00:00:00+07:00,15116.96484375,15148.038538676305,15023.74653845422,15116.96484375,1927838,0.0,0.0
2017-09-21 00:00:00+07:00,15194.64792427656,15412.15823312912,15148.038770914094,15350.0126953125,8405443,0.0,0.0
2017-09-22 00:00:00+07:00,15412.158960248906,15520.913656558854,15350.013419500365,15365.5498046875,4867635,0.0,0.0
2017-09-25 00:00:00+07:00,15458.76816544835,15458.76816544835,15179.1123046875,15179.1123046875,2274810,0.0,0.0
2017-09-26 00:00:00+07:00,15179.112523305144,15225.7216796875,15070.356898585189,15225.7216796875,2683332,0.0,0.0
2017-09-27 00:00:00+07:00,15225.7216796875,15350.01368986824,15132.503366922783,15225.7216796875,2652740,0.0,0.0
2017-09-28 00:00:00+07:00,15225.71997747384,15303.401896093044,15039.282446293404,15210.18359375,2364327,0.0,0.0
2017-09-29 00:00:00+07:00,15194.648216759648,15225.72098626608,15101.42898174594,15148.0390625,1207734,0.0,0.0
2017-10-02 00:00:00+07:00,15148.038851714187,15210.184389862294,14930.52854170142,14977.1376953125,27952129,0.0,0.0
2017-10-03 00:00:00+07:00,14977.136468721765,14977.136468721765,14806.23532631646,14868.380859375,3321827,0.0,0.0
2017-10-04 00:00:00+07:00,14883.918240898154,14977.137473232462,14852.845472284847,14930.5283203125,1582795,0.0,0.0
2017-10-05 00:00:00+07:00,15039.28370755358,15210.184869342696,14914.99262733926,15008.2109375,2070914,0.0,0.0
2017-10-06 00:00:00+07:00,15008.210673226644,15163.575447253215,15008.210673226644,15148.0390625,1740218,0.0,0.0
2017-10-09 00:00:00+07:00,15225.719752728037,15225.719752728037,15101.427758277629,15163.57421875,1788674,0.0,0.0
2017-10-10 00:00:00+07:00,15148.039219073164,15318.939453125,15148.039219073164,15318.939453125,3769644,0.0,0.0
2017-10-11 00:00:00+07:00,15350.013104442476,15691.81542453286,15318.939408211556,15505.376953125,9014904,0.0,0.0
2017-10-12 00:00:00+07:00,15536.449171608696,15971.469785473517,15536.449171608696,15847.1787109375,6120214,0.0,0.0
2017-10-13 00:00:00+07:00,15909.325195312498,15940.397965796314,15722.888572409613,15909.3251953125,3293706,0.0,0.0
2017-10-16 00:00:00+07:00,15847.17768352211,16157.90720270548,15816.104916902636,15971.46875,4081076,0.0,0.0
2017-10-17 00:00:00+07:00,16002.5439453125,16002.5439453125,15816.107317300331,16002.5439453125,2629626,0.0,0.0
2017-10-18 00:00:00+07:00,15971.469363441398,16126.83505549478,15691.814453125,15691.814453125,3777341,0.0,0.0
2017-10-19 00:00:00+07:00,15691.814926562072,15909.324307815068,15567.521998571585,15722.8876953125,3045115,0.0,0.0
2017-10-20 00:00:00+07:00,15629.66796875,15753.9609001813,15536.449659918144,15629.66796875,2342075,0.0,0.0
2017-10-23 00:00:00+07:00,15629.668077895483,15629.668077895483,15318.939453125,15318.939453125,3407868,0.0,0.0
2017-10-24 00:00:00+07:00,15318.939453125,15474.304228757452,15272.33029838359,15318.939453125,3142965,0.0,0.0
2017-10-25 00:00:00+07:00,15381.084933079395,15474.3032365853,15318.938470914436,15443.23046875,2346408,0.0,0.0
2017-10-26 00:00:00+07:00,15474.304721320872,15505.377492137555,15225.721628292938,15412.1591796875,3327596,0.0,0.0
2017-10-27 00:00:00+07:00,15350.01161620881,15598.59375,15272.328772904735,15598.59375,2244064,0.0,0.0
2017-10-30 00:00:00+07:00,15598.594756206572,15785.03322156506,15505.376450021711,15536.44921875,5365114,0.0,0.0
2017-10-31 00:00:00+07:00,15536.449159932394,15971.469773470277,15412.15808548979,15660.740234375,10986650,0.0,0.0
2017-11-01 00:00:00+07:00,15691.81489704904,15847.178740508974,15660.740275368284,15785.033203125,3037141,0.0,0.0
2017-11-02 00:00:00+07:00,15816.105524376731,15971.469363441398,15474.303225445752,15691.814453125,4121562,0.0,0.0
2017-11-03 00:00:00+07:00,15536.449171608696,15847.1787109375,15350.012559804674,15847.1787109375,3868050,0.0,0.0
2017-11-06 00:00:00+07:00,15971.46875,16095.759816477888,15816.104916902636,15971.46875,10117038,0.0,0.0
2017-11-07 00:00:00+07:00,16002.543506763945,16002.543506763945,15816.106883861055,15909.3251953125,3867808,0.0,0.0
2017-11-08 00:00:00+07:00,15909.323116993311,16468.634765625,15847.177584144085,16468.634765625,10602095,0.0,0.0
2017-11-09 00:00:00+07:00,16592.928726562335,16624.00149493872,16282.19918980973,16344.3447265625,7039056,0.0,0.0
2017-11-10 00:00:00+07:00,16313.272016399302,16561.856017286198,16220.0537109375,16220.0537109375,4182016,0.0,0.0
2017-11-13 00:00:00+07:00,16220.055442047054,17027.951214917393,16126.837126636388,16779.3671875,14854861,0.0,0.0
2017-11-14 00:00:00+07:00,16934.727608597826,17245.457116541118,16623.999953643117,16748.291015625,15457791,0.0,0.0
2017-11-15 00:00:00+07:00,16810.43733497246,17711.551282577686,16779.364568019773,17680.478515625,14328392,0.0,0.0
2017-11-16 00:00:00+07:00,17835.84381237375,18239.79166885852,17587.261656376246,17711.552734375,22078759,0.0,0.0
2017-11-17 00:00:00+07:00,17804.770596701183,17804.770596701183,17369.749981617988,17618.333984375,14669558,0.0,0.0
2017-11-20 00:00:00+07:00,17431.895443832633,18022.28175296193,17369.749906658762,17991.208984375,11610001,0.0,0.0
2017-11-21 00:00:00+07:00,18084.42480872207,18270.861394662206,17773.6953125,17773.6953125,10337411,0.0,0.0
2017-11-22 00:00:00+07:00,17711.551719813655,18022.28125,17711.551719813655,18022.28125,8177542,0.0,0.0
2017-11-23 00:00:00+07:00,18022.28130563776,18270.863448163283,17773.697310123523,17897.990234375,10857710,0.0,0.0
2017-11-24 00:00:00+07:00,17866.916057038496,18022.28175296193,17711.552214103816,17991.208984375,7238679,0.0,0.0
2017-11-27 00:00:00+07:00,18022.28219567454,18550.52112761726,18022.28219567454,18084.427734375,8103231,0.0,0.0
2017-11-28 00:00:00+07:00,18022.27974107949,18084.425271315868,17773.695767145437,17866.9140625,6999545,0.0,0.0
2017-11-29 00:00:00+07:00,18022.282605032924,18550.52154897407,17835.84413170797,18426.23046875,11740618,0.0,0.0
2017-11-30 00:00:00+07:00,18612.665632990967,18643.73840061612,18146.572265625,18146.572265625,12518672,0.0,0.0
2017-12-01 00:00:00+07:00,18084.426730374696,18208.7178008753,17929.062892248945,18146.572265625,5585225,0.0,0.0
2017-12-04 00:00:00+07:00,18177.64692181464,18364.085399924257,18115.501380107737,18270.865234375,6730462,0.0,0.0
2017-12-05 00:00:00+07:00,18270.86489141676,18426.230595756584,17804.771484375,17804.771484375,15284695,0.0,0.0
2017-12-06 00:00:00+07:00,17711.553745672776,17804.772059494437,17400.824179944975,17649.408203125,10910808,0.0,0.0
2017-12-07 00:00:00+07:00,17649.405752960312,17866.91512168196,17338.676230369292,17431.89453125,5115943,0.0,0.0
2017-12-08 00:00:00+07:00,17400.82085795897,17556.18653765651,17121.165969882823,17245.45703125,6059820,0.0,0.0
2017-12-11 00:00:00+07:00,16934.729645453048,17152.24088307148,16624.001953125,16624.001953125,8354820,0.0,0.0
2017-12-12 00:00:00+07:00,16810.43952147707,16996.87800043158,15785.034372688437,16686.1484375,9507722,0.0,0.0
2017-12-13 00:00:00+07:00,16872.582084975256,17027.94776550904,16686.145491921012,16996.875,4964134,0.0,0.0
2017-12-14 00:00:00+07:00,16934.731288665957,17369.751953125,16934.731288665957,17369.751953125,4054450,0.0,0.0
2017-12-15 00:00:00+07:00,17400.823747626655,17649.407764630683,17245.459895117187,17556.189453125,4920717,0.0,0.0
2017-12-18 00:00:00+07:00,17711.552350534,17773.697888186573,17431.89557810865,17494.04296875,6017375,0.0,0.0
2017-12-19 00:00:00+07:00,17494.04452804373,17618.33561442729,17059.02387271233,17152.2421875,7582929,0.0,0.0
2017-12-20 00:00:00+07:00,17152.24065867208,17711.552350534,17152.24065867208,17494.04296875,6052121,0.0,0.0
2017-12-21 00:00:00+07:00,17649.406306111356,17835.842913715886,17431.89507758401,17525.115234375,5634810,0.0,0.0
2017-12-22 00:00:00+07:00,17525.117548860617,17835.845269238307,17462.972004785075,17742.626953125,5306739,0.0,0.0
2017-12-25 00:00:00+07:00,17804.77007793921,18053.35407345345,17804.77007793921,17897.990234375,7309174,0.0,0.0
2017-12-26 00:00:00+07:00,18022.28375445389,18022.28375445389,17742.626953125,17742.626953125,3804482,0.0,0.0
2017-12-27 00:00:00+07:00,17866.91613414324,17866.91613414324,17587.26121565397,17618.333984375,9651132,0.0,0.0
2017-12-28 00:00:00+07:00,17618.33149088322,17897.988222781933,17556.18596223651,17773.6953125,5850764,0.0,0.0
2017-12-29 00:00:00+07:00,17773.69972516277,17897.992666302816,17711.55418108723,17742.626953125,4762621,0.0,0.0
2018-01-02 00:00:00+07:00,17804.77268788333,18581.595703125,17773.699915512785,18581.595703125,15333851,0.0,0.0
2018-01-03 00:00:00+07:00,18799.106962707825,18861.25250744892,18488.37738601336,18581.595703125,9144231,0.0,0.0
2018-01-04 00:00:00+07:00,18643.739207314786,18954.46875,18612.666438345143,18954.46875,8563722,0.0,0.0
2018-01-05 00:00:00+07:00,18954.467808500776,18985.54057592698,18612.66551382379,18643.73828125,8706153,0.0,0.0
2018-01-08 00:00:00+07:00,18519.44862403622,18923.396484375,18426.23031464777,18923.396484375,7721728,0.0,0.0
2018-01-09 00:00:00+07:00,18954.46916523233,19358.41702367569,18736.95792469107,19296.271484375,13162176,0.0,0.0
2018-01-10 00:00:00+07:00,19265.197724504866,19575.92540503713,18985.54095903709,19109.83203125,15604096,0.0,0.0
2018-01-11 00:00:00+07:00,18985.54095903709,19234.12495645164,18861.249886824186,19109.83203125,7389292,0.0,0.0
2018-01-12 00:00:00+07:00,19203.05292770477,19265.200325189475,18705.88671875,18705.88671875,8625244,0.0,0.0
2018-01-15 00:00:00+07:00,18674.811976284425,19016.614287939286,18550.520900405856,18954.46875,7335287,0.0,0.0
2018-01-16 00:00:00+07:00,18923.39598103036,19109.83259484821,18736.95751422371,18954.46875,4922979,0.0,0.0
2018-01-17 00:00:00+07:00,18954.46895794966,18985.541727260203,18333.01171875,18333.01171875,8424585,0.0,0.0
2018-01-18 00:00:00+07:00,18115.5004805874,18333.01171875,17897.9910954136,18333.01171875,10189539,0.0,0.0
2018-01-19 00:00:00+07:00,18333.010166543347,18581.592299980904,18301.935546875,18301.935546875,6114687,0.0,0.0
2018-01-22 00:00:00+07:00,18488.375854240072,19109.833103151897,18457.303084443924,18923.396484375,7662556,0.0,0.0
2018-01-25 00:00:00+07:00,19109.832088208368,19451.63439080136,18923.39547933332,18985.541015625,16451614,0.0,0.0
2018-01-26 00:00:00+07:00,19265.19732756984,19265.19732756984,18799.103963385965,18892.322265625,4982211,0.0,0.0
2018-01-29 00:00:00+07:00,18923.39352069172,19234.12302297721,18612.66401840622,18736.955078125,4138477,0.0,0.0
2018-01-30 00:00:00+07:00,18581.592521783736,19886.654296875,18488.37422063193,19886.654296875,14623030,0.0,0.0
2018-01-31 00:00:00+07:00,20135.239841154656,20352.749227305405,19544.853515625,19544.853515625,12331360,0.0,0.0
2018-02-01 00:00:00+07:00,19544.854118296047,19731.292593734383,19140.90625,19140.90625,6489502,0.0,0.0
2018-02-02 00:00:00+07:00,19140.905363817856,19203.050901757146,18799.104905151784,18954.46875,5718068,0.0,0.0
2018-02-05 00:00:00+07:00,18674.813820236013,18892.325077489368,17742.626953125,17742.626953125,12371447,0.0,0.0
2018-02-06 00:00:00+07:00,16530.782166403704,17556.18913324983,16530.782166403704,16841.51171875,18577096,0.0,0.0
2018-02-07 00:00:00+07:00,17711.552797189554,17804.77110601922,17400.823248101842,17587.26171875,5718592,0.0,0.0
2018-02-08 00:00:00+07:00,17400.824360267117,17711.553929214962,17090.09664430822,17152.2421875,5217982,0.0,0.0
2018-02-09 00:00:00+07:00,16313.270885684402,17090.09375,16313.270885684402,17090.09375,6717029,0.0,0.0
2018-02-12 00:00:00+07:00,17494.044776822844,17742.626953125,16934.73117416506,17742.626953125,3621168,0.0,0.0
2018-02-13 00:00:00+07:00,18084.42771127685,18426.230026681627,17960.136634034683,18333.01171875,4503304,0.0,0.0
2018-02-21 00:00:00+07:00,18674.810142681144,18736.955674518616,18333.00971757506,18457.30078125,5506575,0.0,0.0
2018-02-22 00:00:00+07:00,18426.229027240064,18488.374562490364,18084.426730374696,18146.572265625,4691265,0.0,0.0
2018-02-23 00:00:00+07:00,18177.64636474819,18830.17823865121,18177.64636474819,18799.10546875,6156383,0.0,0.0
2018-02-26 00:00:00+07:00,18954.46785501476,19203.04999503444,18768.03125,18768.03125,7788046,0.0,0.0
2018-02-27 00:00:00+07:00,18861.25250744892,18892.325279819463,18488.37738601336,18581.595703125,4322190,0.0,0.0
2018-02-28 00:00:00+07:00,18395.15906890172,18768.03419033728,18364.086296531168,18581.595703125,8658096,0.0,0.0
2018-03-01 00:00:00+07:00,18457.301668854143,19016.61333527705,18364.083366615105,18892.322265625,7065953,0.0,0.0
2018-03-02 00:00:00+07:00,18799.10440674995,19047.68655191668,18643.738713032,18985.541015625,5620792,0.0,0.0
2018-03-05 00:00:00+07:00,19047.686495143545,20042.01877882427,19047.686495143545,19109.83203125,18396806,0.0,0.0
2018-03-06 00:00:00+07:00,19420.56247530557,19669.146484375,19171.978466236145,19669.146484375,7869843,0.0,0.0
2018-03-07 00:00:00+07:00,19731.291597909065,19793.43713558911,19109.832515131064,19327.34375,7738156,0.0,0.0
2018-03-08 00:00:00+07:00,19265.19821231996,19420.562056520062,19047.68697745102,19327.34375,5546510,0.0,0.0
2018-03-09 00:00:00+07:00,19482.70857747956,19606.99965911253,19109.833479591754,19140.90625,7994630,0.0,0.0
2018-03-12 00:00:00+07:00,19265.198231842845,19451.63484507191,19078.759765625,19078.759765625,5011122,0.0,0.0
2018-03-13 00:00:00+07:00,19016.61283236759,19016.61283236759,18457.301180736125,18674.810546875,15290836,0.0,0.0
2018-03-14 00:00:00+07:00,18674.811040745222,18892.322265625,18457.301668854143,18892.322265625,6381969,0.0,0.0
2018-03-15 00:00:00+07:00,18954.468810651284,18985.54157972036,18736.957574179,18830.177734375,3631304,0.0,0.0
2018-03-16 00:00:00+07:00,18830.176232819984,18892.32176600252,18550.51948050993,18674.810546875,4723020,0.0,0.0
2018-03-19 00:00:00+07:00,18705.88530605754,18830.17823865121,18612.66699635392,18799.10546875,4082509,0.0,0.0
2018-03-20 00:00:00+07:00,18705.885180394067,19358.417049913467,18643.73964100914,19047.6875,8919852,0.0,0.0
2018-03-21 00:00:00+07:00,19047.68705690893,19203.050901757146,18954.46875,18954.46875,3051616,0.0,0.0
2018-03-22 00:00:00+07:00,18954.467299185057,19078.75836555013,18674.810546875,18674.810546875,3979404,0.0,0.0
2018-03-23 00:00:00+07:00,18333.00971351099,18519.44630898207,18022.28020140392,18208.716796875,10291007,0.0,0.0
2018-03-26 00:00:00+07:00,18208.71779135784,18457.30178521782,18208.71779135784,18395.15625,2933669,0.0,0.0
2018-03-27 00:00:00+07:00,18612.66803969703,18674.813582983043,18333.01309490997,18488.376953125,8404891,0.0,0.0
2018-03-28 00:00:00+07:00,18364.08293322304,18457.30123326213,18270.862780195304,18301.935546875,30095601,0.0,0.0
2018-03-29 00:00:00+07:00,18457.30418148199,18550.522496411013,18333.01309490997,18488.376953125,7105740,0.0,0.0
2018-03-30 00:00:00+07:00,18519.44769637481,19047.686609438064,18457.30215989545,18861.25,22946466,0.0,0.0
2018-04-02 00:00:00+07:00,19109.83203125,19171.97756735645,18954.468190983865,19109.83203125,7769941,0.0,0.0
2018-04-03 00:00:00+07:00,19016.61328125,19078.758815899462,18923.3949792758,19016.61328125,5216725,0.0,0.0
2018-04-04 00:00:00+07:00,19265.1986773842,19513.78083410517,19140.90574603488,19171.978515625,7013134,0.0,0.0
2018-04-05 00:00:00+07:00,19265.198094746123,19793.43701479148,19109.832398505416,19575.92578125,10622523,0.0,0.0
2018-04-06 00:00:00+07:00,19948.802403221875,19979.87517427908,19482.708984375,19482.708984375,11535866,0.0,0.0
2018-04-09 00:00:00+07:00,19451.634747288765,19762.364287430617,19451.634747288765,19700.21875,4586573,0.0,0.0
2018-04-10 00:00:00+07:00,19762.363176748324,20259.529301240345,19731.290409779365,20010.9453125,14620464,0.0,0.0
2018-04-11 00:00:00+07:00,20135.239322934514,20321.67593483684,19575.92578125,19575.92578125,12277102,0.0,0.0
2018-04-12 00:00:00+07:00,19575.92676016089,19762.365234375,19296.27182832302,19762.365234375,4028467,0.0,0.0
2018-04-13 00:00:00+07:00,19855.58371054137,19855.58371054137,19265.19921875,19265.19921875,7165064,0.0,0.0
2018-04-16 00:00:00+07:00,19265.197781926312,19389.48885450968,18923.39547933332,18985.541015625,3606023,0.0,0.0
2018-04-17 00:00:00+07:00,19109.833513444675,19265.19921875,18923.39689066494,19265.19921875,5875003,0.0,0.0
2018-04-18 00:00:00+07:00,19358.417530139868,19544.854152919605,19234.126448286712,19265.19921875,4355867,0.0,0.0
2018-04-19 00:00:00+07:00,19265.197840104545,19296.270608344224,18861.25,18861.25,7258431,0.0,0.0
2018-04-20 00:00:00+07:00,18954.46919092261,19109.83303938493,18736.957950086533,19047.6875,3357488,0.0,0.0
2018-04-23 00:00:00+07:00,19047.68629072962,19171.97736160867,17773.69725525318,18022.28125,9051366,0.0,0.0
2018-04-24 00:00:00+07:00,17835.842913715886,18177.645213979587,17431.89507758401,17525.115234375,5651113,0.0,0.0
2018-04-26 00:00:00+07:00,17680.478163325766,17929.062146982666,17090.09375,17090.09375,8960064,0.0,0.0
2018-04-27 00:00:00+07:00,17090.095491392418,17835.84381237375,17059.02272189273,17711.552734375,4953390,0.0,0.0
2018-05-02 00:00:00+07:00,17960.136743361323,18022.2822823607,17649.407195375625,17711.552734375,4183482,0.0,0.0
2018-05-03 00:00:00+07:00,17649.406184374126,18022.28125,17307.603886468016,18022.28125,14368081,0.0,0.0
2018-05-04 00:00:00+07:00,18177.64692181464,18333.012629070803,18084.42860925429,18270.865234375,3910383,0.0,0.0
2018-05-07 00:00:00+07:00,18270.865199409207,18519.44921875,18208.71965782123,18519.44921875,2680861,0.0,0.0
2018-05-08 00:00:00+07:00,18395.157257371087,18519.44833461325,18270.86432714011,18333.01171875,6174286,0.0,0.0
2018-05-09 00:00:00+07:00,18208.7178008753,18364.08349198976,18053.35396274955,18146.572265625,3422051,0.0,0.0
2018-05-10 00:00:00+07:00,18146.57276848621,18457.30230633708,18022.28169454137,18115.5,4720696,0.0,0.0
2018-05-11 00:00:00+07:00,18022.283525490948,18488.376953125,18022.283525490948,18488.376953125,3571094,0.0,0.0
2018-05-14 00:00:00+07:00,18674.81284088746,19171.97902040824,18519.44898884624,19140.90625,6472925,0.0,0.0
2018-05-15 00:00:00+07:00,19265.198231842845,19265.198231842845,18954.46869013896,19078.759765625,2863624,0.0,0.0
2018-05-16 00:00:00+07:00,18954.46931825604,19078.760397860857,18799.10546875,18799.10546875,2970582,0.0,0.0
2018-05-17 00:00:00+07:00,18768.03219623685,19078.759886927568,18768.03219623685,18830.177734375,2197412,0.0,0.0
2018-05-18 00:00:00+07:00,18830.176730798976,18954.467800451024,18270.86321138737,18892.322265625,2991952,0.0,0.0
2018-05-21 00:00:00+07:00,19016.614287939286,19389.489368563787,18954.46875,18954.46875,4688610,0.0,0.0
2018-05-22 00:00:00+07:00,18954.46735103002,19109.83118441132,18488.373997897485,18550.51953125,7187593,0.0,0.0
2018-05-23 00:00:00+07:00,18643.73926697178,18954.468810651284,18488.375421626428,18830.177734375,3593901,0.0,0.0
2018-05-24 00:00:00+07:00,18923.397609116048,19016.61592404507,18488.376953125,18488.376953125,4509745,0.0,0.0
2018-05-25 00:00:00+07:00,18224.25614111265,18224.25614111265,17473.845703125,17473.845703125,2580593,0.0,0.0
2018-05-28 00:00:00+07:00,16866.36809983113,17223.70770255269,16258.8935546875,16258.8935546875,5677613,0.0,0.0
2018-05-29 00:00:00+07:00,16258.89347513407,17223.707618278502,16026.623197748704,16937.8359375,6240551,0.0,0.0
2018-05-30 00:00:00+07:00,16902.10228868993,16902.10228868993,16223.159851036322,16241.0263671875,4489533,0.0,0.0
2018-05-31 00:00:00+07:00,16098.091265701169,16687.699296482755,16080.224748735687,16437.5625,3305565,0.0,0.0
2018-06-01 00:00:00+07:00,16437.56287206852,16687.699674213185,16330.36191486044,16598.365234375,4172287,0.0,0.0
2018-06-04 00:00:00+07:00,16616.23308720688,16955.704356473354,16562.633530789364,16884.23828125,3798411,0.0,0.0
2018-06-05 00:00:00+07:00,16973.572473286484,17187.974401713516,16866.369656084116,17080.7734375,5033194,0.0,0.0
2018-06-06 00:00:00+07:00,17152.24126592611,17330.91015625,16902.104448874896,17330.91015625,2701555,0.0,0.0
2018-06-07 00:00:00+07:00,17473.84611026803,17473.84611026803,17045.040400425114,17080.7734375,3022119,0.0,0.0
2018-06-08 00:00:00+07:00,17116.504677225003,17223.707483170347,16973.570690945646,17134.373046875,2790099,0.0,0.0
2018-06-11 00:00:00+07:00,17062.906710208117,17134.37463647238,16973.572265625,16973.572265625,1916606,0.0,0.0
2018-06-12 00:00:00+07:00,16973.573309082753,16973.573309082753,16330.36378615165,16544.767578125,3390951,0.0,0.0
2018-06-13 00:00:00+07:00,16437.56192042716,16759.166626421043,16437.56192042716,16723.43359375,1702163,0.0,0.0
2018-06-14 00:00:00+07:00,16794.902643162684,16884.237083845295,16651.966796875,16651.966796875,1222246,0.0,0.0
2018-06-15 00:00:00+07:00,16544.764404788573,16687.698385700016,16526.896035809623,16616.23046875,1173764,0.0,0.0
2018-06-18 00:00:00+07:00,16759.166768801108,16759.166768801108,16223.16015625,16223.16015625,4354606,0.0,0.0
2018-06-19 00:00:00+07:00,16115.959550266229,16115.959550266229,15258.348111973522,15901.5576171875,17512396,0.0,0.0
2018-06-20 00:00:00+07:00,16044.489432410988,16223.16015625,15722.886576673509,16223.16015625,1727225,0.0,0.0
2018-06-21 00:00:00+07:00,16223.16289725158,16223.16289725158,15758.622272162753,15865.8232421875,928631,0.0,0.0
2018-06-22 00:00:00+07:00,15830.087815060077,16080.224609375,15687.151974597642,16080.224609375,996334,0.0,0.0
2018-06-25 00:00:00+07:00,16223.16180013897,16223.16180013897,16044.491058195295,16115.958984375,1623629,0.0,0.0
2018-06-26 00:00:00+07:00,15901.5576171875,16008.758583726863,15830.08968849829,15901.5576171875,639451,0.0,0.0
2018-06-27 00:00:00+07:00,16044.49177893145,16044.49177893145,15812.223324649698,15830.08984375,1300915,0.0,0.0
2018-06-28 00:00:00+07:00,15830.089375300604,15830.089375300604,15186.8798828125,15186.8798828125,3120272,0.0,0.0
2018-06-29 00:00:00+07:00,15186.878772896604,15365.548578026768,14829.541015625,14829.541015625,2017203,0.0,0.0
2018-07-02 00:00:00+07:00,14829.541560474156,14972.476483335467,14293.533978379042,14365.0009765625,2852014,0.0,0.0
2018-07-03 00:00:00+07:00,14365.000001922112,14525.802358289922,13936.1943359375,13936.1943359375,3586966,0.0,0.0
2018-07-04 00:00:00+07:00,13954.062922428211,14293.5341796875,13757.52659004332,14293.5341796875,2716584,0.0,0.0
2018-07-05 00:00:00+07:00,14293.534070660658,14329.26803323029,13757.526485104983,14114.8642578125,1888331,0.0,0.0
2018-07-06 00:00:00+07:00,13936.194847780223,14901.008094928022,13900.460886553365,14579.404296875,2424691,0.0,0.0
2018-07-09 00:00:00+07:00,14650.871065026431,14775.939464128562,14222.06538996037,14347.1337890625,1773982,0.0,0.0
2018-07-10 00:00:00+07:00,14400.73576218069,14543.671619707931,14293.534795529704,14436.4697265625,661353,0.0,0.0
2018-07-11 00:00:00+07:00,14114.86306150365,14293.532859208604,13793.259278623378,14007.662109375,2128687,0.0,0.0
2018-07-12 00:00:00+07:00,13793.261511468309,14168.466757645228,13757.527546142725,13864.728515625,2045613,0.0,0.0
2018-07-13 00:00:00+07:00,14114.864822502876,14579.405427998468,14043.39782099885,14507.9375,2815933,0.0,0.0
2018-07-16 00:00:00+07:00,14686.6066511955,14829.54250970041,14525.804273624704,14615.1396484375,2029018,0.0,0.0
2018-07-17 00:00:00+07:00,14543.670865154429,14972.4765625,14490.069458115431,14972.4765625,3673067,0.0,0.0
2018-07-18 00:00:00+07:00,15008.20973382302,15329.814453125,14972.475773178983,15329.814453125,3175578,0.0,0.0
2018-07-19 00:00:00+07:00,15079.678918394102,15329.815737362936,15079.678918394102,15186.8798828125,2185449,0.0,0.0
2018-07-20 00:00:00+07:00,15115.411205283735,15115.411205283735,14740.206018451883,14865.2744140625,2841765,0.0,0.0
2018-07-23 00:00:00+07:00,15079.67886451989,15258.347755575189,14954.610455482296,15008.2109375,2951551,0.0,0.0
2018-07-24 00:00:00+07:00,15008.210784645493,15169.013155555302,14793.807932263886,15079.6787109375,3766258,0.0,0.0
2018-07-25 00:00:00+07:00,15115.411497380155,15651.419049854308,15079.677537015965,15151.14453125,3703785,0.0,0.0
2018-07-26 00:00:00+07:00,15258.347551613717,15365.549440710558,15043.94469991444,15204.7470703125,1905324,0.0,0.0
2018-07-27 00:00:00+07:00,15329.815078091033,15687.152846110645,15204.74667398529,15472.75,3429819,0.0,0.0
2018-07-30 00:00:00+07:00,15508.483962100838,15544.216997707288,15437.01603789916,15472.75,3178604,0.0,0.0
2018-07-31 00:00:00+07:00,15472.750925952076,15544.21792793624,15294.08203125,15294.08203125,4490143,0.0,0.0
2018-08-01 00:00:00+07:00,15258.347755575189,15383.41616461278,14972.476973990057,15008.2109375,6455475,0.0,0.0
2018-08-02 00:00:00+07:00,15008.210839803096,15258.34765625,14865.275913188188,15258.34765625,1929405,0.0,0.0
2018-08-03 00:00:00+07:00,15365.54814476124,15401.28117828534,15151.14438465063,15222.6123046875,1985503,0.0,0.0
2018-08-06 00:00:00+07:00,15151.144422225916,15258.346302547085,15097.5439453125,15097.5439453125,929322,0.0,0.0
2018-08-07 00:00:00+07:00,15115.411168745792,15115.411168745792,14918.874854262953,14990.3427734375,1714615,0.0,0.0
2018-08-08 00:00:00+07:00,14990.344472547296,15222.61384645011,14972.477027481276,15186.8798828125,2028462,0.0,0.0
2018-08-09 00:00:00+07:00,15365.549959728609,15437.016961712772,15204.74758389896,15294.08203125,3272854,0.0,0.0
2018-08-10 00:00:00+07:00,15294.081265704974,15526.350631892545,15258.347303254332,15401.2822265625,2116739,0.0,0.0
2018-08-13 00:00:00+07:00,15401.283149673693,15615.686010733869,15401.283149673693,15526.3515625,2850819,0.0,0.0
2018-08-14 00:00:00+07:00,15633.55442766885,15847.956362850302,15579.953017379032,15830.08984375,4331111,0.0,0.0
2018-08-15 00:00:00+07:00,15830.087819445704,15973.02365994774,15615.684058692654,15651.4189453125,4402184,0.0,0.0
2018-08-16 00:00:00+07:00,15329.815840808757,15365.5498046875,15169.013466601637,15365.5498046875,3660111,0.0,0.0
2018-08-17 00:00:00+07:00,15437.016808279535,15544.2177734375,15365.549807005704,15544.2177734375,2463962,0.0,0.0
2018-08-20 00:00:00+07:00,15544.215675626874,15830.087348119376,15419.14820865287,15615.68359375,2536227,0.0,0.0
2018-08-21 00:00:00+07:00,15579.950561182746,15651.418479305872,15508.482643059622,15615.68359375,2276943,0.0,0.0
2018-08-22 00:00:00+07:00,15633.552948800036,15830.088346289758,15615.684578401097,15740.75390625,3809447,0.0,0.0
2018-08-23 00:00:00+07:00,15758.622272162753,15901.558134188384,15758.622272162753,15865.8232421875,2667942,0.0,0.0
2018-08-24 00:00:00+07:00,15865.821083061724,15901.555970199572,15687.152206338604,15883.689453125,1671950,0.0,0.0
2018-08-27 00:00:00+07:00,15830.090203175569,15901.558134188384,15794.355311174684,15865.8232421875,2413197,0.0,0.0
2018-08-28 00:00:00+07:00,15830.088403563435,15883.689808976718,15740.753963200465,15794.353515625,2415293,0.0,0.0
2018-08-29 00:00:00+07:00,15776.486998150154,15865.821438513129,15705.019075262027,15794.353515625,5290110,0.0,0.0
2018-08-30 00:00:00+07:00,15794.353822509493,15794.353822509493,15705.01938041075,15776.4873046875,1678401,0.0,0.0
2018-08-31 00:00:00+07:00,15776.486998150154,16044.490319239074,15758.62048067531,15794.353515625,2727416,0.0,0.0
2018-09-04 00:00:00+07:00,15758.62109375,15973.024870755564,15722.888057410148,15758.62109375,1684322,0.0,0.0
2018-09-05 00:00:00+07:00,15740.7542525091,15794.353805918774,15365.54904019187,15472.75,2531420,0.0,0.0
2018-09-06 00:00:00+07:00,15401.281638721475,15472.749560894948,15133.2783203125,15133.2783203125,4106118,0.0,0.0
2018-09-07 00:00:00+07:00,15186.879985293788,15365.5498046875,15133.279502722891,15365.5498046875,1350775,0.0,0.0
2018-09-10 00:00:00+07:00,15437.016440280708,15437.016440280708,15204.7470703125,15204.7470703125,975122,0.0,0.0
2018-09-11 00:00:00+07:00,15204.74753240967,15437.016909436928,15204.74753240967,15419.150390625,1803478,0.0,0.0
2018-09-12 00:00:00+07:00,15544.216473350338,15615.68439514117,15383.4150390625,15383.4150390625,1267753,0.0,0.0
2018-09-13 00:00:00+07:00,15615.684354349358,15687.1522759535,15437.015476833358,15508.4833984375,1715571,0.0,0.0
2018-09-14 00:00:00+07:00,15579.950651684676,15973.023277150864,15579.950651684676,15919.421875,7672015,0.0,0.0
2018-09-17 00:00:00+07:00,15901.556945087044,15901.556945087044,15758.62109375,15758.62109375,1499562,0.0,0.0
2018-09-18 00:00:00+07:00,15615.686102724574,16008.7587890625,15615.686102724574,16008.7587890625,2123083,0.0,0.0
2018-09-19 00:00:00+07:00,16080.224015849686,16312.494284780818,16008.756098256368,16241.0263671875,3589702,0.0,0.0
2018-09-20 00:00:00+07:00,16098.093783378672,16509.033002797358,16098.093783378672,16401.83203125,5738651,0.0,0.0
2018-09-21 00:00:00+07:00,16455.431590529188,16455.431590529188,16151.695195646842,16401.83203125,3861597,0.0,0.0
2018-09-24 00:00:00+07:00,16401.82895637032,16616.230859270734,16366.09407056116,16473.296875,2631596,0.0,0.0
2018-09-25 00:00:00+07:00,16437.56507076946,16473.2999632779,16366.09713874156,16401.83203125,1982027,0.0,0.0
2018-09-26 00:00:00+07:00,16437.56316980649,16723.434864857743,16383.963616725954,16455.4296875,2731824,0.0,0.0
2018-09-27 00:00:00+07:00,16455.427896639194,16616.23024435805,16455.427896639194,16509.029296875,2338482,0.0,0.0
2018-09-28 00:00:00+07:00,16616.233655793836,16616.233655793836,16526.899205718844,16544.767578125,1486233,0.0,0.0
2018-10-01 00:00:00+07:00,16544.76530777025,16598.36485866668,16419.695983034522,16437.5625,1379953,0.0,0.0
2018-10-02 00:00:00+07:00,16383.965004618683,16437.56456223966,16169.561215168009,16187.427734375,2616913,0.0,0.0
2018-10-03 00:00:00+07:00,16187.425634143186,16330.361475231812,16169.55911725428,16258.8935546875,990466,0.0,0.0
2018-10-04 00:00:00+07:00,16258.89259722791,16437.561461572834,16223.159565554355,16383.9619140625,1251239,0.0,0.0
2018-10-05 00:00:00+07:00,16419.697365086507,16437.563883555817,16276.761511354343,16294.6298828125,1349926,0.0,0.0
2018-10-08 00:00:00+07:00,16258.893483458707,16258.893483458707,16080.224609375,16080.224609375,1358843,0.0,0.0
2018-10-09 00:00:00+07:00,16080.226356122412,16133.827765365557,15973.025390625,15973.025390625,1702217,0.0,0.0
2018-10-10 00:00:00+07:00,15973.025797913246,16223.162625777908,15973.025797913246,16187.427734375,1847045,0.0,0.0
2018-10-11 00:00:00+07:00,15722.888252360895,15865.822252481386,15115.412729635093,15258.34765625,5782380,0.0,0.0
2018-10-12 00:00:00+07:00,15186.878390175223,15722.886865563518,14901.007635665495,15651.4189453125,3658415,0.0,0.0
2018-10-15 00:00:00+07:00,15651.420589223002,15722.888516980487,15365.5498046875,15365.5498046875,1377245,0.0,0.0
2018-10-16 00:00:00+07:00,15544.218288554084,15544.218288554084,15258.348420996506,15454.884765625,1803398,0.0,0.0
2018-10-17 00:00:00+07:00,15651.420073841637,15722.887999245777,15544.217259241028,15579.9521484375,1317535,0.0,0.0
2018-10-18 00:00:00+07:00,15615.685184645165,15722.887999245777,15508.484223033363,15579.9521484375,1886710,0.0,0.0
2018-10-19 00:00:00+07:00,15365.5498046875,15544.21777109234,15329.815840808757,15365.5498046875,2456978,0.0,0.0
2018-10-22 00:00:00+07:00,15508.484837673515,15615.68580353396,15401.282945318631,15419.150390625,1139944,0.0,0.0
2018-10-23 00:00:00+07:00,15419.149971082914,15419.149971082914,14865.275858555891,15079.6787109375,3055491,0.0,0.0
2018-10-24 00:00:00+07:00,15026.076628105528,15204.746435810954,14936.7421875,14936.7421875,1493109,0.0,0.0
2018-10-25 00:00:00+07:00,14293.534992926005,14758.074683316028,14293.534992926005,14668.740234375,2011761,0.0,0.0
2018-10-26 00:00:00+07:00,14829.541098968664,14918.875538788636,14579.404296875,14579.404296875,2441978,0.0,0.0
2018-10-29 00:00:00+07:00,14472.202216537911,14811.67345383862,14472.202216537911,14650.87109375,1280709,0.0,0.0
2018-10-30 00:00:00+07:00,14686.605054491289,14936.741853185951,14597.270615885243,14650.87109375,1201722,0.0,0.0
2018-10-31 00:00:00+07:00,14918.874854262953,15008.209289983974,14758.072499367385,14990.3427734375,863239,0.0,0.0
2018-11-01 00:00:00+07:00,15026.077043044595,15151.145448644922,14972.4765625,14972.4765625,1645454,0.0,0.0
2018-11-02 00:00:00+07:00,15133.278132829972,15365.548413769036,15026.076250897864,15329.814453125,1968380,0.0,0.0
2018-11-05 00:00:00+07:00,15222.613588581433,15365.549440710558,15079.678662946722,15204.7470703125,705214,0.0,0.0
2018-11-06 00:00:00+07:00,15258.346871545671,15276.21338901829,15043.94402940238,15061.810546875,1326642,0.0,0.0
2018-11-07 00:00:00+07:00,15061.811314852966,15186.879723021457,14883.142425039245,14954.6103515625,1315704,0.0,0.0
2018-11-08 00:00:00+07:00,15097.544508314611,15151.14498722684,14990.343550490152,15061.810546875,934897,0.0,0.0
2018-11-09 00:00:00+07:00,14936.74342280081,15043.945316289894,14722.340562317091,14740.2080078125,1686230,0.0,0.0
2018-11-12 00:00:00+07:00,14722.338539780112,14990.3427734375,14704.472023233637,14990.3427734375,725101,0.0,0.0
2018-11-13 00:00:00+07:00,14722.339239029496,14918.875562846988,14722.339239029496,14883.1416015625,1162961,0.0,0.0
2018-11-14 00:00:00+07:00,14972.475548184972,15097.5439453125,14865.27459435814,15097.5439453125,2089871,0.0,0.0
2018-11-15 00:00:00+07:00,15008.210784645493,15151.145710735093,14901.00889520748,15079.6787109375,1324278,0.0,0.0
2018-11-16 00:00:00+07:00,15186.878453187735,15329.814294282833,15097.544015750473,15276.212890625,1698950,0.0,0.0
2018-11-19 00:00:00+07:00,15365.549907694778,15437.016909436928,15294.081979458188,15419.150390625,1051423,0.0,0.0
2018-11-20 00:00:00+07:00,15437.015476833358,15508.4833984375,15311.947077273288,15508.4833984375,1460613,0.0,0.0
2018-11-21 00:00:00+07:00,15294.08056011943,15508.4833984375,15258.34659931736,15508.4833984375,3163171,0.0,0.0
2018-11-22 00:00:00+07:00,15508.4833984375,15579.951320041642,15454.882920481572,15508.4833984375,858354,0.0,0.0
2018-11-23 00:00:00+07:00,15401.28155626303,15526.349956149808,15365.54852186197,15383.4150390625,918780,0.0,0.0
2018-11-26 00:00:00+07:00,15383.415541188911,15383.415541188911,15169.0126953125,15169.0126953125,1283604,0.0,0.0
2018-11-27 00:00:00+07:00,15329.814294282833,15329.814294282833,15186.878453187735,15276.212890625,907125,0.0,0.0
2018-11-28 00:00:00+07:00,15276.214585883125,15311.94855012243,15204.74758389896,15294.08203125,680309,0.0,0.0
2018-11-29 00:00:00+07:00,15472.749369206796,15544.216364000516,15329.814453125,15329.814453125,1390174,0.0,0.0
2018-11-30 00:00:00+07:00,15329.814453125,15347.680970199845,15240.480014762084,15329.814453125,1032201,0.0,0.0
2018-12-03 00:00:00+07:00,15437.014732934143,16044.4892578125,15437.014732934143,16044.4892578125,3017021,0.0,0.0
2018-12-04 00:00:00+07:00,16044.49100377406,16258.894781585936,15990.891449062708,16062.359375,2684641,0.0,0.0
2018-12-05 00:00:00+07:00,15883.690484358884,16062.359372681918,15865.822113135522,15937.2900390625,1608601,0.0,0.0
2018-12-06 00:00:00+07:00,15901.558134188384,16008.759104213132,15740.755752656789,15865.8232421875,2347323,0.0,0.0
2018-12-07 00:00:00+07:00,15937.290095420156,16205.293428852425,15937.290095420156,16115.958984375,2026206,0.0,0.0
2018-12-10 00:00:00+07:00,16008.757284289382,16080.22520717751,15794.353515625,15794.353515625,1845187,0.0,0.0
2018-12-11 00:00:00+07:00,15830.088346289758,15901.556268919314,15687.15250103065,15740.75390625,1016059,0.0,0.0
2018-12-12 00:00:00+07:00,15740.753610551024,15919.422487274142,15740.753610551024,15883.689453125,3566711,0.0,0.0
2018-12-13 00:00:00+07:00,16062.359372681918,16169.560335077971,15901.557002593425,15937.2900390625,2072404,0.0,0.0
2018-12-14 00:00:00+07:00,15937.289671062992,16008.75759533974,15758.620786865507,15776.4873046875,2145015,0.0,0.0
2018-12-17 00:00:00+07:00,15758.621554364794,15758.621554364794,15365.5498046875,15365.5498046875,2064623,0.0,0.0
2018-12-18 00:00:00+07:00,15133.279346537593,15294.08171908513,14954.610455482296,15008.2109375,2988611,0.0,0.0
2018-12-19 00:00:00+07:00,15008.210373769774,15222.613220281732,14954.609893765382,15043.9443359375,1408680,0.0,0.0
2018-12-20 00:00:00+07:00,15115.41251863096,15151.145554915056,15026.0771484375,15026.0771484375,1224502,0.0,0.0
2018-12-21 00:00:00+07:00,14972.477027481276,15186.8798828125,14972.477027481276,15186.8798828125,1284506,0.0,0.0
2018-12-24 00:00:00+07:00,15222.613792065242,15294.08171908513,15008.2109375,15008.2109375,723560,0.0,0.0
2018-12-25 00:00:00+07:00,14793.807054598969,14829.541015625,14650.871210494835,14829.541015625,2195169,0.0,0.0
2018-12-26 00:00:00+07:00,14829.541579572448,14954.609984672565,14793.8076171875,14793.8076171875,1044973,0.0,0.0
2018-12-27 00:00:00+07:00,15043.944072123257,15097.5445511877,14936.7421875,14936.7421875,1791742,0.0,0.0
2018-12-28 00:00:00+07:00,15026.077302971287,15079.6787109375,14936.742858353486,15079.6787109375,1438122,0.0,0.0
2019-01-02 00:00:00+07:00,14936.742693769154,15061.811100154862,14704.473325621071,14722.33984375,1431351,0.0,0.0
2019-01-03 00:00:00+07:00,14811.67365510805,14811.67365510805,14543.670335648138,14579.404296875,2114961,0.0,0.0
2019-01-04 00:00:00+07:00,14507.936586498276,14811.673871625082,14472.202624749056,14686.60546875,1005094,0.0,0.0
2019-01-07 00:00:00+07:00,14936.7421875,15043.944072123257,14865.275190912203,14936.7421875,1084480,0.0,0.0
2019-01-08 00:00:00+07:00,14936.743010480111,15008.2109375,14901.009046970166,15008.2109375,784969,0.0,0.0
2019-01-09 00:00:00+07:00,15043.943576651776,15222.61245197838,14972.475655923396,15151.14453125,820495,0.0,0.0
2019-01-10 00:00:00+07:00,15151.14498722684,15204.746392633442,15061.810546875,15061.810546875,1417974,0.0,0.0
2019-01-11 00:00:00+07:00,15151.145710735093,15204.747118701309,15026.077302971287,15079.6787109375,1946015,0.0,0.0
2019-01-14 00:00:00+07:00,15115.412882031713,15222.61384645011,15008.210991118884,15186.8798828125,1057744,0.0,0.0
2019-01-15 00:00:00+07:00,15115.413136547922,15294.08203125,15115.413136547922,15294.08203125,954413,0.0,0.0
2019-01-16 00:00:00+07:00,15365.549440710558,15365.549440710558,15204.7470703125,15204.7470703125,495391,0.0,0.0
2019-01-17 00:00:00+07:00,15186.879828555297,15276.214274082946,15008.2109375,15008.2109375,1061382,0.0,0.0
2019-01-18 00:00:00+07:00,15043.944901009943,15186.879828555297,15008.2109375,15008.2109375,603076,0.0,0.0
2019-01-21 00:00:00+07:00,15079.678918394102,15294.081773725327,15079.678918394102,15186.8798828125,657904,0.0,0.0
2019-01-22 00:00:00+07:00,15186.878798695425,15276.21323816508,15133.2783203125,15133.2783203125,375624,0.0,0.0
2019-01-23 00:00:00+07:00,15115.411803016314,15151.144837608686,15061.810398139029,15133.2783203125,1365819,0.0,0.0
2019-01-24 00:00:00+07:00,15151.145251034406,15222.613175158003,15133.2787332507,15169.0126953125,622509,0.0,0.0
2019-01-25 00:00:00+07:00,15151.14453125,15222.61245197838,15115.411497380155,15151.14453125,566755,0.0,0.0
2019-01-28 00:00:00+07:00,15186.879258114008,15186.879258114008,15043.9443359375,15043.9443359375,574349,0.0,0.0
2019-01-29 00:00:00+07:00,15151.14591917489,15186.8798828125,15008.210991118884,15186.8798828125,1143182,0.0,0.0
2019-01-30 00:00:00+07:00,15186.879784217585,15508.48452837374,15151.145820811962,15437.0166015625,1829971,0.0,0.0
2019-01-31 00:00:00+07:00,15472.75056496812,15508.48452837374,15329.815637840064,15437.0166015625,1373313,0.0,0.0
2019-02-01 00:00:00+07:00,15437.015138303774,15437.015138303774,14829.540597473386,15222.6123046875,1592696,0.0,0.0
2019-02-11 00:00:00+07:00,15365.549056332164,15830.088711142258,15258.34716991704,15776.4873046875,2656128,0.0,0.0
2019-02-12 00:00:00+07:00,15722.886252413782,15937.288151817069,15687.1513671875,15687.1513671875,1862657,0.0,0.0
2019-02-13 00:00:00+07:00,15722.886488761222,16080.224228463958,15722.886488761222,15919.421875,4448088,0.0,0.0
2019-02-14 00:00:00+07:00,15955.154685219151,16044.489118898728,15812.220703125,15812.220703125,1691171,0.0,0.0
2019-02-15 00:00:00+07:00,15812.221886088591,15883.689808976718,15722.88744572562,15794.353515625,1718385,0.0,0.0
2019-02-18 00:00:00+07:00,15901.558134188384,15937.291173200316,15758.622272162753,15865.8232421875,813246,0.0,0.0
2019-02-19 00:00:00+07:00,15973.0260652012,16133.828446732798,15830.090203175569,15865.8232421875,3905170,0.0,0.0
2019-02-20 00:00:00+07:00,15830.08765793146,16098.09096639683,15830.08765793146,16026.623046875,1552653,0.0,0.0
2019-02-21 00:00:00+07:00,15973.025750754015,16044.491827370986,15830.08989154224,16008.7587890625,1991104,0.0,0.0
2019-02-22 00:00:00+07:00,16008.755575728805,16223.159321510597,15865.819745207613,16151.69140625,3302061,0.0,0.0
2019-02-25 00:00:00+07:00,16276.760071576406,16509.03035009825,16241.027037798593,16258.8935546875,17547260,0.0,0.0
2019-02-26 00:00:00+07:00,16294.627236771194,16294.627236771194,16080.2234909894,16151.69140625,1760838,0.0,0.0
2019-02-27 00:00:00+07:00,16151.693873959268,16241.028318436687,16044.491058195295,16115.958984375,1289392,0.0,0.0
2019-02-28 00:00:00+07:00,16115.9582421272,16115.9582421272,15794.353515625,15794.353515625,3746877,0.0,0.0
2019-03-01 00:00:00+07:00,15919.423520827962,15937.2900390625,15776.487668974009,15937.2900390625,1621611,0.0,0.0
2019-03-04 00:00:00+07:00,15937.288768912566,16151.692529606218,15937.288768912566,16080.224609375,2221614,0.0,0.0
2019-03-05 00:00:00+07:00,16080.224143386888,16151.69206154704,16008.756225226736,16044.4892578125,2188503,0.0,0.0
2019-03-06 00:00:00+07:00,16062.359372681918,16115.958927385533,15883.690484358884,15937.2900390625,1845822,0.0,0.0
2019-03-07 00:00:00+07:00,15937.28922006208,16080.225064570714,15937.28922006208,15990.890625,993866,0.0,0.0
2019-03-08 00:00:00+07:00,15973.025598535382,16008.758636503338,15883.691150626582,15955.1572265625,1840380,0.0,0.0
2019-03-11 00:00:00+07:00,15955.157173962734,16026.625102651942,15883.69109826242,15901.5576171875,1020890,0.0,0.0
2019-03-12 00:00:00+07:00,15990.889438167374,16616.23046875,15990.889438167374,16616.23046875,5126438,0.0,0.0
2019-03-13 00:00:00+07:00,16616.23024435805,16687.698160342938,16509.029296875,16509.029296875,4181315,0.0,0.0
2019-03-14 00:00:00+07:00,16509.03191891328,16616.232883422465,16437.563991577535,16526.8984375,1867729,0.0,0.0
2019-03-15 00:00:00+07:00,16526.896937816076,16544.76530777025,16348.228062183922,16437.5625,2766071,0.0,0.0
2019-03-18 00:00:00+07:00,16544.764181361727,16598.36372860897,16419.69486514103,16509.029296875,2639269,0.0,0.0
2019-03-19 00:00:00+07:00,16509.032175875906,16544.76706659442,16330.36328125,16330.36328125,2481668,0.0,0.0
2019-03-20 00:00:00+07:00,16294.62776862964,16401.828718525314,16169.558449594182,16241.0263671875,2116739,0.0,0.0
2019-03-21 00:00:00+07:00,16366.095799509549,16366.095799509549,16115.958984375,16115.958984375,2192330,0.0,0.0
2019-03-22 00:00:00+07:00,16115.95831443,16223.16112573752,16098.091796875,16098.091796875,7873230,0.0,0.0
2019-03-25 00:00:00+07:00,15794.355311174684,16080.227035225947,15794.355311174684,15865.8232421875,4392644,0.0,0.0
2019-03-26 00:00:00+07:00,16080.225064570714,16080.225064570714,15901.556185429285,15990.890625,1025140,0.0,0.0
2019-03-27 00:00:00+07:00,16008.756689143784,16115.95764299627,16008.756689143784,16080.224609375,1824931,0.0,0.0
2019-03-28 00:00:00+07:00,15990.891297913971,16205.29322071046,15990.891297913971,16133.8271484375,1227557,0.0,0.0
2019-03-29 00:00:00+07:00,16294.628441453997,16294.628441453997,16187.425634143186,16258.8935546875,1523294,0.0,0.0
2019-04-01 00:00:00+07:00,16401.82863510922,16401.82863510922,16258.892800649526,16366.09375,1879252,0.0,0.0
2019-04-02 00:00:00+07:00,16366.0945791494,16687.699296482755,16366.0945791494,16437.5625,3596128,0.0,0.0
2019-04-03 00:00:00+07:00,16580.49929379591,16866.369140625,16437.563443886967,16866.369140625,2745522,0.0,0.0
2019-04-04 00:00:00+07:00,16973.572473286484,17223.709291777257,16884.238027610412,17080.7734375,4689055,0.0,0.0
2019-04-05 00:00:00+07:00,17080.7734375,17116.506474574886,16955.704101760188,17080.7734375,4022839,0.0,0.0
2019-04-08 00:00:00+07:00,17027.172028898814,17152.24136463863,16955.704101760188,17080.7734375,1201803,0.0,0.0
2019-04-09 00:00:00+07:00,17080.774369854793,17330.911201999294,16902.10546875,16902.10546875,2685997,0.0,0.0
2019-04-10 00:00:00+07:00,16794.902857271863,16902.103816859897,16705.566562461598,16759.16796875,1941060,0.0,0.0
2019-04-11 00:00:00+07:00,16759.16745632077,16973.57122192999,16741.300939100514,16794.90234375,1141403,0.0,0.0
2019-04-12 00:00:00+07:00,16741.303772961972,17295.17887146738,16741.303772961972,17223.7109375,2577565,0.0,0.0
2019-04-16 00:00:00+07:00,16973.57186322392,17223.708672724297,16973.57186322392,17116.505859375,2487724,0.0,0.0
2019-04-17 00:00:00+07:00,17259.442229522676,17688.24793689778,17223.709192653434,17330.91015625,5460595,0.0,0.0
2019-04-18 00:00:00+07:00,17330.91015625,17598.913491735835,17170.10778436073,17330.91015625,2723830,0.0,0.0
2019-04-19 00:00:00+07:00,17402.3774104596,17473.845334425034,17295.176451005835,17313.04296875,1205307,0.0,0.0
2019-04-22 00:00:00+07:00,17330.909633084804,17330.909633084804,17080.772823584426,17116.505859375,2193256,0.0,0.0
2019-04-23 00:00:00+07:00,17116.505859375,17313.043115189517,16973.57186322392,17116.505859375,1976371,0.0,0.0
2019-04-24 00:00:00+07:00,17330.910824626346,17384.51223498622,17187.974965659294,17348.77734375,2270357,0.0,0.0
2019-04-25 00:00:00+07:00,17330.91036324804,17563.18066463884,17313.043844600026,17438.111328125,2577087,0.0,0.0
2019-04-26 00:00:00+07:00,17473.84687735027,17777.583264787056,17438.111985717802,17706.1171875,2442215,0.0,0.0
2019-05-02 00:00:00+07:00,17795.449888683634,17938.38388220332,17741.848482995778,17813.31640625,2349714,0.0,0.0
2019-05-03 00:00:00+07:00,17831.18103116008,17866.9140625,17723.98008415176,17866.9140625,2813145,0.0,0.0
2019-05-06 00:00:00+07:00,17509.57858342394,17652.51443309776,17313.04317986403,17420.244140625,3969579,0.0,0.0
2019-05-07 00:00:00+07:00,17545.31099932304,17759.712890625,17527.442630890764,17759.712890625,8851258,0.0,0.0
2019-05-08 00:00:00+07:00,17616.778333135982,17759.71417298381,17509.57737974444,17741.84765625,3953331,0.0,0.0
2019-05-09 00:00:00+07:00,17723.984192420277,17741.850712231546,17366.64453125,17366.64453125,2498184,0.0,0.0
2019-05-10 00:00:00+07:00,17509.578125,17598.912565460047,17420.243684539957,17509.578125,4162568,0.0,0.0
2019-05-13 00:00:00+07:00,17509.57915544023,17795.450864126946,17509.57915544023,17688.248046875,2258171,0.0,0.0
2019-05-14 00:00:00+07:00,17652.512989518884,18152.78656947732,17545.31203752454,17938.3828125,4143984,0.0,0.0
2019-05-15 00:00:00+07:00,18045.586450139414,18081.3194847901,17902.65060555921,18009.8515625,4088523,0.0,0.0
2019-05-16 00:00:00+07:00,18009.85096622318,18117.05191961472,17741.84765625,17741.84765625,7676344,0.0,0.0
2019-05-17 00:00:00+07:00,17688.246788148652,17688.246788148652,17413.096492560617,17472.05859375,3590485,0.0,0.0
2019-05-20 00:00:00+07:00,17491.710689855783,17806.168422614912,17491.710689855783,17786.515625,4325532,0.0,0.0
2019-05-21 00:00:00+07:00,17884.785710962104,18100.973925593724,17825.82360425448,18042.013671875,2525930,0.0,0.0
2019-05-22 00:00:00+07:00,18061.665909540658,18140.278952988952,17786.515625,17786.515625,12612774,0.0,0.0
2019-05-23 00:00:00+07:00,17786.51574567478,18002.703932860157,17766.86109493787,17963.396484375,3783410,0.0,0.0
2019-05-24 00:00:00+07:00,17884.782397556803,18061.66497893192,17786.51470856809,17924.08984375,3004360,0.0,0.0
2019-05-27 00:00:00+07:00,17806.168422614912,17865.128668448295,17550.670935689166,17786.515625,3454319,0.0,0.0
2019-05-28 00:00:00+07:00,17688.24735948008,17845.47716374533,17589.979658308686,17629.287109375,1854797,0.0,0.0
2019-05-29 00:00:00+07:00,17629.285396611343,17629.285396611343,17295.174874491186,17334.48046875,3633231,0.0,0.0
2019-05-30 00:00:00+07:00,17334.48262624069,17570.327339078995,17255.869574950088,17511.365234375,2380919,0.0,0.0
2019-05-31 00:00:00+07:00,17531.017704987094,17609.632599481934,17334.48046875,17334.48046875,1476798,0.0,0.0
2019-06-03 00:00:00+07:00,17295.175919992867,17334.481516627722,17098.638671875,17098.638671875,2128356,0.0,0.0
2019-06-04 00:00:00+07:00,17098.640297345617,17177.255204066238,17000.37259043929,17020.025390625,1417182,0.0,0.0
2019-06-05 00:00:00+07:00,17098.639813377267,17255.869622368198,17098.639813377267,17137.947265625,1665642,0.0,0.0
2019-06-06 00:00:00+07:00,17216.56257146553,17570.3277969531,17137.947665137428,17491.712890625,2838738,0.0,0.0
2019-06-07 00:00:00+07:00,17609.63532095025,17786.517934405525,17570.327867628086,17766.86328125,3214857,0.0,0.0
2019-06-10 00:00:00+07:00,17884.786461121643,17963.39951838099,17609.63612824149,17727.556640625,3013024,0.0,0.0
2019-06-11 00:00:00+07:00,17727.55582792784,17924.093094538643,17648.940921283516,17766.86328125,3129265,0.0,0.0
2019-06-12 00:00:00+07:00,17766.860635333185,17924.090425206497,17688.24574039653,17707.900390625,3169740,0.0,0.0
2019-06-13 00:00:00+07:00,17707.902495073587,17727.555294649028,17491.71243479956,17511.365234375,2066712,0.0,0.0
2019-06-14 00:00:00+07:00,17531.019198065296,17648.939696861977,17452.404296875,17452.404296875,1351145,0.0,0.0
2019-06-17 00:00:00+07:00,17334.482877985854,17491.712688828142,17255.869825553575,17314.830078125,3289796,0.0,0.0
2019-06-18 00:00:00+07:00,17432.752436256716,17472.059888967287,17196.907719993287,17314.830078125,1908404,0.0,0.0
2019-06-19 00:00:00+07:00,17413.09866318162,17570.328481967743,17373.791208485087,17550.673828125,2946602,0.0,0.0
2019-06-20 00:00:00+07:00,17629.28844487725,17845.478515625,17550.67353678917,17845.478515625,3272947,0.0,0.0
2019-06-21 00:00:00+07:00,17884.78596966904,17924.09342371308,17786.518261053403,17845.478515625,2226471,0.0,0.0
2019-06-24 00:00:00+07:00,17845.476682898567,17865.129481407785,17747.208984375,17747.208984375,1752676,0.0,0.0
2019-06-25 00:00:00+07:00,17688.247407144077,18297.51012083051,17609.6343577884,18277.85546875,7939506,0.0,0.0
2019-06-26 00:00:00+07:00,18277.85640969077,18277.85640969077,18120.628449896554,18140.28125,3985017,0.0,0.0
2019-06-27 00:00:00+07:00,18100.974187427862,18120.628840944348,17806.17106158096,17845.478515625,3440092,0.0,0.0
2019-06-28 00:00:00+07:00,17845.477703993707,18081.32056454263,17648.940442712235,17884.78515625,5983913,0.0,0.0
2019-07-01 00:00:00+07:00,18081.321038705897,18513.701171875,18042.01358541881,18513.701171875,6157838,0.0,0.0
2019-07-02 00:00:00+07:00,18474.39143279868,18670.92682192842,18336.81628981013,18435.083984375,8311628,0.0,0.0
2019-07-03 00:00:00+07:00,18356.46989360025,18435.08479389976,18297.50964486998,18395.77734375,4705281,0.0,0.0
2019-07-04 00:00:00+07:00,18474.390978347685,18553.0058732612,18395.77608343417,18454.736328125,3079303,0.0,0.0
2019-07-05 00:00:00+07:00,18395.778969748266,18474.393876996524,18238.55100824064,18317.1640625,2746151,0.0,0.0
2019-07-08 00:00:00+07:00,18277.855235854,18435.085038539502,18100.97263432717,18199.2421875,3820891,0.0,0.0
2019-07-09 00:00:00+07:00,18199.24239644242,18415.43059813388,18120.62749419709,18376.125,2746785,0.0,0.0
2019-07-10 00:00:00+07:00,18454.739420955702,18651.27669117718,18395.779166383723,18494.046875,3094219,0.0,0.0
2019-07-11 00:00:00+07:00,18533.35282792145,18572.66027878201,18395.777676403883,18474.392578125,2450709,0.0,0.0
2019-07-12 00:00:00+07:00,18513.70002898556,18651.27518050313,18395.777676403883,18474.392578125,2997648,0.0,0.0
2019-07-15 00:00:00+07:00,18454.739291430007,18690.58401404049,18415.431837661592,18592.314453125,2838567,0.0,0.0
2019-07-16 00:00:00+07:00,18611.96910650366,18788.85172196707,18572.66165273525,18592.314453125,2893729,0.0,0.0
2019-07-17 00:00:00+07:00,18592.31458361628,18670.92949170487,18474.394074472315,18494.046875,3119924,0.0,0.0
2019-07-18 00:00:00+07:00,18474.39224404951,18513.69969419927,18395.77734375,18395.77734375,2547435,0.0,0.0
2019-07-19 00:00:00+07:00,18454.73777281005,18985.385575533848,18435.084974037505,18946.078125,6786057,0.0,0.0
2019-07-22 00:00:00+07:00,18946.076963818563,19122.959553885583,18847.80927000103,19005.0390625,4358478,0.0,0.0
2019-07-23 00:00:00+07:00,19064.001470376363,19181.923828125,18906.771660044844,19181.923828125,2511786,0.0,0.0
2019-07-24 00:00:00+07:00,19398.10972029223,19417.76437072989,19103.306640625,19103.306640625,5349295,0.0,0.0
2019-07-25 00:00:00+07:00,19103.30618739224,19240.88132523732,19063.99874043813,19122.958984375,2865213,0.0,0.0
2019-07-26 00:00:00+07:00,19064.001470376363,19181.923828125,19005.04121799647,19181.923828125,2517457,0.0,0.0
2019-07-29 00:00:00+07:00,19181.921536398386,19181.921536398386,18946.07684907824,19103.306640625,3517187,0.0,0.0
2019-07-30 00:00:00+07:00,19103.30735117621,19103.30735117621,18749.542160026263,18788.849609375,5049836,0.0,0.0
2019-07-31 00:00:00+07:00,18788.85050502877,19024.693359375,18670.92815136127,19024.693359375,2859615,0.0,0.0
2019-08-01 00:00:00+07:00,19024.691860068047,19103.30675631753,18946.076963818563,19005.0390625,2431149,0.0,0.0
2019-08-02 00:00:00+07:00,18887.118860247832,19260.536880301905,18808.50395508208,19181.923828125,5308586,0.0,0.0
2019-08-05 00:00:00+07:00,19260.53515625,19574.99289577639,19181.92211110992,19260.53515625,5652956,0.0,0.0
2019-08-06 00:00:00+07:00,18946.07978725056,19378.45992806936,18946.07978725056,19240.884765625,4392056,0.0,0.0
2019-08-07 00:00:00+07:00,19260.536829771263,19555.341796875,19240.88403002581,19555.341796875,3061950,0.0,0.0
2019-08-08 00:00:00+07:00,19594.64864578401,19889.451750818127,19594.64864578401,19771.53125,5033641,0.0,0.0
2019-08-09 00:00:00+07:00,19771.53245799929,20203.910742397828,19653.610096987555,20085.990234375,4281485,0.0,0.0
2019-08-12 00:00:00+07:00,20085.99004756774,20675.59814116501,19928.760234347727,20557.67578125,13485470,0.0,0.0
2019-08-13 00:00:00+07:00,20479.061199907715,20911.44134014133,20321.833237179348,20636.291015625,6488073,0.0,0.0
2019-08-14 00:00:00+07:00,20832.826498142826,21107.976823529007,20754.21159003565,20911.44140625,5443621,0.0,0.0
2019-08-15 00:00:00+07:00,20400.445977446427,20832.82421875,20203.90872868233,20832.82421875,5367616,0.0,0.0
2019-08-16 00:00:00+07:00,20832.8246049513,21658.277359085405,20439.751953125,20439.751953125,10936194,0.0,0.0
2019-08-19 00:00:00+07:00,20439.752614858688,20714.904777137235,20125.296706803696,20596.982421875,6974853,0.0,0.0
2019-08-20 00:00:00+07:00,20596.98290078905,21225.8984375,20596.98290078905,21225.8984375,5497638,0.0,0.0
2019-08-21 00:00:00+07:00,21265.205225951384,21422.43317872369,20990.054918858248,21068.66796875,8225691,0.0,0.0
2019-08-22 00:00:00+07:00,21068.6670642782,21343.819212547933,20793.51676899718,20832.82421875,4568126,0.0,0.0
2019-08-23 00:00:00+07:00,20872.133761085028,21383.126953125,20675.59834560556,21383.126953125,4509135,0.0,0.0
2019-08-26 00:00:00+07:00,21029.36156250299,21304.51185902685,21029.36156250299,21107.974609375,4480076,0.0,0.0
2019-08-27 00:00:00+07:00,21225.89652080943,21343.81886816521,20754.208984375,20754.208984375,3780630,0.0,0.0
2019-08-28 00:00:00+07:00,20832.82378110494,20911.43867895908,20479.05859375,20479.05859375,4386992,0.0,0.0
2019-08-29 00:00:00+07:00,20518.368977255497,20754.21185155995,20400.448466597743,20714.90625,3302840,0.0,0.0
2019-08-30 00:00:00+07:00,20832.825360592746,20990.05516822176,20793.51790868549,20872.1328125,2457313,0.0,0.0
2019-09-03 00:00:00+07:00,20832.82431285114,21225.896959166108,20832.82431285114,21107.974609375,3506782,0.0,0.0
2019-09-04 00:00:00+07:00,21107.976823529007,21304.514093796937,20832.826498142826,20911.44140625,4115956,0.0,0.0
2019-09-05 00:00:00+07:00,20990.055422326004,21029.36287470911,20675.59765625,20675.59765625,3736842,0.0,0.0
2019-09-06 00:00:00+07:00,20793.515625,20911.43796777072,20557.67279244717,20793.515625,2758072,0.0,0.0
2019-09-09 00:00:00+07:00,20832.82543966229,21383.126062474817,20636.290032368925,21147.283203125,6052894,0.0,0.0
2019-09-10 00:00:00+07:00,21304.51334283608,21383.126395183303,21068.66862682783,21225.8984375,4300139,0.0,0.0
2019-09-11 00:00:00+07:00,21225.89762695797,21304.512529292027,20990.054772944583,21265.205078125,3016717,0.0,0.0
2019-09-12 00:00:00+07:00,21383.12536472753,22208.578125,21383.12536472753,22208.578125,9243975,0.0,0.0
2019-09-13 00:00:00+07:00,22208.57755059226,22562.34274541792,22129.96265107796,22326.498046875,11709472,0.0,0.0
2019-09-16 00:00:00+07:00,22365.80592084221,22798.18602338308,22287.192872825577,22680.263671875,3233197,0.0,0.0
2019-09-17 00:00:00+07:00,22523.036528512606,22837.4942907937,22444.42162469513,22640.95703125,4037698,0.0,0.0
2019-09-18 00:00:00+07:00,22758.87755648132,22758.87755648132,22129.96208250276,22169.26953125,11486126,0.0,0.0
2019-09-19 00:00:00+07:00,22247.886541835,22719.572265625,22090.65673191243,22719.572265625,3458072,0.0,0.0
2019-09-20 00:00:00+07:00,22680.26352996625,23112.643629801754,22640.9560797095,22876.80078125,3369710,0.0,0.0
2019-09-23 00:00:00+07:00,22798.18618062961,22916.10853295104,22208.578125,22208.578125,9220974,0.0,0.0
2019-09-24 00:00:00+07:00,22169.27115324628,22405.11400999632,21933.428296496244,22090.65625,9745263,0.0,0.0
2019-09-25 00:00:00+07:00,22129.965552104142,22562.345703125,22051.35064228418,22562.345703125,3481437,0.0,0.0
2019-09-26 00:00:00+07:00,22680.263671875,22798.18602338308,22483.728272350287,22680.263671875,2468971,0.0,0.0
2019-09-27 00:00:00+07:00,22640.955512663106,23112.643050941864,22562.342467107224,22994.720703125,6059459,0.0,0.0
2019-09-30 00:00:00+07:00,23309.179173940585,23387.79407494597,22680.263671875,22680.263671875,5718291,0.0,0.0
2019-10-01 00:00:00+07:00,22680.26296193539,22994.720703125,22640.955512663106,22994.720703125,3968315,0.0,0.0
2019-10-02 00:00:00+07:00,22994.721671711468,23034.02912263947,22483.728515625,22483.728515625,6118931,0.0,0.0
2019-10-03 00:00:00+07:00,22247.885663045767,22562.343417481003,22169.270761189764,22483.728515625,7195866,0.0,0.0
2019-10-04 00:00:00+07:00,22601.650195175072,22601.650195175072,22287.19245010657,22326.498046875,3188904,0.0,0.0
2019-10-07 00:00:00+07:00,22326.499022571603,22483.72882847136,21815.505859375,21815.505859375,5724664,0.0,0.0
2019-10-08 00:00:00+07:00,21815.5067439512,22090.657062443777,21697.58438474486,22051.349609375,3227549,0.0,0.0
2019-10-09 00:00:00+07:00,22129.96208250276,22405.112370744795,21933.42669175521,22169.26953125,2311115,0.0,0.0
2019-10-10 00:00:00+07:00,22247.88442874449,22405.112370744795,22169.26953125,22169.26953125,1950209,0.0,0.0
2019-10-11 00:00:00+07:00,22287.19302654762,22365.80607510647,22169.27067422619,22208.578125,1917431,0.0,0.0
2019-10-14 00:00:00+07:00,22405.1133713449,22876.800924388463,22326.49847033952,22680.263671875,5772018,0.0,0.0
2019-10-15 00:00:00+07:00,22719.573669775968,22719.573669775968,22562.345703125,22562.345703125,1892063,0.0,0.0
2019-10-16 00:00:00+07:00,22719.570887927468,22798.1857881216,22562.34294052793,22601.650390625,2512703,0.0,0.0
2019-10-17 00:00:00+07:00,22562.34366591188,22601.65111727269,22247.88590801419,22287.193359375,4203547,0.0,0.0
2019-10-18 00:00:00+07:00,22326.49757509535,22640.95531351907,22247.88453023093,22444.419921875,3555970,0.0,0.0
2019-10-21 00:00:00+07:00,22562.34332897552,22562.34332897552,22129.96322345237,22208.578125,3727868,0.0,0.0
2019-10-22 00:00:00+07:00,22208.57583092696,22247.88327764044,21894.118110207703,22129.9609375,3703420,0.0,0.0
2019-10-23 00:00:00+07:00,22012.039736261024,22405.112370744795,22012.039736261024,22169.26953125,1804930,0.0,0.0
2019-10-24 00:00:00+07:00,22326.498330644245,22876.80078125,22169.27038260599,22876.80078125,5459744,0.0,0.0
2019-10-25 00:00:00+07:00,22916.10789591837,22994.720942291897,22680.26319783163,22798.185546875,3319482,0.0,0.0
2019-10-28 00:00:00+07:00,22798.18668897473,23112.64444918809,22719.571785674183,22837.494140625,4259615,0.0,0.0
2019-10-29 00:00:00+07:00,22876.8012594854,22916.10871056385,22719.57145517153,22758.87890625,2420912,0.0,0.0
2019-10-30 00:00:00+07:00,22758.87971810564,22837.494623066927,22640.95736066372,22719.572265625,4328525,0.0,0.0
2019-10-31 00:00:00+07:00,22798.186357328465,23073.33666188893,22719.57145517153,22758.87890625,3218786,0.0,0.0
2019-11-01 00:00:00+07:00,22798.18530975225,23073.335601669576,22640.955512663106,22994.720703125,4182692,0.0,0.0
2019-11-04 00:00:00+07:00,23073.33589326026,23780.86628312551,23073.33589326026,23545.0234375,14026943,0.0,0.0
2019-11-05 00:00:00+07:00,23623.637297252604,23623.637297252604,23348.48699238648,23505.716796875,6744325,0.0,0.0
2019-11-06 00:00:00+07:00,23505.719240626084,23741.56211888928,23387.796875,23387.796875,3817414,0.0,0.0
2019-11-07 00:00:00+07:00,23387.796875,23545.02669583478,23269.87450937392,23387.796875,3519137,0.0,0.0
2019-11-08 00:00:00+07:00,23505.71646362972,23505.71646362972,23269.87176024056,23427.1015625,2943513,0.0,0.0
2019-11-11 00:00:00+07:00,23466.40957658744,23820.17478717774,23387.794673569853,23584.330078125,5262888,0.0,0.0
2019-11-12 00:00:00+07:00,23584.329688150487,24095.324696326486,23584.329688150487,23977.40234375,6957642,0.0,0.0
2019-11-13 00:00:00+07:00,24056.015517635253,24095.32296567081,23780.865234375,23780.865234375,14304666,0.0,0.0
2019-11-14 00:00:00+07:00,23780.867764832925,23977.403172934868,22601.651610243585,22916.109375,12187347,0.0,0.0
2019-11-15 00:00:00+07:00,22916.10879618779,23112.644199325667,22680.26408883579,23034.029296875,6198289,0.0,0.0
2019-11-18 00:00:00+07:00,22955.41373552114,23112.64353590941,22444.42059023673,22601.650390625,6745894,0.0,0.0
2019-11-19 00:00:00+07:00,22601.651610243585,22916.109375,22601.651610243585,22916.109375,2678568,0.0,0.0
2019-11-20 00:00:00+07:00,22876.80049048642,22876.80049048642,22247.88500034941,22326.498046875,16465191,0.0,0.0
2019-11-21 00:00:00+07:00,22326.5007519177,22444.42311547644,21972.737367219368,22012.04296875,7974504,0.0,0.0
2019-11-22 00:00:00+07:00,22129.965332308744,22444.42311547644,21815.507549141043,22012.04296875,3924121,0.0,0.0
2019-11-25 00:00:00+07:00,22051.34945478393,22405.114676934,21933.42894939315,22247.88671875,2831157,0.0,0.0
2019-11-26 00:00:00+07:00,22405.11247294845,22483.72737080156,22326.49757509535,22444.419921875,2398393,0.0,0.0
2019-11-27 00:00:00+07:00,22483.728181939263,22562.34308262853,22365.80583090537,22405.11328125,1960539,0.0,0.0
2019-11-28 00:00:00+07:00,22365.80820643728,22365.80820643728,21933.429912699787,22012.04296875,3513803,0.0,0.0
2019-11-29 00:00:00+07:00,22012.039736261024,22326.497473250303,21933.42669175521,22169.26953125,1784560,0.0,0.0
2019-12-02 00:00:00+07:00,22208.57809198977,22208.57809198977,21461.740234375,21461.740234375,4808860,0.0,0.0
2019-12-03 00:00:00+07:00,21304.513090133445,21697.583906173742,20950.7478733061,21422.43359375,5959534,0.0,0.0
2019-12-04 00:00:00+07:00,21422.43207389618,21815.50471503806,21225.89667981959,21776.197265625,2298085,0.0,0.0
2019-12-05 00:00:00+07:00,21815.50495546384,21933.42730500262,21540.35465952874,21579.662109375,2857734,0.0,0.0
2019-12-06 00:00:00+07:00,21618.96875,21776.196690511104,21501.04640487518,21618.96875,1342358,0.0,0.0
2019-12-09 00:00:00+07:00,21697.58512371749,21933.42985016253,21618.972067891424,21736.892578125,2002245,0.0,0.0
2019-12-10 00:00:00+07:00,21736.890956425123,21933.428213799816,21540.35555203923,21815.505859375,1923897,0.0,0.0
2019-12-11 00:00:00+07:00,21815.505470250668,22247.88557577381,21697.58311792924,22208.578125,2294284,0.0,0.0
2019-12-12 00:00:00+07:00,22326.498380560737,22483.728181939263,22287.192783204857,22405.11328125,2368754,0.0,0.0
2019-12-13 00:00:00+07:00,22483.72737080156,22601.6497175812,22365.8050240219,22444.419921875,4131405,0.0,0.0
2019-12-16 00:00:00+07:00,22444.42097665409,22444.42097665409,22169.27067422619,22208.578125,2736591,0.0,0.0
2019-12-17 00:00:00+07:00,22090.65500794076,22169.26990676688,21658.27677037453,21776.197265625,5407368,0.0,0.0
2019-12-18 00:00:00+07:00,21776.19840790006,22012.041263760893,21618.970454989107,21815.505859375,2467906,0.0,0.0
2019-12-19 00:00:00+07:00,21815.503439903485,22090.653716723424,21776.19599278798,21933.42578125,2046318,0.0,0.0
2019-12-20 00:00:00+07:00,22012.04087113095,22287.19302654762,21933.4278225721,22208.578125,1875626,0.0,0.0
2019-12-23 00:00:00+07:00,22365.80738093636,22405.114834005137,22012.04215630622,22051.349609375,1848836,0.0,0.0
2019-12-24 00:00:00+07:00,22169.26953125,22208.576979997244,22051.347185008268,22169.26953125,1993171,0.0,0.0
2019-12-25 00:00:00+07:00,22169.27029254599,22758.878338024533,22169.27029254599,22601.650390625,3872299,0.0,0.0
2019-12-26 00:00:00+07:00,22719.573669775968,22837.49603450592,22562.345703125,22562.345703125,4982934,0.0,0.0
2019-12-27 00:00:00+07:00,22562.343980421345,22719.57193506748,22326.499268968902,22640.95703125,2425355,0.0,0.0
2019-12-30 00:00:00+07:00,22719.571540061123,23151.951650551,22640.956637610456,23034.029296875,6953804,0.0,0.0
2019-12-31 00:00:00+07:00,23034.02987866563,23073.337330883787,22798.18701834553,22916.109375,1663058,0.0,0.0
2020-01-02 00:00:00+07:00,22916.10879618779,23191.259101776337,22798.18644251179,23034.029296875,2164345,0.0,0.0
2020-01-03 00:00:00+07:00,23151.9520530748,23230.566956892275,22562.343980421345,22640.95703125,4942819,0.0,0.0
2020-01-06 00:00:00+07:00,22444.42073159464,22640.95613032904,22326.498380560737,22405.11328125,2634859,0.0,0.0
2020-01-07 00:00:00+07:00,22523.03638041163,22837.494140625,22405.11402546081,22837.494140625,2020780,0.0,0.0
2020-01-08 00:00:00+07:00,22601.650195175072,22680.263241700653,22326.498046875,22326.498046875,4437500,0.0,0.0
2020-01-09 00:00:00+07:00,22523.036528512606,22680.264483158742,22444.42162469513,22640.95703125,2334095,0.0,0.0
2020-01-10 00:00:00+07:00,22601.650390625,22719.570887927468,22444.42059023673,22601.650390625,2458638,0.0,0.0
2020-01-13 00:00:00+07:00,22562.34226865465,22640.95531351907,22405.11247294845,22444.419921875,1993075,0.0,0.0
2020-01-14 00:00:00+07:00,22444.42073159464,22562.34308262853,22405.11328125,22405.11328125,1943884,0.0,0.0
2020-01-15 00:00:00+07:00,22405.11328125,22444.42073159464,22326.498380560737,22405.11328125,2493321,0.0,0.0
2020-01-16 00:00:00+07:00,22405.112903052486,22876.800446237245,22405.112903052486,22798.185546875,4689602,0.0,0.0
2020-01-17 00:00:00+07:00,22798.18683888496,22837.4942907937,22405.114172786387,22640.95703125,3352067,0.0,0.0
2020-01-20 00:00:00+07:00,22601.653158034984,22798.18857959593,22483.730793305032,22562.345703125,4346701,0.0,0.0
2020-01-21 00:00:00+07:00,22719.57168433219,22798.18658728207,21815.505859375,21815.505859375,10744793,0.0,0.0
2020-01-22 00:00:00+07:00,21618.97006937039,22208.578125,21501.04771704896,22208.578125,7640698,0.0,0.0
2020-01-30 00:00:00+07:00,21736.88971741774,21933.42696358977,21186.58913411345,21501.046875,7174409,0.0,0.0
2020-01-31 00:00:00+07:00,21225.8972567776,21579.66245812239,20439.751953125,20439.751953125,10550086,0.0,0.0
2020-02-03 00:00:00+07:00,19496.3807877214,20636.28945342303,19260.53608199932,20243.216796875,8696226,0.0,0.0
2020-02-04 00:00:00+07:00,20596.98349482128,20596.98349482128,20046.68284757533,20361.140625,3985959,0.0,0.0
2020-02-05 00:00:00+07:00,20557.674304569515,20754.209703988286,20439.751953125,20439.751953125,3979151,0.0,0.0
2020-02-06 00:00:00+07:00,20636.28970888456,21068.66796875,20361.139401791417,21068.66796875,4184622,0.0,0.0
2020-02-07 00:00:00+07:00,20832.821805029194,21029.359031022203,20754.20691463199,20950.744140625,2941387,0.0,0.0
2020-02-10 00:00:00+07:00,20596.98275148379,20832.82561279358,20479.06039433447,20675.59765625,1781470,0.0,0.0
2020-02-11 00:00:00+07:00,20793.51766165686,21107.97542019028,20714.90461176511,21068.66796875,2619702,0.0,0.0
2020-02-12 00:00:00+07:00,21147.28272462392,21501.047932138383,21107.975273456883,21265.205078125,2666743,0.0,0.0
2020-02-13 00:00:00+07:00,21265.205408942948,21422.43336306824,21107.975601828843,21343.8203125,2487408,0.0,0.0
2020-02-14 00:00:00+07:00,21265.205637931645,21422.43359375,21225.89818572985,21422.43359375,2247662,0.0,0.0
2020-02-17 00:00:00+07:00,21461.7396644475,21461.7396644475,21225.89681940689,21304.51171875,2404911,0.0,0.0
2020-02-18 00:00:00+07:00,21383.1274024146,22012.04296875,21343.82180088397,22012.04296875,4374899,0.0,0.0
2020-02-19 00:00:00+07:00,21972.73599788992,22090.65650111097,21815.50618961008,21894.12109375,1827548,0.0,0.0
2020-02-20 00:00:00+07:00,22051.34626960792,22169.26861095444,21815.503439903485,21933.42578125,1884581,0.0,0.0
2020-02-21 00:00:00+07:00,21972.73441282417,21972.73441282417,21501.046875,21501.046875,3519162,0.0,0.0
2020-02-24 00:00:00+07:00,20872.133886212006,21186.59166465766,20636.291015625,20636.291015625,5507872,0.0,0.0
2020-02-25 00:00:00+07:00,20479.06054278493,21225.8984375,20439.753090116887,21225.8984375,3397708,0.0,0.0
2020-02-26 00:00:00+07:00,20990.053281978264,21697.581793761223,20832.8234884785,21618.96875,7823218,0.0,0.0
2020-02-27 00:00:00+07:00,21618.972129532085,22208.580241347903,21461.742311453763,22012.04296875,7594451,0.0,0.0
2020-02-28 00:00:00+07:00,21618.96794371604,21894.11821909017,21461.738156080195,21658.275390625,5945246,0.0,0.0
2020-03-02 00:00:00+07:00,21658.278234319067,22090.65650111097,21540.355878109185,21894.12109375,4465353,0.0,0.0
2020-03-03 00:00:00+07:00,22090.656833118315,22405.11460141525,21894.12142280356,21972.736328125,3592442,0.0,0.0
2020-03-04 00:00:00+07:00,21815.505859375,21815.505859375,21579.663003514168,21815.505859375,4375567,0.0,0.0
2020-03-05 00:00:00+07:00,21815.505437824693,21972.73524068623,21461.740234375,21461.740234375,3129142,0.0,0.0
2020-03-06 00:00:00+07:00,21304.51334283608,21343.820795504125,21029.36302714865,21225.8984375,3573446,0.0,0.0
2020-03-09 00:00:00+07:00,20125.29645843197,20439.75236260618,19771.53125,19771.53125,14236373,0.0,0.0
2020-03-10 00:00:00+07:00,20046.68172306152,20439.75253305145,19771.53141487304,20321.83203125,4975306,0.0,0.0
2020-03-11 00:00:00+07:00,20439.754108924684,20636.29138206118,19457.075155198017,19968.068359375,6988101,0.0,0.0
2020-03-12 00:00:00+07:00,19103.30874546329,19378.459057998072,18592.313719622565,18906.771484375,10572677,0.0,0.0
2020-03-13 00:00:00+07:00,17806.169899563214,19653.60900113696,17766.86244808435,18926.42578125,7965695,0.0,0.0
2020-03-16 00:00:00+07:00,18926.42441604508,19535.68523754812,18670.92692635647,18710.234375,5042694,0.0,0.0
2020-03-17 00:00:00+07:00,18474.39385542916,19064.001953125,18277.85658753793,19064.001953125,6741260,0.0,0.0
2020-03-18 00:00:00+07:00,19260.536213721225,19299.843664943728,19005.040560258145,19024.693359375,4850278,0.0,0.0
2020-03-19 00:00:00+07:00,18710.235517705813,18906.770919937964,18710.235517705813,18749.54296875,5349731,0.0,0.0
2020-03-20 00:00:00+07:00,18946.078370982148,18965.73302299864,18611.96781658974,18749.54296875,3797020,0.0,0.0
2020-03-23 00:00:00+07:00,18120.62725101499,18435.08500278741,17452.404296875,17452.404296875,10177953,0.0,0.0
2020-03-24 00:00:00+07:00,17688.24830345637,17688.24830345637,17098.64021197338,17491.712890625,8568812,0.0,0.0
2020-03-25 00:00:00+07:00,18081.3203125,18238.55011933349,17747.20975246206,18081.3203125,5386707,0.0,0.0
2020-03-26 00:00:00+07:00,17884.784057448585,18022.359205398887,17373.7890625,17373.7890625,6121465,0.0,0.0
2020-03-27 00:00:00+07:00,17452.40529021875,17452.40529021875,16862.797203710157,16941.412109375,6405160,0.0,0.0
2020-03-30 00:00:00+07:00,15919.423663198311,16155.266523774348,15762.19385415506,15880.1162109375,11499297,0.0,0.0
2020-03-31 00:00:00+07:00,16312.496411362818,16666.261630424684,15762.193930050556,16155.2666015625,5882129,0.0,0.0
2020-04-01 00:00:00+07:00,16037.345081566016,16980.718321658136,16037.345081566016,16626.953125,3643695,0.0,0.0
2020-04-03 00:00:00+07:00,16902.10213269461,17550.670375112193,16784.17979180569,17531.017578125,6442408,0.0,0.0
2020-04-06 00:00:00+07:00,18081.31779373564,18670.92578125,17884.78241556037,18670.92578125,7018151,0.0,0.0
2020-04-07 00:00:00+07:00,18670.929360661827,18749.544268198653,18277.856675966603,18592.314453125,5994990,0.0,0.0
2020-04-08 00:00:00+07:00,18120.62851999952,18494.04654732068,17983.05335977652,18415.431640625,4002611,0.0,0.0
2020-04-09 00:00:00+07:00,18474.39374714121,18710.23661423937,18277.856480402,18415.431640625,5219151,0.0,0.0
2020-04-10 00:00:00+07:00,18317.16383453097,18474.39364707067,18042.01351557537,18238.55078125,8266508,0.0,0.0
2020-04-13 00:00:00+07:00,18238.54987056656,18474.392724611167,18120.627517049856,18277.85546875,10530500,0.0,0.0
2020-04-14 00:00:00+07:00,18710.23444459723,19457.072265625,18474.39160484745,19457.072265625,9969510,0.0,0.0
2020-04-15 00:00:00+07:00,19850.14593378144,19968.068297296733,19594.65025898173,19692.91796875,5322531,0.0,0.0
2020-04-16 00:00:00+07:00,19535.68654238616,19968.06665335608,19378.45859029905,19771.53125,3689177,0.0,0.0
2020-04-17 00:00:00+07:00,20125.294921875,20164.600517154217,19732.222292184968,20125.294921875,6464176,0.0,0.0
2020-04-20 00:00:00+07:00,20400.44626433355,20439.751861650395,19928.7587136552,20164.6015625,5405993,0.0,0.0
2020-04-21 00:00:00+07:00,19850.14270255172,20007.37249497805,19221.227238823663,19378.45703125,9314309,0.0,0.0
2020-04-22 00:00:00+07:00,19181.92435891844,20125.29768804558,19142.616905247865,20085.990234375,10264845,0.0,0.0
2020-04-23 00:00:00+07:00,20479.05990043365,20518.36735186877,20046.681640625,20046.681640625,3355927,0.0,0.0
2020-04-24 00:00:00+07:00,20007.374189189886,20125.29654349523,19692.916430697773,20046.681640625,3454818,0.0,0.0
2020-04-27 00:00:00+07:00,20243.21554773657,20243.21554773657,19850.14291544369,19928.7578125,3547424,0.0,0.0
2020-04-28 00:00:00+07:00,19928.7578125,19968.06526102816,19732.222422847888,19928.7578125,2894682,0.0,0.0
2020-04-29 00:00:00+07:00,19968.068359375,20203.911234149844,19850.1459954931,19968.068359375,3256537,0.0,0.0
2020-05-04 00:00:00+07:00,19732.224029055444,20007.37433816116,19574.99422214428,19850.14453125,2512884,0.0,0.0
2020-05-05 00:00:00+07:00,19968.067546971928,20046.68245302807,19810.83958784852,20007.375,1636413,0.0,0.0
2020-05-06 00:00:00+07:00,20046.67967975128,20872.130520180483,20046.67967975128,20793.515625,10311019,0.0,0.0
2020-05-07 00:00:00+07:00,20832.824080663613,21029.361328125,20596.98123669865,21029.361328125,5046217,0.0,0.0
2020-05-08 00:00:00+07:00,21068.66715944463,21658.277055411447,21068.66715944463,21107.974609375,8750173,0.0,0.0
2020-05-11 00:00:00+07:00,21225.8984375,21383.126395183303,20950.74812181257,21225.8984375,5260330,0.0,0.0
2020-05-12 00:00:00+07:00,21225.898991339203,21383.126953125,21068.6691765645,21383.126953125,6874468,0.0,0.0
2020-05-13 00:00:00+07:00,21471.566873154305,22398.235447952047,21426.36506466707,22307.828125,14510751,0.0,0.0
2020-05-14 00:00:00+07:00,22127.014080176858,22194.81864206024,21923.59854153804,22014.005859375,7844844,0.0,0.0
2020-05-15 00:00:00+07:00,21833.194972908288,22104.415096986024,21584.575753758345,21697.583984375,5101966,0.0,0.0
2020-05-18 00:00:00+07:00,21471.56658398656,21855.794921875,21426.36477610808,21855.794921875,4241581,0.0,0.0
2020-05-19 00:00:00+07:00,22240.02224410422,22466.038685129944,21968.80214427561,22262.625,6294383,0.0,0.0
2020-05-20 00:00:00+07:00,22149.6177232289,22149.6177232289,21946.202176443232,22104.4140625,2613810,0.0,0.0
2020-05-21 00:00:00+07:00,22104.41571220368,22285.228515625,22081.81295365796,22285.228515625,4212429,0.0,0.0
2020-05-22 00:00:00+07:00,22149.617249067323,22149.617249067323,21900.998046875,21900.998046875,3634543,0.0,0.0
2020-05-25 00:00:00+07:00,21923.598950261247,21968.802610022463,21607.177037910176,21900.998046875,4434777,0.0,0.0
2020-05-26 00:00:00+07:00,21923.60189313785,22059.212890625,21855.797320888752,22059.212890625,3436941,0.0,0.0
2020-05-27 00:00:00+07:00,22104.415096986024,22330.43155821933,21697.583984375,21697.583984375,4450454,0.0,0.0
2020-05-28 00:00:00+07:00,21787.99131006386,21968.804108452736,21697.583984375,21697.583984375,2552712,0.0,0.0
2020-05-29 00:00:00+07:00,21697.581370955573,21742.78502835533,21471.564936945382,21674.98046875,2871291,0.0,0.0
2020-06-01 00:00:00+07:00,21697.582380863736,21855.794262632524,21697.582380863736,21833.193359375,3401093,0.0,0.0
2020-06-02 00:00:00+07:00,21833.194972908288,21923.600445608303,21697.583984375,21697.583984375,3201979,0.0,0.0
2020-06-03 00:00:00+07:00,21697.58337624082,22127.01538174363,21652.381567652137,21991.40625,4103060,0.0,0.0
2020-06-04 00:00:00+07:00,22104.412923383334,22104.412923383334,21878.396484375,21878.396484375,2785008,0.0,0.0
2020-06-05 00:00:00+07:00,21878.396735608243,22014.005859375,21765.388514806386,22014.005859375,3547627,0.0,0.0
2020-06-08 00:00:00+07:00,22149.618089317097,22601.650998099765,22149.618089317097,22307.828125,8846763,0.0,0.0
2020-06-09 00:00:00+07:00,22420.834669940323,22443.437425476823,22104.412769327148,22127.013671875,3218369,0.0,0.0
2020-06-10 00:00:00+07:00,22149.6202222831,22149.6202222831,21878.400080297764,22059.212890625,2802031,0.0,0.0
2020-06-11 00:00:00+07:00,22059.20876664673,22059.20876664673,20793.515625,20793.515625,9713404,0.0,0.0
2020-06-12 00:00:00+07:00,20341.484948259687,21245.55078125,20341.484948259687,21245.55078125,6664655,0.0,0.0
2020-06-15 00:00:00+07:00,21697.581360609685,21697.581360609685,20748.31382061041,20793.515625,2576283,0.0,0.0
2020-06-16 00:00:00+07:00,21064.73828125,21155.14560701496,20929.12914559141,21064.73828125,2439503,0.0,0.0
2020-06-17 00:00:00+07:00,21109.94039762873,21132.541300919813,20906.52485605412,20951.728515625,2494701,0.0,0.0
2020-06-18 00:00:00+07:00,20929.12914559141,21109.94194413248,20861.32457776212,21064.73828125,1727272,0.0,0.0
2020-06-19 00:00:00+07:00,21064.737985249703,21245.55078125,21064.737985249703,21245.55078125,2415480,0.0,0.0
2020-06-22 00:00:00+07:00,21245.55078125,21245.55078125,21177.74621437349,21245.55078125,1960586,0.0,0.0
2020-06-23 00:00:00+07:00,21222.94980232956,21878.39827014865,21132.542478151463,21494.169921875,4311452,0.0,0.0
2020-06-24 00:00:00+07:00,21652.382780147705,21674.98368570765,21268.15441470625,21335.958984375,1273974,0.0,0.0
2020-06-25 00:00:00+07:00,21087.341913733668,21290.75562565766,21064.73915486061,21155.146484375,1533825,0.0,0.0
2020-06-26 00:00:00+07:00,21155.1451892495,21313.35707971943,21109.94152725969,21177.74609375,1265327,0.0,0.0
2020-06-29 00:00:00+07:00,21064.7384622567,21064.7384622567,20725.713767208184,20816.12109375,2689030,0.0,0.0
2020-06-30 00:00:00+07:00,20861.323085885204,20974.331308515302,20522.29841799489,20635.306640625,3345935,0.0,0.0
2020-07-01 00:00:00+07:00,20793.5165095228,20929.1274874261,20703.111043909303,20883.923828125,18851468,0.0,0.0
2020-07-02 00:00:00+07:00,20929.13074488556,20929.13074488556,20770.91883920159,20861.326171875,1131590,0.0,0.0
2020-07-03 00:00:00+07:00,21019.53165226499,21019.53165226499,20838.718879238724,20906.5234375,1420310,0.0,0.0
2020-07-06 00:00:00+07:00,21019.53549010341,21222.95105501633,20929.13001357795,21155.146484375,4581605,0.0,0.0
2020-07-07 00:00:00+07:00,21245.55123887512,21652.38235487488,21245.55123887512,21448.966796875,5834365,0.0,0.0
2020-07-08 00:00:00+07:00,21381.16181299413,21652.38193405985,21381.16181299413,21561.974609375,3174644,0.0,0.0
2020-07-09 00:00:00+07:00,21652.381227455546,21878.397678803005,21607.177566588296,21855.794921875,6503993,0.0,0.0
2020-07-10 00:00:00+07:00,21742.78686504102,21810.591430374032,21471.5667507202,21607.177734375,11484798,0.0,0.0
2020-07-13 00:00:00+07:00,21697.58337624082,22127.01538174363,21584.57514879153,21991.40625,8467293,0.0,0.0
2020-07-14 00:00:00+07:00,21833.1948947877,22081.81226005923,21833.1948947877,21946.203125,4994193,0.0,0.0
2020-07-15 00:00:00+07:00,22014.006394392087,22127.01461794044,21878.39726732956,21968.802734375,3182921,0.0,0.0
2020-07-16 00:00:00+07:00,21946.20183086082,22036.609150895,21878.39726732956,21968.802734375,2225843,0.0,0.0
2020-07-17 00:00:00+07:00,21923.599903291168,21923.599903291168,21742.787109375,21742.787109375,2755941,0.0,0.0
2020-07-20 00:00:00+07:00,21742.78716123582,21787.99082306988,21403.76247696357,21426.365234375,4301880,0.0,0.0
2020-07-21 00:00:00+07:00,21471.5667507202,21674.98229970801,21358.55852416892,21607.177734375,1973357,0.0,0.0
2020-07-22 00:00:00+07:00,21697.58349940176,21697.58349940176,21381.16157254094,21426.365234375,1716590,0.0,0.0
2020-07-23 00:00:00+07:00,21426.36612833806,21584.576171875,21290.75513717784,21584.576171875,1969999,0.0,0.0
2020-07-24 00:00:00+07:00,21426.365792455268,21494.170360478023,20522.299944181577,20748.31640625,6654350,0.0,0.0
2020-07-27 00:00:00+07:00,20341.48582559333,20748.316950376764,19708.64008580308,19753.84375,6872226,0.0,0.0
2020-07-28 00:00:00+07:00,20070.26431490422,20703.11186421718,19957.25608866816,20657.908203125,4204978,0.0,0.0
2020-07-29 00:00:00+07:00,20070.26389578333,20296.28219652436,19799.04564087156,20138.0703125,3809754,0.0,0.0
2020-07-30 00:00:00+07:00,20160.67180405341,20409.291015625,20160.67180405341,20409.291015625,1456611,0.0,0.0
2020-07-31 00:00:00+07:00,19889.45422001099,20431.894520680224,19889.45422001099,20115.470703125,2321801,0.0,0.0
2020-08-03 00:00:00+07:00,20115.468830067333,20748.31640625,20115.468830067333,20748.31640625,3469746,0.0,0.0
2020-08-04 00:00:00+07:00,21019.53396152066,21155.14494593034,20883.924830099768,21042.13671875,2206493,0.0,0.0
2020-08-05 00:00:00+07:00,21019.534323002423,21313.35720111533,20906.52609387864,21245.55078125,4203466,0.0,0.0
2020-08-06 00:00:00+07:00,21245.551960900462,21358.56019629899,21109.942819617805,21155.146484375,2421307,0.0,0.0
2020-08-07 00:00:00+07:00,21155.146716603704,21607.17966315995,21155.146716603704,21290.755859375,2694213,0.0,0.0
2020-08-10 00:00:00+07:00,21403.76355404375,21607.179116038904,21290.7553202662,21335.958984375,2435390,0.0,0.0
2020-08-11 00:00:00+07:00,21448.96633486835,21448.96633486835,21245.55078125,21245.55078125,2538901,0.0,0.0
2020-08-12 00:00:00+07:00,21290.753617266502,21471.56640625,21200.34814926913,21471.56640625,2588307,0.0,0.0
2020-08-13 00:00:00+07:00,21561.972251744904,21674.98046875,21471.564936945382,21674.98046875,3587069,0.0,0.0
2020-08-14 00:00:00+07:00,21742.78686504102,21787.990526259287,21448.965846605457,21607.177734375,3428966,0.0,0.0
2020-08-17 00:00:00+07:00,21200.34897199154,21245.55078125,21019.534323002423,21245.55078125,2201267,0.0,0.0
2020-08-18 00:00:00+07:00,21245.55066024031,21313.35707971943,21155.1451892495,21177.74609375,1312172,0.0,0.0
2020-08-19 00:00:00+07:00,21200.34885123931,21268.15341772962,21087.34062275919,21177.74609375,1841048,0.0,0.0
2020-08-20 00:00:00+07:00,21200.347780683624,21448.96512958992,21177.745024335687,21268.15234375,5088406,0.0,0.0
2020-08-21 00:00:00+07:00,21358.558815129505,21471.567043220257,21335.95791070688,21426.365234375,2644935,0.0,0.0
2020-08-24 00:00:00+07:00,21674.98160105764,21968.802610022463,21629.777941296423,21900.998046875,7430216,0.0,0.0
2020-08-25 00:00:00+07:00,21968.80232543027,22127.01420605063,21946.2014223368,22081.810546875,8195147,0.0,0.0
2020-08-26 00:00:00+07:00,22059.209264983936,22081.810167689306,21787.9891675762,21878.396484375,3071559,0.0,0.0
2020-08-27 00:00:00+07:00,21810.590751970365,22646.85197303623,21810.590751970365,22533.84375,7818033,0.0,0.0
2020-08-28 00:00:00+07:00,22692.05443177028,23098.88364256972,22556.4453125,22556.4453125,9306194,0.0,0.0
2020-08-31 00:00:00+07:00,22556.44559142577,22737.25837035156,22307.82639903777,22375.6328125,4073026,0.0,0.0
2020-09-01 00:00:00+07:00,22375.63253581009,22827.66540402917,22307.826123186336,22556.4453125,3886252,0.0,0.0
2020-09-03 00:00:00+07:00,22782.46484375,22827.6685073148,22556.44837891487,22782.46484375,4842885,0.0,0.0
2020-09-04 00:00:00+07:00,22375.633942308414,22601.650390625,22375.633942308414,22601.650390625,3229032,0.0,0.0
2020-09-07 00:00:00+07:00,22579.048063146307,22601.650820200808,21923.599609375,21923.599609375,9698523,0.0,0.0
2020-09-08 00:00:00+07:00,22036.608157143422,22375.6328125,21923.598085702582,22375.6328125,3699921,0.0,0.0
2020-09-09 00:00:00+07:00,21991.40608022641,22375.634421185503,21968.80332311777,22240.0234375,3128940,0.0,0.0
2020-09-10 00:00:00+07:00,22375.634421185503,22511.24355188223,22194.8197762715,22240.0234375,2111291,0.0,0.0
2020-09-11 00:00:00+07:00,22149.617311660924,22240.02277845012,22081.810895333125,22217.421875,1830494,0.0,0.0
2020-09-14 00:00:00+07:00,22262.62761006817,22375.635843830107,22194.821187419893,22285.228515625,2366192,0.0,0.0
2020-09-15 00:00:00+07:00,22375.633942308414,22601.650390625,22285.22662178628,22601.650390625,4001854,0.0,0.0
2020-09-16 00:00:00+07:00,22601.6515092472,22963.27710325616,22601.6515092472,22827.66796875,4025780,0.0,0.0
2020-09-17 00:00:00+07:00,22737.25951841945,22827.66683894159,22556.446730363936,22601.650390625,3322429,0.0,0.0
2020-09-18 00:00:00+07:00,22646.853263460154,23234.497168525908,22601.651454061022,23144.08984375,7003128,0.0,0.0
2020-09-21 00:00:00+07:00,23189.29350613796,23370.106302700944,23144.08984375,23144.08984375,3211696,0.0,0.0
2020-09-22 00:00:00+07:00,22963.276515036752,23189.29296875,22872.86919235594,23189.29296875,3506200,0.0,0.0
2020-09-23 00:00:00+07:00,23189.294045629205,23279.70137250841,22963.27758142006,23098.88671875,3772981,0.0,0.0
2020-09-24 00:00:00+07:00,22918.073440757824,23053.684428252807,22692.056981255017,22827.66796875,3669508,0.0,0.0
2020-09-25 00:00:00+07:00,22918.073680778256,22963.27734375,22601.651745953743,22963.27734375,3774534,0.0,0.0
2020-09-28 00:00:00+07:00,23008.481244859664,23189.294045629205,22872.870254540856,23098.88671875,2754263,0.0,0.0
2020-09-29 00:00:00+07:00,23234.49687648471,23234.49687648471,22692.056640625,22692.056640625,3988759,0.0,0.0
2020-09-30 00:00:00+07:00,22692.0558581584,22782.46317868052,22488.642166466707,22601.650390625,5247666,0.0,0.0
2020-10-01 00:00:00+07:00,22692.057218908383,22963.27734375,22692.057218908383,22963.27734375,1900488,0.0,0.0
2020-10-02 00:00:00+07:00,22963.278188938657,23098.887329856283,22149.61963745506,22737.26171875,4088348,0.0,0.0
2020-10-05 00:00:00+07:00,22782.46430625168,22963.27710325616,22556.447846748863,22827.66796875,3144765,0.0,0.0
2020-10-06 00:00:00+07:00,22963.27710325616,23008.48076575448,22737.260643753347,22827.66796875,3190791,0.0,0.0
2020-10-07 00:00:00+07:00,22692.0575166204,22918.073981455527,22692.0575166204,22782.46484375,3135005,0.0,0.0
2020-10-08 00:00:00+07:00,22827.668444090123,23279.70137250841,22737.26111721092,23098.88671875,6517279,0.0,0.0
2020-10-09 00:00:00+07:00,23053.684669693488,23144.09014264813,22963.27734375,22963.27734375,2462949,0.0,0.0
2020-10-12 00:00:00+07:00,23008.48046875,23234.49692533528,22872.86948300555,23008.48046875,3254576,0.0,0.0
2020-10-13 00:00:00+07:00,23008.479585985984,23053.68324616648,22827.666798252747,22918.072265625,2652219,0.0,0.0
2020-10-14 00:00:00+07:00,22963.27821749156,23234.49835265297,22782.46541171359,23053.685546875,5057618,0.0,0.0
2020-10-15 00:00:00+07:00,23144.08984375,23234.497168525908,22918.073384799056,23144.08984375,4539528,0.0,0.0
2020-10-16 00:00:00+07:00,23144.09039275088,24364.58004123274,23008.481255359053,24048.15625,12109151,0.0,0.0
2020-10-19 00:00:00+07:00,24228.96839823165,24319.373862814067,23957.74829850703,24093.357421875,9682111,0.0,0.0
2020-10-20 00:00:00+07:00,24002.95443952864,24093.35991346023,23731.73431175613,24048.15625,6853079,0.0,0.0
2020-10-21 00:00:00+07:00,24048.15458520986,24635.798463534084,23867.341796875,23867.341796875,6936575,0.0,0.0
2020-10-22 00:00:00+07:00,23867.342958725945,24409.783203125,23776.93748665199,24409.783203125,5008883,0.0,0.0
2020-10-23 00:00:00+07:00,24500.18921572216,24635.800206308188,24183.76727699917,24364.580078125,5554092,0.0,0.0
2020-10-26 00:00:00+07:00,24364.57835453742,24635.798463534084,23867.341796875,23867.341796875,8085672,0.0,0.0
2020-10-27 00:00:00+07:00,23912.54539750562,24048.15452517101,23550.91796875,23550.91796875,9442132,0.0,0.0
2020-10-28 00:00:00+07:00,23505.716141993933,23686.52892972717,22918.072265625,22918.072265625,7547789,0.0,0.0
2020-10-29 00:00:00+07:00,22782.46401216472,23189.293263420463,22692.056688335088,23008.48046875,5708101,0.0,0.0
2020-10-30 00:00:00+07:00,23234.497508824978,23279.701171875,22827.668247352503,23279.701171875,3085180,0.0,0.0
2020-11-02 00:00:00+07:00,23279.70000018899,23370.10546875,23144.089017864346,23370.10546875,1817794,0.0,0.0
2020-11-03 00:00:00+07:00,23460.51255987438,23912.545457205902,23370.105239212586,23867.341796875,5379008,0.0,0.0
2020-11-04 00:00:00+07:00,23957.748046875,24093.35716881865,23731.73160830982,23957.748046875,3294472,0.0,0.0
2020-11-05 00:00:00+07:00,23822.13872097665,24138.56249806709,23505.716796875,23505.716796875,3399906,0.0,0.0
2020-11-06 00:00:00+07:00,23686.53125,23867.344055445203,23550.92025617441,23686.53125,2072064,0.0,0.0
2020-11-09 00:00:00+07:00,23867.34238432773,24138.5625,23822.138722884225,24138.5625,4368979,0.0,0.0
2020-11-10 00:00:00+07:00,24409.78092400536,24409.78092400536,23957.748046875,23957.748046875,4791103,0.0,0.0
2020-11-11 00:00:00+07:00,24138.56082712941,24138.56082712941,23822.1370719427,23957.748046875,3501289,0.0,0.0
2020-11-12 00:00:00+07:00,23957.74917578473,24183.765625,23912.54551534393,24183.765625,2633035,0.0,0.0
2020-11-13 00:00:00+07:00,24319.375,24319.375,24183.76587029088,24319.375,2766582,0.0,0.0
2020-11-16 00:00:00+07:00,24409.781180385165,24590.59396253868,23957.74829850703,24093.357421875,7879593,0.0,0.0
2020-11-17 00:00:00+07:00,24228.97040598826,24454.986865656392,23957.750283788733,24409.783203125,5279609,0.0,0.0
2020-11-18 00:00:00+07:00,24545.392337730347,24545.392337730347,24274.17221553082,24409.783203125,3687937,0.0,0.0
2020-11-19 00:00:00+07:00,24545.3920876718,25313.848783910264,24409.782954447983,24907.01953125,10494935,0.0,0.0
2020-11-20 00:00:00+07:00,24907.01694561041,25268.642498658835,24861.8132882322,24952.21875,3898237,0.0,0.0
2020-11-23 00:00:00+07:00,24952.218828471054,25404.25169769748,24681.000589326104,25268.642578125,10754852,0.0,0.0
2020-11-24 00:00:00+07:00,25268.646248646048,25539.866380177034,24861.816977844013,25133.037109375,6462100,0.0,0.0
2020-11-25 00:00:00+07:00,25449.45527518305,25449.45527518305,24952.21875,24952.21875,3991319,0.0,0.0
2020-11-26 00:00:00+07:00,25087.83086224873,25313.847306422453,24771.40709921005,25178.236328125,3952056,0.0,0.0
2020-11-27 00:00:00+07:00,25268.64477488816,25404.25390625,25133.035643526327,25404.25390625,15912956,0.0,0.0
2020-11-30 00:00:00+07:00,25630.272812867228,25630.272812867228,25042.62890625,25042.62890625,6076778,0.0,0.0
2020-12-01 00:00:00+07:00,24861.8132882322,25042.626064756416,24771.405973475787,24952.21875,7193386,0.0,0.0
2020-12-02 00:00:00+07:00,24861.816977844013,25178.23892047275,24861.816977844013,25133.037109375,4525445,0.0,0.0
2020-12-03 00:00:00+07:00,25087.83344528836,25178.23892047275,24907.020641930663,25133.037109375,3416813,0.0,0.0
2020-12-04 00:00:00+07:00,25042.627202816253,25268.643646989967,25042.627202816253,25178.236328125,3188060,0.0,0.0
2020-12-07 00:00:00+07:00,25268.643646989967,25313.847306422453,25087.83086224873,25178.236328125,3264418,0.0,0.0
2020-12-08 00:00:00+07:00,25178.23745198775,25585.068552050827,25087.83198207612,25404.25390625,5088137,0.0,0.0
2020-12-09 00:00:00+07:00,25449.46010511655,26127.50953550763,25404.256439159348,25991.900390625,7402259,0.0,0.0
2020-12-10 00:00:00+07:00,25765.8816916795,26082.30547310133,25539.865234375,25539.865234375,7658294,0.0,0.0
2020-12-11 00:00:00+07:00,25585.06806996988,25765.880859375,25449.45708817448,25765.880859375,3928061,0.0,0.0
2020-12-14 00:00:00+07:00,25765.881738219374,26217.914653644864,25720.678076079064,25856.2890625,3141407,0.0,0.0
2020-12-15 00:00:00+07:00,25991.89904039388,26037.102704002828,25585.06977389105,25630.2734375,5597307,0.0,0.0
2020-12-16 00:00:00+07:00,25856.28764403546,25991.89677002812,25765.88032471454,25811.083984375,4188228,0.0,0.0
2020-12-17 00:00:00+07:00,25720.67802962084,25811.085353738163,25313.8487770705,25539.865234375,7535743,0.0,0.0
2020-12-18 00:00:00+07:00,25539.863001809896,25811.083097464376,25539.863001809896,25720.67578125,3303833,0.0,0.0
2020-12-21 00:00:00+07:00,25901.493058710603,26127.50953550763,25811.087579785173,25991.900390625,4956099,0.0,0.0
2020-12-22 00:00:00+07:00,25946.69341910045,26443.929975304567,25811.08429149421,26263.1171875,5407341,0.0,0.0
2020-12-23 00:00:00+07:00,26353.526012304654,26489.13701017625,25856.291245742374,25991.900390625,6173470,0.0,0.0
2020-12-24 00:00:00+07:00,25991.897309378583,26127.506438185235,25494.660748772945,25765.880859375,5008191,0.0,0.0
2020-12-25 00:00:00+07:00,25765.881445725827,26037.1015625,25585.068652205973,26037.1015625,3410789,0.0,0.0
2020-12-28 00:00:00+07:00,26172.7109375,26489.134718840465,25991.89814230065,26172.7109375,5787837,0.0,0.0
2020-12-29 00:00:00+07:00,26172.71098372568,26579.540236889938,26037.10185033386,26489.134765625,4602575,0.0,0.0
2020-12-30 00:00:00+07:00,26624.74276310913,26624.74276310913,26263.1171875,26263.1171875,2527339,0.0,0.0
2020-12-31 00:00:00+07:00,26263.117489422613,26760.354051342987,26217.913828704623,26715.150390625,4483826,0.0,0.0
2021-01-04 00:00:00+07:00,26941.166609761007,27212.38671875,26805.555628772137,27212.38671875,5278959,0.0,0.0
2021-01-05 00:00:00+07:00,27121.979195175107,28704.094323953963,27031.57187519225,28342.46875,6008410,0.0,0.0
2021-01-06 00:00:00+07:00,28523.28118492072,28749.297629099456,28161.655615430216,28206.857421875,17771440,0.0,0.0
2021-01-07 00:00:00+07:00,28297.26616170341,28432.87529382485,27980.842382768315,28252.0625,5346499,0.0,0.0
2021-01-08 00:00:00+07:00,28478.078470325272,28794.50224386921,28297.26567958106,28613.689453125,6144885,0.0,0.0
2021-01-11 00:00:00+07:00,28884.907721661217,29246.53515625,28613.689461955582,29246.53515625,4140525,0.0,0.0
2021-01-12 00:00:00+07:00,29382.14212328064,29834.174993500867,28930.10925306041,29743.76953125,8670590,0.0,0.0
2021-01-13 00:00:00+07:00,29788.97510221344,30467.02445109484,29788.97510221344,30060.193359375,9152526,0.0,0.0
2021-01-14 00:00:00+07:00,30060.193995991714,30286.21045040544,29698.56841012527,30014.9921875,4255329,0.0,0.0
2021-01-15 00:00:00+07:00,30286.211235118066,30286.211235118066,30014.99296518539,30105.3984375,3623379,0.0,0.0
2021-01-18 00:00:00+07:00,30286.20901880397,30286.20901880397,29924.58345003124,29969.787109375,3119245,0.0,0.0
2021-01-19 00:00:00+07:00,29834.17857280861,29879.3822358516,27890.43773885989,28026.046875,9637931,0.0,0.0
2021-01-20 00:00:00+07:00,28342.469340514304,28794.50224386921,27212.387082127043,28613.689453125,8308756,0.0,0.0
2021-01-21 00:00:00+07:00,29156.128655922177,29743.7725588169,28613.690268237224,29653.365234375,4854748,0.0,0.0
2021-01-22 00:00:00+07:00,29698.56759558894,30512.226067966792,29562.958467855544,30241.0078125,4387135,0.0,0.0
2021-01-25 00:00:00+07:00,30195.80351877894,30828.64918990616,29924.58341601336,30286.208984375,6657206,0.0,0.0
2021-01-26 00:00:00+07:00,30512.227101997923,30512.227101997923,29608.16127850069,29834.177734375,5585973,0.0,0.0
2021-01-27 00:00:00+07:00,29698.56972728448,29879.38252823692,28432.87641463967,28478.080078125,4784859,0.0,0.0
2021-01-28 00:00:00+07:00,27121.98047643484,28161.657293397744,26489.134765625,26489.134765625,22162985,0.0,0.0
2021-01-29 00:00:00+07:00,26669.94630123829,28342.46875,26669.94630123829,28342.46875,6951039,0.0,0.0
2021-02-01 00:00:00+07:00,29110.926809606488,29562.959725262528,28161.65731613104,28704.095703125,4494174,0.0,0.0
2021-02-02 00:00:00+07:00,28523.282660901776,29834.177734375,28478.07899912916,29834.177734375,7312453,0.0,0.0
2021-02-03 00:00:00+07:00,30512.226439067672,31913.52880564045,29879.38074696702,31642.310546875,11150542,0.0,0.0
2021-02-04 00:00:00+07:00,31732.71576081608,33088.81437652831,31732.71576081608,32772.390625,15335562,0.0,0.0
2021-02-05 00:00:00+07:00,32998.41254954576,33179.22350479514,32455.972271841856,32953.20703125,5783051,0.0,0.0
2021-02-08 00:00:00+07:00,32953.2023010098,32953.2023010098,31461.49453093344,32229.951171875,13276214,0.0,0.0
2021-02-09 00:00:00+07:00,32275.15413991516,33721.66015625,31642.310305628187,33721.66015625,8907967,0.0,0.0
2021-02-17 00:00:00+07:00,34490.11624475858,35710.605791324946,34309.3053119938,35213.37109375,6735700,0.0,0.0
2021-02-18 00:00:00+07:00,35258.57314874223,35394.18227576515,34625.72561466532,35348.98046875,8774040,0.0,0.0
2021-02-19 00:00:00+07:00,34942.146396253265,35258.57013625654,34354.50442537699,34625.72265625,11116542,0.0,0.0
2021-02-22 00:00:00+07:00,34625.725492810394,35032.5565784249,34399.7090465751,34716.1328125,7911452,0.0,0.0
2021-02-23 00:00:00+07:00,34490.11777505198,34806.54155390155,33721.66108526803,34128.4921875,7155881,0.0,0.0
2021-02-24 00:00:00+07:00,34354.51125352917,34580.527726171094,33857.27649610807,34083.29296875,6931789,0.0,0.0
2021-02-25 00:00:00+07:00,34399.71245144206,34490.11978008013,33676.46123429305,34444.91796875,4255329,0.0,0.0
2021-02-26 00:00:00+07:00,33902.477702899334,34535.32529738807,33857.2758915692,34444.91796875,6332100,0.0,0.0
2021-03-01 00:00:00+07:00,34716.132690197635,35258.57290044684,34716.132690197635,35213.37109375,4361529,0.0,0.0
2021-03-02 00:00:00+07:00,35665.4039846281,35665.4039846281,34761.3382028719,35213.37109375,5007752,0.0,0.0
2021-03-03 00:00:00+07:00,35258.57005261481,35303.7718556607,34987.35182238519,35122.9609375,12411100,0.0,0.0
2021-03-04 00:00:00+07:00,35122.96713396322,35168.16894498371,33947.67928167499,34309.30859375,8681714,0.0,0.0
2021-03-05 00:00:00+07:00,34128.4939377125,34354.51040477049,33676.46100359651,34309.30859375,6312162,0.0,0.0
2021-03-08 00:00:00+07:00,34354.508886523334,34580.52534359286,34083.29062043095,34264.1015625,11089304,0.0,0.0
2021-03-09 00:00:00+07:00,33902.4765625,34218.900349100615,33676.46010149637,33902.4765625,8463228,0.0,0.0
2021-03-10 00:00:00+07:00,34309.306249792986,35032.55741257609,33902.47515449154,34490.1171875,5577368,0.0,0.0
2021-03-11 00:00:00+07:00,34580.526267311696,34851.74454064889,34399.71161443509,34670.93359375,4199292,0.0,0.0
2021-03-12 00:00:00+07:00,34806.54381389245,34851.7456255298,34490.12001449746,34580.52734375,4329418,0.0,0.0
2021-03-15 00:00:00+07:00,34625.72915538736,35032.560284034895,34399.71268524491,34580.52734375,3780789,0.0,0.0
2021-03-16 00:00:00+07:00,34806.54029657802,36840.68832230275,34625.72565634484,36614.671875,10852932,0.0,0.0
2021-03-17 00:00:00+07:00,36840.68940169017,36840.68940169017,36162.6400399159,36524.265625,7486444,0.0,0.0
2021-03-18 00:00:00+07:00,36614.671875,36614.671875,36162.638980394506,36614.671875,4570151,0.0,0.0
2021-03-19 00:00:00+07:00,36162.64170192046,36388.65816623274,35891.42342713682,36072.234375,6135861,0.0,0.0
2021-03-22 00:00:00+07:00,35936.617713489875,35981.81951449725,35394.177571516586,35574.9921875,6453411,0.0,0.0
2021-03-23 00:00:00+07:00,35484.59008983894,36162.63944037176,35394.1827685724,35620.19921875,4896935,0.0,0.0
2021-03-24 00:00:00+07:00,35213.37013561159,35665.4030141901,34580.522623210745,34806.5390625,5852521,0.0,0.0
2021-03-25 00:00:00+07:00,35032.55370853665,35032.55370853665,34580.52085309688,34625.72265625,4943528,0.0,0.0
2021-03-26 00:00:00+07:00,34444.91254143513,34716.13077863704,33676.455928060095,34399.70703125,5609270,0.0,0.0
2021-03-29 00:00:00+07:00,34580.51927041455,35303.770323625555,34399.70465412332,35077.75390625,4270364,0.0,0.0
2021-03-30 00:00:00+07:00,35213.371468836434,35258.57327601475,34806.54038032168,34851.7421875,3594206,0.0,0.0
2021-03-31 00:00:00+07:00,34851.73900129325,35303.7718556607,34625.72257410953,35122.9609375,2980305,0.0,0.0
2021-04-01 00:00:00+07:00,35213.37274935953,36027.03125,35213.37274935953,36027.03125,6613131,0.0,0.0
2021-04-02 00:00:00+07:00,36343.45635576138,36388.65816623274,36072.234375,36072.234375,4179142,0.0,0.0
2021-04-05 00:00:00+07:00,36343.45349799614,36388.65530491318,35665.4041583758,35981.82421875,5787458,0.0,0.0
2021-04-06 00:00:00+07:00,35755.80514600451,36162.63620228662,35755.80514600451,35891.41796875,3426930,0.0,0.0
2021-04-07 00:00:00+07:00,35801.013285104375,36027.02973164449,35755.80777220989,35981.82421875,4314307,0.0,0.0
2021-04-08 00:00:00+07:00,36253.0461781846,36433.85711183023,35936.62241183296,35981.82421875,4470038,0.0,0.0
2021-04-09 00:00:00+07:00,36117.43705030958,37518.73753642282,36117.43705030958,37111.91015625,10462121,0.0,0.0
2021-04-12 00:00:00+07:00,37247.519282974274,37247.519282974274,36840.688196824005,37111.91015625,4448420,0.0,0.0
2021-04-13 00:00:00+07:00,37066.70848697548,37157.1158161589,36388.65907706658,36479.06640625,7218427,0.0,0.0
2021-04-14 00:00:00+07:00,36162.638980394506,36614.671875,35936.62253309176,36614.671875,5311241,0.0,0.0
2021-04-15 00:00:00+07:00,36614.67354016306,36795.48818861933,36072.23330077186,36162.640625,6464745,0.0,0.0
2021-04-16 00:00:00+07:00,36072.23305882207,36705.08061819666,35620.20014669096,36027.03125,5447662,0.0,0.0
2021-04-19 00:00:00+07:00,36162.642007582006,36840.69140625,35936.62554135934,36840.69140625,7452233,0.0,0.0
2021-04-20 00:00:00+07:00,36976.29290347989,38377.59692806165,36885.88559447833,37473.53125,10636249,0.0,0.0
2021-04-22 00:00:00+07:00,37066.70645532612,37925.57047652698,36162.640625,36162.640625,5087927,0.0,0.0
2021-04-23 00:00:00+07:00,36162.6395751309,37518.73828125,36027.030445714496,37518.73828125,6729613,0.0,0.0
2021-04-26 00:00:00+07:00,37292.72121690824,37428.3303440944,36388.65542769725,36614.671875,6540511,0.0,0.0
2021-04-27 00:00:00+07:00,36343.45726546379,36795.49020540305,36207.844418699744,36479.06640625,3803247,0.0,0.0
2021-04-28 00:00:00+07:00,36207.84184830983,36750.28207892476,36207.84184830983,36524.265625,3626000,0.0,0.0
2021-04-29 00:00:00+07:00,36524.26323858214,36976.29611689678,36524.26323858214,36569.46875,4678030,0.0,0.0
2021-05-04 00:00:00+07:00,36162.63453441981,37744.749471027695,36162.63453441981,37473.53125,7189881,0.0,0.0
2021-05-05 00:00:00+07:00,38196.78231005852,38196.78231005852,37383.123940998434,37473.53125,4926318,0.0,0.0
2021-05-06 00:00:00+07:00,37518.74195519565,37744.7584283477,37157.11633934795,37383.1328125,4132551,0.0,0.0
2021-05-07 00:00:00+07:00,37383.12915183359,37970.7711832897,37202.3145086267,37518.73828125,5773606,0.0,0.0
2021-05-10 00:00:00+07:00,37563.94381609088,38874.83700915411,37518.73830227507,38784.4296875,9615264,0.0,0.0
2021-05-11 00:00:00+07:00,38874.83257060013,39146.05450459554,38513.20703125,38513.20703125,4793674,0.0,0.0
2021-05-12 00:00:00+07:00,38422.80255151114,38603.6171875,38106.37879151932,38603.6171875,3913224,0.0,0.0
2021-05-13 00:00:00+07:00,38422.80241362256,38603.61704896253,37970.76953125,37970.76953125,5853991,0.0,0.0
2021-05-14 00:00:00+07:00,38106.3819766112,38965.246010379706,38015.97835703783,38332.3984375,4005990,0.0,0.0
2021-05-17 00:00:00+07:00,38784.4283688014,39146.05764312217,38513.21011903822,38739.2265625,9422383,0.0,0.0
2021-05-18 00:00:00+07:00,39055.65670592193,39507.68966670404,38965.24937256991,39326.875,4788008,0.0,0.0
2021-05-19 00:00:00+07:00,39552.886122939446,41180.20678492073,39236.46235205607,41044.59765625,6137119,0.0,0.0
2021-05-20 00:00:00+07:00,41044.60053178421,43169.15234375,40863.78587690392,43169.15234375,8658903,0.0,0.0
2021-05-21 00:00:00+07:00,42626.71568379271,43666.39068179362,42039.06990989947,42400.69921875,14497301,0.0,0.0
2021-05-24 00:00:00+07:00,42400.694861120544,42445.89666709248,41632.23821775607,42265.08203125,7723860,0.0,0.0
2021-05-25 00:00:00+07:00,42265.08637494218,43033.54309728293,41948.66628866458,42400.69921875,4685165,0.0,0.0
2021-05-26 00:00:00+07:00,42581.51153732001,43169.15362414375,42355.49506500489,43078.75,4402876,0.0,0.0
2021-05-27 00:00:00+07:00,43078.74861387813,43123.950424495575,42265.08637494218,42400.69921875,6243789,0.0,0.0
2021-05-28 00:00:00+07:00,42491.10117407752,42943.134086440514,42355.49204156413,42852.73046875,3933793,0.0,0.0
2021-05-31 00:00:00+07:00,43169.14696168011,44299.232854823,42807.52140298259,44254.02734375,9280515,0.0,0.0
2021-06-01 00:00:00+07:00,45693.74883176552,46005.65127590216,45225.89516556056,45277.87890625,6378547,0.0,0.0
2021-06-02 00:00:00+07:00,45277.88448475637,45485.81947313297,44186.22579577926,44446.14453125,9563268,0.0,0.0
2021-06-03 00:00:00+07:00,44186.22391648358,44394.15889601643,43822.33770230108,44290.19140625,8205003,0.0,0.0
2021-06-04 00:00:00+07:00,44186.22467482614,44238.20842060152,43562.41972552156,44030.2734375,10851015,0.0,0.0
2021-06-07 00:00:00+07:00,43978.292802086646,44030.276551538576,42106.87411583949,42990.6015625,7792597,0.0,0.0
2021-06-08 00:00:00+07:00,42626.714943951294,43146.5524339293,41898.9387520044,42002.90625,8917192,0.0,0.0
2021-06-09 00:00:00+07:00,41898.93680043103,42678.69670505598,41067.19685520709,42470.76171875,6574010,0.0,0.0
2021-06-10 00:00:00+07:00,42470.76297252779,42886.63295741664,42106.87302977242,42574.73046875,4705991,0.0,0.0
2021-06-11 00:00:00+07:00,42366.79382822161,43614.40373435568,42262.82633604377,43406.46875,4452390,0.0,0.0
2021-06-14 00:00:00+07:00,43406.47062997883,43978.29186172311,43146.55188827689,43562.421875,8488261,0.0,0.0
2021-06-15 00:00:00+07:00,43562.42202234733,43926.30826196087,43250.51953125,43250.51953125,3246214,0.0,0.0
2021-06-16 00:00:00+07:00,43250.52281496299,43978.295349444816,42990.60405264805,43198.5390625,5063417,0.0,0.0
2021-06-17 00:00:00+07:00,42678.69456142252,43198.53200107748,42678.69456142252,42938.61328125,4282296,0.0,0.0
2021-06-18 00:00:00+07:00,43198.53563661728,43770.35686836155,42990.60064325572,43562.421875,3154597,0.0,0.0
2021-06-21 00:00:00+07:00,43458.45394969635,44862.01514104378,43250.51895838562,44498.12890625,7283590,0.0,0.0
2021-06-22 00:00:00+07:00,44758.050319030684,45017.969073695465,44394.1640625,44394.1640625,5995835,0.0,0.0
2021-06-23 00:00:00+07:00,44342.17325187662,44498.12447984659,43718.36833999676,44134.23828125,5676450,0.0,0.0
2021-06-24 00:00:00+07:00,43822.33845439847,44134.24092905076,43614.403471296944,44030.2734375,4029342,0.0,0.0
2021-06-25 00:00:00+07:00,44030.27268183393,44394.15889601643,43770.35395741786,44290.19140625,2944534,0.0,0.0
2021-06-28 00:00:00+07:00,44758.04827548802,44758.04827548802,44394.16203557149,44550.11328125,3392401,0.0,0.0
2021-06-29 00:00:00+07:00,45017.969502683554,46265.58324294115,44862.01824839859,46057.64453125,10168993,0.0,0.0
2021-06-30 00:00:00+07:00,46265.579458994565,46317.56320617127,45745.73828125,45745.73828125,3968443,0.0,0.0
2021-07-01 00:00:00+07:00,45797.72008426313,46213.59375,45745.7363392932,46213.59375,3102765,0.0,0.0
2021-07-02 00:00:00+07:00,46421.53191310123,48085.01186620741,46213.59691896296,47773.109375,7133205,0.0,0.0
2021-07-05 00:00:00+07:00,49384.60270930445,49384.60270930445,47305.25288877497,48188.9765625,11566848,0.0,0.0
2021-07-06 00:00:00+07:00,48085.00808824311,48344.92681049454,45225.8984375,45225.8984375,6398623,0.0,0.0
2021-07-07 00:00:00+07:00,45225.90482504224,47305.25860271141,44186.22978919659,47045.33984375,10987711,0.0,0.0
2021-07-08 00:00:00+07:00,46993.351700355925,47045.33544729024,46265.57924327544,46681.44921875,4703189,0.0,0.0
2021-07-09 00:00:00+07:00,46577.48109751587,47825.09100713513,46161.61112764278,46629.46484375,7344546,0.0,0.0
2021-07-12 00:00:00+07:00,46161.61174816647,46629.46547056278,43458.45320167692,44758.046875,13458281,0.0,0.0
2021-07-13 00:00:00+07:00,45173.91469304972,45381.84967085086,44186.22354849427,45225.8984375,4808092,0.0,0.0
2021-07-14 00:00:00+07:00,45537.80128344715,45537.80128344715,44030.27268183393,44290.19140625,4758269,0.0,0.0
2021-07-15 00:00:00+07:00,44030.27780596931,45017.969073695465,44030.27780596931,44394.1640625,4990780,0.0,0.0
2021-07-16 00:00:00+07:00,44654.079866270775,45745.73856372231,44446.14487628001,45121.93359375,4354019,0.0,0.0
2021-07-19 00:00:00+07:00,44290.1921663769,44913.99711568148,43926.30594594924,44030.2734375,6411946,0.0,0.0
2021-07-20 00:00:00+07:00,44082.258643796165,45121.93359375,43614.40491631693,45121.93359375,7042273,0.0,0.0
2021-07-21 00:00:00+07:00,45121.93233584699,45693.75354238045,44758.04611350752,45017.96484375,7921966,0.0,0.0
2021-07-22 00:00:00+07:00,44810.02443436993,46577.47529200956,44810.02443436993,46473.5078125,8161568,0.0,0.0
2021-07-23 00:00:00+07:00,46473.5185740349,48292.94988676477,46109.62860551103,47045.33984375,13403714,0.0,0.0
2021-07-26 00:00:00+07:00,46941.36520761873,48812.77998778714,46889.38146372516,48708.8125,11453647,0.0,0.0
2021-07-27 00:00:00+07:00,49072.69946763869,49332.61819113397,48085.0083183566,48448.89453125,12379495,0.0,0.0
2021-07-28 00:00:00+07:00,48240.95980350671,48708.813508233005,47669.13860884123,47825.08984375,6144393,0.0,0.0
2021-07-29 00:00:00+07:00,47825.09083656768,48812.78201149368,47669.13959842147,48552.86328125,7050532,0.0,0.0
2021-07-30 00:00:00+07:00,48604.85078093343,49280.639531756526,48240.964530490215,48864.76953125,13816356,0.0,0.0
2021-08-02 00:00:00+07:00,48864.76399939608,50216.34505401105,48864.76399939608,49696.50390625,8373144,0.0,0.0
2021-08-03 00:00:00+07:00,49800.4765625,49904.444061645656,49228.655317198914,49800.4765625,6447717,0.0,0.0
2021-08-04 00:00:00+07:00,49852.45513878511,50008.40637132023,49332.61769700141,49696.50390625,5688131,0.0,0.0
2021-08-05 00:00:00+07:00,49488.57149406171,50424.28264373879,49332.62025344512,50216.34765625,5559282,0.0,0.0
2021-08-06 00:00:00+07:00,50320.31514999439,50528.25013748319,49800.473975294895,50216.34765625,7012022,0.0,0.0
2021-08-09 00:00:00+07:00,50424.2804954626,50788.16670806496,49852.45559825293,50684.19921875,6460858,0.0,0.0
2021-08-10 00:00:00+07:00,51100.06715048465,51152.05089308157,50736.18095230615,50840.1484375,5439925,0.0,0.0
2021-08-11 00:00:00+07:00,50788.16944659522,50840.153194055696,49956.42578125,49956.42578125,10577257,0.0,0.0
2021-08-12 00:00:00+07:00,49800.47974540542,49904.44725119597,48552.86967591891,48760.8046875,16287110,0.0,0.0
2021-08-13 00:00:00+07:00,48396.91424880963,49384.60546875,48344.93050039172,49384.60546875,7543294,0.0,0.0
2021-08-16 00:00:00+07:00,49384.59902905718,49488.566512335776,49072.6965792214,49176.6640625,3684043,0.0,0.0
2021-08-17 00:00:00+07:00,48916.75594618581,49176.67471066217,48604.85342881418,48760.8046875,5938894,0.0,0.0
2021-08-18 00:00:00+07:00,48760.80203112337,49332.62328181985,48760.80203112337,48864.76953125,3677473,0.0,0.0
2021-08-19 00:00:00+07:00,49384.60624618131,49384.60624618131,48760.80125534617,49124.6875,5735401,0.0,0.0
2021-08-20 00:00:00+07:00,49124.68462275657,49228.652115139696,47357.23725224344,48240.9609375,9856910,0.0,0.0
2021-08-23 00:00:00+07:00,48085.0101057201,48085.0101057201,47305.25390625,47305.25390625,8452169,0.0,0.0
2021-08-24 00:00:00+07:00,47565.174380861725,47825.09312353457,46733.43440430864,47773.109375,9508444,0.0,0.0
2021-08-25 00:00:00+07:00,48033.02811767284,48033.02811767284,47305.255638188886,47773.109375,3622175,0.0,0.0
2021-08-26 00:00:00+07:00,47825.09390253786,48292.94764696965,47409.22390748738,47513.19140625,3645352,0.0,0.0
2021-08-27 00:00:00+07:00,47305.25239405412,47825.08984375,47097.31741417576,47825.08984375,4281200,0.0,0.0
2021-08-30 00:00:00+07:00,48344.92856443998,48344.92856443998,47877.07484741375,47929.05859375,3031163,0.0,0.0
2021-08-31 00:00:00+07:00,47981.04749807547,48448.90126539624,47825.09624230188,48033.03125,4339054,0.0,0.0
2021-09-01 00:00:00+07:00,47877.07999422641,48344.93376154717,47877.07999422641,48033.03125,2907484,0.0,0.0
2021-09-06 00:00:00+07:00,48033.02739980851,49332.62109375,47981.04365205085,49332.62109375,5794349,0.0,0.0
2021-09-07 00:00:00+07:00,49540.5550972354,49540.5550972354,48604.84765625,48604.84765625,4691471,0.0,0.0
2021-09-08 00:00:00+07:00,48604.84905537118,48968.73529289576,48240.96281784661,48396.9140625,2963515,0.0,0.0
2021-09-09 00:00:00+07:00,48396.91078655094,48812.780744143405,48240.95955245377,48448.89453125,2726075,0.0,0.0
2021-09-10 00:00:00+07:00,48552.86390952859,49072.70137674271,48552.86390952859,48604.84765625,2701253,0.0,0.0
2021-09-13 00:00:00+07:00,48656.82824131144,48864.76321468573,48292.942037906425,48344.92578125,3285088,0.0,0.0
2021-09-14 00:00:00+07:00,48500.88592302364,49228.65846355744,48344.93466433783,48760.8046875,5006657,0.0,0.0
2021-09-15 00:00:00+07:00,48760.7987602712,49072.70123972881,48500.880027389845,48916.75,3900312,0.0,0.0
2021-09-16 00:00:00+07:00,49072.70499832651,49384.6075016735,48968.737497210845,49228.65625,4432497,0.0,0.0
2021-09-17 00:00:00+07:00,49644.524689661404,50424.28462942856,49592.54094074211,49748.4921875,8338651,0.0,0.0
2021-09-20 00:00:00+07:00,49904.43912971647,50008.40661858727,48916.74798544378,49072.69921875,5045166,0.0,0.0
2021-09-21 00:00:00+07:00,48552.86390952859,48864.76638985705,48085.010189035886,48604.84765625,5323669,0.0,0.0
2021-09-22 00:00:00+07:00,48448.89453125,48552.862020648114,48188.97580775472,48448.89453125,4658073,0.0,0.0
2021-09-23 00:00:00+07:00,48448.8978107178,48760.80030002457,48344.9303142822,48396.9140625,3831691,0.0,0.0
2021-09-24 00:00:00+07:00,48448.89529006619,48448.89529006619,48188.9765625,48188.9765625,2717497,0.0,0.0
2021-09-27 00:00:00+07:00,48292.94418397928,48604.84665790124,47877.07421875,47877.07421875,4001785,0.0,0.0
2021-09-28 00:00:00+07:00,47669.13711778355,48344.92578125,47565.16963109641,48344.92578125,4914857,0.0,0.0
2021-09-29 00:00:00+07:00,48344.927041851886,48552.862020648114,47981.04082895848,48448.89453125,3025383,0.0,0.0
2021-09-30 00:00:00+07:00,48604.84449796786,48812.77947134215,48344.92578125,48344.92578125,1855890,0.0,0.0
2021-10-01 00:00:00+07:00,48292.953125,48396.920635556,48085.018103888,48292.953125,7050872,0.0,0.0
2021-10-04 00:00:00+07:00,48344.92419627126,49488.566512335776,48033.02174643549,49176.6640625,5900567,0.0,0.0
2021-10-05 00:00:00+07:00,49384.60168536242,49904.43912971647,49072.69921875,49072.69921875,3388679,0.0,0.0
2021-10-06 00:00:00+07:00,49124.682963185405,49228.65045205621,48708.81300770217,49072.69921875,4057813,0.0,0.0
2021-10-07 00:00:00+07:00,49332.62123745452,49384.60498536361,48916.75125418183,49020.71875,2914603,0.0,0.0
2021-10-08 00:00:00+07:00,49384.6028687122,51723.87513033621,49072.700394626,51411.97265625,15813874,0.0,0.0
2021-10-11 00:00:00+07:00,51463.95828608157,51619.90952883422,51100.07205299207,51567.92578125,4633253,0.0,0.0
2021-10-12 00:00:00+07:00,51567.92843802483,51567.92843802483,51204.04218618794,51463.9609375,9009242,0.0,0.0
2021-10-13 00:00:00+07:00,51463.955645332826,52763.54926825269,51204.03692074885,51671.890625,6862368,0.0,0.0
2021-10-14 00:00:00+07:00,51671.89468148658,51983.79717547316,51152.05719150895,51359.9921875,4539627,0.0,0.0
2021-10-15 00:00:00+07:00,51671.89138465517,52035.77760442241,51152.05392784483,51411.97265625,3107145,0.0,0.0
2021-10-18 00:00:00+07:00,51463.9609375,51983.79844012413,51256.02593645034,51463.9609375,4570106,0.0,0.0
2021-10-19 00:00:00+07:00,51463.958428411934,51723.87716705185,51256.0234375,51256.0234375,3708316,0.0,0.0
2021-10-20 00:00:00+07:00,51308.00874236188,51723.87873680687,50216.35000694375,50736.1875,4100702,0.0,0.0
2021-10-21 00:00:00+07:00,51152.05176419754,51204.03550767974,50268.328125,50268.328125,4408588,0.0,0.0
2021-10-22 00:00:00+07:00,50424.283847130064,50632.218839581285,49956.4264081372,50008.41015625,5113605,0.0,0.0
2021-10-25 00:00:00+07:00,50008.40981459957,50008.40981459957,49332.62109375,49332.62109375,6559089,0.0,0.0
2021-10-26 00:00:00+07:00,49384.60201809528,50372.296875,49020.71580459574,50372.296875,3718902,0.0,0.0
2021-10-27 00:00:00+07:00,50320.31350507932,51048.0859375,50164.3622695606,51048.0859375,12702346,0.0,0.0
2021-10-28 00:00:00+07:00,51048.08858949702,51152.05608524405,50528.25111076191,50944.12109375,3074111,0.0,0.0
2021-10-29 00:00:00+07:00,50944.11806764214,50944.11806764214,50372.296875,50372.296875,4944241,0.0,0.0
2021-11-01 00:00:00+07:00,50632.22026164294,50632.22026164294,49696.50906335435,49800.4765625,5988899,0.0,0.0
2021-11-02 00:00:00+07:00,49644.52329648713,50424.28321437188,49644.52329648713,49956.42578125,3936631,0.0,0.0
2021-11-03 00:00:00+07:00,50008.40952871048,50268.33197199044,49488.5720541057,49956.42578125,5074732,0.0,0.0
2021-11-04 00:00:00+07:00,49956.42124273778,50320.31114787951,49748.48627178664,49904.4375,3724925,0.0,0.0
2021-11-05 00:00:00+07:00,50008.411303743545,50840.15499861125,49904.44380513229,50736.1875,4029525,0.0,0.0
2021-11-08 00:00:00+07:00,50736.190160312704,51204.04392859488,50580.23890421865,50632.22265625,3266472,0.0,0.0
2021-11-09 00:00:00+07:00,50684.20385577512,50736.18760518851,49904.4439085964,50112.37890625,3881513,0.0,0.0
2021-11-10 00:00:00+07:00,50112.375071410446,50424.28125,49852.45634423367,50424.28125,3517964,0.0,0.0
2021-11-11 00:00:00+07:00,50424.27863335508,50944.11606073293,49800.47001452443,49904.4375,4861018,0.0,0.0
2021-11-12 00:00:00+07:00,50008.40992604919,51048.08858949702,49852.45868242865,50944.12109375,4327556,0.0,0.0
2021-11-15 00:00:00+07:00,51204.03934351747,51204.03934351747,50580.234375,50580.234375,3640244,0.0,0.0
2021-11-16 00:00:00+07:00,50580.23672087574,51723.87921619911,50320.31797193862,51100.07421875,7492923,0.0,0.0
2021-11-17 00:00:00+07:00,51100.07421875,51152.05796853743,50944.12296938772,51100.07421875,4008903,0.0,0.0
2021-11-18 00:00:00+07:00,51100.07071323318,51308.00569811833,50164.36328125,50164.36328125,5186790,0.0,0.0
2021-11-19 00:00:00+07:00,50684.200811889816,50840.15205076422,49436.58719491706,49540.5546875,5885419,0.0,0.0
2021-11-22 00:00:00+07:00,49644.52421083957,49904.44295292914,49384.60546875,49384.60546875,3413024,0.0,0.0
2021-11-23 00:00:00+07:00,49384.60400031732,50216.34765625,49332.62025344512,50216.34765625,4769173,0.0,0.0
2021-11-24 00:00:00+07:00,50268.32789358524,51152.05152871448,50112.372957879285,50892.1328125,5304536,0.0,0.0
2021-11-25 00:00:00+07:00,51204.04449219696,52919.50832811366,51100.07698698988,51983.80078125,11258731,0.0,0.0
2021-11-26 00:00:00+07:00,52035.77760442241,52399.66382418965,51359.988910568965,51411.97265625,3643163,0.0,0.0
2021-11-29 00:00:00+07:00,50684.20686003188,51411.97939495748,50684.20686003188,50996.109375,5233328,0.0,0.0
2021-11-30 00:00:00+07:00,50996.10703231632,51204.04203274284,50424.28578114337,50476.26953125,4714285,0.0,0.0
2021-12-01 00:00:00+07:00,50684.19972128966,51256.02091819162,50268.32975990641,51048.0859375,2290254,0.0,0.0
2021-12-02 00:00:00+07:00,50736.18498692301,51100.07121403829,50528.25,50528.25,2122339,0.0,0.0
2021-12-03 00:00:00+07:00,50840.1533384647,50840.1533384647,49644.5234375,49644.5234375,3667800,0.0,0.0
2021-12-06 00:00:00+07:00,49644.52499236263,50164.36619070295,48968.736252291215,49124.6875,5872644,0.0,0.0
2021-12-07 00:00:00+07:00,49384.60007262216,49904.4375,49124.68135893323,49904.4375,2647964,0.0,0.0
2021-12-08 00:00:00+07:00,50164.36130983268,50164.36130983268,49384.60144117978,49696.50390625,2099354,0.0,0.0
2021-12-09 00:00:00+07:00,49436.58638075084,50424.28125,49436.58638075084,50424.28125,2133299,0.0,0.0
2021-12-10 00:00:00+07:00,50112.37905993696,50424.28526335164,49592.541564208695,49800.4765625,2965522,0.0,0.0
2021-12-13 00:00:00+07:00,50164.35991966616,50164.35991966616,49696.50252904886,49904.4375,1959742,0.0,0.0
2021-12-14 00:00:00+07:00,49904.4434342579,50112.37842993509,49592.54094074211,49748.4921875,3970395,0.0,0.0
2021-12-15 00:00:00+07:00,49748.48953894652,50060.39201585697,49696.50579279478,49852.45703125,5342832,0.0,0.0
2021-12-16 00:00:00+07:00,50684.20209564029,50684.20209564029,49644.5234375,49644.5234375,3217561,0.0,0.0
2021-12-17 00:00:00+07:00,49696.5089109428,50424.285108708114,49644.52516152941,50112.37890625,2531889,0.0,0.0
2021-12-20 00:00:00+07:00,50164.36651548751,50164.36651548751,49644.52531378152,49800.4765625,3343489,0.0,0.0
2021-12-21 00:00:00+07:00,49748.49296742131,49852.46046688983,49436.59046901574,49488.57421875,3123967,0.0,0.0
2021-12-22 00:00:00+07:00,49384.60546875,49592.54046242165,49176.67047507834,49384.60546875,4023321,0.0,0.0
2021-12-23 00:00:00+07:00,49384.60193583303,49384.60193583303,48344.927041851886,48448.89453125,6656791,0.0,0.0
2021-12-24 00:00:00+07:00,48604.85342881418,49124.6909577669,48240.96715854729,48760.8046875,2227106,0.0,0.0
2021-12-27 00:00:00+07:00,48968.736252291215,49384.60624618131,48500.88250916486,49124.6875,1940938,0.0,0.0
2021-12-28 00:00:00+07:00,49124.6875,49332.62249694505,48916.75250305495,49124.6875,2189327,0.0,0.0
2021-12-29 00:00:00+07:00,49280.63699996178,49280.63699996178,48656.83203125,48656.83203125,1664810,0.0,0.0
2021-12-30 00:00:00+07:00,48708.81577864265,49020.71826299854,48604.84828385736,48656.83203125,2238787,0.0,0.0
2021-12-31 00:00:00+07:00,48760.79572799858,49072.698188060014,48344.92578125,48344.92578125,3158795,0.0,0.0
2022-01-04 00:00:00+07:00,48552.86390952859,48968.73388329988,48500.88016280717,48604.84765625,3922395,0.0,0.0
2022-01-05 00:00:00+07:00,48708.81577864265,48968.734515605895,48604.84828385736,48656.83203125,3266472,0.0,0.0
2022-01-06 00:00:00+07:00,48656.83140297141,48864.76638985705,48604.84765625,48604.84765625,4206190,0.0,0.0
2022-01-07 00:00:00+07:00,48396.91204310379,48708.81451939621,48396.91204310379,48552.86328125,2478052,0.0,0.0
2022-01-10 00:00:00+07:00,48448.89478338506,48604.84601829382,47773.106098780416,47825.08984375,5236796,0.0,0.0
2022-01-11 00:00:00+07:00,47825.09372983988,47929.06122822707,46317.56500322562,46525.5,5012132,0.0,0.0
2022-01-12 00:00:00+07:00,46317.56174108805,47097.31792407389,46005.65556191628,46577.48046875,4089388,0.0,0.0
2022-01-13 00:00:00+07:00,47253.26927090609,48188.97669267196,46681.44806871583,47877.07421875,3554831,0.0,0.0
2022-01-14 00:00:00+07:00,47669.14202603431,47877.077020818615,47253.27203646569,47461.20703125,1654588,0.0,0.0
2022-01-17 00:00:00+07:00,47045.33828225309,47461.20828278807,46265.58203125,46265.58203125,3600091,0.0,0.0
2022-01-18 00:00:00+07:00,45901.69406714641,46577.48655332599,45745.7428101768,45797.7265625,2376030,0.0,0.0
2022-01-19 00:00:00+07:00,45797.7200102282,46369.54490995048,45745.736265342304,45901.6875,1450730,0.0,0.0
2022-01-20 00:00:00+07:00,45953.67458063487,47305.25575175608,45901.6908319755,46161.61328125,2474037,0.0,0.0
2022-01-21 00:00:00+07:00,46265.576784349214,46681.44673772109,45849.703125,45849.703125,1692732,0.0,0.0
2022-01-24 00:00:00+07:00,45849.70844333891,46005.65969394294,44186.22843689597,44342.1796875,6992129,0.0,0.0
2022-01-25 00:00:00+07:00,44290.19562711539,45485.82187337277,43666.39062906807,44965.984375,5187884,0.0,0.0
2022-01-26 00:00:00+07:00,45225.89996202614,45225.89996202614,44446.14376898693,44706.0625,2828826,0.0,0.0
2022-01-27 00:00:00+07:00,44706.06187047061,45069.94808876482,44394.15939764699,44654.078125,1413498,0.0,0.0
2022-01-28 00:00:00+07:00,44706.06507224647,46525.5,44654.08132305288,46525.5,3623088,0.0,0.0
2022-02-07 00:00:00+07:00,46785.41874596797,46837.40249516157,46265.581254032026,46525.5,1768836,0.0,0.0
2022-02-08 00:00:00+07:00,46525.49908264519,47721.12529052342,46525.49908264519,47097.3203125,1542347,0.0,0.0
2022-02-09 00:00:00+07:00,47669.138226779454,47669.138226779454,47097.31703669705,47149.30078125,2450493,0.0,0.0
2022-02-10 00:00:00+07:00,47513.18737393247,47825.08984375,46889.38243429741,47825.08984375,2043871,0.0,0.0
2022-02-11 00:00:00+07:00,47721.12765774458,48033.03016222831,47513.19265475543,47617.16015625,2015217,0.0,0.0
2022-02-14 00:00:00+07:00,47305.25390625,47617.15638603804,46993.35142646196,47305.25390625,1412769,0.0,0.0
2022-02-15 00:00:00+07:00,47305.254533928906,47669.14076517658,47045.33579732342,47357.23828125,1196136,0.0,0.0
2022-02-16 00:00:00+07:00,47669.14202603431,48085.01201560292,47461.20703125,47461.20703125,1487780,0.0,0.0
2022-02-17 00:00:00+07:00,47773.107221775936,48240.9609375,47305.25350605187,48240.9609375,1663349,0.0,0.0
2022-02-18 00:00:00+07:00,47981.04234008624,48085.00983275874,47669.13986206876,47929.05859375,1129340,0.0,0.0
2022-02-21 00:00:00+07:00,47929.05894887165,48864.76638985705,47825.091455428825,48604.84765625,2529517,0.0,0.0
2022-02-22 00:00:00+07:00,48344.936880278,48500.888146112,47825.099327498,48292.953125,2454143,0.0,0.0
2022-02-23 00:00:00+07:00,48136.99080787571,48812.77947134215,48136.99080787571,48344.92578125,1775406,0.0,0.0
2022-02-24 00:00:00+07:00,48344.927293445886,48604.84601829382,46785.41494435824,47825.08984375,2459436,0.0,0.0
2022-02-25 00:00:00+07:00,48033.02280528524,48552.8602331376,47877.07157692953,47981.0390625,1934368,0.0,0.0
2022-02-28 00:00:00+07:00,47981.04531688621,48604.85031162276,47981.04531688621,48500.8828125,2849631,0.0,0.0
2022-03-01 00:00:00+07:00,48864.76575754242,48864.76575754242,48085.00956681136,48552.86328125,2011020,0.0,0.0
2022-03-02 00:00:00+07:00,48344.9303142822,48552.86530715339,48188.97906962881,48396.9140625,2460896,0.0,0.0
2022-03-03 00:00:00+07:00,48448.89578915253,48864.76575754242,48448.89578915253,48552.86328125,2612501,0.0,0.0
2022-03-04 00:00:00+07:00,48500.88016280717,48760.79889641424,48344.92892264294,48604.84765625,2452501,0.0,0.0
2022-03-07 00:00:00+07:00,48396.9184172331,48812.78844039527,47929.06464117566,48760.8046875,3504641,0.0,0.0
2022-03-08 00:00:00+07:00,48760.79924778988,49592.53920132607,48136.99428263773,49280.63671875,5342832,0.0,0.0
2022-03-09 00:00:00+07:00,49176.669709026784,50164.36461955894,49176.669709026784,49644.5234375,6629857,0.0,0.0
2022-03-10 00:00:00+07:00,50060.38767036803,50060.38767036803,49176.6640625,49176.6640625,2864414,0.0,0.0
2022-03-11 00:00:00+07:00,49124.68321233775,49176.6669570368,48188.97580775472,48448.89453125,2808020,0.0,0.0
2022-03-14 00:00:00+07:00,48344.92601691369,48344.92601691369,47045.332426989335,47721.12109375,4281930,0.0,0.0
2022-03-15 00:00:00+07:00,47721.12387930072,47721.12387930072,46681.44894667391,47305.25390625,7028265,0.0,0.0
2022-03-16 00:00:00+07:00,47357.24140251356,47981.046411481024,47045.33889802983,47617.16015625,5777923,0.0,0.0
2022-03-17 00:00:00+07:00,47721.12235381082,48188.97605853712,47565.17111890206,47825.08984375,5023082,0.0,0.0
2022-03-18 00:00:00+07:00,48344.92729314543,50216.34581801637,48344.92729314543,49436.5859375,5137697,0.0,0.0
2022-03-21 00:00:00+07:00,49488.57094120853,49904.44091154029,49384.6034486256,49540.5546875,3659588,0.0,0.0
2022-03-22 00:00:00+07:00,49904.4439085964,50424.285108708114,49592.541412116,50112.37890625,3794643,0.0,0.0
2022-03-23 00:00:00+07:00,50164.36328125,50684.20074346288,49904.44084416607,50164.36328125,3715434,0.0,0.0
2022-03-24 00:00:00+07:00,49904.4375,50528.24611883065,49540.55130083551,49904.4375,3400249,0.0,0.0
2022-03-25 00:00:00+07:00,49956.42718317719,50164.36588483206,49696.50843858071,49748.4921875,2539554,0.0,0.0
2022-03-28 00:00:00+07:00,49644.52810416023,51308.01188996811,49488.57684667617,50996.109375,7886631,0.0,0.0
2022-03-29 00:00:00+07:00,51256.02772566892,54531.0078125,51256.02772566892,54531.0078125,15454521,0.0,0.0
2022-03-30 00:00:00+07:00,54998.85672377818,55778.61293606682,54323.06800646136,55102.82421875,5716054,0.0,0.0
2022-03-31 00:00:00+07:00,54842.90781700264,57494.07905169367,54375.05406970422,55622.6640625,7031551,0.0,0.0
2022-04-01 00:00:00+07:00,55570.67806718458,57702.01171875,55154.80808639133,57702.01171875,8439029,0.0,0.0
2022-04-04 00:00:00+07:00,59001.60615174962,59001.60615174962,56818.28515625,56818.28515625,5968276,0.0,0.0
2022-04-05 00:00:00+07:00,56714.32359417208,58013.91735472393,56662.33984375,56662.33984375,5609836,0.0,0.0
2022-04-06 00:00:00+07:00,56350.43526880074,59261.52889135253,56350.43526880074,58741.69140625,8687053,0.0,0.0
2022-04-07 00:00:00+07:00,59105.57953192638,60769.05953733738,58273.83952922087,58897.64453125,9893959,0.0,0.0
2022-04-08 00:00:00+07:00,58897.64563589295,59209.54814275733,56402.421875,56402.421875,12044416,0.0,0.0
2022-04-12 00:00:00+07:00,56662.32929281141,57961.922811369484,55414.71951499566,57078.19921875,6713443,0.0,0.0
2022-04-13 00:00:00+07:00,57182.1766188033,59833.3515625,57078.2091192849,59833.3515625,6412493,0.0,0.0
2022-04-14 00:00:00+07:00,59885.33300021896,61808.73166705101,59885.33300021896,60613.10546875,9854903,0.0,0.0
2022-04-15 00:00:00+07:00,59833.34311742204,61288.887905239055,59261.52195077964,59781.359375,7436165,0.0,0.0
2022-04-18 00:00:00+07:00,59781.36641353751,61652.78136106744,59261.52892811253,60041.28515625,7020600,0.0,0.0
2022-04-19 00:00:00+07:00,60561.12421389175,60821.04296335195,58221.85546875,58221.85546875,14959890,0.0,0.0
2022-04-20 00:00:00+07:00,58221.85546875,58741.69296767039,56974.24176536331,58221.85546875,6112090,0.0,0.0
2022-04-21 00:00:00+07:00,57805.98176363594,60249.22171453952,57805.98176363594,58221.85546875,8113440,0.0,0.0
2022-04-22 00:00:00+07:00,58481.76831854797,59209.54074361857,55102.82121045711,57753.9921875,21678306,0.0,0.0
2022-04-25 00:00:00+07:00,57234.156917322856,57650.026890319314,53751.2421875,53751.2421875,10985931,0.0,0.0
2022-04-26 00:00:00+07:00,52087.76041558879,54582.9838694887,50424.28058364044,54219.09765625,10106030,0.0,0.0
2022-04-27 00:00:00+07:00,53283.385966578666,54063.14212934266,52243.71108289334,53543.3046875,5770259,0.0,0.0
2022-04-28 00:00:00+07:00,53491.32128046293,55518.691022404855,53283.38630241528,54842.90234375,5744343,0.0,0.0
2022-04-29 00:00:00+07:00,54582.98046875,55674.6390404514,54167.11053667327,54582.98046875,7321186,0.0,0.0
2022-05-04 00:00:00+07:00,54531.00531127057,55050.842808197,54115.1316077517,54323.0703125,3829683,0.0,0.0
2022-05-05 00:00:00+07:00,54375.05531161288,54842.90906959693,52971.49033168293,54427.0390625,4478488,0.0,0.0
2022-05-06 00:00:00+07:00,53179.42038577784,54063.14406860991,52087.76171875,52087.76171875,5903123,0.0,0.0
2022-05-09 00:00:00+07:00,51100.07448995034,51463.96074039355,48864.76953125,48864.76953125,9233107,0.0,0.0
2022-05-10 00:00:00+07:00,48864.76613758869,51359.98967331216,47825.09120852787,51152.0546875,6817107,0.0,0.0
2022-05-11 00:00:00+07:00,50944.122075128245,52971.48828125,50320.31708862924,52971.48828125,4211301,0.0,0.0
2022-05-12 00:00:00+07:00,51619.906146827045,52971.483495464665,49384.60144117978,49696.50390625,7803365,0.0,0.0
2022-05-13 00:00:00+07:00,49956.42571606622,51463.9580964306,48396.91329428676,48656.83203125,7639840,0.0,0.0
2022-05-16 00:00:00+07:00,50684.19925928685,50684.19925928685,48448.89453125,48448.89453125,3177227,0.0,0.0
2022-05-17 00:00:00+07:00,48344.93265131323,51827.84765625,48085.013897659584,51827.84765625,3733686,0.0,0.0
2022-05-18 00:00:00+07:00,51827.84687392096,52035.78187370516,50684.2043751079,50788.171875,3676377,0.0,0.0
2022-05-19 00:00:00+07:00,49436.58638075084,50788.16746804748,49436.58638075084,50424.28125,4666104,0.0,0.0
2022-05-20 00:00:00+07:00,50788.16670806496,51411.971643954734,50424.2804954626,50684.19921875,2628800,0.0,0.0
2022-05-23 00:00:00+07:00,51048.08696701189,51048.08696701189,49956.42459038736,50164.36328125,2451693,0.0,0.0
2022-05-24 00:00:00+07:00,50164.3622695606,51048.0859375,49904.43983771866,51048.0859375,2563646,0.0,0.0
2022-05-25 00:00:00+07:00,51723.87097974538,54582.98046875,51308.00104766865,54582.98046875,6881897,0.0,0.0
2022-05-26 00:00:00+07:00,54686.95562976776,55674.64685712092,54375.053136919385,54894.890625,3223766,0.0,0.0
2022-05-27 00:00:00+07:00,54894.89039963202,58221.85401566694,54842.90665103738,58117.8828125,8203780,0.0,0.0
2022-05-30 00:00:00+07:00,57753.99734516948,58429.78979192059,56766.30610865449,57857.96484375,20070073,0.0,0.0
2022-05-31 00:00:00+07:00,57857.96388424443,57857.96388424443,55882.581443973824,57130.19140625,5211063,0.0,0.0
2022-06-01 00:00:00+07:00,57130.19158920175,58689.707753018745,57078.2078406071,58117.8828125,6114646,0.0,0.0
2022-06-02 00:00:00+07:00,58637.7221032978,59677.39704148281,57753.994699863,57961.9296875,5044253,0.0,0.0
2022-06-03 00:00:00+07:00,57961.92995895475,59261.52734375,57650.02747603851,59261.52734375,4781812,0.0,0.0
2022-06-06 00:00:00+07:00,59261.52889135253,60301.20386155757,58221.85392114748,58741.69140625,6054419,0.0,0.0
2022-06-07 00:00:00+07:00,58585.74461605788,60093.2734375,56454.40705907555,60093.2734375,10998662,0.0,0.0
2022-06-08 00:00:00+07:00,60457.14802648647,61132.93667797295,59521.44066288982,59781.359375,5582096,0.0,0.0
2022-06-09 00:00:00+07:00,60041.28781418748,60249.22281756245,58897.6452956252,59937.3203125,4408224,0.0,0.0
2022-06-10 00:00:00+07:00,58949.62292616356,59625.41161697002,57182.171875,57182.171875,7538549,0.0,0.0
2022-06-13 00:00:00+07:00,54894.88702157981,56641.54012568101,53647.27342610474,53772.03515625,5833466,0.0,0.0
2022-06-14 00:00:00+07:00,53647.27655370317,56080.12116842508,53335.37406314506,55581.07421875,4403540,0.0,0.0
2022-06-15 00:00:00+07:00,56516.77744853868,56516.77744853868,54894.8861017592,56454.3984375,4359890,0.0,0.0
2022-06-16 00:00:00+07:00,56766.30826605913,58512.96527337585,56267.264995102,57390.11328125,5151963,0.0,0.0
2022-06-17 00:00:00+07:00,56329.64401422995,57764.39851395123,55518.69823567739,57390.11328125,6123497,0.0,0.0
2022-06-20 00:00:00+07:00,58325.82451001415,58949.62952520503,56953.44902942082,57390.11328125,4056931,0.0,0.0
2022-06-21 00:00:00+07:00,57639.6336212156,58325.82132403001,55518.69520302944,55581.07421875,4849764,0.0,0.0
2022-06-22 00:00:00+07:00,56017.7356031181,56392.0207963747,52649.18739369596,52711.56640625,5363059,0.0,0.0
2022-06-23 00:00:00+07:00,52399.66751188965,54146.324454477806,52212.52675546313,53335.375,5204620,0.0,0.0
2022-06-24 00:00:00+07:00,53709.660218830766,54770.12944655137,53335.375,53335.375,1416540,0.0,0.0
2022-06-27 00:00:00+07:00,53896.79676930161,54832.50418439196,53584.89429760483,53959.17578125,3831235,0.0,0.0
2022-06-28 00:00:00+07:00,55830.593740165736,56267.25793722197,54395.839420412776,55955.35546875,5898256,0.0,0.0
2022-06-29 00:00:00+07:00,55456.31229943626,56142.5,55019.65177886927,56142.5,4271832,0.0,0.0
2022-06-30 00:00:00+07:00,55830.59443870303,56080.11789899353,53772.03515625,53772.03515625,3081594,0.0,0.0
2022-07-01 00:00:00+07:00,54271.08563930327,55393.93387236185,52898.71022359724,54894.890625,4207499,0.0,0.0
2022-07-04 00:00:00+07:00,55206.7893626594,55206.7893626594,53647.273298518834,54083.9375,1529238,0.0,0.0
2022-07-05 00:00:00+07:00,54770.12554419736,54770.12554419736,53272.9921875,53272.9921875,3228511,0.0,0.0
2022-07-06 00:00:00+07:00,52462.04320791141,53584.89508735061,52087.76171875,52087.76171875,5713012,0.0,0.0
2022-07-07 00:00:00+07:00,52337.289152206926,52773.95339333661,51838.2421875,51838.2421875,3781653,0.0,0.0
2022-07-08 00:00:00+07:00,52337.285075175576,52399.66408791579,51838.238149344,52150.140625,2946694,0.0,0.0
2022-07-11 00:00:00+07:00,52773.953530021005,52773.953530021005,51651.1015625,51651.1015625,2127398,0.0,0.0
2022-07-12 00:00:00+07:00,51651.09751074337,52087.76171875,51588.71849787562,52087.76171875,1396618,0.0,0.0
2022-07-13 00:00:00+07:00,52399.66844222343,52399.66844222343,51463.9609375,51463.9609375,2683885,0.0,0.0
2022-07-14 00:00:00+07:00,51651.1015625,52087.76580476064,51276.82004397817,51651.1015625,3351246,0.0,0.0
2022-07-15 00:00:00+07:00,52399.66458813509,52399.66458813509,51276.81640625,51276.81640625,2740918,0.0,0.0
2022-07-18 00:00:00+07:00,51651.09764296765,52711.56680627637,51339.19516587553,51775.859375,2075841,0.0,0.0
2022-07-19 00:00:00+07:00,51713.47665599508,51775.859375,51276.81615284809,51775.859375,3563104,0.0,0.0
2022-07-20 00:00:00+07:00,53023.472767125866,53584.8987451696,52399.66777195627,52961.09375,6340950,0.0,0.0
2022-07-21 00:00:00+07:00,53584.89863311974,53584.89863311974,52711.57015931741,53023.47265625,3821349,0.0,0.0
2022-07-22 00:00:00+07:00,53896.80122094681,53959.18023804743,53085.85546875,53085.85546875,3331627,0.0,0.0
2022-07-25 00:00:00+07:00,54271.08232729072,54271.08232729072,53085.85144440719,53272.9921875,3415731,0.0,0.0
2022-07-26 00:00:00+07:00,53647.273710106885,53647.273710106885,52898.70703125,52898.70703125,2190666,0.0,0.0
2022-07-27 00:00:00+07:00,52773.95286122141,53148.234375,52649.19112130264,53148.234375,1933381,0.0,0.0
2022-07-28 00:00:00+07:00,53148.23450735533,53522.51972804373,51838.24179391255,52961.09375,3552610,0.0,0.0
2022-07-29 00:00:00+07:00,53085.85186647623,53148.23087934397,52087.76171875,52087.76171875,3260449,0.0,0.0
2022-08-01 00:00:00+07:00,52399.6640625,52524.42579389738,51838.238124200514,52399.6640625,3656334,0.0,0.0
2022-08-02 00:00:00+07:00,52399.667662384825,53085.85537922315,52087.76516545224,53023.47265625,2858787,0.0,0.0
2022-08-03 00:00:00+07:00,53023.46876205572,53148.23049286145,52524.42554481028,52898.70703125,3716711,0.0,0.0
2022-08-04 00:00:00+07:00,53085.851304021984,54021.558722989,52961.089573630896,53709.65625,5018124,0.0,0.0
2022-08-05 00:00:00+07:00,53709.66028791725,54395.84429768972,53397.757791479264,53522.51953125,3460140,0.0,0.0
2022-08-08 00:00:00+07:00,53584.8983271108,53896.8008222622,53210.61310934251,53647.27734375,2540162,0.0,0.0
2022-08-09 00:00:00+07:00,53647.27342610474,54582.9845492054,53460.13268387559,53772.03515625,4216624,0.0,0.0
2022-08-10 00:00:00+07:00,53834.421805623,54083.94157815749,53647.27734375,53647.27734375,1808471,0.0,0.0
2022-08-11 00:00:00+07:00,53772.0390830061,54146.3243007744,53460.13658785471,53647.27734375,3856632,0.0,0.0
2022-08-12 00:00:00+07:00,53460.13256773063,53959.17578125,53460.13256773063,53959.17578125,1974854,0.0,0.0
2022-08-15 00:00:00+07:00,54021.56178414526,55581.07423746077,54021.56178414526,55456.3125,5064511,0.0,0.0
2022-08-16 00:00:00+07:00,55456.31663453444,55768.22285442929,54957.27335346293,55331.55859375,2153253,0.0,0.0
2022-08-17 00:00:00+07:00,55518.69548015652,55581.074496188456,54894.890495926535,55082.03125,2290741,0.0,0.0
2022-08-18 00:00:00+07:00,54832.507773916936,55955.35971031305,54832.507773916936,55082.03125,5099339,0.0,0.0
2022-08-19 00:00:00+07:00,54894.88687978775,55206.78935135653,53772.03501735824,54208.69921875,3196268,0.0,0.0
2022-08-22 00:00:00+07:00,54021.5624796829,54458.22671342891,53584.89824593689,54146.32421875,2527844,0.0,0.0
2022-08-23 00:00:00+07:00,53709.65609905662,54271.08203125,53709.65609905662,54271.08203125,1693189,0.0,0.0
2022-08-24 00:00:00+07:00,53959.17589847916,54146.32034668575,53709.65614416609,53772.03515625,1622771,0.0,0.0
2022-08-25 00:00:00+07:00,53772.035250579225,54083.93772350079,53647.27352021512,53834.41796875,1771513,0.0,0.0
2022-08-26 00:00:00+07:00,53896.796631506506,54770.12503241568,53834.4176197176,54395.83984375,2975743,0.0,0.0
2022-08-29 00:00:00+07:00,54271.0819589242,54271.0819589242,52836.32762433706,53959.17578125,3864692,0.0,0.0
2022-08-30 00:00:00+07:00,53959.17588707072,54271.08206535661,53647.27341476226,53896.796875,1982003,0.0,0.0
2022-08-31 00:00:00+07:00,53522.5192495216,54271.085978228046,53522.5192495216,54021.5625,2053331,0.0,0.0
2022-09-05 00:00:00+07:00,53959.17589847916,54083.93762862441,53584.89441402084,53772.03515625,1689538,0.0,0.0
2022-09-06 00:00:00+07:00,53647.27756504302,53896.80104458449,53522.51953125,53522.51953125,2424121,0.0,0.0
2022-09-07 00:00:00+07:00,53335.37148901416,53584.89495180892,52399.6640625,52399.6640625,3525689,0.0,0.0
2022-09-08 00:00:00+07:00,52462.0429563852,53023.46889341307,52274.90221270173,52586.8046875,1976831,0.0,0.0
2022-09-09 00:00:00+07:00,52773.949137160926,53023.46889341307,52586.8046875,52586.8046875,1742007,0.0,0.0
2022-09-12 00:00:00+07:00,53085.85562336704,53148.23464064935,52586.80866119759,52773.953125,1166509,0.0,0.0
2022-09-13 00:00:00+07:00,53023.472900106986,53210.61365793166,52586.80866119759,52773.953125,1943222,0.0,0.0
2022-09-14 00:00:00+07:00,52087.76158699528,52711.56653800472,52087.76158699528,52399.6640625,2243138,0.0,0.0
2022-09-15 00:00:00+07:00,52711.57060183611,52711.57060183611,52212.52734375,52212.52734375,1459430,0.0,0.0
2022-09-16 00:00:00+07:00,52212.52768247431,52337.28942429965,51463.9609375,51463.9609375,2068541,0.0,0.0
2022-09-19 00:00:00+07:00,51463.96066994756,52150.14468745295,51089.67544641737,51838.2421875,3093001,0.0,0.0
2022-09-20 00:00:00+07:00,51838.24225375683,52274.90649544463,51339.19899438981,52025.38671875,3005703,0.0,0.0
2022-09-21 00:00:00+07:00,51963.00422217933,51963.00422217933,51339.19921875,51339.19921875,1179283,0.0,0.0
2022-09-22 00:00:00+07:00,51152.05432833569,51775.85928139213,51089.671609443554,51713.4765625,1813490,0.0,0.0
2022-09-23 00:00:00+07:00,51838.242367647166,51838.242367647166,51214.43736557343,51401.578125,1809535,0.0,0.0
2022-09-26 00:00:00+07:00,50840.1484375,51152.05089308157,50091.58180290879,50840.1484375,3230854,0.0,0.0
2022-09-27 00:00:00+07:00,51152.055099949546,51152.055099949546,50216.34765625,50216.34765625,1677371,0.0,0.0
2022-09-28 00:00:00+07:00,49966.82468913129,50153.96543854931,48656.83203125,48656.83203125,3598541,0.0,0.0
2022-09-29 00:00:00+07:00,49779.688279446505,49966.82904517924,48033.03125,48033.03125,1983067,0.0,0.0
2022-09-30 00:00:00+07:00,48033.0265816402,50403.48840379441,47970.64756778458,50216.34765625,4595930,0.0,0.0
2022-10-03 00:00:00+07:00,49654.92653363205,50091.59079099369,47658.74601255665,48033.03125,3448279,0.0,0.0
2022-10-04 00:00:00+07:00,48656.82824131144,49280.63316143431,48157.78504640859,48344.92578125,3142126,0.0,0.0
2022-10-05 00:00:00+07:00,49280.64090348289,49592.54341254459,48906.359375,48906.359375,1622520,0.0,0.0
2022-10-06 00:00:00+07:00,49218.25439173378,49218.25439173378,47721.12109375,47721.12109375,1926489,0.0,0.0
2022-10-07 00:00:00+07:00,47533.98498705283,47533.98498705283,46161.61328125,46161.61328125,3245545,0.0,0.0
2022-10-10 00:00:00+07:00,45849.70708331613,47097.32075711861,44976.38232942537,46161.61328125,2730576,0.0,0.0
2022-10-11 00:00:00+07:00,46161.60992802312,46161.60992802312,44290.19140625,44290.19140625,3208587,0.0,0.0
2022-10-12 00:00:00+07:00,44290.19114006967,45724.94545500555,44290.19114006967,45163.51953125,2225190,0.0,0.0
2022-10-13 00:00:00+07:00,45038.75757707014,45537.80078125,44602.09338367125,45537.80078125,1458821,0.0,0.0
2022-10-14 00:00:00+07:00,46411.13305122837,46473.51577320621,45912.08980529397,46161.61328125,1283921,0.0,0.0
2022-10-17 00:00:00+07:00,45849.70710246598,46099.23057852623,45288.28484029693,46036.8515625,1111636,0.0,0.0
2022-10-18 00:00:00+07:00,46161.616758277465,46972.56255725086,46161.616758277465,46723.0390625,1369240,0.0,0.0
2022-10-19 00:00:00+07:00,46723.03510209937,47533.98453831192,46598.27336529916,47097.3203125,2686926,0.0,0.0
2022-10-20 00:00:00+07:00,47284.45656882794,48968.73059054317,46972.554109472425,48532.06640625,2764797,0.0,0.0
2022-10-21 00:00:00+07:00,48469.68826063183,48469.68826063183,46099.2265625,46099.2265625,3810399,0.0,0.0
2022-10-24 00:00:00+07:00,46099.227101214274,46473.51228707192,44290.19130117908,44352.5703125,4888395,0.0,0.0
2022-10-25 00:00:00+07:00,44539.7143643171,46473.51187586071,44352.569920055495,45662.5625,2379558,0.0,0.0
2022-10-26 00:00:00+07:00,46473.5157926166,46473.5157926166,45350.66385632316,46036.8515625,1026741,0.0,0.0
2022-10-27 00:00:00+07:00,46223.99555516051,47533.98833729267,45974.47206161783,47284.46484375,1469012,0.0,0.0
2022-10-28 00:00:00+07:00,47596.367675461,47596.367675461,46598.27740060458,46785.421875,1408023,0.0,0.0
2022-10-31 00:00:00+07:00,46785.41771519336,47409.22269177285,45974.46828085792,47159.69921875,1649692,0.0,0.0
2022-11-01 00:00:00+07:00,47596.36355372321,47908.266042734926,46785.417823488286,47097.3203125,930013,0.0,0.0
2022-11-02 00:00:00+07:00,46910.17629716276,47409.223249074814,46161.61328125,46161.61328125,1487719,0.0,0.0
2022-11-03 00:00:00+07:00,46473.51566286358,47222.08238297667,45974.46871213642,46223.9921875,1022634,0.0,0.0
2022-11-04 00:00:00+07:00,46161.61349024696,46161.61349024696,44602.09731742757,45475.42578125,4140276,0.0,0.0
2022-11-07 00:00:00+07:00,45288.28515625,46161.61362257596,45288.28515625,45288.28515625,3096499,0.0,0.0
2022-11-08 00:00:00+07:00,44602.09346848836,46099.22678985231,44539.714457588765,45724.9453125,2532254,0.0,0.0
2022-11-09 00:00:00+07:00,45724.94905131579,46348.754035228194,45724.94905131579,46161.61328125,1365287,0.0,0.0
2022-11-10 00:00:00+07:00,45849.70324710958,45974.46497464889,43104.96006515431,45537.80078125,4545285,0.0,0.0
2022-11-11 00:00:00+07:00,45600.191552626005,45912.09407357868,44914.00378294331,45413.05078125,2200400,0.0,0.0
2022-11-14 00:00:00+07:00,44914.00032764369,45163.523807600825,43666.39033981345,44165.43359375,2492712,0.0,0.0
2022-11-15 00:00:00+07:00,43666.38770028786,43666.38770028786,41108.78515625,41108.78515625,13853569,0.0,0.0
2022-11-16 00:00:00+07:00,38239.27939683029,43666.38685837168,38239.27939683029,43229.72265625,5046261,0.0,0.0
2022-11-17 00:00:00+07:00,43229.72226943695,44913.99634484857,40235.45559938189,44290.19140625,3167219,0.0,0.0
2022-11-18 00:00:00+07:00,43728.76535602935,44913.99621842132,43167.343136457406,44602.09375,1918886,0.0,0.0
2022-11-21 00:00:00+07:00,43354.48801579899,44789.23876633152,43354.48801579899,43728.76953125,1278293,0.0,0.0
2022-11-22 00:00:00+07:00,43666.38659231029,44913.99647306911,43104.96066357786,43978.2890625,1819421,0.0,0.0
2022-11-23 00:00:00+07:00,43666.38659231029,44290.19153268971,43479.24585139195,43978.2890625,708574,0.0,0.0
2022-11-24 00:00:00+07:00,43541.62486303893,44290.19153268971,43292.1014044962,43978.2890625,1393728,0.0,0.0
2022-11-25 00:00:00+07:00,44040.67153249859,44914.0,43978.29251595322,44914.0,2231730,0.0,0.0
2022-11-28 00:00:00+07:00,45163.5229577236,46473.515643880826,45101.14023591935,46348.75390625,1952497,0.0,0.0
2022-11-29 00:00:00+07:00,46723.03541316484,46723.03541316484,45537.80446463843,46348.75390625,1739574,0.0,0.0
2022-11-30 00:00:00+07:00,46473.51161458173,46723.03136223213,45849.7029805124,46535.890625,1594635,0.0,0.0
2022-12-01 00:00:00+07:00,46847.79691148704,47284.46113797554,46223.99193249708,46598.2734375,2701832,0.0,0.0
2022-12-02 00:00:00+07:00,46598.27290987476,48469.691531632496,46161.612394308126,48282.55078125,4412664,0.0,0.0
2022-12-05 00:00:00+07:00,48656.83579859227,49280.64081560327,48282.55427077682,48843.9765625,1849990,0.0,0.0
2022-12-06 00:00:00+07:00,48843.97336011228,49218.258569366095,47409.22265625,47409.22265625,2338647,0.0,0.0
2022-12-07 00:00:00+07:00,47346.83591626541,47783.50010367545,46660.65198317626,47721.12109375,1671135,0.0,0.0
2022-12-08 00:00:00+07:00,47970.65223008172,49155.87955037426,47159.70273527675,48033.03125,1975159,0.0,0.0
2022-12-09 00:00:00+07:00,47596.36284324445,48656.83203125,47533.98382876431,48656.83203125,1501862,0.0,0.0
2022-12-12 00:00:00+07:00,48407.31278146545,48781.5980189088,47658.74601255665,48033.03125,3863780,0.0,0.0
2022-12-13 00:00:00+07:00,47533.98023470432,48220.16416601365,46910.171607181335,48157.78515625,1368329,0.0,0.0
2022-12-14 00:00:00+07:00,48157.78924064816,48344.92999178834,47471.601545164005,47596.36328125,2686015,0.0,0.0
2022-12-15 00:00:00+07:00,47658.74198006098,48719.21487676625,47658.74198006098,48469.69140625,1821246,0.0,0.0
2022-12-16 00:00:00+07:00,48033.023308398,48656.82822835476,47658.73813283758,48594.44921875,1713873,0.0,0.0
2022-12-19 00:00:00+07:00,48843.969108272846,48843.969108272846,47783.5,47783.5,1560719,0.0,0.0
2022-12-20 00:00:00+07:00,48157.785176672514,48157.785176672514,47034.933352632266,47783.5,1279358,0.0,0.0
2022-12-21 00:00:00+07:00,48157.78515625,48282.5468817546,47222.07777393147,48157.78515625,1296142,0.0,0.0
2022-12-22 00:00:00+07:00,48157.78515625,48344.92589151825,47409.21850919972,48157.78515625,1578361,0.0,0.0
2022-12-23 00:00:00+07:00,47658.741857724606,48656.83203125,47533.98382876431,48656.83203125,2772553,0.0,0.0
2022-12-26 00:00:00+07:00,48469.69558993654,48719.21908199054,47658.74609375,47658.74609375,1266126,0.0,0.0
2022-12-27 00:00:00+07:00,47658.73837784725,48344.92601691369,47409.21863216816,47721.12109375,2416083,0.0,0.0
2022-12-28 00:00:00+07:00,48033.02746975457,48033.02746975457,47409.22249575426,47845.88671875,896097,0.0,0.0
2022-12-29 00:00:00+07:00,47721.12512656854,48033.027614508654,47533.984375,47533.984375,1355881,0.0,0.0
2022-12-30 00:00:00+07:00,47533.98421466125,47970.6484375,47409.22247871052,47970.6484375,1716458,0.0,0.0
2023-01-03 00:00:00+07:00,47970.64375254531,49904.4375,47908.26103767363,49904.4375,2334845,0.0,0.0
2023-01-04 00:00:00+07:00,50403.48439506452,50528.24611883065,49467.7770257844,49904.4375,1208029,0.0,0.0
2023-01-05 00:00:00+07:00,50029.19920879242,50840.148560040936,50029.19920879242,50278.72265625,1540035,0.0,0.0
2023-01-06 00:00:00+07:00,50153.96495137423,50590.62916642641,50029.20321764824,50091.5859375,1094116,0.0,0.0
2023-01-09 00:00:00+07:00,50216.34767122599,50465.86743270043,49842.062470048026,50091.5859375,789180,0.0,0.0
2023-01-10 00:00:00+07:00,50341.10951177412,50715.39474130017,50029.20700682465,50153.96875,6151937,0.0,0.0
2023-01-11 00:00:00+07:00,50153.96082558169,50902.52746038108,50153.96082558169,50465.86328125,1637828,0.0,0.0
2023-01-12 00:00:00+07:00,50528.249921471885,50840.15240137166,50029.20298885022,50341.10546875,870698,0.0,0.0
2023-01-13 00:00:00+07:00,50216.343662403946,50653.00413661954,49904.4375,49904.4375,1519352,0.0,0.0
2023-01-16 00:00:00+07:00,49966.82406738969,50528.25001463545,49717.30060061879,50403.48828125,873740,0.0,0.0
2023-01-17 00:00:00+07:00,50653.007756768806,51152.0546875,50528.24973006351,51152.0546875,1646802,0.0,0.0
2023-01-18 00:00:00+07:00,51214.43725305361,52025.38671875,51027.2964940382,52025.38671875,1683455,0.0,0.0
2023-01-19 00:00:00+07:00,51775.85921680852,52524.425900738,51713.4764979942,52337.28515625,2313454,0.0,0.0
2023-01-27 00:00:00+07:00,52462.04307520996,53335.37148901416,52399.6640625,52399.6640625,1833412,0.0,0.0
2023-01-30 00:00:00+07:00,52524.42984330103,52649.191584317,52212.52734375,52212.52734375,1391446,0.0,0.0
2023-01-31 00:00:00+07:00,52087.76171875,52212.52345046296,50964.91354528829,52087.76171875,2622595,0.0,0.0
2023-02-01 00:00:00+07:00,52399.66460237299,52399.66460237299,51027.2929548172,51152.0546875,1624749,0.0,0.0
2023-02-02 00:00:00+07:00,51214.43752324439,51401.5782832471,50715.39426124459,51089.67578125,3431092,0.0,0.0
2023-02-03 00:00:00+07:00,51152.05912944345,51152.05912944345,49966.828125,49966.828125,3012698,0.0,0.0
2023-02-06 00:00:00+07:00,49904.44146903929,50902.53163257198,49717.30072149489,50216.34765625,1544786,0.0,0.0
2023-02-07 00:00:00+07:00,50216.3474415721,51089.67216170497,50216.3474415721,50341.10546875,1239055,0.0,0.0
2023-02-08 00:00:00+07:00,50403.488052837376,50964.913997538926,50278.7263200173,50653.0078125,1356010,0.0,0.0
2023-02-09 00:00:00+07:00,50528.249921471885,50902.531414960606,50341.10546875,50341.10546875,5308612,0.0,0.0
2023-02-10 00:00:00+07:00,50590.62893506083,50653.00794864978,50216.3474415721,50341.10546875,4063507,0.0,0.0
2023-02-13 00:00:00+07:00,50341.10546875,50653.00794864978,49904.44125569481,50341.10546875,3210109,0.0,0.0
2023-02-14 00:00:00+07:00,50341.10556156851,50528.25001463545,50029.20308109365,50403.48828125,1195065,0.0,0.0
2023-02-15 00:00:00+07:00,50216.3511324276,51089.67591674904,50091.58939010232,50902.53515625,7681328,0.0,0.0
2023-02-16 00:00:00+07:00,50902.53515625,51152.05864090058,50341.1091687751,50902.53515625,645153,0.0,0.0
2023-02-17 00:00:00+07:00,50653.01167159943,50902.53515625,50528.25363525193,50902.53515625,832829,0.0,0.0
2023-02-20 00:00:00+07:00,50902.53481947858,51775.86330399986,50777.77307797872,51651.1015625,2630960,0.0,0.0
2023-02-21 00:00:00+07:00,51651.1015625,52212.5275462605,51526.33982100013,51651.1015625,1277533,0.0,0.0
2023-02-22 00:00:00+07:00,51339.19937768022,51463.96111994787,51027.296875,51027.296875,1592658,0.0,0.0
2023-02-23 00:00:00+07:00,50964.913983417,50964.913983417,50278.72630608551,50777.76953125,15984182,0.0,0.0
2023-02-24 00:00:00+07:00,50590.62902833941,50715.39076172486,50153.9648144791,50403.48828125,1324529,0.0,0.0
2023-02-27 00:00:00+07:00,49904.44148392225,50216.34767122599,49842.062470048026,50091.5859375,1650757,0.0,0.0
2023-02-28 00:00:00+07:00,49904.44146903929,50341.10568396125,49592.53898780611,50216.34765625,1464448,0.0,0.0
2023-03-01 00:00:00+07:00,49592.53898780611,50216.34765625,49093.49575902853,50216.34765625,2262756,0.0,0.0
2023-03-02 00:00:00+07:00,49904.4375,50216.343662403946,49779.679482211104,49904.4375,2581049,0.0,0.0
2023-03-03 00:00:00+07:00,49467.77736725944,49904.437844489294,48968.73046875,48968.73046875,1126662,0.0,0.0
2023-03-06 00:00:00+07:00,48719.21083428563,49779.67993702081,48719.21083428563,48781.58984375,1285442,0.0,0.0
2023-03-07 00:00:00+07:00,49343.0194543866,49842.06268546992,49155.875,49155.875,1370154,0.0,0.0
2023-03-08 00:00:00+07:00,48968.734099094094,49592.5390625,48968.734099094094,49592.5390625,1635091,0.0,0.0
2023-03-09 00:00:00+07:00,49592.53502873028,50341.101665125774,49405.39429612571,50278.72265625,1936376,0.0,0.0
2023-03-10 00:00:00+07:00,50029.20327807964,50153.96501195633,49280.63658079704,49592.5390625,974727,0.0,0.0
2023-03-13 00:00:00+07:00,48719.21458048002,49530.16029575968,48719.21458048002,49218.2578125,1348253,0.0,0.0
2023-03-14 00:00:00+07:00,49280.63684257033,49343.01956282882,48968.73435921059,49093.49609375,1060657,0.0,0.0
2023-03-15 00:00:00+07:00,49343.01922640608,50216.34765625,49343.01922640608,50216.34765625,1977439,0.0,0.0
2023-03-16 00:00:00+07:00,49904.44166826988,49904.44166826988,48906.35520673011,49405.3984375,1828395,0.0,0.0
2023-03-17 00:00:00+07:00,49654.92192142781,49904.44168390214,49031.11695627567,49280.63671875,653061,0.0,0.0
2023-03-20 00:00:00+07:00,49343.01975342107,49467.78148844239,48407.30859375,48407.30859375,2154991,0.0,0.0
2023-03-21 00:00:00+07:00,49031.11732869515,49093.49634329315,48095.40616788212,48719.21484375,1459238,0.0,0.0
2023-03-22 00:00:00+07:00,48781.5897347976,49031.11318405232,48407.30456091552,48968.73046875,1463901,0.0,0.0
2023-03-23 00:00:00+07:00,48906.35550112574,48968.734515605895,48407.30856137426,48656.83203125,694430,0.0,0.0
2023-03-24 00:00:00+07:00,48843.97273228977,49155.87521633673,48656.8319830571,49031.1171875,594203,0.0,0.0
2023-03-27 00:00:00+07:00,49218.26169316365,49405.40245667925,48968.73820449095,49343.0234375,1609509,0.0,0.0
2023-03-28 00:00:00+07:00,49405.3984375,49405.3984375,48344.92925587803,49405.3984375,2450432,0.0,0.0
2023-03-29 00:00:00+07:00,49405.39845297594,49467.78117307768,49031.11695627567,49280.63671875,1293198,0.0,0.0
2023-03-30 00:00:00+07:00,49280.6407123429,49467.78518183635,49155.87896800655,49343.0234375,1472510,0.0,0.0
2023-03-31 00:00:00+07:00,49343.0234375,49592.54322019485,49280.6407123429,49343.0234375,2651796,0.0,0.0
2023-04-03 00:00:00+07:00,49530.15591424507,50465.86328125,49343.01518203953,50465.86328125,1810143,0.0,0.0
2023-04-04 00:00:00+07:00,50465.86741765003,50528.25013748319,49904.44146903929,50216.34765625,889102,0.0,0.0
2023-04-05 00:00:00+07:00,50216.34364737423,50278.72265625,49717.29675245906,50278.72265625,641807,0.0,0.0
2023-04-06 00:00:00+07:00,50341.10569897444,50840.15263387838,50091.5859375,50091.5859375,962577,0.0,0.0
2023-04-07 00:00:00+07:00,50029.20320272807,50341.10568396125,49904.44146903929,50216.34765625,6567710,0.0,0.0
2023-04-10 00:00:00+07:00,50528.25015255219,50528.25015255219,49966.82420377401,50091.5859375,1170766,0.0,0.0
2023-04-11 00:00:00+07:00,50029.20321764824,50216.34767122599,49966.82420377401,50091.5859375,812145,0.0,0.0
2023-04-12 00:00:00+07:00,50091.5859375,50216.34767122599,49842.062470048026,50091.5859375,970626,0.0,0.0
2023-04-13 00:00:00+07:00,50091.58609139372,50153.9651054596,49467.78112682484,49654.921875,852448,0.0,0.0
2023-04-14 00:00:00+07:00,49842.06262317515,49966.82435728444,49467.78112682484,49654.921875,855489,0.0,0.0
2023-04-17 00:00:00+07:00,49654.921875,49717.30088906587,49280.63667267214,49654.921875,947687,0.0,0.0
2023-04-18 00:00:00+07:00,49654.92189039797,49904.44165271637,49405.39842210202,49530.16015625,506296,0.0,0.0
2023-04-19 00:00:00+07:00,49779.68373306108,49779.68373306108,49467.78125,49467.78125,638461,0.0,0.0
2023-04-20 00:00:00+07:00,49779.68362454594,49779.68362454594,49405.39842210202,49530.16015625,554205,0.0,0.0
2023-04-21 00:00:00+07:00,49904.44176150347,49904.44176150347,49467.78125,49467.78125,582797,0.0,0.0
2023-04-24 00:00:00+07:00,49592.54322019485,50278.73096105586,49280.6407123429,49343.0234375,1208332,0.0,0.0
2023-04-25 00:00:00+07:00,49343.02362888195,49467.7853737022,48843.97664960094,48906.359375,1455841,0.0,0.0
2023-04-26 00:00:00+07:00,48719.21852388009,48906.35928778782,48407.31230939673,48843.9765625,1962991,0.0,0.0
2023-04-27 00:00:00+07:00,48719.21852388009,49155.879071005504,48719.21852388009,48843.9765625,336111,0.0,0.0
2023-04-28 00:00:00+07:00,49155.87143621428,49155.87143621428,48344.92578125,48344.92578125,1453957,0.0,0.0
2023-05-04 00:00:00+07:00,48532.06628554288,49093.49219337736,48407.30456091552,48968.73046875,3686396,0.0,0.0
2023-05-05 00:00:00+07:00,49031.12111982025,49031.12111982025,48781.59763017975,48906.359375,485462,0.0,0.0
2023-05-08 00:00:00+07:00,48968.73046875,49218.25391800472,48906.35145942496,48968.73046875,1236318,0.0,0.0
2023-05-09 00:00:00+07:00,49031.1170637397,49779.68376475845,49031.1170637397,49218.2578125,921496,0.0,0.0
2023-05-10 00:00:00+07:00,49280.63671875,49654.92192142781,49280.63671875,49280.63671875,961951,0.0,0.0
2023-05-11 00:00:00+07:00,49343.0234375,49654.92594535196,49280.6407123429,49343.0234375,761957,0.0,0.0
2023-05-12 00:00:00+07:00,49467.78096009486,50278.72667010562,49155.87477288415,50216.34765625,1890598,0.0,0.0
2023-05-15 00:00:00+07:00,50777.7697607211,51027.29322741972,50403.48826665069,50528.25,2128768,0.0,0.0
2023-05-16 00:00:00+07:00,50528.24598191843,50964.91016092808,50403.48425849036,50840.1484375,2084181,0.0,0.0
2023-05-17 00:00:00+07:00,51089.66817837892,51588.71507209122,50590.62499064385,50840.1484375,2070213,0.0,0.0
2023-05-18 00:00:00+07:00,51027.2925965289,51775.85928139213,50777.76913291533,51713.4765625,2357049,0.0,0.0
2023-05-19 00:00:00+07:00,51775.86330399986,51963.00406326077,51027.29656097845,51651.1015625,3123875,0.0,0.0
2023-05-22 00:00:00+07:00,51651.101697249134,51651.101697249134,51152.05843592552,51463.9609375,911003,0.0,0.0
2023-05-23 00:00:00+07:00,51463.95716621825,51463.95716621825,50777.7694894516,51152.0546875,1740031,0.0,0.0
2023-05-24 00:00:00+07:00,51152.0548376831,51214.43385121889,50590.6288919509,50715.390625,706140,0.0,0.0
2023-05-25 00:00:00+07:00,50653.0074797233,52025.38282575042,50528.24945370037,51900.62109375,2115991,0.0,0.0
2023-05-26 00:00:00+07:00,51838.2421875,52025.386652253976,51339.19892877083,51838.2421875,2145040,0.0,0.0
2023-05-29 00:00:00+07:00,52087.76566985346,52212.52741103019,51713.48044632327,51838.2421875,1337759,0.0,0.0
2023-05-30 00:00:00+07:00,51775.85911149056,52961.09000079948,51713.47639280314,52399.6640625,8307017,0.0,0.0
2023-05-31 00:00:00+07:00,52524.42568731083,52524.42568731083,51838.23801900644,52462.04296875,1276621,0.0,0.0
2023-06-01 00:00:00+07:00,52399.66419504367,52399.66419504367,51838.23825532408,52087.76171875,1714481,0.0,0.0
2023-06-02 00:00:00+07:00,52087.76549186326,52586.80874888714,51838.24201036245,52274.90625,1119210,0.0,0.0
2023-06-05 00:00:00+07:00,52337.2886453894,53148.23439621858,52274.90592241625,53023.47265625,2623963,0.0,0.0
2023-06-06 00:00:00+07:00,53210.61328125,53210.61328125,52836.33176825022,53210.61328125,781728,0.0,0.0
2023-06-07 00:00:00+07:00,53023.47265625,53272.996136187154,52586.80841934883,53023.47265625,1949676,0.0,0.0
2023-06-08 00:00:00+07:00,52836.32829502969,52961.09002648759,52087.76161225979,52150.140625,2885219,0.0,0.0
2023-06-09 00:00:00+07:00,52586.80866119759,52836.33214228232,52212.52714554824,52773.953125,1450304,0.0,0.0
2023-06-12 00:00:00+07:00,52711.57026954107,52961.09375,52150.14429149735,52961.09375,1134116,0.0,0.0
2023-06-13 00:00:00+07:00,52649.19140625,52961.093904746136,52586.808682964125,52649.19140625,1580340,0.0,0.0
2023-06-14 00:00:00+07:00,52586.8008830558,52898.70333528918,52462.03916096701,52524.421875,1229777,0.0,0.0
2023-06-15 00:00:00+07:00,52524.42568731083,52649.18741845504,52150.14049387822,52462.04296875,1244986,0.0,0.0
2023-06-16 00:00:00+07:00,52462.04294407893,53772.03556151086,52025.38244424575,52711.56640625,3698005,0.0,0.0
2023-06-19 00:00:00+07:00,52836.328125,53335.37134324817,52711.56639394359,52836.328125,1115104,0.0,0.0
2023-06-20 00:00:00+07:00,53023.47250396322,53522.51946240424,52836.33174753669,53335.375,2382144,0.0,0.0
2023-06-21 00:00:00+07:00,53335.37506860504,53896.80104458449,53272.996051708535,53522.51953125,4053515,0.0,0.0
2023-06-22 00:00:00+07:00,53709.660218830766,53959.179992073565,52836.33174753669,53335.375,1550834,0.0,0.0
2023-06-23 00:00:00+07:00,53397.7579662086,53397.7579662086,52898.71100549266,53085.85546875,2367696,0.0,0.0
2023-06-26 00:00:00+07:00,53085.855295041285,53522.51953125,52773.952798603306,53522.51953125,2646021,0.0,0.0
2023-06-27 00:00:00+07:00,53647.27326571904,54458.22265625,53647.27326571904,54458.22265625,2642975,0.0,0.0
2023-06-28 00:00:00+07:00,54520.60178535351,54770.12524543444,54271.08203125,54271.08203125,1949455,0.0,0.0
2023-06-29 00:00:00+07:00,54271.0819589242,54333.46097087259,53959.17578125,53959.17578125,1942307,0.0,0.0
2023-06-30 00:00:00+07:00,53959.1798389014,54021.56256151829,53647.27734375,53647.27734375,1815163,0.0,0.0
2023-07-03 00:00:00+07:00,53959.17588707072,54146.32033523774,53647.27341476226,53896.796875,2196370,0.0,0.0
2023-07-04 00:00:00+07:00,53896.796841128606,54271.08203125,53772.03511108815,54271.08203125,2019872,0.0,0.0
2023-07-05 00:00:00+07:00,53874.96743734622,54879.29477847685,53659.75390625,53659.75390625,3319764,0.0,0.0
2023-07-06 00:00:00+07:00,53659.7542674391,53946.70440883968,53085.853984637935,53516.27734375,2383010,0.0,0.0
2023-07-07 00:00:00+07:00,53229.3275852279,54161.91833097113,53229.3275852279,54018.44140625,1587924,0.0,0.0
2023-07-10 00:00:00+07:00,54018.44140625,54448.86847443575,53731.491262785385,54018.44140625,1944470,0.0,0.0
2023-07-11 00:00:00+07:00,54018.44009135423,54090.18040495735,53803.2265625,53803.2265625,2724614,0.0,0.0
2023-07-12 00:00:00+07:00,53803.22787215713,54305.391549714615,53731.491262785385,54018.44140625,1720438,0.0,0.0
2023-07-13 00:00:00+07:00,54377.1328125,54377.1328125,54090.182664035725,54377.1328125,1791838,0.0,0.0
2023-07-14 00:00:00+07:00,55166.246842580505,56170.57421875,54592.34283764241,56170.57421875,3733151,0.0,0.0
2023-07-17 00:00:00+07:00,56672.734375,56816.20758781001,56314.04393102,56672.734375,1649554,0.0,0.0
2023-07-18 00:00:00+07:00,56672.73697255667,56672.73697255667,56027.09636738666,56457.5234375,2218359,0.0,0.0
2023-07-19 00:00:00+07:00,56314.04296875,56600.993095444224,56170.56975839161,56314.04296875,1258886,0.0,0.0
2023-07-20 00:00:00+07:00,56385.77949624664,58322.69748123594,56314.04289116628,57605.3203125,3087119,0.0,0.0
2023-07-21 00:00:00+07:00,57174.89367838531,58107.484375,57103.15707279263,58107.484375,1816618,0.0,0.0
2023-07-24 00:00:00+07:00,58107.484375,58322.69789775551,57820.53424665181,58107.484375,8186040,0.0,0.0
2023-07-25 00:00:00+07:00,58107.481799284215,58968.33214617007,58107.481799284215,58322.6953125,1947001,0.0,0.0
2023-07-26 00:00:00+07:00,58250.96339706628,59327.02734375,58179.2230829038,59327.02734375,1841251,0.0,0.0
2023-07-27 00:00:00+07:00,59398.76564005404,60546.56993352096,59398.76564005404,60044.40625,2352742,0.0,0.0
2023-07-28 00:00:00+07:00,59900.92969851279,60546.5703125,59613.97954984438,60546.5703125,1188159,0.0,0.0
2023-07-31 00:00:00+07:00,60761.78124927391,61550.89509895394,60546.571413342994,61407.421875,2000050,0.0,0.0
2023-08-01 00:00:00+07:00,61407.418493729136,61909.58216187291,60618.3046875,60618.3046875,1900848,0.0,0.0
2023-08-02 00:00:00+07:00,60618.306912028,60833.52044998416,59900.9296875,59900.9296875,2270116,0.0,0.0
2023-08-03 00:00:00+07:00,60116.14286022365,60403.09300709595,59470.50225027769,60044.40625,1332970,0.0,0.0
2023-08-04 00:00:00+07:00,60259.60893648606,60618.29935703453,59757.4453125,59757.4453125,3316598,0.0,0.0
2023-08-07 00:00:00+07:00,59972.66409732475,60618.3046875,59757.450567266336,60618.3046875,995203,0.0,0.0
2023-08-08 00:00:00+07:00,60259.61292483897,60690.03997559456,60116.139711905445,60403.08984375,1197809,0.0,0.0
2023-08-09 00:00:00+07:00,60259.60948959984,60761.77311819518,59542.23605387274,59613.97265625,1946764,0.0,0.0
2023-08-10 00:00:00+07:00,59613.97651865839,59757.44973270857,58968.3359375,58968.3359375,1842677,0.0,0.0
2023-08-11 00:00:00+07:00,58824.86328125,59542.24047623592,58466.17283076825,58824.86328125,1697245,0.0,0.0
2023-08-14 00:00:00+07:00,58896.602502352216,59685.71634005852,58824.86589146375,59255.29296875,1341164,0.0,0.0
2023-08-15 00:00:00+07:00,59255.28966684265,60474.826807900696,58466.172167130935,60259.61328125,2268895,0.0,0.0
2023-08-16 00:00:00+07:00,59685.71251312437,61120.46687476634,59685.71251312437,61048.7265625,5561650,0.0,0.0
2023-08-17 00:00:00+07:00,60976.99386692062,62555.221542358624,60976.99386692062,61694.37109375,5730403,0.0,0.0
2023-08-18 00:00:00+07:00,61407.42020377464,63057.38817618498,60474.82944954367,61335.68359375,5665198,0.0,0.0
2023-08-21 00:00:00+07:00,61622.62890625,62196.529153386655,61335.67878268167,61622.62890625,4933212,0.0,0.0
2023-08-22 00:00:00+07:00,61909.58147304245,62053.0546875,59542.24008069502,62053.0546875,5044044,0.0,0.0
2023-08-23 00:00:00+07:00,61981.31808027122,62268.27192114141,60761.77722749435,62053.0546875,7091908,0.0,0.0
2023-08-24 00:00:00+07:00,62287.99875675887,65639.16667642948,61996.58957807643,65566.3125,8342066,1000.0,0.0
2023-08-25 00:00:00+07:00,65202.06376770693,66294.8313708595,64910.65455731113,66003.4296875,4868649,0.0,0.0
2023-08-28 00:00:00+07:00,67023.34414318392,68698.93000487419,66294.8249512581,68480.375,4714315,0.0,0.0
2023-08-29 00:00:00+07:00,68480.3857905954,68480.3857905954,67606.16563334597,68188.9765625,4717091,0.0,0.0
2023-08-30 00:00:00+07:00,67897.56366469155,71540.13742030879,67824.71700688248,70374.515625,4227237,0.0,0.0
2023-08-31 00:00:00+07:00,70374.5130053665,71030.17806345974,70010.25714877118,70447.3671875,2173791,0.0,0.0
2023-09-05 00:00:00+07:00,70738.76594786099,71904.39517879815,70520.2109375,70520.2109375,2636535,0.0,0.0
2023-09-06 00:00:00+07:00,70738.76882735717,72122.953125,70155.95795168253,72122.953125,3618889,0.0,0.0
2023-09-07 00:00:00+07:00,72122.95181790889,73434.27438265258,71103.0309222034,71321.5859375,4815354,0.0,0.0
2023-09-08 00:00:00+07:00,71030.17706888662,71758.68877187656,70665.92121739165,71103.03125,3485578,0.0,0.0
2023-09-11 00:00:00+07:00,71904.39452445766,72487.2053711047,69427.44278093099,70957.3203125,7776047,0.0,0.0
2023-09-12 00:00:00+07:00,70957.32642648139,72050.1015625,70957.32642648139,72050.1015625,5305224,0.0,0.0
2023-09-13 00:00:00+07:00,72050.10259097037,72122.95677675701,70957.32743935309,71394.4375,6316417,0.0,0.0
2023-09-14 00:00:00+07:00,71394.43226045195,71394.43226045195,69573.14549277606,69864.5546875,4211763,0.0,0.0
2023-09-15 00:00:00+07:00,69937.3968733853,71248.72687532294,69427.4402239887,71030.171875,3706965,0.0,0.0
2023-09-18 00:00:00+07:00,70593.0703125,70593.0703125,69718.85020671078,70593.0703125,3503961,0.0,0.0
2023-09-19 00:00:00+07:00,70520.2067753589,71685.8359375,69864.54931000898,71685.8359375,5813444,0.0,0.0
2023-09-20 00:00:00+07:00,71977.25034872492,72632.91545739966,71758.6953125,71758.6953125,3522476,0.0,0.0
2023-09-21 00:00:00+07:00,71758.68682053365,72050.09601002689,70155.95509591028,70520.2109375,5922021,0.0,0.0
2023-09-22 00:00:00+07:00,69281.74543558052,70665.92220686442,67460.45862556782,70447.3671875,10326872,0.0,0.0
2023-09-25 00:00:00+07:00,70665.93326762003,71103.04337476609,68698.9453125,68698.9453125,4167168,0.0,0.0
2023-09-26 00:00:00+07:00,68626.08141608015,69573.14816296821,67824.71550862807,68116.1171875,3396178,0.0,0.0
2023-09-27 00:00:00+07:00,68407.5360653902,68698.9453125,65857.73714308784,68698.9453125,6877529,0.0,0.0
2023-09-28 00:00:00+07:00,68553.22165026767,68698.93000487419,66586.23413343554,68480.375,2786241,0.0,0.0
2023-09-29 00:00:00+07:00,68480.37628591272,69136.03378581154,67606.15625,67606.15625,4538818,0.0,0.0
2023-10-02 00:00:00+07:00,68043.26303792578,68334.66468470663,67023.34222012208,67897.5546875,2100313,0.0,0.0
2023-10-03 00:00:00+07:00,67169.0546875,68116.12149426811,66659.09795371306,67169.0546875,3767271,0.0,0.0
2023-10-04 00:00:00+07:00,66513.38152241675,68043.26659256245,66513.38152241675,67387.6015625,3581593,0.0,0.0
2023-10-05 00:00:00+07:00,67606.15755275878,67970.41339906299,66731.9375,66731.9375,1956108,0.0,0.0
2023-10-06 00:00:00+07:00,66659.0921447569,67606.15886899359,66294.82876432494,67533.3046875,1771619,0.0,0.0
2023-10-09 00:00:00+07:00,67314.7490123778,69646.0,67169.04817785014,69646.0,6578113,0.0,0.0
2023-10-10 00:00:00+07:00,70301.66930789701,70811.6260231774,69500.30337885898,70155.9609375,7681210,0.0,0.0
2023-10-11 00:00:00+07:00,69864.55598343926,71394.43358476939,69864.55598343926,70665.921875,3857465,0.0,0.0
2023-10-12 00:00:00+07:00,70665.92254079437,71248.73341950816,69937.40329712504,70228.8125,2908572,0.0,0.0
2023-10-13 00:00:00+07:00,69937.39582530566,70155.95082235335,69427.43918355128,70010.25,3927823,0.0,0.0
2023-10-16 00:00:00+07:00,70520.2109375,72050.09601002689,70155.95509591028,70520.2109375,9220997,0.0,0.0
2023-10-17 00:00:00+07:00,71248.72935921456,71248.72935921456,67824.7109375,67824.7109375,3628145,0.0,0.0
2023-10-18 00:00:00+07:00,69136.03612738545,69136.03612738545,66294.82844147575,67751.859375,10451319,0.0,0.0
2023-10-19 00:00:00+07:00,68480.38258060574,68698.93760967342,67023.3515625,67023.3515625,7937083,0.0,0.0
2023-10-20 00:00:00+07:00,67387.61419383771,67751.8701031377,65639.18131297542,67679.0234375,5116056,0.0,0.0
2023-10-23 00:00:00+07:00,68334.66991678905,68334.66991678905,66149.12729045391,66294.828125,4032964,0.0,0.0
2023-10-24 00:00:00+07:00,67314.75324989931,67314.75324989931,66149.13144622928,67023.3515625,3535707,0.0,0.0
2023-10-25 00:00:00+07:00,66877.64944976145,67533.30699748664,66221.984375,66221.984375,3399748,0.0,0.0
2023-10-26 00:00:00+07:00,64327.84576383093,65493.46758939855,62652.26344869792,63235.078125,8065825,0.0,0.0
2023-10-27 00:00:00+07:00,63745.03321400583,64109.28908426165,62870.81686728094,63380.77734375,3272921,0.0,0.0
2023-10-30 00:00:00+07:00,63380.77309795507,63453.62727794037,61923.7421875,61923.7421875,2628202,0.0,0.0
2023-10-31 00:00:00+07:00,61996.59640725756,62142.30101264874,60466.71875,60466.71875,4082820,0.0,0.0
2023-11-01 00:00:00+07:00,61413.78255523514,62215.1484375,60175.3104048827,62215.1484375,6681931,0.0,0.0
2023-11-02 00:00:00+07:00,62943.66373136621,64837.8046875,62579.40788169631,64837.8046875,4945222,0.0,0.0
2023-11-03 00:00:00+07:00,64837.80835180967,64983.50919450472,63380.77734375,63380.77734375,7206439,0.0,0.0
2023-11-06 00:00:00+07:00,64254.99936796568,64764.95609610672,63963.59014685896,64473.546875,2639808,0.0,0.0
2023-11-07 00:00:00+07:00,64473.54850697309,64692.10354657612,64036.44595480381,64327.84765625,1772412,0.0,0.0
2023-11-08 00:00:00+07:00,64254.9972463492,67460.4609375,64109.28887708865,67460.4609375,5503052,0.0,0.0
2023-11-09 00:00:00+07:00,67023.34572147722,67970.41241354358,66877.64489047526,67387.6015625,3981781,0.0,0.0
2023-11-10 00:00:00+07:00,66659.09375,67533.30631379536,66513.38538350395,66659.09375,3905077,0.0,0.0
2023-11-13 00:00:00+07:00,66731.93520309952,67023.34438633415,65930.56935799879,66586.234375,2657562,0.0,0.0
2023-11-14 00:00:00+07:00,67023.350883791,68043.2718334332,66513.38664545176,67460.4609375,2946925,0.0,0.0
2023-11-15 00:00:00+07:00,68261.81633349808,68334.66297985819,67023.34054798918,67314.7421875,3900448,0.0,0.0
2023-11-16 00:00:00+07:00,67169.0485069975,67751.859375,66731.93847423662,67751.859375,3248589,0.0,0.0
2023-11-17 00:00:00+07:00,68043.26824769685,68116.11490145193,66003.42645590781,66294.828125,5093342,0.0,0.0
2023-11-20 00:00:00+07:00,65639.17121526867,67460.45800862525,64910.65198170442,66076.28125,2928806,0.0,0.0
2023-11-21 00:00:00+07:00,67023.34636722077,67023.34636722077,66076.2796660298,66950.4921875,2186619,0.0,0.0
2023-11-22 00:00:00+07:00,66950.49349061705,67824.7135561388,66950.49349061705,67751.859375,4488960,0.0,0.0
2023-11-23 00:00:00+07:00,67970.41171338876,68261.82089942666,66149.125,66149.125,3480157,0.0,0.0
2023-11-24 00:00:00+07:00,66149.12985507387,67023.34995031604,65712.01980745277,66440.5390625,3307438,0.0,0.0
2023-11-27 00:00:00+07:00,66586.23793916257,66586.23793916257,65639.17121526867,66076.28125,2885428,0.0,0.0
2023-11-28 00:00:00+07:00,66149.13246755788,66950.49841083349,65493.46737023151,66367.6875,4176188,0.0,0.0
2023-11-29 00:00:00+07:00,66731.94268925948,67023.35190518513,66367.68681462973,66804.796875,1236271,0.0,0.0
2023-11-30 00:00:00+07:00,66586.23634296776,68261.82226025904,66513.38216324699,66950.4921875,3769255,0.0,0.0
2023-12-01 00:00:00+07:00,67169.04136774459,67679.00552744127,66513.3763882925,67314.7421875,2480105,0.0,0.0
2023-12-04 00:00:00+07:00,67460.46478281665,68480.3857905954,67460.46478281665,68188.9765625,4862040,0.0,0.0
2023-12-05 00:00:00+07:00,68334.66829053524,69791.69918242902,68261.8216385138,69063.1875,4855821,0.0,0.0
2023-12-06 00:00:00+07:00,69208.890625,69500.29982385179,68553.2255728605,69208.890625,2785315,0.0,0.0
2023-12-07 00:00:00+07:00,69281.75627968233,69427.45713971861,67606.17004463484,68698.9453125,6666629,0.0,0.0
2023-12-08 00:00:00+07:00,68698.93230474222,69281.7431615726,68116.11392087604,68626.078125,2597613,0.0,0.0
2023-12-11 00:00:00+07:00,69573.14647828773,69718.84731419562,68917.48142614822,69208.890625,2409328,0.0,0.0
2023-12-12 00:00:00+07:00,69500.29759186308,70520.2109375,69427.44341273083,70520.2109375,7013331,0.0,0.0
2023-12-13 00:00:00+07:00,70957.3335720349,70957.3335720349,69354.6015625,69354.6015625,6207110,0.0,0.0
2023-12-14 00:00:00+07:00,69791.70018163485,70228.81020816464,69354.59015510505,70083.109375,8102738,0.0,0.0
2023-12-15 00:00:00+07:00,70083.109375,70155.9560280644,69208.8893219404,70083.109375,3159981,0.0,0.0
2023-12-18 00:00:00+07:00,69864.55167951282,70083.10668438702,68261.81999512581,68480.375,8675465,0.0,0.0
2023-12-19 00:00:00+07:00,68407.51990929309,68917.4765625,68188.96490733713,68917.4765625,2858348,0.0,0.0
2023-12-20 00:00:00+07:00,68698.92648478934,69208.88311867559,68553.21813764883,68990.328125,6634319,0.0,0.0
2023-12-21 00:00:00+07:00,68917.4865923702,69281.75,68480.38405188026,69281.75,2621513,0.0,0.0
2023-12-22 00:00:00+07:00,69208.88574078644,69281.73991711692,68771.77573687452,68917.4765625,2276417,0.0,0.0
2023-12-25 00:00:00+07:00,69136.03259407221,70083.10679233093,69063.18594369233,69937.3984375,3623384,0.0,0.0
2023-12-26 00:00:00+07:00,70301.66829208811,71831.54594286004,70228.8141079423,70811.625,5673391,0.0,0.0
2023-12-27 00:00:00+07:00,70957.32618090008,71248.73539184192,70593.0703125,70593.0703125,3030771,0.0,0.0
2023-12-28 00:00:00+07:00,70665.92483734537,70665.92483734537,70155.96059750006,70374.515625,2104360,0.0,0.0
2023-12-29 00:00:00+07:00,70374.50581940103,70665.91499114304,70010.25,70010.25,3226270,0.0,0.0
2024-01-02 00:00:00+07:00,70593.066383756,70593.066383756,69718.84632662009,69864.5546875,2933007,0.0,0.0
2024-01-03 00:00:00+07:00,69646.0042222196,70301.66930789701,69500.30337885898,70155.9609375,2061643,0.0,0.0
2024-01-04 00:00:00+07:00,70155.95992379649,71685.84510160469,70083.11326668695,70811.625,3968292,0.0,0.0
2024-01-05 00:00:00+07:00,70884.47366106643,71030.17449096926,70301.66281441938,70957.3203125,1985468,0.0,0.0
2024-01-08 00:00:00+07:00,70957.32321691532,71612.98826886922,70738.76819959735,70884.4765625,2054369,0.0,0.0
2024-01-09 00:00:00+07:00,70884.47986484531,70884.47986484531,70374.515625,70374.515625,2400335,0.0,0.0
2024-01-10 00:00:00+07:00,70447.35890715884,70593.05972726418,68844.62730489468,68990.328125,5038723,0.0,0.0
2024-01-11 00:00:00+07:00,68990.33560762016,69500.29982385179,68990.33560762016,69208.890625,2079497,0.0,0.0
2024-01-12 00:00:00+07:00,69063.18229857026,69645.99310602676,68553.21813764883,68990.328125,3620342,0.0,0.0
2024-01-15 00:00:00+07:00,69208.88768851252,69864.55271283259,69136.03351013172,69500.296875,2787800,0.0,0.0
2024-01-16 00:00:00+07:00,68990.33981153283,69718.8515625,68990.33981153283,69718.8515625,1576286,0.0,0.0
2024-01-17 00:00:00+07:00,69646.00490362516,69937.40659319745,69208.89484223028,69718.8515625,2735589,0.0,0.0
2024-01-18 00:00:00+07:00,69718.84665374586,69937.40166905533,69354.59080390875,69646.0,2153425,0.0,0.0
2024-01-19 00:00:00+07:00,69937.40590894087,70593.07099461828,69718.85088038172,70155.9609375,2829355,0.0,0.0
2024-01-22 00:00:00+07:00,70520.21417583885,70520.21417583885,69791.70245920563,70228.8125,1615829,0.0,0.0
2024-01-23 00:00:00+07:00,70010.25584983712,70228.81086514657,69500.29916547234,69646.0,5503859,0.0,0.0
2024-01-24 00:00:00+07:00,69791.70149566757,69791.70149566757,69136.03644352805,69208.890625,3524195,0.0,0.0
2024-01-25 00:00:00+07:00,69281.75,69718.85254048994,69063.19496623674,69281.75,1986393,0.0,0.0
2024-01-26 00:00:00+07:00,69573.14549277606,70083.10970178398,69427.44465893204,69864.5546875,1944641,0.0,0.0
2024-01-29 00:00:00+07:00,69864.5546875,70010.25552134402,69427.44465893204,69864.5546875,3804169,0.0,0.0
2024-01-30 00:00:00+07:00,69864.55501530945,69864.55501530945,69500.29916547234,69646.0,1688087,0.0,0.0
2024-01-31 00:00:00+07:00,69646.00490362516,69937.40659319745,69573.15071771386,69718.8515625,3087236,0.0,0.0
2024-02-01 00:00:00+07:00,69864.55504790749,72778.609375,69718.84668627592,72778.609375,10875047,0.0,0.0
2024-02-02 00:00:00+07:00,72997.16213553824,74454.19301759495,72924.3154840086,74308.4921875,5089639,0.0,0.0
2024-02-05 00:00:00+07:00,74308.49032364377,75838.36781885668,74235.63614690582,75401.2578125,4258316,0.0,0.0
2024-02-06 00:00:00+07:00,75474.11913588984,76494.04007162002,74964.15490450662,75838.375,4779381,0.0,0.0
2024-02-07 00:00:00+07:00,76275.48665668978,76494.04168517329,75692.67575641256,76421.1875,3208250,0.0,0.0
2024-02-15 00:00:00+07:00,76639.74356323735,76858.2985946717,75619.82259222261,75765.5234375,4622956,0.0,0.0
2024-02-16 00:00:00+07:00,75765.51722410234,76566.890625,75619.81639077362,76566.890625,3118585,0.0,0.0
2024-02-19 00:00:00+07:00,76858.29492180486,77951.07002675554,76494.0390625,76494.0390625,3925310,0.0,0.0
2024-02-20 00:00:00+07:00,76639.7353364213,76639.7353364213,75765.51530452623,75984.0703125,5136985,0.0,0.0
2024-02-21 00:00:00+07:00,75765.51883433374,77878.21483416243,75401.26297975253,77149.703125,5165419,0.0,0.0
2024-02-22 00:00:00+07:00,77149.7071158452,77222.5537743081,76202.6328125,76202.6328125,2997794,0.0,0.0
2024-02-23 00:00:00+07:00,76858.29361578304,77732.51368488831,75255.56184044736,75692.671875,6821506,0.0,0.0
2024-02-26 00:00:00+07:00,75692.66967828936,78679.578125,75401.26048803271,78679.578125,6577716,0.0,0.0
2024-02-27 00:00:00+07:00,79043.84445486162,79772.36376364325,78242.47848412757,78606.734375,5947545,0.0,0.0
2024-02-28 00:00:00+07:00,78679.58008587793,79043.8359375,77441.10416873412,79043.8359375,6683780,0.0,0.0
2024-02-29 00:00:00+07:00,78825.27511244512,79699.49511354514,78461.01928766524,79408.0859375,3933246,0.0,0.0
2024-03-01 00:00:00+07:00,79553.80013917411,81156.5319076937,79480.9459580465,80719.421875,6561449,0.0,0.0
2024-03-04 00:00:00+07:00,80865.12983933474,81447.94075862863,80719.42899127043,81156.5390625,4181213,0.0,0.0
2024-03-05 00:00:00+07:00,81156.53454288005,81156.53454288005,80063.75942566295,80646.5703125,6296577,0.0,0.0
2024-03-06 00:00:00+07:00,80136.61823316316,80428.0199298779,78970.99639223087,79480.953125,4896686,0.0,0.0
2024-03-07 00:00:00+07:00,79480.94788021983,82977.82069930209,78825.28281532263,81083.6796875,6942792,0.0,0.0
2024-03-08 00:00:00+07:00,81083.6839800201,82030.7507725402,79772.36130784123,80136.6171875,4470577,0.0,0.0
2024-03-11 00:00:00+07:00,80136.6171875,82686.4158721479,80136.6171875,80136.6171875,5400095,0.0,0.0
2024-03-12 00:00:00+07:00,80136.61228819899,82686.41081696021,80136.61228819899,81520.7890625,4136514,0.0,0.0
2024-03-13 00:00:00+07:00,82176.44839982549,85236.2109375,81593.63756317827,85236.2109375,8374993,0.0,0.0
2024-03-14 00:00:00+07:00,86328.97843357518,86328.97843357518,84289.13674179217,85236.2109375,8219866,0.0,0.0
2024-03-15 00:00:00+07:00,85090.51404012009,85090.51404012009,83414.93548178852,84507.703125,6202655,0.0,0.0
2024-03-18 00:00:00+07:00,84361.99811579866,84361.99811579866,80937.97945400153,82322.15625,10442855,0.0,0.0
2024-03-19 00:00:00+07:00,82322.1523163877,82322.1523163877,80937.97558652956,81593.640625,5374902,0.0,0.0
2024-03-20 00:00:00+07:00,81812.19790049185,83779.18554326802,80937.97782501974,83414.9296875,5110932,0.0,0.0
2024-03-21 00:00:00+07:00,83924.87897772105,84653.390625,83487.76897853952,84653.390625,5605414,0.0,0.0
2024-03-22 00:00:00+07:00,84726.24899793936,84726.24899793936,83414.92646246633,83706.328125,3773061,0.0,0.0
2024-03-25 00:00:00+07:00,83123.51824250112,83852.02993436885,82904.96322953362,83050.6640625,3970409,0.0,0.0
2024-03-26 00:00:00+07:00,83050.66049984795,84143.43551780826,82759.25884641554,83779.1796875,4113356,0.0,0.0
2024-03-27 00:00:00+07:00,83560.6347508083,83997.7448106529,83123.52469096368,83924.890625,1941163,0.0,0.0
2024-03-28 00:00:00+07:00,84434.84222576687,85527.60968469211,83997.73223138264,85309.0546875,3774942,0.0,0.0
2024-03-29 00:00:00+07:00,84799.11427585008,85381.9252042332,84507.70504814014,84871.9609375,3430960,0.0,0.0
2024-04-01 00:00:00+07:00,84507.69694003476,85673.31868496523,83924.88606756953,85090.5078125,4289659,0.0,0.0
2024-04-02 00:00:00+07:00,84070.58173717003,85236.2109375,84070.58173717003,85236.2109375,3630922,0.0,0.0
2024-04-03 00:00:00+07:00,84580.550480334,85236.2155295238,83852.03125,83852.03125,3802186,0.0,0.0
2024-04-04 00:00:00+07:00,83779.18328140359,84361.99414030496,83050.6640625,83050.6640625,3874923,0.0,0.0
2024-04-05 00:00:00+07:00,82395.00687438338,83560.62859676612,82030.74349998239,82832.109375,3757015,0.0,0.0
2024-04-08 00:00:00+07:00,82832.10804969586,82832.10804969586,82030.7421875,82030.7421875,2581518,0.0,0.0
2024-04-09 00:00:00+07:00,82030.74704329896,82467.85708983243,81957.90038690086,82322.15625,1894479,0.0,0.0
2024-04-10 00:00:00+07:00,82686.4137224794,84216.29891512365,82540.71287981111,82904.96875,2621220,0.0,0.0
2024-04-11 00:00:00+07:00,82686.40725206064,84070.58396668496,82540.70642079381,83706.328125,2146812,0.0,0.0
2024-04-12 00:00:00+07:00,84434.84668733274,84434.84668733274,83269.21746503748,84143.4375,2463181,0.0,0.0
2024-04-15 00:00:00+07:00,84143.44211750838,84216.29630009849,81229.3801924099,81302.234375,5672597,0.0,0.0
2024-04-16 00:00:00+07:00,81593.6445238017,82467.85708983243,81229.38113366636,82322.15625,5981930,0.0,0.0
2024-04-17 00:00:00+07:00,82395.01179211837,82395.01179211837,81302.236657765,81447.9375,3964985,0.0,0.0
2024-04-19 00:00:00+07:00,80500.86093887503,81010.82511519518,79408.0859375,79408.0859375,10383077,0.0,0.0
2024-04-22 00:00:00+07:00,80136.60126023555,81156.5220367913,79335.23547344423,80355.15625,3313148,0.0,0.0
2024-04-23 00:00:00+07:00,80792.282147496,82540.71488305864,80063.76286240082,81812.203125,5599066,0.0,0.0
2024-04-24 00:00:00+07:00,82759.26800299778,87494.609375,82467.85879028798,87494.609375,14475686,0.0,0.0
2024-04-25 00:00:00+07:00,89243.04332240894,93249.87267146664,88805.93329759613,89753.0,12187496,0.0,0.0
2024-04-26 00:00:00+07:00,89607.29916740768,91355.73173962308,89024.48831000253,89753.0,8005090,0.0,0.0
2024-05-02 00:00:00+07:00,90190.11546662552,93978.39003185045,89971.56044103214,92739.9140625,9109378,0.0,0.0
2024-05-03 00:00:00+07:00,93322.7240075546,93541.27903092898,91501.44469116184,91719.9921875,6170121,0.0,0.0
2024-05-06 00:00:00+07:00,92157.10283475094,92958.46875,90700.0718451064,92958.46875,3629732,0.0,0.0
2024-05-07 00:00:00+07:00,93249.87117904196,95872.52375890852,92667.06033096444,95653.96875,5123585,0.0,0.0
2024-05-08 00:00:00+07:00,94779.75679239244,95435.421875,94196.94589464233,95435.421875,5057899,0.0,0.0
2024-05-09 00:00:00+07:00,95144.01625875992,96746.75569694692,94706.91371420345,94925.46875,4022513,0.0,0.0
2024-05-10 00:00:00+07:00,95653.97690253584,96309.6419851434,94124.09923682126,95435.421875,5513103,0.0,0.0
2024-05-13 00:00:00+07:00,95653.9654053983,95799.6662305642,93832.67874620018,94488.34375,5766362,0.0,0.0
2024-05-14 00:00:00+07:00,94706.9004171602,95945.36874340838,94415.49123466705,95071.15625,4168385,0.0,0.0
2024-05-15 00:00:00+07:00,95799.67155934118,97985.21416654084,95653.97072607077,97693.8125,6239156,0.0,0.0
2024-05-16 00:00:00+07:00,98786.59147513604,100025.06751888414,97766.67047011032,98640.890625,5348055,0.0,0.0
2024-05-17 00:00:00+07:00,98640.88382094073,99077.99386823455,97402.40786262033,97985.21875,4032301,0.0,0.0
2024-05-20 00:00:00+07:00,98495.18497957676,99150.85006382264,96892.453125,96892.453125,4157277,0.0,0.0
2024-05-21 00:00:00+07:00,97620.95353263922,99077.984375,97256.6977038079,99077.984375,5562829,0.0,0.0
2024-05-22 00:00:00+07:00,100462.16144812414,101773.49146967652,99150.83895360726,100535.015625,9432597,0.0,0.0
2024-05-23 00:00:00+07:00,100170.765625,100389.3131142768,98349.47884041752,100170.765625,4984501,0.0,0.0
2024-05-24 00:00:00+07:00,100535.01739801868,100535.01739801868,95144.00391705344,96091.078125,18693006,0.0,0.0
2024-05-27 00:00:00+07:00,96892.45083960588,97256.70670213868,95144.01065619054,96746.75,8095153,0.0,0.0
2024-05-28 00:00:00+07:00,97620.96505452407,99806.5078125,96965.2999690204,99806.5078125,7167286,0.0,0.0
2024-05-29 00:00:00+07:00,99879.35052770092,100680.71636449912,98203.7646772918,98859.4296875,8077299,0.0,0.0
2024-05-30 00:00:00+07:00,97475.25651749712,98349.4765625,96091.07979759974,98349.4765625,9655968,0.0,0.0
2024-05-31 00:00:00+07:00,98349.47951191867,99660.80209171269,97475.25944069866,98058.0703125,3566251,0.0,0.0
2024-06-03 00:00:00+07:00,98349.48719298848,100243.62079251515,98130.93215811436,99733.6640625,10280584,0.0,0.0
2024-06-04 00:00:00+07:00,101263.5364415369,101482.09146489,100389.31634812448,101336.390625,9323359,0.0,0.0
2024-06-05 00:00:00+07:00,101992.05178386664,105561.77115001528,101773.49676889468,102064.8984375,8387029,0.0,0.0
2024-06-06 00:00:00+07:00,102210.60515040724,103230.52610325807,101117.83753973329,101700.6484375,6919053,0.0,0.0
2024-06-07 00:00:00+07:00,102720.5664057182,103449.078125,102356.31054607734,103449.078125,5259051,0.0,0.0
2024-06-10 00:00:00+07:00,104541.84572899825,105634.61322950352,104177.58989549648,104906.1015625,4992965,0.0,0.0
2024-06-11 00:00:00+07:00,105124.66659558326,106727.3984375,104250.44649016092,106727.3984375,11133464,0.0,0.0
2024-06-12 00:00:00+07:00,108129.698746889,112187.73380451131,108045.159672932,111595.9375,12897824,1000.0,1.15
2024-06-13 00:00:00+07:00,113033.15315453777,113117.69982277347,109905.0859375,109905.0859375,9977629,0.0,0.0
2024-06-14 00:00:00+07:00,109989.63358214391,112103.19396834366,109059.6657969194,110750.515625,7598279,0.0,0.0
2024-06-17 00:00:00+07:00,110750.51366249083,111088.6775456314,108636.9533137436,108890.578125,5597739,0.0,0.0
2024-06-18 00:00:00+07:00,108890.5775457875,109651.45957111336,108214.2421875,108214.2421875,7977319,0.0,0.0
2024-06-19 00:00:00+07:00,108214.24504996442,112272.27249823944,107030.64484934608,111173.2265625,11809579,0.0,0.0
2024-06-20 00:00:00+07:00,112441.35977182708,114724.00593925807,111426.85289594805,112694.9921875,12719804,0.0,0.0
2024-06-21 00:00:00+07:00,113202.23636267536,115062.171875,112694.98674702596,115062.171875,8801294,0.0,0.0
2024-06-24 00:00:00+07:00,114132.2004658464,114554.91099722596,111595.92968196551,111680.46875,16549534,0.0,0.0
2024-06-25 00:00:00+07:00,110750.51464183725,110835.05371446896,108721.49334703188,109905.0859375,16157660,0.0,0.0
2024-06-26 00:00:00+07:00,110750.5084201292,111426.84375,109397.83016478395,111426.84375,8304609,0.0,0.0
2024-06-27 00:00:00+07:00,111004.13402394931,113371.31908906015,110581.42349026576,112272.265625,7506854,0.0,0.0
2024-06-28 00:00:00+07:00,112272.27150832216,112272.27150832216,110243.2578020747,110327.796875,7627949,0.0,0.0
2024-07-01 00:00:00+07:00,110243.25624347317,110243.25624347317,108636.9531157699,108721.4921875,7422099,0.0,0.0
2024-07-02 00:00:00+07:00,108721.49180731464,111680.47324157976,107791.52404351592,108214.2421875,8694000,0.0,0.0
2024-07-03 00:00:00+07:00,110327.7974712768,112272.27211510806,109989.63358214391,110750.515625,9066715,0.0,0.0
2024-07-04 00:00:00+07:00,111680.4719265936,114808.5390625,111680.4719265936,114808.5390625,9335584,0.0,0.0
2024-07-05 00:00:00+07:00,115062.17400590252,118105.69454297503,115062.17400590252,117260.2734375,8980809,0.0,0.0
2024-07-08 00:00:00+07:00,117091.1884704742,118021.15625,116245.76735941655,118021.15625,7021554,0.0,0.0
2024-07-09 00:00:00+07:00,117598.4439398723,117767.52967868184,114977.6263817305,116245.765625,11150514,0.0,0.0
2024-07-10 00:00:00+07:00,114977.63133218806,115823.06006263634,113286.7890625,113286.7890625,7288354,0.0,0.0
2024-07-11 00:00:00+07:00,113371.3271727755,114470.38071520148,112018.64881117592,112441.359375,7914414,0.0,0.0
2024-07-12 00:00:00+07:00,111765.01703509896,114977.62319667412,111765.01703509896,113117.6953125,4128499,0.0,0.0
2024-07-15 00:00:00+07:00,112864.06975690756,113963.12329756208,111849.56288624412,112187.734375,3527279,0.0,0.0
2024-07-16 00:00:00+07:00,112948.61757032068,113709.499629922,111849.56401854004,113286.7890625,5005029,0.0,0.0
2024-07-17 00:00:00+07:00,113286.77919398282,113371.31826186123,109820.54069010276,111511.3828125,8015614,0.0,0.0
2024-07-18 00:00:00+07:00,111088.67674107425,111088.67674107425,108045.15624122812,108129.6953125,12448979,0.0,0.0
2024-07-19 00:00:00+07:00,108721.48999734582,109313.28627434676,106523.390625,106523.390625,7563204,0.0,0.0
2024-07-22 00:00:00+07:00,106523.38900846864,106523.38900846864,104156.20393638776,104917.0859375,7149434,0.0,0.0
2024-07-23 00:00:00+07:00,105593.42248242014,107791.52184655872,105508.8834127087,106100.6796875,6223339,0.0,0.0
2024-07-24 00:00:00+07:00,106100.680083657,107030.64023637008,104832.54086402424,106523.390625,4797454,0.0,0.0
2024-07-25 00:00:00+07:00,105001.62559693088,106100.67907040988,104917.08652771112,105677.9609375,3735660,0.0,0.0
2024-07-26 00:00:00+07:00,106438.84573133705,108214.2421875,105170.71408619652,108214.2421875,7686254,0.0,0.0
2024-07-29 00:00:00+07:00,109905.07729223136,110412.33447493224,109059.65625,109059.65625,5761269,0.0,0.0
2024-07-30 00:00:00+07:00,109059.66328426036,109482.37383264051,107368.81349513576,108214.2421875,2787369,0.0,0.0
2024-07-31 00:00:00+07:00,107622.43868138516,108721.4921875,107030.64239246272,108721.4921875,3556144,0.0,0.0
2024-08-01 00:00:00+07:00,109566.91004763904,109651.45671247326,104917.08654107526,105508.8828125,7900845,0.0,0.0
2024-08-02 00:00:00+07:00,103226.24314078572,105508.889297556,102296.27534407144,104156.2109375,11680779,0.0,0.0
2024-08-05 00:00:00+07:00,102380.81814493732,103902.57459633664,99252.74338409529,100267.2578125,11977479,0.0,0.0
2024-08-06 00:00:00+07:00,101450.85213167874,103057.15527759524,101281.7663906974,102127.1875,8075126,0.0,0.0
2024-08-07 00:00:00+07:00,102296.27419531044,103141.6953125,101619.93882067958,103141.6953125,3246219,0.0,0.0
2024-08-08 00:00:00+07:00,102803.52322908184,103479.85854980572,102211.72697509716,102634.4375,3711774,0.0,0.0
2024-08-09 00:00:00+07:00,103479.86334584234,107284.2734375,103141.69187200523,107284.2734375,6913109,0.0,0.0
2024-08-12 00:00:00+07:00,107284.2759430646,110074.17167836743,106692.47964783054,109905.0859375,7791250,0.0,0.0
2024-08-13 00:00:00+07:00,109651.453125,110074.16364853016,108214.23582587676,109651.453125,5016645,0.0,0.0
2024-08-14 00:00:00+07:00,110496.8818460504,111173.22480715334,109482.375,109482.375,4395529,0.0,0.0
2024-08-15 00:00:00+07:00,109144.20294566972,109482.3744244434,108383.32091623094,108806.0390625,2651439,0.0,0.0
2024-08-16 00:00:00+07:00,109144.20448452087,110750.51523354164,109144.20448452087,110412.34375,6309589,0.0,0.0
2024-08-19 00:00:00+07:00,110835.05409936389,111088.6789137438,109905.08631916544,110327.796875,2938090,0.0,0.0
2024-08-20 00:00:00+07:00,110496.88359071808,112018.64768162328,110496.88359071808,111173.2265625,4582059,0.0,0.0
2024-08-21 00:00:00+07:00,110412.33835317077,113117.694898061,110412.33835317077,112864.0625,7442684,0.0,0.0
2024-08-22 00:00:00+07:00,113286.7810466256,113709.49158413774,112864.06291350976,113117.6953125,4094574,0.0,0.0
2024-08-23 00:00:00+07:00,113033.1480415532,113033.1480415532,111934.10216903548,112525.8984375,3823751,0.0,0.0
2024-08-26 00:00:00+07:00,112694.99065340518,112864.06880074657,111173.2265625,111173.2265625,3171929,0.0,0.0
2024-08-27 00:00:00+07:00,111173.21955913409,112103.18728894876,110243.2518293194,112018.640625,3438384,0.0,0.0
2024-08-28 00:00:00+07:00,112441.35977182708,113709.49906337904,112356.82069700558,112694.9921875,3346155,0.0,0.0
2024-08-29 00:00:00+07:00,112272.2741930614,113117.70292055108,111765.02455217182,113033.15625,3033355,0.0,0.0
2024-08-30 00:00:00+07:00,112864.06370577058,114047.66385295813,112441.35316529118,113963.1171875,3886769,0.0,0.0
2024-09-04 00:00:00+07:00,112441.359375,112441.359375,111173.22768352772,112441.359375,5675479,0.0,0.0
2024-09-05 00:00:00+07:00,112441.35746004172,112441.35746004172,109651.46170983334,110412.34375,9263939,0.0,0.0
2024-09-06 00:00:00+07:00,110327.7904922233,112356.81167669017,110158.71235615436,111680.46875,4889109,0.0,0.0
2024-09-09 00:00:00+07:00,110581.43006617924,111511.39025734329,109989.63376470936,111004.140625,3317981,0.0,0.0
2024-09-10 00:00:00+07:00,110750.51464183725,110750.51464183725,109566.91445576512,109905.0859375,4824366,0.0,0.0
2024-09-11 00:00:00+07:00,109905.08652468756,111004.14004839584,109736.00078291672,110412.34375,4128959,0.0,0.0
2024-09-12 00:00:00+07:00,110750.51655874494,112018.64824379404,110750.51655874494,111849.5625,5023199,0.0,0.0
2024-09-13 00:00:00+07:00,111765.02399200229,112779.53086430096,111595.93824735182,112441.359375,4526054,0.0,0.0
2024-09-16 00:00:00+07:00,111426.84313371516,112441.34992071212,110835.046875,110835.046875,2640054,0.0,0.0
2024-09-17 00:00:00+07:00,110919.58756805376,112356.8125,110919.58756805376,112356.8125,4164609,0.0,0.0
2024-09-18 00:00:00+07:00,112779.51669268198,114301.28060771064,112356.80618197474,113794.0234375,6267039,0.0,0.0
2024-09-19 00:00:00+07:00,114132.2033265893,114808.5386746283,113540.40704870374,114301.2890625,5927444,0.0,0.0
2024-09-20 00:00:00+07:00,115231.25680449694,115823.0530823429,114132.20331895282,114385.828125,4277654,0.0,0.0
2024-09-23 00:00:00+07:00,114893.09225694535,114893.09225694535,112779.53182423105,113286.7890625,4004529,0.0,0.0
2024-09-24 00:00:00+07:00,113286.7816477449,113878.5779225228,113033.14924740884,113709.4921875,3168842,0.0,0.0
2024-09-25 00:00:00+07:00,113540.4066470206,113963.1171875,112948.6103712287,113963.1171875,5381884,0.0,0.0
2024-09-26 00:00:00+07:00,114132.21037694292,114132.21037694292,113202.24256978856,113540.4140625,3542689,0.0,0.0
2024-09-27 00:00:00+07:00,113540.40604000611,113624.94510940852,112864.06310237198,113455.859375,4085719,0.0,0.0
2024-09-30 00:00:00+07:00,113455.85978716394,113709.4921875,112441.35297263094,113709.4921875,3770274,0.0,0.0
2024-10-01 00:00:00+07:00,113878.57911236706,115146.71074488228,113878.57911236706,114893.0859375,7920049,0.0,0.0
2024-10-02 00:00:00+07:00,113794.03982150632,114893.09338406888,113794.03982150632,114470.3828125,2724579,0.0,0.0
2024-10-03 00:00:00+07:00,114470.38168952336,115062.17800303502,113286.7890625,113286.7890625,4176570,0.0,0.0
2024-10-04 00:00:00+07:00,113540.40604691884,113963.11658516404,112864.0631092435,113371.3203125,1688659,0.0,0.0
2024-10-07 00:00:00+07:00,113455.85938190756,114047.66325017532,112948.6097742548,113371.3203125,2186725,0.0,0.0
2024-10-08 00:00:00+07:00,113371.32011588654,114216.7411909108,112948.6095783744,113117.6953125,2424890,0.0,0.0
2024-10-09 00:00:00+07:00,113540.41499768585,114808.54671239252,113540.41499768585,114470.3828125,3242884,0.0,0.0
2024-10-10 00:00:00+07:00,114808.53653088523,120050.1638638284,114808.53653088523,119796.5390625,11617529,0.0,0.0
2024-10-11 00:00:00+07:00,120050.1699547799,120726.51292010923,118021.15625,118021.15625,4443139,0.0,0.0
2024-10-14 00:00:00+07:00,119289.2861274254,119458.3718662217,115907.5941383112,116330.3046875,6480594,0.0,0.0
2024-10-15 00:00:00+07:00,116330.3043066242,117175.73299783768,115484.8832110146,115823.0546875,3347419,0.0,0.0
2024-10-16 00:00:00+07:00,115315.7890651557,115907.58530805564,114977.61761332622,115231.25,3215400,0.0,0.0
2024-10-17 00:00:00+07:00,115400.33654409132,115907.5937588194,114554.91544848173,115823.0546875,4334579,0.0,0.0
2024-10-18 00:00:00+07:00,116161.2185683815,116499.39004486689,115484.8832110146,115823.0546875,2494811,0.0,0.0
2024-10-21 00:00:00+07:00,115823.05328617526,116414.8495650627,114554.9140625,114554.9140625,3290494,0.0,0.0
2024-10-22 00:00:00+07:00,114723.99777813914,114723.99777813914,112441.3517730887,112525.8984375,7100674,0.0,0.0
2024-10-23 00:00:00+07:00,112356.8134947501,113963.1165782256,112103.18869093916,113455.859375,3467365,0.0,0.0
2024-10-24 00:00:00+07:00,113455.86739152,113540.4140625,113117.7034944128,113540.4140625,2618780,0.0,0.0
2024-10-25 00:00:00+07:00,113540.41388383236,113794.03870516473,112948.61757032068,113286.7890625,2114849,0.0,0.0
2024-10-28 00:00:00+07:00,113371.32112000731,114132.2031325097,112948.61057875126,114047.6640625,1731900,0.0,0.0
2024-10-29 00:00:00+07:00,114470.3828125,114554.92188857203,113963.12556925474,114470.3828125,3046579,0.0,0.0
2024-10-30 00:00:00+07:00,114470.37539332826,114893.0859375,114301.2896565388,114893.0859375,2368769,0.0,0.0
2024-10-31 00:00:00+07:00,114893.0859375,114977.6250080928,114385.82872713162,114893.0859375,1542954,0.0,0.0
2024-11-01 00:00:00+07:00,114132.19488430709,114132.19488430709,112948.60241608552,113794.0234375,3067624,0.0,0.0
2024-11-04 00:00:00+07:00,113794.02962274374,113794.02962274374,112187.72655650474,112272.265625,4321584,0.0,0.0
2024-11-05 00:00:00+07:00,112441.35920568756,113286.7879276669,111849.56289810412,112103.1953125,3152264,0.0,0.0
2024-11-06 00:00:00+07:00,112525.89190537827,113794.0234375,112441.3452458749,113794.0234375,2071724,0.0,0.0
2024-11-07 00:00:00+07:00,114385.82792310097,116330.30248910608,113455.86017509768,114216.7421875,5205474,0.0,0.0
2024-11-08 00:00:00+07:00,115062.17146502482,115653.96774490972,114216.74278261513,114808.5390625,2422244,0.0,0.0
2024-11-11 00:00:00+07:00,115400.32979047834,117936.6081200834,114977.61926741198,116922.09375,6085799,0.0,0.0
2024-11-12 00:00:00+07:00,117175.73279595855,117429.35760508369,114893.08672702072,115653.96875,3409404,0.0,0.0
2024-11-13 00:00:00+07:00,115569.42285783617,116753.01543582507,115062.173236186,116499.390625,4169209,0.0,0.0
2024-11-14 00:00:00+07:00,116583.93570158492,118274.77787815285,114977.625,114977.625,5647996,0.0,0.0
2024-11-15 00:00:00+07:00,114385.81902402072,114723.99046891328,112103.18076000402,113202.2265625,7548139,0.0,0.0
2024-11-18 00:00:00+07:00,113286.7890625,113794.03870516473,112018.6497646297,113286.7890625,4592410,0.0,0.0
2024-11-19 00:00:00+07:00,112864.06741367032,112948.61408190604,109820.54686486829,109905.0859375,10525719,0.0,0.0
2024-11-20 00:00:00+07:00,109905.0803704708,111934.1015625,107115.18477648468,111934.1015625,11063344,0.0,0.0
2024-11-21 00:00:00+07:00,111934.10973665275,112441.359375,110750.51711970364,112441.359375,4978351,0.0,0.0
2024-11-22 00:00:00+07:00,112356.80554587184,113624.93707081408,112018.63410097928,113202.2265625,6412284,0.0,0.0
2024-11-25 00:00:00+07:00,113286.77322152472,113286.77322152472,112610.43033173964,113202.2265625,7633354,0.0,0.0
2024-11-26 00:00:00+07:00,112779.52503490748,114893.08534038556,112694.98596475404,114301.2890625,5176264,0.0,0.0
2024-11-27 00:00:00+07:00,114301.29216476234,118105.69474139548,114301.29216476234,117429.359375,15313744,0.0,0.0
2024-11-28 00:00:00+07:00,117852.0703125,118359.32753565264,116922.10253452216,117852.0703125,8232504,0.0,0.0
2024-11-29 00:00:00+07:00,117852.06668149936,122924.6083743257,117513.8952098166,121994.640625,15510854,0.0,0.0
2024-12-02 00:00:00+07:00,122974.6905689137,124423.46154312248,120673.71443588092,121185.0390625,9131609,1000.0,0.0
2024-12-03 00:00:00+07:00,120758.92611111744,124338.22892999036,120758.92611111744,123571.234375,8017454,0.0,0.0
2024-12-04 00:00:00+07:00,123571.24109845464,124679.12388408076,121696.3713727298,122292.921875,8911235,0.0,0.0
2024-12-05 00:00:00+07:00,122719.01947900848,126553.9921875,122378.1313145597,126553.9921875,10125865,0.0,0.0
2024-12-06 00:00:00+07:00,129451.52470719555,129451.52470719555,126127.88408897282,127406.2109375,5753679,0.0,0.0
2024-12-09 00:00:00+07:00,127150.54921976336,127406.21152800444,124508.67729365348,125275.671875,6783855,0.0,0.0
2024-12-10 00:00:00+07:00,125360.89716780442,127406.2109375,125275.67129437022,127406.2109375,4930286,0.0,0.0
2024-12-11 00:00:00+07:00,127832.31548386846,129281.08640166347,127576.65318051416,128258.421875,10656597,0.0,0.0
2024-12-12 00:00:00+07:00,129451.52895468508,129451.52895468508,127150.55280243506,128002.765625,6500612,0.0,0.0
2024-12-13 00:00:00+07:00,127406.2109375,128599.31191259297,127320.99272068904,127406.2109375,5594525,0.0,0.0
2024-12-16 00:00:00+07:00,127491.43159392822,128343.6520614618,127406.21337548658,127747.1015625,6521547,0.0,0.0
2024-12-17 00:00:00+07:00,127917.54983700396,128258.43037853572,125872.2283046953,126127.890625,8470330,0.0,0.0
2024-12-18 00:00:00+07:00,126127.88715383412,127661.8763466928,126127.88715383412,126724.4453125,4070355,0.0,0.0
2024-12-19 00:00:00+07:00,125531.33301719236,126980.103949222,125446.114800778,126213.109375,6698121,0.0,0.0
2024-12-20 00:00:00+07:00,126553.99814289738,128343.64960553682,126383.5540526522,127406.2109375,5446171,0.0,0.0
2024-12-23 00:00:00+07:00,127406.21268942831,127747.10087460613,126724.44397569606,127661.875,4957549,0.0,0.0
2024-12-24 00:00:00+07:00,127832.31495086684,128514.09129913314,127320.99034629024,128173.203125,4643588,0.0,0.0
2024-12-25 00:00:00+07:00,128343.64965968292,128854.98193063417,128173.20556936583,128514.09375,5368318,0.0,0.0
2024-12-26 00:00:00+07:00,128684.53189891006,129025.42008408786,127065.32450425052,127661.875,3384797,0.0,0.0
2024-12-27 00:00:00+07:00,127406.21147033264,127747.09965224864,126724.44276312394,127491.4296875,5303460,0.0,0.0
2024-12-30 00:00:00+07:00,127320.99087715986,128514.09183497744,126553.9963104738,128258.421875,3674715,0.0,0.0
2024-12-31 00:00:00+07:00,128428.87034516012,131155.96818602982,128087.9821579735,129962.8671875,5523681,0.0,0.0
2025-01-02 00:00:00+07:00,129962.86389562502,130133.30032827788,127917.54248093526,129536.7421875,7119420,0.0,0.0
2025-01-03 00:00:00+07:00,128940.19706942012,128940.19706942012,126980.1015625,126980.1015625,7413019,0.0,0.0
2025-01-06 00:00:00+07:00,127065.32153639216,128002.76019542372,126468.77105457624,127235.765625,3987169,0.0,0.0
2025-01-07 00:00:00+07:00,127406.20680833649,128940.19591420404,127406.20680833649,127917.5390625,4661299,0.0,0.0
2025-01-08 00:00:00+07:00,127832.31797692653,127832.31797692653,126213.11059639866,126383.5546875,4461887,0.0,0.0
2025-01-09 00:00:00+07:00,126383.5576530598,127150.55225270156,126127.8876820969,126809.6640625,2259060,0.0,0.0
2025-01-10 00:00:00+07:00,126809.66280981616,127065.32512163006,125446.11771910316,125531.3359375,3148358,0.0,0.0
2025-01-13 00:00:00+07:00,124508.67318770368,126553.9945560532,123315.57224642606,125787.0,5930212,0.0,0.0
2025-01-14 00:00:00+07:00,125787.00847631424,126127.88901349064,123656.46875,123656.46875,4950178,0.0,0.0
2025-01-15 00:00:00+07:00,124423.45795794576,124849.56435339151,123400.8010775513,123997.3515625,3968423,0.0,0.0
2025-01-16 00:00:00+07:00,124593.9001978525,125275.66888912022,123741.67976298898,124849.5625,4435208,0.0,0.0
2025-01-17 00:00:00+07:00,124934.7801841442,127917.54020855378,124423.45558202257,126980.1015625,4485004,0.0,0.0
2025-01-20 00:00:00+07:00,126980.10749804613,128173.20850093092,126298.33112118428,127832.3203125,2642367,0.0,0.0
2025-01-21 00:00:00+07:00,128258.42618639674,129025.42077886524,126980.10697003148,127747.1015625,3997171,0.0,0.0
2025-01-22 00:00:00+07:00,127491.43037574927,128343.65083513988,127150.54984861636,127576.65625,4676591,0.0,0.0
2025-01-23 00:00:00+07:00,127917.5483378123,132945.61474686902,127832.32246096048,131496.84375,9727965,0.0,0.0
2025-01-24 00:00:00+07:00,131326.40189348935,131667.2900735909,130729.84375,130729.84375,4543311,0.0,0.0
2025-02-03 00:00:00+07:00,126127.8835397288,127150.54807674648,123826.90747299705,123997.3515625,14792679,0.0,0.0
2025-02-04 00:00:00+07:00,124423.46215474798,125275.67497438464,123826.91164967764,124593.90625,8338304,0.0,0.0
2025-02-05 00:00:00+07:00,125190.449443392,125701.77404266098,124253.01080256818,124679.1171875,6145714,0.0,0.0
2025-02-06 00:00:00+07:00,125275.66888912022,125531.33119126772,124082.5679369344,124849.5625,4283290,0.0,0.0
2025-02-07 00:00:00+07:00,124849.56787612436,125020.0119704365,124253.01737434349,124508.6796875,5020784,0.0,0.0
2025-02-10 00:00:00+07:00,123997.35388728965,123997.35388728965,121014.59375,121014.59375,8912039,0.0,0.0
2025-02-11 00:00:00+07:00,121185.03489637258,123912.125,119395.38345148394,123912.125,8465609,0.0,0.0
2025-02-12 00:00:00+07:00,124082.56663053457,124167.78484481217,122974.68390518783,123571.234375,2340767,0.0,0.0
2025-02-13 00:00:00+07:00,123571.23863001354,123571.23863001354,121611.14306790558,121952.03125,3735314,0.0,0.0
2025-02-14 00:00:00+07:00,122719.02883731225,123571.24165679932,122378.14064686802,123486.0234375,3739464,0.0,0.0
2025-02-17 00:00:00+07:00,123571.2337460517,123571.2337460517,122207.68872818931,122378.1328125,3238744,0.0,0.0
2025-02-18 00:00:00+07:00,122548.5788156987,123059.91107663725,121952.02833958194,122633.8046875,1913714,0.0,0.0
2025-02-19 00:00:00+07:00,122633.81302902526,123486.02586526706,121952.03663473293,122719.03125,3990271,0.0,0.0
2025-02-20 00:00:00+07:00,122889.46938518902,123230.35756579312,121866.8125,121866.8125,3893209,0.0,0.0
2025-02-21 00:00:00+07:00,121696.37012079422,121781.58833883182,120588.4873465653,121014.59375,6132489,0.0,0.0
2025-02-24 00:00:00+07:00,121014.59263603692,121014.59263603692,118884.0606384754,119736.2734375,8645586,0.0,0.0
2025-02-25 00:00:00+07:00,119651.04628099404,119651.04628099404,117776.17661191335,118457.9453125,8434559,0.0,0.0
2025-02-26 00:00:00+07:00,118543.17250376267,120844.15625,118372.72841256474,120844.15625,4569524,0.0,0.0
2025-02-27 00:00:00+07:00,121014.59738907233,121185.04148689636,119906.72223815147,120418.046875,4509954,0.0,0.0
2025-02-28 00:00:00+07:00,119395.38403561153,120247.59682593074,118457.94537228644,119565.828125,7984679,0.0,0.0
2025-03-03 00:00:00+07:00,119736.2734375,120503.26801927148,119565.82934637042,119736.2734375,3373984,0.0,0.0
2025-03-04 00:00:00+07:00,118884.0654582127,119821.49651249532,118713.62136017309,119310.171875,4628284,0.0,0.0
2025-03-05 00:00:00+07:00,119310.17431605911,119395.39253851068,118543.1796875,118543.1796875,3278764,0.0,0.0
2025-03-06 00:00:00+07:00,118884.05948296904,122292.91830255804,118884.05948296904,120673.7109375,7487879,0.0,0.0
2025-03-07 00:00:00+07:00,120758.927928303,121611.14071039503,120247.59566507388,120503.265625,3951399,0.0,0.0
2025-03-10 00:00:00+07:00,120588.48688678892,120588.48688678892,118628.391313164,118713.6171875,6534069,0.0,0.0
2025-03-11 00:00:00+07:00,117605.73923175296,118031.84565100592,116753.52639324704,117179.6328125,7089059,0.0,0.0
2025-03-12 00:00:00+07:00,117350.07514907094,118202.28797477768,115816.0859375,115816.0859375,7319749,0.0,0.0
2025-03-13 00:00:00+07:00,115986.52572635136,117605.73309770794,115986.52572635136,116327.40625,4266729,0.0,0.0
2025-03-14 00:00:00+07:00,115560.4199745946,116156.97046508983,111469.78475836026,111981.109375,18688649,0.0,0.0
2025-03-17 00:00:00+07:00,112151.55287742108,112577.65927459204,110447.11963211391,110788.0078125,8766449,0.0,0.0
2025-03-18 00:00:00+07:00,110873.23368590814,112662.8851480002,110788.0078125,110788.0078125,6472774,0.0,0.0
2025-03-19 00:00:00+07:00,110873.240664655,111299.3470886466,105248.61596074424,106186.0546875,22154059,0.0,0.0
2025-03-20 00:00:00+07:00,106186.04916002536,108060.91885931748,106100.8232856892,106526.9296875,10014889,0.0,0.0
2025-03-21 00:00:00+07:00,106526.92452479393,109935.79088732004,106526.92452479393,109083.578125,7388519,0.0,0.0
2025-03-24 00:00:00+07:00,109509.690470632,110191.45918629614,108487.0259122007,109935.796875,5853729,0.0,0.0
2025-03-25 00:00:00+07:00,110617.5662226962,110702.79209803078,107805.2578125,107805.2578125,6473579,0.0,0.0
2025-03-26 00:00:00+07:00,107805.2603880008,107805.2603880008,104566.83783701164,104822.5078125,13132079,0.0,0.0
2025-03-27 00:00:00+07:00,103970.28314651868,107805.25605859749,103203.29622072622,107549.59375,8308059,0.0,0.0
2025-03-28 00:00:00+07:00,107464.36231837457,107720.032270373,105674.7109375,105674.7109375,3481049,0.0,0.0
2025-03-31 00:00:00+07:00,105163.3917504699,105163.3917504699,103118.0703125,103118.0703125,6347196,0.0,0.0
2025-04-01 00:00:00+07:00,103970.28009964936,104140.7241859272,101243.19768907278,102691.9609375,9550436,0.0,0.0
2025-04-02 00:00:00+07:00,103288.5125539684,104225.95121055712,102947.624377641,103970.28125,4508229,0.0,0.0
2025-04-03 00:00:00+07:00,97749.1097959985,100220.52982289618,96726.4453125,96726.4453125,13311134,0.0,0.0
2025-04-04 00:00:00+07:00,89993.95803739163,97067.34619735088,89993.95803739163,96300.3515625,25126924,0.0,0.0
2025-04-08 00:00:00+07:00,90334.83831755728,92039.27154064272,89567.84375,89567.84375,19078154,0.0,0.0
2025-04-09 00:00:00+07:00,83346.6701311798,92039.27279657006,83346.6701311798,89738.2890625,21147694,0.0,0.0
2025-04-10 00:00:00+07:00,95959.4609375,95959.4609375,95959.4609375,95959.4609375,2346229,0.0,0.0
2025-04-11 00:00:00+07:00,99709.21204331084,100987.53125,97408.22828332236,100987.53125,22150724,0.0,0.0
2025-04-14 00:00:00+07:00,102265.8581133125,102265.8581133125,97152.5659733092,100987.53125,10797694,0.0,0.0
2025-04-15 00:00:00+07:00,98942.21806244177,99709.21265380066,96896.89659994356,98856.9921875,9026809,0.0,0.0
2025-04-16 00:00:00+07:00,97578.67122535406,98771.77220018322,91954.046875,91954.046875,21726029,0.0,0.0
2025-04-17 00:00:00+07:00,89482.62793395475,94851.5823942102,89397.40205937227,93232.375,13957779,0.0,0.0
2025-04-18 00:00:00+07:00,94169.80353164412,98004.77637077132,94169.80353164412,95107.2421875,9697374,0.0,0.0
2025-04-21 00:00:00+07:00,95448.13105558771,95874.23745044168,93743.69781954876,95192.46875,5016644,0.0,0.0
2025-04-22 00:00:00+07:00,94595.9182049694,94766.35463750268,88630.40571098583,94084.5859375,11778644,0.0,0.0
2025-04-23 00:00:00+07:00,95192.46868870546,95192.46868870546,91783.60221882247,94084.5859375,8367169,0.0,0.0
2025-04-24 00:00:00+07:00,95022.02640980273,96896.8961129954,94255.0318222983,95448.1328125,9498884,0.0,0.0
2025-04-25 00:00:00+07:00,95448.12745931148,95789.015625,93914.13837033608,95789.015625,7721214,0.0,0.0
2025-04-28 00:00:00+07:00,95448.13343398208,95789.02162100884,93061.93143804165,93317.59375,4744899,0.0,0.0
2025-04-29 00:00:00+07:00,93402.8190925416,94169.8060240438,92976.70503287592,93232.375,7141384,0.0,0.0
2025-05-05 00:00:00+07:00,93317.58829768492,93488.03238123964,91101.83052471904,92550.59375,8785524,0.0,0.0
2025-05-06 00:00:00+07:00,92550.5926301037,94595.9139513886,92550.5926301037,93488.03125,7756871,0.0,0.0
2025-05-07 00:00:00+07:00,93402.81303756528,94766.35037625808,92806.25492403074,93488.03125,5050301,0.0,0.0
2025-05-08 00:00:00+07:00,94084.58596455124,97663.8888679966,92891.48499673614,97408.2265625,15656099,0.0,0.0
2025-05-09 00:00:00+07:00,97408.22887972396,99197.88037402026,96726.4525066834,98856.9921875,10149323,0.0,0.0
2025-05-12 00:00:00+07:00,99709.21083643704,101157.97411780704,99453.54087289516,100817.0859375,10533996,0.0,0.0
2025-05-13 00:00:00+07:00,102265.8563950704,102521.518700788,101072.755426224,101839.75,11830797,0.0,0.0
2025-05-14 00:00:00+07:00,102265.85805314248,107634.8125,102265.85805314248,107634.8125,15266284,0.0,0.0
2025-05-15 00:00:00+07:00,107805.25654955568,108146.14473365364,105333.82869978044,106526.9296875,10061767,0.0,0.0
2025-05-16 00:00:00+07:00,106100.82276722352,106271.2668584396,103032.8520952036,103118.0703125,9245113,0.0,0.0
2025-05-19 00:00:00+07:00,101243.19945525377,102691.96272895452,99368.32213011324,100731.8671875,12657486,0.0,0.0
2025-05-20 00:00:00+07:00,99538.77205972426,101669.3118154378,99538.77205972426,101584.0859375,11224421,0.0,0.0
2025-05-21 00:00:00+07:00,102265.85687549322,102265.85687549322,99709.21083643704,100817.0859375,10316701,0.0,0.0
2025-05-22 00:00:00+07:00,99794.43576160482,100220.5421873208,98516.11648445691,99538.7734375,10036641,0.0,0.0
2025-05-23 00:00:00+07:00,99453.54150502628,100390.98017851738,98856.99101400892,99794.4296875,7622512,0.0,0.0
2025-05-26 00:00:00+07:00,99453.54272004252,100390.98140498622,98004.77941176471,99964.875,5434440,0.0,0.0
2025-05-27 00:00:00+07:00,100050.09550392088,101754.52881942569,100050.09550392088,101413.640625,6633821,0.0,0.0
2025-05-28 00:00:00+07:00,101584.08120864694,101754.52529996449,100135.31791738264,100902.3125,5731257,0.0,0.0
2025-05-29 00:00:00+07:00,101413.63706931524,101413.63706931524,99794.4296875,99794.4296875,3386905,0.0,0.0
2025-05-30 00:00:00+07:00,100561.4286297652,100731.87272839196,99283.109375,99283.109375,4659574,0.0,0.0
2025-06-02 00:00:00+07:00,99283.10693888912,99794.4315655994,98516.11234220031,98942.21875,5275590,0.0,0.0
2025-06-03 00:00:00+07:00,99453.54324852464,100561.42603267464,99112.66271669832,100050.09375,6193132,0.0,0.0
2025-06-04 00:00:00+07:00,100561.42426975424,100731.8683609911,99283.10507041273,99794.4296875,8478216,0.0,0.0
2025-06-05 00:00:00+07:00,99794.43576160482,99964.87986321596,99283.11111339516,99538.7734375,5928478,0.0,0.0
2025-06-06 00:00:00+07:00,99538.77046202148,99538.77046202148,98004.78125,98004.78125,6567808,0.0,0.0
2025-06-09 00:00:00+07:00,98430.87922911964,99623.98014588036,98004.77285265122,99027.4296875,5157222,0.0,0.0
2025-06-10 00:00:00+07:00,99709.21088320586,100050.09140704952,98601.328125,98601.328125,4448154,0.0,0.0
2025-06-11 00:00:00+07:00,98942.22169841052,100731.87325847369,98942.22169841052,100476.2109375,7551413,0.0,0.0
2025-06-12 00:00:00+07:00,101207.7127494209,101293.7781019353,100261.04799605212,100691.3515625,4870751,1000.0,0.0
2025-06-13 00:00:00+07:00,99830.74403738516,100261.05536751205,98884.07921441503,99314.3828125,7106645,0.0,0.0
2025-06-16 00:00:00+07:00,99056.19152238716,103101.06223459584,98970.13389814604,102412.5703125,9955806,0.0,0.0
2025-06-17 00:00:00+07:00,102412.56837021804,102670.75670212822,101724.0841932212,102240.453125,6830028,0.0,0.0
2025-06-18 00:00:00+07:00,102240.45058734546,102842.87712678076,100174.98264353772,100691.3515625,8806909,0.0,0.0
2025-06-19 00:00:00+07:00,100691.35709976446,100777.41472497,99572.56157984155,99830.7421875,7751533,0.0,0.0
2025-06-20 00:00:00+07:00,99916.8046875,100605.2888655817,99658.616355183,99916.8046875,6447489,0.0,0.0
2025-06-23 00:00:00+07:00,99400.43373941844,100088.92563558156,98539.82660125602,99744.6796875,6843685,0.0,0.0
2025-06-24 00:00:00+07:00,100088.93170302504,100691.35828266644,100088.93170302504,100261.0546875,14906069,0.0,0.0
2025-06-25 00:00:00+07:00,100691.35643786016,102756.81674963376,100691.35643786016,100777.4140625,8463960,0.0,0.0
2025-06-26 00:00:00+07:00,101551.95869539576,101810.1392888562,100347.10561652516,100691.3515625,4867700,0.0,0.0
2025-06-27 00:00:00+07:00,100691.35845137593,101810.14625427483,100605.2930929733,100949.5390625,6868950,0.0,0.0
2025-06-30 00:00:00+07:00,101465.90533320433,102842.88144285076,101207.71699686696,101724.0859375,9263626,0.0,0.0
2025-07-01 00:00:00+07:00,102412.56837021804,102842.8796793878,101724.0841932212,102240.453125,14549235,0.0,0.0
2025-07-02 00:00:00+07:00,101982.26277205502,102154.38574590356,101207.71325575726,102068.328125,5347792,0.0,0.0
2025-07-03 00:00:00+07:00,101982.26451344827,103101.05999654708,101379.83796071238,101551.9609375,8345758,0.0,0.0
2025-07-04 00:00:00+07:00,101982.266789018,106199.26048430636,101896.20916472471,105424.7109375,15619598,0.0,0.0
2025-07-07 00:00:00+07:00,106113.1964092544,107318.0495561588,105855.0158012154,106543.5,8584754,0.0,0.0
2025-07-08 00:00:00+07:00,106801.6836567238,108178.65972595304,106715.61830312364,107145.921875,9298471,0.0,0.0
2025-07-09 00:00:00+07:00,107404.11268429928,107490.17030784547,105252.5870431856,105682.890625,14361866,0.0,0.0
2025-07-10 00:00:00+07:00,106543.4971449321,107834.4156146177,106285.31654381164,106629.5625,6229950,0.0,0.0
2025-07-11 00:00:00+07:00,107576.22703543714,110158.0639689039,107231.98881207762,108953.203125,12676173,0.0,0.0
2025-07-14 00:00:00+07:00,109469.5732487655,110071.99981124906,107576.22820550772,109383.515625,8923096,0.0,0.0
2025-07-15 00:00:00+07:00,108953.20495975552,109985.94284335,108436.84375,108436.84375,6550566,0.0,0.0
2025-07-16 00:00:00+07:00,109039.26939579275,109297.44999849147,107662.2932946634,108695.0234375,5838606,0.0,0.0
2025-07-17 00:00:00+07:00,109039.27251491588,111104.7328596726,108436.84593669166,109297.453125,10387301,0.0,0.0
2025-07-18 00:00:00+07:00,110158.06582394907,110158.06582394907,108436.84375,108436.84375,8065531,0.0,0.0
2025-07-21 00:00:00+07:00,111242.42744220309,111242.42744220309,109164.0546875,109164.0546875,8815279,0.0,1.15
2025-07-22 00:00:00+07:00,109164.053286686,111044.48575490632,107580.53120818464,110945.515625,7127237,0.0,0.0
2025-07-23 00:00:00+07:00,111143.46004304562,111638.31071109124,110153.75870695438,110648.609375,4825624,0.0,0.0
2025-07-24 00:00:00+07:00,110846.55153015302,110945.5216654478,109658.90990661566,109955.8203125,6635334,0.0,0.0
2025-07-25 00:00:00+07:00,109955.818032972,110351.69856594398,109361.997233514,109559.9375,5160642,0.0,0.0
2025-07-28 00:00:00+07:00,109658.9071484726,110450.66821091644,109361.99675005616,110153.7578125,7635424,0.0,0.0
2025-07-29 00:00:00+07:00,110153.7609375,110450.6713443396,104908.34375,104908.34375,16863140,0.0,0.0
2025-07-30 00:00:00+07:00,105898.04370876533,106887.74505183788,104215.55142554194,105007.3125,7517104,0.0,0.0
2025-07-31 00:00:00+07:00,105007.31027644232,105799.0713341346,102730.99723557691,102928.9375,9029001,0.0,0.0
2025-08-01 00:00:00+07:00,102632.02477365654,106293.9195823598,100454.68191442757,105898.0390625,12009590,0.0,0.0
2025-08-04 00:00:00+07:00,105403.19392735694,105502.1640625,103720.70162992497,105502.1640625,5568013,0.0,0.0
2025-08-05 00:00:00+07:00,105898.04000767958,107580.53223210068,103918.6373907136,104710.3984375,12294870,0.0,0.0
2025-08-06 00:00:00+07:00,104908.3433627264,105106.2836332221,103423.79133400858,103819.671875,12760440,0.0,0.0
2025-08-07 00:00:00+07:00,104512.4604519774,106293.9228460452,103819.66952095104,105106.28125,11242080,0.0,0.0
2025-08-08 00:00:00+07:00,105403.19213867188,106293.92333984376,103720.69986979169,104512.4609375,9944007,0.0,0.0
2025-08-11 00:00:00+07:00,104809.36809797931,108372.2927925282,104215.5473155545,105304.21875,10309900,0.0,0.0
2025-08-12 00:00:00+07:00,106293.92049418604,107085.68154069768,105502.1594476744,106392.890625,11035850,0.0,0.0
2025-08-13 00:00:00+07:00,106491.86269029496,106689.80295551856,103819.6691097764,104017.609375,22277030,0.0,0.0
2025-08-14 00:00:00+07:00,104710.40269749518,104710.40269749518,102632.02986512524,102731.0,17641670,0.0,0.0
2025-08-15 00:00:00+07:00,102731.00203402368,103720.70340236684,100256.74861316568,100355.71875,18727080,0.0,0.0
2025-08-18 00:00:00+07:00,100355.7155783582,101939.2377176617,98970.13370646766,99464.984375,11450410,0.0,0.0
2025-08-19 00:00:00+07:00,99563.9572843968,100454.68851258724,98970.13646560318,99267.046875,9195795,0.0,0.0
2025-08-20 00:00:00+07:00,99069.1035136259,99267.0437803864,96495.88004573953,96693.8203125,20040970,0.0,0.0
2025-08-21 00:00:00+07:00,96693.81969026547,101840.26659292036,96693.81969026547,100652.625,13115940,0.0,0.0
2025-08-22 00:00:00+07:00,100553.65309343436,100553.65309343436,97782.48942550505,97980.4296875,7246765,0.0,0.0
2025-08-25 00:00:00+07:00,100949.53646887653,100949.53646887653,97782.4921875,97782.4921875,7814632,0.0,0.0
2025-08-26 00:00:00+07:00,97782.49121875,98970.1328125,96891.7600234375,98970.1328125,5833193,0.0,0.0
2025-08-27 00:00:00+07:00,100355.71580357142,104017.61075892855,100157.77553571427,103918.640625,19764750,0.0,0.0
2025-08-28 00:00:00+07:00,104017.60986094498,104017.60986094498,101741.29680023924,103423.7890625,7522751,0.0,0.0
2025-08-29 00:00:00+07:00,103918.64080954724,103918.64080954724,100553.65625,100553.65625,11882660,0.0,0.0
2025-09-03 00:00:00+07:00,100949.53806322676,102236.1498228561,98970.13535610466,102137.1796875,12062870,0.0,0.0
2025-09-04 00:00:00+07:00,102236.14834821428,104413.49129464284,102137.17821428573,103918.640625,15676230,0.0,0.0
2025-09-05 00:00:00+07:00,104116.57957567698,104413.48997370648,102335.1171875,102335.1171875,10707290,0.0,0.0
2025-09-08 00:00:00+07:00,101939.23393032384,102829.96510058882,100850.5625,100850.5625,14253670,0.0,0.0
2025-09-09 00:00:00+07:00,100949.53767752204,101939.23902730166,99959.83632774242,101048.5078125,7843341,0.0,0.0
2025-09-10 00:00:00+07:00,101048.50462419711,101840.26567903905,100058.80330564476,100157.7734375,8343955,0.0,0.0
2025-09-11 00:00:00+07:00,100157.77797181372,101840.27028952206,99464.98701746322,100949.5390625,7433193,0.0,0.0
2025-09-12 00:00:00+07:00,100949.53678641732,101840.2679933563,100058.80557947834,100553.65625,8913375,0.0,0.0
2025-09-15 00:00:00+07:00,100850.5625,102434.08458047106,100454.68197988224,100850.5625,14188010,0.0,0.0
2025-09-16 00:00:00+07:00,101642.32488677536,103720.69764492754,100949.53396739133,102434.0859375,18031870,0.0,0.0
2025-09-17 00:00:00+07:00,102928.94016587676,106689.80528732228,102928.94016587676,104413.4921875,21564690,0.0,0.0
2025-09-18 00:00:00+07:00,104908.33828883496,105205.24868021844,101939.234375,101939.234375,11795170,0.0,0.0
2025-09-19 00:00:00+07:00,102730.99541868932,102730.99541868932,99464.98111347089,101939.234375,24203740,0.0,0.0
2025-09-22 00:00:00+07:00,101444.39039775576,101642.3306717026,98574.2564255266,98673.2265625,17157560,0.0,0.0
2025-09-23 00:00:00+07:00,98970.12914540817,98970.12914540817,96495.87591677296,96990.7265625,20483520,0.0,0.0
2025-09-24 00:00:00+07:00,97089.69940326634,98475.28125,96396.9084798995,98475.28125,7748532,0.0,0.0
2025-09-25 00:00:00+07:00,98475.27849968112,98475.27849968112,96891.7564333546,96990.7265625,9840162,0.0,0.0
2025-09-26 00:00:00+07:00,97188.67376602563,98277.34526442309,96396.91267628204,96495.8828125,9115898,0.0,0.0
2025-09-29 00:00:00+07:00,96792.78961060208,96792.78961060208,94516.4765625,94516.4765625,11578690,0.0,0.0
2025-09-30 00:00:00+07:00,94516.47996471774,94813.39037298388,91844.2862903226,92042.2265625,13961910,0.0,0.0
2025-10-01 00:00:00+07:00,92240.16130219486,93526.77299417826,90458.6989594486,92438.1015625,7440061,0.0,0.0
2025-10-02 00:00:00+07:00,91943.25324884636,92438.10391218784,91052.5220548317,91151.4921875,10349910,0.0,0.0
2025-10-03 00:00:00+07:00,91250.46000066916,93031.9223434154,91151.4898705166,92438.1015625,7702876,0.0,0.0
2025-10-06 00:00:00+07:00,93328.83497218588,94912.35709260473,92537.07391197643,94516.4765625,11215240,0.0,0.0
2025-10-07 00:00:00+07:00,95011.3272251309,95308.23762270942,94219.56616492147,94516.4765625,7361461,0.0,0.0
2025-10-08 00:00:00+07:00,94516.47474371691,95902.05657242064,93526.7734375,93526.7734375,6317890,0.0,0.0
2025-10-09 00:00:00+07:00,94021.62826764864,94021.62826764864,92537.07624236996,93229.8671875,7145051,0.0,0.0
2025-10-10 00:00:00+07:00,93229.86436654528,95506.17740309572,92833.98383844952,95110.296875,8616495,0.0,0.0
2025-10-13 00:00:00+07:00,93922.6530418883,93922.6530418883,92735.01148603724,93031.921875,11192940,0.0,0.0
2025-10-14 00:00:00+07:00,93130.8985727814,93526.77911931818,91448.40625,91448.40625,12967740,0.0,0.0
2025-10-15 00:00:00+07:00,91646.34627859932,92141.19696044922,88578.27205113003,88677.2421875,18824890,0.0,0.0
2025-10-16 00:00:00+07:00,88875.1796875,90557.671953299,88677.23942093541,88875.1796875,8048952,0.0,0.0
2025-10-17 00:00:00+07:00,89172.09016742338,90557.67203461974,87192.6875,87192.6875,8778276,0.0,0.0
2025-10-20 00:00:00+07:00,87390.62735272988,90854.58200431034,86104.015625,86104.015625,14708210,0.0,0.0
2025-10-21 00:00:00+07:00,88083.42111895162,92042.2265625,87588.57043850808,92042.2265625,21702030,0.0,0.0
2025-10-22 00:00:00+07:00,94219.568814433,97980.43395618556,94021.62854381444,96001.03125,19354130,0.0,0.0
2025-10-23 00:00:00+07:00,96198.96789473684,96297.9380263158,93031.92368421052,94021.625,8997801,0.0,0.0
2025-10-24 00:00:00+07:00,94021.62671123336,96693.8203125,93724.71631109263,96693.8203125,15297910,0.0,0.0
2025-10-27 00:00:00+07:00,97980.42785395408,98673.21875797192,95308.23436702804,96990.7265625,12946370,0.0,0.0
2025-10-28 00:00:00+07:00,97584.55175207926,101147.4765625,97584.55175207926,101147.4765625,27336360,0.0,0.0
2025-10-29 00:00:00+07:00,101345.41592920352,102137.17699115044,100058.8042035398,100652.625,9364715,0.0,0.0
2025-10-30 00:00:00+07:00,101048.50731803798,102434.08920094935,100553.65664556964,101642.328125,9778545,0.0,0.0
2025-10-31 00:00:00+07:00,101543.35701395573,102829.96875,99959.83487728584,102829.96875,17229770,0.0,0.0
2025-11-03 00:00:00+07:00,102730.99901785712,105205.25236607142,102434.08861607144,103918.640625,21030570,0.0,0.0
2025-11-04 00:00:00+07:00,103027.90950962005,103621.73031371008,100652.62629325992,102236.1484375,17700060,0.0,0.0
2025-11-05 00:00:00+07:00,100751.59841117443,100949.53868310207,98574.25541997029,99860.8671875,13302040,0.0,0.0
2025-11-06 00:00:00+07:00,99860.86122286676,100949.53265344312,98376.30927208083,99168.0703125,6801962,0.0,0.0
2025-11-07 00:00:00+07:00,98475.28391862624,100751.59701423268,98475.28391862624,99959.8359375,6042902,0.0,0.0
2025-11-10 00:00:00+07:00,100157.7721543659,100157.7721543659,95209.265625,95209.265625,11901820,0.0,0.0
2025-11-11 00:00:00+07:00,95803.08779916754,96891.7592514308,95110.296875,95110.296875,7317490,0.0,0.0
2025-11-12 00:00:00+07:00,95506.17769942844,99563.953125,95506.17769942844,99563.953125,6679911,0.0,0.0
2025-11-13 00:00:00+07:00,99563.95318819516,99662.92332058898,97683.52067271234,97881.4609375,10241080,0.0,0.0
2025-11-14 00:00:00+07:00,97881.4613515625,99860.8640078125,97188.670421875,98970.1328125,6248754,0.0,0.0
2025-11-17 00:00:00+07:00,99563.95539913366,100751.59701423268,99563.95539913366,99959.8359375,8328005,0.0,0.0
2025-11-18 00:00:00+07:00,99959.834140625,100058.8042734375,97782.49121875,98970.1328125,6682460,0.0,0.0
2025-11-19 00:00:00+07:00,98475.27849968112,98475.27849968112,96990.7265625,96990.7265625,7644901,0.0,0.0
2025-11-20 00:00:00+07:00,97584.5491635101,98673.22060448233,97089.69850852272,97980.4296875,5365921,0.0,0.0
2025-11-21 00:00:00+07:00,96990.72699652778,100157.77114335318,96792.7867373512,99761.890625,7956420,0.0,0.0
2025-11-24 00:00:00+07:00,99662.92096276196,100058.80148297155,98574.24953218564,99168.0703125,6299052,0.0,0.0
2025-11-25 00:00:00+07:00,98673.2265625,99267.04738434052,97980.43560368606,98673.2265625,6454647,0.0,0.0
2025-11-26 00:00:00+07:00,98772.1907354798,99168.0712594697,97881.45955650252,97980.4296875,7628377,0.0,0.0
2025-11-27 00:00:00+07:00,98178.37085427136,98772.19164572864,97089.69940326634,98475.28125,6361150,0.0,0.0
2025-11-28 00:00:00+07:00,98079.40267765192,98376.3130792997,96100.0,96100.0,8133773,0.0,0.0
2025-12-01 00:00:00+07:00,96900.0,97700.0,96100.0,96600.0,5008056,1000.0,0.0
2025-12-02 00:00:00+07:00,96800.0,97300.0,95400.0,96600.0,5590644,0.0,0.0
2025-12-03 00:00:00+07:00,97000.0,97000.0,96000.0,96600.0,6571714,0.0,0.0
2025-12-04 00:00:00+07:00,96600.0,98500.0,96600.0,97500.0,8291987,0.0,0.0
2025-12-05 00:00:00+07:00,97500.0,97500.0,96100.0,96200.0,6110389,0.0,0.0
2025-12-08 00:00:00+07:00,96600.0,97300.0,95500.0,95500.0,5628106,0.0,0.0
2025-12-09 00:00:00+07:00,95500.0,97000.0,94400.0,96900.0,11094280,0.0,0.0
2025-12-10 00:00:00+07:00,97100.0,97100.0,95600.0,95600.0,4012603,0.0,0.0
2025-12-11 00:00:00+07:00,95900.0,96600.0,95600.0,96000.0,5846098,0.0,0.0
2025-12-12 00:00:00+07:00,96000.0,96000.0,93500.0,93700.0,5646570,0.0,0.0
2025-12-15 00:00:00+07:00,93900.0,94400.0,93500.0,93800.0,3544964,0.0,0.0
2025-12-16 00:00:00+07:00,93900.0,95400.0,92000.0,94900.0,6319127,0.0,0.0
2025-12-17 00:00:00+07:00,94400.0,96300.0,94400.0,95900.0,5626508,0.0,0.0
2025-12-18 00:00:00+07:00,95500.0,95600.0,93900.0,94400.0,4132572,0.0,0.0
2025-12-19 00:00:00+07:00,94000.0,95000.0,93600.0,93900.0,5306691,0.0,0.0
2025-12-22 00:00:00+07:00,94100.0,94300.0,93500.0,93700.0,6953556,0.0,0.0
2025-12-23 00:00:00+07:00,94000.0,95900.0,93600.0,94000.0,7662562,0.0,0.0
2025-12-24 00:00:00+07:00,94100.0,94200.0,93100.0,93600.0,3972048,0.0,0.0
2025-12-25 00:00:00+07:00,93600.0,94800.0,93000.0,93000.0,4897186,0.0,0.0
2025-12-26 00:00:00+07:00,92700.0,93000.0,91000.0,92500.0,7754428,0.0,0.0
2025-12-29 00:00:00+07:00,92500.0,94900.0,92500.0,94300.0,6376449,0.0,0.0
2025-12-30 00:00:00+07:00,94500.0,96600.0,94300.0,96500.0,7567196,0.0,0.0
2025-12-31 00:00:00+07:00,96800.0,97000.0,95200.0,95800.0,3098712,0.0,0.0
2026-01-05 00:00:00+07:00,95700.0,95700.0,93200.0,95000.0,7152389,0.0,0.0
2026-01-06 00:00:00+07:00,94700.0,94800.0,93600.0,94000.0,5592470,0.0,0.0
2026-01-07 00:00:00+07:00,94100.0,97600.0,94000.0,97500.0,11985400,0.0,0.0
2026-01-08 00:00:00+07:00,98100.0,98100.0,96500.0,96500.0,6006232,0.0,0.0
2026-01-09 00:00:00+07:00,96100.0,99900.0,96000.0,97400.0,10324520,0.0,0.0
2026-01-12 00:00:00+07:00,98000.0,99500.0,98000.0,99500.0,9107222,0.0,0.0
2026-01-13 00:00:00+07:00,99700.0,101700.0,97900.0,98900.0,9446492,0.0,0.0
2026-01-14 00:00:00+07:00,99000.0,101100.0,97800.0,99800.0,14358510,0.0,0.0
2026-01-15 00:00:00+07:00,99800.0,101700.0,98400.0,98500.0,9675790,0.0,0.0
2026-01-16 00:00:00+07:00,99500.0,105300.0,99500.0,105300.0,24007990,0.0,0.0
2026-01-19 00:00:00+07:00,108700.0,108700.0,105500.0,105800.0,15113060,0.0,0.0
2026-01-20 00:00:00+07:00,106100.0,107000.0,104000.0,104100.0,13632800,0.0,0.0
2026-01-21 00:00:00+07:00,103200.0,106500.0,101100.0,105000.0,16492530,0.0,0.0
2026-01-22 00:00:00+07:00,105500.0,105800.0,103500.0,103500.0,8120103,0.0,0.0
2026-01-23 00:00:00+07:00,103600.0,104600.0,101000.0,101000.0,9641869,0.0,0.0
2026-01-26 00:00:00+07:00,100200.0,101600.0,98000.0,98500.0,12330390,0.0,0.0
2026-01-27 00:00:00+07:00,99600.0,102500.0,99100.0,102100.0,11388930,0.0,0.0
2026-01-28 00:00:00+07:00,102400.0,105800.0,102300.0,104500.0,14111840,0.0,0.0
2026-01-29 00:00:00+07:00,105000.0,107200.0,103700.0,106100.0,14490920,0.0,0.0
2026-01-30 00:00:00+07:00,106400.0,106400.0,103900.0,104500.0,12153250,0.0,0.0
2026-02-02 00:00:00+07:00,103300.0,104300.0,101600.0,104300.0,11092230,0.0,0.0
2026-02-03 00:00:00+07:00,104900.0,105400.0,102900.0,103900.0,9561140,0.0,0.0
2026-02-04 00:00:00+07:00,103100.0,103500.0,101500.0,101900.0,15667370,0.0,0.0
2026-02-05 00:00:00+07:00,101200.0,101900.0,99000.0,99000.0,18118560,0.0,0.0
2026-02-06 00:00:00+07:00,98000.0,100000.0,96700.0,97600.0,10796110,0.0,0.0
2026-02-09 00:00:00+07:00,98800.0,99400.0,97900.0,99000.0,6524446,0.0,0.0
2026-02-10 00:00:00+07:00,99900.0,99900.0,97300.0,97800.0,7300120,0.0,0.0
2026-02-11 00:00:00+07:00,98200.0,99500.0,97400.0,98600.0,6467584,0.0,0.0
2026-02-12 00:00:00+07:00,99000.0,99200.0,98400.0,98800.0,5378638,0.0,0.0
2026-02-13 00:00:00+07:00,98100.0,98500.0,96300.0,96300.0,18824790,0.0,0.0
2026-02-23 00:00:00+07:00,96800.0,96800.0,93100.0,94500.0,22701430,0.0,0.0
2026-02-24 00:00:00+07:00,94000.0,94000.0,92500.0,92500.0,29778830,0.0,0.0
2026-02-25 00:00:00+07:00,92200.0,92500.0,89000.0,89100.0,48222350,0.0,0.0
2026-02-26 00:00:00+07:00,90000.0,92200.0,89900.0,90500.0,18204650,0.0,0.0
2026-02-27 00:00:00+07:00,91000.0,93500.0,90300.0,92900.0,19558230,0.0,0.0
2026-03-02 00:00:00+07:00,90100.0,91500.0,89300.0,89600.0,18491010,0.0,0.0
2026-03-03 00:00:00+07:00,90100.0,90900.0,87000.0,87000.0,18180630,0.0,0.0
2026-03-04 00:00:00+07:00,86900.0,87000.0,84200.0,85100.0,26537070,0.0,0.0
2026-03-05 00:00:00+07:00,86500.0,86800.0,84400.0,84400.0,17324920,0.0,0.0
2026-03-06 00:00:00+07:00,84400.0,84600.0,81500.0,81600.0,26032420,0.0,0.0
2026-03-09 00:00:00+07:00,76000.0,76700.0,75900.0,75900.0,18650970,0.0,0.0
2026-03-10 00:00:00+07:00,76400.0,79600.0,76400.0,79500.0,22966040,0.0,0.0
2026-03-11 00:00:00+07:00,80000.0,81000.0,78300.0,80200.0,16440690,0.0,0.0
2026-03-12 00:00:00+07:00,78800.0,79200.0,77500.0,77700.0,12963150,0.0,0.0
2026-03-13 00:00:00+07:00,77100.0,78500.0,76300.0,77000.0,10653110,0.0,0.0
2026-03-16 00:00:00+07:00,77100.0,79300.0,77100.0,78200.0,9341615,0.0,0.0
2026-03-17 00:00:00+07:00,79400.0,81300.0,79100.0,79400.0,11106410,0.0,0.0
2026-03-18 00:00:00+07:00,80000.0,80200.0,78100.0,78600.0,7413932,0.0,0.0
2026-03-19 00:00:00+07:00,77700.0,77800.0,76600.0,76800.0,11647250,0.0,0.0
2026-03-20 00:00:00+07:00,76500.0,76500.0,73600.0,74600.0,23144380,0.0,0.0
2026-03-23 00:00:00+07:00,73700.0,76100.0,71600.0,73100.0,13134310,0.0,0.0
2026-03-24 00:00:00+07:00,75500.0,75900.0,74100.0,75400.0,6405113,0.0,0.0
2026-03-25 00:00:00+07:00,76200.0,77000.0,75600.0,77000.0,8070339,0.0,0.0
2026-03-26 00:00:00+07:00,77000.0,77000.0,74200.0,74200.0,10733690,0.0,0.0
2026-03-27 00:00:00+07:00,74500.0,76300.0,74000.0,76100.0,9394756,0.0,0.0
2026-03-30 00:00:00+07:00,74400.0,75200.0,73500.0,74000.0,8975443,0.0,0.0
2026-03-31 00:00:00+07:00,74900.0,75500.0,74400.0,74700.0,7076062,0.0,0.0
2026-04-01 00:00:00+07:00,75900.0,76300.0,75000.0,75300.0,9410063,0.0,0.0
2026-04-02 00:00:00+07:00,75200.0,75200.0,74200.0,74700.0,6094543,0.0,0.0
2026-04-03 00:00:00+07:00,74700.0,75500.0,73900.0,74000.0,6387168,0.0,0.0
2026-04-06 00:00:00+07:00,74000.0,74500.0,73500.0,73900.0,4641686,0.0,0.0
2026-04-07 00:00:00+07:00,74500.0,74500.0,73800.0,74000.0,5100228,0.0,0.0
2026-04-08 00:00:00+07:00,76000.0,79100.0,75100.0,79100.0,16601460,0.0,0.0
2026-04-09 00:00:00+07:00,79100.0,79200.0,78100.0,78300.0,6525834,0.0,0.0
2026-04-10 00:00:00+07:00,78600.0,79000.0,77300.0,77700.0,6129666,0.0,0.0
2026-04-13 00:00:00+07:00,76900.0,77000.0,75900.0,76000.0,9925620,0.0,0.0
2026-04-14 00:00:00+07:00,77000.0,77200.0,76000.0,76200.0,7139383,0.0,0.0
2026-04-15 00:00:00+07:00,76900.0,77000.0,75000.0,75100.0,11826770,0.0,0.0
2026-04-16 00:00:00+07:00,75600.0,75600.0,74000.0,74100.0,12546610,0.0,0.0
2026-04-17 00:00:00+07:00,75000.0,78000.0,74900.0,76000.0,12728570,0.0,0.0
2026-04-20 00:00:00+07:00,76300.0,77000.0,76100.0,76900.0,6906174,0.0,0.0
2026-04-21 00:00:00+07:00,77000.0,77400.0,75100.0,75100.0,8314892,0.0,0.0
2026-04-22 00:00:00+07:00,75500.0,75500.0,74100.0,74600.0,8290827,0.0,0.0
2026-04-23 00:00:00+07:00,75000.0,76000.0,74100.0,74300.0,8007390,0.0,0.0
2026-04-24 00:00:00+07:00,74000.0,74100.0,73200.0,73400.0,11318020,0.0,0.0
2026-04-28 00:00:00+07:00,73400.0,74400.0,72900.0,74400.0,9871203,0.0,0.0
2026-04-29 00:00:00+07:00,73400.0,75500.0,73400.0,75500.0,10728560,0.0,0.0
2026-05-04 00:00:00+07:00,74900.0,75100.0,73600.0,73700.0,10065980,0.0,0.0
2026-05-05 00:00:00+07:00,73700.0,74500.0,72800.0,74300.0,13115660,0.0,0.0
2026-05-06 00:00:00+07:00,74200.0,74200.0,73000.0,73300.0,11186400,0.0,0.0
2026-05-07 00:00:00+07:00,73900.0,74300.0,73000.0,73000.0,10993620,0.0,0.0
2026-05-08 00:00:00+07:00,73200.0,73300.0,71900.0,71900.0,16211520,0.0,0.0
