Date,Open,High,Low,Close,Volume,Dividends,Stock Splits
2012-05-21 00:00:00+07:00,25127.606680870827,27912.01672607443,25127.606680870827,27844.10546875,3154419,0.0,0.0
2012-05-22 00:00:00+07:00,29202.3515625,29202.3515625,28862.790268371184,29202.3515625,6095010,0.0,0.0
2012-05-23 00:00:00+07:00,29134.44158090816,29202.35116322469,27776.19140625,27776.19140625,1331040,0.0,0.0
2012-05-24 00:00:00+07:00,26485.854615100507,27164.980550259254,26417.943359375,26417.943359375,1272542,0.0,0.0
2012-05-25 00:00:00+07:00,26417.944210835685,27029.155565492587,25195.51982928387,26485.85546875,1169011,0.0,0.0
2012-05-28 00:00:00+07:00,26621.68226284928,26621.68226284928,25467.1707709536,25535.08203125,576649,0.0,0.0
2012-05-29 00:00:00+07:00,24652.219099232323,25127.60625361001,24516.39491465497,24923.869140625,527355,0.0,0.0
2012-05-30 00:00:00+07:00,25127.60616904312,25738.8191781791,24923.86905674378,25670.90625,214672,0.0,0.0
2012-05-31 00:00:00+07:00,25263.431640625,25670.905859017614,24923.868677139195,25263.431640625,339168,0.0,0.0
2012-06-01 00:00:00+07:00,25127.6057863355,25399.25582267656,25127.6057863355,25263.431640625,174442,0.0,0.0
2012-06-04 00:00:00+07:00,24991.78215834024,24991.78215834024,24176.83203125,24176.83203125,483167,0.0,0.0
2012-06-05 00:00:00+07:00,23769.35780382387,24380.569144963065,23769.35780382387,24176.83203125,416728,0.0,0.0
2012-06-06 00:00:00+07:00,24176.830401853287,24448.48042590885,23973.093301871075,24312.65625,127707,0.0,0.0
2012-06-07 00:00:00+07:00,24652.21977534608,25467.169921875,24312.65846847088,25467.169921875,479335,0.0,0.0
2012-06-08 00:00:00+07:00,25670.907040447728,26689.59430554937,25399.25699160476,25467.169921875,567396,0.0,0.0
2012-06-11 00:00:00+07:00,25127.607393865863,25738.82043279488,24991.783203125,24991.783203125,222022,0.0,0.0
2012-06-12 00:00:00+07:00,25467.16886263315,25467.16886263315,24652.21875,24652.21875,253098,0.0,0.0
2012-06-13 00:00:00+07:00,24923.869931953635,24923.869931953635,24516.39569304637,24720.1328125,42293,0.0,0.0
2012-06-14 00:00:00+07:00,24584.30695137223,24991.78286251752,24516.39569304637,24720.1328125,152366,0.0,0.0
2012-06-15 00:00:00+07:00,24720.13237028302,25331.34371771,24720.13237028302,25195.51953125,101434,0.0,0.0
2012-06-18 00:00:00+07:00,25331.342475500995,25806.72961315574,25331.342475500995,25738.818359375,228918,0.0,0.0
2012-06-19 00:00:00+07:00,25738.818359375,25942.555465193047,25535.07958131904,25738.818359375,375111,0.0,0.0
2012-06-20 00:00:00+07:00,25738.819557945328,26282.1179746804,25738.819557945328,26078.380859375,282587,0.0,0.0
2012-06-21 00:00:00+07:00,26350.03007766731,26350.03007766731,25874.642932780946,26146.29296875,181502,0.0,0.0
2012-06-22 00:00:00+07:00,26078.38117126331,26350.03121899868,26010.46824126997,26214.20703125,516627,0.0,0.0
2012-06-25 00:00:00+07:00,26282.116750810488,26282.116750810488,25535.07958131904,25738.818359375,272690,0.0,0.0
2012-06-26 00:00:00+07:00,25263.431221720253,25738.818359375,25263.431221720253,25738.818359375,135411,0.0,0.0
2012-06-27 00:00:00+07:00,25670.9062844475,26078.380509592964,25670.9062844475,25806.73046875,71214,0.0,0.0
2012-06-28 00:00:00+07:00,26146.29296875,26146.29296875,25806.7300057292,26146.29296875,396796,0.0,0.0
2012-06-29 00:00:00+07:00,26282.1179746804,26282.1179746804,26078.380859375,26078.380859375,745246,0.0,0.0
2012-07-02 00:00:00+07:00,26282.11715061556,27164.98018557448,26078.38004169825,26146.29296875,531894,0.0,0.0
2012-07-03 00:00:00+07:00,26010.46824126997,26350.03121899868,25942.55698351463,26214.20703125,124656,0.0,0.0
2012-07-04 00:00:00+07:00,26146.292649319104,26214.20557554116,25942.555542890863,26010.466796875,228389,0.0,0.0
2012-07-05 00:00:00+07:00,26010.466796875,26078.37972309705,25467.16840381233,26010.466796875,40906,0.0,0.0
2012-07-06 00:00:00+07:00,26010.466796875,26010.466796875,25467.16840381233,26010.466796875,34766,0.0,0.0
2012-07-09 00:00:00+07:00,26010.46758132273,26010.46758132273,25602.993356177267,25806.73046875,18793,0.0,0.0
2012-07-10 00:00:00+07:00,25602.99411017748,25806.731228750206,25467.169921875,25467.169921875,69209,0.0,0.0
2012-07-11 00:00:00+07:00,25127.60616904312,25670.90625,25127.60616904312,25670.90625,41524,0.0,0.0
2012-07-12 00:00:00+07:00,25738.818359375,25738.818359375,25535.07958131904,25738.818359375,3563,0.0,0.0
2012-07-13 00:00:00+07:00,25806.731600002764,25942.557462497232,25738.82034099357,25874.64453125,97652,0.0,0.0
2012-07-16 00:00:00+07:00,25535.079657796472,26010.466796875,25535.079657796472,26010.466796875,95710,0.0,0.0
2012-07-17 00:00:00+07:00,26214.20557554116,26214.20557554116,25806.72969044676,26010.466796875,229876,0.0,0.0
2012-07-18 00:00:00+07:00,26214.20671773726,26214.20671773726,25602.99369958307,26078.380859375,184767,0.0,0.0
2012-07-19 00:00:00+07:00,26078.381131201742,27232.892578125,25738.81982623268,27232.892578125,1411056,0.0,0.0
2012-07-20 00:00:00+07:00,27164.982086225584,27164.982086225584,26757.506167643183,26893.33203125,362592,0.0,0.0
2012-07-23 00:00:00+07:00,26893.331721416995,26893.331721416995,26485.85580752905,26757.505859375,109364,0.0,0.0
2012-07-24 00:00:00+07:00,26757.50545448273,26757.50545448273,25874.64405352129,26214.20703125,42154,0.0,0.0
2012-07-25 00:00:00+07:00,25806.73112352794,26485.85540674736,25806.73112352794,26214.20703125,74618,0.0,0.0
2012-07-26 00:00:00+07:00,26417.943359375,26417.943359375,26214.20624772256,26417.943359375,35612,0.0,0.0
2012-07-27 00:00:00+07:00,26417.94222191438,26485.85347471588,26282.11637183562,26350.029296875,53085,0.0,0.0
2012-07-30 00:00:00+07:00,25942.55734786755,26621.681640625,25942.55734786755,26621.681640625,46391,0.0,0.0
2012-07-31 00:00:00+07:00,26757.504654716417,26757.504654716417,26350.03043141153,26417.943359375,47210,0.0,0.0
2012-08-01 00:00:00+07:00,26417.944210835685,26553.768398902328,26417.944210835685,26485.85546875,159049,0.0,0.0
2012-08-02 00:00:00+07:00,26485.854963430123,26893.330864331896,26350.030777954853,26689.59375,478301,0.0,0.0
2012-08-03 00:00:00+07:00,26553.76789228675,26757.505006618645,26485.854963430123,26689.59375,427166,0.0,0.0
2012-08-06 00:00:00+07:00,26961.24298019996,26961.24298019996,26485.85580752905,26757.505859375,387353,0.0,0.0
2012-08-07 00:00:00+07:00,26757.505859375,26825.418790396,26553.768738550043,26757.505859375,50135,0.0,0.0
2012-08-08 00:00:00+07:00,26825.419591205424,26825.419591205424,26553.76953125,26553.76953125,111532,0.0,0.0
2012-08-09 00:00:00+07:00,26553.76953125,26757.506658157046,26553.76953125,26553.76953125,216929,0.0,0.0
2012-08-10 00:00:00+07:00,26553.76953125,26757.506658157046,26553.76953125,26553.76953125,104548,0.0,0.0
2012-08-13 00:00:00+07:00,26146.295277435904,26621.682464298377,26146.295277435904,26553.76953125,66398,0.0,0.0
2012-08-14 00:00:00+07:00,26485.85577873069,26689.59457157216,26485.85577873069,26621.681640625,82220,0.0,0.0
2012-08-15 00:00:00+07:00,26757.505859375,26825.418790396,26689.59460059204,26757.505859375,217634,0.0,0.0
2012-08-16 00:00:00+07:00,26825.418343266912,27368.71843790304,26825.418343266912,27232.892578125,899004,0.0,0.0
2012-08-17 00:00:00+07:00,27368.71839889125,28387.403984584424,27368.71839889125,28251.578125,3056675,0.0,0.0
2012-08-20 00:00:00+07:00,28523.22933482949,28523.22933482949,28251.577620511525,28455.31640625,485966,0.0,0.0
2012-08-21 00:00:00+07:00,28387.40399235209,28387.40399235209,27097.068359375,27097.068359375,981617,0.0,0.0
2012-08-22 00:00:00+07:00,26146.29438744428,27844.105950195444,26146.29438744428,27504.54296875,536118,0.0,0.0
2012-08-23 00:00:00+07:00,27164.98018557448,27164.98018557448,26146.29296875,26146.29296875,767371,0.0,0.0
2012-08-24 00:00:00+07:00,24991.782265250484,27368.718055800964,24991.782265250484,26825.41796875,619249,0.0,0.0
2012-08-27 00:00:00+07:00,26757.50645568015,26757.50645568015,25535.08203125,25535.08203125,426964,0.0,0.0
2012-08-28 00:00:00+07:00,25263.431297384097,26282.11682952529,25263.431297384097,26010.466796875,182385,0.0,0.0
2012-08-29 00:00:00+07:00,27029.154648346263,27300.8046875,27029.154648346263,27300.8046875,1631393,0.0,0.0
2012-08-30 00:00:00+07:00,27708.27960962514,27979.929655636857,27504.542493175853,27844.10546875,1518017,0.0,0.0
2012-08-31 00:00:00+07:00,27504.542182725345,27776.19222567088,27368.717997371565,27708.279296875,1512986,0.0,0.0
2012-09-04 00:00:00+07:00,28115.75440565019,28115.75440565019,27708.278516587743,27912.015625,798335,0.0,0.0
2012-09-05 00:00:00+07:00,27912.016377217155,28047.8422346444,27368.71796422212,27572.455078125,220244,0.0,0.0
2012-09-06 00:00:00+07:00,27300.80561386388,27640.368592387505,26485.85546875,26485.85546875,345938,0.0,0.0
2012-09-07 00:00:00+07:00,26961.241301455106,27776.19140625,26417.942903829764,27776.19140625,454726,0.0,0.0
2012-09-10 00:00:00+07:00,27640.36845338536,27640.36845338536,26689.59412498624,27097.068359375,573334,0.0,0.0
2012-09-11 00:00:00+07:00,26689.593353582564,27844.10476580747,26553.76749788672,27300.8046875,199077,0.0,0.0
2012-09-12 00:00:00+07:00,27300.80506857569,27776.19222567088,27164.980883221902,27708.279296875,713602,0.0,0.0
2012-09-13 00:00:00+07:00,27844.10468615204,28115.75472452864,27776.1917584984,28047.841796875,672263,0.0,0.0
2012-09-14 00:00:00+07:00,28794.878535634904,28794.878535634904,28183.668849733072,28387.404296875,1039182,0.0,0.0
2012-09-17 00:00:00+07:00,28183.66765218228,28523.228945974577,28047.841796875,28047.841796875,142622,0.0,0.0
2012-09-18 00:00:00+07:00,28115.754804961205,28115.754804961205,26825.41753704045,27300.8046875,181098,0.0,0.0
2012-09-19 00:00:00+07:00,27097.06711837193,27844.104295363544,27097.06711837193,27640.3671875,331313,0.0,0.0
2012-09-20 00:00:00+07:00,27640.367618591936,27640.367618591936,26893.330429949187,27164.98046875,58670,0.0,0.0
2012-09-21 00:00:00+07:00,27708.27887411368,27708.27887411368,26961.241685470926,27164.98046875,124240,0.0,0.0
2012-09-24 00:00:00+07:00,26485.85347471588,27164.97938063393,26146.29219399474,26350.029296875,547426,0.0,0.0
2012-09-25 00:00:00+07:00,26621.68007956193,27164.980150804644,26621.68007956193,27029.154296875,382714,0.0,0.0
2012-09-26 00:00:00+07:00,26961.241685470926,27436.628835312866,26961.241685470926,27164.98046875,148434,0.0,0.0
2012-09-27 00:00:00+07:00,27029.155881831863,27097.068812779016,26621.681640625,26621.681640625,214584,0.0,0.0
2012-09-28 00:00:00+07:00,26485.85536605984,27300.80550801402,26485.85536605984,27232.892578125,321480,0.0,0.0
2012-10-01 00:00:00+07:00,27164.978204963987,27164.978204963987,26214.203984512627,26282.115234375,163462,0.0,0.0
2012-10-02 00:00:00+07:00,26485.852328437748,26485.852328437748,26214.203984512627,26282.115234375,311873,0.0,0.0
2012-10-03 00:00:00+07:00,26282.115234375,26485.852328437748,26214.203984512627,26282.115234375,298636,0.0,0.0
2012-10-04 00:00:00+07:00,26417.94222191438,26417.94222191438,26282.11637183562,26350.029296875,456642,0.0,0.0
2012-10-05 00:00:00+07:00,26350.03192129884,27029.156222618767,26350.03192129884,26893.33203125,273989,0.0,0.0
2012-10-08 00:00:00+07:00,26757.50507266521,27232.892231359045,26757.50507266521,26961.2421875,456781,0.0,0.0
2012-10-09 00:00:00+07:00,27097.06804554852,27097.06804554852,26350.030842995635,26961.2421875,724040,0.0,0.0
2012-10-10 00:00:00+07:00,26621.68088685468,26961.2421875,26621.68088685468,26961.2421875,42532,0.0,0.0
2012-10-11 00:00:00+07:00,26961.2421875,27029.155116524256,26825.418001689468,26961.2421875,138902,0.0,0.0
2012-10-12 00:00:00+07:00,27029.155911220954,27029.155911220954,26757.505859375,26757.505859375,99745,0.0,0.0
2012-10-15 00:00:00+07:00,27029.15236076361,27029.15236076361,26214.203984512627,26282.115234375,57372,0.0,0.0
2012-10-16 00:00:00+07:00,26417.944210835685,26825.41844727362,26350.03128068336,26485.85546875,169802,0.0,0.0
2012-10-17 00:00:00+07:00,26485.854615100507,26757.504654716417,26350.03043141153,26417.943359375,44310,0.0,0.0
2012-10-18 00:00:00+07:00,26689.593398990903,26689.593398990903,26417.943359375,26417.943359375,201813,0.0,0.0
2012-10-19 00:00:00+07:00,26621.68007956193,27029.154296875,26282.11711697575,27029.154296875,342597,0.0,0.0
2012-10-22 00:00:00+07:00,27029.155911220954,27029.155911220954,26485.85580752905,26757.505859375,131174,0.0,0.0
2012-10-23 00:00:00+07:00,27029.154613230618,27436.628835312866,26825.41750218949,27164.98046875,217509,0.0,0.0
2012-10-24 00:00:00+07:00,27300.80433249636,27300.80433249636,27029.154296875,27029.154296875,67470,0.0,0.0
2012-10-25 00:00:00+07:00,26689.59375,27097.067978663792,26689.59375,26689.59375,16310,0.0,0.0
2012-10-26 00:00:00+07:00,26689.59375,26893.330864331896,26553.76789228675,26689.59375,33291,0.0,0.0
2012-10-29 00:00:00+07:00,27029.15508333461,27029.15508333461,26689.59378310625,26825.41796875,37729,0.0,0.0
2012-10-30 00:00:00+07:00,26893.33203125,27029.156222618767,26893.33203125,26893.33203125,100085,0.0,0.0
2012-10-31 00:00:00+07:00,26825.41796875,27097.06801227548,26825.41796875,26825.41796875,853290,0.0,0.0
2012-11-01 00:00:00+07:00,26961.24215439376,26961.24215439376,26757.505039809137,26825.41796875,282385,0.0,0.0
2012-11-02 00:00:00+07:00,25806.73112352794,26485.85540674736,25806.73112352794,26214.20703125,120092,0.0,0.0
2012-11-05 00:00:00+07:00,26417.943359375,26553.767543063976,26214.20624772256,26417.943359375,127002,0.0,0.0
2012-11-06 00:00:00+07:00,26689.59425920698,26689.59425920698,26350.03128068336,26485.85546875,14343,0.0,0.0
2012-11-07 00:00:00+07:00,26621.68132905465,26621.68132905465,26350.03128068336,26485.85546875,145975,0.0,0.0
2012-11-08 00:00:00+07:00,26621.68132905465,26621.68132905465,26417.944210835685,26485.85546875,131893,0.0,0.0
2012-11-09 00:00:00+07:00,26485.85546875,26757.50551712129,26417.944210835685,26485.85546875,313992,0.0,0.0
2012-11-12 00:00:00+07:00,26757.50551712129,26757.50551712129,26485.85546875,26485.85546875,832514,0.0,0.0
2012-11-13 00:00:00+07:00,26621.68132905465,26621.68132905465,26485.85546875,26485.85546875,270623,0.0,0.0
2012-11-14 00:00:00+07:00,26485.85546875,26621.68132905465,26417.944210835685,26485.85546875,276926,0.0,0.0
2012-11-15 00:00:00+07:00,26621.68047102744,26621.68047102744,26417.943359375,26417.943359375,56539,0.0,0.0
2012-11-16 00:00:00+07:00,26350.03128068336,26553.768398902328,26350.03128068336,26485.85546875,55984,0.0,0.0
2012-11-19 00:00:00+07:00,26417.94222191438,26553.766399755263,26350.029296875,26350.029296875,75816,0.0,0.0
2012-11-20 00:00:00+07:00,26350.03043141153,26485.854615100507,26350.03043141153,26417.943359375,17129,0.0,0.0
2012-11-21 00:00:00+07:00,26417.94222191438,26553.766399755263,26350.029296875,26350.029296875,111910,0.0,0.0
2012-11-22 00:00:00+07:00,26417.944210835685,26553.768398902328,26417.944210835685,26485.85546875,186646,0.0,0.0
2012-11-23 00:00:00+07:00,26485.85546875,26553.768398902328,26350.03128068336,26485.85546875,103451,0.0,0.0
2012-11-26 00:00:00+07:00,26417.94222191438,26417.94222191438,26282.11637183562,26350.029296875,56048,0.0,0.0
2012-11-27 00:00:00+07:00,26282.11637183562,26417.94222191438,26282.11637183562,26350.029296875,37489,0.0,0.0
2012-11-28 00:00:00+07:00,26282.11750344807,26485.854615100507,26282.11750344807,26417.943359375,142545,0.0,0.0
2012-11-29 00:00:00+07:00,26417.94222191438,26417.94222191438,26350.029296875,26350.029296875,30430,0.0,0.0
2012-11-30 00:00:00+07:00,26417.94222191438,26485.85347471588,26350.029296875,26350.029296875,51056,0.0,0.0
2012-12-03 00:00:00+07:00,26417.943359375,26485.854615100507,26350.03043141153,26417.943359375,470761,0.0,0.0
2012-12-04 00:00:00+07:00,26078.38039179563,26417.943359375,25874.643280143187,26417.943359375,170232,0.0,0.0
2012-12-05 00:00:00+07:00,26417.944210835685,26485.85546875,26282.11835053104,26485.85546875,45482,0.0,0.0
2012-12-06 00:00:00+07:00,26417.944148992025,26417.944148992025,26214.20703125,26214.20703125,3476,0.0,0.0
2012-12-07 00:00:00+07:00,26214.205895801748,26350.03007766731,25942.555859832693,26146.29296875,23155,0.0,0.0
2012-12-10 00:00:00+07:00,26214.20703125,26350.03121899868,26010.46824126997,26214.20703125,50526,0.0,0.0
2012-12-11 00:00:00+07:00,26485.854615100507,26689.593398990903,26214.20624772256,26417.943359375,146958,0.0,0.0
2012-12-12 00:00:00+07:00,26214.20624772256,26485.854615100507,26146.293319759094,26417.943359375,86255,0.0,0.0
2012-12-13 00:00:00+07:00,26417.944148992025,26485.85540674736,26214.20703125,26214.20703125,160524,0.0,0.0
2012-12-14 00:00:00+07:00,26485.85540674736,26485.85540674736,26214.20703125,26214.20703125,74228,0.0,0.0
2012-12-17 00:00:00+07:00,26214.205119034123,26485.85347471588,26146.29219399474,26350.029296875,167092,0.0,0.0
2012-12-18 00:00:00+07:00,26350.03043141153,26417.943359375,26282.11750344807,26417.943359375,245307,0.0,0.0
2012-12-19 00:00:00+07:00,26417.94222191438,26417.94222191438,26214.205119034123,26350.029296875,44272,0.0,0.0
2012-12-20 00:00:00+07:00,26417.94300471905,26417.94300471905,26146.29296875,26146.29296875,98143,0.0,0.0
2012-12-21 00:00:00+07:00,26146.29178721052,26282.11596293824,25874.641763517207,25942.5546875,29547,0.0,0.0
2012-12-24 00:00:00+07:00,26350.029296875,26350.029296875,25806.729241035715,26350.029296875,46516,0.0,0.0
2012-12-25 00:00:00+07:00,26350.029296875,26417.94222191438,26214.205119034123,26350.029296875,55846,0.0,0.0
2012-12-26 00:00:00+07:00,26146.293319759094,26417.943359375,26146.293319759094,26417.943359375,41890,0.0,0.0
2012-12-27 00:00:00+07:00,26417.943359375,26485.854615100507,26350.03043141153,26417.943359375,225918,0.0,0.0
2012-12-28 00:00:00+07:00,26214.20703125,26485.85540674736,26214.20703125,26214.20703125,97765,0.0,0.0
2013-01-02 00:00:00+07:00,26282.11835053104,26485.85546875,26214.20709261672,26485.85546875,114432,0.0,0.0
2013-01-03 00:00:00+07:00,26485.85546875,26825.41844727362,26350.03128068336,26485.85546875,2040484,0.0,0.0
2013-01-04 00:00:00+07:00,26961.242499753407,27300.80547656938,26485.85533555385,27097.068359375,2469721,0.0,0.0
2013-01-07 00:00:00+07:00,27164.981289185795,27368.71840638018,27097.068359375,27097.068359375,1010589,0.0,0.0
2013-01-08 00:00:00+07:00,27029.15502563015,28115.75519741229,26893.33084027637,27708.279296875,1351086,0.0,0.0
2013-01-09 00:00:00+07:00,27979.929790190166,28319.49109515924,27097.068390584973,27232.892578125,1503644,0.0,0.0
2013-01-10 00:00:00+07:00,27232.892139779808,27708.279296875,27097.067954426027,27708.279296875,1999511,0.0,0.0
2013-01-11 00:00:00+07:00,27844.10494876968,29066.529296875,27844.10494876968,29066.529296875,1272883,0.0,0.0
2013-01-14 00:00:00+07:00,29066.52845475441,30492.689874185293,28998.615528427825,30017.302734375,636395,0.0,0.0
2013-01-15 00:00:00+07:00,30017.302838330208,30017.302838330208,29270.26399062643,29406.08984375,600629,0.0,0.0
2013-01-16 00:00:00+07:00,29338.17699205047,30085.21584166047,29338.17699205047,29677.73828125,3857988,0.0,0.0
2013-01-17 00:00:00+07:00,29677.740267070218,29745.653198349537,28523.23046875,28523.23046875,637050,0.0,0.0
2013-01-18 00:00:00+07:00,28523.22984416885,28862.791148653905,28183.6685396838,28251.578125,693443,0.0,0.0
2013-01-21 00:00:00+07:00,28387.402692253687,28387.402692253687,27572.45426079951,27640.3671875,940228,0.0,0.0
2013-01-22 00:00:00+07:00,27504.54133409902,28387.402692253687,27368.71715293597,27640.3671875,1089990,0.0,0.0
2013-01-23 00:00:00+07:00,27979.9284765266,27979.9284765266,27436.62840739853,27640.3671875,190957,0.0,0.0
2013-01-24 00:00:00+07:00,27640.367952248,28591.142263408983,27640.367952248,28455.31640625,3168652,0.0,0.0
2013-01-25 00:00:00+07:00,28659.05461418619,30424.77734375,28523.228759765625,30424.77734375,1230863,0.0,0.0
2013-01-28 00:00:00+07:00,31918.851267617425,32530.060915107217,30900.1640625,30900.1640625,1095120,0.0,0.0
2013-01-29 00:00:00+07:00,30628.512357414907,31715.112488803607,30492.6898493482,30900.1640625,1106971,0.0,0.0
2013-01-30 00:00:00+07:00,31443.465349225524,32258.41380717569,30968.07819134193,31239.7265625,532449,0.0,0.0
2013-01-31 00:00:00+07:00,31171.81369390191,31239.726622941813,30356.865234375,30356.865234375,515694,0.0,0.0
2013-02-01 00:00:00+07:00,30221.040807469755,30560.60546875,29813.566558409588,30560.60546875,446922,0.0,0.0
2013-02-04 00:00:00+07:00,31239.7265625,31850.939578200607,30968.07819134193,31239.7265625,471266,0.0,0.0
2013-02-05 00:00:00+07:00,31239.725349380533,31375.55120192308,30764.338209957456,30900.1640625,333974,0.0,0.0
2013-02-06 00:00:00+07:00,30900.166685069496,31443.466796875,30900.166685069496,31443.466796875,595497,0.0,0.0
2013-02-07 00:00:00+07:00,31647.20110825217,31647.20110825217,31239.726875198416,31375.552734375,470774,0.0,0.0
2013-02-08 00:00:00+07:00,31443.46297745726,31715.111328125,31103.89835852795,31715.111328125,460589,0.0,0.0
2013-02-18 00:00:00+07:00,32054.6726025786,32054.6726025786,31511.37590124313,31715.111328125,499569,0.0,0.0
2013-02-19 00:00:00+07:00,31715.1137203836,31715.1137203836,31239.7265625,31239.7265625,1131947,0.0,0.0
2013-02-20 00:00:00+07:00,31375.549156312973,31783.023342898443,31307.63623446946,31511.375,881732,0.0,0.0
2013-02-21 00:00:00+07:00,31715.1137203836,32530.06217833376,31239.7265625,31239.7265625,1134052,0.0,0.0
2013-02-22 00:00:00+07:00,31375.553556367508,31783.027800096475,31103.90183089748,31307.640625,869604,0.0,0.0
2013-02-25 00:00:00+07:00,31715.11518053969,31715.11518053969,31307.640932804592,31443.466796875,138171,0.0,0.0
2013-02-26 00:00:00+07:00,31511.37983138244,31511.37983138244,30288.953739725803,30560.60546875,702104,0.0,0.0
2013-02-27 00:00:00+07:00,30560.60506890957,31307.640625,30017.304962445585,31307.640625,670914,0.0,0.0
2013-02-28 00:00:00+07:00,31375.552420317017,31511.378278134034,31035.99112025044,31239.7265625,231742,0.0,0.0
2013-03-01 00:00:00+07:00,31239.72800076939,31850.941044610096,31239.72800076939,31443.466796875,396796,0.0,0.0
2013-03-04 00:00:00+07:00,31511.377378689387,31647.19988815359,31035.990234375,31035.990234375,332865,0.0,0.0
2013-03-05 00:00:00+07:00,30696.427734375,31035.992392840948,30560.60521546472,30696.427734375,112906,0.0,0.0
2013-03-06 00:00:00+07:00,30900.16413872068,31171.8125,30696.425359404297,31171.8125,50349,0.0,0.0
2013-03-07 00:00:00+07:00,31171.811600838715,31239.724525318536,30968.076171875,30968.076171875,294375,0.0,0.0
2013-03-08 00:00:00+07:00,30628.51154947589,31239.724525318536,30628.51154947589,30968.076171875,44260,0.0,0.0
2013-03-11 00:00:00+07:00,31035.98909635482,31239.724525318536,30764.33739843553,30968.076171875,107889,0.0,0.0
2013-03-12 00:00:00+07:00,31239.72624707057,31375.552103516144,30968.07787865536,31103.900390625,296266,0.0,0.0
2013-03-13 00:00:00+07:00,31171.813318847784,31171.813318847784,30968.07787865536,31103.900390625,252128,0.0,0.0
2013-03-14 00:00:00+07:00,30968.07787865536,31171.813318847784,30764.339093987,31103.900390625,197652,0.0,0.0
2013-03-15 00:00:00+07:00,31103.89981686917,31307.63859777928,31035.990234375,31035.990234375,253074,0.0,0.0
2013-03-18 00:00:00+07:00,31239.72754955805,32122.588964311835,31171.814618503755,31918.853515625,540997,0.0,0.0
2013-03-19 00:00:00+07:00,31918.852996914942,33412.92742240131,31918.852996914942,33277.1015625,672666,0.0,0.0
2013-03-20 00:00:00+07:00,33752.48749520314,35314.47479360404,33277.10034738337,34974.91015625,528704,0.0,0.0
2013-03-21 00:00:00+07:00,34974.909871053635,34974.909871053635,33888.31307380884,33956.22265625,680836,0.0,0.0
2013-03-22 00:00:00+07:00,33956.22441037352,35654.03763757782,33888.31482442426,34295.7890625,847150,0.0,0.0
2013-03-25 00:00:00+07:00,34974.909871053635,35314.47450563876,33888.31307380884,33956.22265625,596103,0.0,0.0
2013-03-26 00:00:00+07:00,33956.22599536912,34635.35198684602,33888.31640625,33888.31640625,322603,0.0,0.0
2013-03-27 00:00:00+07:00,33888.315047604534,35314.4765625,33616.66332411431,35314.4765625,891426,0.0,0.0
2013-03-28 00:00:00+07:00,34974.91042530316,37351.84618268714,34974.91042530316,35993.59765625,4465681,0.0,0.0
2013-03-29 00:00:00+07:00,35993.59497975953,36672.72086471613,35314.4724392786,36333.15625,344035,0.0,0.0
2013-04-01 00:00:00+07:00,36333.16171790215,38710.09765625,35993.60039655994,38710.09765625,2983301,0.0,0.0
2013-04-02 00:00:00+07:00,39049.65990161041,39728.78250220003,38030.97265625,38030.97265625,2052297,0.0,0.0
2013-04-03 00:00:00+07:00,38370.534927384935,38710.09623627123,36672.72503847741,37351.84765625,1023322,0.0,0.0
2013-04-04 00:00:00+07:00,37351.84492081989,37351.84492081989,35654.03515625,35654.03515625,1670287,0.0,0.0
2013-04-05 00:00:00+07:00,36333.15625,36672.72086471613,35654.03370951906,36333.15625,729260,0.0,0.0
2013-04-08 00:00:00+07:00,36672.72265625,37351.84522990739,35993.59673811677,36672.72265625,485865,0.0,0.0
2013-04-09 00:00:00+07:00,36672.72152380849,38710.09252634316,36333.156902989605,38370.53125,1739299,0.0,0.0
2013-04-10 00:00:00+07:00,38710.09623627123,40747.4707785411,37351.84765625,37351.84765625,2581207,0.0,0.0
2013-04-11 00:00:00+07:00,38370.53036844081,39049.65625,37691.40783135727,39049.65625,2795228,0.0,0.0
2013-04-12 00:00:00+07:00,39389.219948159305,39389.219948159305,37012.28423280076,37691.41015625,767825,0.0,0.0
2013-04-15 00:00:00+07:00,37351.84552228745,38710.09402471007,36672.72294331408,37691.41015625,976461,0.0,0.0
2013-04-16 00:00:00+07:00,37351.84765625,38030.97361849864,36672.72503847741,37351.84765625,11306410,0.0,0.0
2013-04-17 00:00:00+07:00,38030.971445736686,38030.971445736686,37012.28423280076,37691.41015625,439773,0.0,0.0
2013-04-18 00:00:00+07:00,37351.84522990739,37351.84522990739,36333.15802494547,36672.72265625,448069,0.0,0.0
2013-04-22 00:00:00+07:00,36672.723591706526,37012.28488719684,35654.036360759696,35993.59765625,783584,0.0,0.0
2013-04-23 00:00:00+07:00,36672.72265625,37012.2839430787,35654.03545128808,36672.72265625,828756,0.0,0.0
2013-04-24 00:00:00+07:00,37012.28515625,37012.28515625,36672.72385829133,37012.28515625,101901,0.0,0.0
2013-04-25 00:00:00+07:00,37012.2839430787,37351.84522990739,36333.15802494547,36672.72265625,330961,0.0,0.0
2013-04-26 00:00:00+07:00,36672.723591706526,36672.723591706526,35993.59765625,35993.59765625,618380,0.0,0.0
2013-05-02 00:00:00+07:00,36333.158951740304,36672.723591706526,35993.59765625,35993.59765625,2235543,0.0,0.0
2013-05-03 00:00:00+07:00,35993.59765625,36672.723591706526,35993.59765625,35993.59765625,318807,0.0,0.0
2013-05-06 00:00:00+07:00,36333.15830935152,37691.41015625,36333.15830935152,37691.41015625,3348317,0.0,0.0
2013-05-07 00:00:00+07:00,37351.84522990739,38030.97114804062,36672.72265625,36672.72265625,717321,0.0,0.0
2013-05-08 00:00:00+07:00,37012.28515625,37351.84645420868,36672.72385829133,37012.28515625,625540,0.0,0.0
2013-05-09 00:00:00+07:00,37351.84645420868,37691.4110966433,37012.28515625,37012.28515625,1314297,0.0,0.0
2013-05-10 00:00:00+07:00,38030.97361849864,38710.09623627123,37351.84765625,37351.84765625,4143920,0.0,0.0
2013-05-13 00:00:00+07:00,37691.4110966433,38030.97239460197,37012.28515625,37012.28515625,1142158,0.0,0.0
2013-05-14 00:00:00+07:00,37012.2863473637,37351.84765625,36672.72503847741,37351.84765625,2543020,0.0,0.0
2013-05-15 00:00:00+07:00,37012.28515625,37351.84645420868,36333.15921585671,37012.28515625,1225883,0.0,0.0
2013-05-16 00:00:00+07:00,37012.2863473637,37691.41230961234,36672.72503847741,37351.84765625,1006001,0.0,0.0
2013-05-17 00:00:00+07:00,37351.84645420868,37351.84645420868,36672.72385829133,37012.28515625,546115,0.0,0.0
2013-05-20 00:00:00+07:00,37012.2863473637,37691.41230961234,36672.72503847741,37351.84765625,1410262,0.0,0.0
2013-05-21 00:00:00+07:00,37691.41369222336,39389.2236434106,37691.41369222336,38710.09765625,1613629,0.0,0.0
2013-05-22 00:00:00+07:00,38710.09765625,39389.2236434106,38370.53633490779,38710.09765625,869969,0.0,0.0
2013-05-23 00:00:00+07:00,38710.09668610944,40407.90993922279,38370.53537327721,39389.22265625,1568395,0.0,0.0
2013-05-24 00:00:00+07:00,39389.21608754438,39728.77734375,38710.09023065761,39728.77734375,759568,0.0,0.0
2013-05-27 00:00:00+07:00,40068.34526803741,42105.71631874338,40068.34526803741,41426.59375,1155446,0.0,0.0
2013-05-28 00:00:00+07:00,41426.5961420429,42445.28339845455,41426.5961420429,42105.71875,1092813,0.0,0.0
2013-05-29 00:00:00+07:00,42105.71850037226,42784.8444487791,41087.03125,41087.03125,1490331,0.0,0.0
2013-05-30 00:00:00+07:00,41087.03031701445,41766.15625,40407.9077285048,41766.15625,860363,0.0,0.0
2013-05-31 00:00:00+07:00,42445.28314681367,42445.28314681367,41087.03125,41087.03125,1109644,0.0,0.0
2013-06-03 00:00:00+07:00,41426.59467843955,41426.59467843955,40747.46875,40747.46875,659290,0.0,0.0
2013-06-04 00:00:00+07:00,41087.03157008218,41087.03157008218,40068.34765625,40068.34765625,1042347,0.0,0.0
2013-06-05 00:00:00+07:00,40407.90864606915,41087.03125,40068.34734410372,41087.03125,721166,0.0,0.0
2013-06-06 00:00:00+07:00,41087.03149358835,42105.71875,40747.470189609805,42105.71875,1504048,0.0,0.0
2013-06-07 00:00:00+07:00,42105.718068629896,44482.65384696729,42105.718068629896,43803.53125,988577,0.0,0.0
2013-06-10 00:00:00+07:00,43803.52823850326,44482.65078878081,43124.40234375,43124.40234375,917057,0.0,0.0
2013-06-11 00:00:00+07:00,42784.84253679096,43124.40382358192,42105.71661873321,42445.28125,999835,0.0,0.0
2013-06-12 00:00:00+07:00,42105.71661873321,43124.40382358192,42105.71661873321,42445.28125,552178,0.0,0.0
2013-06-13 00:00:00+07:00,42445.28125,42784.84253679096,41766.155331942246,42445.28125,871167,0.0,0.0
2013-06-14 00:00:00+07:00,43124.40600641164,43124.40600641164,42105.71875,42105.71875,434744,0.0,0.0
2013-06-17 00:00:00+07:00,42445.28189886093,42445.28189886093,40747.46875,40747.46875,1091351,0.0,0.0
2013-06-18 00:00:00+07:00,40747.47147090599,41087.032785561976,40068.348841594016,40407.91015625,988098,0.0,0.0
2013-06-19 00:00:00+07:00,41087.03125,41426.59589644141,40747.46994803457,41087.03125,335121,0.0,0.0
2013-06-20 00:00:00+07:00,41087.032785561976,41087.032785561976,40068.348841594016,40407.91015625,577671,0.0,0.0
2013-06-21 00:00:00+07:00,40068.348841594016,40747.47147090599,39728.784182461925,40407.91015625,332196,0.0,0.0
2013-06-24 00:00:00+07:00,40747.471252055024,40747.471252055024,38710.09668610944,39389.22265625,727054,0.0,0.0
2013-06-25 00:00:00+07:00,39049.65865867261,39728.78123764599,37012.28423280076,37691.41015625,1211007,0.0,0.0
2013-06-26 00:00:00+07:00,38370.53633490779,38710.09765625,37351.84902640497,38710.09765625,581276,0.0,0.0
2013-06-27 00:00:00+07:00,39049.66039794181,40407.90896086073,38710.09574885508,40068.34765625,972491,0.0,0.0
2013-06-28 00:00:00+07:00,40407.90993922279,40407.90993922279,39389.22265625,39389.22265625,600036,0.0,0.0
2013-07-01 00:00:00+07:00,39049.66155314995,40407.91015625,38710.09689401786,40407.91015625,453326,0.0,0.0
2013-07-02 00:00:00+07:00,40068.34734410372,41426.59589644141,40068.34734410372,41087.03125,528326,0.0,0.0
2013-07-03 00:00:00+07:00,40747.46875,41426.59467843955,40407.90745801816,40747.46875,544753,0.0,0.0
2013-07-04 00:00:00+07:00,41087.03004198183,41087.03004198183,40407.90745801816,40747.46875,187868,0.0,0.0
2013-07-05 00:00:00+07:00,40747.47026547146,41087.03157008218,40068.34765625,40068.34765625,363336,0.0,0.0
2013-07-08 00:00:00+07:00,40068.34862639056,40068.34862639056,39389.22265625,39389.22265625,280658,0.0,0.0
2013-07-09 00:00:00+07:00,39728.78300716327,40068.34765625,39389.22170255254,40068.34765625,234755,0.0,0.0
2013-07-10 00:00:00+07:00,40407.90745801816,41087.03004198183,40407.90745801816,40747.46875,408949,0.0,0.0
2013-07-11 00:00:00+07:00,40747.46875,41087.03004198183,40407.90745801816,40747.46875,306238,0.0,0.0
2013-07-12 00:00:00+07:00,40747.469282530685,42784.84375,40747.469282530685,42784.84375,1271295,0.0,0.0
2013-07-15 00:00:00+07:00,43124.40234375,44143.08951364204,42784.841068611226,43124.40234375,636761,0.0,0.0
2013-07-16 00:00:00+07:00,43463.96660704041,43803.53125,43124.40530855677,43803.53125,785299,0.0,0.0
2013-07-17 00:00:00+07:00,43463.96660704041,44143.09254848365,43124.40530855677,43803.53125,487378,0.0,0.0
2013-07-18 00:00:00+07:00,43463.96660704041,44143.09254848365,43124.40530855677,43803.53125,600200,0.0,0.0
2013-07-19 00:00:00+07:00,44143.09105674127,45161.7782622433,43803.52976973253,44482.65234375,1299144,0.0,0.0
2013-07-22 00:00:00+07:00,44482.65234375,44822.216975234565,43803.52976973253,44482.65234375,985185,0.0,0.0
2013-07-23 00:00:00+07:00,44482.65505772605,44822.21970992814,43803.53244227395,44143.09375,618707,0.0,0.0
2013-07-24 00:00:00+07:00,44143.09228015423,44482.65357657381,42784.84375,42784.84375,1335427,0.0,0.0
2013-07-25 00:00:00+07:00,42784.84375,43463.96634283915,42784.84375,42784.84375,525515,0.0,0.0
2013-07-26 00:00:00+07:00,43463.96875,43803.53340970158,42445.28480432359,43463.96875,493605,0.0,0.0
2013-07-29 00:00:00+07:00,43803.53098373466,43803.53098373466,42445.282453580425,42784.84375,293946,0.0,0.0
2013-07-30 00:00:00+07:00,42784.841068611226,43463.96361888877,42784.841068611226,43124.40234375,356289,0.0,0.0
2013-07-31 00:00:00+07:00,43124.40385123923,44822.216975234565,43124.40385123923,44482.65234375,692774,0.0,0.0
2013-08-01 00:00:00+07:00,44482.65234375,44822.216975234565,44143.09105674127,44482.65234375,453768,0.0,0.0
2013-08-02 00:00:00+07:00,44822.216975234565,44822.216975234565,44143.09105674127,44482.65234375,329145,0.0,0.0
2013-08-05 00:00:00+07:00,44482.65505772605,44822.21970992814,43803.53244227395,44143.09375,306377,0.0,0.0
2013-08-06 00:00:00+07:00,43803.52976973253,44482.65234375,43803.52976973253,44482.65234375,120533,0.0,0.0
2013-08-07 00:00:00+07:00,44482.6538065729,46180.46698640123,44482.6538065729,45840.90234375,954184,0.0,0.0
2013-08-08 00:00:00+07:00,45501.34104557471,46180.46698640123,45161.77974739942,45840.90234375,261684,0.0,0.0
2013-08-09 00:00:00+07:00,45840.9014166582,46859.58863505796,45840.9014166582,46520.02734375,373069,0.0,0.0
2013-08-12 00:00:00+07:00,46520.028543683424,46859.58984375,45840.90259907431,46859.58984375,604146,0.0,0.0
2013-08-13 00:00:00+07:00,46520.03006114289,47199.15602790475,46180.46875,46180.46875,860072,0.0,0.0
2013-08-14 00:00:00+07:00,46180.46632599656,47878.27613706938,46180.46632599656,47538.71484375,1690874,0.0,0.0
2013-08-15 00:00:00+07:00,47878.27734375,48557.40329198074,47878.27734375,47878.27734375,959164,0.0,0.0
2013-08-16 00:00:00+07:00,47878.27613706938,48217.837430388776,47199.153550430616,47538.71484375,531162,0.0,0.0
2013-08-19 00:00:00+07:00,47538.71511353484,48896.963638996414,47199.15381828842,48557.40234375,1034795,0.0,0.0
2013-08-20 00:00:00+07:00,48217.837430388776,48557.402068184056,47199.153550430616,47538.71484375,927609,0.0,0.0
2013-08-21 00:00:00+07:00,47538.71578835911,47538.71578835911,46180.46724361685,46859.58984375,932149,0.0,0.0
2013-08-22 00:00:00+07:00,46180.46875,47199.15602790475,45501.34278323815,46180.46875,781390,0.0,0.0
2013-08-23 00:00:00+07:00,46180.46698640123,46520.028284576525,45161.77974739942,45840.90234375,760009,0.0,0.0
2013-08-26 00:00:00+07:00,45501.34012535024,46859.58863505796,44822.21754273431,46520.02734375,728983,0.0,0.0
2013-08-27 00:00:00+07:00,46520.02705584528,46520.02705584528,45501.33984375,45501.33984375,188537,0.0,0.0
2013-08-28 00:00:00+07:00,45161.78101765419,45501.34232538024,43803.53244227395,44143.09375,1032387,0.0,0.0
2013-08-29 00:00:00+07:00,44143.09375,44822.21970992814,44143.09375,44143.09375,686295,0.0,0.0
2013-08-30 00:00:00+07:00,44143.094724927054,44482.65604015252,43124.40743477453,43463.96875,1449774,0.0,0.0
2013-09-03 00:00:00+07:00,44143.09375,44482.65505772605,43803.53244227395,44143.09375,492244,0.0,0.0
2013-09-04 00:00:00+07:00,44143.09375,44822.21970992814,43803.53244227395,44143.09375,517522,0.0,0.0
2013-09-05 00:00:00+07:00,44143.09105674127,44482.65234375,43803.52976973253,44482.65234375,716262,0.0,0.0
2013-09-06 00:00:00+07:00,44482.65410507015,44822.21875,44143.09280461626,44822.21875,498662,0.0,0.0
2013-09-09 00:00:00+07:00,44482.65384696729,44482.65384696729,43463.96660704041,43803.53125,1035110,0.0,0.0
2013-09-10 00:00:00+07:00,43803.53244227395,44482.65505772605,43803.53244227395,44143.09375,542244,0.0,0.0
2013-09-11 00:00:00+07:00,44482.65234375,44822.216975234565,44143.09105674127,44482.65234375,506238,0.0,0.0
2013-09-12 00:00:00+07:00,44143.09105674127,44822.216975234565,44143.09105674127,44482.65234375,242130,0.0,0.0
2013-09-13 00:00:00+07:00,44482.65234375,45161.7782622433,44482.65234375,44482.65234375,306818,0.0,0.0
2013-09-16 00:00:00+07:00,44482.65505772605,44822.21970992814,44143.09375,44143.09375,504637,0.0,0.0
2013-09-17 00:00:00+07:00,44143.09105674127,45161.7782622433,44143.09105674127,44482.65234375,700074,0.0,0.0
2013-09-18 00:00:00+07:00,44822.216975234565,45161.7782622433,44143.09105674127,44482.65234375,697615,0.0,0.0
2013-09-19 00:00:00+07:00,45161.7782622433,45161.7782622433,44143.09105674127,44482.65234375,1121495,0.0,0.0
2013-09-20 00:00:00+07:00,44482.65505772605,44482.65505772605,44143.09375,44143.09375,606314,0.0,0.0
2013-09-23 00:00:00+07:00,44482.65234375,44482.65234375,43803.52976973253,44482.65234375,706353,0.0,0.0
2013-09-24 00:00:00+07:00,44482.65143906866,45501.33862385279,44482.65143906866,45161.77734375,834114,0.0,0.0
2013-09-25 00:00:00+07:00,45161.778554543525,45840.90113295648,44822.21726533705,45501.33984375,965846,0.0,0.0
2013-09-26 00:00:00+07:00,45501.34135090778,45501.34135090778,44143.09280461626,44822.21875,2738672,0.0,0.0
2013-09-27 00:00:00+07:00,44822.21726533705,45840.90113295648,44822.21726533705,45501.33984375,693809,0.0,0.0
2013-09-30 00:00:00+07:00,45840.90113295648,45840.90113295648,45161.778554543525,45501.33984375,502279,0.0,0.0
2013-10-01 00:00:00+07:00,45161.77734375,45840.89990395558,44822.21606364721,45161.77734375,1605738,0.0,0.0
2013-10-02 00:00:00+07:00,45501.33954925204,45501.33954925204,43803.52976973253,44482.65234375,1811324,0.0,0.0
2013-10-03 00:00:00+07:00,44822.216975234565,45161.7782622433,44482.65234375,44482.65234375,653819,0.0,0.0
2013-10-04 00:00:00+07:00,44822.21754273431,46520.02734375,44143.09161564251,46520.02734375,2937474,0.0,0.0
2013-10-07 00:00:00+07:00,46520.03006114289,46859.59137228578,46180.46875,46180.46875,1000263,0.0,0.0
2013-10-08 00:00:00+07:00,46180.46875,46520.03006114289,45840.90409438104,46180.46875,497161,0.0,0.0
2013-10-09 00:00:00+07:00,45840.90234375,46180.46698640123,45501.34104557471,45840.90234375,562227,0.0,0.0
2013-10-10 00:00:00+07:00,45840.90265136166,45840.90265136166,44482.65410507015,44822.21875,1376791,0.0,0.0
2013-10-11 00:00:00+07:00,44822.216975234565,45501.33954925204,44482.65234375,44482.65234375,1584053,0.0,0.0
2013-10-14 00:00:00+07:00,44482.65505772605,44822.21970992814,44143.09375,44143.09375,1017107,0.0,0.0
2013-10-15 00:00:00+07:00,44143.09375,44822.21970992814,43803.53244227395,44143.09375,1041590,0.0,0.0
2013-10-16 00:00:00+07:00,44143.09375,44822.21970992814,43803.53244227395,44143.09375,656933,0.0,0.0
2013-10-17 00:00:00+07:00,44482.65234375,44822.216975234565,44143.09105674127,44482.65234375,462215,0.0,0.0
2013-10-18 00:00:00+07:00,44822.216975234565,44822.216975234565,44143.09105674127,44482.65234375,416627,0.0,0.0
2013-10-21 00:00:00+07:00,44143.09254848365,44482.65384696729,43803.53125,43803.53125,781517,0.0,0.0
2013-10-22 00:00:00+07:00,43803.53244227395,44143.09375,43463.96779007186,44143.09375,557562,0.0,0.0
2013-10-23 00:00:00+07:00,43803.53244227395,44482.65505772605,43803.53244227395,44143.09375,738589,0.0,0.0
2013-10-24 00:00:00+07:00,44143.094724927054,44143.094724927054,43463.96875,43463.96875,510247,0.0,0.0
2013-10-25 00:00:00+07:00,43803.53340970158,44143.094724927054,43124.40743477453,43463.96875,466678,0.0,0.0
2013-10-28 00:00:00+07:00,43803.53340970158,44143.094724927054,43463.96875,43463.96875,290051,0.0,0.0
2013-10-29 00:00:00+07:00,43463.96361888877,43463.96361888877,42784.841068611226,43124.40234375,494034,0.0,0.0
2013-10-30 00:00:00+07:00,43463.96660704041,44143.09254848365,43463.96660704041,43803.53125,913086,0.0,0.0
2013-10-31 00:00:00+07:00,44143.094724927054,44143.094724927054,43463.96875,43463.96875,207171,0.0,0.0
2013-11-01 00:00:00+07:00,43803.53340970158,44143.094724927054,43463.96875,43463.96875,379738,0.0,0.0
2013-11-04 00:00:00+07:00,43803.53340970158,43803.53340970158,43124.40743477453,43463.96875,470799,0.0,0.0
2013-11-05 00:00:00+07:00,43463.96660704041,43803.53125,43124.40530855677,43803.53125,621972,0.0,0.0
2013-11-06 00:00:00+07:00,43803.53125,43803.53125,43463.96660704041,43803.53125,175690,0.0,0.0
2013-11-07 00:00:00+07:00,43463.96361888877,43803.52823850326,43124.40234375,43124.40234375,537605,0.0,0.0
2013-11-08 00:00:00+07:00,43124.40234375,43463.96361888877,42784.841068611226,43124.40234375,437466,0.0,0.0
2013-11-11 00:00:00+07:00,43124.40234375,43463.96361888877,42784.841068611226,43124.40234375,248497,0.0,0.0
2013-11-12 00:00:00+07:00,43124.405046419575,43463.96634283915,42784.84375,42784.84375,285612,0.0,0.0
2013-11-13 00:00:00+07:00,42784.84375,43124.405046419575,42445.282453580425,42784.84375,338689,0.0,0.0
2013-11-14 00:00:00+07:00,43463.96361888877,43803.52823850326,43124.40234375,43124.40234375,234327,0.0,0.0
2013-11-15 00:00:00+07:00,43124.40743477453,43803.53340970158,43124.40743477453,43463.96875,326990,0.0,0.0
2013-11-18 00:00:00+07:00,43803.53244227395,44143.09375,43463.96779007186,44143.09375,640127,0.0,0.0
2013-11-19 00:00:00+07:00,44143.094724927054,44143.094724927054,43463.96875,43463.96875,260436,0.0,0.0
2013-11-20 00:00:00+07:00,43463.96875,43803.53340970158,43124.40743477453,43463.96875,290416,0.0,0.0
2013-11-21 00:00:00+07:00,43803.53125,44482.65384696729,43463.96660704041,43803.53125,1288743,0.0,0.0
2013-11-22 00:00:00+07:00,44143.09375,44143.09375,43463.96779007186,44143.09375,288046,0.0,0.0
2013-11-25 00:00:00+07:00,44143.09254848365,44482.65384696729,43803.53125,43803.53125,531390,0.0,0.0
2013-11-26 00:00:00+07:00,44143.09254848365,44143.09254848365,43463.96660704041,43803.53125,435260,0.0,0.0
2013-11-27 00:00:00+07:00,43803.53125,44143.09254848365,43463.96660704041,43803.53125,584314,0.0,0.0
2013-11-28 00:00:00+07:00,43803.53340970158,44143.094724927054,43463.96875,43463.96875,298283,0.0,0.0
2013-11-29 00:00:00+07:00,43803.53340970158,43803.53340970158,43463.96875,43463.96875,402847,0.0,0.0
2013-12-02 00:00:00+07:00,44143.09375,44482.65505772605,43803.53244227395,44143.09375,602570,0.0,0.0
2013-12-03 00:00:00+07:00,44143.09375,44822.21970992814,43803.53244227395,44143.09375,678074,0.0,0.0
2013-12-04 00:00:00+07:00,44143.09375,44822.21970992814,44143.09375,44143.09375,823448,0.0,0.0
2013-12-05 00:00:00+07:00,44143.09375,44482.65505772605,43803.53244227395,44143.09375,384314,0.0,0.0
2013-12-06 00:00:00+07:00,44482.65505772605,44482.65505772605,43803.53244227395,44143.09375,172652,0.0,0.0
2013-12-09 00:00:00+07:00,44482.65384696729,44482.65384696729,43803.53125,43803.53125,309579,0.0,0.0
2013-12-10 00:00:00+07:00,43803.53244227395,44482.65505772605,43803.53244227395,44143.09375,293744,0.0,0.0
2013-12-11 00:00:00+07:00,44143.094724927054,44143.094724927054,43463.96875,43463.96875,381730,0.0,0.0
2013-12-12 00:00:00+07:00,43463.96660704041,43803.53125,43463.96660704041,43803.53125,174001,0.0,0.0
2013-12-13 00:00:00+07:00,43803.53125,44143.09254848365,43463.96660704041,43803.53125,215416,0.0,0.0
2013-12-16 00:00:00+07:00,43463.96660704041,43803.53125,43463.96660704041,43803.53125,152241,0.0,0.0
2013-12-17 00:00:00+07:00,43803.53125,43803.53125,43463.96660704041,43803.53125,1401779,0.0,0.0
2013-12-18 00:00:00+07:00,43803.53340970158,43803.53340970158,43463.96875,43463.96875,233141,0.0,0.0
2013-12-19 00:00:00+07:00,43803.53340970158,44143.094724927054,43463.96875,43463.96875,797238,0.0,0.0
2013-12-20 00:00:00+07:00,43803.53125,44143.09254848365,43463.96660704041,43803.53125,1601665,0.0,0.0
2013-12-23 00:00:00+07:00,44143.09105674127,44482.65234375,43803.52976973253,44482.65234375,498346,0.0,0.0
2013-12-24 00:00:00+07:00,44482.65505772605,44822.21970992814,44143.09375,44143.09375,362794,0.0,0.0
2013-12-25 00:00:00+07:00,44482.65505772605,44482.65505772605,43803.53244227395,44143.09375,159616,0.0,0.0
2013-12-26 00:00:00+07:00,44143.09015896587,45161.77734375,43803.52887886308,45161.77734375,655193,0.0,0.0
2013-12-27 00:00:00+07:00,45501.33984375,46520.02705584528,45501.33984375,45501.33984375,1110198,0.0,0.0
2013-12-30 00:00:00+07:00,45501.33862385279,45840.89990395558,45161.77734375,45161.77734375,505645,0.0,0.0
2013-12-31 00:00:00+07:00,44822.21606364721,45501.33862385279,44822.21606364721,45161.77734375,429851,0.0,0.0
2014-01-02 00:00:00+07:00,45161.77734375,45161.77734375,44482.65143906866,45161.77734375,289899,0.0,0.0
2014-01-03 00:00:00+07:00,45161.78005045389,45161.78005045389,44482.65410507015,44822.21875,323963,0.0,0.0
2014-01-06 00:00:00+07:00,44822.21726533705,45501.33984375,44822.21726533705,45501.33984375,222665,0.0,0.0
2014-01-07 00:00:00+07:00,45501.33984375,45840.90113295648,45161.778554543525,45501.33984375,193517,0.0,0.0
2014-01-08 00:00:00+07:00,45840.90234375,45840.90234375,45161.77974739942,45840.90234375,228615,0.0,0.0
2014-01-09 00:00:00+07:00,45840.90409438104,46520.03006114289,45840.90409438104,46180.46875,424709,0.0,0.0
2014-01-10 00:00:00+07:00,46520.02642999768,48217.83619766477,46520.02642999768,47199.15234375,1459078,0.0,0.0
2014-01-13 00:00:00+07:00,47538.71628482306,48896.96484375,47538.71628482306,48896.96484375,886195,0.0,0.0
2014-01-14 00:00:00+07:00,48896.963638996414,49236.52493424283,48557.40234375,48557.40234375,706806,0.0,0.0
2014-01-15 00:00:00+07:00,48557.399978207424,49915.6484375,48217.83535502746,49915.6484375,1315545,0.0,0.0
2014-01-16 00:00:00+07:00,50594.77279463392,52632.14722828287,50594.77279463392,52292.5859375,2464036,0.0,0.0
2014-01-17 00:00:00+07:00,52632.14722828287,53990.39573589021,52292.5859375,52292.5859375,1679465,0.0,0.0
2014-01-20 00:00:00+07:00,52632.1484375,53650.83567772869,51953.02584033151,52632.1484375,720158,0.0,0.0
2014-01-21 00:00:00+07:00,52292.5859375,52971.70851906574,51273.89872067553,52292.5859375,518454,0.0,0.0
2014-01-22 00:00:00+07:00,52632.14972260206,53311.2756808285,50934.33984375,50934.33984375,699961,0.0,0.0
2014-01-23 00:00:00+07:00,51613.45972640754,52292.58564869847,51273.8984375,51273.8984375,305721,0.0,0.0
2014-01-24 00:00:00+07:00,51613.46144717789,53650.8359375,51273.90014694952,53650.8359375,887242,0.0,0.0
2014-01-27 00:00:00+07:00,54329.96037114896,54329.96037114896,52292.5859375,52292.5859375,459177,0.0,0.0
2014-02-06 00:00:00+07:00,52632.14722828287,52971.70851906574,51953.02464671713,52292.5859375,355167,0.0,0.0
2014-02-07 00:00:00+07:00,52971.70946947685,52971.70946947685,51613.4609375,51613.4609375,287743,0.0,0.0
2014-02-10 00:00:00+07:00,51953.02557885117,51953.02557885117,51273.89964062477,51613.4609375,266550,0.0,0.0
2014-02-11 00:00:00+07:00,52292.58687572639,52971.70946947685,51273.89964062477,51613.4609375,675641,0.0,0.0
2014-02-12 00:00:00+07:00,51953.02609188222,53650.8359375,51953.02609188222,53650.8359375,819830,0.0,0.0
2014-02-13 00:00:00+07:00,53990.395120811576,56027.76953125,53990.395120811576,56027.76953125,960160,0.0,0.0
2014-02-14 00:00:00+07:00,57046.45524752748,57725.57780363096,56027.76806889653,56706.890625,929462,0.0,0.0
2014-02-17 00:00:00+07:00,56706.89210507892,56706.89210507892,56027.76953125,56027.76953125,348321,0.0,0.0
2014-02-18 00:00:00+07:00,56027.77129541771,56706.89389063042,56027.77129541771,56367.3359375,648233,0.0,0.0
2014-02-19 00:00:00+07:00,57046.45853271271,57046.45853271271,55688.20999781136,56367.3359375,635197,0.0,0.0
2014-02-20 00:00:00+07:00,56706.89210507892,58065.14394168842,55348.64361294525,56027.76953125,1221747,0.0,0.0
2014-02-21 00:00:00+07:00,56367.33416264029,56706.89210507892,55688.20824433554,56027.76953125,326674,0.0,0.0
2014-02-24 00:00:00+07:00,56027.77129541771,56367.3359375,56027.77129541771,56367.3359375,248459,0.0,0.0
2014-02-25 00:00:00+07:00,56367.33536022709,58404.703125,56367.33536022709,58404.703125,1128706,0.0,0.0
2014-02-26 00:00:00+07:00,59083.832402209446,59083.832402209446,57386.02258708945,58404.703125,376927,0.0,0.0
2014-02-27 00:00:00+07:00,57725.58112792542,58065.14577000772,56367.3359375,56367.3359375,497287,0.0,0.0
2014-02-28 00:00:00+07:00,56706.89389063042,57386.02317479501,56027.77129541771,56367.3359375,669930,0.0,0.0
2014-03-03 00:00:00+07:00,56367.336888648286,57386.02414313272,55688.2109375,55688.2109375,561470,0.0,0.0
2014-03-04 00:00:00+07:00,55688.2091682741,55688.2091682741,54329.96065360536,55348.64453125,252405,0.0,0.0
2014-03-05 00:00:00+07:00,56367.336888648286,56367.336888648286,55348.64628968785,55688.2109375,214899,0.0,0.0
2014-03-06 00:00:00+07:00,56367.33269142401,56706.890625,55688.20679084479,56706.890625,276006,0.0,0.0
2014-03-07 00:00:00+07:00,56706.890625,57386.019870054966,56367.33269142401,56706.890625,208797,0.0,0.0
2014-03-10 00:00:00+07:00,57046.45524752748,57046.45524752748,56706.890625,56706.890625,338878,0.0,0.0
2014-03-11 00:00:00+07:00,57046.45942540997,58065.14667864601,56367.33681956994,57725.58203125,464484,0.0,0.0
2014-03-12 00:00:00+07:00,58065.14453125,59083.8317468124,58065.14453125,58065.14453125,561949,0.0,0.0
2014-03-13 00:00:00+07:00,58404.70247713632,58744.26711197436,57725.57989641195,58065.14453125,419274,0.0,0.0
2014-03-14 00:00:00+07:00,58065.14667864601,58744.26928448604,57725.58203125,57725.58203125,328755,0.0,0.0
2014-03-17 00:00:00+07:00,59083.83393188204,59083.83393188204,57725.58203125,57725.58203125,276914,0.0,0.0
2014-03-18 00:00:00+07:00,57725.58139218487,58065.14603582164,57386.0234375,57386.0234375,249090,0.0,0.0
2014-03-19 00:00:00+07:00,58065.14667864601,58404.70463709004,57386.02407280598,57725.58203125,163247,0.0,0.0
2014-03-20 00:00:00+07:00,58065.14821773765,58065.14821773765,56706.8962811034,57046.4609375,295181,0.0,0.0
2014-03-21 00:00:00+07:00,57046.45524752748,57386.019870054966,56706.890625,56706.890625,271342,0.0,0.0
2014-03-24 00:00:00+07:00,56706.8962811034,57046.4609375,56706.8962811034,57046.4609375,447679,0.0,0.0
2014-03-25 00:00:00+07:00,57386.019870054966,57386.019870054966,56706.890625,56706.890625,462026,0.0,0.0
2014-03-26 00:00:00+07:00,56706.89484750844,57046.45949532058,55688.2109375,55688.2109375,436559,0.0,0.0
2014-03-27 00:00:00+07:00,55688.2109375,56027.772240836144,55009.08498635171,55688.2109375,113234,0.0,0.0
2014-03-28 00:00:00+07:00,56367.33416264029,56367.33416264029,55348.64361294525,56027.76953125,256981,0.0,0.0
2014-03-31 00:00:00+07:00,56706.890625,57386.019870054966,56367.33269142401,56706.890625,461433,0.0,0.0
2014-04-01 00:00:00+07:00,56706.89389063042,57046.45853271271,56027.77129541771,56367.3359375,462454,0.0,0.0
2014-04-02 00:00:00+07:00,56367.3359375,56706.89389063042,56027.77129541771,56367.3359375,229977,0.0,0.0
2014-04-03 00:00:00+07:00,56706.89415022646,57386.0234375,56367.3361955416,57386.0234375,359063,0.0,0.0
2014-04-04 00:00:00+07:00,57386.02431386443,59083.8341800724,57386.02431386443,58744.26953125,510752,0.0,0.0
2014-04-07 00:00:00+07:00,60442.07987971826,61800.331796893166,59423.39261407509,60781.64453125,1124104,0.0,0.0
2014-04-08 00:00:00+07:00,60781.64120520138,62819.015625,60442.07657225105,62819.015625,983950,0.0,0.0
2014-04-10 00:00:00+07:00,63158.57356899864,64516.82541184828,62819.015625,62819.015625,1008912,0.0,0.0
2014-04-11 00:00:00+07:00,62819.01272138279,64177.2578125,61800.32555856919,64177.2578125,562694,0.0,0.0
2014-04-14 00:00:00+07:00,64516.82965284088,64516.82965284088,63837.70703125,63837.70703125,378125,0.0,0.0
2014-04-15 00:00:00+07:00,63837.69954338431,64177.25746987511,63158.5703125,63158.5703125,864876,0.0,0.0
2014-04-16 00:00:00+07:00,62479.44889444928,63158.57144859832,61460.76171875,61460.76171875,705962,0.0,0.0
2014-04-17 00:00:00+07:00,63158.57572513315,63158.57572513315,61460.76588032431,62479.453125,615392,0.0,0.0
2014-04-18 00:00:00+07:00,62819.01533011743,62819.01533011743,61460.76349364364,61800.328125,494009,0.0,0.0
2014-04-21 00:00:00+07:00,62479.45620471647,62479.45620471647,61121.2109375,61121.2109375,460790,0.0,0.0
2014-04-22 00:00:00+07:00,61800.328125,61800.328125,61121.20555123893,61800.328125,398662,0.0,0.0
2014-04-23 00:00:00+07:00,61800.33377509892,62139.8984375,61460.76911269783,62139.8984375,280569,0.0,0.0
2014-04-24 00:00:00+07:00,61800.32841510069,62819.015625,61800.32841510069,62819.015625,394615,0.0,0.0
2014-04-25 00:00:00+07:00,63158.57440341189,66893.7653483576,63158.57440341189,65875.078125,854311,0.0,0.0
2014-04-28 00:00:00+07:00,66214.63607348468,67572.88793427873,65875.078125,65875.078125,589850,0.0,0.0
2014-04-29 00:00:00+07:00,65195.95144619973,67572.890625,65195.95144619973,67572.890625,523927,0.0,0.0
2014-05-05 00:00:00+07:00,68591.57788892125,69270.70050188473,67233.32597404224,67572.890625,636559,0.0,0.0
2014-05-06 00:00:00+07:00,67233.32573555452,67233.32573555452,65195.95121493893,66554.203125,1045788,0.0,0.0
2014-05-07 00:00:00+07:00,67233.32357488893,67233.32357488893,65875.07839742958,66893.765625,183759,0.0,0.0
2014-05-08 00:00:00+07:00,65195.95021448453,65535.51485902708,62479.453125,62479.453125,2108034,0.0,0.0
2014-05-09 00:00:00+07:00,61800.32923156962,65875.078125,60781.64200821203,65875.078125,1232047,0.0,0.0
2014-05-12 00:00:00+07:00,65195.94579999689,65195.94579999689,60781.639164600965,61460.76171875,578704,0.0,0.0
2014-05-13 00:00:00+07:00,60781.64627621976,61800.33357110824,60442.08161493951,61121.2109375,427608,0.0,0.0
2014-05-14 00:00:00+07:00,60442.07454305072,61800.32634030025,60442.07454305072,61460.76171875,840040,0.0,0.0
2014-05-15 00:00:00+07:00,61800.33357110824,62819.020865996725,58404.70702516254,61121.2109375,1290911,0.0,0.0
2014-05-16 00:00:00+07:00,61121.21135848817,61460.76933315496,59423.39472934505,60442.08203125,628654,0.0,0.0
2014-05-19 00:00:00+07:00,60442.07785654472,60442.07785654472,58744.2680336208,59423.390625,550552,0.0,0.0
2014-05-20 00:00:00+07:00,59423.39432005103,61460.768909828,59423.39432005103,61121.2109375,384680,0.0,0.0
2014-05-21 00:00:00+07:00,61121.21113924903,62139.8984375,60442.08181444687,62139.8984375,458546,0.0,0.0
2014-05-22 00:00:00+07:00,62139.89516940939,63158.57572513315,61800.330524866855,62479.453125,618505,0.0,0.0
2014-05-23 00:00:00+07:00,62479.450992049664,63498.138201948976,62479.450992049664,62819.015625,383029,0.0,0.0
2014-05-26 00:00:00+07:00,62819.015625,62819.015625,62139.893048051024,62819.015625,215806,0.0,0.0
2014-05-27 00:00:00+07:00,62479.44777056704,63158.5703125,62139.88984407624,63158.5703125,417018,0.0,0.0
2014-05-28 00:00:00+07:00,63837.70703125,63837.70703125,62819.01975438762,63837.70703125,348018,0.0,0.0
2014-05-29 00:00:00+07:00,63837.70786409813,65535.51778470158,63498.14320439655,65195.953125,375275,0.0,0.0
2014-05-30 00:00:00+07:00,65535.51799239679,67572.89257915867,65195.95333161906,66214.640625,1379313,0.0,0.0
2014-06-02 00:00:00+07:00,65875.07634702156,66554.19891461307,65195.94709047844,65535.51171875,1127799,0.0,0.0
2014-06-03 00:00:00+07:00,65875.08051444548,66893.76777475327,65195.95121493893,66554.203125,392623,0.0,0.0
2014-06-04 00:00:00+07:00,66554.20098615925,66893.765625,65875.07839742958,66893.765625,579334,0.0,0.0
2014-06-05 00:00:00+07:00,66554.20528577773,66893.76994655546,66214.640625,66214.640625,291336,0.0,0.0
2014-06-06 00:00:00+07:00,66554.20015206297,67912.4453125,66214.63551747784,67912.4453125,457752,0.0,0.0
2014-06-09 00:00:00+07:00,67912.44926800205,72666.32098432028,67912.44926800205,70628.953125,626977,0.0,0.0
2014-06-10 00:00:00+07:00,71308.06741903813,74703.68681039414,70628.9448785572,72666.3125,402998,0.0,0.0
2014-06-11 00:00:00+07:00,72666.3125,74024.5642699132,71987.18995951906,72666.3125,556364,0.0,0.0
2014-06-12 00:00:00+07:00,72666.31604989094,73345.4453125,71987.19347623354,73345.4453125,335475,0.0,0.0
2014-06-13 00:00:00+07:00,72666.31604989094,74703.69045981478,72666.31604989094,73345.4453125,405142,0.0,0.0
2014-06-16 00:00:00+07:00,73345.44718341305,74024.56977439368,71987.1953125,71987.1953125,374493,0.0,0.0
2014-06-17 00:00:00+07:00,71987.19288053764,71987.19288053764,69949.81848747312,71308.0703125,645875,0.0,0.0
2014-06-18 00:00:00+07:00,71308.07574477342,71987.19836454686,70628.953125,70628.953125,201573,0.0,0.0
2014-06-19 00:00:00+07:00,69949.81848747312,71308.0703125,67912.44409440861,71308.0703125,498989,0.0,0.0
2014-06-20 00:00:00+07:00,71308.07574477342,72666.32098432028,69949.82381627445,70628.953125,361912,0.0,0.0
2014-06-23 00:00:00+07:00,70628.94774446236,71987.19288053764,69949.81848747312,71308.0703125,332776,0.0,0.0
2014-06-24 00:00:00+07:00,71308.06741903813,73345.44172943226,71308.06741903813,72666.3125,657929,0.0,0.0
2014-06-25 00:00:00+07:00,72666.31790348061,73345.44718341305,71987.1953125,71987.1953125,293177,0.0,0.0
2014-06-26 00:00:00+07:00,71987.19347623354,73345.4453125,71308.07090257616,73345.4453125,317875,0.0,0.0
2014-06-27 00:00:00+07:00,73345.44822118957,76061.9453125,73345.44822118957,76061.9453125,412126,0.0,0.0
2014-06-30 00:00:00+07:00,75382.82271191037,77420.19051367925,75382.82271191037,76061.9453125,194299,0.0,0.0
2014-07-01 00:00:00+07:00,76061.94289147337,76741.06547044676,74703.6910445749,75382.8203125,790456,0.0,0.0
2014-07-02 00:00:00+07:00,75382.8221932866,76061.94478920395,74024.5703125,74024.5703125,458205,0.0,0.0
2014-07-03 00:00:00+07:00,74703.6910445749,75382.8203125,73345.44588662815,75382.8203125,324695,0.0,0.0
2014-07-04 00:00:00+07:00,75382.82271191037,76741.06791308963,74703.69342236881,76061.9453125,605255,0.0,0.0
2014-07-07 00:00:00+07:00,75382.82461922469,76061.94723699728,74703.6953125,74703.6953125,288891,0.0,0.0
2014-07-08 00:00:00+07:00,74703.6910445749,76061.94289147337,74024.56846560152,75382.8203125,258318,0.0,0.0
2014-07-09 00:00:00+07:00,75382.8203125,76061.94289147337,74703.6910445749,75382.8203125,173711,0.0,0.0
2014-07-10 00:00:00+07:00,75382.82461922469,75382.82461922469,73345.45007695482,74703.6953125,279965,0.0,0.0
2014-07-11 00:00:00+07:00,74703.69290841736,75382.8221932866,74024.5703125,74024.5703125,132372,0.0,0.0
2014-07-14 00:00:00+07:00,74024.57269472741,74703.6953125,73345.45007695482,74703.6953125,282978,0.0,0.0
2014-07-15 00:00:00+07:00,74703.6953125,74703.6953125,74024.57269472741,74703.6953125,362492,0.0,0.0
2014-07-16 00:00:00+07:00,75382.8221932866,75382.8221932866,74024.5703125,74024.5703125,392900,0.0,0.0
2014-07-17 00:00:00+07:00,74024.57269472741,74703.6953125,73345.45007695482,74703.6953125,269021,0.0,0.0
2014-07-18 00:00:00+07:00,74703.6953125,75382.82461922469,73345.45007695482,74703.6953125,418039,0.0,0.0
2014-07-21 00:00:00+07:00,74703.6881529896,77420.18505268631,74703.6881529896,76741.0625,800655,0.0,0.0
2014-07-22 00:00:00+07:00,76061.93994731369,76741.0625,75382.81739462737,76741.0625,174241,0.0,0.0
2014-07-23 00:00:00+07:00,76741.0625,76741.0625,75382.81739462737,76741.0625,138940,0.0,0.0
2014-07-24 00:00:00+07:00,76741.07266981558,77420.1953125,76061.95002713114,77420.1953125,462088,0.0,0.0
2014-07-25 00:00:00+07:00,78099.32464413678,78778.4472868212,77420.1953125,77420.1953125,389623,0.0,0.0
2014-07-28 00:00:00+07:00,77420.18804942013,77420.18804942013,75382.8203125,75382.8203125,317043,0.0,0.0
2014-07-29 00:00:00+07:00,75382.8203125,75382.8203125,74024.56846560152,75382.8203125,221392,0.0,0.0
2014-07-30 00:00:00+07:00,75382.8203125,76061.94289147337,74703.6910445749,75382.8203125,296203,0.0,0.0
2014-07-31 00:00:00+07:00,74703.6881529896,76741.0625,74703.6881529896,76741.0625,408936,0.0,0.0
2014-08-01 00:00:00+07:00,76061.94289147337,76741.06547044676,75382.8203125,75382.8203125,236444,0.0,0.0
2014-08-04 00:00:00+07:00,75382.82271191037,77420.19051367925,74703.69342236881,76061.9453125,432500,0.0,0.0
2014-08-05 00:00:00+07:00,77420.18046131522,80136.6838888623,76061.93543649274,79457.5546875,879651,0.0,0.0
2014-08-06 00:00:00+07:00,79457.56793816446,80136.69725278112,78778.4453125,78778.4453125,413727,0.0,0.0
2014-08-07 00:00:00+07:00,78099.32268683553,79457.56793816446,78099.32268683553,78778.4453125,319110,0.0,0.0
2014-08-08 00:00:00+07:00,79457.56793816446,80136.69725278112,78778.4453125,78778.4453125,570245,0.0,0.0
2014-08-11 00:00:00+07:00,78099.32268683553,79457.56793816446,77420.19337221888,78778.4453125,190339,0.0,0.0
2014-08-12 00:00:00+07:00,78099.3125,78778.43503708355,77420.18327396516,78099.3125,286507,0.0,0.0
2014-08-13 00:00:00+07:00,77420.18505268631,78099.31429432408,76741.0625,76741.0625,579259,0.0,0.0
2014-08-14 00:00:00+07:00,77420.18505268631,78099.31429432408,76741.0625,76741.0625,273207,0.0,0.0
2014-08-15 00:00:00+07:00,77420.1953125,78099.32464413678,76741.07266981558,77420.1953125,209490,0.0,0.0
2014-08-18 00:00:00+07:00,77420.1953125,78099.32464413678,76741.07266981558,77420.1953125,421544,0.0,0.0
2014-08-19 00:00:00+07:00,78099.3125,79457.55757416708,77420.18327396516,78099.3125,649091,0.0,0.0
2014-08-20 00:00:00+07:00,78778.4453125,78778.4453125,77420.19337221888,78778.4453125,357323,0.0,0.0
2014-08-21 00:00:00+07:00,79457.56601432654,81494.94053094291,79457.56601432654,80136.6953125,1276463,0.0,0.0
2014-08-22 00:00:00+07:00,80815.81310481821,83532.31006874339,80815.81310481821,82853.1875,781113,0.0,0.0
2014-08-25 00:00:00+07:00,82853.1922840858,85569.68940486619,82853.1922840858,84211.4375,614042,0.0,0.0
2014-08-26 00:00:00+07:00,83532.3125,84211.43508850964,82174.0606340289,83532.3125,518076,0.0,0.0
2014-08-27 00:00:00+07:00,83532.3125,84211.43508850964,82174.0606340289,83532.3125,281591,0.0,0.0
2014-08-28 00:00:00+07:00,82853.19043969153,86927.9326856783,82853.19043969153,85569.6875,575968,0.0,0.0
2014-08-29 00:00:00+07:00,86248.81201282328,86927.93462078038,84211.4375,84211.4375,579750,0.0,0.0
2014-09-03 00:00:00+07:00,84890.5625,85569.68507358192,84211.43323746642,84890.5625,411698,0.0,0.0
2014-09-04 00:00:00+07:00,84890.5625,85569.68507358192,84211.43323746642,84890.5625,336344,0.0,0.0
2014-09-05 00:00:00+07:00,84890.5643659711,84890.5643659711,83532.3125,83532.3125,293051,0.0,0.0
2014-09-08 00:00:00+07:00,84211.43508850964,84211.43508850964,82853.18991149035,83532.3125,286608,0.0,0.0
2014-09-09 00:00:00+07:00,83532.31194084276,84211.43452480643,80815.81491603632,81494.9375,500717,0.0,0.0
2014-09-10 00:00:00+07:00,81494.93989606915,82174.0625,80136.69468820744,82174.0625,146996,0.0,0.0
2014-09-11 00:00:00+07:00,82174.0625,84211.43700074452,81494.93989606915,82174.0625,270332,0.0,0.0
2014-09-12 00:00:00+07:00,82174.0625,82853.19179288282,81494.93989606915,82174.0625,185561,0.0,0.0
2014-09-15 00:00:00+07:00,82174.0625,84211.43700074452,82174.0625,82174.0625,584025,0.0,0.0
2014-09-16 00:00:00+07:00,81494.9375,82853.1893568791,81494.9375,81494.9375,370522,0.0,0.0
2014-09-17 00:00:00+07:00,81494.94294181198,82853.19488938813,80815.8203125,80815.8203125,363134,0.0,0.0
2014-09-18 00:00:00+07:00,80815.82190382684,81494.94454651127,77420.1953125,77420.1953125,709744,0.0,0.0
2014-09-19 00:00:00+07:00,78099.3125,78778.43503708355,76741.06073688163,78099.3125,574178,0.0,0.0
2014-09-22 00:00:00+07:00,78099.31429432408,78778.4368470104,76741.0625,76741.0625,221606,0.0,0.0
2014-09-23 00:00:00+07:00,76061.94478920395,76741.0673851213,74024.5703125,74024.5703125,478780,0.0,0.0
2014-09-24 00:00:00+07:00,74024.56727360215,74703.68984163979,71308.0703125,71308.0703125,1133523,0.0,0.0
2014-09-25 00:00:00+07:00,71308.06741903813,72666.3125,69949.81564912492,72666.3125,1051739,0.0,0.0
2014-09-26 00:00:00+07:00,73345.4453125,74024.5678861574,72666.31604989094,73345.4453125,532536,0.0,0.0
2014-09-29 00:00:00+07:00,73345.44172943226,74024.5642699132,72666.3125,72666.3125,328477,0.0,0.0
2014-09-30 00:00:00+07:00,71987.1953125,72666.31790348061,70628.95013053877,71987.1953125,597552,0.0,0.0
2014-10-01 00:00:00+07:00,72666.31843171341,74703.69290841736,72666.31843171341,74024.5703125,708420,0.0,0.0
2014-10-02 00:00:00+07:00,74703.69045981478,75382.81972242384,73345.4453125,73345.4453125,786459,0.0,0.0
2014-10-03 00:00:00+07:00,74024.56977439368,74024.56977439368,71987.1953125,71987.1953125,525741,0.0,0.0
2014-10-06 00:00:00+07:00,71987.1953125,73345.44718341305,71987.1953125,71987.1953125,464320,0.0,0.0
2014-10-07 00:00:00+07:00,71987.18995951906,74024.5642699132,71987.18995951906,72666.3125,328780,0.0,0.0
2014-10-08 00:00:00+07:00,73345.44771658265,74024.5703125,72666.31843171341,74024.5703125,651738,0.0,0.0
2014-10-09 00:00:00+07:00,75382.8254952255,78778.4453125,75382.8254952255,78778.4453125,1328064,0.0,0.0
2014-10-10 00:00:00+07:00,78778.4368470104,80815.81119402079,76741.0625,76741.0625,537492,0.0,0.0
2014-10-13 00:00:00+07:00,76061.94289147337,76741.06547044676,73345.44588662815,75382.8203125,891426,0.0,0.0
2014-10-14 00:00:00+07:00,75382.8221932866,76061.94478920395,74024.5703125,74024.5703125,301056,0.0,0.0
2014-10-15 00:00:00+07:00,73345.4453125,74703.69045981478,71308.07090257616,73345.4453125,624002,0.0,0.0
2014-10-16 00:00:00+07:00,73345.44661918504,73345.44661918504,68591.5751409874,69949.8203125,1380636,0.0,0.0
2014-10-17 00:00:00+07:00,69270.69716188876,71308.07159149603,67572.8873668666,67912.4453125,1507036,0.0,0.0
2014-10-20 00:00:00+07:00,69270.6953125,70628.94712562616,69270.6953125,69270.6953125,399229,0.0,0.0
2014-10-21 00:00:00+07:00,69949.82135909211,74024.5703125,69270.69876317475,74024.5703125,1048802,0.0,0.0
2014-10-22 00:00:00+07:00,73345.4453125,74024.5678861574,72666.31604989094,73345.4453125,307070,0.0,0.0
2014-10-23 00:00:00+07:00,72666.31544857527,73345.44470556451,71308.0703125,71308.0703125,3198255,0.0,0.0
2014-10-24 00:00:00+07:00,71308.07574477342,72666.32098432028,69949.82381627445,70628.953125,457071,0.0,0.0
2014-10-27 00:00:00+07:00,70628.953125,71308.07574477342,69270.70119650103,70628.953125,331515,0.0,0.0
2014-10-28 00:00:00+07:00,69949.82381627445,70628.953125,69270.70119650103,70628.953125,225678,0.0,0.0
2014-10-29 00:00:00+07:00,71308.07272151939,72666.31790348061,71308.07272151939,71987.1953125,489698,0.0,0.0
2014-10-30 00:00:00+07:00,71987.19836454686,72666.32098432028,70628.953125,70628.953125,303943,0.0,0.0
2014-10-31 00:00:00+07:00,71308.07272151939,71987.1953125,69949.82085060632,71987.1953125,552002,0.0,0.0
2014-11-03 00:00:00+07:00,71987.19288053764,72666.31544857527,71308.0703125,71308.0703125,310348,0.0,0.0
2014-11-04 00:00:00+07:00,71308.07574477342,71987.19836454686,70628.953125,70628.953125,269362,0.0,0.0
2014-11-05 00:00:00+07:00,71308.07574477342,71987.19836454686,69949.82381627445,70628.953125,202859,0.0,0.0
2014-11-06 00:00:00+07:00,71308.07574477342,71308.07574477342,70628.953125,70628.953125,286369,0.0,0.0
2014-11-07 00:00:00+07:00,70628.94774446236,71308.0703125,69949.81848747312,71308.0703125,174366,0.0,0.0
2014-11-10 00:00:00+07:00,71308.07574477342,71987.19836454686,70628.953125,70628.953125,419842,0.0,0.0
2014-11-11 00:00:00+07:00,71308.06741903813,74024.5642699132,70628.9448785572,72666.3125,922352,0.0,0.0
2014-11-12 00:00:00+07:00,72666.31790348061,72666.31790348061,71308.07272151939,71987.1953125,355873,0.0,0.0
2014-11-13 00:00:00+07:00,71987.1953125,72666.31790348061,71308.07272151939,71987.1953125,366740,0.0,0.0
2014-11-14 00:00:00+07:00,71308.07574477342,71987.19836454686,70628.953125,70628.953125,421228,0.0,0.0
2014-11-17 00:00:00+07:00,71308.07574477342,71987.19836454686,70628.953125,70628.953125,276207,0.0,0.0
2014-11-18 00:00:00+07:00,70628.94958720807,71308.07217296437,69949.8203125,69949.8203125,187226,0.0,0.0
2014-11-19 00:00:00+07:00,69949.82335560178,70628.95265985475,68591.578125,68591.578125,600338,0.0,0.0
2014-11-20 00:00:00+07:00,69270.6953125,69949.8178745873,68591.5727504127,69270.6953125,331428,0.0,0.0
2014-11-21 00:00:00+07:00,69949.82311484822,69949.82311484822,67572.890625,67572.890625,465177,0.0,0.0
2014-11-24 00:00:00+07:00,67233.3203125,67572.88493486392,66214.63313435973,67233.3203125,365568,0.0,0.0
2014-11-25 00:00:00+07:00,67233.32357488893,68591.5754413001,66893.765625,66893.765625,346140,0.0,0.0
2014-11-26 00:00:00+07:00,67572.89148342801,67572.89148342801,63158.57772070698,63837.70703125,1164372,0.0,0.0
2014-11-27 00:00:00+07:00,63837.70253523485,63837.70253523485,60781.64091988257,61800.328125,969024,0.0,0.0
2014-11-28 00:00:00+07:00,60442.07757872471,60781.64221732944,57725.58053674237,58404.703125,1454791,0.0,0.0
2014-12-01 00:00:00+07:00,57386.02407280598,59083.83393188204,57046.45942540997,57725.58203125,1283007,0.0,0.0
2014-12-02 00:00:00+07:00,59083.832402209446,59083.832402209446,58065.14517534709,58404.703125,532121,0.0,0.0
2014-12-03 00:00:00+07:00,58744.2680336208,59762.95526516552,58744.2680336208,59423.390625,390833,0.0,0.0
2014-12-04 00:00:00+07:00,59762.95526516552,60781.64249671024,59423.390625,59423.390625,754046,0.0,0.0
2014-12-05 00:00:00+07:00,59083.8341800724,59762.95678876518,58744.26953125,58744.26953125,432588,0.0,0.0
2014-12-08 00:00:00+07:00,58404.70571852628,58404.70571852628,55009.0859375,55009.0859375,1101248,0.0,0.0
2014-12-09 00:00:00+07:00,52971.70822651355,53311.27285989694,51273.8984375,51273.8984375,1481759,0.0,0.0
2014-12-10 00:00:00+07:00,48217.84027469967,51273.90212827517,47878.278961349984,50255.21484375,1880852,0.0,0.0
2014-12-11 00:00:00+07:00,47878.27465469389,49915.64904048216,47878.27465469389,48217.8359375,944414,0.0,0.0
2014-12-12 00:00:00+07:00,46859.58746179975,48896.96184758802,46859.58746179975,48217.8359375,828403,0.0,0.0
2014-12-15 00:00:00+07:00,47199.15448829255,48217.838388492266,46859.58984375,46859.58984375,624671,0.0,0.0
2014-12-16 00:00:00+07:00,45840.902385377805,46180.4670283374,43803.53125,43803.53125,1708587,0.0,0.0
2014-12-17 00:00:00+07:00,44143.09326282329,44482.65456680184,40747.470189609805,42105.71875,1190292,0.0,0.0
2014-12-18 00:00:00+07:00,43463.96685923251,44822.21875,43124.40555877863,44822.21875,717421,0.0,0.0
2014-12-19 00:00:00+07:00,45161.78147209526,46859.59137228578,44482.6555053334,46180.46875,1117965,0.0,0.0
2014-12-22 00:00:00+07:00,46520.02902950885,49236.52614736274,46520.02902950885,48896.96484375,1085514,0.0,0.0
2014-12-23 00:00:00+07:00,47538.71484375,48896.96336150344,46859.58891263533,47538.71484375,674104,0.0,0.0
2014-12-24 00:00:00+07:00,48557.40056478191,48557.40056478191,47538.713371887774,48217.8359375,254296,0.0,0.0
2014-12-25 00:00:00+07:00,47538.71733904764,47878.27865019053,46180.46875,46180.46875,376877,0.0,0.0
2014-12-26 00:00:00+07:00,46180.46748988712,48896.96459385812,46180.46748988712,47878.27734375,644728,0.0,0.0
2014-12-29 00:00:00+07:00,47878.27613706938,48557.402068184056,46520.02761931594,47538.71484375,174366,0.0,0.0
2014-12-30 00:00:00+07:00,46859.58891263533,47538.71484375,45840.90168820127,47538.71484375,296946,0.0,0.0
2014-12-31 00:00:00+07:00,47538.71604187262,48217.83864562738,47199.15473999524,47878.27734375,273472,0.0,0.0
2015-01-05 00:00:00+07:00,47538.71578835911,47878.27708842569,46520.028543683424,46859.58984375,403226,0.0,0.0
2015-01-06 00:00:00+07:00,45501.34278323815,46520.03006114289,45501.34278323815,46180.46875,510651,0.0,0.0
2015-01-07 00:00:00+07:00,45501.34129900773,47199.15448829255,45501.34129900773,46859.58984375,642018,0.0,0.0
2015-01-08 00:00:00+07:00,47538.71362838826,47878.27491302652,47199.15234375,47199.15234375,365883,0.0,0.0
2015-01-09 00:00:00+07:00,47538.717648000296,50255.21484375,47538.717648000296,50255.21484375,1083737,0.0,0.0
2015-01-12 00:00:00+07:00,53650.8359375,53650.8359375,53650.8359375,53650.8359375,846204,0.0,0.0
2015-01-13 00:00:00+07:00,52971.70645455424,55688.20670837232,52971.70645455424,54669.51953125,1601199,0.0,0.0
2015-01-14 00:00:00+07:00,53650.83567772869,53990.396976312935,51953.02584033151,52632.1484375,889157,0.0,0.0
2015-01-15 00:00:00+07:00,52971.708800437584,53650.83473008653,52292.58621526453,53311.2734375,508192,0.0,0.0
2015-01-16 00:00:00+07:00,52971.709736084245,53650.83567772869,52292.58713891576,52632.1484375,421367,0.0,0.0
2015-01-19 00:00:00+07:00,52632.14996057097,53311.27592186798,51613.46269086348,51953.02734375,326094,0.0,0.0
2015-01-20 00:00:00+07:00,52292.58713891576,52971.709736084245,51953.02584033151,52632.1484375,575968,0.0,0.0
2015-01-21 00:00:00+07:00,52632.1484375,52971.709736084245,52292.58713891576,52632.1484375,341740,0.0,0.0
2015-01-22 00:00:00+07:00,52632.147507851056,53311.2734375,52632.147507851056,53311.2734375,465606,0.0,0.0
2015-01-23 00:00:00+07:00,53650.83735619428,55009.0859375,53311.27604698687,55009.0859375,809051,0.0,0.0
2015-01-26 00:00:00+07:00,55348.644820467656,55688.20945926612,54329.9609375,54329.9609375,412769,0.0,0.0
2015-01-27 00:00:00+07:00,54329.95915893233,54329.95915893233,53311.27196483693,53990.39453125,395207,0.0,0.0
2015-01-28 00:00:00+07:00,54329.96065973547,54329.96065973547,52971.708800437584,53311.2734375,319300,0.0,0.0
2015-01-29 00:00:00+07:00,52971.709736084245,53311.274379144445,52632.1484375,52632.1484375,140932,0.0,0.0
2015-01-30 00:00:00+07:00,53311.27315432447,53311.27315432447,52292.5859375,52292.5859375,338247,0.0,0.0
2015-02-02 00:00:00+07:00,52632.14996057097,52971.71126898145,51953.02734375,51953.02734375,151535,0.0,0.0
2015-02-03 00:00:00+07:00,52632.14996057097,53650.83723027846,51953.02734375,51953.02734375,422515,0.0,0.0
2015-02-04 00:00:00+07:00,52971.708800437584,53650.83473008653,52632.147507851056,53311.2734375,604171,0.0,0.0
2015-02-05 00:00:00+07:00,52971.708800437584,53650.83473008653,52632.147507851056,53311.2734375,338727,0.0,0.0
2015-02-06 00:00:00+07:00,53990.39453125,54669.52044213886,53650.83324804346,53990.39453125,516412,0.0,0.0
2015-02-09 00:00:00+07:00,54329.9618824327,54329.9618824327,53650.8359375,53650.8359375,316249,0.0,0.0
2015-02-10 00:00:00+07:00,54329.96065973547,54329.96065973547,53311.2734375,53311.2734375,213978,0.0,0.0
2015-02-11 00:00:00+07:00,53311.27558826163,53311.27558826163,52632.14963121439,52971.7109375,229813,0.0,0.0
2015-02-12 00:00:00+07:00,52971.70999256731,53650.8359375,51953.02609188222,53650.8359375,504889,0.0,0.0
2015-02-13 00:00:00+07:00,53990.397237728364,54329.9618824327,53650.8359375,53650.8359375,247413,0.0,0.0
2015-02-24 00:00:00+07:00,53990.39453125,53990.39453125,53650.83324804346,53990.39453125,165793,0.0,0.0
2015-02-25 00:00:00+07:00,53990.396022673056,53990.396022673056,53311.2734375,53311.2734375,294009,0.0,0.0
2015-02-26 00:00:00+07:00,53650.83473008653,53650.83473008653,52632.147507851056,53311.2734375,233482,0.0,0.0
2015-02-27 00:00:00+07:00,53311.27463727164,53650.8359375,52632.14869233895,53650.8359375,365240,0.0,0.0
2015-03-02 00:00:00+07:00,53311.2734375,53650.83473008653,52971.708800437584,53311.2734375,120836,0.0,0.0
2015-03-03 00:00:00+07:00,53311.27558826163,53650.83689454724,52971.7109375,52971.7109375,530015,0.0,0.0
2015-03-04 00:00:00+07:00,53311.27196483693,53990.39453125,52971.70733715459,53990.39453125,1092675,0.0,0.0
2015-03-05 00:00:00+07:00,54669.51953125,55348.64208634772,54329.958253701145,54669.51953125,1349875,0.0,0.0
2015-03-06 00:00:00+07:00,55009.0817253454,55009.0817253454,53990.39453125,53990.39453125,455394,0.0,0.0
2015-03-09 00:00:00+07:00,53990.39820083285,54329.962851594486,52971.7109375,52971.7109375,419111,0.0,0.0
2015-03-10 00:00:00+07:00,52971.708800437584,53650.83473008653,52971.708800437584,53311.2734375,954261,0.0,0.0
2015-03-11 00:00:00+07:00,53311.274379144445,53311.274379144445,52292.58713891576,52632.1484375,560525,0.0,0.0
2015-03-12 00:00:00+07:00,52292.58713891576,52971.709736084245,52292.58713891576,52632.1484375,281149,0.0,0.0
2015-03-13 00:00:00+07:00,52292.58865216048,52971.71126898145,51953.02734375,51953.02734375,254674,0.0,0.0
2015-03-16 00:00:00+07:00,52632.14996057097,53311.27592186798,51953.02734375,51953.02734375,367799,0.0,0.0
2015-03-17 00:00:00+07:00,52292.5859375,52632.14722828287,51953.02464671713,52292.5859375,372287,0.0,0.0
2015-03-18 00:00:00+07:00,52292.58687572639,52292.58687572639,51273.89964062477,51613.4609375,192622,0.0,0.0
2015-03-19 00:00:00+07:00,52292.58564869847,52292.58564869847,51273.8984375,51273.8984375,271203,0.0,0.0
2015-03-20 00:00:00+07:00,51273.8984375,51953.024359790936,50934.33714859247,51273.8984375,484554,0.0,0.0
2015-03-23 00:00:00+07:00,51953.02557885117,52632.14817260162,51273.89964062477,51613.4609375,600730,0.0,0.0
2015-03-24 00:00:00+07:00,51613.46245750041,51953.027108851646,49915.65257864836,50934.33984375,484226,0.0,0.0
2015-03-25 00:00:00+07:00,50934.33781037156,51273.89910369094,47538.71484375,47538.71484375,1634823,0.0,0.0
2015-03-26 00:00:00+07:00,46180.4657666388,46859.58834505175,44482.65263165472,45501.33984375,1962168,0.0,0.0
2015-03-27 00:00:00+07:00,46520.02675475407,47199.15267324737,44482.65234375,44482.65234375,907464,0.0,0.0
2015-03-30 00:00:00+07:00,44482.65604015252,45501.34333030503,43463.96875,43463.96875,560726,0.0,0.0
2015-03-31 00:00:00+07:00,43463.96685923251,45161.78005045389,43124.40555877863,44822.21875,1312608,0.0,0.0
2015-04-01 00:00:00+07:00,44822.21921525639,45161.78051923493,41766.15744602145,42105.71875,1428997,0.0,0.0
2015-04-02 00:00:00+07:00,42445.282453580425,43124.405046419575,41426.59521984577,42784.84375,689295,0.0,0.0
2015-04-03 00:00:00+07:00,43463.96875,43463.96875,42445.28480432359,43463.96875,367472,0.0,0.0
2015-04-06 00:00:00+07:00,43463.96511037288,43463.96511037288,42445.28125,42445.28125,661307,0.0,0.0
2015-04-07 00:00:00+07:00,42445.28125,43124.40382358192,41766.155331942246,42445.28125,648296,0.0,0.0
2015-04-08 00:00:00+07:00,43124.40382358192,43463.96511037288,42105.71661873321,42445.28125,512908,0.0,0.0
2015-04-09 00:00:00+07:00,42445.28339845455,42445.28339845455,41766.15744602145,42105.71875,671292,0.0,0.0
2015-04-10 00:00:00+07:00,42105.71875,42445.28339845455,41766.15744602145,42105.71875,653389,0.0,0.0
2015-04-13 00:00:00+07:00,42105.71781268492,43463.96634283915,42105.71781268492,42784.84375,918255,0.0,0.0
2015-04-14 00:00:00+07:00,43124.40743477453,44143.094724927054,42784.84611954907,43463.96875,798424,0.0,0.0
2015-04-15 00:00:00+07:00,43803.53121022232,46180.46698640123,43803.53121022232,45840.90234375,1503026,0.0,0.0
2015-04-16 00:00:00+07:00,47199.15422540304,47199.15422540304,45840.90234375,45840.90234375,817725,0.0,0.0
2015-04-17 00:00:00+07:00,45840.89990395558,46859.58708873971,45161.77734375,45161.77734375,1653128,0.0,0.0
2015-04-20 00:00:00+07:00,45161.7782622433,45501.33954925204,44143.09105674127,44482.65234375,750062,0.0,0.0
2015-04-21 00:00:00+07:00,44143.09375,45161.78101765419,44143.09375,44143.09375,621934,0.0,0.0
2015-04-22 00:00:00+07:00,44143.09375,44482.65505772605,43803.53244227395,44143.09375,425604,0.0,0.0
2015-04-23 00:00:00+07:00,44143.09254848365,44143.09254848365,43124.40530855677,43803.53125,535550,0.0,0.0
2015-04-24 00:00:00+07:00,44143.09280461626,45501.34135090778,43463.96685923251,44822.21875,1096079,0.0,0.0
2015-04-27 00:00:00+07:00,45161.78005045389,45161.78005045389,44482.65410507015,44822.21875,297564,0.0,0.0
2015-05-04 00:00:00+07:00,45501.33952007031,45501.33952007031,42445.28125,42445.28125,644313,0.0,0.0
2015-05-05 00:00:00+07:00,42445.282453580425,43124.405046419575,41766.15651626534,42784.84375,544816,0.0,0.0
2015-05-06 00:00:00+07:00,43463.96875,44822.2206998541,43124.40743477453,43463.96875,686143,0.0,0.0
2015-05-07 00:00:00+07:00,43463.96361888877,43803.52823850326,43124.40234375,43124.40234375,174354,0.0,0.0
2015-05-08 00:00:00+07:00,43124.40234375,43463.96361888877,42784.841068611226,43124.40234375,192432,0.0,0.0
2015-05-11 00:00:00+07:00,43124.405046419575,43463.96634283915,42445.282453580425,42784.84375,437189,0.0,0.0
2015-05-12 00:00:00+07:00,42784.844702433096,43124.40600641164,42105.71875,42105.71875,341312,0.0,0.0
2015-05-13 00:00:00+07:00,42445.28339845455,42445.28339845455,41766.15744602145,42105.71875,614370,0.0,0.0
2015-05-14 00:00:00+07:00,42105.71875,42784.844702433096,41766.15744602145,42105.71875,369703,0.0,0.0
2015-05-15 00:00:00+07:00,42105.71631874338,42445.28094759089,41426.59375,41426.59375,504032,0.0,0.0
2015-05-18 00:00:00+07:00,41426.59722219557,41426.59722219557,39389.22265625,39389.22265625,577507,0.0,0.0
2015-05-19 00:00:00+07:00,40068.34526803741,41426.59375,39389.21935481822,41426.59375,570157,0.0,0.0
2015-05-20 00:00:00+07:00,41087.02800396593,43124.40234375,40747.46672882716,43124.40234375,499468,0.0,0.0
2015-05-21 00:00:00+07:00,43124.405046419575,43463.96634283915,42445.282453580425,42784.84375,358319,0.0,0.0
2015-05-22 00:00:00+07:00,43124.40743477453,43463.96875,42445.28480432359,43463.96875,439610,0.0,0.0
2015-05-25 00:00:00+07:00,43463.96875,43803.53340970158,42784.84611954907,43463.96875,225136,0.0,0.0
2015-05-26 00:00:00+07:00,43463.96361888877,43803.52823850326,42784.841068611226,43124.40234375,422616,0.0,0.0
2015-05-27 00:00:00+07:00,43124.40382358192,43124.40382358192,42445.28125,42445.28125,204485,0.0,0.0
2015-05-28 00:00:00+07:00,42445.27979347246,43124.40234375,42105.71517385796,43124.40234375,279157,0.0,0.0
2015-05-29 00:00:00+07:00,43124.40382358192,43124.40382358192,42445.28125,42445.28125,239773,0.0,0.0
2015-06-01 00:00:00+07:00,42784.844702433096,42784.844702433096,42105.71875,42105.71875,278717,0.0,0.0
2015-06-02 00:00:00+07:00,42445.28218298555,42445.28218298555,41766.15625,41766.15625,218353,0.0,0.0
2015-06-03 00:00:00+07:00,42105.71661873321,42784.84253679096,42105.71661873321,42445.28125,122072,0.0,0.0
2015-06-04 00:00:00+07:00,42105.71875,42784.844702433096,42105.71875,42105.71875,111999,0.0,0.0
2015-06-05 00:00:00+07:00,42105.72014462201,43463.96875,42105.72014462201,43463.96875,602078,0.0,0.0
2015-06-08 00:00:00+07:00,43463.96361888877,44143.08951364204,42784.841068611226,43124.40234375,547842,0.0,0.0
2015-06-09 00:00:00+07:00,43124.40382358192,43463.96511037288,42445.28125,42445.28125,211658,0.0,0.0
2015-06-10 00:00:00+07:00,42784.841068611226,43463.96361888877,42445.27979347246,43124.40234375,266349,0.0,0.0
2015-06-11 00:00:00+07:00,43463.96685923251,45501.34135090778,43463.96685923251,44822.21875,1470059,0.0,0.0
2015-06-12 00:00:00+07:00,45501.34135090778,45501.34135090778,44482.65410507015,44822.21875,647590,0.0,0.0
2015-06-15 00:00:00+07:00,44822.21970992814,44822.21970992814,43803.53244227395,44143.09375,150652,0.0,0.0
2015-06-16 00:00:00+07:00,44143.08951364204,44143.08951364204,43124.40234375,43124.40234375,296530,0.0,0.0
2015-06-17 00:00:00+07:00,43124.405046419575,43463.96634283915,42784.84375,42784.84375,182510,0.0,0.0
2015-06-18 00:00:00+07:00,42784.84375,43463.96634283915,42445.282453580425,42784.84375,253212,0.0,0.0
2015-06-19 00:00:00+07:00,43463.96634283915,43463.96634283915,42784.84375,42784.84375,236281,0.0,0.0
2015-06-22 00:00:00+07:00,42784.841068611226,43124.40234375,42445.27979347246,43124.40234375,330533,0.0,0.0
2015-06-23 00:00:00+07:00,43124.40234375,43803.52823850326,43124.40234375,43124.40234375,256502,0.0,0.0
2015-06-24 00:00:00+07:00,43463.96361888877,43803.52823850326,42784.841068611226,43124.40234375,240466,0.0,0.0
2015-06-25 00:00:00+07:00,43124.40382358192,43124.40382358192,42105.71661873321,42445.28125,645258,0.0,0.0
2015-06-26 00:00:00+07:00,42445.28339845455,42784.844702433096,42105.71875,42105.71875,381012,0.0,0.0
2015-06-29 00:00:00+07:00,42105.71781268492,42784.84375,41766.15651626534,42784.84375,535663,0.0,0.0
2015-06-30 00:00:00+07:00,42445.28339845455,43463.96731039019,42105.71875,42105.71875,796784,0.0,0.0
2015-07-01 00:00:00+07:00,42784.844702433096,42784.844702433096,42105.71875,42105.71875,593052,0.0,0.0
2015-07-02 00:00:00+07:00,42105.71781268492,43124.405046419575,42105.71781268492,42784.84375,738829,0.0,0.0
2015-07-03 00:00:00+07:00,43124.40234375,43463.96361888877,42784.841068611226,43124.40234375,554095,0.0,0.0
2015-07-06 00:00:00+07:00,43124.40648234581,44143.09375,42784.84517461976,44143.09375,982538,0.0,0.0
2015-07-07 00:00:00+07:00,44143.09375,44482.65505772605,43803.53244227395,44143.09375,755697,0.0,0.0
2015-07-08 00:00:00+07:00,43803.52823850326,44143.08951364204,42784.841068611226,43124.40234375,684202,0.0,0.0
2015-07-09 00:00:00+07:00,42445.282453580425,42784.84375,42105.71781268492,42784.84375,1097475,0.0,0.0
2015-07-10 00:00:00+07:00,43124.40382358192,43463.96511037288,42445.28125,42445.28125,280116,0.0,0.0
2015-07-13 00:00:00+07:00,42784.841068611226,43124.40234375,42445.27979347246,43124.40234375,343341,0.0,0.0
2015-07-14 00:00:00+07:00,42784.84375,43463.96634283915,42784.84375,42784.84375,509415,0.0,0.0
2015-07-15 00:00:00+07:00,43124.40382358192,43124.40382358192,42445.28125,42445.28125,308331,0.0,0.0
2015-07-16 00:00:00+07:00,42445.28339845455,42784.844702433096,42105.71875,42105.71875,382726,0.0,0.0
2015-07-17 00:00:00+07:00,42105.71875,42784.844702433096,42105.71875,42105.71875,255280,0.0,0.0
2015-07-20 00:00:00+07:00,41766.15597042138,41766.15597042138,40068.34616603633,40747.46875,733433,0.0,0.0
2015-07-21 00:00:00+07:00,40747.47026547146,41087.03157008218,39728.78300716327,40068.34765625,685072,0.0,0.0
2015-07-22 00:00:00+07:00,39728.784182461925,40407.91015625,39389.22286780593,40407.91015625,196089,0.0,0.0
2015-07-23 00:00:00+07:00,40407.9077285048,41766.15625,40407.9077285048,41766.15625,378162,0.0,0.0
2015-07-24 00:00:00+07:00,42105.71631874338,42105.71631874338,41087.0291211525,41426.59375,203603,0.0,0.0
2015-07-27 00:00:00+07:00,41426.59589644141,41426.59589644141,41087.03125,41087.03125,195370,0.0,0.0
2015-07-28 00:00:00+07:00,41087.03004198183,41087.03004198183,40068.34616603633,40747.46875,468265,0.0,0.0
2015-07-29 00:00:00+07:00,41087.03157008218,41087.03157008218,40068.34765625,40068.34765625,402873,0.0,0.0
2015-07-30 00:00:00+07:00,40407.91015625,40407.91015625,40068.348841594016,40407.91015625,268328,0.0,0.0
2015-07-31 00:00:00+07:00,40407.90896086073,41087.03157008218,40068.34765625,40068.34765625,337025,0.0,0.0
2015-08-03 00:00:00+07:00,40068.34862639056,40068.34862639056,39049.66134341776,39389.22265625,307473,0.0,0.0
2015-08-04 00:00:00+07:00,39049.66134341776,39389.22265625,39049.66134341776,39389.22265625,178829,0.0,0.0
2015-08-05 00:00:00+07:00,39389.21608754438,40068.34194443115,39389.21608754438,39728.77734375,138777,0.0,0.0
2015-08-06 00:00:00+07:00,39728.78396908223,40068.34862639056,39389.22265625,39389.22265625,96189,0.0,0.0
2015-08-07 00:00:00+07:00,39389.22265625,39728.78396908223,39049.66134341776,39389.22265625,321367,0.0,0.0
2015-08-10 00:00:00+07:00,39389.21751854177,39389.21751854177,38710.09163698258,39049.65625,302771,0.0,0.0
2015-08-11 00:00:00+07:00,39389.21751854177,39389.21751854177,38710.09163698258,39049.65625,323674,0.0,0.0
2015-08-12 00:00:00+07:00,38710.09765625,39049.66232206839,38370.53633490779,38710.09765625,258066,0.0,0.0
2015-08-13 00:00:00+07:00,38370.533956544816,38710.09525683962,37691.411355955184,38030.97265625,349783,0.0,0.0
2015-08-14 00:00:00+07:00,37691.409549314514,38030.97083333333,35654.03515625,35654.03515625,1138540,0.0,0.0
2015-08-17 00:00:00+07:00,35314.47907430146,35993.601742378625,33209.1914454144,33480.83984375,1135123,0.0,0.0
2015-08-18 00:00:00+07:00,32937.53760047365,33616.66015625,32937.53760047365,33616.66015625,880308,0.0,0.0
2015-08-19 00:00:00+07:00,33277.10434187288,33480.83980426524,32801.717136988984,33209.19140625,386344,0.0,0.0
2015-08-20 00:00:00+07:00,33141.27390707284,33141.27390707284,30900.1640625,30900.1640625,1449988,0.0,0.0
2015-08-21 00:00:00+07:00,30560.60487564544,30560.60487564544,28794.87870468485,29134.443359375,1347215,0.0,0.0
2015-08-24 00:00:00+07:00,29134.44287579484,29134.44287579484,27097.068359375,27097.068359375,1200858,0.0,0.0
2015-08-25 00:00:00+07:00,25467.16796031457,27436.627736315688,25467.16796031457,26350.029296875,1711676,0.0,0.0
2015-08-26 00:00:00+07:00,26689.593577015723,28183.66796875,26689.593577015723,28183.66796875,827055,0.0,0.0
2015-08-27 00:00:00+07:00,29406.09141010521,30153.126953125,29202.352619567435,30153.126953125,852055,0.0,0.0
2015-08-28 00:00:00+07:00,32258.412109375,32258.412109375,32190.49918404084,32258.412109375,1611071,0.0,0.0
2015-08-31 00:00:00+07:00,33956.22417305452,34295.7888228078,33277.1015625,33277.1015625,2446058,0.0,0.0
2015-09-01 00:00:00+07:00,33956.22100772607,33956.22100772607,32326.32421875,32326.32421875,1479603,0.0,0.0
2015-09-03 00:00:00+07:00,31375.55152474932,32258.412886408045,30900.16438043493,31035.990234375,914737,0.0,0.0
2015-09-04 00:00:00+07:00,31239.725426438792,32190.499707630195,31103.899573561208,31171.8125,522943,0.0,0.0
2015-09-07 00:00:00+07:00,31171.813318847784,31647.200471931363,30832.25202220978,31103.900390625,388791,0.0,0.0
2015-09-08 00:00:00+07:00,31103.89746893892,31511.375000000004,30968.074969727502,31511.375,428276,0.0,0.0
2015-09-09 00:00:00+07:00,31986.7664466793,32530.06320616157,31783.0276535164,31918.853515625,437795,0.0,0.0
2015-09-10 00:00:00+07:00,31579.2845773679,31918.84918658547,31307.63623446946,31511.375,335499,0.0,0.0
2015-09-11 00:00:00+07:00,31715.11100242686,32122.58519648177,31511.375577637245,31579.28515625,470383,0.0,0.0
2015-09-14 00:00:00+07:00,31579.286636261066,31579.286636261066,30560.602775619467,30900.1640625,391500,0.0,0.0
2015-09-15 00:00:00+07:00,30560.60365379456,31443.46503173893,30560.60365379456,31103.900390625,262768,0.0,0.0
2015-09-16 00:00:00+07:00,31375.553556367508,31579.28900599395,31103.90183089748,31307.640625,304776,0.0,0.0
2015-09-17 00:00:00+07:00,32122.587835033453,33209.18800475041,32054.67490636665,33005.44921875,1245638,0.0,0.0
2015-09-18 00:00:00+07:00,33277.10253742705,33480.837988771884,32394.241111155166,32597.9765625,1009971,0.0,0.0
2015-09-21 00:00:00+07:00,32462.152343750004,32733.80071281477,32054.67477343895,32462.15234375,433092,0.0,0.0
2015-09-22 00:00:00+07:00,32462.15088537749,32869.6250929067,32258.412109375,32258.412109375,555154,0.0,0.0
2015-09-23 00:00:00+07:00,32258.41443496989,32733.80160210519,32190.501504739703,32665.888671875,388613,0.0,0.0
2015-09-24 00:00:00+07:00,32462.15088537749,32597.97339157004,32190.49918404084,32258.412109375,412466,0.0,0.0
2015-09-25 00:00:00+07:00,32258.412109375,32530.060466235875,32258.412109375,32258.412109375,308936,0.0,0.0
2015-09-28 00:00:00+07:00,32530.06367600989,32530.06367600989,31443.466796875,31443.466796875,629070,0.0,0.0
2015-09-29 00:00:00+07:00,31239.725670809243,31239.725670809243,30560.603090060617,31035.990234375,528691,0.0,0.0
2015-09-30 00:00:00+07:00,31307.63917529336,31443.46503173893,31035.99080687814,31103.900390625,421342,0.0,0.0
2015-10-01 00:00:00+07:00,31103.89981686917,31715.112815123623,31035.990234375,31035.990234375,411748,0.0,0.0
2015-10-02 00:00:00+07:00,31035.989915042544,31103.899496837985,30696.42528368618,30900.1640625,336029,0.0,0.0
2015-10-05 00:00:00+07:00,30900.16495043257,31171.813318847784,30832.25202220978,31103.900390625,742611,0.0,0.0
2015-10-06 00:00:00+07:00,31511.3797289102,31715.11518053969,31375.5538648398,31443.466796875,1289941,0.0,0.0
2015-10-07 00:00:00+07:00,32258.412109375,32937.53801824086,32190.49918404084,32258.412109375,1544694,0.0,0.0
2015-10-08 00:00:00+07:00,32258.411295130045,32394.23714236995,31918.850021505983,32326.32421875,610084,0.0,0.0
2015-10-09 00:00:00+07:00,32733.801912875053,33412.92787714844,32597.97605112517,32801.71484375,1207792,0.0,0.0
2015-10-12 00:00:00+07:00,32801.71320752542,33005.4486455114,32597.97442506354,32937.5390625,1254388,0.0,0.0
2015-10-13 00:00:00+07:00,32394.23796004333,32530.060466235875,32190.49918404084,32258.412109375,890645,0.0,0.0
2015-10-14 00:00:00+07:00,31850.940584570697,32258.41482642044,31647.201791407795,31918.853515625,793519,0.0,0.0
2015-10-15 00:00:00+07:00,31715.117519094267,32122.591796875,31715.117519094267,32122.591796875,226485,0.0,0.0
2015-10-16 00:00:00+07:00,32258.416841546703,32530.06523825724,32190.50390625,32190.50390625,513651,0.0,0.0
2015-10-19 00:00:00+07:00,32258.41457281115,32258.41457281115,31986.76619520566,32054.67578125,344791,0.0,0.0
2015-10-20 00:00:00+07:00,31918.850424477343,32054.67292895629,31647.198726567964,31850.9375,651776,0.0,0.0
2015-10-21 00:00:00+07:00,31918.850099482584,31918.850099482584,31647.19840433914,31715.111328125,352595,0.0,0.0
2015-10-22 00:00:00+07:00,31715.111328125,31850.937175696723,31579.28548055328,31715.111328125,710287,0.0,0.0
2015-10-23 00:00:00+07:00,31715.113907761013,32122.58813914351,31715.113907761013,31986.765625,609239,0.0,0.0
2015-10-26 00:00:00+07:00,31918.85124306306,32258.412529682377,31783.025390625,31783.025390625,458546,0.0,0.0
2015-10-27 00:00:00+07:00,31443.46566396329,31715.114037840463,31239.726875198416,31375.552734375,832841,0.0,0.0
2015-10-28 00:00:00+07:00,31375.5538648398,31579.289316469287,31307.640932804592,31443.466796875,542333,0.0,0.0
2015-10-29 00:00:00+07:00,31918.850099482584,32054.6726025786,31579.28548055328,31715.111328125,580167,0.0,0.0
2015-10-30 00:00:00+07:00,31783.025390625,31986.76416928209,31647.199538186946,31783.025390625,478881,0.0,0.0
2015-11-02 00:00:00+07:00,31783.02425191086,32054.6726025786,31715.111328125,31715.111328125,582449,0.0,0.0
2015-11-03 00:00:00+07:00,31850.937175696723,31850.937175696723,31647.19840433914,31715.111328125,662794,0.0,0.0
2015-11-04 00:00:00+07:00,32054.673333372502,32801.712167572536,31918.85082717996,32258.412109375,1727700,0.0,0.0
2015-11-05 00:00:00+07:00,32462.15404309548,32801.71535832095,32054.676451453583,32597.9765625,1668042,0.0,0.0
2015-11-06 00:00:00+07:00,32530.060466235875,32530.060466235875,32190.49918404084,32258.412109375,517874,0.0,0.0
2015-11-09 00:00:00+07:00,32122.588964311835,32258.41482642044,31850.940584570697,31918.853515625,536231,0.0,0.0
2015-11-10 00:00:00+07:00,31783.0266492921,31783.0266492921,31035.99112025044,31239.7265625,995586,0.0,0.0
2015-11-11 00:00:00+07:00,30968.07787865536,31171.813318847784,30832.25202220978,31103.900390625,823574,0.0,0.0
2015-11-12 00:00:00+07:00,30968.077416956374,30968.077416956374,30153.12563490888,30424.77734375,1305977,0.0,0.0
2015-11-13 00:00:00+07:00,29949.39138314025,29949.39138314025,29202.35249873549,29609.830078125,1416402,0.0,0.0
2015-11-16 00:00:00+07:00,29474.004416061583,29541.917346415445,29134.44310876831,29270.265625,653074,0.0,0.0
2015-11-17 00:00:00+07:00,29609.82894291955,29949.390234916424,29541.916015625,29541.916015625,545068,0.0,0.0
2015-11-18 00:00:00+07:00,29338.17691718821,29541.91569687357,29270.26399062643,29406.08984375,218769,0.0,0.0
2015-11-19 00:00:00+07:00,29406.08984375,29745.651132083072,29270.26399062643,29406.08984375,500691,0.0,0.0
2015-11-20 00:00:00+07:00,29406.090977070828,29609.829764608345,29338.17804789166,29474.00390625,392636,0.0,0.0
2015-11-23 00:00:00+07:00,29474.003591281868,29541.916519735303,29270.264805921568,29338.177734375,323561,0.0,0.0
2015-11-24 00:00:00+07:00,29474.004416061583,29677.739862647133,29134.44310876831,29270.265625,276106,0.0,0.0
2015-11-25 00:00:00+07:00,29474.00308833045,29677.73852573822,29338.177233741342,29541.916015625,264281,0.0,0.0
2015-11-26 00:00:00+07:00,29677.73852573822,29677.73852573822,29406.090161035896,29541.916015625,154837,0.0,0.0
2015-11-27 00:00:00+07:00,29474.00466958909,29474.00466958909,29134.443359375,29134.443359375,302998,0.0,0.0
2015-11-30 00:00:00+07:00,28862.78906911228,28862.78906911228,27912.014809475862,27979.927734375,624078,0.0,0.0
2015-12-01 00:00:00+07:00,28115.75551476172,28387.403888535435,27844.10546875,27844.10546875,357172,0.0,0.0
2015-12-02 00:00:00+07:00,27844.10546875,28047.842585199287,27708.27960962514,27844.10546875,685084,0.0,0.0
2015-12-03 00:00:00+07:00,27708.27808148398,27708.27808148398,27164.97969166204,27368.716796875,629020,0.0,0.0
2015-12-04 00:00:00+07:00,27368.716796875,27708.27808148398,27300.80387105804,27368.716796875,640795,0.0,0.0
2015-12-07 00:00:00+07:00,27164.98177326295,27232.89303204591,26757.505859375,26757.505859375,880308,0.0,0.0
2015-12-08 00:00:00+07:00,26417.94370681148,26689.59375,25806.73069157781,26689.59375,981933,0.0,0.0
2015-12-09 00:00:00+07:00,26689.59109473831,26689.59109473831,26282.115234375,26282.115234375,339609,0.0,0.0
2015-12-10 00:00:00+07:00,26146.29458400089,26282.118774257327,25874.64453125,25874.64453125,495963,0.0,0.0
2015-12-11 00:00:00+07:00,25874.6437440696,26214.20671773726,25738.819557945328,26078.380859375,453982,0.0,0.0
2015-12-14 00:00:00+07:00,25806.73007835636,25806.73007835636,25195.51874988432,25399.255859375,832815,0.0,0.0
2015-12-15 00:00:00+07:00,25738.82034099357,26146.29458400089,25670.90740974633,25874.64453125,539622,0.0,0.0
2015-12-16 00:00:00+07:00,26146.29378855613,26282.1179746804,26010.46793019387,26078.380859375,327998,0.0,0.0
2015-12-17 00:00:00+07:00,25806.72961315574,26078.37964499244,25738.818359375,25738.818359375,445018,0.0,0.0
2015-12-18 00:00:00+07:00,25738.82082885342,25806.73208914982,25467.1707709536,25535.08203125,283697,0.0,0.0
2015-12-21 00:00:00+07:00,25535.080479580047,25602.99340798771,24855.956212217337,24923.869140625,874344,0.0,0.0
2015-12-22 00:00:00+07:00,24923.869174612428,25263.432144875813,24923.869174612428,25059.693359375,459391,0.0,0.0
2015-12-23 00:00:00+07:00,25059.69449030984,25263.43328500531,24991.78323098273,25127.607421875,274745,0.0,0.0
2015-12-24 00:00:00+07:00,25670.90589610856,26010.46718784704,25399.255859375,25399.255859375,629449,0.0,0.0
2015-12-25 00:00:00+07:00,25535.08117990724,25738.819970717974,25399.25699160476,25467.169921875,332751,0.0,0.0
2015-12-28 00:00:00+07:00,25602.994569815964,25602.994569815964,24991.783203125,24991.783203125,356869,0.0,0.0
2015-12-29 00:00:00+07:00,24855.958136427,25127.60819884931,24448.483878912582,24788.046875,402255,0.0,0.0
2015-12-30 00:00:00+07:00,24788.046875,25127.60819884931,24584.308074004693,24788.046875,210852,0.0,0.0
2015-12-31 00:00:00+07:00,24855.956687208844,24855.956687208844,24584.306640625,24584.306640625,235826,0.0,0.0
2016-01-04 00:00:00+07:00,24788.045429741385,25127.60673379269,24584.306640625,24584.306640625,280608,0.0,0.0
2016-01-05 00:00:00+07:00,24584.30578635765,24788.04456839442,24448.481603904413,24516.39453125,294866,0.0,0.0
2016-01-06 00:00:00+07:00,24516.394567346782,24720.13167744558,24516.394567346782,24652.21875,132851,0.0,0.0
2016-01-07 00:00:00+07:00,24448.48216655069,24448.48216655069,23429.794921875,23429.794921875,957122,0.0,0.0
2016-01-08 00:00:00+07:00,23497.70738387672,23837.270349434057,23361.883200996555,23769.357421875,418935,0.0,0.0
2016-01-11 00:00:00+07:00,23769.357421875,23973.094532314222,23633.531566756887,23769.357421875,484327,0.0,0.0
2016-01-12 00:00:00+07:00,23158.14326775324,23633.53039257208,23158.14326775324,23565.619140625,615731,0.0,0.0
2016-01-13 00:00:00+07:00,23565.620311435778,24244.7445703125,23565.620311435778,23769.357421875,659442,0.0,0.0
2016-01-14 00:00:00+07:00,23769.35901379344,23769.35901379344,23293.97183351757,23361.884765625,637164,0.0,0.0
2016-01-15 00:00:00+07:00,23497.70781732241,23701.44493151984,23293.970703125,23293.970703125,270093,0.0,0.0
2016-01-18 00:00:00+07:00,22343.19654167849,23022.320817731987,21664.072265625,21664.072265625,1561020,0.0,0.0
2016-01-19 00:00:00+07:00,21731.983522663755,22071.546496809497,21596.159336348253,21664.072265625,648158,0.0,0.0
2016-01-20 00:00:00+07:00,21664.071187812275,21664.071187812275,20849.12109375,20849.12109375,1101525,0.0,0.0
2016-01-21 00:00:00+07:00,20441.64730229154,20849.12152156492,20237.910192654854,20373.734375,1272731,0.0,0.0
2016-01-22 00:00:00+07:00,20645.385825145226,21799.89730694032,20509.56163350265,21731.984375,1499320,0.0,0.0
2016-01-25 00:00:00+07:00,22954.40661087531,23226.056640625,22954.40661087531,23226.056640625,949998,0.0,0.0
2016-01-26 00:00:00+07:00,22479.01946346212,24788.043878838023,22411.10821024364,24108.91796875,1336007,0.0,0.0
2016-01-27 00:00:00+07:00,24788.046875,25263.43406617952,24584.308074004693,24788.046875,1219743,0.0,0.0
2016-01-28 00:00:00+07:00,25127.60625361001,25535.080479580047,24652.219099232323,24923.869140625,1272101,0.0,0.0
2016-01-29 00:00:00+07:00,25467.17017571353,26621.681640625,25195.520124162947,26621.681640625,1624447,0.0,0.0
2016-02-01 00:00:00+07:00,26757.5055635816,26825.41849385185,25467.169921875,25467.169921875,1419416,0.0,0.0
2016-02-02 00:00:00+07:00,24788.04539772574,24991.78251434098,24108.919446024265,24448.482421875,966603,0.0,0.0
2016-02-03 00:00:00+07:00,23701.443246208582,25942.5546875,23497.70614649807,25942.5546875,1096255,0.0,0.0
2016-02-04 00:00:00+07:00,26553.767663008657,26553.767663008657,25602.993356177267,25806.73046875,451019,0.0,0.0
2016-02-05 00:00:00+07:00,25806.73046875,25806.73046875,25467.16917187477,25806.73046875,363210,0.0,0.0
2016-02-15 00:00:00+07:00,25535.078815841105,26146.29178721052,25467.167564096173,25942.5546875,1007450,0.0,0.0
2016-02-16 00:00:00+07:00,26282.11742458787,27164.98046875,26010.46738578705,27164.98046875,1720855,0.0,0.0
2016-02-17 00:00:00+07:00,27029.155911220954,27097.06884224195,26485.85580752905,26757.505859375,965191,0.0,0.0
2016-02-18 00:00:00+07:00,27504.541789429564,28523.22901784932,27436.6288616048,28319.490234375,1799472,0.0,0.0
2016-02-19 00:00:00+07:00,27708.279575668563,29202.352318545018,27708.279575668563,28862.791015625,1537671,0.0,0.0
2016-02-22 00:00:00+07:00,28726.965773746822,29406.09173865106,28726.965773746822,29134.443359375,871633,0.0,0.0
2016-02-23 00:00:00+07:00,29338.17691718821,30560.602906348635,29338.17691718821,29406.08984375,1866342,0.0,0.0
2016-02-24 00:00:00+07:00,29270.26473728159,29474.00352216412,28523.229214997533,29066.529296875,1903066,0.0,0.0
2016-02-25 00:00:00+07:00,29745.65287423336,29745.65287423336,28387.404296875,28387.404296875,864939,0.0,0.0
2016-02-26 00:00:00+07:00,28862.791015625,29134.442733541808,28523.229712704982,28862.791015625,993179,0.0,0.0
2016-02-29 00:00:00+07:00,29066.52816001293,29406.08944372681,28930.70230873706,28998.615234375,772629,0.0,0.0
2016-03-01 00:00:00+07:00,29202.35249873549,30017.304313038498,28998.617053516748,29609.830078125,1146395,0.0,0.0
2016-03-02 00:00:00+07:00,29881.477696820897,30221.03899324048,29745.6518404627,29949.390625,982223,0.0,0.0
2016-03-03 00:00:00+07:00,30356.866420385155,30832.253597761377,30356.866420385155,30696.427734375,977243,0.0,0.0
2016-03-04 00:00:00+07:00,30560.6053693696,31511.3797289102,30424.7795052992,31443.466796875,1368320,0.0,0.0
2016-03-07 00:00:00+07:00,32530.062737804343,33616.66293007651,32394.240222127337,33548.75,2478067,0.0,0.0
2016-03-08 00:00:00+07:00,33956.22346131101,34974.91070026649,32597.974924195685,32733.80078125,2187170,0.0,0.0
2016-03-09 00:00:00+07:00,31986.76844483617,32801.71697944404,31986.76844483617,32190.50390625,1233322,0.0,0.0
2016-03-10 00:00:00+07:00,33005.45029189877,33277.10201539855,32462.15353385133,32801.71484375,1130459,0.0,0.0
2016-03-11 00:00:00+07:00,32801.714532335376,32869.62746256557,32394.240295430274,32665.888671875,1167914,0.0,0.0
2016-03-14 00:00:00+07:00,32937.539566831474,33073.362079409846,32665.88785272284,32733.80078125,861561,0.0,0.0
2016-03-15 00:00:00+07:00,32258.41104265863,32394.23688883549,31443.462654548814,31579.28515625,1807680,0.0,0.0
2016-03-16 00:00:00+07:00,31647.198726567964,32054.67292895629,31511.376222089017,31850.9375,768217,0.0,0.0
2016-03-17 00:00:00+07:00,32326.32462686567,32394.237551343016,31850.9375,31850.9375,1552674,0.0,0.0
2016-03-18 00:00:00+07:00,32326.32705965909,32326.32705965909,31375.552734375,31375.552734375,932262,0.0,0.0
2016-03-21 00:00:00+07:00,31239.72810235824,31375.55396687033,30560.60546875,30560.60546875,845486,0.0,0.0
2016-03-22 00:00:00+07:00,31035.989915042544,31579.286636261066,30288.95107053438,30900.1640625,1275643,0.0,0.0
2016-03-23 00:00:00+07:00,30900.16204788399,31579.2845773679,30832.249126040475,31511.375,771848,0.0,0.0
2016-03-24 00:00:00+07:00,31103.90083169989,31239.726690071577,30628.513671875,30628.513671875,1078643,0.0,0.0
2016-03-25 00:00:00+07:00,30492.69228377153,30832.253597761377,30356.866420385155,30696.427734375,945624,0.0,0.0
2016-03-28 00:00:00+07:00,30764.34066606819,30900.166529454567,30560.60521546472,30696.427734375,345359,0.0,0.0
2016-03-29 00:00:00+07:00,30492.69030879695,30492.69030879695,29541.916015625,29541.916015625,1039800,0.0,0.0
2016-03-30 00:00:00+07:00,29406.09034566284,29745.65163979165,29066.529051534017,29202.3515625,765934,0.0,0.0
2016-03-31 00:00:00+07:00,29066.529839683724,29066.529839683724,27844.10546875,27844.10546875,1281518,0.0,0.0
2016-04-01 00:00:00+07:00,27844.10499890568,28319.49048110698,27776.19207048921,28183.66796875,593568,0.0,0.0
2016-04-04 00:00:00+07:00,27300.804722617395,28183.66776906216,27300.804722617395,27436.62890625,878807,0.0,0.0
2016-04-05 00:00:00+07:00,27164.981189839706,27844.10546875,26893.33114382799,27844.10546875,1141667,0.0,0.0
2016-04-06 00:00:00+07:00,28591.14190196331,29202.3515625,28387.40311880048,29202.3515625,1064674,0.0,0.0
2016-04-07 00:00:00+07:00,29949.390625,30221.03899324048,29609.82932858042,29949.390625,1287759,0.0,0.0
2016-04-08 00:00:00+07:00,30900.164930555555,30900.164930555555,29677.7389122836,29949.390625,873739,0.0,0.0
2016-04-11 00:00:00+07:00,30696.42798878597,31035.99265006622,30492.69253649396,30560.60546875,1221168,0.0,0.0
2016-04-12 00:00:00+07:00,30560.602775619467,30968.07698877128,30560.602775619467,30900.1640625,1152937,0.0,0.0
2016-04-13 00:00:00+07:00,31443.46566396329,31918.852826605336,31035.991430909537,31375.552734375,1605952,0.0,0.0
2016-04-14 00:00:00+07:00,30900.16413872068,31443.46420575517,30900.16413872068,31171.8125,901336,0.0,0.0
2016-04-15 00:00:00+07:00,31239.72800076939,31783.02811257489,31239.72800076939,31443.466796875,1109707,0.0,0.0
2016-04-19 00:00:00+07:00,30560.60197065135,30628.511550658048,29949.38899478512,30085.21484375,1945867,0.0,0.0
2016-04-20 00:00:00+07:00,30424.77734375,30492.69027096028,30153.12563490888,30424.77734375,1083042,0.0,0.0
2016-04-21 00:00:00+07:00,31035.988703398,32326.32421875,31035.988703398,32326.32421875,1803999,0.0,0.0
2016-04-22 00:00:00+07:00,31918.850422333388,33616.66015625,31918.850422333388,33616.66015625,2713910,0.0,0.0
2016-04-25 00:00:00+07:00,33684.57625617216,33684.57625617216,32801.71484375,32801.71484375,872503,0.0,0.0
2016-04-26 00:00:00+07:00,32597.97297810973,33616.66015625,32394.237549167126,33616.66015625,1060753,0.0,0.0
2016-04-27 00:00:00+07:00,34635.350370150445,35314.476329927376,33956.22441037352,34295.7890625,1404653,0.0,0.0
2016-04-28 00:00:00+07:00,34635.34765625,35654.03484385673,34295.78637520635,34635.34765625,1590798,0.0,0.0
2016-04-29 00:00:00+07:00,34974.90893729365,35314.47356281308,34295.78637520635,34635.34765625,735236,0.0,0.0
2016-05-04 00:00:00+07:00,33277.10179507263,34295.7890625,33141.27593422204,34295.7890625,1633612,0.0,0.0
2016-05-05 00:00:00+07:00,34295.78729083512,34974.909871053635,33956.22265625,33956.22265625,675969,0.0,0.0
2016-05-06 00:00:00+07:00,33956.22441037352,35314.476329927376,33820.40189399896,34295.7890625,1029286,0.0,0.0
2016-05-09 00:00:00+07:00,34974.90893729365,34974.90893729365,33956.22174968692,34635.34765625,727180,0.0,0.0
2016-05-10 00:00:00+07:00,33956.22174968692,34635.34765625,33616.66046864327,34635.34765625,1228152,0.0,0.0
2016-05-11 00:00:00+07:00,34635.35059825052,35314.4765625,34295.7892883638,35314.4765625,794969,0.0,0.0
2016-05-12 00:00:00+07:00,35654.03515625,36672.72235278226,35314.47387223118,35654.03515625,991452,0.0,0.0
2016-05-13 00:00:00+07:00,35654.03545128808,36672.72265625,35314.47416445938,36672.72265625,983395,0.0,0.0
2016-05-16 00:00:00+07:00,36333.15830935152,37691.41015625,36333.15830935152,37691.41015625,1031290,0.0,0.0
2016-05-17 00:00:00+07:00,38710.09574885508,40068.34765625,38370.53444424435,40068.34765625,1974094,0.0,0.0
2016-05-18 00:00:00+07:00,40068.34862639056,40747.471252055024,39049.66134341776,39389.22265625,1422366,0.0,0.0
2016-05-19 00:00:00+07:00,38710.09163698258,39389.21751854177,38370.53036844081,39049.65625,982374,0.0,0.0
2016-05-20 00:00:00+07:00,39728.77878708354,39728.77878708354,38710.09163698258,39049.65625,984631,0.0,0.0
2016-05-23 00:00:00+07:00,39049.65714716204,39049.65714716204,38030.96997365685,38370.53125,615681,0.0,0.0
2016-05-24 00:00:00+07:00,38030.96997365685,38710.09252634316,37351.8440764948,38370.53125,781895,0.0,0.0
2016-05-25 00:00:00+07:00,39049.65625,39389.21751854177,38710.09163698258,39049.65625,477923,0.0,0.0
2016-05-26 00:00:00+07:00,39049.66232206839,39389.2236434106,38370.53633490779,38710.09765625,543618,0.0,0.0
2016-05-27 00:00:00+07:00,38370.53125,38710.09252634316,38030.96997365685,38370.53125,353137,0.0,0.0
2016-05-30 00:00:00+07:00,38710.09765625,39049.66232206839,38030.97501356557,38710.09765625,505217,0.0,0.0
2016-05-31 00:00:00+07:00,38710.09430915723,41087.03004198183,38710.09430915723,40747.46875,1225681,0.0,0.0
2016-06-01 00:00:00+07:00,40747.46875,41087.03004198183,40068.34616603633,40747.46875,513613,0.0,0.0
2016-06-02 00:00:00+07:00,40407.9077285048,41766.15625,40407.9077285048,41766.15625,684883,0.0,0.0
2016-06-03 00:00:00+07:00,41766.15719840684,42445.28314681367,41087.03125,41087.03125,425124,0.0,0.0
2016-06-06 00:00:00+07:00,40747.46994803457,41426.59589644141,40407.90864606915,41087.03125,405495,0.0,0.0
2016-06-07 00:00:00+07:00,42105.71754425482,42105.71754425482,41087.03031701445,41766.15625,214987,0.0,0.0
2016-06-08 00:00:00+07:00,42445.28314681367,42784.8444487791,41087.03125,41087.03125,751159,0.0,0.0
2016-06-09 00:00:00+07:00,41426.5961420429,42105.71875,41426.5961420429,42105.71875,533469,0.0,0.0
2016-06-10 00:00:00+07:00,41426.59589644141,42105.71850037226,41087.03125,41087.03125,700024,0.0,0.0
2016-06-13 00:00:00+07:00,40068.34616603633,40747.46875,39728.78152957861,40747.46875,947743,0.0,0.0
2016-06-14 00:00:00+07:00,40747.46875,41426.59467843955,40068.34616603633,40747.46875,644451,0.0,0.0
2016-06-15 00:00:00+07:00,40407.9077285048,42105.71754425482,40068.34643424997,41766.15625,712077,0.0,0.0
2016-06-16 00:00:00+07:00,41426.59467843955,41766.15597042138,40747.46875,40747.46875,501927,0.0,0.0
2016-06-17 00:00:00+07:00,40068.348841594016,41087.032785561976,40068.348841594016,40407.91015625,415013,0.0,0.0
2016-06-20 00:00:00+07:00,41087.03031701445,41766.15625,40747.46902275962,41766.15625,496254,0.0,0.0
2016-06-21 00:00:00+07:00,41766.15719840684,42105.71850037226,41087.03125,41087.03125,350074,0.0,0.0
2016-06-22 00:00:00+07:00,41087.03125,41766.15719840684,41087.03125,41087.03125,163563,0.0,0.0
2016-06-23 00:00:00+07:00,41087.0291211525,41426.59375,41087.0291211525,41426.59375,246896,0.0,0.0
2016-06-24 00:00:00+07:00,41426.59467843955,41766.15597042138,38710.09430915723,40747.46875,1250580,0.0,0.0
2016-06-27 00:00:00+07:00,39728.78269766231,41426.59589644141,39389.22139569688,41087.03125,315038,0.0,0.0
2016-06-28 00:00:00+07:00,40068.34734410372,41087.03125,40068.34734410372,41087.03125,155468,0.0,0.0
2016-06-29 00:00:00+07:00,41087.03149358835,42105.71875,41087.03149358835,42105.71875,570547,0.0,0.0
2016-06-30 00:00:00+07:00,42784.84253679096,43803.52974163967,42445.28125,42445.28125,424368,0.0,0.0
2016-07-01 00:00:00+07:00,42784.842564230494,45161.7782622433,42784.842564230494,44482.65234375,892826,0.0,0.0
2016-07-04 00:00:00+07:00,44822.21606364721,45161.77734375,44482.65143906866,45161.77734375,257599,0.0,0.0
2016-07-05 00:00:00+07:00,45161.7782622433,45840.90083626077,44143.09105674127,44482.65234375,543052,0.0,0.0
2016-07-06 00:00:00+07:00,44143.09254848365,44482.65384696729,43463.96660704041,43803.53125,581591,0.0,0.0
2016-07-07 00:00:00+07:00,44143.09134244825,45501.33984375,43803.530053241775,45501.33984375,590252,0.0,0.0
2016-07-08 00:00:00+07:00,44822.21875,45501.34135090778,44143.09280461626,44822.21875,963249,0.0,0.0
2016-07-11 00:00:00+07:00,44143.094724927054,44822.2206998541,43124.40743477453,43463.96875,781756,0.0,0.0
2016-07-12 00:00:00+07:00,43463.96660704041,44143.09254848365,43463.96660704041,43803.53125,651675,0.0,0.0
2016-07-13 00:00:00+07:00,44482.65410507015,45501.34135090778,44143.09280461626,44822.21875,1383978,0.0,0.0
2016-07-14 00:00:00+07:00,44482.65384696729,45161.77978841053,43803.53125,43803.53125,533570,0.0,0.0
2016-07-15 00:00:00+07:00,44143.094724927054,44143.094724927054,43463.96875,43463.96875,389484,0.0,0.0
2016-07-18 00:00:00+07:00,43803.53244227395,44143.09375,43463.96779007186,44143.09375,275589,0.0,0.0
2016-07-19 00:00:00+07:00,43803.53340970158,44143.094724927054,42445.28480432359,43463.96875,642737,0.0,0.0
2016-07-20 00:00:00+07:00,43124.40382358192,43463.96511037288,42445.28125,42445.28125,467535,0.0,0.0
2016-07-21 00:00:00+07:00,42784.84375,43803.53098373466,42445.282453580425,42784.84375,459694,0.0,0.0
2016-07-22 00:00:00+07:00,42105.71754425482,42105.71754425482,40407.9077285048,41766.15625,664749,0.0,0.0
2016-07-25 00:00:00+07:00,41766.15744602145,42784.844702433096,41087.03149358835,42105.71875,325868,0.0,0.0
2016-07-26 00:00:00+07:00,41766.15752377964,41766.15752377964,40068.34765625,40068.34765625,600968,0.0,0.0
2016-07-27 00:00:00+07:00,40068.34734410372,41087.03125,40068.34734410372,41087.03125,568795,0.0,0.0
2016-07-28 00:00:00+07:00,40747.471252055024,40747.471252055024,38710.09668610944,39389.22265625,547438,0.0,0.0
2016-07-29 00:00:00+07:00,38370.52897445199,40068.34194443115,38030.96771824637,39728.77734375,431605,0.0,0.0
2016-08-01 00:00:00+07:00,40747.46875,41087.03004198183,39728.78152957861,40747.46875,198950,0.0,0.0
2016-08-02 00:00:00+07:00,39389.22286780593,40407.91015625,39389.22286780593,40407.91015625,637517,0.0,0.0
2016-08-03 00:00:00+07:00,39728.78300716327,40407.90896086073,39389.22170255254,40068.34765625,429108,0.0,0.0
2016-08-04 00:00:00+07:00,40747.47147090599,41087.032785561976,40407.91015625,40407.91015625,358306,0.0,0.0
2016-08-05 00:00:00+07:00,40407.91015625,41087.032785561976,40407.91015625,40407.91015625,305545,0.0,0.0
2016-08-08 00:00:00+07:00,40407.90864606915,41087.03125,40068.34734410372,41087.03125,294766,0.0,0.0
2016-08-09 00:00:00+07:00,41087.03031701445,42105.71754425482,41087.03031701445,41766.15625,196127,0.0,0.0
2016-08-10 00:00:00+07:00,41766.15744602145,42105.71875,41426.5961420429,42105.71875,356327,0.0,0.0
2016-08-11 00:00:00+07:00,41426.5961420429,42105.71875,41087.03149358835,42105.71875,414055,0.0,0.0
2016-08-12 00:00:00+07:00,43463.96634283915,44482.65357657381,42784.84375,42784.84375,612618,0.0,0.0
2016-08-15 00:00:00+07:00,42784.84611954907,43803.53340970158,42784.84611954907,43463.96875,1148890,0.0,0.0
2016-08-16 00:00:00+07:00,43803.52823850326,44143.08951364204,42784.841068611226,43124.40234375,502292,0.0,0.0
2016-08-17 00:00:00+07:00,43124.40234375,43463.96361888877,42784.841068611226,43124.40234375,525162,0.0,0.0
2016-08-18 00:00:00+07:00,43124.40600641164,43124.40600641164,41766.15744602145,42105.71875,498725,0.0,0.0
2016-08-19 00:00:00+07:00,43124.40530855677,44482.65384696729,42445.28271158948,43803.53125,840607,0.0,0.0
2016-08-22 00:00:00+07:00,43803.52976973253,45161.7782622433,43803.52976973253,44482.65234375,583508,0.0,0.0
2016-08-23 00:00:00+07:00,43803.52823850326,43803.52823850326,42784.841068611226,43124.40234375,353691,0.0,0.0
2016-08-24 00:00:00+07:00,43124.40234375,43803.52823850326,43124.40234375,43124.40234375,267370,0.0,0.0
2016-08-25 00:00:00+07:00,42784.844702433096,43124.40600641164,41766.15744602145,42105.71875,421582,0.0,0.0
2016-08-26 00:00:00+07:00,42105.71517385796,43124.40234375,42105.71517385796,43124.40234375,190504,0.0,0.0
2016-08-29 00:00:00+07:00,42784.84375,43463.96634283915,42784.84375,42784.84375,254221,0.0,0.0
2016-08-30 00:00:00+07:00,42105.718068629896,43803.53125,42105.718068629896,43803.53125,413841,0.0,0.0
2016-08-31 00:00:00+07:00,43463.96875,43803.53340970158,43124.40743477453,43463.96875,455432,0.0,0.0
2016-09-01 00:00:00+07:00,43463.96361888877,43803.52823850326,42784.841068611226,43124.40234375,305254,0.0,0.0
2016-09-05 00:00:00+07:00,42784.84375,43124.405046419575,42445.282453580425,42784.84375,387340,0.0,0.0
2016-09-06 00:00:00+07:00,42784.84611954907,43803.53340970158,42784.84611954907,43463.96875,378011,0.0,0.0
2016-09-07 00:00:00+07:00,42784.84375,43463.96634283915,42105.71781268492,42784.84375,430974,0.0,0.0
2016-09-08 00:00:00+07:00,42784.84401007312,44143.09254848365,42784.84401007312,43803.53125,319035,0.0,0.0
2016-09-09 00:00:00+07:00,44143.09254848365,45161.77978841053,43803.53125,43803.53125,492332,0.0,0.0
2016-09-12 00:00:00+07:00,42784.84488252323,43124.40618793106,42445.2835771154,42852.7578125,251183,0.0,0.0
2016-09-13 00:00:00+07:00,42445.27979347246,43463.96361888877,42445.27979347246,43124.40234375,200577,0.0,0.0
2016-09-14 00:00:00+07:00,43124.40234375,43260.2281915958,42716.92814468833,43124.40234375,231779,0.0,0.0
2016-09-15 00:00:00+07:00,42445.282453580425,43124.405046419575,42445.282453580425,42784.84375,379978,0.0,0.0
2016-09-16 00:00:00+07:00,42784.846011462505,42920.671875,42649.020147925,42920.671875,132309,0.0,0.0
2016-09-19 00:00:00+07:00,42988.5815708939,43463.96875,42920.6719834297,43463.96875,160146,0.0,0.0
2016-09-20 00:00:00+07:00,43396.05727472251,44822.21875,43124.40555877863,44822.21875,279195,0.0,0.0
2016-09-21 00:00:00+07:00,44822.21955635442,45976.72933645773,44550.56783552351,45908.81640625,504107,0.0,0.0
2016-09-22 00:00:00+07:00,46723.76655838785,46859.5890694847,46044.640625,46044.640625,303603,0.0,0.0
2016-09-23 00:00:00+07:00,45976.72839141977,46587.94140625,45772.992949460335,46587.94140625,205229,0.0,0.0
2016-09-26 00:00:00+07:00,46180.46605244203,46520.02734375,45569.253052507,46520.02734375,329927,0.0,0.0
2016-09-27 00:00:00+07:00,46520.02804404312,47063.328125,46248.37967580264,47063.328125,401889,0.0,0.0
2016-09-28 00:00:00+07:00,46859.58891263533,47538.71484375,46859.58891263533,47538.71484375,579789,0.0,0.0
2016-09-29 00:00:00+07:00,48896.96558370644,50391.040024478665,48896.96558370644,49711.9140625,575918,0.0,0.0
2016-09-30 00:00:00+07:00,49711.91305615423,49779.825985424905,47878.27734375,47878.27734375,432688,0.0,0.0
2016-10-03 00:00:00+07:00,48014.10050560665,48557.40056478191,47878.27465469389,48217.8359375,157625,0.0,0.0
2016-10-04 00:00:00+07:00,48217.84097370032,48896.9669547209,47538.71833715589,48285.75390625,199014,0.0,0.0
2016-10-05 00:00:00+07:00,48285.747879633214,49032.786699964425,48285.747879633214,48625.3125,224152,0.0,0.0
2016-10-06 00:00:00+07:00,48896.96459385812,49032.79045239947,47878.27734375,47878.27734375,108834,0.0,0.0
2016-10-07 00:00:00+07:00,48761.13936993893,48761.13936993893,47878.27796688178,48149.9296875,137882,0.0,0.0
2016-10-10 00:00:00+07:00,48149.92853587461,48149.92853587461,45840.90234375,45840.90234375,263966,0.0,0.0
2016-10-11 00:00:00+07:00,47063.32912197483,48896.96484375,46384.20317027336,48896.96484375,367787,0.0,0.0
2016-10-12 00:00:00+07:00,48896.96459385812,48896.96459385812,47538.71604187262,47878.27734375,185096,0.0,0.0
2016-10-13 00:00:00+07:00,46859.58746179975,48217.8359375,46859.58746179975,48217.8359375,122236,0.0,0.0
2016-10-14 00:00:00+07:00,48353.66399474479,48761.13822159995,48082.015625,48082.015625,96643,0.0,0.0
2016-10-17 00:00:00+07:00,48082.01369049496,48082.01369049496,46859.587714635934,47199.15234375,150829,0.0,0.0
2016-10-18 00:00:00+07:00,47199.1532708418,47402.888707836224,46316.2885622797,46520.02734375,161709,0.0,0.0
2016-10-19 00:00:00+07:00,46859.59097570097,47199.15562844611,46587.9425979809,46927.50390625,113827,0.0,0.0
2016-10-20 00:00:00+07:00,47402.8899305421,47402.8899305421,46859.58984375,46859.58984375,182271,0.0,0.0
2016-10-21 00:00:00+07:00,46520.028543683424,46859.58984375,46248.38017252536,46859.58984375,234692,0.0,0.0
2016-10-24 00:00:00+07:00,46248.37890625,46791.675633690735,46248.37890625,46248.37890625,141248,0.0,0.0
2016-10-25 00:00:00+07:00,46180.46768082162,46520.02898410292,45569.25465933447,46384.203125,236167,0.0,0.0
2016-10-26 00:00:00+07:00,46112.55241472054,46384.20077468581,45976.7265625,45976.7265625,180973,0.0,0.0
2016-10-27 00:00:00+07:00,45976.72769721362,46180.46648057275,45637.16640275765,46044.640625,161507,0.0,0.0
2016-10-28 00:00:00+07:00,45840.90409438104,46316.29126777152,45840.90409438104,46180.46875,148711,0.0,0.0
2016-10-31 00:00:00+07:00,46180.46729629152,46180.46729629152,44822.21875,44822.21875,419250,0.0,0.0
2016-11-01 00:00:00+07:00,44482.65143906866,45365.51277402137,44346.828933713005,45161.77734375,498800,0.0,0.0
2016-11-02 00:00:00+07:00,45161.78284843477,45365.51830353907,44618.48272736302,44754.30859375,176548,0.0,0.0
2016-11-03 00:00:00+07:00,44686.39727123041,44686.39727123041,43192.3227205498,44346.8359375,283570,0.0,0.0
2016-11-04 00:00:00+07:00,44618.48046875,44618.48046875,44075.18037518041,44618.48046875,147879,0.0,0.0
2016-11-07 00:00:00+07:00,44618.48181141276,45705.08203125,44143.09463329349,45705.08203125,191727,0.0,0.0
2016-11-08 00:00:00+07:00,46044.63948861027,46044.63948861027,45637.16527642446,45976.7265625,234818,0.0,0.0
2016-11-09 00:00:00+07:00,44822.21838248154,45976.728132348784,43463.966502851006,45569.25390625,333545,0.0,0.0
2016-11-10 00:00:00+07:00,45569.25571436194,46520.03006114289,45569.25571436194,46180.46875,307814,0.0,0.0
2016-11-11 00:00:00+07:00,46180.46597920094,46859.588560739794,46180.46597920094,46248.37890625,39948,0.0,0.0
2016-11-14 00:00:00+07:00,46180.4657666388,46180.4657666388,45365.51399027707,45501.33984375,113183,0.0,0.0
2016-11-15 00:00:00+07:00,45501.34210851652,45772.99382898348,45229.69373252559,45637.16796875,117003,0.0,0.0
2016-11-16 00:00:00+07:00,46112.556277569936,46384.2046602912,45569.25616765132,45705.08203125,158255,0.0,0.0
2016-11-17 00:00:00+07:00,45840.90341462419,45840.90341462419,45637.16796875,45637.16796875,92280,0.0,0.0
2016-11-18 00:00:00+07:00,45501.34210851652,45705.080898866734,45501.34210851652,45637.16796875,99492,0.0,0.0
2016-11-21 00:00:00+07:00,45637.16909945066,45772.99496304934,45637.16909945066,45705.08203125,214458,0.0,0.0
2016-11-22 00:00:00+07:00,46180.46443354363,47199.15161623238,46180.46443354363,46655.8515625,180670,0.0,0.0
2016-11-23 00:00:00+07:00,46655.8543350618,46995.41563464484,46520.0284774382,46587.94140625,75513,0.0,0.0
2016-11-24 00:00:00+07:00,46316.29296875,46587.944703221656,46180.470445990366,46316.29296875,59388,0.0,0.0
2016-11-25 00:00:00+07:00,46180.46875,46316.29126777152,45840.90409438104,46180.46875,159755,0.0,0.0
2016-11-28 00:00:00+07:00,46180.46875,46248.38168112379,45840.90409438104,46180.46875,228552,0.0,0.0
2016-11-29 00:00:00+07:00,45297.60564559436,46180.4670283374,43803.53125,43803.53125,208179,0.0,0.0
2016-11-30 00:00:00+07:00,43803.52889264672,43803.52889264672,42784.84170754204,43396.0546875,249203,0.0,0.0
2016-12-01 00:00:00+07:00,46384.203125,46384.203125,46180.46768082162,46384.203125,479271,0.0,0.0
2016-12-02 00:00:00+07:00,46859.59022258098,47063.32901095361,45840.90296966984,46112.5546875,158078,0.0,0.0
2016-12-05 00:00:00+07:00,45637.16447368421,45976.725753787,44822.21606364721,45161.77734375,54711,0.0,0.0
2016-12-06 00:00:00+07:00,45501.34261837773,45501.34261837773,43463.96806995005,45433.4296875,178174,0.0,0.0
2016-12-07 00:00:00+07:00,44346.8359375,45297.61034752618,44143.09713057597,44346.8359375,63839,0.0,0.0
2016-12-08 00:00:00+07:00,43463.96779007186,44482.65505772605,43396.05820410748,44143.09375,138322,0.0,0.0
2016-12-09 00:00:00+07:00,44482.65410507015,44822.21875,43463.96685923251,44822.21875,223736,0.0,0.0
2016-12-12 00:00:00+07:00,45433.42842192181,46384.20273877347,44822.21875,44822.21875,215996,0.0,0.0
2016-12-13 00:00:00+07:00,45501.34232538024,45501.34232538024,43803.53244227395,44143.09375,156225,0.0,0.0
2016-12-14 00:00:00+07:00,43531.88072051228,44482.65505772605,43531.88072051228,44143.09375,86469,0.0,0.0
2016-12-15 00:00:00+07:00,44143.09140401121,44143.09140401121,43396.05589781996,43735.6171875,144551,0.0,0.0
2016-12-16 00:00:00+07:00,44075.18012991854,44075.18012991854,43124.40580758146,43599.79296875,140605,0.0,0.0
2016-12-19 00:00:00+07:00,44482.6539152006,44482.6539152006,43803.531317191584,44075.1796875,112402,0.0,0.0
2016-12-20 00:00:00+07:00,44075.17775156904,44143.09067728216,43124.40348053687,43192.31640625,162137,0.0,0.0
2016-12-21 00:00:00+07:00,43735.61951183353,44278.91961088083,43531.88072051228,44143.09375,187327,0.0,0.0
2016-12-22 00:00:00+07:00,43124.40234375,43328.14111551869,42920.66691645703,43124.40234375,93945,0.0,0.0
2016-12-23 00:00:00+07:00,43192.31893610255,43192.31893610255,42105.71875,42105.71875,115945,0.0,0.0
2016-12-26 00:00:00+07:00,42784.847431762326,42784.847431762326,41494.51171875,41494.51171875,42318,0.0,0.0
2016-12-27 00:00:00+07:00,41426.59467843955,41698.24304312984,38642.18472634158,40747.46875,154170,0.0,0.0
2016-12-28 00:00:00+07:00,40747.471525667694,41087.032840780026,40475.82314247305,40679.55859375,251120,0.0,0.0
2016-12-29 00:00:00+07:00,40679.556888666266,40815.3827468085,40543.734375,40543.734375,199493,0.0,0.0
2016-12-30 00:00:00+07:00,40543.731772791005,41290.76725567456,40543.731772791005,41154.94140625,79699,0.0,0.0
2017-01-03 00:00:00+07:00,41426.59583064783,41426.59583064783,40679.55695413915,40815.3828125,150513,0.0,0.0
2017-01-04 00:00:00+07:00,40747.46902275962,41969.895033238434,40679.55609501348,41766.15625,307688,0.0,0.0
2017-01-05 00:00:00+07:00,41969.895033238434,41969.895033238434,41426.594955745175,41766.15625,38902,0.0,0.0
2017-01-06 00:00:00+07:00,41766.152639172,41766.152639172,41019.1171875,41019.1171875,92558,0.0,0.0
2017-01-09 00:00:00+07:00,41019.1216651877,41562.41841054199,40747.46994803457,41087.03125,265340,0.0,0.0
2017-01-10 00:00:00+07:00,41290.76882385646,41290.76882385646,40611.64289541691,40747.46875,379663,0.0,0.0
2017-01-11 00:00:00+07:00,40747.465500000646,41087.02676489922,40747.465500000646,41019.1171875,66751,0.0,0.0
2017-01-12 00:00:00+07:00,41087.03125,41358.68296715312,40883.29580661114,41087.03125,45332,0.0,0.0
2017-01-13 00:00:00+07:00,41087.02996807265,41290.768749580784,40475.8203125,40475.8203125,217105,0.0,0.0
2017-01-16 00:00:00+07:00,40475.82287068445,40475.82287068445,39185.483861865,39389.22265625,368808,0.0,0.0
2017-01-17 00:00:00+07:00,39117.57238413598,39389.22075237645,38438.4464468209,38506.359375,345825,0.0,0.0
2017-01-18 00:00:00+07:00,38506.358946265245,39117.5719485959,38506.358946265245,38981.74609375,315971,0.0,0.0
2017-01-19 00:00:00+07:00,38710.09438405821,38981.74609375,38710.09438405821,38981.74609375,691211,0.0,0.0
2017-01-20 00:00:00+07:00,38981.74567018072,39525.04573918501,38710.093963440646,39457.1328125,111494,0.0,0.0
2017-01-23 00:00:00+07:00,39457.12900768061,39728.77734375,38710.09023065761,39728.77734375,181326,0.0,0.0
2017-01-24 00:00:00+07:00,40068.34616603633,41019.12045916617,39728.78152957861,40747.46875,830508,0.0,0.0
2017-01-25 00:00:00+07:00,40747.46988331958,40815.3828125,40407.90858189344,40815.3828125,239608,0.0,0.0
2017-02-03 00:00:00+07:00,41087.032785561976,41087.032785561976,40204.17136077074,40407.91015625,220156,0.0,0.0
2017-02-06 00:00:00+07:00,40407.90745801816,41426.59467843955,39932.52031145325,40747.46875,942561,0.0,0.0
2017-02-07 00:00:00+07:00,40747.46875,41087.03004198183,40611.64289541691,40747.46875,623372,0.0,0.0
2017-02-08 00:00:00+07:00,40747.47084507417,40747.47084507417,40136.2578125,40136.2578125,250060,0.0,0.0
2017-02-09 00:00:00+07:00,38710.09668610944,39728.78396908223,38574.2741676622,39389.22265625,3348922,0.0,0.0
2017-02-10 00:00:00+07:00,39389.22170255254,40407.90896086073,39321.3087727352,40068.34765625,1387142,0.0,0.0
2017-02-13 00:00:00+07:00,40068.3482261927,40339.99660485007,39932.52236462598,40136.2578125,1409607,0.0,0.0
2017-02-14 00:00:00+07:00,40068.3482261927,40407.90953563343,39728.78357227591,40136.2578125,1555674,0.0,0.0
2017-02-15 00:00:00+07:00,40204.17074328336,40204.17074328336,39864.60943384262,40136.2578125,1189322,0.0,0.0
2017-02-16 00:00:00+07:00,40068.35047817533,40747.47313522589,39932.52460897472,40272.0859375,1443319,0.0,0.0
2017-02-17 00:00:00+07:00,40339.99488874545,40475.820744534,39932.52066585573,40000.43359375,639685,0.0,0.0
2017-02-20 00:00:00+07:00,40000.43472643266,40204.17017140869,39592.96049200458,40068.34765625,688009,0.0,0.0
2017-02-21 00:00:00+07:00,40068.34721597815,41019.121534021855,40000.434286907024,40543.734375,1972771,0.0,0.0
2017-02-22 00:00:00+07:00,40951.20897868253,42105.71875,40951.20897868253,42105.71875,2549916,0.0,0.0
2017-02-23 00:00:00+07:00,42445.282453580425,43056.49211824047,42173.63074086402,42784.84375,1741517,0.0,0.0
2017-02-24 00:00:00+07:00,42852.75473110584,42852.75473110584,41901.98046875,41901.98046875,982815,0.0,0.0
2017-02-27 00:00:00+07:00,41630.3304648109,42037.8046875,41222.856242121816,42037.8046875,1094516,0.0,0.0
2017-02-28 00:00:00+07:00,42105.720764041085,42309.45956285924,40951.2109375,40951.2109375,838527,0.0,0.0
2017-03-01 00:00:00+07:00,41019.120823212266,41019.120823212266,39864.60773796146,40000.43359375,1653279,0.0,0.0
2017-03-02 00:00:00+07:00,40339.99700776112,40407.90993922279,39389.22265625,39389.22265625,1281330,0.0,0.0
2017-03-03 00:00:00+07:00,39389.22108446591,40000.43409875502,39049.65978518351,39796.6953125,614774,0.0,0.0
2017-03-06 00:00:00+07:00,39728.78231643386,40068.34695961689,39525.046875,39525.046875,847529,0.0,0.0
2017-03-07 00:00:00+07:00,39389.22101772679,39592.9598036366,39049.65971901972,39525.046875,1234897,0.0,0.0
2017-03-08 00:00:00+07:00,39660.86875206216,39660.86875206216,39117.57202062987,39253.39453125,547880,0.0,0.0
2017-03-09 00:00:00+07:00,38981.74767408093,38981.74767408093,38574.2734375,38574.2734375,1473324,0.0,0.0
2017-03-10 00:00:00+07:00,38438.444585904144,38438.444585904144,37623.496176160814,37895.14453125,1659987,0.0,0.0
2017-03-13 00:00:00+07:00,37351.848734673615,37759.32298599698,36604.81316466012,37148.11328125,1095865,0.0,0.0
2017-03-14 00:00:00+07:00,37148.11220870864,38302.62199671246,37148.11220870864,37351.84765625,765367,0.0,0.0
2017-03-15 00:00:00+07:00,37351.84765625,37827.23482648123,37216.02513938111,37351.84765625,863464,0.0,0.0
2017-03-16 00:00:00+07:00,38030.96808944637,38030.96808944637,37555.58098832829,37759.31640625,759000,0.0,0.0
2017-03-17 00:00:00+07:00,37691.41230961234,37759.32189580876,37351.84765625,37351.84765625,708685,0.0,0.0
2017-03-20 00:00:00+07:00,37351.84594815775,37555.58473085822,37216.0234375,37216.0234375,762190,0.0,0.0
2017-03-21 00:00:00+07:00,37351.84530768812,37555.5840868951,36944.37109375,36944.37109375,634454,0.0,0.0
2017-03-22 00:00:00+07:00,36808.5461032171,36944.37195920359,35993.59765625,35993.59765625,1582540,0.0,0.0
2017-03-23 00:00:00+07:00,35993.59991673333,36808.54841488112,35993.59991673333,36129.42578125,1224382,0.0,0.0
2017-03-24 00:00:00+07:00,36265.24963184572,37012.28515625,36265.24963184572,37012.28515625,650566,0.0,0.0
2017-03-27 00:00:00+07:00,36876.45809055689,36944.37101681779,36468.98387746728,36672.72265625,699708,0.0,0.0
2017-03-28 00:00:00+07:00,36672.72201277712,36672.72201277712,36333.15738743072,36401.0703125,403238,0.0,0.0
2017-03-29 00:00:00+07:00,36740.63722539303,37080.19852740544,36401.07257890465,36536.8984375,696229,0.0,0.0
2017-03-30 00:00:00+07:00,36672.72273261654,37148.10987295698,36672.72273261654,36944.37109375,456668,0.0,0.0
2017-03-31 00:00:00+07:00,37351.84765625,37555.58644826741,37080.199278036176,37351.84765625,670762,0.0,0.0
2017-04-03 00:00:00+07:00,37216.026213883255,37555.58753257337,37012.28741598349,37148.11328125,539886,0.0,0.0
2017-04-04 00:00:00+07:00,37351.84811355144,37351.84811355144,36672.7254874643,36876.4609375,771003,0.0,0.0
2017-04-05 00:00:00+07:00,37283.93302059093,37419.758875724576,37012.28465479952,37216.0234375,675377,0.0,0.0
2017-04-07 00:00:00+07:00,37555.58623304583,38845.921875,37419.76037247927,38845.921875,1960945,0.0,0.0
2017-04-10 00:00:00+07:00,39049.65780108042,39049.65780108042,38506.35774314793,38642.18359375,612365,0.0,0.0
2017-04-11 00:00:00+07:00,38710.09595337629,39049.660604257086,38234.70878661921,38574.2734375,905837,0.0,0.0
2017-04-12 00:00:00+07:00,38710.09285620244,38710.09285620244,37623.49609375,37623.49609375,924546,0.0,0.0
2017-04-13 00:00:00+07:00,38302.62310258686,38302.62310258686,36876.46155071699,37148.11328125,855724,0.0,0.0
2017-04-14 00:00:00+07:00,37283.93512504892,37351.848056449024,36333.16077439956,36604.8125,716249,0.0,0.0
2017-04-17 00:00:00+07:00,36808.54516429598,37419.7581561683,36468.98387746728,36672.72265625,620611,0.0,0.0
2017-04-18 00:00:00+07:00,36672.72614770952,37487.67465147661,36672.72614770952,37419.76171875,576851,0.0,0.0
2017-04-19 00:00:00+07:00,37487.673517594936,37623.49937893987,37148.11220870864,37351.84765625,311936,0.0,0.0
2017-04-20 00:00:00+07:00,36944.37101681779,36944.37101681779,36672.72265625,36672.72265625,548863,0.0,0.0
2017-04-21 00:00:00+07:00,36604.80908770784,36944.37036857847,36401.0703125,36401.0703125,323686,0.0,0.0
2017-04-24 00:00:00+07:00,36401.07594709173,37012.28902285032,36265.25342040472,36740.640625,455445,0.0,0.0
2017-04-25 00:00:00+07:00,36672.72315656225,36808.54566646121,36468.984375,36468.984375,139256,0.0,0.0
2017-04-26 00:00:00+07:00,36536.89800131747,37012.28515625,36401.07214434363,37012.28515625,422262,0.0,0.0
2017-04-27 00:00:00+07:00,37012.28319661543,38030.97038103248,36944.37027172419,37895.14453125,1271660,0.0,0.0
2017-04-28 00:00:00+07:00,37759.31973856665,38030.971445736686,37012.28423280076,37691.41015625,628554,0.0,0.0
2017-05-03 00:00:00+07:00,37351.846019606535,37759.32024131103,37283.9330919098,37487.671875,820826,0.0,0.0
2017-05-04 00:00:00+07:00,37351.846019606535,37487.671875,37216.02350868897,37487.671875,786497,0.0,0.0
2017-05-05 00:00:00+07:00,37012.28238909047,37283.9307382529,36944.36946568094,37080.1953125,301145,0.0,0.0
2017-05-08 00:00:00+07:00,37080.199278036176,37555.58644826741,37080.199278036176,37351.84765625,536659,0.0,0.0
2017-05-09 00:00:00+07:00,37283.92930513192,37827.22932704909,37216.0197288084,37759.31640625,960098,0.0,0.0
2017-05-10 00:00:00+07:00,37963.06068782617,38030.97361849864,37351.84765625,37351.84765625,373800,0.0,0.0
2017-05-11 00:00:00+07:00,37691.41344965647,37691.41344965647,37283.93585329677,37419.76171875,158658,0.0,0.0
2017-05-12 00:00:00+07:00,37555.585239669446,37555.585239669446,36944.37222776307,37012.28515625,328276,0.0,0.0
2017-05-15 00:00:00+07:00,37012.28902285032,37012.28902285032,36672.727689418345,36740.640625,454865,0.0,0.0
2017-05-16 00:00:00+07:00,37216.02115931906,37216.02115931906,37012.28238909047,37080.1953125,250300,0.0,0.0
2017-05-17 00:00:00+07:00,37148.10987295698,37148.10987295698,36672.72273261654,36944.37109375,222639,0.0,0.0
2017-05-18 00:00:00+07:00,36944.37448335024,37419.76166730686,36808.54861808373,37148.11328125,581793,0.0,0.0
2017-05-19 00:00:00+07:00,37351.84559588888,38302.61988390579,37351.84559588888,37963.05859375,1400039,0.0,0.0
2017-05-22 00:00:00+07:00,38710.093963440646,39660.8682480792,38642.18438123149,39457.1328125,1993888,0.0,0.0
2017-05-23 00:00:00+07:00,39457.13324123476,39728.78160645066,38981.74609375,38981.74609375,592106,0.0,0.0
2017-05-24 00:00:00+07:00,38981.74659740119,39049.65952570159,38438.446515473945,38778.0078125,595535,0.0,0.0
2017-05-25 00:00:00+07:00,39389.21988581498,39796.69410144924,38981.74567018072,39457.1328125,1185477,0.0,0.0
2017-05-26 00:00:00+07:00,38778.00888355245,39253.39605030954,38574.2734375,38574.2734375,750466,0.0,0.0
2017-05-29 00:00:00+07:00,38710.09668610944,39592.96145063499,38574.2741676622,39389.22265625,806706,0.0,0.0
2017-05-30 00:00:00+07:00,39389.22359286917,39457.13652594571,38438.44921875,38438.44921875,515340,0.0,0.0
2017-05-31 00:00:00+07:00,38710.09060848616,38710.09060848616,37691.40682992648,37759.31640625,493744,0.0,0.0
2017-06-01 00:00:00+07:00,37691.4118597522,37963.06023472381,37555.5860000284,37827.234375,519842,0.0,0.0
2017-06-02 00:00:00+07:00,37895.14370446299,37895.14370446299,37012.28238909047,37080.1953125,1191150,0.0,0.0
2017-06-05 00:00:00+07:00,37080.19765329551,37555.58480269673,36944.37179790205,37487.671875,308899,0.0,0.0
2017-06-06 00:00:00+07:00,37487.67024426504,37623.49609375,37351.84439478008,37623.49609375,395863,0.0,0.0
2017-06-07 00:00:00+07:00,37487.67137587247,38166.7972993217,37487.67137587247,37691.41015625,795700,0.0,0.0
2017-06-08 00:00:00+07:00,36740.63587010658,37963.05851894418,36740.63587010658,37691.41015625,509427,0.0,0.0
2017-06-09 00:00:00+07:00,37691.41116541503,37691.41116541503,37148.111081004274,37283.93359375,352141,0.0,0.0
2017-06-12 00:00:00+07:00,37283.9330919098,37895.14609670449,37216.02350868897,37487.671875,456882,0.0,0.0
2017-06-13 00:00:00+07:00,37487.670959100986,38166.796875,37351.84510702602,38166.796875,560739,0.0,0.0
2017-06-14 00:00:00+07:00,38234.70452323384,39185.47875073132,38234.70452323384,39049.65625,1375278,0.0,0.0
2017-06-15 00:00:00+07:00,38710.093174575246,38981.74487577938,38370.53189254586,38642.18359375,576624,0.0,0.0
2017-06-16 00:00:00+07:00,38642.18205885475,39389.21751854177,38642.18205885475,39049.65625,773864,0.0,0.0
2017-06-19 00:00:00+07:00,39728.78231643386,39728.78231643386,39253.39516045358,39525.046875,1362192,0.0,0.0
2017-06-20 00:00:00+07:00,39457.1328125,39660.8682480792,39321.30695912996,39457.1328125,897604,0.0,0.0
2017-06-21 00:00:00+07:00,39185.48046875,39389.21924549303,38710.09333415875,39185.48046875,930559,0.0,0.0
2017-06-22 00:00:00+07:00,39049.66232206839,39185.48484391957,38506.36220123514,38710.09765625,865644,0.0,0.0
2017-06-23 00:00:00+07:00,38710.09481506138,38778.00774324047,38030.97222222222,38506.359375,454096,0.0,0.0
2017-06-26 00:00:00+07:00,38710.09765625,38845.92352257735,38506.36220123514,38710.09765625,264432,0.0,0.0
2017-06-27 00:00:00+07:00,38845.9202389041,39592.95909608065,38710.09438405821,38981.74609375,854563,0.0,0.0
2017-06-28 00:00:00+07:00,38642.187552939184,39049.66180201848,38438.44875616147,38913.8359375,689358,0.0,0.0
2017-06-29 00:00:00+07:00,38778.01007298153,39049.66180201848,38778.01007298153,38913.8359375,692170,0.0,0.0
2017-06-30 00:00:00+07:00,39117.57376790558,40000.435176512925,39049.66083732408,39592.9609375,1616857,0.0,0.0
2017-07-03 00:00:00+07:00,39525.04602108045,40543.733239669375,39525.04602108045,40475.8203125,1095171,0.0,0.0
2017-07-04 00:00:00+07:00,40204.17017140869,40272.08310122604,39389.22170255254,40068.34765625,497589,0.0,0.0
2017-07-05 00:00:00+07:00,40204.16979435217,40883.29574168042,40000.43435128688,40815.3828125,2141216,0.0,0.0
2017-07-06 00:00:00+07:00,40815.38125370543,41290.76839533674,40543.73289183434,41222.85546875,907312,0.0,0.0
2017-07-07 00:00:00+07:00,41222.85546875,41358.68132192348,40747.468327118695,41222.85546875,919024,0.0,0.0
2017-07-10 00:00:00+07:00,41087.03345890261,41290.77225772077,40543.73668433985,40951.2109375,1350631,0.0,0.0
2017-07-11 00:00:00+07:00,40883.29574168042,41087.03118474571,40339.99565271302,40815.3828125,577835,0.0,0.0
2017-07-12 00:00:00+07:00,41019.11983210697,42784.84253679096,40883.293979600254,42445.28125,1870729,0.0,0.0
2017-07-13 00:00:00+07:00,42581.107216156255,43463.96864019779,42309.45883355736,42920.671875,1112317,0.0,0.0
2017-07-14 00:00:00+07:00,43124.40234375,43667.70239065747,42784.841068611226,43124.40234375,945751,0.0,0.0
2017-07-17 00:00:00+07:00,43260.23302778929,43260.23302778929,41969.89736243081,42173.6328125,911812,0.0,0.0
2017-07-18 00:00:00+07:00,41562.41675720784,42173.62975201261,41154.94254216326,41222.85546875,642434,0.0,0.0
2017-07-19 00:00:00+07:00,41426.59570948735,42716.9313267136,41426.59570948735,42581.10546875,1003542,0.0,0.0
2017-07-20 00:00:00+07:00,42445.28339845455,42716.93177274219,41222.857352970175,42105.71875,345296,0.0,0.0
2017-07-21 00:00:00+07:00,42784.84319084277,42784.84319084277,40747.46875,40747.46875,611004,0.0,0.0
2017-07-24 00:00:00+07:00,39660.868530943335,41087.02996807265,39389.220166741696,40475.8203125,1113275,0.0,0.0
2017-07-25 00:00:00+07:00,39932.52148552716,41426.59589644141,39932.52148552716,41087.03125,359150,0.0,0.0
2017-07-26 00:00:00+07:00,41766.15789208243,41969.89668333109,41358.68365406117,41630.33203125,419224,0.0,0.0
2017-07-27 00:00:00+07:00,41222.85433096228,41630.32853476019,40815.38012716436,41154.94140625,441602,0.0,0.0
2017-07-28 00:00:00+07:00,41154.943244760594,41766.15625,41154.943244760594,41766.15625,553376,0.0,0.0
2017-07-31 00:00:00+07:00,42037.80426052851,42784.84311493421,41766.155896320175,42513.19140625,647830,0.0,0.0
2017-08-01 00:00:00+07:00,42513.19278765735,43599.79296875,42445.28320275554,43599.79296875,1057337,0.0,0.0
2017-08-02 00:00:00+07:00,43192.31867269651,43871.44462098799,42649.01858295852,43328.14453125,732450,0.0,0.0
2017-08-03 00:00:00+07:00,42988.57988486627,43599.792903881,42920.6703000655,43328.14453125,586761,0.0,0.0
2017-08-04 00:00:00+07:00,43328.14383095688,43328.14383095688,42716.9308218209,42784.84375,727381,0.0,0.0
2017-08-07 00:00:00+07:00,42784.84339149141,44007.26605504435,42513.19168105127,43531.87890625,800856,0.0,0.0
2017-08-08 00:00:00+07:00,43803.53125,44143.09254848365,43463.96660704041,43803.53125,651209,0.0,0.0
2017-08-09 00:00:00+07:00,43531.87934104248,43803.53105419585,42445.28252185677,43056.4921875,578326,0.0,0.0
2017-08-10 00:00:00+07:00,42852.756678179096,43260.230902777774,42445.282453580425,42784.84375,343405,0.0,0.0
2017-08-11 00:00:00+07:00,42581.10636812497,43124.40646697868,41494.5095148936,41630.33203125,628906,0.0,0.0
2017-08-14 00:00:00+07:00,41630.3298965807,42105.71704064186,41426.59446025498,41969.89453125,188903,0.0,0.0
2017-08-15 00:00:00+07:00,42037.80505530342,42037.80505530342,41222.85660279497,41290.76953125,370913,0.0,0.0
2017-08-16 00:00:00+07:00,41358.68271594101,42309.45703125,41087.03100043789,42309.45703125,262201,0.0,0.0
2017-08-17 00:00:00+07:00,41834.06796014119,42309.45509605189,41426.59375,41426.59375,213499,0.0,0.0
2017-08-18 00:00:00+07:00,40815.38349568856,41562.41904022552,40815.38349568856,41358.68359375,195610,0.0,0.0
2017-08-21 00:00:00+07:00,41426.59878472679,41766.16011036663,41358.68585070359,41494.51171875,159856,0.0,0.0
2017-08-22 00:00:00+07:00,41494.507175096944,41630.32968379457,41154.94254216326,41222.85546875,319060,0.0,0.0
2017-08-23 00:00:00+07:00,41222.85497269149,41426.59375,41154.942046922,41426.59375,157586,0.0,0.0
2017-08-24 00:00:00+07:00,41426.59382838382,42037.80347251418,41426.59382838382,41698.2421875,302545,0.0,0.0
2017-08-25 00:00:00+07:00,41698.2421875,42241.542250208186,41630.329261602,41698.2421875,239079,0.0,0.0
2017-08-28 00:00:00+07:00,41698.24358808624,42852.756678179096,41698.24358808624,42784.84375,734857,0.0,0.0
2017-08-29 00:00:00+07:00,42445.281823554826,42784.84311493421,42173.63011487061,42513.19140625,370094,0.0,0.0
2017-08-30 00:00:00+07:00,42581.104333421055,42784.84311493421,42105.71718769956,42513.19140625,360386,0.0,0.0
2017-08-31 00:00:00+07:00,42513.19140625,42716.93018776316,42105.71718769956,42513.19140625,279977,0.0,0.0
2017-09-01 00:00:00+07:00,42716.92814468833,43599.78946673457,42716.92814468833,43124.40234375,952243,0.0,0.0
2017-09-05 00:00:00+07:00,43260.232845414284,44482.65557410422,43124.40698295671,43939.35546875,762568,0.0,0.0
2017-09-06 00:00:00+07:00,44075.18194814123,44618.482061100185,43939.35608378246,44211.0078125,703151,0.0,0.0
2017-09-07 00:00:00+07:00,44211.00196856926,45908.81167072828,44143.08904536679,45093.86328125,1318269,0.0,0.0
2017-09-08 00:00:00+07:00,45093.86898953204,46248.382141168615,45093.86898953204,45705.08203125,1483019,0.0,0.0
2017-09-11 00:00:00+07:00,45705.08013786569,45705.08013786569,44482.65410507015,44822.21875,915317,0.0,0.0
2017-09-12 00:00:00+07:00,44550.56703405612,44958.04126349598,44414.74117608417,44822.21875,821230,0.0,0.0
2017-09-13 00:00:00+07:00,44958.03969975477,45501.339768269376,44822.21719098301,45229.69140625,506717,0.0,0.0
2017-09-14 00:00:00+07:00,45501.34129900773,48353.66424630929,45501.34129900773,46859.58984375,1179475,0.0,0.0
2017-09-15 00:00:00+07:00,46859.58863505796,47063.32741652826,46180.46605244203,46520.02734375,568480,0.0,0.0
2017-09-18 00:00:00+07:00,46791.6745642587,46791.6745642587,46112.55199824131,46452.11328125,542610,0.0,0.0
2017-09-19 00:00:00+07:00,46520.02777502872,46587.940702815096,45908.81476942725,46044.640625,914851,0.0,0.0
2017-09-20 00:00:00+07:00,45501.3405471849,46044.640625,44890.12754158342,46044.640625,748423,0.0,0.0
2017-09-21 00:00:00+07:00,45637.16864548573,46180.46875,45297.60733434284,46180.46875,379322,0.0,0.0
2017-09-22 00:00:00+07:00,45840.9014166582,46791.6757079012,45840.9014166582,46520.02734375,511647,0.0,0.0
2017-09-25 00:00:00+07:00,46520.02734375,46723.7661252203,46180.46605244203,46520.02734375,158368,0.0,0.0
2017-09-26 00:00:00+07:00,46723.76520746612,47538.71362838826,46723.76520746612,47199.15234375,798196,0.0,0.0
2017-09-27 00:00:00+07:00,47131.244035508615,48217.840921703166,46927.505238079306,48014.10546875,663589,0.0,0.0
2017-09-28 00:00:00+07:00,47674.54415084396,48557.40558408535,47674.54415084396,48014.10546875,627545,0.0,0.0
2017-09-29 00:00:00+07:00,47606.62986726424,48014.10410608236,46927.50390625,46927.50390625,438992,0.0,0.0
2017-10-02 00:00:00+07:00,46927.50064045875,47674.53948003388,46927.50064045875,47199.15234375,557449,0.0,0.0
2017-10-03 00:00:00+07:00,47199.156711525866,47267.06629915717,46452.11780282029,46723.76953125,337681,0.0,0.0
2017-10-04 00:00:00+07:00,46723.76520746612,47199.15234375,46316.28765252924,47199.15234375,555709,0.0,0.0
2017-10-05 00:00:00+07:00,47199.15602790475,47334.97854567626,46180.46875,46180.46875,1089485,0.0,0.0
2017-10-06 00:00:00+07:00,46180.46648057275,46180.46648057275,45908.81476942725,46044.640625,790531,0.0,0.0
2017-10-09 00:00:00+07:00,45908.81527228025,46520.028284576525,45637.1669026352,45840.90234375,473446,0.0,0.0
2017-10-10 00:00:00+07:00,45840.90227549055,45840.90227549055,45433.42804939176,45569.25390625,872679,0.0,0.0
2017-10-11 00:00:00+07:00,46044.64457875454,46520.03176960374,45976.73164513663,46316.29296875,1235692,0.0,0.0
2017-10-12 00:00:00+07:00,46520.02741667298,46995.41456303968,46180.46612483273,46791.67578125,906114,0.0,0.0
2017-10-13 00:00:00+07:00,46520.02761931594,47742.45028195127,46520.02761931594,47538.71484375,1584608,0.0,0.0
2017-10-16 00:00:00+07:00,47674.53833025378,48217.83503478183,46995.412432880126,47131.23828125,693152,0.0,0.0
2017-10-17 00:00:00+07:00,47199.15120543494,47402.88663351403,46791.67366032531,47131.23828125,391878,0.0,0.0
2017-10-18 00:00:00+07:00,47199.15234375,48149.92661631777,46859.587714635934,47199.15234375,778857,0.0,0.0
2017-10-19 00:00:00+07:00,47199.15636112618,48014.10485141301,47199.15636112618,47742.453125,800402,0.0,0.0
2017-10-20 00:00:00+07:00,47538.71828589109,48761.14103703851,47538.71828589109,48014.10546875,809581,0.0,0.0
2017-10-23 00:00:00+07:00,48082.01455867112,48217.83706829337,46248.37890625,46248.37890625,789623,0.0,0.0
2017-10-24 00:00:00+07:00,46044.64095863688,47334.9765625,45840.90217380146,47334.9765625,888565,0.0,0.0
2017-10-25 00:00:00+07:00,47267.06476519312,47674.542344613765,46995.416390055376,47402.890625,574128,0.0,0.0
2017-10-26 00:00:00+07:00,47334.97693422787,47470.80279185146,46520.0284774382,46587.94140625,655155,0.0,0.0
2017-10-27 00:00:00+07:00,46587.94097222222,47063.328125,46112.553819444445,47063.328125,344185,0.0,0.0
2017-10-30 00:00:00+07:00,47674.54013668161,50119.38543312223,47674.54013668161,49508.17578125,2733237,0.0,0.0
2017-10-31 00:00:00+07:00,49508.1766460207,50187.29923651353,48557.40234375,48557.40234375,1358372,0.0,0.0
2017-11-01 00:00:00+07:00,49372.35494900469,49779.82920651911,48896.96775782517,49576.09375,1057009,0.0,0.0
2017-11-02 00:00:00+07:00,49779.82464764318,50119.3859403952,48761.137424911234,49304.4375,927546,0.0,0.0
2017-11-03 00:00:00+07:00,49304.43546025183,49915.6484375,49168.609610979845,49915.6484375,720939,0.0,0.0
2017-11-06 00:00:00+07:00,50255.21388552356,51273.901150625206,50119.38802498307,50934.33984375,629134,0.0,0.0
2017-11-07 00:00:00+07:00,51749.284853145,51885.110704591214,50730.59765625,50730.59765625,819389,0.0,0.0
2017-11-08 00:00:00+07:00,50866.42388140262,52292.58529863821,50866.42388140262,52020.93359375,873978,0.0,0.0
2017-11-09 00:00:00+07:00,51613.46162977694,52292.58757711226,51477.639115890655,52156.76171875,687656,0.0,0.0
2017-11-10 00:00:00+07:00,52156.76171875,52360.500506293385,51613.46162977694,52156.76171875,659025,0.0,0.0
2017-11-13 00:00:00+07:00,52156.75891966859,53990.39453125,51817.19763646206,53990.39453125,855774,0.0,0.0
2017-11-14 00:00:00+07:00,54262.04800974031,54737.435159582245,53311.27371005644,54329.9609375,619325,0.0,0.0
2017-11-15 00:00:00+07:00,53650.83550199878,54126.22265625,53311.27420452674,54126.22265625,567307,0.0,0.0
2017-11-16 00:00:00+07:00,53786.65973509946,54397.86938320312,53515.00802974154,54262.046875,661584,0.0,0.0
2017-11-17 00:00:00+07:00,54262.04902012128,54533.697391742346,53447.09721630616,53922.484375,981996,0.0,0.0
2017-11-20 00:00:00+07:00,53854.57392689854,55348.64496357104,53515.00928722214,54873.2578125,655609,0.0,0.0
2017-11-21 00:00:00+07:00,54669.52462829259,56367.33786328178,54329.96331908517,55009.0859375,967019,0.0,0.0
2017-11-22 00:00:00+07:00,55688.21049754471,56978.54611560879,55416.558781441134,56163.59765625,860803,0.0,0.0
2017-11-23 00:00:00+07:00,56910.63049751361,56978.54342333056,54465.78189048217,54737.43359375,844200,0.0,0.0
2017-11-24 00:00:00+07:00,55009.08525088612,55009.08525088612,54194.136781169946,54465.78515625,800630,0.0,0.0
2017-11-27 00:00:00+07:00,54669.525751682806,55891.94849663439,54465.78695528615,55077.0,939106,0.0,0.0
2017-11-28 00:00:00+07:00,55144.91104714912,55348.6464921055,54194.13671875,54194.13671875,654751,0.0,0.0
2017-11-29 00:00:00+07:00,54669.52388294956,54669.52388294956,53447.09783530726,54194.13671875,915721,0.0,0.0
2017-11-30 00:00:00+07:00,54058.3097278604,55891.94541647571,53786.661358777965,54126.22265625,831164,0.0,0.0
2017-12-01 00:00:00+07:00,55009.08274263673,55688.20866608478,54737.43437994303,55552.3828125,660689,0.0,0.0
2017-12-04 00:00:00+07:00,55688.20859072709,56299.42158655565,55144.90852159902,55280.734375,999483,0.0,0.0
2017-12-05 00:00:00+07:00,55144.91040981353,57521.842858864,55144.91040981353,56163.59765625,1625594,0.0,0.0
2017-12-06 00:00:00+07:00,56367.3382079961,56978.54789941209,55552.38637864799,56571.0703125,881504,0.0,0.0
2017-12-07 00:00:00+07:00,56435.24974904914,58336.798396562815,56435.24974904914,57725.58203125,1118431,0.0,0.0
2017-12-08 00:00:00+07:00,58065.14289988088,58744.26546152494,57250.19448811768,58200.96875,907816,0.0,0.0
2017-12-11 00:00:00+07:00,57386.02433729876,58268.88573564551,56367.33707936759,56503.15625,1045549,0.0,0.0
2017-12-12 00:00:00+07:00,57046.457590317,59083.83203125,55484.47029596997,59083.83203125,1706330,0.0,0.0
2017-12-13 00:00:00+07:00,59423.38933760436,60034.605676660416,58676.35383437643,58812.1796875,1225479,0.0,0.0
2017-12-14 00:00:00+07:00,58812.18347730212,58812.18347730212,58065.14792593591,58268.88671875,1185893,0.0,0.0
2017-12-15 00:00:00+07:00,58268.88359266715,59151.74495854455,58268.88359266715,59083.83203125,421519,0.0,0.0
2017-12-18 00:00:00+07:00,59762.95399530207,62819.015625,59762.95399530207,62819.015625,1183257,0.0,0.0
2017-12-19 00:00:00+07:00,62207.80396011607,63158.57831486852,61392.85546875,61392.85546875,1066313,0.0,0.0
2017-12-20 00:00:00+07:00,61392.85022993564,64516.824754388734,61392.85022993564,62547.36328125,1050995,0.0,0.0
2017-12-21 00:00:00+07:00,62819.018398338296,64381.002400965015,62547.36667998513,62751.10546875,838539,0.0,0.0
2017-12-22 00:00:00+07:00,62886.93032766146,63701.87878080659,62139.89480302442,63226.48828125,451788,0.0,0.0
2017-12-25 00:00:00+07:00,63226.48628982143,64245.17349640547,63158.57336345238,64041.44140625,395775,0.0,0.0
2017-12-26 00:00:00+07:00,64788.48242763802,66214.640625,64448.91776686029,66214.640625,790884,0.0,0.0
2017-12-27 00:00:00+07:00,67912.44847196611,67912.44847196611,66554.20324833994,67097.5,844301,0.0,0.0
2017-12-28 00:00:00+07:00,67097.49886642917,67369.15058214583,65671.34073682054,67029.5859375,685551,0.0,0.0
2017-12-29 00:00:00+07:00,67301.23970046321,67301.23970046321,66078.81363150498,66146.7265625,910186,0.0,0.0
2018-01-02 00:00:00+07:00,65942.99641777921,66690.03199196837,63837.70887228512,64720.5703125,1788075,0.0,0.0
2018-01-03 00:00:00+07:00,64516.82959652379,66418.37828648009,64516.82959652379,66146.7265625,1330585,0.0,0.0
2018-01-04 00:00:00+07:00,66554.19837519924,69270.6953125,66554.19837519924,69270.6953125,1420840,0.0,0.0
2018-01-05 00:00:00+07:00,69678.17936525623,70289.38905927568,67912.44983673483,68184.1015625,1046192,0.0,0.0
2018-01-08 00:00:00+07:00,67912.44983673483,69202.78884516719,67233.3272112741,68184.1015625,920537,0.0,0.0
2018-01-09 00:00:00+07:00,69270.6953125,70221.46957500285,68184.09519978939,69270.6953125,981051,0.0,0.0
2018-01-10 00:00:00+07:00,70628.94958720807,71308.07217296437,69813.99445755838,69949.8203125,1140368,0.0,0.0
2018-01-11 00:00:00+07:00,70289.38722651148,70628.95187486394,68659.49029232367,70085.6484375,879223,0.0,0.0
2018-01-12 00:00:00+07:00,70017.73849383043,70357.30315666409,67912.45096216635,68252.015625,1323009,0.0,0.0
2018-01-15 00:00:00+07:00,68252.01036184643,69406.5234375,66961.67143153342,69406.5234375,1220777,0.0,0.0
2018-01-16 00:00:00+07:00,69813.99233465998,70561.03451412286,69134.8697695544,70289.3828125,1719051,0.0,0.0
2018-01-17 00:00:00+07:00,69949.81972969913,70764.76816360714,67844.5390625,67844.5390625,1282061,0.0,0.0
2018-01-18 00:00:00+07:00,67233.32385538555,67980.359375,65739.25281615664,67980.359375,1279942,0.0,0.0
2018-01-19 00:00:00+07:00,67844.53663275504,68591.57211300418,67233.3203125,67233.3203125,1014977,0.0,0.0
2018-01-22 00:00:00+07:00,67233.32273714498,71919.28125,66554.20015687734,71919.28125,2284585,0.0,0.0
2018-01-25 00:00:00+07:00,76401.51571636533,76944.8125,75382.82839421697,76944.8125,1457880,0.0,0.0
2018-01-26 00:00:00+07:00,80679.99065937471,81494.93911406206,76061.9449568451,79050.09375,2802225,0.0,0.0
2018-01-29 00:00:00+07:00,80747.90578666933,80747.90578666933,78099.32156458004,78710.53125,1172302,0.0,0.0
2018-01-30 00:00:00+07:00,77420.19126120488,79321.73991237766,76401.5106949606,79118.0078125,1477005,0.0,0.0
2018-01-31 00:00:00+07:00,78099.31971308864,84618.9140625,77420.19042433084,84618.9140625,2907645,0.0,0.0
2018-02-01 00:00:00+07:00,84618.92047615215,84618.92047615215,80815.82292666218,82989.0234375,1491730,0.0,0.0
2018-02-02 00:00:00+07:00,82989.01765145938,84211.43700074452,81494.93989606915,82174.0625,707802,0.0,0.0
2018-02-05 00:00:00+07:00,80204.6131779545,81359.11967799148,76469.421875,76469.421875,1364297,0.0,0.0
2018-02-06 00:00:00+07:00,71172.2421875,74364.12952652956,71172.2421875,71172.2421875,1329829,0.0,0.0
2018-02-07 00:00:00+07:00,73277.53714628235,75926.12137565234,72462.58866716482,74703.6953125,892751,0.0,0.0
2018-02-08 00:00:00+07:00,71308.07574477342,73277.53736217327,70628.953125,70628.953125,862720,0.0,0.0
2018-02-09 00:00:00+07:00,65739.25,67912.44353769599,65739.25,65739.25,1590659,0.0,0.0
2018-02-12 00:00:00+07:00,64652.65013753498,70289.3828125,64652.65013753498,70289.3828125,1691555,0.0,0.0
2018-02-13 00:00:00+07:00,71511.80968135888,74024.5678861574,71511.80968135888,73345.4453125,682323,0.0,0.0
2018-02-21 00:00:00+07:00,74703.69342236881,77284.37134472287,73956.65789282504,76061.9453125,697817,0.0,0.0
2018-02-22 00:00:00+07:00,74703.69236537429,74907.43114935402,71987.1953125,71987.1953125,763312,0.0,0.0
2018-02-23 00:00:00+07:00,74024.56846560152,75722.37825751083,72802.14247228806,75382.8203125,943216,0.0,0.0
2018-02-26 00:00:00+07:00,75722.3753264948,80136.68864133448,75722.3753264948,76741.0625,1116049,0.0,0.0
2018-02-27 00:00:00+07:00,78778.44266405884,78778.44266405884,76469.41644989341,77080.6328125,767296,0.0,0.0
2018-02-28 00:00:00+07:00,76401.50697075923,77556.01333994672,75722.37770776462,77352.28125,909442,0.0,0.0
2018-03-01 00:00:00+07:00,76741.07074655443,79729.21966401112,76061.94812088995,78778.4453125,1103240,0.0,0.0
2018-03-02 00:00:00+07:00,77420.18046131522,80136.6838888623,77420.18046131522,79457.5546875,1164158,0.0,0.0
2018-03-05 00:00:00+07:00,80815.81689453125,81698.67828198335,76061.9453125,76061.9453125,1036333,0.0,0.0
2018-03-06 00:00:00+07:00,78099.30966267752,79593.38052777246,76741.05794890398,79457.5546875,1016275,0.0,0.0
2018-03-07 00:00:00+07:00,79457.56321290132,80000.86663228493,75722.37896044624,77963.4921875,905610,0.0,0.0
2018-03-08 00:00:00+07:00,76808.98458006371,79389.65593905794,76808.98458006371,77827.671875,380267,0.0,0.0
2018-03-09 00:00:00+07:00,77963.4939453125,78438.87775903966,76061.9453125,76061.9453125,764762,0.0,0.0
2018-03-12 00:00:00+07:00,78778.43977162996,79321.7364961584,77420.18792688129,78914.265625,636370,0.0,0.0
2018-03-13 00:00:00+07:00,78914.26088229052,78914.26088229052,77352.27704031298,78099.3125,274947,0.0,0.0
2018-03-14 00:00:00+07:00,78099.32190678887,80476.25441735006,77827.67018365543,80272.515625,1028908,0.0,0.0
2018-03-15 00:00:00+07:00,79457.56539532462,82174.0625,78778.44279139377,82174.0625,728668,0.0,0.0
2018-03-16 00:00:00+07:00,82174.065708939,86927.9375,81359.11721460742,86927.9375,1553141,0.0,0.0
2018-03-19 00:00:00+07:00,86248.80501375455,87946.61474034647,85909.24708180704,87267.4921875,917045,0.0,0.0
2018-03-20 00:00:00+07:00,85909.2521408955,87607.06196746932,85569.6875,85569.6875,781328,0.0,0.0
2018-03-21 00:00:00+07:00,86927.9295292534,88014.52965171181,85909.24902145973,86384.6328125,783471,0.0,0.0
2018-03-22 00:00:00+07:00,88150.36220674713,91613.90161465504,87471.23958692195,90866.859375,1132438,0.0,0.0
2018-03-23 00:00:00+07:00,87946.61635794678,89644.43280471806,87267.49379260922,88897.390625,910438,0.0,0.0
2018-03-26 00:00:00+07:00,88286.18295778552,92225.10596486877,88014.53125,88014.53125,1210829,0.0,0.0
2018-03-27 00:00:00+07:00,89644.43657913827,90323.55917306984,85433.86178106844,86112.984375,1077395,0.0,0.0
2018-03-28 00:00:00+07:00,86180.8917635771,86588.3693071145,85230.11751760797,86248.8046875,530659,0.0,0.0
2018-03-29 00:00:00+07:00,86248.80794348172,86384.63379645508,85230.12073513318,85909.25,320245,0.0,0.0
2018-03-30 00:00:00+07:00,86248.81209510526,89440.6997267671,85909.25413527877,89236.9609375,801827,0.0,0.0
2018-04-02 00:00:00+07:00,89644.43384204914,92632.57583969268,89440.6950634048,92428.84375,1023461,0.0,0.0
2018-04-03 00:00:00+07:00,92428.84198198398,92428.84198198398,90323.5546875,90323.5546875,1082274,0.0,0.0
2018-04-04 00:00:00+07:00,91613.90102472424,91681.80726621258,87607.0648845479,88286.1875,1073033,0.0,0.0
2018-04-05 00:00:00+07:00,88286.18636706893,88965.3089738062,85977.16013962943,88218.2734375,1297303,0.0,0.0
2018-04-06 00:00:00+07:00,88286.18523239218,90255.64678667505,87267.49799090272,88150.359375,412416,0.0,0.0
2018-04-09 00:00:00+07:00,86995.84627611835,88965.3078304012,86927.93334742225,88150.359375,703289,0.0,0.0
2018-04-10 00:00:00+07:00,88286.18966051181,89304.876953095,87946.625,87946.625,938362,0.0,0.0
2018-04-11 00:00:00+07:00,89304.86956852731,89983.99214444244,85909.25,85909.25,1162872,0.0,0.0
2018-04-12 00:00:00+07:00,86927.92580633689,88625.7421875,85569.680728148,88625.7421875,1060943,0.0,0.0
2018-04-13 00:00:00+07:00,89644.4413997082,89644.4413997082,85569.69223909813,86927.9375,877609,0.0,0.0
2018-04-16 00:00:00+07:00,87946.62582994693,87946.62582994693,85705.51911627653,86452.5546875,478994,0.0,0.0
2018-04-17 00:00:00+07:00,86248.81486954907,87335.4150916419,84211.44028924403,86927.9375,1232464,0.0,0.0
2018-04-18 00:00:00+07:00,87742.89175627718,88082.4497234391,86316.72688955025,87810.8046875,1039157,0.0,0.0
2018-04-19 00:00:00+07:00,88829.4852779379,89780.25962610514,86995.84951282623,87810.8046875,1452825,0.0,0.0
2018-04-20 00:00:00+07:00,87063.75669259182,91002.6796875,87063.75669259182,91002.6796875,1194213,0.0,0.0
2018-04-23 00:00:00+07:00,90798.93660662104,92360.92715862476,84686.8203125,84686.8203125,1166162,0.0,0.0
2018-04-24 00:00:00+07:00,84686.82444177683,87946.61817386653,80136.69178884645,87471.234375,809682,0.0,0.0
2018-04-26 00:00:00+07:00,87539.15385829634,87946.62476085026,81359.1171875,81359.1171875,1355624,0.0,0.0
2018-04-27 00:00:00+07:00,78778.44463514151,81291.20301076118,75722.3828125,75722.3828125,1201992,0.0,0.0
2018-05-02 00:00:00+07:00,71308.08021777103,73345.45489384343,70425.21875,70425.21875,358269,0.0,0.0
2018-05-03 00:00:00+07:00,65535.51171875,67912.44404979609,65535.51171875,65535.51171875,1906886,0.0,0.0
2018-05-04 00:00:00+07:00,66554.203125,69134.8743962688,65603.42879464285,66554.203125,865078,0.0,0.0
2018-05-07 00:00:00+07:00,68591.57305526023,70289.3828125,67029.58245988033,70289.3828125,663602,0.0,0.0
2018-05-08 00:00:00+07:00,70289.38494985404,71987.19475872067,69270.6977267437,69949.8203125,1006681,0.0,0.0
2018-05-09 00:00:00+07:00,70628.95794897198,74567.87476384835,70289.39327141686,73005.890625,1249118,0.0,0.0
2018-05-10 00:00:00+07:00,74771.60276733871,76401.50629516129,71308.0703125,71308.0703125,1109002,0.0,0.0
2018-05-11 00:00:00+07:00,71308.07253410717,75450.734375,69610.26271664191,75450.734375,1053567,0.0,0.0
2018-05-14 00:00:00+07:00,75518.64284072848,80136.6953125,75518.64284072848,80136.6953125,778945,0.0,0.0
2018-05-15 00:00:00+07:00,80815.82361340123,82513.63360050386,80544.171875,80544.171875,855837,0.0,0.0
2018-05-16 00:00:00+07:00,78778.44474584913,81630.76777986584,78778.44474584913,81291.203125,764926,0.0,0.0
2018-05-17 00:00:00+07:00,82174.0651297745,82853.19444439115,78778.4453125,78778.4453125,508885,0.0,0.0
2018-05-18 00:00:00+07:00,78778.43503708355,79457.55757416708,74092.47682219965,78099.3125,984504,0.0,0.0
2018-05-21 00:00:00+07:00,79797.12295978359,79797.12295978359,73685.0,73685.0,556995,0.0,0.0
2018-05-22 00:00:00+07:00,73345.44602640894,75043.25582155392,69406.52302074351,71919.28125,736547,0.0,0.0
2018-05-23 00:00:00+07:00,71647.64377599044,76944.8125,71308.0791056235,76944.8125,756505,0.0,0.0
2018-05-24 00:00:00+07:00,77080.63723672961,78167.23747700187,73413.36560640599,76876.8984375,360160,0.0,0.0
2018-05-25 00:00:00+07:00,74703.69340426404,75382.82269364099,71511.8125,71511.8125,605116,0.0,0.0
2018-05-28 00:00:00+07:00,66554.203125,67912.44834610904,66554.203125,66554.203125,604978,0.0,0.0
2018-05-29 00:00:00+07:00,61936.15914767372,67844.54409276789,61936.15914767372,65195.953125,1564714,0.0,0.0
2018-05-30 00:00:00+07:00,65195.953321450674,65195.953321450674,60645.8203125,60645.8203125,1483549,0.0,0.0
2018-05-31 00:00:00+07:00,61800.333058909135,63158.57831486852,61392.85546875,61392.85546875,1360226,0.0,0.0
2018-06-01 00:00:00+07:00,62479.450992049664,63362.31234876884,62139.893048051024,62819.015625,852874,0.0,0.0
2018-06-04 00:00:00+07:00,63090.66897641516,63566.05278598931,61800.330026510695,62683.19140625,1195248,0.0,0.0
2018-06-05 00:00:00+07:00,62479.45314400552,67029.5859375,62411.54021507636,67029.5859375,1733650,0.0,0.0
2018-06-06 00:00:00+07:00,68591.57402691593,70153.55795547104,67233.32218851242,69881.90625,769262,0.0,0.0
2018-06-07 00:00:00+07:00,69949.81620661837,69949.81620661837,65875.07424230613,67640.796875,1538995,0.0,0.0
2018-06-08 00:00:00+07:00,67572.89257915867,68591.57987253962,65195.95333161906,66214.640625,1117372,0.0,0.0
2018-06-11 00:00:00+07:00,65195.949982450256,67844.54082255179,64584.74031340092,66010.8984375,731844,0.0,0.0
2018-06-12 00:00:00+07:00,64924.30753859096,65739.2560260489,61800.332762542064,62615.28125,1229539,0.0,0.0
2018-06-13 00:00:00+07:00,63158.57755390624,65603.4296875,63158.57755390624,65603.4296875,732992,0.0,0.0
2018-06-14 00:00:00+07:00,65875.08158497476,66554.20420656564,63837.70703125,63837.70703125,556225,0.0,0.0
2018-06-15 00:00:00+07:00,63837.70292707892,65128.03515625,63837.70292707892,65128.03515625,535538,0.0,0.0
2018-06-18 00:00:00+07:00,64516.83079449344,64720.56959126159,61121.2109375,61121.2109375,1013993,0.0,0.0
2018-06-19 00:00:00+07:00,60102.5192517165,60781.641835710245,56842.71880843335,59083.83203125,2191027,0.0,0.0
2018-06-20 00:00:00+07:00,59762.95603551547,62479.453125,58065.14619070663,62479.453125,743884,0.0,0.0
2018-06-21 00:00:00+07:00,62479.45376821824,62479.45376821824,60102.521298806016,60509.9921875,534516,0.0,0.0
2018-06-22 00:00:00+07:00,59151.74454509025,62547.36413027631,59083.83161827039,61596.58984375,1202168,0.0,0.0
2018-06-25 00:00:00+07:00,63769.78960896358,64177.26047763955,61800.328125,61800.328125,705319,0.0,0.0
2018-06-26 00:00:00+07:00,59762.95898133127,61460.768909828,59762.95898133127,61121.2109375,457146,0.0,0.0
2018-06-27 00:00:00+07:00,62411.54045095731,62819.01802607235,61121.20817433027,61257.02734375,957513,0.0,0.0
2018-06-28 00:00:00+07:00,60374.16376213392,60781.641322460426,59083.83153233675,59287.5703125,533431,0.0,0.0
2018-06-29 00:00:00+07:00,59287.57108887687,60442.07748035025,58404.703029941535,60102.51953125,481414,0.0,0.0
2018-07-02 00:00:00+07:00,59083.83118912941,60645.81511673764,57114.36970356166,60034.60546875,985413,0.0,0.0
2018-07-03 00:00:00+07:00,60034.60731618127,60102.52024459773,56367.3359375,56367.3359375,693732,0.0,0.0
2018-07-04 00:00:00+07:00,57046.45611353621,57453.92697780341,52903.797756093925,53990.39453125,1092675,0.0,0.0
2018-07-05 00:00:00+07:00,53990.39932402487,54669.525295200336,50255.21484375,50255.21484375,977356,0.0,0.0
2018-07-06 00:00:00+07:00,49576.09134747356,53718.75,47538.71681415929,53718.75,938451,0.0,0.0
2018-07-09 00:00:00+07:00,53990.39453125,56910.63026246327,53990.39453125,53990.39453125,629247,0.0,0.0
2018-07-10 00:00:00+07:00,54669.52223182256,56367.335392387125,54329.9609375,54329.9609375,696027,0.0,0.0
2018-07-11 00:00:00+07:00,52971.70923020101,54329.96110051851,51681.37363232291,52835.88671875,776865,0.0,0.0
2018-07-12 00:00:00+07:00,51953.02609188222,54262.04895349183,51681.37437611875,53650.8359375,298799,0.0,0.0
2018-07-13 00:00:00+07:00,53650.8342402165,55688.20866608478,53650.8342402165,55552.3828125,525351,0.0,0.0
2018-07-16 00:00:00+07:00,55688.21024148302,56027.77154057517,54465.784213589744,55144.91015625,276585,0.0,0.0
2018-07-17 00:00:00+07:00,54058.31016666923,54194.13602455096,52971.70999256731,53650.8359375,653919,0.0,0.0
2018-07-18 00:00:00+07:00,54329.96146291,56367.3359375,53990.3968208277,56367.3359375,878517,0.0,0.0
2018-07-19 00:00:00+07:00,57046.46319456735,57793.498779244495,56571.07265680307,57182.2890625,574671,0.0,0.0
2018-07-20 00:00:00+07:00,57046.459044634685,57046.459044634685,55756.1234265706,56163.59765625,687543,0.0,0.0
2018-07-23 00:00:00+07:00,57182.28466149415,58472.61692963969,56706.89416031807,57453.9296875,843406,0.0,0.0
2018-07-24 00:00:00+07:00,57657.67074391342,58404.7063005089,55959.86083648219,57589.7578125,512013,0.0,0.0
2018-07-25 00:00:00+07:00,58065.14475109352,58676.3544071644,56774.80582277526,56842.71875,502393,0.0,0.0
2018-07-26 00:00:00+07:00,57114.372608859885,57657.66935815739,55959.85949153167,56435.25,401006,0.0,0.0
2018-07-27 00:00:00+07:00,57386.0257072119,58065.148332393954,56638.98346166425,57589.7578125,414017,0.0,0.0
2018-07-30 00:00:00+07:00,57929.32167621852,59015.921875,57046.46026888708,59015.921875,688590,0.0,0.0
2018-07-31 00:00:00+07:00,59423.39012386886,60713.72905666428,58540.52875583573,59627.12890625,909052,0.0,0.0
2018-08-01 00:00:00+07:00,59627.13128472569,61324.94116105578,59151.74746249217,60238.34765625,891250,0.0,0.0
2018-08-02 00:00:00+07:00,60645.81506734003,62139.89275635636,59830.86664103642,61800.328125,905572,0.0,0.0
2018-08-03 00:00:00+07:00,62139.892708553714,64788.47676424087,62139.892708553714,63566.05078125,1092978,0.0,0.0
2018-08-06 00:00:00+07:00,64109.3463391699,65875.0756998844,63158.57207830127,65263.859375,1002433,0.0,0.0
2018-08-07 00:00:00+07:00,65535.516929703255,65535.516929703255,63633.968238087095,63837.70703125,1022578,0.0,0.0
2018-08-08 00:00:00+07:00,64584.74153433506,66554.203125,64516.828604384405,66554.203125,1124836,0.0,0.0
2018-08-09 00:00:00+07:00,66214.64072419898,66893.77004677187,65263.86636154918,66690.03125,722692,0.0,0.0
2018-08-10 00:00:00+07:00,66690.0279818061,67097.49886642917,66010.89869251444,67029.5859375,721027,0.0,0.0
2018-08-13 00:00:00+07:00,66554.20069476674,69949.8203125,66146.72312994189,69949.8203125,697011,0.0,0.0
2018-08-14 00:00:00+07:00,69949.81770856549,70357.29525822168,67912.44333818762,68727.3984375,503099,0.0,0.0
2018-08-15 00:00:00+07:00,68727.39883366195,69270.6955473837,64516.82421875,64516.82421875,832324,0.0,0.0
2018-08-16 00:00:00+07:00,63158.57064968639,65128.0320518626,61121.20301301058,64177.2578125,1168078,0.0,0.0
2018-08-17 00:00:00+07:00,65875.08078559152,65942.9937158217,64788.48059086055,65331.77734375,353780,0.0,0.0
2018-08-20 00:00:00+07:00,65331.77929380648,66757.94418225728,65060.12756477732,66690.03125,431617,0.0,0.0
2018-08-21 00:00:00+07:00,65942.99558533006,66554.20528577773,65399.69212808569,66214.640625,616287,0.0,0.0
2018-08-22 00:00:00+07:00,66893.76478664808,68252.00994708511,66622.11307898,67912.4453125,718077,0.0,0.0
2018-08-23 00:00:00+07:00,68591.57915114774,69406.52763949108,67301.24014271538,68184.1015625,419766,0.0,0.0
2018-08-24 00:00:00+07:00,67776.62642803737,69542.34915728206,67776.62642803737,68931.1328125,649936,0.0,0.0
2018-08-27 00:00:00+07:00,68523.66394178571,68727.40272933673,67912.44757913265,68048.2734375,569060,0.0,0.0
2018-08-28 00:00:00+07:00,68523.66207116534,69610.26221948917,67708.7136321604,69406.5234375,546165,0.0,0.0
2018-08-29 00:00:00+07:00,69406.52545449109,69678.17717170433,67776.62852911554,68523.6640625,467497,0.0,0.0
2018-08-30 00:00:00+07:00,68591.57335139785,71308.0703125,67912.44409440861,71308.0703125,912141,0.0,0.0
2018-08-31 00:00:00+07:00,71308.07217296437,72123.02061366227,69949.8203125,69949.8203125,482600,0.0,0.0
2018-09-04 00:00:00+07:00,69949.8203125,70628.94958720807,69066.95894433129,69949.8203125,545888,0.0,0.0
2018-09-05 00:00:00+07:00,68931.13367876889,69949.82091058927,66893.76590407999,67980.359375,640531,0.0,0.0
2018-09-06 00:00:00+07:00,67912.44757913265,68931.13482793579,67233.32497624787,68048.2734375,324078,0.0,0.0
2018-09-07 00:00:00+07:00,67369.15307415668,68591.57915114774,67165.4142798328,68184.1015625,464194,0.0,0.0
2018-09-10 00:00:00+07:00,68184.0905057858,69474.42930497717,68184.0905057858,68455.7421875,248888,0.0,0.0
2018-09-11 00:00:00+07:00,67912.44380120307,70289.3828125,67912.44380120307,70289.3828125,584138,0.0,0.0
2018-09-12 00:00:00+07:00,71308.0732398787,75111.17047933889,70628.95064396135,74024.5703125,1562621,0.0,0.0
2018-09-13 00:00:00+07:00,74160.39373867921,76401.50692738577,72462.58396005988,73345.4453125,595523,0.0,0.0
2018-09-14 00:00:00+07:00,72734.22897615185,74499.95836998374,72326.75810753807,73345.4453125,633521,0.0,0.0
2018-09-17 00:00:00+07:00,73345.44771658265,75246.99633631275,72802.14428868725,74024.5703125,866502,0.0,0.0
2018-09-18 00:00:00+07:00,73345.4467228826,74567.86604118186,72802.14330234799,74432.046875,337908,0.0,0.0
2018-09-19 00:00:00+07:00,76061.94644503464,76673.1561257708,75382.82383433313,76129.859375,852433,0.0,0.0
2018-09-20 00:00:00+07:00,76741.07074655443,79050.09703834666,76469.41902070776,78778.4453125,874117,0.0,0.0
2018-09-21 00:00:00+07:00,78506.79245854265,79321.74093541996,77623.93105117955,78710.53125,581957,0.0,0.0
2018-09-24 00:00:00+07:00,78710.52824646064,80136.69304328854,78710.52824646064,80000.8671875,428150,0.0,0.0
2018-09-25 00:00:00+07:00,81427.02760112556,81427.02760112556,80136.6953125,80136.6953125,519286,0.0,0.0
2018-09-26 00:00:00+07:00,80136.70078509656,80679.99757178547,79525.484375,79525.484375,412971,0.0,0.0
2018-09-27 00:00:00+07:00,80000.86819751003,80068.7811262617,77895.580784112,79593.390625,487126,0.0,0.0
2018-09-28 00:00:00+07:00,80136.6937922142,80136.6937922142,78574.703125,78574.703125,361319,0.0,0.0
2018-10-01 00:00:00+07:00,78642.61778832746,81427.0278525812,78642.61778832746,81223.2890625,621897,0.0,0.0
2018-10-02 00:00:00+07:00,81359.11192108374,83871.87686148123,81291.19899356208,82513.625,650162,0.0,0.0
2018-10-03 00:00:00+07:00,82106.15104091307,83532.30908741501,82038.2381159414,83328.5703125,389055,0.0,0.0
2018-10-04 00:00:00+07:00,84890.5667969091,84890.5667969091,83532.3148920429,84211.4375,287315,0.0,0.0
2018-10-05 00:00:00+07:00,82785.27642958755,83939.78950459202,81494.9375,81494.9375,508684,0.0,0.0
2018-10-08 00:00:00+07:00,79797.13041964686,80679.99181562335,78914.26902367035,79118.0078125,438349,0.0,0.0
2018-10-09 00:00:00+07:00,81494.93849539547,81494.93849539547,80068.78038275722,81019.5546875,214230,0.0,0.0
2018-10-10 00:00:00+07:00,81494.93989606915,82241.97542928827,81019.55608000314,82174.0625,233595,0.0,0.0
2018-10-11 00:00:00+07:00,76605.24774299316,79321.74503599899,76469.421875,76469.421875,1190393,0.0,0.0
2018-10-12 00:00:00+07:00,76469.41325909231,81427.0234375,73345.44540304094,81427.0234375,932236,0.0,0.0
2018-10-15 00:00:00+07:00,80136.68680020192,81494.931874369,78099.3125,78099.3125,596846,0.0,0.0
2018-10-16 00:00:00+07:00,78099.31510526204,80408.3344839516,78031.4021803931,79321.734375,399279,0.0,0.0
2018-10-17 00:00:00+07:00,80815.82344069582,81155.38811297169,79321.74557163448,79525.484375,1124647,0.0,0.0
2018-10-18 00:00:00+07:00,78846.35802390176,79118.00974899024,77759.7578125,77759.7578125,305671,0.0,0.0
2018-10-19 00:00:00+07:00,74703.69342236881,77284.37134472287,74703.69342236881,76061.9453125,825037,0.0,0.0
2018-10-22 00:00:00+07:00,76741.06791308963,77827.66808740419,76061.9453125,76061.9453125,431138,0.0,0.0
2018-10-23 00:00:00+07:00,76061.94943305998,76061.94943305998,72055.11316350724,74296.2265625,484730,0.0,0.0
2018-10-24 00:00:00+07:00,72734.23356300857,73549.18872953317,69134.875,69134.875,1006215,0.0,0.0
2018-10-25 00:00:00+07:00,65875.08108971002,69270.70086108743,64584.7420983315,69134.875,877041,0.0,0.0
2018-10-26 00:00:00+07:00,70628.95278300966,70832.68488568872,69134.875,69134.875,686698,0.0,0.0
2018-10-29 00:00:00+07:00,68999.04603360829,69066.95896109559,64856.39090164241,65875.078125,607222,0.0,0.0
2018-10-30 00:00:00+07:00,65603.42350305617,67572.88493486392,65331.77180516504,67233.3203125,663753,0.0,0.0
2018-10-31 00:00:00+07:00,68252.01392236483,70628.953125,67912.44926800205,70628.953125,651360,0.0,0.0
2018-11-01 00:00:00+07:00,69949.82003151836,70221.4717403104,68795.31364705574,68931.1328125,356087,0.0,0.0
2018-11-02 00:00:00+07:00,68795.31167296229,69881.90509904691,67572.88570742762,69746.0859375,838552,0.0,0.0
2018-11-05 00:00:00+07:00,68931.13407248494,69610.26335687876,67844.5405953586,69474.4375,580381,0.0,0.0
2018-11-06 00:00:00+07:00,70425.20719282697,70900.59097178935,68999.04247803694,69202.78125,520711,0.0,0.0
2018-11-07 00:00:00+07:00,68455.75545950071,69270.70397369204,67301.24227733283,67776.6328125,763060,0.0,0.0
2018-11-08 00:00:00+07:00,69270.6983190263,69270.6983190263,67980.359375,67980.359375,289055,0.0,0.0
2018-11-09 00:00:00+07:00,67640.79871726688,67640.79871726688,64516.82421875,64516.82421875,859253,0.0,0.0
2018-11-12 00:00:00+07:00,64516.829482453,66146.72644554744,63498.14220828096,65603.4296875,552317,0.0,0.0
2018-11-13 00:00:00+07:00,63430.22054860368,64380.9947610622,63226.48178401588,63769.78515625,552582,0.0,0.0
2018-11-14 00:00:00+07:00,62479.45338014315,63498.14062897879,60442.07888247189,61257.02734375,1018343,0.0,0.0
2018-11-15 00:00:00+07:00,62411.54275519564,63158.57831486852,61189.12336262263,61392.85546875,772351,0.0,0.0
2018-11-16 00:00:00+07:00,62819.01446329901,64516.82421875,62004.0660482406,64516.82421875,732109,0.0,0.0
2018-11-19 00:00:00+07:00,64516.82725207168,65875.07913366295,64516.82725207168,65467.6015625,650591,0.0,0.0
2018-11-20 00:00:00+07:00,65060.120600038535,65807.16277489724,64584.73681407999,65263.859375,647326,0.0,0.0
2018-11-21 00:00:00+07:00,63837.69807777927,64177.2559964744,63294.39470554514,63769.78515625,925807,0.0,0.0
2018-11-22 00:00:00+07:00,63769.78891623477,64788.47611028623,63158.57258643293,63294.3984375,372917,0.0,0.0
2018-11-23 00:00:00+07:00,63158.57356899864,63566.05112853904,62547.36391863973,62819.015625,368971,0.0,0.0
2018-11-26 00:00:00+07:00,61528.6741524629,62275.70962496552,61257.02245738871,61664.5,842901,0.0,0.0
2018-11-27 00:00:00+07:00,62343.63211507118,62751.109720208,61324.9447911816,61528.68359375,668152,0.0,0.0
2018-11-28 00:00:00+07:00,61528.68204517805,62819.02107334988,61460.76911269783,62139.8984375,710109,0.0,0.0
2018-11-29 00:00:00+07:00,62615.27523122664,62615.27523122664,60509.98793910491,61189.1171875,1145940,0.0,0.0
2018-11-30 00:00:00+07:00,61257.02245738871,61936.1516950742,60917.46452749739,61664.5,551637,0.0,0.0
2018-12-03 00:00:00+07:00,63837.703678284815,65875.078125,63294.40025838648,65875.078125,1711411,0.0,0.0
2018-12-04 00:00:00+07:00,65875.07634702156,66214.6342863415,64856.38915115849,65535.51171875,1072680,0.0,0.0
2018-12-05 00:00:00+07:00,64856.38851402861,65535.51107494862,64177.25926415705,65263.859375,1047692,0.0,0.0
2018-12-06 00:00:00+07:00,64856.38998736973,65807.16426983709,63973.52863143231,64584.73828125,1047995,0.0,0.0
2018-12-07 00:00:00+07:00,64516.82227988919,65739.24821021622,64516.82227988919,65399.68359375,1180194,0.0,0.0
2018-12-10 00:00:00+07:00,65535.512508775726,67233.32229269728,65331.77372935673,66350.4609375,1282389,0.0,0.0
2018-12-11 00:00:00+07:00,65875.0756998844,66078.80778589433,65195.946450012845,65263.859375,773840,0.0,0.0
2018-12-12 00:00:00+07:00,65263.86177761437,66282.54900097197,65263.86177761437,65875.078125,587529,0.0,0.0
2018-12-13 00:00:00+07:00,65875.07925884379,66825.85357107884,65739.25340153137,65942.9921875,812077,0.0,0.0
2018-12-14 00:00:00+07:00,66078.80828733614,66554.19876585375,64856.38900619405,65060.12109375,736484,0.0,0.0
2018-12-17 00:00:00+07:00,65060.11878107335,65060.11878107335,63158.5703125,63158.5703125,1015973,0.0,0.0
2018-12-18 00:00:00+07:00,61800.33457516921,63498.14453125,61664.50870845037,63498.14453125,1032337,0.0,0.0
2018-12-19 00:00:00+07:00,63498.14036967569,63498.14036967569,61460.76588032431,62479.453125,1012140,0.0,0.0
2018-12-20 00:00:00+07:00,62207.80548637337,63498.14453125,62207.80548637337,63498.14453125,382297,0.0,0.0
2018-12-21 00:00:00+07:00,62479.45755115875,62751.10928603709,61800.33490291532,62275.71875,263424,0.0,0.0
2018-12-24 00:00:00+07:00,61868.24692949786,62004.072794945496,60442.08203125,60442.08203125,905673,0.0,0.0
2018-12-25 00:00:00+07:00,57386.02530550774,58744.27054636409,56706.89599612744,58268.88671875,956340,0.0,0.0
2018-12-26 00:00:00+07:00,58268.88455525709,58676.35543680397,55959.85836700125,56367.3359375,907425,0.0,0.0
2018-12-27 00:00:00+07:00,59083.8341800724,59559.21799947174,58268.88571185065,58744.26953125,700579,0.0,0.0
2018-12-28 00:00:00+07:00,58744.26676093821,59151.74432030892,57861.40540458672,58812.1796875,442523,0.0,0.0
2019-01-02 00:00:00+07:00,58472.6173082458,59015.920741679176,58472.6173082458,58948.0078125,526372,0.0,0.0
2019-01-03 00:00:00+07:00,58744.26581318842,59083.830440518985,57046.4560544388,57521.83984375,638450,0.0,0.0
2019-01-04 00:00:00+07:00,56910.632936408525,58065.14603582164,55959.85862317747,57386.0234375,424293,0.0,0.0
2019-01-07 00:00:00+07:00,58744.27117583148,59287.57462915743,58065.14854812626,58608.4453125,322539,0.0,0.0
2019-01-08 00:00:00+07:00,58608.43959440432,60238.34310640944,58608.43959440432,59966.69140625,756769,0.0,0.0
2019-01-09 00:00:00+07:00,60917.46321788291,61392.84698509145,60442.072761723095,61053.2890625,649898,0.0,0.0
2019-01-10 00:00:00+07:00,61732.4185924808,62615.27999359117,61460.7668724616,62004.0703125,864321,0.0,0.0
2019-01-11 00:00:00+07:00,62071.97983008509,62275.71191994724,61189.11847751021,61800.328125,426625,0.0,0.0
2019-01-14 00:00:00+07:00,61664.50593628047,61664.50593628047,60442.07987971826,60781.64453125,517294,0.0,0.0
2019-01-15 00:00:00+07:00,60781.64078003154,61460.76335223003,60781.64078003154,61324.9375,766993,0.0,0.0
2019-01-16 00:00:00+07:00,62071.98706726576,62071.98706726576,61324.9447911816,61528.68359375,250603,0.0,0.0
2019-01-17 00:00:00+07:00,61800.33399677404,61800.33399677404,60442.08203125,60442.08203125,225262,0.0,0.0
2019-01-18 00:00:00+07:00,60781.64669486909,60985.385493040536,60238.34992203085,60442.08203125,286608,0.0,0.0
2019-01-21 00:00:00+07:00,61664.50049168015,61868.2392646103,60781.639164600965,61460.76171875,324771,0.0,0.0
2019-01-22 00:00:00+07:00,61664.50822843613,61732.421161266895,60917.47265625,60917.47265625,278577,0.0,0.0
2019-01-23 00:00:00+07:00,60849.5592084758,61460.768909828,60509.99454719556,61121.2109375,286949,0.0,0.0
2019-01-24 00:00:00+07:00,61189.12160171635,62004.07006962976,60985.3828125,60985.3828125,418783,0.0,0.0
2019-01-25 00:00:00+07:00,60713.73160094365,61324.941284748726,60645.8186706373,60781.64453125,410084,0.0,0.0
2019-01-28 00:00:00+07:00,61189.12211308809,61257.02835444237,60577.90574033095,60781.64453125,238751,0.0,0.0
2019-01-29 00:00:00+07:00,60170.4334700117,60442.07849606649,59423.391253743306,59695.04296875,390682,0.0,0.0
2019-01-30 00:00:00+07:00,59762.953125,60442.0756920592,59762.953125,59762.953125,272552,0.0,0.0
2019-01-31 00:00:00+07:00,60713.72905666428,60713.72905666428,59627.12890625,59627.12890625,412278,0.0,0.0
2019-02-01 00:00:00+07:00,59966.69190180324,60306.24984085705,59762.953125,59762.953125,478263,0.0,0.0
2019-02-11 00:00:00+07:00,60306.248694430615,61460.76171875,59627.12614028158,61460.76171875,647073,0.0,0.0
2019-02-12 00:00:00+07:00,61257.024714829815,62479.450698761066,61121.20555123893,61800.328125,786068,0.0,0.0
2019-02-13 00:00:00+07:00,62343.62192439019,63566.04785103058,62207.79607821332,63158.5703125,720725,0.0,0.0
2019-02-14 00:00:00+07:00,63226.4864955887,63633.96405512911,62683.18977181987,62819.015625,599406,0.0,0.0
2019-02-15 00:00:00+07:00,63022.75854755052,64041.445824412905,62819.01975438762,63837.70703125,1155963,0.0,0.0
2019-02-18 00:00:00+07:00,64856.39202806814,66146.7242948336,64516.82738473412,66010.8984375,1225227,0.0,0.0
2019-02-19 00:00:00+07:00,66010.90161933158,66486.29214291378,64856.39515425065,65195.953125,988401,0.0,0.0
2019-02-20 00:00:00+07:00,65195.953125,65399.69192082095,64584.74342648938,65195.953125,672112,0.0,0.0
2019-02-21 00:00:00+07:00,65195.949982450256,66214.63722350041,64992.21788540175,66010.8984375,1529489,0.0,0.0
2019-02-22 00:00:00+07:00,65603.42682430783,67776.62713955478,65263.862184753045,67437.0625,1105156,0.0,0.0
2019-02-25 00:00:00+07:00,68252.009796522,68591.57443035806,67233.32258396558,67369.1484375,740795,0.0,0.0
2019-02-26 00:00:00+07:00,66893.76663526281,67165.41166148613,65875.07939230767,66486.2890625,1159808,0.0,0.0
2019-02-27 00:00:00+07:00,66690.02684169555,67369.14943042523,66350.4622028548,66893.765625,599582,0.0,0.0
2019-02-28 00:00:00+07:00,67233.32801910606,68455.75411078501,66554.20538548542,66690.03125,1279262,0.0,0.0
2019-03-01 00:00:00+07:00,67572.8873668666,67912.4453125,66825.85185973106,67912.4453125,693140,0.0,0.0
2019-03-04 00:00:00+07:00,68727.40099592903,69949.8203125,68727.40099592903,69949.8203125,1341479,0.0,0.0
2019-03-05 00:00:00+07:00,68931.13654213825,71308.07574477342,68727.4044384727,70628.953125,1188364,0.0,0.0
2019-03-06 00:00:00+07:00,70017.736747147,70628.953125,68931.13654213825,70628.953125,765859,0.0,0.0
2019-03-07 00:00:00+07:00,70968.50753561033,71647.6368103184,69949.8203125,69949.8203125,802924,0.0,0.0
2019-03-08 00:00:00+07:00,69338.61367072619,69746.09125327796,68387.83933372411,68591.578125,904614,0.0,0.0
2019-03-11 00:00:00+07:00,68591.57687096938,68659.48980015305,67165.4120470642,68048.2734375,627078,0.0,0.0
2019-03-12 00:00:00+07:00,69270.6941739877,69270.6941739877,68048.26823116074,69202.78125,665695,0.0,0.0
2019-03-13 00:00:00+07:00,69949.81326231171,70221.46494481538,68591.5682276956,68999.0390625,570762,0.0,0.0
2019-03-14 00:00:00+07:00,69610.26335687876,70085.64716700255,68999.04700092433,69474.4375,940872,0.0,0.0
2019-03-15 00:00:00+07:00,69270.69074500367,69338.60366562958,68591.5682276956,68999.0390625,980142,0.0,0.0
2019-03-18 00:00:00+07:00,69202.78826562846,70968.51109041066,69202.78826562846,70628.953125,1335553,0.0,0.0
2019-03-19 00:00:00+07:00,71240.15707922845,71308.07000463417,69610.26024739441,70289.3828125,951323,0.0,0.0
2019-03-20 00:00:00+07:00,69949.82016718603,69949.82016718603,68659.4879258248,69406.5234375,747213,0.0,0.0
2019-03-21 00:00:00+07:00,70289.38184692079,70289.38184692079,67233.3203125,67233.3203125,869503,0.0,0.0
2019-03-22 00:00:00+07:00,67844.5390625,68184.09700807316,67029.58393964027,67844.5390625,902332,0.0,0.0
2019-03-25 00:00:00+07:00,65535.51809057834,66690.03125,64924.308389215,66690.03125,1103820,0.0,0.0
2019-03-26 00:00:00+07:00,67233.32445406422,67233.32445406422,65331.7758295941,65942.9921875,440139,0.0,0.0
2019-03-27 00:00:00+07:00,66961.67274988335,66961.67274988335,65942.99219778509,66010.8984375,468441,0.0,0.0
2019-03-28 00:00:00+07:00,65195.95673712782,66961.6796875,65195.95673712782,66961.6796875,429473,0.0,0.0
2019-03-29 00:00:00+07:00,67165.41508684876,67572.8926803925,66622.11831774272,66690.03125,322375,0.0,0.0
2019-04-01 00:00:00+07:00,66893.76492024503,68591.57471865797,66893.76492024503,68387.8359375,546846,0.0,0.0
2019-04-02 00:00:00+07:00,69338.61367072619,69678.17832285268,68591.578125,68591.578125,709984,0.0,0.0
2019-04-03 00:00:00+07:00,68659.48779265973,69202.78452129202,67980.35852067964,68931.1328125,598548,0.0,0.0
2019-04-04 00:00:00+07:00,69202.79122621535,69406.53002754923,68727.40737872204,68795.3203125,598397,0.0,0.0
2019-04-05 00:00:00+07:00,68795.31516060032,70493.125,68591.5763745239,70493.125,1439234,0.0,0.0
2019-04-08 00:00:00+07:00,71308.06741903813,72666.3125,71308.06741903813,72666.3125,1117233,0.0,0.0
2019-04-09 00:00:00+07:00,73345.44470556451,73345.44470556451,70968.50568400537,71308.0703125,889687,0.0,0.0
2019-04-10 00:00:00+07:00,70968.50794247889,71783.45638784897,70561.03706426977,71443.8984375,589836,0.0,0.0
2019-04-11 00:00:00+07:00,72123.01873193549,72123.01873193549,71308.0703125,71308.0703125,354751,0.0,0.0
2019-04-12 00:00:00+07:00,70968.50598177419,72870.05453141934,70425.20926285484,72326.7578125,496153,0.0,0.0
2019-04-16 00:00:00+07:00,71308.07371318691,71851.37045573656,70628.95111276188,71511.8125,381995,0.0,0.0
2019-04-17 00:00:00+07:00,71579.72568048297,73277.53553198796,71579.72568048297,72530.5,963488,0.0,0.0
2019-04-18 00:00:00+07:00,72326.76325484684,72666.32122136517,71511.81477066985,71715.546875,334541,0.0,0.0
2019-04-19 00:00:00+07:00,72666.32018958642,73073.79777036526,71919.28464711059,72123.0234375,279272,0.0,0.0
2019-04-22 00:00:00+07:00,72190.93782831394,74703.69622710288,72123.02489681,73752.921875,524026,0.0,0.0
2019-04-23 00:00:00+07:00,74703.69564500761,76673.15726537113,74364.137679086,76197.7734375,937606,0.0,0.0
2019-04-24 00:00:00+07:00,76061.9475755505,78031.40919591402,76061.9475755505,76197.7734375,569161,0.0,0.0
2019-04-25 00:00:00+07:00,76197.76579564124,77284.36589331021,75858.20117482236,76741.0625,391425,0.0,0.0
2019-04-26 00:00:00+07:00,76197.77130202317,77080.63269100022,76061.94544388025,76605.2421875,195584,0.0,0.0
2019-05-02 00:00:00+07:00,76061.95002713114,77759.75997831838,75994.03709396746,77420.1953125,289142,0.0,0.0
2019-05-03 00:00:00+07:00,76265.68195840465,77352.28210221577,75722.3785420232,76401.5078125,262705,0.0,0.0
2019-05-06 00:00:00+07:00,74703.68930146172,75722.37649062791,72462.58283645735,73277.53125,490051,0.0,0.0
2019-05-07 00:00:00+07:00,73888.73876978306,74567.86131344188,73345.44207264627,73685.0,511558,0.0,0.0
2019-05-08 00:00:00+07:00,73685.00567006538,74364.13495493462,71987.19583579605,74024.5703125,557714,0.0,0.0
2019-05-09 00:00:00+07:00,74024.56874629724,74024.56874629724,72258.84602089993,72394.671875,478187,0.0,0.0
2019-05-10 00:00:00+07:00,72394.66991124951,73617.08918708768,72394.66991124951,73277.53125,367358,0.0,0.0
2019-05-13 00:00:00+07:00,73345.44616474868,73345.44616474868,72326.75894794997,72394.671875,433571,0.0,0.0
2019-05-14 00:00:00+07:00,72326.76047823067,74024.5703125,71851.3699788222,74024.5703125,393492,0.0,0.0
2019-05-15 00:00:00+07:00,74024.57269472741,75246.99875787974,74024.57269472741,74703.6953125,389017,0.0,0.0
2019-05-16 00:00:00+07:00,76061.94838835685,76061.94838835685,74771.609375,74771.609375,280406,0.0,0.0
2019-05-17 00:00:00+07:00,75382.82689931293,75654.4719412671,74839.5234375,74839.5234375,367825,0.0,0.0
2019-05-20 00:00:00+07:00,75179.07862213605,76741.0625,74839.51400131716,76741.0625,562100,0.0,0.0
2019-05-21 00:00:00+07:00,76741.07008671384,76876.8959484693,75586.55695074453,75722.3828125,625566,0.0,0.0
2019-05-22 00:00:00+07:00,75722.3804107852,77080.63229630752,75043.2578125,75043.2578125,322413,0.0,0.0
2019-05-23 00:00:00+07:00,74703.69405178522,75043.25869941701,73005.88419153028,74092.484375,591992,0.0,0.0
2019-05-24 00:00:00+07:00,72666.31575346773,74092.48051017741,72326.7578125,72326.7578125,763552,0.0,0.0
2019-05-27 00:00:00+07:00,72666.32042505092,73413.36265889948,72326.76246225364,73141.7109375,247299,0.0,0.0
2019-05-28 00:00:00+07:00,73956.65381312693,73956.65381312693,72666.31492312935,73277.53125,330091,0.0,0.0
2019-05-29 00:00:00+07:00,73277.53916609696,73956.66180258883,73005.88743591931,73820.8359375,320724,0.0,0.0
2019-05-30 00:00:00+07:00,73820.83024992031,74092.48195916836,73345.446447688,73413.359375,133368,0.0,0.0
2019-05-31 00:00:00+07:00,72326.75736086397,73209.61870418975,70832.6796875,70832.6796875,466993,0.0,0.0
2019-06-03 00:00:00+07:00,69474.43508470536,69949.81887830232,67233.32190202235,68863.21875,769389,0.0,0.0
2019-06-04 00:00:00+07:00,68863.21776187669,69949.8178745873,67912.44349937384,69270.6953125,312025,0.0,0.0
2019-06-05 00:00:00+07:00,70289.38250010673,70425.20835031451,69270.6953125,69270.6953125,126572,0.0,0.0
2019-06-06 00:00:00+07:00,68591.58132669133,68591.58132669133,67776.6328125,67776.6328125,432878,0.0,0.0
2019-06-07 00:00:00+07:00,68591.5751409874,69949.8203125,67776.6267002895,69949.8203125,823424,0.0,0.0
2019-06-10 00:00:00+07:00,70628.94743952858,71036.4183030113,69949.81818547142,70289.3828125,379839,0.0,0.0
2019-06-11 00:00:00+07:00,70289.38847063722,70696.86605587255,69338.61412737358,70628.953125,546341,0.0,0.0
2019-06-12 00:00:00+07:00,70017.73295871637,70221.4717403104,68931.1328125,68931.1328125,280052,0.0,0.0
2019-06-13 00:00:00+07:00,67844.53935523538,69610.26208448008,67640.80057364136,68931.1328125,631516,0.0,0.0
2019-06-14 00:00:00+07:00,68931.13068698057,69678.17286312331,68931.13068698057,69270.6953125,228817,0.0,0.0
2019-06-17 00:00:00+07:00,69270.6941739877,69746.08464190151,68659.48454704993,69202.78125,148547,0.0,0.0
2019-06-18 00:00:00+07:00,68931.1328125,69202.78452129202,68659.48779265973,68931.1328125,198370,0.0,0.0
2019-06-19 00:00:00+07:00,70357.30581486742,70425.21875,69542.35728222897,70425.21875,223825,0.0,0.0
2019-06-20 00:00:00+07:00,70425.20671762755,71443.89388161777,69949.81625292145,71172.2421875,411017,0.0,0.0
2019-06-21 00:00:00+07:00,71647.640625,72055.11152256773,71308.07596956678,71647.640625,244929,0.0,0.0
2019-06-24 00:00:00+07:00,68591.57540860327,71443.89830665043,68591.57540860327,70968.5078125,178376,0.0,0.0
2019-06-25 00:00:00+07:00,70289.3828125,71308.07000463417,70153.55696168856,70289.3828125,378590,0.0,0.0
2019-06-26 00:00:00+07:00,70968.51007769312,71511.81351692064,70561.03918722451,71104.3359375,189104,0.0,0.0
2019-06-27 00:00:00+07:00,71511.81356663768,71647.63942653898,66554.203125,66554.203125,276700,0.0,0.0
2019-06-28 00:00:00+07:00,69270.70250514282,70357.30273067931,66214.640625,66214.640625,1254841,0.0,0.0
2019-07-01 00:00:00+07:00,69949.82820407192,70425.21875,68999.05380116831,70425.21875,450364,0.0,0.0
2019-07-02 00:00:00+07:00,70561.03125,70628.94417226409,69813.98910509495,70561.03125,314924,0.0,0.0
2019-07-03 00:00:00+07:00,69949.8203125,70085.64616744162,69338.61065421451,69949.8203125,253187,0.0,0.0
2019-07-04 00:00:00+07:00,69949.82257815902,70628.95187486394,69949.82257815902,70085.6484375,169979,0.0,0.0
2019-07-05 00:00:00+07:00,70493.13055558877,70493.13055558877,70085.65295132247,70357.3046875,279599,0.0,0.0
2019-07-08 00:00:00+07:00,70561.03665973726,70561.03665973726,69406.52358168532,69949.8203125,202014,0.0,0.0
2019-07-09 00:00:00+07:00,69949.82717360277,71240.1662331606,69678.18212602673,70900.6015625,283545,0.0,0.0
2019-07-10 00:00:00+07:00,71308.0704696628,71851.3671875,71308.0704696628,71851.3671875,513084,0.0,0.0
2019-07-11 00:00:00+07:00,72530.50101827885,72937.97191010565,72123.0234375,72123.0234375,250098,0.0,0.0
2019-07-12 00:00:00+07:00,72802.14146042884,72870.05438627745,71579.7221730572,71851.3671875,210246,0.0,0.0
2019-07-15 00:00:00+07:00,71647.63736148561,72190.93409647973,71308.07272151939,71987.1953125,190933,0.0,0.0
2019-07-16 00:00:00+07:00,71987.19983346666,72326.76449475835,71647.64186112722,72258.8515625,329838,0.0,0.0
2019-07-17 00:00:00+07:00,71919.28180453609,74024.56917744558,71647.63678370554,73956.65625,670851,0.0,0.0
2019-07-18 00:00:00+07:00,73956.65366222622,73956.65366222622,72666.31477486143,72802.140625,248081,0.0,0.0
2019-07-19 00:00:00+07:00,73005.88254344683,73005.88254344683,71851.36945651351,71987.1953125,377368,0.0,0.0
2019-07-22 00:00:00+07:00,71375.98890065342,72734.23414448205,71375.98890065342,71647.640625,159478,0.0,0.0
2019-07-23 00:00:00+07:00,71647.6408520742,73345.45075671695,71647.6408520742,72734.234375,208292,0.0,0.0
2019-07-24 00:00:00+07:00,72870.05681723329,73481.273170261,72394.6730093858,72462.5859375,205494,0.0,0.0
2019-07-25 00:00:00+07:00,72394.67103379898,73685.00325485287,71987.19347623354,73345.4453125,549822,0.0,0.0
2019-07-26 00:00:00+07:00,73345.4453125,74024.5678861574,73277.5323862391,73345.4453125,378251,0.0,0.0
2019-07-29 00:00:00+07:00,73481.27174021317,75382.8203125,73073.7941794581,75382.8203125,843368,0.0,0.0
2019-07-30 00:00:00+07:00,75382.8221932866,76401.50943163857,74024.5703125,74024.5703125,477367,0.0,0.0
2019-07-31 00:00:00+07:00,74024.57144547364,75043.25869941701,73752.91972736822,74092.484375,159553,0.0,0.0
2019-08-01 00:00:00+07:00,74635.78099263052,74635.78099263052,73209.62285295798,73549.1875,296379,0.0,0.0
2019-08-02 00:00:00+07:00,71987.1953125,72734.23083147385,71308.07272151939,71987.1953125,549972,0.0,0.0
2019-08-05 00:00:00+07:00,71715.54664105663,71987.19836454686,70561.04019412745,70628.953125,432815,0.0,0.0
2019-08-06 00:00:00+07:00,68727.39860062047,69949.8178745873,67912.44349937384,69270.6953125,516412,0.0,0.0
2019-08-07 00:00:00+07:00,69881.91262869697,69949.8255612637,67844.5447185519,68252.015625,273649,0.0,0.0
2019-08-08 00:00:00+07:00,67980.36175117233,70289.38800772827,67504.97792714734,68591.578125,500931,0.0,0.0
2019-08-09 00:00:00+07:00,68727.40737872204,69610.26882888311,68659.49444494408,68795.3203125,215188,0.0,0.0
2019-08-12 00:00:00+07:00,69406.52116270778,69949.8178745873,69270.6953125,69270.6953125,261394,0.0,0.0
2019-08-13 00:00:00+07:00,68659.48750858726,69134.8713080547,67844.5390745347,67912.4453125,755962,0.0,0.0
2019-08-14 00:00:00+07:00,69610.26424240101,69610.26424240101,68252.01234528676,68523.6640625,206716,0.0,0.0
2019-08-15 00:00:00+07:00,67233.32509468903,68523.6640625,67029.5863067791,68523.6640625,335940,0.0,0.0
2019-08-16 00:00:00+07:00,68455.75113319668,69134.87373727784,68319.92527459006,68523.6640625,470496,0.0,0.0
2019-08-19 00:00:00+07:00,69270.70086108743,69610.265513806,68591.57824460237,69134.875,224279,0.0,0.0
2019-08-20 00:00:00+07:00,69610.26236409774,70153.55909491242,69474.43650915613,69949.8203125,397994,0.0,0.0
2019-08-21 00:00:00+07:00,70289.38535282912,71783.45638784897,70085.64656924865,71443.8984375,624506,0.0,0.0
2019-08-22 00:00:00+07:00,71579.72530556515,71579.72530556515,70628.95099102805,71036.421875,359138,0.0,0.0
2019-08-23 00:00:00+07:00,71308.07574477342,71308.07574477342,69881.9108854019,70628.953125,369716,0.0,0.0
2019-08-26 00:00:00+07:00,69678.17501167809,69949.82003151836,68591.57486546172,68931.1328125,653088,0.0,0.0
2019-08-27 00:00:00+07:00,69813.99087693777,69813.99087693777,68931.12955404924,69202.78125,190050,0.0,0.0
2019-08-28 00:00:00+07:00,69270.69871468186,70085.64716700255,69270.69871468186,69474.4375,134817,0.0,0.0
2019-08-29 00:00:00+07:00,68591.58028783365,69134.87705941522,68252.015625,68252.015625,258658,0.0,0.0
2019-08-30 00:00:00+07:00,68252.01675381006,68999.05233544693,68252.01675381006,68319.9296875,222463,0.0,0.0
2019-09-03 00:00:00+07:00,68387.8425259054,68387.8425259054,65875.08404973609,67776.6328125,200463,0.0,0.0
2019-09-04 00:00:00+07:00,67776.63066280443,68387.84035682387,67776.63066280443,68184.1015625,296455,0.0,0.0
2019-09-05 00:00:00+07:00,68931.13826171502,69270.70292454868,68184.10269243327,68252.015625,138474,0.0,0.0
2019-09-06 00:00:00+07:00,68931.12594154876,68931.12594154876,68184.0905057858,68455.7421875,88952,0.0,0.0
2019-09-09 00:00:00+07:00,68048.27230305148,68591.57572746334,67980.359375,67980.359375,126421,0.0,0.0
2019-09-10 00:00:00+07:00,68252.01094597965,68591.57558553443,67165.41078835617,67437.0625,452445,0.0,0.0
2019-09-11 00:00:00+07:00,67437.063511075,67572.88936893333,66893.7667685936,67029.5859375,215529,0.0,0.0
2019-09-12 00:00:00+07:00,67233.32371626713,67844.54006746574,67165.41078835617,67437.0625,107259,0.0,0.0
2019-09-13 00:00:00+07:00,67233.32620544615,69066.961949025,67233.32620544615,68591.578125,328011,0.0,0.0
2019-09-16 00:00:00+07:00,70628.94629583602,70696.85922014203,69813.99120416396,70221.46875,785211,0.0,0.0
2019-09-17 00:00:00+07:00,70628.95246354459,72666.32030378448,70289.3878123619,72598.4140625,1054878,0.0,0.0
2019-09-18 00:00:00+07:00,71987.19836454686,71987.19836454686,70425.21433238234,70628.953125,968947,0.0,0.0
2019-09-19 00:00:00+07:00,69949.82157046288,70493.125,69881.90864177074,70493.125,335726,0.0,0.0
2019-09-20 00:00:00+07:00,70493.12932862327,71104.33903543188,69678.18082322767,69814.0,348397,0.0,0.0
2019-09-23 00:00:00+07:00,69813.99233465998,71036.4183030113,69813.99233465998,70289.3828125,324418,0.0,0.0
2019-09-24 00:00:00+07:00,70561.03451412286,71036.4183030113,69949.81818547142,70289.3828125,289420,0.0,0.0
2019-09-25 00:00:00+07:00,69949.83030910516,69949.83030910516,69066.96881476577,69542.359375,272841,0.0,0.0
2019-09-26 00:00:00+07:00,69542.35291999124,70832.68522866555,69134.87533475591,70628.953125,432777,0.0,0.0
2019-09-27 00:00:00+07:00,70900.59275830645,71919.27995483871,70900.59275830645,71308.0703125,617119,0.0,0.0
2019-09-30 00:00:00+07:00,71308.07608341619,73005.88598538874,71308.07608341619,72190.9375,797238,0.0,0.0
2019-10-01 00:00:00+07:00,72123.0234375,72326.76222788943,71308.07496489436,72123.0234375,357852,0.0,0.0
2019-10-02 00:00:00+07:00,71987.19256973975,71987.19256973975,70085.64403628284,70289.3828125,568064,0.0,0.0
2019-10-03 00:00:00+07:00,69949.8178745873,69949.8178745873,68931.13068698057,69270.6953125,644918,0.0,0.0
2019-10-04 00:00:00+07:00,69270.70292454868,69881.91262869697,68252.015625,68252.015625,750931,0.0,0.0
2019-10-07 00:00:00+07:00,68931.13266496951,68931.13266496951,68252.01008339468,68387.8359375,282713,0.0,0.0
2019-10-08 00:00:00+07:00,68387.8357887881,68523.66164259805,67640.80028178506,67844.5390625,536597,0.0,0.0
2019-10-09 00:00:00+07:00,67844.53468635361,68591.57014517093,67708.70884130477,68116.1796875,253464,0.0,0.0
2019-10-10 00:00:00+07:00,68116.1887351395,68727.40511904506,68116.1887351395,68659.4921875,534378,0.0,0.0
2019-10-11 00:00:00+07:00,68727.40197611868,69949.82131012379,68727.40197611868,69474.4375,268328,0.0,0.0
2019-10-14 00:00:00+07:00,69881.90494948342,69949.8178745873,68999.04361208447,69270.6953125,274279,0.0,0.0
2019-10-15 00:00:00+07:00,69270.69514809005,69270.69514809005,68591.5725876146,68727.3984375,244740,0.0,0.0
2019-10-16 00:00:00+07:00,68727.3984375,69202.78222314735,68659.48551255731,68727.3984375,185335,0.0,0.0
2019-10-17 00:00:00+07:00,68795.31691627589,69202.78780987559,68252.01347287351,68591.578125,443796,0.0,0.0
2019-10-18 00:00:00+07:00,69134.8748794503,69134.8748794503,68523.6651945747,68591.578125,211230,0.0,0.0
2019-10-21 00:00:00+07:00,68591.5725876146,69202.78222314735,68252.00796290112,68727.3984375,214545,0.0,0.0
2019-10-22 00:00:00+07:00,68727.3995867949,69066.95752823511,68727.3995867949,68863.21875,154283,0.0,0.0
2019-10-23 00:00:00+07:00,68863.21759843385,68999.04344831925,68591.5725876146,68727.3984375,133179,0.0,0.0
2019-10-24 00:00:00+07:00,69270.70762629472,69610.27231217631,69134.88175194208,69542.359375,190088,0.0,0.0
2019-10-25 00:00:00+07:00,69949.82358930889,69949.82358930889,69270.700971739,69610.265625,321191,0.0,0.0
2019-10-28 00:00:00+07:00,69746.08708621615,70085.64502910328,69610.26123348065,69881.90625,274279,0.0,0.0
2019-10-29 00:00:00+07:00,69949.82016718603,69949.82016718603,69406.5234375,69406.5234375,160435,0.0,0.0
2019-10-30 00:00:00+07:00,69474.43875941758,70153.56136717049,69066.96118139462,70085.6484375,428162,0.0,0.0
2019-10-31 00:00:00+07:00,70289.3828125,70493.12158871714,69474.43439658298,70289.3828125,517811,0.0,0.0
2019-11-01 00:00:00+07:00,69542.34970795232,71172.24659570733,69542.34970795232,70968.5078125,505873,0.0,0.0
2019-11-04 00:00:00+07:00,71375.98890065342,72326.76324691431,71375.98890065342,71647.640625,630193,0.0,0.0
2019-11-05 00:00:00+07:00,71715.53826774616,72802.13834588646,71647.63203375427,72666.3125,779198,0.0,0.0
2019-11-06 00:00:00+07:00,72666.31560873163,72666.31560873163,71647.63509890581,71851.3671875,441993,0.0,0.0
2019-11-07 00:00:00+07:00,71647.63072125634,72258.84032759743,71375.97903445977,72055.1015625,221857,0.0,0.0
2019-11-08 00:00:00+07:00,72666.32236668617,72666.32236668617,71715.5480053355,71783.4609375,282801,0.0,0.0
2019-11-11 00:00:00+07:00,71783.45395638558,71987.19273306498,70832.6796875,70832.6796875,352646,0.0,0.0
2019-11-12 00:00:00+07:00,70696.86067016129,71579.7220152957,70628.94774446236,71308.0703125,223459,0.0,0.0
2019-11-13 00:00:00+07:00,71308.0703125,71308.0703125,70696.86067016129,71308.0703125,226548,0.0,0.0
2019-11-14 00:00:00+07:00,71308.07061169355,73141.70623535484,71240.15768570968,72326.7578125,813603,0.0,0.0
2019-11-15 00:00:00+07:00,72326.75810753807,73685.00325485287,71987.19347623354,73345.4453125,716300,0.0,0.0
2019-11-18 00:00:00+07:00,73685.0,74024.5646163051,73549.18084242933,73685.0,637858,0.0,0.0
2019-11-19 00:00:00+07:00,73345.45530255511,73345.45530255511,72598.41970088646,73005.890625,358016,0.0,0.0
2019-11-20 00:00:00+07:00,72666.31544857527,72734.2283742742,71308.0703125,71308.0703125,792838,0.0,0.0
2019-11-21 00:00:00+07:00,70628.94645054523,71987.19156173756,70628.94645054523,70696.859375,491929,0.0,0.0
2019-11-22 00:00:00+07:00,71443.89918605416,71579.72504319758,69134.87299251957,70017.734375,516412,0.0,0.0
2019-11-25 00:00:00+07:00,69746.08934966502,70628.95073214544,69542.35056394988,70017.734375,267042,0.0,0.0
2019-11-26 00:00:00+07:00,70493.1212754184,70493.1212754184,69270.6953125,69270.6953125,343757,0.0,0.0
2019-11-27 00:00:00+07:00,69746.0857882272,69746.0857882272,69202.78238739612,69270.6953125,265428,0.0,0.0
2019-11-28 00:00:00+07:00,69270.69054369151,69678.16806626282,68048.2646649287,68455.7421875,772906,0.0,0.0
2019-11-29 00:00:00+07:00,68863.22532914829,68863.22532914829,68184.10269243327,68252.015625,230872,0.0,0.0
2019-12-02 00:00:00+07:00,68591.5776456156,68863.22267646619,65535.5158646922,66554.203125,626851,0.0,0.0
2019-12-03 00:00:00+07:00,66554.20186683442,67097.49860721696,65875.07926911829,66010.8984375,378188,0.0,0.0
2019-12-04 00:00:00+07:00,66010.89770282173,67572.88835582191,65603.42682430783,67437.0625,289067,0.0,0.0
2019-12-05 00:00:00+07:00,67912.44834610904,67912.44834610904,66146.72554529607,66554.203125,301169,0.0,0.0
2019-12-06 00:00:00+07:00,66554.203125,67233.32573555452,65875.08051444548,66554.203125,112502,0.0,0.0
2019-12-09 00:00:00+07:00,66554.2066967368,67776.6328125,66554.2066967368,67776.6328125,321518,0.0,0.0
2019-12-10 00:00:00+07:00,67844.54094942416,67844.54094942416,66078.81148973717,66486.2890625,304321,0.0,0.0
2019-12-11 00:00:00+07:00,66486.28352871744,66893.76106756511,66078.80598986977,66622.109375,218353,0.0,0.0
2019-12-12 00:00:00+07:00,66757.94077767522,66757.94077767522,66146.72441853098,66486.2890625,381478,0.0,0.0
2019-12-13 00:00:00+07:00,67233.32573555452,67233.32573555452,66554.203125,66554.203125,266664,0.0,0.0
2019-12-16 00:00:00+07:00,66554.20538548542,67369.15388362063,66486.29245322813,66690.03125,405507,0.0,0.0
2019-12-17 00:00:00+07:00,66961.67618975876,67097.50205406985,66214.640625,66214.640625,314370,0.0,0.0
2019-12-18 00:00:00+07:00,66078.81391652887,66418.37857296865,64856.39453125,64856.39453125,531188,0.0,0.0
2019-12-19 00:00:00+07:00,65195.94694475503,65739.25034877515,64924.30193169656,65060.12109375,454587,0.0,0.0
2019-12-20 00:00:00+07:00,65942.99537634348,65942.99537634348,65195.953125,65195.953125,243340,0.0,0.0
2019-12-23 00:00:00+07:00,65535.511572267606,65807.16327427767,64856.38900619405,65060.12109375,481667,0.0,0.0
2019-12-24 00:00:00+07:00,64924.29981964866,65467.59651704325,64924.29981964866,65399.68359375,379663,0.0,0.0
2019-12-25 00:00:00+07:00,65671.33820986807,66146.72200512813,65399.68650460424,65807.1640625,224001,0.0,0.0
2019-12-26 00:00:00+07:00,65875.08078559152,66078.81288733003,65331.77734375,65331.77734375,171089,0.0,0.0
2019-12-27 00:00:00+07:00,65671.33934253812,66010.8972910228,65263.86177761437,65875.078125,423133,0.0,0.0
2019-12-30 00:00:00+07:00,65875.07913366295,66078.81123029253,65467.6015625,65467.6015625,283331,0.0,0.0
2019-12-31 00:00:00+07:00,65739.25625171537,65739.25625171537,63498.14288679873,63633.96875,515201,0.0,0.0
2020-01-02 00:00:00+07:00,63633.97384931708,64652.66121600709,63633.97384931708,64245.18359375,178086,0.0,0.0
2020-01-03 00:00:00+07:00,64245.1819419066,65467.608088294684,64245.1819419066,64381.0078125,276069,0.0,0.0
2020-01-06 00:00:00+07:00,65671.34720960085,66554.20868374576,65331.78253148643,66418.3828125,543480,0.0,0.0
2020-01-07 00:00:00+07:00,66350.46307048536,66350.46307048536,65399.68875825031,65942.9921875,180027,0.0,0.0
2020-01-08 00:00:00+07:00,66961.6715868931,67233.32329684227,65875.078125,65875.078125,553780,0.0,0.0
2020-01-09 00:00:00+07:00,65195.94513750822,65739.24852646785,64380.99674302019,64652.6484375,458874,0.0,0.0
2020-01-10 00:00:00+07:00,64856.39013844918,65195.94808293813,64516.82550500852,65128.03515625,202746,0.0,0.0
2020-01-13 00:00:00+07:00,65128.04122162485,65128.04122162485,64313.092714422826,64720.5703125,447792,0.0,0.0
2020-01-14 00:00:00+07:00,64652.65284725624,65195.949584321046,64448.9140625,64448.9140625,1114283,0.0,0.0
2020-01-15 00:00:00+07:00,64516.82965284088,64516.82965284088,63226.49065176129,63837.70703125,253906,0.0,0.0
2020-01-16 00:00:00+07:00,63837.70692282267,64041.44571563953,63158.577613433146,63362.31640625,640934,0.0,0.0
2020-01-17 00:00:00+07:00,63362.311363033536,63973.52769283537,62954.84049878391,63294.3984375,355217,0.0,0.0
2020-01-20 00:00:00+07:00,63294.39680867828,63566.04850382172,63090.66472627211,63430.22265625,219588,0.0,0.0
2020-01-21 00:00:00+07:00,63430.226827670616,64448.9140625,63430.226827670616,64448.9140625,228136,0.0,0.0
2020-01-22 00:00:00+07:00,64448.9140625,64788.47870376041,64041.443181939365,64448.9140625,205229,0.0,0.0
2020-01-30 00:00:00+07:00,61800.330524866855,63701.87915640121,61800.330524866855,62479.453125,478994,0.0,0.0
2020-01-31 00:00:00+07:00,61868.24423356001,62275.71512319488,58404.7048824276,58744.26953125,695510,0.0,0.0
2020-02-03 00:00:00+07:00,57725.58229730781,58336.79866543773,54737.43679778251,56503.15625,1034329,0.0,0.0
2020-02-04 00:00:00+07:00,57657.66917243045,57725.58210199288,55688.2109375,55688.2109375,474531,0.0,0.0
2020-02-05 00:00:00+07:00,56367.336252416346,57046.45885142322,54737.43599474313,55416.55859375,365896,0.0,0.0
2020-02-06 00:00:00+07:00,55416.55770594111,58336.796875,55416.55770594111,58336.796875,320056,0.0,0.0
2020-02-07 00:00:00+07:00,58336.79688623086,59083.832402209446,57725.58053674237,58404.703125,377495,0.0,0.0
2020-02-10 00:00:00+07:00,57725.58177622686,59015.920741679176,57046.4591733871,58948.0078125,356099,0.0,0.0
2020-02-11 00:00:00+07:00,58472.61654626901,58948.00704432823,57997.23273716165,58133.05859375,549291,0.0,0.0
2020-02-12 00:00:00+07:00,58812.18069132567,58812.18069132567,58133.05810306803,58404.703125,221240,0.0,0.0
2020-02-13 00:00:00+07:00,58268.88422634091,59830.86819319862,58268.88422634091,59423.390625,343215,0.0,0.0
2020-02-14 00:00:00+07:00,59423.390255145896,60374.16455273984,59083.83230604564,60102.51953125,205330,0.0,0.0
2020-02-17 00:00:00+07:00,60102.5187442013,60645.81546901826,59287.5703125,59287.5703125,226977,0.0,0.0
2020-02-18 00:00:00+07:00,59083.832402209446,59355.47742414141,58268.88395850992,58404.703125,271807,0.0,0.0
2020-02-19 00:00:00+07:00,58404.70018743455,58472.613111739694,57929.31640625,57929.31640625,210272,0.0,0.0
2020-02-20 00:00:00+07:00,59762.951984586005,59762.951984586005,57861.40348194485,57929.31640625,249871,0.0,0.0
2020-02-21 00:00:00+07:00,58404.70133362601,58540.52718490189,57997.23046875,57997.23046875,216135,0.0,0.0
2020-02-24 00:00:00+07:00,57725.58241528914,57725.58241528914,56706.89515527594,56978.546875,438917,0.0,0.0
2020-02-25 00:00:00+07:00,56027.77129541771,56978.545604296254,56027.77129541771,56367.3359375,747464,0.0,0.0
2020-02-26 00:00:00+07:00,56027.76958192316,56027.76958192316,54058.30809598156,54262.046875,603138,0.0,0.0
2020-02-27 00:00:00+07:00,54194.13602455096,54262.04895349183,53039.62292150818,53650.8359375,452709,0.0,0.0
2020-02-28 00:00:00+07:00,51002.24958109525,52903.79813171424,51002.24958109525,51477.63671875,849269,0.0,0.0
2020-03-02 00:00:00+07:00,51341.81307589039,53990.397237728364,51205.98721800865,53650.8359375,322375,0.0,0.0
2020-03-03 00:00:00+07:00,56299.42246462744,56299.42246462744,54329.9609375,54329.9609375,467044,0.0,0.0
2020-03-04 00:00:00+07:00,53990.39935347869,53990.39935347869,52835.88954966948,53039.625,576725,0.0,0.0
2020-03-05 00:00:00+07:00,53039.625,54329.96401148972,53039.625,53039.625,331074,0.0,0.0
2020-03-06 00:00:00+07:00,52971.709736084245,53039.62266469629,52360.50006752779,52632.1484375,262806,0.0,0.0
2020-03-09 00:00:00+07:00,48964.87890625,48964.87890625,48964.87890625,48964.87890625,285335,0.0,0.0
2020-03-10 00:00:00+07:00,45569.253052507,48149.92756208479,45569.253052507,46520.02734375,1736450,0.0,0.0
2020-03-11 00:00:00+07:00,47538.71604612446,48285.7515792167,43328.14453125,43328.14453125,1365142,0.0,0.0
2020-03-12 00:00:00+07:00,40339.9921875,41358.67934874896,40339.9921875,40339.9921875,1277433,0.0,0.0
2020-03-13 00:00:00+07:00,37555.587825896,39728.78496475282,37555.587825896,38710.09765625,1230308,0.0,0.0
2020-03-16 00:00:00+07:00,38574.27595039736,40883.2990044265,38030.975818071165,40272.0859375,837619,0.0,0.0
2020-03-17 00:00:00+07:00,38166.7991171316,40679.557461277065,38166.7991171316,40611.64453125,796179,0.0,0.0
2020-03-18 00:00:00+07:00,40747.471252055024,40747.471252055024,39253.39679332667,39389.22265625,1482943,0.0,0.0
2020-03-19 00:00:00+07:00,38030.97310126582,38370.53440553398,37283.93421850467,37555.5859375,1131846,0.0,0.0
2020-03-20 00:00:00+07:00,38710.09557265204,39457.13445276643,38030.97296652186,39321.30859375,710450,0.0,0.0
2020-03-23 00:00:00+07:00,37487.673919249246,38030.97402597403,36604.8125,36604.8125,983181,0.0,0.0
2020-03-24 00:00:00+07:00,38030.97102292504,38302.61938259915,37012.28382131443,38166.796875,1096003,0.0,0.0
2020-03-25 00:00:00+07:00,40272.08272353259,40815.3828125,39525.0471914999,40815.3828125,1354779,0.0,0.0
2020-03-26 00:00:00+07:00,40747.46679216864,41019.11848828251,39728.779620693065,39864.60546875,711206,0.0,0.0
2020-03-27 00:00:00+07:00,39864.60817370707,40136.25654377754,38778.0080044733,39525.046875,610373,0.0,0.0
2020-03-30 00:00:00+07:00,37283.9307382529,37623.49535530056,37012.28238909047,37080.1953125,701070,0.0,0.0
2020-03-31 00:00:00+07:00,39185.481614558434,39185.481614558434,36672.7233614413,37216.0234375,522615,0.0,0.0
2020-04-01 00:00:00+07:00,37148.11237405562,39117.57399441914,37148.11237405562,38098.88671875,728604,0.0,0.0
2020-04-03 00:00:00+07:00,40747.47199208429,40747.47199208429,39049.6620526125,40204.171875,1446495,0.0,0.0
2020-04-06 00:00:00+07:00,42105.71781268492,42784.84375,41426.59521984577,42784.84375,1907831,0.0,0.0
2020-04-07 00:00:00+07:00,43396.05560678132,43396.05560678132,41969.8941863188,42716.9296875,1191415,0.0,0.0
2020-04-08 00:00:00+07:00,41630.33115195677,42649.0183977318,41290.76985152375,42581.10546875,1096243,0.0,0.0
2020-04-09 00:00:00+07:00,43056.4912036165,45501.33984375,42852.75576788296,45501.33984375,1899623,0.0,0.0
2020-04-10 00:00:00+07:00,44822.21838248154,45840.90227549055,44143.09244266628,45569.25390625,1190444,0.0,0.0
2020-04-13 00:00:00+07:00,46316.29126777152,47199.15602790475,45840.90409438104,46180.46875,1322240,0.0,0.0
2020-04-14 00:00:00+07:00,45501.33984375,45705.078623959394,44414.739704918255,45501.33984375,1605283,0.0,0.0
2020-04-15 00:00:00+07:00,44686.39133773539,45705.0785481408,44482.65255786397,45229.69140625,813464,0.0,0.0
2020-04-16 00:00:00+07:00,45229.69211052562,46180.46640911181,44686.39203355123,45772.9921875,904437,0.0,0.0
2020-04-17 00:00:00+07:00,45840.90071027945,46859.5879129819,45840.90071027945,45976.7265625,1023297,0.0,0.0
2020-04-20 00:00:00+07:00,46180.46941886671,46859.59205098873,45569.25637437598,46723.76953125,1547555,0.0,0.0
2020-04-21 00:00:00+07:00,44822.21848992688,45637.166944078,43803.53125,43803.53125,1963025,0.0,0.0
2020-04-22 00:00:00+07:00,41426.59262358042,43871.44116242616,41426.59262358042,43124.40234375,1045877,0.0,0.0
2020-04-23 00:00:00+07:00,44143.09488032061,44822.220857638335,44007.26901596184,44211.0078125,781970,0.0,0.0
2020-04-24 00:00:00+07:00,44686.394993279566,44822.220857638335,43939.35608378246,44211.0078125,735009,0.0,0.0
2020-04-27 00:00:00+07:00,44211.00598867412,44754.30607922045,43463.96710999442,43599.79296875,600742,0.0,0.0
2020-04-28 00:00:00+07:00,42513.193669676446,43463.96801173919,42377.37115257896,42649.01953125,977823,0.0,0.0
2020-04-29 00:00:00+07:00,42784.84381882256,43599.79226933082,42784.84381882256,43056.4921875,786510,0.0,0.0
2020-05-04 00:00:00+07:00,44143.09299361899,44550.5672248035,43192.31867269651,43328.14453125,517193,0.0,0.0
2020-05-05 00:00:00+07:00,44143.09105674127,44482.65234375,43463.96513824797,44482.65234375,823032,0.0,0.0
2020-05-06 00:00:00+07:00,45297.6057922537,46723.7672638736,45297.6057922537,46587.94140625,1942299,0.0,0.0
2020-05-07 00:00:00+07:00,46587.93863772398,47199.15161623238,45976.725659215575,46655.8515625,889699,0.0,0.0
2020-05-08 00:00:00+07:00,46655.85284911224,48082.0142753101,46655.85284911224,47267.0625,2144077,0.0,0.0
2020-05-11 00:00:00+07:00,47538.719117951725,49576.09375,47538.719117951725,49576.09375,1367689,0.0,0.0
2020-05-12 00:00:00+07:00,49508.17861503964,50255.21416318773,48217.83962172777,49711.9140625,1444428,0.0,0.0
2020-05-13 00:00:00+07:00,49576.09085948277,50187.30053787992,48896.96490690416,49168.61328125,1249446,0.0,0.0
2020-05-14 00:00:00+07:00,48625.31527169447,49168.61200629837,48353.66355991661,48557.40234375,867372,0.0,0.0
2020-05-15 00:00:00+07:00,49508.178257163,49576.09118731755,48149.9296875,48149.9296875,1140142,0.0,0.0
2020-05-18 00:00:00+07:00,48625.31290284341,49915.6484375,48625.31290284341,49915.6484375,1350707,0.0,0.0
2020-05-19 00:00:00+07:00,51205.98593773136,51205.98593773136,50323.12457252577,50798.51171875,1443091,0.0,0.0
2020-05-20 00:00:00+07:00,49576.090599264026,50798.51329411798,49576.090599264026,50391.0390625,880660,0.0,0.0
2020-05-21 00:00:00+07:00,50594.77519239877,51341.814080895456,50255.21388552356,50934.33984375,1201223,0.0,0.0
2020-05-22 00:00:00+07:00,50866.42277801316,50866.42277801316,49983.56144522909,50187.296875,1238906,0.0,0.0
2020-05-25 00:00:00+07:00,50187.299073471775,50323.12492891945,49847.73777932848,50051.4765625,699684,0.0,0.0
2020-05-26 00:00:00+07:00,50594.77406621567,50866.42578125,50119.38690938156,50866.42578125,776562,0.0,0.0
2020-05-27 00:00:00+07:00,51273.901150625206,51817.201248311154,50798.51398320951,50934.33984375,1439083,0.0,0.0
2020-05-28 00:00:00+07:00,50934.33570276205,51205.98405728185,50187.296875,50187.296875,694918,0.0,0.0
2020-05-29 00:00:00+07:00,50594.77286391887,50594.77286391887,50051.47613571263,50526.86328125,469753,0.0,0.0
2020-06-01 00:00:00+07:00,50866.42973333581,51613.46531876949,50662.69093123051,51138.078125,751462,0.0,0.0
2020-06-02 00:00:00+07:00,51138.070555665,52835.88362180765,50934.335128192346,51885.109375,1830903,0.0,0.0
2020-06-03 00:00:00+07:00,52632.14963121439,53175.44972795698,52088.8495344718,52971.7109375,799242,0.0,0.0
2020-06-04 00:00:00+07:00,53039.62386765233,53990.39820083285,52971.7109375,52971.7109375,1069124,0.0,0.0
2020-06-05 00:00:00+07:00,52292.5859375,52971.70851906574,51953.02464671713,52292.5859375,1111107,0.0,0.0
2020-06-08 00:00:00+07:00,53990.397237728364,53990.397237728364,53175.44877938991,53650.8359375,831378,0.0,0.0
2020-06-09 00:00:00+07:00,53107.53741935569,53582.924591509705,52971.71155746138,53243.36328125,607171,0.0,0.0
2020-06-10 00:00:00+07:00,52971.7109375,53243.362658109305,52632.14963121439,52971.7109375,537567,0.0,0.0
2020-06-11 00:00:00+07:00,52632.14753350229,53039.62175369989,49304.4375,49304.4375,1577800,0.0,0.0
2020-06-12 00:00:00+07:00,47606.62908673154,50866.42628830669,47606.62908673154,50662.6875,1107665,0.0,0.0
2020-06-15 00:00:00+07:00,50662.68880807128,51205.988913107394,48964.87890625,48964.87890625,699532,0.0,0.0
2020-06-16 00:00:00+07:00,49915.651716388384,49915.651716388384,49236.5257698934,49644.0,572628,0.0,0.0
2020-06-17 00:00:00+07:00,49915.64999732344,50187.29835988044,49304.43700097536,49508.17578125,416413,0.0,0.0
2020-06-18 00:00:00+07:00,49304.43742740648,49576.08913678884,48896.963207808825,49032.7890625,400477,0.0,0.0
2020-06-19 00:00:00+07:00,49711.9117201976,49779.82464764318,49304.4375,49304.4375,382903,0.0,0.0
2020-06-22 00:00:00+07:00,49711.912929097096,50051.477574582575,49576.09041537888,49644.0,287037,0.0,0.0
2020-06-23 00:00:00+07:00,49711.90974623353,50458.94857399556,49576.0872412115,50187.296875,440959,0.0,0.0
2020-06-24 00:00:00+07:00,49983.56342997993,50391.03765017753,48896.9632798024,49304.4375,302721,0.0,0.0
2020-06-25 00:00:00+07:00,48896.96490690416,49576.09085948277,48557.40360285285,49168.61328125,422602,0.0,0.0
2020-06-26 00:00:00+07:00,49236.524500060885,49711.91164700413,48896.963207808825,49032.7890625,407071,0.0,0.0
2020-06-29 00:00:00+07:00,48896.963879477,48896.963879477,47334.9765625,47334.9765625,720687,0.0,0.0
2020-06-30 00:00:00+07:00,47946.1900173342,48557.4030330348,46180.46724361685,46859.58984375,730143,0.0,0.0
2020-07-01 00:00:00+07:00,47199.15208908165,48217.8359375,46859.58746179975,48217.8359375,488437,0.0,0.0
2020-07-02 00:00:00+07:00,48489.49036271007,48557.40329198074,47878.27734375,47878.27734375,265819,0.0,0.0
2020-07-03 00:00:00+07:00,48489.49202815967,48489.49202815967,47742.453125,47742.453125,390870,0.0,0.0
2020-07-06 00:00:00+07:00,48761.139047493234,49440.26500007184,48353.66481373646,49168.61328125,611446,0.0,0.0
2020-07-07 00:00:00+07:00,49576.09085948277,50458.95225670176,49168.61328125,49168.61328125,1032538,0.0,0.0
2020-07-08 00:00:00+07:00,49576.08870800822,50323.12421339688,49236.52407421714,49508.17578125,673271,0.0,0.0
2020-07-09 00:00:00+07:00,50187.30262850414,51477.64165770684,50051.48010791134,51070.1640625,1487532,0.0,0.0
2020-07-10 00:00:00+07:00,50934.3402966427,51205.98867566307,50391.0401941259,50458.953125,582058,0.0,0.0
2020-07-13 00:00:00+07:00,50934.33871000858,51138.07415180837,50458.95155317447,50866.42578125,746822,0.0,0.0
2020-07-14 00:00:00+07:00,48896.963207808825,49915.65042904091,48829.050280463234,49032.7890625,796759,0.0,0.0
2020-07-15 00:00:00+07:00,49508.17901128611,49983.5661851332,48964.87890625,48964.87890625,640341,0.0,0.0
2020-07-16 00:00:00+07:00,49372.35035475207,49508.17620944325,49032.7890625,49032.7890625,673611,0.0,0.0
2020-07-17 00:00:00+07:00,49032.7895653763,49236.52500502668,48829.05078125,48829.05078125,482095,0.0,0.0
2020-07-20 00:00:00+07:00,48353.66513348764,48761.13936993893,48149.9296875,48149.9296875,620901,0.0,0.0
2020-07-21 00:00:00+07:00,48149.92635651941,48693.22307121888,48082.01343106303,48217.8359375,333382,0.0,0.0
2020-07-22 00:00:00+07:00,48557.40438010077,48557.40438010077,47606.63003795748,47674.54296875,433104,0.0,0.0
2020-07-23 00:00:00+07:00,47674.54420225524,48625.31856899836,47674.54420225524,48285.75390625,793935,0.0,0.0
2020-07-24 00:00:00+07:00,48285.75177453691,48557.40349274276,45840.90303306432,46384.203125,1605447,0.0,0.0
2020-07-27 00:00:00+07:00,43599.79461388064,46859.59193568302,43328.146230595485,43463.96875,1663743,0.0,0.0
2020-07-28 00:00:00+07:00,44822.21795827295,46044.640625,43463.96609149724,46044.640625,861749,0.0,0.0
2020-07-29 00:00:00+07:00,44211.00243756494,45229.689607456974,42988.576495904206,43124.40234375,980243,0.0,0.0
2020-07-30 00:00:00+07:00,46112.55254144842,46112.55254144842,43803.52976973253,44482.65234375,526598,0.0,0.0
2020-07-31 00:00:00+07:00,43803.52976973253,44482.65234375,43328.14263012997,44482.65234375,396153,0.0,0.0
2020-08-03 00:00:00+07:00,44346.83232996004,45840.90341462419,44278.9193998433,45637.16796875,676019,0.0,0.0
2020-08-04 00:00:00+07:00,46520.02726997037,46520.02726997037,45976.72719805376,46248.37890625,488273,0.0,0.0
2020-08-05 00:00:00+07:00,46248.38010666696,46791.67684820944,46044.64132023157,46587.94140625,713627,0.0,0.0
2020-08-06 00:00:00+07:00,46520.02642999768,47402.88777674263,46452.113504174864,47199.15234375,807627,0.0,0.0
2020-08-07 00:00:00+07:00,47199.15579767835,48014.10427823659,46995.41700530076,47674.54296875,720838,0.0,0.0
2020-08-10 00:00:00+07:00,47742.45148520866,48285.75157489805,47674.54190041396,47878.27734375,591640,0.0,0.0
2020-08-11 00:00:00+07:00,47878.27613706938,48082.01491974656,47334.97606107283,47538.71484375,694489,0.0,0.0
2020-08-12 00:00:00+07:00,47878.27690642352,48625.31577710139,47538.71560764774,48353.6640625,1227093,0.0,0.0
2020-08-13 00:00:00+07:00,48557.401987050376,49508.176282336746,48557.401987050376,49304.4375,1199735,0.0,0.0
2020-08-14 00:00:00+07:00,48896.96433825301,49440.26442510235,48761.13848042169,49100.703125,1097743,0.0,0.0
2020-08-17 00:00:00+07:00,48896.96484375,49168.61321774499,48353.66475128403,48896.96484375,581049,0.0,0.0
2020-08-18 00:00:00+07:00,49576.08964523717,49576.08964523717,48557.40241355752,48829.05078125,473749,0.0,0.0
2020-08-19 00:00:00+07:00,48896.96597506098,49100.70476862805,48761.14011268293,48964.87890625,283066,0.0,0.0
2020-08-20 00:00:00+07:00,48829.04892213164,49032.78769850079,48217.8359375,48217.8359375,560185,0.0,0.0
2020-08-21 00:00:00+07:00,48353.66475128403,48964.87777336775,48285.75182166628,48896.96484375,623675,0.0,0.0
2020-08-24 00:00:00+07:00,49032.79362515538,49915.65507384931,49032.79362515538,49576.09375,805445,0.0,0.0
2020-08-25 00:00:00+07:00,49711.91249222431,50594.77387377595,49711.91249222431,50119.38671875,910993,0.0,0.0
2020-08-26 00:00:00+07:00,50255.20971620421,50526.86141474818,49915.6484375,49915.6484375,543631,0.0,0.0
2020-08-27 00:00:00+07:00,49847.74214018421,49847.74214018421,49236.52908167449,49576.09375,631983,0.0,0.0
2020-08-28 00:00:00+07:00,50255.21320380201,50934.33915281598,49644.00018413704,50391.0390625,1275467,0.0,0.0
2020-08-31 00:00:00+07:00,50526.863783459296,50934.338005901984,49915.65077755731,50323.125,693330,0.0,0.0
2020-09-01 00:00:00+07:00,50323.12303673804,51273.89730017027,50119.38426122723,51205.984375,1064182,0.0,0.0
2020-09-03 00:00:00+07:00,51613.45922631148,51749.28507834879,51138.072088656736,51477.63671875,740354,0.0,0.0
2020-09-04 00:00:00+07:00,50323.12619729817,51070.16173213739,50323.12619729817,50662.6875,1181707,0.0,0.0
2020-09-07 00:00:00+07:00,50526.86512114794,50526.86512114794,48896.96484375,48896.96484375,1684482,0.0,0.0
2020-09-08 00:00:00+07:00,48896.96484375,49779.82623982872,48896.96484375,48896.96484375,837039,0.0,0.0
2020-09-09 00:00:00+07:00,48217.839394696086,48896.96535347712,48149.92980884641,48693.2265625,934153,0.0,0.0
2020-09-10 00:00:00+07:00,49236.52614736274,49508.17786583373,48829.05191413226,48896.96484375,782614,0.0,0.0
2020-09-11 00:00:00+07:00,48693.223792287936,49236.523859508605,48421.57543091552,48761.13671875,332953,0.0,0.0
2020-09-14 00:00:00+07:00,48896.96249490682,49236.52378220818,48489.48828125,48489.48828125,702759,0.0,0.0
2020-09-15 00:00:00+07:00,49032.79019608434,49100.703125,48489.490109235,49100.703125,1043495,0.0,0.0
2020-09-16 00:00:00+07:00,49168.61321774499,49576.09079545148,48896.96484375,48896.96484375,445573,0.0,0.0
2020-09-17 00:00:00+07:00,49236.52666062961,49440.265451606734,48693.2265625,48693.2265625,501939,0.0,0.0
2020-09-18 00:00:00+07:00,49032.78800433588,49372.34928925995,48625.313793531815,49236.5234375,470522,0.0,0.0
2020-09-21 00:00:00+07:00,49508.178555563885,49983.56572503504,48964.87845552885,49440.265625,1184720,0.0,0.0
2020-09-22 00:00:00+07:00,49236.52500502668,49508.17671719508,48829.05078125,48829.05078125,1035791,0.0,0.0
2020-09-23 00:00:00+07:00,49236.52570448624,49915.65165007906,49032.790261941576,49372.3515625,1037682,0.0,0.0
2020-09-24 00:00:00+07:00,49372.34838488782,50119.38386693223,49168.609610979845,49915.6484375,1034619,0.0,0.0
2020-09-25 00:00:00+07:00,49915.651716388384,49983.56464548548,49304.438698990496,49644.0,579524,0.0,0.0
2020-09-28 00:00:00+07:00,49643.99871965854,49915.65042904091,49032.7890625,49032.7890625,525804,0.0,0.0
2020-09-29 00:00:00+07:00,49032.78949488535,49576.08957396516,48557.40234375,48557.40234375,1353001,0.0,0.0
2020-09-30 00:00:00+07:00,48557.40398548122,48896.96529220824,48421.578125,48421.578125,775907,0.0,0.0
2020-10-01 00:00:00+07:00,48557.40360285285,49168.61328125,48557.40360285285,49168.61328125,318417,0.0,0.0
2020-10-02 00:00:00+07:00,49168.61207698458,49236.52500502668,48285.75070138912,48829.05078125,772642,0.0,0.0
2020-10-05 00:00:00+07:00,48829.04922669594,49440.262215139934,48625.313793531815,49236.5234375,888048,0.0,0.0
2020-10-06 00:00:00+07:00,49440.262215139934,49711.91057418404,49168.61051162002,49236.5234375,962215,0.0,0.0
2020-10-07 00:00:00+07:00,49236.52484383557,51138.07344488537,49032.78940485218,50323.125,2892428,0.0,0.0
2020-10-08 00:00:00+07:00,50866.42628830669,51070.16173213739,50323.12619729817,50662.6875,976475,0.0,0.0
2020-10-09 00:00:00+07:00,50934.3402966427,50934.3402966427,50323.12726325179,50458.953125,553402,0.0,0.0
2020-10-12 00:00:00+07:00,50458.9526763343,52020.93669464586,50255.21388552356,50934.33984375,2416809,0.0,0.0
2020-10-13 00:00:00+07:00,51002.25277402025,51409.727011165705,50730.60105293926,50934.33984375,752293,0.0,0.0
2020-10-14 00:00:00+07:00,51273.902860103415,51749.29004336858,50866.42860937272,51070.1640625,1592878,0.0,0.0
2020-10-15 00:00:00+07:00,51613.46245750041,52224.6754854566,50934.33984375,50934.33984375,1736222,0.0,0.0
2020-10-16 00:00:00+07:00,50934.3360187947,51613.45858154585,50526.861812248855,51205.984375,1375593,0.0,0.0
2020-10-19 00:00:00+07:00,51273.90212827517,51613.46344162485,50187.30191218484,50255.21484375,1508599,0.0,0.0
2020-10-20 00:00:00+07:00,49915.65050253435,50255.21179528637,49236.524572554415,49304.4375,1411183,0.0,0.0
2020-10-21 00:00:00+07:00,49576.09028293368,49847.73865412037,49100.703125,49100.703125,1197706,0.0,0.0
2020-10-22 00:00:00+07:00,49100.702263318046,50051.4765625,48829.05055242269,50051.4765625,1003908,0.0,0.0
2020-10-23 00:00:00+07:00,50119.38386693223,50391.0355654762,49847.73551286401,49915.6484375,764976,0.0,0.0
2020-10-26 00:00:00+07:00,49983.56502868196,50255.21340267695,48896.96484375,48896.96484375,819364,0.0,0.0
2020-10-27 00:00:00+07:00,49168.61321774499,49304.43907698049,48829.05191413226,48896.96484375,823549,0.0,0.0
2020-10-28 00:00:00+07:00,48896.9637092921,49372.35086111088,48693.2249251658,48829.05078125,978491,0.0,0.0
2020-10-29 00:00:00+07:00,48693.22307121888,49032.78769850079,48217.8359375,48217.8359375,982916,0.0,0.0
2020-10-30 00:00:00+07:00,48896.96343487356,48896.96343487356,47538.71491508206,47810.36328125,1089750,0.0,0.0
2020-11-02 00:00:00+07:00,47878.27664425182,48082.01542908723,47131.24112214052,47334.9765625,1168104,0.0,0.0
2020-11-03 00:00:00+07:00,47538.71710716494,48353.66558772318,47470.80417637241,47674.54296875,1229677,0.0,0.0
2020-11-04 00:00:00+07:00,48149.92818978084,49236.52500502668,48082.01526173874,48829.05078125,727773,0.0,0.0
2020-11-05 00:00:00+07:00,48896.963638996414,48896.963638996414,48421.57648786106,48557.40234375,544842,0.0,0.0
2020-11-06 00:00:00+07:00,48489.48985185516,48761.13822159995,48014.10269644482,48082.015625,598019,0.0,0.0
2020-11-09 00:00:00+07:00,48217.83657582824,48761.13664219593,48217.83657582824,48489.48828125,904538,0.0,0.0
2020-11-10 00:00:00+07:00,49983.5633563865,50119.38586660179,49032.7890625,49032.7890625,1602990,0.0,0.0
2020-11-11 00:00:00+07:00,49779.82699314547,50119.388301896775,49508.17861503964,49711.9140625,2009798,0.0,0.0
2020-11-12 00:00:00+07:00,49915.65120965766,50255.21250722003,49643.99949602702,49847.73828125,690354,0.0,0.0
2020-11-13 00:00:00+07:00,49643.99673895603,49915.6484375,49372.34838488782,49915.6484375,1130610,0.0,0.0
2020-11-16 00:00:00+07:00,50187.29771086807,50255.21063674805,49236.5234375,49236.5234375,1582893,0.0,0.0
2020-11-17 00:00:00+07:00,49576.08864848646,51273.8984375,49508.17572180978,51273.8984375,2764252,0.0,0.0
2020-11-18 00:00:00+07:00,51341.81218292901,54329.9609375,51002.25088860645,54329.9609375,4350414,0.0,0.0
2020-11-19 00:00:00+07:00,54601.61186293155,57250.19944730432,54601.61186293155,55756.125,2878673,0.0,0.0
2020-11-20 00:00:00+07:00,55348.64403212283,55824.0311751937,54941.16981584434,55552.3828125,1522668,0.0,0.0
2020-11-23 00:00:00+07:00,55756.11971535029,56706.890625,55144.906739276565,56706.890625,2264351,0.0,0.0
2020-11-24 00:00:00+07:00,56706.89210507892,56910.63088391309,55009.08232603079,56027.76953125,2299865,0.0,0.0
2020-11-25 00:00:00+07:00,56774.807328531104,56842.720257557005,56163.59765625,56163.59765625,1800973,0.0,0.0
2020-11-26 00:00:00+07:00,56027.77355223602,56638.983243652016,55484.47344749598,56571.0703125,1386184,0.0,0.0
2020-11-27 00:00:00+07:00,56706.890625,56706.890625,56163.59391790752,56706.890625,1195070,0.0,0.0
2020-11-30 00:00:00+07:00,56774.80354950549,58472.61328423992,56706.890625,56706.890625,1680120,0.0,0.0
2020-12-01 00:00:00+07:00,55688.20679084479,57521.83903011446,55552.3809418338,56706.890625,1680411,0.0,0.0
2020-12-02 00:00:00+07:00,56706.8962811034,57386.02559389661,56163.59951982099,57046.4609375,1240179,0.0,0.0
2020-12-03 00:00:00+07:00,57046.45879386323,57657.66846345752,56706.89415022646,57386.0234375,1234053,0.0,0.0
2020-12-04 00:00:00+07:00,57725.57989641195,58676.35418500675,57386.02195052565,58065.14453125,1894694,0.0,0.0
2020-12-07 00:00:00+07:00,58200.97441145774,58676.35824416574,57793.49682146328,58608.4453125,1979478,0.0,0.0
2020-12-08 00:00:00+07:00,58744.27282805336,58744.27282805336,58065.15018124735,58472.62109375,1437898,0.0,0.0
2020-12-09 00:00:00+07:00,58404.70816017416,59491.30840843521,58065.15018124735,58472.62109375,1481581,0.0,0.0
2020-12-10 00:00:00+07:00,58472.61576262466,58676.354544776696,57318.109375,57318.109375,1658965,0.0,0.0
2020-12-11 00:00:00+07:00,58133.06311482319,58472.62109375,57521.84671264063,58472.62109375,1190772,0.0,0.0
2020-12-14 00:00:00+07:00,58472.61568559904,59219.6578858391,58268.88359266715,59083.83203125,1084317,0.0,0.0
2020-12-15 00:00:00+07:00,58744.2659618157,59015.91766436744,57861.40461747412,57997.23046875,1381028,0.0,0.0
2020-12-16 00:00:00+07:00,58404.70589167393,58676.35761542606,57793.49620218379,58268.88671875,975554,0.0,0.0
2020-12-17 00:00:00+07:00,57861.40661257398,58133.05832449246,57114.37109375,57114.37109375,2316872,0.0,0.0
2020-12-18 00:00:00+07:00,57114.3712325446,57793.49382503931,57114.3712325446,57657.66796875,744615,0.0,0.0
2020-12-21 00:00:00+07:00,57861.409753129024,58676.35824416574,57453.93216313457,58608.4453125,1634545,0.0,0.0
2020-12-22 00:00:00+07:00,58065.14225486029,58404.70018743455,57453.92593611397,57929.31640625,1146949,0.0,0.0
2020-12-23 00:00:00+07:00,57793.491545614444,58268.88202387723,57453.92691828388,57521.83984375,694906,0.0,0.0
2020-12-24 00:00:00+07:00,57725.58241528914,57997.2341350132,55688.211239738754,56978.546875,1579830,0.0,0.0
2020-12-25 00:00:00+07:00,56910.6373266347,57521.8470433792,56027.7758740249,57182.2890625,778252,0.0,0.0
2020-12-28 00:00:00+07:00,57725.58288476848,60170.43500426483,57250.19906033712,59015.921875,2996766,0.0,0.0
2020-12-29 00:00:00+07:00,59083.83706691729,59762.95970879211,58404.70773609014,59151.75,618782,0.0,0.0
2020-12-30 00:00:00+07:00,59151.747735966695,59423.392768948,58948.00894451665,59015.921875,848259,0.0,0.0
2020-12-31 00:00:00+07:00,59083.83139374714,59151.74432030892,58540.52798125286,58812.1796875,1251073,0.0,0.0
2021-01-04 00:00:00+07:00,59695.04422358872,60713.731487325545,59151.74747110671,60306.25390625,1717854,0.0,0.0
2021-01-05 00:00:00+07:00,59762.95898133127,61257.030113059845,58812.18461869884,61121.2109375,1591908,0.0,0.0
2021-01-06 00:00:00+07:00,61800.333058909135,62411.54275519564,61121.210430929445,61392.85546875,1508952,0.0,0.0
2021-01-07 00:00:00+07:00,61800.33064525822,63022.7566790408,60577.90461147564,62954.84375,1902801,0.0,0.0
2021-01-08 00:00:00+07:00,62954.84375,63362.314635292896,62275.71445959193,62954.84375,1178392,0.0,0.0
2021-01-11 00:00:00+07:00,63158.577613433146,64313.09075044321,62954.84550956842,63362.31640625,937467,0.0,0.0
2021-01-12 00:00:00+07:00,63362.31200259292,63769.78955990709,62479.4506506972,63566.05078125,1196545,0.0,0.0
2021-01-13 00:00:00+07:00,64245.17039296354,64245.17039296354,62954.83823218606,63158.5703125,1376199,0.0,0.0
2021-01-14 00:00:00+07:00,62886.92791074,63158.57292538037,62139.89241481364,62547.36328125,977054,0.0,0.0
2021-01-15 00:00:00+07:00,63158.57508741715,63362.31387208551,61460.7652597512,62207.80078125,2259207,0.0,0.0
2021-01-18 00:00:00+07:00,62479.45798345012,62479.45798345012,61053.29974337616,61528.68359375,1225416,0.0,0.0
2021-01-19 00:00:00+07:00,61528.679326277335,61528.679326277335,57250.19821384758,57725.58203125,2241431,0.0,0.0
2021-01-20 00:00:00+07:00,58404.7048824276,58744.26953125,54465.785056371846,58744.26953125,1289209,0.0,0.0
2021-01-21 00:00:00+07:00,59423.390625,59695.042337132414,58744.2680336208,59423.390625,1218357,0.0,0.0
2021-01-22 00:00:00+07:00,59423.38933760436,59762.95397041328,58676.35383437643,58812.1796875,1339133,0.0,0.0
2021-01-25 00:00:00+07:00,58608.439962256205,58880.09166412065,57453.92691828388,57521.83984375,1544882,0.0,0.0
2021-01-26 00:00:00+07:00,57589.757590828085,57589.757590828085,55009.086273907946,56571.0703125,1675619,0.0,0.0
2021-01-27 00:00:00+07:00,56571.06847062548,56571.06847062548,53650.8359375,53650.8359375,1186208,0.0,0.0
2021-01-28 00:00:00+07:00,50255.20971620421,52971.70663478937,49915.6484375,49915.6484375,1979200,0.0,0.0
2021-01-29 00:00:00+07:00,49915.65438646789,52971.71294797956,49236.528403645214,51817.203125,1137922,0.0,0.0
2021-02-01 00:00:00+07:00,52156.76429409928,52767.97734243338,50594.77687923484,51070.1640625,845057,0.0,0.0
2021-02-02 00:00:00+07:00,51070.16259072107,52292.58865216048,50798.51421288789,51953.02734375,1202849,0.0,0.0
2021-02-03 00:00:00+07:00,53311.27371005644,54329.9609375,52971.70907125798,54329.9609375,1102496,0.0,0.0
2021-02-04 00:00:00+07:00,55009.0859375,55484.473108180806,54194.13745761178,55009.0859375,996974,0.0,0.0
2021-02-05 00:00:00+07:00,55824.03275443431,56367.33618414328,55144.91015625,55144.91015625,1057741,0.0,0.0
2021-02-08 00:00:00+07:00,56231.51051487308,56299.42344381395,52360.50032105145,53650.8359375,2137043,0.0,0.0
2021-02-09 00:00:00+07:00,53990.3981657544,55212.82421875,52971.71090308341,55212.82421875,1533662,0.0,0.0
2021-02-17 00:00:00+07:00,57725.58288476848,59015.921875,56706.89561647035,59015.921875,2424487,0.0,0.0
2021-02-18 00:00:00+07:00,60374.16208942589,61460.76219790651,59287.5686698968,61189.1171875,2848845,0.0,0.0
2021-02-19 00:00:00+07:00,59762.95440792114,60781.641624853735,59762.95440792114,60374.1640625,1430535,0.0,0.0
2021-02-22 00:00:00+07:00,59762.955393641794,60577.90384283915,59151.74572898175,59898.78125,1458019,0.0,0.0
2021-02-23 00:00:00+07:00,61121.20804298943,61324.9401411572,60170.43372538271,60713.73046875,1949321,0.0,0.0
2021-02-24 00:00:00+07:00,60442.08078672704,60442.08078672704,59083.83553812202,59830.87109375,1033913,0.0,0.0
2021-02-25 00:00:00+07:00,60442.08038824454,60713.73211175546,59898.78363017481,60577.90625,1722140,0.0,0.0
2021-02-26 00:00:00+07:00,59219.66211536046,60645.8203125,59219.66211536046,60645.8203125,1100478,0.0,0.0
2021-03-01 00:00:00+07:00,61324.93890865191,62411.5390625,60713.72924852877,62411.5390625,2094178,0.0,0.0
2021-03-02 00:00:00+07:00,62479.450698761066,63498.13790387849,61800.328125,61800.328125,1748237,0.0,0.0
2021-03-03 00:00:00+07:00,61800.328125,62139.89275635636,61257.024714829815,61800.328125,878593,0.0,0.0
2021-03-04 00:00:00+07:00,61936.15675670587,62479.45350230288,60442.07900064814,61732.41796875,1670576,0.0,0.0
2021-03-05 00:00:00+07:00,62615.2768452298,63633.96405512911,61460.76378215036,62819.015625,1852246,0.0,0.0
2021-03-08 00:00:00+07:00,64516.82421875,65195.94678314008,63633.96287835742,64516.82421875,2078924,0.0,0.0
2021-03-09 00:00:00+07:00,64381.00430865482,64381.00430865482,61800.33297468719,63633.96875,877584,0.0,0.0
2021-03-10 00:00:00+07:00,63226.48865404166,63226.48865404166,61800.330524866855,62479.453125,1255170,0.0,0.0
2021-03-11 00:00:00+07:00,63158.57584817048,63158.57584817048,62479.45324671435,62954.84375,425111,0.0,0.0
2021-03-12 00:00:00+07:00,63158.57443244819,63158.57443244819,61732.41633246298,61868.2421875,502267,0.0,0.0
2021-03-15 00:00:00+07:00,62139.89389757406,62479.45184621484,61868.2421875,61868.2421875,502014,0.0,0.0
2021-03-16 00:00:00+07:00,61868.24090892011,62139.892613380165,60917.46663226157,61324.9375,1126323,0.0,0.0
2021-03-17 00:00:00+07:00,61392.846564706895,64516.82090265486,60849.54987891001,63022.75,1006933,0.0,0.0
2021-03-18 00:00:00+07:00,63090.66719082671,63158.573428313815,62139.8929096353,62343.625,348460,0.0,0.0
2021-03-19 00:00:00+07:00,61460.76625147552,61732.41796875,60917.4695058785,61732.41796875,1281896,0.0,0.0
2021-03-22 00:00:00+07:00,61800.32634030025,62207.79719720908,61121.20378615122,61460.76171875,644098,0.0,0.0
2021-03-23 00:00:00+07:00,61121.20570200511,62479.450852877584,61053.29277556631,62343.625,710412,0.0,0.0
2021-03-24 00:00:00+07:00,60442.0750142654,61189.1171875,60306.24916458639,61189.1171875,3440501,0.0,0.0
2021-03-25 00:00:00+07:00,61189.11833672163,62343.62470277356,60442.07614945648,61324.9375,801436,0.0,0.0
2021-03-26 00:00:00+07:00,60645.81918087773,60781.64504263319,58404.70583981686,60577.90625,472892,0.0,0.0
2021-03-29 00:00:00+07:00,61121.20918278174,61460.767145361424,60442.07987971826,60781.64453125,374557,0.0,0.0
2021-03-30 00:00:00+07:00,60781.64176028972,61121.20639634113,60442.07712423831,60849.5546875,1245588,0.0,0.0
2021-03-31 00:00:00+07:00,60577.90799209617,61596.59529560536,60442.08212643463,60917.47265625,794628,0.0,0.0
2021-04-01 00:00:00+07:00,60985.38680918669,61528.68359375,60849.56094080776,61528.68359375,1553329,0.0,0.0
2021-04-02 00:00:00+07:00,62004.06676115014,62275.71177665854,61324.93750000001,61324.9375,1199067,0.0,0.0
2021-04-05 00:00:00+07:00,61460.765999237,61936.156502516336,60713.73046875,60713.73046875,912127,0.0,0.0
2021-04-06 00:00:00+07:00,60645.820924926935,60985.38558908077,60442.08212643463,60917.47265625,850730,0.0,0.0
2021-04-07 00:00:00+07:00,61053.2956243613,61800.3311610936,60442.079257892336,60509.9921875,1514374,0.0,0.0
2021-04-08 00:00:00+07:00,61121.21135848817,61121.21135848817,60374.16909852618,60442.08203125,863212,0.0,0.0
2021-04-09 00:00:00+07:00,60442.07976660851,61053.29613822184,60102.52180466428,60306.25390625,478061,0.0,0.0
2021-04-12 00:00:00+07:00,60442.07849606649,60509.99142481816,58948.0074414335,59695.04296875,2410366,0.0,0.0
2021-04-13 00:00:00+07:00,59491.3032795833,59695.042062746135,58200.971030788976,58404.703125,1712811,0.0,0.0
2021-04-14 00:00:00+07:00,58404.7048824276,59627.13092923622,58065.146922557215,58744.26953125,935073,0.0,0.0
2021-04-15 00:00:00+07:00,59627.12913502519,59966.69377362992,58065.14517534709,58404.703125,1855020,0.0,0.0
2021-04-16 00:00:00+07:00,58404.703125,59083.832402209446,58065.14517534709,58404.703125,744199,0.0,0.0
2021-04-19 00:00:00+07:00,58404.70499747098,59219.66015625,58133.05996683,59219.66015625,727810,0.0,0.0
2021-04-20 00:00:00+07:00,59423.388496994594,60442.0756920592,59151.74348354188,59762.953125,1778242,0.0,0.0
2021-04-22 00:00:00+07:00,59762.95782148241,59762.95782148241,58268.88671875,58268.88671875,1388806,0.0,0.0
2021-04-23 00:00:00+07:00,58200.971030788976,58404.703125,57046.457948484735,58404.703125,1071104,0.0,0.0
2021-04-26 00:00:00+07:00,58133.05783246821,58133.05783246821,55348.64453125,55348.64453125,1351615,0.0,0.0
2021-04-27 00:00:00+07:00,55348.64453125,55688.2091682741,54465.7831639391,55348.64453125,997352,0.0,0.0
2021-04-28 00:00:00+07:00,55348.6451622836,56027.77109959868,55076.99679404312,55620.296875,796646,0.0,0.0
2021-04-29 00:00:00+07:00,56367.33269142401,56774.80354950549,55891.94221988553,56706.890625,787190,0.0,0.0
2021-05-04 00:00:00+07:00,56367.3382079961,56571.0703125,55688.21224095202,56571.0703125,1173222,0.0,0.0
2021-05-05 00:00:00+07:00,57386.02195052565,58404.70247713632,57046.4573156876,58065.14453125,1159606,0.0,0.0
2021-05-06 00:00:00+07:00,58268.88432205191,58268.88432205191,57318.11001697857,57657.66796875,1148890,0.0,0.0
2021-05-07 00:00:00+07:00,57046.4609375,57657.67063006173,55688.212345341824,57046.4609375,1143344,0.0,0.0
2021-05-10 00:00:00+07:00,56706.89330988001,58404.703125,56367.33536022709,58404.703125,963060,0.0,0.0
2021-05-11 00:00:00+07:00,58200.96810347058,58472.613111739694,57725.57763333456,57929.31640625,930156,0.0,0.0
2021-05-12 00:00:00+07:00,58065.14580162098,58676.35546875,57793.494087807245,58676.35546875,776852,0.0,0.0
2021-05-13 00:00:00+07:00,58676.355331151535,58812.18118773989,58065.14566545582,58133.05859375,692384,0.0,0.0
2021-05-14 00:00:00+07:00,57793.49368459436,58133.05832449246,56706.89352587228,57114.37109375,1072617,0.0,0.0
2021-05-17 00:00:00+07:00,57725.57931029813,57725.57931029813,55824.03075241583,56027.76953125,1310263,0.0,0.0
2021-05-18 00:00:00+07:00,56231.51102952343,56367.336888648286,55212.82377503899,55688.2109375,1419693,0.0,0.0
2021-05-19 00:00:00+07:00,55688.21030893352,56367.336252416346,55348.64566495412,55416.55859375,377582,0.0,0.0
2021-05-20 00:00:00+07:00,55552.38374737688,55552.38374737688,54533.69651729951,54873.2578125,900655,0.0,0.0
2021-05-21 00:00:00+07:00,54329.96331908517,55552.3860389175,54194.13745761178,55009.0859375,752394,0.0,0.0
2021-05-24 00:00:00+07:00,55416.55921925028,56027.772240836144,55212.82377503899,55688.2109375,636155,0.0,0.0
2021-05-25 00:00:00+07:00,56027.77405420812,56503.15788757921,55756.12567164234,56299.42578125,749747,0.0,0.0
2021-05-26 00:00:00+07:00,55824.03231506137,56163.59695595688,55620.296875,55620.296875,522438,0.0,0.0
2021-05-27 00:00:00+07:00,55484.47126039829,55688.21004582331,54329.96150975093,54397.87109375,866741,0.0,0.0
2021-05-28 00:00:00+07:00,55076.99791591414,55959.859311273714,54669.52368301556,55688.2109375,864094,0.0,0.0
2021-05-31 00:00:00+07:00,55620.29644465043,56163.59652140364,54873.25758493629,56095.68359375,1109052,0.0,0.0
2021-06-01 00:00:00+07:00,57657.66718774509,57657.66718774509,56774.80582277526,56842.71875,1277736,0.0,0.0
2021-06-02 00:00:00+07:00,57250.19590056773,59423.38948923508,57046.4571203625,59355.4765625,2498113,0.0,0.0
2021-06-03 00:00:00+07:00,60442.07519257748,60442.07519257748,59762.952631130414,59966.69140625,1625190,0.0,0.0
2021-06-04 00:00:00+07:00,59627.128475732185,62343.625487678415,57725.57989847465,62071.98046875,2993198,0.0,0.0
2021-06-07 00:00:00+07:00,62411.53827663659,62547.36413027631,58404.702350071806,61596.58984375,2039084,0.0,0.0
2021-06-08 00:00:00+07:00,60917.4713060053,61528.68099898234,59491.306437122665,59830.87109375,1225921,0.0,0.0
2021-06-09 00:00:00+07:00,60034.60582985078,60442.07670130953,58472.61520389571,59355.4765625,1596824,0.0,0.0
2021-06-10 00:00:00+07:00,58744.27282805336,59219.66336308423,58065.15018124735,58472.62109375,1432300,0.0,0.0
2021-06-11 00:00:00+07:00,59083.83203125,59287.57081313365,58540.52861289359,59083.83203125,492559,0.0,0.0
2021-06-14 00:00:00+07:00,60442.07987971826,61392.85421505507,59762.957265606834,60781.64453125,2124562,0.0,0.0
2021-06-15 00:00:00+07:00,60781.64440865289,60985.38319916099,60102.52179591126,60238.34765625,691627,0.0,0.0
2021-06-16 00:00:00+07:00,60985.38095922874,62819.01662854996,60781.64217620376,62411.5390625,2710671,0.0,0.0
2021-06-17 00:00:00+07:00,61732.41088827443,64177.2559964744,61460.75920215737,63769.78515625,2149146,0.0,0.0
2021-06-18 00:00:00+07:00,63633.966351456125,63701.87928049693,62819.01789191838,62954.84375,949444,0.0,0.0
2021-06-21 00:00:00+07:00,63226.48323558843,65195.94462725022,62886.92530909763,63158.5703125,1219617,0.0,0.0
2021-06-22 00:00:00+07:00,64177.26234949166,64652.65284725624,63498.1397559227,64448.9140625,1605019,0.0,0.0
2021-06-23 00:00:00+07:00,64380.9947610622,64652.64644717926,63022.74970837928,63769.78515625,1143722,0.0,0.0
2021-06-24 00:00:00+07:00,63837.70181260791,65671.33742327263,63769.78888710539,65060.12109375,1711551,0.0,0.0
2021-06-25 00:00:00+07:00,65195.95121493893,66554.203125,64584.74153433506,66554.203125,1940496,0.0,0.0
2021-06-28 00:00:00+07:00,65739.2501858134,65807.16311114756,60374.16252917221,64516.82421875,1095184,0.0,0.0
2021-06-29 00:00:00+07:00,63837.69954338431,64177.25746987511,62547.36069365548,63158.5703125,996721,0.0,0.0
2021-06-30 00:00:00+07:00,63158.5703125,64109.34454678668,62139.88984407624,63158.5703125,1060766,0.0,0.0
2021-07-01 00:00:00+07:00,63498.14074483177,63973.53125,62819.01814068627,63973.53125,1239915,0.0,0.0
2021-07-02 00:00:00+07:00,64652.655344202896,66214.63937642238,64584.74241332795,65603.4296875,2329556,0.0,0.0
2021-07-05 00:00:00+07:00,65263.86314339304,65603.42778793558,62479.453125,62479.453125,1919316,0.0,0.0
2021-07-06 00:00:00+07:00,64245.17781863175,64448.91661144584,58268.88671875,58268.88671875,1771686,0.0,0.0
2021-07-07 00:00:00+07:00,58404.70721794493,62139.8984375,58404.70721794493,62139.8984375,1719619,0.0,0.0
2021-07-08 00:00:00+07:00,61664.49938245723,63701.87369720745,61053.2897636127,63158.5703125,1103757,0.0,0.0
2021-07-09 00:00:00+07:00,62275.71875,64448.919251121886,61324.94436687823,62275.71875,1283031,0.0,0.0
2021-07-12 00:00:00+07:00,62411.537156587336,62411.537156587336,59287.56933474404,59762.953125,1228946,0.0,0.0
2021-07-13 00:00:00+07:00,61664.50791013848,63090.67280327075,60509.99474692708,62139.8984375,732600,0.0,0.0
2021-07-14 00:00:00+07:00,62139.8961725096,62954.844643615164,61596.5927324712,62004.0703125,770927,0.0,0.0
2021-07-15 00:00:00+07:00,61460.76171875,62139.890961850506,61121.20378615122,61460.76171875,622792,0.0,0.0
2021-07-16 00:00:00+07:00,61121.2109375,61868.24650336429,61121.2109375,61121.2109375,351737,0.0,0.0
2021-07-19 00:00:00+07:00,59423.39048402407,60442.07771315207,58880.09375,58880.09375,863086,0.0,0.0
2021-07-20 00:00:00+07:00,58472.62036016391,60849.559627592906,57725.58478915421,60442.08203125,828794,0.0,0.0
2021-07-21 00:00:00+07:00,61121.20596866031,61121.20596866031,58948.00569104125,59355.4765625,717598,0.0,0.0
2021-07-22 00:00:00+07:00,60102.5207963428,61257.0272121173,59355.47857690386,60713.73046875,614850,0.0,0.0
2021-07-23 00:00:00+07:00,60645.814468862445,61053.29202246893,59762.953125,59762.953125,412379,0.0,0.0
2021-07-26 00:00:00+07:00,59627.12678105069,60849.552742816646,58880.09129456377,59966.69140625,773196,0.0,0.0
2021-07-27 00:00:00+07:00,61121.21135848817,61528.68226587877,60102.524056583214,60442.08203125,1106782,0.0,0.0
2021-07-28 00:00:00+07:00,60442.079257892336,61460.766513055285,60442.079257892336,60509.9921875,406201,0.0,0.0
2021-07-29 00:00:00+07:00,61053.2962524754,61121.20918278174,60374.16694941191,60781.64453125,635777,0.0,0.0
2021-07-30 00:00:00+07:00,61121.20639634113,61596.59019786134,60781.64176028972,60849.5546875,667800,0.0,0.0
2021-08-02 00:00:00+07:00,61800.33457516921,64313.093042610686,61528.68284173153,63498.14453125,1830436,0.0,0.0
2021-08-03 00:00:00+07:00,63498.13492794216,63566.04785103058,62411.534847478615,63158.5703125,1176501,0.0,0.0
2021-08-04 00:00:00+07:00,63158.57772070698,64313.09085967797,63022.75854755052,63837.70703125,643467,0.0,0.0
2021-08-05 00:00:00+07:00,63566.04915104531,63769.78792447734,62819.013670746,63701.875,800050,0.0,0.0
2021-08-06 00:00:00+07:00,63701.87979403409,64245.17654178843,62615.279609573416,62751.10546875,1540974,0.0,0.0
2021-08-09 00:00:00+07:00,62479.44777056704,63498.13492794216,61800.32522863409,63158.5703125,1243319,0.0,0.0
2021-08-10 00:00:00+07:00,63158.57854469497,65807.16951246285,63090.67230170687,65195.953125,2796022,0.0,0.0
2021-08-11 00:00:00+07:00,65875.08181161717,67165.41412818398,64652.655737386136,64856.39453125,1900910,0.0,0.0
2021-08-12 00:00:00+07:00,64177.2578125,64856.38704701,64177.2578125,64177.2578125,916667,0.0,0.0
2021-08-13 00:00:00+07:00,63905.61246647274,63973.52538956117,62207.79607821332,63158.5703125,1905953,0.0,0.0
2021-08-16 00:00:00+07:00,62819.01814068627,64516.82799552601,62479.45349413753,63973.53125,1399648,0.0,0.0
2021-08-17 00:00:00+07:00,63973.53151238726,63973.53151238726,62751.10546875,62751.10546875,1427509,0.0,0.0
2021-08-18 00:00:00+07:00,62751.10772967959,63158.578632938574,62547.368933573984,62886.93359375,658470,0.0,0.0
2021-08-19 00:00:00+07:00,62819.01814889599,62819.01814889599,60917.4695058785,61732.41796875,3261858,0.0,0.0
2021-08-20 00:00:00+07:00,61121.20713687575,61460.76508808944,59219.65852985253,59423.390625,3487400,0.0,0.0
2021-08-23 00:00:00+07:00,59423.39316679226,60102.52247617256,58268.88671875,58268.88671875,1460792,0.0,0.0
2021-08-24 00:00:00+07:00,59083.832402209446,59287.57118537228,57725.58053674237,58404.703125,1363844,0.0,0.0
2021-08-25 00:00:00+07:00,58472.615191847,59287.5703125,58404.70226512592,59287.5703125,701965,0.0,0.0
2021-08-26 00:00:00+07:00,59559.21966686821,59559.21966686821,58472.61944916852,58608.4453125,867120,0.0,0.0
2021-08-27 00:00:00+07:00,58608.44154018814,59151.74495854455,58404.70275830448,59083.83203125,1169314,0.0,0.0
2021-08-30 00:00:00+07:00,60034.60697729793,60102.51990533104,59219.65852985253,59423.390625,1214612,0.0,0.0
2021-08-31 00:00:00+07:00,59762.95615114328,60713.73046875,59491.30443498367,60713.73046875,1107917,0.0,0.0
2021-09-01 00:00:00+07:00,60577.90054544316,60713.72639440805,60170.4296875,60170.4296875,675868,0.0,0.0
2021-09-06 00:00:00+07:00,60781.6457724635,61460.76840044319,60577.90697738393,61392.85546875,1094427,0.0,0.0
2021-09-07 00:00:00+07:00,61460.76702139452,61528.679951563885,60238.34765625,60238.34765625,907842,0.0,0.0
2021-09-08 00:00:00+07:00,60238.34525339341,60442.07734682276,59559.21597878962,59627.12890625,693518,0.0,0.0
2021-09-09 00:00:00+07:00,60034.60383853511,60509.98762096072,59830.86506508778,60170.4296875,560386,0.0,0.0
2021-09-10 00:00:00+07:00,60102.51676301756,60645.8134699256,60102.51676301756,60170.4296875,530885,0.0,0.0
2021-09-13 00:00:00+07:00,60985.37809233781,60985.37809233781,60170.4296875,60170.4296875,773323,0.0,0.0
2021-09-14 00:00:00+07:00,60849.559627592906,61189.12429121199,60306.25616580236,60442.08203125,843545,0.0,0.0
2021-09-15 00:00:00+07:00,60781.64647684795,62683.19520838945,60102.52384099806,62139.8984375,1738907,0.0,0.0
2021-09-16 00:00:00+07:00,62479.45600153878,63022.7594578204,62411.54306950358,62886.93359375,1237645,0.0,0.0
2021-09-17 00:00:00+07:00,62615.27784552498,63022.75541157494,62275.71320715001,62411.5390625,1051437,0.0,0.0
2021-09-20 00:00:00+07:00,62411.5413639029,62411.5413639029,60306.25390625,60306.25390625,1911626,0.0,0.0
2021-09-21 00:00:00+07:00,59830.8683218209,60102.5200345373,58608.44230354894,59898.78125,1820476,0.0,0.0
2021-09-22 00:00:00+07:00,60102.51839507659,60781.64096939081,59491.30205813728,60034.60546875,897629,0.0,0.0
2021-09-23 00:00:00+07:00,60577.90920404988,62479.45798345012,60306.257467292,61528.68359375,1379729,0.0,0.0
2021-09-24 00:00:00+07:00,62139.89275635636,63022.75410893124,61528.67641991491,61800.328125,1166162,0.0,0.0
2021-09-27 00:00:00+07:00,62751.10793374067,62819.020865996725,61121.2109375,61121.2109375,1417424,0.0,0.0
2021-09-28 00:00:00+07:00,61800.32836037788,64856.38998736973,61257.02494813842,64584.73828125,5852006,0.0,0.0
2021-09-29 00:00:00+07:00,64856.38866210285,66825.85011332377,64720.56281181843,65739.25,3474919,0.0,0.0
2021-09-30 00:00:00+07:00,65603.42641505084,66010.8972910228,64924.3038291297,65875.078125,1569466,0.0,0.0
2021-10-01 00:00:00+07:00,65195.94685182913,70425.20866331144,65128.03392642342,70289.3828125,6705350,0.0,0.0
2021-10-04 00:00:00+07:00,71987.19836454686,75179.08604870057,70628.953125,70628.953125,5101752,0.0,0.0
2021-10-05 00:00:00+07:00,72666.31843171341,74635.77997993043,71647.63788231331,74024.5703125,2634901,0.0,0.0
2021-10-06 00:00:00+07:00,74024.57106632294,77148.5457416785,74024.57106632294,77080.6328125,3075901,0.0,0.0
2021-10-07 00:00:00+07:00,75382.8203125,76741.06547044676,74364.13309956407,75382.8203125,2843171,0.0,0.0
2021-10-08 00:00:00+07:00,75926.1161937751,77352.2809516106,74364.13227281626,76333.59375,2307619,0.0,0.0
2021-10-11 00:00:00+07:00,76469.41405059594,76741.06575878666,74771.60425230743,76401.5078125,2871286,0.0,0.0
2021-10-12 00:00:00+07:00,75926.11945459168,77759.75515845003,75111.17099609374,76061.9453125,2458022,0.0,0.0
2021-10-13 00:00:00+07:00,76401.50752543593,76401.50752543593,74703.6910445749,75382.8203125,2255803,0.0,0.0
2021-10-14 00:00:00+07:00,75179.0915737709,77759.76306973062,75179.0915737709,75586.5625,3786442,0.0,0.0
2021-10-15 00:00:00+07:00,76061.9453125,76741.06791308963,75722.38066772922,76061.9453125,1386285,0.0,0.0
2021-10-18 00:00:00+07:00,76401.5106949606,80883.73060445301,76265.68483574083,79118.0078125,3919953,0.0,0.0
2021-10-19 00:00:00+07:00,78778.44509262964,79797.13237275927,77420.1931561394,77759.7578125,1343546,0.0,0.0
2021-10-20 00:00:00+07:00,78370.96750499692,78370.96750499692,75043.26062847169,77759.7578125,2153937,0.0,0.0
2021-10-21 00:00:00+07:00,78099.32212688877,78370.96716183564,76061.9475755505,76197.7734375,2068208,0.0,0.0
2021-10-22 00:00:00+07:00,76333.59816489606,77352.28542542434,75179.08504443706,76129.859375,1614348,0.0,0.0
2021-10-25 00:00:00+07:00,76741.06791308963,78235.14566112912,75858.20652563754,76061.9453125,2665159,0.0,0.0
2021-10-26 00:00:00+07:00,76741.06378509173,78167.22852746188,76333.59292223709,77284.3671875,2984246,0.0,0.0
2021-10-27 00:00:00+07:00,78235.15355484767,82649.4609375,77895.58887581572,82649.4609375,5265394,0.0,0.0
2021-10-28 00:00:00+07:00,82513.62345903578,87199.5819257592,81019.55245936522,84890.5625,2950459,0.0,0.0
2021-10-29 00:00:00+07:00,84211.43536017384,86588.37446105327,82513.62553894673,84551.0,1462179,0.0,0.0
2021-11-01 00:00:00+07:00,84618.91806859749,86248.81506087625,82174.06589122709,82377.8046875,2617882,0.0,0.0
2021-11-02 00:00:00+07:00,83464.40044346347,83464.40044346347,81698.67768153652,82581.5390625,1900405,0.0,0.0
2021-11-03 00:00:00+07:00,82581.53764771292,83464.39901355121,80476.25027957861,81494.9375,2409484,0.0,0.0
2021-11-04 00:00:00+07:00,80204.61371955174,82853.19809644607,79457.57144054482,79525.484375,2093800,0.0,0.0
2021-11-05 00:00:00+07:00,80136.69383638621,83939.79108029672,78982.18073970941,83124.8359375,2034546,0.0,0.0
2021-11-08 00:00:00+07:00,84075.60923301736,84143.5221607635,80951.64131250189,83532.3125,2077915,0.0,0.0
2021-11-09 00:00:00+07:00,82038.2407707583,84211.43437332315,80815.81477066124,80951.640625,2199449,0.0,0.0
2021-11-10 00:00:00+07:00,81562.85495681093,83328.57778654534,80815.81940406977,81766.59375,1342160,0.0,0.0
2021-11-11 00:00:00+07:00,81494.94294181198,82853.19488938813,79729.22009222952,80815.8203125,2425243,0.0,0.0
2021-11-12 00:00:00+07:00,80951.63703932216,82106.15006111175,79050.0885407104,80204.6015625,1714198,0.0,0.0
2021-11-15 00:00:00+07:00,80815.81136180478,81427.02099159626,77895.57568355395,80747.8984375,2719622,0.0,0.0
2021-11-16 00:00:00+07:00,80136.69735871654,81630.76847494386,78982.18421129424,79253.8359375,1972519,0.0,0.0
2021-11-17 00:00:00+07:00,79457.55924138613,80612.07226091863,79321.7333933292,79729.2109375,884014,0.0,0.0
2021-11-18 00:00:00+07:00,78778.43816621961,79457.56073027839,77284.3671875,77284.3671875,1610188,0.0,0.0
2021-11-19 00:00:00+07:00,77284.37025121391,77420.18941824857,71919.28238450675,71987.1953125,3763624,0.0,0.0
2021-11-22 00:00:00+07:00,70628.94828418834,72190.93220929662,68999.04474391052,69338.609375,1811021,0.0,0.0
2021-11-23 00:00:00+07:00,69610.26374767031,71647.6382343858,69610.26374767031,71036.421875,968733,0.0,0.0
2021-11-24 00:00:00+07:00,72462.58525101632,72598.41110595793,69949.8203125,69949.8203125,1163136,0.0,0.0
2021-11-25 00:00:00+07:00,70357.29248320771,71375.97962821786,69813.98910509495,70561.03125,829172,0.0,0.0
2021-11-26 00:00:00+07:00,70561.03420052228,70628.94712562616,68999.04361208447,69270.6953125,1621282,0.0,0.0
2021-11-29 00:00:00+07:00,66282.5505285087,68659.4896674389,66282.5505285087,67504.9765625,1628847,0.0,0.0
2021-11-30 00:00:00+07:00,67980.3567803664,69066.95689876557,66757.9375,66757.9375,1753785,0.0,0.0
2021-12-01 00:00:00+07:00,66282.54927508665,67572.88821372968,66214.6363473185,66893.765625,1846826,0.0,0.0
2021-12-02 00:00:00+07:00,66825.8515625,67572.88706631285,66554.19985604017,66825.8515625,745208,0.0,0.0
2021-12-03 00:00:00+07:00,67301.23958146936,67301.23958146936,65603.4296875,65603.4296875,1302573,0.0,0.0
2021-12-06 00:00:00+07:00,65399.689001210056,65875.0795035696,61800.330524866855,62479.453125,1553581,0.0,0.0
2021-12-07 00:00:00+07:00,64177.259894615374,65535.51171875,63498.13732702386,65535.51171875,1215331,0.0,0.0
2021-12-08 00:00:00+07:00,66214.64072419898,67437.06681587793,65739.2568873502,66690.03125,1384897,0.0,0.0
2021-12-09 00:00:00+07:00,66486.2891950186,67912.44732462724,65875.07952360803,67029.5859375,706378,0.0,0.0
2021-12-10 00:00:00+07:00,66825.85575429688,66825.85575429688,65331.77796400022,65603.4296875,854009,0.0,0.0
2021-12-13 00:00:00+07:00,66554.203125,67437.06452540649,66010.89968539476,66554.203125,908724,0.0,0.0
2021-12-14 00:00:00+07:00,66486.29245322813,67165.41508684876,65535.51809057834,66690.03125,964447,0.0,0.0
2021-12-15 00:00:00+07:00,66282.548011027,66690.02556986499,65467.599582302726,66350.4609375,638046,0.0,0.0
2021-12-16 00:00:00+07:00,66554.20876223475,67980.36703409205,65942.99902986056,66961.6796875,1584217,0.0,0.0
2021-12-17 00:00:00+07:00,67301.23323697278,67912.44286827634,66418.37190777808,67233.3203125,872037,0.0,0.0
2021-12-20 00:00:00+07:00,66554.2051776353,66554.2051776353,65195.953225683625,65671.34375,1127080,0.0,0.0
2021-12-21 00:00:00+07:00,65671.34279181185,65807.16865392047,63837.70703125,63837.70703125,1966089,0.0,0.0
2021-12-22 00:00:00+07:00,65128.03221388827,65603.42267922794,64245.17089578028,64652.6484375,746343,0.0,0.0
2021-12-23 00:00:00+07:00,65195.94513750822,66350.45815009602,64177.257972160325,64652.6484375,1960164,0.0,0.0
2021-12-24 00:00:00+07:00,65399.68963846954,65875.08014546134,64720.56703171897,64992.21875,880231,0.0,0.0
2021-12-27 00:00:00+07:00,64992.21599182544,65739.25149644318,64992.21599182544,65128.03515625,414648,0.0,0.0
2021-12-28 00:00:00+07:00,65875.07390939728,66893.76106756511,65875.07390939728,66622.109375,1412002,0.0,0.0
2021-12-29 00:00:00+07:00,67097.49744186769,67097.49744186769,65739.25227002542,65875.078125,754412,0.0,0.0
2021-12-30 00:00:00+07:00,66554.20071092114,66825.8524208703,65875.078125,65875.078125,731970,0.0,0.0
2021-12-31 00:00:00+07:00,66146.72581756022,66146.72581756022,65263.86441351981,65331.77734375,891200,0.0,0.0
2022-01-04 00:00:00+07:00,65807.16180642131,69202.78125,65807.16180642131,69202.78125,2181420,0.0,0.0
2022-01-05 00:00:00+07:00,69746.08639932795,71579.7220152957,69610.26054793011,71308.0703125,2751518,0.0,0.0
2022-01-06 00:00:00+07:00,70628.95755539775,71240.16728263845,69881.91526893934,70425.21875,1335982,0.0,0.0
2022-01-07 00:00:00+07:00,70968.5159375745,74228.31677524582,70153.56740039482,73005.890625,2241431,0.0,0.0
2022-01-10 00:00:00+07:00,73005.87943740751,73005.87943740751,69270.6953125,69270.6953125,1261473,0.0,0.0
2022-01-11 00:00:00+07:00,69949.82370769858,70968.51098025357,69270.70108897929,70153.5625,861573,0.0,0.0
2022-01-12 00:00:00+07:00,71308.07090257616,73956.65495989649,71308.07090257616,73345.4453125,2049675,0.0,0.0
2022-01-13 00:00:00+07:00,74092.48019930108,75382.81909862903,71308.0703125,71308.0703125,974281,0.0,0.0
2022-01-14 00:00:00+07:00,70628.95334765247,72326.76324691431,70289.38869221925,71647.640625,722011,0.0,0.0
2022-01-17 00:00:00+07:00,72462.58669128161,74499.9611779971,66690.02787523836,71036.421875,2074637,0.0,0.0
2022-01-18 00:00:00+07:00,70628.9448785572,73345.44172943226,70628.9448785572,72666.3125,1173979,0.0,0.0
2022-01-19 00:00:00+07:00,73413.35465237549,73956.65134696997,71647.63203375427,72666.3125,837745,0.0,0.0
2022-01-20 00:00:00+07:00,72666.32165988928,73752.921875,71647.64106523465,73752.921875,904312,0.0,0.0
2022-01-21 00:00:00+07:00,73345.4463131245,73888.74304167207,71104.33309384328,72937.96875,1341025,0.0,0.0
2022-01-24 00:00:00+07:00,72666.32144369812,74024.57338078361,72530.5022700465,72734.234375,1297530,0.0,0.0
2022-01-25 00:00:00+07:00,71987.2013246262,74364.140625,70628.95602922895,74364.140625,1666794,0.0,0.0
2022-01-26 00:00:00+07:00,74907.43443793186,76741.07019634589,74024.57302421224,76197.7734375,1816190,0.0,0.0
2022-01-27 00:00:00+07:00,76401.50767598432,78031.40454431281,74839.51704563043,75926.1171875,1149143,0.0,0.0
2022-01-28 00:00:00+07:00,75994.03186071702,76741.0673851213,72326.76047823067,74024.5703125,2088253,0.0,0.0
2022-02-07 00:00:00+07:00,77284.36847605165,78778.4394796817,76129.85541563659,77895.578125,1167801,0.0,0.0
2022-02-08 00:00:00+07:00,77759.75997831838,78438.88262100282,76469.42093716086,77420.1953125,804083,0.0,0.0
2022-02-09 00:00:00+07:00,76741.06985476987,77148.54743880469,74703.6953125,74703.6953125,2305728,0.0,0.0
2022-02-10 00:00:00+07:00,76061.9453125,76605.24205518131,74703.69342236881,76061.9453125,1083963,0.0,0.0
2022-02-11 00:00:00+07:00,76401.50752543593,76605.23961686174,75382.8203125,75382.8203125,608924,0.0,0.0
2022-02-14 00:00:00+07:00,77148.5483353244,80136.69725278112,76605.2448836311,78778.4453125,2291860,0.0,0.0
2022-02-15 00:00:00+07:00,78778.4366900529,81223.2818882234,77148.53989127255,79729.2109375,1797279,0.0,0.0
2022-02-16 00:00:00+07:00,77759.7578125,78710.53216135752,76741.07053237037,77759.7578125,1066439,0.0,0.0
2022-02-17 00:00:00+07:00,77691.84224619926,80612.078125,77216.4584323699,80612.078125,1422214,0.0,0.0
2022-02-18 00:00:00+07:00,79117.9967757699,80612.06764086484,78303.0484230862,79457.5546875,923348,0.0,0.0
2022-02-21 00:00:00+07:00,79118.00769405751,79457.5656526466,78438.87839897534,78642.6171875,419313,0.0,0.0
2022-02-22 00:00:00+07:00,80136.69506769627,80476.2530267937,78778.44316445057,79118.0078125,909228,0.0,0.0
2022-02-23 00:00:00+07:00,79865.03220831738,81834.49351436592,78982.17093549744,79457.5546875,1628972,0.0,0.0
2022-02-24 00:00:00+07:00,80136.69768318803,83192.75285956802,79661.3071604031,80815.8203125,2382757,0.0,0.0
2022-02-25 00:00:00+07:00,81562.85218089468,82989.0169957279,79185.91974144187,79593.390625,1664525,0.0,0.0
2022-02-28 00:00:00+07:00,80815.81792172146,81223.28881167353,79457.56601432654,80136.6953125,1185326,0.0,0.0
2022-03-01 00:00:00+07:00,80815.81448614197,80815.81448614197,78846.35298306718,79932.953125,1308246,0.0,0.0
2022-03-02 00:00:00+07:00,81494.93735340326,82309.88579048406,80136.69218791921,80951.640625,1964450,0.0,0.0
2022-03-03 00:00:00+07:00,82785.27656487857,82785.27656487857,80815.81504810878,81970.328125,1725292,0.0,0.0
2022-03-04 00:00:00+07:00,81494.94053094291,81494.94053094291,80136.6953125,80136.6953125,1986714,0.0,0.0
2022-03-07 00:00:00+07:00,85230.1237334301,85230.1237334301,83192.74924506055,84618.9140625,2854392,0.0,0.0
2022-03-08 00:00:00+07:00,83260.6603677445,85433.86066672188,81562.85056058482,81970.328125,1798793,0.0,0.0
2022-03-09 00:00:00+07:00,83396.49435268683,85026.39139133898,81970.3361161043,82989.0234375,1635906,0.0,0.0
2022-03-10 00:00:00+07:00,80136.6920536737,81359.11136277119,79321.73692900638,80476.25,1214700,0.0,0.0
2022-03-11 00:00:00+07:00,80136.69561698877,80136.69561698877,76265.6853584997,76673.15625,2041732,0.0,0.0
2022-03-14 00:00:00+07:00,74703.69236537429,76061.94423628734,71987.1953125,71987.1953125,1751515,0.0,0.0
2022-03-15 00:00:00+07:00,70628.94832891876,73345.4453125,69270.6964926523,73345.4453125,1218357,0.0,0.0
2022-03-16 00:00:00+07:00,73685.00016113328,74703.68732332486,71987.19045379778,74160.390625,777861,0.0,0.0
2022-03-17 00:00:00+07:00,73413.3601114063,74567.8665093878,71987.1953125,71987.1953125,937971,0.0,0.0
2022-03-18 00:00:00+07:00,73345.44659194154,74567.86590805846,73005.88195471364,73956.65625,757689,0.0,0.0
2022-03-21 00:00:00+07:00,74296.22714278022,78099.32464413678,73956.66247696184,77420.1953125,1425618,0.0,0.0
2022-03-22 00:00:00+07:00,78099.3125,79117.99965010096,77080.62534989904,78099.3125,1141326,0.0,0.0
2022-03-23 00:00:00+07:00,77623.92481010668,78235.14113533607,76129.85383744902,76265.6796875,1349597,0.0,0.0
2022-03-24 00:00:00+07:00,78031.40236025961,78099.3152852851,75994.02798739805,76265.6796875,751386,0.0,0.0
2022-03-25 00:00:00+07:00,77352.28634430304,77420.19258612303,73345.45018455747,75179.0859375,485625,0.0,0.0
2022-03-28 00:00:00+07:00,75246.99659867113,76741.06765268896,74907.43195505258,75043.2578125,450326,0.0,0.0
2022-03-29 00:00:00+07:00,74703.69230806999,76741.06676840082,73956.65678966917,75994.03125,877080,0.0,0.0
2022-03-30 00:00:00+07:00,75314.9128286038,75654.47079815398,74092.48674694744,74771.609375,744452,0.0,0.0
2022-03-31 00:00:00+07:00,74703.69392203892,75994.03289184664,73481.27457059159,73549.1875,471757,0.0,0.0
2022-04-01 00:00:00+07:00,73209.61430583755,75314.90149380479,72666.31093400023,74499.953125,541854,0.0,0.0
2022-04-04 00:00:00+07:00,74771.60314008953,76673.15169123578,74635.77728801456,76333.59375,768405,0.0,0.0
2022-04-05 00:00:00+07:00,76537.32180463013,77963.48648728787,75382.81550075398,77623.921875,917549,0.0,0.0
2022-04-06 00:00:00+07:00,77691.8369061545,79118.00162752092,76876.88850349573,77216.453125,1049672,0.0,0.0
2022-04-07 00:00:00+07:00,77216.45854914314,78099.31993812018,75994.0325148088,76605.2421875,919061,0.0,0.0
2022-04-08 00:00:00+07:00,77284.3756377536,77759.75947788762,74839.5234375,74839.5234375,778239,0.0,0.0
2022-04-12 00:00:00+07:00,75179.0822550687,76401.50826013739,72666.31731748572,73956.65625,797907,0.0,0.0
2022-04-13 00:00:00+07:00,74092.48674694744,75043.26110180191,73277.53825549394,74771.609375,647502,0.0,0.0
2022-04-14 00:00:00+07:00,75654.46321271753,76401.50538652115,75586.55028782628,75790.2890625,582071,0.0,0.0
2022-04-15 00:00:00+07:00,76401.50392696285,80136.68796881869,76061.93930899363,78167.2265625,2252777,0.0,0.0
2022-04-18 00:00:00+07:00,79321.7431072744,80068.78536307225,77556.02024420214,78303.0625,1069087,0.0,0.0
2022-04-19 00:00:00+07:00,79797.12652992556,79797.12652992556,77352.28125,77352.28125,852748,0.0,0.0
2022-04-20 00:00:00+07:00,77148.54332374342,77148.54332374342,72326.75894794997,72394.671875,1776603,0.0,0.0
2022-04-21 00:00:00+07:00,70628.94774446236,73549.18348266129,69949.81848747312,71308.0703125,1352119,0.0,0.0
2022-04-22 00:00:00+07:00,71375.98253042255,76265.6796875,67912.44342097727,76265.6796875,1691630,0.0,0.0
2022-04-25 00:00:00+07:00,74024.56949375448,76265.68273113146,70968.5078125,70968.5078125,862581,0.0,0.0
2022-04-26 00:00:00+07:00,69270.69876317475,74024.5703125,66622.11461904038,74024.5703125,844301,0.0,0.0
2022-04-27 00:00:00+07:00,71308.07146075628,75722.37825751083,70628.94888178291,75382.8203125,995461,0.0,0.0
2022-04-28 00:00:00+07:00,74907.43374869246,74907.43374869246,73141.7109375,73141.7109375,271556,0.0,0.0
2022-04-29 00:00:00+07:00,72666.31790348061,73617.0922064342,71308.07272151939,71987.1953125,691249,0.0,0.0
2022-05-04 00:00:00+07:00,73073.79360745638,74703.69045981478,72802.14190241275,73345.4453125,656957,0.0,0.0
2022-05-05 00:00:00+07:00,75382.82679567975,75382.82679567975,73956.66189933373,74296.2265625,442762,0.0,0.0
2022-05-06 00:00:00+07:00,72326.76061019805,74635.78011611084,72326.76061019805,74567.8671875,726549,0.0,0.0
2022-05-09 00:00:00+07:00,74024.57421021968,74024.57421021968,69949.82504225831,71240.1640625,720120,0.0,0.0
2022-05-10 00:00:00+07:00,68252.0092876904,73413.3582387609,67912.44465638587,73345.4453125,813413,0.0,0.0
2022-05-11 00:00:00+07:00,72870.05609982247,74364.13381467349,71987.19473198168,73956.65625,414143,0.0,0.0
2022-05-12 00:00:00+07:00,73345.4505323061,73345.4505323061,70357.3016310224,71715.546875,1051310,0.0,0.0
2022-05-13 00:00:00+07:00,70832.68110307686,72326.75880629968,67912.4453125,67912.4453125,1133888,0.0,0.0
2022-05-16 00:00:00+07:00,69949.81811177378,70357.29566377877,64516.82421875,64516.82421875,1205119,0.0,0.0
2022-05-17 00:00:00+07:00,64516.827989412464,68523.6640625,63837.70538533132,68523.6640625,651411,0.0,0.0
2022-05-18 00:00:00+07:00,68591.57335139785,72258.84458333334,68116.18287150537,71308.0703125,1147126,0.0,0.0
2022-05-19 00:00:00+07:00,67572.88630379605,72326.75766844023,67572.88630379605,71851.3671875,1483359,0.0,0.0
2022-05-20 00:00:00+07:00,71647.63708985776,72462.58553373526,70357.29815182982,70968.5078125,369262,0.0,0.0
2022-05-23 00:00:00+07:00,71647.63463166276,71783.45379352261,69813.99233465998,70289.3828125,682172,0.0,0.0
2022-05-24 00:00:00+07:00,70289.38327088534,72598.40937183466,69678.17362719953,71851.3671875,1059505,0.0,0.0
2022-05-25 00:00:00+07:00,72190.93561014257,73617.09375,71851.37096305653,73617.09375,964321,0.0,0.0
2022-05-26 00:00:00+07:00,74703.69380024033,75518.6422628605,71987.19669518912,73073.796875,712681,0.0,0.0
2022-05-27 00:00:00+07:00,73685.00804136506,75518.64379161752,73685.00804136506,74703.6953125,509705,0.0,0.0
2022-05-30 00:00:00+07:00,75858.20844497987,76265.68602901469,74567.86945115506,74703.6953125,1185956,0.0,0.0
2022-05-31 00:00:00+07:00,75246.994611569,79932.953125,74364.13325042702,79932.953125,2972900,0.0,0.0
2022-06-01 00:00:00+07:00,80612.07850427345,84143.52407145624,79457.56539532462,82174.0625,2187850,0.0,0.0
2022-06-02 00:00:00+07:00,81494.93391590104,83532.30826714128,80000.86295909897,80747.8984375,1890194,0.0,0.0
2022-06-03 00:00:00+07:00,80136.69731582521,84890.56907712073,80136.69731582521,84347.265625,2980969,0.0,0.0
2022-06-06 00:00:00+07:00,85230.12460332322,89983.9962283881,85230.12460332322,88218.2734375,3966474,0.0,0.0
2022-06-07 00:00:00+07:00,88218.27456955958,88965.3101154521,84279.35135982366,88286.1875,2894483,0.0,0.0
2022-06-08 00:00:00+07:00,88286.18395338273,89576.52289096333,87131.67087122661,87539.1484375,2147381,0.0,0.0
2022-06-09 00:00:00+07:00,87539.15045414574,88422.01184579148,86384.63734539301,86656.2890625,1631116,0.0,0.0
2022-06-10 00:00:00+07:00,85909.25313980336,86656.28866950776,80612.078125,80612.078125,3096072,0.0,0.0
2022-06-13 00:00:00+07:00,78099.32079588363,82921.10536815519,77759.75614679689,80136.6953125,2190119,0.0,0.0
2022-06-14 00:00:00+07:00,81494.93856506137,85569.6875,80204.60630756216,85569.6875,1711676,0.0,0.0
2022-06-15 00:00:00+07:00,84211.4375,86995.8475504713,82038.2438167469,84211.4375,2803082,0.0,0.0
2022-06-16 00:00:00+07:00,84958.4825405875,89576.52846776789,83396.49179491246,86927.9375,2938482,0.0,0.0
2022-06-17 00:00:00+07:00,84890.56310388005,91002.6796875,84550.99847019772,91002.6796875,2090270,0.0,0.0
2022-06-20 00:00:00+07:00,88965.3010494896,89644.43028468746,84686.8203125,84686.8203125,2670076,0.0,0.0
2022-06-21 00:00:00+07:00,84211.4379075739,86452.55122031666,78778.44363971804,81155.3828125,2957015,0.0,0.0
2022-06-22 00:00:00+07:00,80476.24258607808,81494.92970911332,75518.6328125,75518.6328125,2379479,0.0,0.0
2022-06-23 00:00:00+07:00,74703.68892866935,80747.89910829633,74703.68892866935,79321.734375,2002903,0.0,0.0
2022-06-24 00:00:00+07:00,79321.74406317828,79932.96046165138,77284.37613512499,77420.1953125,1331317,0.0,0.0
2022-06-27 00:00:00+07:00,78099.32133169967,79932.95707144402,77420.19202886689,77691.84375,1139183,0.0,0.0
2022-06-28 00:00:00+07:00,79118.00996980832,79865.04552693445,78370.96772373,78778.4453125,1006429,0.0,0.0
2022-06-29 00:00:00+07:00,78778.43217508876,80136.6838888623,77623.9192217239,79457.5546875,1221256,0.0,0.0
2022-06-30 00:00:00+07:00,79118.01214579477,81155.38676777435,78438.8828125,78438.8828125,1271055,0.0,0.0
2022-07-01 00:00:00+07:00,77963.48844599653,78642.61099868284,74703.6881529896,76741.0625,1228568,0.0,0.0
2022-07-04 00:00:00+07:00,76129.86109973326,76401.51282574899,73685.00894349607,73752.921875,583457,0.0,0.0
2022-07-05 00:00:00+07:00,74024.56920494133,75246.99521046408,69270.6977267437,69949.8203125,2273579,0.0,0.0
2022-07-06 00:00:00+07:00,67640.7988849424,67844.53766144995,65060.12109375,65060.12109375,2154567,0.0,0.0
2022-07-07 00:00:00+07:00,63905.6171875,65535.51408412826,62886.929954869374,63905.6171875,792233,0.0,0.0
2022-07-08 00:00:00+07:00,66214.63694891459,66690.0274476108,64516.82711718895,64924.3046875,872794,0.0,0.0
2022-07-11 00:00:00+07:00,64856.39163201249,65807.1659385898,64448.9140625,64448.9140625,601486,0.0,0.0
2022-07-12 00:00:00+07:00,64652.64924938869,67233.3203125,64652.64924938869,67233.3203125,982601,0.0,0.0
2022-07-13 00:00:00+07:00,65875.07405680271,65875.07405680271,64788.47397306217,65399.68359375,1130105,0.0,0.0
2022-07-14 00:00:00+07:00,65875.08063652685,67369.15172030605,65875.08063652685,67097.5,879601,0.0,0.0
2022-07-15 00:00:00+07:00,67097.50205406985,67165.4149862254,65875.08265317451,66214.640625,651662,0.0,0.0
2022-07-18 00:00:00+07:00,66282.55355715554,66893.76994655546,65535.51799239679,66214.640625,715960,0.0,0.0
2022-07-19 00:00:00+07:00,67097.49398428452,69270.6941739877,66757.93605329753,69202.78125,1177383,0.0,0.0
2022-07-20 00:00:00+07:00,70289.38494985404,70696.86251467888,69270.6977267437,69949.8203125,1222264,0.0,0.0
2022-07-21 00:00:00+07:00,69881.90428154283,71308.06900614139,68931.1300281276,70696.859375,1087871,0.0,0.0
2022-07-22 00:00:00+07:00,70628.95367365239,74635.78318149794,70628.95367365239,73209.625,1371282,0.0,0.0
2022-07-25 00:00:00+07:00,73005.88459689228,74364.13650600906,70900.59714778968,71104.3359375,685450,0.0,0.0
2022-07-26 00:00:00+07:00,73141.71045669916,73141.71045669916,70628.95211712795,71104.3359375,609428,0.0,0.0
2022-07-27 00:00:00+07:00,71036.42300759656,71579.72644682409,70289.38746761075,71104.3359375,472262,0.0,0.0
2022-07-28 00:00:00+07:00,72666.32132941336,74499.96378272821,71647.64073939156,72190.9375,666792,0.0,0.0
2022-07-29 00:00:00+07:00,73345.45530255511,74364.14264626786,72530.50676537542,73005.890625,1929024,0.0,0.0
2022-08-01 00:00:00+07:00,73005.8795491686,74364.13136437404,72530.49576166521,73277.53125,535676,0.0,0.0
2022-08-02 00:00:00+07:00,73005.89070092843,73617.10043221072,71783.46454941125,73481.28125,560764,0.0,0.0
2022-08-03 00:00:00+07:00,73549.18700805203,76741.06791308963,73345.44822118957,76061.9453125,735752,0.0,0.0
2022-08-04 00:00:00+07:00,75722.38014676933,75994.03186071702,73685.00567006538,74024.5703125,970498,0.0,0.0
2022-08-05 00:00:00+07:00,73209.62744164566,74703.69860437312,72326.76599295172,74364.140625,1045940,0.0,0.0
2022-08-08 00:00:00+07:00,74092.48139239404,76061.94289147337,73345.44588662815,75382.8203125,442005,0.0,0.0
2022-08-09 00:00:00+07:00,75586.55480982091,76401.50995727078,74703.69342236881,76061.9453125,464698,0.0,0.0
2022-08-10 00:00:00+07:00,75382.82699531311,76197.77550011805,74771.61059999517,75314.9140625,491173,0.0,0.0
2022-08-11 00:00:00+07:00,76061.93994731369,77352.278817474,75586.54947816725,76741.0625,1067700,0.0,0.0
2022-08-12 00:00:00+07:00,76741.06941498618,78710.53101529709,76741.06941498618,77691.84375,540593,0.0,0.0
2022-08-15 00:00:00+07:00,78099.32464413678,78235.15051046413,76537.33387032454,77420.1953125,509705,0.0,0.0
2022-08-16 00:00:00+07:00,76741.06816660745,77420.1907694406,76061.94556377431,77080.6328125,411244,0.0,0.0
2022-08-17 00:00:00+07:00,77420.18718869645,78031.4035230338,75722.37741566265,76333.59375,1108422,0.0,0.0
2022-08-18 00:00:00+07:00,76741.06265489403,80068.7758787814,75994.02717653612,77216.453125,1244832,0.0,0.0
2022-08-19 00:00:00+07:00,78031.40525861572,80136.69263470043,77691.84062087568,78506.7890625,676751,0.0,0.0
2022-08-22 00:00:00+07:00,78370.96420310232,79457.56436872386,77895.58039317833,78031.40625,466715,0.0,0.0
2022-08-23 00:00:00+07:00,78438.8675744076,79661.29344790868,78438.8675744076,79457.5546875,1130232,0.0,0.0
2022-08-24 00:00:00+07:00,80136.69519552751,81155.38245234876,79457.56589834535,79661.3046875,1081190,0.0,0.0
2022-08-25 00:00:00+07:00,80068.78213808639,80815.81767484313,79118.0078125,79118.0078125,535172,0.0,0.0
2022-08-26 00:00:00+07:00,79118.00985628266,79118.00985628266,78167.23550613578,78235.1484375,619640,0.0,0.0
2022-08-29 00:00:00+07:00,77556.01944607419,79797.1328125,77556.01944607419,79797.1328125,844426,0.0,0.0
2022-08-30 00:00:00+07:00,79865.03711048943,81494.93391590104,79457.55956466078,80747.8984375,914145,0.0,0.0
2022-08-31 00:00:00+07:00,80000.8749161862,80815.82344069582,79389.65850608966,79525.484375,541223,0.0,0.0
2022-09-05 00:00:00+07:00,78982.18082136339,79797.12927605075,78574.70324954377,79050.09375,410361,0.0,0.0
2022-09-06 00:00:00+07:00,79797.13041964686,80000.8692084765,79050.09488289012,79118.0078125,311772,0.0,0.0
2022-09-07 00:00:00+07:00,78778.44240381043,78778.44240381043,76061.9453125,76061.9453125,1066691,0.0,0.0
2022-09-08 00:00:00+07:00,76741.06562166424,77080.6302562959,75111.16875333575,75926.1171875,397376,0.0,0.0
2022-09-09 00:00:00+07:00,76673.1597366519,77420.1953125,75790.29829447644,77420.1953125,527859,0.0,0.0
2022-09-12 00:00:00+07:00,77420.1852089511,78370.95946021155,77080.6272763983,77216.453125,856404,0.0,0.0
2022-09-13 00:00:00+07:00,77148.54474414948,77963.49319480237,76605.2413177463,77556.015625,310764,0.0,0.0
2022-09-14 00:00:00+07:00,76265.68195840465,77216.4562481204,75926.11732316624,76401.5078125,399771,0.0,0.0
2022-09-15 00:00:00+07:00,77420.18820197583,77556.01405582849,75518.63962594201,75926.1171875,714069,0.0,0.0
2022-09-16 00:00:00+07:00,75382.8203125,76741.06547044676,75043.25567853745,75382.8203125,628843,0.0,0.0
2022-09-19 00:00:00+07:00,75382.81972242384,76605.23901721681,73345.4453125,73345.4453125,631870,0.0,0.0
2022-09-20 00:00:00+07:00,74703.69405178522,74703.69405178522,73005.88419153028,74092.484375,508570,0.0,0.0
2022-09-21 00:00:00+07:00,74092.48324098693,74635.77997993043,73549.18650204342,74024.5703125,273195,0.0,0.0
2022-09-22 00:00:00+07:00,74024.56846560152,75654.46533071832,73888.7426120165,75382.8203125,292988,0.0,0.0
2022-09-23 00:00:00+07:00,75654.46561497552,77759.7529755501,75382.82059573654,76401.5078125,455999,0.0,0.0
2022-09-26 00:00:00+07:00,75382.82406832399,77556.0177671049,75382.82406832399,77148.546875,840519,0.0,0.0
2022-09-27 00:00:00+07:00,77420.19270653902,77420.19270653902,75382.82484706346,75722.3828125,271304,0.0,0.0
2022-09-28 00:00:00+07:00,74703.69553259268,76197.77332283676,70628.953125,70628.953125,835601,0.0,0.0
2022-09-29 00:00:00+07:00,72326.75750903225,73141.70592846774,71308.0703125,71308.0703125,387795,0.0,0.0
2022-09-30 00:00:00+07:00,69270.70099241508,76061.94723699728,68863.22340838026,74703.6953125,906581,0.0,0.0
2022-10-03 00:00:00+07:00,74024.5642699132,74024.5642699132,72190.92872834875,72666.3125,463185,0.0,0.0
2022-10-04 00:00:00+07:00,72734.23083147385,74024.56977439368,70289.38549057255,71987.1953125,328288,0.0,0.0
2022-10-05 00:00:00+07:00,72055.10288246229,73956.65134696997,72055.10288246229,72666.3125,545005,0.0,0.0
2022-10-06 00:00:00+07:00,72802.14616425755,73685.00756838045,72598.4140625,72598.4140625,627583,0.0,0.0
2022-10-07 00:00:00+07:00,72598.40857573574,72598.40857573574,69270.6953125,69270.6953125,455495,0.0,0.0
2022-10-10 00:00:00+07:00,69270.69825962571,74092.48270238691,69270.69825962571,71987.1953125,543367,0.0,0.0
2022-10-11 00:00:00+07:00,71987.18864080086,74092.47583557191,71308.06611276063,72055.1015625,640695,0.0,0.0
2022-10-12 00:00:00+07:00,71375.98034198135,73209.61588354582,71375.98034198135,72666.3125,214066,0.0,0.0
2022-10-13 00:00:00+07:00,71919.28054997264,73481.27116502181,71375.98382883707,73345.4453125,686584,0.0,0.0
2022-10-14 00:00:00+07:00,73413.36077901955,74839.51890194335,73345.44785040872,74567.8671875,488903,0.0,0.0
2022-10-17 00:00:00+07:00,73277.53736775805,76876.8959484693,72802.14685161394,75722.3828125,378465,0.0,0.0
2022-10-18 00:00:00+07:00,76876.89132403178,76876.89132403178,75382.8203125,75382.8203125,565429,0.0,0.0
2022-10-19 00:00:00+07:00,75450.73627657515,76741.06855967194,73345.44883916207,74092.484375,533532,0.0,0.0
2022-10-20 00:00:00+07:00,74024.57502800332,75382.82699531311,73481.27825445081,75314.9140625,208268,0.0,0.0
2022-10-21 00:00:00+07:00,75314.90547466029,76469.41182293498,72802.140625,72802.140625,590391,0.0,0.0
2022-10-24 00:00:00+07:00,72802.140625,73956.65366222622,72326.75683846658,72802.140625,634895,0.0,0.0
2022-10-25 00:00:00+07:00,72802.140625,74024.5665872955,71715.54051284304,72802.140625,463060,0.0,0.0
2022-10-26 00:00:00+07:00,72802.14190241275,73481.27116502181,72598.4098125817,73345.4453125,229195,0.0,0.0
2022-10-27 00:00:00+07:00,73956.65976405494,75518.64379161752,72734.2337009026,74703.6953125,590769,0.0,0.0
2022-10-28 00:00:00+07:00,74771.60583690427,75382.8221932866,74024.5703125,74024.5703125,244702,0.0,0.0
2026-05-04 00:00:00+07:00,77000.0,79900.0,76200.0,76500.0,1666431,0.0,0.0
2026-05-05 00:00:00+07:00,76700.0,78300.0,76100.0,77700.0,1323501,0.0,0.0
2026-05-06 00:00:00+07:00,78000.0,80500.0,77600.0,79200.0,2990650,0.0,0.0
2026-05-07 00:00:00+07:00,78400.0,79000.0,76000.0,76000.0,2328656,0.0,0.0
2026-05-08 00:00:00+07:00,76900.0,77300.0,74500.0,74700.0,1421246,0.0,0.0
