Date,Open,High,Low,Close,Volume,Dividends,Stock Splits
2018-01-05 00:00:00+07:00,7932.371909606074,8054.408203125,7423.886589534603,8054.408203125,148602229,0.0,0.0
2018-01-08 00:00:00+07:00,8135.766194813301,8135.766194813301,8054.408358731848,8074.748046875,86013916,0.0,0.0
2018-01-09 00:00:00+07:00,8074.748094582667,8095.087782845991,7912.032421458398,8084.91748046875,46090254,0.0,0.0
2018-01-10 00:00:00+07:00,7973.051280528315,8196.7841796875,7952.711592789796,8196.7841796875,54613152,0.0,0.0
2018-01-11 00:00:00+07:00,8217.124002539647,8644.251953125,8196.784314466682,8644.251953125,50683897,0.0,0.0
2018-01-12 00:00:00+07:00,8664.590431647735,9244.2646484375,8664.590431647735,9244.2646484375,90966399,0.0,0.0
2018-01-15 00:00:00+07:00,9254.4345703125,9295.113030949331,8949.342907817165,9254.4345703125,43187415,0.0,0.0
2018-01-16 00:00:00+07:00,9071.379849717558,9193.416144446684,9040.869859544131,9142.5673828125,40272576,0.0,0.0
2018-01-17 00:00:00+07:00,9132.398315667482,9142.567701752623,8684.9306640625,8684.9306640625,41938969,0.0,0.0
2018-01-18 00:00:00+07:00,8664.590803781884,8949.3427734375,8481.536358928057,8949.3427734375,29398183,0.0,0.0
2018-01-19 00:00:00+07:00,9051.040034938997,9376.470455153662,9051.040034938997,9193.416015625,33031670,0.0,0.0
2018-01-22 00:00:00+07:00,9112.05827640056,9234.094570691344,9010.360753497478,9213.7548828125,20313052,0.0,0.0
2018-01-25 00:00:00+07:00,9254.434778861627,9823.938739558094,9152.737250241033,9722.2412109375,81523215,0.0,0.0
2018-01-26 00:00:00+07:00,9722.241067419494,9783.259217094634,9417.149402552612,9559.525390625,26197636,0.0,0.0
2018-01-29 00:00:00+07:00,9579.864698210873,9661.222533371289,9417.149027890046,9569.6953125,30416982,0.0,0.0
2018-01-30 00:00:00+07:00,9569.695693231643,9569.695693231643,9295.113103202331,9559.525390625,28339653,0.0,0.0
2018-01-31 00:00:00+07:00,9539.186115206463,9539.186115206463,9356.130759345946,9478.16796875,40982462,0.0,0.0
2018-02-01 00:00:00+07:00,9478.168070083788,9498.506841459302,9315.45240013283,9356.130859375,18127343,0.0,0.0
2018-02-02 00:00:00+07:00,9356.130859375,9356.130859375,9213.754877290696,9356.130859375,21075400,0.0,0.0
2018-02-05 00:00:00+07:00,9193.415864559658,9274.773697399243,8705.269784013264,8745.9482421875,25761462,0.0,0.0
2018-02-06 00:00:00+07:00,8135.766028451004,8400.178302940587,8135.766028451004,8339.16015625,19868530,0.0,0.0
2018-02-07 00:00:00+07:00,8623.912619408862,8918.833984375,8603.57293050014,8918.833984375,32475483,0.0,0.0
2018-02-08 00:00:00+07:00,8918.833994933551,9325.62227464246,8847.646458405527,9132.3984375,47795039,0.0,0.0
2018-02-09 00:00:00+07:00,8908.664211585936,9091.71865434746,8562.894097597844,9071.3798828125,18247953,0.0,0.0
2018-02-12 00:00:00+07:00,9091.718335812715,9559.524728585231,9081.548950401528,9457.828125,21889608,0.0,0.0
2018-02-13 00:00:00+07:00,9549.355500785496,9549.355500785496,9254.43415408222,9478.16796875,24292648,0.0,0.0
2018-02-21 00:00:00+07:00,9539.186211647162,9579.864670865683,9254.43424764409,9498.5068359375,15998103,0.0,0.0
2018-02-22 00:00:00+07:00,9396.809822329897,9396.809822329897,9152.736328125,9152.736328125,21427366,0.0,0.0
2018-02-23 00:00:00+07:00,9152.737186160515,9457.828853395085,9020.531499668778,9061.2099609375,14190380,0.0,0.0
2018-02-26 00:00:00+07:00,9061.209684123003,9356.131039662334,8878.155239269174,8949.3427734375,10972763,0.0,0.0
2018-02-27 00:00:00+07:00,9051.0400390625,9071.379726738662,8705.269931023413,9051.0400390625,7288196,0.0,0.0
2018-02-28 00:00:00+07:00,8949.342362505058,9051.039882637138,8745.948238732015,9030.7001953125,14956189,0.0,0.0
2018-03-01 00:00:00+07:00,8806.966260545492,8949.34223683646,8786.62748999757,8939.1728515625,12641648,0.0,0.0
2018-03-02 00:00:00+07:00,8847.646043943072,8857.8154296875,8786.627896494212,8857.8154296875,8345296,0.0,0.0
2018-03-05 00:00:00+07:00,8867.98453320132,8888.324220533994,8725.60947134594,8745.9482421875,11899049,0.0,0.0
2018-03-06 00:00:00+07:00,8745.948553573822,8857.815463149715,8705.270093951292,8786.6279296875,12362863,0.0,0.0
2018-03-07 00:00:00+07:00,8786.62793665345,8929.003920181904,8583.233805397256,8644.251953125,14073577,0.0,0.0
2018-03-08 00:00:00+07:00,8745.948560507522,8847.646084381195,8501.87596959655,8644.251953125,10071438,0.0,0.0
2018-03-09 00:00:00+07:00,8562.894117324293,8827.306396308231,8522.215657669514,8644.251953125,11159912,0.0,0.0
2018-03-12 00:00:00+07:00,8644.251953125,8725.609788925709,8583.233805397256,8644.251953125,6586850,0.0,0.0
2018-03-13 00:00:00+07:00,8644.251640298786,8644.251640298786,8552.724422019442,8603.572265625,7788369,0.0,0.0
2018-03-14 00:00:00+07:00,8644.252032014454,9000.191535838394,8623.912343755865,8949.3427734375,40947485,0.0,0.0
2018-03-15 00:00:00+07:00,8949.342517172825,9071.379726738662,8949.342517172825,9051.0400390625,20061120,0.0,0.0
2018-03-16 00:00:00+07:00,9091.718905162777,9112.05859375,9051.040444479504,9112.05859375,13211631,0.0,0.0
2018-03-19 00:00:00+07:00,9112.05818144855,9223.925088879776,9010.360659605207,9193.416015625,59556914,0.0,0.0
2018-03-20 00:00:00+07:00,9122.227832407612,9132.398134782485,8949.3427734375,8949.3427734375,12302877,0.0,0.0
2018-03-21 00:00:00+07:00,8949.343096355131,8990.022474340136,8776.458031146836,8847.646484375,9780241,0.0,0.0
2018-03-22 00:00:00+07:00,8847.646084381195,8949.342691763717,8644.251953125,8644.251953125,14678787,0.0,0.0
2018-03-23 00:00:00+07:00,8542.5546875,8583.2340648757,8318.821777898354,8542.5546875,9794313,0.0,0.0
2018-03-26 00:00:00+07:00,8359.499680135514,8888.32421875,8359.499680135514,8888.32421875,17756272,0.0,0.0
2018-03-27 00:00:00+07:00,8888.324768764063,9142.567668385249,8888.324768764063,9112.05859375,20827299,0.0,0.0
2018-03-28 00:00:00+07:00,9071.3795968926,9244.2646484375,9040.869607569508,9244.2646484375,18016877,0.0,0.0
2018-03-29 00:00:00+07:00,9254.434253024006,9417.149006483824,9244.26486733625,9356.130859375,16626178,0.0,0.0
2018-03-30 00:00:00+07:00,9356.13076335428,9356.13076335428,9152.736636248559,9335.7919921875,24263488,0.0,0.0
2018-04-02 00:00:00+07:00,9356.131336697432,9376.471025601757,9254.434725158173,9274.7744140625,10693422,0.0,0.0
2018-04-03 00:00:00+07:00,9234.095036253848,9315.452875379966,9183.246272238626,9274.7744140625,9748172,0.0,0.0
2018-04-04 00:00:00+07:00,9335.791834101277,9478.167812313492,9274.773688651916,9457.828125,27975876,0.0,0.0
2018-04-05 00:00:00+07:00,9457.828565572407,9518.846713864166,9396.810417280647,9447.6591796875,15522754,0.0,0.0
2018-04-06 00:00:00+07:00,9447.6591796875,9457.828565572407,9376.470729019675,9447.6591796875,18803034,0.0,0.0
2018-04-09 00:00:00+07:00,9457.828212286306,9905.294921875,9417.148837283892,9905.294921875,57960517,0.0,0.0
2018-04-10 00:00:00+07:00,9966.313760516183,10291.7451171875,9966.313760516183,10291.7451171875,55441760,0.0,0.0
2018-04-11 00:00:00+07:00,10291.744395955757,10332.422854443386,10006.992437068986,10190.046875,29900889,0.0,0.0
2018-04-12 00:00:00+07:00,10068.011158428446,10149.368996544392,9966.31363166072,9986.6533203125,20420240,0.0,0.0
2018-04-13 00:00:00+07:00,10078.179813690836,10190.046718426851,9986.652596131673,10169.70703125,19560211,0.0,0.0
2018-04-16 00:00:00+07:00,10169.70749107958,10434.120686860915,10006.992735780856,10373.1025390625,44600815,0.0,0.0
2018-04-17 00:00:00+07:00,10474.798830966189,10515.477289442475,10291.744393086214,10332.4228515625,10440200,0.0,0.0
2018-04-18 00:00:00+07:00,10352.762937880458,10657.853679433862,10291.744789569777,10535.8173828125,32105522,0.0,0.0
2018-04-19 00:00:00+07:00,10556.157434242652,10556.157434242652,9966.31378612845,10006.9931640625,35765311,0.0,0.0
2018-04-20 00:00:00+07:00,9966.313062090234,10190.046875,9905.29491611323,10190.046875,14099575,0.0,0.0
2018-04-23 00:00:00+07:00,10068.010662156552,10108.689120963816,9478.16796875,9478.16796875,27233508,0.0,0.0
2018-04-24 00:00:00+07:00,9356.13044838353,9437.488279785164,8817.136533768527,9152.736328125,14872256,0.0,0.0
2018-04-26 00:00:00+07:00,9152.736389058118,9254.433908109972,8522.215253602832,8583.2333984375,16486788,0.0,0.0
2018-04-27 00:00:00+07:00,8542.554828604345,8756.119272126447,8501.8763670479,8705.2705078125,7874653,0.0,0.0
2018-05-02 00:00:00+07:00,8725.610052708298,8725.610052708298,8339.160550095028,8542.5546875,6923173,0.0,0.0
2018-05-03 00:00:00+07:00,8440.858203472093,8847.646484375,8349.330977742618,8847.646484375,11536012,0.0,0.0
2018-05-04 00:00:00+07:00,8949.342366040904,8949.342366040904,8705.269784013264,8745.9482421875,28959725,0.0,0.0
2018-05-07 00:00:00+07:00,8847.646484375,8949.343096355131,8644.252343923547,8847.646484375,33411941,0.0,0.0
2018-05-08 00:00:00+07:00,8847.64607736687,8847.64607736687,8725.60978200813,8786.6279296875,5342189,0.0,0.0
2018-05-09 00:00:00+07:00,8745.948145616983,8766.287832725073,8542.554024009405,8725.609375,3806929,0.0,0.0
2018-05-10 00:00:00+07:00,8725.609731592333,8725.609731592333,8135.76611328125,8135.76611328125,4437819,0.0,0.0
2018-05-11 00:00:00+07:00,8135.766573397539,8420.5185546875,7952.7121210645055,8420.5185546875,3779752,0.0,0.0
2018-05-14 00:00:00+07:00,8440.858002803569,8542.554612366017,8196.784490169584,8237.4638671875,2541274,0.0,0.0
2018-05-15 00:00:00+07:00,8318.8212890625,8400.178206050801,8206.954382589684,8318.8212890625,7604033,0.0,0.0
2018-05-16 00:00:00+07:00,8318.821679237926,8318.821679237926,8095.087855798566,8166.275390625,4810684,0.0,0.0
2018-05-17 00:00:00+07:00,8237.4638671875,8298.482016223203,8176.445718151796,8237.4638671875,9696125,0.0,0.0
2018-05-18 00:00:00+07:00,8318.821260231949,8430.687249825949,8176.445281259171,8247.6328125,7165463,0.0,0.0
2018-05-21 00:00:00+07:00,8339.160311893138,8400.178459722574,8237.463704341128,8359.5,8059722,0.0,0.0
2018-05-22 00:00:00+07:00,8176.44557878631,8257.802498453093,7779.8267003233395,7932.3720703125,6488014,0.0,0.0
2018-05-23 00:00:00+07:00,7932.372246971045,7993.390396325619,7484.9050546281915,7667.9599609375,4426049,0.0,0.0
2018-05-24 00:00:00+07:00,7728.978010942525,7789.996159512761,7139.134838857214,7220.49267578125,10926486,0.0,0.0
2018-05-25 00:00:00+07:00,7220.492345032884,7261.171261631527,6976.419303686585,7169.64404296875,15422261,0.0,0.0
2018-05-28 00:00:00+07:00,7118.79529165971,7118.79529165971,6671.328125,6671.328125,14746983,0.0,0.0
2018-05-29 00:00:00+07:00,6915.401357411508,7128.96533203125,6803.534448099418,7128.96533203125,18578973,0.0,0.0
2018-05-30 00:00:00+07:00,7322.189449888985,7606.941409486016,7098.45609466672,7464.5654296875,21515494,0.0,0.0
2018-05-31 00:00:00+07:00,7362.868591943672,7952.711758474772,7362.868591943672,7932.3720703125,8652593,0.0,0.0
2018-06-01 00:00:00+07:00,8034.0697219669255,8471.367067194136,7891.693735556768,8379.83984375,14962509,0.0,0.0
2018-06-04 00:00:00+07:00,8359.499681813366,8745.9482421875,8257.802161641106,8745.9482421875,11651179,0.0,0.0
2018-06-05 00:00:00+07:00,8745.948553573822,8949.342684668767,8684.930405894453,8786.6279296875,10679765,0.0,0.0
2018-06-06 00:00:00+07:00,8786.6279296875,8847.64607736687,8705.270093951292,8786.6279296875,6961702,0.0,0.0
2018-06-07 00:00:00+07:00,8766.288228385478,9112.058342373568,8725.60976882441,9071.3798828125,8822303,0.0,0.0
2018-06-08 00:00:00+07:00,9051.040466146525,9081.54954085481,8786.628179844347,8827.306640625,5989827,0.0,0.0
2018-06-11 00:00:00+07:00,8644.252118097,8705.27026698925,8522.2158203125,8522.2158203125,9230837,0.0,0.0
2018-06-12 00:00:00+07:00,8440.857581036074,8440.857581036074,7932.3718091580195,8318.8212890625,10716171,0.0,0.0
2018-06-13 00:00:00+07:00,8318.821385013895,8542.554284048998,8318.821385013895,8339.16015625,1743953,0.0,0.0
2018-06-14 00:00:00+07:00,8440.857671434038,8440.857671434038,7973.05126953125,7973.05126953125,1608525,0.0,0.0
2018-06-15 00:00:00+07:00,7973.051602622701,8054.40852388116,7769.65746649421,7952.7119140625,5038993,0.0,0.0
2018-06-18 00:00:00+07:00,7830.675354956755,8034.06948431312,7403.547408361047,7484.90478515625,6475372,0.0,0.0
2018-06-19 00:00:00+07:00,7037.437608923134,7606.941537717411,7037.437608923134,7484.90478515625,14189456,0.0,0.0
2018-06-20 00:00:00+07:00,6732.346676893261,7505.244765123,6732.346676893261,7383.2080078125,6674979,0.0,0.0
2018-06-21 00:00:00+07:00,7423.88671875,7484.904866571505,7322.189652965632,7423.88671875,1876746,0.0,0.0
2018-06-22 00:00:00+07:00,7423.886509694701,7606.94140625,7322.189446774104,7606.94140625,5280266,0.0,0.0
2018-06-25 00:00:00+07:00,7667.959887976955,7678.129732187813,7566.262820605115,7586.60205078125,1380495,0.0,0.0
2018-06-26 00:00:00+07:00,7322.189573320273,7495.0746290977395,7322.189573320273,7484.90478515625,1972488,0.0,0.0
2018-06-27 00:00:00+07:00,7484.904949336184,7606.941704574197,7362.86865234375,7362.86865234375,1554540,0.0,0.0
2018-06-28 00:00:00+07:00,7301.850230667238,7342.52914755801,7017.098270677396,7037.4375,3495059,0.0,0.0
2018-06-29 00:00:00+07:00,7179.813672726299,7352.69873046875,7078.116606892244,7352.69873046875,6064439,0.0,0.0
2018-07-02 00:00:00+07:00,7352.698808179187,7403.547570756421,7098.456370029758,7362.86865234375,3977466,0.0,0.0
2018-07-03 00:00:00+07:00,7383.207769586514,7423.886687377471,6996.759196186351,7057.77734375,11630277,0.0,0.0
2018-07-04 00:00:00+07:00,6915.401286682352,7098.456185662112,6834.043451970111,6976.41943359375,5983367,0.0,0.0
2018-07-05 00:00:00+07:00,7057.777145807377,7098.456062457452,6610.309979147667,6671.328125,10421053,0.0,0.0
2018-07-06 00:00:00+07:00,6671.328236048186,7118.79541015625,6427.255190330554,7118.79541015625,15388715,0.0,0.0
2018-07-09 00:00:00+07:00,7139.134920787777,7240.83244723272,7098.456460104503,7159.474609375,6716275,0.0,0.0
2018-07-10 00:00:00+07:00,7118.795535725418,7332.359511776119,7098.456305825836,7139.134765625,2760353,0.0,0.0
2018-07-11 00:00:00+07:00,7017.098229157301,7037.437458359558,6640.8190520738335,6671.328125,7169985,0.0,0.0
2018-07-12 00:00:00+07:00,6671.328405856133,6813.704391002501,6610.310257434999,6712.00732421875,6898348,0.0,0.0
2018-07-13 00:00:00+07:00,6712.007443707656,6834.043742722448,6701.837599374561,6803.53466796875,7808118,0.0,0.0
2018-07-16 00:00:00+07:00,6834.043409028455,6864.552940538016,6762.855418663945,6823.8740234375,5935335,0.0,0.0
2018-07-17 00:00:00+07:00,6823.8740234375,6823.8740234375,6671.32819887196,6823.8740234375,7451306,0.0,0.0
2018-07-18 00:00:00+07:00,6844.213168425165,7230.662188743935,6844.213168425165,7169.64404296875,10001397,0.0,0.0
2018-07-19 00:00:00+07:00,7179.8136836697395,7342.529355848697,7139.134765625,7139.134765625,8565757,0.0,0.0
2018-07-20 00:00:00+07:00,7118.79548480497,7200.1533203125,6915.401354281718,7200.1533203125,7883421,0.0,0.0
2018-07-23 00:00:00+07:00,7118.795690446141,7230.662602939108,7078.1167715172805,7159.474609375,6627640,0.0,0.0
2018-07-24 00:00:00+07:00,7118.795498090333,7149.304571901202,6915.4013671875,6915.4013671875,5400372,0.0,0.0
2018-07-25 00:00:00+07:00,6915.401164026252,7027.268070210047,6773.0251849278875,6813.7041015625,4390478,0.0,0.0
2018-07-26 00:00:00+07:00,6813.704104152484,6823.873947876394,6610.309979147667,6671.328125,5687141,0.0,0.0
2018-07-27 00:00:00+07:00,6834.043694931739,6834.043694931739,6712.007396770352,6793.365234375,3711876,0.0,0.0
2018-07-30 00:00:00+07:00,6976.419703317923,7159.474609375,6935.740784389064,7159.474609375,3906777,0.0,0.0
2018-07-31 00:00:00+07:00,7159.474198066253,7291.680333305671,6996.758989944319,7240.83203125,6927649,0.0,0.0
2018-08-01 00:00:00+07:00,7261.171464598428,7342.5293000698575,7240.832234853357,7271.34130859375,10906596,0.0,0.0
2018-08-02 00:00:00+07:00,7271.341521867968,7271.341521867968,7078.1167715172805,7159.474609375,5297153,0.0,0.0
2018-08-03 00:00:00+07:00,7169.644366996769,7322.189738328933,7139.1348344847565,7291.6806640625,12278562,0.0,0.0
2018-08-06 00:00:00+07:00,7291.6806640625,7322.189738328933,7220.492671358964,7291.6806640625,6975680,0.0,0.0
2018-08-07 00:00:00+07:00,7291.68065968297,7464.565719252638,7261.171585434862,7362.86865234375,12000608,0.0,0.0
2018-08-08 00:00:00+07:00,7373.038414980604,7464.565636712862,7322.189652965632,7423.88671875,5564541,0.0,0.0
2018-08-09 00:00:00+07:00,7444.226280553946,7525.583656853769,7403.54736328125,7403.54736328125,8084228,0.0,0.0
2018-08-10 00:00:00+07:00,7403.547358602084,7545.92333984375,7362.868441355099,7545.92333984375,11965860,0.0,0.0
2018-08-13 00:00:00+07:00,7545.923260146755,7606.94140625,7484.904655797946,7606.94140625,8557544,0.0,0.0
2018-08-14 00:00:00+07:00,7556.09264566692,7627.280635535894,7403.547280408807,7606.94140625,6051378,0.0,0.0
2018-08-15 00:00:00+07:00,7606.941620460092,7688.2994563858165,7383.207800787138,7423.88671875,4673783,0.0,0.0
2018-08-16 00:00:00+07:00,7322.189852790679,7525.583989910109,7261.171703303968,7454.39599609375,7159785,0.0,0.0
2018-08-17 00:00:00+07:00,7464.565803171906,7505.2447220419035,7301.8505859375,7301.8505859375,5708455,0.0,0.0
2018-08-20 00:00:00+07:00,7301.850309005866,7312.01969465349,7027.268189854226,7118.79541015625,6390841,0.0,0.0
2018-08-21 00:00:00+07:00,7118.795608748996,7220.49267578125,7098.456378640777,7220.49267578125,6418110,0.0,0.0
2018-08-22 00:00:00+07:00,7230.6622338907455,7362.868369977634,7220.4923901161965,7322.189453125,5098697,0.0,0.0
2018-08-23 00:00:00+07:00,7322.1898162497055,7362.868735119704,7281.510897379708,7301.8505859375,5037701,0.0,0.0
2018-08-24 00:00:00+07:00,7301.850223821464,7332.359296899549,7261.17130696883,7322.189453125,14489143,0.0,0.0
2018-08-27 00:00:00+07:00,7332.359296899549,7352.698526203085,7301.850223821464,7322.189453125,4172738,0.0,0.0
2018-08-28 00:00:00+07:00,7322.1895311171265,7352.698604520178,7312.019687234254,7332.359375,4844831,0.0,0.0
2018-08-29 00:00:00+07:00,7342.529334097572,7566.2626953125,7322.189646012668,7566.2626953125,11586027,0.0,0.0
2018-08-30 00:00:00+07:00,7566.262638469372,7779.826612282978,7545.923408782845,7769.6572265625,13614908,0.0,0.0
2018-08-31 00:00:00+07:00,7769.657118476388,7779.826504055397,7688.299284370931,7759.48681640625,9042168,0.0,0.0
2018-09-04 00:00:00+07:00,7728.977698456491,7728.977698456491,7586.601718718543,7606.94140625,6571483,0.0,0.0
2018-09-05 00:00:00+07:00,7606.941822461168,7627.281052859917,7434.056760212251,7525.583984375,5759535,0.0,0.0
2018-09-06 00:00:00+07:00,7525.583784534368,7545.923472638587,7383.207800787138,7423.88671875,3796775,0.0,0.0
2018-09-07 00:00:00+07:00,7423.886921350394,7495.074915166754,7383.208002277391,7454.39599609375,5423718,0.0,0.0
2018-09-10 00:00:00+07:00,7454.395990610999,7566.262903418084,7454.395990610999,7525.583984375,6164196,0.0,0.0
2018-09-11 00:00:00+07:00,7556.0927254713215,7606.941486591445,7515.414266469903,7545.92333984375,5769407,0.0,0.0
2018-09-12 00:00:00+07:00,7556.0927254713215,7627.280716092154,7535.753495970612,7545.92333984375,4413271,0.0,0.0
2018-09-13 00:00:00+07:00,7556.092808793216,7861.184462387105,7556.092808793216,7851.01416015625,16199370,0.0,0.0
2018-09-14 00:00:00+07:00,7851.01416015625,7922.202609807653,7800.166314966556,7851.01416015625,8122384,0.0,0.0
2018-09-17 00:00:00+07:00,7851.014398183274,7871.354086770497,7789.996248912777,7810.3359375,5160114,0.0,0.0
2018-09-18 00:00:00+07:00,7728.977898258677,7779.82666015625,7667.959750578048,7779.82666015625,5700705,0.0,0.0
2018-09-19 00:00:00+07:00,7779.826531909395,7851.014064199586,7779.826531909395,7830.67529296875,6462128,0.0,0.0
2018-09-20 00:00:00+07:00,7830.67526096946,7901.86279296875,7789.995885691755,7901.86279296875,6705847,0.0,0.0
2018-09-21 00:00:00+07:00,7912.032178542611,7922.202480607602,7769.657114544032,7901.86279296875,7965921,0.0,0.0
2018-09-24 00:00:00+07:00,7901.862996314668,7993.390218308165,7901.862996314668,7932.3720703125,7239426,0.0,0.0
2018-09-25 00:00:00+07:00,7932.371914324799,7942.542216451516,7881.5231531646195,7912.0322265625,7307484,0.0,0.0
2018-09-26 00:00:00+07:00,7912.032307576798,7922.202609807653,7789.996012735701,7851.01416015625,8195795,0.0,0.0
2018-09-27 00:00:00+07:00,7851.014112240145,7901.862873610644,7820.505038716072,7840.8447265625,9560241,0.0,0.0
2018-09-28 00:00:00+07:00,7840.844646543322,7922.202480607602,7830.67526096946,7901.86279296875,8920490,0.0,0.0
2018-10-01 00:00:00+07:00,7901.863069280009,8084.917514957316,7901.863069280009,8013.72998046875,11868597,0.0,0.0
2018-10-02 00:00:00+07:00,8013.7297284610495,8034.0694161715155,7952.711581820784,7973.05126953125,7622445,0.0,0.0
2018-10-03 00:00:00+07:00,7973.051567621971,8034.069716543539,7952.711879151059,8023.8994140625,7650682,0.0,0.0
2018-10-04 00:00:00+07:00,8034.069726483826,8064.578800982358,7759.487139505873,7881.5234375,11253441,0.0,0.0
2018-10-05 00:00:00+07:00,7881.52339909305,7901.863087490011,7728.97802734375,7728.97802734375,6008376,0.0,0.0
2018-10-08 00:00:00+07:00,7647.620399184022,7728.977775382911,7525.583647517338,7688.29931640625,7490112,0.0,0.0
2018-10-09 00:00:00+07:00,7688.299649552749,7728.978110292074,7627.281041952589,7667.9599609375,7230982,0.0,0.0
2018-10-10 00:00:00+07:00,7667.959628672353,7708.638087649014,7627.280711450125,7688.29931640625,7487343,0.0,0.0
2018-10-11 00:00:00+07:00,7525.583739237708,7525.583739237708,7179.8136260029405,7342.529296875,5297800,0.0,0.0
2018-10-12 00:00:00+07:00,7281.51073500277,7454.395792660753,7240.832275285483,7423.88671875,6698833,0.0,0.0
2018-10-15 00:00:00+07:00,7423.88680984576,7434.05665402266,7088.286534463878,7220.49267578125,6407174,0.0,0.0
2018-10-16 00:00:00+07:00,7220.49277892025,7525.583984375,7139.134940834082,7525.583984375,8066091,0.0,0.0
2018-10-17 00:00:00+07:00,7525.583699869981,7606.941534880412,7525.583699869981,7556.0927734375,7121905,0.0,0.0
2018-10-18 00:00:00+07:00,7556.093011321552,7556.093011321552,7423.886868951609,7515.41455078125,6644202,0.0,0.0
2018-10-19 00:00:00+07:00,7423.886926916,7423.886926916,7281.510939176544,7383.2080078125,7310206,0.0,0.0
2018-10-22 00:00:00+07:00,7383.207800787138,7495.074710623615,7383.207800787138,7423.88671875,7048028,0.0,0.0
2018-10-23 00:00:00+07:00,7322.189453125,7423.8865161338035,7240.8320776652945,7322.189453125,9696266,0.0,0.0
2018-10-24 00:00:00+07:00,7322.189538546681,7373.038299767073,7118.79541015625,7118.79541015625,10627995,0.0,0.0
2018-10-25 00:00:00+07:00,6915.401286682352,7017.09835094987,6915.401286682352,6976.41943359375,10951586,0.0,0.0
2018-10-26 00:00:00+07:00,7006.928663225267,7149.304648022291,6976.419589089559,6996.75927734375,16347441,0.0,0.0
2018-10-29 00:00:00+07:00,6996.759329629226,7047.607634153526,6813.704425201463,6935.74072265625,8207608,0.0,0.0
2018-10-30 00:00:00+07:00,6935.740474796694,6986.589235749417,6712.007118043185,6752.68603515625,8734171,0.0,0.0
2018-10-31 00:00:00+07:00,6762.855343778499,6803.534260428575,6528.9521458475165,6671.328125,11903802,0.0,0.0
2018-11-01 00:00:00+07:00,6671.328203032138,6752.686037283903,6661.158359189276,6681.498046875,8430607,0.0,0.0
2018-11-02 00:00:00+07:00,6701.837195378705,6834.0433307570265,6701.837195378705,6813.7041015625,15609501,0.0,0.0
2018-11-05 00:00:00+07:00,6813.7044646533695,6834.043694931739,6630.649559165703,6793.365234375,11539424,0.0,0.0
2018-11-06 00:00:00+07:00,6793.364954409784,6803.534340007081,6671.328203032138,6681.498046875,14329033,0.0,0.0
2018-11-07 00:00:00+07:00,6610.310054383305,6803.534337863407,6610.310054383305,6752.68603515625,9680852,0.0,0.0
2018-11-08 00:00:00+07:00,6762.855420750342,6834.043411136814,6732.346347476935,6752.68603515625,9346978,0.0,0.0
2018-11-09 00:00:00+07:00,6712.007041650076,6762.855343778499,6650.988895797743,6671.328125,22478554,0.0,0.0
2018-11-12 00:00:00+07:00,6671.328498719854,6671.328498719854,6488.273592662777,6508.61328125,10392355,0.0,0.0
2018-11-13 00:00:00+07:00,6427.255125895164,6427.255125895164,6101.82470703125,6101.82470703125,23039864,0.0,0.0
2018-11-14 00:00:00+07:00,6111.994394500599,6284.879456264064,5796.733803854503,5857.751953125,9133341,0.0,0.0
2018-11-15 00:00:00+07:00,5888.260909311951,5888.260909311951,5593.339554940132,5695.03662109375,24355906,0.0,0.0
2018-11-16 00:00:00+07:00,5745.884683141998,6091.65478515625,5705.205766744047,6091.65478515625,18150272,0.0,0.0
2018-11-19 00:00:00+07:00,6142.503867047094,6376.407075783556,6142.503867047094,6284.87939453125,10613877,0.0,0.0
2018-11-20 00:00:00+07:00,6183.182206785798,6203.521894776702,6101.824829558906,6193.35205078125,18272730,0.0,0.0
2018-11-21 00:00:00+07:00,6040.80688511611,6152.67333984375,6010.297352104293,6152.67333984375,34337365,0.0,0.0
2018-11-22 00:00:00+07:00,6162.842973896583,6315.388800768244,6111.994212190839,6264.5400390625,70500106,0.0,0.0
2018-11-23 00:00:00+07:00,6264.539835295511,6274.70967895498,6162.8427734375,6162.8427734375,6325550,0.0,0.0
2018-11-26 00:00:00+07:00,6162.84305440933,6223.86120265692,6040.80675791415,6203.52197265625,5794189,0.0,0.0
2018-11-27 00:00:00+07:00,6203.522055310582,6244.200974099499,6101.824987461084,6142.50390625,6793699,0.0,0.0
2018-11-28 00:00:00+07:00,6142.503622193085,6173.0126953125,6101.824705285345,6173.0126953125,7198173,0.0,0.0
2018-11-29 00:00:00+07:00,6203.522103284522,6284.879483245934,6132.334109414794,6152.67333984375,7347995,0.0,0.0
2018-11-30 00:00:00+07:00,6152.673009496302,6162.842853287539,6030.636716983726,6101.82470703125,6911592,0.0,0.0
2018-12-03 00:00:00+07:00,6142.503927381434,6518.783125543612,6132.334083087821,6508.61328125,13551694,0.0,0.0
2018-12-04 00:00:00+07:00,6549.291788367267,6559.461173775854,6335.727821103588,6447.5947265625,9587832,0.0,0.0
2018-12-05 00:00:00+07:00,6305.2190310242595,6447.5950155821865,6244.200882855313,6345.89794921875,8682537,0.0,0.0
2018-12-06 00:00:00+07:00,6345.897957397679,6345.897957397679,6122.164136162411,6203.52197265625,8845188,0.0,0.0
2018-12-07 00:00:00+07:00,6223.861328125,6305.2191662589485,6213.691942042447,6223.861328125,10384326,0.0,0.0
2018-12-10 00:00:00+07:00,6223.860918060658,6244.200605376842,6162.842772603223,6234.03076171875,10678245,0.0,0.0
2018-12-11 00:00:00+07:00,6234.031129840873,6264.540204371165,6142.50390625,6142.50390625,10227720,0.0,0.0
2018-12-12 00:00:00+07:00,6152.673287274556,6264.54019929198,6152.673287274556,6213.69189453125,33297858,0.0,0.0
2018-12-13 00:00:00+07:00,6223.861328125,6274.7100915201145,6183.182409058026,6223.861328125,10561606,0.0,0.0
2018-12-14 00:00:00+07:00,6203.522055310582,6223.8612855822485,6111.994373474125,6142.50390625,7291472,0.0,0.0
2018-12-17 00:00:00+07:00,6101.824997707777,6142.503916565005,6000.1279296875,6000.1279296875,14240998,0.0,0.0
2018-12-18 00:00:00+07:00,5898.430708580167,5989.957929949256,5857.751790778715,5979.7880859375,9578695,0.0,0.0
2018-12-19 00:00:00+07:00,5989.957884740798,6000.1277286757995,5796.7335994492005,5898.4306640625,22984910,0.0,0.0
2018-12-20 00:00:00+07:00,5837.412564270796,5928.939785691157,5796.733646446556,5908.60009765625,6861344,0.0,0.0
2018-12-21 00:00:00+07:00,5878.090973462392,5969.61865234375,5817.0728263718665,5969.61865234375,42552418,0.0,0.0
2018-12-24 00:00:00+07:00,5979.788040805797,6000.1277286757995,5766.224525889767,5898.4306640625,42153112,0.0,0.0
2018-12-25 00:00:00+07:00,5796.733726947732,5857.751875408685,5654.357741708454,5847.58203125,35515781,0.0,0.0
2018-12-26 00:00:00+07:00,5898.43087205386,5908.600258101886,5806.9031899025285,5857.751953125,5179076,0.0,0.0
2018-12-27 00:00:00+07:00,5959.4490108302725,6000.1279296875,5908.600247697342,6000.1279296875,5731294,0.0,0.0
2018-12-28 00:00:00+07:00,6000.127566113792,6162.8427734375,5959.448649721477,6162.8427734375,7375173,0.0,0.0
2019-01-02 00:00:00+07:00,6162.842778878051,6162.842778878051,5735.71484375,5735.71484375,3337629,0.0,0.0
2019-01-03 00:00:00+07:00,5888.260616254625,5898.43045983751,5715.375566573365,5725.54541015625,5642426,0.0,0.0
2019-01-04 00:00:00+07:00,5756.054681954767,5898.4306640625,5695.036534835901,5898.4306640625,8902267,0.0,0.0
2019-01-07 00:00:00+07:00,5898.430507643117,6000.127569559531,5796.733445726704,5878.0908203125,3357419,0.0,0.0
2019-01-08 00:00:00+07:00,5878.09077235959,5888.260615941935,5695.036337350721,5796.7333984375,6752634,0.0,0.0
2019-01-09 00:00:00+07:00,5817.072674811764,5918.769736728177,5817.072674811764,5878.0908203125,16342963,0.0,0.0
2019-01-10 00:00:00+07:00,5888.260820127499,5918.769893686932,5888.260820127499,5898.4306640625,15269856,0.0,0.0
2019-01-11 00:00:00+07:00,5898.430943857194,6000.1280132945385,5888.261099439781,5939.10986328125,13988927,0.0,0.0
2019-01-14 00:00:00+07:00,5939.1097078337125,5979.788167947478,5878.0911011719045,5918.77001953125,3300664,0.0,0.0
2019-01-15 00:00:00+07:00,5939.10986328125,5949.27924945307,5888.261099439781,5939.10986328125,4466150,0.0,0.0
2019-01-16 00:00:00+07:00,5939.10986328125,5939.10986328125,5878.091255022369,5939.10986328125,4131442,0.0,0.0
2019-01-17 00:00:00+07:00,5939.1094240587945,5939.1094240587945,5878.0908203125,5878.0908203125,4607111,0.0,0.0
2019-01-18 00:00:00+07:00,5898.430789474367,5979.788167947478,5878.0911011719045,5918.77001953125,6540986,0.0,0.0
2019-01-21 00:00:00+07:00,5928.939655544546,6040.806562544215,5918.769811750331,6030.63671875,5690507,0.0,0.0
2019-01-22 00:00:00+07:00,6040.806685230638,6173.012824258227,6040.806685230638,6122.1640625,11139933,0.0,0.0
2019-01-23 00:00:00+07:00,6101.82470703125,6162.842853287539,6091.654863240014,6101.82470703125,3925005,0.0,0.0
2019-01-24 00:00:00+07:00,6101.824628817128,6132.333701554202,6040.806483342979,6091.65478515625,5191582,0.0,0.0
2019-01-25 00:00:00+07:00,6101.824628817128,6122.163857893324,6061.145712419176,6091.65478515625,6228702,0.0,0.0
2019-01-28 00:00:00+07:00,6091.654863240014,6122.163936368158,6061.145790111869,6101.82470703125,5199980,0.0,0.0
2019-01-29 00:00:00+07:00,6101.82470703125,6111.994092576922,6071.315633903106,6101.82470703125,5465753,0.0,0.0
2019-01-30 00:00:00+07:00,6101.82470703125,6111.994092576922,6071.315633903106,6101.82470703125,4005569,0.0,0.0
2019-01-31 00:00:00+07:00,6122.164136162411,6203.52197265625,6122.164136162411,6203.52197265625,3518315,0.0,0.0
2019-02-01 00:00:00+07:00,6203.52197265625,6223.86120265692,6162.84305440933,6203.52197265625,10781417,0.0,0.0
2019-02-11 00:00:00+07:00,6223.860918060658,6244.200605376842,6183.182001673848,6234.03076171875,5306887,0.0,0.0
2019-02-12 00:00:00+07:00,6234.03088546576,6366.2370226630455,6223.8610416057945,6325.55810546875,8718532,0.0,0.0
2019-02-13 00:00:00+07:00,6335.728105108733,6406.916097387697,6325.558260998716,6345.89794921875,15223208,0.0,0.0
2019-02-14 00:00:00+07:00,6325.558186512936,6356.067260238154,6223.861121347019,6264.5400390625,4359011,0.0,0.0
2019-02-15 00:00:00+07:00,6264.539963353983,6264.539963353983,6142.503669927951,6183.18212890625,5195965,0.0,0.0
2019-02-18 00:00:00+07:00,6183.182409058026,6234.03117245314,6132.334103908499,6223.861328125,6838781,0.0,0.0
2019-02-19 00:00:00+07:00,6223.860999543827,6223.860999543827,6050.975946320634,6101.82470703125,7082684,0.0,0.0
2019-02-20 00:00:00+07:00,6101.824787687853,6101.824787687853,6040.806640625,6040.806640625,3878126,0.0,0.0
2019-02-21 00:00:00+07:00,6040.806766065633,6091.655070258714,5979.788159490126,6061.14599609375,7279198,0.0,0.0
2019-02-22 00:00:00+07:00,6061.145914986585,6203.521898014934,6030.636841229878,6122.1640625,6169086,0.0,0.0
2019-02-25 00:00:00+07:00,6142.50354271985,6325.557979067935,6142.50354271985,6305.21875,8197825,0.0,0.0
2019-02-26 00:00:00+07:00,6305.218750834277,6315.388594492369,6193.35184533194,6234.03076171875,5178110,0.0,0.0
2019-02-27 00:00:00+07:00,6234.03117245314,6254.370402863834,6203.522097714307,6223.861328125,4390245,0.0,0.0
2019-02-28 00:00:00+07:00,6223.860999543827,6223.860999543827,6101.82470703125,6101.82470703125,6822725,0.0,0.0
2019-03-01 00:00:00+07:00,6101.824752704085,6193.351972773608,6101.824752704085,6183.18212890625,4445245,0.0,0.0
2019-03-04 00:00:00+07:00,6183.18212890625,6223.861046130117,6142.503669927951,6183.18212890625,5006416,0.0,0.0
2019-03-05 00:00:00+07:00,6183.182079126418,6274.709756704635,6162.842849801016,6244.20068359375,6012206,0.0,0.0
2019-03-06 00:00:00+07:00,6254.37006913367,6305.218829815519,6203.521766697383,6244.20068359375,5357784,0.0,0.0
2019-03-07 00:00:00+07:00,6244.20068359375,6274.709756704635,6183.182079126418,6244.20068359375,7475069,0.0,0.0
2019-03-08 00:00:00+07:00,6193.351972773608,6223.861046130117,6101.824752704085,6183.18212890625,5595825,0.0,0.0
2019-03-11 00:00:00+07:00,6203.521816640967,6203.521816640967,6122.163982193234,6183.18212890625,2889130,0.0,0.0
2019-03-12 00:00:00+07:00,6183.1823273308055,6305.2190829186875,6162.843097188949,6284.87939453125,6946612,0.0,0.0
2019-03-13 00:00:00+07:00,6284.879062686508,6356.0670517926155,6284.879062686508,6305.21875,11042898,0.0,0.0
2019-03-14 00:00:00+07:00,6305.2190829186875,6315.388927112406,6244.200934247538,6284.87939453125,6875003,0.0,0.0
2019-03-15 00:00:00+07:00,6284.879183906914,6498.443155344379,6274.709798299582,6467.93408203125,14787448,0.0,0.0
2019-03-18 00:00:00+07:00,6488.273311491481,6569.631145823534,6437.425008718122,6467.93408203125,6563639,0.0,0.0
2019-03-19 00:00:00+07:00,6467.934207644762,6579.801117462507,6467.934207644762,6488.2734375,7827358,0.0,0.0
2019-03-20 00:00:00+07:00,6467.934003886277,6488.273233100771,6305.218795433647,6457.76416015625,6143617,0.0,0.0
2019-03-21 00:00:00+07:00,6457.764113623404,6498.443030004831,6295.048906343254,6305.21875,4488895,0.0,0.0
2019-03-22 00:00:00+07:00,6305.21875,6386.576124517296,6264.5398336185735,6305.21875,5718978,0.0,0.0
2019-03-25 00:00:00+07:00,6162.8427734375,6244.200606222132,6111.994013385715,6162.8427734375,5865522,0.0,0.0
2019-03-26 00:00:00+07:00,6162.8427734375,6234.030762562664,6142.503544364121,6162.8427734375,6558519,0.0,0.0
2019-03-27 00:00:00+07:00,6173.0126953125,6213.691612220241,6111.994090828107,6173.0126953125,10856256,0.0,0.0
2019-03-28 00:00:00+07:00,6142.503828504906,6244.200895067234,6101.824910230859,6132.333984375,8722962,0.0,0.0
2019-03-29 00:00:00+07:00,6101.82470703125,6142.50362395063,6050.975946320634,6101.82470703125,6358402,0.0,0.0
2019-04-01 00:00:00+07:00,6101.825045995731,6111.994432106326,6000.127977170655,6010.29736328125,5062848,0.0,0.0
2019-04-02 00:00:00+07:00,6020.467170594854,6040.806859182077,5796.733803854503,5857.751953125,7007612,0.0,0.0
2019-04-03 00:00:00+07:00,5796.73352641377,5806.902911975073,5725.545536256831,5745.884765625,12182221,0.0,0.0
2019-04-04 00:00:00+07:00,5796.733874419849,5949.27924945307,5796.733874419849,5939.10986328125,8554221,0.0,0.0
2019-04-05 00:00:00+07:00,5918.769735847919,5949.27880859375,5878.090819438292,5949.27880859375,6298143,0.0,0.0
2019-04-08 00:00:00+07:00,5918.769736728177,5928.939580393486,5847.581747562132,5878.0908203125,5841298,0.0,0.0
2019-04-09 00:00:00+07:00,5878.0911054804765,5949.279098100115,5786.563882789046,5847.58203125,10522701,0.0,0.0
2019-04-10 00:00:00+07:00,5806.903200637447,5817.073044949859,5695.036746183263,5715.3759765625,8139781,0.0,0.0
2019-04-11 00:00:00+07:00,5735.7150024770135,5756.054690376775,5684.86669921875,5684.86669921875,5798432,0.0,0.0
2019-04-12 00:00:00+07:00,5684.866829071563,5705.20605919034,5593.339606168696,5634.01806640625,6596632,0.0,0.0
2019-04-16 00:00:00+07:00,5623.848471111469,5817.07275390625,5593.33939794627,5817.07275390625,7729813,0.0,0.0
2019-04-17 00:00:00+07:00,5837.4123145213225,5867.9213870228,5796.7333984375,5796.7333984375,9754402,0.0,0.0
2019-04-18 00:00:00+07:00,5756.054895566561,5776.394125945798,5674.697057558439,5715.3759765625,5329453,0.0,0.0
2019-04-19 00:00:00+07:00,5715.3759765625,5725.545820874912,5664.5276714916145,5715.3759765625,5301581,0.0,0.0
2019-04-22 00:00:00+07:00,5735.715206941737,5735.715206941737,5634.018138554378,5715.3759765625,5738126,0.0,0.0
2019-04-23 00:00:00+07:00,5735.714921818133,5776.393838800037,5684.866619274927,5745.884765625,21336744,0.0,0.0
2019-04-24 00:00:00+07:00,5756.054765292757,5776.393995211666,5725.545691291604,5766.224609375,6126453,0.0,0.0
2019-04-25 00:00:00+07:00,5776.394125945798,5776.394125945798,5644.187982866791,5715.3759765625,5719113,0.0,0.0
2019-04-26 00:00:00+07:00,5745.885051254149,5756.054895566561,5695.036746183263,5715.3759765625,4358917,0.0,0.0
2019-05-02 00:00:00+07:00,5735.715128964376,5735.715128964376,5654.3577503079,5705.2060546875,6938951,0.0,0.0
2019-05-03 00:00:00+07:00,5705.206006937208,5715.375851026243,5613.678784872625,5695.03662109375,6236406,0.0,0.0
2019-05-06 00:00:00+07:00,5664.527554929065,5664.527554929065,5532.320956324969,5552.66064453125,4580439,0.0,0.0
2019-05-07 00:00:00+07:00,5552.660444298648,5583.169517262316,5308.58740234375,5308.58740234375,9578514,0.0,0.0
2019-05-08 00:00:00+07:00,5288.248452412525,5349.2666015625,5206.8906147155,5349.2666015625,9776550,0.0,0.0
2019-05-09 00:00:00+07:00,5349.266239501241,5440.79345703125,5298.417479820867,5440.79345703125,7281504,0.0,0.0
2019-05-10 00:00:00+07:00,5450.963424980257,5593.339405438951,5400.114664139767,5532.32080078125,8272897,0.0,0.0
2019-05-13 00:00:00+07:00,5532.3208757879,5613.6787109375,5430.623810973687,5613.6787109375,15552795,0.0,0.0
2019-05-14 00:00:00+07:00,5572.999717804529,5613.678634827808,5450.963424980257,5532.32080078125,7132838,0.0,0.0
2019-05-15 00:00:00+07:00,5491.6424164586715,5623.848554892593,5430.623810973687,5613.6787109375,12364986,0.0,0.0
2019-05-16 00:00:00+07:00,5572.999874491954,5623.84863676208,5450.963578236576,5552.66064453125,10460319,0.0,0.0
2019-05-17 00:00:00+07:00,5542.490882906225,5542.490882906225,5440.793815098191,5491.642578125,6523637,0.0,0.0
2019-05-20 00:00:00+07:00,5522.1513671875,5532.32075267071,5461.132763060434,5522.1513671875,6862590,0.0,0.0
2019-05-21 00:00:00+07:00,5522.151288897088,5542.49051782071,5461.132685635114,5511.9814453125,7176167,0.0,0.0
2019-05-22 00:00:00+07:00,5511.981808388373,5532.321038651746,5461.133045361564,5491.642578125,3069314,0.0,0.0
2019-05-23 00:00:00+07:00,5491.642376575639,5501.811762211306,5328.926707458163,5389.9453125,7776417,0.0,0.0
2019-05-24 00:00:00+07:00,5369.605624737532,5430.623771533802,5339.096551339397,5389.9453125,4076348,0.0,0.0
2019-05-27 00:00:00+07:00,5389.945433992519,5491.642500360469,5379.77558988205,5481.47265625,4436941,0.0,0.0
2019-05-28 00:00:00+07:00,5471.302734375,5491.642422306846,5369.605669452487,5471.302734375,5323452,0.0,0.0
2019-05-29 00:00:00+07:00,5450.963582164173,5501.81188622536,5389.945433992519,5481.47265625,8356227,0.0,0.0
2019-05-30 00:00:00+07:00,5471.302884689524,5572.999952405988,5450.963654444466,5562.83056640625,10402134,0.0,0.0
2019-05-31 00:00:00+07:00,5542.49080042811,5572.999874491954,5471.30280819728,5552.66064453125,8619188,0.0,0.0
2019-06-03 00:00:00+07:00,5542.490518146445,5542.490518146445,5379.775312011244,5440.79345703125,18094995,0.0,0.0
2019-06-04 00:00:00+07:00,5410.28466796875,5450.963586195127,5349.266519751973,5410.28466796875,7374295,0.0,0.0
2019-06-05 00:00:00+07:00,5420.454431036529,5481.472578340923,5410.284587070607,5471.302734375,8391758,0.0,0.0
2019-06-06 00:00:00+07:00,5430.623691443749,5491.642295585692,5430.623691443749,5450.96337890625,3596664,0.0,0.0
2019-06-07 00:00:00+07:00,5440.793660722804,5471.302734375,5389.945357384333,5471.302734375,4758040,0.0,0.0
2019-06-10 00:00:00+07:00,5471.302608123191,5491.642295585692,5379.775389278616,5450.96337890625,5941979,0.0,0.0
2019-06-11 00:00:00+07:00,5410.284384521247,5471.302529541253,5400.1145409360615,5440.79345703125,9899288,0.0,0.0
2019-06-12 00:00:00+07:00,5450.96337890625,5471.302608123191,5400.114618495557,5450.96337890625,5503406,0.0,0.0
2019-06-13 00:00:00+07:00,5430.62389795915,5461.1329720675385,5389.94543797835,5410.28466796875,8391202,0.0,0.0
2019-06-14 00:00:00+07:00,5440.793742077139,5471.302816185527,5369.605749742373,5410.28466796875,8213698,0.0,0.0
2019-06-17 00:00:00+07:00,5430.623771533802,5450.96345929627,5359.435780856298,5389.9453125,10179039,0.0,0.0
2019-06-18 00:00:00+07:00,5400.11499093302,5430.624065985374,5237.399771238597,5288.24853515625,6076475,0.0,0.0
2019-06-19 00:00:00+07:00,5288.248375550107,5369.605753819052,5084.8537842638,5339.0966796875,8565019,0.0,0.0
2019-06-20 00:00:00+07:00,5389.945357384333,5481.472578340923,5369.605669452487,5471.302734375,12397744,0.0,0.0
2019-06-21 00:00:00+07:00,5471.302816185527,5501.811890293916,5389.94543797835,5410.28466796875,10210741,0.0,0.0
2019-06-24 00:00:00+07:00,5430.623975862041,5450.963664389795,5400.114901315997,5420.45458984375,3906964,0.0,0.0
2019-06-25 00:00:00+07:00,5410.284792977148,5450.963712143441,5400.1149486241775,5430.6240234375,7018777,0.0,0.0
2019-06-26 00:00:00+07:00,5430.62389795915,5450.963586195127,5379.775593860361,5410.28466796875,6222150,0.0,0.0
2019-06-27 00:00:00+07:00,5410.284590065302,5450.963507705938,5379.775516396218,5400.11474609375,3326737,0.0,0.0
2019-06-28 00:00:00+07:00,5400.114615895812,5593.33935546875,5267.9084804354425,5593.33935546875,7974226,0.0,0.0
2019-07-01 00:00:00+07:00,5593.339487229358,5593.339487229358,5430.623816756881,5471.302734375,5568140,0.0,0.0
2019-07-02 00:00:00+07:00,5461.132844931937,5461.132844931937,5339.096551339397,5389.9453125,8271606,0.0,0.0
2019-07-03 00:00:00+07:00,5369.605831863963,5410.284750712475,5318.757526987512,5349.2666015625,5965051,0.0,0.0
2019-07-04 00:00:00+07:00,5389.9453125,5389.9453125,5328.926707458163,5389.9453125,7365852,0.0,0.0
2019-07-05 00:00:00+07:00,5389.9454420704715,5420.454516202023,5339.0966796875,5339.0966796875,6929494,0.0,0.0
2019-07-08 00:00:00+07:00,5328.926996395661,5328.926996395661,5257.739001858303,5288.24853515625,7275463,0.0,0.0
2019-07-09 00:00:00+07:00,5288.24825080687,5318.75732421875,5217.060260097293,5318.75732421875,6763892,0.0,0.0
2019-07-10 00:00:00+07:00,5308.587687885962,5308.587687885962,5237.399694393106,5278.07861328125,8388943,0.0,0.0
2019-07-11 00:00:00+07:00,5278.078329380082,5339.096475307417,5278.078329380082,5308.58740234375,5633015,0.0,0.0
2019-07-12 00:00:00+07:00,5308.587480332934,5328.926709858998,5267.908563035237,5318.75732421875,4885710,0.0,0.0
2019-07-15 00:00:00+07:00,5318.757246080159,5339.096475307417,5257.738641907264,5308.58740234375,4482207,0.0,0.0
2019-07-16 00:00:00+07:00,5298.41748046875,5328.926552982484,5288.248095127875,5298.41748046875,4701009,0.0,0.0
2019-07-17 00:00:00+07:00,5308.587323726313,5369.60546875,5288.2480948002685,5369.60546875,8483946,0.0,0.0
2019-07-18 00:00:00+07:00,5379.775723883817,5389.9455682476,5288.248499346535,5359.43603515625,6800577,0.0,0.0
2019-07-19 00:00:00+07:00,5359.435625164201,5379.7753123358,5328.926552652358,5369.60546875,4203003,0.0,0.0
2019-07-22 00:00:00+07:00,5369.605548271084,5389.945235743903,5278.078329380082,5308.58740234375,4038236,0.0,0.0
2019-07-23 00:00:00+07:00,5308.587480332934,5318.75732421875,5267.908563035237,5318.75732421875,4118383,0.0,0.0
2019-07-24 00:00:00+07:00,5328.926631571007,5349.266319043826,5278.078329380082,5308.58740234375,2343650,0.0,0.0
2019-07-25 00:00:00+07:00,5308.587480332934,5339.096553744814,5247.569333509174,5318.75732421875,6275071,0.0,0.0
2019-07-26 00:00:00+07:00,5308.587324055179,5328.926552982484,5247.569179027712,5298.41748046875,6364217,0.0,0.0
2019-07-29 00:00:00+07:00,5288.24853515625,5308.587765775956,5267.908846290952,5288.24853515625,4266035,0.0,0.0
2019-07-30 00:00:00+07:00,5298.417921343306,5298.417921343306,5257.739001858303,5288.24853515625,4994788,0.0,0.0
2019-07-31 00:00:00+07:00,5308.587687885962,5308.587687885962,5247.569538676538,5278.07861328125,6160504,0.0,0.0
2019-08-01 00:00:00+07:00,5288.24853515625,5288.24853515625,5257.739001858303,5288.24853515625,8044312,0.0,0.0
2019-08-02 00:00:00+07:00,5267.908407955017,5298.41748046875,5227.229491854854,5298.41748046875,11371287,0.0,0.0
2019-08-05 00:00:00+07:00,5288.24846285772,5298.417848905746,5196.720780706389,5206.890625,4987590,0.0,0.0
2019-08-06 00:00:00+07:00,5206.89026394944,5206.89026394944,4972.98706913454,5084.853515625,9440225,0.0,0.0
2019-08-07 00:00:00+07:00,5084.853515625,5084.853515625,4983.156454477411,5084.853515625,7917055,0.0,0.0
2019-08-08 00:00:00+07:00,5084.853515625,5084.853515625,5003.496141654262,5084.853515625,7580870,0.0,0.0
2019-08-09 00:00:00+07:00,5084.853858169964,5349.2666015625,5074.684472142025,5349.2666015625,18250538,0.0,0.0
2019-08-12 00:00:00+07:00,5379.775471042511,5389.945314928326,5247.569333509174,5318.75732421875,5781128,0.0,0.0
2019-08-13 00:00:00+07:00,5298.41748046875,5308.587324055179,5206.89026292755,5298.41748046875,5242799,0.0,0.0
2019-08-14 00:00:00+07:00,5298.417838440463,5349.2666015625,5227.229845016964,5349.2666015625,7318188,0.0,0.0
2019-08-15 00:00:00+07:00,5237.399735773209,5359.43603515625,5227.229891409425,5359.43603515625,7958214,0.0,0.0
2019-08-16 00:00:00+07:00,5349.266239823956,5389.945155921599,5318.757167312113,5369.60546875,8409613,0.0,0.0
2019-08-19 00:00:00+07:00,5369.605879520033,5389.9455682476,5328.926960310489,5359.43603515625,3799870,0.0,0.0
2019-08-20 00:00:00+07:00,5349.2666015625,5359.435987590439,5298.417838440463,5349.2666015625,5517802,0.0,0.0
2019-08-21 00:00:00+07:00,5339.096551339397,5389.9453125,5308.5874779412625,5389.9453125,7349425,0.0,0.0
2019-08-22 00:00:00+07:00,5369.605546891204,5379.775390625,5349.266317669173,5379.775390625,4218968,0.0,0.0
2019-08-23 00:00:00+07:00,5369.60546875,5369.60546875,5339.096396238157,5369.60546875,4122120,0.0,0.0
2019-08-26 00:00:00+07:00,5349.2666015625,5349.2666015625,5247.569533564012,5349.2666015625,6352218,0.0,0.0
2019-08-27 00:00:00+07:00,5349.266395220631,5389.9453125,5339.096551339397,5389.9453125,11180076,0.0,0.0
2019-08-28 00:00:00+07:00,5389.945155921599,5389.945155921599,5339.096396238157,5369.60546875,3326645,0.0,0.0
2019-08-29 00:00:00+07:00,5359.435909693341,5369.605753819052,5176.381464904032,5339.0966796875,11936749,0.0,0.0
2019-08-30 00:00:00+07:00,5318.757610208605,5359.436071448015,5247.5696156712465,5288.24853515625,4739535,0.0,0.0
2019-09-03 00:00:00+07:00,5267.908408290252,5278.078251877328,5206.8902632589015,5227.2294921875,6451514,0.0,0.0
2019-09-04 00:00:00+07:00,5217.060391408574,5257.7388514845625,5176.381473087006,5196.720703125,11010229,0.0,0.0
2019-09-05 00:00:00+07:00,5206.890547266787,5206.890547266787,5135.702554765438,5196.720703125,4197883,0.0,0.0
2019-09-06 00:00:00+07:00,5186.55126953125,5206.890499382196,5135.70250753552,5186.55126953125,4599174,0.0,0.0
2019-09-09 00:00:00+07:00,5196.720655333936,5206.890499382196,5135.70250753552,5186.55126953125,4091897,0.0,0.0
2019-09-10 00:00:00+07:00,5196.720498761246,5196.720498761246,5054.344519357558,5166.21142578125,5679294,0.0,0.0
2019-09-11 00:00:00+07:00,5166.21142578125,5176.381269523103,5064.51436309941,5166.21142578125,6001824,0.0,0.0
2019-09-12 00:00:00+07:00,5166.21134715615,5237.399335774577,5145.872118227551,5227.2294921875,6396101,0.0,0.0
2019-09-13 00:00:00+07:00,5217.0605406188915,5328.926996395661,5196.720851753594,5288.24853515625,8449894,0.0,0.0
2019-09-16 00:00:00+07:00,5278.078608139,5369.605831863963,5278.078608139,5349.2666015625,13541067,0.0,0.0
2019-09-17 00:00:00+07:00,5339.096601789832,5349.2664457671635,5288.248298394318,5328.9267578125,8174524,0.0,0.0
2019-09-18 00:00:00+07:00,5318.757246080159,5339.096475307417,5298.417558607341,5308.58740234375,4178365,0.0,0.0
2019-09-19 00:00:00+07:00,5298.417885464729,5379.775723883817,5298.417885464729,5359.43603515625,8121510,0.0,0.0
2019-09-20 00:00:00+07:00,5359.43603515625,5389.9455682476,5349.266649038056,5359.43603515625,5594904,0.0,0.0
2019-09-23 00:00:00+07:00,5359.435625164201,5369.60546875,5339.096396238157,5369.60546875,4266728,0.0,0.0
2019-09-24 00:00:00+07:00,5359.435909693341,5369.605753819052,5308.587605555948,5339.0966796875,6055255,0.0,0.0
2019-09-25 00:00:00+07:00,5339.096473935377,5379.775390625,5328.926630201581,5379.775390625,5622126,0.0,0.0
2019-09-26 00:00:00+07:00,5369.605624737532,5410.284542016901,5359.435780856298,5389.9453125,8867290,0.0,0.0
2019-09-27 00:00:00+07:00,5389.945515297705,5430.623975862041,5369.605826769953,5420.45458984375,9733825,0.0,0.0
2019-09-30 00:00:00+07:00,5420.45454629956,5705.20605919034,5420.45454629956,5634.01806640625,16113135,0.0,0.0
2019-10-01 00:00:00+07:00,5634.017858486157,5776.393838800037,5634.017858486157,5745.884765625,20654361,0.0,0.0
2019-10-02 00:00:00+07:00,5735.715206941737,5776.394125945798,5705.206132250089,5715.3759765625,13027666,0.0,0.0
2019-10-03 00:00:00+07:00,5684.866494379759,5725.545410467957,5593.339276865481,5654.357421875,11970291,0.0,0.0
2019-10-04 00:00:00+07:00,5654.357501335758,5705.20580347641,5572.99966801604,5593.33935546875,7999463,0.0,0.0
2019-10-07 00:00:00+07:00,5593.339688664346,5634.018149501862,5552.660769581242,5573.0,6495811,0.0,0.0
2019-10-08 00:00:00+07:00,5572.9997933627,5623.848554892593,5552.660563698086,5613.6787109375,8979783,0.0,0.0
2019-10-09 00:00:00+07:00,5603.508740949544,5623.848428402253,5583.169511742395,5593.33935546875,5995320,0.0,0.0
2019-10-10 00:00:00+07:00,5603.508944620503,5623.8486328125,5572.9998705780845,5623.8486328125,7097264,0.0,0.0
2019-10-11 00:00:00+07:00,5634.018014805118,5725.545695115277,5623.84862896166,5695.03662109375,10451416,0.0,0.0
2019-10-14 00:00:00+07:00,5725.545738628292,5776.39404296875,5725.545738628292,5776.39404296875,16593419,0.0,0.0
2019-10-15 00:00:00+07:00,5786.563761088824,5806.90299073285,5725.545613911176,5756.0546875,6608351,0.0,0.0
2019-10-16 00:00:00+07:00,5756.054531086893,5766.224374755339,5715.375614658666,5735.71484375,5390636,0.0,0.0
2019-10-17 00:00:00+07:00,5725.5455381493275,5735.714923713992,5674.69677734375,5674.69677734375,9499380,0.0,0.0
2019-10-18 00:00:00+07:00,5695.036543168631,5705.2059288729415,5654.357625614678,5684.86669921875,5910971,0.0,0.0
2019-10-21 00:00:00+07:00,5674.69693291568,5705.206006937208,5664.527547072223,5695.03662109375,5398573,0.0,0.0
2019-10-22 00:00:00+07:00,5695.036543168631,5745.884846426895,5664.5274695645585,5684.86669921875,6304970,0.0,0.0
2019-10-23 00:00:00+07:00,5674.69677546806,5745.884765625,5654.357546099891,5745.884765625,11573571,0.0,0.0
2019-10-24 00:00:00+07:00,5735.715266160968,5939.10986328125,5715.376035571736,5939.10986328125,21262872,0.0,0.0
2019-10-25 00:00:00+07:00,5928.939580393486,5949.278809478546,5847.581747562132,5878.0908203125,7318787,0.0,0.0
2019-10-28 00:00:00+07:00,5898.430507643117,5908.599893062868,5827.242518477073,5878.0908203125,7984607,0.0,0.0
2019-10-29 00:00:00+07:00,5857.751953125,5888.261027760249,5806.9031899025285,5857.751953125,6673224,0.0,0.0
2019-10-30 00:00:00+07:00,5847.581747562132,5888.260663977809,5837.412362142381,5878.0908203125,10021652,0.0,0.0
2019-10-31 00:00:00+07:00,5878.091096965744,6020.467081998783,5878.091096965744,5989.9580078125,18490148,0.0,0.0
2019-11-01 00:00:00+07:00,5969.618574266015,5989.95780361498,5888.260740379028,5959.44873046875,7053290,0.0,0.0
2019-11-04 00:00:00+07:00,5949.279166554569,6000.1279296875,5928.939936248748,6000.1279296875,12304448,0.0,0.0
2019-11-05 00:00:00+07:00,5979.788241136093,6000.1279296875,5949.279166554569,6000.1279296875,7586823,0.0,0.0
2019-11-06 00:00:00+07:00,6000.12785624994,6000.12785624994,5918.77001953125,5918.77001953125,9143585,0.0,0.0
2019-11-07 00:00:00+07:00,5918.7700971217,5949.279171729764,5878.091178229086,5928.93994140625,8140057,0.0,0.0
2019-11-08 00:00:00+07:00,5959.448728681626,6081.485021229945,5949.278884887412,6030.63671875,18913403,0.0,0.0
2019-11-11 00:00:00+07:00,6020.466796875,6040.806484199638,5918.7697349884775,6020.466796875,11304519,0.0,0.0
2019-11-12 00:00:00+07:00,6000.1279296875,6020.467159993322,5928.939936248748,6000.1279296875,9345224,0.0,0.0
2019-11-13 00:00:00+07:00,5989.958085411797,6000.1279296875,5928.939936248748,6000.1279296875,10643823,0.0,0.0
2019-11-14 00:00:00+07:00,5979.788040805797,6000.1277286757995,5898.4306640625,5898.4306640625,8309859,0.0,0.0
2019-11-15 00:00:00+07:00,5898.430749461854,5908.600135298521,5766.224609375,5766.224609375,12078587,0.0,0.0
2019-11-18 00:00:00+07:00,5786.563835523741,5959.448893581351,5756.054761542466,5837.41259765625,14992591,0.0,0.0
2019-11-19 00:00:00+07:00,5847.582108831389,5867.921797418611,5817.073034196141,5857.751953125,8299197,0.0,0.0
2019-11-20 00:00:00+07:00,5857.751591227441,5908.599893062868,5796.733445726704,5878.0908203125,8175586,0.0,0.0
2019-11-21 00:00:00+07:00,5847.5821141699535,5878.091188833056,5786.56396484375,5786.56396484375,7898414,0.0,0.0
2019-11-22 00:00:00+07:00,5796.733399060913,5827.2424715656725,5593.339276865481,5654.357421875,7367512,0.0,0.0
2019-11-25 00:00:00+07:00,5654.357421875,5705.205723301081,5603.508662203365,5654.357421875,4435973,0.0,0.0
2019-11-26 00:00:00+07:00,5674.696650796322,5705.205723301081,5623.848349370241,5654.357421875,6831628,0.0,0.0
2019-11-27 00:00:00+07:00,5654.357794968738,5674.697025232111,5491.642578125,5491.642578125,5321054,0.0,0.0
2019-11-28 00:00:00+07:00,5491.642379049783,5501.811764690031,5288.24825080687,5318.75732421875,5591998,0.0,0.0
2019-11-29 00:00:00+07:00,5308.5874779412625,5400.114698135667,5308.5874779412625,5389.9453125,4418669,0.0,0.0
2019-12-02 00:00:00+07:00,5389.945450591053,5389.945450591053,5196.720703125,5196.720703125,5495790,0.0,0.0
2019-12-03 00:00:00+07:00,5196.720703125,5247.569465588355,5145.872398907225,5196.720703125,4823512,0.0,0.0
2019-12-04 00:00:00+07:00,5206.890527480243,5552.66064453125,5206.890527480243,5552.66064453125,9464544,0.0,0.0
2019-12-05 00:00:00+07:00,5644.1877041586295,5776.393840709341,5634.017860348401,5674.69677734375,8258271,0.0,0.0
2019-12-06 00:00:00+07:00,5654.357421875,5684.866494379759,5613.678505786803,5654.357421875,3744224,0.0,0.0
2019-12-09 00:00:00+07:00,5644.187858894153,5715.375851026243,5593.339554940132,5695.03662109375,7606155,0.0,0.0
2019-12-10 00:00:00+07:00,5695.036673253742,5715.375903372519,5613.678836287473,5634.01806640625,5582861,0.0,0.0
2019-12-11 00:00:00+07:00,5593.339554940132,5715.375851026243,5593.339554940132,5695.03662109375,5981754,0.0,0.0
2019-12-12 00:00:00+07:00,5695.03662109375,5715.375851026243,5664.527547072223,5695.03662109375,5470044,0.0,0.0
2019-12-13 00:00:00+07:00,5695.036543168631,5715.375772822822,5644.187781664797,5684.86669921875,6276548,0.0,0.0
2019-12-16 00:00:00+07:00,5684.866623080773,5684.866623080773,5593.339403494389,5603.5087890625,5666560,0.0,0.0
2019-12-17 00:00:00+07:00,5532.320960311186,5593.3395667284185,5430.623893943236,5481.47265625,6918466,0.0,0.0
2019-12-18 00:00:00+07:00,5400.114619847031,5481.472453226277,5318.757244713346,5379.775390625,5620328,0.0,0.0
2019-12-19 00:00:00+07:00,5379.775519453586,5389.9453634309175,5278.0784544169865,5328.9267578125,5889977,0.0,0.0
2019-12-20 00:00:00+07:00,5328.9267578125,5339.096601789832,5308.587528103409,5328.9267578125,4134161,0.0,0.0
2019-12-23 00:00:00+07:00,5328.926913015452,5359.435987590439,5308.587682713988,5349.2666015625,5414029,0.0,0.0
2019-12-24 00:00:00+07:00,5359.4357018161145,5491.642295585692,5359.4357018161145,5450.96337890625,7738027,0.0,0.0
2019-12-25 00:00:00+07:00,5440.79386779047,5491.642631309733,5410.284792977148,5430.6240234375,3845871,0.0,0.0
2019-12-26 00:00:00+07:00,5410.284542016901,5430.623771533802,5369.605624737532,5389.9453125,3048412,0.0,0.0
2019-12-27 00:00:00+07:00,5389.945510316966,5491.642578125,5379.775666062487,5491.642578125,10175028,0.0,0.0
2019-12-30 00:00:00+07:00,5491.642422306846,5501.811808027197,5450.963504688726,5471.302734375,4143713,0.0,0.0
2019-12-31 00:00:00+07:00,5471.302652466979,5603.5087890625,5450.963423085193,5603.5087890625,9926418,0.0,0.0
2020-01-02 00:00:00+07:00,5593.339276865481,5654.357421875,5522.151288272525,5654.357421875,10533914,0.0,0.0
2020-01-03 00:00:00+07:00,5644.187706071636,5644.187706071636,5572.9997158670385,5603.5087890625,6024387,0.0,0.0
2020-01-06 00:00:00+07:00,5593.339645933034,5593.339645933034,5450.963659352669,5491.642578125,15270456,0.0,0.0
2020-01-07 00:00:00+07:00,5491.642631309733,5491.642631309733,5410.284792977148,5430.6240234375,11838143,0.0,0.0
2020-01-08 00:00:00+07:00,5410.284792977148,5471.302942603792,5318.757568537182,5430.6240234375,20093188,0.0,0.0
2020-01-09 00:00:00+07:00,5430.623688829316,5613.6785846758985,5420.4543033485215,5593.33935546875,19492152,0.0,0.0
2020-01-10 00:00:00+07:00,5603.50906386273,5776.394125945798,5603.50906386273,5715.3759765625,18536612,0.0,0.0
2020-01-13 00:00:00+07:00,5715.375694339099,5725.5455381493275,5623.848474783737,5674.69677734375,3997582,0.0,0.0
2020-01-14 00:00:00+07:00,5634.018014805118,5725.545695115277,5613.678784872625,5695.03662109375,3751281,0.0,0.0
2020-01-15 00:00:00+07:00,5695.036751646502,5705.206137723082,5623.848757882502,5644.18798828125,3287284,0.0,0.0
2020-01-16 00:00:00+07:00,5644.187776091985,5837.41251972109,5634.0179321521455,5827.24267578125,18018723,0.0,0.0
2020-01-17 00:00:00+07:00,5837.412363031825,5888.260664875001,5806.90283203125,5806.90283203125,10017185,0.0,0.0
2020-01-20 00:00:00+07:00,5806.902911975073,5806.902911975073,5715.375692449964,5745.884765625,4335892,0.0,0.0
2020-01-21 00:00:00+07:00,5745.8847619643275,5918.769815343099,5735.71491816394,5888.2607421875,7642748,0.0,0.0
2020-01-22 00:00:00+07:00,5888.260820127499,5908.600049751931,5796.7335994492005,5898.4306640625,10343165,0.0,0.0
2020-01-30 00:00:00+07:00,5837.412525484682,5837.412525484682,5684.86669921875,5684.86669921875,7824497,0.0,0.0
2020-01-31 00:00:00+07:00,5664.527639223216,5674.697025232111,5288.248442508932,5491.642578125,8726470,0.0,0.0
2020-02-03 00:00:00+07:00,5420.454584834818,5583.169801678555,5196.720760709793,5491.642578125,8421149,0.0,0.0
2020-02-04 00:00:00+07:00,5501.811725662441,5634.0178622579615,5461.132808653304,5603.5087890625,7477144,0.0,0.0
2020-02-05 00:00:00+07:00,5603.50898336915,5796.733731301397,5542.4908348623685,5776.39404296875,10753269,0.0,0.0
2020-02-06 00:00:00+07:00,5786.56398972089,6101.825040255735,5766.224759273244,6081.4853515625,15231421,0.0,0.0
2020-02-07 00:00:00+07:00,6081.484941495372,6122.163857893324,6020.466796021225,6091.65478515625,9562684,0.0,0.0
2020-02-10 00:00:00+07:00,6071.3159231262525,6081.485309156371,5928.939936248748,6000.1279296875,5676941,0.0,0.0
2020-02-11 00:00:00+07:00,5979.788040805797,6020.4669583002305,5867.921590503067,5898.4306640625,14585259,0.0,0.0
2020-02-12 00:00:00+07:00,5908.600330029014,6081.485393897059,5908.600330029014,5939.10986328125,8693613,0.0,0.0
2020-02-13 00:00:00+07:00,5949.27924945307,6000.1280132945385,5918.770174446426,5939.10986328125,7396629,0.0,0.0
2020-02-14 00:00:00+07:00,5949.278890370633,6010.297036701031,5817.07275390625,5817.07275390625,10098663,0.0,0.0
2020-02-17 00:00:00+07:00,5817.0729570195235,5847.58203125,5806.903112860838,5847.58203125,9555071,0.0,0.0
2020-02-18 00:00:00+07:00,5837.41251972109,5898.430666868988,5827.24267578125,5827.24267578125,4982885,0.0,0.0
2020-02-19 00:00:00+07:00,5827.242470938978,5827.242470938978,5715.375566269855,5796.7333984375,8391481,0.0,0.0
2020-02-20 00:00:00+07:00,5806.90311722214,5827.242805554788,5756.054812881683,5776.39404296875,5279480,0.0,0.0
2020-02-21 00:00:00+07:00,5766.2246570480065,5837.412649721111,5735.715124549036,5776.39404296875,5507233,0.0,0.0
2020-02-24 00:00:00+07:00,5695.036549080537,5705.205934795404,5542.49072265625,5542.49072265625,10735367,0.0,0.0
2020-02-25 00:00:00+07:00,5491.642488786514,5705.206006937208,5481.47264469748,5695.03662109375,18361968,0.0,0.0
2020-02-26 00:00:00+07:00,5634.01806640625,5745.884977673475,5562.83053186774,5634.01806640625,6830152,0.0,0.0
2020-02-27 00:00:00+07:00,5644.187858894153,5715.375851026243,5623.84862896166,5695.03662109375,7118029,0.0,0.0
2020-02-28 00:00:00+07:00,5603.508662203365,5654.357421875,5532.320673610408,5654.357421875,5606345,0.0,0.0
2020-03-02 00:00:00+07:00,5634.01806640625,5695.036673253742,5572.999917804338,5634.01806640625,13127378,0.0,0.0
2020-03-03 00:00:00+07:00,5695.036673253742,5756.054821855654,5613.678836287473,5634.01806640625,11717623,0.0,0.0
2020-03-04 00:00:00+07:00,5634.0177344014,5745.884639076464,5634.0177344014,5725.54541015625,13962350,0.0,0.0
2020-03-05 00:00:00+07:00,5745.884925047771,5827.242761268895,5644.187858894153,5695.03662109375,5466306,0.0,0.0
2020-03-06 00:00:00+07:00,5674.69693291568,5695.03662109375,5593.339554940132,5695.03662109375,3322997,0.0,0.0
2020-03-09 00:00:00+07:00,5450.963301282973,5461.132686623848,5298.41748046875,5298.41748046875,7437049,0.0,0.0
2020-03-10 00:00:00+07:00,5095.02351056194,5420.454390848536,5084.853666671418,5247.5693359375,11529180,0.0,0.0
2020-03-11 00:00:00+07:00,5288.248397345341,5288.248397345341,4881.459671341747,4983.15673828125,6252972,0.0,0.0
2020-03-12 00:00:00+07:00,4911.969341274906,4911.969341274906,4637.38720703125,4637.38720703125,10051646,0.0,0.0
2020-03-13 00:00:00+07:00,4322.1259327223115,4769.593108596307,4322.1259327223115,4678.0654296875,21088504,0.0,0.0
2020-03-16 00:00:00+07:00,4545.859463463589,4678.065606614679,4352.635170895934,4413.6533203125,16722334,0.0,0.0
2020-03-17 00:00:00+07:00,4189.919761434987,4586.538172751222,4128.901156563164,4311.9560546875,20757903,0.0,0.0
2020-03-18 00:00:00+07:00,4464.50200935257,4464.50200935257,4281.447105903925,4332.29541015625,8845790,0.0,0.0
2020-03-19 00:00:00+07:00,4271.277218125304,4271.277218125304,4037.374012813591,4250.93798828125,10655588,0.0,0.0
2020-03-20 00:00:00+07:00,4210.259070347566,4250.93798828125,4017.0347829695365,4250.93798828125,7102109,0.0,0.0
2020-03-23 00:00:00+07:00,3986.525644924698,3986.525644924698,3956.01611328125,3956.01611328125,5010383,0.0,0.0
2020-03-24 00:00:00+07:00,3956.016236721455,4006.864999468276,3803.470864972155,3864.489013671875,7839908,0.0,0.0
2020-03-25 00:00:00+07:00,4047.5439453125,4047.5439453125,3894.998114288878,4047.5439453125,9534309,0.0,0.0
2020-03-26 00:00:00+07:00,4027.204093695424,4047.54378140589,3844.149653774629,3986.525634765625,15794113,0.0,0.0
2020-03-27 00:00:00+07:00,3966.1860238359195,3966.1860238359195,3711.943359375,3711.943359375,9071373,0.0,0.0
2020-03-30 00:00:00+07:00,3559.3978505824916,3559.3978505824916,3457.7007822300084,3508.54931640625,8408877,0.0,0.0
2020-03-31 00:00:00+07:00,3650.925088507515,3722.1130779819036,3274.645911962415,3620.416015625,13009520,0.0,0.0
2020-04-01 00:00:00+07:00,3640.7553465290384,3854.319091796875,3630.585731658298,3854.319091796875,3470696,0.0,0.0
2020-04-03 00:00:00+07:00,3884.828733247105,3976.35595703125,3864.489044686905,3976.35595703125,5231265,0.0,0.0
2020-04-06 00:00:00+07:00,3986.5256380532433,4169.580078125,3986.5256380532433,4169.580078125,9322934,0.0,0.0
2020-04-07 00:00:00+07:00,4169.5799514102755,4250.937783355614,4088.222577710491,4220.4287109375,5789112,0.0,0.0
2020-04-08 00:00:00+07:00,4169.58028064163,4210.25919982632,4078.0530561602723,4200.08935546875,4985653,0.0,0.0
2020-04-09 00:00:00+07:00,4200.08935546875,4230.59843029587,4098.392286629823,4200.08935546875,9615193,0.0,0.0
2020-04-10 00:00:00+07:00,4098.392130304031,4169.580121600501,4027.20413900756,4067.883056640625,7272278,0.0,0.0
2020-04-13 00:00:00+07:00,4057.713249652595,4108.56201171875,3935.6769538867443,4108.56201171875,28244327,0.0,0.0
2020-04-14 00:00:00+07:00,4118.731818243349,4118.731818243349,3976.3558356504077,4067.883056640625,6319276,0.0,0.0
2020-04-15 00:00:00+07:00,4067.883211802703,4200.08935546875,4067.883211802703,4200.08935546875,5426763,0.0,0.0
2020-04-16 00:00:00+07:00,4189.9199170334305,4311.95621481793,4149.240998356737,4261.10791015625,8819349,0.0,0.0
2020-04-17 00:00:00+07:00,4413.653037513543,4474.671183020452,4362.80473567297,4372.97412109375,11371333,0.0,0.0
2020-04-20 00:00:00+07:00,4433.99255627104,4464.502089263224,4322.126101615381,4342.46533203125,11561802,0.0,0.0
2020-04-21 00:00:00+07:00,4230.598177521211,4271.27709427537,4057.7131250002103,4088.22265625,11054524,0.0,0.0
2020-04-22 00:00:00+07:00,3966.1858750594365,4250.937831872502,3925.5069586224904,4230.59814453125,6865958,0.0,0.0
2020-04-23 00:00:00+07:00,4271.277301076816,4311.956219800516,4108.5620844276,4189.919921875,10403747,0.0,0.0
2020-04-24 00:00:00+07:00,4189.919921875,4189.919921875,4078.0530099462208,4189.919921875,9579110,0.0,0.0
2020-04-27 00:00:00+07:00,4149.240848643327,4230.598224815586,4118.731775298034,4169.580078125,8143425,0.0,0.0
2020-04-28 00:00:00+07:00,4169.580155946569,4210.259073914718,4088.2227782558457,4179.75,12255492,0.0,0.0
2020-04-29 00:00:00+07:00,4179.7501249992,4210.25919982632,4159.41089452965,4200.08935546875,10662784,0.0,0.0
2020-05-04 00:00:00+07:00,4200.089144936205,4403.483272418782,4179.749915486174,4383.14404296875,8366335,0.0,0.0
2020-05-05 00:00:00+07:00,4393.3140125442405,4413.653242576339,4291.61694589259,4403.4833984375,5431056,0.0,0.0
2020-05-06 00:00:00+07:00,4393.314173708289,4393.314173708289,4301.786489592302,4352.63525390625,16121115,0.0,0.0
2020-05-07 00:00:00+07:00,4433.99247690648,4433.99247690648,4311.956180104436,4332.29541015625,6109842,0.0,0.0
2020-05-08 00:00:00+07:00,4332.295471889064,4627.217290439108,4332.295471889064,4556.029296875,10690287,0.0,0.0
2020-05-11 00:00:00+07:00,4556.029013201845,4657.726075069213,4474.671180409729,4586.5380859375,6779075,0.0,0.0
2020-05-12 00:00:00+07:00,4586.5382891935615,4657.726281480027,4566.199059216962,4617.04736328125,13918979,0.0,0.0
2020-05-13 00:00:00+07:00,4596.708047692074,4861.120323691142,4515.350212809791,4820.44140625,10471022,0.0,0.0
2020-05-14 00:00:00+07:00,4718.744347175239,4779.762494284064,4678.0654296875,4678.0654296875,3972020,0.0,0.0
2020-05-15 00:00:00+07:00,4678.065224560379,4779.762284697657,4586.5380079104925,4647.55615234375,2590320,0.0,0.0
2020-05-18 00:00:00+07:00,4617.04708047995,4718.744140625,4586.538008260989,4718.744140625,4783323,0.0,0.0
2020-05-19 00:00:00+07:00,4820.441201127473,4861.120116837618,4739.08382795273,4789.93212890625,6081834,0.0,0.0
2020-05-20 00:00:00+07:00,4739.084187184878,4789.932491992803,4739.084187184878,4769.59326171875,2257085,0.0,0.0
2020-05-21 00:00:00+07:00,4708.574415903035,5095.0234375,4708.574415903035,5095.0234375,5184199,0.0,0.0
2020-05-22 00:00:00+07:00,4881.459836245511,4983.156906620509,4850.950760957571,4861.12060546875,4829327,0.0,0.0
2020-05-25 00:00:00+07:00,4881.45962825055,4962.817464382197,4840.781168430303,4901.79931640625,4349270,0.0,0.0
2020-05-26 00:00:00+07:00,4820.4413251619,4952.6474609375,4820.4413251619,4952.6474609375,3576313,0.0,0.0
2020-05-27 00:00:00+07:00,5044.175223053496,5044.175223053496,4820.44140625,4820.44140625,3925696,0.0,0.0
2020-05-28 00:00:00+07:00,4881.459553288928,4881.459553288928,4810.2720205738915,4820.44140625,2354033,0.0,0.0
2020-05-29 00:00:00+07:00,4800.102372810087,4922.138671875,4728.914378940359,4922.138671875,4327586,0.0,0.0
2020-06-01 00:00:00+07:00,4932.3085807112175,5084.8539565371675,4932.3085807112175,5074.6845703125,4110217,0.0,0.0
2020-06-02 00:00:00+07:00,5420.45458984375,5420.45458984375,5389.945515297705,5420.45458984375,10553663,0.0,0.0
2020-06-03 00:00:00+07:00,5796.7333984375,5796.7333984375,5491.642215177163,5796.7333984375,9227010,0.0,0.0
2020-06-04 00:00:00+07:00,5796.733399060913,5837.41231514911,5654.357421875,5654.357421875,4354118,0.0,0.0
2020-06-05 00:00:00+07:00,5572.99966801604,5654.357501335758,5471.302605489174,5593.33935546875,4299764,0.0,0.0
2020-06-08 00:00:00+07:00,5613.678919083104,5674.697068584967,5542.490925249069,5573.0,6876804,0.0,0.0
2020-06-09 00:00:00+07:00,5572.999913405843,5715.375898861653,5542.4908391289655,5705.2060546875,13848793,0.0,0.0
2020-06-10 00:00:00+07:00,5705.206006937208,5715.375851026243,5572.999866762063,5695.03662109375,3318615,0.0,0.0
2020-06-11 00:00:00+07:00,5654.357551851087,5674.696781239944,5471.302654369114,5532.32080078125,8321484,0.0,0.0
2020-06-12 00:00:00+07:00,5206.890457225581,5491.642422306846,5206.890457225581,5471.302734375,4276785,0.0,0.0
2020-06-15 00:00:00+07:00,5796.733695287584,5827.242769351428,5389.945430108887,5552.66064453125,12301309,0.0,0.0
2020-06-16 00:00:00+07:00,5593.339562698236,5613.6787926589395,5491.642496403561,5552.66064453125,7977270,0.0,0.0
2020-06-17 00:00:00+07:00,5552.660490396419,5552.660490396419,5450.963426924726,5461.1328125,2721361,0.0,0.0
2020-06-18 00:00:00+07:00,5389.94536036777,5440.793663734386,5349.266442727134,5400.11474609375,3155093,0.0,0.0
2020-06-19 00:00:00+07:00,5359.4357018161145,5450.96337890625,5359.4357018161145,5450.96337890625,2106759,0.0,0.0
2020-06-22 00:00:00+07:00,5481.472532694405,5481.472532694405,5318.757321822496,5389.9453125,2973984,0.0,0.0
2020-06-23 00:00:00+07:00,5450.96345929627,5450.96345929627,5359.435780856298,5389.9453125,2844464,0.0,0.0
2020-06-24 00:00:00+07:00,5389.9454420704715,5410.284672076313,5328.92683556179,5339.0966796875,2137905,0.0,0.0
2020-06-25 00:00:00+07:00,5298.417480805927,5298.417480805927,5186.551034330303,5227.2294921875,3370203,0.0,0.0
2020-06-26 00:00:00+07:00,5288.248095810227,5308.587324740156,5115.363046046393,5156.04150390625,4288551,0.0,0.0
2020-06-29 00:00:00+07:00,5084.85359521325,5115.363126456062,4850.950396737293,5023.83544921875,7345736,0.0,0.0
2020-06-30 00:00:00+07:00,5064.51452284845,5095.023596790787,4850.950547006509,5044.17529296875,4646469,0.0,0.0
2020-07-01 00:00:00+07:00,4952.647741098277,5044.175423540113,4901.799435960002,4993.32666015625,4274800,0.0,0.0
2020-07-02 00:00:00+07:00,5084.85359521325,5125.532511958104,4972.987146971854,5023.83544921875,3263156,0.0,0.0
2020-07-03 00:00:00+07:00,5074.6845515441755,5369.605915880665,5044.1754764918205,5288.24853515625,8510203,0.0,0.0
2020-07-06 00:00:00+07:00,5288.24853515625,5349.266685260959,5217.0605406188915,5288.24853515625,3585036,0.0,0.0
2020-07-07 00:00:00+07:00,5339.096840828311,5349.266685260959,5288.24853515625,5288.24853515625,3110149,0.0,0.0
2020-07-08 00:00:00+07:00,5288.248095127875,5308.587324055179,5227.229491854854,5298.41748046875,2374885,0.0,0.0
2020-07-09 00:00:00+07:00,5298.4176007043525,5552.660488415672,5298.4176007043525,5532.32080078125,7697607,0.0,0.0
2020-07-10 00:00:00+07:00,5450.963664389795,5562.830576555681,5410.284745579874,5420.45458984375,5107557,0.0,0.0
2020-07-13 00:00:00+07:00,5430.623975862041,5491.642583199716,5369.605826769953,5420.45458984375,3932342,0.0,0.0
2020-07-14 00:00:00+07:00,5410.284792977148,5440.79386779047,5339.096798997534,5430.6240234375,7638778,0.0,0.0
2020-07-15 00:00:00+07:00,5430.623739283049,5532.320802754741,5430.623739283049,5461.1328125,7525223,0.0,0.0
2020-07-16 00:00:00+07:00,5461.132810551903,5532.32080078125,5410.284507956978,5532.32080078125,9371155,0.0,0.0
2020-07-17 00:00:00+07:00,5461.132968029064,5501.81188622536,5461.132968029064,5481.47265625,3189052,0.0,0.0
2020-07-20 00:00:00+07:00,5491.642216711624,5532.320674561259,5430.623613446064,5440.79345703125,3392026,0.0,0.0
2020-07-21 00:00:00+07:00,5481.472581375022,5481.472581375022,5389.94536036777,5400.11474609375,3038031,0.0,0.0
2020-07-22 00:00:00+07:00,5400.114906438951,5461.133055588926,5308.587682713988,5349.2666015625,3142955,0.0,0.0
2020-07-23 00:00:00+07:00,5349.266519751973,5410.28466796875,5308.587601525595,5410.28466796875,2620359,0.0,0.0
2020-07-24 00:00:00+07:00,5349.26669826773,5389.945617851644,5044.17548875676,5145.87255859375,6012066,0.0,0.0
2020-07-27 00:00:00+07:00,4820.441201127473,5044.175008410502,4789.93212890625,4789.93212890625,7685473,0.0,0.0
2020-07-28 00:00:00+07:00,4789.932253609718,4942.478076932833,4688.235190809495,4881.45947265625,9065188,0.0,0.0
2020-07-29 00:00:00+07:00,4718.744493746147,4881.4597105057,4657.726344742012,4840.78125,4430481,0.0,0.0
2020-07-30 00:00:00+07:00,4800.10225036448,4932.308390394223,4800.10225036448,4901.79931640625,2310333,0.0,0.0
2020-07-31 00:00:00+07:00,4688.235144530851,4901.799111776848,4688.235144530851,4871.2900390625,3192509,0.0,0.0
2020-08-03 00:00:00+07:00,4830.611244955719,5003.496300209717,4830.611244955719,4962.8173828125,2657501,0.0,0.0
2020-08-04 00:00:00+07:00,5064.5143173841525,5064.5143173841525,4962.81725562029,5013.666015625,2202272,0.0,0.0
2020-08-05 00:00:00+07:00,5013.666211938689,5206.890499382196,4993.326523842167,5186.55126953125,3708739,0.0,0.0
2020-08-06 00:00:00+07:00,5186.551465566537,5339.096840828311,5105.19362659653,5288.24853515625,4432882,0.0,0.0
2020-08-07 00:00:00+07:00,5288.248095127875,5308.587324055179,5227.229491854854,5298.41748046875,2859416,0.0,0.0
2020-08-10 00:00:00+07:00,5308.5874779412625,5450.96345929627,5308.5874779412625,5389.9453125,4807964,0.0,0.0
2020-08-11 00:00:00+07:00,5430.6240234375,5471.302942603792,5359.4360294578855,5430.6240234375,4761915,0.0,0.0
2020-08-12 00:00:00+07:00,5430.623739283049,5461.1328125,5400.114666066098,5461.1328125,2507727,0.0,0.0
2020-08-13 00:00:00+07:00,5471.302529219702,5511.9814453125,5430.623613126904,5511.9814453125,4842755,0.0,0.0
2020-08-14 00:00:00+07:00,5552.660769581242,5634.018149501862,5511.981850498138,5573.0,9183220,0.0,0.0
2020-08-17 00:00:00+07:00,5603.508866982407,5644.187784557207,5562.830407653179,5613.6787109375,7538233,0.0,0.0
2020-08-18 00:00:00+07:00,5644.187993834036,5644.187993834036,5532.321080916896,5573.0,4378298,0.0,0.0
2020-08-19 00:00:00+07:00,5572.9996693402345,5583.169513069006,5501.811679729957,5522.1513671875,3398625,0.0,0.0
2020-08-20 00:00:00+07:00,5522.151417179467,5542.490646575579,5461.1328125,5461.1328125,6090599,0.0,0.0
2020-08-21 00:00:00+07:00,5471.302654369114,5552.660488415672,5471.302654369114,5532.32080078125,2237893,0.0,0.0
2020-08-24 00:00:00+07:00,5532.320719854421,5735.71484375,5532.320719854421,5735.71484375,6959992,0.0,0.0
2020-08-25 00:00:00+07:00,5735.71484375,5817.0726766064545,5735.71484375,5735.71484375,4896414,0.0,0.0
2020-08-26 00:00:00+07:00,5695.036463081794,5786.563682606903,5674.69677546806,5745.884765625,3053488,0.0,0.0
2020-08-27 00:00:00+07:00,5735.71479549358,5776.3937115795625,5715.375566573365,5725.54541015625,2561712,0.0,0.0
2020-08-28 00:00:00+07:00,5725.545458327112,5796.73344751512,5725.545458327112,5735.71484375,3413669,0.0,0.0
2020-08-31 00:00:00+07:00,5735.71507712827,5786.56383929391,5725.545691291604,5766.224609375,3370111,0.0,0.0
2020-09-01 00:00:00+07:00,5756.0544823536775,5817.072627356634,5745.884638771334,5796.7333984375,4209882,0.0,0.0
2020-09-03 00:00:00+07:00,5898.430781132081,6061.14599609375,5878.091092858386,6061.14599609375,18947362,0.0,0.0
2020-09-04 00:00:00+07:00,6040.806640625,6091.654943762188,5979.788035316577,6040.806640625,8016352,0.0,0.0
2020-09-07 00:00:00+07:00,6101.825082731883,6101.825082731883,5939.10986328125,5939.10986328125,6922389,0.0,0.0
2020-09-08 00:00:00+07:00,5939.109626381621,6040.806691762466,5817.072872977263,5979.7880859375,4517688,0.0,0.0
2020-09-09 00:00:00+07:00,5878.0911011719045,6000.12785624994,5857.751871115022,5918.77001953125,4464119,0.0,0.0
2020-09-10 00:00:00+07:00,5969.618574266015,6000.127647412243,5918.769813525257,5959.44873046875,2355091,0.0,0.0
2020-09-11 00:00:00+07:00,6101.824705285345,6284.879144001833,6081.485017708693,6173.0126953125,13752546,0.0,0.0
2020-09-14 00:00:00+07:00,6264.540252816979,6264.540252816979,6122.164265077522,6152.67333984375,7649436,0.0,0.0
2020-09-15 00:00:00+07:00,6142.503959396617,6173.013034190881,6081.4853515625,6081.4853515625,7973671,0.0,0.0
2020-09-16 00:00:00+07:00,6081.485303990229,6132.334067079964,6040.806843413143,6071.31591796875,5864507,0.0,0.0
2020-09-17 00:00:00+07:00,6071.31555694104,6091.654786020121,6020.466796875,6020.466796875,6872599,0.0,0.0
2020-09-18 00:00:00+07:00,6020.467000445742,6081.485147991758,6020.467000445742,6050.97607421875,4649608,0.0,0.0
2020-09-21 00:00:00+07:00,6132.333776690132,6284.879142244554,6132.333776690132,6244.20068359375,9506995,0.0,0.0
2020-09-22 00:00:00+07:00,6244.200934247538,6284.87939453125,6162.843097188949,6284.87939453125,8544208,0.0,0.0
2020-09-23 00:00:00+07:00,6305.218828092297,6356.067130514686,6274.709754989751,6315.388671875,4880268,0.0,0.0
2020-09-24 00:00:00+07:00,6305.218828092297,6325.55805741214,6284.879140526891,6315.388671875,4038925,0.0,0.0
2020-09-25 00:00:00+07:00,6315.388797618938,6335.72802734375,6244.200806213739,6335.72802734375,6734085,0.0,0.0
2020-09-28 00:00:00+07:00,6447.594854786396,6447.594854786396,6345.89779095917,6396.74609375,5038116,0.0,0.0
2020-09-29 00:00:00+07:00,6406.916145498843,6508.61321262595,6356.0673828125,6356.0673828125,9534723,0.0,0.0
2020-09-30 00:00:00+07:00,6386.576535062893,6396.746379373383,6325.558385691127,6366.2373046875,11986258,0.0,0.0
2020-10-01 00:00:00+07:00,6530.986506444936,6636.751418165193,6517.765663357116,6557.427734375,10291099,0.0,0.0
2020-10-02 00:00:00+07:00,6610.310009749365,6623.5303942306455,6398.780192084392,6530.986328125,6877426,0.0,0.0
2020-10-05 00:00:00+07:00,6583.868962305065,6610.310190235129,6530.986506444936,6557.427734375,3560683,0.0,0.0
2020-10-06 00:00:00+07:00,6570.647939814402,6610.310009749365,6517.7654853981585,6530.986328125,5658518,0.0,0.0
2020-10-07 00:00:00+07:00,6478.1038737087565,6557.427555333122,6464.883030981915,6530.986328125,4927496,0.0,0.0
2020-10-08 00:00:00+07:00,6504.5452316457895,6544.206844132314,6425.22154842717,6478.10400390625,5346278,0.0,0.0
2020-10-09 00:00:00+07:00,6517.765616392773,6517.765616392773,6478.10400390625,6478.10400390625,5020629,0.0,0.0
2020-10-12 00:00:00+07:00,6504.54519260614,6530.986420186982,6425.221509863613,6438.44189453125,4798727,0.0,0.0
2020-10-13 00:00:00+07:00,6438.442018409498,6451.662861577078,6345.89794921875,6345.89794921875,5019956,0.0,0.0
2020-10-14 00:00:00+07:00,6345.897650293872,6451.662557670122,6319.45642344981,6412.00048828125,4699096,0.0,0.0
2020-10-15 00:00:00+07:00,6451.662953225867,6504.54541015625,6398.780496295483,6504.54541015625,4696435,0.0,0.0
2020-10-16 00:00:00+07:00,6504.545278514872,6610.310190235129,6451.662822654743,6557.427734375,15992922,0.0,0.0
2020-10-19 00:00:00+07:00,6583.869103116149,6583.869103116149,6504.545417629437,6544.20703125,4822649,0.0,0.0
2020-10-20 00:00:00+07:00,6530.986423497042,6768.9574718452295,6530.986423497042,6689.6337890625,18178495,0.0,0.0
2020-10-21 00:00:00+07:00,6768.9574718452295,6821.839927033716,6676.413404388163,6689.6337890625,8832326,0.0,0.0
2020-10-22 00:00:00+07:00,6689.63395922938,6729.296030752429,6610.310274428862,6676.41357421875,13851431,0.0,0.0
2020-10-23 00:00:00+07:00,6689.633827694307,6729.2958984375,6636.7513722004305,6729.2958984375,14712732,0.0,0.0
2020-10-26 00:00:00+07:00,6689.633740804247,6729.295811032279,6610.31005859375,6610.31005859375,6770769,0.0,0.0
2020-10-27 00:00:00+07:00,6610.309969586395,6610.309969586395,6491.32421875,6491.32421875,7728805,0.0,0.0
2020-10-28 00:00:00+07:00,6478.104240379109,6478.104240379109,6081.4853515625,6081.4853515625,11802263,0.0,0.0
2020-10-29 00:00:00+07:00,6081.484991421022,6306.235651224476,6055.043764282119,6240.1328125,7662183,0.0,0.0
2020-10-30 00:00:00+07:00,6398.7802734375,6425.221500981792,6226.912065276822,6398.7802734375,7594853,0.0,0.0
2020-11-02 00:00:00+07:00,6398.780143640371,6451.66259765625,6293.015235608611,6451.66259765625,5079333,0.0,0.0
2020-11-03 00:00:00+07:00,6478.103965025298,6504.54519260614,6372.33905470193,6438.44189453125,5461917,0.0,0.0
2020-11-04 00:00:00+07:00,6610.309929041916,6755.7369060338015,6610.309929041916,6663.1923828125,42017285,0.0,0.0
2020-11-05 00:00:00+07:00,6649.971540247076,6808.619359804386,6610.309929041916,6663.1923828125,32863032,0.0,0.0
2020-11-06 00:00:00+07:00,6716.075149191854,6716.075149191854,6610.310236727715,6636.75146484375,4615368,0.0,0.0
2020-11-09 00:00:00+07:00,6716.075055441244,6729.2958984375,6663.192599947369,6729.2958984375,7238355,0.0,0.0
2020-11-10 00:00:00+07:00,6848.281021603796,6874.722248684433,6729.295728863712,6742.51611328125,12671388,0.0,0.0
2020-11-11 00:00:00+07:00,6742.516161935686,6821.83984375,6702.85455015131,6821.83984375,12318761,0.0,0.0
2020-11-12 00:00:00+07:00,6821.840022037525,6861.502093104025,6808.619637179076,6848.28125,6267583,0.0,0.0
2020-11-13 00:00:00+07:00,6874.722648963713,6874.722648963713,6782.178577915906,6835.06103515625,13916491,0.0,0.0
2020-11-16 00:00:00+07:00,6874.722197894836,6874.722197894836,6663.1923828125,6663.1923828125,24573178,0.0,0.0
2020-11-17 00:00:00+07:00,6821.840154256201,6821.840154256201,6755.737312191617,6795.39892578125,30106516,0.0,0.0
2020-11-18 00:00:00+07:00,6821.8398343861845,6821.8398343861845,6729.295768185961,6782.17822265625,21555646,0.0,0.0
2020-11-19 00:00:00+07:00,6729.2958984375,6768.957510935121,6716.075055441244,6729.2958984375,17262873,0.0,0.0
2020-11-20 00:00:00+07:00,6729.295777422748,6874.722298292877,6729.295777422748,6821.83984375,13313531,0.0,0.0
2020-11-23 00:00:00+07:00,6874.722469609331,6927.604925470026,6795.398785818289,6808.61962890625,16198498,0.0,0.0
2020-11-24 00:00:00+07:00,6835.060990024239,6835.060990024239,6689.634004450759,6755.7373046875,18778223,0.0,0.0
2020-11-25 00:00:00+07:00,6755.737266881708,6768.957651907724,6663.1927387172755,6716.0751953125,18015826,0.0,0.0
2020-11-26 00:00:00+07:00,6742.51611328125,6782.178183024985,6676.413274702439,6742.51611328125,83950422,0.0,0.0
2020-11-27 00:00:00+07:00,6997.270885681244,7198.630859375,6879.810633716642,7198.630859375,29364133,0.0,0.0
2020-11-30 00:00:00+07:00,7316.091280251823,7702.032117046028,7299.311243869466,7383.21142578125,19836968,0.0,0.0
2020-12-01 00:00:00+07:00,7232.191057256955,7500.671637849536,7215.411020969918,7483.8916015625,17542823,0.0,0.0
2020-12-02 00:00:00+07:00,7383.211662298852,7467.111846898339,7366.431625378956,7399.99169921875,14424429,0.0,0.0
2020-12-03 00:00:00+07:00,7383.211454383195,7450.33160017264,7316.09130859375,7316.09130859375,13767516,0.0,0.0
2020-12-04 00:00:00+07:00,7316.091322960625,7349.651395921251,7282.53125,7282.53125,11071805,0.0,0.0
2020-12-07 00:00:00+07:00,7282.530986133028,7349.651129622324,7282.530986133028,7332.87109375,7525638,0.0,0.0
2020-12-08 00:00:00+07:00,7349.651325057608,7450.33154296875,7332.871288739085,7450.33154296875,8198770,0.0,0.0
2020-12-09 00:00:00+07:00,7551.011940627362,7651.6921609351375,7500.671830473474,7601.35205078125,14397668,0.0,0.0
2020-12-10 00:00:00+07:00,7618.132148068629,7618.132148068629,7467.11181640625,7467.11181640625,13742685,0.0,0.0
2020-12-11 00:00:00+07:00,7483.891853257625,7551.012000663127,7450.331779554874,7467.11181640625,9275370,0.0,0.0
2020-12-14 00:00:00+07:00,7483.891838182425,7551.011985452724,7450.331764547276,7500.671875,9001878,0.0,0.0
2020-12-15 00:00:00+07:00,7500.671890109001,7517.451926960376,7383.211632149372,7467.11181640625,13752445,0.0,0.0
2020-12-16 00:00:00+07:00,7450.33151513293,7551.011732667911,7416.771442621269,7517.45166015625,12750257,0.0,0.0
2020-12-17 00:00:00+07:00,7517.451852577603,7735.5923294870545,7416.7716324655485,7634.912109375,17595007,0.0,0.0
2020-12-18 00:00:00+07:00,7634.912208975596,7953.73291015625,7618.13217207135,7953.73291015625,27431708,0.0,0.0
2020-12-21 00:00:00+07:00,8054.412656010183,8390.01245778847,8054.412656010183,8373.232421875,17589748,0.0,0.0
2020-12-22 00:00:00+07:00,8390.012752968141,8390.012752968141,8155.093158405672,8255.7724609375,11643621,0.0,0.0
2020-12-23 00:00:00+07:00,8222.212537537858,8255.772611156164,8054.4130859375,8054.4130859375,17788519,0.0,0.0
2020-12-24 00:00:00+07:00,8054.412705160108,8071.192741175974,7551.011624684124,7785.93212890625,18541574,0.0,0.0
2020-12-25 00:00:00+07:00,7802.712533800208,8087.973159555805,7769.152460181902,8054.4130859375,14201748,0.0,0.0
2020-12-28 00:00:00+07:00,8121.53300831827,8205.433190041142,7903.392535838803,8004.07275390625,15857689,0.0,0.0
2020-12-29 00:00:00+07:00,8004.072782335447,8020.852818739621,7903.392563910401,7936.95263671875,9857085,0.0,0.0
2020-12-30 00:00:00+07:00,7936.952399183235,8020.852578693159,7920.172363281249,7920.17236328125,52669363,0.0,0.0
2020-12-31 00:00:00+07:00,7953.732658938251,8037.632840809496,7920.172586189753,7970.5126953125,7235871,0.0,0.0
2021-01-04 00:00:00+07:00,8104.753181309231,8121.533218087213,8020.852997419323,8087.97314453125,19096890,0.0,0.0
2021-01-05 00:00:00+07:00,8087.972753608431,8356.452412588313,8087.972753608431,8306.1123046875,20223298,0.0,0.0
2021-01-06 00:00:00+07:00,8322.892696672323,8759.173650474948,8322.892696672323,8608.1533203125,31686745,0.0,0.0
2021-01-07 00:00:00+07:00,8725.613175404576,9044.433857736642,8708.83313949236,8994.09375,25276185,0.0,0.0
2021-01-08 00:00:00+07:00,9128.334487542239,9229.01470798146,8994.09419362328,9094.7744140625,19364509,0.0,0.0
2021-01-11 00:00:00+07:00,9128.334277919234,9212.2344596919,8893.413768955766,9010.8740234375,18927146,0.0,0.0
2021-01-12 00:00:00+07:00,8960.534415831407,9027.654565005778,8826.294117482665,8977.314453125,14267157,0.0,0.0
2021-01-13 00:00:00+07:00,8977.313950728434,9061.2141325011,8960.5339143739,9010.8740234375,20103052,0.0,0.0
2021-01-14 00:00:00+07:00,9061.213893648855,9061.213893648855,8893.413534526715,8994.09375,10486651,0.0,0.0
2021-01-15 00:00:00+07:00,9061.21422533639,9396.814955865402,9044.434188809939,9363.2548828125,20423801,0.0,0.0
2021-01-18 00:00:00+07:00,9363.25472907465,9363.25472907465,9061.214076557828,9145.1142578125,14402227,0.0,0.0
2021-01-19 00:00:00+07:00,9061.213837949192,9061.213837949192,8507.47265625,8507.47265625,18399482,0.0,0.0
2021-01-20 00:00:00+07:00,8507.473364941854,8675.273737010672,8054.413276847241,8557.8134765625,18625131,0.0,0.0
2021-01-21 00:00:00+07:00,8624.933091725256,8826.293525748728,8390.012585364537,8658.4931640625,13184936,0.0,0.0
2021-01-22 00:00:00+07:00,8658.493605974747,8876.634087300297,8624.933531924662,8759.173828125,12408364,0.0,0.0
2021-01-25 00:00:00+07:00,8759.173650474948,8759.173650474948,8557.813210258351,8608.1533203125,9222939,0.0,0.0
2021-01-26 00:00:00+07:00,8524.252553724058,8524.252553724058,8054.412475186067,8222.2119140625,10542859,0.0,0.0
2021-01-27 00:00:00+07:00,8071.192727305439,8306.112314632725,7718.811971577825,7819.4921875,13068044,0.0,0.0
2021-01-28 00:00:00+07:00,7282.53125,7483.891687763753,7282.53125,7282.53125,12608869,0.0,0.0
2021-01-29 00:00:00+07:00,6779.130535752544,7785.932254729154,6779.130535752544,7483.8916015625,15087912,0.0,0.0
2021-02-01 00:00:00+07:00,7517.451688242844,7769.152233020697,7316.091252420561,7450.33154296875,9622554,0.0,0.0
2021-02-02 00:00:00+07:00,7450.331408588928,7886.6123450014475,7366.4312285095975,7785.93212890625,10767413,0.0,0.0
2021-02-03 00:00:00+07:00,7853.052644227666,8087.973159555805,7785.932496991055,8054.4130859375,12577271,0.0,0.0
2021-02-04 00:00:00+07:00,8054.412906034187,8104.753015337248,7836.272432387584,7903.392578125,14048198,0.0,0.0
2021-02-05 00:00:00+07:00,7920.172776751435,8087.97314453125,7903.392739973453,8087.97314453125,9228811,0.0,0.0
2021-02-08 00:00:00+07:00,8071.192957108742,8087.972993573533,7668.472081953757,7869.83251953125,10957572,0.0,0.0
2021-02-09 00:00:00+07:00,7920.172776751435,8087.97314453125,7819.492556083545,8087.97314453125,8825565,0.0,0.0
2021-02-17 00:00:00+07:00,8155.093048088176,8524.2529296875,8087.9729029808195,8524.2529296875,11755953,0.0,0.0
2021-02-18 00:00:00+07:00,8524.253402148737,8658.49369980379,8390.013104493682,8557.8134765625,15054635,0.0,0.0
2021-02-19 00:00:00+07:00,8423.572451614686,8641.712916469862,8356.452308582326,8574.5927734375,12442593,0.0,0.0
2021-02-22 00:00:00+07:00,8574.592983219387,8792.733453411482,8574.592983219387,8658.4931640625,18510756,0.0,0.0
2021-02-23 00:00:00+07:00,8591.372758203031,8809.513221763473,8557.81268688604,8708.8330078125,12894386,0.0,0.0
2021-02-24 00:00:00+07:00,8725.613607295514,8775.953717523837,8457.133019411129,8541.033203125,12412558,0.0,0.0
2021-02-25 00:00:00+07:00,8608.153588183144,8624.933625390026,8322.892955666157,8557.8134765625,13789247,0.0,0.0
2021-02-26 00:00:00+07:00,8390.01243147994,8524.252718366766,8373.232395619087,8440.3525390625,12104391,0.0,0.0
2021-03-01 00:00:00+07:00,8490.692802376274,8658.4931640625,8490.692802376274,8658.4931640625,9149393,0.0,0.0
2021-03-02 00:00:00+07:00,8759.173737470994,9061.214400795752,8692.05359006549,8960.5341796875,23929419,0.0,0.0
2021-03-03 00:00:00+07:00,8977.314421375508,9161.894830952237,8893.414235204269,9044.4345703125,15943624,0.0,0.0
2021-03-04 00:00:00+07:00,9027.653903329447,9061.213975456867,8658.493109927816,8792.7333984375,12398855,0.0,0.0
2021-03-05 00:00:00+07:00,8792.733693892898,8826.293767148012,8591.373254362215,8675.2734375,14165226,0.0,0.0
2021-03-08 00:00:00+07:00,8792.733186104977,8826.293257421969,8675.272936495508,8708.8330078125,8251735,0.0,0.0
2021-03-09 00:00:00+07:00,8675.272936495508,8759.173114787985,8473.912508593563,8708.8330078125,7127007,0.0,0.0
2021-03-10 00:00:00+07:00,8708.833717049873,8792.733902175085,8591.373457874577,8759.173828125,7848767,0.0,0.0
2021-03-11 00:00:00+07:00,8893.413587649893,8926.973659674786,8759.17329955032,8859.853515625,10127866,0.0,0.0
2021-03-12 00:00:00+07:00,8893.413797027502,9010.874051879995,8876.633760620005,8943.75390625,11329776,0.0,0.0
2021-03-15 00:00:00+07:00,8943.75390625,8994.094015472496,8910.193833435002,8943.75390625,7943845,0.0,0.0
2021-03-16 00:00:00+07:00,8994.09375,9027.653821824428,8893.413534526715,8994.09375,12722124,0.0,0.0
2021-03-17 00:00:00+07:00,9027.654208858203,9262.574721700716,9027.654208858203,9229.0146484375,21806922,0.0,0.0
2021-03-18 00:00:00+07:00,9329.694868227149,9329.694868227149,9061.214282121418,9229.0146484375,20237837,0.0,0.0
2021-03-19 00:00:00+07:00,9161.894799027332,9195.454873378887,9044.43453879689,9111.5546875,13800992,0.0,0.0
2021-03-22 00:00:00+07:00,9111.554719249492,9111.554719249492,8960.53438414126,9044.4345703125,11082853,0.0,0.0
2021-03-23 00:00:00+07:00,9044.434394675516,9044.434394675516,8826.293914866437,8893.4140625,11037550,0.0,0.0
2021-03-24 00:00:00+07:00,8759.17392304508,8826.294071872606,8390.013104493682,8557.8134765625,14927957,0.0,0.0
2021-03-25 00:00:00+07:00,8557.812974430382,8692.05326420885,8524.252901985767,8591.373046875,11550695,0.0,0.0
2021-03-26 00:00:00+07:00,8557.81271208547,8708.833033456625,8322.892212174784,8641.712890625,11207014,0.0,0.0
2021-03-29 00:00:00+07:00,8725.61328125,8792.733425713053,8624.933064555422,8725.61328125,8806829,0.0,0.0
2021-03-30 00:00:00+07:00,8759.17332631008,8843.073506628632,8675.273145991527,8792.7333984375,11443033,0.0,0.0
2021-03-31 00:00:00+07:00,8926.973659674786,8994.093803724572,8826.293443600107,8859.853515625,10860534,0.0,0.0
2021-04-01 00:00:00+07:00,8926.973606351145,9027.653821824428,8859.853462702287,8994.09375,10826417,0.0,0.0
2021-04-02 00:00:00+07:00,9077.994112808761,9195.454366565304,9061.214076557828,9145.1142578125,17396934,0.0,0.0
2021-04-05 00:00:00+07:00,9497.494962141833,9497.494962141833,9245.794419886834,9279.3544921875,16495361,0.0,0.0
2021-04-06 00:00:00+07:00,9279.354254470465,9329.69436163186,9128.333932986281,9262.57421875,15546530,0.0,0.0
2021-04-07 00:00:00+07:00,9279.354965051654,9329.695076067923,9195.45478002454,9312.9150390625,12118653,0.0,0.0
2021-04-08 00:00:00+07:00,9396.814690509898,9463.934834720303,9363.254618404697,9413.5947265625,17236977,0.0,0.0
2021-04-09 00:00:00+07:00,9447.154560011097,9447.154560011097,9363.2543818676,9396.814453125,10879271,0.0,0.0
2021-04-12 00:00:00+07:00,9430.375028918303,9430.375028918303,9061.21422533639,9363.2548828125,27405395,0.0,0.0
2021-04-13 00:00:00+07:00,9497.494962141833,9497.494962141833,9229.0143837365,9279.3544921875,16344913,0.0,0.0
2021-04-14 00:00:00+07:00,9279.354700180247,9363.2548828125,9178.674481021544,9363.2548828125,8261521,0.0,0.0
2021-04-15 00:00:00+07:00,9363.255212987282,9363.255212987282,9178.6748046875,9178.6748046875,13022463,0.0,0.0
2021-04-16 00:00:00+07:00,9128.334306732486,9195.454452362483,8893.413797027502,8943.75390625,12974083,0.0,0.0
2021-04-19 00:00:00+07:00,9161.89453125,9161.89453125,8943.754054340548,9161.89453125,10332845,0.0,0.0
2021-04-20 00:00:00+07:00,9245.794235079507,9262.574270894436,9077.993876930212,9128.333984375,9704767,0.0,0.0
2021-04-22 00:00:00+07:00,9128.334610705413,9128.334610705413,8826.2939453125,8826.2939453125,11969602,0.0,0.0
2021-04-23 00:00:00+07:00,8826.293855332502,9044.434333670208,8725.613634561252,9027.654296875,11902487,0.0,0.0
2021-04-26 00:00:00+07:00,9027.654357767125,9094.774505400688,8759.173767232875,8893.4140625,11062157,0.0,0.0
2021-04-27 00:00:00+07:00,8893.413534526715,9044.433857736642,8725.613175404576,8994.09375,17494249,0.0,0.0
2021-04-28 00:00:00+07:00,8994.093987082966,9044.434096146566,8960.5339143739,9010.8740234375,8202797,0.0,0.0
2021-04-29 00:00:00+07:00,9010.873967805024,9212.234402816239,9010.873967805024,9145.1142578125,13525541,0.0,0.0
2021-05-04 00:00:00+07:00,8943.753590410775,9161.89405600486,8926.973554595845,9128.333984375,14760732,0.0,0.0
2021-05-05 00:00:00+07:00,9161.894002345762,9765.974371654152,9161.894002345762,9749.1943359375,57087737,0.0,0.0
2021-05-06 00:00:00+07:00,9833.095353428685,9883.435464873397,9598.175749844551,9665.2958984375,15220184,0.0,0.0
2021-05-07 00:00:00+07:00,9531.05536600113,10235.815992340637,9531.05536600113,10068.015625,44026878,0.0,0.0
2021-05-10 00:00:00+07:00,10000.895362932206,10487.516422618008,10000.895362932206,10336.49609375,25462709,0.0,0.0
2021-05-11 00:00:00+07:00,10336.496212745018,10403.616359681271,10068.015625,10068.015625,15037578,0.0,0.0
2021-05-12 00:00:00+07:00,10000.895448709014,10168.695815557121,9900.215228600151,10135.1357421875,26044369,0.0,0.0
2021-05-13 00:00:00+07:00,10135.135240790634,10420.395850320243,10101.575169081269,10168.6953125,25327921,0.0,0.0
2021-05-14 00:00:00+07:00,10336.496036540859,10571.416546813107,10235.815817852752,10470.736328125,21132142,0.0,0.0
2021-05-17 00:00:00+07:00,10554.6362710932,10705.656595701754,10336.49580221418,10453.9560546875,23551901,0.0,0.0
2021-05-18 00:00:00+07:00,10453.9563790331,10470.736415621335,10235.815903386028,10269.3759765625,20637449,0.0,0.0
2021-05-19 00:00:00+07:00,10269.37609350167,10588.196792308627,10252.596056722357,10554.63671875,19845679,0.0,0.0
2021-05-20 00:00:00+07:00,10554.636397913371,10839.897014490434,10403.61607149022,10739.216796875,27316748,0.0,0.0
2021-05-21 00:00:00+07:00,10739.217300675356,10940.577745352486,10638.53707833679,10705.6572265625,16066110,0.0,0.0
2021-05-24 00:00:00+07:00,10705.656514068998,10772.776657827662,10604.976298431002,10655.31640625,15319460,0.0,0.0
2021-05-25 00:00:00+07:00,10571.416839861517,10907.017578125,10571.416839861517,10907.017578125,16651124,0.0,0.0
2021-05-26 00:00:00+07:00,11007.697265625,11091.597446120906,10873.45697683155,11007.697265625,12355231,0.0,0.0
2021-05-27 00:00:00+07:00,11074.81752225978,11209.056895922553,10705.656724336523,10739.216796875,18419313,0.0,0.0
2021-05-28 00:00:00+07:00,10806.337065076948,11074.81764844378,10705.656846314387,11024.4775390625,19452039,0.0,0.0
2021-05-31 00:00:00+07:00,11074.817218546052,11376.856946618132,10873.456788837253,11343.296875,28312282,0.0,0.0
2021-06-01 00:00:00+07:00,11410.417437694496,11746.01816621284,11410.417437694496,11511.09765625,14507932,0.0,0.0
2021-06-02 00:00:00+07:00,11410.4169921875,11544.657278353576,11242.616634479906,11410.4169921875,13906417,0.0,0.0
2021-06-03 00:00:00+07:00,11594.99810320821,12148.739317910871,11511.097919162352,12014.4990234375,28452383,0.0,0.0
2021-06-04 00:00:00+07:00,12048.058408590248,12081.61848029086,11746.017763284754,11897.0380859375,26535702,0.0,0.0
2021-06-07 00:00:00+07:00,11980.938373221332,12048.058517227777,11410.417149166555,11628.5576171875,19431906,0.0,0.0
2021-06-08 00:00:00+07:00,11628.55828158202,11628.55828158202,10839.8974609375,10839.8974609375,18167914,0.0,0.0
2021-06-09 00:00:00+07:00,10839.896767600869,11360.076963608512,10403.615834537391,11209.056640625,15775559,0.0,0.0
2021-06-10 00:00:00+07:00,11175.498137711596,11410.417737352702,10907.017547846135,10974.1376953125,11309923,0.0,0.0
2021-06-11 00:00:00+07:00,11007.697227153452,11662.117716243214,10974.137155072382,11561.4375,17405602,0.0,0.0
2021-06-14 00:00:00+07:00,11578.217830804339,11611.777903739798,11410.41746612704,11443.9775390625,12779731,0.0,0.0
2021-06-15 00:00:00+07:00,11443.977687159057,11947.378787705466,11410.417613789296,11662.1181640625,15668733,0.0,0.0
2021-06-16 00:00:00+07:00,11477.537161472532,11662.117555372262,11108.377290164184,11343.296875,10757625,0.0,0.0
2021-06-17 00:00:00+07:00,10974.137029042686,11360.076937051648,10974.137029042686,11276.1767578125,12293151,0.0,0.0
2021-06-18 00:00:00+07:00,11443.977274572757,11594.997599291988,11343.297058093269,11494.3173828125,10734694,0.0,0.0
2021-06-21 00:00:00+07:00,11393.637248455163,11427.197320856883,11242.616922647418,11292.95703125,8154978,0.0,0.0
2021-06-22 00:00:00+07:00,11343.297525207463,11611.778113542061,11276.177378123813,11527.8779296875,13560217,0.0,0.0
2021-06-23 00:00:00+07:00,11645.337707531733,11645.337707531733,11494.3173828125,11494.3173828125,8553470,0.0,0.0
2021-06-24 00:00:00+07:00,11494.3173828125,11662.117743611647,11427.197238492841,11494.3173828125,8055703,0.0,0.0
2021-06-25 00:00:00+07:00,11561.43762638016,11846.6982421875,11494.317481484315,11846.6982421875,13972694,0.0,0.0
2021-06-28 00:00:00+07:00,12064.839103857565,12115.179214159874,11980.93892002038,12081.619140625,26700972,0.0,0.0
2021-06-29 00:00:00+07:00,12031.278557641812,12148.738810399129,11913.818304884495,12048.05859375,13177664,0.0,0.0
2021-06-30 00:00:00+07:00,12048.058648854481,12081.618721224353,11913.818359375,11913.818359375,9541732,0.0,0.0
2021-07-01 00:00:00+07:00,11846.698797205074,12232.6396484375,11846.698797205074,12232.6396484375,19984481,0.0,0.0
2021-07-02 00:00:00+07:00,12249.419332379694,12517.899916802902,12249.419332379694,12484.33984375,13020505,0.0,0.0
2021-07-05 00:00:00+07:00,12685.700252839819,12685.700252839819,12249.419304157285,12551.4599609375,13646069,0.0,0.0
2021-07-06 00:00:00+07:00,12618.58047769333,12719.259783087438,11678.898406763976,11746.0185546875,16306043,0.0,0.0
2021-07-07 00:00:00+07:00,11913.818225388075,12249.4189453125,11611.777577456094,12249.4189453125,17049337,0.0,0.0
2021-07-08 00:00:00+07:00,12215.859195131936,12316.53941376156,12014.498757872687,12064.8388671875,10067742,0.0,0.0
2021-07-09 00:00:00+07:00,11813.138702611026,12115.179368266889,11712.458480725738,11746.0185546875,9298442,0.0,0.0
2021-07-12 00:00:00+07:00,11678.897591181329,11813.13787765386,10923.796896264454,11343.296875,17742016,0.0,0.0
2021-07-13 00:00:00+07:00,11443.977805889415,11477.53787960736,11007.69776404732,11393.6376953125,8124497,0.0,0.0
2021-07-14 00:00:00+07:00,11393.637454495854,11410.417491000162,10772.777020327614,10957.357421875,7932660,0.0,0.0
2021-07-15 00:00:00+07:00,10839.896851689937,11259.396835629455,10839.896851689937,11141.9375,8013480,0.0,0.0
2021-07-16 00:00:00+07:00,11343.29716775748,11343.29716775748,11125.157613100799,11225.8369140625,8060459,0.0,0.0
2021-07-19 00:00:00+07:00,11024.477930634624,11024.477930634624,10470.736707772516,10705.6572265625,9476577,0.0,0.0
2021-07-20 00:00:00+07:00,10705.656480504415,11242.616712399113,10504.296049859731,11209.056640625,6508994,0.0,0.0
2021-07-21 00:00:00+07:00,11175.497711033013,11242.616939445605,10755.996805384702,10806.3369140625,7380969,0.0,0.0
2021-07-22 00:00:00+07:00,10739.216741784718,10940.577175982642,10739.216741784718,10873.45703125,6745572,0.0,0.0
2021-07-23 00:00:00+07:00,10839.89672199604,11141.937366692338,10823.116686179577,10856.6767578125,11521335,0.0,0.0
2021-07-26 00:00:00+07:00,10856.677467385478,10940.57765195135,10638.536987514213,10907.017578125,4080843,0.0,0.0
2021-07-27 00:00:00+07:00,10940.57765195135,11041.257873430393,10806.337356645956,10907.017578125,9818300,0.0,0.0
2021-07-28 00:00:00+07:00,11007.697738858851,11074.817886141149,10923.797554755976,11041.2578125,9134851,0.0,0.0
2021-07-29 00:00:00+07:00,11175.497485342004,11225.836676512055,11074.817270019663,11209.056640625,5718161,0.0,0.0
2021-07-30 00:00:00+07:00,11242.617158476125,11376.857450898875,11175.497928755905,11309.7373046875,9309349,0.0,0.0
2021-08-02 00:00:00+07:00,11309.736752045996,11561.437288039502,11209.056537648594,11477.537109375,10373393,0.0,0.0
2021-08-03 00:00:00+07:00,11477.537499565533,11712.4580078125,11427.197390655469,11712.4580078125,9525235,0.0,0.0
2021-08-04 00:00:00+07:00,11746.017815637406,11846.698031187974,11678.897671937026,11762.7978515625,8746147,0.0,0.0
2021-08-05 00:00:00+07:00,11662.11781660097,11930.598395559935,11611.777708046164,11913.818359375,9423722,0.0,0.0
2021-08-06 00:00:00+07:00,11913.818924496314,11947.378998458076,11695.678443744857,11746.0185546875,6743894,0.0,0.0
2021-08-09 00:00:00+07:00,11712.457925155775,11913.818359375,11611.777708046164,11913.818359375,6467885,0.0,0.0
2021-08-10 00:00:00+07:00,12048.058888442869,12081.618961480117,11829.918413700756,11930.5986328125,8640160,0.0,0.0
2021-08-11 00:00:00+07:00,11947.378193488415,12031.278372739942,11880.258050087195,11897.0380859375,5877277,0.0,0.0
2021-08-12 00:00:00+07:00,11846.698031187974,11913.818174888354,11746.017815637406,11762.7978515625,5751996,0.0,0.0
2021-08-13 00:00:00+07:00,11746.0183474869,11863.478604281063,11494.317797213698,11662.1181640625,7735232,0.0,0.0
2021-08-16 00:00:00+07:00,11662.118020435546,11997.71875,11611.77791100088,11997.71875,9192176,0.0,0.0
2021-08-17 00:00:00+07:00,12064.838895912892,12249.419297173341,11913.818567608887,11997.71875,6387069,0.0,0.0
2021-08-18 00:00:00+07:00,11997.719016804125,12064.839164209629,11913.81883254725,11947.37890625,4628667,0.0,0.0
2021-08-19 00:00:00+07:00,11947.378846485508,12081.619140625,11796.358515578579,12081.619140625,6793670,0.0,0.0
2021-08-20 00:00:00+07:00,11779.578210052572,11980.938646667644,11410.417409591606,11578.2177734375,8755095,0.0,0.0
2021-08-23 00:00:00+07:00,11511.097259682114,11511.097259682114,11209.056614421183,11276.1767578125,7468451,0.0,0.0
2021-08-24 00:00:00+07:00,11276.177231581813,11460.757633663095,11158.717892203062,11309.7373046875,7109670,0.0,0.0
2021-08-25 00:00:00+07:00,11410.417018236265,11410.417018236265,11292.956767572801,11343.296875,9842630,0.0,0.0
2021-08-26 00:00:00+07:00,11431.393137206562,11704.068499208503,11263.5927734375,11263.5927734375,6266933,0.0,0.0
2021-08-27 00:00:00+07:00,11200.667762666953,11242.617396692343,10781.166839957186,11116.767578125,5752612,0.0,0.0
2021-08-30 00:00:00+07:00,11158.717361047771,11221.641807757363,11095.791997847067,11200.6669921875,5153103,0.0,0.0
2021-08-31 00:00:00+07:00,11200.667917697412,11221.642735000423,10886.0419921875,10886.0419921875,4360433,0.0,0.0
2021-09-01 00:00:00+07:00,10865.06640179399,11032.866761260822,10739.216590439426,10760.19140625,6977677,0.0,0.0
2021-09-06 00:00:00+07:00,10781.16643644208,11158.71771099555,10760.191620214424,11053.841796875,9118184,0.0,0.0
2021-09-07 00:00:00+07:00,11158.717361047771,11200.6669921875,11053.841450216229,11200.6669921875,4367592,0.0,0.0
2021-09-08 00:00:00+07:00,11326.517579665118,11326.517579665118,11158.718127095633,11221.642578125,5189298,0.0,0.0
2021-09-09 00:00:00+07:00,11158.717563102276,11221.642010951262,10948.966654132273,11074.8173828125,4398017,0.0,0.0
2021-09-10 00:00:00+07:00,11032.866765785651,11074.817313915126,10865.06640625,10865.06640625,5827780,0.0,0.0
2021-09-13 00:00:00+07:00,10886.04200147464,10886.04200147464,10571.4169921875,10571.4169921875,6892219,0.0,0.0
2021-09-14 00:00:00+07:00,10529.46602639808,10676.291574844716,10403.6162109375,10403.6162109375,4734260,0.0,0.0
2021-09-15 00:00:00+07:00,10403.616418475824,10487.516602620291,10361.666784649175,10382.6416015625,4333138,0.0,0.0
2021-09-16 00:00:00+07:00,10487.516188143742,10571.416368972394,10403.616007315088,10529.4658203125,3800474,0.0,0.0
2021-09-17 00:00:00+07:00,10571.416989122197,10676.2919921875,10571.416989122197,10676.2919921875,6960899,0.0,0.0
2021-09-20 00:00:00+07:00,10823.117543296406,10907.017729023033,10781.1669921875,10781.1669921875,4166694,0.0,0.0
2021-09-21 00:00:00+07:00,10760.191820737065,10760.191820737065,10613.366271425024,10718.2421875,4183475,0.0,0.0
2021-09-22 00:00:00+07:00,10718.242543308334,10718.242543308334,10529.466438001364,10676.2919921875,3376310,0.0,0.0
2021-09-23 00:00:00+07:00,10697.266037853604,10760.191401750131,10571.416226551672,10655.31640625,3796446,0.0,0.0
2021-09-24 00:00:00+07:00,10676.291784655397,10760.191968774976,10613.366417442921,10697.2666015625,3599130,0.0,0.0
2021-09-27 00:00:00+07:00,10739.217151867875,10886.04178670876,10697.2666015625,10697.2666015625,4842314,0.0,0.0
2021-09-28 00:00:00+07:00,10697.266809502324,10739.217360623157,10592.39180643702,10676.2919921875,6784836,0.0,0.0
2021-09-29 00:00:00+07:00,10697.266037853604,10760.191401750131,10571.416226551672,10655.31640625,4598466,0.0,0.0
2021-09-30 00:00:00+07:00,10592.391042353473,10697.266037853604,10571.416226551672,10655.31640625,5485719,0.0,0.0
2021-10-01 00:00:00+07:00,10634.341730567588,10676.291362723925,10403.61600423433,10424.5908203125,6544228,0.0,0.0
2021-10-04 00:00:00+07:00,10361.666362491045,10445.566543217226,10088.990087762606,10109.9658203125,5276770,0.0,0.0
2021-10-05 00:00:00+07:00,10130.941050171778,10319.716235393465,10068.015682934158,10277.7666015625,2572052,0.0,0.0
2021-10-06 00:00:00+07:00,10361.666725617957,10382.641542411788,10151.915808206171,10172.890625,2732232,0.0,0.0
2021-10-07 00:00:00+07:00,10235.815633156206,10235.815633156206,10088.990087762606,10109.9658203125,3263333,0.0,0.0
2021-10-08 00:00:00+07:00,10151.915455625274,10214.8408203125,10088.99009093805,10214.8408203125,3116800,0.0,0.0
2021-10-11 00:00:00+07:00,10277.766060151198,10781.166222060574,10277.766060151198,10760.19140625,8288648,0.0,0.0
2021-10-12 00:00:00+07:00,10760.191820737065,10802.142370465286,10634.342004534714,10718.2421875,5607199,0.0,0.0
2021-10-13 00:00:00+07:00,10781.1669921875,10948.967363640752,10718.24254026092,10781.1669921875,6391097,0.0,0.0
2021-10-14 00:00:00+07:00,10739.217354575236,10948.96736058772,10655.317168872005,10886.0419921875,5791986,0.0,0.0
2021-10-15 00:00:00+07:00,10886.041217604563,10907.01694990626,10739.216590439426,10760.19140625,6246351,0.0,0.0
2021-10-18 00:00:00+07:00,10781.1669921875,10844.092360605266,10718.24254026092,10781.1669921875,8547934,0.0,0.0
2021-10-19 00:00:00+07:00,10823.117546373638,10844.09236368846,10613.366623751843,10676.2919921875,6107201,0.0,0.0
2021-10-20 00:00:00+07:00,10655.316759398589,10781.166574871557,10508.4912109375,10508.4912109375,5576325,0.0,0.0
2021-10-21 00:00:00+07:00,10529.465814013081,10613.36599479154,10319.7158203125,10319.7158203125,6231812,0.0,0.0
2021-10-22 00:00:00+07:00,10487.516392354986,10529.466025340584,10298.7412109375,10298.7412109375,5541201,0.0,0.0
2021-10-25 00:00:00+07:00,10445.566969868705,10445.566969868705,10256.790868155847,10277.7666015625,4955740,0.0,0.0
2021-10-26 00:00:00+07:00,10298.741623695996,10361.6669921875,10193.866620537618,10361.6669921875,4515019,0.0,0.0
2021-10-27 00:00:00+07:00,10361.666985996073,10697.266812604117,10319.716434863076,10571.4169921875,7064927,0.0,0.0
2021-10-28 00:00:00+07:00,10655.316821153247,10739.217004118533,10592.391454806493,10718.2421875,22317585,0.0,0.0
2021-10-29 00:00:00+07:00,10718.242335999652,10718.242335999652,10592.3916015625,10592.3916015625,6582597,0.0,0.0
2021-11-01 00:00:00+07:00,10676.29157692563,10697.266393424623,10592.391394438508,10613.3662109375,6993784,0.0,0.0
2021-11-02 00:00:00+07:00,10613.366066610139,10739.216796875,10613.366066610139,10739.216796875,12141695,0.0,0.0
2021-11-03 00:00:00+07:00,10760.191293438907,11473.342355450626,10739.216477848237,11410.4169921875,31277181,0.0,0.0
2021-11-04 00:00:00+07:00,11473.342980958769,11494.317797692953,11305.54261410297,11347.4931640625,12345948,0.0,0.0
2021-11-05 00:00:00+07:00,11347.492534158771,11368.467349728635,11116.766813416933,11200.6669921875,7223988,0.0,0.0
2021-11-08 00:00:00+07:00,11242.617393606079,11410.417762643921,11095.792758066347,11326.517578125,11862499,0.0,0.0
2021-11-09 00:00:00+07:00,11410.417062085065,11704.068148117749,11410.417062085065,11620.16796875,17391623,0.0,0.0
2021-11-10 00:00:00+07:00,11662.118369783093,11871.8692902897,11641.143552679787,11746.0185546875,10874797,0.0,0.0
2021-11-11 00:00:00+07:00,11746.017779556067,11787.9683274855,11410.417062085065,11620.16796875,12418656,0.0,0.0
2021-11-12 00:00:00+07:00,11620.168735576479,11808.9439224886,11515.293733568766,11746.0185546875,9715505,0.0,0.0
2021-11-15 00:00:00+07:00,11913.818568725095,12354.294297196922,11829.918386326122,12102.59375,20329003,0.0,0.0
2021-11-16 00:00:00+07:00,12144.544079883452,12249.419076863342,11704.068359375,11704.068359375,16662757,0.0,0.0
2021-11-17 00:00:00+07:00,11746.0183474869,11746.0183474869,11494.317797213698,11662.1181640625,9967407,0.0,0.0
2021-11-18 00:00:00+07:00,11704.068918498046,12165.519477148517,11704.068918498046,11850.8935546875,17408847,0.0,0.0
2021-11-19 00:00:00+07:00,12018.693293964263,12668.919921875,11997.718477964852,12668.919921875,46818008,0.0,0.0
2021-11-22 00:00:00+07:00,12920.620168075333,13549.87109375,12920.620168075333,13549.87109375,29512291,0.0,0.0
2021-11-23 00:00:00+07:00,13549.871096859297,13549.871096859297,13172.320724666093,13340.12109375,13468999,0.0,0.0
2021-11-24 00:00:00+07:00,13382.070958905973,14242.046660803511,13361.095226476373,14053.271484375,26795044,0.0,0.0
2021-11-25 00:00:00+07:00,14011.321775074379,14053.271406719521,13633.7705078125,13633.7705078125,19348684,0.0,0.0
2021-11-26 00:00:00+07:00,13759.62180247152,13927.422168945812,13151.345703125,13151.345703125,17810194,0.0,0.0
2021-11-29 00:00:00+07:00,13004.519600392541,13612.795673875515,12752.819061383265,13214.2705078125,26322782,0.0,0.0
2021-11-30 00:00:00+07:00,13549.87022717082,13549.87022717082,12794.76953125,12794.76953125,18178743,0.0,0.0
2021-12-01 00:00:00+07:00,12836.719249727324,13424.0205078125,12815.744433918491,13424.0205078125,15190711,0.0,0.0
2021-12-02 00:00:00+07:00,13591.820858080855,13633.770489670173,13214.2705078125,13214.2705078125,14244397,0.0,0.0
2021-12-03 00:00:00+07:00,13382.070796002108,13528.895422275207,13004.51953125,13004.51953125,22423648,0.0,0.0
2021-12-06 00:00:00+07:00,12920.61984221137,13088.42020702477,12102.593751114413,12207.46875,20274416,0.0,0.0
2021-12-07 00:00:00+07:00,12333.31899398642,12773.794705074904,12186.493451459888,12585.01953125,9466061,0.0,0.0
2021-12-08 00:00:00+07:00,12668.920483329579,13088.420487873473,12438.1947476375,12710.8701171875,17159405,0.0,0.0
2021-12-09 00:00:00+07:00,12501.119367463218,12962.569894765693,12501.119367463218,12899.64453125,8203190,0.0,0.0
2021-12-10 00:00:00+07:00,12836.719373362172,13172.320095500272,12815.744557351323,12878.669921875,9355771,0.0,0.0
2021-12-13 00:00:00+07:00,12878.670486762072,13025.496038260368,12585.02030025665,12605.9951171875,13873251,0.0,0.0
2021-12-14 00:00:00+07:00,12585.020092217794,12794.770091041333,12417.2197265625,12417.2197265625,11513503,0.0,0.0
2021-12-15 00:00:00+07:00,12375.26938147463,12941.595854045794,12270.394380329208,12605.9951171875,10887995,0.0,0.0
2021-12-16 00:00:00+07:00,12752.81911719626,12794.769665460299,12375.26876527555,12459.1689453125,10104097,0.0,0.0
2021-12-17 00:00:00+07:00,12543.069901710001,12668.920637800591,12333.31989688059,12375.26953125,15372032,0.0,0.0
2021-12-20 00:00:00+07:00,12375.269176903099,12585.020092217794,12207.468811247805,12417.2197265625,12189123,0.0,0.0
2021-12-21 00:00:00+07:00,12417.21951735156,12501.119698765617,12291.3687869849,12333.3193359375,7120408,0.0,0.0
2021-12-22 00:00:00+07:00,12459.169070823125,12459.169070823125,11662.117810688364,11704.068359375,23466386,0.0,0.0
2021-12-23 00:00:00+07:00,11746.018131905195,11892.84367932591,11158.717775204623,11263.5927734375,17085581,0.0,0.0
2021-12-24 00:00:00+07:00,11515.292992459521,12039.66796875,11410.417080710307,12039.66796875,8079194,0.0,0.0
2021-12-27 00:00:00+07:00,12312.345087091182,12396.244355880395,12039.668797561515,12060.64453125,10731843,0.0,0.0
2021-12-28 00:00:00+07:00,12081.618466662061,12899.644526073324,12018.693103171621,12794.76953125,19667925,0.0,0.0
2021-12-29 00:00:00+07:00,12794.770093386565,13172.320457934602,12794.770093386565,12836.7197265625,15061405,0.0,0.0
2021-12-30 00:00:00+07:00,12836.7197265625,13067.44545850361,12752.819543719475,12836.7197265625,9039661,0.0,0.0
2021-12-31 00:00:00+07:00,12836.719786711434,13382.07143599203,12668.920336730282,12941.595703125,16610409,0.0,0.0
2022-01-04 00:00:00+07:00,13067.445519811374,13319.146069521339,13004.520153261092,13046.470703125,15234335,0.0,0.0
2022-01-05 00:00:00+07:00,13004.519520896647,13109.39451571997,12794.76953125,12794.76953125,15304807,0.0,0.0
2022-01-06 00:00:00+07:00,12626.969172936235,13025.495253054203,12564.043809445795,12794.76953125,15653130,0.0,0.0
2022-01-07 00:00:00+07:00,12794.770301394514,12941.595852879578,12689.89530025854,12710.8701171875,9166956,0.0,0.0
2022-01-10 00:00:00+07:00,12626.96972538604,12836.719724209579,12417.2197265625,12417.2197265625,13453562,0.0,0.0
2022-01-11 00:00:00+07:00,12375.269324452986,12585.020242268534,12165.519323128605,12291.369140625,11224463,0.0,0.0
2022-01-12 00:00:00+07:00,12249.419029370918,13088.419918448279,12165.518848814068,12983.544921875,13367655,0.0,0.0
2022-01-13 00:00:00+07:00,13130.371035913735,13633.771224576123,12920.6201171875,12920.6201171875,23790996,0.0,0.0
2022-01-14 00:00:00+07:00,12710.869910543539,13004.520092248551,12668.920277367604,12836.7197265625,6609218,0.0,0.0
2022-01-17 00:00:00+07:00,12920.620282128577,13214.271388795742,12165.51953125,12165.51953125,17324508,0.0,0.0
2022-01-18 00:00:00+07:00,12270.394323135326,12543.069691438923,11955.768404674396,12396.244140625,10735423,0.0,0.0
2022-01-19 00:00:00+07:00,12396.24356867876,12501.119480987678,12039.668033003582,12144.5439453125,9298051,0.0,0.0
2022-01-20 00:00:00+07:00,12039.668178409258,12354.294086153574,11913.818365206214,12123.568359375,9450178,0.0,0.0
2022-01-21 00:00:00+07:00,12165.518765331393,12585.019665236925,12081.618585350288,12249.4189453125,9003196,0.0,0.0
2022-01-24 00:00:00+07:00,12249.419716513306,12501.120272303227,12039.66879510945,12165.51953125,10360922,0.0,0.0
2022-01-25 00:00:00+07:00,12165.519379183783,12605.9951171875,12144.544562252931,12605.9951171875,9636085,0.0,0.0
2022-01-26 00:00:00+07:00,12752.819192827646,13214.2706440131,12626.969380271425,12878.669921875,21073081,0.0,0.0
2022-01-27 00:00:00+07:00,12878.670483336955,13214.271220105995,12794.770299144695,12920.6201171875,11853999,0.0,0.0
2022-01-28 00:00:00+07:00,12962.5703125,13130.370676288669,12899.644946956461,12962.5703125,9917295,0.0,0.0
2022-02-07 00:00:00+07:00,13172.320519734403,13382.07143607162,13046.470703125,13046.470703125,12602103,0.0,0.0
2022-02-08 00:00:00+07:00,13067.445314226923,13340.12067633338,12962.570315953848,13172.3203125,19627881,0.0,0.0
2022-02-09 00:00:00+07:00,13298.171252989394,13633.771069448752,13214.271069751765,13256.220703125,17365448,0.0,0.0
2022-02-10 00:00:00+07:00,13130.37032814274,13277.194955196479,12983.544784597883,13214.2705078125,24232387,0.0,0.0
2022-02-11 00:00:00+07:00,13172.320102453816,13277.195099054552,13046.470289831159,13088.419921875,23920708,0.0,0.0
2022-02-14 00:00:00+07:00,12794.769656944127,12920.619468670226,12249.4189453125,12249.4189453125,35460208,0.0,0.0
2022-02-15 00:00:00+07:00,12249.419711650591,12459.16971648,12102.594158375294,12375.26953125,12383086,0.0,0.0
2022-02-16 00:00:00+07:00,12501.120269800702,12522.095086989533,12207.469163192322,12270.39453125,9620426,0.0,0.0
2022-02-17 00:00:00+07:00,12333.319894494294,12480.14453125,12249.419709280526,12480.14453125,7002287,0.0,0.0
2022-02-18 00:00:00+07:00,12333.31989688059,12417.22008211059,12249.419711650591,12375.26953125,8376345,0.0,0.0
2022-02-21 00:00:00+07:00,12291.368994075452,12438.194543146623,12102.593811836035,12417.2197265625,13795847,0.0,0.0
2022-02-22 00:00:00+07:00,12228.444689469157,12438.194690782335,12144.544505645654,12396.244140625,10398284,0.0,0.0
2022-02-23 00:00:00+07:00,12417.2195197028,12543.069333602147,12375.268970742256,12438.1943359375,10805446,0.0,0.0
2022-02-24 00:00:00+07:00,12375.269325809557,12396.244142646061,11746.018405276269,12081.619140625,33147662,0.0,0.0
2022-02-25 00:00:00+07:00,12249.419714061169,12396.244350874176,12207.469163192322,12270.39453125,12567427,0.0,0.0
2022-02-28 00:00:00+07:00,12291.369141972375,12312.344875300045,12018.693773624322,12081.619140625,11217528,0.0,0.0
2022-03-01 00:00:00+07:00,12081.619141304585,12123.568774979953,11892.843956783097,11976.744140625,15217781,0.0,0.0
2022-03-02 00:00:00+07:00,11850.893133788617,11913.818499344186,11452.367957082692,11473.3427734375,25677363,0.0,0.0
2022-03-03 00:00:00+07:00,11620.168733607854,11850.8935546875,11452.368363827469,11850.8935546875,9171876,0.0,0.0
2022-03-04 00:00:00+07:00,11955.768558702928,11955.768558702928,11746.0185546875,11746.0185546875,8217730,0.0,0.0
2022-03-07 00:00:00+07:00,11620.168111657425,11620.168111657425,11389.442386435816,11494.3173828125,15652235,0.0,0.0
2022-03-08 00:00:00+07:00,11494.317589792307,11578.217771702683,11452.367957082692,11473.3427734375,10771217,0.0,0.0
2022-03-09 00:00:00+07:00,11452.368313148969,11536.26849766789,11326.517578125,11326.517578125,9621767,0.0,0.0
2022-03-10 00:00:00+07:00,11557.242528625206,11557.242528625206,11305.5419921875,11305.5419921875,9096262,0.0,0.0
2022-03-11 00:00:00+07:00,11305.542613942964,11494.317797530275,11284.567797209076,11452.3681640625,6994233,0.0,0.0
2022-03-14 00:00:00+07:00,11431.393138983467,11473.342771686679,11305.542407891535,11368.4677734375,5275651,0.0,0.0
2022-03-15 00:00:00+07:00,11389.442176596829,11515.29290312308,11368.467361006158,11410.4169921875,4528442,0.0,0.0
2022-03-16 00:00:00+07:00,11494.31737915582,11494.31737915582,11326.517018410055,11389.4423828125,8815275,0.0,0.0
2022-03-17 00:00:00+07:00,11515.293737576892,11662.118373842326,11431.393552643283,11536.2685546875,7461351,0.0,0.0
2022-03-18 00:00:00+07:00,11683.092771718397,11808.94350284839,11578.2177734375,11578.2177734375,5216144,0.0,0.0
2022-03-21 00:00:00+07:00,11578.21803891595,11871.869140625,11578.21803891595,11871.869140625,7626900,0.0,0.0
2022-03-22 00:00:00+07:00,11934.793591141653,11955.768407980539,11808.94377361718,11871.869140625,6936067,0.0,0.0
2022-03-23 00:00:00+07:00,11913.818924496314,11955.768558702928,11746.0185546875,11746.0185546875,5987961,0.0,0.0
2022-03-24 00:00:00+07:00,11746.01820056694,11871.868932374973,11662.118018191966,11787.96875,5846126,0.0,0.0
2022-03-25 00:00:00+07:00,11787.96833242496,11829.917963880855,11725.04296875,11725.04296875,6384833,0.0,0.0
2022-03-28 00:00:00+07:00,11620.168111657425,11829.918104410794,11452.367750858279,11494.3173828125,8018361,0.0,0.0
2022-03-29 00:00:00+07:00,11515.293530595307,11620.16853075445,11431.393347169762,11557.2431640625,4185264,0.0,0.0
2022-03-30 00:00:00+07:00,11620.168589084886,11913.81877430277,11578.21803891595,11871.869140625,13066535,0.0,0.0
2022-03-31 00:00:00+07:00,12018.693565329097,12039.668381802087,11808.943567616887,11892.84375,5733596,0.0,0.0
2022-04-01 00:00:00+07:00,11787.968417618305,12354.2939453125,11746.01786936811,12354.2939453125,17092739,0.0,0.0
2022-04-04 00:00:00+07:00,12543.069479626798,12543.069479626798,12165.519117042226,12207.46875,11568763,0.0,0.0
2022-04-05 00:00:00+07:00,12207.469168122303,12375.269538683091,12060.64453125,12060.64453125,5777668,0.0,0.0
2022-04-06 00:00:00+07:00,11997.719160723387,12270.394533706338,11976.744343530356,12165.51953125,10515511,0.0,0.0
2022-04-07 00:00:00+07:00,12228.444272950528,12375.268902272224,12123.568359375,12123.568359375,15436127,0.0,0.0
2022-04-08 00:00:00+07:00,12165.519477148517,12270.394479138464,11850.8935546875,11850.8935546875,5554623,0.0,0.0
2022-04-12 00:00:00+07:00,11850.893347644613,11871.869080869084,11578.2179806381,11662.1181640625,6993338,0.0,0.0
2022-04-13 00:00:00+07:00,11662.118369783093,11850.893556695213,11536.268550672074,11746.0185546875,7684393,0.0,0.0
2022-04-14 00:00:00+07:00,11746.018347810412,11787.96889776935,11452.3681640625,11452.3681640625,8464936,0.0,0.0
2022-04-15 00:00:00+07:00,11452.368102373905,11536.268285348686,11011.892370879094,11032.8671875,13188461,0.0,0.0
2022-04-18 00:00:00+07:00,11032.86739672822,11200.667765859962,10739.21720899326,10907.017578125,8204531,0.0,0.0
2022-04-19 00:00:00+07:00,11074.817313915126,11116.766945553478,10844.091590430824,10865.06640625,6979915,0.0,0.0
2022-04-20 00:00:00+07:00,10865.067029190253,10990.917764303107,10781.166844612075,10802.142578125,7387299,0.0,0.0
2022-04-21 00:00:00+07:00,10781.166208263048,10823.11675632163,10109.96568774583,10445.56640625,62570513,0.0,0.0
2022-04-22 00:00:00+07:00,10550.44140625,10781.16621295366,10361.666231132054,10550.44140625,7479694,0.0,0.0
2022-04-25 00:00:00+07:00,10550.441689708518,10655.316687981594,9816.314868814696,9879.240234375,10591982,0.0,0.0
2022-04-26 00:00:00+07:00,9648.515678659813,10319.716235393465,9522.664944184573,10277.7666015625,60152332,0.0,0.0
2022-04-27 00:00:00+07:00,10193.866415332064,10571.416785698504,10047.040863971262,10487.5166015625,5685946,0.0,0.0
2022-04-28 00:00:00+07:00,10487.516806412692,10676.291995283213,10487.516806412692,10571.4169921875,6357314,0.0,0.0
2022-04-29 00:00:00+07:00,10634.341943927644,10676.29157692563,10487.51639545239,10613.3662109375,5029340,0.0,0.0
2022-05-04 00:00:00+07:00,10592.391392373946,10613.36620886885,10403.6162109375,10403.6162109375,5008088,0.0,0.0
2022-05-05 00:00:00+07:00,10487.516042380312,10571.416222042857,10277.766051469509,10550.44140625,3295994,0.0,0.0
2022-05-06 00:00:00+07:00,10193.866149175125,10403.616145793081,10068.015418011433,10088.990234375,4962674,0.0,0.0
2022-05-09 00:00:00+07:00,9879.24044276949,10047.04081014248,9564.615441313505,9648.515625,32354594,0.0,0.0
2022-05-10 00:00:00+07:00,9480.715060884695,10151.915599956847,9396.814878939282,10088.990234375,41898957,0.0,0.0
2022-05-11 00:00:00+07:00,10109.966174618512,10277.766541951476,9963.140624079377,10172.890625,3296443,0.0,0.0
2022-05-12 00:00:00+07:00,10068.015781035429,10088.990598155287,9564.615587702925,9627.5400390625,6520179,0.0,0.0
2022-05-13 00:00:00+07:00,9606.565228411806,9774.365598466033,9019.263933222013,9312.9150390625,11025358,0.0,0.0
2022-05-16 00:00:00+07:00,9606.565014759812,9627.53983142731,9229.01464878019,9438.7646484375,5643888,0.0,0.0
2022-05-17 00:00:00+07:00,9606.565073058833,10068.015625,9249.989521582773,10068.015625,5626661,0.0,0.0
2022-05-18 00:00:00+07:00,10068.015625,10214.841175545847,9900.215257659363,10068.015625,6370737,0.0,0.0
2022-05-19 00:00:00+07:00,9921.190847085618,10235.815843918796,9753.390482178127,10193.8662109375,6956200,0.0,0.0
2022-05-20 00:00:00+07:00,10193.866004247137,10361.666365752313,10068.015274872687,10214.8408203125,5305406,0.0,0.0
2022-05-23 00:00:00+07:00,10319.716386386377,10340.691203608752,9921.191193196495,10151.916015625,5336951,0.0,0.0
2022-05-24 00:00:00+07:00,10109.96582661192,10319.7158203125,10005.09082976163,10319.7158203125,5257754,0.0,0.0
2022-05-25 00:00:00+07:00,10319.715691772346,10760.19140625,10319.715691772346,10760.19140625,7603855,0.0,0.0
2022-05-26 00:00:00+07:00,10613.366271425024,10823.117187083819,10613.366271425024,10718.2421875,4203832,0.0,0.0
2022-05-27 00:00:00+07:00,10697.266454801653,10844.092004119339,10613.36627183314,10823.1171875,3742084,0.0,0.0
2022-05-30 00:00:00+07:00,10948.966794458558,10948.966794458558,10781.16643172841,10844.091796875,5733596,0.0,0.0
2022-05-31 00:00:00+07:00,10844.091799268297,10948.966796875,10781.16643410782,10948.966796875,6058879,0.0,0.0
2022-06-01 00:00:00+07:00,10948.966590422386,11095.792134197925,10739.216599164005,10969.94140625,5618383,0.0,0.0
2022-06-02 00:00:00+07:00,10969.942029181022,10990.917762690871,10844.092210577805,10907.017578125,34176753,0.0,0.0
2022-06-03 00:00:00+07:00,10865.066397250264,10907.016945344989,10571.416226551672,10655.31640625,38020405,0.0,0.0
2022-06-06 00:00:00+07:00,10571.416577939513,10802.142308901892,10487.51639545239,10613.3662109375,4253944,0.0,0.0
2022-06-07 00:00:00+07:00,10613.3662109375,10718.242126414769,10403.616212965268,10613.3662109375,28158366,0.0,0.0
2022-06-08 00:00:00+07:00,10697.266803478027,11011.89272898794,10508.491614768554,10886.0419921875,35398462,0.0,0.0
2022-06-09 00:00:00+07:00,10802.14237088066,10907.017370468511,10781.166637770164,10823.1171875,2629547,0.0,0.0
2022-06-10 00:00:00+07:00,10823.116774611648,11074.817313915126,10697.266046714349,10865.06640625,9334516,0.0,0.0
2022-06-13 00:00:00+07:00,10487.516392354986,10739.21693974202,10277.766394444701,10298.7412109375,5854626,0.0,0.0
2022-06-14 00:00:00+07:00,10109.96568774583,10613.365849010963,10109.96568774583,10445.56640625,6799600,0.0,0.0
2022-06-15 00:00:00+07:00,10487.516603699672,10487.516603699672,10047.040866018675,10277.7666015625,7751956,0.0,0.0
2022-06-16 00:00:00+07:00,10319.716437915362,10697.266815768075,10235.81625211574,10466.5419921875,5446124,0.0,0.0
2022-06-17 00:00:00+07:00,10235.815639534041,10382.641185019127,10026.065645833462,10319.7158203125,5089520,0.0,0.0
2022-06-20 00:00:00+07:00,10319.716176492706,10319.716176492706,9816.315074447297,9963.140625,4998693,0.0,0.0
2022-06-21 00:00:00+07:00,9732.414483424782,10068.015204075218,9732.414483424782,9900.21484375,26204436,0.0,0.0
2022-06-22 00:00:00+07:00,9900.21484375,10109.965752402086,9900.21484375,9900.21484375,11604108,0.0,0.0
2022-06-23 00:00:00+07:00,9900.215258593535,9942.165808678235,9753.390624524998,9858.265625,3627766,0.0,0.0
2022-06-24 00:00:00+07:00,10068.015626941313,10068.015626941313,9648.515625,9648.515625,7423766,0.0,0.0
2022-06-27 00:00:00+07:00,9690.464847711484,9837.290392060082,9648.515215892528,9795.33984375,4361774,0.0,0.0
2022-06-28 00:00:00+07:00,9774.365439952584,10319.716175539135,9732.41488987376,10172.890625,5301156,0.0,0.0
2022-06-29 00:00:00+07:00,9900.214713453885,10361.666156520663,9900.214713453885,10235.8154296875,4673185,0.0,0.0
2022-06-30 00:00:00+07:00,10319.716176010954,10424.59117647606,10068.015625,10068.015625,8585072,0.0,0.0
2022-07-01 00:00:00+07:00,10026.06604910319,10277.7666015625,9837.290863881502,10277.7666015625,6573648,0.0,0.0
2022-07-04 00:00:00+07:00,10361.666576907046,10403.616209892642,10256.790661460751,10298.7412109375,2748339,0.0,0.0
2022-07-05 00:00:00+07:00,10256.790867100213,10466.541785706968,10256.790867100213,10382.6416015625,7098259,0.0,0.0
2022-07-06 00:00:00+07:00,10277.766178462185,10340.69062661825,9858.265274966081,10005.0908203125,12327156,0.0,0.0
2022-07-07 00:00:00+07:00,10005.091174615634,10151.915808670317,9984.115441329683,10068.015625,4066024,0.0,0.0
2022-07-08 00:00:00+07:00,10088.9906527497,10130.941203707604,9942.166015625,9942.166015625,4341192,0.0,0.0
2022-07-11 00:00:00+07:00,9837.2901724519,9921.190350707946,9606.564453125,9606.564453125,4113676,0.0,0.0
2022-07-12 00:00:00+07:00,9648.515624049996,9858.265625,9648.515624049996,9858.265625,3586378,0.0,0.0
2022-07-13 00:00:00+07:00,9858.265830200378,10068.01583551634,9816.315279242475,9942.166015625,3474072,0.0,0.0
2022-07-14 00:00:00+07:00,9942.166015625,9963.140832858358,9753.390827542396,9942.166015625,6685506,0.0,0.0
2022-07-15 00:00:00+07:00,9942.165392076868,10047.040388157347,9879.24002783213,9900.21484375,4108082,0.0,0.0
2022-07-18 00:00:00+07:00,10047.040809153237,10047.040809153237,9858.265625,9858.265625,7048147,0.0,0.0
2022-07-19 00:00:00+07:00,9858.265000552447,9879.239816020616,9753.390006720492,9816.314453125,20176652,0.0,0.0
2022-07-20 00:00:00+07:00,9984.115087769345,10047.040452416544,9921.19063961328,10005.0908203125,7297813,0.0,0.0
2022-07-21 00:00:00+07:00,10068.015418011433,10235.815781902258,10068.015418011433,10088.990234375,7580367,0.0,0.0
2022-07-22 00:00:00+07:00,10088.990232666216,10151.915598237403,9984.115234375,9984.115234375,10930467,0.0,0.0
2022-07-25 00:00:00+07:00,9879.24002783213,9984.11502391261,9879.24002783213,9900.21484375,14439588,0.0,0.0
2022-07-26 00:00:00+07:00,9900.21484375,9963.140207994738,9858.265211914259,9900.21484375,8271646,0.0,0.0
2022-07-27 00:00:00+07:00,9900.214702987387,10026.0654296875,9837.290256128443,10026.0654296875,2182341,0.0,0.0
2022-07-28 00:00:00+07:00,10130.940434987275,10277.765977462259,10047.04025592887,10235.8154296875,9389998,0.0,0.0
2022-07-29 00:00:00+07:00,10340.690418978227,10340.690418978227,10130.9404296875,10130.9404296875,5788855,0.0,0.0
2022-08-01 00:00:00+07:00,10151.916069379553,10403.616626854377,10151.916069379553,10361.6669921875,12200367,0.0,0.0
2022-08-02 00:00:00+07:00,10319.715823430523,10508.491001116308,10319.715823430523,10424.5908203125,14324486,0.0,0.0
2022-08-03 00:00:00+07:00,10403.61600423433,10445.566552881803,10319.715823430523,10424.5908203125,15639065,0.0,0.0
2022-08-04 00:00:00+07:00,10487.51603781746,10634.341581285815,10361.666226623956,10445.56640625,11218872,0.0,0.0
2022-08-05 00:00:00+07:00,10403.616626854377,10403.616626854377,10277.766806362559,10361.6669921875,18033238,0.0,0.0
2022-08-08 00:00:00+07:00,10445.566967740082,10529.466235384918,10361.666783604076,10487.5166015625,6826445,0.0,0.0
2022-08-09 00:00:00+07:00,10487.516042380312,10571.416222042857,10445.5664107946,10550.44140625,17794757,0.0,0.0
2022-08-10 00:00:00+07:00,10550.441760422591,10571.41657691956,10445.566761446593,10508.4912109375,22471749,0.0,0.0
2022-08-11 00:00:00+07:00,10613.3662109375,10739.216942913761,10592.391394438508,10613.3662109375,14775720,0.0,0.0
2022-08-12 00:00:00+07:00,10655.31640625,10676.291222051803,10592.391042353473,10655.31640625,6390648,0.0,0.0
2022-08-15 00:00:00+07:00,10739.217005333845,11032.8671875,10676.29163897997,11032.8671875,13264300,0.0,0.0
2022-08-16 00:00:00+07:00,11032.866980647346,11074.817529593794,10907.017166790283,11053.841796875,23006427,0.0,0.0
2022-08-17 00:00:00+07:00,11053.84220906434,11242.617395134788,11053.84220906434,11221.642578125,15217447,0.0,0.0
2022-08-18 00:00:00+07:00,11263.592920613572,11284.567737235986,11116.767371274356,11242.6171875,21103728,0.0,0.0
2022-08-19 00:00:00+07:00,11074.817945663142,11200.667764248252,11011.892578125,11011.892578125,14181806,0.0,0.0
2022-08-22 00:00:00+07:00,10969.942184068588,10969.942184068588,10676.2919921875,10676.2919921875,11795833,0.0,0.0
2022-08-23 00:00:00+07:00,10676.291989152014,10802.142725987547,10508.491617698764,10781.1669921875,5567376,0.0,0.0
2022-08-24 00:00:00+07:00,10907.016954379475,10948.966586017827,10781.166226482175,10865.06640625,15967450,0.0,0.0
2022-08-25 00:00:00+07:00,10781.166092835572,11095.7919921875,10781.166092835572,11095.7919921875,13755019,0.0,0.0
2022-08-26 00:00:00+07:00,11200.667553449563,11200.667553449563,11032.8671875,11032.8671875,9225343,0.0,0.0
2022-08-29 00:00:00+07:00,10865.067174884489,10907.017725981697,10613.366617774796,10886.0419921875,11060703,0.0,0.0
2022-08-30 00:00:00+07:00,10907.017371283408,11053.842004120906,10865.066821550437,11032.8671875,5796909,0.0,0.0
2022-08-31 00:00:00+07:00,10969.94127144566,11200.6669921875,10907.016824736067,11200.6669921875,10737476,0.0,0.0
2022-09-05 00:00:00+07:00,11137.741830661487,11200.6671950016,10927.99183818261,11074.8173828125,4096224,0.0,0.0
2022-09-06 00:00:00+07:00,11074.817182277204,11263.592355388204,10990.917003506635,11200.6669921875,16514212,0.0,0.0
2022-09-07 00:00:00+07:00,11221.642157248883,11431.39306895343,10948.966796875,10948.966796875,10403205,0.0,0.0
2022-09-08 00:00:00+07:00,11326.517524213756,11326.517524213756,10697.2666015625,10697.2666015625,4299134,0.0,0.0
2022-09-09 00:00:00+07:00,10907.017370468511,10907.017370468511,10487.51645562595,10823.1171875,15912708,0.0,0.0
2022-09-12 00:00:00+07:00,11074.817309373091,11074.817309373091,10760.19140625,10760.19140625,2383236,0.0,0.0
2022-09-13 00:00:00+07:00,10907.016954379475,10907.016954379475,10697.266046714349,10865.06640625,2150572,0.0,0.0
2022-09-14 00:00:00+07:00,10571.4169921875,10676.291995283213,10529.466441054501,10571.4169921875,4324638,0.0,0.0
2022-09-15 00:00:00+07:00,10823.116761030493,10823.116761030493,10508.490858173167,10550.44140625,15707106,0.0,0.0
2022-09-16 00:00:00+07:00,10613.366419520922,10697.266603656928,10487.5166015625,10487.5166015625,12500983,0.0,0.0
2022-09-19 00:00:00+07:00,10613.36642168374,10613.36642168374,10193.866417409397,10277.7666015625,11415557,0.0,0.0
2022-09-20 00:00:00+07:00,10445.56676041846,10445.56676041846,10151.915663525187,10403.6162109375,10229826,0.0,0.0
2022-09-21 00:00:00+07:00,10466.541995345879,10466.541995345879,10214.841437871055,10361.6669921875,11649300,0.0,0.0
2022-09-22 00:00:00+07:00,10298.741623695996,10361.6669921875,10193.866620537618,10361.6669921875,1702025,0.0,0.0
2022-09-23 00:00:00+07:00,10277.766393391244,10403.616208826286,10193.8662109375,10193.8662109375,1865560,0.0,0.0
2022-09-26 00:00:00+07:00,10130.941206444926,10130.941206444926,9774.365647416735,9837.291015625,16337866,0.0,0.0
2022-09-27 00:00:00+07:00,9858.265177469326,10225.328120714046,9858.265177469326,10120.453125,4283162,0.0,0.0
2022-09-28 00:00:00+07:00,9858.26584911912,10094.234834675215,9858.26584911912,10041.796875,1551152,0.0,0.0
2022-09-29 00:00:00+07:00,10041.796875,10146.67279435043,10015.578811653579,10041.796875,2476438,0.0,0.0
2022-09-30 00:00:00+07:00,9727.171866422266,10172.890857696852,9727.171866422266,10041.796875,4135152,0.0,0.0
2022-10-03 00:00:00+07:00,9753.390625485328,10041.79664769719,9596.077666511754,9648.515625,2480196,0.0,0.0
2022-10-04 00:00:00+07:00,9674.7331705949,9963.140093881277,9596.077153558213,9700.9521484375,5420709,0.0,0.0
2022-10-05 00:00:00+07:00,9963.140093881277,9989.359071723879,9700.9521484375,9700.9521484375,2802704,0.0,0.0
2022-10-06 00:00:00+07:00,9622.296878016778,9963.140866944104,9438.764935369027,9517.421875,2503105,0.0,0.0
2022-10-07 00:00:00+07:00,9202.795378374922,9438.76434964231,8914.388450607612,9150.357421875,10594259,0.0,0.0
2022-10-10 00:00:00+07:00,9019.263204154824,9045.482181698495,8573.544251876814,8861.951171875,5909304,0.0,0.0
2022-10-11 00:00:00+07:00,8757.076627790568,8914.388668146985,8337.57571502743,8494.888671875,12893515,0.0,0.0
2022-10-12 00:00:00+07:00,8547.325715876219,8914.388670976283,8416.231737876828,8809.513671875,4281730,0.0,0.0
2022-10-13 00:00:00+07:00,9071.701627873783,9097.920606771891,8730.857651671828,8809.513671875,2692994,0.0,0.0
2022-10-14 00:00:00+07:00,9045.482649887608,9150.357648999463,8835.732651663897,8914.388671875,8303057,0.0,0.0
2022-10-17 00:00:00+07:00,8809.513142761532,8861.951097408242,8468.66918703121,8652.2001953125,2605656,0.0,0.0
2022-10-18 00:00:00+07:00,8888.169692078174,8888.169692078174,8652.2007149775,8809.513671875,2119567,0.0,0.0
2022-10-19 00:00:00+07:00,8914.388204041355,8993.045136615638,8704.638216825479,8757.076171875,2789818,0.0,0.0
2022-10-20 00:00:00+07:00,8914.388670976283,8914.388670976283,8154.043781878046,8809.513671875,4678691,0.0,0.0
2022-10-21 00:00:00+07:00,8914.388135563855,8914.388135563855,8494.888164354566,8652.2001953125,3260336,0.0,0.0
2022-10-24 00:00:00+07:00,8652.200948049796,8704.638907258584,8258.919003457426,8363.794921875,4332022,0.0,0.0
2022-10-25 00:00:00+07:00,8337.575654405344,8652.200649321712,8075.3877003961325,8390.0126953125,10371081,0.0,0.0
2022-10-26 00:00:00+07:00,8390.012984988216,8442.450944197004,8180.262981135423,8363.794921875,2594738,0.0,0.0
2022-10-27 00:00:00+07:00,8363.794695708235,8704.638671875,8206.481738826977,8704.638671875,3893361,0.0,0.0
2022-10-28 00:00:00+07:00,8730.857127282565,8809.513142761532,8547.325202510177,8652.2001953125,2496662,0.0,0.0
2022-10-31 00:00:00+07:00,8547.325714089742,8704.638670954362,8390.012757225122,8599.763671875,2877157,0.0,0.0
2022-11-01 00:00:00+07:00,8652.200714084196,8940.60764895131,8599.763672784546,8704.638671875,6252393,0.0,0.0
2022-11-02 00:00:00+07:00,8704.638439974577,8730.857418171478,8521.106509087394,8625.982421875,3213266,0.0,0.0
2022-11-03 00:00:00+07:00,8442.4506527108,8625.982587113707,8390.0126953125,8390.0126953125,3708661,0.0,0.0
2022-11-04 00:00:00+07:00,8232.700650917224,8390.012690030804,7813.199741468341,8075.3876953125,16089421,0.0,0.0
2022-11-07 00:00:00+07:00,8232.700825759945,8232.700825759945,7524.79296875,7524.79296875,10432110,0.0,0.0
2022-11-08 00:00:00+07:00,7000.417296897509,7603.44921875,7000.417296897509,7603.44921875,17286208,0.0,0.0
2022-11-09 00:00:00+07:00,7551.011724037427,7865.636716106286,7551.011724037427,7760.76171875,12079370,0.0,0.0
2022-11-10 00:00:00+07:00,7603.449220089965,7734.543654108406,7288.823769884181,7655.88671875,8439613,0.0,0.0
2022-11-11 00:00:00+07:00,7655.886721393713,7839.4186541355675,7655.886721393713,7760.76171875,3947410,0.0,0.0
2022-11-14 00:00:00+07:00,7236.386271224146,7708.324675655605,7236.386271224146,7655.88671875,13811463,0.0,0.0
2022-11-15 00:00:00+07:00,7603.449180654659,7655.886679042727,7157.729756987727,7341.26123046875,10371081,0.0,0.0
2022-11-16 00:00:00+07:00,7131.510846742786,7813.19970703125,6843.104373732722,7813.19970703125,27521271,0.0,0.0
2022-11-17 00:00:00+07:00,7708.324713525335,8154.043683448167,7708.324713525335,8022.94970703125,14498716,0.0,0.0
2022-11-18 00:00:00+07:00,8022.949673082873,8022.949673082873,7551.0117265753925,7865.63671875,5946351,0.0,0.0
2022-11-21 00:00:00+07:00,8022.949670386285,8022.949670386285,7682.105699855569,7760.76171875,10789697,0.0,0.0
2022-11-22 00:00:00+07:00,7865.636979426079,7970.5128967844585,7655.8869776916545,7682.10595703125,4708579,0.0,0.0
2022-11-23 00:00:00+07:00,7865.636979426079,7865.636979426079,7655.8869776916545,7682.10595703125,3238501,0.0,0.0
2022-11-24 00:00:00+07:00,7813.199675673712,7813.199675673712,7551.011724037427,7760.76171875,2501136,0.0,0.0
2022-11-25 00:00:00+07:00,7839.4189453125,7839.4189453125,7734.543944060876,7839.4189453125,1692361,0.0,0.0
2022-11-28 00:00:00+07:00,7865.636560320522,8154.0434847065135,7865.636560320522,8101.6064453125,3944368,0.0,0.0
2022-11-29 00:00:00+07:00,8127.824506763947,8258.91847998566,7865.636560320522,8101.6064453125,3336220,0.0,0.0
2022-11-30 00:00:00+07:00,8127.824965888874,8258.91894651583,7944.293942905841,8154.0439453125,3641547,0.0,0.0
2022-12-01 00:00:00+07:00,8390.012984988216,8468.669923801397,8206.481960739817,8363.794921875,5806574,0.0,0.0
2022-12-02 00:00:00+07:00,8442.450209707855,8652.2001953125,8442.450209707855,8652.2001953125,4074481,0.0,0.0
2022-12-05 00:00:00+07:00,8966.826860602941,8993.045840178922,8730.85787740147,8888.169921875,6999602,0.0,0.0
2022-12-06 00:00:00+07:00,9150.35764616444,9150.35764616444,8599.763671875,8599.763671875,9772419,0.0,0.0
2022-12-07 00:00:00+07:00,8573.544157629376,8652.200172904637,8311.356218057048,8337.5751953125,2809684,0.0,0.0
2022-12-08 00:00:00+07:00,8547.325202510177,8783.294165438178,8494.888164354566,8652.2001953125,9524542,0.0,0.0
2022-12-09 00:00:00+07:00,8914.388670976283,8914.388670976283,8652.2007149775,8809.513671875,5152430,0.0,0.0
2022-12-12 00:00:00+07:00,8993.045604816347,8993.045604816347,8494.888671875,8494.888671875,7741442,0.0,0.0
2022-12-13 00:00:00+07:00,8809.513436271054,8809.513436271054,8442.450490987818,8625.982421875,10314525,0.0,0.0
2022-12-14 00:00:00+07:00,8730.857418171478,8730.857418171478,8599.763443678099,8625.982421875,5148672,0.0,0.0
2022-12-15 00:00:00+07:00,8757.076858784785,8809.513901456392,8625.982877369004,8783.294921875,9615460,0.0,0.0
2022-12-16 00:00:00+07:00,8783.294251475192,9150.357188124444,8783.294251475192,9071.701171875,10755692,0.0,0.0
2022-12-19 00:00:00+07:00,9176.576921162266,9386.327842580282,9097.9208984375,9097.9208984375,8629323,0.0,0.0
2022-12-20 00:00:00+07:00,9124.139345521962,9176.57638544688,8573.54446911799,8730.857421875,11355428,0.0,0.0
2022-12-21 00:00:00+07:00,8914.388670976283,8914.388670976283,8652.2007149775,8809.513671875,4150186,0.0,0.0
2022-12-22 00:00:00+07:00,8914.388440040515,8993.045374697158,8757.076403709487,8835.732421875,4732382,0.0,0.0
2022-12-23 00:00:00+07:00,8861.951630564648,8914.388671875,8783.294693862392,8914.388671875,6751368,0.0,0.0
2022-12-26 00:00:00+07:00,8914.388365849181,9019.263361360738,8468.669405802282,8521.1064453125,10497435,0.0,0.0
2022-12-27 00:00:00+07:00,8599.763901467612,8652.200944161657,8494.888899588344,8573.544921875,4021505,0.0,0.0
2022-12-28 00:00:00+07:00,8599.763670942995,8652.200712231419,8390.012756315851,8494.888671875,2828476,0.0,0.0
2022-12-29 00:00:00+07:00,8363.794172567952,8599.763134884828,8337.5751953125,8337.5751953125,3581591,0.0,0.0
2022-12-30 00:00:00+07:00,8337.575942270607,8363.794921875,8206.481960739817,8363.794921875,11564825,0.0,0.0
2023-01-03 00:00:00+07:00,8442.450209707855,8652.2001953125,8337.575216905534,8652.2001953125,7081750,0.0,0.0
2023-01-04 00:00:00+07:00,8809.513905226147,8809.513905226147,8573.544921875,8573.544921875,4572202,0.0,0.0
2023-01-05 00:00:00+07:00,8599.763671875,8652.200713169104,8547.325714089742,8599.763671875,5346973,0.0,0.0
2023-01-06 00:00:00+07:00,8599.763443678099,8861.951392664858,8573.544465481196,8625.982421875,15533713,0.0,0.0
2023-01-09 00:00:00+07:00,8704.638899622001,8835.732881037784,8678.419920040611,8783.294921875,2718945,0.0,0.0
2023-01-10 00:00:00+07:00,8835.732881037784,8835.732881037784,8652.200940459219,8783.294921875,3970140,0.0,0.0
2023-01-11 00:00:00+07:00,8783.294232908656,8861.951165482938,8704.638216825479,8757.076171875,7840235,0.0,0.0
2023-01-12 00:00:00+07:00,8757.076629665804,8861.951628756258,8704.638671875,8704.638671875,6585819,0.0,0.0
2023-01-13 00:00:00+07:00,8809.51344000794,8888.169458140883,8704.638443666976,8730.857421875,3765754,0.0,0.0
2023-01-16 00:00:00+07:00,8835.732194331327,8914.38821047124,8757.076178191415,8861.951171875,5063481,0.0,0.0
2023-01-17 00:00:00+07:00,8966.826403646606,9045.482421875,8914.388447166924,9045.482421875,3479935,0.0,0.0
2023-01-18 00:00:00+07:00,9124.139360116169,9307.670374883635,9045.482425366286,9150.357421875,4340791,0.0,0.0
2023-01-19 00:00:00+07:00,9229.014127070626,9333.889120970774,9124.13913317048,9176.576171875,8099565,0.0,0.0
2023-01-27 00:00:00+07:00,9412.545143459116,9438.764121074162,9255.233110751064,9281.451171875,2768520,0.0,0.0
2023-01-30 00:00:00+07:00,9386.32738225016,9596.077376890302,9281.45146843895,9569.8583984375,7268061,0.0,0.0
2023-01-31 00:00:00+07:00,9569.858462465365,9779.609375,9464.98346444362,9779.609375,13073024,0.0,0.0
2023-02-01 00:00:00+07:00,9805.827666049414,10225.328584420588,9805.827666049414,9963.140625,9703335,0.0,0.0
2023-02-02 00:00:00+07:00,9963.140863820465,9989.359843689235,9622.296875,9622.296875,4498108,0.0,0.0
2023-02-03 00:00:00+07:00,9700.952895139271,9727.171875,9333.889926562637,9727.171875,19145193,0.0,0.0
2023-02-06 00:00:00+07:00,9596.077153558213,9700.9521484375,9464.983180836325,9700.9521484375,3954927,0.0,0.0
2023-02-07 00:00:00+07:00,9700.952606254717,9753.390564414623,9438.7646484375,9438.7646484375,4003250,0.0,0.0
2023-02-08 00:00:00+07:00,9333.889203133633,9648.515104094718,9281.451247476414,9596.0771484375,25456826,0.0,0.0
2023-02-09 00:00:00+07:00,9596.077606598348,9674.733627348463,9333.889648776425,9543.6396484375,4098105,0.0,0.0
2023-02-10 00:00:00+07:00,9438.764935369027,9596.077898139787,9386.32789210623,9517.421875,2856575,0.0,0.0
2023-02-13 00:00:00+07:00,9438.764419992121,9464.9833984375,9150.357490075232,9464.9833984375,4267413,0.0,0.0
2023-02-14 00:00:00+07:00,9438.764414465411,9543.639411694381,9255.2333984375,9255.2333984375,2660958,0.0,0.0
2023-02-15 00:00:00+07:00,9255.233627690242,9464.983627343703,9229.014648610771,9333.8896484375,3242081,0.0,0.0
2023-02-16 00:00:00+07:00,9307.670230271835,9700.9521484375,9307.670230271835,9700.9521484375,5318158,0.0,0.0
2023-02-17 00:00:00+07:00,9569.858401088377,9674.7333984375,9491.20238219932,9674.7333984375,3574611,0.0,0.0
2023-02-20 00:00:00+07:00,9674.733686800373,9858.265625,9596.077665566912,9858.265625,5023570,0.0,0.0
2023-02-21 00:00:00+07:00,9858.265624529997,9963.140625,9753.390624059995,9963.140625,6251141,0.0,0.0
2023-02-22 00:00:00+07:00,9910.702138196075,9963.140093881277,9700.9521484375,9700.9521484375,3422485,0.0,0.0
2023-02-23 00:00:00+07:00,9622.296352618634,9622.296352618634,9229.014425411367,9464.9833984375,5362365,0.0,0.0
2023-02-24 00:00:00+07:00,9360.108098568588,9543.639108771067,9176.576171875,9176.576171875,2824897,0.0,0.0
2023-02-27 00:00:00+07:00,9176.576152925752,9176.576152925752,8861.951171875,8861.951171875,13031144,0.0,0.0
2023-02-28 00:00:00+07:00,8914.388443645516,9150.357414728613,8914.388443645516,8940.607421875,7657146,0.0,0.0
2023-03-01 00:00:00+07:00,8940.607212352741,9333.88912710509,8730.857224414598,9281.451171875,9384407,0.0,0.0
2023-03-02 00:00:00+07:00,9229.01464878019,9438.7646484375,9202.795669700236,9438.7646484375,3364856,0.0,0.0
2023-03-03 00:00:00+07:00,9438.76464826423,9464.983627343703,9124.139648784041,9333.8896484375,2219434,0.0,0.0
2023-03-06 00:00:00+07:00,9360.108627688798,9569.858627346108,9176.576690620283,9438.7646484375,5569077,0.0,0.0
2023-03-07 00:00:00+07:00,9386.327163799639,9753.390104122702,9386.327163799639,9700.9521484375,11790151,0.0,0.0
2023-03-08 00:00:00+07:00,9438.764707068507,9753.390625,9438.764707068507,9753.390625,6133342,0.0,0.0
2023-03-09 00:00:00+07:00,9700.9521484375,9805.827143316788,9543.639197873012,9700.9521484375,2143729,0.0,0.0
2023-03-10 00:00:00+07:00,9543.639197873012,9700.9521484375,9464.983180836325,9700.9521484375,3501233,0.0,0.0
2023-03-13 00:00:00+07:00,9543.639422628314,9753.390333817695,9491.20238219932,9674.7333984375,4919766,0.0,0.0
2023-03-14 00:00:00+07:00,9517.421355328257,9674.733393018254,9464.9833984375,9464.9833984375,3191432,0.0,0.0
2023-03-15 00:00:00+07:00,9569.858175715612,9805.827143316788,9569.858175715612,9700.9521484375,4936948,0.0,0.0
2023-03-16 00:00:00+07:00,9700.95236865534,9805.827365915358,9229.014422739694,9360.1083984375,3791526,0.0,0.0
2023-03-17 00:00:00+07:00,9543.639197873012,9700.9521484375,9386.327163799639,9700.9521484375,5351626,0.0,0.0
2023-03-20 00:00:00+07:00,9491.202606423174,9517.421585502647,9229.014648610771,9333.8896484375,5205585,0.0,0.0
2023-03-21 00:00:00+07:00,9438.76464790574,9438.76464790574,9097.920669359024,9124.1396484375,9134562,0.0,0.0
2023-03-22 00:00:00+07:00,9281.45146037639,9333.889417236442,9124.139422778504,9255.2333984375,6024741,0.0,0.0
2023-03-23 00:00:00+07:00,9255.2333984375,9307.670438806415,9176.576463147421,9255.2333984375,3293088,0.0,0.0
2023-03-24 00:00:00+07:00,9281.451465810987,9543.639417282498,9281.451465810987,9464.9833984375,2465163,0.0,0.0
2023-03-27 00:00:00+07:00,9543.6396484375,9569.858627517924,9386.327606937273,9543.6396484375,2263998,0.0,0.0
2023-03-28 00:00:00+07:00,9543.639938385804,9596.077898139787,9412.545955492034,9517.421875,4274035,0.0,0.0
2023-03-29 00:00:00+07:00,9543.639187575003,9622.296121017933,9464.98317062319,9491.2021484375,2729066,0.0,0.0
2023-03-30 00:00:00+07:00,9596.077158569391,9910.702143371554,9596.077158569391,9805.8271484375,15251294,0.0,0.0
2023-03-31 00:00:00+07:00,9805.827442902277,10172.890394439768,9805.827442902277,10094.234375,12203577,0.0,0.0
2023-04-03 00:00:00+07:00,10199.108913432912,10225.327890894921,9963.139949257045,10146.671875,7073876,0.0,0.0
2023-04-04 00:00:00+07:00,10068.015854837608,10120.453814512823,9989.359831815971,10041.796875,4822584,0.0,0.0
2023-04-05 00:00:00+07:00,10120.453133397861,10330.203125,10068.015177251764,10330.203125,18927026,0.0,0.0
2023-04-06 00:00:00+07:00,10330.20335365339,10539.954266389375,10251.547334184363,10303.984375,11565541,0.0,0.0
2023-04-07 00:00:00+07:00,10225.328353648565,10303.984373103114,10068.015398248323,10199.109375,4810056,0.0,0.0
2023-04-10 00:00:00+07:00,10225.32812919893,10356.422103073048,10225.32812919893,10330.203125,9612417,0.0,0.0
2023-04-11 00:00:00+07:00,10277.765852478999,10330.202890945891,10120.452904096112,10251.546875,15323241,0.0,0.0
2023-04-12 00:00:00+07:00,10251.547334184363,10330.20335365339,10251.547334184363,10303.984375,6465012,0.0,0.0
2023-04-13 00:00:00+07:00,10303.98414692695,10330.203125,10120.453133397861,10330.203125,4948939,0.0,0.0
2023-04-14 00:00:00+07:00,10356.422098820285,10356.422098820285,10225.328125,10225.328125,4269560,0.0,0.0
2023-04-17 00:00:00+07:00,10146.672103051293,10225.328120714046,10120.453125,10120.453125,2518496,0.0,0.0
2023-04-18 00:00:00+07:00,10120.45289753799,10172.889935970905,10015.577904181062,10146.671875,11759604,0.0,0.0
2023-04-19 00:00:00+07:00,10146.672330340498,10146.672330340498,9989.359375,9989.359375,5826439,0.0,0.0
2023-04-20 00:00:00+07:00,9989.35960377396,10120.453583478135,9963.140624534894,10068.015625,1676074,0.0,0.0
2023-04-21 00:00:00+07:00,10068.015625950005,10068.015625950005,9858.265625,9858.265625,3094608,0.0,0.0
2023-04-24 00:00:00+07:00,10015.578817478812,10068.01586069334,9779.609831785472,9832.046875,10424593,0.0,0.0
2023-04-25 00:00:00+07:00,9832.046880967795,9884.484840705338,9596.07789513123,9622.296875,4808983,0.0,0.0
2023-04-26 00:00:00+07:00,9622.296141344208,9910.7021484375,9596.077163474514,9910.7021484375,15102510,0.0,0.0
2023-04-27 00:00:00+07:00,9910.702666519415,9989.359604240291,9779.609603300287,9963.140625,25096769,0.0,0.0
2023-04-28 00:00:00+07:00,9963.140625475002,10015.578583958086,9858.265625,9858.265625,12450190,0.0,0.0
2023-05-04 00:00:00+07:00,9805.827666516916,9936.92164623346,9805.827666516916,9858.265625,15097378,0.0,0.0
2023-05-05 00:00:00+07:00,9858.26539829811,9989.359375,9779.609378873432,9989.359375,13471058,0.0,0.0
2023-05-08 00:00:00+07:00,10015.57858301303,10172.890625465106,9989.35960377396,10068.015625,7004792,0.0,0.0
2023-05-09 00:00:00+07:00,10120.453351701892,10172.890392487961,9989.359375,9989.359375,4221775,0.0,0.0
2023-05-10 00:00:00+07:00,10068.015854837608,10068.015854837608,9963.140851978364,10041.796875,16190362,0.0,0.0
2023-05-11 00:00:00+07:00,10068.015625,10120.453583478135,10015.57858301303,10068.015625,9254115,0.0,0.0
2023-05-12 00:00:00+07:00,10172.890625,10172.890625,10068.015624539688,10172.890625,11757936,0.0,0.0
2023-05-15 00:00:00+07:00,10172.890625,10303.98460469818,10172.890625,10172.890625,23748000,0.0,0.0
2023-05-16 00:00:00+07:00,10225.328125,10251.547103062281,10172.890168875436,10225.328125,30481292,0.0,0.0
2023-05-17 00:00:00+07:00,10225.328642782622,10277.7666015625,10199.109663392683,10277.7666015625,52410040,0.0,0.0
2023-05-18 00:00:00+07:00,10277.766541951476,10277.766541951476,10146.672562253296,10172.890625,25920901,0.0,0.0
2023-05-19 00:00:00+07:00,10251.547562713607,10251.547562713607,10094.234603777557,10172.890625,9510045,0.0,0.0
2023-05-22 00:00:00+07:00,10120.45335554545,10225.328353648565,10120.45335554545,10199.109375,15776041,0.0,0.0
2023-05-23 00:00:00+07:00,10225.328125,10251.547103062281,10146.672107304279,10225.328125,16430900,0.0,0.0
2023-05-24 00:00:00+07:00,10225.328125,10277.766081124564,10172.890168875436,10225.328125,3051297,0.0,0.0
2023-05-25 00:00:00+07:00,10225.328125,10225.328125,10146.672107304279,10225.328125,4777125,0.0,0.0
2023-05-26 00:00:00+07:00,10251.547103062281,10251.547103062281,10172.890168875436,10225.328125,2270084,0.0,0.0
2023-05-29 00:00:00+07:00,9753.390624524998,9910.70266699192,9753.390624524998,9858.265625,4114749,0.0,0.0
2023-05-30 00:00:00+07:00,9910.70266699192,9910.70266699192,9753.390624524998,9858.265625,4257569,0.0,0.0
2023-05-31 00:00:00+07:00,9779.609604729452,9805.82766748241,9622.296645755878,9648.515625,4623925,0.0,0.0
2023-06-01 00:00:00+07:00,9648.51562451989,9753.390625,9491.202665554143,9753.390625,10206247,0.0,0.0
2023-06-02 00:00:00+07:00,9805.827441020896,10015.578353638608,9779.609378873432,9989.359375,10106739,0.0,0.0
2023-06-05 00:00:00+07:00,10068.015394424678,10120.453351701892,9936.921417722786,9989.359375,9713359,0.0,0.0
2023-06-06 00:00:00+07:00,9963.140624534894,10068.015625,9910.702666056759,10068.015625,7299023,0.0,0.0
2023-06-07 00:00:00+07:00,10068.015625470001,10068.015625470001,9936.921645759709,9963.140625,4199477,0.0,0.0
2023-06-08 00:00:00+07:00,10015.578054796724,10015.578054796724,9805.8271484375,9805.8271484375,7575714,0.0,0.0
2023-06-09 00:00:00+07:00,9779.609081965304,9832.046121159388,9648.515109243415,9700.9521484375,5534178,0.0,0.0
2023-06-12 00:00:00+07:00,9805.82766748241,9805.82766748241,9622.296645755878,9648.515625,5893554,0.0,0.0
2023-06-13 00:00:00+07:00,9674.733687271544,9753.390625,9648.51562451989,9753.390625,5954405,0.0,0.0
2023-06-14 00:00:00+07:00,9700.952439115334,9884.484373021745,9700.952439115334,9779.609375,8468785,0.0,0.0
2023-06-15 00:00:00+07:00,9779.609375,9805.827437137079,9700.952439115334,9779.609375,3078142,0.0,0.0
2023-06-16 00:00:00+07:00,9779.609604242818,9936.921646717401,9753.390625,9753.390625,8073077,0.0,0.0
2023-06-19 00:00:00+07:00,9700.952898115127,9753.39085785267,9622.296875,9622.296875,26367258,0.0,0.0
2023-06-20 00:00:00+07:00,9622.296136425684,9805.8271484375,9543.639202856806,9805.8271484375,33613178,0.0,0.0
2023-06-21 00:00:00+07:00,9727.171417743555,9779.609375,9648.515398350031,9779.609375,22066019,0.0,0.0
2023-06-22 00:00:00+07:00,9805.8271484375,9884.484082006378,9753.39010921603,9805.8271484375,21937696,0.0,0.0
2023-06-23 00:00:00+07:00,9805.827437137079,9884.484373021745,9727.171417743555,9779.609375,13689046,0.0,0.0
2023-06-26 00:00:00+07:00,9779.60960376654,9910.70266699192,9753.390624524998,9858.265625,12535570,0.0,0.0
2023-06-27 00:00:00+07:00,9832.046126293793,9858.265104150085,9779.609087072324,9805.8271484375,5745186,0.0,0.0
2023-06-28 00:00:00+07:00,9805.827895147144,9858.265854852856,9753.390851932616,9832.046875,7158709,0.0,0.0
2023-06-29 00:00:00+07:00,9832.046880967795,9858.265860836567,9596.07789513123,9622.296875,34024046,0.0,0.0
2023-06-30 00:00:00+07:00,9700.952666514362,9832.046646237291,9596.077666034253,9753.390625,5446124,0.0,0.0
2023-07-03 00:00:00+07:00,9779.60931227776,9832.046352706751,9674.7333984375,9674.7333984375,3310269,0.0,0.0
2023-07-04 00:00:00+07:00,9700.952895139271,9805.827898090998,9674.733915278544,9727.171875,5948644,0.0,0.0
2023-07-05 00:00:00+07:00,9779.60931227776,9779.60931227776,9674.7333984375,9674.7333984375,16163516,0.0,0.0
2023-07-06 00:00:00+07:00,9674.733627348463,9700.952606428888,9491.20260676781,9543.6396484375,25850242,0.0,0.0
2023-07-07 00:00:00+07:00,9543.639935393687,9648.515854868772,9517.421872016102,9622.296875,11138692,0.0,0.0
2023-07-10 00:00:00+07:00,9648.515854868772,9700.952898115127,9569.858915262457,9622.296875,10975470,0.0,0.0
2023-07-11 00:00:00+07:00,9622.296645277072,9753.390625,9622.296645277072,9753.390625,10230587,0.0,0.0
2023-07-12 00:00:00+07:00,9779.609834721456,9779.609834721456,9674.733915278544,9727.171875,11031096,0.0,0.0
2023-07-13 00:00:00+07:00,9727.171645757182,9779.609604242818,9674.733687271544,9753.390625,3009238,0.0,0.0
2023-07-14 00:00:00+07:00,9805.827153449838,9910.7021484375,9727.17113633187,9910.7021484375,15733625,0.0,0.0
2023-07-17 00:00:00+07:00,9963.14010417689,9963.14010417689,9858.265109189228,9910.7021484375,16219176,0.0,0.0
2023-07-18 00:00:00+07:00,9936.921126307196,9936.921126307196,9858.265109189228,9910.7021484375,6043534,0.0,0.0
2023-07-19 00:00:00+07:00,10191.244416675872,10191.244416675872,10070.637843722381,10161.0927734375,15753911,0.0,1.15
2023-07-20 00:00:00+07:00,10221.395234197373,10251.546875,10161.091952592118,10251.546875,11072010,0.0,0.0
2023-07-21 00:00:00+07:00,10251.547723680009,10372.154296875,10130.94115048502,10372.154296875,25300475,0.0,0.0
2023-07-24 00:00:00+07:00,10432.457306560924,10432.457306560924,10311.850736567227,10402.3056640625,3621987,0.0,0.0
2023-07-25 00:00:00+07:00,10342.002653576252,10432.457583472495,10281.699366978757,10372.154296875,7025232,0.0,0.0
2023-07-26 00:00:00+07:00,10372.154296875,10372.154296875,10281.699366978757,10372.154296875,12186030,0.0,0.0
2023-07-27 00:00:00+07:00,10372.154296875,10703.821456670043,10311.851010277505,10372.154296875,11434645,0.0,0.0
2023-07-28 00:00:00+07:00,10402.3056640625,10432.457306560924,10342.00237906565,10402.3056640625,7530567,0.0,0.0
2023-07-31 00:00:00+07:00,10372.153475702653,10492.760039349116,10372.153475702653,10462.6083984375,4674975,0.0,0.0
2023-08-01 00:00:00+07:00,10613.36648693557,10643.518130121141,10492.760830684465,10583.21484375,18725814,0.0,0.0
2023-08-02 00:00:00+07:00,10583.214754490138,10583.214754490138,10462.609099256231,10492.7607421875,2308174,0.0,0.0
2023-08-03 00:00:00+07:00,10492.76087006999,10583.214883475053,10372.154296875,10372.154296875,26590631,0.0,0.0
2023-08-04 00:00:00+07:00,10402.305235638227,10462.608518151454,10342.001953125,10342.001953125,7058795,0.0,0.0
2023-08-07 00:00:00+07:00,10432.456757525884,10553.062404681243,10402.305116614269,10462.6083984375,6893915,0.0,0.0
2023-08-08 00:00:00+07:00,10492.760039349116,10553.062404681243,10432.456757525884,10462.6083984375,5727480,0.0,0.0
2023-08-09 00:00:00+07:00,10492.760314655454,10492.760314655454,10342.00210614182,10432.45703125,8117457,0.0,0.0
2023-08-10 00:00:00+07:00,10462.609226771243,10522.912513368738,10342.002653576252,10372.154296875,4350015,0.0,0.0
2023-08-11 00:00:00+07:00,10402.305790206234,10402.305790206234,10221.395933021882,10281.69921875,4251650,0.0,0.0
2023-08-14 00:00:00+07:00,10281.698670611773,10342.001953125,10251.54702935516,10342.001953125,3878672,0.0,0.0
2023-08-15 00:00:00+07:00,10372.154147342175,10402.305790206234,10251.547575885941,10281.69921875,3356982,0.0,0.0
2023-08-16 00:00:00+07:00,10311.850311868388,10372.153594381614,10251.54702935516,10342.001953125,4264274,0.0,0.0
2023-08-17 00:00:00+07:00,10342.001953125,10402.305235638227,10251.54702935516,10342.001953125,9663310,0.0,0.0
2023-08-18 00:00:00+07:00,10311.850654396876,10311.850654396876,9738.969451491841,9769.12109375,10241266,0.0,0.0
2023-08-21 00:00:00+07:00,9648.515441208508,9950.03094729896,9648.515441208508,9769.12109375,8351834,0.0,0.0
2023-08-22 00:00:00+07:00,9769.120971538645,9889.7275390625,9558.060394863034,9889.7275390625,5068873,0.0,0.0
2023-08-23 00:00:00+07:00,9799.272305614106,9889.727228415713,9678.666658369739,9708.8173828125,3031804,0.0,0.0
2023-08-24 00:00:00+07:00,9708.81780923368,9889.72766278264,9678.667083466667,9769.12109375,11133014,0.0,0.0
2023-08-25 00:00:00+07:00,9708.817536702138,9859.575743761076,9708.817536702138,9799.2724609375,2744043,0.0,0.0
2023-08-28 00:00:00+07:00,9738.969873988895,9829.4248046875,9738.969873988895,9829.4248046875,15399432,0.0,0.0
2023-08-29 00:00:00+07:00,9769.12109375,9829.42437826632,9708.81780923368,9769.12109375,4598807,0.0,0.0
2023-08-30 00:00:00+07:00,9799.27288643299,9859.576171875,9769.121243711983,9859.576171875,3719667,0.0,0.0
2023-08-31 00:00:00+07:00,9829.424697815399,10161.0927734375,9829.424697815399,10161.0927734375,47685975,0.0,0.0
2023-09-05 00:00:00+07:00,10191.244017705556,10342.002227995485,10100.789091531598,10311.8505859375,15523125,0.0,0.0
2023-09-06 00:00:00+07:00,10311.851010277505,10372.154296875,10221.396080381262,10372.154296875,5742529,0.0,0.0
2023-09-07 00:00:00+07:00,10372.153747844546,10462.608672952727,10342.00210614182,10432.45703125,6963115,0.0,0.0
2023-09-08 00:00:00+07:00,10372.153475702653,10462.6083984375,10311.85019387942,10462.6083984375,13348190,0.0,0.0
2023-09-11 00:00:00+07:00,10522.912080343402,10553.062805910246,10311.8505859375,10311.8505859375,16851586,0.0,0.0
2023-09-12 00:00:00+07:00,10342.002527531156,10492.7607421875,10251.54759873735,10492.7607421875,10467816,0.0,0.0
2023-09-13 00:00:00+07:00,10492.76046723383,10553.062835025028,10402.305540810316,10522.912109375,37631317,0.0,0.0
2023-09-14 00:00:00+07:00,10522.911775307159,10613.365782367911,10432.45685175529,10553.0625,45962551,0.0,0.0
2023-09-15 00:00:00+07:00,10583.21432616382,10854.5791015625,10553.062684452854,10854.5791015625,23550407,0.0,0.0
2023-09-18 00:00:00+07:00,10854.579350149375,10884.730992550858,10553.062926134531,10613.3662109375,28544820,0.0,0.0
2023-09-19 00:00:00+07:00,10643.517304465899,10673.6689453125,10462.608375877395,10673.6689453125,42440066,0.0,0.0
2023-09-20 00:00:00+07:00,10673.669099590255,10854.578947284743,10613.365817025426,10764.1240234375,39413257,0.0,0.0
2023-09-21 00:00:00+07:00,10764.124702863424,10764.124702863424,10583.21484375,10583.21484375,13608890,0.0,0.0
2023-09-22 00:00:00+07:00,10522.912473870034,10613.36648693557,10311.85097157104,10583.21484375,21970627,0.0,0.0
2023-09-25 00:00:00+07:00,10522.912385118769,10613.366397421407,10402.305813393694,10492.7607421875,31927099,0.0,0.0
2023-09-26 00:00:00+07:00,10432.457456324963,10553.06311155887,10311.850884599888,10492.7607421875,27420875,0.0,0.0
2023-09-27 00:00:00+07:00,10402.305813393694,10492.7607421875,10311.850884599888,10492.7607421875,29167799,0.0,0.0
2023-09-28 00:00:00+07:00,10462.608672952727,10492.760314655454,10191.243897628183,10432.45703125,21741698,0.0,0.0
2023-09-29 00:00:00+07:00,10462.6083984375,10492.760039349116,10372.153475702653,10462.6083984375,17980947,0.0,0.0
2023-10-02 00:00:00+07:00,10462.608796227429,10522.912080343402,10311.8505859375,10311.8505859375,15769785,0.0,0.0
2023-10-03 00:00:00+07:00,10311.8505859375,10311.8505859375,10100.789091531598,10311.8505859375,15670805,0.0,0.0
2023-10-04 00:00:00+07:00,10281.698943879514,10311.8505859375,10161.09237564757,10311.8505859375,15217305,0.0,0.0
2023-10-05 00:00:00+07:00,10311.850432641757,10342.00207425151,10161.092224592996,10221.3955078125,14504062,0.0,0.0
2023-10-06 00:00:00+07:00,10221.395659763542,10311.8505859375,10161.09237564757,10311.8505859375,11843290,0.0,0.0
2023-10-09 00:00:00+07:00,10281.69921875,10342.002504478118,10191.244290157823,10281.69921875,13168463,0.0,0.0
2023-10-10 00:00:00+07:00,10342.002527531156,10553.06311155887,10311.850884599888,10492.7607421875,13390388,0.0,0.0
2023-10-11 00:00:00+07:00,10522.912200224198,10613.3662109375,10402.305630618263,10613.3662109375,13939288,0.0,0.0
2023-10-12 00:00:00+07:00,10643.517423551866,10673.669064735823,10492.760134123202,10553.0625,10332609,0.0,0.0
2023-10-13 00:00:00+07:00,10522.912200224198,10613.3662109375,10432.457273019747,10613.3662109375,15223530,0.0,0.0
2023-10-16 00:00:00+07:00,10583.214754490138,10643.518040352676,10462.609099256231,10492.7607421875,11937601,0.0,0.0
2023-10-17 00:00:00+07:00,10673.669773306712,10733.973059677854,10553.06320056443,10583.21484375,14509976,0.0,0.0
2023-10-18 00:00:00+07:00,10613.36648693557,10643.518130121141,10462.609187498894,10583.21484375,26483528,0.0,0.0
2023-10-19 00:00:00+07:00,10553.0625,10583.214141183955,10462.608492939247,10553.0625,12343167,0.0,0.0
2023-10-20 00:00:00+07:00,10553.063074929434,10703.8212890625,10492.760705767372,10703.8212890625,13989556,0.0,0.0
2023-10-23 00:00:00+07:00,10703.820705919778,10703.820705919778,10372.15356938738,10553.0625,13150254,0.0,0.0
2023-10-24 00:00:00+07:00,10553.06320056443,10613.36648693557,10402.305901127753,10583.21484375,18488606,0.0,0.0
2023-10-25 00:00:00+07:00,10583.214141183955,10613.365782367911,10432.45685175529,10553.0625,23599741,0.0,0.0
2023-10-26 00:00:00+07:00,10462.60836061839,10492.760001421017,9980.182107776354,10251.546875,14968301,0.0,0.0
2023-10-27 00:00:00+07:00,10281.699094068803,10462.608949059348,10161.092524075106,10402.3056640625,27403289,0.0,0.0
2023-10-30 00:00:00+07:00,10372.154296875,10522.912513368738,10311.851010277505,10372.154296875,15253878,0.0,0.0
2023-10-31 00:00:00+07:00,10522.912513368738,10522.912513368738,10251.547723680009,10372.154296875,16754443,0.0,0.0
2023-11-01 00:00:00+07:00,10372.154021564076,10402.3056640625,10281.699094068803,10402.3056640625,11791777,0.0,0.0
2023-11-02 00:00:00+07:00,10432.457273019747,10613.3662109375,10342.002345815294,10613.3662109375,24963976,0.0,0.0
2023-11-03 00:00:00+07:00,10613.36599804967,11065.640625,10583.214356252982,11065.640625,25661034,0.0,0.0
2023-11-06 00:00:00+07:00,11065.641177227795,11095.792820529194,10914.882960720804,11005.337890625,20017807,0.0,0.0
2023-11-07 00:00:00+07:00,11005.337310117322,11005.337310117322,10854.5791015625,10854.5791015625,32536834,0.0,0.0
2023-11-08 00:00:00+07:00,10854.579571129883,11337.005859375,10824.427928114565,11337.005859375,17910915,0.0,0.0
2023-11-09 00:00:00+07:00,11397.307522573963,11397.307522573963,11276.701874478307,11306.853515625,15693994,0.0,0.0
2023-11-10 00:00:00+07:00,11276.702299711458,11367.1572265625,11095.792446009378,11367.1572265625,17451812,0.0,0.0
2023-11-13 00:00:00+07:00,11367.157502390319,11397.308228914468,11095.792715252443,11337.005859375,22818488,0.0,0.0
2023-11-14 00:00:00+07:00,11367.156797918384,11427.459163720654,11186.246951038233,11306.853515625,17187089,0.0,0.0
2023-11-15 00:00:00+07:00,11457.610899981484,11548.065824172463,11397.3076171875,11397.3076171875,16414085,0.0,0.0
2023-11-16 00:00:00+07:00,11487.763247437837,11487.763247437837,11306.854304428001,11427.4599609375,12348459,0.0,0.0
2023-11-17 00:00:00+07:00,11427.45956651923,11457.611208728717,11005.33749207757,11156.095703125,18893861,0.0,0.0
2023-11-20 00:00:00+07:00,10975.18572964546,11337.005432195907,10945.034087766257,11276.7021484375,23965778,0.0,0.0
2023-11-21 00:00:00+07:00,11306.853790316703,11337.005432195907,11156.095580920684,11276.7021484375,28524589,0.0,0.0
2023-11-22 00:00:00+07:00,11306.854344130628,11337.00598748667,11125.944483994372,11216.3994140625,10751404,0.0,0.0
2023-11-23 00:00:00+07:00,11246.55016015613,11246.55016015613,10884.73046875,10884.73046875,32330471,0.0,0.0
2023-11-24 00:00:00+07:00,10914.88268762455,11095.792542906476,10884.73104507756,11035.4892578125,16891707,0.0,0.0
2023-11-27 00:00:00+07:00,11095.792669851688,11095.792669851688,10764.12459804026,10914.8828125,9830086,0.0,0.0
2023-11-28 00:00:00+07:00,10914.882109700511,10945.033750651022,10733.972263997446,10884.73046875,9156684,0.0,0.0
2023-11-29 00:00:00+07:00,10914.882109700511,11095.791955403576,10824.427186848978,10884.73046875,14149075,0.0,0.0
2023-11-30 00:00:00+07:00,10854.5791015625,10945.034026695394,10794.27581814057,10854.5791015625,9344060,0.0,0.0
2023-12-01 00:00:00+07:00,10884.73062274374,10975.185546875,10764.124057235393,10975.185546875,10646822,0.0,0.0
2023-12-04 00:00:00+07:00,11005.33749207757,11216.398987543973,10914.88256544911,11156.095703125,10956678,0.0,0.0
2023-12-05 00:00:00+07:00,11156.095978892305,11156.095978892305,10945.034478208676,11125.9443359375,14836433,0.0,0.0
2023-12-06 00:00:00+07:00,11216.3994140625,11337.00598748667,11125.944483994372,11216.3994140625,12513736,0.0,0.0
2023-12-07 00:00:00+07:00,11276.7021484375,11337.005432195907,11035.489013403869,11276.7021484375,14434497,0.0,0.0
2023-12-08 00:00:00+07:00,11276.701874478307,11337.005156771693,11216.398592184923,11306.853515625,15503816,0.0,0.0
2023-12-11 00:00:00+07:00,11337.005156771693,11367.156797918384,11156.09530989154,11306.853515625,14097562,0.0,0.0
2023-12-12 00:00:00+07:00,11337.005859375,11337.005859375,11216.399287313721,11337.005859375,11354618,0.0,0.0
2023-12-13 00:00:00+07:00,11337.005584278819,11397.307952355031,11246.550657427779,11367.1572265625,19844281,0.0,0.0
2023-12-14 00:00:00+07:00,11367.156892281628,11457.610899981484,11306.853609487644,11397.3076171875,10440926,0.0,0.0
2023-12-15 00:00:00+07:00,11397.308043077626,11487.762970648688,11337.005674521406,11457.611328125,11371582,0.0,0.0
2023-12-18 00:00:00+07:00,11487.762409352463,11487.762409352463,10975.18542798563,11095.7919921875,58830029,0.0,0.0
2023-12-19 00:00:00+07:00,11095.79280167682,11427.4599609375,10945.034585425976,11427.4599609375,18291425,0.0,0.0
2023-12-20 00:00:00+07:00,11427.459871929788,11427.459871929788,11095.792715252443,11337.005859375,52564913,0.0,0.0
2023-12-21 00:00:00+07:00,11246.550233331616,11367.156797918384,11065.640386451465,11306.853515625,17748750,0.0,0.0
2023-12-22 00:00:00+07:00,11306.854304428001,11427.4599609375,11186.247731427327,11427.4599609375,16994421,0.0,0.0
2023-12-25 00:00:00+07:00,11427.459834582884,11548.06640625,11367.157465240494,11548.06640625,15452926,0.0,0.0
2023-12-26 00:00:00+07:00,11578.2177734375,11578.2177734375,11427.459562443833,11578.2177734375,21477442,0.0,0.0
2023-12-27 00:00:00+07:00,11578.218197767479,11638.521484375,11548.06655446372,11638.521484375,16351678,0.0,0.0
2023-12-28 00:00:00+07:00,11578.217923791657,11668.6728515625,11457.611353430533,11668.6728515625,19178972,0.0,0.0
2023-12-29 00:00:00+07:00,11698.824102414515,12241.552734375,11548.06589451129,12241.552734375,32062885,0.0,0.0
2024-01-02 00:00:00+07:00,12060.64410499184,12211.40140019904,11879.734250953821,12000.3408203125,10453065,0.0,0.0
2024-01-03 00:00:00+07:00,12000.341244439367,12060.64453125,11940.037957628734,12060.64453125,14297388,0.0,0.0
2024-01-04 00:00:00+07:00,12090.795863399837,12392.311373199853,12030.492578141602,12301.8564453125,17439518,0.0,0.0
2024-01-05 00:00:00+07:00,12301.855897116504,12362.1591796875,12181.250248465629,12362.1591796875,10169044,0.0,0.0
2024-01-08 00:00:00+07:00,12392.3115234375,12512.918095416138,12332.00823744818,12392.3115234375,8952500,0.0,0.0
2024-01-09 00:00:00+07:00,12392.3115234375,12422.46316643216,12301.856594453522,12392.3115234375,12073775,0.0,0.0
2024-01-10 00:00:00+07:00,12392.311671497788,12482.7666015625,12301.856741433076,12482.7666015625,9917705,0.0,0.0
2024-01-11 00:00:00+07:00,12482.76605188315,12573.220977964675,12452.614409855976,12543.0693359375,8551447,0.0,0.0
2024-01-12 00:00:00+07:00,12543.069760778146,12603.373046875,12362.159902487581,12603.373046875,15849622,0.0,0.0
2024-01-15 00:00:00+07:00,12633.524139515197,12663.67578125,12452.614289106385,12663.67578125,11458204,0.0,0.0
2024-01-16 00:00:00+07:00,12633.524139515197,12693.827422984803,12543.06921431079,12663.67578125,23628174,0.0,0.0
2024-01-17 00:00:00+07:00,12663.675627229257,12663.675627229257,12392.310854916484,12573.220703125,11067018,0.0,0.0
2024-01-18 00:00:00+07:00,12573.220977964675,12603.37261999185,12482.76605188315,12543.0693359375,8902855,0.0,0.0
2024-01-19 00:00:00+07:00,12543.069486892358,12633.5244140625,12512.917844502312,12633.5244140625,11325983,0.0,0.0
2024-01-22 00:00:00+07:00,12663.675660770714,12784.2822265625,12543.069094978928,12784.2822265625,22708615,0.0,0.0
2024-01-23 00:00:00+07:00,12784.28234818921,12814.433989924011,12543.06921431079,12663.67578125,12269089,0.0,0.0
2024-01-24 00:00:00+07:00,12663.675933086048,12754.130859375,12573.221006797097,12754.130859375,10954499,0.0,0.0
2024-01-25 00:00:00+07:00,12754.13043060284,12754.13043060284,12603.372225189489,12693.8271484375,16216126,0.0,0.0
2024-01-26 00:00:00+07:00,12693.827725236299,12874.73757995274,12693.827725236299,12844.5859375,23476328,0.0,0.0
2024-01-29 00:00:00+07:00,12844.585389542095,12904.888671875,12814.433748375643,12904.888671875,9205707,0.0,0.0
2024-01-30 00:00:00+07:00,12935.040709454692,13236.556213868487,12904.889067364198,13176.2529296875,15171551,0.0,0.0
2024-01-31 00:00:00+07:00,13176.253205221006,13266.708133384025,12965.192622665127,13146.1015625,13936020,0.0,0.0
2024-02-01 00:00:00+07:00,13146.1015625,13206.404847942013,13085.79827705799,13146.1015625,9759743,0.0,0.0
2024-02-02 00:00:00+07:00,13146.101463808853,13477.76953125,13146.101463808853,13477.76953125,14497215,0.0,0.0
2024-02-05 00:00:00+07:00,13477.769828541605,13688.831330659732,13387.314899062409,13658.6796875,17390028,0.0,0.0
2024-02-06 00:00:00+07:00,13658.679708494947,13899.891937652403,13628.528065288869,13869.7412109375,12043895,0.0,0.0
2024-02-07 00:00:00+07:00,13899.891774601118,14201.408203125,13839.589405387507,14201.408203125,9286790,0.0,0.0
2024-02-15 00:00:00+07:00,14261.7109375,14352.165862560354,14020.497804005721,14261.7109375,10704249,0.0,0.0
2024-02-16 00:00:00+07:00,14231.559263775955,14261.710905394864,13990.34613082468,14050.6494140625,9511516,0.0,0.0
2024-02-19 00:00:00+07:00,14050.650114690097,14080.8017578125,13839.589529324447,14080.8017578125,18006782,0.0,0.0
2024-02-20 00:00:00+07:00,14050.64971670239,14261.71121258085,13869.740779583426,14231.5595703125,12000319,0.0,0.0
2024-02-21 00:00:00+07:00,14201.407500736115,14322.014066180574,13990.34601120831,14171.255859375,9682862,0.0,0.0
2024-02-22 00:00:00+07:00,14171.256290858853,14171.256290858853,13809.4375,13809.4375,15642792,0.0,0.0
2024-02-23 00:00:00+07:00,13809.437752010264,13899.891764007323,13568.224609375,13568.224609375,13058745,0.0,0.0
2024-02-26 00:00:00+07:00,13568.224484480046,13809.437624894954,13538.072841928182,13688.8310546875,9489417,0.0,0.0
2024-02-27 00:00:00+07:00,13688.8310546875,13869.74090999868,13598.37612703191,13688.8310546875,12223956,0.0,0.0
2024-02-28 00:00:00+07:00,13688.83116816062,13990.3466796875,13688.83116816062,13990.3466796875,12219911,0.0,0.0
2024-02-29 00:00:00+07:00,13990.34613082468,14110.952697300318,13960.194489205773,14050.6494140625,10464426,0.0,0.0
2024-03-01 00:00:00+07:00,14050.6494140625,14080.80105568141,13839.588839221264,14050.6494140625,9501868,0.0,0.0
2024-03-04 00:00:00+07:00,14050.6494140625,14080.80105568141,13930.042847586863,14050.6494140625,10299461,0.0,0.0
2024-03-05 00:00:00+07:00,14050.64929393054,14171.255859375,13869.74036225497,14171.255859375,13346346,0.0,0.0
2024-03-06 00:00:00+07:00,14080.801208296085,14171.256134133208,13839.588989221562,14141.1044921875,7053839,0.0,0.0
2024-03-07 00:00:00+07:00,13930.042694649625,14110.95254237688,13930.042694649625,13960.1943359375,10174024,0.0,0.0
2024-03-08 00:00:00+07:00,13960.19522406456,13960.19522406456,13718.982994907105,13869.7412109375,10942827,0.0,0.0
2024-03-11 00:00:00+07:00,13869.740601478801,13960.194610631168,13718.982392072965,13930.04296875,14103476,0.0,0.0
2024-03-12 00:00:00+07:00,13899.891234056046,13899.891234056046,13538.072450389122,13839.5888671875,11542928,0.0,0.0
2024-03-13 00:00:00+07:00,13839.588959597635,13990.346252512334,13628.527466429463,13930.04296875,13584456,0.0,0.0
2024-03-14 00:00:00+07:00,13960.19451741572,13960.19451741572,13718.98230046815,13839.5888671875,12788762,0.0,0.0
2024-03-15 00:00:00+07:00,13749.134638113184,13930.04358085848,13658.679708494947,13869.7412109375,9665745,0.0,0.0
2024-03-18 00:00:00+07:00,13869.741167629536,13899.891894250293,13447.6181640625,13447.6181640625,15088447,0.0,0.0
2024-03-19 00:00:00+07:00,13447.61788875535,13477.76953125,12995.344167826757,13477.76953125,13971970,0.0,0.0
2024-03-20 00:00:00+07:00,13507.92077731099,13749.13391018901,13146.101077993962,13628.52734375,10580058,0.0,0.0
2024-03-21 00:00:00+07:00,13658.679570516411,14412.4697265625,13598.376284713431,14412.4697265625,23856216,0.0,0.0
2024-03-22 00:00:00+07:00,14412.469299641698,14442.620941650048,14261.71108959995,14352.166015625,10389569,0.0,0.0
2024-03-25 00:00:00+07:00,14352.16641738694,14352.16641738694,14080.801631715447,14201.408203125,20543051,0.0,0.0
2024-03-26 00:00:00+07:00,14171.25592523267,14593.37890625,14110.952642230195,14593.37890625,19688498,0.0,0.0
2024-03-27 00:00:00+07:00,14653.682465270027,14774.288117055588,14442.620970785796,14563.2275390625,9468718,0.0,0.0
2024-03-28 00:00:00+07:00,14472.773035254124,14623.53125,14472.773035254124,14623.53125,8410137,0.0,0.0
2024-03-29 00:00:00+07:00,14653.682742432882,14653.682742432882,14352.166316038178,14533.076171875,12456620,0.0,0.0
2024-04-01 00:00:00+07:00,14533.075744442862,14563.227386195542,14261.710968668734,14472.7724609375,10873883,0.0,0.0
2024-04-02 00:00:00+07:00,14291.86315495654,14442.62136946399,14171.256583350578,14412.4697265625,8987672,0.0,0.0
2024-04-03 00:00:00+07:00,14382.317907795186,14412.469550327984,14080.801482467203,14110.953125,13418713,0.0,0.0
2024-04-04 00:00:00+07:00,14110.953400934904,14352.166545914133,14080.8017578125,14080.8017578125,9505758,0.0,0.0
2024-04-05 00:00:00+07:00,14050.650114690097,14291.863259669326,13990.34682844529,14080.8017578125,10166243,0.0,0.0
2024-04-08 00:00:00+07:00,14080.801654646108,14472.77301236548,14050.650011744618,14412.4697265625,28429033,0.0,0.0
2024-04-09 00:00:00+07:00,14412.469451424113,14502.924378401773,14291.862882120568,14442.62109375,15628786,0.0,0.0
2024-04-10 00:00:00+07:00,14472.772736075885,14502.924378401773,14231.559597468795,14442.62109375,16754443,0.0,0.0
2024-04-11 00:00:00+07:00,14291.862610421416,14472.7724609375,14171.256043410693,14472.7724609375,8917328,0.0,0.0
2024-04-12 00:00:00+07:00,14472.772762896919,14713.985901951028,14261.711266224575,14653.6826171875,13262151,0.0,0.0
2024-04-15 00:00:00+07:00,14623.530479791725,14683.833762513954,14050.64929393054,14171.255859375,22807314,0.0,0.0
2024-04-16 00:00:00+07:00,14171.255859375,14261.710783458346,13869.74036225497,14171.255859375,25299899,0.0,0.0
2024-04-17 00:00:00+07:00,14201.408369713192,14201.408369713192,13507.921492464553,13869.7412109375,25340751,0.0,0.0
2024-04-19 00:00:00+07:00,13688.830594149656,13718.98223568712,13206.404329550267,13417.4658203125,28093188,0.0,0.0
2024-04-22 00:00:00+07:00,13447.617614677252,13658.679107838121,13387.314330917003,13507.9208984375,16608931,0.0,0.0
2024-04-23 00:00:00+07:00,13387.314453125,13538.07266390184,13025.49566375173,13387.314453125,13595973,0.0,0.0
2024-04-24 00:00:00+07:00,13447.617614677252,13628.527465957997,13387.314330917003,13507.9208984375,25336549,0.0,0.0
2024-04-25 00:00:00+07:00,13507.921323716184,13658.679537863223,13417.466395227959,13568.224609375,20912512,0.0,0.0
2024-04-26 00:00:00+07:00,13568.22435689991,14231.5595703125,13477.769430094855,14231.5595703125,21222834,0.0,0.0
2024-05-02 00:00:00+07:00,14231.559295813215,14261.7109375,14080.80108737929,14261.7109375,9530191,0.0,0.0
2024-05-03 00:00:00+07:00,14261.711354158431,14744.13671875,14261.711354158431,14744.13671875,18118834,0.0,0.0
2024-05-06 00:00:00+07:00,14774.288270223404,14774.288270223404,14382.317835751628,14653.6826171875,19115475,0.0,0.0
2024-05-07 00:00:00+07:00,14713.985901951028,14713.985901951028,14382.317835751628,14653.6826171875,25749430,0.0,0.0
2024-05-08 00:00:00+07:00,14623.53109979341,14653.682742432882,14382.317958677648,14533.076171875,21795888,0.0,0.0
2024-05-09 00:00:00+07:00,14533.07642659346,14593.379712929325,14201.408351746202,14291.86328125,12294300,0.0,0.0
2024-05-10 00:00:00+07:00,14322.014924417932,14352.166567585866,14110.953422242406,14291.86328125,12875882,0.0,0.0
2024-05-13 00:00:00+07:00,14291.862826756764,14322.014468965848,14020.498046875,14020.498046875,10938158,0.0,0.0
2024-05-14 00:00:00+07:00,14050.6494140625,14291.862547013774,14050.6494140625,14050.6494140625,16429492,0.0,0.0
2024-05-15 00:00:00+07:00,14080.800935291654,14231.55914209723,14050.64929393054,14171.255859375,11685484,0.0,0.0
2024-05-16 00:00:00+07:00,14231.559208235145,14623.530547751237,14201.407566733908,14593.37890625,17365283,0.0,0.0
2024-05-17 00:00:00+07:00,14623.530974805737,14804.439912605167,14502.924405278683,14653.6826171875,26911349,0.0,0.0
2024-05-20 00:00:00+07:00,14683.83410521794,15136.1078196991,14683.83410521794,14985.349609375,42166005,0.0,0.0
2024-05-21 00:00:00+07:00,14985.349456521804,15015.501098279072,14713.985597197523,14894.89453125,12504242,0.0,0.0
2024-05-22 00:00:00+07:00,14925.046202417325,14925.046202417325,14683.833984375,14683.833984375,8891961,0.0,0.0
2024-05-23 00:00:00+07:00,14713.985597197523,14894.89453125,14472.77246313938,14894.89453125,12175712,0.0,0.0
2024-05-24 00:00:00+07:00,14774.287838766302,14925.046046272491,14472.772340245048,14593.37890625,11354618,0.0,0.0
2024-05-27 00:00:00+07:00,14593.379151691795,14653.682435708495,14291.8627316083,14352.166015625,25121938,0.0,0.0
2024-05-28 00:00:00+07:00,14412.469328716621,14563.2275390625,14201.40783423239,14563.2275390625,12312353,0.0,0.0
2024-05-29 00:00:00+07:00,14563.227479427405,14563.227479427405,14141.1044921875,14141.1044921875,35207099,0.0,0.0
2024-05-30 00:00:00+07:00,14050.64953627467,14080.801178155836,13749.134033954133,13930.04296875,13548973,0.0,0.0
2024-05-31 00:00:00+07:00,13960.19476245683,14050.649689084084,13930.043120247745,14020.498046875,6764837,0.0,0.0
2024-06-03 00:00:00+07:00,14080.80111815265,14472.7724609375,14050.64947639997,14472.7724609375,10401553,0.0,0.0
2024-06-04 00:00:00+07:00,14533.076020727658,14563.227663053545,14352.16616677234,14442.62109375,8214357,0.0,0.0
2024-06-05 00:00:00+07:00,14472.773140257596,14563.228069761391,14291.86328125,14291.86328125,9283832,0.0,0.0
2024-06-06 00:00:00+07:00,14291.86328125,14442.621497089662,14171.25670857827,14291.86328125,15187892,0.0,0.0
2024-06-07 00:00:00+07:00,14322.014924417932,14382.318210753798,14201.408351746202,14291.86328125,8852120,0.0,0.0
2024-06-10 00:00:00+07:00,14322.01479785803,14412.4697265625,14261.71151205505,14412.4697265625,10210597,0.0,0.0
2024-06-11 00:00:00+07:00,14442.621345944104,14472.772988796492,14171.256560272612,14201.408203125,17244983,0.0,0.0
2024-06-12 00:00:00+07:00,14231.559326916054,14472.7724609375,14110.95275990533,14472.7724609375,12492259,0.0,0.0
2024-06-13 00:00:00+07:00,14593.37945715394,14623.53109979341,14412.469601317118,14533.076171875,21822625,0.0,0.0
2024-06-14 00:00:00+07:00,14593.37930537943,14623.530947705318,14442.62109375,14442.62109375,18305899,0.0,0.0
2024-06-17 00:00:00+07:00,14442.621345944104,14472.772988796492,14050.649988863059,14201.408203125,18480669,0.0,0.0
2024-06-18 00:00:00+07:00,14231.559994914136,14322.014924417932,14171.25670857827,14291.86328125,13156168,0.0,0.0
2024-06-19 00:00:00+07:00,14322.014924417932,14322.014924417932,14050.65013590654,14291.86328125,20405429,0.0,0.0
2024-06-20 00:00:00+07:00,14261.71121258085,14322.014497117554,14050.64971670239,14231.5595703125,18877520,0.0,0.0
2024-06-21 00:00:00+07:00,14231.559107528383,14231.559107528383,13960.1943359375,13960.1943359375,21814688,0.0,0.0
2024-06-24 00:00:00+07:00,13960.194894673243,14020.498179662543,13477.76953125,13477.76953125,27713456,0.0,0.0
2024-06-25 00:00:00+07:00,13477.769135701239,13688.830626969504,13447.617494091486,13628.52734375,30699023,0.0,0.0
2024-06-26 00:00:00+07:00,13628.527769583772,13688.8310546875,13568.224484480046,13688.8310546875,17350810,0.0,0.0
2024-06-27 00:00:00+07:00,13688.83065878831,14020.497800775398,13568.224092068958,13839.5888671875,14715872,0.0,0.0
2024-06-28 00:00:00+07:00,13839.58956773142,13869.7412109375,13688.831351701027,13869.7412109375,11328006,0.0,0.0
2024-07-01 00:00:00+07:00,13869.740601478801,13960.194610631168,13749.134033954133,13930.04296875,8535262,0.0,0.0
2024-07-02 00:00:00+07:00,13960.194961725063,14593.37945715394,13960.194961725063,14533.076171875,27364849,0.0,0.0
2024-07-03 00:00:00+07:00,14593.379150394623,14774.2880859375,14593.379150394623,14774.2880859375,20855085,0.0,0.0
2024-07-04 00:00:00+07:00,14834.591094570957,14834.591094570957,14653.682162386334,14804.439453125,24052151,0.0,0.0
2024-07-05 00:00:00+07:00,14834.59100008705,14834.59100008705,14593.378786546831,14713.9853515625,13353971,0.0,0.0
2024-07-08 00:00:00+07:00,14774.287717579216,14774.287717579216,14593.378786546831,14713.9853515625,41525441,0.0,0.0
2024-07-09 00:00:00+07:00,14653.682226510997,15256.7141415779,14653.682226510997,15226.5625,59728158,0.0,0.0
2024-07-10 00:00:00+07:00,15226.563177833385,15317.018106593827,14955.19839155206,15045.6533203125,13373580,0.0,0.0
2024-07-11 00:00:00+07:00,15045.653342990836,15317.018129681192,15045.653342990836,15256.71484375,51042871,0.0,0.0
2024-07-12 00:00:00+07:00,15710.5400390625,15742.66796875,15389.26171875,15517.7734375,16320552,1000.0,0.0
2024-07-15 00:00:00+07:00,15549.9013671875,15710.5400390625,15485.6455078125,15678.4130859375,48444241,0.0,0.0
2024-07-16 00:00:00+07:00,15710.5400390625,15935.435546875,15646.28515625,15903.3076171875,19798838,0.0,0.0
2024-07-17 00:00:00+07:00,15935.435546875,16320.970703125,15806.923828125,16192.458984375,29483880,0.0,0.0
2024-07-18 00:00:00+07:00,16224.5869140625,16256.71484375,15806.923828125,16128.203125,58774050,0.0,0.0
2024-07-19 00:00:00+07:00,16160.3310546875,16192.458984375,15871.1796875,16031.8193359375,11847492,0.0,0.0
2024-07-22 00:00:00+07:00,15967.5634765625,16256.71484375,15806.923828125,16256.71484375,20056247,0.0,0.0
2024-07-23 00:00:00+07:00,16288.8427734375,16320.970703125,15935.435546875,16096.0751953125,13415444,0.0,0.0
2024-07-24 00:00:00+07:00,15967.5634765625,16128.203125,15806.923828125,16096.0751953125,14102699,0.0,0.0
2024-07-25 00:00:00+07:00,16031.8193359375,16096.0751953125,15839.0517578125,16096.0751953125,8569655,0.0,0.0
2024-07-26 00:00:00+07:00,16096.0751953125,16256.71484375,16031.8193359375,16128.203125,12086848,0.0,0.0
2024-07-29 00:00:00+07:00,16160.3310546875,16224.5869140625,16096.0751953125,16224.5869140625,7815326,0.0,0.0
2024-07-30 00:00:00+07:00,16224.5869140625,16256.71484375,16096.0751953125,16256.71484375,24856904,0.0,0.0
2024-07-31 00:00:00+07:00,16320.970703125,16899.2734375,16288.8427734375,16899.2734375,15733679,0.0,0.0
2024-08-01 00:00:00+07:00,16931.400390625,17156.294921875,16513.73828125,16577.994140625,12872147,0.0,0.0
2024-08-02 00:00:00+07:00,16449.482421875,16770.76171875,15999.69140625,16770.76171875,16101272,0.0,0.0
2024-08-05 00:00:00+07:00,16513.73828125,16706.505859375,15614.1572265625,15742.66796875,24245908,0.0,0.0
2024-08-06 00:00:00+07:00,16063.947265625,16256.71484375,15646.28515625,15967.5634765625,21836009,0.0,0.0
2024-08-07 00:00:00+07:00,15999.69140625,16063.947265625,15582.029296875,15967.5634765625,9906655,0.0,0.0
2024-08-08 00:00:00+07:00,15774.7958984375,16385.2265625,15774.7958984375,16031.8193359375,43531641,0.0,0.0
2024-08-09 00:00:00+07:00,16256.71484375,16481.609375,16096.0751953125,16385.2265625,18331889,0.0,0.0
2024-08-12 00:00:00+07:00,16449.482421875,16706.505859375,16192.458984375,16417.353515625,38483847,0.0,0.0
2024-08-13 00:00:00+07:00,16481.609375,16770.76171875,16320.970703125,16674.376953125,35746506,0.0,0.0
2024-08-14 00:00:00+07:00,16835.017578125,16835.017578125,16545.865234375,16642.25,23018937,0.0,0.0
2024-08-15 00:00:00+07:00,16642.25,17220.55078125,16642.25,16802.888671875,19591853,0.0,0.0
2024-08-16 00:00:00+07:00,16963.529296875,17381.19140625,16674.376953125,17381.19140625,22553921,0.0,0.0
2024-08-19 00:00:00+07:00,17445.447265625,17606.0859375,17252.6796875,17349.0625,21894836,0.0,0.0
2024-08-20 00:00:00+07:00,17316.935546875,17445.447265625,17156.294921875,17220.55078125,11006323,0.0,0.0
2024-08-21 00:00:00+07:00,17220.55078125,17509.703125,17156.294921875,17413.318359375,13333585,0.0,0.0
2024-08-22 00:00:00+07:00,17413.318359375,17477.57421875,17188.423828125,17413.318359375,8748028,0.0,0.0
2024-08-23 00:00:00+07:00,17413.318359375,17445.447265625,17252.6796875,17413.318359375,17561997,0.0,0.0
2024-08-26 00:00:00+07:00,17445.447265625,17477.57421875,17252.6796875,17413.318359375,11072465,0.0,0.0
2024-08-27 00:00:00+07:00,17445.447265625,17477.57421875,17316.935546875,17413.318359375,8162688,0.0,0.0
2024-08-28 00:00:00+07:00,17477.57421875,17509.703125,17316.935546875,17381.19140625,10581458,0.0,0.0
2024-08-29 00:00:00+07:00,17413.318359375,17766.7265625,17381.19140625,17573.958984375,13308528,0.0,0.0
2024-08-30 00:00:00+07:00,17638.21484375,17798.853515625,17541.830078125,17798.853515625,22866422,0.0,0.0
2024-09-04 00:00:00+07:00,17638.21484375,17670.341796875,17252.6796875,17413.318359375,13457620,0.0,0.0
2024-09-05 00:00:00+07:00,17477.57421875,17477.57421875,17156.294921875,17316.935546875,9993963,0.0,0.0
2024-09-06 00:00:00+07:00,17316.935546875,17349.0625,17156.294921875,17188.423828125,12294612,0.0,0.0
2024-09-09 00:00:00+07:00,17220.55078125,17220.55078125,16802.888671875,17027.78515625,9829464,0.0,0.0
2024-09-10 00:00:00+07:00,17092.0390625,17092.0390625,16770.76171875,16899.2734375,9777951,0.0,0.0
2024-09-11 00:00:00+07:00,16899.2734375,16963.529296875,16674.376953125,16931.400390625,12410866,0.0,0.0
2024-09-12 00:00:00+07:00,16995.65625,16995.65625,16802.888671875,16835.017578125,9072024,0.0,0.0
2024-09-13 00:00:00+07:00,16899.2734375,17027.78515625,16802.888671875,16963.529296875,8610274,0.0,0.0
2024-09-16 00:00:00+07:00,16963.529296875,16963.529296875,16738.6328125,16835.017578125,16427780,0.0,0.0
2024-09-17 00:00:00+07:00,16867.14453125,17092.0390625,16706.505859375,17092.0390625,12022731,0.0,0.0
2024-09-18 00:00:00+07:00,17059.912109375,17188.423828125,16995.65625,17156.294921875,12857362,0.0,0.0
2024-09-19 00:00:00+07:00,17156.294921875,17284.806640625,17092.0390625,17252.6796875,18535761,0.0,0.0
2024-09-20 00:00:00+07:00,17284.806640625,17477.57421875,17252.6796875,17381.19140625,18235244,0.0,0.0
2024-09-23 00:00:00+07:00,17413.318359375,17445.447265625,17220.55078125,17349.0625,16096292,0.0,0.0
2024-09-24 00:00:00+07:00,17349.0625,17381.19140625,17220.55078125,17349.0625,17427067,0.0,0.0
2024-09-25 00:00:00+07:00,17413.318359375,17573.958984375,17349.0625,17509.703125,18267459,0.0,0.0
2024-09-26 00:00:00+07:00,17509.703125,18248.64453125,17477.57421875,18184.388671875,30640818,0.0,0.0
2024-09-27 00:00:00+07:00,18248.64453125,18377.15625,18055.876953125,18184.388671875,16411906,0.0,0.0
2024-09-30 00:00:00+07:00,18248.64453125,18248.64453125,17830.982421875,18120.1328125,14620319,0.0,0.0
2024-10-01 00:00:00+07:00,18120.1328125,18152.259765625,17895.23828125,17991.62109375,16703553,0.0,0.0
2024-10-02 00:00:00+07:00,17927.365234375,17991.62109375,17638.21484375,17702.470703125,14240584,0.0,0.0
2024-10-03 00:00:00+07:00,17734.59765625,17991.62109375,17670.341796875,17766.7265625,15336361,0.0,0.0
2024-10-04 00:00:00+07:00,17798.853515625,17798.853515625,17541.830078125,17541.830078125,13527497,0.0,0.0
2024-10-07 00:00:00+07:00,17541.830078125,17541.830078125,17156.294921875,17252.6796875,22341644,0.0,0.0
2024-10-08 00:00:00+07:00,17284.806640625,17670.341796875,17124.16796875,17477.57421875,19963181,0.0,0.0
2024-10-09 00:00:00+07:00,17509.703125,17509.703125,17284.806640625,17349.0625,27413094,0.0,0.0
2024-10-10 00:00:00+07:00,17413.318359375,17702.470703125,17413.318359375,17638.21484375,21030634,0.0,0.0
2024-10-11 00:00:00+07:00,17638.21484375,17638.21484375,17413.318359375,17573.958984375,11519428,0.0,0.0
2024-10-14 00:00:00+07:00,17606.0859375,17638.21484375,17349.0625,17349.0625,20762642,0.0,0.0
2024-10-15 00:00:00+07:00,17381.19140625,17477.57421875,17316.935546875,17445.447265625,12464557,0.0,0.0
2024-10-16 00:00:00+07:00,17381.19140625,17381.19140625,17124.16796875,17381.19140625,28390126,0.0,0.0
2024-10-17 00:00:00+07:00,17349.0625,17349.0625,17092.0390625,17092.0390625,24556697,0.0,0.0
2024-10-18 00:00:00+07:00,17156.294921875,17349.0625,17124.16796875,17349.0625,16243205,0.0,0.0
2024-10-21 00:00:00+07:00,17349.0625,17381.19140625,17252.6796875,17316.935546875,11172534,0.0,0.0
2024-10-22 00:00:00+07:00,17316.935546875,17349.0625,17156.294921875,17349.0625,17699261,0.0,0.0
2024-10-23 00:00:00+07:00,17349.0625,17349.0625,17092.0390625,17316.935546875,11146388,0.0,0.0
2024-10-24 00:00:00+07:00,17316.935546875,17316.935546875,17092.0390625,17284.806640625,10916992,0.0,0.0
2024-10-25 00:00:00+07:00,17284.806640625,17284.806640625,17124.16796875,17284.806640625,8989540,0.0,0.0
2024-10-28 00:00:00+07:00,17252.6796875,17284.806640625,17027.78515625,17124.16796875,16201341,0.0,0.0
2024-10-29 00:00:00+07:00,17188.423828125,17606.0859375,17156.294921875,17541.830078125,12760250,0.0,0.0
2024-10-30 00:00:00+07:00,17541.830078125,17573.958984375,17381.19140625,17477.57421875,11724235,0.0,0.0
2024-10-31 00:00:00+07:00,17477.57421875,17477.57421875,17284.806640625,17284.806640625,14101141,0.0,0.0
2024-11-01 00:00:00+07:00,17284.806640625,17316.935546875,17059.912109375,17059.912109375,15614468,0.0,0.0
2024-11-04 00:00:00+07:00,17092.0390625,17092.0390625,16738.6328125,16738.6328125,12558404,0.0,0.0
2024-11-05 00:00:00+07:00,16706.505859375,16867.14453125,16642.25,16738.6328125,8840139,0.0,0.0
2024-11-06 00:00:00+07:00,16738.6328125,16963.529296875,16738.6328125,16963.529296875,17694281,0.0,0.0
2024-11-07 00:00:00+07:00,16995.65625,17027.78515625,16835.017578125,16867.14453125,15337761,0.0,0.0
2024-11-08 00:00:00+07:00,16867.14453125,16867.14453125,16642.25,16867.14453125,15832814,0.0,0.0
2024-11-11 00:00:00+07:00,16867.14453125,16867.14453125,16288.8427734375,16417.353515625,16739814,0.0,0.0
2024-11-12 00:00:00+07:00,16256.71484375,16642.25,16256.71484375,16577.994140625,12047163,0.0,0.0
2024-11-13 00:00:00+07:00,16513.73828125,16674.376953125,16385.2265625,16481.609375,11415625,0.0,0.0
2024-11-14 00:00:00+07:00,16481.609375,16481.609375,16192.458984375,16224.5869140625,12067083,0.0,0.0
2024-11-15 00:00:00+07:00,16224.5869140625,16224.5869140625,15806.923828125,15871.1796875,27833134,0.0,0.0
2024-11-18 00:00:00+07:00,15839.0517578125,15999.69140625,15582.029296875,15774.7958984375,27835001,0.0,0.0
2024-11-19 00:00:00+07:00,15806.923828125,15967.5634765625,15710.5400390625,15839.0517578125,26467809,0.0,0.0
2024-11-20 00:00:00+07:00,15806.923828125,15967.5634765625,15614.1572265625,15839.0517578125,17463017,0.0,0.0
2024-11-21 00:00:00+07:00,15839.0517578125,15935.435546875,15678.4130859375,15935.435546875,12609291,0.0,0.0
2024-11-22 00:00:00+07:00,15935.435546875,15999.69140625,15839.0517578125,15871.1796875,15017012,0.0,0.0
2024-11-25 00:00:00+07:00,15871.1796875,15935.435546875,15839.0517578125,15871.1796875,14484453,0.0,0.0
2024-11-26 00:00:00+07:00,15871.1796875,16192.458984375,15839.0517578125,16096.0751953125,15622872,0.0,0.0
2024-11-27 00:00:00+07:00,16096.0751953125,16288.8427734375,16063.947265625,16160.3310546875,13555976,0.0,0.0
2024-11-28 00:00:00+07:00,16192.458984375,16417.353515625,16031.8193359375,16256.71484375,14707312,0.0,0.0
2024-11-29 00:00:00+07:00,16288.8427734375,16385.2265625,16160.3310546875,16288.8427734375,9433858,0.0,0.0
2024-12-02 00:00:00+07:00,16320.970703125,16385.2265625,16224.5869140625,16320.970703125,11458578,0.0,0.0
2024-12-03 00:00:00+07:00,16642.25,16802.888671875,16449.482421875,16738.6328125,25110733,0.0,0.0
2024-12-04 00:00:00+07:00,16738.6328125,16802.888671875,16577.994140625,16642.25,15338228,0.0,0.0
2024-12-05 00:00:00+07:00,16674.376953125,17156.294921875,16642.25,17156.294921875,18098602,0.0,0.0
2024-12-06 00:00:00+07:00,17188.423828125,17284.806640625,17059.912109375,17252.6796875,11837688,0.0,0.0
2024-12-09 00:00:00+07:00,17284.806640625,17413.318359375,17156.294921875,17349.0625,21090239,0.0,0.0
2024-12-10 00:00:00+07:00,17349.0625,17991.62109375,17316.935546875,17991.62109375,37642055,0.0,0.0
2024-12-11 00:00:00+07:00,18197.240234375,18274.345703125,17965.91796875,18197.240234375,27434752,0.0,1.2
2024-12-12 00:00:00+07:00,18235.79296875,18467.11328125,18235.79296875,18428.560546875,18020036,0.0,0.0
2024-12-13 00:00:00+07:00,18467.11328125,18505.66796875,18004.47265625,18274.345703125,19089978,0.0,0.0
2024-12-16 00:00:00+07:00,18235.79296875,18312.900390625,18120.1328125,18312.900390625,12476048,0.0,0.0
2024-12-17 00:00:00+07:00,18390.0078125,18428.560546875,18235.79296875,18351.453125,17505556,0.0,0.0
2024-12-18 00:00:00+07:00,18351.453125,18505.66796875,18235.79296875,18351.453125,15136768,0.0,0.0
2024-12-19 00:00:00+07:00,18197.240234375,18197.240234375,17888.8125,18120.1328125,18061277,0.0,0.0
2024-12-20 00:00:00+07:00,18120.1328125,18197.240234375,17850.2578125,18043.025390625,11777408,0.0,0.0
2024-12-23 00:00:00+07:00,18120.1328125,18120.1328125,17927.365234375,18043.025390625,11579633,0.0,0.0
2024-12-24 00:00:00+07:00,18043.025390625,18043.025390625,17773.150390625,18043.025390625,10919379,0.0,0.0
2024-12-25 00:00:00+07:00,18081.580078125,18467.11328125,18043.025390625,18428.560546875,15058305,0.0,0.0
2024-12-26 00:00:00+07:00,18428.560546875,18621.328125,18274.345703125,18621.328125,19243920,0.0,0.0
2024-12-27 00:00:00+07:00,18621.328125,19238.18359375,18582.7734375,19238.18359375,23131638,0.0,0.0
2024-12-30 00:00:00+07:00,19238.18359375,20549.001953125,18814.095703125,20549.001953125,20360292,0.0,0.0
2024-12-31 00:00:00+07:00,20317.6796875,20317.6796875,19469.50390625,19662.271484375,14064232,0.0,0.0
2025-01-02 00:00:00+07:00,19623.71875,19662.271484375,18852.6484375,19353.84375,20939358,0.0,0.0
2025-01-03 00:00:00+07:00,19276.736328125,19276.736328125,18698.435546875,18852.6484375,12388377,0.0,0.0
2025-01-06 00:00:00+07:00,18852.6484375,18968.30859375,18621.328125,18891.201171875,8335824,0.0,0.0
2025-01-07 00:00:00+07:00,18929.755859375,18929.755859375,18582.7734375,18698.435546875,13614207,0.0,0.0
2025-01-08 00:00:00+07:00,18659.880859375,18698.435546875,17927.365234375,17965.91796875,26652073,0.0,0.0
2025-01-09 00:00:00+07:00,17811.705078125,17965.91796875,17194.849609375,17233.40234375,24179273,0.0,0.0
2025-01-10 00:00:00+07:00,17194.849609375,17233.40234375,16655.1015625,16655.1015625,21209891,0.0,0.0
2025-01-13 00:00:00+07:00,16346.6728515625,16847.8671875,16346.6728515625,16732.20703125,21876238,0.0,0.0
2025-01-14 00:00:00+07:00,16770.76171875,16809.314453125,16269.5654296875,16308.119140625,17972310,0.0,0.0
2025-01-15 00:00:00+07:00,16308.119140625,16693.654296875,16308.119140625,16693.654296875,17256421,0.0,0.0
2025-01-16 00:00:00+07:00,16732.20703125,16847.8671875,16539.439453125,16732.20703125,19471500,0.0,0.0
2025-01-17 00:00:00+07:00,16655.1015625,17349.0625,16500.88671875,17349.0625,23141883,0.0,0.0
2025-01-20 00:00:00+07:00,17349.0625,17811.705078125,16963.529296875,17734.59765625,41325121,0.0,0.0
2025-01-21 00:00:00+07:00,17927.365234375,18004.47265625,17233.40234375,17464.72265625,35941767,0.0,0.0
2025-01-22 00:00:00+07:00,17503.27734375,17503.27734375,16963.529296875,16963.529296875,45916744,0.0,0.0
2025-01-23 00:00:00+07:00,16924.974609375,17696.044921875,16886.421875,17271.95703125,32761120,0.0,0.0
2025-01-24 00:00:00+07:00,17310.509765625,17850.2578125,17310.509765625,17464.72265625,16041096,0.0,0.0
2025-02-03 00:00:00+07:00,17349.0625,17387.6171875,17040.634765625,17271.95703125,12227043,0.0,0.0
2025-02-04 00:00:00+07:00,17310.509765625,17580.384765625,17271.95703125,17426.169921875,13010500,0.0,0.0
2025-02-05 00:00:00+07:00,17426.169921875,17580.384765625,17387.6171875,17426.169921875,11739279,0.0,0.0
2025-02-06 00:00:00+07:00,17503.27734375,17773.150390625,17464.72265625,17696.044921875,20282867,0.0,0.0
2025-02-07 00:00:00+07:00,17811.705078125,17811.705078125,17618.9375,17657.490234375,13258597,0.0,0.0
2025-02-10 00:00:00+07:00,17349.0625,17618.9375,17349.0625,17426.169921875,12870565,0.0,0.0
2025-02-11 00:00:00+07:00,17541.830078125,17618.9375,17349.0625,17387.6171875,16918190,0.0,0.0
2025-02-12 00:00:00+07:00,17503.27734375,17580.384765625,17387.6171875,17387.6171875,13788511,0.0,0.0
2025-02-13 00:00:00+07:00,17387.6171875,17503.27734375,17349.0625,17503.27734375,12532722,0.0,0.0
2025-02-14 00:00:00+07:00,17618.9375,17657.490234375,17541.830078125,17618.9375,11404419,0.0,0.0
2025-02-17 00:00:00+07:00,17696.044921875,17696.044921875,17426.169921875,17464.72265625,13688001,0.0,0.0
2025-02-18 00:00:00+07:00,17464.72265625,17580.384765625,17426.169921875,17503.27734375,11421538,0.0,0.0
2025-02-19 00:00:00+07:00,17503.27734375,17618.9375,17426.169921875,17580.384765625,12945137,0.0,0.0
2025-02-20 00:00:00+07:00,17618.9375,17657.490234375,17541.830078125,17618.9375,15488098,0.0,0.0
2025-02-21 00:00:00+07:00,17618.9375,17888.8125,17580.384765625,17773.150390625,16032277,0.0,0.0
2025-02-24 00:00:00+07:00,17734.59765625,18120.1328125,17657.490234375,18081.580078125,23779180,0.0,0.0
2025-02-25 00:00:00+07:00,18120.1328125,18120.1328125,17773.150390625,17888.8125,20972429,0.0,0.0
2025-02-26 00:00:00+07:00,17927.365234375,17965.91796875,17773.150390625,17773.150390625,12697171,0.0,0.0
2025-02-27 00:00:00+07:00,17773.150390625,17888.8125,17618.9375,17888.8125,12786785,0.0,0.0
2025-02-28 00:00:00+07:00,17850.2578125,17888.8125,17580.384765625,17773.150390625,16250286,0.0,0.0
2025-03-03 00:00:00+07:00,17773.150390625,17811.705078125,17618.9375,17734.59765625,12873548,0.0,0.0
2025-03-04 00:00:00+07:00,17657.490234375,17734.59765625,17541.830078125,17696.044921875,14453561,0.0,0.0
2025-03-05 00:00:00+07:00,17657.490234375,17965.91796875,17657.490234375,17657.490234375,17559118,0.0,0.0
2025-03-06 00:00:00+07:00,17657.490234375,17773.150390625,17618.9375,17773.150390625,17833153,0.0,0.0
2025-03-07 00:00:00+07:00,17773.150390625,18197.240234375,17734.59765625,18043.025390625,33332923,0.0,0.0
2025-03-10 00:00:00+07:00,18158.685546875,18428.560546875,18120.1328125,18274.345703125,20558847,0.0,0.0
2025-03-11 00:00:00+07:00,18120.1328125,18351.453125,17965.91796875,18351.453125,12167515,0.0,0.0
2025-03-12 00:00:00+07:00,18428.560546875,18467.11328125,18158.685546875,18235.79296875,12351934,0.0,0.0
2025-03-13 00:00:00+07:00,18274.345703125,18274.345703125,17811.705078125,17850.2578125,17330215,0.0,0.0
2025-03-14 00:00:00+07:00,17850.2578125,18004.47265625,17773.150390625,17888.8125,9490973,0.0,0.0
2025-03-17 00:00:00+07:00,17927.365234375,18158.685546875,17850.2578125,18043.025390625,10880342,0.0,0.0
2025-03-18 00:00:00+07:00,18081.580078125,18120.1328125,17888.8125,17927.365234375,10953876,0.0,0.0
2025-03-19 00:00:00+07:00,17888.8125,18004.47265625,17734.59765625,17773.150390625,17044508,0.0,0.0
2025-03-20 00:00:00+07:00,17927.365234375,18158.685546875,17696.044921875,17811.705078125,14900084,0.0,0.0
2025-03-21 00:00:00+07:00,17811.705078125,17850.2578125,17696.044921875,17734.59765625,11863911,0.0,0.0
2025-03-24 00:00:00+07:00,17734.59765625,17773.150390625,17387.6171875,17464.72265625,17054624,0.0,0.0
2025-03-25 00:00:00+07:00,17503.27734375,17696.044921875,17464.72265625,17541.830078125,35449464,0.0,0.0
2025-03-26 00:00:00+07:00,17580.384765625,17773.150390625,17426.169921875,17541.830078125,24414012,0.0,0.0
2025-03-27 00:00:00+07:00,17503.27734375,17541.830078125,17349.0625,17464.72265625,16837263,0.0,0.0
2025-03-28 00:00:00+07:00,17426.169921875,17464.72265625,17156.294921875,17156.294921875,18331681,0.0,0.0
2025-03-31 00:00:00+07:00,17040.634765625,17117.7421875,16963.529296875,17040.634765625,10861796,0.0,0.0
2025-04-01 00:00:00+07:00,17117.7421875,17310.509765625,17002.08203125,17310.509765625,20531353,0.0,0.0
2025-04-02 00:00:00+07:00,17310.509765625,17503.27734375,17194.849609375,17310.509765625,54310916,0.0,0.0
2025-04-03 00:00:00+07:00,16809.314453125,16924.974609375,16115.3515625,16115.3515625,43007927,0.0,0.0
2025-04-04 00:00:00+07:00,15035.8544921875,16269.5654296875,15035.8544921875,16038.2451171875,51276702,0.0,0.0
2025-04-08 00:00:00+07:00,15729.8173828125,15884.03125,14920.1943359375,14920.1943359375,38463330,0.0,0.0
2025-04-09 00:00:00+07:00,13917.8037109375,15151.515625,13879.2509765625,14033.46484375,46668298,0.0,0.0
2025-04-10 00:00:00+07:00,14997.30078125,14997.30078125,14997.30078125,14997.30078125,23457056,0.0,0.0
2025-04-11 00:00:00+07:00,15961.1376953125,16038.2451171875,15344.2822265625,15961.1376953125,23955947,0.0,0.0
2025-04-14 00:00:00+07:00,16423.779296875,16423.779296875,16153.9052734375,16192.458984375,24720989,0.0,0.0
2025-04-15 00:00:00+07:00,15999.69140625,16231.0126953125,15806.923828125,15845.4775390625,20793327,0.0,0.0
2025-04-16 00:00:00+07:00,15884.03125,16076.798828125,15768.37109375,15922.5849609375,17303758,0.0,0.0
2025-04-17 00:00:00+07:00,15884.03125,15961.1376953125,15691.263671875,15961.1376953125,19015147,0.0,0.0
2025-04-18 00:00:00+07:00,16038.2451171875,16153.9052734375,16038.2451171875,16038.2451171875,16015807,0.0,0.0
2025-04-21 00:00:00+07:00,16038.2451171875,16115.3515625,15729.8173828125,15729.8173828125,19918257,0.0,0.0
2025-04-22 00:00:00+07:00,15652.7099609375,15729.8173828125,14765.98046875,15652.7099609375,23943497,0.0,0.0
2025-04-23 00:00:00+07:00,15806.923828125,15999.69140625,15691.263671875,15691.263671875,16306611,0.0,0.0
2025-04-24 00:00:00+07:00,16038.2451171875,16385.2265625,15961.1376953125,16385.2265625,22518852,0.0,0.0
2025-04-25 00:00:00+07:00,16385.2265625,16423.779296875,16115.3515625,16385.2265625,18893887,0.0,0.0
2025-04-28 00:00:00+07:00,16500.88671875,16577.994140625,16269.5654296875,16577.994140625,12172573,0.0,0.0
2025-04-29 00:00:00+07:00,16539.439453125,16616.546875,16346.6728515625,16539.439453125,16777865,0.0,0.0
2025-05-05 00:00:00+07:00,16577.994140625,16616.546875,16308.119140625,16346.6728515625,17189333,0.0,0.0
2025-05-06 00:00:00+07:00,16385.2265625,16577.994140625,16308.119140625,16385.2265625,10103267,0.0,0.0
2025-05-07 00:00:00+07:00,16308.119140625,16423.779296875,16115.3515625,16153.9052734375,15265874,0.0,0.0
2025-05-08 00:00:00+07:00,16192.458984375,16500.88671875,16153.9052734375,16385.2265625,15341769,0.0,0.0
2025-05-09 00:00:00+07:00,16385.2265625,16423.779296875,16269.5654296875,16346.6728515625,13816692,0.0,0.0
2025-05-12 00:00:00+07:00,16308.119140625,16577.994140625,16308.119140625,16577.994140625,15267560,0.0,0.0
2025-05-13 00:00:00+07:00,16655.1015625,17040.634765625,16655.1015625,16809.314453125,20698524,0.0,0.0
2025-05-14 00:00:00+07:00,16847.8671875,17156.294921875,16847.8671875,17117.7421875,17933520,0.0,0.0
2025-05-15 00:00:00+07:00,17079.189453125,17271.95703125,16924.974609375,17156.294921875,16469229,0.0,0.0
2025-05-16 00:00:00+07:00,17156.294921875,17194.849609375,16924.974609375,16924.974609375,12078870,0.0,0.0
2025-05-19 00:00:00+07:00,16847.8671875,17194.849609375,16693.654296875,16963.529296875,25611401,0.0,0.0
2025-05-20 00:00:00+07:00,16963.529296875,17271.95703125,16963.529296875,17194.849609375,19747260,0.0,0.0
2025-05-21 00:00:00+07:00,17194.849609375,17503.27734375,17117.7421875,17271.95703125,24509205,0.0,0.0
2025-05-22 00:00:00+07:00,17117.7421875,17233.40234375,17002.08203125,17002.08203125,22164915,0.0,0.0
2025-05-23 00:00:00+07:00,17040.634765625,17156.294921875,16963.529296875,17040.634765625,19515517,0.0,0.0
2025-05-26 00:00:00+07:00,17117.7421875,17426.169921875,17079.189453125,17426.169921875,29009992,0.0,0.0
2025-05-27 00:00:00+07:00,17426.169921875,17541.830078125,17349.0625,17426.169921875,12548583,0.0,0.0
2025-05-28 00:00:00+07:00,17464.72265625,17503.27734375,17156.294921875,17156.294921875,17501107,0.0,0.0
2025-05-29 00:00:00+07:00,17194.849609375,17387.6171875,17002.08203125,17002.08203125,17802753,0.0,0.0
2025-05-30 00:00:00+07:00,17040.634765625,17079.189453125,16732.20703125,16732.20703125,38794779,0.0,0.0
2025-06-02 00:00:00+07:00,16616.546875,16770.76171875,16500.88671875,16655.1015625,13867401,0.0,0.0
2025-06-03 00:00:00+07:00,16693.654296875,17002.08203125,16655.1015625,16847.8671875,28168395,0.0,0.0
2025-06-04 00:00:00+07:00,16924.974609375,16963.529296875,16770.76171875,16847.8671875,10168357,0.0,0.0
2025-06-05 00:00:00+07:00,16847.8671875,16886.421875,16616.546875,16693.654296875,15108366,0.0,0.0
2025-06-06 00:00:00+07:00,16616.546875,16809.314453125,16539.439453125,16809.314453125,13178501,0.0,0.0
2025-06-09 00:00:00+07:00,16809.314453125,16809.314453125,16539.439453125,16539.439453125,10041034,0.0,0.0
2025-06-10 00:00:00+07:00,16577.994140625,16770.76171875,16500.88671875,16577.994140625,10985671,0.0,0.0
2025-06-11 00:00:00+07:00,16616.546875,16616.546875,16462.333984375,16500.88671875,11015611,0.0,0.0
2025-06-12 00:00:00+07:00,16577.994140625,16809.314453125,16539.439453125,16770.76171875,12690497,0.0,0.0
2025-06-13 00:00:00+07:00,16655.1015625,16770.76171875,16462.333984375,16655.1015625,16094256,0.0,0.0
2025-06-16 00:00:00+07:00,16616.546875,16847.8671875,16539.439453125,16770.76171875,14379274,0.0,0.0
2025-06-17 00:00:00+07:00,16847.8671875,16924.974609375,16732.20703125,16886.421875,16971648,0.0,0.0
2025-06-18 00:00:00+07:00,16886.421875,17040.634765625,16809.314453125,16924.974609375,22371836,0.0,0.0
2025-06-19 00:00:00+07:00,16963.529296875,17079.189453125,16847.8671875,16963.529296875,10612090,0.0,0.0
2025-06-20 00:00:00+07:00,17002.08203125,17233.40234375,16924.974609375,17079.189453125,23476081,0.0,0.0
2025-06-23 00:00:00+07:00,16963.529296875,17040.634765625,16847.8671875,16924.974609375,19299726,0.0,0.0
2025-06-24 00:00:00+07:00,17040.634765625,17117.7421875,16886.421875,16924.974609375,32821491,0.0,0.0
2025-06-25 00:00:00+07:00,16963.529296875,17002.08203125,16809.314453125,16809.314453125,15229743,0.0,0.0
2025-06-26 00:00:00+07:00,16847.8671875,16886.421875,16655.1015625,16732.20703125,77270106,0.0,0.0
2025-06-27 00:00:00+07:00,16770.76171875,16886.421875,16655.1015625,16809.314453125,13148854,0.0,0.0
2025-06-30 00:00:00+07:00,16809.314453125,16886.421875,16770.76171875,16809.314453125,10847756,0.0,0.0
2025-07-01 00:00:00+07:00,16847.8671875,17194.849609375,16809.314453125,17040.634765625,51827677,0.0,0.0
2025-07-02 00:00:00+07:00,17079.189453125,17349.0625,17002.08203125,17194.849609375,25102977,0.0,0.0
2025-07-03 00:00:00+07:00,17194.849609375,17541.830078125,17117.7421875,17387.6171875,29489703,0.0,0.0
2025-07-04 00:00:00+07:00,17464.72265625,17580.384765625,17271.95703125,17387.6171875,17132412,0.0,0.0
2025-07-07 00:00:00+07:00,17464.72265625,17965.91796875,17426.169921875,17965.91796875,35788565,0.0,0.0
2025-07-08 00:00:00+07:00,18043.025390625,18158.685546875,17927.365234375,18120.1328125,22483499,0.0,0.0
2025-07-09 00:00:00+07:00,18197.240234375,19045.416015625,18120.1328125,18659.880859375,51583406,0.0,0.0
2025-07-10 00:00:00+07:00,18775.541015625,18814.095703125,18544.220703125,18775.541015625,23863971,0.0,0.0
2025-07-11 00:00:00+07:00,18775.541015625,18852.6484375,18467.11328125,18852.6484375,25877836,0.0,0.0
2025-07-14 00:00:00+07:00,18891.201171875,18891.201171875,18544.220703125,18814.095703125,22157627,0.0,0.0
2025-07-15 00:00:00+07:00,18814.095703125,19083.96875,18621.328125,18621.328125,56553230,0.0,0.0
2025-07-16 00:00:00+07:00,18621.328125,18736.98828125,18582.7734375,18698.435546875,26006242,0.0,0.0
2025-07-17 00:00:00+07:00,18775.541015625,18852.6484375,18621.328125,18775.541015625,27719875,0.0,0.0
2025-07-18 00:00:00+07:00,18852.6484375,18891.201171875,18582.7734375,18814.095703125,26913839,0.0,0.0
2025-07-21 00:00:00+07:00,18891.201171875,19006.86328125,18736.98828125,18891.201171875,27285790,0.0,0.0
2025-07-22 00:00:00+07:00,18891.201171875,19623.71875,18775.541015625,19623.71875,43238075,0.0,0.0
2025-07-23 00:00:00+07:00,19816.486328125,20587.5546875,19777.931640625,20433.341796875,46304232,0.0,0.0
2025-07-24 00:00:00+07:00,20934.537109375,21859.8203125,20703.21484375,21281.517578125,96318467,0.0,0.0
2025-07-25 00:00:00+07:00,21281.517578125,21898.373046875,21127.302734375,21782.712890625,34373543,0.0,0.0
2025-07-28 00:00:00+07:00,21859.8203125,22553.78125,21512.837890625,21936.92578125,34428700,0.0,0.0
2025-07-29 00:00:00+07:00,21898.373046875,21898.373046875,20433.341796875,20433.341796875,49085628,0.0,0.0
2025-07-30 00:00:00+07:00,20433.341796875,20664.662109375,19855.0390625,20549.001953125,27362527,0.0,0.0
2025-07-31 00:00:00+07:00,20934.537109375,21320.0703125,20009.251953125,20394.787109375,43031972,0.0,0.0
2025-08-01 00:00:00+07:00,20394.787109375,20934.537109375,20356.234375,20818.875,30515512,0.0,0.0
2025-08-04 00:00:00+07:00,20857.4296875,21589.9453125,20741.76953125,21589.9453125,29582704,0.0,0.0
2025-08-05 00:00:00+07:00,22129.693359375,22438.12109375,20818.875,21512.837890625,46871651,0.0,0.0
2025-08-06 00:00:00+07:00,21975.48046875,22052.587890625,21589.9453125,21782.712890625,22948048,0.0,0.0
2025-08-07 00:00:00+07:00,22129.693359375,22129.693359375,21551.392578125,21975.48046875,42085727,0.0,0.0
2025-08-08 00:00:00+07:00,22052.587890625,22129.693359375,21512.837890625,21628.498046875,33352364,0.0,0.0
2025-08-11 00:00:00+07:00,21859.8203125,21859.8203125,21512.837890625,21512.837890625,38452553,0.0,0.0
2025-08-12 00:00:00+07:00,21589.9453125,22322.4609375,21512.837890625,22283.908203125,40681677,0.0,0.0
2025-08-13 00:00:00+07:00,22669.443359375,22707.99609375,21936.92578125,22322.4609375,39210344,0.0,0.0
2025-08-14 00:00:00+07:00,23054.9765625,23864.599609375,22515.228515625,23864.599609375,85739213,0.0,0.0
2025-08-15 00:00:00+07:00,24404.349609375,24442.90234375,23440.51171875,23903.154296875,48876633,0.0,0.0
2025-08-18 00:00:00+07:00,24057.3671875,24057.3671875,23132.083984375,23517.619140625,37163849,0.0,0.0
2025-08-19 00:00:00+07:00,23826.046875,25136.865234375,23633.279296875,25059.7578125,50134548,0.0,0.0
2025-08-20 00:00:00+07:00,25136.865234375,25252.525390625,23864.599609375,24558.5625,40459726,0.0,0.0
2025-08-21 00:00:00+07:00,24674.22265625,26177.80859375,24674.22265625,25638.060546875,50514280,0.0,0.0
2025-08-22 00:00:00+07:00,25638.060546875,25638.060546875,24288.6875,24944.09765625,40059814,0.0,0.0
2025-08-25 00:00:00+07:00,25368.185546875,25368.185546875,23556.171875,24134.474609375,30628135,0.0,0.0
2025-08-26 00:00:00+07:00,24134.474609375,24905.544921875,23864.599609375,24905.544921875,17129507,0.0,0.0
2025-08-27 00:00:00+07:00,25368.185546875,25445.29296875,24712.77734375,25021.205078125,22074379,0.0,0.0
2025-08-28 00:00:00+07:00,25059.7578125,25098.310546875,24481.455078125,25059.7578125,30288606,0.0,0.0
2025-08-29 00:00:00+07:00,25368.185546875,26062.1484375,25213.97265625,25792.2734375,38193315,0.0,0.0
2025-09-03 00:00:00+07:00,25830.828125,25869.380859375,25445.29296875,25522.400390625,19604822,0.0,0.0
2025-09-04 00:00:00+07:00,25560.953125,25599.505859375,25098.310546875,25560.953125,27350998,0.0,0.0
2025-09-05 00:00:00+07:00,25830.828125,25869.380859375,24597.115234375,24905.544921875,29644254,0.0,0.0
2025-09-08 00:00:00+07:00,24597.115234375,24635.669921875,23517.619140625,23826.046875,40384441,0.0,0.0
2025-09-09 00:00:00+07:00,23671.83203125,24327.2421875,23556.171875,24327.2421875,21091718,0.0,0.0
2025-09-10 00:00:00+07:00,24365.794921875,24404.349609375,23864.599609375,24365.794921875,19419962,0.0,0.0
2025-09-11 00:00:00+07:00,24057.3671875,24365.794921875,23517.619140625,24288.6875,17182018,0.0,0.0
2025-09-12 00:00:00+07:00,24288.6875,24327.2421875,23941.70703125,24288.6875,16429155,0.0,0.0
2025-09-15 00:00:00+07:00,24288.6875,24365.794921875,23941.70703125,24095.921875,22399512,0.0,0.0
2025-09-16 00:00:00+07:00,24211.58203125,24327.2421875,23826.046875,24134.474609375,23869288,0.0,0.0
2025-09-17 00:00:00+07:00,24057.3671875,24095.921875,23826.046875,23826.046875,12286433,0.0,0.0
2025-09-18 00:00:00+07:00,23864.599609375,23864.599609375,23286.298828125,23671.83203125,18289026,0.0,0.0
2025-09-19 00:00:00+07:00,23594.7265625,23594.7265625,23132.083984375,23286.298828125,20619737,0.0,0.0
2025-09-22 00:00:00+07:00,23286.298828125,23286.298828125,22361.015625,22361.015625,26588161,0.0,0.0
2025-09-23 00:00:00+07:00,22399.568359375,22592.3359375,22129.693359375,22129.693359375,15688936,0.0,0.0
2025-09-24 00:00:00+07:00,22206.80078125,23671.83203125,21782.712890625,23671.83203125,32504373,0.0,0.0
2025-09-25 00:00:00+07:00,24288.6875,24365.794921875,23826.046875,23903.154296875,20855812,0.0,0.0
2025-09-26 00:00:00+07:00,23903.154296875,23941.70703125,23247.744140625,23247.744140625,16212391,0.0,0.0
2025-09-29 00:00:00+07:00,23247.744140625,23980.259765625,22977.87109375,23826.046875,17781458,0.0,0.0
2025-09-30 00:00:00+07:00,23671.83203125,23903.154296875,23247.744140625,23903.154296875,19401014,0.0,0.0
2025-10-01 00:00:00+07:00,23903.154296875,23980.259765625,23671.83203125,23826.046875,13942336,0.0,0.0
2025-10-02 00:00:00+07:00,23903.154296875,24134.474609375,23594.7265625,23787.494140625,18381417,0.0,0.0
2025-10-03 00:00:00+07:00,23748.939453125,23787.494140625,23286.298828125,23286.298828125,12419616,0.0,0.0
2025-10-06 00:00:00+07:00,23517.619140625,24520.009765625,23401.958984375,24288.6875,45106519,0.0,0.0
2025-10-07 00:00:00+07:00,24481.455078125,24481.455078125,24018.814453125,24134.474609375,27491349,0.0,0.0
2025-10-08 00:00:00+07:00,24442.90234375,24442.90234375,23903.154296875,24250.134765625,25620324,0.0,0.0
2025-10-09 00:00:00+07:00,24250.134765625,24558.5625,24057.3671875,24404.349609375,24448056,0.0,0.0
2025-10-10 00:00:00+07:00,24597.115234375,24635.669921875,24442.90234375,24558.5625,19836902,0.0,0.0
2025-10-13 00:00:00+07:00,24250.134765625,25175.41796875,24173.02734375,25175.41796875,50458332,0.0,0.0
2025-10-14 00:00:00+07:00,25368.185546875,25792.2734375,24751.330078125,25175.41796875,46720666,0.0,0.0
2025-10-15 00:00:00+07:00,25136.865234375,25907.93359375,25059.7578125,25522.400390625,40438677,0.0,0.0
2025-10-16 00:00:00+07:00,25638.060546875,25753.720703125,25368.185546875,25753.720703125,35981932,0.0,0.0
2025-10-17 00:00:00+07:00,25869.380859375,25869.380859375,25059.7578125,25059.7578125,27930440,0.0,0.0
2025-10-20 00:00:00+07:00,24674.22265625,24828.4375,23324.8515625,23324.8515625,50353997,0.0,0.0
2025-10-21 00:00:00+07:00,23440.51171875,24944.09765625,23440.51171875,24944.09765625,41514080,0.0,0.0
2025-10-22 00:00:00+07:00,25059.7578125,25098.310546875,24442.90234375,25059.7578125,24570133,0.0,0.0
2025-10-23 00:00:00+07:00,25021.205078125,26409.12890625,24982.650390625,25445.29296875,64333917,0.0,0.0
2025-10-24 00:00:00+07:00,25252.525390625,25483.845703125,24674.22265625,25213.97265625,25580561,0.0,0.0
2025-10-27 00:00:00+07:00,25406.73828125,25406.73828125,23980.259765625,23980.259765625,30949934,0.0,0.0
2025-10-28 00:00:00+07:00,23556.171875,24828.4375,23556.171875,24828.4375,27088674,0.0,0.0
2025-10-29 00:00:00+07:00,25021.205078125,26293.46875,24944.09765625,25753.720703125,45073253,0.0,0.0
2025-10-30 00:00:00+07:00,25792.2734375,26486.236328125,25599.505859375,25753.720703125,30857232,0.0,0.0
2025-10-31 00:00:00+07:00,25869.380859375,25869.380859375,24674.22265625,24674.22265625,32404745,0.0,0.0
2025-11-03 00:00:00+07:00,24674.22265625,24751.330078125,23517.619140625,23556.171875,34562800,0.0,0.0
2025-11-04 00:00:00+07:00,23556.171875,23980.259765625,22553.78125,23980.259765625,44811811,0.0,0.0
2025-11-05 00:00:00+07:00,23980.259765625,24520.009765625,23748.939453125,23941.70703125,12305642,0.0,0.0
2025-11-06 00:00:00+07:00,23980.259765625,23980.259765625,23170.63671875,23209.19140625,17737078,0.0,0.0
2025-11-07 00:00:00+07:00,23093.53125,23247.744140625,22553.78125,23132.083984375,29433832,0.0,0.0
2025-11-10 00:00:00+07:00,23054.9765625,23170.63671875,22592.3359375,22823.65625,22014267,0.0,0.0
2025-11-11 00:00:00+07:00,22823.65625,22900.763671875,22399.568359375,22823.65625,20868054,0.0,0.0
2025-11-12 00:00:00+07:00,22900.763671875,23209.19140625,22592.3359375,23132.083984375,24107282,0.0,0.0
2025-11-13 00:00:00+07:00,23132.083984375,23247.744140625,22900.763671875,23093.53125,15672349,0.0,0.0
2025-11-14 00:00:00+07:00,23016.423828125,23132.083984375,22746.548828125,23016.423828125,36679535,0.0,0.0
2025-11-17 00:00:00+07:00,23132.083984375,23517.619140625,22977.87109375,23170.63671875,23542249,0.0,0.0
2025-11-18 00:00:00+07:00,23247.744140625,23517.619140625,23132.083984375,23479.06640625,26245728,0.0,0.0
2025-11-19 00:00:00+07:00,23517.619140625,24288.6875,23132.083984375,24134.474609375,32477242,0.0,0.0
2025-11-20 00:00:00+07:00,24211.58203125,24597.115234375,24057.3671875,24520.009765625,31229416,0.0,0.0
2025-11-21 00:00:00+07:00,24404.349609375,24558.5625,23903.154296875,24057.3671875,63163854,0.0,0.0
2025-11-24 00:00:00+07:00,24134.474609375,24674.22265625,23941.70703125,23980.259765625,23223393,0.0,0.0
2025-11-25 00:00:00+07:00,24095.921875,24751.330078125,24095.921875,24520.009765625,74309218,0.0,0.0
2025-11-26 00:00:00+07:00,24520.009765625,24905.544921875,24365.794921875,24905.544921875,18991972,0.0,0.0
2025-11-27 00:00:00+07:00,25021.205078125,25021.205078125,24365.794921875,24674.22265625,16479319,0.0,0.0
2025-11-28 00:00:00+07:00,24597.115234375,24674.22265625,24250.134765625,24674.22265625,18731515,0.0,0.0
2025-12-01 00:00:00+07:00,24712.77734375,24712.77734375,24250.134765625,24288.6875,9903676,0.0,0.0
2025-12-02 00:00:00+07:00,24288.6875,24674.22265625,23864.599609375,24674.22265625,21445551,0.0,0.0
2025-12-03 00:00:00+07:00,24674.22265625,25059.7578125,24481.455078125,24866.990234375,25425439,0.0,0.0
2025-12-04 00:00:00+07:00,25291.078125,25522.400390625,24982.650390625,25406.73828125,19630449,0.0,0.0
2025-12-05 00:00:00+07:00,25445.29296875,25445.29296875,25021.205078125,25406.73828125,11943012,0.0,0.0
2025-12-08 00:00:00+07:00,25329.6328125,25406.73828125,24982.650390625,25252.525390625,13123240,0.0,0.0
2025-12-09 00:00:00+07:00,25175.41796875,25175.41796875,24288.6875,24288.6875,29694120,0.0,0.0
2025-12-10 00:00:00+07:00,24905.544921875,25445.29296875,24365.794921875,24789.8828125,33302057,0.0,0.0
2025-12-11 00:00:00+07:00,24828.4375,24866.990234375,24365.794921875,24481.455078125,9136670,0.0,0.0
2025-12-12 00:00:00+07:00,24520.009765625,24597.115234375,23286.298828125,23286.298828125,22815207,0.0,0.0
2025-12-15 00:00:00+07:00,23324.8515625,23440.51171875,23054.9765625,23132.083984375,20748130,0.0,0.0
2025-12-16 00:00:00+07:00,23170.63671875,24751.330078125,23016.423828125,24751.330078125,28567270,0.0,0.0
2025-12-17 00:00:00+07:00,24674.22265625,25098.310546875,24442.90234375,24751.330078125,41474044,0.0,0.0
2025-12-18 00:00:00+07:00,25000.0,26000.0,24750.0,25600.0,32982840,0.0,1.2969
2025-12-19 00:00:00+07:00,25600.0,26000.0,25450.0,25950.0,21307370,0.0,0.0
2025-12-22 00:00:00+07:00,26000.0,27100.0,25750.0,27000.0,41391950,0.0,0.0
2025-12-23 00:00:00+07:00,27000.0,28000.0,26950.0,27500.0,37495720,0.0,0.0
2025-12-24 00:00:00+07:00,27550.0,28000.0,27400.0,27850.0,25192540,0.0,0.0
2025-12-25 00:00:00+07:00,27700.0,27900.0,26950.0,27550.0,21680700,0.0,0.0
2025-12-26 00:00:00+07:00,27000.0,28000.0,26800.0,27600.0,21549770,0.0,0.0
2025-12-29 00:00:00+07:00,27700.0,27700.0,27150.0,27600.0,14642730,0.0,0.0
2025-12-30 00:00:00+07:00,27600.0,27950.0,27000.0,27950.0,29151700,0.0,0.0
2025-12-31 00:00:00+07:00,27800.0,29700.0,27750.0,29700.0,66953440,0.0,0.0
2026-01-05 00:00:00+07:00,29500.0,29500.0,28000.0,28950.0,27369210,0.0,0.0
2026-01-06 00:00:00+07:00,28800.0,29050.0,28100.0,29050.0,17854740,0.0,0.0
2026-01-07 00:00:00+07:00,29050.0,29550.0,28350.0,29100.0,23087070,0.0,0.0
2026-01-08 00:00:00+07:00,29150.0,29200.0,28500.0,28800.0,20099620,0.0,0.0
2026-01-09 00:00:00+07:00,28850.0,29100.0,27500.0,27900.0,31867460,0.0,0.0
2026-01-12 00:00:00+07:00,27700.0,28350.0,27250.0,28200.0,28149470,0.0,0.0
2026-01-13 00:00:00+07:00,28200.0,28450.0,28000.0,28450.0,16201100,0.0,0.0
2026-01-14 00:00:00+07:00,28500.0,28500.0,27550.0,27650.0,33575350,0.0,0.0
2026-01-15 00:00:00+07:00,27500.0,29550.0,26800.0,29550.0,37504640,0.0,0.0
2026-01-16 00:00:00+07:00,29500.0,29500.0,28450.0,28450.0,22612230,0.0,0.0
2026-01-19 00:00:00+07:00,28500.0,29000.0,28200.0,28750.0,308171600,0.0,0.0
2026-01-20 00:00:00+07:00,29000.0,29800.0,28750.0,28950.0,21745500,0.0,0.0
2026-01-21 00:00:00+07:00,28650.0,30000.0,28300.0,29050.0,28672480,0.0,0.0
2026-01-22 00:00:00+07:00,29100.0,29750.0,29050.0,29200.0,19449030,0.0,0.0
2026-01-23 00:00:00+07:00,29250.0,29600.0,28650.0,29600.0,24278530,0.0,0.0
2026-01-26 00:00:00+07:00,29400.0,29400.0,28300.0,28350.0,23138350,0.0,0.0
2026-01-27 00:00:00+07:00,28350.0,29000.0,27800.0,29000.0,23187800,0.0,0.0
2026-01-28 00:00:00+07:00,28500.0,28850.0,28350.0,28500.0,115732700,0.0,0.0
2026-01-29 00:00:00+07:00,28550.0,28600.0,27800.0,27850.0,23937830,0.0,0.0
2026-01-30 00:00:00+07:00,27900.0,28400.0,27800.0,28300.0,16026570,0.0,0.0
2026-02-02 00:00:00+07:00,28000.0,28250.0,27250.0,27800.0,17825220,0.0,0.0
2026-02-03 00:00:00+07:00,27900.0,28000.0,27350.0,27550.0,31272700,0.0,0.0
2026-02-04 00:00:00+07:00,27550.0,27600.0,27200.0,27550.0,20035280,0.0,0.0
2026-02-05 00:00:00+07:00,27550.0,27900.0,27250.0,27550.0,17111330,0.0,0.0
2026-02-06 00:00:00+07:00,27200.0,27500.0,26500.0,26500.0,43077470,0.0,0.0
2026-02-09 00:00:00+07:00,26750.0,26800.0,26250.0,26800.0,16551380,0.0,0.0
2026-02-10 00:00:00+07:00,26850.0,26900.0,26000.0,26800.0,29945490,0.0,0.0
2026-02-11 00:00:00+07:00,26750.0,27950.0,26650.0,27800.0,38354250,0.0,0.0
2026-02-12 00:00:00+07:00,27850.0,28000.0,27650.0,27850.0,12462020,0.0,0.0
2026-02-13 00:00:00+07:00,27750.0,28200.0,27700.0,28200.0,14489390,0.0,0.0
2026-02-23 00:00:00+07:00,28300.0,28500.0,28050.0,28200.0,10153430,0.0,0.0
2026-02-24 00:00:00+07:00,28100.0,28500.0,27750.0,28500.0,24095190,0.0,0.0
2026-02-25 00:00:00+07:00,28500.0,28850.0,28200.0,28450.0,19836060,0.0,0.0
2026-02-26 00:00:00+07:00,28500.0,28550.0,27950.0,28400.0,14333700,0.0,0.0
2026-02-27 00:00:00+07:00,28400.0,28400.0,27950.0,27950.0,21086250,0.0,0.0
2026-03-02 00:00:00+07:00,27300.0,27650.0,26950.0,26950.0,25947720,0.0,0.0
2026-03-03 00:00:00+07:00,27000.0,27100.0,26300.0,26500.0,19603720,0.0,0.0
2026-03-04 00:00:00+07:00,26400.0,26600.0,25700.0,26350.0,22256520,0.0,0.0
2026-03-05 00:00:00+07:00,26500.0,26600.0,25950.0,25950.0,19008100,0.0,0.0
2026-03-06 00:00:00+07:00,25900.0,26200.0,25600.0,25900.0,19264870,0.0,0.0
2026-03-09 00:00:00+07:00,24100.0,25500.0,24100.0,24100.0,31796200,0.0,0.0
2026-03-10 00:00:00+07:00,25000.0,25750.0,24600.0,25150.0,32059440,0.0,0.0
2026-03-11 00:00:00+07:00,25150.0,26000.0,24950.0,25750.0,16249520,0.0,0.0
2026-03-12 00:00:00+07:00,25300.0,25750.0,25100.0,25700.0,20897040,0.0,0.0
2026-03-13 00:00:00+07:00,25300.0,25750.0,25200.0,25600.0,12781780,0.0,0.0
2026-03-16 00:00:00+07:00,25500.0,25650.0,25200.0,25600.0,16920370,0.0,0.0
2026-03-17 00:00:00+07:00,25700.0,26200.0,25650.0,25700.0,17600040,0.0,0.0
2026-03-18 00:00:00+07:00,25700.0,26000.0,25250.0,25700.0,15830510,0.0,0.0
2026-03-19 00:00:00+07:00,25500.0,25700.0,25250.0,25650.0,14243680,0.0,0.0
2026-03-20 00:00:00+07:00,25500.0,25500.0,24900.0,25000.0,15617400,0.0,0.0
2026-03-23 00:00:00+07:00,24750.0,24750.0,23800.0,24300.0,42741990,0.0,0.0
2026-03-24 00:00:00+07:00,24500.0,24900.0,24250.0,24300.0,20756170,0.0,0.0
2026-03-25 00:00:00+07:00,24500.0,25000.0,24500.0,24900.0,20347860,0.0,0.0
2026-03-26 00:00:00+07:00,24950.0,25000.0,24500.0,24550.0,16165410,0.0,0.0
2026-03-27 00:00:00+07:00,24600.0,25350.0,24550.0,25300.0,20410490,0.0,0.0
2026-03-30 00:00:00+07:00,24800.0,25300.0,24550.0,25200.0,18482470,0.0,0.0
2026-03-31 00:00:00+07:00,25100.0,25500.0,25000.0,25450.0,22559340,0.0,0.0
2026-04-01 00:00:00+07:00,25800.0,26000.0,25600.0,25600.0,16885700,0.0,0.0
2026-04-02 00:00:00+07:00,25600.0,25650.0,25250.0,25600.0,29452770,0.0,0.0
2026-04-03 00:00:00+07:00,25650.0,25700.0,25150.0,25600.0,25928540,0.0,0.0
2026-04-06 00:00:00+07:00,25500.0,25700.0,25250.0,25600.0,19593960,0.0,0.0
2026-04-07 00:00:00+07:00,25550.0,25550.0,25050.0,25100.0,19315560,0.0,0.0
2026-04-08 00:00:00+07:00,25700.0,26500.0,25550.0,26350.0,32115130,0.0,0.0
2026-04-09 00:00:00+07:00,26250.0,26250.0,25900.0,26050.0,12953080,0.0,0.0
2026-04-10 00:00:00+07:00,26350.0,26700.0,26150.0,26150.0,22830300,0.0,0.0
2026-04-13 00:00:00+07:00,26000.0,26150.0,25750.0,25900.0,12394630,0.0,0.0
2026-04-14 00:00:00+07:00,26150.0,26450.0,26050.0,26100.0,14026580,0.0,0.0
2026-04-15 00:00:00+07:00,26400.0,26500.0,26150.0,26350.0,15382730,0.0,0.0
2026-04-16 00:00:00+07:00,26350.0,26400.0,26100.0,26100.0,20238530,0.0,0.0
2026-04-17 00:00:00+07:00,26300.0,26500.0,26050.0,26200.0,13779150,0.0,0.0
2026-04-20 00:00:00+07:00,26200.0,26950.0,26200.0,26900.0,42852220,0.0,0.0
2026-04-21 00:00:00+07:00,27000.0,27100.0,26650.0,26700.0,20078770,0.0,0.0
2026-04-22 00:00:00+07:00,26600.0,26700.0,26250.0,26550.0,16150930,0.0,0.0
2026-04-23 00:00:00+07:00,26500.0,26950.0,26350.0,26600.0,17067100,0.0,0.0
2026-04-24 00:00:00+07:00,26650.0,27000.0,26500.0,26900.0,24617200,0.0,0.0
2026-04-28 00:00:00+07:00,26700.0,26950.0,26600.0,26600.0,11114020,0.0,0.0
2026-04-29 00:00:00+07:00,26550.0,26600.0,26200.0,26600.0,21423120,0.0,0.0
2026-05-04 00:00:00+07:00,26600.0,26750.0,26450.0,26500.0,11454920,0.0,0.0
2026-05-05 00:00:00+07:00,26400.0,26500.0,26000.0,26400.0,15340350,0.0,0.0
2026-05-06 00:00:00+07:00,26450.0,26750.0,26350.0,26600.0,15630090,0.0,0.0
2026-05-07 00:00:00+07:00,26650.0,27800.0,26650.0,27500.0,34990230,0.0,0.0
2026-05-08 00:00:00+07:00,27500.0,27600.0,27250.0,27350.0,11147290,0.0,0.0
