Date,Open,High,Low,Close,Volume,Dividends,Stock Splits
2009-04-15 00:00:00+07:00,3643.84619140625,3716.7231285571547,3636.5586309189566,3643.84619140625,977031,0.0,0.0
2009-04-16 00:00:00+07:00,3753.161854252908,3753.161854252908,3643.8464410376087,3680.284912109375,1208415,0.0,0.0
2009-04-17 00:00:00+07:00,3643.8461751061527,3643.8461751061527,3498.092523502675,3570.96923828125,954451,0.0,0.0
2009-04-20 00:00:00+07:00,3570.9692542553453,3716.7231285571547,3570.9692542553453,3643.84619140625,2943505,0.0,0.0
2009-04-21 00:00:00+07:00,3826.03857421875,3826.03857421875,3753.161636307174,3826.03857421875,4413760,0.0,0.0
2009-04-22 00:00:00+07:00,4008.231418130477,4008.231418130477,3898.915781659863,3971.792724609375,3446326,0.0,0.0
2009-04-23 00:00:00+07:00,3862.4772799870584,3935.354218177242,3789.600341796875,3789.600341796875,937843,0.0,0.0
2009-04-24 00:00:00+07:00,3643.8464410376087,3753.161854252908,3607.4079699658423,3680.284912109375,2119702,0.0,0.0
2009-04-27 00:00:00+07:00,3680.2846599817026,3716.7231285571547,3614.6955053644197,3643.84619140625,1260079,0.0,0.0
2009-04-28 00:00:00+07:00,3585.545064959857,3680.284912109375,3585.545064959857,3680.284912109375,1312618,0.0,0.0
2009-04-29 00:00:00+07:00,3643.8463397078704,3680.284809766339,3629.27099609375,3629.27099609375,1358293,0.0,0.0
2009-05-04 00:00:00+07:00,3789.600341796875,3789.600341796875,3789.600341796875,3789.600341796875,1337577,0.0,0.0
2009-05-05 00:00:00+07:00,3971.792465539689,3971.792465539689,3898.91552734375,3898.91552734375,5298465,0.0,0.0
2009-05-06 00:00:00+07:00,3826.0385507274336,3826.0385507274336,3716.72314453125,3716.72314453125,1409326,0.0,0.0
2009-05-07 00:00:00+07:00,3789.6003273092924,3826.03857421875,3716.723167351386,3826.03857421875,1108945,0.0,0.0
2009-05-08 00:00:00+07:00,3680.284698395598,3898.915512130326,3680.284698395598,3826.03857421875,1852879,0.0,0.0
2009-05-11 00:00:00+07:00,3789.600341796875,3826.0385888456353,3789.600341796875,3789.600341796875,2047317,0.0,0.0
2009-05-12 00:00:00+07:00,3753.161636307174,3826.03857421875,3716.723167351386,3826.03857421875,1635717,0.0,0.0
2009-05-13 00:00:00+07:00,3789.600341796875,3826.0385888456353,3753.161650655452,3789.600341796875,1570699,0.0,0.0
2009-05-14 00:00:00+07:00,3716.723152285665,3789.6003119481643,3716.723152285665,3753.16162109375,1068016,0.0,0.0
2009-05-15 00:00:00+07:00,3826.0385888456353,3826.0385888456353,3753.161650655452,3789.600341796875,1602397,0.0,0.0
2009-05-18 00:00:00+07:00,3789.600341796875,3789.600341796875,3753.161650655452,3789.600341796875,920122,0.0,0.0
2009-05-19 00:00:00+07:00,3789.6003119481643,3826.0385587099195,3716.723152285665,3753.16162109375,2422833,0.0,0.0
2009-05-20 00:00:00+07:00,3753.161902398554,3862.4775390625,3753.161902398554,3862.4775390625,1748049,0.0,0.0
2009-05-21 00:00:00+07:00,3862.4772652208685,3898.915512130326,3789.6003273092924,3826.03857421875,2754178,0.0,0.0
2009-05-22 00:00:00+07:00,3826.038864656826,4008.2314453125,3753.161921213095,4008.2314453125,5342019,0.0,0.0
2009-05-25 00:00:00+07:00,4190.423828125,4190.423828125,4190.423828125,4190.423828125,1689385,0.0,0.0
2009-05-26 00:00:00+07:00,4372.6162109375,4372.6162109375,4372.6162109375,4372.6162109375,513529,0.0,0.0
2009-05-27 00:00:00+07:00,4591.24658203125,4591.24658203125,4591.24658203125,4591.24658203125,326074,0.0,0.0
2009-05-28 00:00:00+07:00,4809.87646484375,4809.87646484375,4809.87646484375,4809.87646484375,372003,0.0,0.0
2009-05-29 00:00:00+07:00,5028.5078125,5028.5078125,4737.000061735634,5028.5078125,10543294,0.0,0.0
2009-06-01 00:00:00+07:00,5247.138671875,5247.138671875,5247.138671875,5247.138671875,1582555,0.0,0.0
2009-06-02 00:00:00+07:00,5502.208984375,5502.208984375,5502.208984375,5502.208984375,723687,0.0,0.0
2009-06-03 00:00:00+07:00,5757.27734375,5757.27734375,5720.8386518812895,5757.27734375,7270678,0.0,0.0
2009-06-04 00:00:00+07:00,5939.46923828125,5975.907928723361,5757.277118348654,5939.46923828125,7912771,0.0,0.0
2009-06-05 00:00:00+07:00,6085.223895573549,6121.662590708559,5975.908698353941,6048.78564453125,5029773,0.0,0.0
2009-06-08 00:00:00+07:00,6121.6616746530935,6340.29248046875,6085.222984970828,6340.29248046875,4957521,0.0,0.0
2009-06-09 00:00:00+07:00,6048.785895965343,6631.801489618433,6048.785895965343,6595.36279296875,7762393,0.0,0.0
2009-06-10 00:00:00+07:00,6303.854263949652,6449.608145433614,6267.416015625,6267.416015625,4971873,0.0,0.0
2009-06-11 00:00:00+07:00,6194.53907488302,6340.292956366981,6158.10038246569,6267.416015625,5931835,0.0,0.0
2009-06-12 00:00:00+07:00,6340.292930716441,6340.292930716441,5975.908228480706,6121.662109375,4765953,0.0,0.0
2009-06-15 00:00:00+07:00,6121.6622947738115,6121.6622947738115,5830.154524156706,5866.5927734375,3895969,0.0,0.0
2009-06-16 00:00:00+07:00,5575.08544921875,5684.4006411990285,5575.08544921875,5575.08544921875,2653204,0.0,0.0
2009-06-17 00:00:00+07:00,5356.454600564619,5465.769792124472,5320.0159073162085,5429.33154296875,3974842,0.0,0.0
2009-06-18 00:00:00+07:00,5684.40087890625,5684.40087890625,5538.646987442361,5684.40087890625,6626331,0.0,0.0
2009-06-19 00:00:00+07:00,5939.46923828125,5939.46923828125,5757.277118348654,5939.46923828125,5337778,0.0,0.0
2009-06-22 00:00:00+07:00,5757.277594526104,5793.715843889325,5647.96240234375,5647.96240234375,2172117,0.0,0.0
2009-06-23 00:00:00+07:00,5392.89306640625,5465.77001173857,5392.89306640625,5392.89306640625,3360963,0.0,0.0
2009-06-24 00:00:00+07:00,5647.96240234375,5647.96240234375,5538.646766068706,5647.96240234375,1657555,0.0,0.0
2009-06-25 00:00:00+07:00,5647.962597115722,5647.962597115722,5392.89306640625,5392.89306640625,3066675,0.0,0.0
2009-06-26 00:00:00+07:00,5320.015653398392,5502.208222759236,5320.015653398392,5465.76953125,1419436,0.0,0.0
2009-06-29 00:00:00+07:00,5356.454316314725,5465.769502073571,5320.015625,5320.015625,2298789,0.0,0.0
2009-06-30 00:00:00+07:00,5247.139415224827,5283.578111600428,5064.947265625,5064.947265625,2589325,0.0,0.0
2009-07-01 00:00:00+07:00,4846.316144318521,4919.1930888366805,4846.316144318521,4882.75439453125,3566746,0.0,0.0
2009-07-02 00:00:00+07:00,4955.630874808909,5101.384750191091,4882.753937117816,5028.5078125,1072624,0.0,0.0
2009-07-03 00:00:00+07:00,4955.630874808909,5101.384750191091,4955.630874808909,5028.5078125,930724,0.0,0.0
2009-07-06 00:00:00+07:00,5101.384795206657,5247.138671875,5101.384795206657,5247.138671875,1667794,0.0,0.0
2009-07-07 00:00:00+07:00,5247.138641448152,5283.577332450271,5101.384765625,5101.384765625,1223266,0.0,0.0
2009-07-08 00:00:00+07:00,5101.38478062415,5210.700409859256,5101.38478062415,5174.26171875,1082242,0.0,0.0
2009-07-09 00:00:00+07:00,5283.57763671875,5283.57763671875,5174.262001509833,5283.57763671875,1710346,0.0,0.0
2009-07-10 00:00:00+07:00,5283.57763671875,5320.015885726599,5210.7006946103675,5283.57763671875,1892943,0.0,0.0
2009-07-13 00:00:00+07:00,5356.454301422588,5356.454301422588,5247.138671875,5247.138671875,761632,0.0,0.0
2009-07-14 00:00:00+07:00,5210.700409859256,5247.13865687585,5137.823471733406,5174.26171875,1689385,0.0,0.0
2009-07-15 00:00:00+07:00,5137.823486420075,5247.138671875,5137.823486420075,5247.138671875,978411,0.0,0.0
2009-07-16 00:00:00+07:00,5320.0156102091705,5356.454301422588,5210.700424754245,5247.138671875,1142769,0.0,0.0
2009-07-17 00:00:00+07:00,5247.138671875,5283.577363088417,5247.138671875,5247.138671875,937603,0.0,0.0
2009-07-20 00:00:00+07:00,5210.7006946103675,5283.57763671875,5210.7006946103675,5283.57763671875,1689139,0.0,0.0
2009-07-21 00:00:00+07:00,5283.57737777794,5356.454316314725,5283.57737777794,5320.015625,792952,0.0,0.0
2009-07-22 00:00:00+07:00,5356.454316314725,5356.454316314725,5283.57737777794,5320.015625,702223,0.0,0.0
2009-07-23 00:00:00+07:00,5283.577405981822,5465.76953125,5283.577405981822,5465.76953125,1113945,0.0,0.0
2009-07-24 00:00:00+07:00,5720.83837890625,5720.83837890625,5720.83837890625,5720.83837890625,4057834,0.0,0.0
2009-07-27 00:00:00+07:00,5720.83837890625,5866.5922512409725,5684.400132868894,5720.83837890625,1830531,0.0,0.0
2009-07-28 00:00:00+07:00,5611.523409101609,5684.400348027414,5465.76953125,5465.76953125,1281799,0.0,0.0
2009-07-29 00:00:00+07:00,5538.646734528603,5538.646734528603,5429.33154296875,5429.33154296875,611119,0.0,0.0
2009-07-30 00:00:00+07:00,5392.89284972034,5538.646734528603,5356.454600564619,5429.33154296875,1619995,0.0,0.0
2009-07-31 00:00:00+07:00,5502.208506534334,5575.08544921875,5465.769813145782,5575.08544921875,1397605,0.0,0.0
2009-08-03 00:00:00+07:00,5538.646755830197,5611.523698514613,5538.646755830197,5575.08544921875,780969,0.0,0.0
2009-08-04 00:00:00+07:00,5757.27757109756,5793.7158203125,5684.400628574991,5793.7158203125,2586453,0.0,0.0
2009-08-05 00:00:00+07:00,5866.593057041621,6048.78564453125,5793.716110864312,6048.78564453125,7015213,0.0,0.0
2009-08-06 00:00:00+07:00,6048.785143262931,6158.10033142349,5903.031262987069,5975.908203125,2703133,0.0,0.0
2009-08-07 00:00:00+07:00,5903.031466810983,5939.469716091776,5866.5927734375,5866.5927734375,2041576,0.0,0.0
2009-08-10 00:00:00+07:00,6012.346476657942,6121.662109375,5866.592595763647,6121.662109375,5132355,0.0,0.0
2009-08-11 00:00:00+07:00,6085.223642787569,6158.1005859375,6085.223642787569,6158.1005859375,3450184,0.0,0.0
2009-08-12 00:00:00+07:00,6158.100841750858,6158.100841750858,5975.908698353941,6048.78564453125,1966063,0.0,0.0
2009-08-13 00:00:00+07:00,6121.662590708559,6158.100841750858,6048.78564453125,6048.78564453125,2623141,0.0,0.0
2009-08-14 00:00:00+07:00,6121.662346208947,6303.8544823290995,6085.223652529301,6230.9775390625,4123849,0.0,0.0
2009-08-17 00:00:00+07:00,6267.416232742146,6376.731425595698,6194.539289475547,6230.9775390625,3274852,0.0,0.0
2009-08-18 00:00:00+07:00,6230.97732320767,6267.416015625,6194.53907488302,6267.416015625,2865873,0.0,0.0
2009-08-19 00:00:00+07:00,6376.730778129952,6558.92333984375,6340.292532242782,6558.92333984375,5261656,0.0,0.0
2009-08-20 00:00:00+07:00,6704.677211577729,6704.677211577729,6486.046403976761,6558.92333984375,2949736,0.0,0.0
2009-08-21 00:00:00+07:00,6886.869854181942,6886.869854181942,6631.80078125,6631.80078125,7753161,0.0,0.0
2009-08-24 00:00:00+07:00,6558.924045462448,6631.800989169646,6413.170158048051,6522.4853515625,4467433,0.0,0.0
2009-08-25 00:00:00+07:00,6486.046351012521,6486.046351012521,6340.29248046875,6340.29248046875,3703659,0.0,0.0
2009-08-26 00:00:00+07:00,6413.1696480333685,6413.1696480333685,6340.292710121792,6376.73095703125,2326492,0.0,0.0
2009-08-27 00:00:00+07:00,6376.73095703125,6413.1696480333685,6267.415772210216,6376.73095703125,3614926,0.0,0.0
2009-08-28 00:00:00+07:00,6656.076171875,6656.076171875,6656.076171875,6656.076171875,657422,0.0,0.0
2009-08-31 00:00:00+07:00,6947.58349609375,6947.58349609375,6898.999309780951,6947.58349609375,5245982,0.0,0.0
2009-09-01 00:00:00+07:00,6898.998522631106,7141.92075875671,6898.998522631106,7044.751953125,4072882,0.0,0.0
2009-09-03 00:00:00+07:00,6996.16734096437,6996.16734096437,6898.99853515625,6898.99853515625,3030559,0.0,0.0
2009-09-04 00:00:00+07:00,6947.582887079173,6947.582887079173,6607.491392237946,6704.66064453125,2298608,0.0,0.0
2009-09-07 00:00:00+07:00,6704.660980046969,6704.660980046969,6413.154096764759,6461.73828125,1873856,0.0,0.0
2009-09-08 00:00:00+07:00,6607.491242060294,6753.2451171875,6558.907061110552,6753.2451171875,1953788,0.0,0.0
2009-09-09 00:00:00+07:00,6947.582870468316,6947.582870468316,6801.8294364695075,6850.4140625,4489321,0.0,0.0
2009-09-10 00:00:00+07:00,6753.245104397741,6898.99853515625,6753.245104397741,6898.99853515625,2222132,0.0,0.0
2009-09-11 00:00:00+07:00,6898.999339352516,6898.999339352516,6801.830078125,6801.830078125,2232148,0.0,0.0
2009-09-14 00:00:00+07:00,6704.66064453125,6801.829452731885,6704.66064453125,6704.66064453125,1577323,0.0,0.0
2009-09-15 00:00:00+07:00,6704.660799142023,6753.245426409047,6607.491544607978,6656.076171875,1867207,0.0,0.0
2009-09-16 00:00:00+07:00,6656.075835751057,6656.075835751057,6558.907030216599,6607.4912109375,2002832,0.0,0.0
2009-09-17 00:00:00+07:00,6704.6604605646135,6704.6604605646135,6558.907030216599,6607.4912109375,1791104,0.0,0.0
2009-09-18 00:00:00+07:00,6607.4912109375,6656.075835751057,6558.907030216599,6607.4912109375,869893,0.0,0.0
2009-09-21 00:00:00+07:00,6510.322600294525,6607.491408737806,6510.322600294525,6558.9072265625,1011802,0.0,0.0
2009-09-22 00:00:00+07:00,6461.738126491916,6558.907381320584,6461.738126491916,6510.32275390625,1218370,0.0,0.0
2009-09-23 00:00:00+07:00,6510.322600294525,6801.829469717035,6510.322600294525,6558.9072265625,2400728,0.0,0.0
2009-09-24 00:00:00+07:00,6510.322617290704,6558.907243685517,6364.569182198938,6413.15380859375,1870384,0.0,0.0
2009-09-25 00:00:00+07:00,6413.153943170261,6510.32275390625,6413.153943170261,6510.32275390625,1206019,0.0,0.0
2009-09-28 00:00:00+07:00,6510.322909827932,6558.907538405863,6461.73828125,6461.73828125,1740656,0.0,0.0
2009-09-29 00:00:00+07:00,6461.738642717514,6510.323274013254,6364.56982421875,6364.56982421875,845932,0.0,0.0
2009-09-30 00:00:00+07:00,6364.569182198938,6461.737990895892,6315.984555804125,6413.15380859375,732490,0.0,0.0
2009-10-01 00:00:00+07:00,6413.15445551449,6510.323274013254,6364.56982421875,6364.56982421875,1184305,0.0,0.0
2009-10-02 00:00:00+07:00,6170.231137569901,6315.984573059877,6121.646511042351,6267.400390625,1515454,0.0,0.0
2009-10-05 00:00:00+07:00,6267.400207243213,6267.400207243213,6170.23095703125,6170.23095703125,464608,0.0,0.0
2009-10-06 00:00:00+07:00,5878.72409458068,6267.400207243213,5878.72409458068,6170.23095703125,766561,0.0,0.0
2009-10-07 00:00:00+07:00,6218.816026545722,6461.73828125,6218.816026545722,6461.73828125,1423447,0.0,0.0
2009-10-08 00:00:00+07:00,6510.32243606815,6753.2451171875,6461.737811025748,6753.2451171875,4729216,0.0,0.0
2009-10-09 00:00:00+07:00,7044.752756904764,7044.752756904764,6898.999309780951,6947.58349609375,5604086,0.0,0.0
2009-10-12 00:00:00+07:00,6898.998688530492,6947.582870468316,6704.660628501191,6850.4140625,2792812,0.0,0.0
2009-10-13 00:00:00+07:00,6704.6604605646135,6704.6604605646135,6607.4912109375,6607.4912109375,2234492,0.0,0.0
2009-10-14 00:00:00+07:00,6801.829285255472,6898.99853515625,6704.660479447352,6898.99853515625,3433886,0.0,0.0
2009-10-15 00:00:00+07:00,7239.090351462048,7239.090351462048,6947.583032570275,7093.3369140625,4585819,0.0,0.0
2009-10-16 00:00:00+07:00,6996.1681564873215,7044.75278710108,6801.830078125,6801.830078125,3145219,0.0,0.0
2009-10-19 00:00:00+07:00,6801.829420884729,6996.16748046875,6704.660613139052,6996.16748046875,3375571,0.0,0.0
2009-10-20 00:00:00+07:00,6947.582870468316,6996.167496498808,6801.8294364695075,6850.4140625,2452672,0.0,0.0
2009-10-21 00:00:00+07:00,6704.661260990194,6898.999339352516,6704.661260990194,6801.830078125,2456512,0.0,0.0
2009-10-22 00:00:00+07:00,6801.829285255472,7044.751965914758,6704.660479447352,6898.99853515625,4317937,0.0,0.0
2009-10-23 00:00:00+07:00,6947.58272917179,6947.58272917179,6753.2451171875,6753.2451171875,3598994,0.0,0.0
2009-10-26 00:00:00+07:00,6753.245085378171,6898.998515726185,6607.4912109375,6607.4912109375,1897256,0.0,0.0
2009-10-27 00:00:00+07:00,6607.491408737806,6656.07603500578,6510.322600294525,6558.9072265625,1707800,0.0,0.0
2009-10-28 00:00:00+07:00,6656.076192056572,6656.076192056572,6510.32275390625,6510.32275390625,812422,0.0,0.0
2009-10-29 00:00:00+07:00,6315.984729335411,6413.153984794755,6218.81591796875,6218.81591796875,2907196,0.0,0.0
2009-10-30 00:00:00+07:00,6461.737990895892,6461.737990895892,6218.815747107171,6413.15380859375,488384,0.0,0.0
2009-11-02 00:00:00+07:00,6121.64697265625,6170.2316028474115,6121.64697265625,6121.64697265625,3008560,0.0,0.0
2009-11-03 00:00:00+07:00,6024.478215291493,6121.6470325315095,5830.14013671875,5830.14013671875,2382385,0.0,0.0
2009-11-04 00:00:00+07:00,5878.724453955223,6121.646706149985,5878.724453955223,5927.30908203125,939542,0.0,0.0
2009-11-05 00:00:00+07:00,6121.646662509406,6218.81591796875,6024.477851142745,6218.81591796875,1121312,0.0,0.0
2009-11-06 00:00:00+07:00,6364.569679519353,6364.569679519353,6121.64697265625,6121.64697265625,1074512,0.0,0.0
2009-11-09 00:00:00+07:00,5975.892927651285,6121.646359533919,5830.139495768652,5878.72412109375,1298119,0.0,0.0
2009-11-10 00:00:00+07:00,5927.309398051477,6024.478215291493,5732.971319478734,5830.14013671875,1337704,0.0,0.0
2009-11-11 00:00:00+07:00,6024.478156366633,6121.64697265625,5878.724709885853,6121.64697265625,2689669,0.0,0.0
2009-11-12 00:00:00+07:00,6413.15380859375,6413.15380859375,6267.400373501983,6413.15380859375,3779084,0.0,0.0
2009-11-13 00:00:00+07:00,6267.400341489386,6704.66064453125,6267.400341489386,6704.66064453125,5567020,0.0,0.0
2009-11-16 00:00:00+07:00,6656.076351469037,6704.660980046969,6461.73828125,6461.73828125,1134040,0.0,0.0
2009-11-17 00:00:00+07:00,6558.907538405863,6558.907538405863,6413.154096764759,6461.73828125,1347814,0.0,0.0
2009-11-18 00:00:00+07:00,6461.737990895892,6461.737990895892,6267.400373501983,6413.15380859375,1024810,0.0,0.0
2009-11-19 00:00:00+07:00,6461.737990895892,6510.322617290704,6364.569182198938,6413.15380859375,1205551,0.0,0.0
2009-11-20 00:00:00+07:00,6413.15445551449,6461.738642717514,6315.98519292301,6364.56982421875,967154,0.0,0.0
2009-11-23 00:00:00+07:00,6267.400545698422,6315.984729335411,6170.231290239078,6218.81591796875,1477268,0.0,0.0
2009-11-24 00:00:00+07:00,6170.23095703125,6218.815582137232,6121.646331925269,6170.23095703125,716299,0.0,0.0
2009-11-25 00:00:00+07:00,6170.230984859018,6170.230984859018,5878.72412109375,5878.72412109375,2706794,0.0,0.0
2009-11-26 00:00:00+07:00,5635.80097410352,5732.970216745809,5587.216796875,5587.216796875,1868792,0.0,0.0
2009-11-27 00:00:00+07:00,5344.2951623332465,5830.14013671875,5344.2951623332465,5830.14013671875,1377956,0.0,0.0
2009-11-30 00:00:00+07:00,5927.308399734222,6024.477200608414,5830.139154767395,5975.892578125,1138160,0.0,0.0
2009-12-01 00:00:00+07:00,6024.477525805965,6218.815582137232,6024.477525805965,6170.23095703125,995138,0.0,0.0
2009-12-02 00:00:00+07:00,5927.308746418848,6121.646359533919,5878.72412109375,5878.72412109375,1436830,0.0,0.0
2009-12-03 00:00:00+07:00,5781.5546875,6024.47736234612,5732.970507804894,5781.5546875,458989,0.0,0.0
2009-12-04 00:00:00+07:00,5830.139825879197,5927.30908203125,5781.55519780317,5927.30908203125,577960,0.0,0.0
2009-12-07 00:00:00+07:00,6024.477200608414,6024.477200608414,5927.308399734222,5975.892578125,584608,0.0,0.0
2009-12-08 00:00:00+07:00,5878.724636056551,5878.724636056551,5684.386561825249,5732.97119140625,1288291,0.0,0.0
2009-12-09 00:00:00+07:00,5538.633117174949,5732.97119140625,5538.633117174949,5732.97119140625,980914,0.0,0.0
2009-12-10 00:00:00+07:00,5878.724636056551,5878.724636056551,5587.217746755949,5732.97119140625,460957,0.0,0.0
2009-12-11 00:00:00+07:00,5635.802281815945,5635.802281815945,5490.048828125,5490.048828125,1055324,0.0,0.0
2009-12-14 00:00:00+07:00,5490.048793326654,5732.971510666964,5490.048793326654,5635.80224609375,208801,0.0,0.0
2009-12-15 00:00:00+07:00,5538.6328125,5635.801622224137,5538.6328125,5538.6328125,225745,0.0,0.0
2009-12-16 00:00:00+07:00,5587.217784585786,5587.217784585786,5295.71044921875,5295.71044921875,2134244,0.0,0.0
2009-12-17 00:00:00+07:00,5344.294767454701,5441.463577515122,5149.956703241183,5392.87939453125,995422,0.0,0.0
2009-12-18 00:00:00+07:00,5490.048793326654,5635.80224609375,5490.048793326654,5635.80224609375,1488032,0.0,0.0
2009-12-21 00:00:00+07:00,5538.63324090599,5830.14013671875,5538.63324090599,5830.14013671875,231452,0.0,0.0
2009-12-22 00:00:00+07:00,5927.308920120507,5927.308920120507,5684.38623046875,5684.38623046875,659206,0.0,0.0
2009-12-23 00:00:00+07:00,5635.80224609375,5684.386878380357,5635.80224609375,5635.80224609375,337501,0.0,0.0
2009-12-24 00:00:00+07:00,5538.633117174949,5732.97119140625,5490.048487593948,5732.97119140625,589096,0.0,0.0
2009-12-25 00:00:00+07:00,5830.14013671875,5927.309398051477,5732.971319478734,5830.14013671875,1320019,0.0,0.0
2009-12-28 00:00:00+07:00,5635.802058146007,5830.14013671875,5635.802058146007,5830.14013671875,495124,0.0,0.0
2009-12-29 00:00:00+07:00,5830.14013671875,5830.14013671875,5732.971319478734,5830.14013671875,353410,0.0,0.0
2009-12-30 00:00:00+07:00,5781.555506052387,5878.724767385113,5781.555506052387,5830.14013671875,1062529,0.0,0.0
2009-12-31 00:00:00+07:00,5878.723935075506,5878.723935075506,5781.5546875,5781.5546875,893854,0.0,0.0
2010-01-04 00:00:00+07:00,5830.139825879197,5975.893266014591,5732.97101381983,5927.30908203125,1071889,0.0,0.0
2010-01-05 00:00:00+07:00,6218.81591796875,6218.81591796875,6121.646662509406,6218.81591796875,4667996,0.0,0.0
2010-01-06 00:00:00+07:00,6073.062328607474,6413.153826114976,6073.062328607474,6267.400390625,1048586,0.0,0.0
2010-01-07 00:00:00+07:00,6121.64697265625,6267.400863229735,6121.64697265625,6121.64697265625,788180,0.0,0.0
2010-01-08 00:00:00+07:00,6170.231663197873,6170.231663197873,5830.14013671875,5830.14013671875,2026981,0.0,0.0
2010-01-11 00:00:00+07:00,5975.89358462513,5975.89358462513,5781.555506052387,5830.14013671875,1327507,0.0,0.0
2010-01-12 00:00:00+07:00,5781.554393974329,5878.723636616618,5587.216796875,5587.216796875,1752352,0.0,0.0
2010-01-13 00:00:00+07:00,5684.385595424665,5732.970216745809,5441.462932911567,5587.216796875,1351652,0.0,0.0
2010-01-14 00:00:00+07:00,5781.555039873848,5781.555039873848,5684.38623046875,5684.38623046875,775921,0.0,0.0
2010-01-15 00:00:00+07:00,5732.971510666964,5732.971510666964,5587.218057899868,5635.80224609375,425762,0.0,0.0
2010-01-18 00:00:00+07:00,5635.801941746464,5635.801941746464,5441.4638671875,5441.4638671875,502144,0.0,0.0
2010-01-19 00:00:00+07:00,5587.217421063652,5684.38623046875,5441.463540816993,5684.38623046875,1235035,0.0,0.0
2010-01-20 00:00:00+07:00,5684.386249132543,5684.386249132543,5538.6328125,5538.6328125,291823,0.0,0.0
2010-01-21 00:00:00+07:00,5490.04836322343,5635.801804571861,5344.294921875,5344.294921875,925396,0.0,0.0
2010-01-22 00:00:00+07:00,5441.463894855917,5490.048524765873,5198.541633491541,5295.71044921875,933542,0.0,0.0
2010-01-25 00:00:00+07:00,5490.048828125,5490.048828125,5295.710741839497,5490.048828125,580675,0.0,0.0
2010-01-26 00:00:00+07:00,5538.632794314766,5684.38623046875,5538.632794314766,5684.38623046875,546043,0.0,0.0
2010-01-27 00:00:00+07:00,5587.218093314115,5587.218093314115,5490.048828125,5490.048828125,476968,0.0,0.0
2010-01-28 00:00:00+07:00,5441.463577515122,5490.048204591671,5392.87939453125,5392.87939453125,279565,0.0,0.0
2010-01-29 00:00:00+07:00,5295.710293394626,5490.04836322343,5295.710293394626,5344.294921875,484264,0.0,0.0
2010-02-01 00:00:00+07:00,5392.879709038663,5392.879709038663,5295.71044921875,5295.71044921875,526201,0.0,0.0
2010-02-02 00:00:00+07:00,5392.879550355373,5392.879550355373,5344.294921875,5344.294921875,382333,0.0,0.0
2010-02-03 00:00:00+07:00,5441.463558683187,5538.6328125,5392.879375867457,5538.6328125,319621,0.0,0.0
2010-02-04 00:00:00+07:00,5490.048185591594,5587.217439408406,5490.048185591594,5538.6328125,407887,0.0,0.0
2010-02-05 00:00:00+07:00,5392.87939453125,5441.463577515122,5344.294767454701,5392.87939453125,734738,0.0,0.0
2010-02-08 00:00:00+07:00,5344.295051954368,5490.048496850416,5344.295051954368,5441.4638671875,255788,0.0,0.0
2010-02-09 00:00:00+07:00,5441.463734743057,5441.463734743057,5344.294921875,5344.294921875,471536,0.0,0.0
2010-02-10 00:00:00+07:00,5441.4638671875,5490.048496850416,5392.879681617284,5441.4638671875,104534,0.0,0.0
2010-02-11 00:00:00+07:00,5344.295374434055,5490.048828125,5344.295374434055,5490.048828125,170425,0.0,0.0
2010-02-12 00:00:00+07:00,5587.217439408406,5587.217439408406,5538.6328125,5538.6328125,167056,0.0,0.0
2010-02-22 00:00:00+07:00,5538.6328125,5587.217439408406,5538.6328125,5538.6328125,205340,0.0,0.0
2010-02-23 00:00:00+07:00,5490.04836322343,5490.04836322343,5344.294921875,5344.294921875,344986,0.0,0.0
2010-02-24 00:00:00+07:00,5247.1256397604875,5344.294443938812,5198.541015625,5198.541015625,734174,0.0,0.0
2010-02-25 00:00:00+07:00,5198.540865548352,5295.709666921511,5198.540865548352,5247.12548828125,435778,0.0,0.0
2010-02-26 00:00:00+07:00,5247.125794097831,5295.709975569708,5149.95654296875,5149.95654296875,713582,0.0,0.0
2010-03-01 00:00:00+07:00,5149.956852046196,5344.294921875,5149.956852046196,5344.294921875,467980,0.0,0.0
2010-03-02 00:00:00+07:00,5392.8789123873075,5392.8789123873075,5247.12548828125,5247.12548828125,310171,0.0,0.0
2010-03-03 00:00:00+07:00,5247.126263401497,5295.71044921875,5247.126263401497,5295.71044921875,384205,0.0,0.0
2010-03-04 00:00:00+07:00,5295.71044921875,5490.048524765873,5295.71044921875,5295.71044921875,1143770,0.0,0.0
2010-03-05 00:00:00+07:00,5344.294921875,5344.294921875,5295.710293394626,5344.294921875,688778,0.0,0.0
2010-03-08 00:00:00+07:00,5392.87939453125,5441.463577515122,5344.294767454701,5392.87939453125,637016,0.0,0.0
2010-03-09 00:00:00+07:00,5441.463558683187,5538.6328125,5392.879375867457,5538.6328125,1719784,0.0,0.0
2010-03-10 00:00:00+07:00,5490.048828125,5538.633460719558,5441.464195530442,5490.048828125,523484,0.0,0.0
2010-03-11 00:00:00+07:00,5490.048496850416,5490.048496850416,5441.4638671875,5441.4638671875,502897,0.0,0.0
2010-03-12 00:00:00+07:00,5490.048185591594,5538.6328125,5441.463558683187,5538.6328125,1156321,0.0,0.0
2010-03-15 00:00:00+07:00,5635.801622224137,5635.801622224137,5538.6328125,5538.6328125,841348,0.0,0.0
2010-03-16 00:00:00+07:00,5538.633126513332,5538.633126513332,5344.295051954368,5441.4638671875,600889,0.0,0.0
2010-03-17 00:00:00+07:00,5441.463894855917,5441.463894855917,5295.71044921875,5295.71044921875,803062,0.0,0.0
2010-03-18 00:00:00+07:00,5295.710293394626,5392.879550355373,5295.710293394626,5344.294921875,558770,0.0,0.0
2010-03-19 00:00:00+07:00,5392.8789123873075,5392.8789123873075,5247.12548828125,5247.12548828125,1508342,0.0,0.0
2010-03-22 00:00:00+07:00,5490.048828125,5490.048828125,5490.048828125,5490.048828125,971834,0.0,0.0
2010-03-23 00:00:00+07:00,5635.80193224425,5732.97119140625,5538.633117174949,5732.97119140625,5834347,0.0,0.0
2010-03-24 00:00:00+07:00,5781.555698860846,5781.555698860846,5538.633425613261,5635.80224609375,1725394,0.0,0.0
2010-03-25 00:00:00+07:00,5587.216796875,5635.80097410352,5441.462932911567,5587.216796875,1101746,0.0,0.0
2010-03-26 00:00:00+07:00,5490.047554232711,5587.216796875,5392.878755683047,5587.216796875,1622437,0.0,0.0
2010-03-29 00:00:00+07:00,5538.633425613261,5684.386878380357,5490.048793326654,5635.80224609375,2381449,0.0,0.0
2010-03-30 00:00:00+07:00,5538.632175553856,5684.385595424665,5538.632175553856,5587.216796875,1530898,0.0,0.0
2010-03-31 00:00:00+07:00,5587.218057899868,5684.386878380357,5538.633425613261,5635.80224609375,1163240,0.0,0.0
2010-04-01 00:00:00+07:00,5635.801603719864,5732.970857217636,5587.217421063652,5684.38623046875,893108,0.0,0.0
2010-04-02 00:00:00+07:00,5732.970857217636,5732.970857217636,5635.801603719864,5684.38623046875,859318,0.0,0.0
2010-04-05 00:00:00+07:00,5732.97101381983,5927.30908203125,5684.386385743803,5927.30908203125,3087470,0.0,0.0
2010-04-06 00:00:00+07:00,6121.6463453956185,6218.8155958213965,6024.4775390625,6024.4775390625,4335535,0.0,0.0
2010-04-07 00:00:00+07:00,6024.4783564762965,6121.647175993483,5927.30953695911,6073.06298828125,1751420,0.0,0.0
2010-04-08 00:00:00+07:00,6073.062178301482,6121.646359533919,5878.72412109375,5878.72412109375,1201054,0.0,0.0
2010-04-09 00:00:00+07:00,5927.30908203125,5927.30908203125,5878.724453955223,5927.30908203125,1023878,0.0,0.0
2010-04-12 00:00:00+07:00,5927.30908203125,6024.477894090617,5878.724453955223,5927.30908203125,2403064,0.0,0.0
2010-04-13 00:00:00+07:00,5927.30908203125,5975.893266014591,5927.30908203125,5927.30908203125,613336,0.0,0.0
2010-04-14 00:00:00+07:00,5927.308746418848,5927.308746418848,5878.72412109375,5878.72412109375,680170,0.0,0.0
2010-04-15 00:00:00+07:00,5878.723777250808,5975.892578125,5878.723777250808,5975.892578125,687470,0.0,0.0
2010-04-16 00:00:00+07:00,5975.892927651285,5975.892927651285,5878.72412109375,5878.72412109375,659950,0.0,0.0
2010-04-19 00:00:00+07:00,5830.139311287753,5878.723935075506,5781.5546875,5781.5546875,1047646,0.0,0.0
2010-04-20 00:00:00+07:00,5781.555376894551,5830.140006475551,5732.97119140625,5732.97119140625,645631,0.0,0.0
2010-04-21 00:00:00+07:00,5830.139154767395,5975.892578125,5830.139154767395,5975.892578125,2472238,0.0,0.0
2010-04-22 00:00:00+07:00,6218.815246449432,6218.815246449432,5975.892578125,5975.892578125,1830511,0.0,0.0
2010-04-26 00:00:00+07:00,5927.308399734222,5975.892578125,5830.139154767395,5975.892578125,1230634,0.0,0.0
2010-04-27 00:00:00+07:00,5975.893266014591,5975.893266014591,5878.724453955223,5927.30908203125,586945,0.0,0.0
2010-04-28 00:00:00+07:00,5878.72412109375,5927.308746418848,5830.139495768652,5878.72412109375,601358,0.0,0.0
2010-04-29 00:00:00+07:00,5878.72412109375,5927.308746418848,5830.139495768652,5878.72412109375,451780,0.0,0.0
2010-05-04 00:00:00+07:00,5878.724453955223,5927.30908203125,5878.724453955223,5927.30908203125,399274,0.0,0.0
2010-05-05 00:00:00+07:00,5878.724767385113,5878.724767385113,5830.14013671875,5830.14013671875,1511803,0.0,0.0
2010-05-06 00:00:00+07:00,5830.139154767395,6073.061823091827,5830.139154767395,5975.892578125,2075936,0.0,0.0
2010-05-07 00:00:00+07:00,5878.724767385113,5975.89358462513,5830.14013671875,5830.14013671875,1438046,0.0,0.0
2010-05-10 00:00:00+07:00,5781.5546875,5830.139311287753,5732.970507804894,5781.5546875,723319,0.0,0.0
2010-05-11 00:00:00+07:00,5781.555506052387,5830.14013671875,5732.971319478734,5830.14013671875,971926,0.0,0.0
2010-05-12 00:00:00+07:00,5732.97119140625,5732.97119140625,5684.386561825249,5732.97119140625,1090424,0.0,0.0
2010-05-13 00:00:00+07:00,5684.386561825249,5830.140006475551,5684.386561825249,5732.97119140625,1036418,0.0,0.0
2010-05-14 00:00:00+07:00,5830.139666622734,5830.139666622734,5684.38623046875,5684.38623046875,474157,0.0,0.0
2010-05-17 00:00:00+07:00,5684.385595424665,5684.385595424665,5587.216796875,5587.216796875,494096,0.0,0.0
2010-05-18 00:00:00+07:00,5538.632175553856,5587.216796875,5538.632175553856,5587.216796875,462457,0.0,0.0
2010-05-19 00:00:00+07:00,5490.048204591671,5538.632831668219,5392.87939453125,5392.87939453125,788836,0.0,0.0
2010-05-20 00:00:00+07:00,5344.295340559559,5635.80224609375,5344.295340559559,5635.80224609375,481648,0.0,0.0
2010-05-21 00:00:00+07:00,5392.87939453125,5538.632831668219,5392.87939453125,5392.87939453125,2324161,0.0,0.0
2010-05-24 00:00:00+07:00,5490.048828125,5490.048828125,5344.295374434055,5490.048828125,235009,0.0,0.0
2010-05-25 00:00:00+07:00,5490.048828125,5587.218093314115,5490.048828125,5490.048828125,729871,0.0,0.0
2010-05-26 00:00:00+07:00,5538.6328125,5587.217439408406,5490.048185591594,5538.6328125,1406596,0.0,0.0
2010-05-27 00:00:00+07:00,5392.879972846165,5635.80224609375,5392.879972846165,5635.80224609375,1163617,0.0,0.0
2010-05-28 00:00:00+07:00,5732.97119140625,5781.555376894551,5684.386561825249,5732.97119140625,1092106,0.0,0.0
2010-05-31 00:00:00+07:00,5781.555698860846,5781.555698860846,5635.80224609375,5635.80224609375,92647,0.0,0.0
2010-06-01 00:00:00+07:00,5538.632794314766,5684.38623046875,5538.632794314766,5684.38623046875,197944,0.0,0.0
2010-06-02 00:00:00+07:00,5635.80097410352,5635.80097410352,5587.216796875,5587.216796875,316627,0.0,0.0
2010-06-03 00:00:00+07:00,5587.216796875,5635.80097410352,5587.216796875,5587.216796875,1335463,0.0,0.0
2010-06-04 00:00:00+07:00,5732.97119140625,5830.140006475551,5732.97119140625,5732.97119140625,3268390,0.0,0.0
2010-06-07 00:00:00+07:00,5732.970857217636,5732.970857217636,5635.801603719864,5684.38623046875,283582,0.0,0.0
2010-06-08 00:00:00+07:00,5587.217421063652,5732.970857217636,5587.217421063652,5684.38623046875,332821,0.0,0.0
2010-06-09 00:00:00+07:00,5732.97119140625,5781.555376894551,5684.386561825249,5732.97119140625,590314,0.0,0.0
2010-06-10 00:00:00+07:00,5732.97119140625,5732.97119140625,5684.386561825249,5732.97119140625,2353741,0.0,0.0
2010-06-11 00:00:00+07:00,5781.555376894551,5781.555376894551,5732.97119140625,5732.97119140625,1698440,0.0,0.0
2010-06-14 00:00:00+07:00,5732.971510666964,5732.971510666964,5635.80224609375,5635.80224609375,540241,0.0,0.0
2010-06-15 00:00:00+07:00,5684.386561825249,5732.97119140625,5635.80193224425,5732.97119140625,677926,0.0,0.0
2010-06-16 00:00:00+07:00,5732.97119140625,5781.555376894551,5684.386561825249,5732.97119140625,2074060,0.0,0.0
2010-06-17 00:00:00+07:00,5684.386561825249,5732.97119140625,5684.386561825249,5732.97119140625,1295314,0.0,0.0
2010-06-18 00:00:00+07:00,5732.97119140625,5781.555376894551,5732.97119140625,5732.97119140625,1260211,0.0,0.0
2010-06-21 00:00:00+07:00,5684.386561825249,5732.97119140625,5684.386561825249,5732.97119140625,1346224,0.0,0.0
2010-06-22 00:00:00+07:00,5732.97119140625,5732.97119140625,5684.386561825249,5732.97119140625,1902310,0.0,0.0
2010-06-23 00:00:00+07:00,5611.51014393941,5903.01750468265,5611.51014393941,5815.5654296875,650065,0.0,0.0
2010-06-24 00:00:00+07:00,5830.139653114504,5830.139653114504,5611.50927734375,5611.50927734375,559960,0.0,0.0
2010-06-25 00:00:00+07:00,5582.358621443425,5684.386249132543,5538.6328125,5538.6328125,461745,0.0,0.0
2010-06-28 00:00:00+07:00,5538.632806822702,5757.26318359375,5509.482119526074,5757.26318359375,544107,0.0,0.0
2010-06-29 00:00:00+07:00,5830.14013671875,5830.14013671875,5684.38668881237,5830.14013671875,1083433,0.0,0.0
2010-06-30 00:00:00+07:00,5626.084574671197,5655.235260444295,5567.783203125,5567.783203125,634714,0.0,0.0
2010-07-01 00:00:00+07:00,5553.207345349882,5611.50871382162,5538.632225278262,5596.93359375,1105336,0.0,0.0
2010-07-02 00:00:00+07:00,5669.810677611191,5757.26318359375,5553.207928424678,5757.26318359375,1263772,0.0,0.0
2010-07-05 00:00:00+07:00,5684.386024826366,5800.98876953125,5669.810459691927,5800.98876953125,66907,0.0,0.0
2010-07-06 00:00:00+07:00,5728.112378697256,5742.6875,5669.810561208278,5742.6875,256137,0.0,0.0
2010-07-07 00:00:00+07:00,5684.386324568969,5684.386324568969,5553.2080078125,5553.2080078125,401152,0.0,0.0
2010-07-08 00:00:00+07:00,5669.810988758614,5669.810988758614,5509.482421875,5509.482421875,506737,0.0,0.0
2010-07-09 00:00:00+07:00,5655.235830544493,5655.235830544493,5567.78376440922,5582.35888671875,298003,0.0,0.0
2010-07-12 00:00:00+07:00,5567.782909514131,5596.93359375,5538.632225278262,5596.93359375,482896,0.0,0.0
2010-07-13 00:00:00+07:00,5611.509173626075,5669.810546875,5596.934052360175,5669.810546875,585921,0.0,0.0
2010-07-14 00:00:00+07:00,5655.23553013497,5684.386217298225,5611.50927734375,5611.50927734375,169588,0.0,0.0
2010-07-15 00:00:00+07:00,5611.50927734375,5655.23553013497,5611.50927734375,5611.50927734375,357907,0.0,0.0
2010-07-16 00:00:00+07:00,5655.23583984375,5655.23583984375,5611.509584657863,5655.23583984375,495129,0.0,0.0
2010-07-19 00:00:00+07:00,5655.23583984375,5655.23583984375,5640.660273417555,5655.23583984375,223501,0.0,0.0
2010-07-20 00:00:00+07:00,5596.933888898098,5611.509009738322,5567.783203125,5567.783203125,218197,0.0,0.0
2010-07-21 00:00:00+07:00,5553.2079341169165,5596.934187153017,5538.6328125,5538.6328125,116107,0.0,0.0
2010-07-22 00:00:00+07:00,5538.632918740083,5538.632918740083,5480.33154296875,5480.33154296875,164908,0.0,0.0
2010-07-23 00:00:00+07:00,5480.331425050558,5538.632799567444,5451.180737792116,5465.755859375,191241,0.0,0.0
2010-07-26 00:00:00+07:00,5465.75615759897,5465.75615759897,5436.60546875,5436.60546875,107937,0.0,0.0
2010-07-27 00:00:00+07:00,5436.605190841629,5465.755878200474,5320.00244140625,5320.00244140625,147121,0.0,0.0
2010-07-28 00:00:00+07:00,5392.8789123873075,5392.8789123873075,5247.12548828125,5247.12548828125,67123,0.0,0.0
2010-07-29 00:00:00+07:00,5247.1257841210145,5261.700905307066,5217.97509765625,5217.97509765625,126778,0.0,0.0
2010-07-30 00:00:00+07:00,5174.24865401186,5247.125589517267,5174.24865401186,5188.82421875,161725,0.0,0.0
2010-08-02 00:00:00+07:00,5188.82421875,5203.399339395493,5188.82421875,5188.82421875,68683,0.0,0.0
2010-08-03 00:00:00+07:00,5247.126459304568,5247.126459304568,5174.24951171875,5174.24951171875,101131,0.0,0.0
2010-08-04 00:00:00+07:00,5174.248739556039,5174.248739556039,5013.919745249064,5057.64599609375,70432,0.0,0.0
2010-08-05 00:00:00+07:00,4984.768968276318,5101.371709607447,4970.19384765625,4970.19384765625,168901,0.0,0.0
2010-08-06 00:00:00+07:00,4970.193728425558,4970.193728425558,4911.892359158594,4955.6181640625,51465,0.0,0.0
2010-08-09 00:00:00+07:00,4955.618273503258,4955.618273503258,4751.5634765625,4751.5634765625,80728,0.0,0.0
2010-08-10 00:00:00+07:00,4664.112033778953,4664.112033778953,4518.358588234949,4547.50927734375,301810,0.0,0.0
2010-08-11 00:00:00+07:00,4547.508687932697,4736.988364627441,4547.508687932697,4605.81005859375,158980,0.0,0.0
2010-08-12 00:00:00+07:00,4518.358496143582,4532.9336183545665,4387.18017578125,4387.18017578125,587169,0.0,0.0
2010-08-13 00:00:00+07:00,4387.180069692984,4445.4814453125,4372.604947834446,4445.4814453125,353290,0.0,0.0
2010-08-16 00:00:00+07:00,4649.53669457748,4664.11181640625,4605.810440905806,4664.11181640625,265432,0.0,0.0
2010-08-17 00:00:00+07:00,4795.290599410839,4809.86572265625,4591.235765326006,4809.86572265625,227620,0.0,0.0
2010-08-18 00:00:00+07:00,4809.865289189749,4809.865289189749,4591.2353515625,4591.2353515625,94827,0.0,0.0
2010-08-19 00:00:00+07:00,4591.234764356128,4664.111252880279,4591.234764356128,4649.5361328125,148681,0.0,0.0
2010-08-20 00:00:00+07:00,4591.235765326006,4809.86572265625,4547.509507404322,4809.86572265625,250333,0.0,0.0
2010-08-23 00:00:00+07:00,4664.112115400184,4693.262805019117,4634.96142578125,4634.96142578125,69249,0.0,0.0
2010-08-24 00:00:00+07:00,4547.508999306034,4547.508999306034,4416.330684290408,4430.90625,627475,0.0,0.0
2010-08-25 00:00:00+07:00,4299.727953711647,4328.878641165121,4241.426578804701,4285.15283203125,494752,0.0,0.0
2010-08-26 00:00:00+07:00,4372.60477295565,4489.20751953125,4372.60477295565,4489.20751953125,930115,0.0,0.0
2010-08-27 00:00:00+07:00,4314.303563403586,4678.687382327702,4314.303563403586,4664.11181640625,313168,0.0,0.0
2010-08-30 00:00:00+07:00,4809.865318411755,4897.3173828125,4809.865318411755,4897.3173828125,685825,0.0,0.0
2010-08-31 00:00:00+07:00,4984.769797857228,5101.37255859375,4897.317727304835,5101.37255859375,1093857,0.0,0.0
2010-09-01 00:00:00+07:00,5101.37255859375,5101.37255859375,4970.1946748115215,5101.37255859375,447205,0.0,0.0
2010-09-06 00:00:00+07:00,5290.851293466749,5290.851293466749,5232.549923824326,5247.12548828125,376816,0.0,0.0
2010-09-07 00:00:00+07:00,5247.1257841210145,5247.1257841210145,5203.399532377536,5217.97509765625,296320,0.0,0.0
2010-09-08 00:00:00+07:00,5101.372564132932,5174.24951171875,5028.4960606398345,5174.24951171875,660177,0.0,0.0
2010-09-09 00:00:00+07:00,5232.550590881155,5247.126157196203,5174.249213806346,5203.39990234375,324465,0.0,0.0
2010-09-10 00:00:00+07:00,5232.550886468698,5232.550886468698,5101.37255859375,5101.37255859375,409513,0.0,0.0
2010-09-13 00:00:00+07:00,5174.2487225173445,5174.2487225173445,4941.043236360706,4984.76904296875,350296,0.0,0.0
2010-09-14 00:00:00+07:00,5174.249043354306,5174.249043354306,4955.618664479632,5028.49560546875,295321,0.0,0.0
2010-09-15 00:00:00+07:00,5028.495896183551,5028.495896183551,4882.742449871482,4926.46826171875,323587,0.0,0.0
2010-09-16 00:00:00+07:00,4926.467891449179,4984.769265592119,4911.89276995978,4941.04345703125,96891,0.0,0.0
2010-09-17 00:00:00+07:00,5145.097836226451,5145.097836226451,4941.043043792076,4955.6181640625,294577,0.0,0.0
2010-09-20 00:00:00+07:00,4853.591480006083,5028.49560546875,4853.591480006083,5028.49560546875,279658,0.0,0.0
2010-09-21 00:00:00+07:00,4984.769866157536,5028.49612407922,4809.86572265625,4809.86572265625,428860,0.0,0.0
2010-09-22 00:00:00+07:00,4766.139692821826,4926.46826171875,4766.139692821826,4926.46826171875,100882,0.0,0.0
2010-09-23 00:00:00+07:00,4926.46826171875,4926.46826171875,4809.865504669095,4926.46826171875,221317,0.0,0.0
2010-09-24 00:00:00+07:00,4809.865504669095,4926.46826171875,4809.865504669095,4926.46826171875,81226,0.0,0.0
2010-09-27 00:00:00+07:00,4809.865433452115,4911.89306640625,4809.865433452115,4911.89306640625,55642,0.0,0.0
2010-09-28 00:00:00+07:00,4911.893139133896,4926.46826171875,4839.0161939315085,4926.46826171875,322657,0.0,0.0
2010-09-29 00:00:00+07:00,4955.6181640625,4970.193728425558,4926.467479429018,4955.6181640625,375568,0.0,0.0
2010-09-30 00:00:00+07:00,4955.6182829435365,4970.19384765625,4911.892476990686,4970.19384765625,475785,0.0,0.0
2010-10-01 00:00:00+07:00,5013.919533329465,5013.919533329465,4926.467479429018,4955.6181640625,261628,0.0,0.0
2010-10-04 00:00:00+07:00,4955.6181640625,4955.6181640625,4897.316794795536,4955.6181640625,738177,0.0,0.0
2010-10-05 00:00:00+07:00,4809.864740895089,4955.6181640625,4809.864740895089,4955.6181640625,499681,0.0,0.0
2010-10-06 00:00:00+07:00,4984.769352056744,5028.49560546875,4955.618664479632,5028.49560546875,738549,0.0,0.0
2010-10-07 00:00:00+07:00,5028.495191956352,5043.0703125,4955.618256960183,5043.0703125,711345,0.0,0.0
2010-10-08 00:00:00+07:00,5043.070727210966,5043.070727210966,4926.467976902521,5028.49560546875,487888,0.0,0.0
2010-10-11 00:00:00+07:00,4941.043542737416,5028.49560546875,4897.31728932541,5028.49560546875,548290,0.0,0.0
2010-10-12 00:00:00+07:00,5028.495097692523,5028.495097692523,4882.741674525112,4955.6181640625,159292,0.0,0.0
2010-10-13 00:00:00+07:00,4882.742457609311,4999.34521484375,4882.742457609311,4999.34521484375,307491,0.0,0.0
2010-10-14 00:00:00+07:00,4970.19452553514,5013.920337451702,4970.19452553514,4999.34521484375,302746,0.0,0.0
2010-10-15 00:00:00+07:00,4984.768749540127,5013.91943359375,4970.193629559628,5013.91943359375,360097,0.0,0.0
2010-10-18 00:00:00+07:00,4999.344313613251,5013.91943359375,4955.618065486503,5013.91943359375,518341,0.0,0.0
2010-10-19 00:00:00+07:00,4984.769648143092,4999.34521484375,4926.4682695258725,4999.34521484375,841011,0.0,0.0
2010-10-20 00:00:00+07:00,4955.618877606094,4970.194444067842,4853.591688744658,4911.89306640625,776181,0.0,0.0
2010-10-21 00:00:00+07:00,4911.892948925635,4941.043637059217,4839.0160065453365,4897.3173828125,684073,0.0,0.0
2010-10-22 00:00:00+07:00,4897.316985660011,4984.76904296875,4839.015614120851,4984.76904296875,520401,0.0,0.0
2010-10-25 00:00:00+07:00,4926.468188775299,4970.194444067842,4911.89306640625,4911.89306640625,552658,0.0,0.0
2010-10-26 00:00:00+07:00,4911.892550591127,5057.645979439026,4911.892550591127,4984.76904296875,450073,0.0,0.0
2010-10-27 00:00:00+07:00,4984.76904296875,4984.76904296875,4926.46767142959,4984.76904296875,491632,0.0,0.0
2010-10-28 00:00:00+07:00,4970.193728425558,4970.193728425558,4955.6181640625,4955.6181640625,296320,0.0,0.0
2010-10-29 00:00:00+07:00,4955.6181640625,4970.193728425558,4941.043043792076,4955.6181640625,462304,0.0,0.0
2010-11-01 00:00:00+07:00,4926.467479429018,4955.6181640625,4926.467479429018,4955.6181640625,199852,0.0,0.0
2010-11-02 00:00:00+07:00,4955.618578520649,4955.618578520649,4926.467891449179,4941.04345703125,460185,0.0,0.0
2010-11-03 00:00:00+07:00,4941.04345703125,4941.04345703125,4897.317204377709,4941.04345703125,448141,0.0,0.0
2010-11-04 00:00:00+07:00,4941.04345703125,4955.618578520649,4911.89276995978,4941.04345703125,433789,0.0,0.0
2010-11-05 00:00:00+07:00,4882.741791657904,4970.19384765625,4882.741791657904,4970.19384765625,628665,0.0,0.0
2010-11-08 00:00:00+07:00,4941.043236360706,4999.344607899866,4941.043236360706,4984.76904296875,643450,0.0,0.0
2010-11-09 00:00:00+07:00,4955.618065486503,5013.91943359375,4941.042945506004,5013.91943359375,492009,0.0,0.0
2010-11-10 00:00:00+07:00,4955.618065486503,5028.494997666875,4955.618065486503,5013.91943359375,332889,0.0,0.0
2010-11-11 00:00:00+07:00,4941.043236360706,4984.76904296875,4941.043236360706,4984.76904296875,146248,0.0,0.0
2010-11-12 00:00:00+07:00,4809.864928351271,4984.76904296875,4809.864928351271,4984.76904296875,482521,0.0,0.0
2010-11-15 00:00:00+07:00,4853.59098989163,4955.6181640625,4824.440305258147,4955.6181640625,347547,0.0,0.0
2010-11-16 00:00:00+07:00,4911.892383999657,4911.892383999657,4824.440329656936,4882.74169921875,443709,0.0,0.0
2010-11-17 00:00:00+07:00,4809.865650370116,4868.167030661016,4795.29052734375,4795.29052734375,289330,0.0,0.0
2010-11-18 00:00:00+07:00,4693.262747619439,4926.46826171875,4693.262747619439,4926.46826171875,320593,0.0,0.0
2010-11-19 00:00:00+07:00,4926.468188775299,4941.043755237046,4766.139622252271,4911.89306640625,320593,0.0,0.0
2010-11-22 00:00:00+07:00,4722.413366959728,4911.89306640625,4722.413366959728,4911.89306640625,361905,0.0,0.0
2010-11-23 00:00:00+07:00,4882.742377575454,4911.89306640625,4882.742377575454,4911.89306640625,301561,0.0,0.0
2010-11-24 00:00:00+07:00,4824.4409999138625,4911.89306640625,4809.865433452115,4911.89306640625,196732,0.0,0.0
2010-11-25 00:00:00+07:00,4882.742377575454,4926.468188775299,4882.742377575454,4911.89306640625,362275,0.0,0.0
2010-11-26 00:00:00+07:00,4911.89306640625,4911.89306640625,4882.742377575454,4911.89306640625,194985,0.0,0.0
2010-11-29 00:00:00+07:00,4911.89306640625,4911.89306640625,4882.742377575454,4911.89306640625,277227,0.0,0.0
2010-11-30 00:00:00+07:00,4911.892359158594,5057.645782326005,4911.892359158594,4955.6181640625,631785,0.0,0.0
2010-12-01 00:00:00+07:00,4970.194444067842,4970.194444067842,4882.742377575454,4911.89306640625,234357,0.0,0.0
2010-12-02 00:00:00+07:00,4911.892948925635,4926.468070946082,4882.742260792053,4897.3173828125,269362,0.0,0.0
2010-12-03 00:00:00+07:00,4911.89276995978,4970.19414410272,4882.74208288831,4941.04345703125,336697,0.0,0.0
2010-12-06 00:00:00+07:00,4955.618578520649,4955.618578520649,4897.317204377709,4941.04345703125,817737,0.0,0.0
2010-12-07 00:00:00+07:00,4941.043068780564,4941.043068780564,4882.74169921875,4882.74169921875,388299,0.0,0.0
2010-12-08 00:00:00+07:00,4911.8930572690215,4911.8930572690215,4809.865424504681,4839.01611328125,102385,0.0,0.0
2010-12-09 00:00:00+07:00,4824.441289994386,4882.742671161482,4736.989218243744,4809.86572265625,379689,0.0,0.0
2010-12-10 00:00:00+07:00,4809.865504669095,4926.46826171875,4809.865504669095,4926.46826171875,213081,0.0,0.0
2010-12-13 00:00:00+07:00,4999.344313613251,5028.494997666875,4955.618065486503,5013.91943359375,920944,0.0,0.0
2010-12-14 00:00:00+07:00,5013.919533329465,5013.919533329465,4882.741674525112,4955.6181640625,579178,0.0,0.0
2010-12-15 00:00:00+07:00,4882.741791657904,4984.768968276318,4882.741791657904,4970.19384765625,608632,0.0,0.0
2010-12-16 00:00:00+07:00,4882.74169921875,4926.467504343792,4882.74169921875,4882.74169921875,265120,0.0,0.0
2010-12-17 00:00:00+07:00,4839.0154255285715,4955.6181640625,4839.0154255285715,4955.6181640625,343497,0.0,0.0
2010-12-20 00:00:00+07:00,4955.618827729469,5203.39990234375,4955.618827729469,5203.39990234375,2834253,0.0,0.0
2010-12-21 00:00:00+07:00,5392.87977339316,5451.18115234375,5247.126326016683,5451.18115234375,3071125,0.0,0.0
2010-12-22 00:00:00+07:00,5611.509295667212,5611.509295667212,5451.180737792116,5465.755859375,997324,0.0,0.0
2010-12-23 00:00:00+07:00,5320.002537551241,5524.057352750908,5320.002537551241,5480.33154296875,712221,0.0,0.0
2010-12-24 00:00:00+07:00,5247.125957394281,5407.454516198609,5217.975269966887,5392.87939453125,777549,0.0,0.0
2010-12-27 00:00:00+07:00,5392.879501005864,5392.879501005864,5276.276748994136,5334.578125,1085368,0.0,0.0
2010-12-28 00:00:00+07:00,5232.550672793766,5363.728995311954,5174.249294806284,5290.85205078125,442273,0.0,0.0
2010-12-29 00:00:00+07:00,5378.303347930383,5378.303347930383,5247.12548828125,5247.12548828125,677025,0.0,0.0
2010-12-30 00:00:00+07:00,5115.94787108707,5247.126192432648,5115.94787108707,5130.5234375,436225,0.0,0.0
2010-12-31 00:00:00+07:00,5130.522847982733,5247.125589517267,5130.522847982733,5188.82421875,420685,0.0,0.0
2011-01-04 00:00:00+07:00,5349.153428768733,5349.153428768733,5276.27692833073,5290.85205078125,183813,0.0,0.0
2011-01-05 00:00:00+07:00,5290.851395546394,5290.851395546394,5188.82421875,5188.82421875,443272,0.0,0.0
2011-01-06 00:00:00+07:00,5145.098815916306,5145.098815916306,5086.797435548045,5101.37255859375,256449,0.0,0.0
2011-01-07 00:00:00+07:00,5028.496055179783,5101.37255859375,4955.619107673097,5101.37255859375,338257,0.0,0.0
2011-01-10 00:00:00+07:00,5028.4960606398345,5174.24951171875,5028.4960606398345,5174.24951171875,297130,0.0,0.0
2011-01-11 00:00:00+07:00,5028.496055179783,5101.37255859375,5028.496055179783,5101.37255859375,272794,0.0,0.0
2011-01-12 00:00:00+07:00,5101.37255859375,5203.400196284568,5072.22186840962,5101.37255859375,107248,0.0,0.0
2011-01-13 00:00:00+07:00,5101.37255859375,5130.5236928706,5101.37255859375,5101.37255859375,156109,0.0,0.0
2011-01-14 00:00:00+07:00,5174.248949603132,5174.248949603132,5130.523141076064,5159.673828125,262312,0.0,0.0
2011-01-17 00:00:00+07:00,5057.646750855617,5217.975769088785,5028.4960606398345,5174.24951171875,76737,0.0,0.0
2011-01-18 00:00:00+07:00,5115.947943665784,5174.249321959215,5101.372377046075,5145.0986328125,350985,0.0,0.0
2011-01-19 00:00:00+07:00,5159.67372472672,5232.550218842301,5159.67372472672,5217.97509765625,578185,0.0,0.0
2011-01-20 00:00:00+07:00,5217.974803460039,5247.12548828125,5159.673433817616,5247.12548828125,687697,0.0,0.0
2011-01-21 00:00:00+07:00,5247.126355101248,5320.002857147082,5247.126355101248,5305.427734375,294699,0.0,0.0
2011-01-24 00:00:00+07:00,5305.42762582535,5378.304126380123,5305.42762582535,5363.72900390625,532569,0.0,0.0
2011-01-25 00:00:00+07:00,5363.728886560196,5378.304008715199,5320.002631909801,5349.1533203125,317035,0.0,0.0
2011-01-26 00:00:00+07:00,5392.8792763781985,5392.8792763781985,5349.153024148771,5378.3037109375,211269,0.0,0.0
2011-01-27 00:00:00+07:00,5363.728676016788,5465.755859375,5363.728676016788,5465.755859375,512665,0.0,0.0
2011-01-28 00:00:00+07:00,5465.7562750350435,5509.48253129434,5451.18115234375,5451.18115234375,415881,0.0,0.0
2011-02-08 00:00:00+07:00,5451.180737792116,5465.755859375,5392.879363275231,5465.755859375,506049,0.0,0.0
2011-02-09 00:00:00+07:00,5494.906964510338,5494.906964510338,5451.18115234375,5451.18115234375,598960,0.0,0.0
2011-02-10 00:00:00+07:00,5392.87977339316,5451.18115234375,5378.3042066091575,5451.18115234375,274297,0.0,0.0
2011-02-11 00:00:00+07:00,5392.87977339316,5451.18115234375,5392.87977339316,5451.18115234375,261129,0.0,0.0
2011-02-14 00:00:00+07:00,5422.02978515625,5436.604906025766,5422.02978515625,5422.02978515625,233425,0.0,0.0
2011-02-15 00:00:00+07:00,5247.125563021853,5422.029674440474,5247.125563021853,5261.70068359375,95392,0.0,0.0
2011-02-16 00:00:00+07:00,5392.8792763781985,5392.8792763781985,5378.3037109375,5378.3037109375,169273,0.0,0.0
2011-02-17 00:00:00+07:00,5392.87939453125,5392.87939453125,5305.427332249069,5392.87939453125,223189,0.0,0.0
2011-02-18 00:00:00+07:00,5363.728921242318,5378.304043491566,5276.27685546875,5276.27685546875,337066,0.0,0.0
2011-02-21 00:00:00+07:00,5101.371485754621,5159.673297954493,5013.91943359375,5013.91943359375,413572,0.0,0.0
2011-02-22 00:00:00+07:00,4809.86572265625,4955.619175573988,4766.139908827291,4809.86572265625,357721,0.0,0.0
2011-02-23 00:00:00+07:00,4955.6183571991705,5043.07041450791,4955.6183571991705,4984.76904296875,50776,0.0,0.0
2011-02-24 00:00:00+07:00,4809.864847117003,4853.591097079201,4751.5634765625,4751.5634765625,211893,0.0,0.0
2011-02-25 00:00:00+07:00,4955.618189124699,4955.618189124699,4882.74169921875,4882.74169921875,60195,0.0,0.0
2011-02-28 00:00:00+07:00,4809.864372186175,4882.741300229684,4678.6865234375,4678.6865234375,113050,0.0,0.0
2011-03-01 00:00:00+07:00,4736.988364627441,4736.988364627441,4605.81005859375,4605.81005859375,162225,0.0,0.0
2011-03-02 00:00:00+07:00,4591.235439476587,4664.111938716898,4387.18017578125,4387.18017578125,136641,0.0,0.0
2011-03-03 00:00:00+07:00,4285.15283203125,4416.330703525539,4285.15283203125,4285.15283203125,93147,0.0,0.0
2011-03-04 00:00:00+07:00,4372.604773756161,4460.056833703871,4270.5771484375,4270.5771484375,131025,0.0,0.0
2011-03-07 00:00:00+07:00,4270.577266258175,4445.481390979013,4270.577266258175,4285.15283203125,71866,0.0,0.0
2011-03-08 00:00:00+07:00,4241.426578804701,4328.878641165121,4241.426578804701,4285.15283203125,65314,0.0,0.0
2011-03-09 00:00:00+07:00,4299.727145193999,4299.727145193999,4226.850662310298,4241.42578125,291081,0.0,0.0
2011-03-10 00:00:00+07:00,4445.481178134076,4445.481178134076,4372.604685035981,4401.75537109375,63627,0.0,0.0
2011-03-11 00:00:00+07:00,4401.75593184817,4430.906621619543,4401.75593184817,4416.3310546875,96328,0.0,0.0
2011-03-14 00:00:00+07:00,4416.330813624967,4416.330813624967,4226.8515625,4226.8515625,183189,0.0,0.0
2011-03-15 00:00:00+07:00,4226.851370449466,4299.727865542421,4197.70068359375,4197.70068359375,145377,0.0,0.0
2011-03-16 00:00:00+07:00,4256.002433915701,4256.002433915701,4183.12548828125,4183.12548828125,135517,0.0,0.0
2011-03-17 00:00:00+07:00,4197.7008743197985,4226.8515625,4153.974620003151,4226.8515625,143877,0.0,0.0
2011-03-18 00:00:00+07:00,4226.8515625,4241.426684543757,4183.125308183353,4226.8515625,185065,0.0,0.0
2011-03-21 00:00:00+07:00,4358.02920838521,4358.02920838521,4241.426461788264,4270.5771484375,29439,0.0,0.0
2011-03-22 00:00:00+07:00,4343.454475025264,4343.454475025264,4066.522705078125,4066.522705078125,444645,0.0,0.0
2011-03-23 00:00:00+07:00,4110.24907875974,4124.824201757313,4066.522821581584,4081.098388671875,344427,0.0,0.0
2011-03-24 00:00:00+07:00,4110.249282404392,4226.852048533,4095.673714591946,4153.97509765625,22951,0.0,0.0
2011-03-25 00:00:00+07:00,4153.97509765625,4168.550665468696,4153.97509765625,4153.97509765625,113611,0.0,0.0
2011-03-28 00:00:00+07:00,4095.673714591946,4153.97509765625,4081.0985908722396,4153.97509765625,155425,0.0,0.0
2011-03-29 00:00:00+07:00,4197.701092524025,4197.701092524025,4110.2490234375,4110.2490234375,117547,0.0,0.0
2011-03-30 00:00:00+07:00,3935.3436926331638,4139.39892578125,3935.3436926331638,4139.39892578125,146560,0.0,0.0
2011-03-31 00:00:00+07:00,4153.974835934406,4153.974835934406,4081.0983337419916,4110.2490234375,233049,0.0,0.0
2011-04-01 00:00:00+07:00,4066.5227668478815,4110.2490234375,4066.5227668478815,4110.2490234375,17271,0.0,0.0
2011-04-04 00:00:00+07:00,4139.39892578125,4139.39892578125,4081.0975574796903,4139.39892578125,7536,0.0,0.0
2011-04-05 00:00:00+07:00,4008.2214414058553,4110.24907875974,4008.2214414058553,4081.098388671875,19513,0.0,0.0
2011-04-06 00:00:00+07:00,4081.0985908722396,4153.97509765625,4066.5230230597936,4153.97509765625,95080,0.0,0.0
2011-04-07 00:00:00+07:00,4212.276480720554,4212.276480720554,4081.0985908722396,4153.97509765625,141945,0.0,0.0
2011-04-08 00:00:00+07:00,4153.97509765625,4153.97509765625,4139.399973936544,4153.97509765625,62818,0.0,0.0
2011-04-13 00:00:00+07:00,4226.851782219533,4226.851782219533,4081.0983337419916,4110.2490234375,19143,0.0,0.0
2011-04-14 00:00:00+07:00,4037.3721314937197,4095.6735116694485,4037.3721314937197,4081.098388671875,54897,0.0,0.0
2011-04-15 00:00:00+07:00,4081.098388671875,4095.6735116694485,4066.522821581584,4081.098388671875,271107,0.0,0.0
2011-04-18 00:00:00+07:00,4081.098253241003,4081.098253241003,4022.796875,4022.796875,42475,0.0,0.0
2011-04-19 00:00:00+07:00,3993.646203992692,4066.522705078125,3964.4950706472723,4066.522705078125,74800,0.0,0.0
2011-04-20 00:00:00+07:00,4066.5219933579865,4139.39892578125,4066.5219933579865,4139.39892578125,108433,0.0,0.0
2011-04-21 00:00:00+07:00,4139.399713133008,4139.399713133008,3964.495130867247,4110.2490234375,145377,0.0,0.0
2011-04-22 00:00:00+07:00,3949.920296045858,4095.673755149963,3949.920296045858,4008.2216796875,93955,0.0,0.0
2011-04-25 00:00:00+07:00,4008.2211382885,4081.09808004328,4008.2211382885,4037.371826171875,112987,0.0,0.0
2011-04-26 00:00:00+07:00,4110.2490234375,4110.2490234375,4037.3720771523735,4110.2490234375,227245,0.0,0.0
2011-04-27 00:00:00+07:00,4110.2490234375,4124.824146238898,4095.67345654339,4110.2490234375,175828,0.0,0.0
2011-04-28 00:00:00+07:00,4110.248961003549,4110.248961003549,4022.796893245406,4066.522705078125,126403,0.0,0.0
2011-04-29 00:00:00+07:00,4022.796893245406,4110.248961003549,4022.796893245406,4066.522705078125,146937,0.0,0.0
2011-05-04 00:00:00+07:00,4081.09808004328,4095.6732019386254,4037.371826171875,4037.371826171875,79666,0.0,0.0
2011-05-05 00:00:00+07:00,4110.24907875974,4110.24907875974,4022.7970084961466,4081.098388671875,147625,0.0,0.0
2011-05-06 00:00:00+07:00,4081.0978170173844,4081.0978170173844,3964.49462890625,3964.49462890625,87345,0.0,0.0
2011-05-09 00:00:00+07:00,4081.098439403425,4081.098439403425,3964.4952335097723,3979.07080078125,80545,0.0,0.0
2011-05-10 00:00:00+07:00,3993.64599609375,3993.64599609375,3979.070430179807,3993.64599609375,96705,0.0,0.0
2011-05-11 00:00:00+07:00,3993.645984134874,3993.645984134874,3891.6183553208366,3920.76904296875,69496,0.0,0.0
2011-05-12 00:00:00+07:00,3920.7690962471606,3920.7690962471606,3877.042842134764,3891.618408203125,99265,0.0,0.0
2011-05-13 00:00:00+07:00,3920.7689961350634,3993.6459364306706,3731.289306640625,3731.289306640625,75235,0.0,0.0
2011-05-16 00:00:00+07:00,3847.892002083651,3847.892002083651,3760.43994140625,3760.43994140625,122787,0.0,0.0
2011-05-17 00:00:00+07:00,3760.440069743948,3760.440069743948,3672.98800608195,3702.138916015625,101320,0.0,0.0
2011-05-18 00:00:00+07:00,3702.138916015625,3731.2893818566154,3643.8373181946176,3702.138916015625,131587,0.0,0.0
2011-05-19 00:00:00+07:00,3600.11117992476,3775.015524123974,3600.11117992476,3614.6865234375,96952,0.0,0.0
2011-05-20 00:00:00+07:00,3643.8370253759904,3643.8370253759904,3439.7822265625,3439.7822265625,114922,0.0,0.0
2011-05-23 00:00:00+07:00,3410.6317045213796,3454.357734934756,3279.45361328125,3279.45361328125,121600,0.0,0.0
2011-05-24 00:00:00+07:00,3162.850762757888,3162.850762757888,3119.12451171875,3119.12451171875,156985,0.0,0.0
2011-05-25 00:00:00+07:00,2973.3709467267395,3002.5216313982605,2973.3709467267395,2987.9462890625,214201,0.0,0.0
2011-05-26 00:00:00+07:00,2842.193102286212,3133.7001953125,2842.193102286212,3133.7001953125,68434,0.0,0.0
2011-05-27 00:00:00+07:00,3279.45361328125,3279.45361328125,3250.302926338999,3279.45361328125,84283,0.0,0.0
2011-05-30 00:00:00+07:00,3352.330621108717,3352.330621108717,3294.0292421725326,3323.179931640625,126466,0.0,0.0
2011-05-31 00:00:00+07:00,3410.6320000449014,3410.6320000449014,3206.577173768256,3323.179931640625,99699,0.0,0.0
2011-06-01 00:00:00+07:00,3323.179528172312,3483.50830078125,3323.179528172312,3483.50830078125,206653,0.0,0.0
2011-06-02 00:00:00+07:00,3381.481205299022,3643.83740234375,3381.481205299022,3643.83740234375,555657,0.0,0.0
2011-06-03 00:00:00+07:00,3716.7143457914103,3716.7143457914103,3498.0839595411235,3643.83740234375,245776,0.0,0.0
2011-06-06 00:00:00+07:00,3804.1663236212885,3804.1663236212885,3527.2345666452875,3702.138916015625,129465,0.0,0.0
2011-06-07 00:00:00+07:00,3556.3851828423785,3789.590681240041,3556.3851828423785,3731.289306640625,197980,0.0,0.0
2011-06-08 00:00:00+07:00,3731.289306640625,3731.289306640625,3600.11121379194,3731.289306640625,266680,0.0,0.0
2011-06-09 00:00:00+07:00,3775.0157360389394,3775.0157360389394,3570.960693359375,3570.960693359375,350667,0.0,0.0
2011-06-10 00:00:00+07:00,3570.960761883824,3570.960761883824,3468.933349609375,3468.933349609375,179632,0.0,0.0
2011-06-13 00:00:00+07:00,3425.206993977056,3425.206993977056,3308.604248046875,3308.604248046875,1846089,0.0,0.0
2011-06-14 00:00:00+07:00,3425.2069050166383,3425.2069050166383,3148.275390625,3148.275390625,930681,0.0,0.0
2011-06-15 00:00:00+07:00,3294.029074549635,3294.029074549635,3002.52197265625,3002.52197265625,1772581,0.0,0.0
2011-06-16 00:00:00+07:00,3119.124482853239,3148.275390625,3075.3984542650855,3148.275390625,2510835,0.0,0.0
2011-06-17 00:00:00+07:00,3294.029052734375,3294.029052734375,3264.878364942726,3294.029052734375,2281953,0.0,0.0
2011-06-20 00:00:00+07:00,3454.357666015625,3454.357666015625,3439.7823228352972,3454.357666015625,5379736,0.0,0.0
2011-06-21 00:00:00+07:00,3483.5084318228414,3614.6865234375,3454.3577447973616,3614.6865234375,1134664,0.0,0.0
2011-06-22 00:00:00+07:00,3614.686618992582,3643.8373067886673,3468.9331800121577,3629.261962890625,2232963,0.0,0.0
2011-06-23 00:00:00+07:00,3468.9330883101015,3658.4125539757197,3454.3577447973616,3614.6865234375,3589978,0.0,0.0
2011-06-24 00:00:00+07:00,3614.6867137832246,3643.83740234375,3600.111369502962,3643.83740234375,2969098,0.0,0.0
2011-06-27 00:00:00+07:00,3818.741455078125,3818.741455078125,3716.714269263397,3818.741455078125,2770666,0.0,0.0
2011-06-28 00:00:00+07:00,3935.3440237594587,3935.3440237594587,3789.590590741627,3862.467529296875,1597173,0.0,0.0
2011-06-29 00:00:00+07:00,3891.618045177444,3891.618045177444,3833.3166745279577,3877.04248046875,876265,0.0,0.0
2011-06-30 00:00:00+07:00,3789.590917943286,4066.5226866344005,3775.0157954293873,4022.796875,3109753,0.0,0.0
2011-07-01 00:00:00+07:00,4022.796527662823,4037.3716489182734,3833.316842693309,3862.467529296875,1048552,0.0,0.0
2011-07-04 00:00:00+07:00,3862.467621535648,3862.467621535648,3687.5632756910636,3731.289306640625,1120186,0.0,0.0
2011-07-05 00:00:00+07:00,3731.2893911972074,3833.317021104621,3658.4126712964426,3818.741455078125,462928,0.0,0.0
2011-07-06 00:00:00+07:00,3847.891821869489,3847.891821869489,3760.439765287863,3804.166015625,723637,0.0,0.0
2011-07-07 00:00:00+07:00,3775.0153300977913,3804.166015625,3702.13861627977,3804.166015625,1598361,0.0,0.0
2011-07-08 00:00:00+07:00,3731.289217534494,3862.467529296875,3731.289217534494,3862.467529296875,726880,0.0,0.0
2011-07-11 00:00:00+07:00,3877.0425073966976,3877.0425073966976,3789.5904508150716,3804.166015625,522337,0.0,0.0
2011-07-12 00:00:00+07:00,3716.714269263397,3818.741455078125,3716.714269263397,3818.741455078125,994141,0.0,0.0
2011-07-13 00:00:00+07:00,3818.741455078125,3818.741455078125,3775.015645184009,3818.741455078125,915891,0.0,0.0
2011-07-14 00:00:00+07:00,3818.7414455186126,3818.7414455186126,3614.686630307285,3702.138916015625,1212169,0.0,0.0
2011-07-15 00:00:00+07:00,3702.1388507628853,3716.7141944496516,3643.837253969484,3658.41259765625,339874,0.0,0.0
2011-07-18 00:00:00+07:00,3702.138905488888,3775.015625,3672.9879956381014,3775.015625,721825,0.0,0.0
2011-07-19 00:00:00+07:00,3789.590746855881,3789.590746855881,3745.8649371955553,3775.015625,436285,0.0,0.0
2011-07-20 00:00:00+07:00,3775.015506898818,3775.015506898818,3745.8648200063512,3760.43994140625,507045,0.0,0.0
2011-07-21 00:00:00+07:00,3760.440059051436,3775.015625,3731.2893712469913,3775.015625,606448,0.0,0.0
2011-07-22 00:00:00+07:00,3760.4400899586226,3891.618408203125,3745.864967982948,3891.618408203125,1344826,0.0,0.0
2011-07-25 00:00:00+07:00,4008.221013119086,4066.522387065191,3891.6182652268753,4051.947265625,794085,0.0,0.0
2011-07-26 00:00:00+07:00,4081.09808004328,4081.09808004328,4008.2211382885,4037.371826171875,367267,0.0,0.0
2011-07-27 00:00:00+07:00,3935.34454305954,4066.522872131947,3935.34454305954,3979.07080078125,376627,0.0,0.0
2011-07-28 00:00:00+07:00,3993.645563244072,4022.7962478197915,3847.891696272842,3935.34375,820297,0.0,0.0
2011-07-29 00:00:00+07:00,3979.0699989098957,3979.0699989098957,3906.1930654242806,3935.34375,368145,0.0,0.0
2011-08-01 00:00:00+07:00,3935.3439429016303,3993.645759003525,3906.1932568970105,3964.49462890625,738489,0.0,0.0
2011-08-02 00:00:00+07:00,3979.0698731072134,3993.6454369805674,3935.343625579771,3949.919189453125,773805,0.0,0.0
2011-08-03 00:00:00+07:00,3949.9196425223345,3949.9196425223345,3833.31689453125,3833.31689453125,422869,0.0,0.0
2011-08-04 00:00:00+07:00,3920.768902504008,3920.768902504008,3818.7412773451933,3862.467529296875,299067,0.0,0.0
2011-08-05 00:00:00+07:00,3804.1658963843106,3847.8917012582247,3789.59033203125,3789.59033203125,397096,0.0,0.0
2011-08-08 00:00:00+07:00,3789.590641988258,3877.0427029815714,3745.8648335379366,3833.31689453125,470545,0.0,0.0
2011-08-09 00:00:00+07:00,3877.042810269216,3877.042810269216,3716.7142493911106,3775.015625,429921,0.0,0.0
2011-08-10 00:00:00+07:00,3847.8920159838003,3862.467581529021,3789.590641988258,3833.31689453125,1223584,0.0,0.0
2011-08-11 00:00:00+07:00,3847.8917951440067,3877.04248046875,3789.590424494521,3877.04248046875,1317309,0.0,0.0
2011-08-12 00:00:00+07:00,3877.0429149243,3906.193603515625,3877.0429149243,3906.193603515625,814299,0.0,0.0
2011-08-15 00:00:00+07:00,3920.768505799037,3949.919189453125,3906.192941925683,3949.919189453125,406768,0.0,0.0
2011-08-16 00:00:00+07:00,3964.4948642658637,3993.64599609375,3935.344176530659,3993.64599609375,937045,0.0,0.0
2011-08-17 00:00:00+07:00,3877.042570892391,4008.2208799595073,3862.4674499364087,3964.49462890625,669849,0.0,0.0
2011-08-18 00:00:00+07:00,3949.9193143341763,3979.0699989098957,3906.1930654242806,3935.34375,1107208,0.0,0.0
2011-08-19 00:00:00+07:00,3949.919189453125,3964.4943092338594,3906.192941925683,3949.919189453125,905905,0.0,0.0
2011-08-22 00:00:00+07:00,3935.3436926331638,4139.39892578125,3935.3436926331638,4139.39892578125,1915971,0.0,0.0
2011-08-23 00:00:00+07:00,4139.399294338723,4343.4541015625,4139.399294338723,4343.4541015625,1352499,0.0,0.0
2011-08-24 00:00:00+07:00,4343.454188020474,4547.508999306034,4343.454188020474,4430.90625,1276624,0.0,0.0
2011-08-25 00:00:00+07:00,4416.330596381801,4430.906161801262,4285.152728069992,4343.4541015625,883315,0.0,0.0
2011-08-26 00:00:00+07:00,4343.454661948994,4430.906733470701,4343.454661948994,4358.02978515625,917698,0.0,0.0
2011-08-29 00:00:00+07:00,4503.782854545347,4503.782854545347,4270.5773503267865,4372.60498046875,888499,0.0,0.0
2011-08-30 00:00:00+07:00,4387.180069692984,4503.782820932016,4372.604947834446,4445.4814453125,1359739,0.0,0.0
2011-08-31 00:00:00+07:00,4430.90625,4460.056937326509,4387.1799969639,4430.90625,966561,0.0,0.0
2011-09-01 00:00:00+07:00,4430.906430599592,4460.057119114255,4387.18017578125,4387.18017578125,553096,0.0,0.0
2011-09-05 00:00:00+07:00,4401.755054739336,4503.7822265625,4401.755054739336,4503.7822265625,799581,0.0,0.0
2011-09-06 00:00:00+07:00,4445.481796125756,4722.41357421875,4430.90667311703,4722.41357421875,1466449,0.0,0.0
2011-09-07 00:00:00+07:00,4955.6181640625,4955.6181640625,4868.166110162054,4955.6181640625,1815261,0.0,0.0
2011-09-08 00:00:00+07:00,5145.0985252689425,5203.39990234375,5145.0985252689425,5203.39990234375,1004125,0.0,0.0
2011-09-09 00:00:00+07:00,5320.0023373600425,5451.180649955656,5247.125842434553,5378.3037109375,2884861,0.0,0.0
2011-09-12 00:00:00+07:00,5378.304145986226,5465.7562134263735,5115.947943665784,5145.0986328125,1581201,0.0,0.0
2011-09-13 00:00:00+07:00,5145.0986328125,5174.249321959215,4897.317553019064,5145.0986328125,1320741,0.0,0.0
2011-09-14 00:00:00+07:00,5145.09831725318,5392.879381849701,4897.31725265666,5320.00244140625,1487973,0.0,0.0
2011-09-15 00:00:00+07:00,5305.426857923673,5334.577542744884,5072.220935261344,5247.12548828125,602643,0.0,0.0
2011-09-16 00:00:00+07:00,5276.27624825829,5305.426933494727,5101.371692747025,5261.70068359375,578305,0.0,0.0
2011-09-19 00:00:00+07:00,5247.126239336988,5334.5783063182125,5247.126239336988,5290.85205078125,795709,0.0,0.0
2011-09-20 00:00:00+07:00,5290.851591771831,5305.427157050545,5188.824411191485,5217.97509765625,889683,0.0,0.0
2011-09-21 00:00:00+07:00,5217.974684655065,5290.851173002494,5203.3991205300035,5232.5498046875,910459,0.0,0.0
2011-09-22 00:00:00+07:00,5217.975524429076,5480.331724069804,5217.975524429076,5436.60546875,3429112,0.0,0.0
2011-09-23 00:00:00+07:00,5320.00244140625,5494.9065655593195,5320.00244140625,5320.00244140625,1387507,0.0,0.0
2011-09-26 00:00:00+07:00,5320.002080930028,5378.303451697295,5188.82421875,5188.82421875,768688,0.0,0.0
2011-09-27 00:00:00+07:00,5247.1257841210145,5290.851591771831,5203.399532377536,5217.97509765625,922504,0.0,0.0
2011-09-28 00:00:00+07:00,5247.125555051944,5407.4541015625,5247.125555051944,5407.4541015625,1409224,0.0,0.0
2011-09-29 00:00:00+07:00,5407.454220194082,5480.331156819616,5363.728413492885,5422.02978515625,3015153,0.0,0.0
2011-09-30 00:00:00+07:00,5436.6051669606395,5684.38623046875,5422.030045391579,5684.38623046875,4599489,0.0,0.0
2011-10-03 00:00:00+07:00,5830.139921755412,5961.318242080827,5698.96204552269,5946.74267578125,1848333,0.0,0.0
2011-10-04 00:00:00+07:00,5946.742727440671,5946.742727440671,5655.23583984375,5655.23583984375,1157752,0.0,0.0
2011-10-05 00:00:00+07:00,5538.632225278262,5742.687014929345,5465.755292642275,5596.93359375,1175410,0.0,0.0
2011-10-06 00:00:00+07:00,5596.934187153017,5742.6876237855595,5494.9065594639,5538.6328125,1456459,0.0,0.0
2011-10-07 00:00:00+07:00,5494.9059768781435,5655.234962221738,5494.9059768781435,5596.93359375,1385763,0.0,0.0
2011-10-10 00:00:00+07:00,5582.35860840877,5640.659982925655,5465.755859375,5465.755859375,1383514,0.0,0.0
2011-10-11 00:00:00+07:00,5407.454722105579,5538.6330425702445,5203.39990234375,5203.39990234375,2751201,0.0,0.0
2011-10-12 00:00:00+07:00,5115.94802968895,5378.304236420835,5101.372462824156,5305.427734375,2102989,0.0,0.0
2011-10-13 00:00:00+07:00,5276.276355997837,5465.755591857448,5247.125670166154,5422.02978515625,1156881,0.0,0.0
2011-10-14 00:00:00+07:00,5305.427041829519,5509.481842651298,5305.427041829519,5422.02978515625,1153072,0.0,0.0
2011-10-17 00:00:00+07:00,5349.1533203125,5465.756073923299,5276.276821352097,5349.1533203125,764197,0.0,0.0
2011-10-18 00:00:00+07:00,5436.605289093908,5611.509416407908,5407.454601208242,5480.33154296875,1726840,0.0,0.0
2011-10-19 00:00:00+07:00,5436.605289093908,5553.208040636575,5392.87947931175,5480.33154296875,818107,0.0,0.0
2011-10-20 00:00:00+07:00,5436.605203626003,5480.331456813432,5320.002453916427,5392.87939453125,866032,0.0,0.0
2011-10-21 00:00:00+07:00,5378.303934958055,5451.180877011729,5334.578125,5334.578125,1094977,0.0,0.0
2011-10-24 00:00:00+07:00,5334.578125,5422.030189008797,5320.002558952191,5334.578125,581800,0.0,0.0
2011-10-25 00:00:00+07:00,5290.8521675102065,5378.304236420835,5290.8521675102065,5305.427734375,819106,0.0,0.0
2011-10-26 00:00:00+07:00,5320.00244140625,5349.153128765095,5290.851754047405,5320.00244140625,656305,0.0,0.0
2011-10-27 00:00:00+07:00,5320.002666309187,5334.578232651129,5247.1261668775605,5276.27685546875,991768,0.0,0.0
2011-10-28 00:00:00+07:00,5276.276748994136,5392.879501005864,5276.276748994136,5334.578125,1520296,0.0,0.0
2011-10-31 00:00:00+07:00,5334.577645668168,5363.728331051801,5188.82421875,5188.82421875,1296657,0.0,0.0
2011-11-01 00:00:00+07:00,5188.824118638827,5334.577542744884,5188.824118638827,5247.12548828125,1539517,0.0,0.0
2011-11-02 00:00:00+07:00,5247.125589517267,5290.851395546394,5188.82421875,5188.82421875,744477,0.0,0.0
2011-11-03 00:00:00+07:00,5247.125563021853,5290.851368830186,5247.125563021853,5261.70068359375,1951792,0.0,0.0
2011-11-04 00:00:00+07:00,5217.9748777854165,5290.851368830186,5217.9748777854165,5261.70068359375,640897,0.0,0.0
2011-11-07 00:00:00+07:00,5261.7015823660995,5305.427839736134,5174.24951171875,5174.24951171875,773121,0.0,0.0
2011-11-08 00:00:00+07:00,5159.674126233162,5217.975503699486,5101.372304674141,5130.5234375,716961,0.0,0.0
2011-11-09 00:00:00+07:00,5174.2495061004365,5174.2495061004365,5101.37255859375,5101.37255859375,876952,0.0,0.0
2011-11-10 00:00:00+07:00,5086.79773596799,5101.372859874484,5057.647044062255,5072.22216796875,1127929,0.0,0.0
2011-11-11 00:00:00+07:00,5028.49560546875,5130.523234034979,5028.49560546875,5028.49560546875,1405857,0.0,0.0
2011-11-14 00:00:00+07:00,5028.49560546875,5057.646293045861,5013.920039633855,5028.49560546875,1405168,0.0,0.0
2011-11-15 00:00:00+07:00,4868.1666017482985,5072.221414788077,4868.1666017482985,5028.49560546875,1325545,0.0,0.0
2011-11-16 00:00:00+07:00,5028.496352156521,5174.249811685192,5028.496352156521,5072.22216796875,741609,0.0,0.0
2011-11-17 00:00:00+07:00,5043.071178225488,5145.098815916306,5043.071178225488,5101.37255859375,912145,0.0,0.0
2011-11-18 00:00:00+07:00,5072.221499761708,5115.94775390625,5072.221499761708,5115.94775390625,852243,0.0,0.0
2011-11-21 00:00:00+07:00,5115.94775390625,5145.098441971715,5101.3721878271745,5115.94775390625,379123,0.0,0.0
2011-11-22 00:00:00+07:00,5130.523319985326,5174.249130037181,5115.94775390625,5115.94775390625,520336,0.0,0.0
2011-11-23 00:00:00+07:00,5115.947575505261,5159.673828125,5101.372009934457,5159.673828125,628665,0.0,0.0
2011-11-24 00:00:00+07:00,5159.6743886572185,5174.24951171875,5101.372564132932,5174.24951171875,528637,0.0,0.0
2011-11-25 00:00:00+07:00,5174.24951171875,5188.825078873001,5174.24951171875,5174.24951171875,367018,0.0,0.0
2011-11-28 00:00:00+07:00,5159.673533366366,5261.7007101627605,5159.673533366366,5188.82421875,491632,0.0,0.0
2011-11-29 00:00:00+07:00,5159.673533366366,5232.550024779127,5130.522847982733,5188.82421875,329827,0.0,0.0
2011-11-30 00:00:00+07:00,5174.24951171875,5232.550892150316,5174.24951171875,5174.24951171875,371265,0.0,0.0
2011-12-01 00:00:00+07:00,5159.674126233162,5174.249248553394,5130.5234375,5130.5234375,175513,0.0,0.0
2011-12-02 00:00:00+07:00,5159.673828125,5203.399636652068,5130.523141076064,5159.673828125,1411906,0.0,0.0
2011-12-05 00:00:00+07:00,5407.4541015625,5407.4541015625,5407.4541015625,5407.4541015625,814738,0.0,0.0
2011-12-06 00:00:00+07:00,5669.810546875,5669.810546875,5669.810546875,5669.810546875,439153,0.0,0.0
2011-12-07 00:00:00+07:00,5946.742975130106,5946.742975130106,5830.140215234684,5917.59228515625,3937612,0.0,0.0
2011-12-08 00:00:00+07:00,5903.016916347481,5917.5920386809785,5655.23583984375,5655.23583984375,1531281,0.0,0.0
2011-12-09 00:00:00+07:00,5451.180737792116,5640.659982925655,5451.180737792116,5465.755859375,1110952,0.0,0.0
2011-12-12 00:00:00+07:00,5436.6051669606395,5728.112483361282,5436.6051669606395,5684.38623046875,596464,0.0,0.0
2011-12-13 00:00:00+07:00,5655.23553013497,5713.536904461481,5611.50927734375,5611.50927734375,741793,0.0,0.0
2011-12-14 00:00:00+07:00,5611.509173626075,5669.810546875,5611.509173626075,5669.810546875,875643,0.0,0.0
2011-12-15 00:00:00+07:00,5655.235425609101,5669.810546875,5582.358487001611,5669.810546875,1814452,0.0,0.0
2011-12-16 00:00:00+07:00,5626.085102210193,5946.74267578125,5626.085102210193,5946.74267578125,4888648,0.0,0.0
2011-12-19 00:00:00+07:00,5771.837785424353,6005.043262796521,5771.837785424353,5975.892578125,5331501,0.0,0.0
2011-12-20 00:00:00+07:00,5757.263481775156,5975.893425776857,5713.537226519197,5728.11279296875,733060,0.0,0.0
2011-12-21 00:00:00+07:00,5684.38623046875,5757.263170592079,5553.207915883827,5684.38623046875,625545,0.0,0.0
2011-12-22 00:00:00+07:00,5538.63267911125,5669.810546875,5480.331305862324,5669.810546875,2017813,0.0,0.0
2011-12-23 00:00:00+07:00,5611.509290345421,5757.263170592079,5524.0572286530305,5684.38623046875,516469,0.0,0.0
2011-12-26 00:00:00+07:00,5684.38653771279,5728.11279296875,5553.208216037611,5728.11279296875,535747,0.0,0.0
2011-12-27 00:00:00+07:00,5684.386243305842,5888.441054382239,5567.7834941193305,5757.26318359375,607570,0.0,0.0
2011-12-28 00:00:00+07:00,5757.262770069903,5830.139261030675,5596.9337794079765,5771.837890625,826033,0.0,0.0
2011-12-29 00:00:00+07:00,5655.235538271972,5903.0166015625,5596.934163861573,5903.0166015625,1530652,0.0,0.0
2011-12-30 00:00:00+07:00,5800.989151155886,5903.0167815309915,5771.838463061954,5859.29052734375,1459891,0.0,0.0
2012-01-03 00:00:00+07:00,5830.140553473654,5903.01750468265,5713.537786813456,5815.5654296875,496189,0.0,0.0
2012-01-04 00:00:00+07:00,5742.687604930344,5830.139666622734,5684.38623046875,5684.38623046875,228745,0.0,0.0
2012-01-05 00:00:00+07:00,5684.386421166268,5713.537109375,5611.509478598092,5713.537109375,645825,0.0,0.0
2012-01-06 00:00:00+07:00,5698.962104162343,5771.838604132011,5655.235848906384,5728.11279296875,752217,0.0,0.0
2012-01-09 00:00:00+07:00,5655.235648711977,5742.687712035408,5596.934273163023,5626.0849609375,469732,0.0,0.0
2012-01-10 00:00:00+07:00,5626.085521238817,5640.66064453125,5553.2085724984745,5640.66064453125,344554,0.0,0.0
2012-01-11 00:00:00+07:00,5669.811335208841,5669.811335208841,5596.934830561226,5640.66064453125,185812,0.0,0.0
2012-01-12 00:00:00+07:00,5640.66064453125,5640.66064453125,5538.633449206042,5640.66064453125,1465570,0.0,0.0
2012-01-13 00:00:00+07:00,5596.934187153017,5655.235561806034,5538.6328125,5538.6328125,682264,0.0,0.0
2012-01-16 00:00:00+07:00,5582.35888671875,5582.35888671875,5451.181009562189,5582.35888671875,549475,0.0,0.0
2012-01-17 00:00:00+07:00,5480.331456813432,5538.632831668219,5392.87939453125,5392.87939453125,372699,0.0,0.0
2012-01-18 00:00:00+07:00,5422.030320850431,5582.35888671875,5422.030320850431,5582.35888671875,169648,0.0,0.0
2012-01-19 00:00:00+07:00,5582.358707229443,5655.235648711977,5494.906643906012,5626.0849609375,1209856,0.0,0.0
2012-01-20 00:00:00+07:00,5596.934830561226,5655.236211916409,5596.934830561226,5640.66064453125,383680,0.0,0.0
2012-01-30 00:00:00+07:00,5640.660273417555,5684.386528603442,5596.934462324366,5655.23583984375,328585,0.0,0.0
2012-01-31 00:00:00+07:00,5611.50927734375,5669.810651670261,5582.358590180494,5611.50927734375,512977,0.0,0.0
2012-02-01 00:00:00+07:00,5611.509009738322,5611.509009738322,5538.632517351903,5567.783203125,785725,0.0,0.0
2012-02-02 00:00:00+07:00,5655.236211916409,5728.1131606567515,5567.784139883634,5640.66064453125,958384,0.0,0.0
2012-02-03 00:00:00+07:00,5655.23583984375,5800.9892836422105,5640.660273417555,5655.23583984375,1119688,0.0,0.0
2012-02-06 00:00:00+07:00,5611.50927734375,5684.386217298225,5596.934155808459,5611.50927734375,349546,0.0,0.0
2012-02-07 00:00:00+07:00,5611.50927734375,5640.6599645070055,5582.358590180494,5611.50927734375,854425,0.0,0.0
2012-02-08 00:00:00+07:00,5582.358590180494,5655.23553013497,5582.358590180494,5611.50927734375,632409,0.0,0.0
2012-02-09 00:00:00+07:00,5611.509009738322,5611.509009738322,5567.783203125,5567.783203125,210148,0.0,0.0
2012-02-10 00:00:00+07:00,5538.632781481947,5611.50927734375,5509.482094318691,5611.50927734375,223561,0.0,0.0
2012-02-13 00:00:00+07:00,5524.057246790408,5596.934187153017,5524.057246790408,5538.6328125,162849,0.0,0.0
2012-02-14 00:00:00+07:00,5538.632781481947,5611.50927734375,5538.632781481947,5611.50927734375,350547,0.0,0.0
2012-02-15 00:00:00+07:00,5567.783468645202,5655.23553013497,5567.783468645202,5611.50927734375,238041,0.0,0.0
2012-02-16 00:00:00+07:00,5582.358029585751,5596.93359375,5582.358029585751,5596.93359375,163720,0.0,0.0
2012-02-17 00:00:00+07:00,5655.235830544493,5655.235830544493,5582.35888671875,5582.35888671875,94209,0.0,0.0
2012-02-20 00:00:00+07:00,5626.085141832736,5626.085141832736,5567.78376440922,5582.35888671875,567385,0.0,0.0
2012-02-21 00:00:00+07:00,5582.358922069543,5611.509610965901,5509.482421875,5509.482421875,650691,0.0,0.0
2012-02-22 00:00:00+07:00,5494.906964510338,5509.48253129434,5436.605585559748,5451.18115234375,860793,0.0,0.0
2012-02-23 00:00:00+07:00,5480.331698273946,5596.934453120977,5392.879632138673,5582.35888671875,1692331,0.0,0.0
2012-02-24 00:00:00+07:00,5611.509478598092,5757.263363734443,5582.3587903893595,5713.537109375,1433995,0.0,0.0
2012-02-27 00:00:00+07:00,5684.38653771279,5728.11279296875,5655.235848906384,5728.11279296875,726009,0.0,0.0
2012-02-28 00:00:00+07:00,5684.38623046875,5757.263170592079,5611.509290345421,5684.38623046875,989584,0.0,0.0
2012-02-29 00:00:00+07:00,5640.659411368607,5961.3173828125,5640.659411368607,5961.3173828125,1990291,0.0,0.0
2012-03-01 00:00:00+07:00,6048.770188802602,6223.67431640625,5990.468812934719,6223.67431640625,1481980,0.0,0.0
2012-03-02 00:00:00+07:00,6325.7019462213875,6325.7019462213875,6092.495998657171,6223.67431640625,2686051,0.0,0.0
2012-03-05 00:00:00+07:00,6267.400095524565,6442.304209877178,6267.400095524565,6296.55078125,1121122,0.0,0.0
2012-03-06 00:00:00+07:00,6296.5511921370835,6296.5511921370835,5990.46875,5990.46875,2833504,0.0,0.0
2012-03-07 00:00:00+07:00,5990.468558980657,5990.468558980657,5742.6875,5742.6875,1173850,0.0,0.0
2012-03-08 00:00:00+07:00,5742.687699995693,5786.4139536120765,5538.63288600216,5553.2080078125,930057,0.0,0.0
2012-03-09 00:00:00+07:00,5509.482125173491,5655.235561806034,5509.482125173491,5538.6328125,734181,0.0,0.0
2012-03-12 00:00:00+07:00,5611.509308769933,5655.235561806034,5538.6328125,5538.6328125,2456361,0.0,0.0
2012-03-13 00:00:00+07:00,5538.632517351903,5626.084574671197,5509.481831578804,5567.783203125,1490284,0.0,0.0
2012-03-14 00:00:00+07:00,5611.509173626075,5669.810546875,5538.63267911125,5669.810546875,744541,0.0,0.0
2012-03-15 00:00:00+07:00,5669.8115272695095,5815.5654296875,5553.208760609311,5815.5654296875,667852,0.0,0.0
2012-03-16 00:00:00+07:00,5713.536904461481,5844.715218742468,5611.50927734375,5611.50927734375,1127986,0.0,0.0
2012-03-19 00:00:00+07:00,5611.50939500392,5655.235648711977,5553.208019454966,5626.0849609375,1398178,0.0,0.0
2012-03-20 00:00:00+07:00,5567.783468645202,5640.6599645070055,5567.783468645202,5611.50927734375,459745,0.0,0.0
2012-03-21 00:00:00+07:00,5596.934273163023,5742.687712035408,5596.934273163023,5626.0849609375,953829,0.0,0.0
2012-03-22 00:00:00+07:00,5626.0849609375,5640.660082778398,5596.934273163023,5626.0849609375,393475,0.0,0.0
2012-03-23 00:00:00+07:00,5611.50927734375,5669.810651670261,5596.934155808459,5611.50927734375,847689,0.0,0.0
2012-03-26 00:00:00+07:00,5567.783585388545,5640.660082778398,5567.783585388545,5626.0849609375,242349,0.0,0.0
2012-03-27 00:00:00+07:00,5684.386217298225,5684.386217298225,5582.358590180494,5611.50927734375,564202,0.0,0.0
2012-03-28 00:00:00+07:00,5567.783585388545,5626.0849609375,5524.0573316804885,5626.0849609375,760264,0.0,0.0
2012-03-29 00:00:00+07:00,5596.934273163023,5698.961902420034,5596.934273163023,5626.0849609375,654561,0.0,0.0
2012-03-30 00:00:00+07:00,5626.084856007156,5728.112483361282,5626.084856007156,5684.38623046875,831523,0.0,0.0
2012-04-03 00:00:00+07:00,5655.235732957535,5713.537109375,5640.660166806824,5713.537109375,298378,0.0,0.0
2012-04-04 00:00:00+07:00,5655.235425609101,5684.386112233564,5640.659860250537,5669.810546875,598707,0.0,0.0
2012-04-05 00:00:00+07:00,5655.235425609101,5684.386112233564,5655.235425609101,5669.810546875,1171779,0.0,0.0
2012-04-06 00:00:00+07:00,5669.810664807014,5713.536917699546,5626.084856007156,5684.38623046875,598024,0.0,0.0
2012-04-09 00:00:00+07:00,5728.112276137027,5800.98876953125,5698.961589960806,5800.98876953125,300187,0.0,0.0
2012-04-10 00:00:00+07:00,5815.564717249195,5859.29052734375,5800.989151155886,5859.29052734375,256509,0.0,0.0
2012-04-11 00:00:00+07:00,5859.289858231087,6048.76953125,5844.7147378948985,6048.76953125,884563,0.0,0.0
2012-04-12 00:00:00+07:00,6048.7700153437,6267.400390625,6048.7700153437,6267.400390625,2232592,0.0,0.0
2012-04-13 00:00:00+07:00,6413.153901466089,6456.879710580501,6281.9755859375,6281.9755859375,1499581,0.0,0.0
2012-04-16 00:00:00+07:00,6267.400272291742,6486.030199352472,6238.24914165147,6471.455078125,1715296,0.0,0.0
2012-04-17 00:00:00+07:00,6413.15380859375,6456.879617074945,6223.674120928118,6413.15380859375,883504,0.0,0.0
2012-04-18 00:00:00+07:00,6325.7017340370185,6413.153794905419,6281.975481556483,6340.27685546875,759265,0.0,0.0
2012-04-19 00:00:00+07:00,6281.975512127661,6398.578260519642,6267.400390625,6267.400390625,523768,0.0,0.0
2012-04-20 00:00:00+07:00,6311.126199225657,6311.126199225657,6048.7700153437,6267.400390625,271234,0.0,0.0
2012-04-23 00:00:00+07:00,6486.030321813628,6486.030321813628,6267.400390625,6267.400390625,164593,0.0,0.0
2012-04-24 00:00:00+07:00,6281.9755859375,6281.9755859375,6238.249332730411,6281.9755859375,88963,0.0,0.0
2012-04-25 00:00:00+07:00,6281.975216340957,6296.55078125,6267.400095524565,6296.55078125,90400,0.0,0.0
2012-04-26 00:00:00+07:00,6296.5510307601,6486.0302734375,6238.249212906282,6486.0302734375,345307,0.0,0.0
2012-04-27 00:00:00+07:00,6486.0306793965765,6486.0306793965765,6267.400736154607,6398.57861328125,20391,0.0,0.0
2012-05-02 00:00:00+07:00,6325.70240959863,6384.003789737269,6281.976152448292,6369.42822265625,819418,0.0,0.0
2012-05-03 00:00:00+07:00,6267.400863229735,6267.400863229735,6121.64697265625,6121.64697265625,1216849,0.0,0.0
2012-05-04 00:00:00+07:00,6340.276378900145,6340.276378900145,6048.76953125,6048.76953125,1236817,0.0,0.0
2012-05-07 00:00:00+07:00,6005.04328205616,6165.3722703100575,6005.04328205616,6048.76953125,334258,0.0,0.0
2012-05-08 00:00:00+07:00,6048.770479116041,6194.52392578125,6048.770479116041,6194.52392578125,714652,0.0,0.0
2012-05-09 00:00:00+07:00,6194.52392578125,6267.400871160207,6165.373236448208,6194.52392578125,1006869,0.0,0.0
2012-05-10 00:00:00+07:00,6136.222547115167,6252.825304447334,6136.222547115167,6194.52392578125,909274,0.0,0.0
2012-05-11 00:00:00+07:00,6252.8251121851445,6252.8251121851445,6092.496103736867,6165.373046875,588976,0.0,0.0
2012-05-14 00:00:00+07:00,6063.345891306046,6136.222840165419,6063.345891306046,6092.49658203125,291952,0.0,0.0
2012-05-15 00:00:00+07:00,6077.921458715012,6107.072149440215,6034.195200580842,6092.49658203125,3796267,0.0,0.0
2012-05-16 00:00:00+07:00,6107.071586475523,6107.071586475523,6063.345332372145,6077.9208984375,1779757,0.0,0.0
2012-05-17 00:00:00+07:00,6077.9208984375,6107.071586475523,6077.9208984375,6077.9208984375,2580285,0.0,0.0
2012-05-18 00:00:00+07:00,6150.796705881232,6150.796705881232,6048.76953125,6048.76953125,2646493,0.0,0.0
2012-05-21 00:00:00+07:00,6048.770580261113,6107.071959902088,5975.893633663537,6063.345703125,2621656,0.0,0.0
2012-05-22 00:00:00+07:00,6063.345891306046,6092.49658203125,6034.195200580842,6092.49658203125,1709242,0.0,0.0
2012-05-23 00:00:00+07:00,6048.769915825719,6107.0712890625,6034.194350470191,6107.0712890625,100321,0.0,0.0
2012-05-24 00:00:00+07:00,6092.495336351203,6107.070900780029,6034.193966821174,6048.76953125,2596696,0.0,0.0
2012-05-25 00:00:00+07:00,6048.770580261113,6179.94846240695,6048.770580261113,6063.345703125,2243449,0.0,0.0
2012-05-28 00:00:00+07:00,6063.345332372145,6121.646708448191,6048.770210399477,6077.9208984375,746349,0.0,0.0
2012-05-29 00:00:00+07:00,6048.76953125,6048.76953125,6019.618846484986,6048.76953125,797893,0.0,0.0
2012-05-30 00:00:00+07:00,6048.769901257924,6048.769901257924,6034.1943359375,6034.1943359375,26319,0.0,0.0
2012-05-31 00:00:00+07:00,6034.1943359375,6048.769901257924,6005.043649389316,6034.1943359375,1431441,0.0,0.0
2012-06-04 00:00:00+07:00,6121.646427076024,6121.646427076024,5742.6875,5742.6875,32868,0.0,0.0
2012-06-05 00:00:00+07:00,5742.6875,5757.263065395411,5742.6875,5742.6875,335506,0.0,0.0
2012-06-06 00:00:00+07:00,5757.26318359375,5757.26318359375,5757.26318359375,5757.26318359375,125467,0.0,0.0
2012-06-07 00:00:00+07:00,5757.263634811915,5830.14013671875,5757.263634811915,5830.14013671875,93147,0.0,0.0
2012-06-08 00:00:00+07:00,5975.893526175471,6121.64697265625,5975.893526175471,6121.64697265625,9969,0.0,0.0
2012-06-11 00:00:00+07:00,5975.8929628411315,6048.769901257924,5975.8929628411315,6034.1943359375,113800,0.0,0.0
2012-06-12 00:00:00+07:00,6005.044394165961,6048.770651457726,5844.7158203125,5844.7158203125,46155,0.0,0.0
2012-06-13 00:00:00+07:00,5975.892902498324,6092.4956475136405,5873.86572265625,5873.86572265625,26319,0.0,0.0
2012-06-14 00:00:00+07:00,5830.139154767395,6034.193947468042,5830.139154767395,5975.892578125,121288,0.0,0.0
2012-06-15 00:00:00+07:00,5961.317954049714,6267.400390625,5961.317954049714,6267.400390625,1191889,0.0,0.0
2012-06-18 00:00:00+07:00,6092.49658203125,6092.49658203125,6092.49658203125,6092.49658203125,940912,0.0,0.0
2012-06-19 00:00:00+07:00,6019.6188271785995,6019.6188271785995,5975.892578125,5975.892578125,154861,0.0,0.0
2012-06-20 00:00:00+07:00,6019.6190494309085,6019.6190494309085,5932.1669921875,5932.1669921875,2295,0.0,0.0
2012-06-21 00:00:00+07:00,5917.592095288547,5917.592095288547,5873.866283777078,5888.44140625,82665,0.0,0.0
2012-06-22 00:00:00+07:00,5815.564957092967,6121.64697265625,5815.564957092967,6121.64697265625,1179025,0.0,0.0
2012-06-25 00:00:00+07:00,5975.893819130434,6194.524221615827,5975.893819130434,6092.49658203125,245905,0.0,0.0
2012-06-26 00:00:00+07:00,6048.76953125,6048.76953125,5946.741912526131,6048.76953125,111745,0.0,0.0
2012-06-27 00:00:00+07:00,5859.290230759847,6252.824722154453,5859.290230759847,6107.0712890625,298810,0.0,0.0
2012-06-28 00:00:00+07:00,5903.016468456615,6267.400272351525,5873.865781908728,6252.82470703125,1041565,0.0,0.0
2012-06-29 00:00:00+07:00,6267.40035713999,6558.9072265625,6121.646478336065,6558.9072265625,426736,0.0,0.0
2012-07-02 00:00:00+07:00,6762.962071290918,6762.962071290918,6267.400390625,6267.400390625,134829,0.0,0.0
2012-07-03 00:00:00+07:00,6048.76953125,6121.6460211162175,5975.892597291146,6048.76953125,149992,0.0,0.0
2012-07-04 00:00:00+07:00,6048.7700153437,6267.400390625,6048.7700153437,6267.400390625,81163,0.0,0.0
2012-07-05 00:00:00+07:00,6252.8248250296665,6267.400390625,6252.8248250296665,6267.400390625,21391,0.0,0.0
2012-07-06 00:00:00+07:00,6398.578335699501,6398.578335699501,6267.400464263589,6281.9755859375,100449,0.0,0.0
2012-07-09 00:00:00+07:00,6092.496392945487,6121.647082765975,6063.345703125,6063.345703125,133147,0.0,0.0
2012-07-10 00:00:00+07:00,6136.222539350681,6136.222539350681,6121.64697265625,6121.64697265625,179133,0.0,0.0
2012-07-11 00:00:00+07:00,6121.646675400597,6150.79736328125,6121.646675400597,6150.79736328125,1380337,0.0,0.0
2012-07-12 00:00:00+07:00,6121.646980402293,6194.52392578125,6121.646980402293,6194.52392578125,60073,0.0,0.0
2012-07-13 00:00:00+07:00,6369.4277560759565,6369.4277560759565,6209.098750392937,6223.67431640625,516405,0.0,0.0
2012-07-16 00:00:00+07:00,6384.002897506189,6384.002897506189,6238.2490234375,6238.2490234375,1608,0.0,0.0
2012-07-17 00:00:00+07:00,6281.975274476637,6281.975274476637,6238.2490234375,6238.2490234375,188620,0.0,0.0
2012-07-18 00:00:00+07:00,6238.24942692321,6267.400558896547,6150.79736328125,6150.79736328125,174453,0.0,0.0
2012-07-19 00:00:00+07:00,6121.646980402293,6194.52392578125,6121.646980402293,6194.52392578125,18391,0.0,0.0
2012-07-20 00:00:00+07:00,6325.701258563955,6325.701258563955,6048.76953125,6048.76953125,264561,0.0,0.0
2012-07-23 00:00:00+07:00,6048.76953125,6048.76953125,6048.76953125,6048.76953125,12465,0.0,0.0
2012-07-24 00:00:00+07:00,6150.796705881232,6150.796705881232,6048.76953125,6048.76953125,143817,0.0,0.0
2012-07-25 00:00:00+07:00,6107.072149440215,6107.072149440215,6048.770767989808,6092.49658203125,1675171,0.0,0.0
2012-07-26 00:00:00+07:00,6107.070900780029,6107.070900780029,6048.76953125,6048.76953125,52587,0.0,0.0
2012-07-27 00:00:00+07:00,6107.071694568183,6107.071694568183,6019.61962890625,6019.61962890625,26191,0.0,0.0
2012-07-30 00:00:00+07:00,6107.070900780029,6107.070900780029,6048.76953125,6048.76953125,9408,0.0,0.0
2012-07-31 00:00:00+07:00,6019.61962890625,6048.7703174602275,6019.61962890625,6019.61962890625,1442170,0.0,0.0
2012-08-01 00:00:00+07:00,6019.6188271785995,6019.6188271785995,5975.892578125,5975.892578125,229305,0.0,0.0
2012-08-02 00:00:00+07:00,6107.0712890625,6107.0712890625,5975.8929772334095,6107.0712890625,219193,0.0,0.0
2012-08-03 00:00:00+07:00,6107.072149440215,6107.072149440215,5975.893819130434,6092.49658203125,101697,0.0,0.0
2012-08-06 00:00:00+07:00,6107.070881193163,6121.646001482605,5975.892578125,5975.892578125,57267,0.0,0.0
2012-08-07 00:00:00+07:00,5990.46875,5990.46875,5990.46875,5990.46875,508545,0.0,0.0
2012-08-08 00:00:00+07:00,5990.468542588937,6281.975408772844,5975.8929772334095,6107.0712890625,1196193,0.0,0.0
2012-08-09 00:00:00+07:00,6325.701934657854,6325.701934657854,6121.646675400597,6150.79736328125,196792,0.0,0.0
2012-08-10 00:00:00+07:00,6179.948654206862,6179.948654206862,6019.620077264603,6092.49658203125,79107,0.0,0.0
2012-08-13 00:00:00+07:00,6019.620077264603,6194.524221615827,6019.620077264603,6092.49658203125,526077,0.0,0.0
2012-08-14 00:00:00+07:00,6092.495709033869,6092.495709033869,6034.1943359375,6034.1943359375,307929,0.0,0.0
2012-08-15 00:00:00+07:00,6048.770530624675,6048.770530624675,5830.14013671875,5830.14013671875,1223833,0.0,0.0
2012-08-16 00:00:00+07:00,5961.318542163392,6092.496424999384,5844.715782267969,5917.59228515625,126280,0.0,0.0
2012-08-17 00:00:00+07:00,6092.4955417540905,6107.071106674318,5932.1669921875,5932.1669921875,86530,0.0,0.0
2012-08-20 00:00:00+07:00,5932.167852189536,6034.195045051672,5917.59228515625,5917.59228515625,169465,0.0,0.0
2012-08-21 00:00:00+07:00,5684.38623046875,5917.591728315125,5626.084856007156,5684.38623046875,431416,0.0,0.0
2012-08-22 00:00:00+07:00,5317.08740234375,5736.857565603364,5317.08740234375,5317.08740234375,106952,0.0,0.0
2012-08-23 00:00:00+07:00,5159.673603475337,5159.673603475337,5054.73095703125,5054.73095703125,611248,0.0,0.0
2012-08-24 00:00:00+07:00,5054.731556038467,5299.59716796875,4897.31756771811,5299.59716796875,164464,0.0,0.0
2012-08-27 00:00:00+07:00,5159.673966827164,5422.030157320236,5037.24072265625,5037.24072265625,116416,0.0,0.0
2012-08-28 00:00:00+07:00,5037.240415971646,5282.1064453125,5037.240415971646,5282.1064453125,29523,0.0,0.0
2012-08-29 00:00:00+07:00,5387.049488163681,5526.972436237106,5387.049488163681,5491.99169921875,90883,0.0,0.0
2012-08-30 00:00:00+07:00,5631.915226421161,5631.915226421161,5491.991830900106,5509.482421875,46164,0.0,0.0
2012-08-31 00:00:00+07:00,5369.558275711811,5561.952973168861,5247.12548828125,5247.12548828125,67225,0.0,0.0
2012-09-04 00:00:00+07:00,5247.12548828125,5352.067687182029,5247.12548828125,5247.12548828125,124267,0.0,0.0
2012-09-05 00:00:00+07:00,5404.539514191504,5404.539514191504,5002.259937213101,5177.1640625,52457,0.0,0.0
2012-09-06 00:00:00+07:00,5072.221100277489,5194.654335783846,4984.76904296875,4984.76904296875,678484,0.0,0.0
2012-09-07 00:00:00+07:00,4984.770092251547,5142.18409499816,4984.770092251547,5072.22216796875,1228592,0.0,0.0
2012-09-10 00:00:00+07:00,5072.22216796875,5142.18409499816,5072.22216796875,5072.22216796875,456028,0.0,0.0
2012-09-11 00:00:00+07:00,5019.750442764109,5124.6926497116965,5019.750442764109,5089.7119140625,12522,0.0,0.0
2012-09-12 00:00:00+07:00,4984.770092251547,5072.22216796875,4984.770092251547,5072.22216796875,343186,0.0,0.0
2012-09-13 00:00:00+07:00,5212.144709538948,5212.144709538948,5072.221322885521,5159.673828125,18657,0.0,0.0
2012-09-14 00:00:00+07:00,5159.6739164269175,5194.654652665761,5159.6739164269175,5177.1640625,66650,0.0,0.0
2012-09-17 00:00:00+07:00,5072.221324191566,5159.6738294535635,5072.221324191566,5089.7119140625,16839,0.0,0.0
2012-09-18 00:00:00+07:00,5089.71155978403,5159.67347030527,5072.22097113056,5107.2021484375,822938,0.0,0.0
2012-09-19 00:00:00+07:00,5072.22216796875,5107.203353529827,5072.22216796875,5072.22216796875,581816,0.0,0.0
2012-09-20 00:00:00+07:00,5072.221102043496,5072.221102043496,4897.316987365121,5054.73095703125,804376,0.0,0.0
2012-09-21 00:00:00+07:00,5124.693269777109,5124.693269777109,4809.86572265625,4809.86572265625,2283464,0.0,0.0
2012-09-24 00:00:00+07:00,5019.750897211524,5019.750897211524,4932.298828125,4932.298828125,8208,0.0,0.0
2012-09-25 00:00:00+07:00,4932.2981638576275,4984.76904296875,4809.864928351271,4984.76904296875,14448,0.0,0.0
2012-09-26 00:00:00+07:00,4897.3173828125,4984.769447213245,4897.3173828125,4897.3173828125,44346,0.0,0.0
2012-09-27 00:00:00+07:00,4897.316985660011,4984.76904296875,4897.316985660011,4984.76904296875,48972,0.0,0.0
2012-09-28 00:00:00+07:00,5037.240500663931,5037.240500663931,5002.259765625,5002.259765625,2121,0.0,0.0
2012-10-01 00:00:00+07:00,4809.864928351271,4984.76904296875,4809.864928351271,4984.76904296875,40651,0.0,0.0
2012-10-02 00:00:00+07:00,4967.27978515625,4984.769933286279,4897.31786035794,4967.27978515625,9559,0.0,0.0
2012-10-03 00:00:00+07:00,4809.864928351271,4984.76904296875,4809.864928351271,4984.76904296875,7425,0.0,0.0
2012-10-04 00:00:00+07:00,4967.27978515625,4967.27978515625,4967.27978515625,4967.27978515625,8049,0.0,0.0
2012-10-05 00:00:00+07:00,4967.27978515625,5037.24126586183,4967.27978515625,4967.27978515625,62753,0.0,0.0
2012-10-08 00:00:00+07:00,5072.221409690789,5177.1640625,5019.750527378862,5177.1640625,869114,0.0,0.0
2012-10-09 00:00:00+07:00,5177.1640625,5212.144798738844,5072.221409690789,5177.1640625,1544804,0.0,0.0
2012-10-10 00:00:00+07:00,5159.673612671106,5422.02978515625,5159.673612671106,5422.02978515625,1602265,0.0,0.0
2012-10-11 00:00:00+07:00,5422.03049173073,5579.444038098177,5422.03049173073,5457.01123046875,469600,0.0,0.0
2012-10-12 00:00:00+07:00,5422.030355185929,5509.482421875,5422.030355185929,5509.482421875,651338,0.0,0.0
2012-10-15 00:00:00+07:00,5666.8958284032215,5666.8958284032215,5387.049488163681,5491.99169921875,317137,0.0,0.0
2012-10-16 00:00:00+07:00,5439.520367667492,5631.915087266807,5439.520367667492,5561.95361328125,886898,0.0,0.0
2012-10-17 00:00:00+07:00,5544.462890625,5544.462890625,5474.501418306486,5544.462890625,288640,0.0,0.0
2012-10-18 00:00:00+07:00,5474.501418306486,5544.462890625,5474.501418306486,5544.462890625,115426,0.0,0.0
2012-10-19 00:00:00+07:00,5544.462576830787,5561.953165966858,5422.02978515625,5422.02978515625,121408,0.0,0.0
2012-10-22 00:00:00+07:00,5422.030306661765,5579.44384765625,5422.030306661765,5579.44384765625,693304,0.0,0.0
2012-10-23 00:00:00+07:00,5579.443711976097,5841.8003474081115,5579.443711976097,5631.9150390625,116882,0.0,0.0
2012-10-24 00:00:00+07:00,5491.991648196321,5631.9150390625,5491.991648196321,5631.9150390625,31812,0.0,0.0
2012-10-25 00:00:00+07:00,5491.991861733648,5666.89599609375,5491.991861733648,5666.89599609375,114490,0.0,0.0
2012-10-26 00:00:00+07:00,5719.366378722124,5719.366378722124,5596.93359375,5596.93359375,20479,0.0,0.0
2012-10-29 00:00:00+07:00,5596.934488564071,5771.838621942215,5509.482421875,5509.482421875,283336,0.0,0.0
2012-10-30 00:00:00+07:00,5491.991830900106,5509.482421875,5491.991830900106,5509.482421875,325819,0.0,0.0
2012-10-31 00:00:00+07:00,5457.011093043017,5509.482421875,5317.0876975219635,5509.482421875,375169,0.0,0.0
2012-11-01 00:00:00+07:00,5579.443005571427,5596.93359375,5387.048756070269,5596.93359375,32643,0.0,0.0
2012-11-02 00:00:00+07:00,5387.049049355363,5474.50110682409,5334.577726055597,5352.06787109375,1321828,0.0,0.0
2012-11-05 00:00:00+07:00,5509.482421875,5509.482421875,5509.482421875,5509.482421875,62387,0.0,0.0
2012-11-06 00:00:00+07:00,5422.029874200597,5509.481933131843,5422.029874200597,5439.52001953125,1195570,0.0,0.0
2012-11-07 00:00:00+07:00,5509.482201300369,5509.482201300369,5439.520284294449,5474.50146484375,588002,0.0,0.0
2012-11-08 00:00:00+07:00,5509.482421875,5509.482421875,5334.578288496858,5509.482421875,657787,0.0,0.0
2012-11-09 00:00:00+07:00,5579.44384765625,5579.44384765625,5579.44384765625,5579.44384765625,1412618,0.0,0.0
2012-11-12 00:00:00+07:00,5596.934488564071,5614.425079538966,5352.068435379052,5509.482421875,96968,0.0,0.0
2012-11-13 00:00:00+07:00,5509.482421875,5509.482421875,5352.068435379052,5509.482421875,179752,0.0,0.0
2012-11-14 00:00:00+07:00,5509.48184099305,5509.48184099305,5352.06787109375,5352.06787109375,4410,0.0,0.0
2012-11-15 00:00:00+07:00,5352.068435379052,5561.953750706983,5352.068435379052,5509.482421875,374024,0.0,0.0
2012-11-16 00:00:00+07:00,5509.482289774273,5509.482289774273,5439.520371644871,5491.99169921875,96032,0.0,0.0
2012-11-19 00:00:00+07:00,5509.482289774273,5509.482289774273,5387.049488163681,5491.99169921875,42732,0.0,0.0
2012-11-20 00:00:00+07:00,5422.030225182038,5491.99169921875,5422.030225182038,5491.99169921875,51156,0.0,0.0
2012-11-21 00:00:00+07:00,5474.501552755916,5491.99169921875,5387.049488163681,5491.99169921875,79184,0.0,0.0
2012-11-22 00:00:00+07:00,5422.030225182038,5491.99169921875,5422.030225182038,5491.99169921875,19074,0.0,0.0
2012-11-23 00:00:00+07:00,5474.50146484375,5509.482201300369,5352.068221106561,5474.50146484375,1694096,0.0,0.0
2012-11-26 00:00:00+07:00,5491.991611025719,5491.991611025719,5422.030138112481,5474.50146484375,25783,0.0,0.0
2012-11-27 00:00:00+07:00,5387.049401655862,5474.50146484375,5387.049401655862,5474.50146484375,1139930,0.0,0.0
2012-11-28 00:00:00+07:00,5422.029874200597,5474.501198377877,5422.029874200597,5439.52001953125,30876,0.0,0.0
2012-11-29 00:00:00+07:00,5561.953347381877,5561.953347381877,5422.029962007369,5526.97216796875,13041,0.0,0.0
2012-11-30 00:00:00+07:00,5491.991781749826,5596.934438474614,5439.520453387433,5579.44384765625,1351417,0.0,0.0
2012-12-03 00:00:00+07:00,5439.520639053385,5457.01123046875,5439.520639053385,5457.01123046875,2134586,0.0,0.0
2012-12-04 00:00:00+07:00,5439.520639053385,5457.01123046875,5404.539900315364,5457.01123046875,303,0.0,0.0
2012-12-05 00:00:00+07:00,5457.010519335739,5457.010519335739,5422.02978515625,5422.02978515625,22506,0.0,0.0
2012-12-06 00:00:00+07:00,5422.030355185929,5579.443897589177,5422.030355185929,5509.482421875,195092,0.0,0.0
2012-12-07 00:00:00+07:00,5509.482560622136,5509.482560622136,5422.03049173073,5457.01123046875,2365832,0.0,0.0
2012-12-10 00:00:00+07:00,5457.01069732783,5561.953347381877,5457.01069732783,5526.97216796875,192752,0.0,0.0
2012-12-11 00:00:00+07:00,5474.501684017911,5526.9725687571945,5474.501684017911,5509.482421875,28587,0.0,0.0
2012-12-12 00:00:00+07:00,5491.991517108421,5684.38623046875,5491.991517108421,5684.38623046875,2620840,0.0,0.0
2012-12-13 00:00:00+07:00,5649.405494610329,5754.347702185592,5649.405494610329,5684.38623046875,811915,0.0,0.0
2012-12-14 00:00:00+07:00,5684.386398780159,5964.23318211898,5684.386398780159,5859.29052734375,447032,0.0,0.0
2012-12-17 00:00:00+07:00,5859.290953619615,6086.66642611287,5859.290953619615,5999.21435546875,4444948,0.0,0.0
2012-12-18 00:00:00+07:00,5999.214216882114,6051.685546875,5981.723625520249,6051.685546875,1381160,0.0,0.0
2012-12-19 00:00:00+07:00,5876.7808062143695,6034.1943359375,5824.309481609105,6034.1943359375,74971,0.0,0.0
2012-12-20 00:00:00+07:00,6016.704815578876,6016.704815578876,5911.762155465169,5981.7236328125,920752,0.0,0.0
2012-12-21 00:00:00+07:00,5981.723413170464,5981.723413170464,5894.271347651084,5946.74267578125,1015132,0.0,0.0
2012-12-24 00:00:00+07:00,5999.21360079134,6104.15625,5964.232865752674,6104.15625,6253202,0.0,0.0
2012-12-25 00:00:00+07:00,6121.646616833122,6139.13720703125,5999.213817724263,6139.13720703125,416092,0.0,0.0
2012-12-26 00:00:00+07:00,6121.6462616175295,6121.6462616175295,5946.742146155979,6086.66552734375,99256,0.0,0.0
2012-12-27 00:00:00+07:00,6121.646395582054,6121.646395582054,5894.270951687682,6034.1943359375,151724,0.0,0.0
2012-12-28 00:00:00+07:00,5999.214216882114,6051.685546875,5999.214216882114,6051.685546875,657370,0.0,0.0
2013-01-02 00:00:00+07:00,5946.742591625546,6034.194655907341,5859.29052734375,5859.29052734375,1187929,0.0,0.0
2013-01-03 00:00:00+07:00,6086.66642611287,6086.66642611287,5824.310214180511,5999.21435546875,37323,0.0,0.0
2013-01-04 00:00:00+07:00,5841.800380943003,5946.742591625546,5841.800380943003,5859.29052734375,184952,0.0,0.0
2013-01-07 00:00:00+07:00,5946.742591625546,5946.742591625546,5859.29052734375,5859.29052734375,90001,0.0,0.0
2013-01-08 00:00:00+07:00,5859.290353853531,5876.780943829079,5579.443578800811,5684.38623046875,170392,0.0,0.0
2013-01-09 00:00:00+07:00,5841.800160144855,5841.800160144855,5719.366919503709,5824.3095703125,227072,0.0,0.0
2013-01-10 00:00:00+07:00,5859.289946233512,5859.289946233512,5771.837890625,5771.837890625,639016,0.0,0.0
2013-01-11 00:00:00+07:00,5771.837893707738,5841.7998046875,5771.837893707738,5841.7998046875,3590066,0.0,0.0
2013-01-14 00:00:00+07:00,5859.29030588454,5876.780895716895,5824.3095703125,5824.3095703125,886849,0.0,0.0
2013-01-15 00:00:00+07:00,5771.838113302786,5876.78076171875,5771.838113302786,5876.78076171875,811345,0.0,0.0
2013-01-16 00:00:00+07:00,6086.665753241807,6086.665753241807,5806.818980480145,5824.3095703125,972649,0.0,0.0
2013-01-17 00:00:00+07:00,5841.800026520808,5841.800026520808,5771.838112884351,5806.81884765625,606722,0.0,0.0
2013-01-18 00:00:00+07:00,5806.818624049876,5806.818624049876,5771.837890625,5771.837890625,689665,0.0,0.0
2013-01-21 00:00:00+07:00,5771.83851536308,5771.83851536308,5684.386450288844,5719.3671875,497524,0.0,0.0
2013-01-22 00:00:00+07:00,5684.386614194914,5684.386614194914,5369.55908203125,5369.55908203125,703705,0.0,0.0
2013-01-23 00:00:00+07:00,5369.55908203125,5561.95380837924,5352.0684908749945,5369.55908203125,496537,0.0,0.0
2013-01-24 00:00:00+07:00,5369.558897608159,5491.99169921875,5369.558897608159,5491.99169921875,678121,0.0,0.0
2013-01-25 00:00:00+07:00,5491.991830900106,5579.443897589177,5491.991830900106,5509.482421875,2683720,0.0,0.0
2013-01-28 00:00:00+07:00,5649.405817396055,5684.386555253143,5439.520502068123,5509.482421875,422800,0.0,0.0
2013-01-29 00:00:00+07:00,5422.030138112481,5491.991611025719,5369.558811381212,5474.50146484375,488788,0.0,0.0
2013-01-30 00:00:00+07:00,5439.520284294449,5509.482201300369,5422.030138112481,5474.50146484375,366433,0.0,0.0
2013-01-31 00:00:00+07:00,5474.50146484375,5544.462937756988,5474.50146484375,5474.50146484375,105859,0.0,0.0
2013-02-01 00:00:00+07:00,5474.501552755916,5544.4630267926295,5457.010962200394,5491.99169921875,508984,0.0,0.0
2013-02-04 00:00:00+07:00,5544.4630267926295,5544.4630267926295,5491.99169921875,5491.99169921875,61817,0.0,0.0
2013-02-05 00:00:00+07:00,5439.520558470862,5509.482479003179,5369.55908203125,5369.55908203125,65611,0.0,0.0
2013-02-06 00:00:00+07:00,5369.558811381212,5474.50146484375,5369.558811381212,5474.50146484375,77363,0.0,0.0
2013-02-07 00:00:00+07:00,5474.50146484375,5509.482201300369,5422.030138112481,5474.50146484375,475684,0.0,0.0
2013-02-08 00:00:00+07:00,5422.030225182038,5491.99169921875,5422.030225182038,5491.99169921875,73568,0.0,0.0
2013-02-18 00:00:00+07:00,5736.857556302719,5736.857556302719,5491.991517108421,5684.38623046875,166648,0.0,0.0
2013-02-19 00:00:00+07:00,5684.386555253143,5684.386555253143,5422.030355185929,5509.482421875,20791,0.0,0.0
2013-02-20 00:00:00+07:00,5544.462757675314,5544.462757675314,5509.482022354853,5526.97216796875,24066,0.0,0.0
2013-02-21 00:00:00+07:00,5509.481842651298,5509.481842651298,5422.02978515625,5422.02978515625,36234,0.0,0.0
2013-02-22 00:00:00+07:00,5526.9719876947165,5526.9719876947165,5369.558461840691,5422.02978515625,220364,0.0,0.0
2013-02-25 00:00:00+07:00,5474.50146484375,5474.50146484375,5422.030138112481,5474.50146484375,12834,0.0,0.0
2013-02-26 00:00:00+07:00,5457.0109257937775,5457.0109257937775,5334.578125,5334.578125,42057,0.0,0.0
2013-02-27 00:00:00+07:00,5264.61612514345,5334.578041713817,5177.1640625,5177.1640625,33267,0.0,0.0
2013-02-28 00:00:00+07:00,5404.539462311438,5404.539462311438,5247.125928701368,5387.04931640625,18504,0.0,0.0
2013-03-01 00:00:00+07:00,5334.578125,5334.578125,5334.578125,5334.578125,5295,0.0,0.0
2013-03-04 00:00:00+07:00,5387.048902337177,5387.048902337177,5107.2021484375,5107.2021484375,166804,0.0,0.0
2013-03-05 00:00:00+07:00,5107.202237945142,5247.125617347246,5107.202237945142,5124.6923828125,39924,0.0,0.0
2013-03-06 00:00:00+07:00,5247.125843620507,5247.125843620507,5159.673783234554,5229.63525390625,32331,0.0,0.0
2013-03-07 00:00:00+07:00,5229.634899751468,5334.577542744884,5159.673433817616,5247.12548828125,174553,0.0,0.0
2013-03-08 00:00:00+07:00,5247.12548828125,5247.12548828125,5194.654166784542,5247.12548828125,31188,0.0,0.0
2013-03-11 00:00:00+07:00,5247.12548828125,5247.12548828125,5177.16357825476,5247.12548828125,31345,0.0,0.0
2013-03-12 00:00:00+07:00,5247.125843620507,5299.596724577945,5229.63525390625,5229.63525390625,620131,0.0,0.0
2013-03-13 00:00:00+07:00,5159.6740480252165,5247.126112899145,5159.6740480252165,5194.65478515625,84697,0.0,0.0
2013-03-14 00:00:00+07:00,5124.693002674404,5194.654922884087,5124.693002674404,5142.18359375,41226,0.0,0.0
2013-03-15 00:00:00+07:00,5142.1828816518,5142.1828816518,5107.2021484375,5107.2021484375,9871,0.0,0.0
2013-03-18 00:00:00+07:00,5107.2021484375,5124.692292998329,5107.2021484375,5107.2021484375,17097,0.0,0.0
2013-03-19 00:00:00+07:00,5072.22145923679,5089.712049573402,5037.24072265625,5037.24072265625,47881,0.0,0.0
2013-03-20 00:00:00+07:00,5037.240367926352,5054.73095703125,5037.240367926352,5054.73095703125,157705,0.0,0.0
2013-03-21 00:00:00+07:00,4984.769044704309,5072.221102043496,4984.769044704309,5054.73095703125,89635,0.0,0.0
2013-03-22 00:00:00+07:00,4984.769308222187,5054.731224247637,4984.769308222187,5019.75048828125,41641,0.0,0.0
2013-03-25 00:00:00+07:00,5002.259986075711,5037.24072265625,4984.769395739099,5037.24072265625,34411,0.0,0.0
2013-03-26 00:00:00+07:00,5037.24072265625,5037.24072265625,5019.7505764123225,5037.24072265625,55211,0.0,0.0
2013-03-27 00:00:00+07:00,5037.24072265625,5054.731312992862,5019.7505764123225,5037.24072265625,57968,0.0,0.0
2013-03-28 00:00:00+07:00,5019.750221166367,5037.240366172524,4984.76904296875,4984.76904296875,64987,0.0,0.0
2013-03-29 00:00:00+07:00,4949.78919293349,5019.7511177318,4949.78919293349,4967.27978515625,60361,0.0,0.0
2013-04-01 00:00:00+07:00,4967.278897962593,4984.76904296875,4914.807574758819,4984.76904296875,43201,0.0,0.0
2013-04-02 00:00:00+07:00,5002.259632067558,5019.750221166367,4967.278897962593,4984.76904296875,53339,0.0,0.0
2013-04-03 00:00:00+07:00,5002.259632067558,5002.259632067558,4984.76904296875,4984.76904296875,6024,0.0,0.0
2013-04-04 00:00:00+07:00,4984.769933286279,4984.769933286279,4827.35637965236,4967.27978515625,414469,0.0,0.0
2013-04-05 00:00:00+07:00,4984.769933286279,4984.769933286279,4949.78919293349,4967.27978515625,1593580,0.0,0.0
2013-04-08 00:00:00+07:00,4967.278674248576,4967.278674248576,4914.807353407981,4949.7880859375,65090,0.0,0.0
2013-04-09 00:00:00+07:00,4949.788357798339,5282.1064453125,4932.298212619272,5282.1064453125,691432,0.0,0.0
2013-04-10 00:00:00+07:00,5422.030355185929,5649.405817396055,5422.030355185929,5509.482421875,533714,0.0,0.0
2013-04-11 00:00:00+07:00,5369.558726408387,5422.030052309302,5247.125928701368,5387.04931640625,87554,0.0,0.0
2013-04-12 00:00:00+07:00,5247.12548828125,5247.12548828125,5054.730790824199,5247.12548828125,121042,0.0,0.0
2013-04-15 00:00:00+07:00,5124.692746709233,5124.692746709233,4879.8271484375,4879.8271484375,213448,0.0,0.0
2013-04-16 00:00:00+07:00,4879.826925577618,4879.826925577618,4722.412953226816,4774.88427734375,570739,0.0,0.0
2013-04-17 00:00:00+07:00,4774.8845814699935,5002.26003773047,4774.8845814699935,4897.3173828125,60098,0.0,0.0
2013-04-18 00:00:00+07:00,4897.317294546807,4897.317294546807,4862.336558235514,4879.8271484375,38364,0.0,0.0
2013-04-22 00:00:00+07:00,5054.731274086646,5054.731274086646,4879.8271484375,4879.8271484375,29211,0.0,0.0
2013-04-23 00:00:00+07:00,4879.827340615549,4879.827340615549,4687.4326171875,4687.4326171875,310688,0.0,0.0
2013-04-24 00:00:00+07:00,4722.413221630451,4722.413221630451,4634.961157829344,4669.94189453125,799184,0.0,0.0
2013-04-25 00:00:00+07:00,4722.413221630451,4722.413221630451,4634.961157829344,4669.94189453125,38625,0.0,0.0
2013-04-26 00:00:00+07:00,4582.489743984126,4652.45166015625,4582.489743984126,4652.45166015625,92131,0.0,0.0
2013-05-02 00:00:00+07:00,4652.451884947577,4722.413360407336,4617.470703125,4617.470703125,23911,0.0,0.0
2013-05-03 00:00:00+07:00,4634.961157829344,4669.94189453125,4617.470567432049,4669.94189453125,30564,0.0,0.0
2013-05-06 00:00:00+07:00,4687.43256832029,4809.865371001441,4669.941977611828,4757.39404296875,117769,0.0,0.0
2013-05-07 00:00:00+07:00,4774.884321638984,4774.884321638984,4687.432261997047,4704.9228515625,77051,0.0,0.0
2013-05-08 00:00:00+07:00,4704.923208078304,4722.413354876409,4687.4326171875,4687.4326171875,160564,0.0,0.0
2013-05-09 00:00:00+07:00,4722.413354876409,4722.413354876409,4652.451879498591,4687.4326171875,200293,0.0,0.0
2013-05-10 00:00:00+07:00,4669.94189453125,4687.432484928545,4617.470567432049,4669.94189453125,224680,0.0,0.0
2013-05-13 00:00:00+07:00,4669.94189453125,4809.865285431556,4669.94189453125,4669.94189453125,362218,0.0,0.0
2013-05-14 00:00:00+07:00,4599.9806583802165,4599.9806583802165,4477.5478515625,4477.5478515625,240436,0.0,0.0
2013-05-15 00:00:00+07:00,4530.018107917423,4530.018107917423,4407.58531810936,4460.056640625,23703,0.0,0.0
2013-05-16 00:00:00+07:00,4477.547452010278,4512.52818739489,4460.056862271638,4495.03759765625,141169,0.0,0.0
2013-05-17 00:00:00+07:00,4442.566807909972,4495.038139356581,4425.07666015625,4425.07666015625,60673,0.0,0.0
2013-05-20 00:00:00+07:00,4425.07666015625,4425.07666015625,4372.605328709641,4425.07666015625,1736164,0.0,0.0
2013-05-21 00:00:00+07:00,4425.0762600775915,4512.528323217677,4425.0762600775915,4442.56640625,1221520,0.0,0.0
2013-05-22 00:00:00+07:00,4477.547060826997,4582.4892578125,4477.547060826997,4582.4892578125,1088242,0.0,0.0
2013-05-23 00:00:00+07:00,4599.980334050326,4774.884458341622,4582.489743984126,4652.45166015625,1120120,0.0,0.0
2013-05-24 00:00:00+07:00,4477.547620624428,4722.413221630451,4477.547620624428,4669.94189453125,49491,0.0,0.0
2013-05-27 00:00:00+07:00,4669.941891147941,4774.884545270313,4669.941891147941,4739.90380859375,310114,0.0,0.0
2013-05-28 00:00:00+07:00,4739.9038120277455,4739.9038120277455,4617.470567432049,4669.94189453125,101128,0.0,0.0
2013-05-29 00:00:00+07:00,4704.923208078304,4704.923208078304,4634.961288607787,4687.4326171875,178297,0.0,0.0
2013-05-30 00:00:00+07:00,4704.922986262174,4704.922986262174,4652.45166015625,4652.45166015625,103729,0.0,0.0
2013-05-31 00:00:00+07:00,4722.413221630451,4739.9038120277455,4669.94189453125,4669.94189453125,288433,0.0,0.0
2013-06-03 00:00:00+07:00,4669.941891147941,4774.884545270313,4669.941891147941,4739.90380859375,137944,0.0,0.0
2013-06-04 00:00:00+07:00,4739.903499929194,4932.298205260488,4739.903499929194,4844.845703125,841034,0.0,0.0
2013-06-05 00:00:00+07:00,4879.8270155067785,4879.8270155067785,4757.393775613419,4862.33642578125,506728,0.0,0.0
2013-06-06 00:00:00+07:00,4809.865318411755,4897.3173828125,4774.8845814699935,4897.3173828125,425972,0.0,0.0
2013-06-07 00:00:00+07:00,4914.8079733297245,4914.8079733297245,4809.865318411755,4897.3173828125,470764,0.0,0.0
2013-06-10 00:00:00+07:00,5054.731274086646,5054.731274086646,4879.8271484375,4879.8271484375,418069,0.0,0.0
2013-06-11 00:00:00+07:00,4809.865100697335,4879.8270155067785,4809.865100697335,4862.33642578125,195248,0.0,0.0
2013-06-12 00:00:00+07:00,4879.826881616257,4879.826881616257,4809.864968726399,4844.845703125,72944,0.0,0.0
2013-06-13 00:00:00+07:00,4809.865371001441,4809.865371001441,4739.903896352981,4757.39404296875,270283,0.0,0.0
2013-06-14 00:00:00+07:00,4879.827289742594,4879.827289742594,4757.39404296875,4757.39404296875,29785,0.0,0.0
2013-06-17 00:00:00+07:00,4757.394390787319,4897.317794406893,4757.394390787319,4809.86572265625,170809,0.0,0.0
2013-06-18 00:00:00+07:00,4722.413084534562,4792.375,4722.413084534562,4792.375,45747,0.0,0.0
2013-06-19 00:00:00+07:00,4792.3752243856725,4792.3752243856725,4739.903896352981,4757.39404296875,143509,0.0,0.0
2013-06-20 00:00:00+07:00,4757.394313532413,4757.394313532413,4687.4328349050875,4722.41357421875,139712,0.0,0.0
2013-06-21 00:00:00+07:00,4704.923208078304,4704.923208078304,4687.4326171875,4687.4326171875,7479,0.0,0.0
2013-06-24 00:00:00+07:00,4722.41349463805,4722.41349463805,4634.96142578125,4634.96142578125,67745,0.0,0.0
2013-06-25 00:00:00+07:00,4634.960752948702,4634.960752948702,4460.056640625,4460.056640625,111217,0.0,0.0
2013-06-26 00:00:00+07:00,4442.566618914985,4547.50927734375,4442.566618914985,4547.50927734375,73931,0.0,0.0
2013-06-27 00:00:00+07:00,4547.509433557718,4722.41357421875,4547.509433557718,4722.41357421875,122498,0.0,0.0
2013-06-28 00:00:00+07:00,4687.4328349050875,4722.41357421875,4687.4328349050875,4722.41357421875,2745,0.0,0.0
2013-07-01 00:00:00+07:00,4634.96142578125,4634.96142578125,4634.96142578125,4634.96142578125,110746,0.0,0.0
2013-07-02 00:00:00+07:00,4634.961288607787,4704.923208078304,4634.961288607787,4687.4326171875,12625,0.0,0.0
2013-07-03 00:00:00+07:00,4634.961157829344,4669.94189453125,4634.961157829344,4669.94189453125,51363,0.0,0.0
2013-07-04 00:00:00+07:00,4599.9804211274395,4669.94189453125,4599.9804211274395,4669.94189453125,39507,0.0,0.0
2013-07-05 00:00:00+07:00,4687.4326171875,4687.4326171875,4687.4326171875,4687.4326171875,19023,0.0,0.0
2013-07-08 00:00:00+07:00,4704.923208078304,4704.923208078304,4634.961288607787,4687.4326171875,511,0.0,0.0
2013-07-09 00:00:00+07:00,4617.470834372806,4634.96142578125,4617.470834372806,4634.96142578125,37635,0.0,0.0
2013-07-10 00:00:00+07:00,4599.980687057072,4634.96142578125,4599.980687057072,4634.96142578125,9247,0.0,0.0
2013-07-11 00:00:00+07:00,4687.4326226774565,4687.4326226774565,4617.470703125,4617.470703125,15954,0.0,0.0
2013-07-12 00:00:00+07:00,4652.45166015625,4652.45166015625,4582.489743984126,4652.45166015625,24535,0.0,0.0
2013-07-15 00:00:00+07:00,4704.923347322317,4704.923347322317,4582.490095648628,4634.96142578125,17256,0.0,0.0
2013-07-16 00:00:00+07:00,4547.50927734375,4634.961344670152,4547.50927734375,4547.50927734375,125203,0.0,0.0
2013-07-17 00:00:00+07:00,4547.509227665242,4617.470703125,4530.018636753954,4617.470703125,119587,0.0,0.0
2013-07-18 00:00:00+07:00,4547.509227665242,4617.470703125,4530.018636753954,4617.470703125,3491578,0.0,0.0
2013-07-19 00:00:00+07:00,4652.451935772514,4652.451935772514,4547.50927734375,4547.50927734375,105496,0.0,0.0
2013-07-22 00:00:00+07:00,4757.394150108576,4757.394150108576,4512.528539231729,4547.50927734375,155677,0.0,0.0
2013-07-23 00:00:00+07:00,4704.923347322317,4704.923347322317,4582.490095648628,4634.96142578125,353953,0.0,0.0
2013-07-24 00:00:00+07:00,4634.961344670152,4634.961344670152,4547.50927734375,4547.50927734375,105289,0.0,0.0
2013-07-25 00:00:00+07:00,4669.941942878106,4669.941942878106,4564.999731685947,4599.98046875,404540,0.0,0.0
2013-07-26 00:00:00+07:00,4599.98046875,4599.98046875,4564.999731685947,4599.98046875,4662361,0.0,0.0
2013-07-29 00:00:00+07:00,4582.4892578125,4582.4892578125,4460.056472616432,4582.4892578125,20841,0.0,0.0
2013-07-30 00:00:00+07:00,4460.056472616432,4582.4892578125,4460.056472616432,4582.4892578125,139921,0.0,0.0
2013-07-31 00:00:00+07:00,4617.470703125,4617.470703125,4582.489965395121,4617.470703125,70187,0.0,0.0
2013-08-01 00:00:00+07:00,4582.490095648628,4634.96142578125,4582.490095648628,4634.96142578125,33996,0.0,0.0
2013-08-02 00:00:00+07:00,4634.96142578125,4652.452017189695,4634.96142578125,4634.96142578125,84697,0.0,0.0
2013-08-05 00:00:00+07:00,4582.490095648628,4634.96142578125,4582.490095648628,4634.96142578125,67171,0.0,0.0
2013-08-06 00:00:00+07:00,4634.960578351566,4634.960578351566,4582.4892578125,4582.4892578125,21207,0.0,0.0
2013-08-07 00:00:00+07:00,4599.979846023065,4634.960578351566,4564.999113694565,4582.4892578125,49129,0.0,0.0
2013-08-08 00:00:00+07:00,4599.98046875,4599.98046875,4547.5091411075755,4599.98046875,55106,0.0,0.0
2013-08-09 00:00:00+07:00,4634.96107009005,4669.941806129774,4634.96107009005,4652.45166015625,56563,0.0,0.0
2013-08-12 00:00:00+07:00,4634.960937393352,4722.412997035289,4634.960937393352,4704.9228515625,14551,0.0,0.0
2013-08-13 00:00:00+07:00,4687.4326171875,4704.923208078304,4634.961288607787,4687.4326171875,60569,0.0,0.0
2013-08-14 00:00:00+07:00,4722.41357421875,4739.904165921941,4704.923426608278,4722.41357421875,84280,0.0,0.0
2013-08-15 00:00:00+07:00,4722.413354876409,4722.413354876409,4687.4326171875,4687.4326171875,362272,0.0,0.0
2013-08-16 00:00:00+07:00,4687.4328349050875,4722.41357421875,4687.4328349050875,4722.41357421875,10857,0.0,0.0
2013-08-19 00:00:00+07:00,4669.941758958651,4809.865145796855,4669.941758958651,4792.375,93379,0.0,0.0
2013-08-20 00:00:00+07:00,4757.394313532413,4774.884905235604,4722.41357421875,4722.41357421875,59528,0.0,0.0
2013-08-21 00:00:00+07:00,4722.41357421875,4722.41357421875,4652.452095591424,4722.41357421875,14136,0.0,0.0
2013-08-22 00:00:00+07:00,4669.942164505428,4687.432755913873,4634.96142578125,4634.96142578125,67121,0.0,0.0
2013-08-23 00:00:00+07:00,4634.961294036289,4687.4326226774565,4617.470703125,4617.470703125,103882,0.0,0.0
2013-08-26 00:00:00+07:00,4599.980550918877,4704.923208078304,4599.980550918877,4687.4326171875,68473,0.0,0.0
2013-08-27 00:00:00+07:00,4669.942164505428,4669.942164505428,4634.96142578125,4634.96142578125,5712,0.0,0.0
2013-08-28 00:00:00+07:00,4547.509007944402,4809.865194381346,4547.509007944402,4652.45166015625,6282,0.0,0.0
2013-08-29 00:00:00+07:00,4652.452017189695,4669.942164505428,4634.96142578125,4634.96142578125,27027,0.0,0.0
2013-08-30 00:00:00+07:00,4634.96142578125,4634.96142578125,4634.96142578125,4634.96142578125,198316,0.0,0.0
2013-09-03 00:00:00+07:00,4617.47048002385,4652.45166015625,4617.47048002385,4652.45166015625,64625,0.0,0.0
2013-09-04 00:00:00+07:00,4652.452017189695,4652.452017189695,4617.470834372806,4634.96142578125,13200,0.0,0.0
2013-09-05 00:00:00+07:00,4809.865644549266,4809.865644549266,4652.452095591424,4722.41357421875,18816,0.0,0.0
2013-09-06 00:00:00+07:00,4652.451879498591,4687.4326171875,4634.961288607787,4687.4326171875,19801,0.0,0.0
2013-09-09 00:00:00+07:00,4687.432755913873,4687.432755913873,4634.96142578125,4634.96142578125,6594,0.0,0.0
2013-09-10 00:00:00+07:00,4722.413354876409,4722.413354876409,4617.4706977169835,4687.4326171875,26353,0.0,0.0
2013-09-11 00:00:00+07:00,4687.432481532564,4757.393954885689,4687.432481532564,4739.90380859375,71801,0.0,0.0
2013-09-12 00:00:00+07:00,4739.903896352981,4774.884633677211,4722.41330564452,4757.39404296875,69043,0.0,0.0
2013-09-13 00:00:00+07:00,4774.884633677211,4774.884633677211,4739.903896352981,4757.39404296875,126400,0.0,0.0
2013-09-16 00:00:00+07:00,4757.393954885689,4757.393954885689,4687.432481532564,4739.90380859375,17409,0.0,0.0
2013-09-17 00:00:00+07:00,4739.904165921941,4739.904165921941,4634.961503888234,4722.41357421875,72217,0.0,0.0
2013-09-18 00:00:00+07:00,4722.413354876409,4722.413354876409,4687.4326171875,4687.4326171875,53185,0.0,0.0
2013-09-19 00:00:00+07:00,4634.961288607787,4687.4326171875,4634.961288607787,4687.4326171875,536002,0.0,0.0
2013-09-20 00:00:00+07:00,4634.961503888234,4722.41357421875,4634.961503888234,4722.41357421875,96,0.0,0.0
2013-09-23 00:00:00+07:00,4634.960937393352,4704.9228515625,4634.960937393352,4704.9228515625,26041,0.0,0.0
2013-09-24 00:00:00+07:00,4669.942026296697,4687.4326171875,4669.942026296697,4687.4326171875,46164,0.0,0.0
2013-09-25 00:00:00+07:00,4687.4326171875,4704.923208078304,4669.942026296697,4687.4326171875,23649,0.0,0.0
2013-09-26 00:00:00+07:00,4792.375135654936,4792.375135654936,4687.432481532564,4739.90380859375,7842,0.0,0.0
2013-09-27 00:00:00+07:00,4704.923426608278,4722.41357421875,4704.923426608278,4722.41357421875,615,0.0,0.0
2013-09-30 00:00:00+07:00,4722.413221630451,4722.413221630451,4669.94189453125,4669.94189453125,103417,0.0,0.0
2013-10-01 00:00:00+07:00,4652.451748226639,4722.413221630451,4652.451748226639,4669.94189453125,133732,0.0,0.0
2013-10-02 00:00:00+07:00,4704.923159028751,4757.39404296875,4704.923159028751,4757.39404296875,249692,0.0,0.0
2013-10-03 00:00:00+07:00,4722.41357421875,4722.41357421875,4704.923426608278,4722.41357421875,71539,0.0,0.0
2013-10-04 00:00:00+07:00,4739.90380859375,4739.90380859375,4739.90380859375,4739.90380859375,76585,0.0,0.0
2013-10-07 00:00:00+07:00,4774.88427734375,4774.88427734375,4774.88427734375,4774.88427734375,25987,0.0,0.0
2013-10-08 00:00:00+07:00,4757.393954885689,4757.393954885689,4739.90380859375,4739.90380859375,157184,0.0,0.0
2013-10-09 00:00:00+07:00,4739.90380859375,4739.90380859375,4722.413218209126,4739.90380859375,20529,0.0,0.0
2013-10-10 00:00:00+07:00,4774.884545270313,4774.884545270313,4739.90380859375,4739.90380859375,21049,0.0,0.0
2013-10-11 00:00:00+07:00,4704.9228515625,4704.9228515625,4687.432261997047,4704.9228515625,50377,0.0,0.0
2013-10-14 00:00:00+07:00,4687.4326171875,4687.4326171875,4687.4326171875,4687.4326171875,12471,0.0,0.0
2013-10-15 00:00:00+07:00,4669.942026296697,4687.4326171875,4669.942026296697,4687.4326171875,98737,0.0,0.0
2013-10-16 00:00:00+07:00,4704.92307532584,4722.413221630451,4669.94189453125,4669.94189453125,3162,0.0,0.0
2013-10-17 00:00:00+07:00,4669.942243201896,4722.41357421875,4669.942243201896,4722.41357421875,2037337,0.0,0.0
2013-10-18 00:00:00+07:00,4739.904165921941,4739.904165921941,4704.923426608278,4722.41357421875,60985,0.0,0.0
2013-10-21 00:00:00+07:00,4669.94189453125,4669.94189453125,4669.94189453125,4669.94189453125,511,0.0,0.0
2013-10-22 00:00:00+07:00,4617.470912185044,4739.904165921941,4617.470912185044,4722.41357421875,139141,0.0,0.0
2013-10-23 00:00:00+07:00,4774.88427734375,4792.374866746948,4739.903542630014,4774.88427734375,87866,0.0,0.0
2013-10-24 00:00:00+07:00,4774.884633677211,4774.884633677211,4757.39404296875,4757.39404296875,28017,0.0,0.0
2013-10-25 00:00:00+07:00,4722.41357421875,4722.41357421875,4722.41357421875,4722.41357421875,31449,0.0,0.0
2013-10-28 00:00:00+07:00,4809.865056677227,4809.865056677227,4687.432261997047,4704.9228515625,60307,0.0,0.0
2013-10-29 00:00:00+07:00,4687.432261997047,4704.9228515625,4669.941672431594,4704.9228515625,16890,0.0,0.0
2013-10-30 00:00:00+07:00,4704.9228515625,4722.412997035289,4704.9228515625,4704.9228515625,50377,0.0,0.0
2013-10-31 00:00:00+07:00,4722.41357421875,4722.41357421875,4687.4328349050875,4722.41357421875,53546,0.0,0.0
2013-11-01 00:00:00+07:00,4722.41357421875,4739.904165921941,4722.41357421875,4722.41357421875,64987,0.0,0.0
2013-11-04 00:00:00+07:00,4722.413218209126,4739.90380859375,4722.413218209126,4739.90380859375,46579,0.0,0.0
2013-11-05 00:00:00+07:00,4704.923071917187,4757.393954885689,4687.432481532564,4739.90380859375,162176,0.0,0.0
2013-11-06 00:00:00+07:00,4757.39404296875,4757.39404296875,4687.43256832029,4757.39404296875,1170091,0.0,0.0
2013-11-07 00:00:00+07:00,4757.394313532413,4757.394313532413,4722.41357421875,4722.41357421875,3124669,0.0,0.0
2013-11-08 00:00:00+07:00,4739.90380859375,4792.375135654936,4739.90380859375,4739.90380859375,111890,0.0,0.0
2013-11-11 00:00:00+07:00,4757.3936450821675,4897.31702676923,4757.3936450821675,4844.845703125,140233,0.0,0.0
2013-11-12 00:00:00+07:00,4844.84561357971,4897.316936254135,4827.35546875,4827.35546875,28434,0.0,0.0
2013-11-13 00:00:00+07:00,4879.827061262294,4879.827061262294,4792.375,4792.375,4152,0.0,0.0
2013-11-14 00:00:00+07:00,4774.884410110472,4792.375,4774.884410110472,4792.375,11481,0.0,0.0
2013-11-15 00:00:00+07:00,4774.884982774538,4809.86572265625,4722.413650905607,4809.86572265625,527632,0.0,0.0
2013-11-18 00:00:00+07:00,4809.86572265625,4809.86572265625,4792.375574761757,4809.86572265625,12001,0.0,0.0
2013-11-19 00:00:00+07:00,4809.864879827643,4827.35546875,4792.374734997933,4827.35546875,7321,0.0,0.0
2013-11-20 00:00:00+07:00,4809.865012057487,4809.865012057487,4774.88427734375,4774.88427734375,4410,0.0,0.0
2013-11-21 00:00:00+07:00,4774.88427734375,4809.865012057487,4757.393687940552,4774.88427734375,18504,0.0,0.0
2013-11-22 00:00:00+07:00,4774.884982774538,4897.317794406893,4722.413650905607,4809.86572265625,457,0.0,0.0
2013-11-25 00:00:00+07:00,4809.865281946874,4809.865281946874,4704.923071917187,4739.90380859375,27393,0.0,0.0
2013-11-26 00:00:00+07:00,4739.904242892826,4809.86572265625,4739.904242892826,4809.86572265625,10026,0.0,0.0
2013-11-27 00:00:00+07:00,4757.394390787319,4809.86572265625,4757.394390787319,4809.86572265625,29107,0.0,0.0
2013-11-28 00:00:00+07:00,4809.86572265625,4809.86572265625,4809.86572265625,4809.86572265625,44187,0.0,0.0
2013-11-29 00:00:00+07:00,4809.865012057487,4809.865012057487,4757.393687940552,4774.88427734375,1086787,0.0,0.0
2013-12-02 00:00:00+07:00,4757.394390787319,4809.86572265625,4757.394390787319,4809.86572265625,153152,0.0,0.0
2013-12-03 00:00:00+07:00,4809.865145796855,4809.865145796855,4792.375,4792.375,1170976,0.0,0.0
2013-12-04 00:00:00+07:00,4809.865100697335,4862.33642578125,4774.884365338948,4862.33642578125,467104,0.0,0.0
2013-12-05 00:00:00+07:00,4897.317409310742,5194.65478515625,4897.317409310742,5194.65478515625,380731,0.0,0.0
2013-12-06 00:00:00+07:00,5194.654703407704,5247.126030324855,5037.24072265625,5037.24072265625,19593,0.0,0.0
2013-12-09 00:00:00+07:00,4984.769395739099,5037.24072265625,4897.317332241409,5037.24072265625,88387,0.0,0.0
2013-12-10 00:00:00+07:00,5054.730955271332,5054.730955271332,4984.76904296875,4984.76904296875,15954,0.0,0.0
2013-12-11 00:00:00+07:00,4984.769395739099,5037.24072265625,4949.788659158559,5037.24072265625,105184,0.0,0.0
2013-12-12 00:00:00+07:00,5037.24072265625,5037.24072265625,5037.24072265625,5037.24072265625,5295,0.0,0.0
2013-12-13 00:00:00+07:00,5072.221100277489,5072.221100277489,4967.278897962593,4984.76904296875,44499,0.0,0.0
2013-12-16 00:00:00+07:00,4897.316765096905,5002.259406778095,4897.316765096905,4949.7880859375,211681,0.0,0.0
2013-12-17 00:00:00+07:00,4844.845444256311,4949.7880859375,4844.845444256311,4949.7880859375,84176,0.0,0.0
2013-12-18 00:00:00+07:00,4897.316985660011,4984.76904296875,4897.316985660011,4984.76904296875,170029,0.0,0.0
2013-12-19 00:00:00+07:00,4914.807705981341,5002.259765625,4914.807705981341,5002.259765625,211837,0.0,0.0
2013-12-20 00:00:00+07:00,4897.317116415544,5037.240500663931,4897.317116415544,5002.259765625,169612,0.0,0.0
2013-12-23 00:00:00+07:00,5352.06787109375,5352.06787109375,5352.06787109375,5352.06787109375,3068300,0.0,0.0
2013-12-24 00:00:00+07:00,5701.87623463618,5701.87623463618,5422.029488334786,5596.93359375,4152812,0.0,0.0
2013-12-25 00:00:00+07:00,5264.616113165587,5579.443626784257,5247.125967132298,5544.462890625,2470819,0.0,0.0
2013-12-26 00:00:00+07:00,5596.933898461777,5596.933898461777,5352.06787109375,5352.06787109375,1344602,0.0,0.0
2013-12-27 00:00:00+07:00,5089.71169868757,5404.5391943935165,5072.221109556764,5352.06787109375,52561,0.0,0.0
2013-12-30 00:00:00+07:00,5422.029597208519,5526.971796109297,5159.673433817616,5247.12548828125,44187,0.0,0.0
2013-12-31 00:00:00+07:00,5107.202287818376,5352.06787109375,5107.202287818376,5352.06787109375,60515,0.0,0.0
2014-01-02 00:00:00+07:00,5264.616076424713,5317.08740234375,5177.164014590545,5317.08740234375,31083,0.0,0.0
2014-01-03 00:00:00+07:00,5282.106666428617,5317.08740234375,5229.6353405095815,5317.08740234375,22248,0.0,0.0
2014-01-06 00:00:00+07:00,5089.7127607492885,5299.597653652027,5072.22216796875,5072.22216796875,86930,0.0,0.0
2014-01-07 00:00:00+07:00,5247.126763495901,5247.126763495901,5072.22216796875,5072.22216796875,36441,0.0,0.0
2014-01-08 00:00:00+07:00,5072.22097113056,5194.654203519569,5072.22097113056,5107.2021484375,2007397,0.0,0.0
2014-01-09 00:00:00+07:00,5177.163973898759,5177.163973898759,5072.221322885521,5159.673828125,135116,0.0,0.0
2014-01-10 00:00:00+07:00,5212.144664191992,5247.125843620507,5072.221278755934,5229.63525390625,39819,0.0,0.0
2014-01-13 00:00:00+07:00,5089.71199985655,5212.144798738844,5072.221409690789,5177.1640625,24481,0.0,0.0
2014-01-14 00:00:00+07:00,5177.163975231826,5194.654565102759,5089.7119140625,5089.7119140625,104194,0.0,0.0
2014-01-15 00:00:00+07:00,5107.202590022312,5422.030104357266,5107.202590022312,5177.1640625,78560,0.0,0.0
2014-01-16 00:00:00+07:00,5124.692603806039,5229.63525390625,4949.788483034134,5229.63525390625,60776,0.0,0.0
2014-01-17 00:00:00+07:00,5229.635685059321,5422.0304114073115,5229.635685059321,5369.55908203125,88960,0.0,0.0
2014-01-20 00:00:00+07:00,5491.991887846923,5491.991887846923,5247.126276215576,5369.55908203125,18816,0.0,0.0
2014-01-21 00:00:00+07:00,5247.12548828125,5247.12548828125,5247.12548828125,5247.12548828125,28849,0.0,0.0
2014-01-22 00:00:00+07:00,5247.1262520181745,5247.1262520181745,5142.18359375,5142.18359375,26923,0.0,0.0
2014-01-23 00:00:00+07:00,5107.202112320908,5247.12548828125,5072.220935261344,5247.12548828125,66547,0.0,0.0
2014-01-24 00:00:00+07:00,5212.144664191992,5229.63525390625,5124.692603806039,5229.63525390625,57602,0.0,0.0
2014-01-27 00:00:00+07:00,5229.635081030083,5422.02978515625,5229.635081030083,5422.02978515625,90259,0.0,0.0
2014-02-06 00:00:00+07:00,5317.087179763292,5404.5392379365985,5177.163797867469,5282.1064453125,82304,0.0,0.0
2014-02-07 00:00:00+07:00,5404.539820251056,5404.539820251056,5247.126276215576,5369.55908203125,53651,0.0,0.0
2014-02-10 00:00:00+07:00,5404.539462311438,5404.539462311438,5229.635338703505,5387.04931640625,39924,0.0,0.0
2014-02-11 00:00:00+07:00,5387.04931640625,5387.04931640625,5334.577990505335,5387.04931640625,36337,0.0,0.0
2014-02-12 00:00:00+07:00,5387.049452223815,5387.049452223815,5334.578125,5334.578125,4305,0.0,0.0
2014-02-13 00:00:00+07:00,5299.5962592700325,5701.87623463618,5247.125382919571,5596.93359375,211057,0.0,0.0
2014-02-14 00:00:00+07:00,5771.838570287461,5771.838570287461,5491.991781749826,5579.44384765625,21727,0.0,0.0
2014-02-17 00:00:00+07:00,5544.46238463908,5544.46238463908,5212.144311221686,5247.12548828125,93640,0.0,0.0
2014-02-18 00:00:00+07:00,5247.126060991204,5387.049452223815,5247.126060991204,5334.578125,34362,0.0,0.0
2014-02-19 00:00:00+07:00,5422.030054181822,5422.030054181822,5264.616076424713,5317.08740234375,44553,0.0,0.0
2014-02-20 00:00:00+07:00,5369.558861784982,5387.049452223815,5247.126060991204,5334.578125,25680,0.0,0.0
2014-02-21 00:00:00+07:00,5334.577992347654,5334.577992347654,5247.125930513485,5317.08740234375,12210,0.0,0.0
2014-02-24 00:00:00+07:00,5317.087451548055,5317.087451548055,5159.6739164269175,5177.1640625,38937,0.0,0.0
2014-02-25 00:00:00+07:00,5159.673966827164,5317.087503485934,5037.24072265625,5037.24072265625,156145,0.0,0.0
2014-02-26 00:00:00+07:00,5072.221322885521,5159.673828125,5072.221322885521,5159.673828125,73931,0.0,0.0
2014-02-27 00:00:00+07:00,5159.674184825596,5159.674184825596,5072.221673540316,5142.18359375,40914,0.0,0.0
2014-02-28 00:00:00+07:00,5124.692467721843,5124.692467721843,4897.317027937698,4914.8076171875,237004,0.0,0.0
2014-03-03 00:00:00+07:00,4914.807705981341,5072.221235702861,4914.807705981341,5002.259765625,112672,0.0,0.0
2014-03-04 00:00:00+07:00,5072.22106002513,5124.6923828125,5019.750181330409,5124.6923828125,52819,0.0,0.0
2014-03-05 00:00:00+07:00,5124.6923828125,5124.6923828125,5002.259592370403,5124.6923828125,58747,0.0,0.0
2014-03-06 00:00:00+07:00,5072.22097113056,5124.692292998329,5072.22097113056,5107.2021484375,12522,0.0,0.0
2014-03-07 00:00:00+07:00,5159.674184825596,5159.674184825596,5089.712264615913,5142.18359375,18399,0.0,0.0
2014-03-10 00:00:00+07:00,5124.69264839214,5177.163973898759,5124.69264839214,5159.673828125,43356,0.0,0.0
2014-03-11 00:00:00+07:00,5142.18323825857,5159.673828125,5124.69264839214,5159.673828125,33267,0.0,0.0
2014-03-12 00:00:00+07:00,5159.6739164269175,5177.1640625,5159.6739164269175,5177.1640625,2226,0.0,0.0
2014-03-13 00:00:00+07:00,5212.145069866981,5212.145069866981,5142.18359375,5142.18359375,46218,0.0,0.0
2014-03-14 00:00:00+07:00,5159.673433817616,5247.12548828125,5142.1828452878335,5247.12548828125,72683,0.0,0.0
2014-03-17 00:00:00+07:00,5317.086954215102,5317.086954215102,5177.16357825476,5247.12548828125,60361,0.0,0.0
2014-03-18 00:00:00+07:00,5124.692474144954,5282.1064453125,5107.202328965886,5282.1064453125,96032,0.0,0.0
2014-03-19 00:00:00+07:00,5247.125710861708,5299.596590491567,5177.163797867469,5282.1064453125,67691,0.0,0.0
2014-03-20 00:00:00+07:00,5247.12548828125,5282.106221248177,5247.12548828125,5247.12548828125,678580,0.0,0.0
2014-03-21 00:00:00+07:00,5264.6162109375,5282.106801388294,5264.6162109375,5264.6162109375,30201,0.0,0.0
2014-03-24 00:00:00+07:00,5264.615856040777,5282.1064453125,5247.125710861708,5282.1064453125,55627,0.0,0.0
2014-03-25 00:00:00+07:00,5282.106221248177,5282.106221248177,5177.16357825476,5247.12548828125,109498,0.0,0.0
2014-03-26 00:00:00+07:00,5317.086954215102,5317.086954215102,5194.654166784542,5247.12548828125,45435,0.0,0.0
2014-03-27 00:00:00+07:00,5264.615632718394,5334.577542744884,5247.12548828125,5247.12548828125,42523,0.0,0.0
2014-03-28 00:00:00+07:00,5247.125710861708,5282.1064453125,5247.125710861708,5282.1064453125,41641,0.0,0.0
2014-03-31 00:00:00+07:00,5299.596810509609,5422.030052309302,5299.596810509609,5387.04931640625,90571,0.0,0.0
2014-04-01 00:00:00+07:00,5387.049452223815,5387.049452223815,5247.126060991204,5334.578125,58643,0.0,0.0
2014-04-02 00:00:00+07:00,5387.049049355363,5387.049049355363,5247.12566858687,5352.06787109375,18138,0.0,0.0
2014-04-03 00:00:00+07:00,5422.0301748095735,5719.367102842277,5369.55884772317,5631.9150390625,42315,0.0,0.0
2014-04-04 00:00:00+07:00,5439.51963242073,5684.385646457607,5422.029488334786,5596.93359375,21985,0.0,0.0
2014-04-07 00:00:00+07:00,5212.144206562426,5596.93359375,5212.144206562426,5596.93359375,80275,0.0,0.0
2014-04-08 00:00:00+07:00,5422.029488334786,5596.93359375,5387.048756070269,5596.93359375,19801,0.0,0.0
2014-04-10 00:00:00+07:00,5596.933900146347,5859.290072631491,5422.02978515625,5422.02978515625,45228,0.0,0.0
2014-04-11 00:00:00+07:00,5422.0304114073115,5771.838681790781,5369.55908203125,5369.55908203125,55315,0.0,0.0
2014-04-14 00:00:00+07:00,5264.615813625023,5509.48184099305,5247.12566858687,5352.06787109375,40131,0.0,0.0
2014-04-15 00:00:00+07:00,5422.02978515625,5422.02978515625,5299.596549389061,5422.02978515625,100400,0.0,0.0
2014-04-16 00:00:00+07:00,5422.0304114073115,5439.520558470862,5072.221696931137,5369.55908203125,227020,0.0,0.0
2014-04-17 00:00:00+07:00,5177.163757714524,5422.02978515625,5177.163757714524,5422.02978515625,28122,0.0,0.0
2014-04-18 00:00:00+07:00,5544.462576830787,5544.462576830787,5054.730966039987,5422.02978515625,28225,0.0,0.0
2014-04-21 00:00:00+07:00,5072.22106002513,5404.539141616706,5072.22106002513,5124.6923828125,29523,0.0,0.0
2014-04-22 00:00:00+07:00,5247.125710861708,5282.1064453125,5054.73100524337,5282.1064453125,33321,0.0,0.0
2014-04-23 00:00:00+07:00,5247.126282621335,5299.59716796875,5247.126282621335,5299.59716796875,18295,0.0,0.0
2014-04-24 00:00:00+07:00,5299.597161498933,5369.55908203125,5247.126276215576,5369.55908203125,10441,0.0,0.0
2014-04-25 00:00:00+07:00,5159.673866897402,5387.04931640625,5159.673866897402,5387.04931640625,9402,0.0,0.0
2014-04-28 00:00:00+07:00,5089.7119140625,5089.7119140625,5089.7119140625,5089.7119140625,1809,0.0,0.0
2014-04-29 00:00:00+07:00,5142.183023535035,5422.02978515625,5142.183023535035,5422.02978515625,5400,0.0,0.0
2014-05-05 00:00:00+07:00,5194.654602800453,5387.04931640625,5072.22136100076,5387.04931640625,6073,0.0,0.0
2014-05-06 00:00:00+07:00,5089.712079319759,5334.578125,5072.221488880925,5334.578125,46476,0.0,0.0
2014-05-07 00:00:00+07:00,5247.12548828125,5247.12548828125,5124.692256758051,5247.12548828125,8049,0.0,0.0
2014-05-08 00:00:00+07:00,4897.317200591906,5159.673828125,4879.827054818147,5159.673828125,132482,0.0,0.0
2014-05-09 00:00:00+07:00,5212.1449316754215,5212.1449316754215,4879.82726279157,5194.65478515625,8361,0.0,0.0
2014-05-12 00:00:00+07:00,4844.845875085287,5159.673828125,4844.845875085287,5159.673828125,267682,0.0,0.0
2014-05-13 00:00:00+07:00,5159.674000510793,5264.6162109375,4984.769428280908,5264.6162109375,34362,0.0,0.0
2014-05-14 00:00:00+07:00,5247.125890622889,5247.125890622889,5072.221324191566,5089.7119140625,485096,0.0,0.0
2014-05-15 00:00:00+07:00,5107.202502618381,5247.125889271808,5089.711912751951,5159.673828125,27444,0.0,0.0
2014-05-16 00:00:00+07:00,5124.69264839214,5159.673828125,5072.221322885521,5159.673828125,15384,0.0,0.0
2014-05-19 00:00:00+07:00,5159.673828125,5159.673828125,5072.221322885521,5159.673828125,1809,0.0,0.0
2014-05-20 00:00:00+07:00,5072.221362752473,5317.08740234375,5072.221362752473,5317.08740234375,39924,0.0,0.0
2014-05-21 00:00:00+07:00,5072.221488880925,5334.578125,5072.221488880925,5334.578125,5761,0.0,0.0
2014-05-22 00:00:00+07:00,5334.578125,5334.578125,5282.106797776185,5334.578125,8881,0.0,0.0
2014-05-23 00:00:00+07:00,5072.22216796875,5072.22216796875,5072.22216796875,5072.22216796875,3007,0.0,0.0
2014-05-26 00:00:00+07:00,5404.539462311438,5404.539462311438,5369.558726408387,5387.04931640625,29211,0.0,0.0
2014-05-27 00:00:00+07:00,5247.125928701368,5387.04931640625,5159.673866897402,5387.04931640625,20634,0.0,0.0
2014-05-28 00:00:00+07:00,5334.578343811444,5369.55908203125,5264.616423279127,5369.55908203125,159056,0.0,0.0
2014-05-29 00:00:00+07:00,5369.558861784982,5369.558861784982,5247.126060991204,5334.578125,8103,0.0,0.0
2014-05-30 00:00:00+07:00,5107.202289355547,5422.02978515625,5107.202289355547,5422.02978515625,12991,0.0,0.0
2014-06-02 00:00:00+07:00,5177.164565289044,5404.5400390625,5177.164565289044,5404.5400390625,9193,0.0,0.0
2014-06-03 00:00:00+07:00,5317.08740234375,5317.08740234375,5177.164014590545,5317.08740234375,19855,0.0,0.0
2014-06-04 00:00:00+07:00,5317.08740234375,5317.08740234375,5317.08740234375,5317.08740234375,1081,0.0,0.0
2014-06-05 00:00:00+07:00,5334.577992347654,5352.068138258882,5317.08740234375,5317.08740234375,5761,0.0,0.0
2014-06-06 00:00:00+07:00,5247.126282621335,5299.59716796875,5089.712294300978,5299.59716796875,21361,0.0,0.0
2014-06-09 00:00:00+07:00,5334.578125,5334.578125,5334.578125,5334.578125,3631,0.0,0.0
2014-06-10 00:00:00+07:00,5264.615632718394,5264.615632718394,5247.12548828125,5247.12548828125,1497,0.0,0.0
2014-06-12 00:00:00+07:00,5317.08740234375,5317.08740234375,5317.08740234375,5317.08740234375,42,0.0,0.0
2014-06-13 00:00:00+07:00,5247.125930513485,5317.08740234375,5194.654604594449,5317.08740234375,6543,0.0,0.0
2014-06-16 00:00:00+07:00,5089.712294300978,5299.59716796875,5089.712294300978,5299.59716796875,18865,0.0,0.0
2014-06-17 00:00:00+07:00,5282.10640275583,5352.06787109375,5282.10640275583,5352.06787109375,41587,0.0,0.0
2014-06-18 00:00:00+07:00,5037.2411626520925,5404.5400390625,5037.2411626520925,5404.5400390625,70291,0.0,0.0
2014-06-19 00:00:00+07:00,5247.12548828125,5247.12548828125,5159.673433817616,5247.12548828125,4267888,0.0,0.0
2014-06-20 00:00:00+07:00,5247.1262520181745,5247.1262520181745,5107.202855691509,5142.18359375,9505,0.0,0.0
2014-06-23 00:00:00+07:00,5107.202328965886,5282.1064453125,5107.202328965886,5282.1064453125,13561,0.0,0.0
2014-06-24 00:00:00+07:00,5264.616035045567,5282.106624911997,5159.673828125,5159.673828125,106586,0.0,0.0
2014-06-25 00:00:00+07:00,5264.616348158601,5264.616348158601,5159.674134996598,5212.14501953125,257701,0.0,0.0
2014-06-26 00:00:00+07:00,5177.164281810582,5212.14501953125,5177.164281810582,5212.14501953125,16785,0.0,0.0
2014-06-27 00:00:00+07:00,5107.202806369247,5212.14501953125,5107.202806369247,5212.14501953125,96,0.0,0.0
2014-06-30 00:00:00+07:00,5457.010330175445,5457.010330175445,5159.673433817616,5247.12548828125,31969,0.0,0.0
2014-07-01 00:00:00+07:00,5177.163928856145,5229.63525390625,5159.673783234554,5229.63525390625,87346,0.0,0.0
2014-07-02 00:00:00+07:00,5159.6739164269175,5247.125979070367,5159.6739164269175,5177.1640625,34465,0.0,0.0
2014-07-03 00:00:00+07:00,5247.125979070367,5247.125979070367,5159.6739164269175,5177.1640625,73619,0.0,0.0
2014-07-04 00:00:00+07:00,5247.126282621335,5404.539826848988,5194.654953181216,5299.59716796875,75698,0.0,0.0
2014-07-07 00:00:00+07:00,5177.1641468689,5299.596947746402,5177.1641468689,5264.6162109375,6648,0.0,0.0
2014-07-08 00:00:00+07:00,5159.673433817616,5247.12548828125,5159.673433817616,5247.12548828125,72944,0.0,0.0
2014-07-09 00:00:00+07:00,5177.163797867469,5299.596590491567,5177.163797867469,5282.1064453125,17047,0.0,0.0
2014-07-11 00:00:00+07:00,5282.1064453125,5282.1064453125,5177.163797867469,5282.1064453125,214072,0.0,0.0
2014-07-14 00:00:00+07:00,5212.144311221686,5247.12548828125,5159.673433817616,5247.12548828125,5503,0.0,0.0
2014-07-15 00:00:00+07:00,5247.125710861708,5579.443354283213,5247.125710861708,5282.1064453125,39403,0.0,0.0
2014-07-16 00:00:00+07:00,5177.16357825476,5282.106221248177,5177.16357825476,5247.12548828125,13146,0.0,0.0
2014-07-17 00:00:00+07:00,5177.16357825476,5247.12548828125,5177.16357825476,5247.12548828125,2799,0.0,0.0
2014-07-18 00:00:00+07:00,5159.673828125,5317.087360552185,5159.673828125,5159.673828125,311050,0.0,0.0
2014-07-21 00:00:00+07:00,5159.673612671106,5509.481842651298,5159.673612671106,5422.02978515625,178765,0.0,0.0
2014-07-22 00:00:00+07:00,5404.53919602018,5422.02978515625,5404.53919602018,5422.02978515625,5761,0.0,0.0
2014-07-23 00:00:00+07:00,5334.577990505335,5387.04931640625,5159.673866897402,5387.04931640625,22663,0.0,0.0
2014-07-24 00:00:00+07:00,5212.145093903066,5369.55908203125,5212.145093903066,5369.55908203125,8673,0.0,0.0
2014-07-25 00:00:00+07:00,5369.558728262786,5369.558728262786,5317.08740234375,5317.08740234375,978,0.0,0.0
2014-07-28 00:00:00+07:00,5387.049679764084,5387.049679764084,5247.126282621335,5299.59716796875,1135,0.0,0.0
2014-07-29 00:00:00+07:00,5264.615632718394,5352.067687182029,5247.12548828125,5247.12548828125,23911,0.0,0.0
2014-07-30 00:00:00+07:00,5491.991063142371,5491.991063142371,5177.16357825476,5247.12548828125,73619,0.0,0.0
2014-07-31 00:00:00+07:00,5387.049452223815,5387.049452223815,5334.578125,5334.578125,96,0.0,0.0
2014-08-01 00:00:00+07:00,5247.125928701368,5387.04931640625,5247.125928701368,5387.04931640625,128602,0.0,0.0
2014-08-04 00:00:00+07:00,5247.126276215576,5387.049673187505,5247.126276215576,5369.55908203125,354,0.0,0.0
2014-08-05 00:00:00+07:00,5264.616076424713,5369.558728262786,5247.125930513485,5317.08740234375,36753,0.0,0.0
2014-08-06 00:00:00+07:00,5317.087179763292,5317.087179763292,5159.6736526884015,5282.1064453125,8466,0.0,0.0
2014-08-07 00:00:00+07:00,5387.049679764084,5387.049679764084,5177.164362003608,5299.59716796875,13095,0.0,0.0
2014-08-08 00:00:00+07:00,5404.539598569962,5404.539598569962,5247.126060991204,5334.578125,32331,0.0,0.0
2014-08-11 00:00:00+07:00,5334.578125,5387.049452223815,5282.106797776185,5334.578125,7479,0.0,0.0
2014-08-12 00:00:00+07:00,5404.539598569962,5404.539598569962,5334.578125,5334.578125,511,0.0,0.0
2014-08-13 00:00:00+07:00,5334.5777276612025,5422.02978515625,5334.5777276612025,5422.02978515625,84331,0.0,0.0
2014-08-14 00:00:00+07:00,5422.0304114073115,5509.482479003179,5352.0684908749945,5369.55908203125,273040,0.0,0.0
2014-08-15 00:00:00+07:00,5422.0304114073115,5422.0304114073115,5282.107014435383,5369.55908203125,26145,0.0,0.0
2014-08-18 00:00:00+07:00,5684.386279354706,5684.386279354706,5369.558765736037,5544.462890625,135448,0.0,0.0
2014-08-19 00:00:00+07:00,5596.9343502740285,5596.9343502740285,5544.463022738516,5561.95361328125,69200,0.0,0.0
2014-08-20 00:00:00+07:00,5596.9343502740285,5596.9343502740285,5561.95361328125,5561.95361328125,54794,0.0,0.0
2014-08-21 00:00:00+07:00,5596.934488564071,5596.934488564071,5509.482421875,5509.482421875,63947,0.0,0.0
2014-08-22 00:00:00+07:00,5422.030355185929,5684.386555253143,5422.030355185929,5509.482421875,12937,0.0,0.0
2014-08-25 00:00:00+07:00,5841.800489468218,5841.800489468218,5509.482372568189,5579.44384765625,83498,0.0,0.0
2014-08-26 00:00:00+07:00,5561.953750706983,5561.953750706983,5509.482421875,5509.482421875,28953,0.0,0.0
2014-08-27 00:00:00+07:00,5509.482421875,5509.482421875,5457.011093043017,5509.482421875,16473,0.0,0.0
2014-08-28 00:00:00+07:00,5666.8958242595845,5666.8958242595845,5561.95361328125,5561.95361328125,199,0.0,0.0
2014-08-29 00:00:00+07:00,5596.9343502740285,5596.9343502740285,5561.95361328125,5561.95361328125,203101,0.0,0.0
2014-09-03 00:00:00+07:00,5561.95361328125,5614.424940816762,5561.95361328125,5561.95361328125,121096,0.0,0.0
2014-09-04 00:00:00+07:00,5439.5206764930945,5911.76220703125,5439.5206764930945,5911.76220703125,256036,0.0,0.0
2014-09-05 00:00:00+07:00,5911.761854731365,5911.761854731365,5596.934334498363,5859.29052734375,8617384,0.0,0.0
2014-09-08 00:00:00+07:00,5771.837890625,5771.837890625,5526.971868465581,5771.837890625,140336,0.0,0.0
2014-09-09 00:00:00+07:00,5736.857605639931,5736.857605639931,5422.030092021261,5544.462890625,81784,0.0,0.0
2014-09-10 00:00:00+07:00,5422.030355185929,5509.482421875,5422.030355185929,5509.482421875,29107,0.0,0.0
2014-09-11 00:00:00+07:00,5422.02978515625,5422.02978515625,5422.02978515625,5422.02978515625,15745,0.0,0.0
2014-09-12 00:00:00+07:00,5422.030355185929,5509.482421875,5334.578288496858,5509.482421875,18969,0.0,0.0
2014-09-15 00:00:00+07:00,5369.55908203125,5509.482479003179,5369.55908203125,5369.55908203125,615,0.0,0.0
2014-09-16 00:00:00+07:00,5369.558461840691,5422.02978515625,5334.5777276612025,5422.02978515625,6282,0.0,0.0
2014-09-17 00:00:00+07:00,5422.02978515625,5474.50110847181,5369.558461840691,5422.02978515625,20688,0.0,0.0
2014-09-18 00:00:00+07:00,5579.443842601378,5649.40576171875,5509.4823675767,5649.40576171875,201385,0.0,0.0
2014-09-19 00:00:00+07:00,5649.406032155615,5649.406032155615,5596.934701328959,5614.42529296875,14031,0.0,0.0
2014-09-22 00:00:00+07:00,5614.425024206412,5771.838565058283,5596.934433403895,5649.40576171875,229153,0.0,0.0
2014-09-23 00:00:00+07:00,5736.85825759551,5824.310329978334,5666.8963332336125,5789.32958984375,183080,0.0,0.0
2014-09-24 00:00:00+07:00,5806.818975215884,6191.6083984375,5806.818975215884,6191.6083984375,515204,0.0,0.0
2014-09-25 00:00:00+07:00,6611.37841796875,6611.37841796875,6611.37841796875,6611.37841796875,335594,0.0,0.0
2014-09-26 00:00:00+07:00,7066.129302694308,7066.129302694308,6506.43576946511,6611.37841796875,159421,0.0,0.0
2014-09-29 00:00:00+07:00,6261.56977970809,6541.416548202194,6261.56977970809,6471.455078125,33738,0.0,0.0
2014-09-30 00:00:00+07:00,6261.5703125,6384.00356169183,6261.5703125,6261.5703125,299506,0.0,0.0
2014-10-01 00:00:00+07:00,6261.570171533259,6646.359613314473,6261.570171533259,6384.00341796875,102634,0.0,0.0
2014-10-02 00:00:00+07:00,6803.772346729481,6803.772346729481,6296.550606797101,6349.021484375,148240,0.0,0.0
2014-10-03 00:00:00+07:00,6646.359613314473,6646.359613314473,6296.551352853508,6384.00341796875,111682,0.0,0.0
2014-10-06 00:00:00+07:00,6296.550606797101,6418.983394633265,6296.550606797101,6349.021484375,57602,0.0,0.0
2014-10-07 00:00:00+07:00,6418.983972529654,6541.416771388353,6418.983972529654,6506.43603515625,41587,0.0,0.0
2014-10-08 00:00:00+07:00,6593.888533420142,6646.35986328125,6506.436465015866,6646.35986328125,85891,0.0,0.0
2014-10-09 00:00:00+07:00,6436.47398613091,6821.263409042759,6436.47398613091,6558.9072265625,224524,0.0,0.0
2014-10-10 00:00:00+07:00,6558.90709371693,6611.37841796875,6506.43576946511,6611.37841796875,112777,0.0,0.0
2014-10-13 00:00:00+07:00,6803.773764078549,6821.264356309882,6593.888877766219,6698.83154296875,55211,0.0,0.0
2014-10-14 00:00:00+07:00,6698.831272759825,6821.264081162419,6593.888611790338,6733.81201171875,50689,0.0,0.0
2014-10-15 00:00:00+07:00,6611.3785935827555,6733.8113906940025,6611.3785935827555,6716.32080078125,2668730,0.0,0.0
2014-10-16 00:00:00+07:00,6471.455298924147,6506.43603515625,6331.5319099030585,6506.43603515625,10338,0.0,0.0
2014-10-17 00:00:00+07:00,6384.003018482175,6471.455078125,6296.550958839351,6471.455078125,66497,0.0,0.0
2014-10-20 00:00:00+07:00,6628.869271963311,6646.35986328125,6628.869271963311,6646.35986328125,511,0.0,0.0
2014-10-21 00:00:00+07:00,6611.37828440732,6611.37828440732,6593.8876953125,6593.8876953125,5449,0.0,0.0
2014-10-22 00:00:00+07:00,6593.8876953125,6593.8876953125,6593.8876953125,6593.8876953125,2592,0.0,0.0
2014-10-23 00:00:00+07:00,6593.8876953125,6593.8876953125,6558.906961215513,6593.8876953125,11586,0.0,0.0
2014-10-24 00:00:00+07:00,6506.435680322722,6593.887738180052,6506.435680322722,6523.92626953125,46891,0.0,0.0
2014-10-27 00:00:00+07:00,6523.926402729227,6611.378462372052,6471.455078125,6471.455078125,63739,0.0,0.0
2014-10-28 00:00:00+07:00,6471.455078125,6471.455078125,6471.455078125,6471.455078125,22089,0.0,0.0
2014-10-29 00:00:00+07:00,6453.964575933328,6558.9072265625,6453.964575933328,6558.9072265625,15745,0.0,0.0
2014-10-30 00:00:00+07:00,6384.002975252175,6541.41650390625,6226.58900250544,6541.41650390625,13977,0.0,0.0
2014-10-31 00:00:00+07:00,6471.454903926718,6593.8876953125,6471.454903926718,6593.8876953125,88544,0.0,0.0
2014-11-03 00:00:00+07:00,6593.888216145833,6821.263671875,6576.39762566948,6821.263671875,430340,0.0,0.0
2014-11-04 00:00:00+07:00,6821.263671875,6821.263671875,6751.302198154958,6821.263671875,10962,0.0,0.0
2014-11-05 00:00:00+07:00,6488.945264859475,6996.16748046875,6488.945264859475,6996.16748046875,52040,0.0,0.0
2014-11-06 00:00:00+07:00,6978.677334884568,7485.899550493842,6821.263360070931,6996.16748046875,316042,0.0,0.0
2014-11-07 00:00:00+07:00,6996.167816615768,7345.97607421875,6926.206342732246,7345.97607421875,59425,0.0,0.0
2014-11-10 00:00:00+07:00,7171.071859355948,7468.408785931551,6978.677586438879,7328.48583984375,19128,0.0,0.0
2014-11-11 00:00:00+07:00,7328.485927794213,7503.390056595705,7171.071945417259,7345.97607421875,51468,0.0,0.0
2014-11-12 00:00:00+07:00,7258.524276084941,7345.976343693721,7171.072208476162,7310.99560546875,133106,0.0,0.0
2014-11-13 00:00:00+07:00,7328.485891160276,7345.976037497382,7171.071909570209,7188.5625,65507,0.0,0.0
2014-11-14 00:00:00+07:00,7171.071862392995,7258.52392578125,7171.071862392995,7258.52392578125,873,0.0,0.0
2014-11-17 00:00:00+07:00,7048.638976657246,7258.523837415364,6996.167650444547,7241.03369140625,21624,0.0,0.0
2014-11-18 00:00:00+07:00,7241.033284795689,7241.033284795689,6961.1865234375,6961.1865234375,275953,0.0,0.0
2014-11-19 00:00:00+07:00,6961.1867452077195,7136.090865605538,6873.73468500881,6996.16748046875,126400,0.0,0.0
2014-11-20 00:00:00+07:00,6873.735190510353,7223.54345703125,6873.735190510353,7223.54345703125,121147,0.0,0.0
2014-11-21 00:00:00+07:00,7083.619540114065,7083.619540114065,6926.206009405397,7066.12939453125,17671,0.0,0.0
2014-11-24 00:00:00+07:00,7066.12939453125,7066.12939453125,7066.12939453125,7066.12939453125,7791,0.0,0.0
2014-11-25 00:00:00+07:00,7066.129652782699,7258.52392578125,7066.129652782699,7258.52392578125,1081,0.0,0.0
2014-11-26 00:00:00+07:00,7188.562365193551,7241.03369140625,6926.206178222733,7241.03369140625,23496,0.0,0.0
2014-11-27 00:00:00+07:00,7171.07177734375,7171.07177734375,7171.07177734375,7171.07177734375,14601,0.0,0.0
2014-11-28 00:00:00+07:00,7153.58203125,7153.58203125,7153.58203125,7153.58203125,42,0.0,0.0
2014-12-01 00:00:00+07:00,7153.58203125,7153.58203125,7153.58203125,7153.58203125,365224,0.0,0.0
2014-12-02 00:00:00+07:00,6926.2065489656325,7136.091420958375,6856.24462890625,6856.24462890625,31554,0.0,0.0
2014-12-03 00:00:00+07:00,6856.244095331961,6996.16748046875,6856.244095331961,6996.16748046875,31449,0.0,0.0
2014-12-04 00:00:00+07:00,6926.206009946689,6996.16748046875,6908.71542026984,6996.16748046875,21936,0.0,0.0
2014-12-05 00:00:00+07:00,6908.71542026984,6996.16748046875,6838.753949747779,6996.16748046875,7321,0.0,0.0
2014-12-08 00:00:00+07:00,6838.754819719524,6978.67822265625,6821.264227817662,6978.67822265625,2612312,0.0,0.0
2014-12-09 00:00:00+07:00,6821.263360070931,6996.16748046875,6751.30188954887,6996.16748046875,48090,0.0,0.0
2014-12-10 00:00:00+07:00,6978.67822265625,6978.67822265625,6978.67822265625,6978.67822265625,1809,0.0,0.0
2014-12-12 00:00:00+07:00,6978.67822265625,6978.67822265625,6978.67822265625,6978.67822265625,1239,0.0,0.0
2014-12-15 00:00:00+07:00,6821.263360070931,6996.16748046875,6821.263360070931,6996.16748046875,52976,0.0,0.0
2014-12-16 00:00:00+07:00,6978.677653884125,6996.167800267792,6506.436151949438,6821.263671875,13770,0.0,0.0
2014-12-17 00:00:00+07:00,6733.81201171875,6733.81201171875,6646.359942275081,6733.81201171875,25626,0.0,0.0
2014-12-18 00:00:00+07:00,6733.811842042017,7153.58203125,6733.811842042017,7153.58203125,743588,0.0,0.0
2014-12-22 00:00:00+07:00,7608.332345953782,7608.332345953782,6786.282624809901,6996.16748046875,11952,0.0,0.0
2014-12-23 00:00:00+07:00,6821.263360070931,7031.1482157297805,6698.830564610991,6996.16748046875,10441,0.0,0.0
2014-12-24 00:00:00+07:00,6768.791819492164,6961.1865234375,6733.811085345553,6961.1865234375,14863,0.0,0.0
2014-12-25 00:00:00+07:00,6961.1865234375,6961.1865234375,6961.1865234375,6961.1865234375,5191,0.0,0.0
2014-12-30 00:00:00+07:00,6506.43589656557,6926.2060546875,6506.43589656557,6926.2060546875,25002,0.0,0.0
2014-12-31 00:00:00+07:00,6996.168370465389,6996.168370465389,6611.379345458935,6978.67822265625,68939,0.0,0.0
2015-01-05 00:00:00+07:00,6978.677112557131,6978.677112557131,6961.1865234375,6961.1865234375,168668,0.0,0.0
2015-01-06 00:00:00+07:00,6943.696472931417,6943.696472931417,6646.359543482208,6821.263671875,64987,0.0,0.0
2015-01-07 00:00:00+07:00,6891.225145595042,6996.167800267792,6821.263671875,6821.263671875,40548,0.0,0.0
2015-01-08 00:00:00+07:00,6681.340630035596,6803.7734375,6611.379152653854,6803.7734375,40651,0.0,0.0
2015-01-09 00:00:00+07:00,6733.811931685526,6803.773408771864,6646.35986328125,6646.35986328125,78610,0.0,0.0
2015-01-12 00:00:00+07:00,6681.33984375,6681.33984375,6681.33984375,6681.33984375,249,0.0,0.0
2015-01-13 00:00:00+07:00,6646.359942275081,6821.264081162419,6646.359942275081,6733.81201171875,13770,0.0,0.0
2015-01-14 00:00:00+07:00,6646.359543482208,6821.263671875,6611.378806622188,6821.263671875,3111,0.0,0.0
2015-01-15 00:00:00+07:00,6768.792670228695,6821.264000089803,6646.35986328125,6646.35986328125,73049,0.0,0.0
2015-01-16 00:00:00+07:00,6646.35986328125,6646.35986328125,6611.3791247380805,6646.35986328125,6648,0.0,0.0
2015-01-19 00:00:00+07:00,6611.3791247380805,6646.35986328125,6611.3791247380805,6646.35986328125,5712,0.0,0.0
2015-01-20 00:00:00+07:00,6628.869271963311,6646.35986328125,6628.869271963311,6646.35986328125,11640,0.0,0.0
2015-01-21 00:00:00+07:00,6576.3973722722485,6593.8879620746675,6558.9072265625,6558.9072265625,25368,0.0,0.0
2015-01-22 00:00:00+07:00,6558.907794876974,6716.321340367587,6558.907794876974,6646.35986328125,10704,0.0,0.0
2015-01-23 00:00:00+07:00,6698.830476652986,6698.830476652986,6541.41650390625,6541.41650390625,59891,0.0,0.0
2015-01-26 00:00:00+07:00,6523.927056333804,6646.35986328125,6471.455726472697,6646.35986328125,8985,0.0,0.0
2015-01-27 00:00:00+07:00,6558.9072265625,6558.9072265625,6471.455165735747,6558.9072265625,65041,0.0,0.0
2015-01-28 00:00:00+07:00,6558.9072265625,6558.9072265625,6558.9072265625,6558.9072265625,5191,0.0,0.0
2015-01-29 00:00:00+07:00,6436.4745508019505,6576.39794921875,6436.4745508019505,6576.39794921875,5761,0.0,0.0
2015-02-02 00:00:00+07:00,6471.455165735747,6558.9072265625,6471.455165735747,6558.9072265625,1032,0.0,0.0
2015-02-03 00:00:00+07:00,6471.455078125,6541.416548202194,6471.455078125,6471.455078125,1290,0.0,0.0
2015-02-04 00:00:00+07:00,6471.455078125,6628.868607845018,6349.021839350914,6471.455078125,263212,0.0,0.0
2015-02-05 00:00:00+07:00,6384.0037230723265,6436.474609375,6261.570470785519,6436.474609375,295609,0.0,0.0
2015-02-06 00:00:00+07:00,6436.47398613091,6628.868697586835,6436.47398613091,6558.9072265625,6855,0.0,0.0
2015-02-09 00:00:00+07:00,6611.378417602353,6611.378417602353,6541.41650390625,6541.41650390625,199,0.0,0.0
2015-02-10 00:00:00+07:00,6471.455078125,6471.455078125,6471.455078125,6471.455078125,1081,0.0,0.0
2015-02-11 00:00:00+07:00,6471.455078125,6471.455078125,6384.003018482175,6471.455078125,21985,0.0,0.0
2015-02-12 00:00:00+07:00,6471.455165735747,6558.9072265625,6384.003104908994,6558.9072265625,8311,0.0,0.0
2015-02-13 00:00:00+07:00,6314.041104312318,6471.455078125,6314.041104312318,6471.455078125,12991,0.0,0.0
2015-02-24 00:00:00+07:00,6541.416414647123,6541.416414647123,6366.512298932464,6523.92626953125,2641,0.0,0.0
2015-02-25 00:00:00+07:00,6453.96484375,6453.96484375,6453.96484375,6453.96484375,2071,0.0,0.0
2015-02-26 00:00:00+07:00,6471.455298924147,6558.907361550743,6453.964708761757,6506.43603515625,283544,0.0,0.0
2015-02-27 00:00:00+07:00,6558.907361550743,6558.907361550743,6436.474118599366,6506.43603515625,17151,0.0,0.0
2015-03-02 00:00:00+07:00,6593.88828542679,6593.88828542679,6384.00341796875,6384.00341796875,11952,0.0,0.0
2015-03-03 00:00:00+07:00,6436.474609375,6453.965200871034,6314.041801180906,6436.474609375,35035,0.0,0.0
2015-03-04 00:00:00+07:00,6471.455792367066,6558.907861661807,6418.98446197168,6436.474609375,109033,0.0,0.0
2015-03-05 00:00:00+07:00,6471.455034302809,6541.41650390625,6418.983710053896,6541.41650390625,1348921,0.0,0.0
2015-03-06 00:00:00+07:00,6541.416637823112,6541.416637823112,6436.473987176887,6488.9453125,96499,0.0,0.0
2015-03-09 00:00:00+07:00,6436.473987176887,6488.9453125,6436.473987176887,6488.9453125,6177,0.0,0.0
2015-03-10 00:00:00+07:00,6488.945444993859,6506.43603515625,6436.474118599366,6506.43603515625,119794,0.0,0.0
2015-03-11 00:00:00+07:00,6471.455298924147,6506.43603515625,6471.455298924147,6506.43603515625,210745,0.0,0.0
2015-03-12 00:00:00+07:00,6506.435769104529,6541.41650390625,6436.473855408426,6541.41650390625,113401,0.0,0.0
2015-03-13 00:00:00+07:00,6541.416809797417,6663.849609375,6541.416809797417,6663.849609375,47154,0.0,0.0
2015-03-16 00:00:00+07:00,6663.849609375,6716.320936077588,6488.945483094829,6663.849609375,98216,0.0,0.0
2015-03-17 00:00:00+07:00,6663.849475135667,6716.32080078125,6646.359329315587,6716.32080078125,144601,0.0,0.0
2015-03-18 00:00:00+07:00,6716.321368726468,6803.7734375,6716.321368726468,6803.7734375,83290,0.0,0.0
2015-03-19 00:00:00+07:00,6821.263275146484,7276.01416015625,6821.263275146484,7276.01416015625,848834,0.0,0.0
2015-03-20 00:00:00+07:00,7765.746907039643,7765.746907039643,7345.976275846181,7590.8427734375,292177,0.0,0.0
2015-03-23 00:00:00+07:00,7590.8427734375,7695.784543050466,7345.976275846181,7590.8427734375,1966627,0.0,0.0
2015-03-24 00:00:00+07:00,7433.428223186173,7468.408514343386,7310.994983672599,7363.46630859375,1528789,0.0,0.0
2015-03-25 00:00:00+07:00,7258.524009818005,7503.390056595705,7258.524009818005,7345.97607421875,811657,0.0,0.0
2015-03-26 00:00:00+07:00,7380.957737335993,7415.9384765625,7345.97655401677,7415.9384765625,2624480,0.0,0.0
2015-03-27 00:00:00+07:00,7520.8798828125,7520.8798828125,7520.8798828125,7520.8798828125,803594,0.0,0.0
2015-03-30 00:00:00+07:00,7573.351208037475,7573.351208037475,7520.8798828125,7520.8798828125,6801,0.0,0.0
2015-03-31 00:00:00+07:00,7660.80322265625,7660.80322265625,7660.80322265625,7660.80322265625,249,0.0,0.0
2015-04-01 00:00:00+07:00,7608.332561108232,7695.7841796875,7608.332561108232,7695.7841796875,198404,0.0,0.0
2015-04-02 00:00:00+07:00,7695.784308181458,7783.23681640625,7625.822834512847,7783.23681640625,64729,0.0,0.0
2015-04-03 00:00:00+07:00,7835.707211420297,7870.6875,7713.274425020803,7870.6875,29161,0.0,0.0
2015-04-06 00:00:00+07:00,8045.592495639583,8045.592495639583,7783.235890365476,7870.6875,834536,0.0,0.0
2015-04-07 00:00:00+07:00,7870.6875,7870.6875,7783.235890365476,7870.6875,199,0.0,0.0
2015-04-08 00:00:00+07:00,7870.688727091586,8045.59375,7853.198580074907,8045.59375,1432795,0.0,0.0
2015-04-09 00:00:00+07:00,8045.5918882804735,8063.08203125,7958.139397062442,8063.08203125,3005224,0.0,0.0
2015-04-10 00:00:00+07:00,8133.044213394989,8552.81389922872,8133.044213394989,8168.025390625,2850940,0.0,0.0
2015-04-13 00:00:00+07:00,8220.498564808784,8360.42152888892,8168.027231232361,8307.9501953125,1801060,0.0,0.0
2015-04-14 00:00:00+07:00,8307.948862527684,8395.4013671875,8307.948862527684,8395.4013671875,608386,0.0,0.0
2015-04-15 00:00:00+07:00,8395.4013671875,8482.852983661978,8395.4013671875,8395.4013671875,117040,0.0,0.0
2015-04-16 00:00:00+07:00,8552.814188878754,8745.209337881557,8552.814188878754,8657.7568359375,1168376,0.0,0.0
2015-04-17 00:00:00+07:00,8640.266690822811,8657.7568359375,8395.401106475945,8657.7568359375,57707,0.0,0.0
2015-04-20 00:00:00+07:00,8517.834337827713,8570.3056640625,8482.853157609403,8570.3056640625,198733,0.0,0.0
2015-04-21 00:00:00+07:00,8570.307070951461,8640.2685546875,8482.854550142289,8640.2685546875,1064480,0.0,0.0
2015-04-22 00:00:00+07:00,8517.835736103058,8640.2685546875,8517.835736103058,8640.2685546875,25680,0.0,0.0
2015-04-23 00:00:00+07:00,8570.304052508593,8570.304052508593,8395.399960676596,8482.8515625,2383,0.0,0.0
2015-04-24 00:00:00+07:00,8570.305056602594,9007.564893319204,8570.305056602594,8920.11328125,35763,0.0,0.0
2015-04-27 00:00:00+07:00,8920.112236172587,8920.112236172587,8482.8515625,8482.8515625,12937,0.0,0.0
2015-05-04 00:00:00+07:00,8832.659746163994,8832.659746163994,8395.399960676596,8482.8515625,4671,0.0,0.0
2015-05-05 00:00:00+07:00,8482.8515625,8482.8515625,8482.8515625,8482.8515625,5346,0.0,0.0
2015-05-06 00:00:00+07:00,8657.757970746763,8920.114622781832,8657.757970746763,8832.662109375,342512,0.0,0.0
2015-05-07 00:00:00+07:00,8920.11328125,8920.11328125,8832.660780995502,8920.11328125,927,0.0,0.0
2015-05-08 00:00:00+07:00,8920.11328125,8920.11328125,8745.209168926298,8920.11328125,7945,0.0,0.0
2015-05-11 00:00:00+07:00,8920.114622781832,8920.114622781832,8832.662109375,8832.662109375,6855,0.0,0.0
2015-05-12 00:00:00+07:00,8920.114420034693,9095.0185546875,8832.661908615588,9095.0185546875,703132,0.0,0.0
2015-05-13 00:00:00+07:00,9095.0185546875,9095.0185546875,8745.210285381889,9095.0185546875,1490257,0.0,0.0
2015-05-14 00:00:00+07:00,8745.210285381889,9095.0185546875,8745.210285381889,9095.0185546875,14863,0.0,0.0
2015-05-15 00:00:00+07:00,8745.208741553257,9007.564453125,8745.208741553257,9007.564453125,486709,0.0,0.0
2015-05-18 00:00:00+07:00,8745.210484153595,8832.662109375,8745.210484153595,8832.662109375,31242,0.0,0.0
2015-05-19 00:00:00+07:00,8832.662109375,8832.662109375,8745.210484153595,8832.662109375,23233,0.0,0.0
2015-05-20 00:00:00+07:00,8832.660780995502,8920.11328125,8745.209168926298,8920.11328125,168676,0.0,0.0
2015-05-21 00:00:00+07:00,8920.112845329502,9007.564453125,8920.112845329502,9007.564453125,14913,0.0,0.0
2015-05-22 00:00:00+07:00,9007.564453125,9007.564453125,9007.564453125,9007.564453125,15696,0.0,0.0
2015-05-25 00:00:00+07:00,9007.564453125,9095.016949105748,9007.564453125,9007.564453125,45955,0.0,0.0
2015-05-26 00:00:00+07:00,9007.566043268394,9095.0185546875,9007.566043268394,9095.0185546875,33426,0.0,0.0
2015-05-27 00:00:00+07:00,9007.564453125,9182.469445086495,9007.564453125,9007.564453125,23287,0.0,0.0
2015-05-28 00:00:00+07:00,9007.566043268394,9095.0185546875,8745.210285381889,9095.0185546875,12937,0.0,0.0
2015-05-29 00:00:00+07:00,9095.017393573702,9095.017393573702,8920.11328125,8920.11328125,554569,0.0,0.0
2015-06-01 00:00:00+07:00,9095.017393573702,9095.017393573702,8832.660780995502,8920.11328125,5400,0.0,0.0
2015-06-02 00:00:00+07:00,8920.11328125,8920.11328125,8920.11328125,8920.11328125,45228,0.0,0.0
2015-06-03 00:00:00+07:00,8832.660780995502,8920.11328125,8745.209168926298,8920.11328125,13249,0.0,0.0
2015-06-04 00:00:00+07:00,8832.662109375,9532.279552073378,8832.662109375,8832.662109375,93794,0.0,0.0
2015-06-05 00:00:00+07:00,9007.564453125,9182.469445086495,9007.564453125,9007.564453125,858664,0.0,0.0
2015-06-08 00:00:00+07:00,9095.016949105748,9095.016949105748,9007.564453125,9007.564453125,2017,0.0,0.0
2015-06-09 00:00:00+07:00,9007.564453125,9095.016949105748,9007.564453125,9007.564453125,289160,0.0,0.0
2015-06-10 00:00:00+07:00,8867.6416015625,8867.6416015625,8867.6416015625,8867.6416015625,114,0.0,0.0
2015-06-11 00:00:00+07:00,9208.707275390625,9481.557861328125,8867.64404296875,9458.8203125,2486032,0.0,0.0
2015-06-12 00:00:00+07:00,9436.0810546875,9436.0810546875,9436.0810546875,9436.0810546875,354,0.0,0.0
2015-06-15 00:00:00+07:00,9777.144459794206,9777.144459794206,9322.3935546875,9322.3935546875,19353,0.0,0.0
2015-06-16 00:00:00+07:00,9322.394018554687,9322.394018554687,9095.0185546875,9095.0185546875,32632,0.0,0.0
2015-06-17 00:00:00+07:00,9117.755379575063,9185.96801333747,9072.280290400124,9163.23046875,26272,0.0,0.0
2015-06-18 00:00:00+07:00,9163.230950942954,9163.230950942954,9095.018313591023,9117.755859375,9633,0.0,0.0
2015-06-19 00:00:00+07:00,9117.756101074217,9117.756101074217,9095.0185546875,9095.0185546875,6033,0.0,0.0
2015-06-22 00:00:00+07:00,9095.018059045226,9095.018059045226,9049.54296875,9049.54296875,802473,0.0,0.0
2015-06-23 00:00:00+07:00,8867.642607569094,9049.54296875,8867.642607569094,9049.54296875,1633,0.0,0.0
2015-06-24 00:00:00+07:00,9049.54296875,9049.54296875,9049.54296875,9049.54296875,114,0.0,0.0
2015-06-26 00:00:00+07:00,9049.542728892544,9072.2802734375,9026.805184347588,9072.2802734375,1218313,0.0,0.0
2015-06-29 00:00:00+07:00,8958.592533623418,8981.330078125,8935.854989121835,8981.330078125,14953,0.0,0.0
2015-06-30 00:00:00+07:00,9004.067622626582,9004.067622626582,8935.854989121835,8981.330078125,208593,0.0,0.0
2015-07-01 00:00:00+07:00,8981.330078125,8981.330078125,8867.642355617088,8981.330078125,787993,0.0,0.0
2015-07-02 00:00:00+07:00,8867.643071388711,8958.593256736289,8867.643071388711,8913.1181640625,993,0.0,0.0
2015-07-03 00:00:00+07:00,8776.692886041135,8913.1181640625,8776.692886041135,8913.1181640625,2073,0.0,0.0
2015-07-06 00:00:00+07:00,8913.1181640625,8913.1181640625,8867.643071388711,8913.1181640625,18193,0.0,0.0
2015-07-07 00:00:00+07:00,8867.64281912757,8867.64281912757,8753.955090677217,8844.9052734375,109833,0.0,0.0
2015-07-08 00:00:00+07:00,8844.9052734375,8844.9052734375,8844.9052734375,8844.9052734375,10554,0.0,0.0
2015-07-09 00:00:00+07:00,8844.90405899439,8867.6416015625,8799.428973858172,8867.6416015625,11553,0.0,0.0
2015-07-10 00:00:00+07:00,8935.854971727142,8958.592516184463,8867.64233835518,8890.3798828125,45633,0.0,0.0
2015-07-13 00:00:00+07:00,9072.28100830078,9095.0185546875,8958.593276367186,9095.0185546875,38632,0.0,0.0
2015-07-14 00:00:00+07:00,9095.0185546875,9095.0185546875,9095.0185546875,9095.0185546875,42472,0.0,0.0
2015-07-15 00:00:00+07:00,9095.018059045226,9095.018059045226,9049.54296875,9049.54296875,51753,0.0,0.0
2015-07-16 00:00:00+07:00,9004.067878454773,9049.54296875,9004.067878454773,9049.54296875,38632,0.0,0.0
2015-07-17 00:00:00+07:00,8981.330078125,8981.330078125,8981.330078125,8981.330078125,1608033,0.0,0.0
2015-07-20 00:00:00+07:00,9095.016233766233,9095.016233766233,8753.953125,8753.953125,46833,0.0,0.0
2015-07-21 00:00:00+07:00,8753.954649808114,9095.017817982456,8753.954649808114,9072.2802734375,817593,0.0,0.0
2015-07-22 00:00:00+07:00,9072.278693181817,9072.278693181817,8753.953125,8753.953125,12033,0.0,0.0
2015-07-23 00:00:00+07:00,8753.954598675711,9095.017764857881,8753.954598675711,8799.4296875,4197616,0.0,0.0
2015-07-24 00:00:00+07:00,8867.6416015625,8935.854229266826,8822.166516426281,8867.6416015625,179473,0.0,0.0
2015-07-27 00:00:00+07:00,8981.330822753906,9095.0185546875,8640.267626953124,9095.0185546875,98752,0.0,0.0
2015-07-29 00:00:00+07:00,8981.329288779145,8981.329288779145,8776.69140625,8776.69140625,2498632,0.0,0.0
2015-07-30 00:00:00+07:00,8799.43041229248,8799.43041229248,8731.2177734375,8731.2177734375,41713,0.0,0.0
2015-07-31 00:00:00+07:00,8731.21696185286,8822.167138538827,8299.203622594516,8344.6787109375,45313,0.0,0.0
2015-08-03 00:00:00+07:00,7844.453629880046,8412.892298711933,7844.453629880046,8026.35400390625,23793,0.0,0.0
2015-08-04 00:00:00+07:00,7958.140147816051,8367.41592684659,7958.140147816051,8003.615234375,10393,0.0,0.0
2015-08-05 00:00:00+07:00,8003.616696428572,8003.616696428572,7958.1416015625,7958.1416015625,69232,0.0,0.0
2015-08-06 00:00:00+07:00,7958.1416015625,8026.354243861608,7958.1416015625,7958.1416015625,15753,0.0,0.0
2015-08-07 00:00:00+07:00,7958.140616581358,8162.778518150592,7912.66552734375,7912.66552734375,37432,0.0,0.0
2015-08-10 00:00:00+07:00,7912.66552734375,8049.090795056573,7730.765170393319,7912.66552734375,40393,0.0,0.0
2015-08-11 00:00:00+07:00,8049.091046964541,8049.091046964541,7912.6657749820915,7935.4033203125,55473,0.0,0.0
2015-08-12 00:00:00+07:00,7844.453125,7958.140851449275,7730.765398550724,7844.453125,85633,0.0,0.0
2015-08-13 00:00:00+07:00,7844.4535914179105,7844.4535914179105,7617.078125,7617.078125,22552,0.0,0.0
2015-08-14 00:00:00+07:00,7617.077599158653,7844.453049879808,7389.7021484375,7389.7021484375,65992,0.0,0.0
2015-08-17 00:00:00+07:00,6889.47607421875,7025.901343015161,6889.47607421875,6889.47607421875,1025833,0.0,0.0
2015-08-18 00:00:00+07:00,6821.263514657508,7344.22705078125,6821.263514657508,7344.22705078125,8994,0.0,0.0
2015-08-19 00:00:00+07:00,7321.488781587577,7366.9638671875,7071.375810788001,7366.9638671875,157113,0.0,0.0
2015-08-20 00:00:00+07:00,7366.964564732143,7366.964564732143,7162.32666015625,7162.32666015625,41553,0.0,0.0
2015-08-21 00:00:00+07:00,7276.01440047022,7321.489490473158,7048.638950455525,7253.27685546875,196633,0.0,0.0
2015-08-24 00:00:00+07:00,7071.376480344742,7730.765283978175,7048.638935391865,7162.32666015625,95913,0.0,0.0
2015-08-25 00:00:00+07:00,7048.638717651367,7276.01416015625,6821.263275146484,7276.01416015625,10033,0.0,0.0
2015-08-26 00:00:00+07:00,7276.014423076923,7389.7021484375,7276.014423076923,7389.7021484375,12273,0.0,0.0
2015-08-27 00:00:00+07:00,7276.014423076923,7389.7021484375,7253.276878004807,7389.7021484375,50913,0.0,0.0
2015-08-28 00:00:00+07:00,7321.4900186567165,7617.078125,7298.752472014926,7617.078125,15913,0.0,0.0
2015-08-31 00:00:00+07:00,7617.077599158653,7617.077599158653,7389.7021484375,7389.7021484375,993,0.0,0.0
2015-09-01 00:00:00+07:00,7389.701881408691,7412.4394256591795,7276.01416015625,7276.01416015625,72832,0.0,0.0
2015-09-03 00:00:00+07:00,7185.06396484375,7185.06396484375,7185.06396484375,7185.06396484375,114,0.0,0.0
2015-09-04 00:00:00+07:00,7207.802062627127,7685.29052734375,7207.802062627127,7685.29052734375,10713,0.0,0.0
2015-09-08 00:00:00+07:00,7276.014423076923,7753.502869591346,7276.014423076923,7389.7021484375,219073,0.0,0.0
2015-09-09 00:00:00+07:00,7389.702424548921,7639.8154296875,7389.702424548921,7639.8154296875,4113,0.0,0.0
2015-09-10 00:00:00+07:00,7639.8154296875,7639.8154296875,7639.8154296875,7639.8154296875,3993,0.0,0.0
2015-09-11 00:00:00+07:00,7503.390391791045,7639.815671641792,7435.177751865672,7617.078125,343072,0.0,0.0
2015-09-14 00:00:00+07:00,7503.389881379014,7503.389881379014,7435.17724609375,7435.17724609375,20872,0.0,0.0
2015-09-15 00:00:00+07:00,7435.1774932117,7503.390130764101,7435.1774932117,7457.9150390625,56233,0.0,0.0
2015-09-16 00:00:00+07:00,7503.39013671875,7503.39013671875,7503.39013671875,7503.39013671875,146512,0.0,0.0
2015-09-17 00:00:00+07:00,7480.652336283926,7480.652336283926,7435.17724609375,7435.17724609375,11274,0.0,0.0
2015-09-18 00:00:00+07:00,7457.9150390625,7503.390130764101,7457.9150390625,7457.9150390625,33873,0.0,0.0
2015-09-21 00:00:00+07:00,7457.9150390625,7480.6525849133,7412.4399473609,7457.9150390625,71233,0.0,0.0
2015-09-22 00:00:00+07:00,7503.389602661133,7503.389602661133,7276.01416015625,7276.01416015625,28033,0.0,0.0
2015-09-23 00:00:00+07:00,7571.602244880629,7571.602244880629,7321.4892578125,7321.4892578125,433,0.0,0.0
2015-09-24 00:00:00+07:00,7071.375810788001,7503.389123987268,7071.375810788001,7366.9638671875,18433,0.0,0.0
2015-09-25 00:00:00+07:00,7435.1774932117,7457.9150390625,7366.964855659299,7457.9150390625,62433,0.0,0.0
2015-09-28 00:00:00+07:00,7207.802034703697,7457.9150390625,7207.802034703697,7457.9150390625,14313,0.0,0.0
2015-09-29 00:00:00+07:00,7185.064488852897,7457.9150390625,7185.064488852897,7457.9150390625,26512,0.0,0.0
2015-09-30 00:00:00+07:00,7457.91504498106,7685.290503669507,7457.91504498106,7503.39013671875,93753,0.0,0.0
2015-10-01 00:00:00+07:00,7526.127682587595,7526.127682587595,7503.39013671875,7503.39013671875,44032,0.0,0.0
2015-10-02 00:00:00+07:00,7480.65283203125,7571.603018438925,7457.915285429332,7480.65283203125,44152,0.0,0.0
2015-10-05 00:00:00+07:00,7503.39013671875,7503.39013671875,7457.91504498106,7503.39013671875,2913,0.0,0.0
2015-10-06 00:00:00+07:00,7503.390378633168,7594.340565040843,7435.177738827412,7480.65283203125,109513,0.0,0.0
2015-10-07 00:00:00+07:00,7480.652336283926,7480.652336283926,7435.17724609375,7435.17724609375,422392,0.0,0.0
2015-10-08 00:00:00+07:00,7457.915285429332,7480.65283203125,7457.915285429332,7480.65283203125,53713,0.0,0.0
2015-10-09 00:00:00+07:00,7457.9147911888385,7480.652336283926,7412.439700998662,7435.17724609375,448912,0.0,0.0
2015-10-12 00:00:00+07:00,7389.701881408691,7435.176969909668,7276.01416015625,7276.01416015625,5754,0.0,0.0
2015-10-13 00:00:00+07:00,7276.014408099688,7389.702133226246,7276.014408099688,7298.751953125,222993,0.0,0.0
2015-10-14 00:00:00+07:00,7366.9645882009345,7366.9645882009345,7276.014408099688,7298.751953125,255073,0.0,0.0
2015-10-15 00:00:00+07:00,7253.277096538423,7321.4897338099445,7230.53955078125,7230.53955078125,36193,0.0,0.0
2015-10-16 00:00:00+07:00,7230.53955078125,7230.53955078125,7207.802005024076,7230.53955078125,58753,0.0,0.0
2015-10-19 00:00:00+07:00,7230.539538340964,7230.539538340964,7139.58935546875,7139.58935546875,86673,0.0,0.0
2015-10-20 00:00:00+07:00,7162.326888545867,7162.326888545867,7003.164068800404,7048.63916015625,181792,0.0,0.0
2015-10-21 00:00:00+07:00,7048.639406651929,7071.376953125,7048.639406651929,7071.376953125,29833,0.0,0.0
2015-10-22 00:00:00+07:00,7071.37651019495,7344.22705078125,7071.37651019495,7344.22705078125,125872,0.0,0.0
2015-10-23 00:00:00+07:00,7366.9645882009345,7412.439678251558,7185.064227998442,7298.751953125,107433,0.0,0.0
2015-10-26 00:00:00+07:00,7298.751704406738,7298.751704406738,7207.801527404785,7276.01416015625,20313,0.0,0.0
2015-10-27 00:00:00+07:00,7162.326438903809,7276.01416015625,7139.5888946533205,7276.01416015625,92392,0.0,0.0
2015-10-28 00:00:00+07:00,7276.014169254659,7321.4892578125,7276.014169254659,7321.4892578125,127192,0.0,0.0
2015-10-29 00:00:00+07:00,7071.376261901855,7366.964337158203,7071.376261901855,7276.01416015625,96433,0.0,0.0
2015-10-30 00:00:00+07:00,7253.276615905762,7276.01416015625,7162.326438903809,7276.01416015625,353457,0.0,0.0
2015-11-02 00:00:00+07:00,7321.489721213177,7321.489721213177,7139.58935546875,7139.58935546875,39993,0.0,0.0
2015-11-03 00:00:00+07:00,7185.065186317034,7207.802734375,7139.5900902011035,7207.802734375,242913,0.0,0.0
2015-11-04 00:00:00+07:00,7162.326913509728,7321.4897338099445,7162.326913509728,7230.53955078125,230632,0.0,0.0
2015-11-05 00:00:00+07:00,7276.01416015625,7276.01416015625,7230.539071655274,7276.01416015625,8433,0.0,0.0
2015-11-06 00:00:00+07:00,7480.652058410645,7480.652058410645,7276.01416015625,7276.01416015625,41313,0.0,0.0
2015-11-09 00:00:00+07:00,7389.702133226246,7389.702133226246,7276.014408099688,7298.751953125,36313,0.0,0.0
2015-11-10 00:00:00+07:00,7298.751953125,7298.751953125,7207.801773023753,7298.751953125,36153,0.0,0.0
2015-11-11 00:00:00+07:00,7298.751704406738,7298.751704406738,7253.276615905762,7276.01416015625,61072,0.0,0.0
2015-11-12 00:00:00+07:00,7321.488883749086,7776.23974609375,7230.538711280153,7776.23974609375,239992,0.0,0.0
2015-11-13 00:00:00+07:00,7776.240977350504,7912.666257654899,7730.765883915706,7889.9287109375,138712,0.0,0.0
2015-11-16 00:00:00+07:00,7889.9287109375,7958.141351089697,7867.1911642201,7889.9287109375,1994464,0.0,0.0
2015-11-17 00:00:00+07:00,7889.928723386597,8071.8290974128,7889.928723386597,8026.35400390625,1301032,0.0,0.0
2015-11-18 00:00:00+07:00,7480.652881827637,8049.091550659526,7480.652881827637,8026.35400390625,6097593,0.0,0.0
2015-11-19 00:00:00+07:00,7958.140147816051,8185.515580610795,7798.97734485973,8003.615234375,66273,0.0,0.0
2015-11-20 00:00:00+07:00,7844.4534098307295,8185.516601562501,7844.4534098307295,8185.5166015625,126913,0.0,0.0
2015-11-23 00:00:00+07:00,7958.141140407986,8276.466786024306,7958.141140407986,8185.5166015625,113473,0.0,0.0
2015-11-24 00:00:00+07:00,8185.515646462912,8299.203363774897,8162.778103000515,8276.4658203125,49672,0.0,0.0
2015-11-25 00:00:00+07:00,8390.154283497432,8390.154283497432,8299.2041015625,8299.2041015625,10674,0.0,0.0
2015-11-26 00:00:00+07:00,8299.203037359775,8867.6416015625,8299.203037359775,8867.6416015625,348513,0.0,0.0
2015-11-27 00:00:00+07:00,8640.267588297525,8753.955319722494,8526.579856872559,8731.2177734375,31833,0.0,0.0
2015-11-30 00:00:00+07:00,8663.004907916935,8844.9052734375,8549.317179466581,8844.9052734375,41073,0.0,0.0
2015-12-01 00:00:00+07:00,8753.954360804606,8913.11716736469,8753.954360804606,8822.1669921875,153873,0.0,0.0
2015-12-02 00:00:00+07:00,8799.429448393203,8981.329798747583,8753.954360804606,8822.1669921875,85873,0.0,0.0
2015-12-03 00:00:00+07:00,8753.954633109177,9436.080968156646,8753.954633109177,8981.330078125,60913,0.0,0.0
2015-12-04 00:00:00+07:00,8867.642649580792,9322.3935546875,8753.954923304116,9322.3935546875,83512,0.0,0.0
2015-12-07 00:00:00+07:00,9049.54296875,9072.280513897613,8799.429972126256,9049.54296875,23392,0.0,0.0
2015-12-08 00:00:00+07:00,8867.6421575263,9208.705317431157,8776.69198155167,9185.9677734375,152433,0.0,0.0
2015-12-09 00:00:00+07:00,8981.330822753906,9208.706286621093,8981.330822753906,9095.0185546875,161953,0.0,0.0
2015-12-10 00:00:00+07:00,9095.017817982456,9095.017817982456,8890.379917077851,9072.2802734375,3873,0.0,0.0
2015-12-11 00:00:00+07:00,9072.28077980324,9322.393783757716,9026.805688175155,9208.7060546875,195832,0.0,0.0
2015-12-14 00:00:00+07:00,9208.705557924937,9413.34345921216,8981.330112050247,9163.23046875,128833,0.0,0.0
2015-12-15 00:00:00+07:00,9095.019063995216,9504.294921875,9095.019063995216,9504.294921875,1024641,0.0,0.0
2015-12-16 00:00:00+07:00,9458.817950581395,9890.83127043968,9367.86777797965,9777.1435546875,201753,0.0,0.0
2015-12-17 00:00:00+07:00,9777.144087357954,10118.207253196022,9777.144087357954,10004.51953125,40552,0.0,0.0
2015-12-18 00:00:00+07:00,10004.519251587759,10004.519251587759,9663.456095283631,9845.3564453125,149632,0.0,0.0
2015-12-21 00:00:00+07:00,10118.206970355803,10118.206970355803,9663.456095283631,9845.3564453125,42193,0.0,0.0
2015-12-22 00:00:00+07:00,9640.718551530023,9890.831532819717,9640.718551530023,9845.3564453125,28792,0.0,0.0
2015-12-23 00:00:00+07:00,9845.357350244498,9890.83244193154,9185.968520782395,9299.65625,98872,0.0,0.0
2015-12-24 00:00:00+07:00,9731.669369283536,9731.669369283536,9208.705828410823,9322.3935546875,44793,0.0,0.0
2015-12-25 00:00:00+07:00,9322.393148547022,9777.144033841998,9231.442971488026,9731.6689453125,61993,0.0,0.0
2015-12-28 00:00:00+07:00,9436.082296766994,9890.833250828053,9436.082296766994,9868.095703125,90433,0.0,0.0
2015-12-29 00:00:00+07:00,9777.143814051675,10004.519251587759,9731.668726544456,9845.3564453125,24073,0.0,0.0
2015-12-30 00:00:00+07:00,9845.3564453125,9890.831532819717,9686.19363903724,9845.3564453125,35073,0.0,0.0
2015-12-31 00:00:00+07:00,9185.967657342657,9868.093968531468,9185.967657342657,9754.40625,1054833,0.0,0.0
2016-01-04 00:00:00+07:00,9754.406011537063,9777.1435546875,9686.193382085756,9777.1435546875,337047,0.0,0.0
2016-01-05 00:00:00+07:00,9754.405723625887,9777.1432661052,9595.242926270686,9617.98046875,512872,0.0,0.0
2016-01-06 00:00:00+07:00,9663.456075174825,9754.40625,9663.456075174825,9754.40625,56913,0.0,0.0
2016-01-07 00:00:00+07:00,9731.6689453125,9754.40648957725,9527.03104692976,9731.6689453125,55672,0.0,0.0
2016-01-08 00:00:00+07:00,9731.668706293705,9754.40625,9572.50590034965,9754.40625,499033,0.0,0.0
2016-01-11 00:00:00+07:00,9117.754760163656,9754.405965362115,9117.754760163656,9595.2431640625,89392,0.0,0.0
2016-01-12 00:00:00+07:00,9663.456275576636,9663.456275576636,9481.555922154019,9549.7685546875,92713,0.0,0.0
2016-01-13 00:00:00+07:00,9413.343289620536,9640.71873139881,9413.343289620536,9549.7685546875,156753,0.0,0.0
2016-01-14 00:00:00+07:00,9458.819058641975,9549.769241898148,9208.7060546875,9208.7060546875,8193,0.0,0.0
2016-01-15 00:00:00+07:00,9617.981916029676,9617.981916029676,8753.95517180006,9481.556640625,80913,0.0,0.0
2016-01-18 00:00:00+07:00,9481.55614410768,9481.55614410768,8822.16734751506,9436.0810546875,455632,0.0,0.0
2016-01-19 00:00:00+07:00,9322.3935546875,9436.081280964176,9072.28055687881,9322.3935546875,423862,0.0,0.0
2016-01-20 00:00:00+07:00,9254.181640625,9254.181640625,9117.756358453624,9254.181640625,371113,0.0,0.0
2016-01-21 00:00:00+07:00,9231.443152296688,9663.456501788403,9117.755428746235,9436.0810546875,187153,0.0,0.0
2016-01-22 00:00:00+07:00,9208.705607586597,9549.768778237953,9208.705607586597,9436.0810546875,83593,0.0,0.0
2016-01-25 00:00:00+07:00,9549.76859119451,9731.6689453125,9458.818414135514,9731.6689453125,79753,0.0,0.0
2016-01-26 00:00:00+07:00,9777.143814051675,9890.831532819717,9708.931182790848,9845.3564453125,114952,0.0,0.0
2016-01-27 00:00:00+07:00,9890.831809303976,10118.207253196022,9890.831809303976,10004.51953125,124713,0.0,0.0
2016-01-28 00:00:00+07:00,9890.832546962782,10345.583468662218,9890.832546962782,10118.2080078125,105592,0.0,0.0
2016-01-29 00:00:00+07:00,9890.831611480373,10231.894770496938,9890.831611480373,10209.1572265625,40953,0.0,0.0
2016-02-01 00:00:00+07:00,10231.89573823736,10300.108376492275,10004.52027738764,10118.2080078125,254073,0.0,0.0
2016-02-02 00:00:00+07:00,10118.207779947918,10300.10814453125,10004.520052083333,10231.8955078125,28672,0.0,0.0
2016-02-03 00:00:00+07:00,10231.89573823736,10345.583468662218,10118.2080078125,10118.2080078125,73993,0.0,0.0
2016-02-04 00:00:00+07:00,10095.470221412555,10231.895494674889,10095.470221412555,10140.9453125,78633,0.0,0.0
2016-02-05 00:00:00+07:00,10163.6826171875,10231.895252202181,10140.945072182607,10163.6826171875,71833,0.0,0.0
2016-02-15 00:00:00+07:00,10663.908873697917,10663.908873697917,10231.8955078125,10231.8955078125,42913,0.0,0.0
2016-02-16 00:00:00+07:00,10663.90839158443,10663.90839158443,10186.419956140351,10368.3203125,39232,0.0,0.0
2016-02-17 00:00:00+07:00,10459.26976953976,10459.26976953976,10231.894339767157,10436.5322265625,39993,0.0,0.0
2016-02-18 00:00:00+07:00,10436.534912109375,10436.534912109375,10118.209228515625,10277.3720703125,196993,0.0,0.0
2016-02-19 00:00:00+07:00,10277.370598958334,10345.583235677084,10231.8955078125,10231.8955078125,509113,0.0,0.0
2016-02-22 00:00:00+07:00,10118.207779947918,10436.53341796875,10118.207779947918,10231.8955078125,24712,0.0,0.0
2016-02-23 00:00:00+07:00,10231.895760037252,10322.845944570916,10118.208029370171,10300.1083984375,78313,0.0,0.0
2016-02-24 00:00:00+07:00,10300.107887216862,10300.107887216862,10140.945072182607,10163.6826171875,20313,0.0,0.0
2016-02-25 00:00:00+07:00,10209.157962239584,10300.10814453125,10118.207779947918,10231.8955078125,1168432,0.0,0.0
2016-02-26 00:00:00+07:00,10231.895267461197,10459.270717849224,10209.157722422395,10254.6328125,81753,0.0,0.0
2016-02-29 00:00:00+07:00,10686.64794921875,10686.64794921875,10254.634521484375,10277.3720703125,40393,0.0,0.0
2016-03-01 00:00:00+07:00,10277.370852304084,10368.321036837748,10231.895760037252,10300.1083984375,43953,0.0,0.0
2016-03-02 00:00:00+07:00,10322.8445116762,10550.219941448802,10231.894339767157,10436.5322265625,119433,0.0,0.0
2016-03-03 00:00:00+07:00,10368.319876609443,10686.645486856223,10368.319876609443,10595.6953125,111513,0.0,0.0
2016-03-04 00:00:00+07:00,10641.171899414063,11027.7101949056,10641.171899414063,10914.0224609375,315513,0.0,0.0
2016-03-07 00:00:00+07:00,10914.02042079208,11596.146697091584,10914.02042079208,11482.458984375,75993,0.0,0.0
2016-03-08 00:00:00+07:00,11368.771271658416,11596.146697091584,11323.296186571783,11482.458984375,141433,0.0,0.0
2016-03-09 00:00:00+07:00,11368.772396371385,11368.772396371385,11004.9716796875,11004.9716796875,73473,0.0,0.0
2016-03-10 00:00:00+07:00,10823.072053936605,11277.822980572597,10823.072053936605,11118.66015625,41313,0.0,0.0
2016-03-11 00:00:00+07:00,11141.397692493556,11209.610331427191,11027.7099609375,11027.7099609375,96232,0.0,0.0
2016-03-14 00:00:00+07:00,11027.708484973473,11141.396201313406,10709.382879221661,10982.2333984375,41632,0.0,0.0
2016-03-15 00:00:00+07:00,10982.23510131836,11027.7101949056,10868.54736735026,10914.0224609375,33793,0.0,0.0
2016-03-16 00:00:00+07:00,10914.020602318547,11368.771460748489,10914.020602318547,11277.8212890625,82633,0.0,0.0
2016-03-17 00:00:00+07:00,11368.773185990945,11368.773185990945,11232.347907759055,11300.560546875,55513,0.0,0.0
2016-03-18 00:00:00+07:00,11323.297827646684,11323.297827646684,11027.70973174426,11141.3974609375,498472,0.0,0.0
2016-03-21 00:00:00+07:00,11141.3974609375,11346.035373485332,10936.75954838967,11141.3974609375,101193,0.0,0.0
2016-03-22 00:00:00+07:00,11095.921890879066,11255.084704887577,11027.70925630399,11186.8720703125,306913,0.0,0.0
2016-03-23 00:00:00+07:00,11346.033917826991,11346.033917826991,11095.920945690525,11277.8212890625,569313,0.0,0.0
2016-03-24 00:00:00+07:00,11277.8212890625,11277.8212890625,11164.133574455014,11277.8212890625,1315633,0.0,0.0
2016-03-25 00:00:00+07:00,11277.821527777778,11277.821527777778,11164.133810763888,11255.083984375,64153,0.0,0.0
2016-03-28 00:00:00+07:00,11277.821767459514,11277.821767459514,11141.396504143473,11232.3466796875,77593,0.0,0.0
2016-03-29 00:00:00+07:00,11232.347877738403,11232.347877738403,11027.7099609375,11027.7099609375,107872,0.0,0.0
2016-03-30 00:00:00+07:00,11141.397928873697,11141.397928873697,10914.0224609375,10914.0224609375,130953,0.0,0.0
2016-03-31 00:00:00+07:00,10800.3347269694,10959.49755452474,10800.3347269694,10914.0224609375,61192,0.0,0.0
2016-04-01 00:00:00+07:00,11004.97264811198,11004.97264811198,10686.646993001303,10914.0224609375,196081,0.0,0.0
2016-04-04 00:00:00+07:00,11027.7101949056,11141.397928873697,10709.384539794923,10914.0224609375,190473,0.0,0.0
2016-04-05 00:00:00+07:00,10914.0224609375,10914.0224609375,10777.597180175782,10914.0224609375,47793,0.0,0.0
2016-04-06 00:00:00+07:00,10732.120890722452,10936.7587890625,10732.120890722452,10936.7587890625,40353,0.0,0.0
2016-04-07 00:00:00+07:00,10936.76000773112,10959.49755452474,10914.0224609375,10914.0224609375,71433,0.0,0.0
2016-04-08 00:00:00+07:00,10914.020833333332,11255.083984375,10800.333116319443,11255.083984375,388312,0.0,0.0
2016-04-11 00:00:00+07:00,11482.460984002977,11937.2119140625,11482.460984002977,11937.2119140625,740913,0.0,0.0
2016-04-12 00:00:00+07:00,12278.275353064902,12278.275353064902,11823.5244140625,11823.5244140625,120313,0.0,0.0
2016-04-13 00:00:00+07:00,11823.523665048544,11823.523665048544,11482.460482402912,11709.8359375,97513,0.0,0.0
2016-04-14 00:00:00+07:00,11482.45974073223,11709.83518114277,11482.45974073223,11596.1474609375,103192,0.0,0.0
2016-04-15 00:00:00+07:00,11596.148944561297,11937.2121488131,11596.148944561297,11823.5244140625,354472,0.0,0.0
2016-04-19 00:00:00+07:00,11823.523665048544,12164.586847694174,11709.8359375,11709.8359375,461752,0.0,0.0
2016-04-20 00:00:00+07:00,11709.8359375,11709.8359375,11709.8359375,11709.8359375,189352,0.0,0.0
2016-04-21 00:00:00+07:00,11709.836449032739,12164.587379092263,11709.836449032739,11937.2119140625,338953,0.0,0.0
2016-04-22 00:00:00+07:00,11937.211303710938,12733.025390625,11937.211303710938,12733.025390625,1076913,0.0,0.0
2016-04-25 00:00:00+07:00,12733.024857954546,12733.024857954546,11937.210804332386,12505.6494140625,265033,0.0,0.0
2016-04-26 00:00:00+07:00,12619.338173314145,13187.776829769737,12505.650442023027,12960.4013671875,464713,0.0,0.0
2016-04-27 00:00:00+07:00,13074.0888671875,13301.464325747284,13074.0888671875,13074.0888671875,205432,0.0,0.0
2016-04-28 00:00:00+07:00,13074.089098478618,13187.776829769737,12846.713635896382,12960.4013671875,467913,0.0,0.0
2016-04-29 00:00:00+07:00,12960.40113790761,13187.77659646739,12960.40113790761,13074.0888671875,105633,0.0,0.0
2016-05-04 00:00:00+07:00,13074.0888671875,13187.77659646739,12960.40113790761,13074.0888671875,403233,0.0,0.0
2016-05-05 00:00:00+07:00,13415.150828394397,13415.150828394397,12960.399952855603,13187.775390625,445393,0.0,0.0
2016-05-06 00:00:00+07:00,13187.776829769737,13187.776829769737,12960.4013671875,12960.4013671875,67072,0.0,0.0
2016-05-09 00:00:00+07:00,12846.712233970906,13187.775390625,12846.712233970906,13187.775390625,79833,0.0,0.0
2016-05-10 00:00:00+07:00,13301.46416015625,13642.52734375,13187.776432291666,13642.52734375,2025847,0.0,0.0
2016-05-11 00:00:00+07:00,13642.52757352941,13869.903033088234,13528.83984375,13528.83984375,363993,0.0,0.0
2016-05-12 00:00:00+07:00,13528.83984375,13642.52757352941,13528.83984375,13528.83984375,149073,0.0,0.0
2016-05-13 00:00:00+07:00,13415.151888020833,13642.52734375,13301.46416015625,13642.52734375,184192,0.0,0.0
2016-05-16 00:00:00+07:00,13642.52734375,13642.52734375,13528.839615885418,13642.52734375,116233,0.0,0.0
2016-05-17 00:00:00+07:00,13415.151888020833,13869.902799479167,13415.151888020833,13642.52734375,174673,0.0,0.0
2016-05-18 00:00:00+07:00,13642.527117768595,13869.902569731405,13528.83939178719,13756.21484375,210073,0.0,0.0
2016-05-19 00:00:00+07:00,13869.90234375,13869.90234375,13642.526895491803,13869.90234375,57393,0.0,0.0
2016-05-20 00:00:00+07:00,13869.90234375,13983.590067879099,13756.214619620901,13869.90234375,104713,0.0,0.0
2016-05-23 00:00:00+07:00,13869.90234375,13869.90234375,13642.526895491803,13869.90234375,23992,0.0,0.0
2016-05-24 00:00:00+07:00,13756.21484375,13869.902569731405,13756.21484375,13756.21484375,162273,0.0,0.0
2016-05-25 00:00:00+07:00,13642.52734375,13756.215071614584,13528.839615885418,13642.52734375,80392,0.0,0.0
2016-05-26 00:00:00+07:00,13642.527117768595,13756.21484375,13528.83939178719,13756.21484375,155313,0.0,0.0
2016-05-27 00:00:00+07:00,13756.215071614584,13756.215071614584,13528.839615885418,13642.52734375,90033,0.0,0.0
2016-05-30 00:00:00+07:00,13642.526550292969,14552.0283203125,13642.526550292969,14552.0283203125,1134553,0.0,0.0
2016-05-31 00:00:00+07:00,14552.028846153846,15006.779747596152,14552.028846153846,14779.404296875,242032,0.0,0.0
2016-06-01 00:00:00+07:00,14665.716796875,14779.40452398256,14552.029069767443,14665.716796875,70353,0.0,0.0
2016-06-02 00:00:00+07:00,14552.0283203125,14665.716041564941,14438.340599060059,14552.0283203125,125833,0.0,0.0
2016-06-03 00:00:00+07:00,14438.341407718515,15461.530956296992,14438.341407718515,15120.4677734375,407073,0.0,0.0
2016-06-06 00:00:00+07:00,15120.466150620405,15688.904727711397,15120.466150620405,15461.529296875,502672,0.0,0.0
2016-06-07 00:00:00+07:00,15461.530497685184,15461.530497685184,15120.467324942128,15347.8427734375,475792,0.0,0.0
2016-06-08 00:00:00+07:00,15347.843983208955,15575.219449626866,15234.15625,15234.15625,581913,0.0,0.0
2016-06-09 00:00:00+07:00,15347.843461470171,15347.843461470171,15006.7802734375,15006.7802734375,190033,0.0,0.0
2016-06-10 00:00:00+07:00,14893.092544093277,15461.531190814394,14893.092544093277,15006.7802734375,252913,0.0,0.0
2016-06-13 00:00:00+07:00,15006.780504532442,15234.155966722328,14779.405042342558,14893.0927734375,527113,0.0,0.0
2016-06-14 00:00:00+07:00,14665.716571514422,14893.092022235576,14665.716571514422,14779.404296875,343873,0.0,0.0
2016-06-15 00:00:00+07:00,14779.405317164179,15234.15625,14665.717583955224,15234.15625,337273,0.0,0.0
2016-06-16 00:00:00+07:00,15234.155966722328,15347.84369781727,14893.0927734375,14893.0927734375,300352,0.0,0.0
2016-06-17 00:00:00+07:00,14779.404814749052,15006.7802734375,14779.404814749052,15006.7802734375,130873,0.0,0.0
2016-06-20 00:00:00+07:00,15006.7787488759,15916.280491232015,14893.091031081385,15802.5927734375,1019872,0.0,0.0
2016-06-21 00:00:00+07:00,16029.969499614876,16825.78358824824,16029.969499614876,16143.6572265625,787558,0.0,0.0
2016-06-22 00:00:00+07:00,16143.657516163794,16598.408432112068,16143.657516163794,16484.720703125,171232,0.0,0.0
2016-06-23 00:00:00+07:00,16484.720030088683,17166.84637616132,16143.656857052365,16825.783203125,763953,0.0,0.0
2016-06-24 00:00:00+07:00,16712.095930543663,16712.095930543663,15688.906383775686,16598.408203125,1546033,0.0,0.0
2016-06-27 00:00:00+07:00,16371.03375,17053.16015625,15916.2828125,17053.16015625,432793,0.0,0.0
2016-06-28 00:00:00+07:00,17053.15543831169,18076.34476461039,16825.78003246753,17507.90625,3244033,0.0,0.0
2016-06-29 00:00:00+07:00,17507.909266218354,18190.035601265823,17507.909266218354,17962.66015625,886833,0.0,0.0
2016-06-30 00:00:00+07:00,18076.34476461039,18076.34476461039,17394.218547077922,17507.90625,1003072,0.0,0.0
2016-07-01 00:00:00+07:00,16825.7846875,17848.974296875,16825.7846875,17053.16015625,1132353,0.0,0.0
2016-07-04 00:00:00+07:00,17053.159466911762,17507.910386029413,16939.471737132353,17394.22265625,1699312,0.0,0.0
2016-07-05 00:00:00+07:00,17507.910386029413,17735.285845588234,17394.22265625,17394.22265625,487473,0.0,0.0
2016-07-06 00:00:00+07:00,17394.222202620967,17735.285383064514,17166.846748991935,17621.59765625,907993,0.0,0.0
2016-07-07 00:00:00+07:00,17848.973025438263,18758.474835651676,17848.973025438263,18644.787109375,2211393,0.0,0.0
2016-07-08 00:00:00+07:00,18531.099838445214,19326.913941936727,18303.724380304782,18417.412109375,12811353,0.0,0.0
2016-07-11 00:00:00+07:00,18417.411275875795,18644.786723726113,17621.597208399682,17848.97265625,1058593,0.0,0.0
2016-07-12 00:00:00+07:00,17848.973109879033,17962.660836693547,17280.53447580645,17621.59765625,908313,0.0,0.0
2016-07-13 00:00:00+07:00,17621.593952922078,18076.34476461039,17507.90625,17507.90625,851073,0.0,0.0
2016-07-14 00:00:00+07:00,17621.597992995692,17621.597992995692,16371.032974137932,16484.720703125,1329592,0.0,0.0
2016-07-15 00:00:00+07:00,15802.595465959823,16484.721888950895,15688.907728794644,15916.283203125,1371232,0.0,0.0
2016-07-18 00:00:00+07:00,15688.905157342657,16257.34375,15575.217438811189,16257.34375,482032,0.0,0.0
2016-07-19 00:00:00+07:00,16257.344953510123,16598.40813435299,16143.657226562498,16143.6572265625,489112,0.0,0.0
2016-07-20 00:00:00+07:00,15916.280594405594,16484.719187062936,15916.280594405594,16257.34375,322792,0.0,0.0
2016-07-21 00:00:00+07:00,15916.283203125,16143.658677455358,15575.219991629465,15916.283203125,227113,0.0,0.0
2016-07-22 00:00:00+07:00,16029.968657333486,16029.968657333486,15461.530052463504,15575.2177734375,389152,0.0,0.0
2016-07-25 00:00:00+07:00,15575.219449626866,15688.907182835821,15120.468516791045,15234.15625,461353,0.0,0.0
2016-07-26 00:00:00+07:00,15006.77966889881,15234.15511842758,14210.965595548116,14324.6533203125,1043593,0.0,0.0
2016-07-27 00:00:00+07:00,14324.65389737216,15120.468002781723,14210.966168027935,15006.7802734375,1531393,0.0,0.0
2016-07-28 00:00:00+07:00,15234.155198317307,15347.842923677885,14779.404296875,14779.404296875,238873,0.0,0.0
2016-07-29 00:00:00+07:00,14779.403762817383,14893.091484069824,14552.0283203125,14552.0283203125,1123161,0.0,0.0
2016-08-01 00:00:00+07:00,14552.02876984127,14552.02876984127,14097.27787078373,14324.6533203125,411433,0.0,0.0
2016-08-02 00:00:00+07:00,14210.965156555176,14665.716041564941,14097.277435302734,14552.0283203125,326553,0.0,0.0
2016-08-03 00:00:00+07:00,14552.028543307086,14552.028543307086,14210.965374323327,14438.3408203125,120033,0.0,0.0
2016-08-04 00:00:00+07:00,14552.02876984127,14552.02876984127,14324.6533203125,14324.6533203125,175593,0.0,0.0
2016-08-05 00:00:00+07:00,14210.966796875,14324.65453125,14097.2790625,14210.966796875,143392,0.0,0.0
2016-08-08 00:00:00+07:00,14324.654117962786,14893.0927734375,14210.966386867844,14893.0927734375,503913,0.0,0.0
2016-08-09 00:00:00+07:00,14893.0927734375,14893.0927734375,14665.717311247614,14893.0927734375,222513,0.0,0.0
2016-08-10 00:00:00+07:00,14893.093568638393,15916.283203125,14893.093568638393,15916.283203125,545233,0.0,0.0
2016-08-11 00:00:00+07:00,15916.283203125,16029.970940290179,15575.219991629465,15916.283203125,740673,0.0,0.0
2016-08-12 00:00:00+07:00,15916.28170289855,15916.28170289855,15461.530797101448,15688.90625,502273,0.0,0.0
2016-08-15 00:00:00+07:00,15461.532254464286,16257.346414620537,15461.532254464286,15916.283203125,476713,0.0,0.0
2016-08-16 00:00:00+07:00,16029.969787176724,16598.408432112068,15802.594329202588,16484.720703125,866313,0.0,0.0
2016-08-17 00:00:00+07:00,16484.71981176594,17053.158425964764,16371.032088926173,16939.470703125,972592,0.0,0.0
2016-08-18 00:00:00+07:00,16939.46917517007,16939.46917517007,16598.406037414967,16712.09375,436672,0.0,0.0
2016-08-19 00:00:00+07:00,16712.096394856773,16712.096394856773,16143.657741970486,16371.033203125,1170753,0.0,0.0
2016-08-22 00:00:00+07:00,16371.034151785714,16371.034151785714,15916.283203125,15916.283203125,728553,0.0,0.0
2016-08-23 00:00:00+07:00,15916.281772667253,16143.657226562498,15802.59404571963,16143.6572265625,716473,0.0,0.0
2016-08-24 00:00:00+07:00,15916.280158547794,16143.65558938419,15461.529296875,15461.529296875,1233217,0.0,0.0
2016-08-25 00:00:00+07:00,15461.53171641791,15688.907182835821,15120.468516791045,15234.15625,688633,0.0,0.0
2016-08-26 00:00:00+07:00,15234.15461051551,15802.593215385492,15234.15461051551,15575.2177734375,348273,0.0,0.0
2016-08-29 00:00:00+07:00,15688.906411536655,15688.906411536655,15120.4677734375,15120.4677734375,463833,0.0,0.0
2016-08-30 00:00:00+07:00,15120.468516791045,15461.53171641791,15120.468516791045,15234.15625,191272,0.0,0.0
2016-08-31 00:00:00+07:00,15347.844290226063,16029.970703125,15234.156554742907,16029.970703125,697552,0.0,0.0
2016-09-01 00:00:00+07:00,16029.968209026529,16029.968209026529,15688.905055642987,15802.5927734375,309433,0.0,0.0
2016-09-05 00:00:00+07:00,15916.282967641844,16029.970703125,15802.595232158688,16029.970703125,296992,0.0,0.0
2016-09-06 00:00:00+07:00,16029.969566031677,16712.095930543663,16029.969566031677,16598.408203125,999633,0.0,0.0
2016-09-07 00:00:00+07:00,16712.09616109914,16712.09616109914,16257.345245150862,16484.720703125,3700033,0.0,0.0
2016-09-08 00:00:00+07:00,16484.718324829933,16825.781462585033,16484.718324829933,16712.09375,441633,0.0,0.0
2016-09-09 00:00:00+07:00,16712.09616109914,16712.09616109914,16371.032974137932,16484.720703125,560272,0.0,0.0
2016-09-12 00:00:00+07:00,16371.030405405405,16484.718116554053,15461.528716216217,15984.4921875,341313,0.0,0.0
2016-09-13 00:00:00+07:00,15961.758297991071,16143.658677455358,15643.432633928573,15916.283203125,417553,0.0,0.0
2016-09-14 00:00:00+07:00,15802.591983361424,15916.279695471938,15597.9541015625,15597.9541015625,431313,0.0,0.0
2016-09-15 00:00:00+07:00,15779.854307432432,16143.654983108108,15620.691511824323,15984.4921875,556696,0.0,0.0
2016-09-16 00:00:00+07:00,15916.281985556348,15984.494622637303,15688.90652861983,15939.01953125,323992,0.0,0.0
2016-09-19 00:00:00+07:00,15916.28178615196,16461.982875962884,15916.28178615196,16234.607421875,520552,0.0,0.0
2016-09-20 00:00:00+07:00,16416.508295355903,16643.88375651042,16348.29565700955,16371.033203125,583593,0.0,0.0
2016-09-21 00:00:00+07:00,16371.032974137932,16643.883523706896,16371.032974137932,16484.720703125,440833,0.0,0.0
2016-09-22 00:00:00+07:00,16712.096953125,17257.798078125,16712.096953125,17053.16015625,1210233,0.0,0.0
2016-09-23 00:00:00+07:00,16939.472421875,17189.5854375,16916.734875000002,17053.16015625,763072,0.0,0.0
2016-09-26 00:00:00+07:00,17394.221440008976,17621.596883669223,17053.158274518602,17416.958984375,993193,0.0,0.0
2016-09-27 00:00:00+07:00,17416.95729539174,17576.120090519344,17416.95729539174,17485.169921875,440152,0.0,0.0
2016-09-28 00:00:00+07:00,17507.91259765625,17507.91259765625,17189.5869140625,17280.537109375,1078953,0.0,0.0
2016-09-29 00:00:00+07:00,17280.533939717476,17416.959207662614,17166.84621642986,17303.271484375,915913,0.0,0.0
2016-09-30 00:00:00+07:00,17280.535625,17326.01071875,17053.16015625,17053.16015625,542113,0.0,0.0
2016-10-03 00:00:00+07:00,17053.158425964764,17053.158425964764,16871.25806942114,16939.470703125,585352,0.0,0.0
2016-10-04 00:00:00+07:00,16939.472421875,17371.4858125,16939.472421875,17053.16015625,483993,0.0,0.0
2016-10-05 00:00:00+07:00,17098.63671875,17348.749755859375,17098.63671875,17280.537109375,1099072,0.0,0.0
2016-10-06 00:00:00+07:00,17280.534926470587,17689.81075367647,17280.534926470587,17394.22265625,1120513,0.0,0.0
2016-10-07 00:00:00+07:00,17462.436,17485.173546875,17007.6850625,17053.16015625,420913,0.0,0.0
2016-10-10 00:00:00+07:00,17166.846343493853,17166.846343493853,16621.14526767418,16643.8828125,627433,0.0,0.0
2016-10-11 00:00:00+07:00,16643.882555298354,16712.09518872171,15939.018676590364,16575.669921875,815512,0.0,0.0
2016-10-12 00:00:00+07:00,16666.620839576197,16666.620839576197,16257.345020869006,16598.408203125,247513,0.0,0.0
2016-10-13 00:00:00+07:00,16598.40794790234,16598.40794790234,16484.720222231772,16530.1953125,209313,0.0,0.0
2016-10-14 00:00:00+07:00,16530.19559303015,16939.471412389903,16484.720501990174,16780.30859375,317073,0.0,0.0
2016-10-17 00:00:00+07:00,16825.782247563846,17030.420139763944,16825.782247563846,16916.732421875,294472,0.0,0.0
2016-10-18 00:00:00+07:00,16939.472421875,17235.06053125,16916.734875000002,17053.16015625,509593,0.0,0.0
2016-10-19 00:00:00+07:00,17235.05878250839,17235.05878250839,16939.470703125,16939.470703125,280672,0.0,0.0
2016-10-20 00:00:00+07:00,16939.47138538099,16984.946476348458,16371.032748287671,16598.408203125,264913,0.0,0.0
2016-10-21 00:00:00+07:00,16712.096394856773,16712.096394856773,16257.345472547744,16371.033203125,526432,0.0,0.0
2016-10-24 00:00:00+07:00,16371.034151785714,16371.034151785714,15916.283203125,15916.283203125,411513,0.0,0.0
2016-10-25 00:00:00+07:00,15916.28292492658,15916.28292492658,15347.844249036343,15484.26953125,582712,0.0,0.0
2016-10-26 00:00:00+07:00,15484.268342391304,15802.593976449274,15438.793251811594,15688.90625,415633,0.0,0.0
2016-10-27 00:00:00+07:00,15916.28170289855,15916.28170289855,15575.218523550724,15688.90625,237873,0.0,0.0
2016-10-28 00:00:00+07:00,15802.59544904842,15802.59544904842,15597.957522370096,15643.4326171875,149313,0.0,0.0
2016-10-31 00:00:00+07:00,15688.904727711397,15711.642270795037,15234.153866038603,15461.529296875,434193,0.0,0.0
2016-11-01 00:00:00+07:00,15575.219475978281,15575.219475978281,15416.05664921646,15507.0068359375,378993,0.0,0.0
2016-11-02 00:00:00+07:00,15597.954555376838,15688.904727711397,15461.529296875,15461.529296875,317032,0.0,0.0
2016-11-03 00:00:00+07:00,15552.481706765557,15734.38207760492,15416.056428636035,15711.64453125,502072,0.0,0.0
2016-11-04 00:00:00+07:00,15802.593976449274,15802.593976449274,15507.005887681158,15688.90625,75273,0.0,0.0
2016-11-07 00:00:00+07:00,15688.905494411496,15711.643038606295,15575.2177734375,15575.2177734375,323313,0.0,0.0
2016-11-08 00:00:00+07:00,15666.167207773666,15688.904750890899,15461.529319718566,15552.4794921875,332193,0.0,0.0
2016-11-09 00:00:00+07:00,15461.530928938357,16598.408203125,15416.055837970891,16598.408203125,1984273,0.0,0.0
2016-11-10 00:00:00+07:00,16257.345472547744,16416.508295355903,16143.657741970486,16371.033203125,626473,0.0,0.0
2016-11-11 00:00:00+07:00,16189.133532801417,16189.133532801417,16029.970703125,16029.970703125,167793,0.0,0.0
2016-11-14 00:00:00+07:00,15916.279695471938,15916.279695471938,15575.216559140397,15597.9541015625,539433,0.0,0.0
2016-11-15 00:00:00+07:00,15529.741474296192,15916.279695471938,15507.00393187409,15597.9541015625,267633,0.0,0.0
2016-11-16 00:00:00+07:00,15552.480978260868,15848.069067028984,15552.480978260868,15688.90625,199593,0.0,0.0
2016-11-17 00:00:00+07:00,15757.1181640625,15802.593252559074,15643.430442821069,15757.1181640625,323473,0.0,0.0
2016-11-18 00:00:00+07:00,15688.90625,15757.118885869564,15575.218523550724,15688.90625,507433,0.0,0.0
2016-11-21 00:00:00+07:00,15688.90674392612,15802.59447395457,15643.43165191474,15734.3818359375,359752,0.0,0.0
2016-11-22 00:00:00+07:00,15893.543688543912,15893.543688543912,15688.905786974676,15825.3310546875,554872,0.0,0.0
2016-11-23 00:00:00+07:00,15802.59471666968,15825.332263024602,15643.431892185237,15711.64453125,314073,0.0,0.0
2016-11-24 00:00:00+07:00,15666.166596283783,16029.967271959458,15666.166596283783,15984.4921875,470113,0.0,0.0
2016-11-25 00:00:00+07:00,16029.970940290179,16029.970940290179,15802.595465959823,15916.283203125,156352,0.0,0.0
2016-11-28 00:00:00+07:00,15916.281233162716,15916.281233162716,15461.530340786638,15825.3310546875,322153,0.0,0.0
2016-11-29 00:00:00+07:00,15688.905417951233,15711.64296203522,15006.779095431613,15211.4169921875,1306753,0.0,0.0
2016-11-30 00:00:00+07:00,14824.879756667273,15666.1689453125,14824.879756667273,15666.1689453125,657753,0.0,0.0
2016-12-01 00:00:00+07:00,15688.90625,15916.28170289855,15688.90625,15688.90625,876033,0.0,0.0
2016-12-02 00:00:00+07:00,15688.906984895078,16029.970180218885,15575.219253120476,15711.64453125,474592,0.0,0.0
2016-12-05 00:00:00+07:00,15688.906984895078,15757.11962395984,15575.219253120476,15711.64453125,132073,0.0,0.0
2016-12-06 00:00:00+07:00,15711.644036590622,15757.119127868742,15643.43139967344,15666.1689453125,297393,0.0,0.0
2016-12-07 00:00:00+07:00,15666.1689453125,15711.644036590622,15552.4812171172,15666.1689453125,260073,0.0,0.0
2016-12-08 00:00:00+07:00,15688.907209379582,15688.907209379582,15484.269289257241,15507.0068359375,225073,0.0,0.0
2016-12-09 00:00:00+07:00,15620.69385403438,15757.119127868742,15529.74367147814,15666.1689453125,5416113,0.0,0.0
2016-12-12 00:00:00+07:00,14893.0927734375,15461.531428912214,14847.617680999523,14893.0927734375,980593,0.0,0.0
2016-12-13 00:00:00+07:00,14893.092544093277,15097.73045691288,14824.879906486742,15006.7802734375,233512,0.0,0.0
2016-12-14 00:00:00+07:00,15006.779616163476,15461.530513622974,15006.779616163476,15438.79296875,373072,0.0,0.0
2016-12-15 00:00:00+07:00,15438.793955321193,15575.219233276903,15279.63113103953,15529.744140625,208552,0.0,0.0
2016-12-16 00:00:00+07:00,15575.219233276903,15575.219233276903,15461.531501647145,15529.744140625,135913,0.0,0.0
2016-12-19 00:00:00+07:00,15461.529296875,15552.479469209558,15347.841581456802,15461.529296875,213952,0.0,0.0
2016-12-20 00:00:00+07:00,15507.004383042278,15529.741926125918,15370.579124540442,15461.529296875,719313,0.0,0.0
2016-12-21 00:00:00+07:00,15529.744625321218,15529.744625321218,15438.794437178782,15484.26953125,5176432,0.0,0.0
2016-12-22 00:00:00+07:00,15416.056146565275,15416.056146565275,15234.15577905418,15370.5810546875,296272,0.0,0.0
2016-12-23 00:00:00+07:00,15347.8427734375,15370.580318287037,15256.892594039351,15347.8427734375,79033,0.0,0.0
2016-12-26 00:00:00+07:00,15347.843983208955,15347.843983208955,15211.41870335821,15234.15625,463993,0.0,0.0
2016-12-27 00:00:00+07:00,15279.631343283583,15279.631343283583,15074.993423507463,15234.15625,160552,0.0,0.0
2016-12-28 00:00:00+07:00,15234.1552587744,15234.1552587744,15097.729987800301,15143.205078125,113673,0.0,0.0
2016-12-29 00:00:00+07:00,15074.992682389568,15165.942864485432,15006.78004581767,15120.4677734375,210952,0.0,0.0
2016-12-30 00:00:00+07:00,15120.4677734375,15165.942864485432,15074.992682389568,15120.4677734375,180553,0.0,0.0
2017-01-03 00:00:00+07:00,15120.46826684314,15211.418451906859,15074.993174311281,15165.943359375,579793,0.0,0.0
2017-01-04 00:00:00+07:00,15120.46681585155,15234.154536271486,15074.991727683575,15211.4169921875,120273,0.0,0.0
2017-01-05 00:00:00+07:00,15347.843983208955,15347.843983208955,15234.15625,15234.15625,107992,0.0,0.0
2017-01-06 00:00:00+07:00,15234.155578170356,15666.1689453125,15234.155578170356,15666.1689453125,669793,0.0,0.0
2017-01-09 00:00:00+07:00,15688.907004425966,15893.544921875,15666.16945804274,15893.544921875,362713,0.0,0.0
2017-01-10 00:00:00+07:00,15870.806640625,15893.544185955408,15757.11891397296,15870.806640625,194193,0.0,0.0
2017-01-11 00:00:00+07:00,15825.332515309798,15893.545155461996,15779.857421875,15779.857421875,259233,0.0,0.0
2017-01-12 00:00:00+07:00,15802.594968592399,15893.545155461996,15779.857421875,15779.857421875,253753,0.0,0.0
2017-01-13 00:00:00+07:00,15779.85717031476,15779.85717031476,15711.64453125,15711.64453125,141712,0.0,0.0
2017-01-16 00:00:00+07:00,15802.59544904842,15802.59544904842,15461.53223791788,15643.4326171875,231193,0.0,0.0
2017-01-17 00:00:00+07:00,15666.166728828808,15688.90427125091,15575.216559140397,15597.9541015625,188392,0.0,0.0
2017-01-18 00:00:00+07:00,15643.43139967344,15688.90649095156,15620.69385403438,15666.1689453125,163753,0.0,0.0
2017-01-19 00:00:00+07:00,15620.69385403438,15757.119127868742,15620.69385403438,15666.1689453125,322633,0.0,0.0
2017-01-20 00:00:00+07:00,15666.1689453125,15779.856673507802,15575.21876275626,15666.1689453125,41673,0.0,0.0
2017-01-23 00:00:00+07:00,15666.1689453125,15666.1689453125,15575.21876275626,15666.1689453125,61552,0.0,0.0
2017-01-24 00:00:00+07:00,15643.429186406705,15666.166728828808,15279.62850765306,15597.9541015625,153873,0.0,0.0
2017-01-25 00:00:00+07:00,15575.218523550724,15757.118885869564,15575.218523550724,15688.90625,141553,0.0,0.0
2017-02-03 00:00:00+07:00,15939.01953125,16052.70725971826,15916.281985556348,15939.01953125,173833,0.0,0.0
2017-02-06 00:00:00+07:00,15984.49296929863,16234.605946058637,15939.017882614993,16189.130859375,753232,0.0,0.0
2017-02-07 00:00:00+07:00,16348.296156701963,16643.884265237604,16211.870875839359,16507.458984375,1375305,0.0,0.0
2017-02-08 00:00:00+07:00,16598.408203125,16893.996294413526,16575.670657641265,16598.408203125,554913,0.0,0.0
2017-02-09 00:00:00+07:00,16598.40965987569,16803.047587189227,16461.984375,16461.984375,447313,0.0,0.0
2017-02-10 00:00:00+07:00,16484.72266152159,17030.423825489204,16461.985113022944,16848.5234375,753153,0.0,0.0
2017-02-13 00:00:00+07:00,16962.209737168872,17189.585202814567,16825.784457781458,17166.84765625,674113,0.0,0.0
2017-02-14 00:00:00+07:00,17280.534391644476,17280.534391644476,16939.47121286202,17075.896484375,430113,0.0,0.0
2017-02-15 00:00:00+07:00,17053.159420894524,17166.847150367157,16939.471691421895,17030.421875,236113,0.0,0.0
2017-02-16 00:00:00+07:00,17075.899664125674,17348.750257959906,16871.26171875,16871.26171875,644473,0.0,0.0
2017-02-17 00:00:00+07:00,16871.25978125,17053.16015625,16643.8843125,17053.16015625,580312,0.0,0.0
2017-02-20 00:00:00+07:00,17098.634845344386,17826.236328125,17098.634845344386,17826.236328125,1017793,0.0,0.0
2017-02-21 00:00:00+07:00,17894.449691320788,18167.30025840573,17667.07421875,17667.07421875,401152,0.0,0.0
2017-02-22 00:00:00+07:00,17735.282885646942,17826.233054291286,17371.48221106957,17485.169921875,495393,0.0,0.0
2017-02-23 00:00:00+07:00,17507.91110962236,17507.91110962236,17053.160171710093,17235.060546875,501873,0.0,0.0
2017-02-24 00:00:00+07:00,17166.84694625574,17394.22240249754,17053.159218134842,17326.009765625,510393,0.0,0.0
2017-02-27 00:00:00+07:00,17394.222202620967,17667.072746975806,17189.584294354838,17621.59765625,472513,0.0,0.0
2017-02-28 00:00:00+07:00,17621.598828125,18076.349765625,17053.16015625,17053.16015625,571033,0.0,0.0
2017-03-01 00:00:00+07:00,17053.159923427153,17394.223121895695,16939.472190604305,17166.84765625,387712,0.0,0.0
2017-03-02 00:00:00+07:00,17166.84621642986,17394.221663005093,17166.84621642986,17303.271484375,144633,0.0,0.0
2017-03-03 00:00:00+07:00,17166.847445170086,17576.12327829997,17166.847445170086,17462.435546875,394113,0.0,0.0
2017-03-06 00:00:00+07:00,17462.43577981651,17735.286338876147,17348.748046875,17348.748046875,263713,0.0,0.0
2017-03-07 00:00:00+07:00,17348.747564338235,17576.123023897057,17280.534926470587,17394.22265625,267753,0.0,0.0
2017-03-08 00:00:00+07:00,17394.22245290408,17689.810546875,17348.74736152394,17689.810546875,400072,0.0,0.0
2017-03-09 00:00:00+07:00,17735.283982889734,18053.609592839035,17621.596265050695,17939.921875,1164993,0.0,0.0
2017-03-10 00:00:00+07:00,17962.659157323473,18099.084416746184,17735.28372495229,17871.708984375,604552,0.0,0.0
2017-03-13 00:00:00+07:00,17871.710655241935,17871.710655241935,17462.434838709676,17621.59765625,184393,0.0,0.0
2017-03-14 00:00:00+07:00,17667.07300118493,17735.28563825514,17530.647727044503,17689.810546875,381832,0.0,0.0
2017-03-15 00:00:00+07:00,17735.283368644068,17735.283368644068,17371.482684159062,17439.6953125,778353,0.0,0.0
2017-03-16 00:00:00+07:00,17439.69846893552,17485.173562726748,17235.060546875,17235.060546875,560833,0.0,0.0
2017-03-17 00:00:00+07:00,17235.05958312828,17439.697493745898,17166.84694625574,17326.009765625,358713,0.0,0.0
2017-03-20 00:00:00+07:00,17485.169921875,17485.169921875,17280.532042425228,17485.169921875,265672,0.0,0.0
2017-03-21 00:00:00+07:00,17485.169921875,17485.169921875,17303.269584586313,17485.169921875,92032,0.0,0.0
2017-03-22 00:00:00+07:00,17462.434986595174,17462.434986595174,16962.208984375,16962.208984375,324273,0.0,0.0
2017-03-23 00:00:00+07:00,16962.208247692954,17098.63351510067,16916.733158557046,16939.470703125,451633,0.0,0.0
2017-03-24 00:00:00+07:00,16939.471438819535,17007.684075485926,16916.733893264074,16962.208984375,187633,0.0,0.0
2017-03-27 00:00:00+07:00,16962.208213195387,16962.208213195387,16757.5703125,16757.5703125,414753,0.0,0.0
2017-03-28 00:00:00+07:00,16734.832767978292,16825.78294606513,16643.88258989145,16757.5703125,245872,0.0,0.0
2017-03-29 00:00:00+07:00,16757.57253430886,17257.798580109127,16734.834986772486,17189.5859375,222033,0.0,0.0
2017-03-30 00:00:00+07:00,17280.535625,17394.223359375,16962.20996875,17053.16015625,92872,0.0,0.0
2017-03-31 00:00:00+07:00,17257.798093770612,17257.798093770612,17053.160171710093,17235.060546875,120873,0.0,0.0
2017-04-03 00:00:00+07:00,17189.586664979757,17235.06176197706,16825.78588900135,16848.5234375,358552,0.0,0.0
2017-04-04 00:00:00+07:00,16848.5234375,16939.473631494602,16803.0483405027,16848.5234375,254913,0.0,0.0
2017-04-05 00:00:00+07:00,16984.946017208615,16984.946017208615,16825.783203125,16825.783203125,74473,0.0,0.0
2017-04-07 00:00:00+07:00,16825.782247563846,16939.46996545279,16803.044703986056,16916.732421875,158632,0.0,0.0
2017-04-10 00:00:00+07:00,17007.6865234375,17326.01220703125,16939.473876953125,17280.537109375,317113,0.0,0.0
2017-04-11 00:00:00+07:00,17348.744668908483,17485.169921875,17189.581873780884,17485.169921875,294313,0.0,0.0
2017-04-12 00:00:00+07:00,17507.907464036085,17735.282885646942,17326.007126747398,17485.169921875,356673,0.0,0.0
2017-04-13 00:00:00+07:00,17485.17238407258,17712.54783770161,17485.17238407258,17621.59765625,448912,0.0,0.0
2017-04-14 00:00:00+07:00,17803.497729875653,17803.497729875653,17166.8464700589,17371.484375,311992,0.0,0.0
2017-04-17 00:00:00+07:00,17394.22185724432,17394.22185724432,16939.47095901571,17007.68359375,169393,0.0,0.0
2017-04-18 00:00:00+07:00,17007.684101458886,17166.846920590186,16939.47146468833,17144.109375,185872,0.0,0.0
2017-04-19 00:00:00+07:00,17621.59705528846,18326.4609375,17462.43424317618,18326.4609375,2247873,0.0,0.0
2017-04-20 00:00:00+07:00,19213.226262201122,19213.226262201122,18644.787615390436,18781.212890625,1414192,0.0,0.0
2017-04-21 00:00:00+07:00,18781.211490885416,19099.537109375,18485.62341657366,19099.537109375,2395113,0.0,0.0
2017-04-24 00:00:00+07:00,18985.850235806844,19940.82713389533,18872.16250984393,19849.876953125,1769913,0.0,0.0
2017-04-25 00:00:00+07:00,19781.66254087936,19986.300429233284,19554.287109375,19554.287109375,457273,0.0,0.0
2017-04-26 00:00:00+07:00,19554.286894869943,19895.350038385117,19554.286894869943,19667.974609375,625912,0.0,0.0
2017-04-27 00:00:00+07:00,19713.452455670646,20350.10374604986,19667.977363500704,20236.416015625,2060473,0.0,0.0
2017-04-28 00:00:00+07:00,20099.990463239476,20190.94064633106,19895.352551283417,19986.302734375,15557593,0.0,0.0
2017-05-03 00:00:00+07:00,19986.304004979396,20804.855704842033,19781.666080013736,20691.16796875,1043193,0.0,0.0
2017-05-04 00:00:00+07:00,20486.528415971476,21145.917232911732,20463.79087055974,21123.1796875,1803913,0.0,0.0
2017-05-05 00:00:00+07:00,21123.1780763779,21714.35421199235,20918.54018328059,21555.19140625,983233,0.0,0.0
2017-05-08 00:00:00+07:00,21918.99162006579,22146.36705180921,20645.689202302634,21600.666015625,1379872,0.0,0.0
2017-05-09 00:00:00+07:00,21350.554496701025,21828.04293592437,21350.554496701025,21646.142578125,4722297,0.0,0.0
2017-05-10 00:00:00+07:00,21646.142442255434,21714.355076002037,20918.541015625,20918.541015625,1295713,0.0,0.0
2017-05-11 00:00:00+07:00,20713.90278596698,20850.32805129717,20463.789799528302,20486.52734375,982672,0.0,0.0
2017-05-12 00:00:00+07:00,20463.788679534315,21123.177425874866,20418.313593579795,20873.064453125,547633,0.0,0.0
2017-05-15 00:00:00+07:00,20736.639286670237,21577.92838053734,20736.639286670237,21236.865234375,464833,0.0,0.0
2017-05-16 00:00:00+07:00,21168.654693974448,21327.817511222376,20577.478515625,20577.478515625,1988632,0.0,0.0
2017-05-17 00:00:00+07:00,20804.854024582655,21032.22947840323,20691.166297672367,20941.279296875,1370392,0.0,0.0
2017-05-18 00:00:00+07:00,20941.278338260137,21828.04256756757,20895.803249577704,21032.228515625,792033,0.0,0.0
2017-05-19 00:00:00+07:00,21077.703894981973,21486.97969876803,21077.703894981973,21282.341796875,219993,0.0,0.0
2017-05-22 00:00:00+07:00,21464.243151595743,21714.35615442154,21282.342785904253,21373.29296875,2706073,0.0,0.0
2017-05-23 00:00:00+07:00,21373.29296875,21464.243151595743,21214.130148769946,21373.29296875,607233,0.0,0.0
2017-05-24 00:00:00+07:00,21600.667833088613,22510.16963658708,21486.980107651303,22260.056640625,3646912,0.0,0.0
2017-05-25 00:00:00+07:00,22260.057561180267,22282.79510720803,21714.356456513946,21805.306640625,864112,0.0,0.0
2017-05-26 00:00:00+07:00,21805.306912451677,22169.107653431056,21805.306912451677,22055.419921875,347433,0.0,0.0
2017-05-29 00:00:00+07:00,22055.41819138601,22123.630824967615,21646.142389896373,21941.73046875,654952,0.0,0.0
2017-05-30 00:00:00+07:00,21941.729163240132,21941.729163240132,20918.53972039474,21600.666015625,1012273,0.0,0.0
2017-05-31 00:00:00+07:00,21600.666275905034,22032.679601423137,21486.97855866343,21668.87890625,4843153,0.0,0.0
2017-06-01 00:00:00+07:00,21896.255122385002,21896.255122385002,21623.40459126494,21873.517578125,557833,0.0,0.0
2017-06-02 00:00:00+07:00,21896.25756225586,21896.25756225586,21600.6694539388,21828.044921875,225073,0.0,0.0
2017-06-05 00:00:00+07:00,21782.566623491606,21873.51679728489,21532.453645560072,21668.87890625,446593,0.0,0.0
2017-06-06 00:00:00+07:00,21759.834228515625,22737.548828125,21646.146484375,22191.84765625,3825592,0.0,0.0
2017-06-07 00:00:00+07:00,22282.794641705364,22623.857824996772,21941.731458413957,22032.681640625,4532113,0.0,0.0
2017-06-08 00:00:00+07:00,22032.681441732435,22623.857620767565,21850.781078952394,22328.26953125,6939439,0.0,0.0
2017-06-09 00:00:00+07:00,22237.31909553754,22464.694546412156,22169.106460275154,22260.056640625,1909552,0.0,0.0
2017-06-12 00:00:00+07:00,22260.056092130828,22260.056092130828,21873.517835168394,21941.73046875,1362553,0.0,0.0
2017-06-13 00:00:00+07:00,21623.407481406575,21941.733143593425,21486.98219761221,21782.5703125,1702672,0.0,0.0
2017-06-14 00:00:00+07:00,21782.566623491606,21918.99188418153,21668.87890625,21668.87890625,2261673,0.0,0.0
2017-06-15 00:00:00+07:00,21668.879934423574,21964.4680132772,21327.816766515545,21941.73046875,3349552,0.0,0.0
2017-06-16 00:00:00+07:00,22009.943102331606,22123.630824967615,21805.305201586787,21941.73046875,1352313,0.0,0.0
2017-06-19 00:00:00+07:00,21941.732655843098,22009.94529622396,21759.832281494142,21828.044921875,1182352,0.0,0.0
2017-06-20 00:00:00+07:00,21828.042746113988,21941.73046875,21668.879934423574,21941.73046875,532552,0.0,0.0
2017-06-21 00:00:00+07:00,21873.519300995347,22032.68212335186,21850.781754944415,21987.20703125,845073,0.0,0.0
2017-06-22 00:00:00+07:00,22282.7951742116,22737.546096134283,22282.7951742116,22351.0078125,2280273,0.0,0.0
2017-06-23 00:00:00+07:00,22396.480880438114,23828.94615502451,22282.793160232843,23192.294921875,6760753,0.0,0.0
2017-06-26 00:00:00+07:00,23396.935811673677,24306.437689678485,23374.198264723556,23647.048828125,1370913,0.0,0.0
2017-06-27 00:00:00+07:00,23647.04580269608,23647.04580269608,23192.294921875,23192.294921875,971152,0.0,0.0
2017-06-28 00:00:00+07:00,23192.296138984297,23419.671591327282,23078.608412812806,23169.55859375,1234713,0.0,0.0
2017-06-29 00:00:00+07:00,23169.557377833946,23419.67036228554,23146.81983379289,23192.294921875,1180593,0.0,0.0
2017-06-30 00:00:00+07:00,23192.297358484775,23374.19772992387,23146.822265625,23146.822265625,2548953,0.0,0.0
2017-07-03 00:00:00+07:00,23237.77321482488,23737.999252717393,23146.823026117152,23533.361328125,3005857,0.0,0.0
2017-07-04 00:00:00+07:00,23533.359602548542,23624.309784587378,23260.509056432038,23419.671875,578913,0.0,0.0
2017-07-05 00:00:00+07:00,23715.25967937316,23760.734769841758,23078.608412812806,23169.55859375,1814193,0.0,0.0
2017-07-06 00:00:00+07:00,23260.506901041666,23260.506901041666,22282.792534722223,22510.16796875,2829313,0.0,0.0
2017-07-07 00:00:00+07:00,22305.530078125,22964.918836805555,22305.530078125,22510.16796875,1980193,0.0,0.0
2017-07-10 00:00:00+07:00,22510.171066810344,22510.171066810344,21646.14429858934,21759.83203125,2494033,0.0,0.0
2017-07-11 00:00:00+07:00,21759.82934059558,21941.729690360226,21509.716359669193,21737.091796875,2282392,0.0,0.0
2017-07-12 00:00:00+07:00,21737.09382174745,22328.270013552297,21668.881184231504,22282.794921875,1488753,0.0,0.0
2017-07-13 00:00:00+07:00,22328.26876043808,22328.26876043808,21941.73050287449,22123.630859375,447033,0.0,0.0
2017-07-14 00:00:00+07:00,22123.630859375,22282.79367131295,21987.205591999616,22123.630859375,757473,0.0,0.0
2017-07-17 00:00:00+07:00,22055.4203898112,22169.108123779297,21782.56982828776,21828.044921875,931273,0.0,0.0
2017-07-18 00:00:00+07:00,21714.356456513946,22055.419646930397,21714.356456513946,21805.306640625,789633,0.0,0.0
2017-07-19 00:00:00+07:00,21896.255635411286,22237.31880730243,21828.04300103306,22009.943359375,543673,0.0,0.0
2017-07-20 00:00:00+07:00,22055.41822568731,22282.79367131295,21964.46804743705,22123.630859375,1174993,0.0,0.0
2017-07-21 00:00:00+07:00,22237.319550599845,22237.319550599845,21850.781276202913,22032.681640625,703753,0.0,0.0
2017-07-24 00:00:00+07:00,21828.04398148148,22100.89453125,21828.04398148148,22100.89453125,464392,0.0,0.0
2017-07-25 00:00:00+07:00,22055.41701424538,22237.31736075462,22055.41701424538,22146.3671875,771993,0.0,0.0
2017-07-26 00:00:00+07:00,22282.795258620692,23078.609375,22282.795258620692,23078.609375,2495353,0.0,0.0
2017-07-27 00:00:00+07:00,23078.605681466586,23533.35653233292,22919.442883663367,22964.91796875,1266952,0.0,0.0
2017-07-28 00:00:00+07:00,22964.923598902766,23533.3623018459,22964.923598902766,23442.412109375,885472,0.0,0.0
2017-07-31 00:00:00+07:00,23647.046138113572,23760.733859931424,23328.72051702358,23624.30859375,4106799,0.0,0.0
2017-08-01 00:00:00+07:00,23783.473642113095,24170.011932663692,23760.73609561012,23874.423828125,2579752,0.0,0.0
2017-08-02 00:00:00+07:00,23874.4242976262,23919.89939152644,23533.3610933744,23647.048828125,817233,0.0,0.0
2017-08-03 00:00:00+07:00,23487.883144828305,24192.74701461502,23487.883144828305,23919.896484375,1690672,0.0,0.0
2017-08-04 00:00:00+07:00,23942.631502543605,24533.80758902616,23942.631502543605,24442.857421875,1528713,0.0,0.0
2017-08-07 00:00:00+07:00,24556.545130813953,24829.395632267442,24442.857421875,24442.857421875,1072113,0.0,0.0
2017-08-08 00:00:00+07:00,24442.86000066837,24533.810177415042,23919.896484375,23919.896484375,1114192,0.0,0.0
2017-08-09 00:00:00+07:00,23806.210148665046,23897.160330703882,23192.296419902912,23419.671875,2049273,0.0,0.0
2017-08-10 00:00:00+07:00,23328.72196956052,23806.210430925792,23328.72196956052,23669.78515625,830353,0.0,0.0
2017-08-11 00:00:00+07:00,23806.21118861607,24079.061746651787,23556.098177083335,23874.423828125,689073,0.0,0.0
2017-08-14 00:00:00+07:00,23874.423596712084,24101.799059537912,23874.423596712084,23988.111328125,385552,0.0,0.0
2017-08-15 00:00:00+07:00,24033.583290501647,24442.85907028313,23988.108203859258,24192.74609375,839553,0.0,0.0
2017-08-16 00:00:00+07:00,24192.751706434,24192.751706434,23897.163574682454,23942.638671875,467992,0.0,0.0
2017-08-17 00:00:00+07:00,23988.10956431442,23988.10956431442,23647.046395153553,23692.521484375,456232,0.0,0.0
2017-08-18 00:00:00+07:00,23533.36110821207,23988.112047501192,23419.67337338979,23828.94921875,661873,0.0,0.0
2017-08-21 00:00:00+07:00,23806.20946471292,23919.897188995215,23647.046650717704,23760.734375,468753,0.0,0.0
2017-08-22 00:00:00+07:00,23669.786124337028,23874.424044720345,23465.14820395371,23578.8359375,492513,0.0,0.0
2017-08-23 00:00:00+07:00,23647.04857762777,23647.04857762777,23305.98537698891,23578.8359375,588993,0.0,0.0
2017-08-24 00:00:00+07:00,23578.832809885873,23851.683334204707,23419.67000403322,23783.470703125,414993,0.0,0.0
2017-08-25 00:00:00+07:00,23874.4242976262,23874.4242976262,23556.09864032452,23647.048828125,524833,0.0,0.0
2017-08-28 00:00:00+07:00,23647.04836309524,24238.22457217262,23601.573270089288,23874.423828125,884433,0.0,0.0
2017-08-29 00:00:00+07:00,24192.746792218546,24329.172056084437,24010.846440397352,24033.583984375,853593,0.0,0.0
2017-08-30 00:00:00+07:00,23988.106586119186,24670.232839752905,23988.106586119186,24442.857421875,954472,0.0,0.0
2017-08-31 00:00:00+07:00,24556.545130813953,24647.495297965113,24329.169712936044,24442.857421875,683233,0.0,0.0
2017-09-01 00:00:00+07:00,24533.81128291377,24624.761463758678,24442.861102068866,24556.548828125,713512,0.0,0.0
2017-09-05 00:00:00+07:00,24556.54783341078,24670.235554861756,24465.59765625,24465.59765625,574633,0.0,0.0
2017-09-06 00:00:00+07:00,24511.07222546729,24556.547313084113,24283.696787383178,24329.171875,684873,0.0,0.0
2017-09-07 00:00:00+07:00,24329.169712936044,24533.80758902616,24329.169712936044,24442.857421875,393913,0.0,0.0
2017-09-08 00:00:00+07:00,24556.54888515055,24988.562245167086,24465.598704094435,24920.349609375,972793,0.0,0.0
2017-09-11 00:00:00+07:00,24920.34861492674,25352.361957703757,24670.235627003207,24829.3984375,993993,0.0,0.0
2017-09-12 00:00:00+07:00,24829.399428318888,24988.562245167086,24738.449247262775,24920.349609375,684952,0.0,0.0
2017-09-13 00:00:00+07:00,24920.3487203181,25670.687687261983,24920.3487203181,25375.099609375,1333393,0.0,0.0
2017-09-14 00:00:00+07:00,25579.73873668722,25625.213827774664,25306.888190162557,25352.36328125,665713,0.0,0.0
2017-09-15 00:00:00+07:00,25352.36305454799,25466.05078125,25147.725146484376,25466.05078125,372112,0.0,0.0
2017-09-18 00:00:00+07:00,25670.689936640418,25807.115215311667,25466.052018633538,25625.21484375,626752,0.0,0.0
2017-09-19 00:00:00+07:00,25625.21463301809,26148.178196957237,25625.21463301809,25920.802734375,876393,0.0,0.0
2017-09-20 00:00:00+07:00,25920.80103756562,26261.864209112533,25920.80103756562,25989.013671875,591232,0.0,0.0
2017-09-21 00:00:00+07:00,26193.65183246073,26352.81464741492,26034.489017506545,26057.2265625,876232,0.0,0.0
2017-09-22 00:00:00+07:00,26125.439680192852,26261.864952674277,25898.064226057144,26011.751953125,1049113,0.0,0.0
2017-09-25 00:00:00+07:00,25989.01491338315,26284.60300951087,25966.277367527175,26148.177734375,446272,0.0,0.0
2017-09-26 00:00:00+07:00,26148.176261024608,26307.339073048235,26057.226082725392,26102.701171875,602353,0.0,0.0
2017-09-27 00:00:00+07:00,26011.754613626224,26102.70480458296,25466.053467885817,25488.791015625,1781473,0.0,0.0
2017-09-28 00:00:00+07:00,25488.789565078747,25693.427483085623,25352.364286407497,25625.21484375,961233,0.0,0.0
2017-09-29 00:00:00+07:00,25625.211242997582,25875.32421875,25511.523526746485,25875.32421875,304153,0.0,0.0
2017-10-02 00:00:00+07:00,25875.3268816313,26011.752155172413,25693.426516909814,25716.1640625,497872,0.0,0.0
2017-10-03 00:00:00+07:00,25693.426542608646,26102.70236364135,25579.738814544005,25898.064453125,941713,0.0,0.0
2017-10-04 00:00:00+07:00,25966.277089963784,26011.75218118964,25875.32690751207,25898.064453125,303193,0.0,0.0
2017-10-05 00:00:00+07:00,25943.538220696126,25989.013309601814,25375.099609375,25375.099609375,1851753,0.0,0.0
2017-10-06 00:00:00+07:00,25329.62619485294,25488.789016544117,25056.775643382352,25124.98828125,1637473,0.0,0.0
2017-10-09 00:00:00+07:00,25238.67504508566,25352.362770513977,25124.987319657346,25215.9375,902193,0.0,0.0
2017-10-10 00:00:00+07:00,25079.509951473017,25807.111328125,25079.509951473017,25807.111328125,703312,0.0,0.0
2017-10-11 00:00:00+07:00,25784.376416015624,25989.014324079242,25466.05078125,25466.05078125,1720513,0.0,0.0
2017-10-12 00:00:00+07:00,25238.67596418733,25238.67596418733,24556.54958677686,24761.1875,3576232,0.0,0.0
2017-10-13 00:00:00+07:00,24761.187018432058,24806.662109375,24010.848017873508,24806.662109375,3197992,0.0,0.0
2017-10-16 00:00:00+07:00,24897.612318016378,25215.937954959052,24715.711954049133,24988.5625,1082313,0.0,0.0
2017-10-17 00:00:00+07:00,24852.13772977941,25215.938465073526,24852.13772977941,25124.98828125,1003672,0.0,0.0
2017-10-18 00:00:00+07:00,25011.300574180146,25306.888671875,24920.350390274034,25306.888671875,1326673,0.0,0.0
2017-10-19 00:00:00+07:00,25306.888648897057,25352.36374080882,24897.612821691175,25124.98828125,373833,0.0,0.0
2017-10-20 00:00:00+07:00,25124.98898007454,25329.626899369265,24783.92578125,24783.92578125,739633,0.0,0.0
2017-10-23 00:00:00+07:00,24556.548541276894,24783.92399073316,24170.01027720124,24306.435546875,909753,0.0,0.0
2017-10-24 00:00:00+07:00,24306.437016733777,24556.550026260506,24260.961924092553,24351.912109375,495193,0.0,0.0
2017-10-25 00:00:00+07:00,24351.91284361882,24624.76340769298,24351.91284361882,24374.650390625,555993,0.0,0.0
2017-10-26 00:00:00+07:00,24374.64818171188,24465.598361494387,24283.698001929373,24306.435546875,544273,0.0,0.0
2017-10-27 00:00:00+07:00,24306.432171148255,24692.970381540697,24306.432171148255,24442.857421875,593113,0.0,0.0
2017-10-30 00:00:00+07:00,24556.54761216466,24783.92305301804,24465.59743582331,24579.28515625,761752,0.0,0.0
2017-10-31 00:00:00+07:00,24556.54783341078,24579.285377700973,24374.647479089217,24465.59765625,430912,0.0,0.0
2017-11-01 00:00:00+07:00,24397.38527970053,24670.235814049465,24397.38527970053,24533.810546875,515992,0.0,0.0
2017-11-02 00:00:00+07:00,24533.812134260377,24556.549680260618,23192.29692024614,23556.09765625,2762272,0.0,0.0
2017-11-03 00:00:00+07:00,23556.098177083335,23874.423828125,23533.36063058036,23874.423828125,504112,0.0,0.0
2017-11-06 00:00:00+07:00,23874.42247178819,24556.548828125,23874.42247178819,24556.548828125,743073,0.0,0.0
2017-11-07 00:00:00+07:00,24533.81102744893,24556.5485724234,24374.648212627668,24488.3359375,589192,0.0,0.0
2017-11-08 00:00:00+07:00,24488.337675602063,24783.92578125,24488.337675602063,24783.92578125,770193,0.0,0.0
2017-11-09 00:00:00+07:00,25011.29981884058,25352.362998188404,24897.612092391304,25102.25,1194393,0.0,0.0
2017-11-10 00:00:00+07:00,24920.349413886383,25284.150135256987,24920.349413886383,25215.9375,613393,0.0,0.0
2017-11-13 00:00:00+07:00,25238.675086293213,26966.728515625,25147.724905802068,26966.728515625,2865913,0.0,0.0
2017-11-14 00:00:00+07:00,27285.0546875,27739.805598958334,26602.9283203125,27285.0546875,2323552,0.0,0.0
2017-11-15 00:00:00+07:00,27285.05614007538,27671.59443539311,27012.205578674624,27148.630859375,1225153,0.0,0.0
2017-11-16 00:00:00+07:00,27148.629641736403,27603.380557008368,26830.304001046024,27171.3671875,2349112,0.0,0.0
2017-11-17 00:00:00+07:00,27398.743806139737,27489.693993048084,26398.291750147913,26421.029296875,4361032,0.0,0.0
2017-11-20 00:00:00+07:00,26602.92922404661,26943.992419226695,26398.291306938558,26830.3046875,1245472,0.0,0.0
2017-11-21 00:00:00+07:00,27057.681129092263,27148.63131776148,26716.617921582696,26739.35546875,1052032,0.0,0.0
2017-11-22 00:00:00+07:00,26943.991057592975,27512.4296875,26739.353150826446,27512.4296875,2974993,0.0,0.0
2017-11-23 00:00:00+07:00,27739.803511493086,28194.554388730678,27535.16561673617,27944.44140625,2251033,0.0,0.0
2017-11-24 00:00:00+07:00,27739.80715660454,28308.245827846436,27512.43168810778,28058.1328125,1156552,0.0,0.0
2017-11-27 00:00:00+07:00,28194.555584016394,28308.24330814549,27648.85450819672,27739.8046875,2335503,0.0,0.0
2017-11-28 00:00:00+07:00,27739.80613545099,27944.444049564972,27444.218037286348,27603.380859375,1631512,0.0,0.0
2017-11-29 00:00:00+07:00,27648.85450819672,27853.492411629097,27535.166784067624,27739.8046875,722833,0.0,0.0
2017-11-30 00:00:00+07:00,28149.080112610354,28512.88082488965,27785.27940033106,28330.98046875,1319872,0.0,0.0
2017-12-01 00:00:00+07:00,28330.980570250984,28876.681640625,28330.980570250984,28876.681640625,1167753,0.0,0.0
2017-12-04 00:00:00+07:00,28876.681640625,29104.05708661417,28694.78128383366,28876.681640625,1027713,0.0,0.0
2017-12-05 00:00:00+07:00,28876.68453125,28990.372265625,28421.93359375,28421.93359375,1873033,0.0,0.0
2017-12-06 00:00:00+07:00,28330.98340625,28649.3090625,28126.345484375,28421.93359375,1921593,0.0,0.0
2017-12-07 00:00:00+07:00,28649.30901432504,28694.784107998574,27876.232421875,27876.232421875,1097392,0.0,0.0
2017-12-08 00:00:00+07:00,27876.23122785931,28194.55686993927,27876.23122785931,28080.869140625,984673,0.0,0.0
2017-12-11 00:00:00+07:00,28080.86937087144,28581.09538395579,27853.49391037856,27967.181640625,655312,0.0,0.0
2017-12-12 00:00:00+07:00,28194.55686993927,28421.93232856781,26602.928659539473,28080.869140625,1398913,0.0,0.0
2017-12-13 00:00:00+07:00,28080.867859887294,28353.718397797133,27626.116963370903,27739.8046875,1288153,0.0,0.0
2017-12-14 00:00:00+07:00,27648.854662698413,28649.306640625,27648.854662698413,28649.306640625,935632,0.0,0.0
2017-12-15 00:00:00+07:00,28672.04578214456,29786.185546875,28490.145412392652,29786.185546875,2071432,0.0,0.0
2017-12-18 00:00:00+07:00,30013.561009064884,30354.624202349714,29490.59744602815,29786.185546875,2171512,0.0,0.0
2017-12-19 00:00:00+07:00,29786.182856665393,29786.182856665393,29467.857238349887,29763.4453125,1269592,0.0,0.0
2017-12-20 00:00:00+07:00,29877.13159755228,30013.55685598859,29672.49370989781,29899.869140625,975993,0.0,0.0
2017-12-21 00:00:00+07:00,30013.56009163534,30627.473820782427,29922.609909539475,30240.935546875,1094632,0.0,0.0
2017-12-22 00:00:00+07:00,30013.558298319327,30240.93373997326,29763.4453125,29763.4453125,1304752,0.0,0.0
2017-12-25 00:00:00+07:00,29899.873277969942,30013.561009064884,29672.497815780058,29786.185546875,788392,0.0,0.0
2017-12-26 00:00:00+07:00,29831.659927866363,30240.935750047458,29786.184836512908,29945.34765625,637833,0.0,0.0
2017-12-27 00:00:00+07:00,30013.560799319726,30240.936259920632,29945.348161139456,30081.7734375,937953,0.0,0.0
2017-12-28 00:00:00+07:00,30218.197829443467,30718.423828125,30081.772557075776,30718.423828125,1105873,0.0,0.0
2017-12-29 00:00:00+07:00,30900.322560732206,31150.435546875,30786.63483975821,31150.435546875,1227553,0.0,0.0
2018-01-02 00:00:00+07:00,31582.451261052116,31582.451261052116,30354.623782220715,30377.361328125,3195393,0.0,0.0
2018-01-03 00:00:00+07:00,30377.360820018795,30695.686457354324,30013.56009163534,30240.935546875,3060633,0.0,0.0
2018-01-04 00:00:00+07:00,30240.93703358209,30695.68796641791,30104.511753731345,30468.3125,1459233,0.0,0.0
2018-01-05 00:00:00+07:00,30468.3125,30604.737779850748,30149.986847014927,30468.3125,1332793,0.0,0.0
2018-01-08 00:00:00+07:00,30468.311054745544,30809.374238194185,30172.722962423384,30604.736328125,903433,0.0,0.0
2018-01-09 00:00:00+07:00,30763.898376145287,30809.373466132198,30377.360111256545,30400.09765625,867112,0.0,0.0
2018-01-10 00:00:00+07:00,30468.30803245806,31377.80976477024,30468.30803245806,31173.171875,1814073,0.0,0.0
2018-01-11 00:00:00+07:00,31150.43821361427,31150.43821361427,30832.112567635733,30991.275390625,595393,0.0,0.0
2018-01-12 00:00:00+07:00,30923.06227106227,31127.700183150184,30695.686813186814,31036.75,1125193,0.0,0.0
2018-01-15 00:00:00+07:00,31036.75056703629,32037.2025999664,30854.850197412637,31718.876953125,985432,0.0,0.0
2018-01-16 00:00:00+07:00,32059.938717064408,32173.626443011446,31718.8755392233,32037.201171875,2057872,0.0,0.0
2018-01-17 00:00:00+07:00,31946.251132246376,32150.889039855072,31377.8125,31377.8125,760192,0.0,0.0
2018-01-18 00:00:00+07:00,30945.799139492752,31377.8125,30468.310688405796,31377.8125,1469032,0.0,0.0
2018-01-19 00:00:00+07:00,33401.451704545456,33401.451704545456,32287.31206293706,32514.6875,3554593,0.0,0.0
2018-01-22 00:00:00+07:00,32719.328402478448,33196.816864224136,32514.690490301724,32969.44140625,1555033,0.0,0.0
2018-01-25 00:00:00+07:00,32969.442875129134,33310.50607728564,32969.442875129134,33014.91796875,2036353,0.0,0.0
2018-01-26 00:00:00+07:00,33151.340486171604,33310.50330057709,31832.562881097558,32628.376953125,1070473,0.0,0.0
2018-01-29 00:00:00+07:00,32628.379590950335,32742.067324716714,32059.940922118447,32105.416015625,804793,0.0,0.0
2018-01-30 00:00:00+07:00,31832.563677226026,33310.50413366866,31627.92576787243,33196.81640625,2148673,0.0,0.0
2018-01-31 00:00:00+07:00,33878.94140625,34220.00457476929,33537.8782377307,33878.94140625,931753,0.0,0.0
2018-02-01 00:00:00+07:00,33674.30350513842,34561.067743288586,33424.190514890935,33878.94140625,801393,0.0,0.0
2018-02-02 00:00:00+07:00,33878.94074439369,34561.06706810631,33878.94074439369,34220.00390625,1185393,0.0,0.0
2018-02-05 00:00:00+07:00,33628.82977044093,34310.95613495291,32742.065496575342,33196.81640625,22443073,0.0,0.0
2018-02-06 00:00:00+07:00,30900.323912404634,32969.440524640704,30877.586367215226,32037.201171875,4510072,0.0,0.0
2018-02-07 00:00:00+07:00,32969.44100398035,33651.56736957994,32696.590457740513,33560.6171875,1514313,0.0,0.0
2018-02-08 00:00:00+07:00,33196.813237936345,34220.00268705082,33037.65043474076,33219.55078125,715593,0.0,0.0
2018-02-09 00:00:00+07:00,31832.5593220339,33537.875,31605.183898305084,33537.875,1895233,0.0,0.0
2018-02-12 00:00:00+07:00,34333.69349798387,35243.1953125,34151.79313508065,35243.1953125,1245913,0.0,0.0
2018-02-13 00:00:00+07:00,36334.59935834639,36380.074451410655,35697.94805544671,36266.38671875,662673,0.0,0.0
2018-02-21 00:00:00+07:00,36380.07196969697,37971.70011837121,36289.121789772726,37516.94921875,1124872,0.0,0.0
2018-02-22 00:00:00+07:00,37516.94967130335,37653.37494283536,36971.2485851753,37289.57421875,902193,0.0,0.0
2018-02-23 00:00:00+07:00,37516.95202658173,38881.20482754833,37403.26429316784,38812.9921875,877072,0.0,0.0
2018-02-26 00:00:00+07:00,39108.57789855072,39222.265625,37653.375,37653.375,3635793,0.0,0.0
2018-02-27 00:00:00+07:00,37744.32619529377,38199.07711330935,37312.31282317896,37926.2265625,1183633,0.0,0.0
2018-02-28 00:00:00+07:00,37516.95387485003,38153.60521333233,37494.21632704709,37903.4921875,3450793,0.0,0.0
2018-03-01 00:00:00+07:00,37516.94967130335,37994.43812166539,37289.57421875,37289.57421875,820432,0.0,0.0
2018-03-02 00:00:00+07:00,37039.45997828001,37403.26069015998,36903.03471132502,37130.41015625,1490953,0.0,0.0
2018-03-05 00:00:00+07:00,37039.459101349814,38653.824722096186,37039.459101349814,37585.16015625,1109473,0.0,0.0
2018-03-06 00:00:00+07:00,37744.32162972384,39108.57421875,37175.88305096293,39108.57421875,1643073,0.0,0.0
2018-03-07 00:00:00+07:00,39267.74558971774,39790.709196297656,38085.3930878849,38767.51953125,1225753,0.0,0.0
2018-03-08 00:00:00+07:00,39085.84667687967,39563.335205218515,38767.520991320445,39540.59765625,1790793,0.0,0.0
2018-03-09 00:00:00+07:00,39790.71069490368,40450.09961499066,39449.647460375934,39540.59765625,976633,0.0,0.0
2018-03-12 00:00:00+07:00,39790.701790496525,39790.701790496525,39108.575474088015,39267.73828125,1445793,0.0,0.0
2018-03-13 00:00:00+07:00,39199.53098547869,39222.26853245403,38631.0923110953,38949.41796875,730873,0.0,0.0
2018-03-14 00:00:00+07:00,39313.21506806482,39677.015785872245,39131.31470916111,39199.52734375,705793,0.0,0.0
2018-03-15 00:00:00+07:00,38881.19878724564,39449.63736600654,38881.19878724564,39108.57421875,487792,0.0,0.0
2018-03-16 00:00:00+07:00,39222.26611328125,40927.58203125,39176.79102213542,40927.58203125,2190193,0.0,0.0
2018-03-19 00:00:00+07:00,41382.331071820176,41837.0819627193,40927.58018092105,41473.28125,1809273,0.0,0.0
2018-03-20 00:00:00+07:00,40950.32254035027,42041.72480683379,40813.89725703983,41382.3359375,866313,0.0,0.0
2018-03-21 00:00:00+07:00,41382.33158299181,42519.20882428279,41154.956134733606,41609.70703125,791833,0.0,0.0
2018-03-22 00:00:00+07:00,41837.08203125,42064.45747707201,41382.33113960597,41837.08203125,685113,0.0,0.0
2018-03-23 00:00:00+07:00,41154.95703125,41609.707937672654,40927.58157803868,41154.95703125,1427833,0.0,0.0
2018-03-26 00:00:00+07:00,40927.58575620615,42132.67578125,40927.58575620615,42132.67578125,1216273,0.0,0.0
2018-03-27 00:00:00+07:00,42519.214128813,43633.353964273876,42519.214128813,42860.27734375,1062753,0.0,0.0
2018-03-28 00:00:00+07:00,42973.95744765228,44792.9609375,42973.95744765228,44792.9609375,1449352,0.0,0.0
2018-03-29 00:00:00+07:00,44792.96050347222,45452.34926215278,44360.94717881944,45020.3359375,1182633,0.0,0.0
2018-03-30 00:00:00+07:00,45020.340109223296,47066.719205097084,44792.96465412621,46839.34375,5273353,0.0,0.0
2018-04-02 00:00:00+07:00,47294.094606164384,47316.832151648116,45702.466422303085,46475.54296875,1852432,0.0,0.0
2018-04-03 00:00:00+07:00,46066.268796296295,46384.59444444445,45793.41824074074,46043.53125,1838872,0.0,0.0
2018-04-04 00:00:00+07:00,46157.2108327644,46157.2108327644,44724.74566898895,45793.41015625,3620392,0.0,0.0
2018-04-05 00:00:00+07:00,45702.465067799254,46384.591412094764,45520.564709320446,45588.77734375,858553,0.0,0.0
2018-04-06 00:00:00+07:00,45247.71715931057,45588.780353978735,44110.83984375,44110.83984375,2816272,0.0,0.0
2018-04-09 00:00:00+07:00,43656.08513513514,43883.4605785473,41950.769309543924,42064.45703125,3029193,0.0,0.0
2018-04-10 00:00:00+07:00,41859.81947457902,43883.4609375,41041.26787159974,43883.4609375,1567993,0.0,0.0
2018-04-11 00:00:00+07:00,43883.45966326872,44792.96141794786,42519.20703125,42519.20703125,2427913,0.0,0.0
2018-04-12 00:00:00+07:00,42405.51805513621,42973.95663496377,41837.07947530864,42360.04296875,986913,0.0,0.0
2018-04-13 00:00:00+07:00,42973.958354334674,43269.54642767137,42246.35694304435,42291.83203125,837472,0.0,0.0
2018-04-16 00:00:00+07:00,42291.83418211965,42973.96053989578,41973.5085484908,41996.24609375,705433,0.0,0.0
2018-04-17 00:00:00+07:00,41859.820706353305,42450.99688145661,41041.26907928719,41268.64453125,980392,0.0,0.0
2018-04-18 00:00:00+07:00,41382.33125,41837.08214285714,39335.95223214286,39790.703125,2339272,0.0,0.0
2018-04-19 00:00:00+07:00,39108.577367424245,39745.22862689394,37062.19831912879,37516.94921875,3113713,0.0,0.0
2018-04-20 00:00:00+07:00,37516.949023890666,39199.52734375,37516.949023890666,39199.52734375,1039593,0.0,0.0
2018-04-23 00:00:00+07:00,39790.70357399425,40472.82992097701,39108.5772270115,39563.328125,1393233,0.0,0.0
2018-04-24 00:00:00+07:00,38881.20177801725,39563.328125,38199.075431034486,39563.328125,869793,0.0,0.0
2018-04-26 00:00:00+07:00,38881.20499625749,39085.84291729042,37971.703125,37971.703125,1343593,0.0,0.0
2018-04-27 00:00:00+07:00,37630.638112207605,39790.70495248538,37289.57492690058,38881.203125,1097233,0.0,0.0
2018-05-02 00:00:00+07:00,39335.95403874269,39904.39268092105,38426.45221125731,38881.203125,1056033,0.0,0.0
2018-05-03 00:00:00+07:00,38653.828125,39108.57904411764,37926.22665441176,38653.828125,871432,0.0,0.0
2018-05-04 00:00:00+07:00,38653.82766812865,39313.21649305555,38653.82766812865,38881.203125,909952,0.0,0.0
2018-05-07 00:00:00+07:00,39563.32729633679,41586.96875,39335.951852104976,41586.96875,1920952,0.0,0.0
2018-05-08 00:00:00+07:00,41632.4453125,42746.58502867286,41632.4453125,41632.4453125,1921993,0.0,0.0
2018-05-09 00:00:00+07:00,41632.44480094178,41859.820250428085,41041.268632277395,41496.01953125,953473,0.0,0.0
2018-05-10 00:00:00+07:00,41496.022080243645,41837.08527542373,40245.45703125,40245.45703125,1485673,0.0,0.0
2018-05-11 00:00:00+07:00,40131.766617571724,41609.70703125,39631.54063140369,41609.70703125,1971712,0.0,0.0
2018-05-14 00:00:00+07:00,42064.45659022177,42473.73238407258,41496.017987651205,42291.83203125,3845433,0.0,0.0
2018-05-15 00:00:00+07:00,42178.14475295608,42428.257740709465,41859.81913217906,42064.45703125,1109833,0.0,0.0
2018-05-16 00:00:00+07:00,41632.44895690247,42064.46235405219,41109.48537087912,41382.3359375,1428153,0.0,0.0
2018-05-17 00:00:00+07:00,41609.707937672654,41609.707937672654,40813.89385143301,41154.95703125,694633,0.0,0.0
2018-05-18 00:00:00+07:00,41268.64475785566,41382.33248446132,39972.604674551105,41154.95703125,1597393,0.0,0.0
2018-05-21 00:00:00+07:00,41700.65858072917,41837.08385416667,40927.58203125,40927.58203125,667753,0.0,0.0
2018-05-22 00:00:00+07:00,40927.582673827026,40927.582673827026,39563.32991803279,40222.71875,1886473,0.0,0.0
2018-05-23 00:00:00+07:00,40222.71856887221,40700.20703125,39586.067285701814,40700.20703125,680473,0.0,0.0
2018-05-24 00:00:00+07:00,40700.20703125,40927.58248952514,40018.08065642458,40700.20703125,410673,0.0,0.0
2018-05-25 00:00:00+07:00,40472.82992097701,40472.82992097701,39563.328125,39563.328125,869872,0.0,0.0
2018-05-28 00:00:00+07:00,39108.57386890056,39335.94929837091,36812.08203125,36812.08203125,2788113,0.0,0.0
2018-05-29 00:00:00+07:00,36812.085324337124,38426.451017992425,34788.44382102273,37516.94921875,2539552,0.0,0.0
2018-05-30 00:00:00+07:00,37516.95059317129,37630.63832224151,36607.448760609564,36834.82421875,555232,0.0,0.0
2018-05-31 00:00:00+07:00,36834.825785928144,37971.703125,36266.387116392216,37971.703125,1210312,0.0,0.0
2018-06-01 00:00:00+07:00,37516.95202658173,39335.95576120387,37516.95202658173,38812.9921875,1043953,0.0,0.0
2018-06-04 00:00:00+07:00,38881.19836072977,39335.94921875,38676.560474620666,39335.94921875,872553,0.0,0.0
2018-06-05 00:00:00+07:00,39563.3297398743,40700.20703125,39335.95428159916,40700.20703125,1117113,0.0,0.0
2018-06-06 00:00:00+07:00,40927.58289954029,42041.72265625,40245.456517881285,42041.72265625,1635633,0.0,0.0
2018-06-07 00:00:00+07:00,42064.457927766394,42291.83337602459,41041.268410604505,41609.70703125,1912873,0.0,0.0
2018-06-08 00:00:00+07:00,41382.32895005444,42064.45525142896,41154.95351626293,41768.8671875,2318512,0.0,0.0
2018-06-11 00:00:00+07:00,41450.54857915522,42041.72480683379,40927.584993131866,41382.3359375,1251913,0.0,0.0
2018-06-12 00:00:00+07:00,40973.05804511938,40995.795591204354,39563.33018785113,40472.83203125,2049513,0.0,0.0
2018-06-13 00:00:00+07:00,39131.318403026504,40245.45820648281,38767.517650877504,39677.01953125,3594673,0.0,0.0
2018-06-14 00:00:00+07:00,40927.58272058823,41950.77228860294,40586.51953125,40586.51953125,2351329,0.0,0.0
2018-06-15 00:00:00+07:00,40586.51953125,41609.709099264706,40177.243704044115,40586.51953125,808528,0.0,0.0
2018-06-18 00:00:00+07:00,40586.51977323009,40620.62609236725,38540.140625,38540.140625,1318234,0.0,0.0
2018-06-19 00:00:00+07:00,37175.88881928066,37516.952019457545,35845.742338590804,36152.69921875,2693275,0.0,0.0
2018-06-20 00:00:00+07:00,37175.888106016355,37175.888106016355,35811.635331483645,36493.76171875,1427329,0.0,0.0
2018-06-21 00:00:00+07:00,36493.76054308252,36493.76054308252,34720.231993325244,35129.5078125,997861,0.0,0.0
2018-06-22 00:00:00+07:00,34447.37637648809,35811.62890625,33355.97435267857,35811.62890625,1867249,0.0,0.0
2018-06-25 00:00:00+07:00,36118.590692934784,36630.18546195652,35300.0390625,35300.0390625,1701514,0.0,0.0
2018-06-26 00:00:00+07:00,34652.022229696675,34856.66015625,33697.04523911448,34856.66015625,1714900,0.0,0.0
2018-06-27 00:00:00+07:00,34481.487963112115,35095.40169539304,33083.12890625,33083.12890625,2065808,0.0,0.0
2018-06-28 00:00:00+07:00,33083.129217711794,33390.08608674211,30798.005859375,30798.005859375,2483275,0.0,0.0
2018-06-29 00:00:00+07:00,30354.62244073276,31036.748787715518,29229.113968211208,29672.49609375,1725728,0.0,0.0
2018-07-02 00:00:00+07:00,28819.838300540123,29160.901475694445,27626.1171875,27626.1171875,2477194,0.0,0.0
2018-07-03 00:00:00+07:00,27285.05550986842,27967.18189761513,25920.802734375,25920.802734375,2386714,0.0,0.0
2018-07-04 00:00:00+07:00,25920.800757226323,27728.435546875,25579.73758936808,27728.435546875,1315300,0.0,0.0
2018-07-05 00:00:00+07:00,28581.0934665206,28922.156634378844,26602.927092942802,27728.435546875,1395700,0.0,0.0
2018-07-06 00:00:00+07:00,27455.58396179552,29501.962890625,26978.09554506864,29501.962890625,1253089,0.0,0.0
2018-07-09 00:00:00+07:00,29331.434043560606,29672.497230113637,28137.712890625,28137.712890625,1061674,0.0,0.0
2018-07-10 00:00:00+07:00,28137.712787828947,29331.433936403508,27967.18119517544,29160.90234375,850714,0.0,0.0
2018-07-11 00:00:00+07:00,28137.712890625,28615.201351799242,27421.480198863635,28137.712890625,1271968,0.0,0.0
2018-07-12 00:00:00+07:00,27728.437656820253,28649.30828010949,27626.118698677008,28035.39453125,305089,0.0,0.0
2018-07-13 00:00:00+07:00,28308.244715073528,29297.32796415441,28308.244715073528,28990.37109375,579860,0.0,0.0
2018-07-16 00:00:00+07:00,29331.434151785714,30866.21849693729,29331.434151785714,30798.005859375,1532875,0.0,0.0
2018-07-17 00:00:00+07:00,30798.00272688698,32230.467969998004,30388.726943140973,32025.830078125,1789220,0.0,0.0
2018-07-18 00:00:00+07:00,31957.62106526693,33083.12959798177,31548.345235188805,32742.06640625,2166100,0.0,0.0
2018-07-19 00:00:00+07:00,33014.91838430851,33014.91838430851,32059.94140625,32059.94140625,1753648,0.0,0.0
2018-07-20 00:00:00+07:00,31377.811596345953,32435.107421875,31377.811596345953,32435.107421875,2499754,0.0,0.0
2018-07-23 00:00:00+07:00,32707.960087076826,33526.511747233075,32401.00321451823,32742.06640625,1334020,0.0,0.0
2018-07-24 00:00:00+07:00,32742.06565520945,32742.06565520945,31411.91923796657,31752.982421875,1135168,0.0,0.0
2018-07-25 00:00:00+07:00,31787.08831521739,32537.427309782608,31377.8125,31377.8125,2381434,0.0,0.0
2018-07-26 00:00:00+07:00,31377.81189236111,31684.76874782986,30525.15396050347,30695.685546875,1463140,0.0,0.0
2018-07-27 00:00:00+07:00,31036.75022977941,31889.408203125,30866.218635110294,31889.408203125,983168,0.0,0.0
2018-07-30 00:00:00+07:00,32571.531116969814,33049.01953125,32094.04270268963,33049.01953125,3889888,0.0,0.0
2018-07-31 00:00:00+07:00,33049.02293150907,33049.02293150907,32503.321830472796,32912.59765625,1580260,0.0,0.0
2018-08-01 00:00:00+07:00,32742.067819148935,32810.28046043883,31923.51612367021,32059.94140625,1714634,0.0,0.0
2018-08-02 00:00:00+07:00,31889.406853321336,32571.533203125,31889.406853321336,32571.533203125,762260,0.0,0.0
2018-08-03 00:00:00+07:00,33083.127965477746,33083.127965477746,32469.214250654448,32571.533203125,648769,0.0,0.0
2018-08-06 00:00:00+07:00,32571.53458180147,32571.53458180147,31821.195565257352,31889.408203125,533275,0.0,0.0
2018-08-07 00:00:00+07:00,31718.878766286645,31889.410372557006,31377.81555374593,31411.921875,542314,0.0,0.0
2018-08-08 00:00:00+07:00,31718.87533783784,31855.30060810811,31377.812162162165,31548.34375,561274,0.0,0.0
2018-08-09 00:00:00+07:00,31718.87683105469,32810.279044596355,31684.770511881514,32742.06640625,1658395,0.0,0.0
2018-08-10 00:00:00+07:00,32673.85376790365,33287.76751302084,32571.534810384117,32742.06640625,1175060,0.0,0.0
2018-08-13 00:00:00+07:00,32742.065384615384,33253.66015625,32298.68324919872,33253.66015625,1587889,0.0,0.0
2018-08-14 00:00:00+07:00,33594.724149816175,34788.4453125,33287.76727941176,34788.4453125,2880580,0.0,0.0
2018-08-15 00:00:00+07:00,34788.44341856061,35197.71922348485,33594.7223208649,33765.25390625,1594795,0.0,0.0
2018-08-16 00:00:00+07:00,33253.66162592822,34447.3828125,33083.130027846535,34447.3828125,1298581,0.0,0.0
2018-08-17 00:00:00+07:00,34617.91183317551,34924.868686868685,33765.25390625,33765.25390625,1169434,0.0,0.0
2018-08-20 00:00:00+07:00,33765.25795326576,34515.597018893895,33662.93898977102,34072.21484375,1058234,0.0,0.0
2018-08-21 00:00:00+07:00,34413.27006324405,35811.62890625,33969.88799107143,35811.62890625,2142715,0.0,0.0
2018-08-22 00:00:00+07:00,35811.63434642685,35879.84698327719,35061.29534107315,35436.46484375,1688528,0.0,0.0
2018-08-23 00:00:00+07:00,35129.50494490607,35436.46178423049,34856.654421062136,35402.35546875,1215194,0.0,0.0
2018-08-24 00:00:00+07:00,35129.50797792348,35709.315391151344,35027.18902264798,35436.46484375,1049968,0.0,0.0
2018-08-27 00:00:00+07:00,35743.421541262134,35879.846814320386,35027.18885770631,35129.5078125,1334528,0.0,0.0
2018-08-28 00:00:00+07:00,35436.46467688106,35470.57099514563,35061.295175970874,35129.5078125,1016209,0.0,0.0
2018-08-29 00:00:00+07:00,35129.50629652978,35675.20736521373,35095.39997973703,35504.67578125,1404020,0.0,0.0
2018-08-30 00:00:00+07:00,35504.679138413914,36323.23081883844,35163.61593823703,36152.69921875,1481888,0.0,0.0
2018-08-31 00:00:00+07:00,36118.59418192289,36152.70050315228,35163.6171875,35163.6171875,1935008,0.0,0.0
2018-09-04 00:00:00+07:00,34958.9783203125,35265.935203125,34106.3203125,34106.3203125,2344129,0.0,0.0
2018-09-05 00:00:00+07:00,34038.10547275641,34038.10547275641,33083.12856570513,33253.66015625,1890580,0.0,0.0
2018-09-06 00:00:00+07:00,33253.661193847656,33697.04334309896,32742.066406250004,32742.06640625,1466900,0.0,0.0
2018-09-07 00:00:00+07:00,32742.059572301427,33560.611061608965,32742.059572301427,33492.3984375,1185514,0.0,0.0
2018-09-10 00:00:00+07:00,33492.3984375,33765.24893393584,33321.8668772276,33492.3984375,601141,0.0,0.0
2018-09-11 00:00:00+07:00,33424.1925777332,34072.21263791374,33083.129388164496,34004.0,986260,0.0,0.0
2018-09-12 00:00:00+07:00,34106.31607587064,34822.548713463926,34106.31607587064,34276.84765625,1320740,0.0,0.0
2018-09-13 00:00:00+07:00,34276.84700200123,34993.079625923645,34276.84700200123,34617.91015625,1143061,0.0,0.0
2018-09-14 00:00:00+07:00,34617.91067376104,34890.76120123896,34447.379094087344,34754.3359375,849328,0.0,0.0
2018-09-17 00:00:00+07:00,34447.38437656406,34754.341267048294,33901.68323792543,34072.21484375,1774075,0.0,0.0
2018-09-18 00:00:00+07:00,33560.61600378788,33969.89180871212,33560.61600378788,33765.25390625,1713061,0.0,0.0
2018-09-19 00:00:00+07:00,34447.37679986167,34447.37679986167,33662.931585607395,33901.67578125,978848,0.0,0.0
2018-09-20 00:00:00+07:00,34106.313663229375,34174.526290555834,33697.037899270625,33901.67578125,1098314,0.0,0.0
2018-09-21 00:00:00+07:00,33901.68052565207,34652.01953125,33901.68052565207,34652.01953125,1824980,0.0,0.0
2018-09-24 00:00:00+07:00,35095.40269088745,35231.82796859741,34788.44581604004,34924.87109375,1194715,0.0,0.0
2018-09-25 00:00:00+07:00,34788.44429347826,35538.78328804348,34481.487432065216,35300.0390625,1769434,0.0,0.0
2018-09-26 00:00:00+07:00,35163.61054496951,35436.4610632622,34958.97265625,34958.97265625,1068235,0.0,0.0
2018-09-27 00:00:00+07:00,34958.97402039762,35231.8245493373,34754.33612369285,35061.29296875,741061,0.0,0.0
2018-09-28 00:00:00+07:00,35061.293513033175,36220.90827902844,35061.293513033175,35982.1640625,3372554,0.0,0.0
2018-10-01 00:00:00+07:00,35982.163545878924,36664.28986902355,35470.56880352046,35845.73828125,1608049,0.0,0.0
2018-10-02 00:00:00+07:00,35811.63621833174,36186.80574061903,35675.2109375,35675.2109375,1273060,0.0,0.0
2018-10-03 00:00:00+07:00,35948.05777481447,36800.7156916744,35709.313558093694,36766.609375,2233274,0.0,0.0
2018-10-04 00:00:00+07:00,36834.82421875,37414.6316370081,36800.71790002893,36834.82421875,2546323,0.0,0.0
2018-10-05 00:00:00+07:00,36834.81563378632,37175.87874150656,36323.22097220595,36391.43359375,2906821,0.0,0.0
2018-10-08 00:00:00+07:00,36152.68941834583,36766.60301224227,36016.26417525773,36391.43359375,1218128,0.0,0.0
2018-10-09 00:00:00+07:00,36630.18512603591,37346.41779609807,36493.75985554788,37039.4609375,1945460,0.0,0.0
2018-10-10 00:00:00+07:00,37175.884692627624,37414.62890625,37073.56574393232,37414.62890625,1249354,0.0,0.0
2018-10-11 00:00:00+07:00,35982.1687522933,36323.231963215505,34856.66015625,34856.66015625,6726088,0.0,0.0
2018-10-12 00:00:00+07:00,34004.00266200969,36084.48828125,34004.00266200969,36084.48828125,2340128,0.0,0.0
2018-10-15 00:00:00+07:00,36084.48104420732,36084.48104420732,34788.44108231708,34958.97265625,1945700,0.0,0.0
2018-10-16 00:00:00+07:00,34958.9789077582,35436.46740015686,34822.55362421573,35334.1484375,1059274,0.0,0.0
2018-10-17 00:00:00+07:00,36084.48005558894,36084.48005558894,35470.56640625,35470.56640625,1083860,0.0,0.0
2018-10-18 00:00:00+07:00,35334.141150841344,35913.948486328125,35129.50326772837,35470.56640625,917809,0.0,0.0
2018-10-19 00:00:00+07:00,34788.44229846449,35641.10019793666,34617.910718570056,35538.78125,1308634,0.0,0.0
2018-10-22 00:00:00+07:00,35777.52488069581,36016.26908866995,34617.91015625,34617.91015625,1248181,0.0,0.0
2018-10-23 00:00:00+07:00,34345.06129655935,34583.80551609849,33355.97810132576,33765.25390625,1921381,0.0,0.0
2018-10-24 00:00:00+07:00,34004.00021565756,34276.85076904297,32742.066406250004,32742.06640625,1640074,0.0,0.0
2018-10-25 00:00:00+07:00,31036.748180650684,32742.06401475237,30866.216597240516,32366.89453125,1954369,0.0,0.0
2018-10-26 00:00:00+07:00,33049.02083473947,33049.02083473947,31582.44921875,31582.44921875,1288448,0.0,0.0
2018-10-29 00:00:00+07:00,31377.81302025527,31650.663568257492,30729.79296875,30729.79296875,927620,0.0,0.0
2018-10-30 00:00:00+07:00,30729.79195807178,31548.343575156934,30729.79195807178,31241.38671875,1242634,0.0,0.0
2018-10-31 00:00:00+07:00,32401.00253704897,33083.12890625,31889.4077601482,33083.12890625,1053674,0.0,0.0
2018-11-01 00:00:00+07:00,32946.703038651314,33287.766217105265,32401.001953125004,32401.001953125,1080181,0.0,0.0
2018-11-02 00:00:00+07:00,32742.064720812185,33697.04160850254,32571.53313372462,33594.72265625,1306768,0.0,0.0
2018-11-05 00:00:00+07:00,33253.65948207487,33594.72265625,32776.171038229695,33594.72265625,745514,0.0,0.0
2018-11-06 00:00:00+07:00,34038.105823131446,34038.105823131446,33014.9162693299,33083.12890625,751489,0.0,0.0
2018-11-07 00:00:00+07:00,33253.66342905405,33253.66342905405,32571.53699974012,32810.28125,816421,0.0,0.0
2018-11-08 00:00:00+07:00,33424.19071548604,33424.19071548604,32912.59595963676,32980.80859375,466288,0.0,0.0
2018-11-09 00:00:00+07:00,32742.067819148935,32980.812063663565,32059.94140625,32059.94140625,1036580,0.0,0.0
2018-11-12 00:00:00+07:00,31787.088231907896,32401.001953125004,31650.66296052632,32401.001953125,403568,0.0,0.0
2018-11-13 00:00:00+07:00,31889.408203125,32196.36507352941,31752.982927389705,31889.408203125,581380,0.0,0.0
2018-11-14 00:00:00+07:00,31889.408203125,32094.04611672794,31446.02605698529,31889.408203125,1378315,0.0,0.0
2018-11-15 00:00:00+07:00,31752.981997282608,32059.938858695652,31343.706182065216,31377.8125,561460,0.0,0.0
2018-11-16 00:00:00+07:00,31718.876953125,32128.152784778227,31514.23903729839,31718.876953125,653408,0.0,0.0
2018-11-19 00:00:00+07:00,31991.72504774763,32366.89453125,31889.40609770153,32366.89453125,795514,0.0,0.0
2018-11-20 00:00:00+07:00,32366.896394482217,32810.278536872385,32196.36480125523,32605.640625,1661488,0.0,0.0
2018-11-21 00:00:00+07:00,32366.8952981839,32707.95847308573,32094.044758262433,32571.533203125,960688,0.0,0.0
2018-11-22 00:00:00+07:00,32673.85815125778,32980.81506499611,32639.751827509077,32878.49609375,844928,0.0,0.0
2018-11-23 00:00:00+07:00,32912.5958592107,32980.8084931158,32435.107421875,32435.107421875,498475,0.0,0.0
2018-11-26 00:00:00+07:00,32366.896895345053,32742.066406250004,32264.57793782552,32742.06640625,671408,0.0,0.0
2018-11-27 00:00:00+07:00,32912.5970672123,33151.34129464286,32162.25806671627,32230.470703125,1069220,0.0,0.0
2018-11-28 00:00:00+07:00,32059.93844077225,32571.533203125,32059.93844077225,32571.533203125,649460,0.0,0.0
2018-11-29 00:00:00+07:00,32571.531673569276,32673.85062123494,31036.747458584337,31139.06640625,1721620,0.0,0.0
2018-11-30 00:00:00+07:00,31139.071304967427,31821.19773004886,31139.071304967427,31411.921875,745729,0.0,0.0
2018-12-03 00:00:00+07:00,32196.36294783983,32401.00084793203,31923.51241438356,32366.89453125,614314,0.0,0.0
2018-12-04 00:00:00+07:00,32401.001953125004,32503.320906661185,32230.470363898028,32401.001953125,736609,0.0,0.0
2018-12-05 00:00:00+07:00,32230.470868956367,32639.746689514544,31957.620321917584,32537.427734375,765541,0.0,0.0
2018-12-06 00:00:00+07:00,32537.42849121094,32844.385363769536,32230.471618652347,32742.06640625,683060,0.0,0.0
2018-12-07 00:00:00+07:00,32571.529655612245,33594.71906887755,32571.529655612245,33424.1875,1421780,0.0,0.0
2018-12-10 00:00:00+07:00,33083.1306091813,33424.19381133781,33014.91796875,33014.91796875,549514,0.0,0.0
2018-12-11 00:00:00+07:00,33014.9162693299,33185.44786163016,32912.597313949744,33083.12890625,565300,0.0,0.0
2018-12-12 00:00:00+07:00,33083.1243622449,33458.29381377551,33049.01804846939,33424.1875,576181,0.0,0.0
2018-12-13 00:00:00+07:00,33594.72705621208,33935.790275056876,33560.620734327604,33731.15234375,815755,0.0,0.0
2018-12-14 00:00:00+07:00,33799.363990029306,34038.10823617482,33390.08813949414,33458.30078125,842900,0.0,0.0
2018-12-17 00:00:00+07:00,33287.76513819095,33935.78515625,32878.489337311556,33935.78515625,1136821,0.0,0.0
2018-12-18 00:00:00+07:00,32742.062239039664,33253.65696152466,32230.46751655467,32673.849609375,9048448,0.0,0.0
2018-12-19 00:00:00+07:00,32571.538448779196,32673.85741772824,32128.156250000004,32128.15625,576688,0.0,0.0
2018-12-20 00:00:00+07:00,32128.14928433847,32571.531386988576,32025.83033757306,32094.04296875,653300,0.0,0.0
2018-12-21 00:00:00+07:00,31889.40718544408,32469.21458881579,31889.40718544408,32401.001953125,1548340,0.0,0.0
2018-12-24 00:00:00+07:00,32401.002207523634,32776.17170676865,32401.002207523634,32469.21484375,304795,0.0,0.0
2018-12-25 00:00:00+07:00,31855.298242395944,32196.361392742798,31718.872982257202,31957.6171875,819620,0.0,0.0
2018-12-26 00:00:00+07:00,31957.620840992644,32230.471392463234,31855.301884191176,31889.408203125,461488,0.0,0.0
2018-12-27 00:00:00+07:00,32571.533285535337,32571.533285535337,32230.47010977057,32332.7890625,389515,0.0,0.0
2018-12-28 00:00:00+07:00,32298.684637372586,32298.684637372586,31787.08984375,31787.08984375,550741,0.0,0.0
2019-01-02 00:00:00+07:00,31787.08831521739,31991.726222826084,31377.8125,31377.8125,378820,0.0,0.0
2019-01-03 00:00:00+07:00,31377.814606741573,31616.558848314606,30286.412359550563,30354.625,1061620,0.0,0.0
2019-01-04 00:00:00+07:00,29843.02761501736,30695.685546875,29467.858125,30695.685546875,647674,0.0,0.0
2019-01-07 00:00:00+07:00,31207.278189961708,31377.80976477024,30900.321355306347,31173.171875,573248,0.0,0.0
2019-01-08 00:00:00+07:00,31036.75,31173.175274725276,30695.686813186814,31036.75,353035,0.0,0.0
2019-01-09 00:00:00+07:00,31275.491929217897,31275.491929217897,30866.216135160517,31207.279296875,442900,0.0,0.0
2019-01-10 00:00:00+07:00,31275.492955630416,31616.556128538057,31070.855051885836,31480.130859375,409195,0.0,0.0
2019-01-11 00:00:00+07:00,31548.34375,31582.45006756757,31343.705844594595,31548.34375,634208,0.0,0.0
2019-01-14 00:00:00+07:00,31514.24058929543,31548.346910279517,31207.283700438657,31343.708984375,404714,0.0,0.0
2019-01-15 00:00:00+07:00,31070.858416502313,31377.815305359087,31070.858416502313,31343.708984375,250820,0.0,0.0
2019-01-16 00:00:00+07:00,31514.24033874046,31514.24033874046,31173.17713161123,31275.49609375,246368,0.0,0.0
2019-01-17 00:00:00+07:00,31104.961354166666,31241.386623263887,30695.685546875,30695.685546875,743594,0.0,0.0
2019-01-18 00:00:00+07:00,30866.21609401275,30866.21609401275,30422.833984375,30422.833984375,337274,0.0,0.0
2019-01-21 00:00:00+07:00,30491.05071735278,31343.708735175846,30491.05071735278,31275.49609375,434020,0.0,0.0
2019-01-22 00:00:00+07:00,31275.49174125621,31309.598057222684,30900.322265625,30900.322265625,427034,0.0,0.0
2019-01-23 00:00:00+07:00,30798.004163069752,31036.748381388123,30798.004163069752,30866.216796875,204874,0.0,0.0
2019-01-24 00:00:00+07:00,30866.217053128443,31104.961273428886,30866.217053128443,30934.4296875,187381,0.0,0.0
2019-01-25 00:00:00+07:00,30934.430366847824,31514.23777173913,30934.430366847824,31377.8125,546715,0.0,0.0
2019-01-28 00:00:00+07:00,31718.88037420382,32196.368895966032,31548.34875928875,32128.15625,898714,0.0,0.0
2019-01-29 00:00:00+07:00,32264.57933011968,32264.57933011968,31889.409803025264,32059.94140625,246314,0.0,0.0
2019-01-30 00:00:00+07:00,32059.93724180437,32128.149874233743,31923.51197694563,31991.724609375,355060,0.0,0.0
2019-01-31 00:00:00+07:00,32059.938774671056,32571.533542351975,32059.938774671056,32401.001953125,871861,0.0,0.0
2019-02-01 00:00:00+07:00,32571.53105592627,32571.53105592627,32059.936327299154,32264.57421875,595220,0.0,0.0
2019-02-11 00:00:00+07:00,32707.95906650641,33253.66015625,32605.640112179488,33253.66015625,918794,0.0,0.0
2019-02-12 00:00:00+07:00,33253.66221025956,33253.66221025956,32742.06740702479,33014.91796875,816928,0.0,0.0
2019-02-13 00:00:00+07:00,33014.915087090165,33594.722480148565,32776.17086641906,33287.765625,1012555,0.0,0.0
2019-02-14 00:00:00+07:00,33321.87142730839,33560.61564429013,33117.23352703833,33151.33984375,1062955,0.0,0.0
2019-02-15 00:00:00+07:00,33185.44649608971,33185.44649608971,32980.80859375,32980.80859375,748609,0.0,0.0
2019-02-18 00:00:00+07:00,33185.44921875,33185.44921875,32742.067060637208,33185.44921875,715489,0.0,0.0
2019-02-19 00:00:00+07:00,33185.44802572778,34072.21231007406,33185.44802572778,33390.0859375,1862929,0.0,0.0
2019-02-20 00:00:00+07:00,33492.408090558645,33799.36498751896,33390.08912490521,33731.15234375,903220,0.0,0.0
2019-02-21 00:00:00+07:00,33867.572857481064,33935.785491635106,33492.40336963384,33765.25390625,775648,0.0,0.0
2019-02-22 00:00:00+07:00,33458.29621279011,34003.997272325934,33458.29621279011,33799.359375,890420,0.0,0.0
2019-02-25 00:00:00+07:00,33935.7887109375,34617.9151171875,33935.7887109375,34106.3203125,1061140,0.0,0.0
2019-02-26 00:00:00+07:00,34276.84361475306,34276.84361475306,33321.8668772276,33492.3984375,959674,0.0,0.0
2019-02-27 00:00:00+07:00,33526.509175329615,33901.67865745436,33355.97759254564,33628.828125,695594,0.0,0.0
2019-02-28 00:00:00+07:00,33594.72889247277,33594.72889247277,32878.49609375,32878.49609375,1266100,0.0,0.0
2019-03-01 00:00:00+07:00,32878.48999048224,33594.72265625,32878.48999048224,33594.72265625,626954,0.0,0.0
2019-03-04 00:00:00+07:00,33697.03696419723,34515.5884694004,33697.03696419723,34413.26953125,1679515,0.0,0.0
2019-03-05 00:00:00+07:00,34379.17001748252,34515.59529532967,33935.78786447927,34140.42578125,859969,0.0,0.0
2019-03-06 00:00:00+07:00,33901.68323792543,34413.27805539915,33901.68323792543,34072.21484375,529408,0.0,0.0
2019-03-07 00:00:00+07:00,34072.21178685496,34276.84969548472,33935.78651443512,34038.10546875,597488,0.0,0.0
2019-03-08 00:00:00+07:00,33765.25952049595,33935.79113423583,33628.83422950405,33697.046875,782821,0.0,0.0
2019-03-11 00:00:00+07:00,33765.25357255025,33935.78515625,33628.828305590454,33935.78515625,472234,0.0,0.0
2019-03-12 00:00:00+07:00,34276.85277073949,34515.597018893895,33969.89588025525,34072.21484375,837781,0.0,0.0
2019-03-13 00:00:00+07:00,34072.2126148897,34788.4453125,34072.2126148897,34788.4453125,1536634,0.0,0.0
2019-03-14 00:00:00+07:00,34958.97387835893,35538.78125,34856.654930422264,35538.78125,1106341,0.0,0.0
2019-03-15 00:00:00+07:00,35538.77903395433,35777.52323091947,35163.609581580524,35470.56640625,847994,0.0,0.0
2019-03-18 00:00:00+07:00,35470.56640625,35538.77903395433,35163.609581580524,35470.56640625,551221,0.0,0.0
2019-03-19 00:00:00+07:00,35811.63627199413,35811.63627199413,34788.44666422287,34890.765625,732928,0.0,0.0
2019-03-20 00:00:00+07:00,34890.760679649014,35129.50488762315,34447.378579125616,34617.91015625,667168,0.0,0.0
2019-03-21 00:00:00+07:00,34617.910817008706,34993.08029384328,34276.84765625,34276.84765625,749354,0.0,0.0
2019-03-22 00:00:00+07:00,34276.85269768224,34958.97911952666,33833.47052348337,34856.66015625,1254820,0.0,0.0
2019-03-25 00:00:00+07:00,34106.318956870615,34447.38214643932,33765.255767301904,34004.0,702715,0.0,0.0
2019-03-26 00:00:00+07:00,34004.0,34413.275827482445,33799.36208625878,34004.0,406420,0.0,0.0
2019-03-27 00:00:00+07:00,34038.108522585084,34276.85277073949,33935.78955909034,34072.21484375,342340,0.0,0.0
2019-03-28 00:00:00+07:00,33799.36293219754,34072.213490681475,33799.36293219754,33969.89453125,252955,0.0,0.0
2019-03-29 00:00:00+07:00,33969.89147298995,34174.52937342965,33731.147255810305,33935.78515625,460288,0.0,0.0
2019-04-01 00:00:00+07:00,33935.7823015329,34276.84544024177,33833.463359920235,34208.6328125,529754,0.0,0.0
2019-04-02 00:00:00+07:00,34413.275827482445,34413.275827482445,33833.468405215644,34004.0,306208,0.0,0.0
2019-04-03 00:00:00+07:00,34106.317077020205,34106.317077020205,33731.14758917298,33765.25390625,430741,0.0,0.0
2019-04-04 00:00:00+07:00,33867.57537902227,34447.3828125,33594.72482209158,34447.3828125,1355941,0.0,0.0
2019-04-05 00:00:00+07:00,34754.33608131218,34754.33608131218,34276.84765625,34276.84765625,675940,0.0,0.0
2019-04-08 00:00:00+07:00,34447.38026746052,34583.8055358465,34174.52973068855,34549.69921875,610420,0.0,0.0
2019-04-09 00:00:00+07:00,34754.33848655881,35368.25221841166,34652.01953125,34652.01953125,1681514,0.0,0.0
2019-04-10 00:00:00+07:00,34447.38437656406,34583.80966122372,34038.108522585084,34072.21484375,680128,0.0,0.0
2019-04-11 00:00:00+07:00,34413.27154675025,34413.27154675025,34072.208399607036,34174.52734375,138100,0.0,0.0
2019-04-12 00:00:00+07:00,33901.68189162902,34106.31981049197,33901.68189162902,33969.89453125,295460,0.0,0.0
2019-04-16 00:00:00+07:00,33833.465172239106,33901.67780363475,33594.72096235435,33662.93359375,697540,0.0,0.0
2019-04-17 00:00:00+07:00,33697.039582283265,34174.52799741684,33662.93326691658,33833.46484375,650660,0.0,0.0
2019-04-18 00:00:00+07:00,33833.46929599178,33833.46929599178,33185.44921875,33185.44921875,521194,0.0,0.0
2019-04-19 00:00:00+07:00,33185.4497185261,33594.7255629478,33185.4497185261,33321.875,379514,0.0,0.0
2019-04-22 00:00:00+07:00,33424.191069162436,33594.72265625,33117.23421240482,33594.72265625,1014421,0.0,0.0
2019-04-23 00:00:00+07:00,33594.72333338552,34106.31810495992,33594.72333338552,34038.10546875,847328,0.0,0.0
2019-04-24 00:00:00+07:00,34174.532953125,34174.532953125,33969.89503125,34106.3203125,331621,0.0,0.0
2019-04-25 00:00:00+07:00,34038.10581098943,34106.3184478852,33799.36158185423,33867.57421875,187780,0.0,0.0
2019-04-26 00:00:00+07:00,33867.575225555694,34174.53210071179,33765.25626717033,34140.42578125,518660,0.0,0.0
2019-05-02 00:00:00+07:00,34208.637219356795,35129.5078125,34174.53090109223,35129.5078125,1626874,0.0,0.0
2019-05-03 00:00:00+07:00,35129.50645082765,35538.78225413826,34993.081183057446,35027.1875,984634,0.0,0.0
2019-05-06 00:00:00+07:00,34549.69804189156,34788.44225343474,34106.31593473994,34754.3359375,1153780,0.0,0.0
2019-05-07 00:00:00+07:00,34788.44480499508,34822.551123431345,34413.27530219611,34652.01953125,450740,0.0,0.0
2019-05-08 00:00:00+07:00,34174.532255569306,34652.02073019802,34174.532255569306,34447.3828125,534955,0.0,0.0
2019-05-09 00:00:00+07:00,34310.95601358968,34549.7002403244,33935.78651443512,34038.10546875,1749140,0.0,0.0
2019-05-10 00:00:00+07:00,34276.84765625,34447.37923662935,33969.890811567166,34276.84765625,488048,0.0,0.0
2019-05-13 00:00:00+07:00,34276.85291108631,34379.171875,34208.64026847718,34379.171875,424928,0.0,0.0
2019-05-14 00:00:00+07:00,34413.26953125,34617.907407550796,34276.84428038281,34413.26953125,958369,0.0,0.0
2019-05-15 00:00:00+07:00,34447.37793445122,35061.29160060976,34413.271619664636,34958.97265625,2809060,0.0,0.0
2019-05-16 00:00:00+07:00,35163.614981930274,35334.146577380954,35095.40234375,35095.40234375,964688,0.0,0.0
2019-05-17 00:00:00+07:00,35129.50423018293,35129.50423018293,34890.76002667683,34958.97265625,654901,0.0,0.0
2019-05-20 00:00:00+07:00,35095.401963975695,36834.82421875,34890.764051649305,36834.82421875,3369968,0.0,0.0
2019-05-21 00:00:00+07:00,36834.82216282895,36868.92847964638,36152.69582648026,36289.12109375,2534584,0.0,0.0
2019-05-22 00:00:00+07:00,36289.11656191807,37175.8806884311,36289.11656191807,36630.1796875,1695596,0.0,0.0
2019-05-23 00:00:00+07:00,36664.2916131564,37346.41796875,36255.01579980023,37346.41796875,1788050,0.0,0.0
2019-05-24 00:00:00+07:00,37039.45853197674,37619.26589389535,36664.2890625,36664.2890625,1563170,0.0,0.0
2019-05-27 00:00:00+07:00,36323.23081883844,36800.719299086086,36152.69921875,36152.69921875,7873330,0.0,0.0
2019-05-28 00:00:00+07:00,36323.22308907548,37141.77459530817,36323.22308907548,36937.13671875,1146104,0.0,0.0
2019-05-29 00:00:00+07:00,37039.453498418465,37039.453498418465,36152.68941834583,36391.43359375,3310450,0.0,0.0
2019-05-30 00:00:00+07:00,36391.44174832274,36664.29229563913,36220.91015625,36220.91015625,878956,0.0,0.0
2019-05-31 00:00:00+07:00,36152.70050315228,36220.91314561106,35163.6171875,35163.6171875,2101144,0.0,0.0
2019-06-03 00:00:00+07:00,34993.08565848214,35129.51094370039,34276.85291108631,34379.171875,2938876,0.0,0.0
2019-06-04 00:00:00+07:00,34379.163218533206,34890.75790928518,34379.163218533206,34413.26953125,1296130,0.0,0.0
2019-06-05 00:00:00+07:00,35243.187905844155,35652.46363636363,35015.8125,35015.8125,1001518,0.0,0.0
2019-06-06 00:00:00+07:00,35334.13806818182,35334.13806818182,34652.011850649345,35015.8125,605638,0.0,0.0
2019-06-07 00:00:00+07:00,35197.71599381345,35834.3671875,35061.290738023476,35834.3671875,695378,0.0,0.0
2019-06-10 00:00:00+07:00,36107.21769907995,36198.1678696066,35743.41701697335,35834.3671875,700378,0.0,0.0
2019-06-11 00:00:00+07:00,35834.368662864385,36061.744098542455,35606.99322718631,35879.84375,864799,0.0,0.0
2019-06-12 00:00:00+07:00,35470.566737288136,35697.94216509126,34879.390625,34879.390625,1695878,0.0,0.0
2019-06-13 00:00:00+07:00,34652.02092745984,34697.4960205405,33969.89453125,33969.89453125,1059398,0.0,0.0
2019-06-14 00:00:00+07:00,33969.89893236186,34379.17482311321,33697.04833852763,33742.5234375,606998,0.0,0.0
2019-06-17 00:00:00+07:00,33742.51342841066,33878.938684859764,32833.01171875,32833.01171875,1553558,0.0,0.0
2019-06-18 00:00:00+07:00,32833.01311188811,33196.81381118881,32287.31206293706,32514.6875,923978,0.0,0.0
2019-06-19 00:00:00+07:00,32742.063457520893,32969.438898198125,32560.16310497911,32651.11328125,516718,0.0,0.0
2019-06-20 00:00:00+07:00,32742.064111261876,33697.04098117368,32742.064111261876,33515.140625,1189318,0.0,0.0
2019-06-21 00:00:00+07:00,33742.5234375,34106.32422927898,33606.098140582886,33742.5234375,668398,0.0,0.0
2019-06-24 00:00:00+07:00,33651.56833814538,33878.9437998896,33469.66796875,33469.66796875,518218,0.0,0.0
2019-06-25 00:00:00+07:00,33515.14152768225,33560.61661795048,33014.91553473177,33060.390625,713998,0.0,0.0
2019-06-26 00:00:00+07:00,32969.438020475616,33287.76362894918,32969.438020475616,33105.86328125,486679,0.0,0.0
2019-06-27 00:00:00+07:00,33151.34223632813,33287.76751302084,32742.066406250004,32742.06640625,529318,0.0,0.0
2019-06-28 00:00:00+07:00,32742.065496575342,33196.81640625,32651.11531464041,33196.81640625,771139,0.0,0.0
2019-07-01 00:00:00+07:00,33287.770041218035,33833.47118943473,33242.294945533315,33787.99609375,825298,0.0,0.0
2019-07-02 00:00:00+07:00,33787.991738385695,34060.84227732286,33651.56646891712,34015.3671875,832298,0.0,0.0
2019-07-03 00:00:00+07:00,34015.36660447761,34015.36660447761,33515.140625,33515.140625,551338,0.0,0.0
2019-07-04 00:00:00+07:00,33651.56596057047,34015.366673657714,33606.090871434564,33878.94140625,680078,0.0,0.0
2019-07-05 00:00:00+07:00,34060.84176279362,34106.31685192953,33742.51613884228,33878.94140625,541459,0.0,0.0
2019-07-08 00:00:00+07:00,33878.94133734736,33878.94133734736,33333.240268826325,33515.140625,652658,0.0,0.0
2019-07-09 00:00:00+07:00,33424.19287640115,33651.56833814538,33424.19287640115,33469.66796875,352858,0.0,0.0
2019-07-10 00:00:00+07:00,33469.666952054795,33651.56731592466,33196.81640625,33196.81640625,994258,0.0,0.0
2019-07-11 00:00:00+07:00,33287.76658818493,33469.666952054795,33196.81640625,33196.81640625,633559,0.0,0.0
2019-07-12 00:00:00+07:00,33196.81741465693,33651.56833814538,33151.34232230808,33469.66796875,1921198,0.0,0.0
2019-07-15 00:00:00+07:00,33469.664146505376,33924.415018061154,33469.664146505376,33833.46484375,955070,0.0,0.0
2019-07-16 00:00:00+07:00,33969.89453125,34424.645462056564,33969.89453125,33969.89453125,1016419,0.0,0.0
2019-07-17 00:00:00+07:00,33924.42383338949,34060.849130306604,33742.5234375,33742.5234375,602738,0.0,0.0
2019-07-18 00:00:00+07:00,33651.56782912688,33651.56782912688,33287.767095839015,33333.2421875,1036639,0.0,0.0
2019-07-19 00:00:00+07:00,33378.715867820945,34015.367124155404,33196.81550886825,33651.56640625,886178,0.0,0.0
2019-07-22 00:00:00+07:00,33424.184659090904,35015.8125,33333.23449675325,35015.8125,2492978,0.0,0.0
2019-07-23 00:00:00+07:00,34652.01913306452,35379.62058467742,34606.54404233871,35243.1953125,1306238,0.0,0.0
2019-07-24 00:00:00+07:00,35106.766052803134,35288.666395045635,34788.44045387875,34879.390625,1142479,0.0,0.0
2019-07-25 00:00:00+07:00,34879.39319753037,35743.41988690857,34606.54266404252,35561.51953125,1663798,0.0,0.0
2019-07-26 00:00:00+07:00,35470.56935342072,35652.46970907928,35243.193908847505,35561.51953125,920858,0.0,0.0
2019-07-29 00:00:00+07:00,35561.52145927057,35561.52145927057,34833.9199971883,35379.62109375,807518,0.0,0.0
2019-07-30 00:00:00+07:00,35334.14739822248,35379.62249139908,34697.49609375,34697.49609375,1011298,0.0,0.0
2019-07-31 00:00:00+07:00,34697.49563090006,35015.82127888998,34652.02053833008,34924.87109375,680582,0.0,0.0
2019-08-01 00:00:00+07:00,34788.44301970109,35834.37006473785,34561.067575127876,35561.51953125,1415338,0.0,0.0
2019-08-02 00:00:00+07:00,35243.195035564364,36561.97265625,35106.76976445896,36561.97265625,2412598,0.0,0.0
2019-08-05 00:00:00+07:00,36607.44825549876,37062.19916550496,36380.07280049566,36698.3984375,1780879,0.0,0.0
2019-08-06 00:00:00+07:00,36152.69615155131,38380.97553699284,36152.69615155131,38108.125,3067358,0.0,0.0
2019-08-07 00:00:00+07:00,38108.12333104792,39381.42578125,37971.69806852627,39381.42578125,4427218,0.0,0.0
2019-08-08 00:00:00+07:00,39745.227299528306,39881.652564858494,38562.875,38562.875,2354318,0.0,0.0
2019-08-09 00:00:00+07:00,38517.398873589664,39063.09992020487,38108.123088628265,38290.0234375,1710098,0.0,0.0
2019-08-12 00:00:00+07:00,38380.97232351225,39244.998951648195,38380.97232351225,38972.1484375,1751839,0.0,0.0
2019-08-13 00:00:00+07:00,39199.527406609195,39972.60393318965,39063.10213721264,39563.328125,2025818,0.0,0.0
2019-08-14 00:00:00+07:00,39335.94912303092,39517.84946579638,38562.87266627771,38972.1484375,2097298,0.0,0.0
2019-08-15 00:00:00+07:00,38699.299468641744,39745.226481307735,38608.34929362731,39381.42578125,1766419,0.0,0.0
2019-08-16 00:00:00+07:00,39699.75034066134,40609.252066678775,39108.57421875,39108.57421875,2896699,0.0,0.0
2019-08-19 00:00:00+07:00,39154.05264465547,39517.85336609246,38199.07575088339,38608.3515625,2061919,0.0,0.0
2019-08-20 00:00:00+07:00,38653.8243006993,39063.10008741259,38153.59833916084,39017.625,2312779,0.0,0.0
2019-08-21 00:00:00+07:00,39290.47648948598,39654.27719772197,38881.2006927205,38926.67578125,1803758,0.0,0.0
2019-08-22 00:00:00+07:00,38926.68008982036,38926.68008982036,37971.703125,37971.703125,2512838,0.0,0.0
2019-08-23 00:00:00+07:00,37880.75045289855,38017.17572463768,37471.47463768116,37653.375,1949398,0.0,0.0
2019-08-26 00:00:00+07:00,38562.875894988065,38972.15170047733,37971.69973150358,38108.125,1923818,0.0,0.0
2019-08-27 00:00:00+07:00,38108.1318359375,38562.8828125,37653.380859375,37835.28125,1302559,0.0,0.0
2019-08-28 00:00:00+07:00,37926.22844364251,37926.22844364251,37016.7265625,37016.7265625,1776362,0.0,0.0
2019-08-29 00:00:00+07:00,36834.82958447802,37471.48096001221,36607.45409321581,37244.10546875,1108138,0.0,0.0
2019-08-30 00:00:00+07:00,37289.57715556569,37562.42772011861,37062.20168510493,37380.52734375,691519,0.0,0.0
2019-09-03 00:00:00+07:00,37380.522479899875,37880.74844982554,37335.04739172482,37471.47265625,717818,0.0,0.0
2019-09-04 00:00:00+07:00,37471.47412878788,37607.89939867424,37062.19831912879,37516.94921875,971438,0.0,0.0
2019-09-05 00:00:00+07:00,37516.95259712838,37744.328067414004,36971.251468442875,37016.7265625,667978,0.0,0.0
2019-09-06 00:00:00+07:00,37107.67476851852,37107.67476851852,36607.448760609564,36834.82421875,1103299,0.0,0.0
2019-09-09 00:00:00+07:00,36834.82319846082,36834.82319846082,36198.17193330224,36561.97265625,1505198,0.0,0.0
2019-09-10 00:00:00+07:00,36471.019796334826,36471.019796334826,35516.04296875,35516.04296875,1506478,0.0,0.0
2019-09-11 00:00:00+07:00,35606.9923732791,36334.59375,35470.56711514393,36334.59375,808618,0.0,0.0
2019-09-12 00:00:00+07:00,36607.44774661847,36652.92283698694,36152.69684293377,36561.97265625,833059,0.0,0.0
2019-09-13 00:00:00+07:00,36607.44786108994,37653.37494283536,36380.07240853658,37289.57421875,1834939,0.0,0.0
2019-09-16 00:00:00+07:00,37607.90036452005,37744.325637910086,37335.04981773998,37426.0,841918,0.0,0.0
2019-09-17 00:00:00+07:00,37516.94967130335,37516.94967130335,37107.67385670731,37289.57421875,2003878,0.0,0.0
2019-09-18 00:00:00+07:00,37380.522479899875,37971.69862617567,37244.0972153747,37471.47265625,1228538,0.0,0.0
2019-09-19 00:00:00+07:00,37335.05178261034,37698.852530796554,37153.15140851723,37607.90234375,805178,0.0,0.0
2019-09-20 00:00:00+07:00,37607.899015513125,38426.45062649165,37607.899015513125,38108.125,3843319,0.0,0.0
2019-09-23 00:00:00+07:00,38290.02877994012,38562.87934131736,37744.32765718563,37971.703125,903598,0.0,0.0
2019-09-24 00:00:00+07:00,37971.69966585091,37971.69966585091,37698.84912932982,37744.32421875,679718,0.0,0.0
2019-09-25 00:00:00+07:00,37380.52196254568,37607.89740027406,37107.67143727162,37335.046875,1749139,0.0,0.0
2019-09-26 00:00:00+07:00,37289.57462050805,37380.524802509295,36380.07280049566,36698.3984375,2135018,0.0,0.0
2019-09-27 00:00:00+07:00,36698.400407483045,37153.15134190043,36698.400407483045,36880.30078125,2593658,0.0,0.0
2019-09-30 00:00:00+07:00,36880.29828882929,37016.723559934704,36380.07229477612,36561.97265625,875698,0.0,0.0
2019-10-01 00:00:00+07:00,36561.97505896226,36561.97505896226,36152.69921875,36152.69921875,1499278,0.0,0.0
2019-10-02 00:00:00+07:00,36152.69589407568,36971.24749922457,36152.69589407568,36652.921875,919118,0.0,0.0
2019-10-03 00:00:00+07:00,36652.92238682015,37016.72310529975,36289.121668340544,36789.34765625,703198,0.0,0.0
2019-10-04 00:00:00+07:00,36743.871536425904,36880.296802031444,36516.49609375,36516.49609375,607378,0.0,0.0
2019-10-07 00:00:00+07:00,36516.49646954114,36516.49646954114,35925.3203125,35925.3203125,802138,0.0,0.0
2019-10-08 00:00:00+07:00,35925.32279250314,36289.12352964241,35925.32279250314,36243.6484375,500798,0.0,0.0
2019-10-09 00:00:00+07:00,36334.59760192794,36334.59760192794,35970.796875,35970.796875,512798,0.0,0.0
2019-10-10 00:00:00+07:00,35970.796875,36198.17232932996,35970.796875,35970.796875,529519,0.0,0.0
2019-10-11 00:00:00+07:00,35970.798383789064,36561.97458984375,35970.798383789064,36380.07421875,405658,0.0,0.0
2019-10-14 00:00:00+07:00,36471.02440429687,36789.350053710936,36152.69875488281,36380.07421875,407318,0.0,0.0
2019-10-15 00:00:00+07:00,36380.07421875,36561.97458984375,36243.64894042969,36380.07421875,1987318,0.0,0.0
2019-10-16 00:00:00+07:00,36380.0786019536,37244.10546875,36198.178208943835,37244.10546875,2463038,0.0,0.0
2019-10-17 00:00:00+07:00,37426.00196965689,37789.80271784311,37335.05178261034,37607.90234375,1995518,0.0,0.0
2019-10-18 00:00:00+07:00,37971.69862617567,37971.69862617567,37335.04739172482,37471.47265625,917458,0.0,0.0
2019-10-21 00:00:00+07:00,37471.47458079268,37471.47458079268,36834.82331364329,37289.57421875,1684498,0.0,0.0
2019-10-22 00:00:00+07:00,37289.5733245482,37835.274397590365,36971.24769860693,37744.32421875,1513678,0.0,0.0
2019-10-23 00:00:00+07:00,37971.70063405797,38062.65081521739,37607.89990942029,37653.375,459538,0.0,0.0
2019-10-24 00:00:00+07:00,37835.276881720434,38108.12743615592,37653.37651209677,38062.65234375,1308538,0.0,0.0
2019-10-25 00:00:00+07:00,38108.1318359375,38335.50732421875,37744.3310546875,37835.28125,1197458,0.0,0.0
2019-10-28 00:00:00+07:00,37789.8027507485,38290.02877994012,37789.8027507485,37971.703125,944090,0.0,0.0
2019-10-29 00:00:00+07:00,37971.70160695369,38108.126882188255,37562.42578125,37562.42578125,830038,0.0,0.0
2019-10-30 00:00:00+07:00,37516.9487716491,37835.274397590365,37380.523503388555,37744.32421875,678718,0.0,0.0
2019-10-31 00:00:00+07:00,37744.32862207383,38335.5048535039,37516.95314844688,37880.75390625,860138,0.0,0.0
2019-11-01 00:00:00+07:00,37880.75390625,38153.60447460234,37744.32862207383,37880.75390625,2032078,0.0,0.0
2019-11-04 00:00:00+07:00,38062.64909918955,38972.1508697795,37926.223833601056,38926.67578125,2771638,0.0,0.0
2019-11-05 00:00:00+07:00,39108.578069982395,39108.578069982395,38608.352071412846,38744.77734375,1870858,0.0,0.0
2019-11-06 00:00:00+07:00,38608.353033088235,38881.20358455882,38517.402849264705,38653.828125,607339,0.0,0.0
2019-11-07 00:00:00+07:00,38653.8271621919,38881.20261608715,38517.40188985475,38744.77734375,893738,0.0,0.0
2019-11-08 00:00:00+07:00,38790.24809473454,39244.998951648195,38608.34775196908,38972.1484375,1317098,0.0,0.0
2019-11-11 00:00:00+07:00,39063.099477936834,39063.099477936834,38471.923350796926,38517.3984375,865078,0.0,0.0
2019-11-12 00:00:00+07:00,38380.97420867527,38790.25,38290.02403282532,38790.25,906259,0.0,0.0
2019-11-13 00:00:00+07:00,38835.72370094476,39108.57421875,38699.29844204215,39108.57421875,1562258,0.0,0.0
2019-11-14 00:00:00+07:00,39199.52922794117,39517.85487132353,38380.97757352941,38653.828125,1491418,0.0,0.0
2019-11-15 00:00:00+07:00,38562.874560375145,38972.150351699886,38562.874560375145,38790.25,813619,0.0,0.0
2019-11-18 00:00:00+07:00,38653.82317276362,38926.67368927725,38380.97265625,38380.97265625,1087519,0.0,0.0
2019-11-19 00:00:00+07:00,38517.40330991124,38517.40330991124,37789.801830621305,38426.453125,1285358,0.0,0.0
2019-11-20 00:00:00+07:00,38517.402755920266,38517.402755920266,37926.2265625,37926.2265625,1016338,0.0,0.0
2019-11-21 00:00:00+07:00,37744.32466856061,38199.07556818182,37516.94921875,37516.94921875,1395799,0.0,0.0
2019-11-22 00:00:00+07:00,37835.27726715687,37971.7025457644,36834.825224034925,37107.67578125,1207258,0.0,0.0
2019-11-25 00:00:00+07:00,37107.67536188179,37698.8515625,37016.72517717129,37698.8515625,625699,0.0,0.0
2019-11-26 00:00:00+07:00,37880.75390625,37971.704095700785,37698.85352734844,37880.75390625,470218,0.0,0.0
2019-11-27 00:00:00+07:00,37880.75091130012,37971.70109356015,37426.0,37426.0,404599,0.0,0.0
2019-11-28 00:00:00+07:00,37426.001902550866,37562.42718287608,36834.82568780826,36880.30078125,928178,0.0,0.0
2019-11-29 00:00:00+07:00,36880.294445620384,37062.194788138855,36380.06850369458,36925.76953125,527479,0.0,0.0
2019-12-02 00:00:00+07:00,37198.62588867187,37198.62588867187,36380.07421875,36380.07421875,779698,0.0,0.0
2019-12-03 00:00:00+07:00,35925.32238618827,36834.82421875,35697.94692804784,36834.82421875,2962850,0.0,0.0
2019-12-04 00:00:00+07:00,36652.921069098906,37471.47265625,36652.921069098906,37471.47265625,567458,0.0,0.0
2019-12-05 00:00:00+07:00,37380.52439977134,37516.94967130335,37244.09912823933,37289.57421875,674539,0.0,0.0
2019-12-06 00:00:00+07:00,37289.57715556569,37426.00243784215,37107.67677919708,37380.52734375,337738,0.0,0.0
2019-12-09 00:00:00+07:00,37380.52734375,37607.90281421076,37198.62696738139,37380.52734375,459538,0.0,0.0
2019-12-10 00:00:00+07:00,37380.524456521736,37789.80027173913,37244.09918478261,37653.375,698818,0.0,0.0
2019-12-11 00:00:00+07:00,37744.32093489893,38380.9721313912,37562.42059304399,38244.546875,1864315,0.0,0.0
2019-12-12 00:00:00+07:00,38244.549307105655,38426.44966052828,38108.12404203869,38199.07421875,441559,0.0,0.0
2019-12-13 00:00:00+07:00,38199.078592814374,38290.02877994012,37698.85256362276,37971.703125,698198,0.0,0.0
2019-12-16 00:00:00+07:00,37880.75440154007,38062.65478281998,37516.95363898027,38017.1796875,609178,0.0,0.0
2019-12-17 00:00:00+07:00,38108.12884922445,38108.12884922445,37289.57715556569,37380.52734375,756398,0.0,0.0
2019-12-18 00:00:00+07:00,37289.573644159456,37607.89927282911,36743.87256644005,36789.34765625,675358,0.0,0.0
2019-12-19 00:00:00+07:00,36834.823763420245,37198.62449194785,36789.348672354296,37062.19921875,515578,0.0,0.0
2019-12-20 00:00:00+07:00,37244.09918478261,37653.375,37107.67391304347,37653.375,402278,0.0,0.0
2019-12-23 00:00:00+07:00,37607.89670343861,38608.34861090614,37607.89670343861,38517.3984375,2002999,0.0,0.0
2019-12-24 00:00:00+07:00,38653.828587278105,38653.828587278105,38244.552755177516,38426.453125,815158,0.0,0.0
2019-12-25 00:00:00+07:00,38517.40239400585,39017.628399122805,38335.502028508774,38881.203125,1444658,0.0,0.0
2019-12-26 00:00:00+07:00,38881.2006927205,39426.901755074476,38653.825250073016,38926.67578125,2320498,0.0,0.0
2019-12-27 00:00:00+07:00,38926.67344653179,39335.94921875,38653.82293171965,39335.94921875,1349138,0.0,0.0
2019-12-30 00:00:00+07:00,39563.32464776012,39972.60041997833,39335.94921875,39335.94921875,1483918,0.0,0.0
2019-12-31 00:00:00+07:00,39244.999477652615,39517.84999545785,38926.67387354651,39108.57421875,748099,0.0,0.0
2020-01-02 00:00:00+07:00,39335.95464012443,39836.180652889016,39108.57917977689,39745.23046875,1303579,0.0,0.0
2020-01-03 00:00:00+07:00,39972.608861967165,40109.034148185485,39154.05714465726,39472.3828125,1319738,0.0,0.0
2020-01-06 00:00:00+07:00,39426.90078671328,39927.12674825175,39017.625,39017.625,1536739,0.0,0.0
2020-01-07 00:00:00+07:00,39108.579635356735,39563.330561349256,38653.828709364214,39517.85546875,1810345,0.0,0.0
2020-01-08 00:00:00+07:00,39563.33146665688,39608.80656029671,38244.553751101645,38699.3046875,2177758,0.0,0.0
2020-01-09 00:00:00+07:00,39154.05225402407,39608.803151283355,38926.67680539443,39199.52734375,2885858,0.0,0.0
2020-01-10 00:00:00+07:00,39335.95517743644,40336.407216631356,39335.95517743644,40245.45703125,3331718,0.0,0.0
2020-01-13 00:00:00+07:00,40199.98147823034,40654.73239992977,40063.55620172051,40472.83203125,1782724,0.0,0.0
2020-01-14 00:00:00+07:00,40427.3515625,40472.826648622045,40199.976131889765,40427.3515625,971119,0.0,0.0
2020-01-15 00:00:00+07:00,40290.930755208334,41200.432578125,40245.4556640625,40927.58203125,2351479,0.0,0.0
2020-01-16 00:00:00+07:00,41064.009750417135,41200.43503197998,40745.68409343716,40882.109375,1258579,0.0,0.0
2020-01-17 00:00:00+07:00,40927.58062293274,41336.85642916207,40791.155354189636,41245.90625,1476478,0.0,0.0
2020-01-20 00:00:00+07:00,41382.33113960597,42018.98238790761,41382.33113960597,41837.08203125,1637918,0.0,0.0
2020-01-21 00:00:00+07:00,42018.98725961538,42064.46235405219,41382.3359375,41382.3359375,1444838,0.0,0.0
2020-01-22 00:00:00+07:00,41382.33254038883,41791.60835672234,41109.48199616648,41518.7578125,1592779,0.0,0.0
2020-01-30 00:00:00+07:00,41200.43393671607,41291.38412200684,38744.77893386545,39881.65625,2596579,0.0,0.0
2020-01-31 00:00:00+07:00,39563.327402135226,40154.50355871886,38199.07473309608,38335.5,4675399,0.0,0.0
2020-02-03 00:00:00+07:00,36380.07246376811,38199.07608695652,36198.17210144927,37653.375,2906218,0.0,0.0
2020-02-04 00:00:00+07:00,37744.323335193454,38380.97457217262,37516.94789341518,38199.07421875,1625059,0.0,0.0
2020-02-05 00:00:00+07:00,38335.50384012243,38608.35440126209,37562.42725022673,37607.90234375,1297718,0.0,0.0
2020-02-06 00:00:00+07:00,37607.89661706645,38199.07274284863,37562.42153046782,38153.59765625,1773679,0.0,0.0
2020-02-07 00:00:00+07:00,38199.077065677964,38199.077065677964,37426.000506015436,37562.42578125,1906678,0.0,0.0
2020-02-10 00:00:00+07:00,37289.574674079755,37471.47503834355,36834.823763420245,37062.19921875,1181839,0.0,0.0
2020-02-11 00:00:00+07:00,37289.574674079755,37380.524856211654,37062.19921875,37062.19921875,810499,0.0,0.0
2020-02-12 00:00:00+07:00,37380.523948863636,38153.6004782197,37153.14849905303,37516.94921875,1245218,0.0,0.0
2020-02-13 00:00:00+07:00,37516.94921875,37744.32466856061,37244.09867897727,37516.94921875,769399,0.0,0.0
2020-02-14 00:00:00+07:00,37516.952156703446,37653.37743727328,37380.52687613362,37607.90234375,594379,0.0,0.0
2020-02-17 00:00:00+07:00,37516.94774442506,37744.32318530037,37380.522479899875,37471.47265625,686438,0.0,0.0
2020-02-18 00:00:00+07:00,37562.42632728495,38335.502898185485,37471.47614247312,38062.65234375,1319779,0.0,0.0
2020-02-19 00:00:00+07:00,38062.65148026316,38881.203125,38062.65148026316,38881.203125,1384898,0.0,0.0
2020-02-20 00:00:00+07:00,39290.47596717468,39290.47596717468,38517.399472450175,38790.25,879859,0.0,0.0
2020-02-21 00:00:00+07:00,38744.77625298329,38881.201521479714,37971.69973150358,38108.125,1364059,0.0,0.0
2020-02-24 00:00:00+07:00,37335.045301916565,37607.895815694275,36925.76953125,36925.76953125,2800399,0.0,0.0
2020-02-25 00:00:00+07:00,36834.82243034639,37744.32421875,36834.82243034639,37744.32421875,1550818,0.0,0.0
2020-02-26 00:00:00+07:00,37289.5733245482,38108.124934111445,37198.62314570783,37744.32421875,1464478,0.0,0.0
2020-02-27 00:00:00+07:00,37744.32765718563,38017.178218562876,37653.37747005988,37971.703125,910999,0.0,0.0
2020-02-28 00:00:00+07:00,37289.57370716034,37516.949156594244,37107.67334761322,37153.1484375,911779,0.0,0.0
2020-03-02 00:00:00+07:00,37153.15087411918,37471.476524203434,37016.72559551164,37107.67578125,1030238,0.0,0.0
2020-03-03 00:00:00+07:00,37562.42476181402,37562.42476181402,37107.67385670731,37289.57421875,780319,0.0,0.0
2020-03-04 00:00:00+07:00,37198.62696738139,37380.52734375,37107.67677919708,37380.52734375,2281024,0.0,0.0
2020-03-05 00:00:00+07:00,37562.42424648103,37607.89933636781,37153.1484375,37153.1484375,636898,0.0,0.0
2020-03-06 00:00:00+07:00,37062.19916550496,37153.149347506194,36471.0229824969,36698.3984375,1341679,0.0,0.0
2020-03-09 00:00:00+07:00,34197.268059254326,35470.5705933755,34151.79296875,34151.79296875,2491558,0.0,0.0
2020-03-10 00:00:00+07:00,32287.31322082768,34242.74204969471,32287.31322082768,33515.140625,1306939,0.0,0.0
2020-03-11 00:00:00+07:00,33878.93820893313,33878.93820893313,31195.908203125,31195.908203125,3120778,0.0,0.0
2020-03-12 00:00:00+07:00,29013.107421875,29104.05760188088,29013.107421875,29013.107421875,1132658,0.0,0.0
2020-03-13 00:00:00+07:00,27012.204241071428,28512.882254464283,27012.204241071428,28012.65625,3216458,0.0,0.0
2020-03-16 00:00:00+07:00,27512.429442081153,27512.429442081153,26057.2265625,26057.2265625,2216078,0.0,0.0
2020-03-17 00:00:00+07:00,24238.224311266447,25920.802734375,24238.224311266447,25920.802734375,2863898,0.0,0.0
2020-03-18 00:00:00+07:00,25920.800815276565,26602.927152520686,25920.800815276565,26102.701171875,3551419,0.0,0.0
2020-03-19 00:00:00+07:00,25693.42611873851,25693.42611873851,24556.548856847425,24738.44921875,1174438,0.0,0.0
2020-03-20 00:00:00+07:00,24556.547940340908,25056.773916903407,24283.697407670454,25011.298828125,3026144,0.0,0.0
2020-03-23 00:00:00+07:00,24101.7977142334,24101.7977142334,23283.24609375,23283.24609375,3485395,0.0,0.0
2020-03-24 00:00:00+07:00,23419.670400656614,23874.421282222764,22873.969342777236,23374.1953125,1880899,0.0,0.0
2020-03-25 00:00:00+07:00,24511.073322233606,24965.82421875,24101.797515368853,24965.82421875,3145639,0.0,0.0
2020-03-26 00:00:00+07:00,25011.298719214683,25647.94995934015,24465.59765625,24465.59765625,2483839,0.0,0.0
2020-03-27 00:00:00+07:00,24602.024269177506,24783.924633459777,23237.771537060453,23601.572265625,3212239,0.0,0.0
2020-03-30 00:00:00+07:00,21964.466796875,22737.543267986544,21964.466796875,21964.466796875,3734620,0.0,0.0
2020-03-31 00:00:00+07:00,21964.467642257463,22646.593966551172,20463.7897288113,21327.81640625,1311739,0.0,0.0
2020-04-01 00:00:00+07:00,20509.266324266973,22328.269989390432,20509.266324266973,22100.89453125,1091239,0.0,0.0
2020-04-03 00:00:00+07:00,22510.17007993136,23647.04735669557,22373.744806719653,23601.572265625,1916138,0.0,0.0
2020-04-06 00:00:00+07:00,24829.398036317565,25238.673828125,24147.271716638512,25238.673828125,2634878,0.0,0.0
2020-04-07 00:00:00+07:00,25466.051809210527,26057.22801192434,25011.300884046053,25920.802734375,2769979,0.0,0.0
2020-04-08 00:00:00+07:00,24692.975196702624,25693.427230454847,24692.975196702624,25557.001953125,2027719,0.0,0.0
2020-04-09 00:00:00+07:00,25556.99920528017,27239.57744477371,25556.99920528017,26375.55078125,2689459,0.0,0.0
2020-04-10 00:00:00+07:00,26375.548773871527,26739.349446614586,25511.522176106773,26193.6484375,1895918,0.0,0.0
2020-04-13 00:00:00+07:00,26193.6484375,27012.199951171875,25784.372680664062,26193.6484375,1641298,0.0,0.0
2020-04-14 00:00:00+07:00,26557.45355978261,26557.45355978261,25693.426817255437,26148.177734375,1480759,0.0,0.0
2020-04-15 00:00:00+07:00,26284.602631440033,27012.204088365706,26284.602631440033,26921.25390625,1595698,0.0,0.0
2020-04-16 00:00:00+07:00,26739.354502118644,27057.68015095339,26148.17829713983,26830.3046875,1243519,0.0,0.0
2020-04-17 00:00:00+07:00,27194.105952941794,27512.43160790934,27012.205578674624,27148.630859375,2477138,0.0,0.0
2020-04-20 00:00:00+07:00,27739.804622612126,27830.754801702657,27057.678279433138,27376.00390625,2976638,0.0,0.0
2020-04-21 00:00:00+07:00,27057.679593048357,27376.005235319517,25875.327207469774,26330.078125,2629778,0.0,0.0
2020-04-22 00:00:00+07:00,25557.00301605017,26784.83056308461,25557.00301605017,26739.35546875,2206219,0.0,0.0
2020-04-23 00:00:00+07:00,27512.4291087963,27557.904198232325,26830.302767255893,27012.203125,1535338,0.0,0.0
2020-04-24 00:00:00+07:00,27103.154779411765,27148.629871323526,26875.77931985294,27057.6796875,868279,0.0,0.0
2020-04-27 00:00:00+07:00,27285.052532327587,27376.002707435346,26375.55078125,26375.55078125,1864939,0.0,0.0
2020-04-28 00:00:00+07:00,26375.552679742133,26557.453043050697,25920.801771470717,26011.751953125,1662838,0.0,0.0
2020-04-29 00:00:00+07:00,26011.749478251317,26102.699651252195,25784.37404574912,25875.32421875,2781205,0.0,0.0
2020-05-04 00:00:00+07:00,25829.851050884958,26375.55212942478,25557.000511615046,25693.42578125,548978,0.0,0.0
2020-05-05 00:00:00+07:00,25829.85150669643,25966.27677873884,25329.625509207588,25466.05078125,1884118,0.0,0.0
2020-05-06 00:00:00+07:00,25466.05033185841,25829.851050884958,25466.05033185841,25693.42578125,2250478,0.0,0.0
2020-05-07 00:00:00+07:00,25920.80227581522,26193.652826086956,25829.852092391306,26148.177734375,2003899,0.0,0.0
2020-05-08 00:00:00+07:00,26375.551774591924,27057.67811358999,26330.076685325384,26466.501953125,3037918,0.0,0.0
2020-05-11 00:00:00+07:00,26739.35501727387,27239.581046508585,26511.979549439908,27148.630859375,2463679,0.0,0.0
2020-05-12 00:00:00+07:00,27148.628731754507,29013.107421875,26693.87783172512,29013.107421875,6362698,0.0,0.0
2020-05-13 00:00:00+07:00,29104.05816640986,29786.18452968509,28194.556348709553,29513.333984375,3321859,0.0,0.0
2020-05-14 00:00:00+07:00,29013.108386153694,29513.334392811517,28785.732928581958,28922.158203125,2801558,0.0,0.0
2020-05-15 00:00:00+07:00,29013.10828503024,29058.58337638609,27967.181183845765,28194.556640625,2762119,0.0,0.0
2020-05-18 00:00:00+07:00,28103.605124261812,29104.05708661417,27967.179856668306,28876.681640625,1571618,0.0,0.0
2020-05-19 00:00:00+07:00,29240.484375,29695.235298405907,28876.68363627527,29240.484375,2154818,0.0,0.0
2020-05-20 00:00:00+07:00,28922.156286621095,29285.956994628905,28831.20610961914,29104.056640625,1722938,0.0,0.0
2020-05-21 00:00:00+07:00,28922.156286621095,29104.056640625,28649.305755615234,29104.056640625,2761598,0.0,0.0
2020-05-22 00:00:00+07:00,28922.15621291535,28967.631301300436,28558.355505834654,28740.255859375,1771279,0.0,0.0
2020-05-25 00:00:00+07:00,28876.681198120117,29240.48190612793,28876.681198120117,29104.056640625,1818698,0.0,0.0
2020-05-26 00:00:00+07:00,29285.957992601245,29467.858352803738,29058.58254234813,29195.0078125,2496098,0.0,0.0
2020-05-27 00:00:00+07:00,29331.43298921131,29558.808438740078,28649.306640625,28649.306640625,2936798,0.0,0.0
2020-05-28 00:00:00+07:00,28421.930681195176,28694.78121573465,28285.50541392544,28512.880859375,2392699,0.0,0.0
2020-05-29 00:00:00+07:00,28421.932649687995,29104.059033280508,28240.032280729993,28694.783203125,1928059,0.0,0.0
2020-06-01 00:00:00+07:00,28831.20658499609,29240.48238825313,28785.731495745305,29058.58203125,1460158,0.0,0.0
2020-06-02 00:00:00+07:00,29104.056566455696,29104.056566455696,28740.255859375,28740.255859375,2042438,0.0,0.0
2020-06-03 00:00:00+07:00,28785.735841384067,29013.11132196372,28694.785649152207,28831.2109375,1885699,0.0,0.0
2020-06-04 00:00:00+07:00,29013.109859448585,29104.06004709576,28831.20948415424,28967.634765625,2561959,0.0,0.0
2020-06-05 00:00:00+07:00,28922.15967180141,28967.634765625,28831.20948415424,28967.634765625,1512199,0.0,0.0
2020-06-08 00:00:00+07:00,29149.535230120084,30104.512203337745,29149.535230120084,30059.037109375,5182411,0.0,0.0
2020-06-09 00:00:00+07:00,30286.41156369275,30331.886656130726,29467.859899809162,29786.185546875,1482478,0.0,0.0
2020-06-10 00:00:00+07:00,29786.184044471152,29831.659134615384,29104.05769230769,29558.80859375,2084078,0.0,0.0
2020-06-11 00:00:00+07:00,29376.90839359504,29558.80875516529,27512.4296875,27512.4296875,4001338,0.0,0.0
2020-06-12 00:00:00+07:00,25920.80238970588,27285.05514705882,25920.80238970588,27057.6796875,2651359,0.0,0.0
2020-06-15 00:00:00+07:00,27103.154132976397,27194.10431463068,25920.801771470717,26011.751953125,1664018,0.0,0.0
2020-06-16 00:00:00+07:00,26739.35546875,26739.35546875,26148.179242400085,26739.35546875,1123399,0.0,0.0
2020-06-17 00:00:00+07:00,26739.353974592625,26830.30415817967,26421.02833203795,26511.978515625,595258,0.0,0.0
2020-06-18 00:00:00+07:00,26375.551774591924,26466.501953125,26102.701238992697,26466.501953125,601418,0.0,0.0
2020-06-19 00:00:00+07:00,26421.02837814615,26921.254388747886,26421.02837814615,26875.779296875,5162998,0.0,0.0
2020-06-22 00:00:00+07:00,27012.204572493658,27103.154756239426,26739.354021256346,26875.779296875,901838,0.0,0.0
2020-06-23 00:00:00+07:00,27057.680190478677,27512.43111804975,26875.77981945025,27194.10546875,3027158,0.0,0.0
2020-06-24 00:00:00+07:00,27739.80562525869,27739.80562525869,27103.15434861341,27466.955078125,757418,0.0,0.0
2020-06-25 00:00:00+07:00,26830.303750262163,27285.054661283557,26830.303750262163,27103.154296875,645238,0.0,0.0
2020-06-26 00:00:00+07:00,27466.955025692114,27466.955025692114,26830.303750262163,27103.154296875,804418,0.0,0.0
2020-06-29 00:00:00+07:00,26830.30411005435,26830.30411005435,25920.80227581522,26148.177734375,1223798,0.0,0.0
2020-06-30 00:00:00+07:00,26193.651350174216,26511.97697422147,25647.95028037892,26102.701171875,804958,0.0,0.0
2020-07-01 00:00:00+07:00,26102.703184993603,26921.254852815702,26102.703184993603,26648.404296875,698978,0.0,0.0
2020-07-02 00:00:00+07:00,26602.92677611265,26830.302218643526,26375.551333581774,26693.876953125,582158,0.0,0.0
2020-07-03 00:00:00+07:00,26693.879389531783,26784.82957484535,26648.404296875,26648.404296875,499298,0.0,0.0
2020-07-06 00:00:00+07:00,26875.77931985294,27194.10496323529,26739.354044117645,27057.6796875,1979479,0.0,0.0
2020-07-07 00:00:00+07:00,27285.053661616163,27285.053661616163,27012.203125,27012.203125,750319,0.0,0.0
2020-07-08 00:00:00+07:00,27012.204088365706,27057.67917942356,26830.30372413429,26921.25390625,557198,0.0,0.0
2020-07-09 00:00:00+07:00,27103.153400886964,27603.379386473804,26966.728132090553,27557.904296875,1772558,0.0,0.0
2020-07-10 00:00:00+07:00,27330.532221671536,27512.432602514607,27103.156745617696,27239.58203125,656138,0.0,0.0
2020-07-13 00:00:00+07:00,27285.054147344013,27466.954508326307,26966.728515625,26966.728515625,877018,0.0,0.0
2020-07-14 00:00:00+07:00,26875.778335133855,27012.203605870574,26648.402883905987,26966.728515625,650779,0.0,0.0
2020-07-15 00:00:00+07:00,27239.578637614202,27466.95408534053,27148.62845852367,27376.00390625,2940019,0.0,0.0
2020-07-16 00:00:00+07:00,27512.4296875,27512.4296875,27148.628964359505,27512.4296875,879679,0.0,0.0
2020-07-17 00:00:00+07:00,27421.47998693605,27466.955078125,27285.054713369205,27466.955078125,617518,0.0,0.0
2020-07-20 00:00:00+07:00,27421.478929924244,27466.95401936027,27012.203125,27012.203125,707318,0.0,0.0
2020-07-21 00:00:00+07:00,27194.10348274411,27194.10348274411,26830.302767255893,27012.203125,425158,0.0,0.0
2020-07-22 00:00:00+07:00,27012.20503812927,27012.20503812927,26602.929204218217,26648.404296875,1512998,0.0,0.0
2020-07-23 00:00:00+07:00,26648.404316737287,27057.68015095339,26648.404316737287,26830.3046875,1414699,0.0,0.0
2020-07-24 00:00:00+07:00,26830.303501674105,26830.303501674105,24965.82478376116,25466.05078125,1912699,0.0,0.0
2020-07-27 00:00:00+07:00,23874.4218412608,24556.548179582536,23692.521484375,23692.521484375,2131879,0.0,0.0
2020-07-28 00:00:00+07:00,23692.52211009838,24602.023918547453,23647.047019675923,24556.548828125,1559078,0.0,0.0
2020-07-29 00:00:00+07:00,23874.422785194172,23874.422785194172,22873.970782766988,23419.671875,2022679,0.0,0.0
2020-07-30 00:00:00+07:00,23419.671875,23692.522421116504,23328.721692961164,23419.671875,677959,0.0,0.0
2020-07-31 00:00:00+07:00,22737.546935562015,23510.623531371122,22646.596747819767,23465.1484375,880898,0.0,0.0
2020-08-03 00:00:00+07:00,23874.42432750355,24101.7997972893,23465.148481889206,24010.849609375,1238518,0.0,0.0
2020-08-04 00:00:00+07:00,24329.171875,24556.547313084113,24101.796436915887,24329.171875,762499,0.0,0.0
2020-08-05 00:00:00+07:00,24329.17296362705,25011.299308401638,24147.27260502049,24965.82421875,1133539,0.0,0.0
2020-08-06 00:00:00+07:00,25193.200209363757,25647.951115669963,24920.349665580034,25284.150390625,1658479,0.0,0.0
2020-08-07 00:00:00+07:00,25284.15036231884,25647.95108695652,25056.774909420288,25102.25,953779,0.0,0.0
2020-08-10 00:00:00+07:00,25375.100057922697,25466.050237341773,25102.24951966546,25147.724609375,697538,0.0,0.0
2020-08-11 00:00:00+07:00,25147.72557353108,25238.675756437162,24829.3999333598,25056.775390625,3751099,0.0,0.0
2020-08-12 00:00:00+07:00,24874.87352621337,25011.298792353482,24692.973171359892,24829.3984375,1386278,0.0,0.0
2020-08-13 00:00:00+07:00,24965.82478376116,25466.05078125,24920.349693080356,25466.05078125,5492698,0.0,0.0
2020-08-14 00:00:00+07:00,25466.05033185841,26057.22650027655,25375.10015210177,25693.42578125,1162798,0.0,0.0
2020-08-17 00:00:00+07:00,25647.949658989266,25693.42474703712,25193.19877851073,25420.57421875,607058,0.0,0.0
2020-08-18 00:00:00+07:00,25420.575147632233,25511.525327051313,25011.299340246384,25147.724609375,837559,0.0,0.0
2020-08-19 00:00:00+07:00,25056.774937471895,25466.05075314748,25056.774937471895,25284.150390625,1326598,0.0,0.0
2020-08-20 00:00:00+07:00,25329.625481255618,25557.000934408723,25011.299846841277,25284.150390625,1337378,0.0,0.0
2020-08-21 00:00:00+07:00,25466.051287744227,25693.426745670517,25375.10110457371,25602.4765625,1685218,0.0,0.0
2020-08-24 00:00:00+07:00,26375.5537409343,26739.354482188566,26102.703184993603,26648.404296875,5199200,0.0,0.0
2020-08-25 00:00:00+07:00,26830.305204407454,27148.630859375,26739.35501727387,27148.630859375,2295458,0.0,0.0
2020-08-26 00:00:00+07:00,27103.15524364407,27194.10542902542,26648.404316737287,26830.3046875,1202678,0.0,0.0
2020-08-27 00:00:00+07:00,26602.930185746176,26830.30565741922,26557.455091411564,26739.35546875,1210699,0.0,0.0
2020-08-28 00:00:00+07:00,27057.679282740544,28103.60638106497,26875.778917814558,27648.85546875,2508058,0.0,0.0
2020-08-31 00:00:00+07:00,27648.85541666667,28012.656145833334,27285.0546875,27285.0546875,1276958,0.0,0.0
2020-09-01 00:00:00+07:00,27466.954149590165,27785.279777151638,27194.103611680326,27739.8046875,1793098,0.0,0.0
2020-09-03 00:00:00+07:00,27876.228038477202,27967.1782115228,27421.477173249186,27921.703125,1389398,0.0,0.0
2020-09-04 00:00:00+07:00,27330.528848880982,27648.854476072607,27285.05375928218,27557.904296875,1454018,0.0,0.0
2020-09-07 00:00:00+07:00,27603.381761327462,27739.807041861204,26784.830078125,26784.830078125,2006359,0.0,0.0
2020-09-08 00:00:00+07:00,26830.304726693143,27194.10546875,26511.979077393393,27194.10546875,1021459,0.0,0.0
2020-09-09 00:00:00+07:00,26830.304227941175,27103.154779411765,26739.354044117645,27057.6796875,696919,0.0,0.0
2020-09-10 00:00:00+07:00,27103.155283235785,27285.05565426421,27057.680190478677,27194.10546875,589358,0.0,0.0
2020-09-11 00:00:00+07:00,27103.154779411765,27103.154779411765,26830.304227941175,27057.6796875,698839,0.0,0.0
2020-09-14 00:00:00+07:00,27285.0546875,27285.0546875,27103.154322916667,27285.0546875,1899178,0.0,0.0
2020-09-15 00:00:00+07:00,27285.057126460768,27421.48241209307,27148.631840828464,27239.58203125,625999,0.0,0.0
2020-09-16 00:00:00+07:00,27648.85595140033,27739.80613545099,27376.00539924835,27603.380859375,1379038,0.0,0.0
2020-09-17 00:00:00+07:00,27694.331489078177,27739.806581835284,27194.10546875,27194.10546875,1387198,0.0,0.0
2020-09-18 00:00:00+07:00,27194.104530991306,27466.955078125,27194.104530991306,27466.955078125,537799,0.0,0.0
2020-09-21 00:00:00+07:00,27466.954149590165,28012.655225409835,27466.954149590165,27739.8046875,2015578,0.0,0.0
2020-09-22 00:00:00+07:00,27739.80516856527,27785.280259005543,27466.954625923645,27694.330078125,1189858,0.0,0.0
2020-09-23 00:00:00+07:00,27648.858438485804,28831.2109375,27603.38334236987,28831.2109375,4965218,0.0,0.0
2020-09-24 00:00:00+07:00,28558.35591392456,28785.731359099118,28285.50537971509,28330.98046875,1188938,0.0,0.0
2020-09-25 00:00:00+07:00,28421.932097404235,28558.357371471775,28058.13136655746,28194.556640625,1120778,0.0,0.0
2020-09-28 00:00:00+07:00,28194.556640625,28240.03173198085,28012.656275201614,28194.556640625,1270378,0.0,0.0
2020-09-29 00:00:00+07:00,28421.932019685446,28467.40711091694,27648.85546875,27648.85546875,1993459,0.0,0.0
2020-09-30 00:00:00+07:00,27739.80516856527,27876.230439886083,27557.90480680419,27694.330078125,916939,0.0,0.0
2020-10-01 00:00:00+07:00,27785.28225030389,28058.1328125,27785.28225030389,28058.1328125,976639,0.0,0.0
2020-10-02 00:00:00+07:00,28103.605404713115,28194.555584016394,26102.701460040982,27739.8046875,2005918,0.0,0.0
2020-10-05 00:00:00+07:00,27739.803730085787,27967.179170496325,27648.85355392157,27830.75390625,1627618,0.0,0.0
2020-10-06 00:00:00+07:00,28103.604918934125,28103.604918934125,27694.329119143822,27785.279296875,929878,0.0,0.0
2020-10-07 00:00:00+07:00,27694.329119143822,27921.70456347177,27603.378941412644,27785.279296875,2359178,0.0,0.0
2020-10-08 00:00:00+07:00,27830.755958897294,28694.782696183323,27785.280867461188,28558.357421875,5627998,0.0,0.0
2020-10-09 00:00:00+07:00,28649.305682604827,29149.531654840783,28285.50497552413,28740.255859375,1645579,0.0,0.0
2020-10-12 00:00:00+07:00,28831.207919606855,29013.10828503024,28103.606457913305,28194.556640625,1104818,0.0,0.0
2020-10-13 00:00:00+07:00,28194.558125,28467.4086875,28194.558125,28421.93359375,2923778,0.0,0.0
2020-10-14 00:00:00+07:00,28376.458515500795,28876.684547024048,28240.033234176273,28603.833984375,1927918,0.0,0.0
2020-10-15 00:00:00+07:00,28740.256971153845,29604.28368389423,28740.256971153845,29558.80859375,5834458,0.0,0.0
2020-10-16 00:00:00+07:00,29558.811146292217,31286.864720998532,29104.06020558003,30968.5390625,6936859,0.0,0.0
2020-10-19 00:00:00+07:00,31286.861712962964,31514.23716145833,30559.260277777776,30695.685546875,1698038,0.0,0.0
2020-10-20 00:00:00+07:00,30604.737779850748,30650.21287313433,30149.986847014927,30468.3125,1995158,0.0,0.0
2020-10-21 00:00:00+07:00,30468.3125,31104.96380597015,30331.887220149256,30468.3125,2386738,0.0,0.0
2020-10-22 00:00:00+07:00,30559.262738269797,31014.013671875,30195.461991385633,31014.013671875,2072959,0.0,0.0
2020-10-23 00:00:00+07:00,31150.434024586397,31286.859283088233,30786.63333524816,30923.05859375,3234358,0.0,0.0
2020-10-26 00:00:00+07:00,31241.387228260868,32287.3143115942,30968.536684782608,31377.8125,3595699,0.0,0.0
2020-10-27 00:00:00+07:00,31605.189937184798,31832.56540435879,31241.38918970641,31559.71484375,2373598,0.0,0.0
2020-10-28 00:00:00+07:00,31423.28839074337,31741.614032907197,30013.560546875,30013.560546875,3881858,0.0,0.0
2020-10-29 00:00:00+07:00,30013.56059365644,31014.012613444986,29740.710042805018,30377.361328125,3914458,0.0,0.0
2020-10-30 00:00:00+07:00,30695.683804518885,31605.185546875,30286.408020458635,31605.185546875,3083179,0.0,0.0
2020-11-02 00:00:00+07:00,31787.0861013986,32878.4881993007,31605.18575174825,32514.6875,3206938,0.0,0.0
2020-11-03 00:00:00+07:00,33105.866087147886,33105.866087147886,32105.414090008802,32287.314453125,2136098,0.0,0.0
2020-11-04 00:00:00+07:00,32287.314984309625,32833.016082635986,32105.414618200837,32605.640625,3758198,0.0,0.0
2020-11-05 00:00:00+07:00,33196.81834323347,33378.71871771694,32696.592313403926,33014.91796875,3015518,0.0,0.0
2020-11-06 00:00:00+07:00,33424.19237082196,34106.318745736695,33242.29200417804,33333.2421875,3336379,0.0,0.0
2020-11-09 00:00:00+07:00,33878.94185494088,34060.842213893586,33196.81550886825,33651.56640625,3252218,0.0,0.0
2020-11-10 00:00:00+07:00,33560.61713398973,33651.56731592466,33196.81640625,33196.81640625,2462198,0.0,0.0
2020-11-11 00:00:00+07:00,33196.811869784426,33242.28695453755,32560.16068324061,32696.5859375,3419558,0.0,0.0
2020-11-12 00:00:00+07:00,32696.591398819633,33469.66796875,32514.69102942425,33469.66796875,1779218,0.0,0.0
2020-11-13 00:00:00+07:00,33424.19191438008,33878.942824779806,33424.19191438008,33560.6171875,1262359,0.0,0.0
2020-11-16 00:00:00+07:00,33606.09066184119,33697.04083954577,32787.5390625,32787.5390625,2819138,0.0,0.0
2020-11-17 00:00:00+07:00,33196.81550886825,33651.56640625,32923.96497043919,33651.56640625,2675539,0.0,0.0
2020-11-18 00:00:00+07:00,33515.13767006803,33651.56292517007,33242.28715986395,33424.1875,1799338,0.0,0.0
2020-11-19 00:00:00+07:00,33878.94185494088,33878.94185494088,33424.19095755912,33651.56640625,2646038,0.0,0.0
2020-11-20 00:00:00+07:00,33651.56833814538,33697.043430494225,33378.71778405231,33469.66796875,1292918,0.0,0.0
2020-11-23 00:00:00+07:00,33651.5633148631,34924.865710560625,33378.71280149935,34879.390625,4419898,0.0,0.0
2020-11-24 00:00:00+07:00,35015.82767210145,35061.30277297431,33651.57464591568,34515.6015625,3060547,0.0,0.0
2020-11-25 00:00:00+07:00,35243.19571747867,35243.19571747867,34515.59425750492,34652.01953125,2183299,0.0,0.0
2020-11-26 00:00:00+07:00,34515.59425750492,34788.44480499508,34106.318436269685,34652.01953125,1933058,0.0,0.0
2020-11-27 00:00:00+07:00,34652.01497065355,35879.84227276332,34561.0648001269,35834.3671875,2509999,0.0,0.0
2020-11-30 00:00:00+07:00,36289.120426829264,36289.120426829264,35425.09375,35425.09375,2445619,0.0,0.0
2020-12-01 00:00:00+07:00,35015.81555488782,35470.56640625,34833.915214342946,35470.56640625,2181218,0.0,0.0
2020-12-02 00:00:00+07:00,35470.56331168831,35470.56331168831,34833.91217532467,35015.8125,2305519,0.0,0.0
2020-12-03 00:00:00+07:00,35015.819858870964,35243.1953125,34561.0689516129,35243.1953125,1941958,0.0,0.0
2020-12-04 00:00:00+07:00,35243.194416799364,35697.9453125,35197.7193272293,35697.9453125,2008879,0.0,0.0
2020-12-07 00:00:00+07:00,35561.52004378981,36152.696208200636,35379.619685509555,35697.9453125,1189099,0.0,0.0
2020-12-08 00:00:00+07:00,35606.99513335987,35788.89549164013,35470.56986464968,35697.9453125,1455878,0.0,0.0
2020-12-09 00:00:00+07:00,35697.94774892379,35879.84811961894,35470.572285554845,35652.47265625,1332859,0.0,0.0
2020-12-10 00:00:00+07:00,35697.946409460616,35834.37168236302,33196.81640625,33196.81640625,1928818,0.0,0.0
2020-12-11 00:00:00+07:00,34561.06750645995,35470.56928294573,34561.06750645995,35197.71875,2178358,0.0,0.0
2020-12-14 00:00:00+07:00,35243.192881161405,35470.56831910438,35243.192881161405,35288.66796875,1229947,0.0,0.0
2020-12-15 00:00:00+07:00,35425.093674002914,35925.31964372568,34652.017175340465,35061.29296875,1735598,0.0,0.0
2020-12-16 00:00:00+07:00,35106.767618395614,35288.66796875,35015.817443218424,35288.66796875,1538578,0.0,0.0
2020-12-17 00:00:00+07:00,34788.44675028859,35243.19768820085,34106.320343420186,34470.12109375,2811818,0.0,0.0
2020-12-18 00:00:00+07:00,34470.115883732215,35243.19236133571,34470.115883732215,35152.2421875,1165478,0.0,0.0
2020-12-21 00:00:00+07:00,35152.2421875,35197.71727441785,34788.44149215718,35152.2421875,1352578,0.0,0.0
2020-12-22 00:00:00+07:00,35379.62063976692,35788.89645693646,35015.819913394,35606.99609375,1994158,0.0,0.0
2020-12-23 00:00:00+07:00,35652.46674679487,35879.84217247596,35470.56640625,35470.56640625,1011278,0.0,0.0
2020-12-24 00:00:00+07:00,35470.565771293885,35470.565771293885,34561.064084850455,34970.33984375,1274858,0.0,0.0
2020-12-25 00:00:00+07:00,34788.44730333012,35334.1484375,34652.02201978765,35334.1484375,1143238,0.0,0.0
2020-12-28 00:00:00+07:00,35697.94673341099,35697.94673341099,35152.24563684929,35379.62109375,1470898,0.0,0.0
2020-12-29 00:00:00+07:00,35470.56986464968,35834.37058121019,35197.7193272293,35697.9453125,2007319,0.0,0.0
2020-12-30 00:00:00+07:00,35925.32139109142,36971.248469566235,35925.32139109142,36561.97265625,3240398,0.0,0.0
2020-12-31 00:00:00+07:00,36698.39894386574,36925.77440200617,36561.97366898148,36834.82421875,1363958,0.0,0.0
2021-01-04 00:00:00+07:00,37062.198257726435,37335.04879704712,36652.92244874541,37153.1484375,1933699,0.0,0.0
2021-01-05 00:00:00+07:00,36834.828615083024,37198.629391528295,36652.92822686039,36971.25390625,1069399,0.0,0.0
2021-01-06 00:00:00+07:00,37289.57021628695,37380.52038754618,36834.81935999077,36925.76953125,1443799,0.0,0.0
2021-01-07 00:00:00+07:00,36925.77540977328,37107.67578125,36743.87503829657,37107.67578125,1392799,0.0,0.0
2021-01-08 00:00:00+07:00,37289.57230354976,37744.32318530037,36743.87124544903,37471.47265625,19593919,0.0,0.0
2021-01-11 00:00:00+07:00,37744.327624319834,37744.327624319834,37380.52687613362,37607.90234375,1657999,0.0,0.0
2021-01-12 00:00:00+07:00,37698.8515625,37744.32665485525,37380.52591601327,37698.8515625,1465399,0.0,0.0
2021-01-13 00:00:00+07:00,37971.703091936215,38108.12837250605,37607.90234375,37607.90234375,1345579,0.0,0.0
2021-01-14 00:00:00+07:00,37971.69810063946,37971.69810063946,37198.62161236297,37335.046875,952198,0.0,0.0
2021-01-15 00:00:00+07:00,37335.048858901515,37744.32466856061,37335.048858901515,37516.94921875,1768399,0.0,0.0
2021-01-18 00:00:00+07:00,38426.448175841775,38426.448175841775,37744.321876862334,38153.59765625,3594799,0.0,0.0
2021-01-19 00:00:00+07:00,37880.74913963608,38017.17440664557,35516.04451147152,35925.3203125,2007338,0.0,0.0
2021-01-20 00:00:00+07:00,35925.3190023292,36698.395487189446,35470.56812888199,36607.4453125,1956398,0.0,0.0
2021-01-21 00:00:00+07:00,36834.82142179915,37698.8480971253,36607.44598092385,37471.47265625,1738598,0.0,0.0
2021-01-22 00:00:00+07:00,37744.323335193454,38653.825102306546,37607.89807012649,38199.07421875,1431998,0.0,0.0
2021-01-25 00:00:00+07:00,38471.925969827586,39563.328125,38199.075431034486,39563.328125,2528599,0.0,0.0
2021-01-26 00:00:00+07:00,39563.329963235294,39563.329963235294,38244.552297794115,38653.828125,1191199,0.0,0.0
2021-01-27 00:00:00+07:00,38653.829528443115,39335.95593188623,35970.79900823353,37971.703125,1486598,0.0,0.0
2021-01-28 00:00:00+07:00,35470.57372104247,36834.82655646718,35334.1484375,35334.1484375,2891198,0.0,0.0
2021-01-29 00:00:00+07:00,34106.32192012636,37789.8046875,34106.32192012636,37789.8046875,2080198,0.0,0.0
2021-02-01 00:00:00+07:00,37289.5699159264,37698.84568329632,35470.5665053934,35834.3671875,1201399,0.0,0.0
2021-02-02 00:00:00+07:00,35470.571031441716,37244.0995830138,35379.62084930982,37062.19921875,1464199,0.0,0.0
2021-02-03 00:00:00+07:00,37971.70211663149,37971.70211663149,37016.72517717129,37698.8515625,1620398,0.0,0.0
2021-02-04 00:00:00+07:00,37653.37647014475,37698.8515625,36834.8248077503,37698.8515625,2179198,0.0,0.0
2021-02-05 00:00:00+07:00,37698.846790263706,38199.07274284863,37244.09592427741,38153.59765625,1305799,0.0,0.0
2021-02-08 00:00:00+07:00,38153.60035054852,38199.07544035847,36380.07184796045,36789.34765625,1288198,0.0,0.0
2021-02-09 00:00:00+07:00,37516.95363898027,38108.12987813995,36380.076255980865,38017.1796875,1045198,0.0,0.0
2021-02-17 00:00:00+07:00,38199.072073699426,39563.32464776012,38017.17173049133,39335.94921875,1675198,0.0,0.0
2021-02-18 00:00:00+07:00,39563.32767857143,39790.703125,38926.67642857143,39790.703125,1848398,0.0,0.0
2021-02-19 00:00:00+07:00,39563.330561349256,39790.70602434551,39108.579635356735,39517.85546875,919798,0.0,0.0
2021-02-22 00:00:00+07:00,39108.58053025852,39335.9559984577,38562.8794065805,38699.3046875,1797398,0.0,0.0
2021-02-23 00:00:00+07:00,38653.829528443115,38653.829528443115,37789.8027507485,37971.703125,2090998,0.0,0.0
2021-02-24 00:00:00+07:00,37971.70063405797,38380.97644927536,37380.524456521736,37653.375,2678998,0.0,0.0
2021-02-25 00:00:00+07:00,37744.323335193454,38199.07421875,37653.37315848214,38199.07421875,1566998,0.0,0.0
2021-02-26 00:00:00+07:00,38608.3515625,38699.30174285924,37971.70029998528,38608.3515625,2247706,0.0,0.0
2021-03-01 00:00:00+07:00,39108.5745646399,39108.5745646399,38244.54791728158,38517.3984375,963998,0.0,0.0
2021-03-02 00:00:00+07:00,38653.825102306546,38653.825102306546,38108.12404203869,38199.07421875,1164998,0.0,0.0
2021-03-03 00:00:00+07:00,38653.822214834516,38744.77238475177,38380.971705082746,38471.921875,1887199,0.0,0.0
2021-03-04 00:00:00+07:00,39108.57696897374,39108.57696897374,37744.32428400955,38108.125,1390198,0.0,0.0
2021-03-05 00:00:00+07:00,37698.84919451074,38199.07517899761,37516.94883651551,38108.125,794599,0.0,0.0
2021-03-08 00:00:00+07:00,38108.12987813995,38199.080068779906,37744.32911558014,38017.1796875,1137799,0.0,0.0
2021-03-09 00:00:00+07:00,37789.8027507485,38017.178218562876,37607.902376497004,37971.703125,637399,0.0,0.0
2021-03-10 00:00:00+07:00,38153.60497345993,38290.03025941986,37744.32911558014,38017.1796875,623198,0.0,0.0
2021-03-11 00:00:00+07:00,38426.44966052828,38426.44966052828,38017.17386532738,38199.07421875,864598,0.0,0.0
2021-03-12 00:00:00+07:00,38290.03025941986,38426.45554537979,38017.1796875,38017.1796875,1192999,0.0,0.0
2021-03-15 00:00:00+07:00,38426.44721685493,38426.44721685493,38062.64653314507,38244.546875,1387798,0.0,0.0
2021-03-16 00:00:00+07:00,38153.6034992515,38244.55368637724,37835.27784431138,37971.703125,648398,0.0,0.0
2021-03-17 00:00:00+07:00,38153.60497345993,38153.60497345993,37880.75440154007,38017.1796875,691999,0.0,0.0
2021-03-18 00:00:00+07:00,38062.65048034452,38608.3515625,38017.1753901649,38608.3515625,869998,0.0,0.0
2021-03-19 00:00:00+07:00,38199.07136524823,38562.87204491726,38199.07136524823,38471.921875,694999,0.0,0.0
2021-03-22 00:00:00+07:00,38471.923786371735,38517.398873589664,38153.5981758462,38290.0234375,715598,0.0,0.0
2021-03-23 00:00:00+07:00,38290.0234375,38653.82413524347,37971.697826974465,38290.0234375,447799,0.0,0.0
2021-03-24 00:00:00+07:00,38335.49704592747,39335.948926129604,38062.64653314507,38244.546875,1708598,0.0,0.0
2021-03-25 00:00:00+07:00,38881.20358455882,38926.67867647058,38108.12702205882,38653.828125,969199,0.0,0.0
2021-03-26 00:00:00+07:00,38153.60066070377,38744.776833038864,36380.07214369847,38608.3515625,726799,0.0,0.0
2021-03-29 00:00:00+07:00,38653.828125,38881.20358455882,38335.502481617645,38653.828125,914198,0.0,0.0
2021-03-30 00:00:00+07:00,39563.33043639053,39563.33043639053,35970.79813239645,38426.453125,1161598,0.0,0.0
2021-03-31 00:00:00+07:00,38426.453125,38426.453125,38108.12747781065,38426.453125,748598,0.0,0.0
2021-04-01 00:00:00+07:00,38426.45221125731,39063.10349049707,38199.07675438596,38881.203125,1064798,0.0,0.0
2021-04-02 00:00:00+07:00,39108.58256412063,40791.16111629792,39108.58256412063,40336.41015625,2145598,0.0,0.0
2021-04-05 00:00:00+07:00,40245.45363967483,40700.20452825873,40245.45363967483,40381.87890625,1023598,0.0,0.0
2021-04-06 00:00:00+07:00,40381.88184691011,40700.20749209972,40199.98147823034,40472.83203125,1955398,0.0,0.0
2021-04-07 00:00:00+07:00,40063.55666048729,40472.83249470339,39927.13138241525,40245.45703125,770599,0.0,0.0
2021-04-08 00:00:00+07:00,40154.506845868644,40245.45703125,39563.33064088983,40245.45703125,781598,0.0,0.0
2021-04-09 00:00:00+07:00,40063.55960600083,41154.96191081811,40018.08450996678,41064.01171875,1782398,0.0,0.0
2021-04-12 00:00:00+07:00,41154.952788841234,42064.454507931645,41154.952788841234,41746.12890625,1419998,0.0,0.0
2021-04-13 00:00:00+07:00,41700.657145810364,41928.03259371554,40927.58062293274,41245.90625,1689398,0.0,0.0
2021-04-14 00:00:00+07:00,41018.53086577869,41609.70703125,40472.82978995902,41609.70703125,1298599,0.0,0.0
2021-04-15 00:00:00+07:00,42064.45747707201,43110.38452785326,41609.706585427986,41837.08203125,2429398,0.0,0.0
2021-04-16 00:00:00+07:00,41609.71386396452,42473.740709227175,39972.61036767739,41336.86328125,1900399,0.0,0.0
2021-04-19 00:00:00+07:00,41837.08410904255,42973.96139461436,41655.18374335106,42746.5859375,2781998,0.0,0.0
2021-04-20 00:00:00+07:00,42792.05910685911,43201.33491128178,42291.83312367585,42928.484375,2566987,0.0,0.0
2021-04-22 00:00:00+07:00,42746.584464856234,42883.00973442492,42428.25883586262,42701.109375,1418198,0.0,0.0
2021-04-23 00:00:00+07:00,42701.11287841797,44019.89059244792,41609.71063232422,43656.08984375,3319798,0.0,0.0
2021-04-26 00:00:00+07:00,43656.08289473684,43656.08289473684,42519.205736019736,43201.33203125,1094599,0.0,0.0
2021-04-27 00:00:00+07:00,41837.086100260414,43656.08984375,41837.086100260414,43656.08984375,1153598,0.0,0.0
2021-04-28 00:00:00+07:00,42564.68710815047,43656.08934169279,42473.73692202194,43519.6640625,1168598,0.0,0.0
2021-04-29 00:00:00+07:00,43610.612918526786,44565.58984375,43201.337093431124,44565.58984375,3595999,0.0,0.0
2021-05-04 00:00:00+07:00,43701.56096129858,44338.21221359638,43292.28515625,43292.28515625,559798,0.0,0.0
2021-05-05 00:00:00+07:00,44110.83984375,44565.590769974224,43747.03910277062,44110.83984375,2242198,0.0,0.0
2021-05-06 00:00:00+07:00,44565.59171549479,44565.59171549479,43656.08984375,43656.08984375,5038399,0.0,0.0
2021-05-07 00:00:00+07:00,43656.08638743455,43883.46183736911,42746.584587696336,43428.7109375,1262998,0.0,0.0
2021-05-10 00:00:00+07:00,43428.71029063168,43428.71029063168,42564.68359375,42564.68359375,1345198,0.0,0.0
2021-05-11 00:00:00+07:00,43201.33685172872,43610.612674534575,42746.5859375,42746.5859375,883598,0.0,0.0
2021-05-12 00:00:00+07:00,43110.38967901879,43610.61571959812,42746.58892223382,43565.140625,552019,0.0,0.0
2021-05-13 00:00:00+07:00,43610.609217590136,44019.88500795334,42883.0078125,42883.0078125,1482199,0.0,0.0
2021-05-14 00:00:00+07:00,42792.06006585059,43428.711331442406,42564.684613853504,42837.53515625,612998,0.0,0.0
2021-05-17 00:00:00+07:00,43565.1375831117,43565.1375831117,42746.5859375,42746.5859375,407798,0.0,0.0
2021-05-18 00:00:00+07:00,43155.858259525405,43155.858259525405,42519.20703125,42519.20703125,1832798,0.0,0.0
2021-05-19 00:00:00+07:00,42382.78176804813,42746.582469919784,42155.40632937834,42519.20703125,501398,0.0,0.0
2021-05-20 00:00:00+07:00,42746.58578801611,45247.7158075277,42746.58578801611,45156.765625,2049398,0.0,0.0
2021-05-21 00:00:00+07:00,45020.34193117633,47703.372409903,44838.441559737235,46293.64453125,1402798,0.0,0.0
2021-05-24 00:00:00+07:00,46839.343182654564,47294.09408734053,46157.21682562561,46339.1171875,1730398,0.0,0.0
2021-05-25 00:00:00+07:00,45975.31646375122,47294.09408734053,45566.040649533854,46339.1171875,2880865,0.0,0.0
2021-05-26 00:00:00+07:00,47157.67129558571,47157.67129558571,45838.893602652264,46293.64453125,1382599,0.0,0.0
2021-05-27 00:00:00+07:00,46839.33870570866,46839.33870570866,45929.83698326771,46202.6875,879398,0.0,0.0
2021-05-28 00:00:00+07:00,45838.885767326734,46839.337639232675,45838.885767326734,45929.8359375,1212199,0.0,0.0
2021-05-31 00:00:00+07:00,46566.48959365709,46611.964681150894,45475.087493805746,45884.36328125,2763398,0.0,0.0
2021-06-01 00:00:00+07:00,45747.94384328358,45929.844216417914,45475.09328358209,45702.46875,706399,0.0,0.0
2021-06-02 00:00:00+07:00,45475.09328358209,47021.24645522388,45429.61819029851,45702.46875,2241199,0.0,0.0
2021-06-03 00:00:00+07:00,46793.86953047801,46793.86953047801,45747.94241755188,46020.79296875,1353598,0.0,0.0
2021-06-04 00:00:00+07:00,45656.99122452783,46020.791951416504,45656.99122452783,45747.94140625,1267399,0.0,0.0
2021-06-07 00:00:00+07:00,45929.84269107681,46339.1185170369,45020.34085560994,45293.19140625,1319798,0.0,0.0
2021-06-08 00:00:00+07:00,45702.46905517578,45702.46905517578,43656.08984375,43656.08984375,1158598,0.0,0.0
2021-06-09 00:00:00+07:00,43565.140625,43883.46628718685,43110.38967901879,43565.140625,864799,0.0,0.0
2021-06-10 00:00:00+07:00,44474.64251696242,44474.64251696242,43201.33986821503,43565.140625,574198,0.0,0.0
2021-06-11 00:00:00+07:00,43246.811641350614,44792.96473893834,43246.811641350614,44065.36328125,786698,0.0,0.0
2021-06-14 00:00:00+07:00,44565.590769974224,44611.065862596646,44110.83984375,44110.83984375,787399,0.0,0.0
2021-06-15 00:00:00+07:00,43883.465311686195,44292.74115397136,43656.08984375,43656.08984375,824599,0.0,0.0
2021-06-16 00:00:00+07:00,43656.08832807571,43928.93888012618,43201.33740799159,43246.8125,1326398,0.0,0.0
2021-06-17 00:00:00+07:00,43201.33548756544,43747.03656740837,43019.4351276178,43428.7109375,1886798,0.0,0.0
2021-06-18 00:00:00+07:00,44929.39057716837,44929.39057716837,43656.08801020408,44565.58984375,993598,0.0,0.0
2021-06-21 00:00:00+07:00,45020.34224483945,45020.34224483945,44019.890194954125,44611.06640625,1985798,0.0,0.0
2021-06-22 00:00:00+07:00,45020.33637373096,45247.711809961926,44656.53567576142,44792.9609375,1840399,0.0,0.0
2021-06-23 00:00:00+07:00,45156.76215761007,45156.76215761007,44747.48636766194,44929.38671875,497398,0.0,0.0
2021-06-24 00:00:00+07:00,44929.392058486235,45156.767524369265,44611.06640625,44611.06640625,415999,0.0,0.0
2021-06-25 00:00:00+07:00,44565.58489476386,44702.010154645795,44110.83402849076,44292.734375,438398,0.0,0.0
2021-06-28 00:00:00+07:00,44201.79056766055,44656.5414994266,44201.79056766055,44611.06640625,1295198,0.0,0.0
2021-06-29 00:00:00+07:00,44611.062056288036,45020.33785496958,44611.062056288036,44838.4375,600998,0.0,0.0
2021-06-30 00:00:00+07:00,45020.33653846154,45929.83828671328,44883.91127622378,45520.5625,1317598,0.0,0.0
2021-07-01 00:00:00+07:00,45793.414506923655,46020.78995134731,45247.71344030689,45566.0390625,725198,0.0,0.0
2021-07-02 00:00:00+07:00,45566.04047581658,45566.04047581658,45020.33939227387,45247.71484375,868999,0.0,0.0
2021-07-05 00:00:00+07:00,46157.21763280463,46157.21763280463,44929.390168680766,45156.765625,2404999,0.0,0.0
2021-07-06 00:00:00+07:00,45156.76613092997,46839.344526543675,45156.76613092997,45293.19140625,2589998,0.0,0.0
2021-07-07 00:00:00+07:00,45475.08802816901,48430.96875,45293.18767605634,48430.96875,3464198,0.0,0.0
2021-07-08 00:00:00+07:00,49113.10147372159,49113.10147372159,47657.898467092804,48021.69921875,3189799,0.0,0.0
2021-07-09 00:00:00+07:00,47339.57136033768,49613.32598859597,47157.670990077015,47976.22265625,2850398,0.0,0.0
2021-07-12 00:00:00+07:00,47748.844002509795,48885.72124066479,44656.53791472821,46430.06640625,3357799,0.0,0.0
2021-07-13 00:00:00+07:00,47066.71384749874,47066.71384749874,44838.434641192034,45111.28515625,1666999,0.0,0.0
2021-07-14 00:00:00+07:00,46611.97092692057,46611.97092692057,43656.08984375,43656.08984375,1583998,0.0,0.0
2021-07-15 00:00:00+07:00,43656.08832807571,43928.93888012618,42746.586487907465,43246.8125,2084998,0.0,0.0
2021-07-16 00:00:00+07:00,43656.08984375,43883.465311686195,43292.28909505208,43656.08984375,1017799,0.0,0.0
2021-07-19 00:00:00+07:00,43201.33264533297,43883.45895025928,41655.1796875,41655.1796875,1823398,0.0,0.0
2021-07-20 00:00:00+07:00,42064.45747707201,42155.40765540081,39972.60337550951,41837.08203125,1830799,0.0,0.0
2021-07-21 00:00:00+07:00,41382.331071820176,41837.0819627193,40927.58018092105,41473.28125,1200998,0.0,0.0
2021-07-22 00:00:00+07:00,41382.33170817669,43110.38512016649,41245.90643880908,42337.30859375,832399,0.0,0.0
2021-07-23 00:00:00+07:00,42701.11367616758,42746.588770604394,41382.3359375,41382.3359375,1116598,0.0,0.0
2021-07-26 00:00:00+07:00,41336.85642916207,41837.08241455347,40882.10553335171,41245.90625,1019798,0.0,0.0
2021-07-27 00:00:00+07:00,41791.60627948114,42200.8820754717,40927.579599056604,40973.0546875,2861198,0.0,0.0
2021-07-28 00:00:00+07:00,40973.0546875,41382.330483490565,40882.10451061321,40973.0546875,991798,0.0,0.0
2021-07-29 00:00:00+07:00,42246.35694304435,42291.83203125,41018.52956149193,42291.83203125,1465598,0.0,0.0
2021-07-30 00:00:00+07:00,42109.937597860124,43565.140625,42064.462503262,43565.140625,3038998,0.0,0.0
2021-08-02 00:00:00+07:00,43519.65868119116,43610.608856073486,42610.15693236794,43474.18359375,1022998,0.0,0.0
2021-08-03 00:00:00+07:00,43883.4609375,43883.4609375,43155.85951262953,43883.4609375,989998,0.0,0.0
2021-08-04 00:00:00+07:00,44474.637095207254,44474.637095207254,43519.66022506476,43883.4609375,3307399,0.0,0.0
2021-08-05 00:00:00+07:00,43701.565908794364,43883.46628718685,43201.33986821503,43565.140625,778598,0.0,0.0
2021-08-06 00:00:00+07:00,43383.23444808991,43928.93551033004,43246.80918252988,43747.03515625,750799,0.0,0.0
2021-08-09 00:00:00+07:00,44338.21182804404,44338.21182804404,43610.610403173574,43883.4609375,797599,0.0,0.0
2021-08-10 00:00:00+07:00,43792.51609799061,44019.89157098121,43428.715341205636,43565.140625,879598,0.0,0.0
2021-08-11 00:00:00+07:00,43565.13865140199,43792.51411409198,43337.763188712,43383.23828125,701599,0.0,0.0
2021-08-12 00:00:00+07:00,43610.61617476852,43610.61617476852,42883.01465360449,42973.96484375,1074799,0.0,0.0
2021-08-13 00:00:00+07:00,43201.340319113755,43201.340319113755,42291.83841765873,42973.96484375,1163198,0.0,0.0
2021-08-16 00:00:00+07:00,42973.96484375,43201.340319113755,42746.58936838624,42973.96484375,897799,0.0,0.0
2021-08-17 00:00:00+07:00,43110.38530759162,43610.61129744764,42928.48494764398,43428.7109375,631999,0.0,0.0
2021-08-18 00:00:00+07:00,43610.61519106389,43610.61519106389,43019.43896845301,43064.9140625,2120998,0.0,0.0
2021-08-19 00:00:00+07:00,43201.33685172872,43656.08776595745,42746.5859375,42746.5859375,3222398,0.0,0.0
2021-08-20 00:00:00+07:00,42746.58427254098,43201.335169057376,41336.856493340165,41609.70703125,833599,0.0,0.0
2021-08-23 00:00:00+07:00,40518.30758739407,41382.334348516946,40245.45703125,40245.45703125,1782799,0.0,0.0
2021-08-24 00:00:00+07:00,40381.87935305776,40791.155157311725,40109.02881688845,40154.50390625,1582399,0.0,0.0
2021-08-25 00:00:00+07:00,40245.45657040028,40700.20749209972,40063.55620172051,40472.83203125,902398,0.0,0.0
2021-08-26 00:00:00+07:00,40472.82985607599,40927.58075333527,39199.52734375,39199.52734375,1979398,0.0,0.0
2021-08-27 00:00:00+07:00,39245.00043706294,40063.55201048951,38653.8243006993,39017.625,2351398,0.0,0.0
2021-08-30 00:00:00+07:00,39108.57620804398,39563.327094184024,38972.150942201966,39290.4765625,1853599,0.0,0.0
2021-08-31 00:00:00+07:00,39290.47456395349,39335.94965025436,39063.099132449126,39108.57421875,1059998,0.0,0.0
2021-09-01 00:00:00+07:00,38881.20017584994,39063.100527549825,38608.349648300114,38790.25,2358398,0.0,0.0
2021-09-06 00:00:00+07:00,39244.99904714595,39472.374476156074,38881.19836072977,39335.94921875,2276599,0.0,0.0
2021-09-07 00:00:00+07:00,39608.803151283355,39654.278241009284,39108.57716429814,39199.52734375,2078398,0.0,0.0
2021-09-08 00:00:00+07:00,39199.52734375,39245.00243347593,39017.62698484629,39199.52734375,1446199,0.0,0.0
2021-09-09 00:00:00+07:00,38881.202499136736,41154.95703125,38881.202499136736,41154.95703125,3061999,0.0,0.0
2021-09-10 00:00:00+07:00,41200.432829122336,42746.5859375,40927.582280585106,42746.5859375,2134198,0.0,0.0
2021-09-13 00:00:00+07:00,42291.83292289402,42746.58381453804,41473.28131793478,41837.08203125,1191998,0.0,0.0
2021-09-14 00:00:00+07:00,41791.60970417837,41837.08479634832,40472.83203125,40472.83203125,1681399,0.0,0.0
2021-09-15 00:00:00+07:00,40245.45249166893,41791.60546875,40245.45249166893,41791.60546875,1081198,0.0,0.0
2021-09-16 00:00:00+07:00,41564.23061995968,42291.83203125,41382.33026713709,42291.83203125,1464398,0.0,0.0
2021-09-17 00:00:00+07:00,42291.832474662166,42291.832474662166,41473.280878378384,42064.45703125,693398,0.0,0.0
2021-09-20 00:00:00+07:00,41837.08688186813,41837.08688186813,41245.91065418956,41382.3359375,880198,0.0,0.0
2021-09-21 00:00:00+07:00,40791.154333726416,41382.330483490565,40563.778891509435,40973.0546875,989798,0.0,0.0
2021-09-22 00:00:00+07:00,41200.43134901987,42337.30859375,40700.20536133861,42337.30859375,1376599,0.0,0.0
2021-09-23 00:00:00+07:00,42337.31098749322,42337.31098749322,41837.084971529286,41928.03515625,742198,0.0,0.0
2021-09-24 00:00:00+07:00,41928.0322095788,41928.0322095788,41564.23149626359,41837.08203125,591598,0.0,0.0
2021-09-27 00:00:00+07:00,41655.18650412088,42519.21329842033,41291.38574862637,41382.3359375,922198,0.0,0.0
2021-09-28 00:00:00+07:00,41382.33026713709,42291.83203125,41200.42991431451,42291.83203125,1542998,0.0,0.0
2021-09-29 00:00:00+07:00,41928.03183614684,42428.2578125,41928.03183614684,42428.2578125,1071398,0.0,0.0
2021-09-30 00:00:00+07:00,42337.30900930851,44883.9140625,42291.833919072946,44883.9140625,3977599,0.0,0.0
2021-10-01 00:00:00+07:00,44110.83420138889,45247.711371527774,44110.83420138889,45020.3359375,2894593,0.0,0.0
2021-10-04 00:00:00+07:00,45020.33689429403,45475.08777201417,44110.83513885375,44929.38671875,867998,0.0,0.0
2021-10-05 00:00:00+07:00,44247.26512161727,44565.590769974224,43792.51419539304,44110.83984375,1095998,0.0,0.0
2021-10-06 00:00:00+07:00,44110.84038130734,44747.491685779816,43474.18907683486,44611.06640625,761998,0.0,0.0
2021-10-07 00:00:00+07:00,44611.065862596646,45020.341696198455,44110.83984375,44110.83984375,1008598,0.0,0.0
2021-10-08 00:00:00+07:00,44292.737947550246,45247.71484375,43883.46213489321,45247.71484375,1295798,0.0,0.0
2021-10-11 00:00:00+07:00,45475.088082107846,46384.58984375,44883.911937040444,46384.58984375,1462198,0.0,0.0
2021-10-12 00:00:00+07:00,46202.69128125,46384.591640624996,45475.08984375,45475.08984375,798398,0.0,0.0
2021-10-13 00:00:00+07:00,45884.36085241337,46430.06187345297,45247.7096612005,45929.8359375,938398,0.0,0.0
2021-10-14 00:00:00+07:00,45520.5601717203,46384.58678836634,45520.5601717203,45929.8359375,1166798,0.0,0.0
2021-10-15 00:00:00+07:00,45884.36912313433,46111.74458955224,45656.99365671642,45702.46875,1029598,0.0,0.0
2021-10-18 00:00:00+07:00,45520.56189236111,45929.83767361111,44565.585069444445,45020.3359375,1595798,0.0,0.0
2021-10-19 00:00:00+07:00,45020.34076052296,45202.24112723215,44565.58984375,44565.58984375,1081798,0.0,0.0
2021-10-20 00:00:00+07:00,44792.96050347222,45429.61171875,44201.784374999996,45020.3359375,1919798,0.0,0.0
2021-10-21 00:00:00+07:00,45929.842594068876,45929.842594068876,44520.1147520727,44565.58984375,1299998,0.0,0.0
2021-10-22 00:00:00+07:00,44974.860850694444,45020.3359375,44383.68472222222,45020.3359375,570998,0.0,0.0
2021-10-25 00:00:00+07:00,44792.95808763244,45702.45977469097,44656.53283457366,45065.80859375,913598,0.0,0.0
2021-10-26 00:00:00+07:00,44838.44090157681,45429.6171000763,44565.5903484232,44702.015625,1572998,0.0,0.0
2021-10-27 00:00:00+07:00,44702.01393063052,46384.59227796859,44702.01393063052,46339.1171875,2692399,0.0,0.0
2021-10-28 00:00:00+07:00,46384.58784448819,46839.33870570866,45929.83698326771,46202.6875,1456399,0.0,0.0
2021-10-29 00:00:00+07:00,46020.79502704326,47703.37350135216,45884.36974534255,47294.09765625,3731398,0.0,0.0
2021-11-01 00:00:00+07:00,47294.09402818991,47566.94457066024,45929.84131583828,45975.31640625,2529199,0.0,0.0
2021-11-02 00:00:00+07:00,46339.119773065475,47748.84765625,45838.89375,47748.84765625,1658620,0.0,0.0
2021-11-03 00:00:00+07:00,47248.61821172249,47657.89401913875,46293.6413277512,47521.46875,4391198,0.0,0.0
2021-11-04 00:00:00+07:00,47657.89840745192,47748.8485952524,46384.59577824519,47294.09765625,1345399,0.0,0.0
2021-11-05 00:00:00+07:00,47294.09403935185,49113.09765625,46293.64205005787,49113.09765625,1852798,0.0,0.0
2021-11-08 00:00:00+07:00,48931.19729456018,49522.37347005208,48567.39657118055,49113.09765625,844598,0.0,0.0
2021-11-09 00:00:00+07:00,49113.09551886793,49249.52078419812,47976.21830778302,48203.59375,1439198,0.0,0.0
2021-11-10 00:00:00+07:00,48021.696116504856,48476.447026699025,45475.09101941747,46839.34375,1379998,0.0,0.0
2021-11-11 00:00:00+07:00,48112.64491626794,50113.548863636366,46611.96695574163,47521.46875,2103398,0.0,0.0
2021-11-12 00:00:00+07:00,47521.47008644222,50022.60009099181,47066.71917652411,49977.125,1652599,0.0,0.0
2021-11-15 00:00:00+07:00,50477.356441787,50932.10740072202,49567.85452391697,50386.40625,1791799,0.0,0.0
2021-11-16 00:00:00+07:00,50249.97491681134,50249.97491681134,48203.59584780092,49113.09765625,1630198,0.0,0.0
2021-11-17 00:00:00+07:00,49113.0935737782,49204.04374706297,48203.59184093045,48385.4921875,922798,0.0,0.0
2021-11-18 00:00:00+07:00,48249.06788120881,49567.84541990348,48203.59279366761,48294.54296875,752599,0.0,0.0
2021-11-19 00:00:00+07:00,48385.498319892475,48658.34887432796,45929.84332997312,46521.01953125,1788998,0.0,0.0
2021-11-22 00:00:00+07:00,46521.02105994591,47703.37350135216,46521.02105994591,47294.09765625,836998,0.0,0.0
2021-11-23 00:00:00+07:00,46611.96515418046,48067.16796875,46611.96515418046,48067.16796875,981998,0.0,0.0
2021-11-24 00:00:00+07:00,47748.842353062915,48203.593232615895,47294.091473509936,48067.16796875,596599,0.0,0.0
2021-11-25 00:00:00+07:00,47748.846136527376,48658.34796769933,47339.5703125,47339.5703125,1060978,0.0,0.0
2021-11-26 00:00:00+07:00,47294.096059113304,47748.84698275862,46157.21875,46157.21875,1623598,0.0,0.0
2021-11-29 00:00:00+07:00,45020.34224483945,46157.21957425459,44338.21584719037,44611.06640625,3025798,0.0,0.0
2021-11-30 00:00:00+07:00,45475.090174923396,45611.51544544817,44019.887289325845,44520.11328125,2118799,0.0,0.0
2021-12-01 00:00:00+07:00,44565.5873426259,45247.71367950283,44247.26171875,44247.26171875,724198,0.0,0.0
2021-12-02 00:00:00+07:00,44110.83402849076,44974.860674409654,44110.83402849076,44292.734375,1103198,0.0,0.0
2021-12-03 00:00:00+07:00,44611.064685837766,44611.064685837766,42746.5859375,42746.5859375,2299225,0.0,0.0
2021-12-06 00:00:00+07:00,42792.05883360746,43519.66025904605,41473.28125,41473.28125,1214599,0.0,0.0
2021-12-07 00:00:00+07:00,41837.081223347544,42655.6328125,41700.6559584888,42655.6328125,1568798,0.0,0.0
2021-12-08 00:00:00+07:00,43292.282382246376,44792.96023793349,43110.382036102485,43928.93359375,1067998,0.0,0.0
2021-12-09 00:00:00+07:00,43656.08375634518,45475.08724619289,43474.183407360404,44792.9609375,1155398,0.0,0.0
2021-12-10 00:00:00+07:00,44110.83645137462,44611.06243175103,43701.56064924846,44247.26171875,786199,0.0,0.0
2021-12-13 00:00:00+07:00,44338.21006503807,44883.911111992384,44110.834628807104,44792.9609375,773998,0.0,0.0
2021-12-14 00:00:00+07:00,44338.21130701013,44747.487103690226,43519.65971364995,43747.03515625,9671599,0.0,0.0
2021-12-15 00:00:00+07:00,43747.04003092448,44065.365686035155,43565.13965657552,43656.08984375,523999,0.0,0.0
2021-12-16 00:00:00+07:00,43656.083244397014,44065.35902481323,42473.73098986126,42610.15625,863198,0.0,0.0
2021-12-17 00:00:00+07:00,43155.86039757853,43519.66111747382,42973.96003763089,43428.7109375,599998,0.0,0.0
2021-12-20 00:00:00+07:00,42883.01024664941,43565.136602640654,42837.53515625,42837.53515625,1069598,0.0,0.0
2021-12-21 00:00:00+07:00,42519.20667688555,43110.3828125,42473.73158953059,43110.3828125,543998,0.0,0.0
2021-12-22 00:00:00+07:00,43337.76560433201,43565.141079695764,42746.58936838624,42973.96484375,460399,0.0,0.0
2021-12-23 00:00:00+07:00,42973.956943703306,43428.70781083244,41791.60468916756,42610.15625,770198,0.0,0.0
2021-12-24 00:00:00+07:00,42928.488780359025,43110.38915654699,42610.16312203009,43064.9140625,499399,0.0,0.0
2021-12-27 00:00:00+07:00,43246.814001464845,43656.08984375,42064.46156819662,43656.08984375,518798,0.0,0.0
2021-12-28 00:00:00+07:00,43974.409555602775,43974.409555602775,42973.957631897225,43474.18359375,1681198,0.0,0.0
2021-12-29 00:00:00+07:00,43656.08369098713,43656.08369098713,42382.78125,42382.78125,601598,0.0,0.0
2021-12-30 00:00:00+07:00,42746.58336148649,42746.58336148649,42064.45703125,42064.45703125,1279399,0.0,0.0
2021-12-31 00:00:00+07:00,42564.68285472973,44338.21130701013,42109.93196952962,43747.03515625,1276198,0.0,0.0
2022-01-04 00:00:00+07:00,43747.03567033679,43883.4609375,43383.23495790155,43883.4609375,717398,0.0,0.0
2022-01-05 00:00:00+07:00,43656.08832807571,43928.93888012618,43246.8125,43246.8125,1204999,0.0,0.0
2022-01-06 00:00:00+07:00,43292.28805496829,43610.613702431285,42973.962407505285,43019.4375,636199,0.0,0.0
2022-01-07 00:00:00+07:00,43019.43500399361,43019.43500399361,42564.68410543131,42701.109375,597799,0.0,0.0
2022-01-10 00:00:00+07:00,42655.63177306867,42655.63177306867,42291.83107564378,42382.78125,1131199,0.0,0.0
2022-01-11 00:00:00+07:00,42382.78666312434,42973.96287194474,42018.98591923486,42792.0625,834998,0.0,0.0
2022-01-12 00:00:00+07:00,42792.06144232066,42792.06144232066,42109.935064387806,42155.41015625,932798,0.0,0.0
2022-01-13 00:00:00+07:00,43656.089266737516,43656.089266737516,42337.311570138154,42792.0625,928198,0.0,0.0
2022-01-14 00:00:00+07:00,41700.65739816294,42883.00973442492,41700.65739816294,42701.109375,639799,0.0,0.0
2022-01-17 00:00:00+07:00,42337.30668031417,42746.582469919784,42109.931241644386,42519.20703125,1156399,0.0,0.0
2022-01-18 00:00:00+07:00,41928.03183614684,42519.20799001876,41882.55674738746,42428.2578125,695998,0.0,0.0
2022-01-19 00:00:00+07:00,42382.78323651175,42564.68359375,41837.08216479701,42564.68359375,671398,0.0,0.0
2022-01-20 00:00:00+07:00,42291.83312367585,42973.9594643803,42291.83312367585,42928.484375,757798,0.0,0.0
2022-01-21 00:00:00+07:00,42973.96003763089,43428.7109375,42928.48494764398,43428.7109375,1430599,0.0,0.0
2022-01-24 00:00:00+07:00,43428.7120057727,44702.01455672729,42792.06073029541,44065.36328125,1741198,0.0,0.0
2022-01-25 00:00:00+07:00,44019.889658505155,44338.21530686211,43474.18854703608,44110.83984375,1294598,0.0,0.0
2022-01-26 00:00:00+07:00,44383.683044554455,45929.8359375,44019.88236386139,45929.8359375,3739198,0.0,0.0
2022-01-27 00:00:00+07:00,45475.08508663366,46157.21136293317,45429.61000154703,45929.8359375,1842598,0.0,0.0
2022-01-28 00:00:00+07:00,45475.09390024038,47294.09765625,45475.09390024038,47294.09765625,2014399,0.0,0.0
2022-02-07 00:00:00+07:00,47112.19504310345,49113.09907968313,47112.19504310345,48794.7734375,2425798,0.0,0.0
2022-02-08 00:00:00+07:00,48249.07367931548,48703.824609375,47294.09672619048,47748.84765625,1562998,0.0,0.0
2022-02-09 00:00:00+07:00,47703.36702867861,47703.36702867861,46839.34036181026,46975.765625,4244798,0.0,0.0
2022-02-10 00:00:00+07:00,47066.71580045983,47157.665975919655,46202.689133591484,46975.765625,1651598,0.0,0.0
2022-02-11 00:00:00+07:00,46839.34674677958,48430.97503429151,46384.595807490456,47657.8984375,1069798,0.0,0.0
2022-02-14 00:00:00+07:00,47748.84175579589,47794.31684318236,47339.565969317635,47566.94140625,1065998,0.0,0.0
2022-02-15 00:00:00+07:00,47248.62117520734,48158.123026510664,47157.670990077015,47976.22265625,1239598,0.0,0.0
2022-02-16 00:00:00+07:00,47748.84337517639,48476.44479803622,47521.467930532686,48340.01953125,1517798,0.0,0.0
2022-02-17 00:00:00+07:00,48430.96984693582,49067.62109375,48340.01966881951,49067.62109375,2049199,0.0,0.0
2022-02-18 00:00:00+07:00,48658.34375,49522.370414719626,48658.34375,48658.34375,1141198,0.0,0.0
2022-02-21 00:00:00+07:00,48658.344190140844,48658.344190140844,47703.367341549296,48430.96875,1426798,0.0,0.0
2022-02-22 00:00:00+07:00,48385.49446022727,51386.85031960227,47794.318306107954,50022.59765625,5741599,0.0,0.0
2022-02-23 00:00:00+07:00,50022.59958086223,51614.22774934421,49567.84867558166,49840.69921875,2298199,0.0,0.0
2022-02-24 00:00:00+07:00,49977.12740108945,51295.90510321101,49567.8515625,49567.8515625,3565399,0.0,0.0
2022-02-25 00:00:00+07:00,49567.84558354592,50022.596460459186,48385.49330357143,49022.14453125,3211999,0.0,0.0
2022-02-28 00:00:00+07:00,48658.3473907767,49431.4239381068,46839.34375,46839.34375,4575998,0.0,0.0
2022-03-01 00:00:00+07:00,46430.06995907738,48203.59858630953,46430.06995907738,47748.84765625,2924464,0.0,0.0
2022-03-02 00:00:00+07:00,47748.84361399904,47748.84361399904,45838.889869439074,47021.2421875,2428399,0.0,0.0
2022-03-03 00:00:00+07:00,47294.09765625,47748.8485952524,46384.59577824519,47294.09765625,1666999,0.0,0.0
2022-03-04 00:00:00+07:00,46702.914904808145,48612.86858153837,46702.914904808145,48294.54296875,3191398,0.0,0.0
2022-03-07 00:00:00+07:00,48749.29693287037,50932.101273148146,48749.29693287037,49113.09765625,6671599,0.0,0.0
2022-03-08 00:00:00+07:00,49567.84640330189,50022.59728773585,47976.21830778302,48203.59375,3144218,0.0,0.0
2022-03-09 00:00:00+07:00,48658.34834558823,50932.10294117647,48476.44797794117,50249.9765625,6031099,0.0,0.0
2022-03-10 00:00:00+07:00,49795.22057868767,49795.22057868767,48749.293571098795,49249.51953125,3915199,0.0,0.0
2022-03-11 00:00:00+07:00,48658.345992822964,49113.096889952154,47112.19294258373,47521.46875,2644999,0.0,0.0
2022-03-14 00:00:00+07:00,47203.14056154822,47203.14056154822,44792.9609375,44792.9609375,3978998,0.0,0.0
2022-03-15 00:00:00+07:00,45247.71414146016,46839.34227708941,44838.43833515549,46793.8671875,1631198,0.0,0.0
2022-03-16 00:00:00+07:00,46566.49027237354,47112.191330252914,45702.46359739786,46748.390625,1188598,0.0,0.0
2022-03-17 00:00:00+07:00,46748.39356796116,46975.76902305825,46384.592839805824,46839.34375,1380598,0.0,0.0
2022-03-18 00:00:00+07:00,46566.49661835749,47976.2245433273,46566.49661835749,47066.72265625,1353398,0.0,0.0
2022-03-21 00:00:00+07:00,47112.19733960701,48158.124500621445,47066.72224564986,48021.69921875,2221598,0.0,0.0
2022-03-22 00:00:00+07:00,48476.44339953271,49886.17111565421,48385.49322429906,48658.34375,2463598,0.0,0.0
2022-03-23 00:00:00+07:00,49113.09794243578,49749.74921205994,47339.569405625596,47794.3203125,1864999,0.0,0.0
2022-03-24 00:00:00+07:00,48658.34375,49522.370414719626,47885.26726051402,48658.34375,1565398,0.0,0.0
2022-03-25 00:00:00+07:00,48658.345800600735,49795.223038932534,48476.44544246765,49204.046875,1399198,0.0,0.0
2022-03-28 00:00:00+07:00,50022.59848659889,50340.92411333179,49204.046875,49204.046875,2047399,0.0,0.0
2022-03-29 00:00:00+07:00,50022.601102941175,50886.6278492647,49567.850183823524,50249.9765625,2730998,0.0,0.0
2022-03-30 00:00:00+07:00,50886.62267356302,51341.37354642775,49113.09426939058,49249.51953125,4974199,0.0,0.0
2022-03-31 00:00:00+07:00,49340.474724264706,50477.35202205882,49022.14908088235,50249.9765625,1353998,0.0,0.0
2022-04-01 00:00:00+07:00,50022.6019224616,53751.55952031784,49977.12682980482,53296.80859375,7734998,0.0,0.0
2022-04-04 00:00:00+07:00,53342.28267380467,54570.11015222984,52978.48193945647,53023.95703125,2544998,0.0,0.0
2022-04-05 00:00:00+07:00,52978.48394060378,54479.16202647496,52978.48394060378,53569.66015625,1665998,0.0,0.0
2022-04-06 00:00:00+07:00,52978.48443453641,54842.96328588061,52523.73349518417,53706.0859375,3862399,0.0,0.0
2022-04-07 00:00:00+07:00,53706.07680481646,54752.003787467416,52205.39896014336,52341.82421875,3303799,0.0,0.0
2022-04-08 00:00:00+07:00,52341.82709470524,53205.85378002183,51796.126030294756,52068.9765625,2129198,0.0,0.0
2022-04-12 00:00:00+07:00,52296.35630977535,52751.10723420818,50932.10353647687,51114.00390625,2664398,0.0,0.0
2022-04-13 00:00:00+07:00,51113.99841056034,52978.4770002694,50977.57314789871,52751.1015625,3193798,0.0,0.0
2022-04-14 00:00:00+07:00,53387.75190972222,55252.23046875,52978.47612847222,53205.8515625,2507998,0.0,0.0
2022-04-15 00:00:00+07:00,53160.37794886849,54752.00603116994,52387.30145175064,53251.328125,1931798,0.0,0.0
2022-04-18 00:00:00+07:00,54615.58516257591,56389.11373987854,53751.55841978745,56161.73828125,5275198,0.0,0.0
2022-04-19 00:00:00+07:00,56207.212074222036,56298.162255571915,54069.8828125,54069.8828125,2591398,0.0,0.0
2022-04-20 00:00:00+07:00,54024.40772182507,55070.33480734861,53433.23154305089,54069.8828125,2368798,0.0,0.0
2022-04-21 00:00:00+07:00,54979.38612132353,55388.66194852941,54115.359375,54115.359375,3029198,0.0,0.0
2022-04-22 00:00:00+07:00,54979.385879755435,54979.385879755435,50841.15253396739,52296.35546875,5919199,0.0,0.0
2022-04-25 00:00:00+07:00,52296.35075934579,52296.35075934579,48658.34375,48658.34375,3740599,0.0,0.0
2022-04-26 00:00:00+07:00,47066.71760431215,49204.04680953212,45929.840367493016,48840.24609375,2001199,0.0,0.0
2022-04-27 00:00:00+07:00,48658.34375,50477.347254672895,46748.39007009346,48658.34375,1626799,0.0,0.0
2022-04-28 00:00:00+07:00,48658.343669079564,49795.22085760946,48294.54296875,48294.54296875,933799,0.0,0.0
2022-04-29 00:00:00+07:00,48430.971299913195,49795.224012586805,48430.971299913195,49113.09765625,919999,0.0,0.0
2022-05-04 00:00:00+07:00,49113.09426939058,50022.596015120034,48430.96796009349,49249.51953125,1198198,0.0,0.0
2022-05-05 00:00:00+07:00,50249.973100142044,50477.34854403409,48430.969549005684,50022.59765625,3019798,0.0,0.0
2022-05-06 00:00:00+07:00,49113.09507042253,49931.64665492958,48203.593309859156,48430.96875,1326398,0.0,0.0
2022-05-09 00:00:00+07:00,47976.21399233729,48430.96483586655,45065.80859375,45065.80859375,2213198,0.0,0.0
2022-05-10 00:00:00+07:00,43292.28665048543,47021.244114077665,42519.21010315534,46839.34375,2514598,0.0,0.0
2022-05-11 00:00:00+07:00,46839.340245327105,48658.34375,45929.83849299065,48658.34375,1828798,0.0,0.0
2022-05-12 00:00:00+07:00,47703.3698418954,48749.296921364985,45975.31640625,45975.31640625,1622599,0.0,0.0
2022-05-13 00:00:00+07:00,47157.670556891026,47748.846754807695,43974.41410657051,44338.21484375,3027199,0.0,0.0
2022-05-16 00:00:00+07:00,45929.842594068876,46157.21805245536,44292.73929368622,44565.58984375,870598,0.0,0.0
2022-05-17 00:00:00+07:00,44565.594310741995,47385.050277339964,44019.89315591659,46884.82421875,868798,0.0,0.0
2022-05-18 00:00:00+07:00,46839.34221198579,47612.41873393119,45656.9898843046,46430.06640625,1157599,0.0,0.0
2022-05-19 00:00:00+07:00,45884.3653319356,47748.844002509795,45747.940063357004,46430.06640625,1634198,0.0,0.0
2022-05-20 00:00:00+07:00,47748.84286556604,48203.59375,46884.81618514151,48203.59375,1012598,0.0,0.0
2022-05-23 00:00:00+07:00,48703.821082535884,48703.821082535884,46611.96695574163,47521.46875,851599,0.0,0.0
2022-05-24 00:00:00+07:00,47703.368422005326,49067.62109375,47294.092620481926,49067.62109375,1198399,0.0,0.0
2022-05-25 00:00:00+07:00,49113.09358752166,52478.25,47748.84098786829,52478.25,3417598,0.0,0.0
2022-05-26 00:00:00+07:00,52478.25332868548,52751.10386592301,51932.552254210415,51978.02734375,964798,0.0,0.0
2022-05-27 00:00:00+07:00,52296.3535811018,55616.03515625,51932.55286053762,55616.03515625,5114599,0.0,0.0
2022-05-30 00:00:00+07:00,55706.98221926867,55752.457306794604,54251.7794184388,54797.48046875,3453799,0.0,0.0
2022-05-31 00:00:00+07:00,54297.262034921674,54342.737128753266,51841.606968015665,52250.8828125,3107798,0.0,0.0
2022-06-01 00:00:00+07:00,52523.729619565216,53615.13179347826,51932.553442028984,53342.28125,2310199,0.0,0.0
2022-06-02 00:00:00+07:00,55479.61140422078,56798.389052353894,54115.35866477272,56025.3125,6933199,0.0,0.0
2022-06-03 00:00:00+07:00,56161.7377739448,56571.013595779215,55115.81067370129,56025.3125,2702198,0.0,0.0
2022-06-06 00:00:00+07:00,56389.11625,58299.0701875,55934.3653125,56843.8671875,4206799,0.0,0.0
2022-06-07 00:00:00+07:00,58480.96381225586,59117.61505126953,55206.757440185545,58208.11328125,3386198,0.0,0.0
2022-06-08 00:00:00+07:00,59572.3659362793,59617.841024780275,57662.41221923828,58208.11328125,3270398,0.0,0.0
2022-06-09 00:00:00+07:00,59117.618555447465,59526.89437621595,56980.28926921206,58435.4921875,1519399,0.0,0.0
2022-06-10 00:00:00+07:00,58162.640071587615,58162.640071587615,54888.43359375,54888.43359375,2640998,0.0,0.0
2022-06-13 00:00:00+07:00,52978.481171388026,53205.85662705922,51068.52734375,51068.52734375,4709998,0.0,0.0
2022-06-14 00:00:00+07:00,50932.098060344826,52751.1015625,50704.722622575435,52751.1015625,2438398,0.0,0.0
2022-06-15 00:00:00+07:00,52296.35659427966,53660.609375,50568.303072033894,53660.609375,2705599,0.0,0.0
2022-06-16 00:00:00+07:00,54570.10852832512,55570.56051801109,53478.70635775862,55388.66015625,2201798,0.0,0.0
2022-06-17 00:00:00+07:00,52341.82818903689,55479.609375,52341.82818903689,55479.609375,2661998,0.0,0.0
2022-06-20 00:00:00+07:00,55343.187804555084,55343.187804555084,53433.23391154661,53660.609375,1163198,0.0,0.0
2022-06-21 00:00:00+07:00,54069.888205603085,55888.89201403381,53205.8613965985,54479.1640625,2225198,0.0,0.0
2022-06-22 00:00:00+07:00,53706.07840113147,54797.48050242457,51841.59981142241,52751.1015625,1455799,0.0,0.0
2022-06-23 00:00:00+07:00,52296.350654823655,54797.48046875,52159.92539224585,54797.48046875,2190598,0.0,0.0
2022-06-24 00:00:00+07:00,54842.95811987705,56389.11116803279,54251.781954405735,55479.609375,1899199,0.0,0.0
2022-06-27 00:00:00+07:00,55616.03567205599,58890.2421875,55616.03567205599,58890.2421875,4808599,0.0,0.0
2022-06-28 00:00:00+07:00,58435.49128257722,59026.66745897683,58208.11583011583,58890.2421875,1116998,0.0,0.0
2022-06-29 00:00:00+07:00,57798.84001568533,59026.66745897683,56843.86311534749,58890.2421875,4116398,0.0,0.0
2022-06-30 00:00:00+07:00,59072.14346425097,59117.618555447465,57707.890728356026,58435.4921875,1401598,0.0,0.0
2022-07-01 00:00:00+07:00,58208.11232449298,58435.48776326053,55706.982498049925,58299.0625,2040799,0.0,0.0
2022-07-04 00:00:00+07:00,59026.66549500202,59026.66549500202,55934.3594444164,56298.16015625,3528398,0.0,0.0
2022-07-05 00:00:00+07:00,56298.16172401982,56298.16172401982,52387.30396290051,53933.45703125,3151399,0.0,0.0
2022-07-06 00:00:00+07:00,51523.277741350445,52751.105189732145,50932.1015625,50932.1015625,2949398,0.0,0.0
2022-07-07 00:00:00+07:00,50932.098060344826,52751.1015625,50022.59630926725,52751.1015625,1727998,0.0,0.0
2022-07-08 00:00:00+07:00,53251.32752559267,53251.32752559267,52250.87559940733,52751.1015625,1035998,0.0,0.0
2022-07-11 00:00:00+07:00,53296.803057359306,53296.803057359306,50932.09848484848,52523.7265625,1351798,0.0,0.0
2022-07-12 00:00:00+07:00,51386.8490140732,53160.377431373076,51023.04831308861,53114.90234375,1196599,0.0,0.0
2022-07-13 00:00:00+07:00,53114.90711956522,53114.90711956522,51841.60455163044,52296.35546875,978799,0.0,0.0
2022-07-14 00:00:00+07:00,52068.975683171,52523.7265625,51295.89918831169,52523.7265625,925999,0.0,0.0
2022-07-15 00:00:00+07:00,52842.04997935022,52842.04997935022,50932.09636563876,51614.22265625,1537399,0.0,0.0
2022-07-18 00:00:00+07:00,52296.34894686123,52296.34894686123,51386.84722604625,51614.22265625,1129798,0.0,0.0
2022-07-19 00:00:00+07:00,51614.22931985294,51614.22931985294,50249.9765625,50249.9765625,1164998,0.0,0.0
2022-07-20 00:00:00+07:00,51295.89464128521,51978.02089981294,50568.293298855635,51659.6953125,1793798,0.0,0.0
2022-07-21 00:00:00+07:00,51705.180191200656,52159.93111636513,50932.10361842105,51841.60546875,2497999,0.0,0.0
2022-07-22 00:00:00+07:00,51841.60111899563,52660.15271561135,51841.60111899563,52068.9765625,1287799,0.0,0.0
2022-07-25 00:00:00+07:00,52023.50184960247,52023.50184960247,51295.90042513251,51477.80078125,411199,0.0,0.0
2022-07-26 00:00:00+07:00,51386.85246930803,51432.32755998884,50932.1015625,50932.1015625,752599,0.0,0.0
2022-07-27 00:00:00+07:00,50704.72903436943,51023.0546875,50431.87847454323,51023.0546875,569998,0.0,0.0
2022-07-28 00:00:00+07:00,51341.37647262168,52114.4530005531,50477.34976493363,51386.8515625,1417999,0.0,0.0
2022-07-29 00:00:00+07:00,51750.655283717104,51841.60546875,51204.954173519734,51841.60546875,2718199,0.0,0.0
2022-08-01 00:00:00+07:00,51841.59895833333,53433.226996527774,51614.223524305555,53205.8515625,1022398,0.0,0.0
2022-08-02 00:00:00+07:00,52751.10501609442,53114.90574034335,52023.50356759657,52978.48046875,1004798,0.0,0.0
2022-08-03 00:00:00+07:00,52341.82577451509,52751.1015625,52068.97524919181,52751.1015625,1399598,0.0,0.0
2022-08-04 00:00:00+07:00,52796.57665005388,52887.52682516164,52114.45033674569,52751.1015625,1099399,0.0,0.0
2022-08-05 00:00:00+07:00,52751.10884464752,52751.10884464752,52250.8828125,52250.8828125,978799,0.0,0.0
2022-08-08 00:00:00+07:00,52296.3570118359,53615.13471039524,52250.88191878213,53069.43359375,2511799,0.0,0.0
2022-08-09 00:00:00+07:00,53433.23433818016,53433.23433818016,52660.15775626607,53069.43359375,1264999,0.0,0.0
2022-08-10 00:00:00+07:00,53069.43064981223,53069.43064981223,52523.72956343884,52978.48046875,1021798,0.0,0.0
2022-08-11 00:00:00+07:00,52978.480294149864,53205.85574605609,51887.078125,51887.078125,1492399,0.0,0.0
2022-08-12 00:00:00+07:00,51887.0716869213,52205.3972800926,51159.47033110119,51568.74609375,1379599,0.0,0.0
2022-08-15 00:00:00+07:00,51659.69981473409,52523.726484170664,51250.42402394834,52159.92578125,1411999,0.0,0.0
2022-08-16 00:00:00+07:00,52432.78074388587,52432.78074388587,52068.980010190215,52296.35546875,886198,0.0,0.0
2022-08-17 00:00:00+07:00,52296.35790633159,52478.25828165796,52023.50734334203,52250.8828125,784399,0.0,0.0
2022-08-18 00:00:00+07:00,52205.40426955857,52205.40426955857,51386.85263467002,52023.50390625,853198,0.0,0.0
2022-08-19 00:00:00+07:00,51614.23000616776,52023.50583881579,51295.90435855263,51841.60546875,1343798,0.0,0.0
2022-08-22 00:00:00+07:00,51432.32582820666,52478.25287864765,51432.32582820666,52205.40234375,818798,0.0,0.0
2022-08-23 00:00:00+07:00,51841.60111899563,52114.45165120087,51614.22567549127,52068.9765625,519199,0.0,0.0
2022-08-24 00:00:00+07:00,52068.98109201685,53660.609335004265,51932.5558140465,53296.80859375,2692999,0.0,0.0
2022-08-25 00:00:00+07:00,53296.80758201115,53524.18304097877,52796.581572282375,53023.95703125,889999,0.0,0.0
2022-08-26 00:00:00+07:00,53205.85940816002,54342.73674594121,52933.008847092526,53569.66015625,1751398,0.0,0.0
2022-08-29 00:00:00+07:00,52523.72956343884,52978.48046875,51386.85230016094,52978.48046875,2071798,0.0,0.0
2022-08-30 00:00:00+07:00,53205.85626775568,53205.85626775568,51841.60354294143,52023.50390625,1446398,0.0,0.0
2022-08-31 00:00:00+07:00,52023.50198715156,52205.40234375,51568.75109565548,52205.40234375,1350598,0.0,0.0
2022-09-05 00:00:00+07:00,52205.402791447945,52205.402791447945,51750.651896052055,51978.02734375,751999,0.0,0.0
2022-09-06 00:00:00+07:00,52023.50583881579,52205.40620888158,51796.13037623355,51841.60546875,635798,0.0,0.0
2022-09-07 00:00:00+07:00,51841.60029560811,51887.07538358671,50477.34765625,50477.34765625,2409199,0.0,0.0
2022-09-08 00:00:00+07:00,50704.72953125,51159.48046875,50249.97859375,51159.48046875,1201999,0.0,0.0
2022-09-09 00:00:00+07:00,51341.374406026385,51341.374406026385,50704.72317335644,50841.1484375,613999,0.0,0.0
2022-09-12 00:00:00+07:00,50932.10450089127,51796.13127367425,50886.6294075869,51023.0546875,724198,0.0,0.0
2022-09-13 00:00:00+07:00,51023.05084347345,51750.65228152655,51023.05084347345,51386.8515625,1205198,0.0,0.0
2022-09-14 00:00:00+07:00,50886.625961699865,51204.951593274396,50704.725600800135,50795.67578125,1014998,0.0,0.0
2022-09-15 00:00:00+07:00,50932.10008936551,51250.425714924044,50795.67482126899,50886.625,643999,0.0,0.0
2022-09-16 00:00:00+07:00,50932.09971289752,52705.62818504306,50886.62462386815,51477.80078125,4885598,0.0,0.0
2022-09-19 00:00:00+07:00,51477.80265066964,51705.17810407366,50932.1015625,50932.1015625,1019198,0.0,0.0
2022-09-20 00:00:00+07:00,50932.10066371682,51386.8515625,50932.10066371682,51386.8515625,982999,0.0,0.0
2022-09-21 00:00:00+07:00,51750.65381502414,51978.02927115342,51386.85308521729,51796.12890625,663199,0.0,0.0
2022-09-22 00:00:00+07:00,51568.75491365132,51978.030746299344,51568.75491365132,51841.60546875,1314998,0.0,0.0
2022-09-23 00:00:00+07:00,52068.979453605134,52068.979453605134,51614.22854134657,51796.12890625,782599,0.0,0.0
2022-09-26 00:00:00+07:00,51386.85091556031,51386.85091556031,50340.92386152678,50522.82421875,1042399,0.0,0.0
2022-09-27 00:00:00+07:00,51204.950558337085,51204.950558337085,50477.3491294442,50522.82421875,768598,0.0,0.0
2022-09-28 00:00:00+07:00,50477.34765625,50886.62344805743,50249.97221635698,50477.34765625,1059398,0.0,0.0
2022-09-29 00:00:00+07:00,50932.098536036036,51023.04871199324,50295.44730433558,50477.34765625,546799,0.0,0.0
2022-09-30 00:00:00+07:00,50477.347254672895,50477.347254672895,47339.56620911215,48658.34375,2905399,0.0,0.0
2022-10-03 00:00:00+07:00,48612.873105704064,48612.873105704064,45293.19140625,45293.19140625,1690598,0.0,0.0
2022-10-04 00:00:00+07:00,46339.11390387056,46339.11390387056,44792.9609375,44792.9609375,2421998,0.0,0.0
2022-10-05 00:00:00+07:00,44838.43876647949,47748.84452819824,44792.96367645264,46566.4921875,1084999,0.0,0.0
2022-10-06 00:00:00+07:00,46384.58991974708,47294.09168287938,46384.58991974708,46748.390625,1027198,0.0,0.0
2022-10-07 00:00:00+07:00,45929.84192961165,47748.845570388345,44565.58919902913,46839.34375,3572798,0.0,0.0
2022-10-10 00:00:00+07:00,44201.790401785714,48158.123493303574,44201.790401785714,47748.84765625,1302199,0.0,0.0
2022-10-11 00:00:00+07:00,48340.017891820025,48340.017891820025,46157.213697269355,47566.94140625,1790198,0.0,0.0
2022-10-12 00:00:00+07:00,46748.39561011905,48158.123493303574,46748.39561011905,47748.84765625,734998,0.0,0.0
2022-10-13 00:00:00+07:00,47976.21964712918,47976.21964712918,47203.14312200957,47521.46875,577198,0.0,0.0
2022-10-14 00:00:00+07:00,47839.79540318744,48158.121037999525,47566.9448590628,47794.3203125,434398,0.0,0.0
2022-10-17 00:00:00+07:00,47748.84765625,47839.797842261905,47066.72126116072,47748.84765625,389599,0.0,0.0
2022-10-18 00:00:00+07:00,49022.14534198114,49022.14534198114,48021.693396226416,48203.59375,1246598,0.0,0.0
2022-10-19 00:00:00+07:00,48567.38925872093,48885.71484375,48203.58859011628,48885.71484375,1878598,0.0,0.0
2022-10-20 00:00:00+07:00,49294.99602114312,49385.9461983039,48249.068983794146,48931.1953125,539998,0.0,0.0
2022-10-21 00:00:00+07:00,49295.00029847182,49295.00029847182,46384.59437679083,47612.421875,1894999,0.0,0.0
2022-10-24 00:00:00+07:00,45520.567456896555,47748.84698275862,45520.567456896555,46157.21875,757798,0.0,0.0
2022-10-25 00:00:00+07:00,47748.840428149604,47748.840428149604,45020.33526082677,46202.6875,939799,0.0,0.0
2022-10-26 00:00:00+07:00,46430.06602846954,47294.09272243714,46157.2154935324,47021.2421875,517798,0.0,0.0
2022-10-27 00:00:00+07:00,47612.42132450531,47612.42132450531,46521.01911649373,47112.1953125,388198,0.0,0.0
2022-10-28 00:00:00+07:00,47112.196781581486,47294.09715525554,46611.97075397782,47157.671875,267398,0.0,0.0
2022-10-31 00:00:00+07:00,47566.94176548887,47566.94176548887,45702.46316856244,46975.765625,667399,0.0,0.0
2022-11-01 00:00:00+07:00,46839.33870570866,46975.7639640748,46202.6875,46202.6875,652798,0.0,0.0
2022-11-02 00:00:00+07:00,46657.44276242582,46839.3431240727,45975.31640625,45975.31640625,810398,0.0,0.0
2022-11-03 00:00:00+07:00,44656.5364966299,47294.09160539216,44656.5364966299,46384.58984375,633199,0.0,0.0
2022-11-04 00:00:00+07:00,46793.86648775026,46793.86648775026,43155.859375,43155.859375,3040999,0.0,0.0
2022-11-07 00:00:00+07:00,43246.81057755236,44565.588187172776,43201.33548756544,43428.7109375,1463998,0.0,0.0
2022-11-08 00:00:00+07:00,43565.137279089264,44474.63910119969,43155.861459139574,44065.36328125,673798,0.0,0.0
2022-11-09 00:00:00+07:00,44019.88627312436,44383.68698612539,43246.80975799717,44247.26171875,255799,0.0,0.0
2022-11-10 00:00:00+07:00,44065.36475112758,44565.590769974224,42291.83613885309,44110.83984375,3481598,0.0,0.0
2022-11-11 00:00:00+07:00,44474.63961226852,44474.63961226852,43792.51323784722,44201.7890625,592399,0.0,0.0
2022-11-14 00:00:00+07:00,43428.7076418543,45475.08653597309,43246.8072957104,43928.93359375,1459999,0.0,0.0
2022-11-15 00:00:00+07:00,43610.61417375133,45020.34205632306,40973.05878055261,42792.0625,2072977,0.0,0.0
2022-11-16 00:00:00+07:00,40973.058452802834,44110.83984375,40927.58336018041,44110.83984375,2618798,0.0,0.0
2022-11-17 00:00:00+07:00,44110.8371484375,45475.08984375,44065.362058593746,45475.08984375,728198,0.0,0.0
2022-11-18 00:00:00+07:00,45475.08741258741,46339.11407342657,44565.58566433566,45520.5625,1732598,0.0,0.0
2022-11-21 00:00:00+07:00,45520.564615726005,46839.34221198579,45520.564615726005,46430.06640625,367598,0.0,0.0
2022-11-22 00:00:00+07:00,47203.14447815534,48067.17120752427,46475.543021844656,46839.34375,1346198,0.0,0.0
2022-11-23 00:00:00+07:00,46384.58971440398,48067.16796875,46384.58971440398,48067.16796875,533198,0.0,0.0
2022-11-24 00:00:00+07:00,48203.59375,48430.96919221698,46975.766362028306,48203.59375,758599,0.0,0.0
2022-11-25 00:00:00+07:00,48430.96823137359,49658.79559498587,48112.64261858522,48294.54296875,5146798,0.0,0.0
2022-11-28 00:00:00+07:00,48430.97423308486,50022.60249426605,48430.97423308486,49567.8515625,1318598,0.0,0.0
2022-11-29 00:00:00+07:00,49567.84889599956,51386.852525210554,49385.94853307846,51295.90234375,1488998,0.0,0.0
2022-11-30 00:00:00+07:00,51295.897053964756,51796.12300041299,50568.29567731277,51614.22265625,586798,0.0,0.0
2022-12-01 00:00:00+07:00,50704.72610909598,51978.028648158484,50068.07483956473,50932.1015625,530599,0.0,0.0
2022-12-02 00:00:00+07:00,51159.47817595109,52523.730927309785,50295.451433423914,52296.35546875,1791199,0.0,0.0
2022-12-05 00:00:00+07:00,52296.35790633159,52296.35790633159,51841.606968015665,52250.8828125,269599,0.0,0.0
2022-12-06 00:00:00+07:00,52205.40252306481,52432.77796959384,50477.3491294442,50522.82421875,572398,0.0,0.0
2022-12-07 00:00:00+07:00,51295.90052897884,51295.90052897884,48203.59446872125,49431.421875,613999,0.0,0.0
2022-12-08 00:00:00+07:00,49431.42063274211,50477.34765625,49431.42063274211,50477.34765625,468799,0.0,0.0
2022-12-09 00:00:00+07:00,51068.52535746202,51068.52535746202,50113.54848078642,50886.625,166798,0.0,0.0
2022-12-12 00:00:00+07:00,50068.07194068649,50841.1484375,49704.27123630366,50841.1484375,411598,0.0,0.0
2022-12-13 00:00:00+07:00,50750.204625,51159.48046875,49113.10125,51159.48046875,313198,0.0,0.0
2022-12-14 00:00:00+07:00,51159.47611310841,51386.8515625,50386.399585176994,51386.8515625,1387798,0.0,0.0
2022-12-15 00:00:00+07:00,50795.67539408186,51386.8515625,50477.34976493363,51386.8515625,257998,0.0,0.0
2022-12-16 00:00:00+07:00,50522.82340566873,51386.850088573956,50522.82340566873,51341.375,521599,0.0,0.0
2022-12-19 00:00:00+07:00,50477.35065569196,51068.52683454241,50477.35065569196,50932.1015625,259399,0.0,0.0
2022-12-20 00:00:00+07:00,50340.92674632353,50932.10294117647,49795.22564338235,50249.9765625,253598,0.0,0.0
2022-12-21 00:00:00+07:00,50022.59958086223,50249.97503350251,49340.47322294138,49840.69921875,484598,0.0,0.0
2022-12-22 00:00:00+07:00,50022.60249426605,50068.077587442654,48658.34969896789,49567.8515625,691798,0.0,0.0
2022-12-23 00:00:00+07:00,49567.84958419659,49567.84958419659,48203.59684334714,49385.94921875,295798,0.0,0.0
2022-12-26 00:00:00+07:00,49840.699103009254,49931.64928385417,48749.29693287037,49113.09765625,298798,0.0,0.0
2022-12-27 00:00:00+07:00,49113.09765625,49522.37347005208,48885.72220413773,49113.09765625,267799,0.0,0.0
2022-12-28 00:00:00+07:00,49294.99623579545,52523.7275390625,49204.04605823864,50022.59765625,579398,0.0,0.0
2022-12-29 00:00:00+07:00,51841.60344389542,52144.76953125,50932.10162909024,52144.76953125,332100,0.0,0.0
2022-12-30 00:00:00+07:00,52447.94139663468,54509.4765625,52144.7717436756,54509.4765625,627778,0.0,0.0
2023-01-03 00:00:00+07:00,55176.443197680215,55176.443197680215,53903.140689677915,54266.94140625,391650,0.0,0.0
2023-01-04 00:00:00+07:00,54266.93915095481,54388.204867192,53721.238098775626,53963.76953125,313200,0.0,0.0
2023-01-05 00:00:00+07:00,54812.64248110813,54812.64248110813,53842.506052668774,54266.94140625,904350,0.0,0.0
2023-01-06 00:00:00+07:00,53903.146335536934,53963.77742615525,53478.7109375,53478.7109375,207150,0.0,0.0
2023-01-09 00:00:00+07:00,53054.27553946307,53721.245958198495,52751.10942814626,53478.7109375,227400,0.0,0.0
2023-01-10 00:00:00+07:00,53539.341770643194,53539.341770643194,52933.00603841872,53357.44140625,288900,0.0,0.0
2023-01-11 00:00:00+07:00,53357.44129987216,53357.44129987216,52629.83984375,52629.83984375,425700,0.0,0.0
2023-01-12 00:00:00+07:00,52629.83953430707,52629.83953430707,51902.23808246292,52144.76953125,935100,0.0,0.0
2023-01-13 00:00:00+07:00,52205.40614601604,52872.37298454024,52205.40614601604,52326.671875,785100,0.0,0.0
2023-01-16 00:00:00+07:00,52387.30659793095,53963.77528815852,52387.30659793095,53054.2734375,685350,0.0,0.0
2023-01-17 00:00:00+07:00,53114.90640281191,53963.773585732975,53054.27176376702,53357.44140625,635983,0.0,0.0
2023-01-18 00:00:00+07:00,54206.31048728814,54206.31048728814,52993.64253311726,53660.609375,580050,0.0,0.0
2023-01-19 00:00:00+07:00,53114.90070666434,53903.13671875,53114.90070666434,53903.13671875,886950,0.0,0.0
2023-01-27 00:00:00+07:00,54327.56736778988,57662.40813949451,54327.56736778988,56995.44140625,2146050,0.0,0.0
2023-01-30 00:00:00+07:00,57601.777227117076,57601.777227117076,55843.40833354358,55904.04296875,827250,0.0,0.0
2023-01-31 00:00:00+07:00,55176.44500649208,56449.747556236194,54509.47463575084,54691.375,1449300,0.0,0.0
2023-02-01 00:00:00+07:00,54630.74168669809,55479.60883434256,52144.76777480709,52569.203125,752700,0.0,0.0
2023-02-02 00:00:00+07:00,53175.542700146325,53175.542700146325,51599.070457748414,51841.60546875,986400,0.0,0.0
2023-02-03 00:00:00+07:00,52023.5013898709,52084.136025621345,49780.0625,49780.0625,3133500,0.0,0.0
2023-02-06 00:00:00+07:00,50083.22678455962,51599.060541983126,50083.22678455962,50810.828125,550200,0.0,0.0
2023-02-07 00:00:00+07:00,51356.54281330866,51356.54281330866,50022.605482851985,50386.40625,463650,0.0,0.0
2023-02-08 00:00:00+07:00,50386.3985320605,50871.464963043814,49780.06282877536,50265.1328125,438600,0.0,0.0
2023-02-09 00:00:00+07:00,50143.86354019818,50628.93352392282,50083.23245678859,50265.1328125,947550,0.0,0.0
2023-02-10 00:00:00+07:00,50265.13262428714,50810.83368937804,50143.863352439395,50507.6640625,928650,0.0,0.0
2023-02-13 00:00:00+07:00,50507.668218174455,51053.369328164605,50022.60174909708,50628.9375,838950,0.0,0.0
2023-02-14 00:00:00+07:00,50447.03283503101,50447.03283503101,49294.99607222033,49780.0625,396600,0.0,0.0
2023-02-15 00:00:00+07:00,49719.43359375,49840.69931781871,49355.632868802415,49719.43359375,579600,0.0,0.0
2023-02-16 00:00:00+07:00,49719.43364964344,50083.234375,49598.164372696956,50083.234375,575550,0.0,0.0
2023-02-17 00:00:00+07:00,50083.238064971,50386.40417419061,49658.80266987017,50325.76953125,514350,0.0,0.0
2023-02-20 00:00:00+07:00,50325.76384732105,51235.265625,50143.86349178527,51235.265625,920250,0.0,0.0
2023-02-21 00:00:00+07:00,51477.800616628156,52023.501683235525,50992.73418611316,51235.265625,988200,0.0,0.0
2023-02-22 00:00:00+07:00,50932.105302430944,50932.105302430944,50325.76953125,50325.76953125,961200,0.0,0.0
2023-02-23 00:00:00+07:00,50083.23212601093,50325.76356353011,49113.09571771029,49780.0625,526650,0.0,0.0
2023-02-24 00:00:00+07:00,49719.4333794632,49780.06446486551,48264.230485944674,49113.09765625,1468050,0.0,0.0
2023-02-27 00:00:00+07:00,48506.759259113845,48506.759259113845,46142.0546875,46142.0546875,1554900,0.0,0.0
2023-02-28 00:00:00+07:00,46202.68965878247,46990.92570597467,46202.68965878247,46627.125,432300,0.0,0.0
2023-03-01 00:00:00+07:00,46687.76174986407,47112.19714260322,46142.06062466017,47051.5625,1589250,0.0,0.0
2023-03-02 00:00:00+07:00,47294.09955085664,48688.66796875,47294.09955085664,48688.66796875,445200,0.0,0.0
2023-03-03 00:00:00+07:00,48688.66201948454,49052.46274080756,47657.89449331644,48142.9609375,631950,0.0,0.0
2023-03-06 00:00:00+07:00,48385.4938591136,48385.4938591136,47475.99209484454,47597.2578125,201900,0.0,0.0
2023-03-07 00:00:00+07:00,48082.328125,48082.328125,46809.02564611499,48082.328125,250200,0.0,0.0
2023-03-08 00:00:00+07:00,48021.699141154764,48506.765625,46687.76186965322,48506.765625,321000,0.0,0.0
2023-03-09 00:00:00+07:00,48203.59780282976,48506.76390036137,47900.43170529816,48446.1328125,240300,0.0,0.0
2023-03-10 00:00:00+07:00,47900.4296875,48203.595772260785,47475.994326641754,47900.4296875,427800,0.0,0.0
2023-03-13 00:00:00+07:00,48506.76197361106,49052.463059136964,48264.23052631606,48628.03125,1818300,0.0,0.0
2023-03-14 00:00:00+07:00,49113.09566682156,49234.3613854555,48567.394603856876,48931.1953125,414900,0.0,0.0
2023-03-15 00:00:00+07:00,49234.36740441766,49234.36740441766,48628.03518438179,48991.8359375,1557000,0.0,0.0
2023-03-16 00:00:00+07:00,49113.0996915494,49113.0996915494,47900.43174761019,48809.93359375,490200,0.0,0.0
2023-03-17 00:00:00+07:00,48809.931494523786,48809.931494523786,47294.09396523699,47900.4296875,230400,0.0,0.0
2023-03-20 00:00:00+07:00,48446.13453498291,49113.10139436283,47900.43340837888,48506.765625,810900,0.0,0.0
2023-03-21 00:00:00+07:00,49052.46294123584,49052.46294123584,47597.26004999778,47900.4296875,369900,0.0,0.0
2023-03-22 00:00:00+07:00,48203.593675736694,48203.593675736694,47354.72654368151,47839.79296875,678600,0.0,0.0
2023-03-23 00:00:00+07:00,47475.99209484454,47779.15816535381,47294.091741990735,47597.2578125,327300,0.0,0.0
2023-03-24 00:00:00+07:00,47657.89468804651,47900.4296875,47354.72860328572,47900.4296875,2489850,0.0,0.0
2023-03-27 00:00:00+07:00,47900.42937069885,47900.42937069885,47233.45901479828,47415.359375,754800,0.0,0.0
2023-03-28 00:00:00+07:00,47415.35957111113,47536.62884690812,46748.392765193385,47172.828125,778950,0.0,0.0
2023-03-29 00:00:00+07:00,47172.82386009988,47172.82386009988,46142.05287272471,46687.75390625,1295100,0.0,0.0
2023-03-30 00:00:00+07:00,47779.16214425989,47779.16214425989,46566.49420849421,47112.1953125,828150,0.0,0.0
2023-03-31 00:00:00+07:00,47172.82995274783,47536.63068875169,46930.29494449807,47112.1953125,654000,0.0,0.0
2023-04-03 00:00:00+07:00,47294.09362792969,47294.09362792969,46384.59182739258,46566.4921875,1347750,0.0,0.0
2023-04-04 00:00:00+07:00,46687.758007991375,47051.55872896986,46263.32620201076,46445.2265625,1248750,0.0,0.0
2023-04-05 00:00:00+07:00,46627.128701507645,47172.82980379027,46445.2283340801,46869.66015625,2457750,0.0,0.0
2023-04-06 00:00:00+07:00,47112.193267822266,47233.45899031341,46566.4921875,46566.4921875,893700,0.0,0.0
2023-04-07 00:00:00+07:00,46566.490196078434,46809.025183430094,46263.3241264448,46384.58984375,504600,0.0,0.0
2023-04-10 00:00:00+07:00,46445.23049819363,46990.931625903184,46445.23049819363,46809.03125,975750,0.0,0.0
2023-04-11 00:00:00+07:00,46990.931577456526,48082.33383175042,46990.931577456526,47657.8984375,1547550,0.0,0.0
2023-04-12 00:00:00+07:00,47900.43132055049,47900.43132055049,47233.4609375,47233.4609375,907950,0.0,0.0
2023-04-13 00:00:00+07:00,47294.0895721918,47536.62454911674,46627.12282657459,46687.75390625,610950,0.0,0.0
2023-04-14 00:00:00+07:00,47051.5625,47294.09751767119,46869.66212493203,47051.5625,894300,0.0,0.0
2023-04-17 00:00:00+07:00,47051.55693806309,47839.79298776126,47051.55693806309,47354.7265625,1039500,0.0,0.0
2023-04-18 00:00:00+07:00,47597.25973520172,48203.59545345457,47172.82792989199,47415.359375,1649100,0.0,0.0
2023-04-19 00:00:00+07:00,47597.26376467103,47657.89840745192,47051.56263786815,47294.09765625,455250,0.0,0.0
2023-04-20 00:00:00+07:00,47597.26162596018,47597.26162596018,46687.759788822455,46869.66015625,430650,0.0,0.0
2023-04-21 00:00:00+07:00,47172.82386009988,47354.72420460831,46445.222482066165,46687.75390625,853500,0.0,0.0
2023-04-24 00:00:00+07:00,46566.490196078434,46869.65626571207,46384.58984375,46384.58984375,289950,0.0,0.0
2023-04-25 00:00:00+07:00,46384.59355299549,46687.759646872466,45778.2578125,45778.2578125,568350,0.0,0.0
2023-04-26 00:00:00+07:00,45778.25598754519,45960.15634716821,44868.75418943012,45838.890625,2022600,0.0,0.0
2023-04-27 00:00:00+07:00,46020.78915484671,46505.85557697482,45293.18774528392,45899.5234375,559800,0.0,0.0
2023-04-28 00:00:00+07:00,45960.15252821628,46687.75390625,45475.0861271075,46687.75390625,614550,0.0,0.0
2023-05-04 00:00:00+07:00,46687.75574248781,46687.75574248781,46081.42360543996,46142.0546875,1153050,0.0,0.0
2023-05-05 00:00:00+07:00,46566.48818897638,46687.7539010548,46081.42178792157,46202.6875,287400,0.0,0.0
2023-05-08 00:00:00+07:00,46202.693336215416,46384.59370368083,45960.15832868101,46020.79296875,403050,0.0,0.0
2023-05-09 00:00:00+07:00,46384.591703869046,46384.591703869046,45717.62490283179,45838.890625,1070250,0.0,0.0
2023-05-10 00:00:00+07:00,45838.894392009184,45960.16012414293,45535.72828530397,45596.359375,893400,0.0,0.0
2023-05-11 00:00:00+07:00,45596.35556575287,45960.15628450287,45353.82412174713,45475.08984375,614100,0.0,0.0
2023-05-12 00:00:00+07:00,45475.08984375,45596.35556575287,45111.289125,45475.08984375,870900,0.0,0.0
2023-05-15 00:00:00+07:00,45475.09364286625,45778.259749571465,45475.09364286625,45596.359375,338400,0.0,0.0
2023-05-16 00:00:00+07:00,45596.35760359995,45656.99224368204,45171.92578125,45171.92578125,309300,0.0,0.0
2023-05-17 00:00:00+07:00,44990.027129654656,45353.827878539356,44990.027129654656,45232.55859375,482100,0.0,0.0
2023-05-18 00:00:00+07:00,45232.55667076983,45232.55667076983,44565.58984375,44565.58984375,593700,0.0,0.0
2023-05-19 00:00:00+07:00,44747.48603306805,44747.48603306805,43959.25,43959.25,763350,0.0,0.0
2023-05-22 00:00:00+07:00,44201.78516703729,44262.41980144491,43656.084115592384,43716.71875,424650,0.0,0.0
2023-05-23 00:00:00+07:00,44444.32587489399,44565.591606583046,43716.72437927631,43777.35546875,986550,0.0,0.0
2023-05-24 00:00:00+07:00,44080.523341138505,44080.523341138505,43292.28723524128,43352.921875,985800,0.0,0.0
2023-05-25 00:00:00+07:00,43231.65061549031,43534.82024765733,43049.75025728664,43171.01953125,1633500,0.0,0.0
2023-05-26 00:00:00+07:00,43595.45520138645,43716.72448611355,43231.654452688534,43656.08984375,2436450,0.0,0.0
2023-05-29 00:00:00+07:00,43716.72050869565,43898.62086649502,43110.38479845063,43292.28515625,414750,0.0,0.0
2023-05-30 00:00:00+07:00,43292.28316191983,43534.818145393336,42989.11709713384,43110.3828125,1677900,0.0,0.0
2023-05-31 00:00:00+07:00,43171.02146008076,43231.65254702999,42928.48645405924,42989.12109375,1734450,0.0,0.0
2023-06-01 00:00:00+07:00,42989.12104474682,43110.38677124859,42504.05103325671,42625.3203125,1994850,0.0,0.0
2023-06-02 00:00:00+07:00,42989.115568099915,44262.41796875,42685.94596135584,44262.41796875,1169550,0.0,0.0
2023-06-05 00:00:00+07:00,45050.65226328763,45050.65226328763,44262.419780075244,44686.8515625,875850,0.0,0.0
2023-06-06 00:00:00+07:00,44323.05662404223,44504.95699808445,43898.62478643815,44141.15625,1250100,0.0,0.0
2023-06-07 00:00:00+07:00,44141.15244006417,44141.15244006417,43595.451365038345,44019.88671875,1900650,0.0,0.0
2023-06-08 00:00:00+07:00,44019.890484869786,44141.15621655884,43656.089737060945,43777.35546875,767850,0.0,0.0
2023-06-09 00:00:00+07:00,43777.35557573541,43777.35557573541,43352.92373741563,43656.08984375,1072950,0.0,0.0
2023-06-12 00:00:00+07:00,43474.18358497262,43959.25,43292.2832352447,43959.25,1319250,0.0,0.0
2023-06-13 00:00:00+07:00,44141.15457171196,45171.92568725482,44080.523484497586,44444.32421875,2155050,0.0,0.0
2023-06-14 00:00:00+07:00,44444.32590856483,44868.757746168914,44141.15625,44141.15625,760350,0.0,0.0
2023-06-15 00:00:00+07:00,44080.523484497586,44565.589945920285,43959.254204585755,44444.32421875,757200,0.0,0.0
2023-06-16 00:00:00+07:00,44565.59164034576,44868.757746168914,44019.89051821908,44141.15625,1506750,0.0,0.0
2023-06-19 00:00:00+07:00,44080.52721510828,44141.15830745397,43171.025302504546,43837.9921875,1401000,0.0,0.0
2023-06-20 00:00:00+07:00,43837.9921875,43837.9921875,43049.75601232948,43837.9921875,2391300,0.0,0.0
2023-06-21 00:00:00+07:00,43777.35550191555,44262.425534522605,43413.55475383109,44141.15625,1960950,0.0,0.0
2023-06-22 00:00:00+07:00,44383.68967114908,45171.92578125,44383.68967114908,45171.92578125,3998550,0.0,0.0
2023-06-23 00:00:00+07:00,45171.923728461,46020.790887326606,44990.02336922255,45960.15625,3879150,0.0,0.0
2023-06-26 00:00:00+07:00,45838.89059020397,46323.95703125,45050.65451485545,46323.95703125,2513850,0.0,0.0
2023-06-27 00:00:00+07:00,46323.958913123475,46323.958913123475,45171.92562474606,45778.2578125,1196550,0.0,0.0
2023-06-28 00:00:00+07:00,45778.259965844125,45899.52925129248,45171.92774956917,45353.828125,1203600,0.0,0.0
2023-06-29 00:00:00+07:00,45353.82412174713,45960.15628450287,44868.75412825287,45475.08984375,1775850,0.0,0.0
2023-06-30 00:00:00+07:00,45596.35556575287,45596.35556575287,44747.48840625,45475.08984375,1873950,0.0,0.0
2023-07-03 00:00:00+07:00,45535.728220135294,45535.728220135294,44626.22634857961,44868.7578125,1546500,0.0,0.0
2023-07-04 00:00:00+07:00,44868.7578125,44990.027097201884,44626.22634857961,44868.7578125,1578750,0.0,0.0
2023-07-05 00:00:00+07:00,45050.65226328763,45414.45296407526,44686.8515625,44686.8515625,2148450,0.0,0.0
2023-07-06 00:00:00+07:00,44686.85351509,44808.12278914554,44019.88671875,44019.88671875,1878600,0.0,0.0
2023-07-07 00:00:00+07:00,44019.89070062536,44383.6914502173,43534.82421875,43534.82421875,1965150,0.0,0.0
2023-07-10 00:00:00+07:00,44686.8515625,44808.12083125669,43837.98444490927,44686.8515625,1755750,0.0,0.0
2023-07-11 00:00:00+07:00,44686.855766076405,45353.826148754706,44686.855766076405,45171.92578125,2173050,0.0,0.0
2023-07-12 00:00:00+07:00,45293.18935785061,45293.18935785061,44747.48828125,44747.48828125,1680750,0.0,0.0
2023-07-13 00:00:00+07:00,44990.027416218385,47354.73229903089,44929.392773437496,47294.09765625,5842050,0.0,0.0
2023-07-14 00:00:00+07:00,48628.02884716577,48628.02884716577,47233.457106792375,47597.2578125,2170650,0.0,0.0
2023-07-17 00:00:00+07:00,47779.16605431045,48870.56835163791,47536.63457895447,48688.66796875,3782100,0.0,0.0
2023-07-18 00:00:00+07:00,48385.49401038793,48749.29471723295,47900.427585508325,48324.859375,1552650,0.0,0.0
2023-07-19 00:00:00+07:00,48324.865297543474,48385.4999403626,47597.26379468088,47657.8984375,1525800,0.0,0.0
2023-07-20 00:00:00+07:00,47718.527250668194,47839.79296875,47294.09190826996,47839.79296875,1051500,0.0,0.0
2023-07-21 00:00:00+07:00,48021.699141154764,48931.20101882815,47718.5330328442,48506.765625,1575150,0.0,0.0
2023-07-24 00:00:00+07:00,48567.39455175671,48809.92954150572,47839.793135251,48082.328125,2022600,0.0,0.0
2023-07-25 00:00:00+07:00,48203.597845409604,49113.0996915494,47900.43174761019,48809.93359375,2877150,0.0,0.0
2023-07-26 00:00:00+07:00,48809.93153098486,49719.433338688046,48567.3965313502,49598.1640625,2566950,0.0,0.0
2023-07-27 00:00:00+07:00,49598.16594912945,49598.16594912945,48628.033019171475,49052.46484375,1482000,0.0,0.0
2023-07-28 00:00:00+07:00,49234.3636473404,50204.50009920503,49234.3636473404,50083.234375,1907550,0.0,0.0
2023-07-31 00:00:00+07:00,50204.503798110505,50992.739945371555,49901.33768889089,50325.76953125,1868100,0.0,0.0
2023-08-01 00:00:00+07:00,50265.13446453264,50568.300549768515,49113.09765625,49113.09765625,4269450,0.0,0.0
2023-08-02 00:00:00+07:00,49113.095645923495,49416.26171875,48567.39458319101,49416.26171875,651900,0.0,0.0
2023-08-03 00:00:00+07:00,49416.26181256255,49780.06252174152,48749.29502998155,49294.99609375,832800,0.0,0.0
2023-08-04 00:00:00+07:00,49295.00204751794,49476.902424077045,48628.03518438179,48991.8359375,1855800,0.0,0.0
2023-08-07 00:00:00+07:00,49052.46313201654,49840.69921875,48870.56276990431,49840.69921875,927600,0.0,0.0
2023-08-08 00:00:00+07:00,50083.23426156515,50083.23426156515,49052.46317356188,49355.6328125,1887300,0.0,0.0
2023-08-09 00:00:00+07:00,49355.63840783357,49355.63840783357,48688.66796875,48688.66796875,1270050,0.0,0.0
2023-08-10 00:00:00+07:00,48688.662218426325,48809.931494523786,47839.79504945127,47900.4296875,1777350,0.0,0.0
2023-08-11 00:00:00+07:00,48021.69521463946,48870.56238014605,47900.42949177893,48142.9609375,853350,0.0,0.0
2023-08-14 00:00:00+07:00,48506.76165882302,48506.76165882302,47961.060576838485,48142.9609375,778650,0.0,0.0
2023-08-15 00:00:00+07:00,48082.330048904754,48142.961134212055,47475.994326641754,47900.4296875,1339350,0.0,0.0
2023-08-16 00:00:00+07:00,47900.42980263213,48628.03125,47657.894802595685,48628.03125,880200,0.0,0.0
2023-08-17 00:00:00+07:00,48628.03125,48809.93161184197,47294.09407891175,48628.03125,1240350,0.0,0.0
2023-08-18 00:00:00+07:00,48082.327788604336,48506.75957676905,46081.42390721242,47597.2578125,1903050,0.0,0.0
2023-08-21 00:00:00+07:00,48203.595772260785,48203.595772260785,46687.75824297399,47900.4296875,885450,0.0,0.0
2023-08-22 00:00:00+07:00,47900.42743575053,47900.42743575053,46748.3906834293,47597.2578125,893250,0.0,0.0
2023-08-23 00:00:00+07:00,47354.72648780744,47597.25792368489,46748.39079263128,46990.92578125,904960,0.0,0.0
2023-08-24 00:00:00+07:00,46869.662262267186,47415.363389070066,46869.662262267186,47294.09765625,579609,0.0,0.0
2023-08-25 00:00:00+07:00,47172.82999770505,47657.89646192529,46869.66034891852,47475.99609375,1114507,0.0,0.0
2023-08-28 00:00:00+07:00,47839.79304245283,48203.59375,47475.99233490566,48203.59375,1773000,0.0,0.0
2023-08-29 00:00:00+07:00,48506.76576227017,49052.466890418495,48203.59965310168,48749.30078125,2119650,0.0,0.0
2023-08-30 00:00:00+07:00,48809.92959386606,48991.82994818762,48446.12888522293,48931.1953125,759001,0.0,0.0
2023-08-31 00:00:00+07:00,48809.93359375,49295.00006077736,48809.93359375,48809.93359375,1490701,0.0,0.0
2023-09-05 00:00:00+07:00,49173.73433220592,49234.36542012085,48628.033224522034,48809.93359375,626850,0.0,0.0
2023-09-06 00:00:00+07:00,49113.0958328574,49173.73046875,48749.295122984375,49173.73046875,1408201,0.0,0.0
2023-09-07 00:00:00+07:00,49780.064650912485,51720.33755134967,49416.2639261732,51053.3671875,2712750,0.0,0.0
2023-09-08 00:00:00+07:00,50689.56656128856,51295.902287946425,50507.66619856535,50932.1015625,1042953,0.0,0.0
2023-09-11 00:00:00+07:00,51235.267492750565,51235.267492750565,49416.263871082,50689.56640625,2110200,0.0,0.0
2023-09-12 00:00:00+07:00,50325.76568191629,50689.56640625,49780.064595415715,50689.56640625,1025250,0.0,0.0
2023-09-13 00:00:00+07:00,50932.09940848447,51174.63439943864,50265.13262428714,50507.6640625,1173790,0.0,0.0
2023-09-14 00:00:00+07:00,50507.665810530096,50507.665810530096,49234.36328125,49234.36328125,867600,0.0,0.0
2023-09-15 00:00:00+07:00,49294.99817416409,49719.43353703257,48931.19744963151,49355.6328125,1342500,0.0,0.0
2023-09-18 00:00:00+07:00,49052.46101026168,49780.06242723832,48809.92957309699,49416.26171875,729900,0.0,0.0
2023-09-19 00:00:00+07:00,49416.26364257572,49537.5329186205,48688.66219727281,49234.36328125,951453,0.0,0.0
2023-09-20 00:00:00+07:00,49355.634623911305,50204.50182806128,48991.8338860268,50143.8671875,1233609,0.0,0.0
2023-09-21 00:00:00+07:00,50143.86546073179,50204.50009920503,49173.73256160861,50083.234375,976963,0.0,0.0
2023-09-22 00:00:00+07:00,49173.73229439375,49658.79874131944,48446.13084763449,49113.09765625,2282107,0.0,0.0
2023-09-25 00:00:00+07:00,49416.25963381373,49416.25963381373,48203.59184093045,48385.4921875,1784580,0.0,0.0
2023-09-26 00:00:00+07:00,48082.327788604336,48506.75957676905,47597.2578125,47597.2578125,1023613,0.0,0.0
2023-09-27 00:00:00+07:00,47597.26176408915,48324.863235910845,47294.09566841063,47961.0625,904801,0.0,0.0
2023-09-28 00:00:00+07:00,47900.42743575053,47900.42743575053,47475.99209484454,47597.2578125,730051,0.0,0.0
2023-09-29 00:00:00+07:00,47597.25979581664,48142.96087711673,47597.25979581664,47779.16015625,365553,0.0,0.0
2023-10-02 00:00:00+07:00,47779.15833333846,48809.92937162827,47597.25797984511,47839.79296875,671262,0.0,0.0
2023-10-03 00:00:00+07:00,48142.95898352105,48142.95898352105,46990.92578125,46990.92578125,1150650,0.0,0.0
2023-10-04 00:00:00+07:00,46930.296767535256,47294.09751767119,46748.396392467286,47051.5625,920700,0.0,0.0
2023-10-05 00:00:00+07:00,47415.35957111113,47536.62884690812,47112.193487101504,47172.828125,550800,0.0,0.0
2023-10-06 00:00:00+07:00,47415.363389070066,47415.363389070066,46990.931547828965,47294.09765625,539700,0.0,0.0
2023-10-09 00:00:00+07:00,47900.43340837888,48749.30064329347,47354.73228177485,48506.765625,1076400,0.0,0.0
2023-10-10 00:00:00+07:00,49113.09551886793,49355.63050814647,48082.32803173138,48203.59375,835650,0.0,0.0
2023-10-11 00:00:00+07:00,48567.40223107201,48688.66796875,48385.5018481841,48688.66796875,1384200,0.0,0.0
2023-10-12 00:00:00+07:00,48870.56637606935,49234.36712713871,48506.765625,48506.765625,625650,0.0,0.0
2023-10-13 00:00:00+07:00,48506.75790096598,48749.2928806391,48082.32612746447,48385.4921875,669300,0.0,0.0
2023-10-16 00:00:00+07:00,48870.56463849594,48870.56463849594,48142.963162226806,48446.1328125,847800,0.0,0.0
2023-10-17 00:00:00+07:00,48506.763603866275,48567.3982440986,47961.0625,47961.0625,684000,0.0,0.0
2023-10-18 00:00:00+07:00,47900.425238133605,47900.425238133605,45778.252183707846,46687.75390625,1827000,0.0,0.0
2023-10-19 00:00:00+07:00,46687.75979854267,47051.5605334735,46020.79296875,46020.79296875,1132050,0.0,0.0
2023-10-20 00:00:00+07:00,46513.65195608581,47129.72803563992,46205.61572121561,46452.046875,471450,800.0,0.0
2023-10-23 00:00:00+07:00,46760.0763311763,46760.0763311763,45774.35546875,45774.35546875,868500,0.0,0.0
2023-10-24 00:00:00+07:00,46082.40234375,46205.61611679019,45589.54003196173,46082.40234375,497550,0.0,0.0
2023-10-25 00:00:00+07:00,46082.39526877815,46575.253895084694,45774.35546875,45774.35546875,671700,0.0,0.0
2023-10-26 00:00:00+07:00,45589.5390625,45589.5390625,44357.390528858494,45589.5390625,1484550,0.0,0.0
2023-10-27 00:00:00+07:00,45466.32313958679,45589.536904173576,44727.03333243904,45343.109375,1051549,0.0,0.0
2023-10-30 00:00:00+07:00,45343.10905649476,45343.10905649476,44727.03301826132,44911.85546875,784950,0.0,0.0
2023-10-31 00:00:00+07:00,44973.4666980629,44973.4666980629,44049.3543933754,44357.390625,721650,0.0,0.0
2023-11-01 00:00:00+07:00,44049.3543933754,44418.999315250396,43802.923242187506,44357.390625,771300,0.0,0.0
2023-11-02 00:00:00+07:00,44480.599427657085,45589.53406942538,44480.599427657085,45466.3203125,561150,0.0,0.0
2023-11-03 00:00:00+07:00,46082.39631675348,46144.001390309524,45466.3203125,45466.3203125,2800800,0.0,0.0
2023-11-06 00:00:00+07:00,45589.53510574241,47314.54579097621,45589.53510574241,47191.33203125,816900,0.0,0.0
2023-11-07 00:00:00+07:00,47376.15809659302,47376.15809659302,46452.045803485315,46760.08203125,346650,0.0,0.0
2023-11-08 00:00:00+07:00,46698.468061604864,47684.18893273612,46082.39567573441,47437.7578125,797400,0.0,0.0
2023-11-09 00:00:00+07:00,47437.75885596092,47745.79866548516,46944.90021446079,47129.72265625,1064550,0.0,0.0
2023-11-10 00:00:00+07:00,46821.69140625,47191.3363289051,46636.86894492245,46821.69140625,1156050,0.0,0.0
2023-11-13 00:00:00+07:00,46821.687892806054,47129.724101966065,46760.079207048686,46883.29296875,1586850,0.0,0.0
2023-11-14 00:00:00+07:00,46944.90193499665,48238.6590749375,46944.90193499665,48115.4453125,851250,0.0,0.0
2023-11-15 00:00:00+07:00,48669.913749168365,48854.7362018743,48053.83770354406,48238.66015625,1029900,0.0,0.0
2023-11-16 00:00:00+07:00,48115.4485340004,48361.8760753746,47930.6260730629,48053.83984375,1527150,0.0,0.0
2023-11-17 00:00:00+07:00,48053.833471958176,48916.336972029945,47992.2247898769,48608.30078125,1911150,0.0,0.0
2023-11-20 00:00:00+07:00,48423.48292070108,49101.16404838118,48238.66046680527,48669.9140625,1141050,0.0,0.0
2023-11-21 00:00:00+07:00,49101.16083382714,50025.27304280641,48977.947075901015,49963.66796875,2789550,0.0,0.0
2023-11-22 00:00:00+07:00,49717.24111754448,50148.49472208311,49655.632428377925,50025.27734375,2134800,0.0,0.0
2023-11-23 00:00:00+07:00,50086.88779957051,50579.74650084608,49594.029098294945,49778.8515625,2073300,0.0,0.0
2023-11-24 00:00:00+07:00,49594.03056816557,49902.06681436567,48977.954465951494,49532.421875,2464159,0.0,0.0
2023-11-27 00:00:00+07:00,49655.630331713124,49655.630331713124,48977.94921875,48977.94921875,826800,0.0,0.0
2023-11-28 00:00:00+07:00,48423.48330889211,49039.55936342147,48300.269541911664,48731.51953125,732450,0.0,0.0
2023-11-29 00:00:00+07:00,49162.774122859286,49470.81035143555,48669.915435174524,49224.3828125,1048650,0.0,0.0
2023-11-30 00:00:00+07:00,49039.55997075086,50025.277338429136,49039.55997075086,49594.02734375,1414650,0.0,0.0
2023-12-01 00:00:00+07:00,49594.02988463288,49655.634967135506,49285.99003286449,49470.8125,803850,0.0,0.0
2023-12-04 00:00:00+07:00,50025.277338429136,50148.49471674914,49347.596196923616,49594.02734375,1485499,0.0,0.0
2023-12-05 00:00:00+07:00,49717.241892510785,49778.850582637664,49285.98828125,49285.98828125,1228950,0.0,0.0
2023-12-06 00:00:00+07:00,49101.16261539302,49470.807512396765,48916.34016689115,49347.59375,1219936,0.0,0.0
2023-12-07 00:00:00+07:00,49594.02311295517,49594.02311295517,48361.87109375,48361.87109375,1669350,0.0,0.0
2023-12-08 00:00:00+07:00,48485.093064753404,48977.951753339694,48115.448145860275,48423.484375,961050,0.0,0.0
2023-12-11 00:00:00+07:00,48423.48466854211,49409.20566150376,48423.48466854211,49285.98828125,1979700,0.0,0.0
2023-12-12 00:00:00+07:00,49594.02988463288,49594.02988463288,49162.77625804542,49470.8125,1299150,0.0,0.0
2023-12-13 00:00:00+07:00,49470.81318183443,50210.10306056578,49409.20809848273,49532.421875,2425434,0.0,0.0
2023-12-14 00:00:00+07:00,49594.02595118004,49717.23971622665,48977.94990631993,49039.55859375,1850292,0.0,0.0
2023-12-15 00:00:00+07:00,49039.56005349217,49101.16513294249,48546.69775900783,48793.12890625,1438200,0.0,0.0
2023-12-18 00:00:00+07:00,48731.51808230274,48977.94921875,48361.87318253859,48977.94921875,7082149,0.0,0.0
2023-12-19 00:00:00+07:00,48977.94852944812,49039.55721514624,48177.050054626256,48916.33984375,990000,0.0,0.0
2023-12-20 00:00:00+07:00,48916.34509859347,49532.42119231644,48546.70016432245,49470.8125,6463500,0.0,0.0
2023-12-21 00:00:00+07:00,49594.023816548244,51935.10691054983,49532.41513176994,51688.67578125,5597400,0.0,0.0
2023-12-22 00:00:00+07:00,51750.28015573072,51750.28015573072,51257.42154799478,51627.06640625,3004218,0.0,0.0
2023-12-25 00:00:00+07:00,51750.28411035235,52489.573883357385,51627.070351455965,52058.3203125,2297700,0.0,0.0
2023-12-26 00:00:00+07:00,52119.93176566307,52982.43534338394,51627.073094081636,52736.0078125,2496000,0.0,0.0
2023-12-27 00:00:00+07:00,52612.78866949433,52859.21980191192,52489.57490819225,52551.18359375,1953750,0.0,0.0
2023-12-28 00:00:00+07:00,52427.966980782505,52612.78943031501,52119.93076816615,52243.14453125,2210400,0.0,0.0
2023-12-29 00:00:00+07:00,52058.321358918234,52982.43359375,51873.49891195189,52982.43359375,2737800,0.0,0.0
2024-01-02 00:00:00+07:00,53721.72338161541,53721.72338161541,52612.7886998173,52982.43359375,2067300,0.0,0.0
2024-01-03 00:00:00+07:00,52674.39738541055,52982.43359375,52551.183624037454,52982.43359375,2508750,0.0,0.0
2024-01-04 00:00:00+07:00,52982.433230830524,53167.255676530884,52119.9296875,52119.9296875,2381400,0.0,0.0
2024-01-05 00:00:00+07:00,52119.93041816547,52366.36155249178,51195.818176708635,51380.640625,2419500,0.0,0.0
2024-01-08 00:00:00+07:00,51503.855780714584,51935.109375,51442.25070282634,51935.109375,1442250,0.0,0.0
2024-01-09 00:00:00+07:00,51996.72117768646,52674.40234375,51996.72117768646,52674.40234375,1699449,0.0,0.0
2024-01-10 00:00:00+07:00,52797.61253642634,53598.51103096481,52674.39877181024,53536.90234375,2616450,0.0,0.0
2024-01-11 00:00:00+07:00,53536.90232465934,54091.36967995437,52612.790065834306,53105.65234375,2159700,0.0,0.0
2024-01-12 00:00:00+07:00,53105.653098821465,53105.653098821465,51996.71837246427,52366.36328125,2279400,0.0,0.0
2024-01-15 00:00:00+07:00,52366.360124460996,52612.78764225378,52058.3203125,52058.3203125,1399800,0.0,0.0
2024-01-16 00:00:00+07:00,52058.31612528801,53228.859375,51996.71105570158,53228.859375,1506000,0.0,0.0
2024-01-17 00:00:00+07:00,53413.69092538245,54830.66191505678,53167.259775512,54584.234375,4034100,0.0,0.0
2024-01-18 00:00:00+07:00,54584.22873540391,55261.90981526312,54522.62005184823,54830.65625,2615400,0.0,0.0
2024-01-19 00:00:00+07:00,54830.66339069133,55200.308320538265,53844.94598430867,54337.8046875,1610700,0.0,0.0
2024-01-22 00:00:00+07:00,54337.79791864582,54461.01167664148,53783.33059294535,54029.76171875,1354350,0.0,0.0
2024-01-23 00:00:00+07:00,54337.80246168128,55385.1285167418,54214.58869338405,55323.5234375,2196450,0.0,0.0
2024-01-24 00:00:00+07:00,55385.126055712346,55693.16587748815,54953.87608092775,55077.08984375,1166400,0.0,0.0
2024-01-25 00:00:00+07:00,55015.48184457531,55200.30429602384,54584.231864404406,55138.69921875,2115600,0.0,0.0
2024-01-26 00:00:00+07:00,55138.69921875,55323.521670198534,55015.48184457531,55138.69921875,1000050,0.0,0.0
2024-01-29 00:00:00+07:00,55446.73818612365,56370.85048922571,55138.70195502752,56247.63671875,2605350,0.0,0.0
2024-01-30 00:00:00+07:00,56247.63320476766,56617.2781029155,56124.41583217608,56309.23828125,1891050,0.0,0.0
2024-01-31 00:00:00+07:00,56370.84765625,56802.101245962425,55816.3803022541,56370.84765625,3254400,0.0,0.0
2024-02-01 00:00:00+07:00,56370.84483563175,56494.05859375,55877.98619334542,56494.05859375,9375849,0.0,0.0
2024-02-02 00:00:00+07:00,56617.27734375,57110.13599806736,56370.84621168461,56617.27734375,4389750,0.0,0.0
2024-02-05 00:00:00+07:00,56617.279864473145,56617.279864473145,55261.913992489826,56062.8125,2664150,0.0,0.0
2024-02-06 00:00:00+07:00,56001.203811787345,56062.8125,55446.73644731421,56062.8125,3379650,0.0,0.0
2024-02-07 00:00:00+07:00,56124.418654356254,56370.8498021176,55816.382427014796,56186.02734375,954000,0.0,0.0
2024-02-15 00:00:00+07:00,56494.06179521618,56802.10162268812,55446.73576732673,56001.203125,1883400,0.0,0.0
2024-02-16 00:00:00+07:00,56001.200660419556,56001.200660419556,55508.34201189381,55754.76953125,836100,0.0,0.0
2024-02-19 00:00:00+07:00,55816.383301692484,56001.205762956364,54645.83984375,54645.83984375,2059800,0.0,0.0
2024-02-20 00:00:00+07:00,54645.83984375,55323.52460826003,54337.803611581425,54645.83984375,1769550,0.0,0.0
2024-02-21 00:00:00+07:00,54707.44499120861,54707.44499120861,53968.155194030114,54276.19140625,2313600,0.0,0.0
2024-02-22 00:00:00+07:00,54214.58350949716,55200.30078125,54214.58350949716,55200.30078125,1632300,0.0,0.0
2024-02-23 00:00:00+07:00,55385.124290240536,55385.124290240536,54029.762112959346,54091.3671875,2610300,0.0,0.0
2024-02-26 00:00:00+07:00,54091.37139559885,54892.26991525423,53844.94385863844,54522.625,2106150,0.0,0.0
2024-02-27 00:00:00+07:00,54830.661530292615,55385.12890625,54522.625302476394,55385.12890625,2786700,0.0,0.0
2024-02-28 00:00:00+07:00,55508.344141454174,55939.594121778966,55138.69923842521,55569.94921875,1526700,0.0,0.0
2024-02-29 00:00:00+07:00,55816.37782130683,56555.667593774466,55200.301807646014,55693.1640625,1912950,0.0,0.0
2024-03-01 00:00:00+07:00,55693.16777197548,59389.6168805178,55631.559083561915,58958.36328125,6778387,0.0,0.0
2024-03-04 00:00:00+07:00,58958.36259394536,59512.82995376303,58465.50392182306,58896.75390625,3363450,0.0,0.0
2024-03-05 00:00:00+07:00,59081.5717459794,60252.11506190508,58896.7493071392,59636.0390625,3536400,0.0,0.0
2024-03-06 00:00:00+07:00,59636.04410174619,59636.04410174619,57911.03693335005,58527.109375,2377500,0.0,0.0
2024-03-07 00:00:00+07:00,58711.93282587253,59697.65380298036,58403.8965998198,59451.22265625,2982600,0.0,0.0
2024-03-08 00:00:00+07:00,59697.65380298036,60744.983469224186,58896.7552834669,59451.22265625,5078700,0.0,0.0
2024-03-11 00:00:00+07:00,59636.04428283992,62161.94996482757,59512.83051609848,60991.41015625,4554900,0.0,0.0
2024-03-12 00:00:00+07:00,61299.44998782395,61484.272442842885,60067.297881155304,60991.41015625,2179350,0.0,0.0
2024-03-13 00:00:00+07:00,60991.41286912765,63332.499810040696,60560.15925163025,62531.59765625,4447800,0.0,0.0
2024-03-14 00:00:00+07:00,62839.63395222815,63948.568669032175,61545.87678262345,62161.94921875,3263850,0.0,0.0
2024-03-15 00:00:00+07:00,62224.11624242416,62410.60209801125,60732.22575542564,61851.14453125,2671518,600.0,0.0
2024-03-18 00:00:00+07:00,61229.51392285734,61229.51392285734,57686.28666971688,60483.57421875,7098900,0.0,0.0
2024-03-19 00:00:00+07:00,59737.639765299646,60297.097358391,58743.047274592114,59986.28515625,4164300,0.0,0.0
2024-03-20 00:00:00+07:00,59675.471063608406,61167.357840198616,59116.013522387075,61043.03515625,3893550,0.0,0.0
2024-03-21 00:00:00+07:00,61664.659849680516,62410.603286230675,60980.875937974924,61353.84765625,2956950,0.0,0.0
2024-03-22 00:00:00+07:00,61540.32778951173,61540.32778951173,60297.0900583696,61229.515625,2954850,0.0,0.0
2024-03-25 00:00:00+07:00,61105.19630787206,61105.19630787206,59675.47265625,59675.47265625,3503250,0.0,0.0
2024-03-26 00:00:00+07:00,59799.79487884322,60607.90144555116,59613.30902824152,60545.73828125,2127300,0.0,0.0
2024-03-27 00:00:00+07:00,60918.71088525836,60980.87405048077,59986.28161843144,60607.90234375,3460200,0.0,0.0
2024-03-28 00:00:00+07:00,60670.063135760895,60794.385819040785,60234.92828082875,60732.22265625,1522950,0.0,0.0
2024-03-29 00:00:00+07:00,60918.71067453723,62534.920184012735,60918.71067453723,61478.171875,4861800,0.0,0.0
2024-04-01 00:00:00+07:00,61540.331397705566,61788.97677313145,60670.065299111346,61478.171875,2426550,0.0,0.0
2024-04-02 00:00:00+07:00,61416.00569995533,61540.33203125,60545.73959240191,61540.33203125,2485500,0.0,0.0
2024-04-03 00:00:00+07:00,61726.8214093343,62410.60534358066,60297.09765625,60297.09765625,3321000,0.0,0.0
2024-04-04 00:00:00+07:00,60172.767471796826,60856.551362337785,60048.444783653846,60607.90234375,1460250,0.0,0.0
2024-04-05 00:00:00+07:00,59861.961868711296,60421.41945626935,59861.961868711296,60234.93359375,1482750,0.0,0.0
2024-04-08 00:00:00+07:00,60297.093321898945,60421.416009051536,59364.6640625,59364.6640625,1189200,0.0,0.0
2024-04-09 00:00:00+07:00,59364.668329825014,60421.420352339315,59302.50516062933,60297.09765625,2560500,0.0,0.0
2024-04-10 00:00:00+07:00,60670.066939671655,62783.574541753245,60421.417915220314,62534.921875,4841700,0.0,0.0
2024-04-11 00:00:00+07:00,62099.78579296038,62224.112116642864,61540.32826329407,62161.9453125,1376850,0.0,0.0
2024-04-12 00:00:00+07:00,62597.08967673553,64648.434144661675,62597.08967673553,64088.9765625,3007800,0.0,0.0
2024-04-15 00:00:00+07:00,64026.81100336465,64026.81100336465,59986.28515625,59986.28515625,3354150,0.0,0.0
2024-04-16 00:00:00+07:00,60234.92930532556,60421.41515456806,57437.64156668815,59613.30859375,3743550,0.0,0.0
2024-04-17 00:00:00+07:00,60172.77018427832,60172.77018427832,57251.15956395355,57499.80859375,2674500,0.0,0.0
2024-04-19 00:00:00+07:00,56878.1875,57624.130942622956,55448.46378240667,56878.1875,2971950,0.0,0.0
2024-04-22 00:00:00+07:00,57188.9920024706,58121.42123969731,56816.02030757992,58059.26171875,2137800,0.0,0.0
2024-04-23 00:00:00+07:00,57997.1030110409,57997.1030110409,56505.21611686621,57499.80859375,2592900,0.0,0.0
2024-04-24 00:00:00+07:00,57561.96703131856,58867.36803904406,56878.18676518204,58618.72265625,2720250,0.0,0.0
2024-04-25 00:00:00+07:00,58121.42371706313,58556.55859375,57810.61517217357,58556.55859375,1737750,0.0,0.0
2024-04-26 00:00:00+07:00,58307.908159006096,59116.01472689175,57499.80523342222,59053.8515625,2482050,0.0,0.0
2024-05-02 00:00:00+07:00,58991.69329933711,59799.79624216651,58556.5584239123,59737.63671875,2178849,0.0,0.0
2024-05-03 00:00:00+07:00,60048.448325138605,60172.771020613785,59240.34169879486,59986.28515625,3735750,0.0,0.0
2024-05-06 00:00:00+07:00,59986.28029223499,60048.44345608307,59240.33689526501,59613.30859375,2645850,0.0,0.0
2024-05-07 00:00:00+07:00,59861.95514313527,61664.65403982119,59364.66077972273,60918.70703125,7254000,0.0,0.0
2024-05-08 00:00:00+07:00,60918.70786395423,60980.87102609361,60172.76448748825,60670.0625,2261400,0.0,0.0
2024-05-09 00:00:00+07:00,60670.069087118565,60980.87764695753,59675.47659641104,59986.28515625,1652400,0.0,0.0
2024-05-10 00:00:00+07:00,60607.90234375,61105.19673862375,59924.122095510866,60607.90234375,3521250,0.0,0.0
2024-05-13 00:00:00+07:00,61167.35744598765,61167.35744598765,60048.44237075617,60421.4140625,846600,0.0,0.0
2024-05-14 00:00:00+07:00,60856.55034498936,60856.55034498936,59364.66354300638,59924.12109375,2286849,0.0,0.0
2024-05-15 00:00:00+07:00,60297.095232789754,60297.095232789754,59613.31132602603,60110.609375,3727950,0.0,0.0
2024-05-16 00:00:00+07:00,60483.57722522453,60732.22259151929,60110.6055334807,60421.4140625,2256300,0.0,0.0
2024-05-17 00:00:00+07:00,60545.73637520861,61851.14093062679,60297.091010435135,61602.48828125,3682650,0.0,0.0
2024-05-20 00:00:00+07:00,61975.46192176241,61975.46192176241,60545.73828125,60545.73828125,2087100,0.0,0.0
2024-05-21 00:00:00+07:00,61229.51555309513,62721.40228563433,60918.70703125,60918.70703125,3958050,0.0,0.0
2024-05-22 00:00:00+07:00,61291.68326249009,61291.68326249009,59986.278709924685,60980.87109375,2376600,0.0,0.0
2024-05-23 00:00:00+07:00,60980.87109375,60980.87109375,59737.63334569459,60980.87109375,2050950,0.0,0.0
2024-05-24 00:00:00+07:00,60297.09234833129,60483.57819720004,58556.556544789,58991.69140625,4308300,0.0,0.0
2024-05-27 00:00:00+07:00,59053.852994033674,59178.179325830984,58121.42371706313,58556.55859375,1189500,0.0,0.0
2024-05-28 00:00:00+07:00,58556.556544789,59053.85092767177,58494.3933810655,58991.69140625,1333350,0.0,0.0
2024-05-29 00:00:00+07:00,58991.69401454276,58991.69401454276,57997.1015625,57997.1015625,2781900,0.0,0.0
2024-05-30 00:00:00+07:00,57624.12653525562,57748.44921875,56878.18314968597,57748.44921875,3526299,0.0,0.0
2024-05-31 00:00:00+07:00,57748.45347090335,58370.07421875,57561.967610779546,58370.07421875,2323500,0.0,0.0
2024-06-03 00:00:00+07:00,58432.23103180886,58556.5537109375,57624.12451171875,58183.58203125,2554950,0.0,0.0
2024-06-04 00:00:00+07:00,58183.5839596519,59240.33587302365,58121.4207968765,58929.52734375,3884250,0.0,0.0
2024-06-05 00:00:00+07:00,59053.85060193019,59302.499613150896,58494.39305840991,58680.87890625,2419200,0.0,0.0
2024-06-06 00:00:00+07:00,59675.47227951218,59675.47227951218,58432.234487789596,59053.8515625,2658600,0.0,0.0
2024-06-07 00:00:00+07:00,59302.50142659675,59302.50142659675,58245.74947062173,58805.20703125,1502550,0.0,0.0
2024-06-10 00:00:00+07:00,58432.23532416449,58929.52971951123,58432.23532416449,58805.20703125,1410600,0.0,0.0
2024-06-11 00:00:00+07:00,58867.36803904406,59178.1802309895,58556.55948940053,58618.72265625,1354650,0.0,0.0
2024-06-12 00:00:00+07:00,58618.72399934963,60234.93359375,58556.560831075854,60234.93359375,2581950,0.0,0.0
2024-06-13 00:00:00+07:00,60545.73373608307,60545.73373608307,59861.953549308804,60483.57421875,2345400,0.0,0.0
2024-06-14 00:00:00+07:00,60483.5816411871,60483.5816411871,59551.15234375,59551.15234375,1332600,0.0,0.0
2024-06-17 00:00:00+07:00,59364.66411693263,59675.47265625,58743.043395996094,59675.47265625,1381350,0.0,0.0
2024-06-18 00:00:00+07:00,59675.473602484475,60297.09433327764,59675.473602484475,60048.4453125,1845450,0.0,0.0
2024-06-19 00:00:00+07:00,60048.44294067268,60172.765625,59364.662713419835,60172.765625,1212000,0.0,0.0
2024-06-20 00:00:00+07:00,59986.280159717164,61353.84426524157,59986.280159717164,60794.38671875,2166450,0.0,0.0
2024-06-21 00:00:00+07:00,61229.51703167125,61229.51703167125,60732.22265625,60732.22265625,1544700,0.0,0.0
2024-06-24 00:00:00+07:00,60732.21957268528,60856.54589195442,58929.52436629777,60483.57421875,2172600,0.0,0.0
2024-06-25 00:00:00+07:00,59924.12562966343,60234.93418950239,59675.47659641104,59986.28515625,669750,0.0,0.0
2024-06-26 00:00:00+07:00,59861.95940788487,59986.282097019735,58805.20744448388,59737.63671875,1522200,0.0,0.0
2024-06-27 00:00:00+07:00,59675.47260153238,59675.47260153238,58307.90847364667,59364.6640625,1599900,0.0,0.0
2024-06-28 00:00:00+07:00,59302.50089777281,59364.6640625,58121.42262176688,59364.6640625,1199100,0.0,0.0
2024-07-01 00:00:00+07:00,59053.847500704826,59302.49649886767,58121.41831047106,58432.23046875,750750,0.0,0.0
2024-07-02 00:00:00+07:00,58556.55717427132,59426.82326424695,58432.234487789596,59053.8515625,1950450,0.0,0.0
2024-07-03 00:00:00+07:00,59426.82411485798,59426.82411485798,58494.39484714419,58805.20703125,1293150,0.0,0.0
2024-07-04 00:00:00+07:00,59053.85092767177,59737.63480172502,58743.04239365775,58991.69140625,1573050,0.0,0.0
2024-07-05 00:00:00+07:00,59053.8515625,59302.500577765226,58556.55717427132,59053.8515625,1128300,0.0,0.0
2024-07-08 00:00:00+07:00,59737.63486189932,59737.63486189932,58805.2056166163,59302.5,1511550,0.0,0.0
2024-07-09 00:00:00+07:00,59302.503205737084,61478.17399054298,59116.01734659954,61353.84765625,5933550,0.0,0.0
2024-07-10 00:00:00+07:00,61416.00139466253,61540.32771724186,60732.2211896826,60918.70703125,2415000,0.0,0.0
2024-07-11 00:00:00+07:00,61229.51851935563,61478.17117656025,60359.2524306483,60545.73828125,2374950,0.0,0.0
2024-07-12 00:00:00+07:00,60794.385819040785,60794.385819040785,60048.44243475808,60732.22265625,2100450,0.0,0.0
2024-07-15 00:00:00+07:00,60918.70850232068,60918.70850232068,60234.92828082875,60732.22265625,2024550,0.0,0.0
2024-07-16 00:00:00+07:00,60918.71147173214,61788.97758171484,60359.25390625,60359.25390625,2533050,0.0,0.0
2024-07-17 00:00:00+07:00,60607.901003810555,60794.386853053045,58183.58496365813,59613.30859375,2357850,0.0,0.0
2024-07-18 00:00:00+07:00,59426.82363941503,59675.47265625,58307.90852711034,59675.47265625,2625600,0.0,0.0
2024-07-19 00:00:00+07:00,59675.474137931036,59737.63730425867,58991.69387753453,59488.98828125,1053000,0.0,0.0
2024-07-22 00:00:00+07:00,59053.852994033674,59426.82470482189,58307.90957245724,58556.55859375,1215600,0.0,0.0
2024-07-23 00:00:00+07:00,58618.722346553346,59364.66577559835,58183.5874655098,58307.91015625,1449150,0.0,0.0
2024-07-24 00:00:00+07:00,58307.90664290102,59302.499035799054,57499.803738329196,58929.52734375,2074800,0.0,0.0
2024-07-25 00:00:00+07:00,58494.39248892555,58991.6905065254,58494.39248892555,58929.52734375,1684500,0.0,0.0
2024-07-26 00:00:00+07:00,59240.339304519846,59799.796875,58991.69392361882,59799.796875,1347450,0.0,0.0
2024-07-29 00:00:00+07:00,60110.6061039872,60172.765625,59675.471245388995,60172.765625,626700,0.0,0.0
2024-07-30 00:00:00+07:00,59986.28456295686,60918.713875553614,59675.47600619195,60234.93359375,1327500,0.0,0.0
2024-07-31 00:00:00+07:00,60483.580237891714,60483.580237891714,59861.95950658872,60359.25390625,1316550,0.0,0.0
2024-08-01 00:00:00+07:00,59986.280159717164,61726.81596290261,59426.8226132256,60794.38671875,5164500,0.0,0.0
2024-08-02 00:00:00+07:00,59426.824464560996,61540.33203125,59426.824464560996,61540.33203125,2874300,0.0,0.0
2024-08-05 00:00:00+07:00,60234.93166042436,60918.71192028108,58121.42407227375,59178.1796875,4182150,0.0,0.0
2024-08-06 00:00:00+07:00,59240.33836488122,59488.98738414021,58370.07226092754,59426.82421875,3314550,0.0,0.0
2024-08-07 00:00:00+07:00,59986.281140564766,59986.281140564766,58494.39432552646,59364.6640625,586950,0.0,0.0
2024-08-08 00:00:00+07:00,58867.36803904406,59364.666089235994,58556.55948940053,58618.72265625,1550700,0.0,0.0
2024-08-09 00:00:00+07:00,59178.178841792855,59488.98738414021,58743.04396866509,59426.82421875,705300,0.0,0.0
2024-08-12 00:00:00+07:00,59426.82785671864,60297.09765625,59240.34199143364,60297.09765625,841500,0.0,0.0
2024-08-13 00:00:00+07:00,60421.41559494946,61353.84484795794,59986.280729444916,60545.73828125,2700450,0.0,0.0
2024-08-14 00:00:00+07:00,61043.0363110557,61353.84484795794,60297.09290864892,60545.73828125,1412400,0.0,0.0
2024-08-15 00:00:00+07:00,60421.41945626935,60483.58262454313,59053.85525036012,60234.93359375,2865450,0.0,0.0
2024-08-16 00:00:00+07:00,60172.764554248075,61105.193775865046,59737.63334569459,60980.87109375,2637000,0.0,0.0
2024-08-19 00:00:00+07:00,61540.34037102522,65207.8984375,61353.85449111302,65207.8984375,7568400,0.0,0.0
2024-08-20 00:00:00+07:00,66264.63651855808,67383.55162272474,66015.99114583334,67134.90625,4905450,0.0,0.0
2024-08-21 00:00:00+07:00,67134.90930346622,67383.5546875,66513.29220107986,67383.5546875,2387250,0.0,0.0
2024-08-22 00:00:00+07:00,67445.71707702156,68502.4653533658,67197.06442467895,67943.0078125,2476650,0.0,0.0
2024-08-23 00:00:00+07:00,68129.49843268024,68129.49843268024,66824.09741253562,67694.3671875,2638950,0.0,0.0
2024-08-26 00:00:00+07:00,66513.2842873628,66824.08915927463,63778.15625,63778.15625,8597100,0.0,0.0
2024-08-27 00:00:00+07:00,63964.64906950277,64524.106641539234,62534.921734986085,64026.80859375,3437550,0.0,0.0
2024-08-28 00:00:00+07:00,64151.1317301638,64337.617578216596,62907.89031494397,63156.54296875,2433450,0.0,0.0
2024-08-29 00:00:00+07:00,63280.86104330015,63840.318578902814,62783.5703125,62783.5703125,5255865,0.0,0.0
2024-08-30 00:00:00+07:00,62970.061944236855,63840.324445410195,62970.061944236855,63529.51953125,1375650,0.0,0.0
2024-09-04 00:00:00+07:00,62845.73500593407,63280.866252353466,62224.11789896293,62907.89453125,3520249,0.0,0.0
2024-09-05 00:00:00+07:00,63343.032338016856,63716.00405485581,62224.1171875,62224.1171875,2592450,0.0,0.0
2024-09-06 00:00:00+07:00,62161.950069288694,62534.92178427363,61602.49249681128,61913.3046875,1744050,0.0,0.0
2024-09-09 00:00:00+07:00,61726.818199324036,62161.949434159316,61167.36063256279,61851.14453125,1860150,0.0,0.0
2024-09-10 00:00:00+07:00,61851.14421718482,62410.601781105266,61478.17250790451,61540.33203125,2124450,0.0,0.0
2024-09-11 00:00:00+07:00,61353.84407471317,61788.97529243198,61229.51774767775,61664.65625,978750,0.0,0.0
2024-09-12 00:00:00+07:00,62099.78874417555,62286.27459626016,61726.817040006325,61788.9765625,1273950,0.0,0.0
2024-09-13 00:00:00+07:00,61913.3025772912,62099.78842842762,61726.816726154786,62037.62890625,1025850,0.0,0.0
2024-09-16 00:00:00+07:00,62161.949434159316,63032.219188433606,61851.14453125,61851.14453125,1986600,0.0,0.0
2024-09-17 00:00:00+07:00,61664.654586976554,62161.9453125,61664.654586976554,62161.9453125,786900,0.0,0.0
2024-09-18 00:00:00+07:00,62286.271636182486,62472.75747940459,61851.14043019866,62161.9453125,1507350,0.0,0.0
2024-09-19 00:00:00+07:00,62161.94847857209,62161.94847857209,61229.519214970496,61478.171875,2297400,0.0,0.0
2024-09-20 00:00:00+07:00,61726.81608310729,62037.62825996458,61353.84438471993,61416.00390625,2489100,0.0,0.0
2024-09-23 00:00:00+07:00,61540.328761207464,61851.14093062679,61229.51659178814,61602.48828125,917250,0.0,0.0
2024-09-24 00:00:00+07:00,61602.49071041539,62534.91997083844,61602.49071041539,61788.9765625,2171550,0.0,0.0
2024-09-25 00:00:00+07:00,62037.63102069625,62099.79054499247,61540.33297251506,61913.3046875,2280900,0.0,0.0
2024-09-26 00:00:00+07:00,62037.628584734404,62410.60028507428,61726.81640625,61726.81640625,2074200,0.0,0.0
2024-09-27 00:00:00+07:00,61913.3037405303,61913.3037405303,61291.68665326436,61540.33203125,1676250,0.0,0.0
2024-09-30 00:00:00+07:00,61602.489755443676,61664.65656157723,61229.518057056324,61416.00390625,1485300,0.0,0.0
2024-10-01 00:00:00+07:00,61540.3310785061,61664.65740787599,61167.359375,61167.359375,2264100,0.0,0.0
2024-10-02 00:00:00+07:00,61929.56606603886,62691.77610992857,61802.532299300154,62247.15234375,5197350,1400.0,0.0
2024-10-03 00:00:00+07:00,62247.15049231989,62501.221739969136,61675.492976405534,61739.01171875,1100100,0.0,0.0
2024-10-04 00:00:00+07:00,61739.01429834906,61802.53304334749,60595.69921875,60595.69921875,2820900,0.0,0.0
2024-10-07 00:00:00+07:00,60659.21796374843,61230.875503547955,60468.66545048192,60595.69921875,1275300,0.0,0.0
2024-10-08 00:00:00+07:00,60595.69877373418,60595.69877373418,60024.041238132915,60214.59375,1310850,0.0,0.0
2024-10-09 00:00:00+07:00,60214.594697898625,60341.62846723354,59897.00841369695,59960.5234375,1163400,0.0,0.0
2024-10-10 00:00:00+07:00,59833.48994123262,61040.32378147282,59833.48994123262,60659.21875,2038950,0.0,0.0
2024-10-11 00:00:00+07:00,60595.69921875,60595.69921875,60214.59419221698,60595.69921875,946500,0.0,0.0
2024-10-14 00:00:00+07:00,60341.63064674945,60595.70191632503,59960.52560325056,60151.078125,1310400,0.0,0.0
2024-10-15 00:00:00+07:00,60151.07376588041,60278.11125232632,59769.96875,59769.96875,1117500,0.0,0.0
2024-10-16 00:00:00+07:00,59897.00998014982,60278.115019850185,59897.00998014982,60087.5625,763500,0.0,0.0
2024-10-17 00:00:00+07:00,60151.08106176984,60468.67109467732,60087.56603257164,60405.15234375,819450,0.0,0.0
2024-10-18 00:00:00+07:00,60659.21830995816,60659.21830995816,60278.11328125,60278.11328125,1102350,0.0,0.0
2024-10-21 00:00:00+07:00,60341.630045314305,60468.667539700364,60024.043752806974,60087.5625,600450,0.0,0.0
2024-10-22 00:00:00+07:00,59960.52510350972,60087.562598103184,58817.20998254197,59071.28125,2535450,0.0,0.0
2024-10-23 00:00:00+07:00,59261.83557231634,59642.940624228344,59134.80179558868,59579.421875,1292850,0.0,0.0
2024-10-24 00:00:00+07:00,59642.93438241909,59769.96814585229,59325.34811297176,59706.453125,1126800,0.0,0.0
2024-10-25 00:00:00+07:00,59769.96875,59833.48749322296,59642.93498528276,59769.96875,657900,0.0,0.0
2024-10-28 00:00:00+07:00,59833.489507180886,60278.11328125,58817.20819004953,60278.11328125,1243350,0.0,0.0
2024-10-29 00:00:00+07:00,60341.63054161476,61230.878122715454,60341.63054161476,61167.359375,1615800,0.0,0.0
2024-10-30 00:00:00+07:00,61230.87629720923,61294.39132130215,60532.18125835651,60659.21875,416400,0.0,0.0
2024-10-31 00:00:00+07:00,60849.770030133215,60849.770030133215,60151.075005468054,60214.59375,713250,0.0,0.0
2024-11-01 00:00:00+07:00,59833.4914317537,59833.4914317537,58055.0,58055.0,5283300,0.0,0.0
2024-11-04 00:00:00+07:00,58436.10279124683,59198.312843835825,58245.55027809958,58880.7265625,1897200,0.0,0.0
2024-11-05 00:00:00+07:00,58880.72837735478,59642.93845343705,58817.2096304383,59388.8671875,2608800,0.0,0.0
2024-11-06 00:00:00+07:00,59452.38791895074,60278.116769512504,59198.31664453274,59897.01171875,1825950,0.0,0.0
2024-11-07 00:00:00+07:00,59897.01226851043,59960.527296401146,59007.76466075002,59261.8359375,2739750,0.0,0.0
2024-11-08 00:00:00+07:00,59261.83377016129,59261.83377016129,58817.20998254197,59071.28125,933450,0.0,0.0
2024-11-11 00:00:00+07:00,58944.24669402601,59071.28046520285,58372.58914113695,59007.76171875,1122150,0.0,0.0
2024-11-12 00:00:00+07:00,58753.69245305804,59198.3125,58499.62119642782,59198.3125,555900,0.0,0.0
2024-11-13 00:00:00+07:00,59134.79999729673,59134.79999729673,58880.72872983871,59071.28125,428250,0.0,0.0
2024-11-14 00:00:00+07:00,59071.28125,59452.38629032258,59007.76250270326,59071.28125,1482450,0.0,0.0
2024-11-15 00:00:00+07:00,59007.762602416464,59007.762602416464,57864.44747951671,58055.0,1495500,0.0,0.0
2024-11-18 00:00:00+07:00,58563.14236367331,58626.65738916181,57546.86101683936,58372.58984375,1042350,0.0,0.0
2024-11-19 00:00:00+07:00,58563.14078705807,58563.14078705807,57673.893236870026,58245.55078125,928200,0.0,0.0
2024-11-20 00:00:00+07:00,58182.0321752553,58944.2421875,57800.92716913294,58944.2421875,1101600,0.0,0.0
2024-11-21 00:00:00+07:00,58944.24310094353,59706.453125,58499.61934633437,59706.453125,1194900,0.0,0.0
2024-11-22 00:00:00+07:00,59769.97178926875,59769.97178926875,58626.656683490626,59007.76171875,2069550,0.0,0.0
2024-11-25 00:00:00+07:00,59198.31423637969,59261.83298283254,58817.20920112031,59007.76171875,1677300,0.0,0.0
2024-11-26 00:00:00+07:00,59007.757207368006,59071.27594896459,58753.689684438825,58944.2421875,2895300,0.0,0.0
2024-11-27 00:00:00+07:00,58944.24747713544,59261.83377016129,58880.72872983871,59071.28125,430350,0.0,0.0
2024-11-28 00:00:00+07:00,59515.899696683526,59515.899696683526,58944.2421875,58944.2421875,367500,0.0,0.0
2024-11-29 00:00:00+07:00,59198.31423637969,59261.83298283254,58944.24669402601,59007.76171875,1343700,0.0,0.0
2024-12-02 00:00:00+07:00,59071.27686437673,59897.00563101412,59071.27686437673,59706.453125,2439150,0.0,0.0
2024-12-03 00:00:00+07:00,59706.45406509546,59833.487830528844,59452.3828125,59452.3828125,520050,0.0,0.0
2024-12-04 00:00:00+07:00,59515.90588992611,59897.01093570636,59388.86839351338,59833.4921875,1026450,0.0,0.0
2024-12-05 00:00:00+07:00,59960.523368798735,61421.42846225596,59960.523368798735,60976.8046875,1949400,0.0,0.0
2024-12-06 00:00:00+07:00,61230.875,61294.39002274732,60786.25123212503,61230.875,1087350,0.0,0.0
2024-12-09 00:00:00+07:00,61421.42638466813,61866.04642265595,61357.90764135758,61484.94140625,1379259,0.0,0.0
2024-12-10 00:00:00+07:00,61611.984375,61993.08942531602,61167.360575721636,61611.984375,1110453,0.0,0.0
2024-12-11 00:00:00+07:00,61421.42638466813,61611.978892871106,61103.83638984406,61484.94140625,1601263,0.0,0.0
2024-12-12 00:00:00+07:00,61484.94140625,62310.67018237245,61103.83638984406,61484.94140625,3125557,0.0,0.0
2024-12-13 00:00:00+07:00,61611.984375,61675.499402233334,61357.91310087965,61611.984375,1035909,0.0,0.0
2024-12-16 00:00:00+07:00,61929.567628851204,62945.84523186442,61929.567628851204,62374.19140625,2036712,0.0,0.0
2024-12-17 00:00:00+07:00,62247.15486563536,62310.673612442486,61929.568575057514,62120.12109375,455106,0.0,0.0
2024-12-18 00:00:00+07:00,61993.08906108915,62120.12283653847,61611.984013012225,61929.5703125,500560,0.0,0.0
2024-12-19 00:00:00+07:00,61357.911964152176,61866.05078125,61230.87819030995,61866.05078125,1709604,0.0,0.0
2024-12-20 00:00:00+07:00,61739.01815119567,61866.051927391345,61484.94687707532,61611.984375,608085,0.0,0.0
2024-12-23 00:00:00+07:00,61611.97874226283,62120.11752231907,61548.459999107545,61802.53125,516163,0.0,0.0
2024-12-24 00:00:00+07:00,61802.53046109447,61802.53046109447,60976.801697530864,61739.01171875,762456,0.0,0.0
2024-12-25 00:00:00+07:00,61929.56719211131,62183.638451937266,61611.98090862547,61993.0859375,759006,0.0,0.0
2024-12-26 00:00:00+07:00,62183.64158512761,62247.156611987775,61675.49903987239,61929.5703125,622204,0.0,0.0
2024-12-27 00:00:00+07:00,61993.0859375,61993.0859375,61611.98090862547,61993.0859375,1040706,0.0,0.0
2024-12-30 00:00:00+07:00,61929.5703125,62564.74291147555,61739.01778846154,61929.5703125,1741818,0.0,0.0
2024-12-31 00:00:00+07:00,61929.5693562953,62183.640625,61929.5693562953,62183.640625,742801,0.0,0.0
2025-01-02 00:00:00+07:00,62247.15565087948,62247.15565087948,61929.5693562953,62183.640625,535207,0.0,0.0
2025-01-03 00:00:00+07:00,61929.5677042896,62183.63896621681,61103.83889432279,61357.91015625,721203,0.0,0.0
2025-01-06 00:00:00+07:00,61548.46014956055,61548.46014956055,61040.32136826218,61484.94140625,672603,0.0,0.0
2025-01-07 00:00:00+07:00,61103.84012471503,61357.911391758236,60087.5625,60087.5625,1913862,0.0,0.0
2025-01-08 00:00:00+07:00,60087.56085971689,61357.90971679687,59897.008345068454,60976.8046875,1309351,0.0,0.0
2025-01-09 00:00:00+07:00,60976.80993690852,60976.80993690852,60405.15234375,60405.15234375,954303,0.0,0.0
2025-01-10 00:00:00+07:00,60659.22200323669,60659.22200323669,59579.421875,59579.421875,1303203,0.0,0.0
2025-01-13 00:00:00+07:00,59515.903383963414,60278.113443430484,59388.865892899696,59960.5234375,2933572,0.0,0.0
2025-01-14 00:00:00+07:00,60722.732987018084,60722.732987018084,59960.522933952045,60595.69921875,1643406,0.0,0.0
2025-01-15 00:00:00+07:00,60341.63179682025,60849.77434565626,59452.38791895074,59897.01171875,652059,0.0,0.0
2025-01-16 00:00:00+07:00,59769.97135749059,60786.25268475026,59769.97135749059,60341.62890625,510450,0.0,0.0
2025-01-17 00:00:00+07:00,60659.220489952226,60659.220489952226,60278.11544754777,60468.66796875,294604,0.0,0.0
2025-01-20 00:00:00+07:00,60786.25295537175,61040.32421875,60468.66666744556,61040.32421875,520063,0.0,0.0
2025-01-21 00:00:00+07:00,61167.35815669453,61167.35815669453,59706.45676216803,60722.734375,501454,0.0,0.0
2025-01-22 00:00:00+07:00,60913.28846385981,60976.80721194857,60722.73594132247,60849.7734375,352956,0.0,0.0
2025-01-23 00:00:00+07:00,61484.94747299513,61675.5,61103.84241898539,61675.5,870451,0.0,0.0
2025-01-24 00:00:00+07:00,61802.533423062734,62247.15347559715,61739.014677674044,61993.0859375,691212,0.0,0.0
2025-02-03 00:00:00+07:00,62183.63810665679,62628.261878451194,61993.08559327758,62310.671875,893400,0.0,0.0
2025-02-04 00:00:00+07:00,62437.706430357815,62564.74020030226,62183.63889046892,62374.19140625,686100,0.0,0.0
2025-02-05 00:00:00+07:00,62310.672660413366,62437.706430357815,62183.63889046892,62374.19140625,805350,0.0,0.0
2025-02-06 00:00:00+07:00,62501.22740963855,63517.50504896784,62437.70866153211,63263.4375,2371200,0.0,0.0
2025-02-07 00:00:00+07:00,62755.297246150876,63199.92477737448,62120.12462884912,62437.7109375,904650,0.0,0.0
2025-02-10 00:00:00+07:00,62501.814590545095,62501.814590545095,60899.202707978744,61027.4140625,956550,600.0,0.0
2025-02-11 00:00:00+07:00,61091.51381905837,61476.14035675678,60578.6796875,60578.6796875,577500,0.0,0.0
2025-02-12 00:00:00+07:00,60963.304892337685,61219.723830569965,60642.78403663617,60899.19921875,647400,0.0,0.0
2025-02-13 00:00:00+07:00,61219.723830569965,61283.8257480392,60642.78403663617,60899.19921875,412650,0.0,0.0
2025-02-14 00:00:00+07:00,61540.24707317777,61668.45466920736,60899.201580792644,61283.828125,419860,0.0,0.0
2025-02-17 00:00:00+07:00,61027.409598475526,61219.72286007144,60194.050879520444,61155.6171875,894750,0.0,0.0
2025-02-18 00:00:00+07:00,61027.4102731399,61027.4102731399,60001.73828125,60001.73828125,1147803,0.0,0.0
2025-02-19 00:00:00+07:00,60001.73856911469,60899.19921875,60001.73856911469,60899.19921875,528901,0.0,0.0
2025-02-20 00:00:00+07:00,60770.990003383,60835.09567525724,60258.15589674411,60322.2578125,516300,0.0,0.0
2025-02-21 00:00:00+07:00,60322.26130507825,60835.099197528114,60322.26130507825,60450.47265625,760800,0.0,0.0
2025-02-24 00:00:00+07:00,60578.67948147877,60963.30601786911,60514.573806707536,60642.78515625,293851,0.0,0.0
2025-02-25 00:00:00+07:00,60835.09613433873,61412.035917205634,60706.88478962272,61219.72265625,557400,0.0,0.0
2025-02-26 00:00:00+07:00,61219.726205044506,61283.828125,60770.99398476305,61283.828125,931951,0.0,0.0
2025-02-27 00:00:00+07:00,61347.93219434588,61412.03786874102,60706.88671875,60706.88671875,741300,0.0,0.0
2025-02-28 00:00:00+07:00,60706.884687395264,60770.990359645315,59937.6316448681,60258.15625,867000,0.0,0.0
2025-03-03 00:00:00+07:00,60258.15589674411,60706.88433150875,60129.94455299562,60322.2578125,579000,0.0,0.0
2025-03-04 00:00:00+07:00,60322.261511694545,60642.78613460322,60194.053916202225,60386.3671875,687750,0.0,0.0
2025-03-05 00:00:00+07:00,60258.158762120154,60450.47203076935,59617.11328125,59617.11328125,1414800,0.0,0.0
2025-03-06 00:00:00+07:00,60642.78353920133,60642.78353920133,59937.63240387631,60065.84375,720150,0.0,0.0
2025-03-07 00:00:00+07:00,59937.63573711115,60386.36796126198,59681.22054284093,60194.0546875,1080600,0.0,0.0
2025-03-10 00:00:00+07:00,60194.05624497589,60194.05624497589,59809.4296875,59809.4296875,478200,0.0,0.0
2025-03-11 00:00:00+07:00,59873.53125,59873.53125,59488.90471896385,59873.53125,1031700,0.0,0.0
2025-03-12 00:00:00+07:00,59873.52951711654,59873.52951711654,58335.0234375,58335.0234375,2064900,0.0,0.0
2025-03-13 00:00:00+07:00,58783.754403342435,58847.860078125,57693.98046875,57693.98046875,1654050,0.0,0.0
2025-03-14 00:00:00+07:00,57758.08500494272,58335.024798256956,55770.84668704308,56027.265625,2716950,0.0,0.0
2025-03-17 00:00:00+07:00,56347.7890625,56668.30993254521,55065.701826200515,56347.7890625,1705350,0.0,0.0
2025-03-18 00:00:00+07:00,56347.78829187925,57052.93569878247,56347.78829187925,56540.1015625,1849501,0.0,0.0
2025-03-19 00:00:00+07:00,56860.622428161725,57565.77359118351,56475.99588692023,56540.1015625,1239000,0.0,0.0
2025-03-20 00:00:00+07:00,57437.56208668274,57886.29430230603,56732.414681662056,57565.7734375,1294950,0.0,0.0
2025-03-21 00:00:00+07:00,57565.769936770375,57565.769936770375,56924.724490023465,57437.55859375,379050,0.0,0.0
2025-03-24 00:00:00+07:00,57629.874727833376,57629.874727833376,56604.20646920052,56732.4140625,544650,0.0,0.0
2025-03-25 00:00:00+07:00,56732.41188097087,56796.51755321481,55770.845577903565,56283.6796875,1146600,0.0,0.0
2025-03-26 00:00:00+07:00,56283.68277211256,56604.20739478018,55514.4296875,55514.4296875,837448,0.0,0.0
2025-03-27 00:00:00+07:00,55514.43021144692,55642.64156417146,54424.65625,54424.65625,2013600,0.0,0.0
2025-03-28 00:00:00+07:00,54424.65190490063,54488.7575761449,52565.625,52565.625,4932300,0.0,0.0
2025-03-31 00:00:00+07:00,52565.625515001455,53398.98046875,52565.625515001455,53398.98046875,1613250,0.0,0.0
2025-04-01 00:00:00+07:00,53398.98026587123,53655.39919626799,52950.25183282482,53463.0859375,1145754,0.0,0.0
2025-04-02 00:00:00+07:00,53527.19391302435,54040.028039772726,52886.1484375,52886.1484375,1090500,0.0,0.0
2025-04-03 00:00:00+07:00,51283.53553181469,51988.68666667163,49232.1953125,49232.1953125,3947850,0.0,0.0
2025-04-04 00:00:00+07:00,45834.66143077491,46796.2277282309,45834.66143077491,46475.703125,6179850,0.0,0.0
2025-04-08 00:00:00+07:00,44552.57154888645,45642.34921500245,43270.484375,43270.484375,2808600,0.0,0.0
2025-04-09 00:00:00+07:00,40257.578125,42693.544900305256,40257.578125,40257.578125,5754150,0.0,0.0
2025-04-10 00:00:00+07:00,43014.06640625,43014.06640625,43014.06640625,43014.06640625,308250,0.0,0.0
2025-04-11 00:00:00+07:00,45962.8671875,45962.8671875,45706.44826635321,45962.8671875,5488200,0.0,0.0
2025-04-14 00:00:00+07:00,47373.16837734602,48591.14987242921,46796.22858826921,47244.95703125,2810700,0.0,0.0
2025-04-15 00:00:00+07:00,46988.5436857004,47052.64560513249,44873.097709833,45834.6640625,2906700,0.0,0.0
2025-04-16 00:00:00+07:00,45642.350310278765,45642.350310278765,43719.21762524059,43975.6328125,2827050,0.0,0.0
2025-04-17 00:00:00+07:00,43655.1089512197,44873.09415343999,43398.69002545798,44744.8828125,2468250,0.0,0.0
2025-04-18 00:00:00+07:00,45193.61598043147,46732.12205636105,45065.40839281012,46475.703125,1642500,0.0,0.0
2025-04-21 00:00:00+07:00,46475.7069728848,47116.75247630262,44552.57421875,44552.57421875,1692000,0.0,0.0
2025-04-22 00:00:00+07:00,44552.57255200104,44616.678226780175,41475.56026049896,43014.06640625,3683850,0.0,0.0
2025-04-23 00:00:00+07:00,44232.05134243132,44680.78355011867,43591.00586803775,44103.84375,1980750,0.0,0.0
2025-04-24 00:00:00+07:00,44232.05337346098,45770.55957775527,44232.05337346098,45514.140625,1834650,0.0,0.0
2025-04-25 00:00:00+07:00,45770.557968821275,45770.557968821275,44616.67835616191,44937.19921875,2261100,0.0,0.0
2025-04-28 00:00:00+07:00,44937.19749222254,45514.13727638568,44873.095575838895,45385.9296875,1296600,0.0,0.0
2025-04-29 00:00:00+07:00,45193.61567114979,45578.2421875,45129.50999971865,45578.2421875,939150,0.0,0.0
2025-05-05 00:00:00+07:00,45898.7637991611,46283.390321936524,45065.408837226605,45385.9296875,1217194,0.0,0.0
2025-05-06 00:00:00+07:00,45450.03608851741,47180.85546875,45450.03608851741,47180.85546875,2886633,0.0,0.0
2025-05-07 00:00:00+07:00,46924.438479901015,46988.54415609342,46347.498662525184,46668.01953125,1874830,0.0,0.0
2025-05-08 00:00:00+07:00,46155.18618441687,47693.692390564094,46155.18618441687,47437.2734375,2647090,0.0,0.0
2025-05-09 00:00:00+07:00,47565.48255842144,49039.883018035296,47565.48255842144,48975.77734375,3980358,0.0,0.0
2025-05-12 00:00:00+07:00,49360.40607143373,50386.078125,48719.364324558635,50386.078125,2502664,0.0,0.0
2025-05-13 00:00:00+07:00,50963.01650889599,53911.82123189049,50963.01650889599,52693.8359375,6128697,0.0,0.0
2025-05-14 00:00:00+07:00,52693.8340364697,55386.21971716524,52629.72836346129,55129.80078125,4296609,0.0,0.0
2025-05-15 00:00:00+07:00,55770.85054032948,55770.85054032948,53847.71776307673,54104.13671875,2177895,0.0,0.0
2025-05-16 00:00:00+07:00,53847.71469907407,54040.02796585648,51924.58203125,51924.58203125,2159743,0.0,0.0
2025-05-19 00:00:00+07:00,51860.4748365405,53270.773336971506,51219.433136805084,52309.20703125,1442361,0.0,0.0
2025-05-20 00:00:00+07:00,52501.52246208796,52950.254675341894,51924.582654812264,52757.94140625,1678260,0.0,0.0
2025-05-21 00:00:00+07:00,52950.25082607908,52950.25082607908,51347.639114776954,51732.265625,1327581,0.0,0.0
2025-05-22 00:00:00+07:00,51283.53407749161,51604.05867738005,50321.96779006291,50578.38671875,1581163,0.0,0.0
2025-05-23 00:00:00+07:00,50642.49609375,51283.53782817361,50001.45060320781,50642.49609375,993840,0.0,0.0
2025-05-26 00:00:00+07:00,51283.53787636839,51604.0625,50001.45065019772,51604.0625,1120260,0.0,0.0
2025-05-27 00:00:00+07:00,51924.58378552557,51924.58378552557,51283.538289220276,51475.8515625,803980,0.0,0.0
2025-05-28 00:00:00+07:00,51796.37493690972,51860.47685570802,50578.38965020123,50834.80859375,1162378,0.0,0.0
2025-05-29 00:00:00+07:00,54296.447052820746,54296.447052820746,52950.254181726996,53847.71484375,3531210,0.0,0.0
2025-05-30 00:00:00+07:00,55129.80196765747,55129.80196765747,52437.41622902111,52886.1484375,1834837,0.0,0.0
2025-06-02 00:00:00+07:00,49360.40319370272,51027.120653092454,49360.40319370272,50129.65625,4552882,0.0,0.0
2025-06-03 00:00:00+07:00,50001.449781052936,50770.702854607596,49809.13651266427,49873.2421875,2465722,0.0,0.0
2025-06-04 00:00:00+07:00,50257.86587497986,50578.38671875,49809.13368880704,50578.38671875,1798905,0.0,0.0
2025-06-05 00:00:00+07:00,50386.075958412126,50514.28355105052,49873.24183174005,49937.34375,1874664,0.0,0.0
2025-06-06 00:00:00+07:00,49937.34160170728,49937.34160170728,48527.046875,48527.046875,2211049,0.0,0.0
2025-06-09 00:00:00+07:00,48527.04959651862,48655.25719083176,47565.48324887373,47821.8984375,1040715,0.0,0.0
2025-06-10 00:00:00+07:00,47757.79657577564,49103.98946409572,47757.79657577564,48783.46484375,1018519,0.0,0.0
2025-06-11 00:00:00+07:00,49232.19741899164,49232.19741899164,48527.050010082065,48719.36328125,608937,0.0,0.0
2025-06-12 00:00:00+07:00,49488.614338725296,50386.07498204023,49424.50866558908,50193.76171875,1583532,0.0,0.0
2025-06-13 00:00:00+07:00,50001.44921875,50898.90987576499,49488.61509418693,50001.44921875,1451005,0.0,0.0
2025-06-16 00:00:00+07:00,50001.44697976736,52886.14584398471,49873.23939339714,52565.625,2555530,0.0,0.0
2025-06-17 00:00:00+07:00,52565.627298066145,52693.83489004135,51668.16288588427,51988.6875,875643,0.0,0.0
2025-06-18 00:00:00+07:00,51668.16167931217,51988.6862859429,50834.80671675639,51283.53515625,1151227,0.0,0.0
2025-06-19 00:00:00+07:00,51283.538289220276,51732.27051224584,50963.01741912695,51475.8515625,370524,0.0,0.0
2025-06-20 00:00:00+07:00,51411.74762522018,51604.06089095527,50963.015419798816,51027.12109375,751489,0.0,0.0
2025-06-23 00:00:00+07:00,50963.01700885537,51604.0625,50386.07719366078,51604.0625,899722,0.0,0.0
2025-06-24 00:00:00+07:00,51668.16126967962,51924.58020172761,51283.534749666826,51411.74609375,562084,0.0,0.0
2025-06-25 00:00:00+07:00,51475.8495430529,51668.16280878799,50963.015419798816,51027.12109375,733689,0.0,0.0
2025-06-26 00:00:00+07:00,51027.12157388554,52181.00117915341,50963.015899331156,51860.4765625,1279728,0.0,0.0
2025-06-27 00:00:00+07:00,52245.10060140226,52757.93846109774,51860.4740846898,52501.51953125,1206424,0.0,0.0
2025-06-30 00:00:00+07:00,52757.943194165004,53398.98494211658,52693.83751692238,53270.77734375,1520670,0.0,0.0
2025-07-01 00:00:00+07:00,53334.87835036079,53463.0859375,52565.625315288846,53463.0859375,1388937,0.0,0.0
2025-07-02 00:00:00+07:00,53398.9815868717,53911.81946035196,53142.56640625,53142.56640625,1417509,0.0,0.0
2025-07-03 00:00:00+07:00,53142.56737893344,53911.82044711526,52693.83517045455,52886.1484375,1358956,0.0,0.0
2025-07-04 00:00:00+07:00,52886.14787745021,53591.29526377673,52886.14787745021,53014.35546875,574882,0.0,0.0
2025-07-07 00:00:00+07:00,53206.66929720293,53398.98256424838,52565.62757779707,52886.1484375,499966,0.0,0.0
2025-07-08 00:00:00+07:00,53014.3565942935,53142.567944433795,52757.94140625,52757.94140625,1208142,0.0,0.0
2025-07-09 00:00:00+07:00,53206.668528304726,53463.08746603261,52629.72873550581,53078.4609375,1144321,0.0,0.0
2025-07-10 00:00:00+07:00,53206.6698633854,53270.77553845554,52565.6281371581,52757.94140625,1045975,0.0,0.0
2025-07-11 00:00:00+07:00,52757.93912393282,53527.1921670224,52757.93912393282,53334.87890625,1019503,0.0,0.0
2025-07-14 00:00:00+07:00,53719.505916351685,56155.47265625,53591.29457059181,56155.47265625,2779047,0.0,0.0
2025-07-15 00:00:00+07:00,56155.47496756055,56219.580643079025,55578.53515625,55578.53515625,1024090,0.0,0.0
2025-07-16 00:00:00+07:00,55129.803543552516,56411.89453125,54681.07507836514,56411.89453125,1148463,0.0,0.0
2025-07-17 00:00:00+07:00,56091.37028283542,56732.41578098782,55322.1171875,55322.1171875,2176839,0.0,0.0
2025-07-18 00:00:00+07:00,55258.015625,55963.16304825345,55129.80427086763,55258.015625,903601,0.0,0.0
2025-07-21 00:00:00+07:00,55258.0148076918,55450.32807992725,54488.76171875,54488.76171875,800959,0.0,0.0
2025-07-22 00:00:00+07:00,54488.75942631648,55129.80113605254,53911.81963388296,55065.69921875,925675,0.0,0.0
2025-07-23 00:00:00+07:00,55065.69886436,55193.90645425841,54745.17425543635,55129.80078125,575676,0.0,0.0
2025-07-24 00:00:00+07:00,55129.80078125,55322.11404415682,54552.860992529524,55129.80078125,1293523,0.0,0.0
2025-07-25 00:00:00+07:00,55129.7998185624,55578.53200954861,55129.7998185624,55386.21875,737488,0.0,0.0
2025-07-28 00:00:00+07:00,55386.21971716524,55450.325390173646,55065.69886436,55129.80078125,1598608,0.0,0.0
2025-07-29 00:00:00+07:00,55193.90693116104,55258.01260472335,54040.02734375,54040.02734375,2340600,0.0,0.0
2025-07-30 00:00:00+07:00,53975.922505270435,54809.28125,53719.50731929096,54809.28125,2583520,0.0,0.0
2025-07-31 00:00:00+07:00,54232.34431852728,54681.07655192582,53719.51016329945,54104.13671875,1415695,0.0,0.0
2025-08-01 00:00:00+07:00,54040.027655211794,57886.29296875,53591.295449926176,57886.29296875,2697978,0.0,0.0
2025-08-04 00:00:00+07:00,55129.799616597644,55706.73939312989,53847.7124763432,55450.32421875,1165065,0.0,0.0
2025-08-05 00:00:00+07:00,55386.221052631576,55514.428645621316,54809.28125,54809.28125,3609435,0.0,0.0
2025-08-06 00:00:00+07:00,54809.28304264926,55514.43046133385,54809.28304264926,55322.1171875,2021752,0.0,0.0
2025-08-07 00:00:00+07:00,55450.32442188899,56347.785047743055,55258.01116234038,55386.21875,1338154,0.0,0.0
2025-08-08 00:00:00+07:00,55770.84680944056,55770.84680944056,54937.48807634047,55001.59375,1753174,0.0,0.0
2025-08-11 00:00:00+07:00,55322.11287544172,55770.84506478403,55129.799616597644,55450.32421875,1134729,0.0,0.0
2025-08-12 00:00:00+07:00,55450.32934244867,56091.37109375,55450.32934244867,56091.37109375,1170984,0.0,0.0
2025-08-13 00:00:00+07:00,56091.36990626633,57117.041945200595,55706.7433611808,56411.89453125,1693975,0.0,0.0
2025-08-14 00:00:00+07:00,56411.89453125,56540.10212757231,55386.222492315734,56411.89453125,1173187,0.0,0.0
2025-08-15 00:00:00+07:00,56411.89527547945,56411.89527547945,55129.80427086763,55258.015625,1516320,0.0,0.0
2025-08-18 00:00:00+07:00,55258.0148076918,55322.11672769122,54104.13517427911,54488.76171875,1568050,0.0,0.0
2025-08-19 00:00:00+07:00,54488.76192636228,54681.07519933047,54232.3429770318,54424.65625,1922056,0.0,0.0
2025-08-20 00:00:00+07:00,54552.86286832464,54873.3874882695,54168.236329285646,54681.07421875,1542658,0.0,0.0
2025-08-21 00:00:00+07:00,54681.07345192742,54937.4886369452,54232.341243968556,54873.38671875,1007994,0.0,0.0
2025-08-22 00:00:00+07:00,55129.8038760607,55129.8038760607,54040.02991045175,54360.55078125,1319445,0.0,0.0
2025-08-25 00:00:00+07:00,54424.655996803514,54809.28254095054,53527.1953125,53527.1953125,803067,0.0,0.0
2025-08-26 00:00:00+07:00,53142.56689611993,54104.13322261114,53142.56689611993,53975.921875,576541,0.0,0.0
2025-08-27 00:00:00+07:00,55706.742485441624,55706.742485441624,54424.65527401782,54681.07421875,1977343,0.0,0.0
2025-08-28 00:00:00+07:00,54681.07345192742,55129.80190376778,54552.86210330003,54873.38671875,1034448,0.0,0.0
2025-08-29 00:00:00+07:00,54873.38671875,55065.69998557258,54745.17537012262,54873.38671875,1008166,0.0,0.0
2025-09-03 00:00:00+07:00,54873.388719300085,55514.43046133385,54552.86409216457,55322.1171875,991164,0.0,0.0
2025-09-04 00:00:00+07:00,55642.64033138939,57309.35407481428,55322.11571279799,56668.30859375,2466610,0.0,0.0
2025-09-05 00:00:00+07:00,56796.51909886517,56796.51909886517,55899.0546875,55899.0546875,977677,0.0,0.0
2025-09-08 00:00:00+07:00,55450.32850297757,55899.0569708714,54360.55078125,54360.55078125,1126624,0.0,0.0
2025-09-09 00:00:00+07:00,54873.386363469835,55001.59395514864,54168.23521894023,54937.48828125,650158,0.0,0.0
2025-09-10 00:00:00+07:00,54937.49099578772,55450.32890007991,54552.8644456279,55258.015625,536419,0.0,0.0
2025-09-11 00:00:00+07:00,55450.32890007991,55450.32890007991,54616.97012269409,55258.015625,1728906,0.0,0.0
2025-09-12 00:00:00+07:00,55450.32816853619,56860.62299643738,55193.90921977297,56411.89453125,1154857,0.0,0.0
2025-09-15 00:00:00+07:00,56411.89396745902,56540.1015625,55963.16175063776,56540.1015625,1370949,0.0,0.0
2025-09-16 00:00:00+07:00,56540.1002356103,57629.87415818007,56347.786969502784,56860.62109375,1098829,0.0,0.0
2025-09-17 00:00:00+07:00,56860.62137863325,58014.50098105953,55834.953125,55834.953125,930502,0.0,0.0
2025-09-18 00:00:00+07:00,56411.89417405404,57181.147259354235,56091.3695510999,56475.99609375,1220895,0.0,0.0
2025-09-19 00:00:00+07:00,57052.93492380795,57052.93492380795,56347.78752648305,56732.4140625,658293,0.0,0.0
2025-09-22 00:00:00+07:00,57052.93647904692,57501.66870200512,55770.84924274744,56347.7890625,699798,0.0,0.0
2025-09-23 00:00:00+07:00,56283.68338604351,56411.894738956486,55258.01509945137,56347.7890625,820872,0.0,0.0
2025-09-24 00:00:00+07:00,56347.785918771406,56347.785918771406,55450.32527904432,56155.47265625,602283,0.0,0.0
2025-09-25 00:00:00+07:00,56219.58200039955,56283.68392134708,55258.015625,55258.015625,1517883,0.0,0.0
2025-09-26 00:00:00+07:00,56177.88584761738,56440.70764950603,55520.8332678507,55652.24609375,675622,1400.0,0.0
2025-09-29 00:00:00+07:00,55849.362112051436,55849.362112051436,54798.07874255991,54863.78515625,431997,0.0,0.0
2025-09-30 00:00:00+07:00,54863.78273073107,55455.128878068615,54600.9609375,54600.9609375,464916,0.0,0.0
2025-10-01 00:00:00+07:00,54798.078125,55192.308902877696,54798.078125,54798.078125,707604,0.0,0.0
2025-10-02 00:00:00+07:00,54798.07631994585,54929.48529160648,54600.9609375,54600.9609375,1029378,0.0,0.0
2025-10-03 00:00:00+07:00,54535.25390625,54929.484666656404,54535.25390625,54535.25390625,1495048,0.0,0.0
2025-10-06 00:00:00+07:00,54535.2571818294,55586.54055602686,54535.2571818294,55323.71875,521511,0.0,0.0
2025-10-07 00:00:00+07:00,55389.42158513693,56046.4741327953,55389.42158513693,55783.65234375,618849,0.0,0.0
2025-10-08 00:00:00+07:00,56506.40989601217,56506.40989601217,55192.30859375,55192.30859375,532335,0.0,0.0
2025-10-09 00:00:00+07:00,55323.715791059854,56177.88372753024,55258.01323049968,55849.359375,571492,0.0,0.0
2025-10-10 00:00:00+07:00,56243.59013800021,56374.99910903035,55520.83117255996,55849.359375,719163,0.0,0.0
2025-10-13 00:00:00+07:00,55717.94593401124,56046.4741327953,55258.012615569154,55783.65234375,286645,0.0,0.0
2025-10-14 00:00:00+07:00,56177.88584761738,56243.59226056702,55652.24609375,55652.24609375,928714,0.0,0.0
2025-10-15 00:00:00+07:00,55520.83381941154,57032.05438289682,55520.83381941154,56572.1171875,1507884,0.0,0.0
2025-10-16 00:00:00+07:00,56637.82067119685,60514.421875,56637.82067119685,60514.421875,4485961,0.0,0.0
2025-10-17 00:00:00+07:00,60448.715150504744,60514.421560366485,58543.267763611875,59200.3203125,2166742,0.0,0.0
2025-10-20 00:00:00+07:00,59200.32209864151,59200.32209864151,55126.6015625,55126.6015625,3448122,0.0,0.0
2025-10-21 00:00:00+07:00,55192.30651234147,57491.98466705244,55060.89754204392,57097.75390625,1544749,0.0,0.0
2025-10-22 00:00:00+07:00,57951.922793616315,57951.922793616315,56309.29331321507,57623.3984375,1835356,0.0,0.0
2025-10-23 00:00:00+07:00,57360.57690531421,61105.76921184675,57360.57690531421,60645.83203125,4459534,0.0,0.0
2025-10-24 00:00:00+07:00,60448.71722921148,62879.80827877895,59134.61593615575,62419.87109375,2580549,0.0,0.0
2025-10-27 00:00:00+07:00,62354.167320948785,62419.869881884544,61434.29296875,61434.29296875,1220722,0.0,0.0
2025-10-28 00:00:00+07:00,61434.29360699458,62419.870530368345,60317.30771047427,62354.16796875,1278565,0.0,0.0
2025-10-29 00:00:00+07:00,62354.167670039074,62814.100998803595,60317.307421521036,62748.3984375,1708539,0.0,0.0
2025-10-30 00:00:00+07:00,62748.400861535694,63208.334208067914,61762.823904809535,62157.0546875,819060,0.0,0.0
2025-10-31 00:00:00+07:00,62157.0546875,62157.0546875,60580.13155673814,62157.0546875,1884063,0.0,0.0
2025-11-03 00:00:00+07:00,61762.8214730827,62157.052240251505,61040.0625,61040.0625,759670,0.0,0.0
2025-11-04 00:00:00+07:00,60974.36211663666,60974.36211663666,57820.51586663666,59134.6171875,2431069,0.0,0.0
2025-11-05 00:00:00+07:00,59266.022856510244,60054.484375,59134.61388673187,60054.484375,447463,0.0,0.0
2025-11-06 00:00:00+07:00,59923.07875,59988.78516351166,58806.09281976166,59134.6171875,479271,0.0,0.0
2025-11-07 00:00:00+07:00,59463.138168998965,59725.95995816874,57491.984375,57491.984375,660993,0.0,0.0
2025-11-10 00:00:00+07:00,57491.98529176857,58346.153232758625,57163.4609375,57163.4609375,417969,0.0,0.0
2025-11-11 00:00:00+07:00,57557.692603114476,58543.26953125,57097.75542001461,58543.26953125,628407,0.0,0.0
2025-11-12 00:00:00+07:00,58543.27132707634,58937.50211042366,57951.92515205537,58740.38671875,239137,0.0,0.0
2025-11-13 00:00:00+07:00,58608.975345457206,59988.78303077698,58411.8599618401,59331.73046875,794856,0.0,0.0
2025-11-14 00:00:00+07:00,59200.32360101166,59463.14155523835,58608.97742913666,59134.6171875,332461,0.0,0.0
2025-11-17 00:00:00+07:00,59134.616005737225,59725.9621657946,58937.50061905144,59003.20703125,417496,0.0,0.0
2025-11-18 00:00:00+07:00,59068.9110882361,59331.732893770975,58477.56491321513,58740.38671875,408639,0.0,0.0
2025-11-19 00:00:00+07:00,58740.386100669835,58871.79507709956,58543.270711070276,58674.6796875,261417,0.0,0.0
2025-11-20 00:00:00+07:00,58543.269516640925,58674.678490389575,57032.05284384686,57689.1015625,1816570,0.0,0.0
2025-11-21 00:00:00+07:00,57426.28335343007,57426.28335343007,56834.93719938987,57229.16796875,417808,0.0,0.0
2025-11-24 00:00:00+07:00,57557.69078476988,57557.69078476988,57229.16643573997,57491.984375,314350,0.0,0.0
2025-11-25 00:00:00+07:00,57623.39811340385,57689.100674311674,57163.4609375,57163.4609375,427126,0.0,0.0
2025-11-26 00:00:00+07:00,57163.46211930776,57426.28391810213,56966.34673268946,57294.87109375,642100,0.0,0.0
2025-11-27 00:00:00+07:00,57360.57603244041,59266.0234375,57360.57603244041,59266.0234375,1248912,0.0,0.0
2025-11-28 00:00:00+07:00,59463.1397610146,59923.076941898245,58346.15386447987,59791.66796875,667221,0.0,0.0
2025-12-01 00:00:00+07:00,59463.1394640199,60317.30740999191,58149.03818937129,60185.8984375,848470,0.0,0.0
2025-12-02 00:00:00+07:00,59857.37023140547,60185.8984375,58543.26895675686,60185.8984375,667788,0.0,0.0
2025-12-03 00:00:00+07:00,60185.897194688136,60185.897194688136,59266.022856510244,60054.484375,615042,0.0,0.0
2025-12-04 00:00:00+07:00,60185.89841439408,60448.71635927701,59331.73046875,59331.73046875,462358,0.0,0.0
2025-12-05 00:00:00+07:00,59003.2061353433,60448.71638248382,58871.793312941554,60185.8984375,696073,0.0,0.0
2025-12-08 00:00:00+07:00,60383.01626600048,60383.01626600048,58740.38671875,58740.38671875,638215,0.0,0.0
2025-12-09 00:00:00+07:00,59003.207021297654,59266.02497022778,57360.57751588983,58149.0390625,1160262,0.0,0.0
2025-12-10 00:00:00+07:00,58083.33414171386,58214.74696946309,57689.103358286135,57886.21875,603564,0.0,0.0
2025-12-11 00:00:00+07:00,58083.333578128346,58346.15538116665,57754.809211762935,57820.515625,269985,0.0,0.0
2025-12-12 00:00:00+07:00,58346.15445899407,59857.37114028183,57820.514711135256,59003.20703125,1224054,0.0,0.0
2025-12-15 00:00:00+07:00,59003.205817819224,59725.9609375,58937.49940697195,59725.9609375,846531,0.0,0.0
2025-12-16 00:00:00+07:00,59791.668541826024,60711.5390625,59331.731356534096,60711.5390625,1214091,0.0,0.0
2025-12-17 00:00:00+07:00,60842.94803690774,60842.94803690774,59857.37110407495,60711.5390625,527409,0.0,0.0
2025-12-18 00:00:00+07:00,60448.718188253755,60448.718188253755,59857.372019510265,60383.015625,246201,0.0,0.0
2025-12-19 00:00:00+07:00,60317.30890377304,60842.94865666819,59725.96273804978,60777.24609375,831814,0.0,0.0
2025-12-22 00:00:00+07:00,60580.13125867606,61959.938991303854,60054.487651068346,61697.1171875,874621,0.0,0.0
2025-12-23 00:00:00+07:00,62091.34495676892,62157.05136701056,60842.94626163644,61368.58984375,879096,0.0,0.0
2025-12-24 00:00:00+07:00,61894.23226500864,63011.21818818637,61105.77070749261,62945.515625,1417137,0.0,0.0
2025-12-25 00:00:00+07:00,62879.806788030655,63208.331141028495,62682.69140625,62682.69140625,1951258,0.0,0.0
2025-12-26 00:00:00+07:00,62551.285403954804,63011.21875,60448.71866522541,63011.21875,997080,0.0,0.0
2025-12-29 00:00:00+07:00,63142.62828525638,63733.97442783451,62551.282142678254,63076.921875,509577,0.0,0.0
2025-12-30 00:00:00+07:00,63011.21634912218,63996.79326725188,62879.807376674835,63602.5625,867894,0.0,0.0
2025-12-31 00:00:00+07:00,62945.51501265427,64391.025287431505,62945.51501265427,63733.9765625,692551,0.0,0.0
2026-01-05 00:00:00+07:00,64193.91102213418,64719.55078125,63405.44945850548,64719.55078125,978037,0.0,0.0
2026-01-06 00:00:00+07:00,64391.02376102297,65048.076320288754,63996.79299544546,64850.9609375,1178146,0.0,0.0
2026-01-07 00:00:00+07:00,64850.96096034357,67676.27888137104,64653.84557748538,67413.4609375,1900192,0.0,0.0
2026-01-08 00:00:00+07:00,67413.46157551602,68333.3359375,67019.23080606856,68333.3359375,1680066,0.0,0.0
2026-01-09 00:00:00+07:00,68800.0,69466.6640625,68000.0,68666.6640625,1154380,1000.0,0.0
2026-01-12 00:00:00+07:00,69333.3359375,69333.3359375,66133.3359375,68800.0,1797208,0.0,0.0
2026-01-13 00:00:00+07:00,67000.0,69000.0,66933.3359375,68600.0,1396404,0.0,0.0
2026-01-14 00:00:00+07:00,67400.0,68666.6640625,67000.0,67666.6640625,850279,0.0,0.0
2026-01-15 00:00:00+07:00,66733.3359375,68000.0,66333.3359375,67666.6640625,1124916,0.0,0.0
2026-01-16 00:00:00+07:00,67666.6640625,72400.0,67666.6640625,71800.0,7709248,0.0,0.0
2026-01-19 00:00:00+07:00,71800.0,76666.6640625,71333.3359375,76133.3359375,4436671,0.0,0.0
2026-01-20 00:00:00+07:00,75266.6640625,76000.0,73800.0,74600.0,3344509,0.0,0.0
2026-01-21 00:00:00+07:00,73133.3359375,75200.0,72333.3359375,73266.6640625,3324394,0.0,0.0
2026-01-22 00:00:00+07:00,73466.6640625,74600.0,71800.0,73600.0,2434803,0.0,0.0
2026-01-23 00:00:00+07:00,73333.3359375,76666.6640625,72600.0,74933.3359375,3614161,0.0,0.0
2026-01-26 00:00:00+07:00,75866.6640625,78533.3359375,75200.0,77866.6640625,5759767,0.0,0.0
2026-01-27 00:00:00+07:00,77866.6640625,78266.6640625,76933.3359375,77333.3359375,2021124,0.0,0.0
2026-01-28 00:00:00+07:00,77933.3359375,80733.3359375,76000.0,79000.0,3635079,0.0,0.0
2026-01-29 00:00:00+07:00,79933.3359375,84333.3359375,79333.3359375,84333.3359375,10046676,0.0,0.0
2026-01-30 00:00:00+07:00,83200.0,84666.6640625,81000.0,84666.6640625,5779873,0.0,0.0
2026-02-02 00:00:00+07:00,82200.0,82400.0,78800.0,78800.0,5098962,0.0,0.0
2026-02-03 00:00:00+07:00,77466.6640625,80000.0,75666.6640625,80000.0,11737330,0.0,0.0
2026-02-04 00:00:00+07:00,80466.6640625,80666.6640625,79333.3359375,79800.0,4393474,0.0,0.0
2026-02-05 00:00:00+07:00,79933.3359375,80000.0,76266.6640625,77466.6640625,4503883,0.0,0.0
2026-02-06 00:00:00+07:00,75333.3359375,75333.3359375,72066.6640625,72600.0,7607997,0.0,0.0
2026-02-09 00:00:00+07:00,73666.6640625,75866.6640625,73333.3359375,75266.6640625,3499408,0.0,0.0
2026-02-10 00:00:00+07:00,75333.3359375,76266.6640625,70000.0,75266.6640625,3383454,0.0,0.0
2026-02-11 00:00:00+07:00,74066.6640625,77266.6640625,74000.0,77266.6640625,4216606,0.0,0.0
2026-02-12 00:00:00+07:00,77266.6640625,79933.3359375,75333.3359375,79000.0,3029089,0.0,0.0
2026-02-13 00:00:00+07:00,78000.0,80000.0,76933.3359375,80000.0,2744349,0.0,0.0
2026-02-23 00:00:00+07:00,80200.0,81266.6640625,79533.3359375,80133.3359375,1859464,0.0,0.0
2026-02-24 00:00:00+07:00,80133.3359375,81200.0,79200.0,80333.3359375,2853421,0.0,0.0
2026-02-25 00:00:00+07:00,80866.6640625,80866.6640625,74733.3359375,79666.6640625,4836181,0.0,0.0
2026-02-26 00:00:00+07:00,79200.0,81266.6640625,78000.0,80000.0,4837275,0.0,0.0
2026-02-27 00:00:00+07:00,80600.0,81466.6640625,79733.3359375,81266.6640625,3983481,0.0,0.0
2026-03-02 00:00:00+07:00,80933.3359375,84600.0,80000.0,83000.0,6287736,0.0,0.0
2026-03-03 00:00:00+07:00,83000.0,83266.6640625,79666.6640625,81333.3359375,2980696,0.0,0.0
2026-03-04 00:00:00+07:00,79266.6640625,80600.0,76600.0,80600.0,4747257,0.0,0.0
2026-03-05 00:00:00+07:00,79866.6640625,79866.6640625,75333.3359375,77333.3359375,3618303,0.0,0.0
2026-03-06 00:00:00+07:00,76666.6640625,77333.3359375,73733.3359375,76333.3359375,3970578,0.0,0.0
2026-03-09 00:00:00+07:00,71133.3359375,72600.0,71000.0,71000.0,3219628,0.0,0.0
2026-03-10 00:00:00+07:00,75800.0,75800.0,72466.6640625,75666.6640625,2717041,0.0,0.0
2026-03-11 00:00:00+07:00,75533.3359375,79666.6640625,74333.3359375,79333.3359375,3182452,0.0,0.0
2026-03-12 00:00:00+07:00,79066.6640625,79066.6640625,76666.6640625,78600.0,2322693,0.0,0.0
2026-03-13 00:00:00+07:00,76666.6640625,78266.6640625,76600.0,77933.3359375,1576770,0.0,0.0
2026-03-16 00:00:00+07:00,76733.3359375,78733.3359375,76133.3359375,78666.6640625,1402752,0.0,0.0
2026-03-17 00:00:00+07:00,79133.3359375,79466.6640625,76933.3359375,78466.6640625,1375464,0.0,0.0
2026-03-18 00:00:00+07:00,78466.6640625,78466.6640625,75666.6640625,76666.6640625,1471933,0.0,0.0
2026-03-19 00:00:00+07:00,75333.3359375,77000.0,74733.3359375,76600.0,1346589,0.0,0.0
2026-03-20 00:00:00+07:00,76600.0,76600.0,75066.6640625,76133.3359375,2441580,0.0,0.0
2026-03-23 00:00:00+07:00,74066.6640625,74666.6640625,70866.6640625,70866.6640625,3709212,0.0,0.0
2026-03-24 00:00:00+07:00,71466.6640625,72333.3359375,70800.0,72333.3359375,2314015,0.0,0.0
2026-03-25 00:00:00+07:00,73000.0,74000.0,72200.0,74000.0,2720521,0.0,0.0
2026-03-26 00:00:00+07:00,74000.0,74333.3359375,68866.6640625,70666.6640625,4535589,0.0,0.0
2026-03-27 00:00:00+07:00,68533.3359375,73266.6640625,67133.3359375,73266.6640625,3525334,0.0,0.0
2026-03-30 00:00:00+07:00,70133.3359375,72000.0,70066.6640625,72000.0,2098756,0.0,0.0
2026-03-31 00:00:00+07:00,72000.0,73333.3359375,71400.0,72000.0,2376724,0.0,0.0
2026-04-01 00:00:00+07:00,72733.3359375,73133.3359375,71933.3359375,72866.6640625,1223436,0.0,0.0
2026-04-02 00:00:00+07:00,71000.0,72600.0,70800.0,72600.0,1407684,0.0,0.0
2026-04-03 00:00:00+07:00,71600.0,72533.3359375,71200.0,72533.3359375,1607707,0.0,0.0
2026-04-06 00:00:00+07:00,71200.0,71800.0,69733.3359375,69733.3359375,1061446,0.0,0.0
2026-04-07 00:00:00+07:00,69733.3359375,70066.6640625,66666.6640625,66666.6640625,2157382,0.0,0.0
2026-04-08 00:00:00+07:00,69000.0,71333.3359375,68466.6640625,71333.3359375,2131192,0.0,0.0
2026-04-09 00:00:00+07:00,71333.3359375,73333.3359375,71133.3359375,73333.3359375,1921737,0.0,0.0
2026-04-10 00:00:00+07:00,72666.6640625,73200.0,72133.3359375,72666.6640625,870183,0.0,0.0
2026-04-13 00:00:00+07:00,72666.6640625,74000.0,72533.3359375,73333.3359375,1090101,0.0,0.0
2026-04-14 00:00:00+07:00,72333.3359375,73533.3359375,72266.6640625,73000.0,869439,0.0,0.0
2026-04-15 00:00:00+07:00,73400.0,75000.0,72666.6640625,72800.0,830838,0.0,0.0
2026-04-16 00:00:00+07:00,72866.6640625,73333.3359375,71466.6640625,72600.0,847428,0.0,0.0
2026-04-17 00:00:00+07:00,72600.0,75000.0,72200.0,74000.0,2124001,0.0,0.0
2026-04-20 00:00:00+07:00,74333.3359375,76666.6640625,74333.3359375,76666.6640625,3630759,0.0,0.0
2026-04-21 00:00:00+07:00,76933.3359375,77066.6640625,74266.6640625,74600.0,2183437,0.0,0.0
2026-04-22 00:00:00+07:00,76000.0,76000.0,72666.6640625,73333.3359375,7366891,0.0,0.0
2026-04-23 00:00:00+07:00,75100.0,76600.0,71100.0,71700.0,1667317,0.0,1.5
2026-04-24 00:00:00+07:00,71900.0,72400.0,69000.0,70000.0,1342065,0.0,0.0
2026-04-28 00:00:00+07:00,70100.0,70100.0,66900.0,67000.0,1959601,0.0,0.0
2026-04-29 00:00:00+07:00,67500.0,69000.0,67000.0,67300.0,2047769,0.0,0.0
2026-05-04 00:00:00+07:00,67600.0,68900.0,67600.0,68300.0,1229062,0.0,0.0
2026-05-05 00:00:00+07:00,68300.0,68300.0,67200.0,67400.0,1152966,0.0,0.0
2026-05-06 00:00:00+07:00,68100.0,68100.0,67200.0,68000.0,1206884,0.0,0.0
2026-05-07 00:00:00+07:00,68200.0,70000.0,68100.0,69100.0,1213107,0.0,0.0
2026-05-08 00:00:00+07:00,69100.0,70100.0,69100.0,70100.0,989682,0.0,0.0
