Date,Open,High,Low,Close,Volume,Dividends,Stock Splits
2019-01-14 00:00:00+07:00,13193.27734375,13277.310546875,12857.142578125,13109.244140625,5964695,0.0,0.0
2019-01-15 00:00:00+07:00,13151.2607421875,13277.310546875,12899.1591796875,13193.27734375,3295715,0.0,0.0
2019-01-16 00:00:00+07:00,13193.27734375,13193.27734375,13067.2265625,13109.244140625,2550466,0.0,0.0
2019-01-17 00:00:00+07:00,13067.2265625,13193.27734375,12983.193359375,13109.244140625,2515205,0.0,0.0
2019-01-18 00:00:00+07:00,13025.2099609375,13067.2265625,12773.109375,12773.109375,2315476,0.0,0.0
2019-01-21 00:00:00+07:00,12773.109375,13067.2265625,12436.974609375,12899.1591796875,2162454,0.0,0.0
2019-01-22 00:00:00+07:00,12899.1591796875,13067.2265625,12899.1591796875,13025.2099609375,2104084,0.0,0.0
2019-01-23 00:00:00+07:00,13025.2099609375,13025.2099609375,12899.1591796875,13025.2099609375,1162913,0.0,0.0
2019-01-24 00:00:00+07:00,12941.1767578125,13025.2099609375,12899.1591796875,12941.1767578125,1150859,0.0,0.0
2019-01-25 00:00:00+07:00,12941.1767578125,12941.1767578125,12857.142578125,12941.1767578125,1112887,0.0,0.0
2019-01-28 00:00:00+07:00,12941.1767578125,13319.328125,12941.1767578125,13235.2939453125,3647205,0.0,0.0
2019-01-29 00:00:00+07:00,13277.310546875,13781.5126953125,13151.2607421875,13697.478515625,6259672,0.0,0.0
2019-01-30 00:00:00+07:00,13697.478515625,14579.83203125,13697.478515625,14117.6474609375,10748019,0.0,0.0
2019-01-31 00:00:00+07:00,14117.6474609375,14243.697265625,13781.5126953125,13823.529296875,3703730,0.0,0.0
2019-02-01 00:00:00+07:00,13739.49609375,14033.61328125,13739.49609375,13907.5634765625,1926847,0.0,0.0
2019-02-11 00:00:00+07:00,13991.5966796875,14369.748046875,13991.5966796875,14243.697265625,4465330,0.0,0.0
2019-02-12 00:00:00+07:00,14285.7138671875,14285.7138671875,14159.6640625,14201.6806640625,3196945,0.0,0.0
2019-02-13 00:00:00+07:00,14201.6806640625,14201.6806640625,14033.61328125,14159.6640625,4660169,0.0,0.0
2019-02-14 00:00:00+07:00,14117.6474609375,14453.78125,14033.61328125,14159.6640625,6711480,0.0,0.0
2019-02-15 00:00:00+07:00,14243.697265625,14285.7138671875,14075.6298828125,14075.6298828125,3874590,0.0,0.0
2019-02-18 00:00:00+07:00,14159.6640625,14705.8828125,14159.6640625,14705.8828125,10704882,0.0,0.0
2019-02-19 00:00:00+07:00,14705.8828125,14789.916015625,14201.6806640625,14243.697265625,4405509,0.0,0.0
2019-02-20 00:00:00+07:00,14201.6806640625,14285.7138671875,13907.5634765625,13907.5634765625,6398973,0.0,0.0
2019-02-21 00:00:00+07:00,13865.5458984375,14117.6474609375,13739.49609375,13823.529296875,5399016,0.0,0.0
2019-02-22 00:00:00+07:00,13823.529296875,13907.5634765625,13403.361328125,13613.4453125,6756746,0.0,0.0
2019-02-25 00:00:00+07:00,13613.4453125,13865.5458984375,13613.4453125,13781.5126953125,3096580,0.0,0.0
2019-02-26 00:00:00+07:00,13781.5126953125,13823.529296875,13571.4287109375,13655.4619140625,2113379,0.0,0.0
2019-02-27 00:00:00+07:00,13655.4619140625,13865.5458984375,13655.4619140625,13781.5126953125,1625050,0.0,0.0
2019-02-28 00:00:00+07:00,13823.529296875,13823.529296875,13529.412109375,13529.412109375,2013538,0.0,0.0
2019-03-01 00:00:00+07:00,13529.412109375,14033.61328125,13487.39453125,14033.61328125,3098556,0.0,0.0
2019-03-04 00:00:00+07:00,14117.6474609375,14243.697265625,13823.529296875,13823.529296875,2409652,0.0,0.0
2019-03-05 00:00:00+07:00,13949.580078125,14369.748046875,13823.529296875,14117.6474609375,4650054,0.0,0.0
2019-03-06 00:00:00+07:00,14201.6806640625,14327.7314453125,13991.5966796875,14159.6640625,3354560,0.0,0.0
2019-03-07 00:00:00+07:00,14201.6806640625,14285.7138671875,14033.61328125,14243.697265625,2349141,0.0,0.0
2019-03-08 00:00:00+07:00,14117.6474609375,14117.6474609375,13949.580078125,14033.61328125,1578640,0.0,0.0
2019-03-11 00:00:00+07:00,14033.61328125,14033.61328125,13571.4287109375,13739.49609375,3142264,0.0,0.0
2019-03-12 00:00:00+07:00,13907.5634765625,14033.61328125,13613.4453125,13739.49609375,3783961,0.0,0.0
2019-03-13 00:00:00+07:00,14033.61328125,14075.6298828125,13865.5458984375,13865.5458984375,3347610,0.0,0.0
2019-03-14 00:00:00+07:00,13907.5634765625,13949.580078125,13823.529296875,13949.580078125,2082201,0.0,0.0
2019-03-15 00:00:00+07:00,13949.580078125,13949.580078125,13697.478515625,13697.478515625,2280574,0.0,0.0
2019-03-18 00:00:00+07:00,13697.478515625,13697.478515625,13109.244140625,13277.310546875,6776227,0.0,0.0
2019-03-19 00:00:00+07:00,13277.310546875,13529.412109375,13025.2099609375,13067.2265625,3147298,0.0,0.0
2019-03-20 00:00:00+07:00,13067.2265625,13571.4287109375,12815.1259765625,13319.328125,5546124,0.0,0.0
2019-03-21 00:00:00+07:00,13403.361328125,13445.3779296875,12857.142578125,12857.142578125,2573777,0.0,0.0
2019-03-22 00:00:00+07:00,12857.142578125,13151.2607421875,12857.142578125,13025.2099609375,2631659,0.0,0.0
2019-03-25 00:00:00+07:00,12689.0751953125,12815.1259765625,12478.9912109375,12521.0087890625,3798276,0.0,0.0
2019-03-26 00:00:00+07:00,12731.0927734375,12731.0927734375,12436.974609375,12478.9912109375,1831896,0.0,0.0
2019-03-27 00:00:00+07:00,12605.0419921875,13067.2265625,12605.0419921875,12941.1767578125,4396227,0.0,0.0
2019-03-28 00:00:00+07:00,12899.1591796875,12941.1767578125,12815.1259765625,12815.1259765625,544744,0.0,0.0
2019-03-29 00:00:00+07:00,12941.1767578125,12983.193359375,12731.0927734375,12731.0927734375,828904,0.0,0.0
2019-04-01 00:00:00+07:00,12773.109375,12857.142578125,12647.05859375,12857.142578125,1669770,0.0,0.0
2019-04-02 00:00:00+07:00,13025.2099609375,13067.2265625,12857.142578125,12857.142578125,2495023,0.0,0.0
2019-04-03 00:00:00+07:00,12899.1591796875,12899.1591796875,12773.109375,12857.142578125,699611,0.0,0.0
2019-04-04 00:00:00+07:00,12941.1767578125,12983.193359375,12815.1259765625,12815.1259765625,1556876,0.0,0.0
2019-04-05 00:00:00+07:00,12941.1767578125,13067.2265625,12815.1259765625,12941.1767578125,2437344,0.0,0.0
2019-04-08 00:00:00+07:00,12983.193359375,13109.244140625,12941.1767578125,13067.2265625,2811301,0.0,0.0
2019-04-09 00:00:00+07:00,13151.2607421875,13151.2607421875,12815.1259765625,12815.1259765625,1188998,0.0,0.0
2019-04-10 00:00:00+07:00,12815.1259765625,12815.1259765625,12605.0419921875,12647.05859375,1659893,0.0,0.0
2019-04-11 00:00:00+07:00,12689.0751953125,12731.0927734375,12605.0419921875,12647.05859375,810495,0.0,0.0
2019-04-12 00:00:00+07:00,12605.0419921875,12731.0927734375,12563.025390625,12731.0927734375,1976232,0.0,0.0
2019-04-16 00:00:00+07:00,12647.05859375,12647.05859375,12521.0087890625,12605.0419921875,799642,0.0,0.0
2019-04-17 00:00:00+07:00,12689.0751953125,12689.0751953125,12310.9248046875,12310.9248046875,1320136,0.0,0.0
2019-04-18 00:00:00+07:00,12310.9248046875,12563.025390625,12016.806640625,12100.8408203125,2376786,0.0,0.0
2019-04-19 00:00:00+07:00,12100.8408203125,12268.9072265625,11722.689453125,11848.7392578125,3464957,0.0,0.0
2019-04-22 00:00:00+07:00,11848.7392578125,12058.8232421875,11764.7060546875,11974.7900390625,766441,0.0,0.0
2019-04-23 00:00:00+07:00,11932.7734375,12184.8740234375,11764.7060546875,11890.755859375,1886790,0.0,0.0
2019-04-24 00:00:00+07:00,11932.7734375,12184.8740234375,11848.7392578125,12184.8740234375,1328835,0.0,0.0
2019-04-25 00:00:00+07:00,12184.8740234375,12184.8740234375,11974.7900390625,12058.8232421875,604316,0.0,0.0
2019-04-26 00:00:00+07:00,11932.7734375,12436.974609375,11890.755859375,12436.974609375,1339736,0.0,0.0
2019-05-02 00:00:00+07:00,12436.974609375,12478.9912109375,12268.9072265625,12310.9248046875,882954,0.0,0.0
2019-05-03 00:00:00+07:00,12310.9248046875,12352.94140625,12226.890625,12268.9072265625,652808,0.0,0.0
2019-05-06 00:00:00+07:00,11932.7734375,12100.8408203125,11848.7392578125,11974.7900390625,856215,0.0,0.0
2019-05-07 00:00:00+07:00,11974.7900390625,12058.8232421875,11680.671875,11680.671875,2241280,0.0,0.0
2019-05-08 00:00:00+07:00,11680.671875,11764.7060546875,11470.587890625,11512.60546875,2178770,0.0,0.0
2019-05-09 00:00:00+07:00,11638.6552734375,11680.671875,11176.470703125,11344.5380859375,3379467,0.0,0.0
2019-05-10 00:00:00+07:00,11470.587890625,11470.587890625,11218.4873046875,11428.5712890625,1797077,0.0,0.0
2019-05-13 00:00:00+07:00,11596.638671875,12016.806640625,11596.638671875,11974.7900390625,3928592,0.0,0.0
2019-05-14 00:00:00+07:00,12100.8408203125,12773.109375,12100.8408203125,12773.109375,7809052,0.0,0.0
2019-05-15 00:00:00+07:00,13235.2939453125,13403.361328125,12983.193359375,13025.2099609375,5532379,0.0,0.0
2019-05-16 00:00:00+07:00,12941.1767578125,13109.244140625,12773.109375,12773.109375,2743828,0.0,0.0
2019-05-17 00:00:00+07:00,12857.142578125,13151.2607421875,12815.1259765625,12983.193359375,3588931,0.0,0.0
2019-05-20 00:00:00+07:00,13025.2099609375,13109.244140625,12941.1767578125,13025.2099609375,2737926,0.0,0.0
2019-05-21 00:00:00+07:00,13025.2099609375,13109.244140625,12899.1591796875,12941.1767578125,2731227,0.0,0.0
2019-05-22 00:00:00+07:00,12983.193359375,13235.2939453125,12941.1767578125,12983.193359375,3176001,0.0,0.0
2019-05-23 00:00:00+07:00,12899.1591796875,13025.2099609375,12857.142578125,13025.2099609375,1651159,0.0,0.0
2019-05-24 00:00:00+07:00,13025.2099609375,13277.310546875,12857.142578125,13193.27734375,3916240,0.0,0.0
2019-05-27 00:00:00+07:00,13277.310546875,13403.361328125,13193.27734375,13277.310546875,3106410,0.0,0.0
2019-05-28 00:00:00+07:00,13445.3779296875,13613.4453125,13277.310546875,13445.3779296875,7455443,0.0,0.0
2019-05-29 00:00:00+07:00,13277.310546875,13361.3447265625,13193.27734375,13193.27734375,3148000,0.0,0.0
2019-05-30 00:00:00+07:00,13277.310546875,13277.310546875,13151.2607421875,13193.27734375,1216119,0.0,0.0
2019-05-31 00:00:00+07:00,13193.27734375,13193.27734375,12815.1259765625,12815.1259765625,2063303,0.0,0.0
2019-06-03 00:00:00+07:00,12731.0927734375,12941.1767578125,12521.0087890625,12773.109375,1407625,0.0,0.0
2019-06-04 00:00:00+07:00,12773.109375,13109.244140625,12773.109375,13025.2099609375,1615186,0.0,0.0
2019-06-05 00:00:00+07:00,13109.244140625,13151.2607421875,13025.2099609375,13109.244140625,2298923,0.0,0.0
2019-06-06 00:00:00+07:00,13109.244140625,13235.2939453125,13025.2099609375,13235.2939453125,1741326,0.0,0.0
2019-06-07 00:00:00+07:00,13319.328125,13529.412109375,13319.328125,13487.39453125,4422204,0.0,0.0
2019-06-10 00:00:00+07:00,13697.478515625,13781.5126953125,13487.39453125,13529.412109375,5083143,0.0,0.0
2019-06-11 00:00:00+07:00,13529.412109375,13571.4287109375,13277.310546875,13319.328125,2463643,0.0,0.0
2019-06-12 00:00:00+07:00,13319.328125,13319.328125,13151.2607421875,13235.2939453125,2918117,0.0,0.0
2019-06-13 00:00:00+07:00,13235.2939453125,13235.2939453125,12983.193359375,13109.244140625,2195822,0.0,0.0
2019-06-14 00:00:00+07:00,12941.1767578125,13235.2939453125,12941.1767578125,13109.244140625,892724,0.0,0.0
2019-06-17 00:00:00+07:00,13403.361328125,13445.3779296875,13193.27734375,13403.361328125,8493837,0.0,0.0
2019-06-18 00:00:00+07:00,13445.3779296875,13487.39453125,13235.2939453125,13277.310546875,11837821,0.0,0.0
2019-06-19 00:00:00+07:00,13361.3447265625,13361.3447265625,13151.2607421875,13151.2607421875,2751861,0.0,0.0
2019-06-20 00:00:00+07:00,13109.244140625,13151.2607421875,12983.193359375,13025.2099609375,1448775,0.0,0.0
2019-06-21 00:00:00+07:00,13109.244140625,13193.27734375,12857.142578125,12941.1767578125,44453376,0.0,0.0
2019-06-24 00:00:00+07:00,12941.1767578125,12941.1767578125,12436.974609375,12478.9912109375,3475262,0.0,0.0
2019-06-25 00:00:00+07:00,12478.9912109375,12773.109375,12394.9580078125,12478.9912109375,2890996,0.0,0.0
2019-06-26 00:00:00+07:00,12478.9912109375,12605.0419921875,12436.974609375,12436.974609375,1807703,0.0,0.0
2019-06-27 00:00:00+07:00,12436.974609375,12478.9912109375,12100.8408203125,12142.857421875,1591956,0.0,0.0
2019-06-28 00:00:00+07:00,12142.857421875,12773.109375,12058.8232421875,12773.109375,3225386,0.0,0.0
2019-07-01 00:00:00+07:00,12605.0419921875,12689.0751953125,12521.0087890625,12605.0419921875,1271038,0.0,0.0
2019-07-02 00:00:00+07:00,12605.0419921875,12605.0419921875,12184.8740234375,12436.974609375,806794,0.0,0.0
2019-07-03 00:00:00+07:00,12352.94140625,12478.9912109375,12268.9072265625,12394.9580078125,588632,0.0,0.0
2019-07-04 00:00:00+07:00,12478.9912109375,12563.025390625,12352.94140625,12436.974609375,644240,0.0,0.0
2019-07-05 00:00:00+07:00,12478.9912109375,12478.9912109375,12310.9248046875,12352.94140625,670134,0.0,0.0
2019-07-08 00:00:00+07:00,12352.94140625,12436.974609375,12268.9072265625,12310.9248046875,669991,0.0,0.0
2019-07-09 00:00:00+07:00,12268.9072265625,12352.94140625,12184.8740234375,12184.8740234375,727981,0.0,0.0
2019-07-10 00:00:00+07:00,12268.9072265625,12478.9912109375,12268.9072265625,12352.94140625,1178467,0.0,0.0
2019-07-11 00:00:00+07:00,12436.974609375,12478.9912109375,12310.9248046875,12436.974609375,1175897,0.0,0.0
2019-07-12 00:00:00+07:00,12521.0087890625,12605.0419921875,12352.94140625,12521.0087890625,1274821,0.0,0.0
2019-07-15 00:00:00+07:00,12394.9580078125,12521.0087890625,12352.94140625,12352.94140625,697041,0.0,0.0
2019-07-16 00:00:00+07:00,12352.94140625,12436.974609375,12268.9072265625,12268.9072265625,1359299,0.0,0.0
2019-07-17 00:00:00+07:00,12268.9072265625,12268.9072265625,12142.857421875,12226.890625,874946,0.0,0.0
2019-07-18 00:00:00+07:00,12226.890625,12226.890625,12016.806640625,12058.8232421875,1054778,0.0,0.0
2019-07-19 00:00:00+07:00,12100.8408203125,12184.8740234375,11764.7060546875,11806.72265625,1639794,0.0,0.0
2019-07-22 00:00:00+07:00,11848.7392578125,12100.8408203125,11680.671875,11764.7060546875,1794030,0.0,0.0
2019-07-23 00:00:00+07:00,11764.7060546875,11890.755859375,11722.689453125,11848.7392578125,915572,0.0,0.0
2019-07-24 00:00:00+07:00,12100.8408203125,12100.8408203125,11806.72265625,11806.72265625,831106,0.0,0.0
2019-07-25 00:00:00+07:00,12016.806640625,12016.806640625,11848.7392578125,11890.755859375,1267062,0.0,0.0
2019-07-26 00:00:00+07:00,12016.806640625,12100.8408203125,11890.755859375,11890.755859375,1128439,0.0,0.0
2019-07-29 00:00:00+07:00,11974.7900390625,12016.806640625,11722.689453125,11806.72265625,934945,0.0,0.0
2019-07-30 00:00:00+07:00,11806.72265625,11848.7392578125,11596.638671875,11596.638671875,1657953,0.0,0.0
2019-07-31 00:00:00+07:00,11596.638671875,11848.7392578125,11512.60546875,11848.7392578125,1293932,0.0,0.0
2019-08-01 00:00:00+07:00,11932.7734375,11974.7900390625,11596.638671875,11680.671875,1329216,0.0,0.0
2019-08-02 00:00:00+07:00,11722.689453125,11974.7900390625,11596.638671875,11764.7060546875,2429027,0.0,0.0
2019-08-05 00:00:00+07:00,11806.72265625,12058.8232421875,11680.671875,11680.671875,1820461,0.0,0.0
2019-08-06 00:00:00+07:00,11260.50390625,11638.6552734375,11260.50390625,11302.521484375,1877294,0.0,0.0
2019-08-07 00:00:00+07:00,11344.5380859375,11596.638671875,11218.4873046875,11260.50390625,2523524,0.0,0.0
2019-08-08 00:00:00+07:00,11302.521484375,11386.5546875,11134.4541015625,11218.4873046875,1675351,0.0,0.0
2019-08-09 00:00:00+07:00,11386.5546875,11428.5712890625,11260.50390625,11302.521484375,1413754,0.0,0.0
2019-08-12 00:00:00+07:00,11344.5380859375,11386.5546875,11176.470703125,11176.470703125,1259197,0.0,0.0
2019-08-13 00:00:00+07:00,11176.470703125,11218.4873046875,10714.2861328125,10840.3359375,4909509,0.0,0.0
2019-08-14 00:00:00+07:00,11008.4033203125,11092.4365234375,10840.3359375,10840.3359375,1566978,0.0,0.0
2019-08-15 00:00:00+07:00,10630.251953125,10840.3359375,10588.2353515625,10756.302734375,1071081,0.0,0.0
2019-08-16 00:00:00+07:00,10756.302734375,10924.3701171875,10756.302734375,10840.3359375,1254973,0.0,0.0
2019-08-19 00:00:00+07:00,11050.419921875,11050.419921875,10756.302734375,10882.3525390625,1353337,0.0,0.0
2019-08-20 00:00:00+07:00,10882.3525390625,10966.38671875,10840.3359375,10882.3525390625,1572357,0.0,0.0
2019-08-21 00:00:00+07:00,10924.3701171875,11176.470703125,10882.3525390625,11176.470703125,3371363,0.0,0.0
2019-08-22 00:00:00+07:00,11260.50390625,11302.521484375,11134.4541015625,11134.4541015625,2248610,0.0,0.0
2019-08-23 00:00:00+07:00,11176.470703125,11176.470703125,11092.4365234375,11092.4365234375,1398130,0.0,0.0
2019-08-26 00:00:00+07:00,10924.3701171875,11092.4365234375,10840.3359375,10840.3359375,1924299,0.0,0.0
2019-08-27 00:00:00+07:00,10882.3525390625,11050.419921875,10840.3359375,11050.419921875,2130062,0.0,0.0
2019-08-28 00:00:00+07:00,11050.419921875,11092.4365234375,10840.3359375,10840.3359375,869078,0.0,0.0
2019-08-29 00:00:00+07:00,10924.3701171875,10924.3701171875,10756.302734375,10756.302734375,920748,0.0,0.0
2019-08-30 00:00:00+07:00,10882.3525390625,10924.3701171875,10798.3193359375,10840.3359375,368304,0.0,0.0
2019-09-03 00:00:00+07:00,10924.3701171875,10924.3701171875,10798.3193359375,10840.3359375,386581,0.0,0.0
2019-09-04 00:00:00+07:00,10840.3359375,10882.3525390625,10756.302734375,10840.3359375,331627,0.0,0.0
2019-09-05 00:00:00+07:00,10840.3359375,10882.3525390625,10756.302734375,10798.3193359375,481757,0.0,0.0
2019-09-06 00:00:00+07:00,10882.3525390625,10882.3525390625,10756.302734375,10756.302734375,274614,0.0,0.0
2019-09-09 00:00:00+07:00,10756.302734375,10840.3359375,10588.2353515625,10588.2353515625,747996,0.0,0.0
2019-09-10 00:00:00+07:00,10588.2353515625,10714.2861328125,10336.134765625,10336.134765625,908921,0.0,0.0
2019-09-11 00:00:00+07:00,10336.134765625,10420.16796875,10168.0673828125,10252.1005859375,665636,0.0,0.0
2019-09-12 00:00:00+07:00,10252.1005859375,10630.251953125,10252.1005859375,10420.16796875,857334,0.0,0.0
2019-09-13 00:00:00+07:00,10504.2021484375,10756.302734375,10504.2021484375,10630.251953125,954996,0.0,0.0
2019-09-16 00:00:00+07:00,10840.3359375,10882.3525390625,10630.251953125,10672.2685546875,975940,0.0,0.0
2019-09-17 00:00:00+07:00,10630.251953125,10672.2685546875,10504.2021484375,10504.2021484375,860190,0.0,0.0
2019-09-18 00:00:00+07:00,10504.2021484375,10840.3359375,10504.2021484375,10672.2685546875,849289,0.0,0.0
2019-09-19 00:00:00+07:00,10756.302734375,10756.302734375,10630.251953125,10672.2685546875,841899,0.0,0.0
2019-09-20 00:00:00+07:00,10714.2861328125,10714.2861328125,10546.21875,10546.21875,1560135,0.0,0.0
2019-09-23 00:00:00+07:00,10546.21875,10714.2861328125,10546.21875,10546.21875,774426,0.0,0.0
2019-09-24 00:00:00+07:00,10546.21875,10588.2353515625,10504.2021484375,10504.2021484375,577219,0.0,0.0
2019-09-25 00:00:00+07:00,10504.2021484375,10546.21875,10336.134765625,10378.1513671875,1165472,0.0,0.0
2019-09-26 00:00:00+07:00,10462.1845703125,10462.1845703125,10252.1005859375,10336.134765625,1803325,0.0,0.0
2019-09-27 00:00:00+07:00,10504.2021484375,10798.3193359375,10378.1513671875,10672.2685546875,3618526,0.0,0.0
2019-09-30 00:00:00+07:00,10714.2861328125,11008.4033203125,10672.2685546875,10840.3359375,3107922,0.0,0.0
2019-10-01 00:00:00+07:00,10840.3359375,10924.3701171875,10756.302734375,10798.3193359375,1274987,0.0,0.0
2019-10-02 00:00:00+07:00,10798.3193359375,10798.3193359375,10672.2685546875,10756.302734375,1130236,0.0,0.0
2019-10-03 00:00:00+07:00,10672.2685546875,10714.2861328125,10504.2021484375,10588.2353515625,1269169,0.0,0.0
2019-10-04 00:00:00+07:00,10630.251953125,10924.3701171875,10630.251953125,10798.3193359375,3542556,0.0,0.0
2019-10-07 00:00:00+07:00,10798.3193359375,11008.4033203125,10798.3193359375,10924.3701171875,3273581,0.0,0.0
2019-10-08 00:00:00+07:00,11008.4033203125,11092.4365234375,10798.3193359375,10882.3525390625,2060376,0.0,0.0
2019-10-09 00:00:00+07:00,10882.3525390625,10924.3701171875,10798.3193359375,10798.3193359375,1595824,0.0,0.0
2019-10-10 00:00:00+07:00,10840.3359375,10924.3701171875,10756.302734375,10840.3359375,2543386,0.0,0.0
2019-10-11 00:00:00+07:00,10882.3525390625,10882.3525390625,10672.2685546875,10714.2861328125,1773491,0.0,0.0
2019-10-14 00:00:00+07:00,10756.302734375,10840.3359375,10672.2685546875,10798.3193359375,2271065,0.0,0.0
2019-10-15 00:00:00+07:00,10756.302734375,10798.3193359375,10714.2861328125,10756.302734375,1678445,0.0,0.0
2019-10-16 00:00:00+07:00,10798.3193359375,11134.4541015625,10756.302734375,11050.419921875,6225673,0.0,0.0
2019-10-17 00:00:00+07:00,11134.4541015625,11176.470703125,11008.4033203125,11092.4365234375,2642952,0.0,0.0
2019-10-18 00:00:00+07:00,11134.4541015625,11344.5380859375,11134.4541015625,11176.470703125,5653724,0.0,0.0
2019-10-21 00:00:00+07:00,11176.470703125,11176.470703125,11008.4033203125,11050.419921875,1660845,0.0,0.0
2019-10-22 00:00:00+07:00,11050.419921875,11050.419921875,10882.3525390625,10966.38671875,2914153,0.0,0.0
2019-10-23 00:00:00+07:00,10966.38671875,11092.4365234375,10840.3359375,10924.3701171875,3201300,0.0,0.0
2019-10-24 00:00:00+07:00,11008.4033203125,11092.4365234375,10966.38671875,11008.4033203125,1597455,0.0,0.0
2019-10-25 00:00:00+07:00,11092.4365234375,11176.470703125,11008.4033203125,11092.4365234375,2757561,0.0,0.0
2019-10-28 00:00:00+07:00,11134.4541015625,11176.470703125,11008.4033203125,11008.4033203125,2273707,0.0,0.0
2019-10-29 00:00:00+07:00,10966.38671875,11092.4365234375,10840.3359375,10840.3359375,2650794,0.0,0.0
2019-10-30 00:00:00+07:00,10840.3359375,10966.38671875,10798.3193359375,10882.3525390625,1604463,0.0,0.0
2019-10-31 00:00:00+07:00,11008.4033203125,11218.4873046875,10924.3701171875,10966.38671875,3409812,0.0,0.0
2019-11-01 00:00:00+07:00,11050.419921875,11386.5546875,10924.3701171875,11386.5546875,4135284,0.0,0.0
2019-11-04 00:00:00+07:00,11428.5712890625,11722.689453125,11302.521484375,11554.6220703125,6478572,0.0,0.0
2019-11-05 00:00:00+07:00,11596.638671875,11638.6552734375,11512.60546875,11512.60546875,3907565,0.0,0.0
2019-11-06 00:00:00+07:00,11512.60546875,11638.6552734375,11428.5712890625,11428.5712890625,4416516,0.0,0.0
2019-11-07 00:00:00+07:00,11554.6220703125,11554.6220703125,11386.5546875,11428.5712890625,2599184,0.0,0.0
2019-11-08 00:00:00+07:00,11512.60546875,11512.60546875,11344.5380859375,11344.5380859375,1907139,0.0,0.0
2019-11-11 00:00:00+07:00,11386.5546875,11386.5546875,11218.4873046875,11260.50390625,3228694,0.0,0.0
2019-11-12 00:00:00+07:00,11260.50390625,11302.521484375,11176.470703125,11260.50390625,2101561,0.0,0.0
2019-11-13 00:00:00+07:00,11260.50390625,11428.5712890625,11260.50390625,11260.50390625,2261129,0.0,0.0
2019-11-14 00:00:00+07:00,11260.50390625,11344.5380859375,11218.4873046875,11260.50390625,1482000,0.0,0.0
2019-11-15 00:00:00+07:00,11302.521484375,11344.5380859375,11218.4873046875,11302.521484375,2111795,0.0,0.0
2019-11-18 00:00:00+07:00,11428.5712890625,11512.60546875,11344.5380859375,11470.587890625,3104922,0.0,0.0
2019-11-19 00:00:00+07:00,11512.60546875,11596.638671875,11470.587890625,11554.6220703125,2421422,0.0,0.0
2019-11-20 00:00:00+07:00,11596.638671875,11638.6552734375,11470.587890625,11512.60546875,2116295,0.0,0.0
2019-11-21 00:00:00+07:00,11512.60546875,11512.60546875,11344.5380859375,11512.60546875,2245373,0.0,0.0
2019-11-22 00:00:00+07:00,11470.587890625,11512.60546875,11176.470703125,11176.470703125,3042031,0.0,0.0
2019-11-25 00:00:00+07:00,11218.4873046875,11260.50390625,11050.419921875,11176.470703125,1965271,0.0,0.0
2019-11-26 00:00:00+07:00,11176.470703125,11302.521484375,11134.4541015625,11260.50390625,2827974,0.0,0.0
2019-11-27 00:00:00+07:00,11218.4873046875,11302.521484375,11092.4365234375,11134.4541015625,2211911,0.0,0.0
2019-11-28 00:00:00+07:00,11134.4541015625,11134.4541015625,10798.3193359375,10840.3359375,2483004,0.0,0.0
2019-11-29 00:00:00+07:00,10840.3359375,10882.3525390625,10672.2685546875,10756.302734375,2229404,0.0,0.0
2019-12-02 00:00:00+07:00,10756.302734375,11050.419921875,10504.2021484375,10588.2353515625,1847258,0.0,0.0
2019-12-03 00:00:00+07:00,10504.2021484375,10588.2353515625,10336.134765625,10420.16796875,2472938,0.0,0.0
2019-12-04 00:00:00+07:00,10336.134765625,10672.2685546875,10336.134765625,10672.2685546875,1039583,0.0,0.0
2019-12-05 00:00:00+07:00,10714.2861328125,10714.2861328125,10546.21875,10630.251953125,1527875,0.0,0.0
2019-12-06 00:00:00+07:00,10588.2353515625,10630.251953125,10546.21875,10630.251953125,621796,0.0,0.0
2019-12-09 00:00:00+07:00,10672.2685546875,10672.2685546875,10546.21875,10588.2353515625,1597025,0.0,0.0
2019-12-10 00:00:00+07:00,10546.21875,10588.2353515625,10378.1513671875,10378.1513671875,2656363,0.0,0.0
2019-12-11 00:00:00+07:00,10420.16796875,10504.2021484375,10378.1513671875,10504.2021484375,766061,0.0,0.0
2019-12-12 00:00:00+07:00,10546.21875,10546.21875,10420.16796875,10420.16796875,895901,0.0,0.0
2019-12-13 00:00:00+07:00,10462.1845703125,10504.2021484375,10378.1513671875,10378.1513671875,1183976,0.0,0.0
2019-12-16 00:00:00+07:00,10420.16796875,10630.251953125,10378.1513671875,10630.251953125,1750013,0.0,0.0
2019-12-17 00:00:00+07:00,10672.2685546875,10672.2685546875,10378.1513671875,10378.1513671875,838793,0.0,0.0
2019-12-18 00:00:00+07:00,10378.1513671875,10462.1845703125,10336.134765625,10378.1513671875,3009187,0.0,0.0
2019-12-19 00:00:00+07:00,10420.16796875,10546.21875,10378.1513671875,10462.1845703125,1241585,0.0,0.0
2019-12-20 00:00:00+07:00,10504.2021484375,10546.21875,10378.1513671875,10378.1513671875,3545198,0.0,0.0
2019-12-23 00:00:00+07:00,10462.1845703125,10546.21875,10420.16796875,10420.16796875,2013168,0.0,0.0
2019-12-24 00:00:00+07:00,10504.2021484375,10546.21875,10378.1513671875,10420.16796875,1218938,0.0,0.0
2019-12-25 00:00:00+07:00,10420.16796875,10420.16796875,10210.083984375,10336.134765625,2979580,0.0,0.0
2019-12-26 00:00:00+07:00,10294.1171875,10378.1513671875,10252.1005859375,10294.1171875,2544479,0.0,0.0
2019-12-27 00:00:00+07:00,10294.1171875,10336.134765625,9831.9326171875,9873.94921875,4706127,0.0,0.0
2019-12-30 00:00:00+07:00,9831.9326171875,9915.966796875,9537.8154296875,9663.865234375,3649788,0.0,0.0
2019-12-31 00:00:00+07:00,9663.865234375,9747.8994140625,9579.83203125,9621.8486328125,1503229,0.0,0.0
2020-01-02 00:00:00+07:00,9663.865234375,10000.0,9621.8486328125,10000.0,1867429,0.0,0.0
2020-01-03 00:00:00+07:00,10000.0,10084.033203125,9789.916015625,9831.9326171875,1482036,0.0,0.0
2020-01-06 00:00:00+07:00,9789.916015625,9831.9326171875,9537.8154296875,9537.8154296875,2456955,0.0,0.0
2020-01-07 00:00:00+07:00,9579.83203125,9621.8486328125,9411.7646484375,9453.78125,2253810,0.0,0.0
2020-01-08 00:00:00+07:00,9411.7646484375,9411.7646484375,8823.529296875,9033.61328125,6353741,0.0,0.0
2020-01-09 00:00:00+07:00,9117.6474609375,9327.7314453125,9075.6298828125,9159.6640625,4435211,0.0,0.0
2020-01-10 00:00:00+07:00,9201.6806640625,9369.748046875,9075.6298828125,9327.7314453125,3522897,0.0,0.0
2020-01-13 00:00:00+07:00,9327.7314453125,9327.7314453125,9243.697265625,9243.697265625,1783058,0.0,0.0
2020-01-14 00:00:00+07:00,9327.7314453125,9327.7314453125,9159.6640625,9159.6640625,1711955,0.0,0.0
2020-01-15 00:00:00+07:00,9159.6640625,9159.6640625,9075.6298828125,9159.6640625,1332298,0.0,0.0
2020-01-16 00:00:00+07:00,9243.697265625,9285.7138671875,9159.6640625,9243.697265625,2355626,0.0,0.0
2020-01-17 00:00:00+07:00,9285.7138671875,9285.7138671875,9075.6298828125,9075.6298828125,1939020,0.0,0.0
2020-01-20 00:00:00+07:00,9075.6298828125,9159.6640625,8949.580078125,8991.5966796875,1351933,0.0,0.0
2020-01-21 00:00:00+07:00,9159.6640625,9411.7646484375,9159.6640625,9159.6640625,7592805,0.0,0.0
2020-01-22 00:00:00+07:00,9243.697265625,9369.748046875,9201.6806640625,9327.7314453125,4894991,0.0,0.0
2020-01-30 00:00:00+07:00,9243.697265625,9537.8154296875,9243.697265625,9327.7314453125,3883123,0.0,0.0
2020-01-31 00:00:00+07:00,9327.7314453125,9411.7646484375,8823.529296875,8823.529296875,3125236,0.0,0.0
2020-02-03 00:00:00+07:00,8319.328125,8571.4287109375,8210.083984375,8394.9580078125,4569455,0.0,0.0
2020-02-04 00:00:00+07:00,8487.39453125,8571.4287109375,7983.193359375,7983.193359375,5462312,0.0,0.0
2020-02-05 00:00:00+07:00,8067.22705078125,8151.2607421875,7957.9833984375,8042.0166015625,2738546,0.0,0.0
2020-02-06 00:00:00+07:00,8067.22705078125,8445.3779296875,8033.61328125,8445.3779296875,2620877,0.0,0.0
2020-02-07 00:00:00+07:00,8445.3779296875,8487.39453125,8310.9248046875,8327.7314453125,6771550,0.0,0.0
2020-02-10 00:00:00+07:00,8151.2607421875,8235.2939453125,8109.24365234375,8134.45361328125,1714978,0.0,0.0
2020-02-11 00:00:00+07:00,8168.0673828125,8369.748046875,8151.2607421875,8285.7138671875,2112331,0.0,0.0
2020-02-12 00:00:00+07:00,8352.94140625,8865.5458984375,8319.328125,8865.5458984375,3653596,0.0,0.0
2020-02-13 00:00:00+07:00,8991.5966796875,9201.6806640625,8697.478515625,8865.5458984375,3661402,0.0,0.0
2020-02-14 00:00:00+07:00,8865.5458984375,8865.5458984375,8655.4619140625,8739.49609375,1376316,0.0,0.0
2020-02-17 00:00:00+07:00,8697.478515625,8781.5126953125,8613.4453125,8697.478515625,2564174,0.0,0.0
2020-02-18 00:00:00+07:00,8739.49609375,8781.5126953125,8655.4619140625,8697.478515625,2125577,0.0,0.0
2020-02-19 00:00:00+07:00,8739.49609375,8907.5634765625,8697.478515625,8781.5126953125,2358936,0.0,0.0
2020-02-20 00:00:00+07:00,8823.529296875,9201.6806640625,8823.529296875,9159.6640625,5710035,0.0,0.0
2020-02-21 00:00:00+07:00,9159.6640625,9201.6806640625,8949.580078125,9033.61328125,2097456,0.0,0.0
2020-02-24 00:00:00+07:00,8739.49609375,8781.5126953125,8403.361328125,8403.361328125,3942396,0.0,0.0
2020-02-25 00:00:00+07:00,8084.03369140625,8386.5546875,8084.03369140625,8361.3447265625,4009620,0.0,0.0
2020-02-26 00:00:00+07:00,8151.2607421875,8739.49609375,8151.2607421875,8571.4287109375,2710973,0.0,0.0
2020-02-27 00:00:00+07:00,8571.4287109375,8697.478515625,8403.361328125,8487.39453125,1244309,0.0,0.0
2020-02-28 00:00:00+07:00,8319.328125,8386.5546875,8193.27734375,8277.310546875,2718933,0.0,0.0
2020-03-02 00:00:00+07:00,8277.310546875,8394.9580078125,8218.4873046875,8386.5546875,2126432,0.0,0.0
2020-03-03 00:00:00+07:00,8571.4287109375,8613.4453125,8344.5380859375,8344.5380859375,3021682,0.0,0.0
2020-03-04 00:00:00+07:00,8361.3447265625,8487.39453125,8319.328125,8369.748046875,3189972,0.0,0.0
2020-03-05 00:00:00+07:00,8529.412109375,8739.49609375,8487.39453125,8571.4287109375,4259009,0.0,0.0
2020-03-06 00:00:00+07:00,8529.412109375,8613.4453125,8403.361328125,8487.39453125,2728334,0.0,0.0
2020-03-09 00:00:00+07:00,7899.15966796875,8235.2939453125,7899.15966796875,7899.15966796875,5882656,0.0,0.0
2020-03-10 00:00:00+07:00,7731.09228515625,8058.82373046875,7563.025390625,7983.193359375,3416833,0.0,0.0
2020-03-11 00:00:00+07:00,8042.0166015625,8109.24365234375,7537.81494140625,7579.83203125,6161508,0.0,0.0
2020-03-12 00:00:00+07:00,7142.85693359375,7268.90771484375,7050.42041015625,7050.42041015625,6379827,0.0,0.0
2020-03-13 00:00:00+07:00,6571.4287109375,7478.99169921875,6563.025390625,7478.99169921875,5558262,0.0,0.0
2020-03-16 00:00:00+07:00,7394.9580078125,7462.18505859375,6983.193359375,7462.18505859375,3857681,0.0,0.0
2020-03-17 00:00:00+07:00,7067.22705078125,7890.75634765625,7067.22705078125,7436.974609375,3642671,0.0,0.0
2020-03-18 00:00:00+07:00,7478.99169921875,7521.00830078125,7243.697265625,7361.3447265625,2303482,0.0,0.0
2020-03-19 00:00:00+07:00,7151.2607421875,7302.52099609375,7058.82373046875,7117.64697265625,3133566,0.0,0.0
2020-03-20 00:00:00+07:00,7142.85693359375,7310.92431640625,7067.22705078125,7109.24365234375,2356602,0.0,0.0
2020-03-23 00:00:00+07:00,6848.7392578125,7109.24365234375,6613.4453125,6613.4453125,5508365,0.0,0.0
2020-03-24 00:00:00+07:00,6310.92431640625,6554.6220703125,6268.90771484375,6327.73095703125,7115115,0.0,0.0
2020-03-25 00:00:00+07:00,6621.8486328125,6655.46240234375,6529.41162109375,6596.638671875,8051693,0.0,0.0
2020-03-26 00:00:00+07:00,6554.6220703125,6554.6220703125,6386.5546875,6386.5546875,2533782,0.0,0.0
2020-03-27 00:00:00+07:00,6344.53759765625,6714.28564453125,6344.53759765625,6403.361328125,8682440,0.0,0.0
2020-03-30 00:00:00+07:00,6050.42041015625,6302.52099609375,5957.9833984375,6000.0,7522202,0.0,0.0
2020-03-31 00:00:00+07:00,6000.0,6151.2607421875,5756.302734375,5957.9833984375,5297485,0.0,0.0
2020-04-01 00:00:00+07:00,5882.35302734375,6184.8740234375,5882.35302734375,6184.8740234375,5101159,0.0,0.0
2020-04-03 00:00:00+07:00,6369.748046875,6504.20166015625,6302.52099609375,6470.58837890625,6318696,0.0,0.0
2020-04-06 00:00:00+07:00,6554.6220703125,6882.35302734375,6554.6220703125,6840.3359375,6647279,0.0,0.0
2020-04-07 00:00:00+07:00,6890.75634765625,6890.75634765625,6596.638671875,6714.28564453125,4848200,0.0,0.0
2020-04-08 00:00:00+07:00,6638.6552734375,7176.470703125,6512.60498046875,7176.470703125,19530755,0.0,0.0
2020-04-09 00:00:00+07:00,7563.025390625,7563.025390625,7310.92431640625,7319.32763671875,10638145,0.0,0.0
2020-04-10 00:00:00+07:00,7319.32763671875,7319.32763671875,7142.85693359375,7168.0673828125,5165229,0.0,0.0
2020-04-13 00:00:00+07:00,7142.85693359375,7563.025390625,7142.85693359375,7394.9580078125,13488552,0.0,0.0
2020-04-14 00:00:00+07:00,7478.99169921875,7655.46240234375,7436.974609375,7605.0419921875,15060483,0.0,0.0
2020-04-15 00:00:00+07:00,7605.0419921875,7714.28564453125,7571.4287109375,7613.4453125,8916418,0.0,0.0
2020-04-16 00:00:00+07:00,7596.638671875,7596.638671875,7453.78173828125,7521.00830078125,7261366,0.0,0.0
2020-04-17 00:00:00+07:00,7647.05859375,7689.07568359375,7571.4287109375,7596.638671875,8599664,0.0,0.0
2020-04-20 00:00:00+07:00,7605.0419921875,8109.24365234375,7605.0419921875,7899.15966796875,12273646,0.0,0.0
2020-04-21 00:00:00+07:00,7697.47900390625,8168.0673828125,7647.05859375,7840.3359375,9780263,0.0,0.0
2020-04-22 00:00:00+07:00,7689.07568359375,8100.84033203125,7689.07568359375,7966.38671875,7997012,0.0,0.0
2020-04-23 00:00:00+07:00,8117.64697265625,8142.85693359375,7983.193359375,7983.193359375,5998157,0.0,0.0
2020-04-24 00:00:00+07:00,7983.193359375,8025.2099609375,7848.7392578125,8025.2099609375,4992644,0.0,0.0
2020-04-27 00:00:00+07:00,8134.45361328125,8386.5546875,8109.24365234375,8319.328125,8985735,0.0,0.0
2020-04-28 00:00:00+07:00,8319.328125,8655.4619140625,8319.328125,8655.4619140625,8011198,0.0,0.0
2020-04-29 00:00:00+07:00,8655.4619140625,8991.5966796875,8655.4619140625,8865.5458984375,9039440,0.0,0.0
2020-05-04 00:00:00+07:00,8361.3447265625,8613.4453125,8252.1005859375,8252.1005859375,11677956,0.0,0.0
2020-05-05 00:00:00+07:00,8252.1005859375,8252.1005859375,7991.5966796875,8117.64697265625,5874028,0.0,0.0
2020-05-06 00:00:00+07:00,8033.61328125,8361.3447265625,8033.61328125,8361.3447265625,4748169,0.0,0.0
2020-05-07 00:00:00+07:00,8369.748046875,8571.4287109375,8361.3447265625,8571.4287109375,6624775,0.0,0.0
2020-05-08 00:00:00+07:00,8571.4287109375,8739.49609375,8403.361328125,8487.39453125,11241202,0.0,0.0
2020-05-11 00:00:00+07:00,8487.39453125,8571.4287109375,8378.1513671875,8529.412109375,8195421,0.0,0.0
2020-05-12 00:00:00+07:00,8529.412109375,8991.5966796875,8403.361328125,8739.49609375,11444121,0.0,0.0
2020-05-13 00:00:00+07:00,8739.49609375,8865.5458984375,8529.412109375,8655.4619140625,6470564,0.0,0.0
2020-05-14 00:00:00+07:00,8613.4453125,8655.4619140625,8529.412109375,8529.412109375,5637278,0.0,0.0
2020-05-15 00:00:00+07:00,8529.412109375,8697.478515625,8386.5546875,8403.361328125,8061736,0.0,0.0
2020-05-18 00:00:00+07:00,8445.3779296875,8529.412109375,8369.748046875,8487.39453125,4977566,0.0,0.0
2020-05-19 00:00:00+07:00,8655.4619140625,8655.4619140625,8529.412109375,8571.4287109375,7963442,0.0,0.0
2020-05-20 00:00:00+07:00,8571.4287109375,8613.4453125,8487.39453125,8571.4287109375,3366639,0.0,0.0
2020-05-21 00:00:00+07:00,8613.4453125,8655.4619140625,8487.39453125,8571.4287109375,4067858,0.0,0.0
2020-05-22 00:00:00+07:00,8529.412109375,8571.4287109375,8487.39453125,8487.39453125,5269151,0.0,0.0
2020-05-25 00:00:00+07:00,8487.39453125,8739.49609375,8403.361328125,8571.4287109375,7442341,0.0,0.0
2020-05-26 00:00:00+07:00,8655.4619140625,8991.5966796875,8613.4453125,8907.5634765625,11297918,0.0,0.0
2020-05-27 00:00:00+07:00,9075.6298828125,9117.6474609375,8655.4619140625,8655.4619140625,7799735,0.0,0.0
2020-05-28 00:00:00+07:00,8697.478515625,8823.529296875,8613.4453125,8739.49609375,6004452,0.0,0.0
2020-05-29 00:00:00+07:00,8739.49609375,8739.49609375,8613.4453125,8613.4453125,3886788,0.0,0.0
2020-06-01 00:00:00+07:00,8655.4619140625,8823.529296875,8571.4287109375,8781.5126953125,7015584,0.0,0.0
2020-06-02 00:00:00+07:00,8781.5126953125,9075.6298828125,8739.49609375,8823.529296875,10042658,0.0,0.0
2020-06-03 00:00:00+07:00,8823.529296875,8907.5634765625,8823.529296875,8907.5634765625,2799020,0.0,0.0
2020-06-04 00:00:00+07:00,8907.5634765625,8991.5966796875,8865.5458984375,8907.5634765625,5858225,0.0,0.0
2020-06-05 00:00:00+07:00,8781.5126953125,8907.5634765625,8781.5126953125,8865.5458984375,4366988,0.0,0.0
2020-06-08 00:00:00+07:00,8907.5634765625,9201.6806640625,8865.5458984375,8991.5966796875,10983210,0.0,0.0
2020-06-09 00:00:00+07:00,8991.5966796875,9411.7646484375,8949.580078125,9285.7138671875,13527632,0.0,0.0
2020-06-10 00:00:00+07:00,9327.7314453125,9747.8994140625,9201.6806640625,9453.78125,10665361,0.0,0.0
2020-06-11 00:00:00+07:00,9453.78125,9579.83203125,8823.529296875,8823.529296875,9550807,0.0,0.0
2020-06-12 00:00:00+07:00,8403.361328125,8781.5126953125,8361.3447265625,8781.5126953125,9593005,0.0,0.0
2020-06-15 00:00:00+07:00,8949.580078125,9159.6640625,8781.5126953125,8823.529296875,10106882,0.0,0.0
2020-06-16 00:00:00+07:00,9117.6474609375,9117.6474609375,8907.5634765625,8991.5966796875,3962115,0.0,0.0
2020-06-17 00:00:00+07:00,9033.61328125,9075.6298828125,8781.5126953125,8865.5458984375,3085394,0.0,0.0
2020-06-18 00:00:00+07:00,8739.49609375,8823.529296875,8655.4619140625,8739.49609375,2511945,0.0,0.0
2020-06-19 00:00:00+07:00,8781.5126953125,8865.5458984375,8739.49609375,8739.49609375,6557434,0.0,0.0
2020-06-22 00:00:00+07:00,8907.5634765625,8991.5966796875,8781.5126953125,8823.529296875,4135450,0.0,0.0
2020-06-23 00:00:00+07:00,8823.529296875,8907.5634765625,8739.49609375,8823.529296875,3714405,0.0,0.0
2020-06-24 00:00:00+07:00,8823.529296875,8865.5458984375,8655.4619140625,8697.478515625,4318079,0.0,0.0
2020-06-25 00:00:00+07:00,8571.4287109375,8655.4619140625,8529.412109375,8613.4453125,2394041,0.0,0.0
2020-06-26 00:00:00+07:00,8739.49609375,8739.49609375,8529.412109375,8571.4287109375,2637074,0.0,0.0
2020-06-29 00:00:00+07:00,8529.412109375,8529.412109375,8159.6640625,8235.2939453125,8177666,0.0,0.0
2020-06-30 00:00:00+07:00,8403.361328125,8403.361328125,8000.0,8151.2607421875,4129250,0.0,0.0
2020-07-01 00:00:00+07:00,8126.05029296875,8268.9072265625,8126.05029296875,8235.2939453125,4108996,0.0,0.0
2020-07-02 00:00:00+07:00,8277.310546875,8277.310546875,8067.22705078125,8075.63037109375,4266089,0.0,0.0
2020-07-03 00:00:00+07:00,8100.84033203125,8193.27734375,8100.84033203125,8126.05029296875,2636062,0.0,0.0
2020-07-06 00:00:00+07:00,8193.27734375,8394.9580078125,8134.45361328125,8394.9580078125,2967584,0.0,0.0
2020-07-07 00:00:00+07:00,8487.39453125,8529.412109375,8319.328125,8319.328125,3650370,0.0,0.0
2020-07-08 00:00:00+07:00,8277.310546875,8344.5380859375,8268.9072265625,8285.7138671875,2129325,0.0,0.0
2020-07-09 00:00:00+07:00,8285.7138671875,8445.3779296875,8285.7138671875,8386.5546875,3704908,0.0,0.0
2020-07-10 00:00:00+07:00,8378.1513671875,8529.412109375,8378.1513671875,8445.3779296875,5960101,0.0,0.0
2020-07-13 00:00:00+07:00,8529.412109375,8529.412109375,8403.361328125,8445.3779296875,3634305,0.0,0.0
2020-07-14 00:00:00+07:00,8403.361328125,8445.3779296875,8361.3447265625,8445.3779296875,2342990,0.0,0.0
2020-07-15 00:00:00+07:00,8487.39453125,8529.412109375,8403.361328125,8403.361328125,3325097,0.0,0.0
2020-07-16 00:00:00+07:00,8445.3779296875,8487.39453125,8403.361328125,8487.39453125,3844721,0.0,0.0
2020-07-17 00:00:00+07:00,8487.39453125,8487.39453125,8403.361328125,8403.361328125,2434869,0.0,0.0
2020-07-20 00:00:00+07:00,8403.361328125,8445.3779296875,8285.7138671875,8285.7138671875,2911012,0.0,0.0
2020-07-21 00:00:00+07:00,8310.9248046875,8310.9248046875,8226.890625,8252.1005859375,3606840,0.0,0.0
2020-07-22 00:00:00+07:00,8252.1005859375,8268.9072265625,8168.0673828125,8176.470703125,2428062,0.0,0.0
2020-07-23 00:00:00+07:00,8168.0673828125,8184.8740234375,8058.82373046875,8109.24365234375,3328905,0.0,0.0
2020-07-24 00:00:00+07:00,8075.63037109375,8092.43701171875,7546.21826171875,7823.529296875,10284442,0.0,0.0
2020-07-27 00:00:00+07:00,7310.92431640625,7546.21826171875,7277.31103515625,7394.9580078125,10189956,0.0,0.0
2020-07-28 00:00:00+07:00,7403.361328125,7873.94970703125,7403.361328125,7823.529296875,5432230,0.0,0.0
2020-07-29 00:00:00+07:00,7563.025390625,7731.09228515625,7436.974609375,7731.09228515625,4360253,0.0,0.0
2020-07-30 00:00:00+07:00,7596.638671875,7823.529296875,7596.638671875,7823.529296875,2267590,0.0,0.0
2020-07-31 00:00:00+07:00,7663.86572265625,7781.5126953125,7647.05859375,7689.07568359375,1489806,0.0,0.0
2020-08-03 00:00:00+07:00,7689.07568359375,7815.1259765625,7672.26904296875,7773.109375,4077140,0.0,0.0
2020-08-04 00:00:00+07:00,7815.1259765625,7890.75634765625,7815.1259765625,7848.7392578125,2478732,0.0,0.0
2020-08-05 00:00:00+07:00,7857.14306640625,8025.2099609375,7815.1259765625,8016.806640625,5516409,0.0,0.0
2020-08-06 00:00:00+07:00,8000.0,8025.2099609375,7907.56298828125,7941.17626953125,3803250,0.0,0.0
2020-08-07 00:00:00+07:00,7932.77294921875,7941.17626953125,7848.7392578125,7899.15966796875,2490739,0.0,0.0
2020-08-10 00:00:00+07:00,7966.38671875,8319.328125,7941.17626953125,8117.64697265625,3677062,0.0,0.0
2020-08-11 00:00:00+07:00,8117.64697265625,8201.6806640625,7991.5966796875,8058.82373046875,4366155,0.0,0.0
2020-08-12 00:00:00+07:00,8058.82373046875,8201.6806640625,8058.82373046875,8176.470703125,5496549,0.0,0.0
2020-08-13 00:00:00+07:00,8176.470703125,8361.3447265625,8176.470703125,8352.94140625,4389373,0.0,0.0
2020-08-14 00:00:00+07:00,8403.361328125,8529.412109375,8361.3447265625,8394.9580078125,6928476,0.0,0.0
2020-08-17 00:00:00+07:00,8403.361328125,8403.361328125,8235.2939453125,8285.7138671875,3096557,0.0,0.0
2020-08-18 00:00:00+07:00,8277.310546875,8352.94140625,8252.1005859375,8302.521484375,1368902,0.0,0.0
2020-08-19 00:00:00+07:00,8319.328125,8571.4287109375,7983.193359375,8571.4287109375,4746872,0.0,0.0
2020-08-20 00:00:00+07:00,8571.4287109375,8571.4287109375,8361.3447265625,8403.361328125,3896248,0.0,0.0
2020-08-21 00:00:00+07:00,8445.3779296875,8487.39453125,8361.3447265625,8445.3779296875,2082856,0.0,0.0
2020-08-24 00:00:00+07:00,8529.412109375,8529.412109375,8403.361328125,8487.39453125,5076871,0.0,0.0
2020-08-25 00:00:00+07:00,8487.39453125,8571.4287109375,8403.361328125,8403.361328125,4785000,0.0,0.0
2020-08-26 00:00:00+07:00,8403.361328125,8529.412109375,8361.3447265625,8445.3779296875,4529079,0.0,0.0
2020-08-27 00:00:00+07:00,8487.39453125,8571.4287109375,8445.3779296875,8445.3779296875,3173394,0.0,0.0
2020-08-28 00:00:00+07:00,8487.39453125,8613.4453125,8487.39453125,8487.39453125,4813251,0.0,0.0
2020-08-31 00:00:00+07:00,8529.412109375,8571.4287109375,8403.361328125,8445.3779296875,2895648,0.0,0.0
2020-09-01 00:00:00+07:00,8445.3779296875,8487.39453125,8386.5546875,8445.3779296875,3275853,0.0,0.0
2020-09-03 00:00:00+07:00,8487.39453125,8823.529296875,8445.3779296875,8823.529296875,12098335,0.0,0.0
2020-09-04 00:00:00+07:00,8655.4619140625,8781.5126953125,8613.4453125,8739.49609375,2744459,0.0,0.0
2020-09-07 00:00:00+07:00,8739.49609375,8781.5126953125,8445.3779296875,8445.3779296875,4301824,0.0,0.0
2020-09-08 00:00:00+07:00,8445.3779296875,8487.39453125,8378.1513671875,8445.3779296875,6084837,0.0,0.0
2020-09-09 00:00:00+07:00,8319.328125,8445.3779296875,8310.9248046875,8403.361328125,2797854,0.0,0.0
2020-09-10 00:00:00+07:00,8445.3779296875,8529.412109375,8403.361328125,8445.3779296875,2357376,0.0,0.0
2020-09-11 00:00:00+07:00,8403.361328125,8487.39453125,8369.748046875,8403.361328125,4835337,0.0,0.0
2020-09-14 00:00:00+07:00,8403.361328125,8487.39453125,8394.9580078125,8403.361328125,5126697,0.0,0.0
2020-09-15 00:00:00+07:00,8403.361328125,8571.4287109375,8403.361328125,8529.412109375,4807740,0.0,0.0
2020-09-16 00:00:00+07:00,8529.412109375,8571.4287109375,8445.3779296875,8529.412109375,1379660,0.0,0.0
2020-09-17 00:00:00+07:00,8529.412109375,8571.4287109375,8403.361328125,8403.361328125,3453247,0.0,0.0
2020-09-18 00:00:00+07:00,8445.3779296875,8487.39453125,8394.9580078125,8403.361328125,8343897,0.0,0.0
2020-09-21 00:00:00+07:00,8487.39453125,8529.412109375,8403.361328125,8487.39453125,5926948,0.0,0.0
2020-09-22 00:00:00+07:00,8445.3779296875,8487.39453125,8403.361328125,8403.361328125,6080564,0.0,0.0
2020-09-23 00:00:00+07:00,8487.39453125,8739.49609375,8445.3779296875,8739.49609375,14529112,0.0,0.0
2020-09-24 00:00:00+07:00,8739.49609375,8823.529296875,8571.4287109375,8613.4453125,5682914,0.0,0.0
2020-09-25 00:00:00+07:00,8655.4619140625,8655.4619140625,8487.39453125,8529.412109375,3361154,0.0,0.0
2020-09-28 00:00:00+07:00,8571.4287109375,8613.4453125,8487.39453125,8529.412109375,5809400,0.0,0.0
2020-09-29 00:00:00+07:00,8613.4453125,8739.49609375,8529.412109375,8529.412109375,11661545,0.0,0.0
2020-09-30 00:00:00+07:00,8529.412109375,8697.478515625,8529.412109375,8613.4453125,4039822,0.0,0.0
2020-10-01 00:00:00+07:00,8655.4619140625,8697.478515625,8571.4287109375,8655.4619140625,6012282,0.0,0.0
2020-10-02 00:00:00+07:00,8697.478515625,9075.6298828125,8655.4619140625,8907.5634765625,21679430,0.0,0.0
2020-10-05 00:00:00+07:00,9117.6474609375,9243.697265625,9033.61328125,9159.6640625,7299422,0.0,0.0
2020-10-06 00:00:00+07:00,9201.6806640625,9201.6806640625,8991.5966796875,9033.61328125,7669631,0.0,0.0
2020-10-07 00:00:00+07:00,8991.5966796875,9075.6298828125,8865.5458984375,8865.5458984375,9533552,0.0,0.0
2020-10-08 00:00:00+07:00,8949.580078125,8949.580078125,8781.5126953125,8823.529296875,7838159,0.0,0.0
2020-10-09 00:00:00+07:00,8907.5634765625,9033.61328125,8823.529296875,8865.5458984375,4841668,0.0,0.0
2020-10-12 00:00:00+07:00,8907.5634765625,8991.5966796875,8655.4619140625,8697.478515625,7893196,0.0,0.0
2020-10-13 00:00:00+07:00,8739.49609375,8739.49609375,8613.4453125,8613.4453125,3936816,0.0,0.0
2020-10-14 00:00:00+07:00,8655.4619140625,8697.478515625,8487.39453125,8571.4287109375,9768791,0.0,0.0
2020-10-15 00:00:00+07:00,8571.4287109375,8655.4619140625,8487.39453125,8529.412109375,7283416,0.0,0.0
2020-10-16 00:00:00+07:00,8571.4287109375,8781.5126953125,8487.39453125,8655.4619140625,5706833,0.0,0.0
2020-10-19 00:00:00+07:00,8739.49609375,8739.49609375,8487.39453125,8529.412109375,7311405,0.0,0.0
2020-10-20 00:00:00+07:00,8613.4453125,8613.4453125,8487.39453125,8571.4287109375,5859510,0.0,0.0
2020-10-21 00:00:00+07:00,8571.4287109375,8613.4453125,8529.412109375,8529.412109375,3139920,0.0,0.0
2020-10-22 00:00:00+07:00,8571.4287109375,8739.49609375,8529.412109375,8697.478515625,7223381,0.0,0.0
2020-10-23 00:00:00+07:00,8739.49609375,8781.5126953125,8571.4287109375,8655.4619140625,3178226,0.0,0.0
2020-10-26 00:00:00+07:00,8655.4619140625,8697.478515625,8487.39453125,8487.39453125,6129367,0.0,0.0
2020-10-27 00:00:00+07:00,8445.3779296875,8487.39453125,8327.7314453125,8327.7314453125,13072885,0.0,0.0
2020-10-28 00:00:00+07:00,8319.328125,8352.94140625,8117.64697265625,8134.45361328125,7897040,0.0,0.0
2020-10-29 00:00:00+07:00,8025.2099609375,8210.083984375,8008.4033203125,8058.82373046875,7246158,0.0,0.0
2020-10-30 00:00:00+07:00,8193.27734375,8193.27734375,7857.14306640625,7899.15966796875,8751651,0.0,0.0
2020-11-02 00:00:00+07:00,7899.15966796875,8025.2099609375,7899.15966796875,7983.193359375,3171384,0.0,0.0
2020-11-03 00:00:00+07:00,8067.22705078125,8176.470703125,8025.2099609375,8151.2607421875,3341720,0.0,0.0
2020-11-04 00:00:00+07:00,8151.2607421875,8361.3447265625,8117.64697265625,8268.9072265625,6522019,0.0,0.0
2020-11-05 00:00:00+07:00,8277.310546875,8285.7138671875,8201.6806640625,8210.083984375,3962055,0.0,0.0
2020-11-06 00:00:00+07:00,8210.083984375,8243.697265625,8168.0673828125,8218.4873046875,2420446,0.0,0.0
2020-11-09 00:00:00+07:00,8302.521484375,8445.3779296875,8277.310546875,8445.3779296875,6253293,0.0,0.0
2020-11-10 00:00:00+07:00,8571.4287109375,8571.4287109375,8394.9580078125,8403.361328125,6655525,0.0,0.0
2020-11-11 00:00:00+07:00,8403.361328125,8445.3779296875,8310.9248046875,8319.328125,6417049,0.0,0.0
2020-11-12 00:00:00+07:00,8361.3447265625,8403.361328125,8344.5380859375,8369.748046875,3083490,0.0,0.0
2020-11-13 00:00:00+07:00,8386.5546875,8445.3779296875,8369.748046875,8403.361328125,4696713,0.0,0.0
2020-11-16 00:00:00+07:00,8445.3779296875,8487.39453125,8067.22705078125,8235.2939453125,7192822,0.0,0.0
2020-11-17 00:00:00+07:00,8319.328125,8403.361328125,8285.7138671875,8361.3447265625,5298985,0.0,0.0
2020-11-18 00:00:00+07:00,8235.2939453125,8235.2939453125,8151.2607421875,8176.470703125,8234512,0.0,0.0
2020-11-19 00:00:00+07:00,8193.27734375,8310.9248046875,8168.0673828125,8277.310546875,7265960,0.0,0.0
2020-11-20 00:00:00+07:00,8319.328125,8369.748046875,8285.7138671875,8302.521484375,6253508,0.0,0.0
2020-11-23 00:00:00+07:00,8352.94140625,8445.3779296875,8327.7314453125,8361.3447265625,8018122,0.0,0.0
2020-11-24 00:00:00+07:00,8403.361328125,8403.361328125,8268.9072265625,8319.328125,5528298,0.0,0.0
2020-11-25 00:00:00+07:00,8319.328125,8386.5546875,8268.9072265625,8285.7138671875,5340646,0.0,0.0
2020-11-26 00:00:00+07:00,8285.7138671875,8361.3447265625,8235.2939453125,8302.521484375,3970731,0.0,0.0
2020-11-27 00:00:00+07:00,8369.748046875,8697.478515625,8369.748046875,8613.4453125,23258322,0.0,0.0
2020-11-30 00:00:00+07:00,8697.478515625,8697.478515625,8487.39453125,8487.39453125,7195607,0.0,0.0
2020-12-01 00:00:00+07:00,8403.361328125,8571.4287109375,8319.328125,8487.39453125,9810322,0.0,0.0
2020-12-02 00:00:00+07:00,8487.39453125,9075.6298828125,8487.39453125,9075.6298828125,30289020,0.0,0.0
2020-12-03 00:00:00+07:00,9327.7314453125,9705.8828125,9243.697265625,9579.83203125,26136348,0.0,0.0
2020-12-04 00:00:00+07:00,9453.78125,9957.9833984375,9327.7314453125,9705.8828125,18474843,0.0,0.0
2020-12-07 00:00:00+07:00,9579.83203125,9831.9326171875,9579.83203125,9621.8486328125,14161867,0.0,0.0
2020-12-08 00:00:00+07:00,9663.865234375,9747.8994140625,9411.7646484375,9537.8154296875,16495909,0.0,0.0
2020-12-09 00:00:00+07:00,9537.8154296875,9915.966796875,9495.7978515625,9579.83203125,20008372,0.0,0.0
2020-12-10 00:00:00+07:00,9663.865234375,9747.8994140625,9453.78125,9495.7978515625,11443812,0.0,0.0
2020-12-11 00:00:00+07:00,9579.83203125,9789.916015625,9495.7978515625,9789.916015625,13504617,0.0,0.0
2020-12-14 00:00:00+07:00,9873.94921875,10042.0166015625,9789.916015625,10000.0,17590222,0.0,0.0
2020-12-15 00:00:00+07:00,9915.966796875,10000.0,9747.8994140625,9789.916015625,14857945,0.0,0.0
2020-12-16 00:00:00+07:00,9789.916015625,9915.966796875,9705.8828125,9831.9326171875,13133123,0.0,0.0
2020-12-17 00:00:00+07:00,9831.9326171875,10378.1513671875,9789.916015625,9957.9833984375,22775587,0.0,0.0
2020-12-18 00:00:00+07:00,10084.033203125,10168.0673828125,10000.0,10084.033203125,16023122,0.0,0.0
2020-12-21 00:00:00+07:00,10210.083984375,10294.1171875,10000.0,10084.033203125,13508116,0.0,0.0
2020-12-22 00:00:00+07:00,10084.033203125,10252.1005859375,9915.966796875,10252.1005859375,21174132,0.0,0.0
2020-12-23 00:00:00+07:00,10420.16796875,10714.2861328125,10378.1513671875,10420.16796875,21497133,0.0,0.0
2020-12-24 00:00:00+07:00,10588.2353515625,10630.251953125,9789.916015625,10168.0673828125,13487838,0.0,0.0
2020-12-25 00:00:00+07:00,10168.0673828125,10378.1513671875,9957.9833984375,10336.134765625,11218010,0.0,0.0
2020-12-28 00:00:00+07:00,10504.2021484375,11050.419921875,10420.16796875,11050.419921875,32592301,0.0,0.0
2020-12-29 00:00:00+07:00,11050.419921875,11512.60546875,10924.3701171875,11302.521484375,17844084,0.0,0.0
2020-12-30 00:00:00+07:00,11302.521484375,11596.638671875,11176.470703125,11260.50390625,11111242,0.0,0.0
2020-12-31 00:00:00+07:00,11218.4873046875,11512.60546875,11092.4365234375,11428.5712890625,13191684,0.0,0.0
2021-01-04 00:00:00+07:00,11680.671875,12058.8232421875,11554.6220703125,11848.7392578125,16432590,0.0,0.0
2021-01-05 00:00:00+07:00,11722.689453125,12100.8408203125,11680.671875,11932.7734375,11418882,0.0,0.0
2021-01-06 00:00:00+07:00,12058.8232421875,12100.8408203125,11596.638671875,11680.671875,18819611,0.0,0.0
2021-01-07 00:00:00+07:00,11680.671875,11932.7734375,11470.587890625,11764.7060546875,22904524,0.0,0.0
2021-01-08 00:00:00+07:00,11932.7734375,11932.7734375,11596.638671875,11722.689453125,21855420,0.0,0.0
2021-01-11 00:00:00+07:00,11848.7392578125,12310.9248046875,11806.72265625,12268.9072265625,18077051,0.0,0.0
2021-01-12 00:00:00+07:00,12394.9580078125,12394.9580078125,12058.8232421875,12268.9072265625,12160014,0.0,0.0
2021-01-13 00:00:00+07:00,12268.9072265625,12268.9072265625,11932.7734375,11932.7734375,16454367,0.0,0.0
2021-01-14 00:00:00+07:00,11932.7734375,12016.806640625,11680.671875,11932.7734375,16151036,0.0,0.0
2021-01-15 00:00:00+07:00,11932.7734375,12268.9072265625,11932.7734375,12058.8232421875,13273973,0.0,0.0
2021-01-18 00:00:00+07:00,12184.8740234375,12773.109375,12058.8232421875,12394.9580078125,19754594,0.0,0.0
2021-01-19 00:00:00+07:00,12436.974609375,12689.0751953125,11554.6220703125,11638.6552734375,22066526,0.0,0.0
2021-01-20 00:00:00+07:00,11806.72265625,11974.7900390625,11008.4033203125,11764.7060546875,16456985,0.0,0.0
2021-01-21 00:00:00+07:00,12016.806640625,12268.9072265625,11722.689453125,12058.8232421875,11967710,0.0,0.0
2021-01-22 00:00:00+07:00,12058.8232421875,12394.9580078125,11890.755859375,12058.8232421875,13528395,0.0,0.0
2021-01-25 00:00:00+07:00,11890.755859375,12142.857421875,11848.7392578125,11890.755859375,9916388,0.0,0.0
2021-01-26 00:00:00+07:00,11932.7734375,11932.7734375,11092.4365234375,11344.5380859375,12353865,0.0,0.0
2021-01-27 00:00:00+07:00,11008.4033203125,11386.5546875,10588.2353515625,10756.302734375,17281060,0.0,0.0
2021-01-28 00:00:00+07:00,10042.0166015625,10336.134765625,10042.0166015625,10042.0166015625,12348629,0.0,0.0
2021-01-29 00:00:00+07:00,9369.748046875,10504.2021484375,9369.748046875,10000.0,14573929,0.0,0.0
2021-02-01 00:00:00+07:00,9957.9833984375,10378.1513671875,9663.865234375,9663.865234375,14683052,0.0,0.0
2021-02-02 00:00:00+07:00,9663.865234375,9915.966796875,9453.78125,9789.916015625,12213683,0.0,0.0
2021-02-03 00:00:00+07:00,10084.033203125,10462.1845703125,10000.0,10462.1845703125,20180614,0.0,0.0
2021-02-04 00:00:00+07:00,10756.302734375,10882.3525390625,10462.1845703125,10588.2353515625,18506641,0.0,0.0
2021-02-05 00:00:00+07:00,10588.2353515625,10756.302734375,10504.2021484375,10672.2685546875,7254001,0.0,0.0
2021-02-08 00:00:00+07:00,10630.251953125,10756.302734375,10000.0,10210.083984375,14466115,0.0,0.0
2021-02-09 00:00:00+07:00,10336.134765625,10462.1845703125,10000.0,10378.1513671875,9450384,0.0,0.0
2021-02-17 00:00:00+07:00,10630.251953125,10924.3701171875,10504.2021484375,10924.3701171875,11823720,0.0,0.0
2021-02-18 00:00:00+07:00,11050.419921875,11176.470703125,10756.302734375,10966.38671875,13933590,0.0,0.0
2021-02-19 00:00:00+07:00,10840.3359375,11176.470703125,10840.3359375,10966.38671875,9640427,0.0,0.0
2021-02-22 00:00:00+07:00,10966.38671875,11050.419921875,10798.3193359375,10840.3359375,11232647,0.0,0.0
2021-02-23 00:00:00+07:00,10924.3701171875,10966.38671875,10714.2861328125,10798.3193359375,11151370,0.0,0.0
2021-02-24 00:00:00+07:00,10882.3525390625,10966.38671875,10504.2021484375,10630.251953125,12510469,0.0,0.0
2021-02-25 00:00:00+07:00,10756.302734375,10840.3359375,10504.2021484375,10672.2685546875,10105836,0.0,0.0
2021-02-26 00:00:00+07:00,10504.2021484375,10672.2685546875,10420.16796875,10588.2353515625,8943444,0.0,0.0
2021-03-01 00:00:00+07:00,10672.2685546875,11008.4033203125,10630.251953125,10966.38671875,12218205,0.0,0.0
2021-03-02 00:00:00+07:00,11092.4365234375,11092.4365234375,10840.3359375,10882.3525390625,12169415,0.0,0.0
2021-03-03 00:00:00+07:00,10840.3359375,10882.3525390625,10714.2861328125,10798.3193359375,10465573,0.0,0.0
2021-03-04 00:00:00+07:00,10882.3525390625,10882.3525390625,10420.16796875,10588.2353515625,12087900,0.0,0.0
2021-03-05 00:00:00+07:00,10882.3525390625,11302.521484375,10840.3359375,11302.521484375,52785186,0.0,0.0
2021-03-08 00:00:00+07:00,12058.8232421875,12058.8232421875,11806.72265625,11890.755859375,40730962,0.0,0.0
2021-03-09 00:00:00+07:00,11722.689453125,11764.7060546875,11428.5712890625,11428.5712890625,34134554,0.0,0.0
2021-03-10 00:00:00+07:00,11302.521484375,11764.7060546875,11218.4873046875,11470.587890625,26419546,0.0,0.0
2021-03-11 00:00:00+07:00,11722.689453125,11722.689453125,11512.60546875,11596.638671875,16364879,0.0,0.0
2021-03-12 00:00:00+07:00,11680.671875,11722.689453125,11470.587890625,11554.6220703125,16099271,0.0,0.0
2021-03-15 00:00:00+07:00,11554.6220703125,11638.6552734375,11470.587890625,11512.60546875,18924688,0.0,0.0
2021-03-16 00:00:00+07:00,11512.60546875,11512.60546875,11176.470703125,11428.5712890625,24266598,0.0,0.0
2021-03-17 00:00:00+07:00,11554.6220703125,11932.7734375,11512.60546875,11722.689453125,30603943,0.0,0.0
2021-03-18 00:00:00+07:00,11848.7392578125,11890.755859375,11554.6220703125,11638.6552734375,13571711,0.0,0.0
2021-03-19 00:00:00+07:00,11512.60546875,11554.6220703125,11260.50390625,11260.50390625,25739104,0.0,0.0
2021-03-22 00:00:00+07:00,11344.5380859375,11512.60546875,11302.521484375,11386.5546875,17446113,0.0,0.0
2021-03-23 00:00:00+07:00,11428.5712890625,11470.587890625,11092.4365234375,11176.470703125,16789709,0.0,0.0
2021-03-24 00:00:00+07:00,10882.3525390625,11008.4033203125,10588.2353515625,10714.2861328125,28799070,0.0,0.0
2021-03-25 00:00:00+07:00,10756.302734375,10924.3701171875,10588.2353515625,10588.2353515625,15932909,0.0,0.0
2021-03-26 00:00:00+07:00,10504.2021484375,10798.3193359375,10168.0673828125,10672.2685546875,17290461,0.0,0.0
2021-03-29 00:00:00+07:00,10882.3525390625,11134.4541015625,10672.2685546875,11008.4033203125,13267190,0.0,0.0
2021-03-30 00:00:00+07:00,11092.4365234375,11260.50390625,10924.3701171875,11092.4365234375,13789719,0.0,0.0
2021-03-31 00:00:00+07:00,10924.3701171875,11260.50390625,10924.3701171875,11092.4365234375,10696314,0.0,0.0
2021-04-01 00:00:00+07:00,11092.4365234375,11596.638671875,10924.3701171875,11470.587890625,26028155,0.0,0.0
2021-04-02 00:00:00+07:00,11554.6220703125,11638.6552734375,11344.5380859375,11428.5712890625,14024268,0.0,0.0
2021-04-05 00:00:00+07:00,11638.6552734375,11638.6552734375,11344.5380859375,11470.587890625,15011968,0.0,0.0
2021-04-06 00:00:00+07:00,11428.5712890625,11470.587890625,11218.4873046875,11302.521484375,16503990,0.0,0.0
2021-04-07 00:00:00+07:00,11344.5380859375,11806.72265625,11218.4873046875,11722.689453125,28456112,0.0,0.0
2021-04-08 00:00:00+07:00,11764.7060546875,11806.72265625,11470.587890625,11596.638671875,15909942,0.0,0.0
2021-04-09 00:00:00+07:00,11638.6552734375,11680.671875,11512.60546875,11596.638671875,15533783,0.0,0.0
2021-04-12 00:00:00+07:00,11722.689453125,12184.8740234375,11554.6220703125,11974.7900390625,46871481,0.0,0.0
2021-04-13 00:00:00+07:00,12016.806640625,12058.8232421875,11512.60546875,11638.6552734375,20219289,0.0,0.0
2021-04-14 00:00:00+07:00,11428.5712890625,11680.671875,11386.5546875,11596.638671875,17676735,0.0,0.0
2021-04-15 00:00:00+07:00,11680.671875,11680.671875,11260.50390625,11260.50390625,25716375,0.0,0.0
2021-04-16 00:00:00+07:00,11176.470703125,11386.5546875,10756.302734375,11092.4365234375,25720778,0.0,0.0
2021-04-19 00:00:00+07:00,11176.470703125,11176.470703125,10882.3525390625,11008.4033203125,13556598,0.0,0.0
2021-04-20 00:00:00+07:00,11050.419921875,11176.470703125,10882.3525390625,10924.3701171875,13500192,0.0,0.0
2021-04-22 00:00:00+07:00,10798.3193359375,10924.3701171875,10378.1513671875,10378.1513671875,20173474,0.0,0.0
2021-04-23 00:00:00+07:00,10378.1513671875,10588.2353515625,10210.083984375,10588.2353515625,16810653,0.0,0.0
2021-04-26 00:00:00+07:00,10714.2861328125,10714.2861328125,10126.05078125,10168.0673828125,13396186,0.0,0.0
2021-04-27 00:00:00+07:00,10168.0673828125,10378.1513671875,10000.0,10168.0673828125,9619007,0.0,0.0
2021-04-28 00:00:00+07:00,10168.0673828125,10546.21875,10168.0673828125,10252.1005859375,8362248,0.0,0.0
2021-04-29 00:00:00+07:00,10420.16796875,10462.1845703125,10252.1005859375,10336.134765625,6826672,0.0,0.0
2021-05-04 00:00:00+07:00,10042.0166015625,10210.083984375,10000.0,10126.05078125,11572987,0.0,0.0
2021-05-05 00:00:00+07:00,10210.083984375,10798.3193359375,10210.083984375,10672.2685546875,20691600,0.0,0.0
2021-05-06 00:00:00+07:00,10672.2685546875,10756.302734375,10336.134765625,10336.134765625,11184928,0.0,0.0
2021-05-07 00:00:00+07:00,10252.1005859375,10336.134765625,10084.033203125,10168.0673828125,12346725,0.0,0.0
2021-05-10 00:00:00+07:00,10084.033203125,10336.134765625,10042.0166015625,10252.1005859375,12147043,0.0,0.0
2021-05-11 00:00:00+07:00,10336.134765625,10630.251953125,10210.083984375,10336.134765625,14314985,0.0,0.0
2021-05-12 00:00:00+07:00,10336.134765625,10546.21875,10336.134765625,10462.1845703125,8326429,0.0,0.0
2021-05-13 00:00:00+07:00,10420.16796875,10588.2353515625,10252.1005859375,10252.1005859375,13869925,0.0,0.0
2021-05-14 00:00:00+07:00,10378.1513671875,10546.21875,10252.1005859375,10294.1171875,15710022,0.0,0.0
2021-05-17 00:00:00+07:00,10336.134765625,10504.2021484375,10210.083984375,10210.083984375,8753282,0.0,0.0
2021-05-18 00:00:00+07:00,10168.0673828125,10294.1171875,10042.0166015625,10084.033203125,11803847,0.0,0.0
2021-05-19 00:00:00+07:00,10084.033203125,10168.0673828125,9747.8994140625,9831.9326171875,20471450,0.0,0.0
2021-05-20 00:00:00+07:00,9831.9326171875,9957.9833984375,9579.83203125,9621.8486328125,17722193,0.0,0.0
2021-05-21 00:00:00+07:00,9621.8486328125,10042.0166015625,9495.7978515625,9831.9326171875,11987107,0.0,0.0
2021-05-24 00:00:00+07:00,9957.9833984375,10042.0166015625,9831.9326171875,9915.966796875,8680454,0.0,0.0
2021-05-25 00:00:00+07:00,10084.033203125,10210.083984375,9957.9833984375,10000.0,10596354,0.0,0.0
2021-05-26 00:00:00+07:00,10000.0,10000.0,9789.916015625,9789.916015625,12171081,0.0,0.0
2021-05-27 00:00:00+07:00,9873.94921875,9957.9833984375,9705.8828125,9789.916015625,11944981,0.0,0.0
2021-05-28 00:00:00+07:00,9789.916015625,9915.966796875,9747.8994140625,9831.9326171875,13149975,0.0,0.0
2021-05-31 00:00:00+07:00,9831.9326171875,9873.94921875,9621.8486328125,9873.94921875,12835458,0.0,0.0
2021-06-01 00:00:00+07:00,10168.0673828125,10336.134765625,10084.033203125,10168.0673828125,18214377,0.0,0.0
2021-06-02 00:00:00+07:00,10210.083984375,10252.1005859375,9957.9833984375,10000.0,12596506,0.0,0.0
2021-06-03 00:00:00+07:00,10042.0166015625,10672.2685546875,10042.0166015625,10672.2685546875,35085602,0.0,0.0
2021-06-04 00:00:00+07:00,10924.3701171875,11008.4033203125,10630.251953125,11008.4033203125,33426266,0.0,0.0
2021-06-07 00:00:00+07:00,11176.470703125,11302.521484375,10756.302734375,10840.3359375,19475301,0.0,0.0
2021-06-08 00:00:00+07:00,10672.2685546875,10756.302734375,10126.05078125,10168.0673828125,21416548,0.0,0.0
2021-06-09 00:00:00+07:00,10084.033203125,10252.1005859375,9915.966796875,10168.0673828125,17536315,0.0,0.0
2021-06-10 00:00:00+07:00,10168.0673828125,10252.1005859375,9915.966796875,10000.0,13816494,0.0,0.0
2021-06-11 00:00:00+07:00,10000.0,10210.083984375,10000.0,10126.05078125,8552886,0.0,0.0
2021-06-14 00:00:00+07:00,10210.083984375,10378.1513671875,10084.033203125,10252.1005859375,13005747,0.0,0.0
2021-06-15 00:00:00+07:00,10252.1005859375,10378.1513671875,10084.033203125,10126.05078125,8441383,0.0,0.0
2021-06-16 00:00:00+07:00,10126.05078125,10336.134765625,10084.033203125,10126.05078125,10322059,0.0,0.0
2021-06-17 00:00:00+07:00,10042.0166015625,10588.2353515625,10000.0,10420.16796875,19811119,0.0,0.0
2021-06-18 00:00:00+07:00,10588.2353515625,10588.2353515625,10294.1171875,10336.134765625,11391036,0.0,0.0
2021-06-21 00:00:00+07:00,10336.134765625,10672.2685546875,10252.1005859375,10504.2021484375,21131662,0.0,0.0
2021-06-22 00:00:00+07:00,10588.2353515625,10756.302734375,10504.2021484375,10546.21875,16130568,0.0,0.0
2021-06-23 00:00:00+07:00,10588.2353515625,10630.251953125,10252.1005859375,10336.134765625,9772517,0.0,0.0
2021-06-24 00:00:00+07:00,10294.1171875,10378.1513671875,10126.05078125,10210.083984375,11456248,0.0,0.0
2021-06-25 00:00:00+07:00,10210.083984375,10294.1171875,10042.0166015625,10210.083984375,9980886,0.0,0.0
2021-06-28 00:00:00+07:00,10252.1005859375,10294.1171875,10168.0673828125,10210.083984375,8156973,0.0,0.0
2021-06-29 00:00:00+07:00,10252.1005859375,10294.1171875,10126.05078125,10126.05078125,9448718,0.0,0.0
2021-06-30 00:00:00+07:00,10126.05078125,10336.134765625,10084.033203125,10126.05078125,9721228,0.0,0.0
2021-07-01 00:00:00+07:00,10126.05078125,10210.083984375,10042.0166015625,10168.0673828125,9291400,0.0,0.0
2021-07-02 00:00:00+07:00,10168.0673828125,10252.1005859375,10084.033203125,10084.033203125,7614095,0.0,0.0
2021-07-05 00:00:00+07:00,10042.0166015625,10084.033203125,9789.916015625,9831.9326171875,17734569,0.0,0.0
2021-07-06 00:00:00+07:00,9873.94921875,9957.9833984375,9621.8486328125,9621.8486328125,12654102,0.0,0.0
2021-07-07 00:00:00+07:00,9621.8486328125,9747.8994140625,9411.7646484375,9579.83203125,12706581,0.0,0.0
2021-07-08 00:00:00+07:00,9579.83203125,9705.8828125,9495.7978515625,9537.8154296875,7489145,0.0,0.0
2021-07-09 00:00:00+07:00,9495.7978515625,9495.7978515625,9075.6298828125,9075.6298828125,14359372,0.0,0.0
2021-07-12 00:00:00+07:00,9075.6298828125,9117.6474609375,8445.3779296875,8529.412109375,20447650,0.0,0.0
2021-07-13 00:00:00+07:00,8571.4287109375,8865.5458984375,8487.39453125,8865.5458984375,12814871,0.0,0.0
2021-07-14 00:00:00+07:00,8907.5634765625,8991.5966796875,8697.478515625,8781.5126953125,7697157,0.0,0.0
2021-07-15 00:00:00+07:00,8781.5126953125,8991.5966796875,8655.4619140625,8991.5966796875,6929845,0.0,0.0
2021-07-16 00:00:00+07:00,8991.5966796875,8991.5966796875,8823.529296875,8907.5634765625,6822626,0.0,0.0
2021-07-19 00:00:00+07:00,8655.4619140625,8739.49609375,8386.5546875,8487.39453125,13013244,0.0,0.0
2021-07-20 00:00:00+07:00,8571.4287109375,8655.4619140625,8445.3779296875,8655.4619140625,8847649,0.0,0.0
2021-07-21 00:00:00+07:00,8655.4619140625,8739.49609375,8571.4287109375,8613.4453125,5137229,0.0,0.0
2021-07-22 00:00:00+07:00,8655.4619140625,8823.529296875,8571.4287109375,8697.478515625,10590642,0.0,0.0
2021-07-23 00:00:00+07:00,8739.49609375,9033.61328125,8739.49609375,8823.529296875,14259650,0.0,0.0
2021-07-26 00:00:00+07:00,8739.49609375,8865.5458984375,8697.478515625,8823.529296875,4616961,0.0,0.0
2021-07-27 00:00:00+07:00,8907.5634765625,9201.6806640625,8865.5458984375,9075.6298828125,13444024,0.0,0.0
2021-07-28 00:00:00+07:00,8991.5966796875,9075.6298828125,8907.5634765625,8907.5634765625,6334012,0.0,0.0
2021-07-29 00:00:00+07:00,8991.5966796875,8991.5966796875,8865.5458984375,8949.580078125,5414261,0.0,0.0
2021-07-30 00:00:00+07:00,8949.580078125,9075.6298828125,8865.5458984375,8991.5966796875,9496794,0.0,0.0
2021-08-02 00:00:00+07:00,8991.5966796875,9159.6640625,8949.580078125,9033.61328125,9378151,0.0,0.0
2021-08-03 00:00:00+07:00,9075.6298828125,9117.6474609375,8991.5966796875,9075.6298828125,5882526,0.0,0.0
2021-08-04 00:00:00+07:00,9075.6298828125,9201.6806640625,9033.61328125,9117.6474609375,7792725,0.0,0.0
2021-08-05 00:00:00+07:00,9075.6298828125,9159.6640625,8991.5966796875,9075.6298828125,6127785,0.0,0.0
2021-08-06 00:00:00+07:00,9075.6298828125,9411.7646484375,9033.61328125,9243.697265625,15494513,0.0,0.0
2021-08-09 00:00:00+07:00,9285.7138671875,9411.7646484375,9159.6640625,9369.748046875,7296127,0.0,0.0
2021-08-10 00:00:00+07:00,9411.7646484375,9579.83203125,9369.748046875,9453.78125,10365256,0.0,0.0
2021-08-11 00:00:00+07:00,9453.78125,9873.94921875,9411.7646484375,9621.8486328125,16765195,0.0,0.0
2021-08-12 00:00:00+07:00,9663.865234375,9705.8828125,9537.8154296875,9537.8154296875,9388028,0.0,0.0
2021-08-13 00:00:00+07:00,9495.7978515625,9621.8486328125,9327.7314453125,9495.7978515625,11775882,0.0,0.0
2021-08-16 00:00:00+07:00,9495.7978515625,9705.8828125,9495.7978515625,9621.8486328125,11227173,0.0,0.0
2021-08-17 00:00:00+07:00,9663.865234375,9663.865234375,9495.7978515625,9537.8154296875,7832817,0.0,0.0
2021-08-18 00:00:00+07:00,9537.8154296875,9621.8486328125,9453.78125,9579.83203125,10585287,0.0,0.0
2021-08-19 00:00:00+07:00,9579.83203125,9579.83203125,9453.78125,9537.8154296875,8078671,0.0,0.0
2021-08-20 00:00:00+07:00,9537.8154296875,9579.83203125,9033.61328125,9159.6640625,18294345,0.0,0.0
2021-08-23 00:00:00+07:00,9117.6474609375,9159.6640625,8865.5458984375,8865.5458984375,10293856,0.0,0.0
2021-08-24 00:00:00+07:00,8907.5634765625,9033.61328125,8739.49609375,8865.5458984375,11595359,0.0,0.0
2021-08-25 00:00:00+07:00,8949.580078125,9453.78125,8865.5458984375,9453.78125,16634057,0.0,0.0
2021-08-26 00:00:00+07:00,9747.8994140625,9789.916015625,9411.7646484375,9537.8154296875,14115303,0.0,0.0
2021-08-27 00:00:00+07:00,9453.78125,10084.033203125,9285.7138671875,10000.0,31383274,0.0,0.0
2021-08-30 00:00:00+07:00,10084.033203125,10252.1005859375,9957.9833984375,10042.0166015625,15897244,0.0,0.0
2021-08-31 00:00:00+07:00,10042.0166015625,10084.033203125,9873.94921875,9957.9833984375,11316780,0.0,0.0
2021-09-01 00:00:00+07:00,9873.94921875,10462.1845703125,9831.9326171875,10462.1845703125,35510432,0.0,0.0
2021-09-06 00:00:00+07:00,10504.2021484375,10714.2861328125,10378.1513671875,10420.16796875,17199188,0.0,0.0
2021-09-07 00:00:00+07:00,10420.16796875,10504.2021484375,10126.05078125,10126.05078125,17681257,0.0,0.0
2021-09-08 00:00:00+07:00,10084.033203125,10252.1005859375,9957.9833984375,10000.0,14382815,0.0,0.0
2021-09-09 00:00:00+07:00,10042.0166015625,10378.1513671875,9957.9833984375,10168.0673828125,11425784,0.0,0.0
2021-09-10 00:00:00+07:00,10126.05078125,10378.1513671875,10126.05078125,10168.0673828125,9305561,0.0,0.0
2021-09-13 00:00:00+07:00,10168.0673828125,10210.083984375,9957.9833984375,9957.9833984375,12379569,0.0,0.0
2021-09-14 00:00:00+07:00,9915.966796875,10084.033203125,9621.8486328125,9663.865234375,18839365,0.0,0.0
2021-09-15 00:00:00+07:00,9663.865234375,9957.9833984375,9663.865234375,9915.966796875,7342061,0.0,0.0
2021-09-16 00:00:00+07:00,9957.9833984375,10000.0,9789.916015625,9915.966796875,7168797,0.0,0.0
2021-09-17 00:00:00+07:00,10000.0,10210.083984375,9831.9326171875,9873.94921875,18544959,0.0,0.0
2021-09-20 00:00:00+07:00,10042.0166015625,10084.033203125,9831.9326171875,9873.94921875,11802062,0.0,0.0
2021-09-21 00:00:00+07:00,9747.8994140625,9873.94921875,9663.865234375,9789.916015625,11996389,0.0,0.0
2021-09-22 00:00:00+07:00,9831.9326171875,9957.9833984375,9705.8828125,9915.966796875,11543594,0.0,0.0
2021-09-23 00:00:00+07:00,10042.0166015625,10042.0166015625,9873.94921875,9873.94921875,9052091,0.0,0.0
2021-09-24 00:00:00+07:00,9915.966796875,9915.966796875,9747.8994140625,9747.8994140625,9613890,0.0,0.0
2021-09-27 00:00:00+07:00,9789.916015625,10000.0,9705.8828125,9705.8828125,11221461,0.0,0.0
2021-09-28 00:00:00+07:00,9705.8828125,9915.966796875,9621.8486328125,9873.94921875,8662485,0.0,0.0
2021-09-29 00:00:00+07:00,9873.94921875,10420.16796875,9873.94921875,10252.1005859375,37366664,0.0,0.0
2021-09-30 00:00:00+07:00,10252.1005859375,10294.1171875,9957.9833984375,10042.0166015625,11037606,0.0,0.0
2021-10-01 00:00:00+07:00,9915.966796875,10378.1513671875,9915.966796875,10252.1005859375,22462093,0.0,0.0
2021-10-04 00:00:00+07:00,10462.1845703125,10840.3359375,10462.1845703125,10630.251953125,38089876,0.0,0.0
2021-10-05 00:00:00+07:00,10672.2685546875,10840.3359375,10546.21875,10714.2861328125,26549851,0.0,0.0
2021-10-06 00:00:00+07:00,10798.3193359375,11008.4033203125,10672.2685546875,10798.3193359375,22076284,0.0,0.0
2021-10-07 00:00:00+07:00,10798.3193359375,10798.3193359375,10588.2353515625,10630.251953125,20463001,0.0,0.0
2021-10-08 00:00:00+07:00,10672.2685546875,10672.2685546875,10420.16796875,10462.1845703125,21884575,0.0,0.0
2021-10-11 00:00:00+07:00,10420.16796875,10588.2353515625,10252.1005859375,10420.16796875,26522957,0.0,0.0
2021-10-12 00:00:00+07:00,10420.16796875,10672.2685546875,10420.16796875,10672.2685546875,26464409,0.0,0.0
2021-10-13 00:00:00+07:00,10756.302734375,10756.302734375,10462.1845703125,10504.2021484375,18075028,0.0,0.0
2021-10-14 00:00:00+07:00,10504.2021484375,10588.2353515625,10420.16796875,10504.2021484375,16398199,0.0,0.0
2021-10-15 00:00:00+07:00,10504.2021484375,10588.2353515625,10252.1005859375,10336.134765625,20603421,0.0,0.0
2021-10-18 00:00:00+07:00,10336.134765625,10504.2021484375,10294.1171875,10378.1513671875,15986459,0.0,0.0
2021-10-19 00:00:00+07:00,10336.134765625,10504.2021484375,10294.1171875,10336.134765625,12341132,0.0,0.0
2021-10-20 00:00:00+07:00,10336.134765625,10420.16796875,10126.05078125,10336.134765625,16261468,0.0,0.0
2021-10-21 00:00:00+07:00,10336.134765625,10336.134765625,10126.05078125,10126.05078125,16226244,0.0,0.0
2021-10-22 00:00:00+07:00,10126.05078125,10252.1005859375,10084.033203125,10168.0673828125,12213683,0.0,0.0
2021-10-25 00:00:00+07:00,10294.1171875,10420.16796875,10168.0673828125,10294.1171875,16293479,0.0,0.0
2021-10-26 00:00:00+07:00,10294.1171875,10420.16796875,10168.0673828125,10378.1513671875,10288858,0.0,0.0
2021-10-27 00:00:00+07:00,10420.16796875,10504.2021484375,10294.1171875,10420.16796875,18929448,0.0,0.0
2021-10-28 00:00:00+07:00,10462.1845703125,10882.3525390625,10462.1845703125,10714.2861328125,33691993,0.0,0.0
2021-10-29 00:00:00+07:00,10798.3193359375,10840.3359375,10504.2021484375,10630.251953125,18556264,0.0,0.0
2021-11-01 00:00:00+07:00,10924.3701171875,11176.470703125,10840.3359375,11008.4033203125,39236560,0.0,0.0
2021-11-02 00:00:00+07:00,11008.4033203125,11008.4033203125,10798.3193359375,10798.3193359375,24056682,0.0,0.0
2021-11-03 00:00:00+07:00,10840.3359375,10882.3525390625,10546.21875,10588.2353515625,26573770,0.0,0.0
2021-11-04 00:00:00+07:00,10588.2353515625,10756.302734375,10504.2021484375,10630.251953125,15451316,0.0,0.0
2021-11-05 00:00:00+07:00,10672.2685546875,11092.4365234375,10672.2685546875,10924.3701171875,23249862,0.0,0.0
2021-11-08 00:00:00+07:00,10966.38671875,11218.4873046875,10924.3701171875,11008.4033203125,23480603,0.0,0.0
2021-11-09 00:00:00+07:00,10966.38671875,11050.419921875,10798.3193359375,10798.3193359375,18105016,0.0,0.0
2021-11-10 00:00:00+07:00,10840.3359375,11176.470703125,10798.3193359375,11008.4033203125,27379400,0.0,0.0
2021-11-11 00:00:00+07:00,11050.419921875,11134.4541015625,10798.3193359375,10840.3359375,20187873,0.0,0.0
2021-11-12 00:00:00+07:00,10798.3193359375,11050.419921875,10798.3193359375,10882.3525390625,15265200,0.0,0.0
2021-11-15 00:00:00+07:00,11008.4033203125,11638.6552734375,10756.302734375,11638.6552734375,54016241,0.0,0.0
2021-11-16 00:00:00+07:00,11848.7392578125,12058.8232421875,11596.638671875,11806.72265625,35350258,0.0,0.0
2021-11-17 00:00:00+07:00,11764.7060546875,12058.8232421875,11638.6552734375,11890.755859375,19954395,0.0,0.0
2021-11-18 00:00:00+07:00,11848.7392578125,12563.025390625,11806.72265625,12310.9248046875,36946524,0.0,0.0
2021-11-19 00:00:00+07:00,12436.974609375,12436.974609375,11470.587890625,11722.689453125,38443306,0.0,0.0
2021-11-22 00:00:00+07:00,11680.671875,11722.689453125,10966.38671875,10966.38671875,28636159,0.0,0.0
2021-11-23 00:00:00+07:00,11176.470703125,11596.638671875,11008.4033203125,11596.638671875,18304460,0.0,0.0
2021-11-24 00:00:00+07:00,11680.671875,11764.7060546875,11344.5380859375,11428.5712890625,17903311,0.0,0.0
2021-11-25 00:00:00+07:00,11470.587890625,11932.7734375,11428.5712890625,11638.6552734375,22240742,0.0,0.0
2021-11-26 00:00:00+07:00,11722.689453125,11764.7060546875,11260.50390625,11386.5546875,22360218,0.0,0.0
2021-11-29 00:00:00+07:00,11092.4365234375,11470.587890625,11050.419921875,11302.521484375,17861423,0.0,0.0
2021-11-30 00:00:00+07:00,11470.587890625,11680.671875,11260.50390625,11344.5380859375,17706009,0.0,0.0
2021-12-01 00:00:00+07:00,11344.5380859375,11890.755859375,11344.5380859375,11764.7060546875,23941966,0.0,0.0
2021-12-02 00:00:00+07:00,11764.7060546875,12310.9248046875,11764.7060546875,11890.755859375,27619899,0.0,0.0
2021-12-03 00:00:00+07:00,11932.7734375,12058.8232421875,11386.5546875,11386.5546875,19639640,0.0,0.0
2021-12-06 00:00:00+07:00,11596.638671875,12016.806640625,11386.5546875,11680.671875,25632956,0.0,0.0
2021-12-07 00:00:00+07:00,11848.7392578125,12478.9912109375,11848.7392578125,12478.9912109375,36156721,0.0,0.0
2021-12-08 00:00:00+07:00,12983.193359375,13193.27734375,12647.05859375,12689.0751953125,50369724,0.0,0.0
2021-12-09 00:00:00+07:00,12605.0419921875,13109.244140625,12563.025390625,12983.193359375,31125282,0.0,0.0
2021-12-10 00:00:00+07:00,12941.1767578125,13739.49609375,12815.1259765625,13655.4619140625,46188540,0.0,0.0
2021-12-13 00:00:00+07:00,13655.4619140625,13907.5634765625,13403.361328125,13613.4453125,37182977,0.0,0.0
2021-12-14 00:00:00+07:00,13529.412109375,14243.697265625,13403.361328125,13949.580078125,32151062,0.0,0.0
2021-12-15 00:00:00+07:00,13949.580078125,14117.6474609375,13529.412109375,13529.412109375,30521238,0.0,0.0
2021-12-16 00:00:00+07:00,13487.39453125,14453.78125,13445.3779296875,14453.78125,49525419,0.0,0.0
2021-12-17 00:00:00+07:00,14705.8828125,15126.05078125,14369.748046875,14369.748046875,35243158,0.0,0.0
2021-12-20 00:00:00+07:00,14453.78125,15336.134765625,14117.6474609375,15336.134765625,46018965,0.0,0.0
2021-12-21 00:00:00+07:00,15210.083984375,16386.5546875,15084.033203125,15714.2861328125,43605883,0.0,0.0
2021-12-22 00:00:00+07:00,15924.3701171875,16386.5546875,15714.2861328125,15966.38671875,33788145,0.0,0.0
2021-12-23 00:00:00+07:00,15966.38671875,16260.50390625,14957.9833984375,15546.21875,53175268,0.0,0.0
2021-12-24 00:00:00+07:00,15252.1005859375,15420.16796875,14495.7978515625,14495.7978515625,81064227,0.0,0.0
2021-12-27 00:00:00+07:00,14327.7314453125,15504.2021484375,13865.5458984375,15504.2021484375,39206215,0.0,0.0
2021-12-28 00:00:00+07:00,15504.2021484375,16134.4541015625,15126.05078125,15420.16796875,30012394,0.0,0.0
2021-12-29 00:00:00+07:00,15210.083984375,15714.2861328125,15000.0,15126.05078125,25500509,0.0,0.0
2021-12-30 00:00:00+07:00,15126.05078125,15378.1513671875,14579.83203125,14663.865234375,28470392,0.0,0.0
2021-12-31 00:00:00+07:00,14663.865234375,15042.0166015625,14537.8154296875,14705.8828125,19081649,0.0,0.0
2022-01-04 00:00:00+07:00,14873.94921875,15714.2861328125,14873.94921875,15714.2861328125,24444622,0.0,0.0
2022-01-05 00:00:00+07:00,16134.4541015625,16764.705078125,15966.38671875,15966.38671875,46284335,0.0,0.0
2022-01-06 00:00:00+07:00,15840.3359375,16638.65625,15840.3359375,16176.470703125,32210919,0.0,0.0
2022-01-07 00:00:00+07:00,16176.470703125,17100.83984375,16176.470703125,16932.7734375,39214664,0.0,0.0
2022-01-10 00:00:00+07:00,17226.890625,17478.9921875,15756.302734375,15756.302734375,37695391,0.0,0.0
2022-01-11 00:00:00+07:00,15966.38671875,16302.521484375,15504.2021484375,15672.2685546875,38492096,0.0,0.0
2022-01-12 00:00:00+07:00,15672.2685546875,16134.4541015625,14579.83203125,15252.1005859375,51178210,0.0,0.0
2022-01-13 00:00:00+07:00,15252.1005859375,15672.2685546875,14201.6806640625,14201.6806640625,46918129,0.0,0.0
2022-01-14 00:00:00+07:00,13865.5458984375,14957.9833984375,13865.5458984375,14873.94921875,26084799,0.0,0.0
2022-01-17 00:00:00+07:00,14873.94921875,14873.94921875,13865.5458984375,13865.5458984375,37280438,0.0,0.0
2022-01-18 00:00:00+07:00,13277.310546875,13781.5126953125,12899.1591796875,12941.1767578125,32802111,0.0,0.0
2022-01-19 00:00:00+07:00,13109.244140625,13529.412109375,13025.2099609375,13487.39453125,17614617,0.0,0.0
2022-01-20 00:00:00+07:00,13529.412109375,14369.748046875,13277.310546875,14285.7138671875,15601732,0.0,0.0
2022-01-21 00:00:00+07:00,14285.7138671875,14411.7646484375,13949.580078125,13991.5966796875,18246269,0.0,0.0
2022-01-24 00:00:00+07:00,13865.5458984375,13865.5458984375,13025.2099609375,13025.2099609375,22729713,0.0,0.0
2022-01-25 00:00:00+07:00,12689.0751953125,13907.5634765625,12689.0751953125,13907.5634765625,17345082,0.0,0.0
2022-01-26 00:00:00+07:00,14117.6474609375,14159.6640625,13697.478515625,13697.478515625,12952792,0.0,0.0
2022-01-27 00:00:00+07:00,13697.478515625,13781.5126953125,13445.3779296875,13781.5126953125,9445743,0.0,0.0
2022-01-28 00:00:00+07:00,13781.5126953125,14243.697265625,13613.4453125,14117.6474609375,16275629,0.0,0.0
2022-02-07 00:00:00+07:00,14285.7138671875,15084.033203125,14201.6806640625,15000.0,26136207,0.0,0.0
2022-02-08 00:00:00+07:00,14957.9833984375,15252.1005859375,14747.8994140625,15042.0166015625,21910993,0.0,0.0
2022-02-09 00:00:00+07:00,15042.0166015625,15252.1005859375,14873.94921875,14957.9833984375,16260516,0.0,0.0
2022-02-10 00:00:00+07:00,15000.0,15798.3193359375,15000.0,15588.2353515625,36588334,0.0,0.0
2022-02-11 00:00:00+07:00,15546.21875,15714.2861328125,15210.083984375,15378.1513671875,17676021,0.0,0.0
2022-02-14 00:00:00+07:00,15042.0166015625,15420.16796875,14873.94921875,14873.94921875,22816345,0.0,0.0
2022-02-15 00:00:00+07:00,14873.94921875,15252.1005859375,14537.8154296875,15210.083984375,22106986,0.0,0.0
2022-02-16 00:00:00+07:00,15462.1845703125,15630.251953125,15210.083984375,15294.1171875,17042822,0.0,0.0
2022-02-17 00:00:00+07:00,15462.1845703125,15924.3701171875,15252.1005859375,15630.251953125,40773207,0.0,0.0
2022-02-18 00:00:00+07:00,15462.1845703125,15798.3193359375,15378.1513671875,15588.2353515625,22256807,0.0,0.0
2022-02-21 00:00:00+07:00,15588.2353515625,15714.2861328125,15420.16796875,15462.1845703125,22040346,0.0,0.0
2022-02-22 00:00:00+07:00,15294.1171875,15336.134765625,14705.8828125,14957.9833984375,44455424,0.0,0.0
2022-02-23 00:00:00+07:00,15084.033203125,15630.251953125,15042.0166015625,15252.1005859375,20211316,0.0,0.0
2022-02-24 00:00:00+07:00,15294.1171875,15462.1845703125,14579.83203125,14915.966796875,28539531,0.0,0.0
2022-02-25 00:00:00+07:00,15126.05078125,15252.1005859375,14915.966796875,15000.0,14362704,0.0,0.0
2022-02-28 00:00:00+07:00,15000.0,15126.05078125,14537.8154296875,14579.83203125,33736023,0.0,0.0
2022-03-01 00:00:00+07:00,14495.7978515625,14873.94921875,14159.6640625,14663.865234375,31582004,0.0,0.0
2022-03-02 00:00:00+07:00,14663.865234375,15042.0166015625,14495.7978515625,14663.865234375,15971108,0.0,0.0
2022-03-03 00:00:00+07:00,14663.865234375,14831.9326171875,14369.748046875,14453.78125,22328326,0.0,0.0
2022-03-04 00:00:00+07:00,14453.78125,14789.916015625,14411.7646484375,14537.8154296875,18768203,0.0,0.0
2022-03-07 00:00:00+07:00,14453.78125,14453.78125,14201.6806640625,14327.7314453125,23983735,0.0,0.0
2022-03-08 00:00:00+07:00,14285.7138671875,14705.8828125,14201.6806640625,14453.78125,21853040,0.0,0.0
2022-03-09 00:00:00+07:00,14537.8154296875,14621.8486328125,14075.6298828125,14075.6298828125,22451253,0.0,0.0
2022-03-10 00:00:00+07:00,14285.7138671875,14411.7646484375,13949.580078125,13949.580078125,16490424,0.0,0.0
2022-03-11 00:00:00+07:00,13781.5126953125,14033.61328125,13529.412109375,13571.4287109375,26465361,0.0,0.0
2022-03-14 00:00:00+07:00,13571.4287109375,13613.4453125,13109.244140625,13151.2607421875,20143605,0.0,0.0
2022-03-15 00:00:00+07:00,13193.27734375,13781.5126953125,13151.2607421875,13781.5126953125,16267418,0.0,0.0
2022-03-16 00:00:00+07:00,13781.5126953125,14033.61328125,13655.4619140625,13697.478515625,10065019,0.0,0.0
2022-03-17 00:00:00+07:00,13697.478515625,13823.529296875,13655.4619140625,13697.478515625,8773988,0.0,0.0
2022-03-18 00:00:00+07:00,13697.478515625,13823.529296875,13487.39453125,13529.412109375,14216810,0.0,0.0
2022-03-21 00:00:00+07:00,13613.4453125,13739.49609375,13529.412109375,13613.4453125,9704330,0.0,0.0
2022-03-22 00:00:00+07:00,13697.478515625,13865.5458984375,13655.4619140625,13865.5458984375,15716924,0.0,0.0
2022-03-23 00:00:00+07:00,13949.580078125,14495.7978515625,13907.5634765625,14201.6806640625,25198368,0.0,0.0
2022-03-24 00:00:00+07:00,14201.6806640625,14369.748046875,14075.6298828125,14117.6474609375,9923766,0.0,0.0
2022-03-25 00:00:00+07:00,14117.6474609375,14117.6474609375,13949.580078125,13949.580078125,10209604,0.0,0.0
2022-03-28 00:00:00+07:00,13781.5126953125,13865.5458984375,13319.328125,13487.39453125,18998944,0.0,0.0
2022-03-29 00:00:00+07:00,13487.39453125,13739.49609375,13487.39453125,13655.4619140625,7191169,0.0,0.0
2022-03-30 00:00:00+07:00,13487.39453125,13697.478515625,13361.3447265625,13403.361328125,12568898,0.0,0.0
2022-03-31 00:00:00+07:00,13403.361328125,13571.4287109375,13319.328125,13319.328125,8527063,0.0,0.0
2022-04-01 00:00:00+07:00,13277.310546875,13571.4287109375,13193.27734375,13445.3779296875,9634239,0.0,0.0
2022-04-04 00:00:00+07:00,13571.4287109375,13739.49609375,13529.412109375,13613.4453125,8796598,0.0,0.0
2022-04-05 00:00:00+07:00,13697.478515625,13949.580078125,13613.4453125,13739.49609375,11516462,0.0,0.0
2022-04-06 00:00:00+07:00,13697.478515625,13949.580078125,13571.4287109375,13781.5126953125,10414046,0.0,0.0
2022-04-07 00:00:00+07:00,13823.529296875,14243.697265625,13781.5126953125,13991.5966796875,29970387,0.0,0.0
2022-04-08 00:00:00+07:00,13991.5966796875,14075.6298828125,13613.4453125,13613.4453125,10765929,0.0,0.0
2022-04-12 00:00:00+07:00,13613.4453125,13697.478515625,13109.244140625,13109.244140625,12481671,0.0,0.0
2022-04-13 00:00:00+07:00,13193.27734375,13277.310546875,12857.142578125,13193.27734375,14275239,0.0,0.0
2022-04-14 00:00:00+07:00,13193.27734375,13319.328125,13067.2265625,13067.2265625,7597435,0.0,0.0
2022-04-15 00:00:00+07:00,13025.2099609375,13025.2099609375,12184.8740234375,12352.94140625,23354344,0.0,0.0
2022-04-18 00:00:00+07:00,12352.94140625,12647.05859375,12100.8408203125,12184.8740234375,13218519,0.0,0.0
2022-04-19 00:00:00+07:00,12184.8740234375,12394.9580078125,11344.5380859375,11344.5380859375,14110424,0.0,0.0
2022-04-20 00:00:00+07:00,11344.5380859375,11596.638671875,10924.3701171875,10966.38671875,19872880,0.0,0.0
2022-04-21 00:00:00+07:00,10924.3701171875,11386.5546875,10546.21875,11176.470703125,19580854,0.0,0.0
2022-04-22 00:00:00+07:00,11344.5380859375,11554.6220703125,10882.3525390625,11218.4873046875,10960732,0.0,0.0
2022-04-25 00:00:00+07:00,11302.521484375,11344.5380859375,10462.1845703125,10462.1845703125,16385942,0.0,0.0
2022-04-26 00:00:00+07:00,10084.033203125,10924.3701171875,9789.916015625,10924.3701171875,15301138,0.0,0.0
2022-04-27 00:00:00+07:00,10798.3193359375,11050.419921875,10672.2685546875,10882.3525390625,8466849,0.0,0.0
2022-04-28 00:00:00+07:00,10882.3525390625,11050.419921875,10756.302734375,10756.302734375,6938889,0.0,0.0
2022-04-29 00:00:00+07:00,10756.302734375,11218.4873046875,10672.2685546875,11050.419921875,12329351,0.0,0.0
2022-05-04 00:00:00+07:00,11386.5546875,11806.72265625,11302.521484375,11806.72265625,24745216,0.0,0.0
2022-05-05 00:00:00+07:00,12142.857421875,12184.8740234375,11680.671875,11890.755859375,15581502,0.0,0.0
2022-05-06 00:00:00+07:00,11596.638671875,12142.857421875,11554.6220703125,11680.671875,13736288,0.0,0.0
2022-05-09 00:00:00+07:00,11428.5712890625,11638.6552734375,10882.3525390625,10882.3525390625,18721793,0.0,0.0
2022-05-10 00:00:00+07:00,10336.134765625,11176.470703125,10294.1171875,11176.470703125,14340332,0.0,0.0
2022-05-11 00:00:00+07:00,11260.50390625,11344.5380859375,10966.38671875,11092.4365234375,8325953,0.0,0.0
2022-05-12 00:00:00+07:00,11050.419921875,11134.4541015625,10336.134765625,10336.134765625,12851880,0.0,0.0
2022-05-13 00:00:00+07:00,10378.1513671875,10546.21875,9621.8486328125,9621.8486328125,23677191,0.0,0.0
2022-05-16 00:00:00+07:00,10084.033203125,10294.1171875,9705.8828125,9747.8994140625,10786873,0.0,0.0
2022-05-17 00:00:00+07:00,9789.916015625,10420.16796875,9747.8994140625,10420.16796875,12389327,0.0,0.0
2022-05-18 00:00:00+07:00,10672.2685546875,10840.3359375,10504.2021484375,10630.251953125,13357511,0.0,0.0
2022-05-19 00:00:00+07:00,10252.1005859375,10924.3701171875,10252.1005859375,10756.302734375,14854650,0.0,0.0
2022-05-20 00:00:00+07:00,10882.3525390625,11092.4365234375,10672.2685546875,10756.302734375,12827961,0.0,0.0
2022-05-23 00:00:00+07:00,10924.3701171875,11050.419921875,10546.21875,10714.2861328125,13973931,0.0,0.0
2022-05-24 00:00:00+07:00,10714.2861328125,10798.3193359375,10336.134765625,10798.3193359375,11597620,0.0,0.0
2022-05-25 00:00:00+07:00,10840.3359375,11302.521484375,10798.3193359375,11260.50390625,16578127,0.0,0.0
2022-05-26 00:00:00+07:00,11344.5380859375,11344.5380859375,11008.4033203125,11050.419921875,12164893,0.0,0.0
2022-05-27 00:00:00+07:00,11092.4365234375,11428.5712890625,11008.4033203125,11218.4873046875,13515543,0.0,0.0
2022-05-30 00:00:00+07:00,11302.521484375,11428.5712890625,11218.4873046875,11302.521484375,11859539,0.0,0.0
2022-05-31 00:00:00+07:00,11260.50390625,11428.5712890625,11176.470703125,11386.5546875,13826252,0.0,0.0
2022-06-01 00:00:00+07:00,11386.5546875,11932.7734375,11302.521484375,11722.689453125,22921779,0.0,0.0
2022-06-02 00:00:00+07:00,11764.7060546875,11848.7392578125,11344.5380859375,11386.5546875,11226340,0.0,0.0
2022-06-03 00:00:00+07:00,11344.5380859375,11470.587890625,11134.4541015625,11344.5380859375,11880602,0.0,0.0
2022-06-06 00:00:00+07:00,11344.5380859375,11932.7734375,11092.4365234375,11596.638671875,29669436,0.0,0.0
2022-06-07 00:00:00+07:00,11596.638671875,12394.9580078125,11512.60546875,12394.9580078125,45274025,0.0,0.0
2022-06-08 00:00:00+07:00,12857.142578125,13235.2939453125,12689.0751953125,12941.1767578125,31244282,0.0,0.0
2022-06-09 00:00:00+07:00,12689.0751953125,13361.3447265625,12689.0751953125,13361.3447265625,27171269,0.0,0.0
2022-06-10 00:00:00+07:00,13067.2265625,13403.361328125,12478.9912109375,12605.0419921875,32110007,0.0,0.0
2022-06-13 00:00:00+07:00,12268.9072265625,13277.310546875,12226.890625,12815.1259765625,48665882,0.0,0.0
2022-06-14 00:00:00+07:00,12773.109375,13193.27734375,12436.974609375,12815.1259765625,25178614,0.0,0.0
2022-06-15 00:00:00+07:00,12815.1259765625,12983.193359375,11932.7734375,12184.8740234375,31229169,0.0,0.0
2022-06-16 00:00:00+07:00,12436.974609375,13025.2099609375,12016.806640625,12941.1767578125,40953492,0.0,0.0
2022-06-17 00:00:00+07:00,12605.0419921875,13739.49609375,12563.025390625,13529.412109375,45156572,0.0,0.0
2022-06-20 00:00:00+07:00,13613.4453125,13781.5126953125,12605.0419921875,12605.0419921875,31210605,0.0,0.0
2022-06-21 00:00:00+07:00,12436.974609375,12731.0927734375,11722.689453125,11722.689453125,38329899,0.0,0.0
2022-06-22 00:00:00+07:00,11596.638671875,11806.72265625,10924.3701171875,10924.3701171875,44507784,0.0,0.0
2022-06-23 00:00:00+07:00,10588.2353515625,11680.671875,10588.2353515625,11680.671875,21757007,0.0,0.0
2022-06-24 00:00:00+07:00,11806.72265625,11806.72265625,11386.5546875,11386.5546875,13192696,0.0,0.0
2022-06-27 00:00:00+07:00,11470.587890625,11848.7392578125,11344.5380859375,11638.6552734375,15873647,0.0,0.0
2022-06-28 00:00:00+07:00,11638.6552734375,12100.8408203125,11554.6220703125,11680.671875,22463510,0.0,0.0
2022-06-29 00:00:00+07:00,11596.638671875,11806.72265625,11470.587890625,11554.6220703125,13494718,0.0,0.0
2022-06-30 00:00:00+07:00,11680.671875,12016.806640625,11428.5712890625,11428.5712890625,15683842,0.0,0.0
2022-07-01 00:00:00+07:00,11470.587890625,11638.6552734375,10924.3701171875,11428.5712890625,18904815,0.0,0.0
2022-07-04 00:00:00+07:00,11596.638671875,11638.6552734375,11260.50390625,11344.5380859375,10655378,0.0,0.0
2022-07-05 00:00:00+07:00,11344.5380859375,11428.5712890625,10756.302734375,10924.3701171875,25078535,0.0,0.0
2022-07-06 00:00:00+07:00,10756.302734375,11176.470703125,10756.302734375,10756.302734375,17927111,0.0,0.0
2022-07-07 00:00:00+07:00,10756.302734375,10924.3701171875,10630.251953125,10756.302734375,11828123,0.0,0.0
2022-07-08 00:00:00+07:00,10882.3525390625,11050.419921875,10840.3359375,10924.3701171875,8121035,0.0,0.0
2022-07-11 00:00:00+07:00,10882.3525390625,10924.3701171875,10378.1513671875,10504.2021484375,16296335,0.0,0.0
2022-07-12 00:00:00+07:00,10504.2021484375,11008.4033203125,10504.2021484375,10882.3525390625,9509884,0.0,0.0
2022-07-13 00:00:00+07:00,10882.3525390625,11134.4541015625,10840.3359375,10924.3701171875,9127537,0.0,0.0
2022-07-14 00:00:00+07:00,10798.3193359375,11008.4033203125,10798.3193359375,11008.4033203125,11754938,0.0,0.0
2022-07-15 00:00:00+07:00,11134.4541015625,11176.470703125,10924.3701171875,10924.3701171875,13093688,0.0,0.0
2022-07-18 00:00:00+07:00,10966.38671875,11260.50390625,10924.3701171875,11008.4033203125,9061968,0.0,0.0
2022-07-19 00:00:00+07:00,11218.4873046875,11428.5712890625,11092.4365234375,11302.521484375,17420171,0.0,0.0
2022-07-20 00:00:00+07:00,11470.587890625,11554.6220703125,11260.50390625,11344.5380859375,12653626,0.0,0.0
2022-07-21 00:00:00+07:00,11344.5380859375,11386.5546875,11134.4541015625,11218.4873046875,10665969,0.0,0.0
2022-07-22 00:00:00+07:00,11260.50390625,11302.521484375,10966.38671875,11050.419921875,10092627,0.0,0.0
2022-07-25 00:00:00+07:00,11008.4033203125,11176.470703125,10966.38671875,11050.419921875,9171567,0.0,0.0
2022-07-26 00:00:00+07:00,11050.419921875,11134.4541015625,10924.3701171875,10924.3701171875,7631469,0.0,0.0
2022-07-27 00:00:00+07:00,10924.3701171875,11008.4033203125,10798.3193359375,11008.4033203125,6699699,0.0,0.0
2022-07-28 00:00:00+07:00,11134.4541015625,11512.60546875,11050.419921875,11386.5546875,23861641,0.0,0.0
2022-07-29 00:00:00+07:00,11386.5546875,11512.60546875,11218.4873046875,11218.4873046875,12865803,0.0,0.0
2022-08-01 00:00:00+07:00,11218.4873046875,11386.5546875,11176.470703125,11344.5380859375,12626256,0.0,0.0
2022-08-02 00:00:00+07:00,11386.5546875,11680.671875,11302.521484375,11554.6220703125,21956094,0.0,0.0
2022-08-03 00:00:00+07:00,11512.60546875,11680.671875,11386.5546875,11512.60546875,16661903,0.0,0.0
2022-08-04 00:00:00+07:00,11596.638671875,11596.638671875,11386.5546875,11428.5712890625,11726616,0.0,0.0
2022-08-05 00:00:00+07:00,11386.5546875,11890.755859375,11302.521484375,11764.7060546875,30058209,0.0,0.0
2022-08-08 00:00:00+07:00,11848.7392578125,11974.7900390625,11722.689453125,11764.7060546875,12228558,0.0,0.0
2022-08-09 00:00:00+07:00,11806.72265625,12058.8232421875,11722.689453125,11806.72265625,18481056,0.0,0.0
2022-08-10 00:00:00+07:00,11764.7060546875,11890.755859375,11638.6552734375,11722.689453125,12982780,0.0,0.0
2022-08-11 00:00:00+07:00,11848.7392578125,11890.755859375,11512.60546875,11596.638671875,18596367,0.0,0.0
2022-08-12 00:00:00+07:00,11596.638671875,11848.7392578125,11512.60546875,11764.7060546875,11937722,0.0,0.0
2022-08-15 00:00:00+07:00,11848.7392578125,12058.8232421875,11722.689453125,11764.7060546875,17963763,0.0,0.0
2022-08-16 00:00:00+07:00,11890.755859375,11974.7900390625,11722.689453125,11848.7392578125,12038753,0.0,0.0
2022-08-17 00:00:00+07:00,11932.7734375,11974.7900390625,11680.671875,11722.689453125,12811182,0.0,0.0
2022-08-18 00:00:00+07:00,11638.6552734375,11722.689453125,11554.6220703125,11596.638671875,13851361,0.0,0.0
2022-08-19 00:00:00+07:00,11596.638671875,11722.689453125,11344.5380859375,11428.5712890625,14113042,0.0,0.0
2022-08-22 00:00:00+07:00,11428.5712890625,11554.6220703125,11344.5380859375,11470.587890625,10398457,0.0,0.0
2022-08-23 00:00:00+07:00,11470.587890625,11680.671875,11428.5712890625,11680.671875,11633439,0.0,0.0
2022-08-24 00:00:00+07:00,11680.671875,11974.7900390625,11638.6552734375,11806.72265625,18587918,0.0,0.0
2022-08-25 00:00:00+07:00,11848.7392578125,12016.806640625,11764.7060546875,11848.7392578125,12630064,0.0,0.0
2022-08-26 00:00:00+07:00,11932.7734375,12226.890625,11848.7392578125,11974.7900390625,29990855,0.0,0.0
2022-08-29 00:00:00+07:00,11764.7060546875,11932.7734375,11428.5712890625,11722.689453125,17703629,0.0,0.0
2022-08-30 00:00:00+07:00,11932.7734375,11932.7734375,11554.6220703125,11638.6552734375,13143192,0.0,0.0
2022-08-31 00:00:00+07:00,11554.6220703125,12100.8408203125,11554.6220703125,11764.7060546875,18110847,0.0,0.0
2022-09-05 00:00:00+07:00,11764.7060546875,11974.7900390625,11764.7060546875,11764.7060546875,12924589,0.0,0.0
2022-09-06 00:00:00+07:00,11890.755859375,12352.94140625,11806.72265625,12016.806640625,36453150,0.0,0.0
2022-09-07 00:00:00+07:00,12016.806640625,12184.8740234375,11764.7060546875,11764.7060546875,21152487,0.0,0.0
2022-09-08 00:00:00+07:00,11890.755859375,11932.7734375,11512.60546875,11512.60546875,21742370,0.0,0.0
2022-09-09 00:00:00+07:00,11554.6220703125,11932.7734375,11512.60546875,11806.72265625,21158437,0.0,0.0
2022-09-12 00:00:00+07:00,11932.7734375,12142.857421875,11848.7392578125,11848.7392578125,12762392,0.0,0.0
2022-09-13 00:00:00+07:00,11848.7392578125,12016.806640625,11722.689453125,11890.755859375,14503124,0.0,0.0
2022-09-14 00:00:00+07:00,11680.671875,12100.8408203125,11680.671875,11890.755859375,25591187,0.0,0.0
2022-09-15 00:00:00+07:00,11932.7734375,12394.9580078125,11932.7734375,12142.857421875,32558399,0.0,0.0
2022-09-16 00:00:00+07:00,12142.857421875,12394.9580078125,11932.7734375,11974.7900390625,27306453,0.0,0.0
2022-09-19 00:00:00+07:00,12016.806640625,12058.8232421875,11260.50390625,11344.5380859375,31148368,0.0,0.0
2022-09-20 00:00:00+07:00,11428.5712890625,11596.638671875,11302.521484375,11512.60546875,16948693,0.0,0.0
2022-09-21 00:00:00+07:00,11428.5712890625,11512.60546875,11302.521484375,11302.521484375,14609510,0.0,0.0
2022-09-22 00:00:00+07:00,11218.4873046875,11470.587890625,11092.4365234375,11470.587890625,16050243,0.0,0.0
2022-09-23 00:00:00+07:00,11512.60546875,11512.60546875,11260.50390625,11260.50390625,12632325,0.0,0.0
2022-09-26 00:00:00+07:00,11134.4541015625,11176.470703125,10630.251953125,10756.302734375,23223325,0.0,0.0
2022-09-27 00:00:00+07:00,10798.3193359375,11134.4541015625,10714.2861328125,10882.3525390625,11506823,0.0,0.0
2022-09-28 00:00:00+07:00,10882.3525390625,11008.4033203125,10630.251953125,10798.3193359375,10804247,0.0,0.0
2022-09-29 00:00:00+07:00,10924.3701171875,11008.4033203125,10546.21875,10546.21875,10053119,0.0,0.0
2022-09-30 00:00:00+07:00,10504.2021484375,10546.21875,10042.0166015625,10378.1513671875,14499078,0.0,0.0
2022-10-03 00:00:00+07:00,10378.1513671875,10420.16796875,9663.865234375,9663.865234375,12885438,0.0,0.0
2022-10-04 00:00:00+07:00,9915.966796875,10000.0,9663.865234375,9747.8994140625,11741729,0.0,0.0
2022-10-05 00:00:00+07:00,9957.9833984375,10252.1005859375,9873.94921875,10168.0673828125,8364271,0.0,0.0
2022-10-06 00:00:00+07:00,10210.083984375,10210.083984375,9579.83203125,9579.83203125,10322297,0.0,0.0
2022-10-07 00:00:00+07:00,9411.7646484375,9663.865234375,8949.580078125,8949.580078125,24593134,0.0,0.0
2022-10-10 00:00:00+07:00,8655.4619140625,9327.7314453125,8655.4619140625,9243.697265625,11771360,0.0,0.0
2022-10-11 00:00:00+07:00,9243.697265625,9243.697265625,8613.4453125,8613.4453125,14912484,0.0,0.0
2022-10-12 00:00:00+07:00,8655.4619140625,9159.6640625,8571.4287109375,8907.5634765625,12774173,0.0,0.0
2022-10-13 00:00:00+07:00,9033.61328125,9033.61328125,8823.529296875,8907.5634765625,8089143,0.0,0.0
2022-10-14 00:00:00+07:00,9159.6640625,9243.697265625,9033.61328125,9075.6298828125,13568141,0.0,0.0
2022-10-17 00:00:00+07:00,8949.580078125,9369.748046875,8949.580078125,9369.748046875,13197694,0.0,0.0
2022-10-18 00:00:00+07:00,9495.7978515625,9579.83203125,9243.697265625,9327.7314453125,7606241,0.0,0.0
2022-10-19 00:00:00+07:00,9369.748046875,9411.7646484375,9117.6474609375,9243.697265625,8490768,0.0,0.0
2022-10-20 00:00:00+07:00,9159.6640625,9285.7138671875,9033.61328125,9117.6474609375,6285341,0.0,0.0
2022-10-21 00:00:00+07:00,9159.6640625,9159.6640625,8529.412109375,8655.4619140625,14467186,0.0,0.0
2022-10-24 00:00:00+07:00,8781.5126953125,8865.5458984375,8193.27734375,8302.521484375,13653940,0.0,0.0
2022-10-25 00:00:00+07:00,8193.27734375,8655.4619140625,7957.9833984375,8378.1513671875,12416697,0.0,0.0
2022-10-26 00:00:00+07:00,8445.3779296875,8571.4287109375,8369.748046875,8403.361328125,5809936,0.0,0.0
2022-10-27 00:00:00+07:00,8403.361328125,8823.529296875,8403.361328125,8739.49609375,8420320,0.0,0.0
2022-10-28 00:00:00+07:00,8823.529296875,8907.5634765625,8655.4619140625,8697.478515625,7347773,0.0,0.0
2022-10-31 00:00:00+07:00,8697.478515625,8697.478515625,8285.7138671875,8697.478515625,12721218,0.0,0.0
2022-11-01 00:00:00+07:00,8697.478515625,8823.529296875,8613.4453125,8697.478515625,6148610,0.0,0.0
2022-11-02 00:00:00+07:00,8739.49609375,8739.49609375,8571.4287109375,8571.4287109375,7631469,0.0,0.0
2022-11-03 00:00:00+07:00,8445.3779296875,8571.4287109375,8403.361328125,8487.39453125,4641237,0.0,0.0
2022-11-04 00:00:00+07:00,8487.39453125,8487.39453125,8151.2607421875,8235.2939453125,9492867,0.0,0.0
2022-11-07 00:00:00+07:00,8235.2939453125,8361.3447265625,8184.8740234375,8226.890625,7849834,0.0,0.0
2022-11-08 00:00:00+07:00,8184.8740234375,8781.5126953125,8159.6640625,8781.5126953125,12918401,0.0,0.0
2022-11-09 00:00:00+07:00,8949.580078125,9201.6806640625,8907.5634765625,9117.6474609375,12419196,0.0,0.0
2022-11-10 00:00:00+07:00,8949.580078125,9075.6298828125,8487.39453125,8613.4453125,14835729,0.0,0.0
2022-11-11 00:00:00+07:00,8907.5634765625,9075.6298828125,8655.4619140625,8907.5634765625,9386243,0.0,0.0
2022-11-14 00:00:00+07:00,8823.529296875,8865.5458984375,8369.748046875,8655.4619140625,8496956,0.0,0.0
2022-11-15 00:00:00+07:00,8487.39453125,8529.412109375,8050.419921875,8050.419921875,16055717,0.0,0.0
2022-11-16 00:00:00+07:00,7487.39501953125,8529.412109375,7487.39501953125,8487.39453125,13461755,0.0,0.0
2022-11-17 00:00:00+07:00,8487.39453125,8781.5126953125,8403.361328125,8487.39453125,8288349,0.0,0.0
2022-11-18 00:00:00+07:00,8487.39453125,8613.4453125,8025.2099609375,8487.39453125,9780847,0.0,0.0
2022-11-21 00:00:00+07:00,8487.39453125,8823.529296875,8487.39453125,8655.4619140625,9087910,0.0,0.0
2022-11-22 00:00:00+07:00,8655.4619140625,9075.6298828125,8571.4287109375,8697.478515625,13570521,0.0,0.0
2022-11-23 00:00:00+07:00,8739.49609375,9033.61328125,8697.478515625,8781.5126953125,9585687,0.0,0.0
2022-11-24 00:00:00+07:00,8781.5126953125,8907.5634765625,8655.4619140625,8907.5634765625,5858607,0.0,0.0
2022-11-25 00:00:00+07:00,9033.61328125,9117.6474609375,8865.5458984375,9117.6474609375,9320674,0.0,0.0
2022-11-28 00:00:00+07:00,9201.6806640625,9495.7978515625,9075.6298828125,9495.7978515625,16112242,0.0,0.0
2022-11-29 00:00:00+07:00,9495.7978515625,9621.8486328125,9243.697265625,9495.7978515625,13406420,0.0,0.0
2022-11-30 00:00:00+07:00,9579.83203125,9873.94921875,9369.748046875,9789.916015625,14190630,0.0,0.0
2022-12-01 00:00:00+07:00,9957.9833984375,10000.0,9411.7646484375,9411.7646484375,14865717,0.0,0.0
2022-12-02 00:00:00+07:00,9285.7138671875,9831.9326171875,9243.697265625,9831.9326171875,13743309,0.0,0.0
2022-12-05 00:00:00+07:00,10042.0166015625,10042.0166015625,9663.865234375,9663.865234375,16356668,0.0,0.0
2022-12-06 00:00:00+07:00,9663.865234375,9705.8828125,9159.6640625,9159.6640625,14680672,0.0,0.0
2022-12-07 00:00:00+07:00,9159.6640625,9369.748046875,9033.61328125,9201.6806640625,10453435,0.0,0.0
2022-12-08 00:00:00+07:00,9327.7314453125,9537.8154296875,9243.697265625,9411.7646484375,9505243,0.0,0.0
2022-12-09 00:00:00+07:00,9495.7978515625,9495.7978515625,9285.7138671875,9411.7646484375,5825168,0.0,0.0
2022-12-12 00:00:00+07:00,9411.7646484375,9705.8828125,9369.748046875,9369.748046875,11364380,0.0,0.0
2022-12-13 00:00:00+07:00,9411.7646484375,9579.83203125,9243.697265625,9579.83203125,7967287,0.0,0.0
2022-12-14 00:00:00+07:00,9705.8828125,9705.8828125,9453.78125,9579.83203125,9616627,0.0,0.0
2022-12-15 00:00:00+07:00,9495.7978515625,9621.8486328125,9453.78125,9579.83203125,7623258,0.0,0.0
2022-12-16 00:00:00+07:00,9411.7646484375,9663.865234375,9369.748046875,9621.8486328125,9008061,0.0,0.0
2022-12-19 00:00:00+07:00,9537.8154296875,9663.865234375,9285.7138671875,9327.7314453125,11130902,0.0,0.0
2022-12-20 00:00:00+07:00,9285.7138671875,9369.748046875,8907.5634765625,8991.5966796875,10755457,0.0,0.0
2022-12-21 00:00:00+07:00,9075.6298828125,9159.6640625,8739.49609375,8781.5126953125,7195691,0.0,0.0
2022-12-22 00:00:00+07:00,8907.5634765625,9117.6474609375,8781.5126953125,8991.5966796875,8118655,0.0,0.0
2022-12-23 00:00:00+07:00,8907.5634765625,9411.7646484375,8907.5634765625,9201.6806640625,11613685,0.0,0.0
2022-12-26 00:00:00+07:00,9285.7138671875,9327.7314453125,8655.4619140625,8655.4619140625,7776173,0.0,0.0
2022-12-27 00:00:00+07:00,8823.529296875,8949.580078125,8697.478515625,8949.580078125,6242858,0.0,0.0
2022-12-28 00:00:00+07:00,8907.5634765625,9033.61328125,8865.5458984375,8949.580078125,4257105,0.0,0.0
2022-12-29 00:00:00+07:00,8949.580078125,8991.5966796875,8823.529296875,8823.529296875,3686976,0.0,0.0
2022-12-30 00:00:00+07:00,8907.5634765625,9033.61328125,8865.5458984375,8949.580078125,4221524,0.0,0.0
2023-01-03 00:00:00+07:00,8907.5634765625,9327.7314453125,8907.5634765625,9285.7138671875,7259951,0.0,0.0
2023-01-04 00:00:00+07:00,9243.697265625,9369.748046875,9159.6640625,9243.697265625,7346345,0.0,0.0
2023-01-05 00:00:00+07:00,9243.697265625,9873.94921875,9201.6806640625,9873.94921875,28128386,0.0,0.0
2023-01-06 00:00:00+07:00,10000.0,10252.1005859375,9747.8994140625,9873.94921875,17966262,0.0,0.0
2023-01-09 00:00:00+07:00,9957.9833984375,10084.033203125,9579.83203125,9747.8994140625,10301353,0.0,0.0
2023-01-10 00:00:00+07:00,9747.8994140625,9873.94921875,9537.8154296875,9831.9326171875,7214612,0.0,0.0
2023-01-11 00:00:00+07:00,9831.9326171875,9957.9833984375,9747.8994140625,9789.916015625,7327186,0.0,0.0
2023-01-12 00:00:00+07:00,9789.916015625,10168.0673828125,9705.8828125,9873.94921875,8991401,0.0,0.0
2023-01-13 00:00:00+07:00,10000.0,10168.0673828125,9873.94921875,9957.9833984375,11052362,0.0,0.0
2023-01-16 00:00:00+07:00,10084.033203125,10084.033203125,9873.94921875,9957.9833984375,5403075,0.0,0.0
2023-01-17 00:00:00+07:00,10000.0,10252.1005859375,9957.9833984375,10210.083984375,12986588,0.0,0.0
2023-01-18 00:00:00+07:00,10294.1171875,10336.134765625,10126.05078125,10210.083984375,7599339,0.0,0.0
2023-01-19 00:00:00+07:00,10168.0673828125,10294.1171875,10084.033203125,10252.1005859375,8881921,0.0,0.0
2023-01-27 00:00:00+07:00,10378.1513671875,10462.1845703125,10210.083984375,10252.1005859375,8623929,0.0,0.0
2023-01-30 00:00:00+07:00,10294.1171875,10588.2353515625,10168.0673828125,10378.1513671875,13347872,0.0,0.0
2023-01-31 00:00:00+07:00,10462.1845703125,10504.2021484375,10294.1171875,10420.16796875,8950227,0.0,0.0
2023-02-01 00:00:00+07:00,10546.21875,10840.3359375,10042.0166015625,10042.0166015625,18637898,0.0,0.0
2023-02-02 00:00:00+07:00,10168.0673828125,10168.0673828125,9957.9833984375,10084.033203125,9155978,0.0,0.0
2023-02-03 00:00:00+07:00,10210.083984375,10252.1005859375,9957.9833984375,10210.083984375,7755348,0.0,0.0
2023-02-06 00:00:00+07:00,10126.05078125,10588.2353515625,10042.0166015625,10546.21875,10872077,0.0,0.0
2023-02-07 00:00:00+07:00,10588.2353515625,10714.2861328125,10126.05078125,10252.1005859375,11116265,0.0,0.0
2023-02-08 00:00:00+07:00,10252.1005859375,10378.1513671875,10084.033203125,10294.1171875,5450556,0.0,0.0
2023-02-09 00:00:00+07:00,10294.1171875,10336.134765625,10084.033203125,10084.033203125,4604942,0.0,0.0
2023-02-10 00:00:00+07:00,10168.0673828125,10336.134765625,10042.0166015625,10084.033203125,9011155,0.0,0.0
2023-02-13 00:00:00+07:00,10042.0166015625,10210.083984375,9705.8828125,9831.9326171875,7381093,0.0,0.0
2023-02-14 00:00:00+07:00,9915.966796875,10042.0166015625,9873.94921875,9957.9833984375,4230687,0.0,0.0
2023-02-15 00:00:00+07:00,9957.9833984375,10126.05078125,9873.94921875,10084.033203125,5957020,0.0,0.0
2023-02-16 00:00:00+07:00,10168.0673828125,10378.1513671875,10126.05078125,10378.1513671875,9492034,0.0,0.0
2023-02-17 00:00:00+07:00,10336.134765625,10504.2021484375,10252.1005859375,10420.16796875,9541062,0.0,0.0
2023-02-20 00:00:00+07:00,10420.16796875,10672.2685546875,10378.1513671875,10630.251953125,13368578,0.0,0.0
2023-02-21 00:00:00+07:00,10672.2685546875,10672.2685546875,10462.1845703125,10462.1845703125,11855493,0.0,0.0
2023-02-22 00:00:00+07:00,10378.1513671875,10504.2021484375,10084.033203125,10084.033203125,13314314,0.0,0.0
2023-02-23 00:00:00+07:00,10084.033203125,10252.1005859375,10000.0,10252.1005859375,8986284,0.0,0.0
2023-02-24 00:00:00+07:00,10294.1171875,10378.1513671875,10084.033203125,10084.033203125,5203512,0.0,0.0
2023-02-27 00:00:00+07:00,9957.9833984375,10168.0673828125,9957.9833984375,10084.033203125,7523417,0.0,0.0
2023-02-28 00:00:00+07:00,10168.0673828125,10294.1171875,10084.033203125,10168.0673828125,6157773,0.0,0.0
2023-03-01 00:00:00+07:00,10126.05078125,10378.1513671875,10042.0166015625,10378.1513671875,6431592,0.0,0.0
2023-03-02 00:00:00+07:00,10378.1513671875,10840.3359375,10378.1513671875,10672.2685546875,27065954,0.0,0.0
2023-03-03 00:00:00+07:00,10714.2861328125,10798.3193359375,10378.1513671875,10378.1513671875,8629522,0.0,0.0
2023-03-06 00:00:00+07:00,10462.1845703125,10630.251953125,10378.1513671875,10462.1845703125,7255786,0.0,0.0
2023-03-07 00:00:00+07:00,10504.2021484375,10714.2861328125,10504.2021484375,10546.21875,9428488,0.0,0.0
2023-03-08 00:00:00+07:00,10504.2021484375,10756.302734375,10462.1845703125,10714.2861328125,9214764,0.0,0.0
2023-03-09 00:00:00+07:00,10714.2861328125,11092.4365234375,10630.251953125,10924.3701171875,24874450,0.0,0.0
2023-03-10 00:00:00+07:00,10840.3359375,11008.4033203125,10798.3193359375,10882.3525390625,10617060,0.0,0.0
2023-03-13 00:00:00+07:00,10756.302734375,11050.419921875,10756.302734375,11050.419921875,16533383,0.0,0.0
2023-03-14 00:00:00+07:00,10924.3701171875,11008.4033203125,10672.2685546875,10798.3193359375,14572620,0.0,0.0
2023-03-15 00:00:00+07:00,11008.4033203125,11386.5546875,10840.3359375,11344.5380859375,19493984,0.0,0.0
2023-03-16 00:00:00+07:00,11260.50390625,11260.50390625,11050.419921875,11134.4541015625,11144587,0.0,0.0
2023-03-17 00:00:00+07:00,11260.50390625,11302.521484375,11092.4365234375,11260.50390625,12712650,0.0,0.0
2023-03-20 00:00:00+07:00,11176.470703125,11176.470703125,10756.302734375,10798.3193359375,11643911,0.0,0.0
2023-03-21 00:00:00+07:00,10924.3701171875,11176.470703125,10798.3193359375,11092.4365234375,6643650,0.0,0.0
2023-03-22 00:00:00+07:00,11176.470703125,11218.4873046875,11008.4033203125,11050.419921875,4761427,0.0,0.0
2023-03-23 00:00:00+07:00,10924.3701171875,11092.4365234375,10882.3525390625,11092.4365234375,7804495,0.0,0.0
2023-03-24 00:00:00+07:00,11092.4365234375,11176.470703125,10966.38671875,11134.4541015625,6352814,0.0,0.0
2023-03-27 00:00:00+07:00,11134.4541015625,11302.521484375,11008.4033203125,11176.470703125,7605646,0.0,0.0
2023-03-28 00:00:00+07:00,11260.50390625,11344.5380859375,11134.4541015625,11176.470703125,6293909,0.0,0.0
2023-03-29 00:00:00+07:00,11176.470703125,11260.50390625,11134.4541015625,11218.4873046875,4257343,0.0,0.0
2023-03-30 00:00:00+07:00,11302.521484375,11302.521484375,10966.38671875,11092.4365234375,6857136,0.0,0.0
2023-03-31 00:00:00+07:00,11008.4033203125,11218.4873046875,10966.38671875,11092.4365234375,7380379,0.0,0.0
2023-04-03 00:00:00+07:00,11176.470703125,11260.50390625,11008.4033203125,11092.4365234375,10707976,0.0,0.0
2023-04-04 00:00:00+07:00,11176.470703125,11428.5712890625,11092.4365234375,11344.5380859375,13907767,0.0,0.0
2023-04-05 00:00:00+07:00,11344.5380859375,11386.5546875,11176.470703125,11302.521484375,7095136,0.0,0.0
2023-04-06 00:00:00+07:00,11302.521484375,11302.521484375,11050.419921875,11050.419921875,12127765,0.0,0.0
2023-04-07 00:00:00+07:00,11092.4365234375,11176.470703125,10966.38671875,10966.38671875,5638338,0.0,0.0
2023-04-10 00:00:00+07:00,11050.419921875,11302.521484375,10966.38671875,11218.4873046875,14554413,0.0,0.0
2023-04-11 00:00:00+07:00,11260.50390625,11260.50390625,11092.4365234375,11260.50390625,5840876,0.0,0.0
2023-04-12 00:00:00+07:00,11260.50390625,11680.671875,11260.50390625,11470.587890625,20174664,0.0,0.0
2023-04-13 00:00:00+07:00,11512.60546875,11806.72265625,11302.521484375,11302.521484375,14360086,0.0,0.0
2023-04-14 00:00:00+07:00,11428.5712890625,11470.587890625,11008.4033203125,11008.4033203125,7945629,0.0,0.0
2023-04-17 00:00:00+07:00,11092.4365234375,11218.4873046875,11050.419921875,11218.4873046875,7207829,0.0,0.0
2023-04-18 00:00:00+07:00,11302.521484375,11344.5380859375,11176.470703125,11344.5380859375,5526716,0.0,0.0
2023-04-19 00:00:00+07:00,11344.5380859375,11386.5546875,11008.4033203125,11092.4365234375,6747299,0.0,0.0
2023-04-20 00:00:00+07:00,11092.4365234375,11218.4873046875,11008.4033203125,11050.419921875,3683168,0.0,0.0
2023-04-21 00:00:00+07:00,11050.419921875,11050.419921875,10630.251953125,10756.302734375,14032003,0.0,0.0
2023-04-24 00:00:00+07:00,10756.302734375,10924.3701171875,10714.2861328125,10924.3701171875,4009466,0.0,0.0
2023-04-25 00:00:00+07:00,11008.4033203125,11134.4541015625,10756.302734375,10756.302734375,6977683,0.0,0.0
2023-04-26 00:00:00+07:00,10714.2861328125,10798.3193359375,10588.2353515625,10756.302734375,8108870,0.0,0.0
2023-04-27 00:00:00+07:00,10756.302734375,10924.3701171875,10756.302734375,10798.3193359375,3529539,0.0,0.0
2023-04-28 00:00:00+07:00,11050.419921875,11092.4365234375,10966.38671875,11008.4033203125,7294818,0.0,0.0
2023-05-04 00:00:00+07:00,10966.38671875,11218.4873046875,10924.3701171875,10924.3701171875,9863790,0.0,0.0
2023-05-05 00:00:00+07:00,10924.3701171875,11050.419921875,10882.3525390625,10966.38671875,5539330,0.0,0.0
2023-05-08 00:00:00+07:00,11050.419921875,11176.470703125,11008.4033203125,11176.470703125,9677555,0.0,0.0
2023-05-09 00:00:00+07:00,11176.470703125,11260.50390625,11134.4541015625,11218.4873046875,6706601,0.0,0.0
2023-05-10 00:00:00+07:00,11218.4873046875,11260.50390625,11134.4541015625,11260.50390625,5844803,0.0,0.0
2023-05-11 00:00:00+07:00,11302.521484375,11386.5546875,11176.470703125,11176.470703125,7607907,0.0,0.0
2023-05-12 00:00:00+07:00,11134.4541015625,11260.50390625,11092.4365234375,11260.50390625,5788754,0.0,0.0
2023-05-15 00:00:00+07:00,11302.521484375,11302.521484375,11134.4541015625,11176.470703125,6538573,0.0,0.0
2023-05-16 00:00:00+07:00,11302.521484375,11428.5712890625,11260.50390625,11344.5380859375,13252553,0.0,0.0
2023-05-17 00:00:00+07:00,11344.5380859375,11428.5712890625,11176.470703125,11176.470703125,8451022,0.0,0.0
2023-05-18 00:00:00+07:00,11218.4873046875,11386.5546875,11176.470703125,11260.50390625,6814296,0.0,0.0
2023-05-19 00:00:00+07:00,11260.50390625,11596.638671875,11260.50390625,11344.5380859375,13182938,0.0,0.0
2023-05-22 00:00:00+07:00,11428.5712890625,11554.6220703125,11344.5380859375,11428.5712890625,10318251,0.0,0.0
2023-05-23 00:00:00+07:00,11512.60546875,11680.671875,11470.587890625,11470.587890625,17533816,0.0,0.0
2023-05-24 00:00:00+07:00,11554.6220703125,11554.6220703125,11344.5380859375,11344.5380859375,5798275,0.0,0.0
2023-05-25 00:00:00+07:00,11344.5380859375,11470.587890625,11302.521484375,11302.521484375,7203902,0.0,0.0
2023-05-26 00:00:00+07:00,11386.5546875,11512.60546875,11344.5380859375,11428.5712890625,7004339,0.0,0.0
2023-05-29 00:00:00+07:00,11428.5712890625,11596.638671875,11386.5546875,11428.5712890625,7464036,0.0,0.0
2023-05-30 00:00:00+07:00,11470.587890625,11554.6220703125,11386.5546875,11470.587890625,6794304,0.0,0.0
2023-05-31 00:00:00+07:00,11470.587890625,11638.6552734375,11386.5546875,11470.587890625,14275596,0.0,0.0
2023-06-01 00:00:00+07:00,11512.60546875,11554.6220703125,11386.5546875,11470.587890625,6123263,0.0,0.0
2023-06-02 00:00:00+07:00,11512.60546875,11554.6220703125,11428.5712890625,11470.587890625,7926708,0.0,0.0
2023-06-05 00:00:00+07:00,11512.60546875,11848.7392578125,11470.587890625,11722.689453125,19983312,0.0,0.0
2023-06-06 00:00:00+07:00,11764.7060546875,11764.7060546875,11554.6220703125,11596.638671875,7185577,0.0,0.0
2023-06-07 00:00:00+07:00,11680.671875,11722.689453125,11554.6220703125,11554.6220703125,11027848,0.0,0.0
2023-06-08 00:00:00+07:00,11638.6552734375,11932.7734375,11554.6220703125,11596.638671875,18027666,0.0,0.0
2023-06-09 00:00:00+07:00,11638.6552734375,11680.671875,11512.60546875,11554.6220703125,6096369,0.0,0.0
2023-06-12 00:00:00+07:00,11554.6220703125,11806.72265625,11554.6220703125,11680.671875,9459547,0.0,0.0
2023-06-13 00:00:00+07:00,11806.72265625,11806.72265625,11554.6220703125,11638.6552734375,6847973,0.0,0.0
2023-06-14 00:00:00+07:00,11638.6552734375,11722.689453125,11554.6220703125,11554.6220703125,8306676,0.0,0.0
2023-06-15 00:00:00+07:00,11554.6220703125,11554.6220703125,11386.5546875,11386.5546875,6960309,0.0,0.0
2023-06-16 00:00:00+07:00,11428.5712890625,11554.6220703125,11344.5380859375,11344.5380859375,8744952,0.0,0.0
2023-06-19 00:00:00+07:00,11386.5546875,11470.587890625,11344.5380859375,11386.5546875,4123468,0.0,0.0
2023-06-20 00:00:00+07:00,11386.5546875,11470.587890625,11302.521484375,11428.5712890625,4736675,0.0,0.0
2023-06-21 00:00:00+07:00,11428.5712890625,11554.6220703125,11386.5546875,11470.587890625,6593194,0.0,0.0
2023-06-22 00:00:00+07:00,11512.60546875,11638.6552734375,11428.5712890625,11554.6220703125,10169144,0.0,0.0
2023-06-23 00:00:00+07:00,11638.6552734375,11680.671875,11470.587890625,11512.60546875,6238931,0.0,0.0
2023-06-26 00:00:00+07:00,11554.6220703125,11554.6220703125,11386.5546875,11470.587890625,5730801,0.0,0.0
2023-06-27 00:00:00+07:00,11470.587890625,11554.6220703125,11386.5546875,11428.5712890625,5565153,0.0,0.0
2023-06-28 00:00:00+07:00,11512.60546875,11680.671875,11470.587890625,11596.638671875,10465574,0.0,0.0
2023-06-29 00:00:00+07:00,11512.60546875,11596.638671875,11386.5546875,11386.5546875,6209538,0.0,0.0
2023-06-30 00:00:00+07:00,11386.5546875,11428.5712890625,11218.4873046875,11260.50390625,8240155,0.0,0.0
2023-07-03 00:00:00+07:00,11260.50390625,11386.5546875,11176.470703125,11176.470703125,7217468,0.0,0.0
2023-07-04 00:00:00+07:00,11302.521484375,11302.521484375,11134.4541015625,11260.50390625,6592600,0.0,0.0
2023-07-05 00:00:00+07:00,11302.521484375,11386.5546875,11260.50390625,11344.5380859375,5772927,0.0,0.0
2023-07-06 00:00:00+07:00,11344.5380859375,11386.5546875,11050.419921875,11134.4541015625,8012269,0.0,0.0
2023-07-07 00:00:00+07:00,11134.4541015625,11134.4541015625,10840.3359375,11008.4033203125,12075048,0.0,0.0
2023-07-10 00:00:00+07:00,11008.4033203125,11134.4541015625,11008.4033203125,11092.4365234375,6490022,0.0,0.0
2023-07-11 00:00:00+07:00,11134.4541015625,11218.4873046875,11050.419921875,11134.4541015625,8940231,0.0,0.0
2023-07-12 00:00:00+07:00,11218.4873046875,11260.50390625,11050.419921875,11134.4541015625,5749246,0.0,0.0
2023-07-13 00:00:00+07:00,11176.470703125,11302.521484375,11134.4541015625,11218.4873046875,9869859,0.0,0.0
2023-07-14 00:00:00+07:00,11218.4873046875,11260.50390625,11092.4365234375,11176.470703125,10625575,0.0,0.0
2023-07-17 00:00:00+07:00,11260.50390625,11260.50390625,11134.4541015625,11218.4873046875,7339682,0.0,0.0
2023-07-18 00:00:00+07:00,11218.4873046875,11386.5546875,11176.470703125,11344.5380859375,13167527,0.0,0.0
2023-07-19 00:00:00+07:00,11386.5546875,11386.5546875,11176.470703125,11176.470703125,7241744,0.0,0.0
2023-07-20 00:00:00+07:00,11176.470703125,11176.470703125,11008.4033203125,11176.470703125,12371083,0.0,0.0
2023-07-21 00:00:00+07:00,11176.470703125,11176.470703125,11008.4033203125,11134.4541015625,12022628,0.0,0.0
2023-07-24 00:00:00+07:00,11218.4873046875,11260.50390625,11092.4365234375,11176.470703125,11357178,0.0,0.0
2023-07-25 00:00:00+07:00,11260.50390625,11260.50390625,11092.4365234375,11134.4541015625,11495781,0.0,0.0
2023-07-26 00:00:00+07:00,11176.470703125,11596.638671875,11092.4365234375,11386.5546875,32483273,0.0,0.0
2023-07-27 00:00:00+07:00,11428.5712890625,11470.587890625,11176.470703125,11176.470703125,15214552,0.0,0.0
2023-07-28 00:00:00+07:00,11176.470703125,11428.5712890625,11176.470703125,11386.5546875,20199654,0.0,0.0
2023-07-31 00:00:00+07:00,11470.587890625,11680.671875,11386.5546875,11512.60546875,17838312,0.0,0.0
2023-08-01 00:00:00+07:00,11638.6552734375,11638.6552734375,11260.50390625,11302.521484375,17481337,0.0,0.0
2023-08-02 00:00:00+07:00,11344.5380859375,11512.60546875,11260.50390625,11512.60546875,12126443,0.0,0.0
2023-08-03 00:00:00+07:00,11512.60546875,11512.60546875,11302.521484375,11344.5380859375,9878044,0.0,0.0
2023-08-04 00:00:00+07:00,11344.5380859375,11512.60546875,11260.50390625,11428.5712890625,13987281,0.0,0.0
2023-08-07 00:00:00+07:00,11470.587890625,11596.638671875,11386.5546875,11512.60546875,14300251,0.0,0.0
2023-08-08 00:00:00+07:00,11554.6220703125,11890.755859375,11554.6220703125,11848.7392578125,33930694,0.0,0.0
2023-08-09 00:00:00+07:00,11932.7734375,11932.7734375,11638.6552734375,11680.671875,12757691,0.0,0.0
2023-08-10 00:00:00+07:00,11722.689453125,11764.7060546875,11554.6220703125,11596.638671875,17836812,0.0,0.0
2023-08-11 00:00:00+07:00,11596.638671875,11680.671875,11386.5546875,11470.587890625,13148807,0.0,0.0
2023-08-14 00:00:00+07:00,11596.638671875,11638.6552734375,11470.587890625,11554.6220703125,11059809,0.0,0.0
2023-08-15 00:00:00+07:00,11596.638671875,11890.755859375,11470.587890625,11680.671875,15388506,0.0,0.0
2023-08-16 00:00:00+07:00,11764.7060546875,11764.7060546875,11554.6220703125,11680.671875,10584110,0.0,0.0
2023-08-17 00:00:00+07:00,11680.671875,11848.7392578125,11596.638671875,11764.7060546875,18333745,0.0,0.0
2023-08-18 00:00:00+07:00,11806.72265625,11806.72265625,10966.38671875,10966.38671875,25795080,0.0,0.0
2023-08-21 00:00:00+07:00,10966.38671875,11050.419921875,10672.2685546875,10924.3701171875,11263724,0.0,0.0
2023-08-22 00:00:00+07:00,10924.3701171875,10924.3701171875,10336.134765625,10756.302734375,18509865,0.0,0.0
2023-08-23 00:00:00+07:00,10798.3193359375,10882.3525390625,10378.1513671875,10378.1513671875,16071936,0.0,0.0
2023-08-24 00:00:00+07:00,10504.2021484375,10630.251953125,10378.1513671875,10588.2353515625,10612116,0.0,0.0
2023-08-25 00:00:00+07:00,10546.21875,10672.2685546875,10462.1845703125,10504.2021484375,8048322,0.0,0.0
2023-08-28 00:00:00+07:00,10588.2353515625,10672.2685546875,10504.2021484375,10672.2685546875,6479949,0.0,0.0
2023-08-29 00:00:00+07:00,10672.2685546875,10714.2861328125,10504.2021484375,10588.2353515625,10292422,0.0,0.0
2023-08-30 00:00:00+07:00,10630.251953125,10756.302734375,10588.2353515625,10672.2685546875,6517182,0.0,0.0
2023-08-31 00:00:00+07:00,10714.2861328125,10756.302734375,10672.2685546875,10756.302734375,8634041,0.0,0.0
2023-09-05 00:00:00+07:00,10798.3193359375,10966.38671875,10756.302734375,10924.3701171875,11076974,0.0,0.0
2023-09-06 00:00:00+07:00,10924.3701171875,11008.4033203125,10798.3193359375,10924.3701171875,8018063,0.0,0.0
2023-09-07 00:00:00+07:00,11008.4033203125,11050.419921875,10840.3359375,10840.3359375,10038185,0.0,0.0
2023-09-08 00:00:00+07:00,10840.3359375,10924.3701171875,10798.3193359375,10798.3193359375,12393408,0.0,0.0
2023-09-11 00:00:00+07:00,10924.3701171875,10966.38671875,10672.2685546875,10672.2685546875,9752049,0.0,0.0
2023-09-12 00:00:00+07:00,10756.302734375,10882.3525390625,10672.2685546875,10840.3359375,3888205,0.0,0.0
2023-09-13 00:00:00+07:00,10882.3525390625,11092.4365234375,10840.3359375,10882.3525390625,12823712,0.0,0.0
2023-09-14 00:00:00+07:00,10924.3701171875,10924.3701171875,10714.2861328125,10714.2861328125,7961846,0.0,0.0
2023-09-15 00:00:00+07:00,10756.302734375,10966.38671875,10714.2861328125,10714.2861328125,7725200,0.0,0.0
2023-09-18 00:00:00+07:00,10798.3193359375,10798.3193359375,10588.2353515625,10630.251953125,6750048,0.0,0.0
2023-09-19 00:00:00+07:00,10672.2685546875,10798.3193359375,10504.2021484375,10714.2861328125,6509541,0.0,0.0
2023-09-20 00:00:00+07:00,10714.2861328125,10798.3193359375,10672.2685546875,10756.302734375,4315517,0.0,0.0
2023-09-21 00:00:00+07:00,10756.302734375,10840.3359375,10630.251953125,10672.2685546875,6765777,0.0,0.0
2023-09-22 00:00:00+07:00,10588.2353515625,10630.251953125,10210.083984375,10336.134765625,11707809,0.0,0.0
2023-09-25 00:00:00+07:00,10378.1513671875,10420.16796875,9915.966796875,9915.966796875,9443007,0.0,0.0
2023-09-26 00:00:00+07:00,9957.9833984375,10042.0166015625,9789.916015625,9789.916015625,9006872,0.0,0.0
2023-09-27 00:00:00+07:00,9831.9326171875,9873.94921875,9663.865234375,9873.94921875,5411800,0.0,0.0
2023-09-28 00:00:00+07:00,9873.94921875,9915.966796875,9663.865234375,9663.865234375,5779727,0.0,0.0
2023-09-29 00:00:00+07:00,10042.0166015625,10042.0166015625,9747.8994140625,9747.8994140625,6539727,0.0,0.0
2023-10-02 00:00:00+07:00,9789.916015625,9957.9833984375,9747.8994140625,9873.94921875,3407793,0.0,0.0
2023-10-03 00:00:00+07:00,9831.9326171875,9873.94921875,9411.7646484375,9411.7646484375,9409102,0.0,0.0
2023-10-04 00:00:00+07:00,9411.7646484375,9579.83203125,9327.7314453125,9453.78125,6607313,0.0,0.0
2023-10-05 00:00:00+07:00,9453.78125,9495.7978515625,9159.6640625,9159.6640625,9802493,0.0,0.0
2023-10-06 00:00:00+07:00,9201.6806640625,9453.78125,9159.6640625,9411.7646484375,6118649,0.0,0.0
2023-10-09 00:00:00+07:00,9243.697265625,9411.7646484375,9243.697265625,9411.7646484375,11362291,0.0,0.0
2023-10-10 00:00:00+07:00,9453.78125,9621.8486328125,9453.78125,9621.8486328125,6089607,0.0,0.0
2023-10-11 00:00:00+07:00,9789.916015625,9789.916015625,9537.8154296875,9663.865234375,4685532,0.0,0.0
2023-10-12 00:00:00+07:00,9705.8828125,9705.8828125,9579.83203125,9621.8486328125,3854088,0.0,0.0
2023-10-13 00:00:00+07:00,9453.78125,9621.8486328125,9411.7646484375,9579.83203125,5682268,0.0,0.0
2023-10-16 00:00:00+07:00,9579.83203125,9663.865234375,9453.78125,9537.8154296875,4367347,0.0,0.0
2023-10-17 00:00:00+07:00,9537.8154296875,9621.8486328125,9453.78125,9453.78125,3948352,0.0,0.0
2023-10-18 00:00:00+07:00,9453.78125,9495.7978515625,9159.6640625,9453.78125,8271123,0.0,0.0
2023-10-19 00:00:00+07:00,9369.748046875,9411.7646484375,9201.6806640625,9285.7138671875,3615497,0.0,0.0
2023-10-20 00:00:00+07:00,9327.7314453125,9411.7646484375,9201.6806640625,9411.7646484375,4601074,0.0,0.0
2023-10-23 00:00:00+07:00,9411.7646484375,9453.78125,9201.6806640625,9285.7138671875,3912510,0.0,0.0
2023-10-24 00:00:00+07:00,9285.7138671875,9411.7646484375,9201.6806640625,9411.7646484375,4612915,0.0,0.0
2023-10-25 00:00:00+07:00,9411.7646484375,9537.8154296875,9369.748046875,9411.7646484375,3387691,0.0,0.0
2023-10-26 00:00:00+07:00,9369.748046875,9369.748046875,9033.61328125,9075.6298828125,10447961,0.0,0.0
2023-10-27 00:00:00+07:00,9159.6640625,9243.697265625,9033.61328125,9243.697265625,4292091,0.0,0.0
2023-10-30 00:00:00+07:00,9159.6640625,9243.697265625,9117.6474609375,9117.6474609375,2945487,0.0,0.0
2023-10-31 00:00:00+07:00,9159.6640625,9201.6806640625,8907.5634765625,8907.5634765625,6358526,0.0,0.0
2023-11-01 00:00:00+07:00,8949.580078125,8991.5966796875,8865.5458984375,8991.5966796875,3960676,0.0,0.0
2023-11-02 00:00:00+07:00,9075.6298828125,9369.748046875,9075.6298828125,9327.7314453125,5753292,0.0,0.0
2023-11-03 00:00:00+07:00,9369.748046875,9411.7646484375,9243.697265625,9327.7314453125,5705692,0.0,0.0
2023-11-06 00:00:00+07:00,9369.748046875,9453.78125,9327.7314453125,9453.78125,5777092,0.0,0.0
2023-11-07 00:00:00+07:00,9411.7646484375,9495.7978515625,9327.7314453125,9369.748046875,3789316,0.0,0.0
2023-11-08 00:00:00+07:00,9411.7646484375,9663.865234375,9327.7314453125,9663.865234375,6061859,0.0,0.0
2023-11-09 00:00:00+07:00,9663.865234375,9915.966796875,9579.83203125,9705.8828125,12980995,0.0,0.0
2023-11-10 00:00:00+07:00,9873.94921875,10084.033203125,9747.8994140625,9831.9326171875,14433033,0.0,0.0
2023-11-13 00:00:00+07:00,9957.9833984375,10168.0673828125,9915.966796875,10000.0,14572382,0.0,0.0
2023-11-14 00:00:00+07:00,10084.033203125,10084.033203125,9831.9326171875,9957.9833984375,8100210,0.0,0.0
2023-11-15 00:00:00+07:00,10042.0166015625,10168.0673828125,9873.94921875,9873.94921875,11676041,0.0,0.0
2023-11-16 00:00:00+07:00,9915.966796875,9957.9833984375,9789.916015625,9957.9833984375,4508433,0.0,0.0
2023-11-17 00:00:00+07:00,9957.9833984375,10042.0166015625,9747.8994140625,9789.916015625,6892360,0.0,0.0
2023-11-20 00:00:00+07:00,9705.8828125,9831.9326171875,9621.8486328125,9789.916015625,5598711,0.0,0.0
2023-11-21 00:00:00+07:00,9831.9326171875,9915.966796875,9747.8994140625,9831.9326171875,3464089,0.0,0.0
2023-11-22 00:00:00+07:00,9831.9326171875,9831.9326171875,9663.865234375,9789.916015625,5726636,0.0,0.0
2023-11-23 00:00:00+07:00,9831.9326171875,9831.9326171875,9621.8486328125,9621.8486328125,6764554,0.0,0.0
2023-11-24 00:00:00+07:00,9621.8486328125,9663.865234375,9411.7646484375,9579.83203125,7510803,0.0,0.0
2023-11-27 00:00:00+07:00,9579.83203125,9621.8486328125,9495.7978515625,9495.7978515625,2661315,0.0,0.0
2023-11-28 00:00:00+07:00,9495.7978515625,9537.8154296875,9369.748046875,9495.7978515625,5698909,0.0,0.0
2023-11-29 00:00:00+07:00,9537.8154296875,9579.83203125,9495.7978515625,9495.7978515625,4230330,0.0,0.0
2023-11-30 00:00:00+07:00,9579.83203125,9621.8486328125,9411.7646484375,9453.78125,5228026,0.0,0.0
2023-12-01 00:00:00+07:00,9537.8154296875,9537.8154296875,9411.7646484375,9495.7978515625,3004987,0.0,0.0
2023-12-04 00:00:00+07:00,9537.8154296875,9747.8994140625,9495.7978515625,9705.8828125,6750631,0.0,0.0
2023-12-05 00:00:00+07:00,9705.8828125,9789.916015625,9621.8486328125,9621.8486328125,4394312,0.0,0.0
2023-12-06 00:00:00+07:00,9663.865234375,9747.8994140625,9621.8486328125,9705.8828125,2759490,0.0,0.0
2023-12-07 00:00:00+07:00,9705.8828125,9831.9326171875,9621.8486328125,9663.865234375,5998670,0.0,0.0
2023-12-08 00:00:00+07:00,9747.8994140625,9957.9833984375,9705.8828125,9789.916015625,7812944,0.0,0.0
2023-12-11 00:00:00+07:00,9831.9326171875,9873.94921875,9705.8828125,9747.8994140625,2883726,0.0,0.0
2023-12-12 00:00:00+07:00,9789.916015625,9831.9326171875,9663.865234375,9747.8994140625,3573450,0.0,0.0
2023-12-13 00:00:00+07:00,9747.8994140625,9747.8994140625,9579.83203125,9579.83203125,5298712,0.0,0.0
2023-12-14 00:00:00+07:00,9621.8486328125,9663.865234375,9453.78125,9495.7978515625,3786936,0.0,0.0
2023-12-15 00:00:00+07:00,9537.8154296875,9579.83203125,9411.7646484375,9411.7646484375,8241106,0.0,0.0
2023-12-18 00:00:00+07:00,9453.78125,9495.7978515625,9327.7314453125,9327.7314453125,3997328,0.0,0.0
2023-12-19 00:00:00+07:00,9327.7314453125,9453.78125,9327.7314453125,9411.7646484375,3051397,0.0,0.0
2023-12-20 00:00:00+07:00,9495.7978515625,9537.8154296875,9411.7646484375,9495.7978515625,3453379,0.0,0.0
2023-12-21 00:00:00+07:00,9495.7978515625,9537.8154296875,9453.78125,9495.7978515625,2716518,0.0,0.0
2023-12-22 00:00:00+07:00,9537.8154296875,9537.8154296875,9369.748046875,9453.78125,4908868,0.0,0.0
2023-12-25 00:00:00+07:00,9495.7978515625,9579.83203125,9411.7646484375,9495.7978515625,4593161,0.0,0.0
2023-12-26 00:00:00+07:00,9495.7978515625,9579.83203125,9411.7646484375,9453.78125,4888982,0.0,0.0
2023-12-27 00:00:00+07:00,9537.8154296875,9537.8154296875,9369.748046875,9369.748046875,8220043,0.0,0.0
2023-12-28 00:00:00+07:00,9453.78125,9495.7978515625,9369.748046875,9453.78125,3929617,0.0,0.0
2023-12-29 00:00:00+07:00,9453.78125,9495.7978515625,9411.7646484375,9453.78125,6771337,0.0,0.0
2024-01-02 00:00:00+07:00,9495.7978515625,9537.8154296875,9411.7646484375,9453.78125,4167498,0.0,0.0
2024-01-03 00:00:00+07:00,9453.78125,9579.83203125,9411.7646484375,9579.83203125,5474237,0.0,0.0
2024-01-04 00:00:00+07:00,9621.8486328125,9747.8994140625,9579.83203125,9621.8486328125,9410519,0.0,0.0
2024-01-05 00:00:00+07:00,9621.8486328125,9663.865234375,9495.7978515625,9495.7978515625,5129256,0.0,0.0
2024-01-08 00:00:00+07:00,9537.8154296875,9621.8486328125,9495.7978515625,9579.83203125,7146901,0.0,0.0
2024-01-09 00:00:00+07:00,9579.83203125,9621.8486328125,9537.8154296875,9621.8486328125,4831399,0.0,0.0
2024-01-10 00:00:00+07:00,9663.865234375,9705.8828125,9537.8154296875,9579.83203125,5142227,0.0,0.0
2024-01-11 00:00:00+07:00,9579.83203125,9915.966796875,9579.83203125,9789.916015625,13629664,0.0,0.0
2024-01-12 00:00:00+07:00,9873.94921875,9873.94921875,9537.8154296875,9621.8486328125,9869978,0.0,0.0
2024-01-15 00:00:00+07:00,9705.8828125,9747.8994140625,9579.83203125,9579.83203125,5062497,0.0,0.0
2024-01-16 00:00:00+07:00,9579.83203125,9663.865234375,9537.8154296875,9663.865234375,3318195,0.0,0.0
2024-01-17 00:00:00+07:00,9663.865234375,9705.8828125,9579.83203125,9579.83203125,5052144,0.0,0.0
2024-01-18 00:00:00+07:00,9579.83203125,9621.8486328125,9537.8154296875,9579.83203125,4250322,0.0,0.0
2024-01-19 00:00:00+07:00,9621.8486328125,9747.8994140625,9621.8486328125,9705.8828125,7042062,0.0,0.0
2024-01-22 00:00:00+07:00,9747.8994140625,9789.916015625,9621.8486328125,9705.8828125,4788559,0.0,0.0
2024-01-23 00:00:00+07:00,9705.8828125,9747.8994140625,9579.83203125,9621.8486328125,7626114,0.0,0.0
2024-01-24 00:00:00+07:00,9621.8486328125,9663.865234375,9537.8154296875,9579.83203125,4314582,0.0,0.0
2024-01-25 00:00:00+07:00,9579.83203125,9621.8486328125,9537.8154296875,9621.8486328125,2098564,0.0,0.0
2024-01-26 00:00:00+07:00,9579.83203125,9621.8486328125,9579.83203125,9579.83203125,9895563,0.0,0.0
2024-01-29 00:00:00+07:00,9621.8486328125,9663.865234375,9579.83203125,9579.83203125,7170939,0.0,0.0
2024-01-30 00:00:00+07:00,9621.8486328125,9789.916015625,9579.83203125,9663.865234375,8656773,0.0,0.0
2024-01-31 00:00:00+07:00,9705.8828125,9705.8828125,9537.8154296875,9537.8154296875,5441988,0.0,0.0
2024-02-01 00:00:00+07:00,9537.8154296875,9621.8486328125,9495.7978515625,9537.8154296875,3024027,0.0,0.0
2024-02-02 00:00:00+07:00,9579.83203125,9579.83203125,9495.7978515625,9495.7978515625,10582074,0.0,0.0
2024-02-05 00:00:00+07:00,9537.8154296875,9537.8154296875,9453.78125,9453.78125,4379675,0.0,0.0
2024-02-06 00:00:00+07:00,9495.7978515625,9537.8154296875,9453.78125,9537.8154296875,4693716,0.0,0.0
2024-02-07 00:00:00+07:00,9537.8154296875,9579.83203125,9495.7978515625,9537.8154296875,3400662,0.0,0.0
2024-02-15 00:00:00+07:00,9579.83203125,9621.8486328125,9537.8154296875,9579.83203125,5106408,0.0,0.0
2024-02-16 00:00:00+07:00,9621.8486328125,9663.865234375,9579.83203125,9663.865234375,5112239,0.0,0.0
2024-02-19 00:00:00+07:00,9663.865234375,10168.0673828125,9663.865234375,10084.033203125,26792968,0.0,0.0
2024-02-20 00:00:00+07:00,10126.05078125,10294.1171875,9957.9833984375,10000.0,10800201,0.0,0.0
2024-02-21 00:00:00+07:00,9957.9833984375,10000.0,9873.94921875,9915.966796875,7915760,0.0,0.0
2024-02-22 00:00:00+07:00,9915.966796875,10000.0,9873.94921875,9873.94921875,7027187,0.0,0.0
2024-02-23 00:00:00+07:00,9915.966796875,9957.9833984375,9663.865234375,9663.865234375,11103770,0.0,0.0
2024-02-26 00:00:00+07:00,9663.865234375,9747.8994140625,9621.8486328125,9705.8828125,8761612,0.0,0.0
2024-02-27 00:00:00+07:00,9747.8994140625,9915.966796875,9705.8828125,9873.94921875,7799854,0.0,0.0
2024-02-28 00:00:00+07:00,9957.9833984375,10000.0,9873.94921875,9915.966796875,9052686,0.0,0.0
2024-02-29 00:00:00+07:00,10000.0,10000.0,9789.916015625,9789.916015625,7707986,0.0,0.0
2024-03-01 00:00:00+07:00,9789.916015625,9873.94921875,9747.8994140625,9873.94921875,5713427,0.0,0.0
2024-03-04 00:00:00+07:00,9957.9833984375,10000.0,9873.94921875,9957.9833984375,8432696,0.0,0.0
2024-03-05 00:00:00+07:00,9957.9833984375,10000.0,9873.94921875,9957.9833984375,5461861,0.0,0.0
2024-03-06 00:00:00+07:00,9915.966796875,10168.0673828125,9915.966796875,10000.0,10560059,0.0,0.0
2024-03-07 00:00:00+07:00,10000.0,10042.0166015625,9873.94921875,9957.9833984375,6801325,0.0,0.0
2024-03-08 00:00:00+07:00,10000.0,10126.05078125,9831.9326171875,9831.9326171875,16150322,0.0,0.0
2024-03-11 00:00:00+07:00,9873.94921875,9915.966796875,9663.865234375,9747.8994140625,8865975,0.0,0.0
2024-03-12 00:00:00+07:00,9747.8994140625,9789.916015625,9663.865234375,9663.865234375,7424052,0.0,0.0
2024-03-13 00:00:00+07:00,9663.865234375,9789.916015625,9663.865234375,9747.8994140625,5795537,0.0,0.0
2024-03-14 00:00:00+07:00,9747.8994140625,9831.9326171875,9705.8828125,9747.8994140625,8621668,0.0,0.0
2024-03-15 00:00:00+07:00,9747.8994140625,9789.916015625,9579.83203125,9621.8486328125,13029309,0.0,0.0
2024-03-18 00:00:00+07:00,9621.8486328125,9705.8828125,9411.7646484375,9495.7978515625,15316251,0.0,0.0
2024-03-19 00:00:00+07:00,9495.7978515625,9579.83203125,9411.7646484375,9453.78125,4962775,0.0,0.0
2024-03-20 00:00:00+07:00,9495.7978515625,9621.8486328125,9453.78125,9579.83203125,6593075,0.0,0.0
2024-03-21 00:00:00+07:00,9621.8486328125,9663.865234375,9579.83203125,9579.83203125,7713103,0.0,0.0
2024-03-22 00:00:00+07:00,9579.83203125,9705.8828125,9537.8154296875,9663.865234375,10514720,0.0,0.0
2024-03-25 00:00:00+07:00,9705.8828125,9789.916015625,9579.83203125,9579.83203125,9833207,0.0,0.0
2024-03-26 00:00:00+07:00,9579.83203125,9621.8486328125,9495.7978515625,9621.8486328125,6649957,0.0,0.0
2024-03-27 00:00:00+07:00,9663.865234375,9747.8994140625,9621.8486328125,9621.8486328125,7271494,0.0,0.0
2024-03-28 00:00:00+07:00,9663.865234375,9705.8828125,9579.83203125,9621.8486328125,4842704,0.0,0.0
2024-03-29 00:00:00+07:00,9663.865234375,9663.865234375,9537.8154296875,9579.83203125,6910448,0.0,0.0
2024-04-01 00:00:00+07:00,9579.83203125,9621.8486328125,9537.8154296875,9537.8154296875,6432782,0.0,0.0
2024-04-02 00:00:00+07:00,9579.83203125,9789.916015625,9495.7978515625,9705.8828125,10552443,0.0,0.0
2024-04-03 00:00:00+07:00,9705.8828125,9747.8994140625,9537.8154296875,9579.83203125,8231229,0.0,0.0
2024-04-04 00:00:00+07:00,9579.83203125,9621.8486328125,9453.78125,9495.7978515625,10057403,0.0,0.0
2024-04-05 00:00:00+07:00,9495.7978515625,9537.8154296875,9411.7646484375,9453.78125,8841699,0.0,0.0
2024-04-08 00:00:00+07:00,9453.78125,9495.7978515625,9369.748046875,9411.7646484375,5222552,0.0,0.0
2024-04-09 00:00:00+07:00,9495.7978515625,9537.8154296875,9411.7646484375,9495.7978515625,6622111,0.0,0.0
2024-04-10 00:00:00+07:00,9495.7978515625,9537.8154296875,9411.7646484375,9495.7978515625,6394345,0.0,0.0
2024-04-11 00:00:00+07:00,9453.78125,9453.78125,9411.7646484375,9411.7646484375,6557494,0.0,0.0
2024-04-12 00:00:00+07:00,9411.7646484375,9495.7978515625,9411.7646484375,9453.78125,6384706,0.0,0.0
2024-04-15 00:00:00+07:00,9537.8154296875,9705.8828125,9369.748046875,9369.748046875,15883643,0.0,0.0
2024-04-16 00:00:00+07:00,9411.7646484375,9411.7646484375,9075.6298828125,9159.6640625,13362985,0.0,0.0
2024-04-17 00:00:00+07:00,9159.6640625,9327.7314453125,9117.6474609375,9201.6806640625,7882202,0.0,0.0
2024-04-19 00:00:00+07:00,9159.6640625,9201.6806640625,8907.5634765625,8907.5634765625,10158910,0.0,0.0
2024-04-22 00:00:00+07:00,8991.5966796875,9075.6298828125,8907.5634765625,8949.580078125,4527354,0.0,0.0
2024-04-23 00:00:00+07:00,8949.580078125,8991.5966796875,8739.49609375,8781.5126953125,5894307,0.0,0.0
2024-04-24 00:00:00+07:00,8781.5126953125,9033.61328125,8781.5126953125,8949.580078125,6552020,0.0,0.0
2024-04-25 00:00:00+07:00,8949.580078125,8991.5966796875,8823.529296875,8865.5458984375,3998399,0.0,0.0
2024-04-26 00:00:00+07:00,8823.529296875,8907.5634765625,8781.5126953125,8823.529296875,5904660,0.0,0.0
2024-05-02 00:00:00+07:00,8907.5634765625,9369.748046875,8865.5458984375,9327.7314453125,10740701,0.0,0.0
2024-05-03 00:00:00+07:00,9327.7314453125,9369.748046875,9159.6640625,9201.6806640625,5932625,0.0,0.0
2024-05-06 00:00:00+07:00,9243.697265625,9453.78125,9201.6806640625,9327.7314453125,7450946,0.0,0.0
2024-05-07 00:00:00+07:00,9327.7314453125,9369.748046875,9243.697265625,9327.7314453125,3882850,0.0,0.0
2024-05-08 00:00:00+07:00,9327.7314453125,9453.78125,9201.6806640625,9369.748046875,8045232,0.0,0.0
2024-05-09 00:00:00+07:00,9411.7646484375,9453.78125,9285.7138671875,9327.7314453125,4378961,0.0,0.0
2024-05-10 00:00:00+07:00,9327.7314453125,9369.748046875,9201.6806640625,9201.6806640625,7115604,0.0,0.0
2024-05-13 00:00:00+07:00,9201.6806640625,9285.7138671875,9201.6806640625,9243.697265625,3955380,0.0,0.0
2024-05-14 00:00:00+07:00,9243.697265625,9285.7138671875,9201.6806640625,9201.6806640625,3916170,0.0,0.0
2024-05-15 00:00:00+07:00,9243.697265625,9285.7138671875,9159.6640625,9243.697265625,7300887,0.0,0.0
2024-05-16 00:00:00+07:00,9285.7138671875,9495.7978515625,9243.697265625,9369.748046875,9302586,0.0,0.0
2024-05-17 00:00:00+07:00,9453.78125,9495.7978515625,9369.748046875,9453.78125,9628051,0.0,0.0
2024-05-20 00:00:00+07:00,9453.78125,9663.865234375,9453.78125,9537.8154296875,11609877,0.0,0.0
2024-05-21 00:00:00+07:00,9579.83203125,9579.83203125,9411.7646484375,9495.7978515625,7657054,0.0,0.0
2024-05-22 00:00:00+07:00,9495.7978515625,9747.8994140625,9411.7646484375,9537.8154296875,14915459,0.0,0.0
2024-05-23 00:00:00+07:00,9579.83203125,9789.916015625,9495.7978515625,9705.8828125,19524091,0.0,0.0
2024-05-24 00:00:00+07:00,9705.8828125,9789.916015625,9453.78125,9537.8154296875,15905063,0.0,0.0
2024-05-27 00:00:00+07:00,9621.8486328125,10168.0673828125,9579.83203125,10168.0673828125,51255560,0.0,0.0
2024-05-28 00:00:00+07:00,10420.16796875,10546.21875,10294.1171875,10462.1845703125,30144127,0.0,0.0
2024-05-29 00:00:00+07:00,10504.2021484375,10714.2861328125,10336.134765625,10546.21875,33700561,0.0,0.0
2024-05-30 00:00:00+07:00,10504.2021484375,10840.3359375,10420.16796875,10756.302734375,25682341,0.0,0.0
2024-05-31 00:00:00+07:00,10756.302734375,10798.3193359375,10546.21875,10588.2353515625,13624071,0.0,0.0
2024-06-03 00:00:00+07:00,10672.2685546875,11302.521484375,10630.251953125,11302.521484375,51286500,0.0,0.0
2024-06-04 00:00:00+07:00,11386.5546875,11890.755859375,11218.4873046875,11764.7060546875,50227757,0.0,0.0
2024-06-05 00:00:00+07:00,11764.7060546875,12016.806640625,11554.6220703125,11554.6220703125,31156579,0.0,0.0
2024-06-06 00:00:00+07:00,11554.6220703125,11848.7392578125,11386.5546875,11386.5546875,18971336,0.0,0.0
2024-06-07 00:00:00+07:00,11554.6220703125,11890.755859375,11470.587890625,11722.689453125,17259997,0.0,0.0
2024-06-10 00:00:00+07:00,11764.7060546875,11806.72265625,11386.5546875,11470.587890625,20790965,0.0,0.0
2024-06-11 00:00:00+07:00,11554.6220703125,12100.8408203125,11470.587890625,11890.755859375,28068410,0.0,0.0
2024-06-12 00:00:00+07:00,11890.755859375,11932.7734375,11638.6552734375,11764.7060546875,17344963,0.0,0.0
2024-06-13 00:00:00+07:00,11848.7392578125,12142.857421875,11722.689453125,11890.755859375,21099294,0.0,0.0
2024-06-14 00:00:00+07:00,11890.755859375,11932.7734375,11554.6220703125,11554.6220703125,18708227,0.0,0.0
2024-06-17 00:00:00+07:00,11512.60546875,11890.755859375,11386.5546875,11722.689453125,16409385,0.0,0.0
2024-06-18 00:00:00+07:00,11806.72265625,12521.0087890625,11764.7060546875,12521.0087890625,43883629,0.0,0.0
2024-06-19 00:00:00+07:00,12689.0751953125,12941.1767578125,12563.025390625,12563.025390625,19261577,0.0,0.0
2024-06-20 00:00:00+07:00,12647.05859375,12899.1591796875,12478.9912109375,12689.0751953125,15750125,0.0,0.0
2024-06-21 00:00:00+07:00,12731.0927734375,12857.142578125,12352.94140625,12352.94140625,18629449,0.0,0.0
2024-06-24 00:00:00+07:00,12352.94140625,12857.142578125,12100.8408203125,12605.0419921875,34851172,0.0,0.0
2024-06-25 00:00:00+07:00,12773.109375,12773.109375,12352.94140625,12605.0419921875,14698879,0.0,0.0
2024-06-26 00:00:00+07:00,12605.0419921875,13025.2099609375,12605.0419921875,12857.142578125,18912312,0.0,0.0
2024-06-27 00:00:00+07:00,12857.142578125,12857.142578125,12394.9580078125,12394.9580078125,23055297,0.0,0.0
2024-06-28 00:00:00+07:00,12394.9580078125,12605.0419921875,12142.857421875,12521.0087890625,13611576,0.0,0.0
2024-07-01 00:00:00+07:00,12436.974609375,12521.0087890625,12100.8408203125,12226.890625,21796277,0.0,0.0
2024-07-02 00:00:00+07:00,12352.94140625,12352.94140625,12100.8408203125,12184.8740234375,11234909,0.0,0.0
2024-07-03 00:00:00+07:00,12310.9248046875,12899.1591796875,12226.890625,12689.0751953125,21522458,0.0,0.0
2024-07-04 00:00:00+07:00,12815.1259765625,12899.1591796875,12352.94140625,12394.9580078125,13146881,0.0,0.0
2024-07-05 00:00:00+07:00,12394.9580078125,12521.0087890625,12268.9072265625,12268.9072265625,13414869,0.0,0.0
2024-07-08 00:00:00+07:00,12310.9248046875,12647.05859375,12268.9072265625,12647.05859375,18987877,0.0,0.0
2024-07-09 00:00:00+07:00,12815.1259765625,13361.3447265625,12689.0751953125,12857.142578125,29056467,0.0,0.0
2024-07-10 00:00:00+07:00,12857.142578125,12941.1767578125,12605.0419921875,12647.05859375,17719813,0.0,0.0
2024-07-11 00:00:00+07:00,12689.0751953125,12983.193359375,12647.05859375,12689.0751953125,13072625,0.0,0.0
2024-07-12 00:00:00+07:00,12689.0751953125,12815.1259765625,12605.0419921875,12773.109375,10250437,0.0,0.0
2024-07-15 00:00:00+07:00,12899.1591796875,12899.1591796875,12478.9912109375,12773.109375,10885891,0.0,0.0
2024-07-16 00:00:00+07:00,12857.142578125,13067.2265625,12521.0087890625,12521.0087890625,18348371,0.0,0.0
2024-07-17 00:00:00+07:00,12563.025390625,12689.0751953125,11680.671875,11680.671875,38053224,0.0,0.0
2024-07-18 00:00:00+07:00,11764.7060546875,11932.7734375,11596.638671875,11932.7734375,19949397,0.0,0.0
2024-07-19 00:00:00+07:00,11932.7734375,11974.7900390625,11134.4541015625,11176.470703125,29469635,0.0,0.0
2024-07-22 00:00:00+07:00,11260.50390625,11554.6220703125,11008.4033203125,11302.521484375,15119663,0.0,0.0
2024-07-23 00:00:00+07:00,11344.5380859375,11470.587890625,10756.302734375,10798.3193359375,13845292,0.0,0.0
2024-07-24 00:00:00+07:00,10714.2861328125,11176.470703125,10672.2685546875,11092.4365234375,13508165,0.0,0.0
2024-07-25 00:00:00+07:00,11050.419921875,11134.4541015625,10672.2685546875,10840.3359375,10234010,0.0,0.0
2024-07-26 00:00:00+07:00,10924.3701171875,11428.5712890625,10924.3701171875,11386.5546875,15290547,0.0,0.0
2024-07-29 00:00:00+07:00,11512.60546875,11512.60546875,11218.4873046875,11428.5712890625,8561217,0.0,0.0
2024-07-30 00:00:00+07:00,11554.6220703125,11638.6552734375,11260.50390625,11260.50390625,12013049,0.0,0.0
2024-07-31 00:00:00+07:00,11428.5712890625,11512.60546875,11176.470703125,11302.521484375,7661105,0.0,0.0
2024-08-01 00:00:00+07:00,11386.5546875,11428.5712890625,10840.3359375,11050.419921875,13956676,0.0,0.0
2024-08-02 00:00:00+07:00,10882.3525390625,11596.638671875,10840.3359375,11596.638671875,16619777,0.0,0.0
2024-08-05 00:00:00+07:00,11386.5546875,11554.6220703125,10966.38671875,11176.470703125,14323910,0.0,0.0
2024-08-06 00:00:00+07:00,11176.470703125,11638.6552734375,11176.470703125,11554.6220703125,14080079,0.0,0.0
2024-08-07 00:00:00+07:00,11554.6220703125,11638.6552734375,11302.521484375,11554.6220703125,7055271,0.0,0.0
2024-08-08 00:00:00+07:00,11554.6220703125,11890.755859375,11386.5546875,11596.638671875,15021369,0.0,0.0
2024-08-09 00:00:00+07:00,11764.7060546875,11764.7060546875,11470.587890625,11638.6552734375,8793624,0.0,0.0
2024-08-12 00:00:00+07:00,11722.689453125,11722.689453125,11428.5712890625,11428.5712890625,9657209,0.0,0.0
2024-08-13 00:00:00+07:00,11386.5546875,11428.5712890625,10966.38671875,11260.50390625,14289876,0.0,0.0
2024-08-14 00:00:00+07:00,11302.521484375,11302.521484375,11134.4541015625,11218.4873046875,3722360,0.0,0.0
2024-08-15 00:00:00+07:00,11134.4541015625,11218.4873046875,10966.38671875,10966.38671875,6357112,0.0,0.0
2024-08-16 00:00:00+07:00,11008.4033203125,11386.5546875,11008.4033203125,11302.521484375,9052245,0.0,0.0
2024-08-19 00:00:00+07:00,11386.5546875,11554.6220703125,11344.5380859375,11344.5380859375,10042088,0.0,0.0
2024-08-20 00:00:00+07:00,11386.5546875,11428.5712890625,11176.470703125,11344.5380859375,10890912,0.0,0.0
2024-08-21 00:00:00+07:00,11344.5380859375,11722.689453125,11260.50390625,11554.6220703125,15036184,0.0,0.0
2024-08-22 00:00:00+07:00,11596.638671875,11596.638671875,11386.5546875,11428.5712890625,7185376,0.0,0.0
2024-08-23 00:00:00+07:00,11428.5712890625,11512.60546875,11344.5380859375,11386.5546875,6883613,0.0,0.0
2024-08-26 00:00:00+07:00,11512.60546875,11512.60546875,11260.50390625,11260.50390625,7849638,0.0,0.0
2024-08-27 00:00:00+07:00,11260.50390625,11344.5380859375,11134.4541015625,11302.521484375,7071144,0.0,0.0
2024-08-28 00:00:00+07:00,11302.521484375,11512.60546875,11260.50390625,11470.587890625,9245841,0.0,0.0
2024-08-29 00:00:00+07:00,11512.60546875,11638.6552734375,11386.5546875,11386.5546875,5776302,0.0,0.0
2024-08-30 00:00:00+07:00,11386.5546875,11428.5712890625,11302.521484375,11302.521484375,4901967,0.0,0.0
2024-09-04 00:00:00+07:00,11218.4873046875,11260.50390625,11092.4365234375,11092.4365234375,7837011,0.0,0.0
2024-09-05 00:00:00+07:00,11092.4365234375,11176.470703125,10840.3359375,10966.38671875,9365831,0.0,0.0
2024-09-06 00:00:00+07:00,11050.419921875,11050.419921875,10756.302734375,11008.4033203125,6655431,0.0,0.0
2024-09-09 00:00:00+07:00,11008.4033203125,11050.419921875,10840.3359375,10966.38671875,3127203,0.0,0.0
2024-09-10 00:00:00+07:00,11134.4541015625,11134.4541015625,10882.3525390625,10924.3701171875,4007345,0.0,0.0
2024-09-11 00:00:00+07:00,10882.3525390625,10966.38671875,10756.302734375,10798.3193359375,4622639,0.0,0.0
2024-09-12 00:00:00+07:00,10840.3359375,10966.38671875,10840.3359375,10840.3359375,1962615,0.0,0.0
2024-09-13 00:00:00+07:00,10882.3525390625,10924.3701171875,10756.302734375,10756.302734375,2756289,0.0,0.0
2024-09-16 00:00:00+07:00,10798.3193359375,10882.3525390625,10294.1171875,10336.134765625,10780092,0.0,0.0
2024-09-17 00:00:00+07:00,10378.1513671875,10546.21875,10294.1171875,10546.21875,5533188,0.0,0.0
2024-09-18 00:00:00+07:00,10588.2353515625,10714.2861328125,10462.1845703125,10714.2861328125,8863029,0.0,0.0
2024-09-19 00:00:00+07:00,10714.2861328125,10756.302734375,10546.21875,10546.21875,3767807,0.0,0.0
2024-09-20 00:00:00+07:00,10588.2353515625,10714.2861328125,10504.2021484375,10546.21875,6345571,0.0,0.0
2024-09-23 00:00:00+07:00,10630.251953125,10672.2685546875,10504.2021484375,10504.2021484375,3754092,0.0,0.0
2024-09-24 00:00:00+07:00,10546.21875,10630.251953125,10504.2021484375,10588.2353515625,2763444,0.0,0.0
2024-09-25 00:00:00+07:00,10672.2685546875,10966.38671875,10588.2353515625,10966.38671875,18340885,0.0,0.0
2024-09-26 00:00:00+07:00,10966.38671875,11050.419921875,10882.3525390625,10966.38671875,7180967,0.0,0.0
2024-09-27 00:00:00+07:00,10924.3701171875,11134.4541015625,10924.3701171875,10966.38671875,8925118,0.0,0.0
2024-09-30 00:00:00+07:00,10966.38671875,11008.4033203125,10840.3359375,11008.4033203125,5478922,0.0,0.0
2024-10-01 00:00:00+07:00,11008.4033203125,11134.4541015625,10966.38671875,11092.4365234375,8818971,0.0,0.0
2024-10-02 00:00:00+07:00,11092.4365234375,11092.4365234375,10966.38671875,11050.419921875,4716099,0.0,0.0
2024-10-03 00:00:00+07:00,11008.4033203125,11176.470703125,10756.302734375,10756.302734375,9521481,0.0,0.0
2024-10-04 00:00:00+07:00,10840.3359375,10924.3701171875,10756.302734375,10882.3525390625,7507951,0.0,0.0
2024-10-07 00:00:00+07:00,10966.38671875,11008.4033203125,10714.2861328125,10714.2861328125,5501370,0.0,0.0
2024-10-08 00:00:00+07:00,10756.302734375,10882.3525390625,10672.2685546875,10756.302734375,3420203,0.0,0.0
2024-10-09 00:00:00+07:00,10798.3193359375,10882.3525390625,10714.2861328125,10882.3525390625,5168139,0.0,0.0
2024-10-10 00:00:00+07:00,10924.3701171875,11008.4033203125,10798.3193359375,10840.3359375,3635372,0.0,0.0
2024-10-11 00:00:00+07:00,10924.3701171875,10924.3701171875,10588.2353515625,10588.2353515625,10602457,0.0,0.0
2024-10-14 00:00:00+07:00,10756.302734375,11008.4033203125,10756.302734375,10756.302734375,9935547,0.0,0.0
2024-10-15 00:00:00+07:00,10756.302734375,10882.3525390625,10504.2021484375,10588.2353515625,6691177,0.0,0.0
2024-10-16 00:00:00+07:00,10672.2685546875,10714.2861328125,10504.2021484375,10588.2353515625,3500146,0.0,0.0
2024-10-17 00:00:00+07:00,10504.2021484375,10630.251953125,10420.16796875,10546.21875,5722162,0.0,0.0
2024-10-18 00:00:00+07:00,10546.21875,10672.2685546875,10504.2021484375,10504.2021484375,4350700,0.0,0.0
2024-10-21 00:00:00+07:00,10504.2021484375,10546.21875,10420.16796875,10462.1845703125,4141577,0.0,0.0
2024-10-22 00:00:00+07:00,10462.1845703125,10462.1845703125,10126.05078125,10252.1005859375,10903150,0.0,0.0
2024-10-23 00:00:00+07:00,10294.1171875,10420.16796875,10210.083984375,10294.1171875,4568895,0.0,0.0
2024-10-24 00:00:00+07:00,10294.1171875,10378.1513671875,10168.0673828125,10168.0673828125,4584720,0.0,0.0
2024-10-25 00:00:00+07:00,10252.1005859375,10252.1005859375,10000.0,10000.0,5913474,0.0,0.0
2024-10-28 00:00:00+07:00,10042.0166015625,10084.033203125,9957.9833984375,10042.0166015625,3570019,0.0,0.0
2024-10-29 00:00:00+07:00,10042.0166015625,10210.083984375,10042.0166015625,10126.05078125,4962193,0.0,0.0
2024-10-30 00:00:00+07:00,10126.05078125,10168.0673828125,10042.0166015625,10126.05078125,2953579,0.0,0.0
2024-10-31 00:00:00+07:00,10252.1005859375,10252.1005859375,10042.0166015625,10042.0166015625,7207962,0.0,0.0
2024-11-01 00:00:00+07:00,10084.033203125,10084.033203125,9747.8994140625,9747.8994140625,8928807,0.0,0.0
2024-11-04 00:00:00+07:00,9831.9326171875,9831.9326171875,9621.8486328125,9621.8486328125,6026516,0.0,0.0
2024-11-05 00:00:00+07:00,9621.8486328125,9747.8994140625,9621.8486328125,9705.8828125,4132036,0.0,0.0
2024-11-06 00:00:00+07:00,9747.8994140625,9957.9833984375,9747.8994140625,9915.966796875,7077167,0.0,0.0
2024-11-07 00:00:00+07:00,10000.0,10000.0,9831.9326171875,9831.9326171875,3151130,0.0,0.0
2024-11-08 00:00:00+07:00,9831.9326171875,10000.0,9789.916015625,9831.9326171875,5187225,0.0,0.0
2024-11-11 00:00:00+07:00,9831.9326171875,9915.966796875,9705.8828125,9831.9326171875,4754541,0.0,0.0
2024-11-12 00:00:00+07:00,9873.94921875,10000.0,9831.9326171875,9831.9326171875,7413701,0.0,0.0
2024-11-13 00:00:00+07:00,9831.9326171875,9873.94921875,9705.8828125,9831.9326171875,4438224,0.0,0.0
2024-11-14 00:00:00+07:00,9831.9326171875,9873.94921875,9621.8486328125,9663.865234375,6150636,0.0,0.0
2024-11-15 00:00:00+07:00,9621.8486328125,9663.865234375,9453.78125,9453.78125,9172521,0.0,0.0
2024-11-18 00:00:00+07:00,9453.78125,9579.83203125,9411.7646484375,9495.7978515625,5006569,0.0,0.0
2024-11-19 00:00:00+07:00,9537.8154296875,9579.83203125,9411.7646484375,9411.7646484375,4210576,0.0,0.0
2024-11-20 00:00:00+07:00,9369.748046875,9663.865234375,9369.748046875,9537.8154296875,5542305,0.0,0.0
2024-11-21 00:00:00+07:00,9537.8154296875,9621.8486328125,9495.7978515625,9621.8486328125,2578491,0.0,0.0
2024-11-22 00:00:00+07:00,9621.8486328125,9663.865234375,9495.7978515625,9579.83203125,3705897,0.0,0.0
2024-11-25 00:00:00+07:00,9579.83203125,10210.083984375,9579.83203125,10210.083984375,22745659,0.0,0.0
2024-11-26 00:00:00+07:00,10252.1005859375,10504.2021484375,10252.1005859375,10378.1513671875,12975759,0.0,0.0
2024-11-27 00:00:00+07:00,10294.1171875,10630.251953125,10210.083984375,10546.21875,15533188,0.0,0.0
2024-11-28 00:00:00+07:00,10630.251953125,10630.251953125,10462.1845703125,10462.1845703125,5687723,0.0,0.0
2024-11-29 00:00:00+07:00,10462.1845703125,10546.21875,10420.16796875,10420.16796875,7913499,0.0,0.0
2024-12-02 00:00:00+07:00,10504.2021484375,10588.2353515625,10294.1171875,10420.16796875,5927627,0.0,0.0
2024-12-03 00:00:00+07:00,10420.16796875,10714.2861328125,10252.1005859375,10630.251953125,16215653,0.0,0.0
2024-12-04 00:00:00+07:00,10630.251953125,10630.251953125,10294.1171875,10336.134765625,6871773,0.0,0.0
2024-12-05 00:00:00+07:00,10336.134765625,10546.21875,10294.1171875,10504.2021484375,10459385,0.0,0.0
2024-12-06 00:00:00+07:00,10546.21875,10630.251953125,10420.16796875,10462.1845703125,7842575,0.0,0.0
2024-12-09 00:00:00+07:00,10462.1845703125,10546.21875,10378.1513671875,10504.2021484375,6170149,0.0,0.0
2024-12-10 00:00:00+07:00,10546.21875,10924.3701171875,10546.21875,10630.251953125,15183447,0.0,0.0
2024-12-11 00:00:00+07:00,10630.251953125,10672.2685546875,10378.1513671875,10420.16796875,6685062,0.0,0.0
2024-12-12 00:00:00+07:00,10504.2021484375,10546.21875,10336.134765625,10336.134765625,6526911,0.0,0.0
2024-12-13 00:00:00+07:00,10378.1513671875,10378.1513671875,10252.1005859375,10294.1171875,4068609,0.0,0.0
2024-12-16 00:00:00+07:00,10336.134765625,10420.16796875,10294.1171875,10420.16796875,4296851,0.0,0.0
2024-12-17 00:00:00+07:00,10420.16796875,10462.1845703125,10294.1171875,10378.1513671875,6416122,0.0,0.0
2024-12-18 00:00:00+07:00,10378.1513671875,10588.2353515625,10336.134765625,10588.2353515625,10145463,0.0,0.0
2024-12-19 00:00:00+07:00,10462.1845703125,10504.2021484375,10336.134765625,10420.16796875,7844598,0.0,0.0
2024-12-20 00:00:00+07:00,10504.2021484375,10504.2021484375,10252.1005859375,10252.1005859375,10790800,0.0,0.0
2024-12-23 00:00:00+07:00,10294.1171875,10336.134765625,10168.0673828125,10168.0673828125,9095288,0.0,0.0
2024-12-24 00:00:00+07:00,10168.0673828125,10210.083984375,9957.9833984375,10126.05078125,10420710,0.0,0.0
2024-12-25 00:00:00+07:00,10042.0166015625,10294.1171875,10042.0166015625,10210.083984375,5452579,0.0,0.0
2024-12-26 00:00:00+07:00,10210.083984375,10294.1171875,10126.05078125,10210.083984375,4191300,0.0,0.0
2024-12-27 00:00:00+07:00,10252.1005859375,10252.1005859375,10084.033203125,10084.033203125,4943738,0.0,0.0
2024-12-30 00:00:00+07:00,10084.033203125,10210.083984375,10042.0166015625,10210.083984375,3890705,0.0,0.0
2024-12-31 00:00:00+07:00,10210.083984375,10210.083984375,10084.033203125,10084.033203125,3536442,0.0,0.0
2025-01-02 00:00:00+07:00,10084.033203125,10210.083984375,10042.0166015625,10084.033203125,3600108,0.0,0.0
2025-01-03 00:00:00+07:00,10084.033203125,10084.033203125,9873.94921875,9915.966796875,5943455,0.0,0.0
2025-01-06 00:00:00+07:00,9915.966796875,10042.0166015625,9663.865234375,9705.8828125,6477050,0.0,0.0
2025-01-07 00:00:00+07:00,9747.8994140625,9789.916015625,9621.8486328125,9621.8486328125,4789512,0.0,0.0
2025-01-08 00:00:00+07:00,9621.8486328125,9873.94921875,9621.8486328125,9789.916015625,3393404,0.0,0.0
2025-01-09 00:00:00+07:00,9831.9326171875,9873.94921875,9747.8994140625,9831.9326171875,2405823,0.0,0.0
2025-01-10 00:00:00+07:00,9831.9326171875,10168.0673828125,9789.916015625,9789.916015625,5640246,0.0,0.0
2025-01-13 00:00:00+07:00,9831.9326171875,10000.0,9831.9326171875,9915.966796875,4074322,0.0,0.0
2025-01-14 00:00:00+07:00,9957.9833984375,10000.0,9789.916015625,9789.916015625,2933469,0.0,0.0
2025-01-15 00:00:00+07:00,9873.94921875,10000.0,9789.916015625,10000.0,3107209,0.0,0.0
2025-01-16 00:00:00+07:00,10084.033203125,10084.033203125,9873.94921875,9957.9833984375,3224066,0.0,0.0
2025-01-17 00:00:00+07:00,9957.9833984375,9957.9833984375,9831.9326171875,9873.94921875,3788240,0.0,0.0
2025-01-20 00:00:00+07:00,9873.94921875,9915.966796875,9747.8994140625,9747.8994140625,4445125,0.0,0.0
2025-01-21 00:00:00+07:00,9831.9326171875,9831.9326171875,9537.8154296875,9579.83203125,6781445,0.0,0.0
2025-01-22 00:00:00+07:00,9621.8486328125,9705.8828125,9495.7978515625,9495.7978515625,4520095,0.0,0.0
2025-01-23 00:00:00+07:00,9537.8154296875,9663.865234375,9537.8154296875,9621.8486328125,8433767,0.0,0.0
2025-01-24 00:00:00+07:00,9663.865234375,9663.865234375,9537.8154296875,9663.865234375,7348844,0.0,0.0
2025-02-03 00:00:00+07:00,9705.8828125,9789.916015625,9663.865234375,9705.8828125,4265316,0.0,0.0
2025-02-04 00:00:00+07:00,9747.8994140625,9915.966796875,9705.8828125,9873.94921875,10980248,0.0,0.0
2025-02-05 00:00:00+07:00,10000.0,10000.0,9873.94921875,9873.94921875,4097288,0.0,0.0
2025-02-06 00:00:00+07:00,9915.966796875,10042.0166015625,9873.94921875,9915.966796875,3413158,0.0,0.0
2025-02-07 00:00:00+07:00,9957.9833984375,10252.1005859375,9915.966796875,10042.0166015625,11404367,0.0,0.0
2025-02-10 00:00:00+07:00,10042.0166015625,10084.033203125,9915.966796875,9915.966796875,3976745,0.0,0.0
2025-02-11 00:00:00+07:00,9957.9833984375,10084.033203125,9915.966796875,10042.0166015625,4406927,0.0,0.0
2025-02-12 00:00:00+07:00,10042.0166015625,10126.05078125,9915.966796875,10000.0,3507644,0.0,0.0
2025-02-13 00:00:00+07:00,9957.9833984375,10294.1171875,9957.9833984375,10210.083984375,8573592,0.0,0.0
2025-02-14 00:00:00+07:00,10210.083984375,10336.134765625,10168.0673828125,10210.083984375,4807123,0.0,0.0
2025-02-17 00:00:00+07:00,10294.1171875,10504.2021484375,10168.0673828125,10294.1171875,12093731,0.0,0.0
2025-02-18 00:00:00+07:00,10378.1513671875,10420.16796875,10252.1005859375,10294.1171875,2832319,0.0,0.0
2025-02-19 00:00:00+07:00,10294.1171875,10504.2021484375,10294.1171875,10420.16796875,8972361,0.0,0.0
2025-02-20 00:00:00+07:00,10462.1845703125,10462.1845703125,10252.1005859375,10252.1005859375,7746189,0.0,0.0
2025-02-21 00:00:00+07:00,10252.1005859375,10462.1845703125,10252.1005859375,10378.1513671875,7343371,0.0,0.0
2025-02-24 00:00:00+07:00,10336.134765625,10420.16796875,10294.1171875,10378.1513671875,4379913,0.0,0.0
2025-02-25 00:00:00+07:00,10420.16796875,10462.1845703125,10252.1005859375,10294.1171875,7490931,0.0,0.0
2025-02-26 00:00:00+07:00,10336.134765625,10336.134765625,10126.05078125,10168.0673828125,5382013,0.0,0.0
2025-02-27 00:00:00+07:00,10168.0673828125,10210.083984375,10000.0,10084.033203125,7522704,0.0,0.0
2025-02-28 00:00:00+07:00,10126.05078125,10420.16796875,10126.05078125,10294.1171875,10089177,0.0,0.0
2025-03-03 00:00:00+07:00,10336.134765625,10546.21875,10294.1171875,10336.134765625,7349202,0.0,0.0
2025-03-04 00:00:00+07:00,10294.1171875,10378.1513671875,10168.0673828125,10210.083984375,6227507,0.0,0.0
2025-03-05 00:00:00+07:00,10252.1005859375,10294.1171875,10042.0166015625,10042.0166015625,8589538,0.0,0.0
2025-03-06 00:00:00+07:00,10084.033203125,10168.0673828125,10042.0166015625,10168.0673828125,4266268,0.0,0.0
2025-03-07 00:00:00+07:00,10168.0673828125,10210.083984375,10084.033203125,10168.0673828125,4731558,0.0,0.0
2025-03-10 00:00:00+07:00,10210.083984375,10252.1005859375,10126.05078125,10126.05078125,6408149,0.0,0.0
2025-03-11 00:00:00+07:00,10042.0166015625,10126.05078125,10000.0,10126.05078125,3896893,0.0,0.0
2025-03-12 00:00:00+07:00,10084.033203125,10210.083984375,10084.033203125,10168.0673828125,5532190,0.0,0.0
2025-03-13 00:00:00+07:00,10168.0673828125,10252.1005859375,10000.0,10042.0166015625,6915208,0.0,0.0
2025-03-14 00:00:00+07:00,10042.0166015625,10084.033203125,9915.966796875,10084.033203125,9926028,0.0,0.0
2025-03-17 00:00:00+07:00,10168.0673828125,10210.083984375,10084.033203125,10168.0673828125,4756668,0.0,0.0
2025-03-18 00:00:00+07:00,10252.1005859375,10840.3359375,10252.1005859375,10840.3359375,42246189,0.0,0.0
2025-03-19 00:00:00+07:00,11092.4365234375,11092.4365234375,10756.302734375,10840.3359375,13190078,0.0,0.0
2025-03-20 00:00:00+07:00,10840.3359375,10966.38671875,10630.251953125,10798.3193359375,12749659,0.0,0.0
2025-03-21 00:00:00+07:00,10714.2861328125,10798.3193359375,10462.1845703125,10462.1845703125,17066146,0.0,0.0
2025-03-24 00:00:00+07:00,10504.2021484375,10714.2861328125,10420.16796875,10714.2861328125,12218562,0.0,0.0
2025-03-25 00:00:00+07:00,10714.2861328125,11344.5380859375,10630.251953125,10966.38671875,30053568,0.0,0.0
2025-03-26 00:00:00+07:00,11050.419921875,11092.4365234375,10798.3193359375,10924.3701171875,13344659,0.0,0.0
2025-03-27 00:00:00+07:00,11008.4033203125,11008.4033203125,10756.302734375,10798.3193359375,5822550,0.0,0.0
2025-03-28 00:00:00+07:00,10840.3359375,11050.419921875,10756.302734375,10756.302734375,10657282,0.0,0.0
2025-03-31 00:00:00+07:00,10714.2861328125,11008.4033203125,10630.251953125,10756.302734375,12040657,0.0,0.0
2025-04-01 00:00:00+07:00,10798.3193359375,10966.38671875,10798.3193359375,10882.3525390625,11721858,0.0,0.0
2025-04-02 00:00:00+07:00,10924.3701171875,11050.419921875,10756.302734375,10756.302734375,8198981,0.0,0.0
2025-04-03 00:00:00+07:00,10336.134765625,10504.2021484375,10042.0166015625,10042.0166015625,21526623,0.0,0.0
2025-04-04 00:00:00+07:00,9369.748046875,9747.8994140625,9369.748046875,9579.83203125,32002193,0.0,0.0
2025-04-08 00:00:00+07:00,9369.748046875,9579.83203125,8949.580078125,8949.580078125,22201710,0.0,0.0
2025-04-09 00:00:00+07:00,8336.134765625,9243.697265625,8336.134765625,8344.5380859375,18915763,0.0,0.0
2025-04-10 00:00:00+07:00,8907.5634765625,8907.5634765625,8907.5634765625,8907.5634765625,464337,0.0,0.0
2025-04-11 00:00:00+07:00,9495.7978515625,9495.7978515625,9243.697265625,9495.7978515625,19390573,0.0,0.0
2025-04-14 00:00:00+07:00,9705.8828125,9957.9833984375,9621.8486328125,9873.94921875,10947047,0.0,0.0
2025-04-15 00:00:00+07:00,9873.94921875,10000.0,9621.8486328125,9915.966796875,13054894,0.0,0.0
2025-04-16 00:00:00+07:00,9915.966796875,10210.083984375,9831.9326171875,10000.0,11828242,0.0,0.0
2025-04-17 00:00:00+07:00,9915.966796875,10084.033203125,9873.94921875,10084.033203125,7196167,0.0,0.0
2025-04-18 00:00:00+07:00,10168.0673828125,10168.0673828125,10042.0166015625,10084.033203125,8960818,0.0,0.0
2025-04-21 00:00:00+07:00,10336.134765625,10336.134765625,10084.033203125,10168.0673828125,7073359,0.0,0.0
2025-04-22 00:00:00+07:00,10126.05078125,10294.1171875,9495.7978515625,9957.9833984375,22260020,0.0,0.0
2025-04-23 00:00:00+07:00,10084.033203125,10084.033203125,9915.966796875,10042.0166015625,5598473,0.0,0.0
2025-04-24 00:00:00+07:00,10084.033203125,10126.05078125,9957.9833984375,10084.033203125,10041457,0.0,0.0
2025-04-25 00:00:00+07:00,10126.05078125,10126.05078125,9915.966796875,10000.0,10014682,0.0,0.0
2025-04-28 00:00:00+07:00,10042.0166015625,10042.0166015625,9831.9326171875,9873.94921875,8877042,0.0,0.0
2025-04-29 00:00:00+07:00,9873.94921875,10084.033203125,9831.9326171875,9957.9833984375,8922381,0.0,0.0
2025-05-05 00:00:00+07:00,10084.033203125,10336.134765625,9915.966796875,10336.134765625,18349096,0.0,0.0
2025-05-06 00:00:00+07:00,10378.1513671875,10420.16796875,10210.083984375,10252.1005859375,7809468,0.0,0.0
2025-05-07 00:00:00+07:00,10252.1005859375,10966.38671875,10252.1005859375,10672.2685546875,31591356,0.0,0.0
2025-05-08 00:00:00+07:00,10756.302734375,10840.3359375,10630.251953125,10756.302734375,10826644,0.0,0.0
2025-05-09 00:00:00+07:00,10840.3359375,10882.3525390625,10630.251953125,10714.2861328125,8600487,0.0,0.0
2025-05-12 00:00:00+07:00,11050.419921875,11218.4873046875,10756.302734375,10882.3525390625,17761344,0.0,0.0
2025-05-13 00:00:00+07:00,10924.3701171875,10924.3701171875,10756.302734375,10756.302734375,9606771,0.0,0.0
2025-05-14 00:00:00+07:00,10798.3193359375,11008.4033203125,10714.2861328125,10840.3359375,11143058,0.0,0.0
2025-05-15 00:00:00+07:00,10882.3525390625,10924.3701171875,10672.2685546875,10798.3193359375,10135122,0.0,0.0
2025-05-16 00:00:00+07:00,10798.3193359375,11092.4365234375,10756.302734375,10840.3359375,13263047,0.0,0.0
2025-05-19 00:00:00+07:00,10840.3359375,11218.4873046875,10798.3193359375,10840.3359375,16510581,0.0,0.0
2025-05-20 00:00:00+07:00,10924.3701171875,11092.4365234375,10798.3193359375,10966.38671875,15995146,0.0,0.0
2025-05-21 00:00:00+07:00,10966.38671875,11176.470703125,10924.3701171875,11050.419921875,15327126,0.0,0.0
2025-05-22 00:00:00+07:00,11050.419921875,11554.6220703125,11050.419921875,11428.5712890625,28694647,0.0,0.0
2025-05-23 00:00:00+07:00,11596.638671875,11596.638671875,11176.470703125,11218.4873046875,8972874,0.0,0.0
2025-05-26 00:00:00+07:00,11260.50390625,11344.5380859375,10882.3525390625,11344.5380859375,13173691,0.0,0.0
2025-05-27 00:00:00+07:00,11428.5712890625,11638.6552734375,11260.50390625,11344.5380859375,18560761,0.0,0.0
2025-05-28 00:00:00+07:00,11428.5712890625,11470.587890625,11134.4541015625,11344.5380859375,15081761,0.0,0.0
2025-05-29 00:00:00+07:00,11344.5380859375,11344.5380859375,11134.4541015625,11176.470703125,8965787,0.0,0.0
2025-05-30 00:00:00+07:00,11134.4541015625,11302.521484375,11008.4033203125,11008.4033203125,12599979,0.0,0.0
2025-06-02 00:00:00+07:00,11008.4033203125,11386.5546875,10966.38671875,11302.521484375,12447553,0.0,0.0
2025-06-03 00:00:00+07:00,11344.5380859375,11470.587890625,11218.4873046875,11302.521484375,9737413,0.0,0.0
2025-06-04 00:00:00+07:00,11386.5546875,11764.7060546875,11344.5380859375,11386.5546875,28974046,0.0,0.0
2025-06-05 00:00:00+07:00,11470.587890625,11512.60546875,11218.4873046875,11512.60546875,9292339,0.0,0.0
2025-06-06 00:00:00+07:00,11512.60546875,11638.6552734375,11260.50390625,11260.50390625,11485572,0.0,0.0
2025-06-09 00:00:00+07:00,11302.521484375,11386.5546875,11008.4033203125,11008.4033203125,12433689,0.0,0.0
2025-06-10 00:00:00+07:00,11008.4033203125,11134.4541015625,10966.38671875,10966.38671875,7553710,0.0,0.0
2025-06-11 00:00:00+07:00,11008.4033203125,11050.419921875,10840.3359375,10882.3525390625,8153869,0.0,0.0
2025-06-12 00:00:00+07:00,10924.3701171875,11008.4033203125,10882.3525390625,10966.38671875,6324767,0.0,0.0
2025-06-13 00:00:00+07:00,10882.3525390625,10924.3701171875,10630.251953125,10756.302734375,13722923,0.0,0.0
2025-06-16 00:00:00+07:00,10798.3193359375,11050.419921875,10798.3193359375,10966.38671875,8988307,0.0,0.0
2025-06-17 00:00:00+07:00,10924.3701171875,11092.4365234375,10840.3359375,11092.4365234375,15609537,0.0,0.0
2025-06-18 00:00:00+07:00,11176.470703125,11176.470703125,10924.3701171875,11008.4033203125,9392666,0.0,0.0
2025-06-19 00:00:00+07:00,10966.38671875,11008.4033203125,10798.3193359375,10924.3701171875,14471814,0.0,0.0
2025-06-20 00:00:00+07:00,10924.3701171875,10966.38671875,10840.3359375,10966.38671875,14902488,0.0,0.0
2025-06-23 00:00:00+07:00,11008.4033203125,11134.4541015625,10924.3701171875,10966.38671875,9857897,0.0,0.0
2025-06-24 00:00:00+07:00,11008.4033203125,11092.4365234375,10924.3701171875,11008.4033203125,15902908,0.0,0.0
2025-06-25 00:00:00+07:00,11050.419921875,11092.4365234375,10882.3525390625,10924.3701171875,7745877,0.0,0.0
2025-06-26 00:00:00+07:00,10882.3525390625,10966.38671875,10840.3359375,10882.3525390625,13150724,0.0,0.0
2025-06-27 00:00:00+07:00,10924.3701171875,10966.38671875,10798.3193359375,10882.3525390625,5201841,0.0,0.0
2025-06-30 00:00:00+07:00,10924.3701171875,11008.4033203125,10882.3525390625,10924.3701171875,6061278,0.0,0.0
2025-07-01 00:00:00+07:00,10924.3701171875,10966.38671875,10798.3193359375,10924.3701171875,11594603,0.0,0.0
2025-07-02 00:00:00+07:00,10882.3525390625,10924.3701171875,10798.3193359375,10840.3359375,5356865,0.0,0.0
2025-07-03 00:00:00+07:00,10924.3701171875,11260.50390625,10924.3701171875,11134.4541015625,29539547,0.0,0.0
2025-07-04 00:00:00+07:00,11176.470703125,11428.5712890625,11092.4365234375,11302.521484375,19764828,0.0,0.0
2025-07-07 00:00:00+07:00,11344.5380859375,11470.587890625,11218.4873046875,11302.521484375,16179809,0.0,0.0
2025-07-08 00:00:00+07:00,11302.521484375,11386.5546875,11176.470703125,11302.521484375,12402999,0.0,0.0
2025-07-09 00:00:00+07:00,11344.5380859375,11596.638671875,11260.50390625,11386.5546875,26718437,0.0,0.0
2025-07-10 00:00:00+07:00,11386.5546875,11470.587890625,11302.521484375,11344.5380859375,12840181,0.0,0.0
2025-07-11 00:00:00+07:00,11386.5546875,11470.587890625,11218.4873046875,11302.521484375,15896363,0.0,0.0
2025-07-14 00:00:00+07:00,11554.6220703125,11890.755859375,11512.60546875,11722.689453125,31696290,0.0,0.0
2025-07-15 00:00:00+07:00,11764.7060546875,11764.7060546875,11512.60546875,11512.60546875,15038004,0.0,0.0
2025-07-16 00:00:00+07:00,11512.60546875,11680.671875,11470.587890625,11554.6220703125,12413841,0.0,0.0
2025-07-17 00:00:00+07:00,11638.6552734375,11806.72265625,11470.587890625,11554.6220703125,13494455,0.0,0.0
2025-07-18 00:00:00+07:00,11680.671875,12016.806640625,11470.587890625,11764.7060546875,27262279,0.0,0.0
2025-07-21 00:00:00+07:00,11890.755859375,12016.806640625,11722.689453125,11722.689453125,19404685,0.0,0.0
2025-07-22 00:00:00+07:00,11722.689453125,11764.7060546875,11554.6220703125,11722.689453125,14921052,0.0,0.0
2025-07-23 00:00:00+07:00,11848.7392578125,11974.7900390625,11680.671875,11764.7060546875,18784100,0.0,0.0
2025-07-24 00:00:00+07:00,11848.7392578125,11890.755859375,11638.6552734375,11764.7060546875,10828624,0.0,0.0
2025-07-25 00:00:00+07:00,11806.72265625,12184.8740234375,11806.72265625,11974.7900390625,25410758,0.0,0.0
2025-07-28 00:00:00+07:00,12184.8740234375,12521.0087890625,11974.7900390625,12436.974609375,29081908,0.0,0.0
2025-07-29 00:00:00+07:00,12689.0751953125,12815.1259765625,12184.8740234375,12226.890625,36565818,0.0,0.0
2025-07-30 00:00:00+07:00,12394.9580078125,12478.9912109375,11974.7900390625,12184.8740234375,21543794,0.0,0.0
2025-07-31 00:00:00+07:00,12521.0087890625,12563.025390625,12100.8408203125,12100.8408203125,18550682,0.0,0.0
2025-08-01 00:00:00+07:00,12100.8408203125,12394.9580078125,11890.755859375,11974.7900390625,16006949,0.0,0.0
2025-08-04 00:00:00+07:00,12058.8232421875,12478.9912109375,11932.7734375,12394.9580078125,15913594,0.0,0.0
2025-08-05 00:00:00+07:00,12521.0087890625,12647.05859375,11764.7060546875,12184.8740234375,32905165,0.0,0.0
2025-08-06 00:00:00+07:00,12352.94140625,12521.0087890625,12142.857421875,12394.9580078125,13476676,0.0,0.0
2025-08-07 00:00:00+07:00,12521.0087890625,12563.025390625,12226.890625,12521.0087890625,13594356,0.0,0.0
2025-08-08 00:00:00+07:00,12731.0927734375,13109.244140625,12563.025390625,12731.0927734375,28302339,0.0,0.0
2025-08-11 00:00:00+07:00,12899.1591796875,12941.1767578125,12647.05859375,12689.0751953125,12699820,0.0,0.0
2025-08-12 00:00:00+07:00,12815.1259765625,13571.4287109375,12605.0419921875,13571.4287109375,47561787,0.0,0.0
2025-08-13 00:00:00+07:00,13907.5634765625,14075.6298828125,13571.4287109375,13907.5634765625,25052580,0.0,0.0
2025-08-14 00:00:00+07:00,14033.61328125,14075.6298828125,13529.412109375,13781.5126953125,20645963,0.0,0.0
2025-08-15 00:00:00+07:00,13739.49609375,13739.49609375,13319.328125,13319.328125,28345393,0.0,0.0
2025-08-18 00:00:00+07:00,13613.4453125,13907.5634765625,13361.3447265625,13739.49609375,19365629,0.0,0.0
2025-08-19 00:00:00+07:00,13949.580078125,14075.6298828125,13613.4453125,13613.4453125,19141005,0.0,0.0
2025-08-20 00:00:00+07:00,13781.5126953125,13781.5126953125,12815.1259765625,13403.361328125,25457656,0.0,0.0
2025-08-21 00:00:00+07:00,13571.4287109375,13865.5458984375,13319.328125,13529.412109375,16304652,0.0,0.0
2025-08-22 00:00:00+07:00,13403.361328125,14285.7138671875,13109.244140625,13865.5458984375,38208732,0.0,0.0
2025-08-25 00:00:00+07:00,14033.61328125,14033.61328125,13067.2265625,13361.3447265625,15976807,0.0,0.0
2025-08-26 00:00:00+07:00,13193.27734375,13571.4287109375,13109.244140625,13571.4287109375,15045096,0.0,0.0
2025-08-27 00:00:00+07:00,13613.4453125,14159.6640625,13319.328125,13781.5126953125,29725817,0.0,0.0
2025-08-28 00:00:00+07:00,13865.5458984375,13949.580078125,13655.4619140625,13823.529296875,13068363,0.0,0.0
2025-08-29 00:00:00+07:00,13949.580078125,14159.6640625,13739.49609375,13823.529296875,18355474,0.0,0.0
2025-09-03 00:00:00+07:00,13949.580078125,14117.6474609375,13781.5126953125,13907.5634765625,12157515,0.0,0.0
2025-09-04 00:00:00+07:00,14117.6474609375,14663.865234375,13991.5966796875,14075.6298828125,31130994,0.0,0.0
2025-09-05 00:00:00+07:00,14201.6806640625,14327.7314453125,13571.4287109375,13571.4287109375,19821340,0.0,0.0
2025-09-08 00:00:00+07:00,13613.4453125,13697.478515625,12773.109375,12773.109375,26014648,0.0,0.0
2025-09-09 00:00:00+07:00,12899.1591796875,13067.2265625,12563.025390625,12773.109375,17447457,0.0,0.0
2025-09-10 00:00:00+07:00,12815.1259765625,12815.1259765625,12605.0419921875,12689.0751953125,7307565,0.0,0.0
2025-09-11 00:00:00+07:00,12647.05859375,12815.1259765625,12352.94140625,12731.0927734375,14837465,0.0,0.0
2025-09-12 00:00:00+07:00,12857.142578125,13067.2265625,12773.109375,12983.193359375,20054485,0.0,0.0
2025-09-15 00:00:00+07:00,13025.2099609375,13235.2939453125,12941.1767578125,13151.2607421875,33366622,0.0,0.0
2025-09-16 00:00:00+07:00,13235.2939453125,13319.328125,12857.142578125,12983.193359375,22265635,0.0,0.0
2025-09-17 00:00:00+07:00,12983.193359375,13067.2265625,12773.109375,12815.1259765625,13791122,0.0,0.0
2025-09-18 00:00:00+07:00,12899.1591796875,12983.193359375,12731.0927734375,12899.1591796875,7392562,0.0,0.0
2025-09-19 00:00:00+07:00,12941.1767578125,13235.2939453125,12815.1259765625,12857.142578125,17601776,0.0,0.0
2025-09-22 00:00:00+07:00,12857.142578125,12899.1591796875,12521.0087890625,12647.05859375,13918345,0.0,0.0
2025-09-23 00:00:00+07:00,12689.0751953125,12773.109375,12563.025390625,12563.025390625,8428496,0.0,0.0
2025-09-24 00:00:00+07:00,12647.05859375,12689.0751953125,12394.9580078125,12689.0751953125,9501917,0.0,0.0
2025-09-25 00:00:00+07:00,12773.109375,12941.1767578125,12731.0927734375,12773.109375,10843242,0.0,0.0
2025-09-26 00:00:00+07:00,12815.1259765625,12857.142578125,12563.025390625,12563.025390625,10831413,0.0,0.0
2025-09-29 00:00:00+07:00,12605.0419921875,12689.0751953125,12352.94140625,12394.9580078125,8436085,0.0,0.0
2025-09-30 00:00:00+07:00,12436.974609375,12521.0087890625,11974.7900390625,12058.8232421875,14323456,0.0,0.0
2025-10-01 00:00:00+07:00,12100.8408203125,12226.890625,12058.8232421875,12100.8408203125,8937040,0.0,0.0
2025-10-02 00:00:00+07:00,12142.857421875,12226.890625,11932.7734375,11932.7734375,8396160,0.0,0.0
2025-10-03 00:00:00+07:00,11974.7900390625,11974.7900390625,11722.689453125,11806.72265625,13850610,0.0,0.0
2025-10-06 00:00:00+07:00,11848.7392578125,12142.857421875,11848.7392578125,12142.857421875,10935915,0.0,0.0
2025-10-07 00:00:00+07:00,12310.9248046875,12310.9248046875,12016.806640625,12016.806640625,12126753,0.0,0.0
2025-10-08 00:00:00+07:00,12184.8740234375,12226.890625,11974.7900390625,12058.8232421875,7043673,0.0,0.0
2025-10-09 00:00:00+07:00,12100.8408203125,12268.9072265625,11932.7734375,12268.9072265625,7771834,0.0,0.0
2025-10-10 00:00:00+07:00,12352.94140625,12352.94140625,12226.890625,12268.9072265625,6452582,0.0,0.0
2025-10-13 00:00:00+07:00,12100.8408203125,12142.857421875,11932.7734375,12058.8232421875,7181473,0.0,0.0
2025-10-14 00:00:00+07:00,12142.857421875,12310.9248046875,12016.806640625,12058.8232421875,11259989,0.0,0.0
2025-10-15 00:00:00+07:00,12184.8740234375,12226.890625,11974.7900390625,12016.806640625,9264295,0.0,0.0
2025-10-16 00:00:00+07:00,12016.806640625,12142.857421875,11974.7900390625,12058.8232421875,14392655,0.0,0.0
2025-10-17 00:00:00+07:00,12100.8408203125,12184.8740234375,11890.755859375,11890.755859375,10704652,0.0,0.0
2025-10-20 00:00:00+07:00,11890.755859375,11974.7900390625,11092.4365234375,11092.4365234375,24480000,0.0,0.0
2025-10-21 00:00:00+07:00,11050.419921875,11260.50390625,10840.3359375,11218.4873046875,12085282,0.0,0.0
2025-10-22 00:00:00+07:00,11344.5380859375,11470.587890625,11218.4873046875,11386.5546875,6114923,0.0,0.0
2025-10-23 00:00:00+07:00,11428.5712890625,11470.587890625,11302.521484375,11386.5546875,3657875,0.0,0.0
2025-10-24 00:00:00+07:00,11386.5546875,11428.5712890625,11050.419921875,11260.50390625,7642973,0.0,0.0
2025-10-27 00:00:00+07:00,11302.521484375,11638.6552734375,11302.521484375,11638.6552734375,9896014,0.0,0.0
2025-10-28 00:00:00+07:00,11680.671875,11680.671875,11344.5380859375,11638.6552734375,5381152,0.0,0.0
2025-10-29 00:00:00+07:00,11680.671875,12100.8408203125,11596.638671875,12016.806640625,13348668,0.0,0.0
2025-10-30 00:00:00+07:00,12058.8232421875,12058.8232421875,11764.7060546875,11932.7734375,5762771,0.0,0.0
2025-10-31 00:00:00+07:00,12058.8232421875,12310.9248046875,12058.8232421875,12058.8232421875,11887436,0.0,0.0
2025-11-03 00:00:00+07:00,12142.857421875,12268.9072265625,11974.7900390625,11974.7900390625,6351371,0.0,0.0
2025-11-04 00:00:00+07:00,12016.806640625,12058.8232421875,11512.60546875,11974.7900390625,7841105,0.0,0.0
2025-11-05 00:00:00+07:00,11932.7734375,12521.0087890625,11848.7392578125,12352.94140625,15201034,0.0,0.0
2025-11-06 00:00:00+07:00,12394.9580078125,12436.974609375,12184.8740234375,12226.890625,4911854,0.0,0.0
2025-11-07 00:00:00+07:00,12268.9072265625,12310.9248046875,11806.72265625,11932.7734375,8162545,0.0,0.0
2025-11-10 00:00:00+07:00,11848.7392578125,12100.8408203125,11764.7060546875,11848.7392578125,5202773,0.0,0.0
2025-11-11 00:00:00+07:00,11890.755859375,12016.806640625,11764.7060546875,11806.72265625,3991263,0.0,0.0
2025-11-12 00:00:00+07:00,11848.7392578125,11974.7900390625,11806.72265625,11974.7900390625,5896754,0.0,0.0
2025-11-13 00:00:00+07:00,12016.806640625,12478.9912109375,11974.7900390625,12352.94140625,37013115,0.0,0.0
2025-11-14 00:00:00+07:00,12310.9248046875,12647.05859375,12310.9248046875,12521.0087890625,11573879,0.0,0.0
2025-11-17 00:00:00+07:00,12647.05859375,12941.1767578125,12521.0087890625,12857.142578125,35984801,0.0,0.0
2025-11-18 00:00:00+07:00,12773.109375,12857.142578125,12563.025390625,12689.0751953125,7328432,0.0,0.0
2025-11-19 00:00:00+07:00,12647.05859375,12731.0927734375,12478.9912109375,12521.0087890625,5817421,0.0,0.0
2025-11-20 00:00:00+07:00,12563.025390625,12647.05859375,12436.974609375,12563.025390625,4921573,0.0,0.0
2025-11-21 00:00:00+07:00,12605.0419921875,12773.109375,12436.974609375,12563.025390625,10134425,0.0,0.0
2025-11-24 00:00:00+07:00,12605.0419921875,12941.1767578125,12563.025390625,12689.0751953125,12557556,0.0,0.0
2025-11-25 00:00:00+07:00,12815.1259765625,12815.1259765625,12436.974609375,12436.974609375,9407162,0.0,0.0
2025-11-26 00:00:00+07:00,12563.025390625,12773.109375,12521.0087890625,12773.109375,11225206,0.0,0.0
2025-11-27 00:00:00+07:00,12899.1591796875,12941.1767578125,12731.0927734375,12815.1259765625,31216280,0.0,0.0
2025-11-28 00:00:00+07:00,12983.193359375,13277.310546875,12815.1259765625,12815.1259765625,14726249,0.0,0.0
2025-12-01 00:00:00+07:00,12857.142578125,12899.1591796875,12521.0087890625,12521.0087890625,12172187,0.0,0.0
2025-12-02 00:00:00+07:00,12563.025390625,12773.109375,12352.94140625,12521.0087890625,11485369,0.0,0.0
2025-12-03 00:00:00+07:00,12647.05859375,12647.05859375,12478.9912109375,12478.9912109375,9944246,0.0,0.0
2025-12-04 00:00:00+07:00,12521.0087890625,12857.142578125,12521.0087890625,12647.05859375,10968424,0.0,0.0
2025-12-05 00:00:00+07:00,12689.0751953125,12857.142578125,12605.0419921875,12647.05859375,9695146,0.0,0.0
2025-12-08 00:00:00+07:00,12731.0927734375,12773.109375,12436.974609375,12436.974609375,10132566,0.0,0.0
2025-12-09 00:00:00+07:00,12478.9912109375,12563.025390625,12184.8740234375,12184.8740234375,17607523,0.0,0.0
2025-12-10 00:00:00+07:00,12300.0,12550.0,12200.0,12300.0,18413890,0.0,1.19
2025-12-11 00:00:00+07:00,12350.0,12350.0,12050.0,12100.0,3725081,0.0,0.0
2025-12-12 00:00:00+07:00,12100.0,12150.0,11500.0,11550.0,18526360,0.0,0.0
2025-12-15 00:00:00+07:00,11600.0,12000.0,11600.0,12000.0,5202113,0.0,0.0
2025-12-16 00:00:00+07:00,12050.0,12400.0,11850.0,12400.0,20133690,0.0,0.0
2025-12-17 00:00:00+07:00,12350.0,12400.0,12150.0,12300.0,9493682,0.0,0.0
2025-12-18 00:00:00+07:00,12300.0,12350.0,12150.0,12300.0,15033610,0.0,0.0
2025-12-19 00:00:00+07:00,12350.0,12350.0,12200.0,12200.0,10153120,0.0,0.0
2025-12-22 00:00:00+07:00,12250.0,12750.0,12200.0,12700.0,22409980,0.0,0.0
2025-12-23 00:00:00+07:00,12700.0,12900.0,12550.0,12800.0,15194820,0.0,0.0
2025-12-24 00:00:00+07:00,12850.0,12850.0,12600.0,12750.0,6170329,0.0,0.0
2025-12-25 00:00:00+07:00,12700.0,12900.0,12600.0,12600.0,13471620,0.0,0.0
2025-12-26 00:00:00+07:00,12500.0,12850.0,12450.0,12800.0,10192540,0.0,0.0
2025-12-29 00:00:00+07:00,12850.0,13150.0,12850.0,13000.0,25188750,0.0,0.0
2025-12-30 00:00:00+07:00,13050.0,13100.0,12750.0,12800.0,4530539,0.0,0.0
2025-12-31 00:00:00+07:00,12800.0,12900.0,12700.0,12700.0,12810730,0.0,0.0
2026-01-05 00:00:00+07:00,12750.0,12900.0,12500.0,12650.0,11900830,0.0,0.0
2026-01-06 00:00:00+07:00,12650.0,13150.0,12650.0,12750.0,16445770,0.0,0.0
2026-01-07 00:00:00+07:00,12850.0,13600.0,12850.0,13600.0,24447950,0.0,0.0
2026-01-08 00:00:00+07:00,14100.0,14550.0,13850.0,14000.0,41965770,0.0,0.0
2026-01-09 00:00:00+07:00,14050.0,14800.0,14050.0,14400.0,25357470,0.0,0.0
2026-01-12 00:00:00+07:00,14550.0,14750.0,13800.0,14150.0,27937230,0.0,0.0
2026-01-13 00:00:00+07:00,14150.0,14950.0,13900.0,14600.0,27763590,0.0,0.0
2026-01-14 00:00:00+07:00,14900.0,15200.0,14400.0,14600.0,31185690,0.0,0.0
2026-01-15 00:00:00+07:00,14600.0,14650.0,14100.0,14250.0,16501070,0.0,0.0
2026-01-16 00:00:00+07:00,14450.0,14850.0,14200.0,14250.0,20762820,0.0,0.0
2026-01-19 00:00:00+07:00,14350.0,14500.0,14150.0,14250.0,9809554,0.0,0.0
2026-01-20 00:00:00+07:00,14450.0,14800.0,14250.0,14300.0,16965780,0.0,0.0
2026-01-21 00:00:00+07:00,14250.0,14650.0,14100.0,14650.0,18417830,0.0,0.0
2026-01-22 00:00:00+07:00,15000.0,15200.0,14650.0,14800.0,24288480,0.0,0.0
2026-01-23 00:00:00+07:00,14800.0,14800.0,13900.0,13900.0,19943880,0.0,0.0
2026-01-26 00:00:00+07:00,13950.0,14300.0,13750.0,14000.0,20314220,0.0,0.0
2026-01-27 00:00:00+07:00,13900.0,14200.0,13600.0,14000.0,17163440,0.0,0.0
2026-01-28 00:00:00+07:00,14200.0,14300.0,13800.0,13800.0,20756520,0.0,0.0
2026-01-29 00:00:00+07:00,13850.0,13950.0,13350.0,13400.0,16605070,0.0,0.0
2026-01-30 00:00:00+07:00,13550.0,13850.0,13500.0,13750.0,16471570,0.0,0.0
2026-02-02 00:00:00+07:00,13950.0,14350.0,13700.0,14350.0,26380390,0.0,0.0
2026-04-20 00:00:00+07:00,13300.0,13350.0,13100.0,13150.0,7691615,0.0,0.0
2026-04-21 00:00:00+07:00,13150.0,13300.0,13100.0,13100.0,8115428,0.0,0.0
2026-04-22 00:00:00+07:00,13100.0,13150.0,13000.0,13000.0,14083870,0.0,0.0
2026-04-23 00:00:00+07:00,13050.0,13100.0,12550.0,12750.0,22134700,0.0,0.0
2026-04-24 00:00:00+07:00,12800.0,12850.0,12650.0,12800.0,13315370,0.0,0.0
2026-04-28 00:00:00+07:00,12800.0,12850.0,12550.0,12650.0,7018402,0.0,0.0
2026-04-29 00:00:00+07:00,12600.0,12750.0,12550.0,12650.0,9076195,0.0,0.0
2026-05-04 00:00:00+07:00,12900.0,13300.0,12850.0,13300.0,19928640,0.0,0.0
2026-05-05 00:00:00+07:00,13350.0,13650.0,13150.0,13650.0,28317250,0.0,0.0
2026-05-06 00:00:00+07:00,13750.0,14350.0,13550.0,14350.0,38488611,0.0,0.0
