Date,Open,High,Low,Close,Volume,Dividends,Stock Splits
2016-12-06 00:00:00+07:00,54277.6796875,54277.6796875,54277.6796875,54277.6796875,6020,0.0,0.0
2016-12-07 00:00:00+07:00,58060.6640625,58060.6640625,58060.6640625,58060.6640625,570660,0.0,0.0
2016-12-08 00:00:00+07:00,62090.37109375,62090.37109375,62090.37109375,62090.37109375,2000,0.0,0.0
2016-12-09 00:00:00+07:00,62090.37896671827,66407.921875,62090.37896671827,66407.921875,5778820,0.0,0.0
2016-12-12 00:00:00+07:00,71054.4140625,71054.4140625,71054.4140625,71054.4140625,71380,0.0,0.0
2016-12-13 00:00:00+07:00,75988.7421875,75988.7421875,75988.7421875,75988.7421875,193660,0.0,0.0
2016-12-14 00:00:00+07:00,81293.15625,81293.15625,81293.15625,81293.15625,728760,0.0,0.0
2016-12-15 00:00:00+07:00,86967.6484375,86967.6484375,86350.85660460993,86967.6484375,760100,0.0,0.0
2016-12-16 00:00:00+07:00,93053.33420833333,93053.33420833333,82238.91666666666,92518.78125,775040,0.0,0.0
2016-12-19 00:00:00+07:00,87173.234375,92518.76289799527,87173.234375,87173.234375,336380,0.0,0.0
2016-12-20 00:00:00+07:00,86762.04709685598,86967.64436485802,81087.5625,81087.5625,1099420,0.0,0.0
2016-12-21 00:00:00+07:00,81087.55910732072,83678.08457575947,76070.98597796315,82567.859375,583500,0.0,0.0
2016-12-22 00:00:00+07:00,86309.74261083743,86309.74261083743,83472.5,83472.5,104920,0.0,0.0
2016-12-23 00:00:00+07:00,83472.48984375,83472.48984375,81046.442109375,82238.90625,109620,0.0,0.0
2016-12-26 00:00:00+07:00,81416.5148318528,81416.5148318528,78126.95867703046,81005.3203125,439740,0.0,0.0
2016-12-27 00:00:00+07:00,81005.32110164141,82156.66576704546,79401.66246054292,81416.515625,139760,0.0,0.0
2016-12-28 00:00:00+07:00,82156.67668269231,82156.67668269231,81046.45132211538,81786.6015625,57060,0.0,0.0
2016-12-29 00:00:00+07:00,81416.5148318528,81416.5148318528,79360.54223508884,81005.3203125,197120,0.0,0.0
2016-12-30 00:00:00+07:00,81416.51460546283,81416.51460546283,80388.52830993931,81293.15625,247480,0.0,0.0
2017-01-03 00:00:00+07:00,81293.15647604696,81293.15647604696,80553.00634121193,81005.3203125,1126340,0.0,0.0
2017-01-04 00:00:00+07:00,81005.3203125,81663.23154346447,80182.93127379441,81005.3203125,174980,0.0,0.0
2017-01-05 00:00:00+07:00,81005.32585774988,81416.52040525114,80594.1313102486,81046.4453125,54340,0.0,0.0
2017-01-06 00:00:00+07:00,81375.40223756069,86309.73688561894,81087.56604975728,84706.078125,1424780,0.0,0.0
2017-01-09 00:00:00+07:00,84706.07736280488,85528.46646341463,84294.8828125,84294.8828125,62780,0.0,0.0
2017-01-10 00:00:00+07:00,85076.14812041564,85076.14812041564,82855.69766198043,84089.28125,89080,0.0,0.0
2017-01-11 00:00:00+07:00,83883.69196428571,86350.859375,83061.30282738095,86350.859375,456960,0.0,0.0
2017-01-12 00:00:00+07:00,87584.43721064815,87584.43721064815,86350.85358796296,86597.5703125,110580,0.0,0.0
2017-01-13 00:00:00+07:00,86638.69379647663,87255.4856365085,86597.5743404745,87091.0078125,75340,0.0,0.0
2017-01-16 00:00:00+07:00,86762.04530502393,86762.04530502393,85528.46172248803,85939.65625,67780,0.0,0.0
2017-01-17 00:00:00+07:00,85734.05337038107,89393.68442551963,85569.57557015012,89023.609375,287520,0.0,0.0
2017-01-18 00:00:00+07:00,88530.17491203084,92518.76151977212,88530.17491203084,92025.328125,206960,0.0,0.0
2017-01-19 00:00:00+07:00,92518.76151977212,92518.76151977212,90462.78904155496,92025.328125,80080,0.0,0.0
2017-01-20 00:00:00+07:00,91696.37252848526,92559.88096933646,91696.37252848526,92025.328125,155880,0.0,0.0
2017-01-23 00:00:00+07:00,92025.32979307433,92025.32979307433,90668.38793285473,91285.1796875,88720,0.0,0.0
2017-01-24 00:00:00+07:00,90462.7906813063,92107.5686936937,90462.7906813063,91285.1796875,274200,0.0,0.0
2017-01-25 00:00:00+07:00,91285.17803284182,92025.328125,90462.78904155496,92025.328125,37600,0.0,0.0
2017-02-03 00:00:00+07:00,89393.69657258065,91655.26663306452,88982.50201612903,89229.21875,103400,0.0,0.0
2017-02-06 00:00:00+07:00,90257.20359738372,90257.20359738372,86967.64720203489,88406.828125,100140,0.0,0.0
2017-02-07 00:00:00+07:00,88406.82888454861,90462.80164930556,87584.43977864584,88818.0234375,2153160,0.0,0.0
2017-02-08 00:00:00+07:00,88818.01584997677,89229.21036780074,88406.8213321528,88530.1796875,72700,0.0,0.0
2017-02-09 00:00:00+07:00,88530.1913470083,88530.1913470083,85528.47097156398,86762.0546875,300140,0.0,0.0
2017-02-10 00:00:00+07:00,86762.05166070591,87995.63533360694,86762.05166070591,87666.6796875,571760,0.0,0.0
2017-02-13 00:00:00+07:00,87666.67515522493,88283.46695978795,86350.85263882381,87748.9140625,50480,0.0,0.0
2017-02-14 00:00:00+07:00,87748.9175998264,89188.09853515626,87625.55923394098,88818.0234375,144440,0.0,0.0
2017-02-15 00:00:00+07:00,88818.01630434782,88818.01630434782,87502.19384057971,87954.5078125,168600,0.0,0.0
2017-02-16 00:00:00+07:00,87995.6323264856,88818.02141364902,87995.6323264856,88571.3046875,88460,0.0,0.0
2017-02-17 00:00:00+07:00,88406.81928999767,88406.81928999767,87995.6247816721,88283.4609375,68860,0.0,0.0
2017-02-20 00:00:00+07:00,87707.79963087729,89640.4140625,87666.68017488532,89640.4140625,327860,0.0,0.0
2017-02-21 00:00:00+07:00,89475.93123861567,90462.79812727687,89475.93123861567,90298.3203125,69860,0.0,0.0
2017-02-22 00:00:00+07:00,90257.20366139099,92313.17640994204,90257.20366139099,92230.9375,352460,0.0,0.0
2017-02-23 00:00:00+07:00,92477.64775605727,93341.15625,92107.57268722466,93341.15625,260040,0.0,0.0
2017-02-24 00:00:00+07:00,93752.3507709251,94574.73981277533,92929.96172907489,93341.15625,215680,0.0,0.0
2017-02-27 00:00:00+07:00,92313.17390187694,93711.2353329076,92107.57663260773,92559.890625,122540,0.0,0.0
2017-02-28 00:00:00+07:00,92724.36844041538,93012.20461739227,92559.890625,92559.890625,101440,0.0,0.0
2017-03-01 00:00:00+07:00,92929.96320274458,92929.96320274458,92518.76867529881,92888.84375,263080,0.0,0.0
2017-03-02 00:00:00+07:00,93341.15693780569,93341.15693780569,90133.83965095598,92477.6484375,60500,0.0,0.0
2017-03-03 00:00:00+07:00,91696.38309671695,92683.25,90873.99401064773,92683.25,41340,0.0,0.0
2017-03-06 00:00:00+07:00,92518.76913975501,92724.36640451003,91285.18555122495,92313.171875,65980,0.0,0.0
2017-03-07 00:00:00+07:00,92477.64581578504,92518.76526701482,91531.8984375,91531.8984375,71440,0.0,0.0
2017-03-08 00:00:00+07:00,91531.91211026724,91531.91211026724,89804.89490063956,90010.4921875,28240,0.0,0.0
2017-03-09 00:00:00+07:00,88859.14289279513,90873.99620225695,87173.24522569445,88818.0234375,112900,0.0,0.0
2017-03-10 00:00:00+07:00,88818.02754739336,88818.02754739336,86762.0546875,86762.0546875,35100,0.0,0.0
2017-03-13 00:00:00+07:00,86762.03574124396,86762.03574124396,84870.5411231884,85117.2578125,61120,0.0,0.0
2017-03-14 00:00:00+07:00,85117.27099153037,89229.21645005842,83554.73171728972,87995.6328125,108520,0.0,0.0
2017-03-15 00:00:00+07:00,87995.63253189981,88406.82707644139,86762.04889827504,87008.765625,26500,0.0,0.0
2017-03-16 00:00:00+07:00,87008.76739372945,87995.63432069046,84500.48062103687,87543.3203125,14900,0.0,0.0
2017-03-17 00:00:00+07:00,87543.30610727164,87543.30610727164,85528.453125,85528.453125,28500,0.0,0.0
2017-03-20 00:00:00+07:00,85528.46172248803,86309.73132476077,85528.46172248803,85939.65625,15340,0.0,0.0
2017-03-21 00:00:00+07:00,85939.66435185185,85939.66435185185,84212.64717348928,84377.125,122200,0.0,0.0
2017-03-22 00:00:00+07:00,84377.12807881774,84664.96428571429,82444.51354679803,83472.5,85260,0.0,0.0
2017-03-23 00:00:00+07:00,83184.64741259282,84212.63366336634,82444.49731203589,83061.2890625,41680,0.0,0.0
2017-03-24 00:00:00+07:00,83061.2953125,83102.414765625,81868.831171875,82238.90625,203540,0.0,0.0
2017-03-27 00:00:00+07:00,82238.90625,82444.503515625,81827.71171875,82238.90625,51660,0.0,0.0
2017-03-28 00:00:00+07:00,82650.09999214824,83061.29451947236,81827.7109375,81827.7109375,510160,0.0,0.0
2017-03-29 00:00:00+07:00,81457.636640625,84294.87890625,81416.5171875,82238.90625,71700,0.0,0.0
2017-03-30 00:00:00+07:00,82238.9000618812,83061.2890625,82238.9000618812,83061.2890625,93400,0.0,0.0
2017-03-31 00:00:00+07:00,83061.2953125,83061.2953125,82238.90625,82238.90625,21660,0.0,0.0
2017-04-03 00:00:00+07:00,82238.90500249501,83020.17460001871,82238.90500249501,82403.3828125,200960,0.0,0.0
2017-04-04 00:00:00+07:00,81992.18828748753,82403.3828125,81992.18828748753,82403.3828125,62140,0.0,0.0
2017-04-05 00:00:00+07:00,83266.90270935961,83472.5,82485.6330049261,83472.5,48960,0.0,0.0
2017-04-07 00:00:00+07:00,83472.49371189025,84294.8828125,83061.29916158537,84294.8828125,44160,0.0,0.0
2017-04-10 00:00:00+07:00,83883.68361244019,85939.65625,83842.56415968899,85939.65625,82440,0.0,0.0
2017-04-11 00:00:00+07:00,85939.65899849398,86145.2562688253,85117.26991716867,85322.8671875,95840,0.0,0.0
2017-04-12 00:00:00+07:00,85117.27832512314,85322.87561576355,83472.5,83472.5,15660,0.0,0.0
2017-04-13 00:00:00+07:00,83061.29916158537,84706.07736280488,83061.29916158537,84294.8828125,195040,0.0,0.0
2017-04-14 00:00:00+07:00,85076.15960860906,85076.15960860906,83266.9034352022,83883.6953125,49220,0.0,0.0
2017-04-17 00:00:00+07:00,84294.86884812803,85117.2578125,83883.67436594203,85117.2578125,121980,0.0,0.0
2017-04-18 00:00:00+07:00,84706.07736280488,84706.07736280488,83678.09098704268,84294.8828125,99200,0.0,0.0
2017-04-19 00:00:00+07:00,84294.86817617867,84294.86817617867,82444.49302109181,82855.6875,19900,0.0,0.0
2017-04-20 00:00:00+07:00,82855.698046875,82855.698046875,82238.90625,82238.90625,47820,0.0,0.0
2017-04-21 00:00:00+07:00,82238.90702736318,82650.1015625,81416.51795708956,82650.1015625,57460,0.0,0.0
2017-04-24 00:00:00+07:00,82650.10078125,82855.698046875,82238.90625,82238.90625,109880,0.0,0.0
2017-04-25 00:00:00+07:00,81827.7109375,82238.90546482411,81827.7109375,81827.7109375,25440,0.0,0.0
2017-04-26 00:00:00+07:00,82033.3132598192,82444.5078125,81827.7159834788,82444.5078125,30760,0.0,0.0
2017-04-27 00:00:00+07:00,82444.50578805027,82650.10305934217,82197.7890625,82197.7890625,283740,0.0,0.0
2017-04-28 00:00:00+07:00,82197.7890625,82238.90851675838,81416.5194315908,82197.7890625,15180,0.0,0.0
2017-05-03 00:00:00+07:00,82197.7890625,82197.7890625,81827.71397417459,82197.7890625,11760,0.0,0.0
2017-05-04 00:00:00+07:00,82197.7860120917,82197.7860120917,81539.87476837312,81827.7109375,78580,0.0,0.0
2017-05-05 00:00:00+07:00,81745.473046287,81992.1897657426,81745.473046287,81951.0703125,2280,0.0,0.0
2017-05-08 00:00:00+07:00,82033.30820116206,82033.30820116206,81827.7109375,81827.7109375,76180,0.0,0.0
2017-05-09 00:00:00+07:00,81827.71622394508,81827.71622394508,80881.96875,80881.96875,30080,0.0,0.0
2017-05-10 00:00:00+07:00,80799.72757479039,81827.71393070376,80799.72757479039,80923.0859375,15660,0.0,0.0
2017-05-11 00:00:00+07:00,80923.08288667687,81539.87467697167,80553.0078125,80553.0078125,37420,0.0,0.0
2017-05-12 00:00:00+07:00,80594.12929389313,81375.39891459924,80594.12929389313,80799.7265625,14760,0.0,0.0
2017-05-15 00:00:00+07:00,80799.7285558956,80799.7285558956,79771.7421875,79771.7421875,47420,0.0,0.0
2017-05-16 00:00:00+07:00,79771.73755559916,79771.73755559916,78579.2734375,78579.2734375,17300,0.0,0.0
2017-05-17 00:00:00+07:00,77304.5778683095,80182.93981021464,77304.5778683095,77592.4140625,43640,0.0,0.0
2017-05-18 00:00:00+07:00,77633.52975250132,78126.96320431806,77633.52975250132,78085.84375,17720,0.0,0.0
2017-05-19 00:00:00+07:00,78126.96875,78126.96875,77674.65472039474,78126.96875,37460,0.0,0.0
2017-05-22 00:00:00+07:00,78126.95969012605,78949.34873949579,77921.3624277836,78291.4375,136720,0.0,0.0
2017-05-23 00:00:00+07:00,80388.53400853736,80470.77291800901,78538.15854542525,79771.7421875,468600,0.0,0.0
2017-05-24 00:00:00+07:00,79771.73985602094,79771.73985602094,78250.32007526178,78538.15625,76100,0.0,0.0
2017-05-25 00:00:00+07:00,78126.96171465969,78538.15625,78085.84226112565,78538.15625,4094080,0.0,0.0
2017-05-26 00:00:00+07:00,79607.25686015832,79607.25686015832,77304.56761213721,77921.359375,56300,0.0,0.0
2017-05-29 00:00:00+07:00,77921.37146381578,78332.56603618422,77921.37146381578,78126.96875,499540,0.0,0.0
2017-05-30 00:00:00+07:00,78538.15625,78579.27570353403,78126.96171465969,78538.15625,179940,0.0,0.0
2017-05-31 00:00:00+07:00,78209.19677915124,78579.271842775,77756.8828125,77756.8828125,3191940,0.0,0.0
2017-06-01 00:00:00+07:00,77798.01309210526,78620.4022368421,77798.01309210526,78126.96875,142720,0.0,0.0
2017-06-02 00:00:00+07:00,78126.96171465969,78538.15625,77715.76717931937,78538.15625,23280,0.0,0.0
2017-06-05 00:00:00+07:00,78209.20062172775,78538.15625,78126.96171465969,78538.15625,42140,0.0,0.0
2017-06-06 00:00:00+07:00,78538.14946255881,78661.5078125,77839.11881289206,78661.5078125,80420,0.0,0.0
2017-06-07 00:00:00+07:00,78661.51764428087,78908.234375,78126.96472772278,78908.234375,65860,0.0,0.0
2017-06-08 00:00:00+07:00,78743.75351767016,78743.75351767016,78332.55898232984,78538.15625,3680,0.0,0.0
2017-06-09 00:00:00+07:00,77798.00608638744,78949.35078534031,77798.00608638744,78538.15625,15660,0.0,0.0
2017-06-12 00:00:00+07:00,78538.15308309696,79730.6171875,78126.95856433728,79730.6171875,111860,0.0,0.0
2017-06-13 00:00:00+07:00,80141.8125,80141.8125,79154.94564520266,80141.8125,39000,0.0,0.0
2017-06-14 00:00:00+07:00,80182.93359375,83061.2953125,80141.81414062499,82238.90625,280380,0.0,0.0
2017-06-15 00:00:00+07:00,83061.2953125,83061.2953125,82238.90625,82238.90625,27360,0.0,0.0
2017-06-16 00:00:00+07:00,82238.90726410385,83472.4908730654,82238.90726410385,82362.265625,26860,0.0,0.0
2017-06-19 00:00:00+07:00,82650.1015625,82650.1015625,82238.90702736318,82650.1015625,94420,0.0,0.0
2017-06-20 00:00:00+07:00,82650.11083743842,83472.5,77263.4618226601,83472.5,97340,0.0,0.0
2017-06-21 00:00:00+07:00,83472.48821833821,84253.7578125,83061.29369509517,84253.7578125,39240,0.0,0.0
2017-06-22 00:00:00+07:00,84253.76335746952,84623.8384527439,83513.61316692074,84294.8828125,11780,0.0,0.0
2017-06-23 00:00:00+07:00,84212.6321894635,85076.140625,84007.03494290721,85076.140625,72480,0.0,0.0
2017-06-26 00:00:00+07:00,85117.27217936356,85322.86945515912,84706.07762777242,85281.75,27260,0.0,0.0
2017-06-27 00:00:00+07:00,85281.75,85528.46673095468,84911.67490356798,85281.75,72800,0.0,0.0
2017-06-28 00:00:00+07:00,85281.7479750967,85281.7479750967,82732.34181576403,85035.03125,16560,0.0,0.0
2017-06-29 00:00:00+07:00,85035.03023607748,85322.86641192494,83102.41591253027,84911.671875,132760,0.0,0.0
2017-06-30 00:00:00+07:00,84911.67016097576,85939.6564825372,84911.67016097576,85651.8203125,162800,0.0,0.0
2017-07-03 00:00:00+07:00,86350.859375,86556.45665922618,83883.69196428571,86350.859375,201860,0.0,0.0
2017-07-04 00:00:00+07:00,84294.88186788763,86720.9296875,84294.88186788763,86720.9296875,199860,0.0,0.0
2017-07-05 00:00:00+07:00,85939.66480654762,86350.859375,85939.66480654762,86350.859375,17160,0.0,0.0
2017-07-06 00:00:00+07:00,86350.859375,86350.859375,85363.99241071429,86350.859375,10720,0.0,0.0
2017-07-07 00:00:00+07:00,86350.859375,86391.97883184523,85775.18697916667,86350.859375,22880,0.0,0.0
2017-07-10 00:00:00+07:00,86350.859375,86515.33720238095,85939.66480654762,86350.859375,130080,0.0,0.0
2017-07-11 00:00:00+07:00,86350.85584916864,86720.93094566508,86145.2585733373,86556.453125,302860,0.0,0.0
2017-07-12 00:00:00+07:00,86803.16099622383,86967.6388001011,86350.84703556137,86433.0859375,19160,0.0,0.0
2017-07-13 00:00:00+07:00,86350.85584916864,86556.453125,85734.06402167458,86556.453125,88540,0.0,0.0
2017-07-14 00:00:00+07:00,86967.6484375,87091.00680407802,86762.05115986998,86967.6484375,101360,0.0,0.0
2017-07-17 00:00:00+07:00,87173.24402050114,91285.1894931663,87173.24402050114,90257.203125,89900,0.0,0.0
2017-07-18 00:00:00+07:00,91696.38509402655,93752.3578539823,90873.99599004425,92929.96875,235780,0.0,0.0
2017-07-19 00:00:00+07:00,93711.24065260125,97041.91660383456,93341.16554690865,95438.2578125,343200,0.0,0.0
2017-07-20 00:00:00+07:00,95438.2460536859,96630.71013621794,92929.9595352564,96219.515625,186460,0.0,0.0
2017-07-21 00:00:00+07:00,96219.52070063695,97658.7015658174,95397.13163481954,96836.3125,235180,0.0,0.0
2017-07-24 00:00:00+07:00,96836.3125,97206.38757961783,92107.5753715499,96836.3125,528880,0.0,0.0
2017-07-25 00:00:00+07:00,96630.71523354565,97041.90976645435,95726.0872611465,96836.3125,38780,0.0,0.0
2017-07-26 00:00:00+07:00,97041.90090880102,97041.90090880102,90216.07228555485,96712.9453125,573680,0.0,0.0
2017-07-27 00:00:00+07:00,94574.73393654337,96795.18421157525,94574.73393654337,96712.9453125,50880,0.0,0.0
2017-07-28 00:00:00+07:00,96630.71523354565,96836.3125,95027.0565552017,96836.3125,31200,0.0,0.0
2017-07-31 00:00:00+07:00,95397.12352258337,97411.9765625,95397.12352258337,97411.9765625,191040,0.0,0.0
2017-08-01 00:00:00+07:00,98686.6858922009,100701.5390625,97864.29684309923,100701.5390625,214760,0.0,0.0
2017-08-02 00:00:00+07:00,100701.54335396292,100948.26007920741,98892.2873688366,100907.140625,28680,0.0,0.0
2017-08-03 00:00:00+07:00,100742.65625,101071.6118622449,99961.38667091836,100742.65625,11820,0.0,0.0
2017-08-04 00:00:00+07:00,101071.6171875,101071.6171875,98892.2861415531,101071.6171875,31100,0.0,0.0
2017-08-07 00:00:00+07:00,100742.65715952429,108144.15850185668,100742.65715952429,102428.5546875,367240,0.0,0.0
2017-08-08 00:00:00+07:00,106293.78872282608,106293.78872282608,102428.56004199604,104032.21875,282440,0.0,0.0
2017-08-09 00:00:00+07:00,103621.02350206612,106704.9825348657,99509.078125,99509.078125,123600,0.0,0.0
2017-08-10 00:00:00+07:00,102387.4375,103004.22929216867,99714.67306726908,102387.4375,39140,0.0,0.0
2017-08-11 00:00:00+07:00,102387.4367124496,103004.22849987399,100783.77806514618,101976.2421875,50280,0.0,0.0
2017-08-14 00:00:00+07:00,101194.96941278176,102757.5085585297,100331.4609375,100331.4609375,51940,0.0,0.0
2017-08-15 00:00:00+07:00,101112.73199168897,101112.73199168897,97453.10078092838,99879.1484375,160700,0.0,0.0
2017-08-16 00:00:00+07:00,100948.25118019285,102387.43195058256,98727.80084873443,102346.3125,78920,0.0,0.0
2017-08-17 00:00:00+07:00,102716.39622035573,108144.16415513834,102716.39622035573,104032.21875,171280,0.0,0.0
2017-08-18 00:00:00+07:00,101153.85696640315,104854.60783102766,101153.85696640315,104032.21875,96080,0.0,0.0
2017-08-21 00:00:00+07:00,101976.24148832685,105676.9921875,100742.6579219358,105676.9921875,238960,0.0,0.0
2017-08-22 00:00:00+07:00,106458.264304935,106458.264304935,99714.6739820268,101236.09375,80200,0.0,0.0
2017-08-23 00:00:00+07:00,102716.39674126424,104813.48890851982,99097.88476639183,104731.25,92260,0.0,0.0
2017-08-24 00:00:00+07:00,104731.25,104854.60836277973,101153.85747938752,104731.25,185320,0.0,0.0
2017-08-25 00:00:00+07:00,101976.24604743083,104402.29383646244,101194.97642045454,104032.21875,20120,0.0,0.0
2017-08-28 00:00:00+07:00,104032.22227722773,104032.22227722773,100742.66584158417,103826.625,47800,0.0,0.0
2017-08-29 00:00:00+07:00,101565.0484437751,102798.63202811245,101482.8095381526,102387.4375,33140,0.0,0.0
2017-08-30 00:00:00+07:00,102757.51335937499,102798.6328125,101647.28812499999,102798.6328125,21720,0.0,0.0
2017-08-31 00:00:00+07:00,101606.17713209662,104977.97256909861,101606.17713209662,103209.8359375,99480,0.0,0.0
2017-09-01 00:00:00+07:00,103209.82695849705,104649.0078125,103209.82695849705,104649.0078125,37360,0.0,0.0
2017-09-05 00:00:00+07:00,104649.00430453432,108144.15768995098,104649.00430453432,104854.6015625,85120,0.0,0.0
2017-09-06 00:00:00+07:00,105265.80228136881,108144.1640625,105265.80228136881,108144.1640625,44920,0.0,0.0
2017-09-07 00:00:00+07:00,108144.16565841628,111515.9609375,106581.62638274336,111515.9609375,215760,0.0,0.0
2017-09-08 00:00:00+07:00,112667.31729233227,115833.515625,112256.12270367412,115833.515625,96040,0.0,0.0
2017-09-11 00:00:00+07:00,115833.50331414473,118835.22349232456,115833.50331414473,117190.4453125,58560,0.0,0.0
2017-09-12 00:00:00+07:00,115134.46952846975,118835.220334742,115134.46952846975,115545.6640625,57000,0.0,0.0
2017-09-13 00:00:00+07:00,115545.66985214569,117149.32861521817,114024.25,114024.25,54620,0.0,0.0
2017-09-14 00:00:00+07:00,114723.27221903669,114723.27221903669,111639.31328841743,112050.5078125,73820,0.0,0.0
2017-09-15 00:00:00+07:00,109788.94137752756,111844.9140625,109788.94137752756,111844.9140625,48700,0.0,0.0
2017-09-18 00:00:00+07:00,115093.35048316003,115093.35048316003,110200.13551084991,113695.2890625,38200,0.0,0.0
2017-09-19 00:00:00+07:00,113695.29181818182,114312.08363636365,111844.91636363637,113078.5,41160,0.0,0.0
2017-09-20 00:00:00+07:00,113900.88753434067,113900.88753434067,111803.79538118132,112256.109375,25720,0.0,0.0
2017-09-21 00:00:00+07:00,111844.91650943397,111844.91650943397,108966.5546875,108966.5546875,105320,0.0,0.0
2017-09-22 00:00:00+07:00,111392.59072419704,111392.59072419704,108966.54315951353,109459.9765625,11900,0.0,0.0
2017-09-25 00:00:00+07:00,109459.98938814532,109459.98938814532,102798.63766730402,107527.375,29240,0.0,0.0
2017-09-26 00:00:00+07:00,107527.36833817829,107527.36833817829,105718.11242732558,106088.1875,11200,0.0,0.0
2017-09-27 00:00:00+07:00,106088.18511029413,106088.18511029413,104032.21253063726,104854.6015625,30100,0.0,0.0
2017-09-28 00:00:00+07:00,104854.6003029876,111022.51796786922,103456.53896561444,109418.859375,33920,0.0,0.0
2017-09-29 00:00:00+07:00,109377.7453125,112050.509765625,106910.578125,106910.578125,27280,0.0,0.0
2017-10-02 00:00:00+07:00,106910.5765503876,108103.04067344962,105265.7984496124,106088.1875,7160,0.0,0.0
2017-10-03 00:00:00+07:00,107732.96941929517,107732.96941929517,105306.92163466218,105594.7578125,14660,0.0,0.0
2017-10-04 00:00:00+07:00,104936.8508064516,107075.0625,104936.8508064516,107075.0625,6500,0.0,0.0
2017-10-05 00:00:00+07:00,104854.60546875,108884.311875,104854.60546875,106910.578125,4440,0.0,0.0
2017-10-06 00:00:00+07:00,107691.84545307093,107691.84545307093,104936.8421520569,106951.6953125,3840,0.0,0.0
2017-10-09 00:00:00+07:00,108061.9205233564,108061.9205233564,105060.20050881873,106951.6953125,24600,0.0,0.0
2017-10-10 00:00:00+07:00,107609.60654856305,107650.726000817,106663.85914672242,106951.6953125,41800,0.0,0.0
2017-10-11 00:00:00+07:00,106869.46472139993,107691.85383045264,106828.3452659473,107650.734375,70600,0.0,0.0
2017-10-12 00:00:00+07:00,107362.88904194078,109501.10054335056,107362.88904194078,109377.7421875,38940,0.0,0.0
2017-10-13 00:00:00+07:00,109377.74684053309,111844.9140625,107362.8936092601,111844.9140625,114300,0.0,0.0
2017-10-16 00:00:00+07:00,111844.9140625,112132.75023839614,110611.33045151654,111844.9140625,94840,0.0,0.0
2017-10-17 00:00:00+07:00,111844.9041218638,114723.265625,110282.36502016129,114723.265625,81260,0.0,0.0
2017-10-18 00:00:00+07:00,113942.01729851244,115956.87072602133,113900.89784080817,115751.2734375,395400,0.0,0.0
2017-10-19 00:00:00+07:00,117108.19289568345,117190.43179518884,114312.0703125,114312.0703125,77980,0.0,0.0
2017-10-20 00:00:00+07:00,113325.22078703703,116779.25509259259,111022.53125,111022.53125,55060,0.0,0.0
2017-10-23 00:00:00+07:00,113489.69832589285,115134.4765625,111063.65042689732,115134.4765625,72760,0.0,0.0
2017-10-24 00:00:00+07:00,115134.4652406417,115915.7348262032,111063.63950534759,115340.0625,109340,0.0,0.0
2017-10-25 00:00:00+07:00,115340.05613312009,115340.05613312009,112667.29190900143,114887.7421875,11440,0.0,0.0
2017-10-26 00:00:00+07:00,115340.07534075798,115956.8671875,113078.50523603724,115956.8671875,91120,0.0,0.0
2017-10-27 00:00:00+07:00,115956.85427807487,115956.85427807487,111886.02854278074,115340.0625,52920,0.0,0.0
2017-10-30 00:00:00+07:00,115134.46646341463,118012.828125,113900.88289416376,118012.828125,220300,0.0,0.0
2017-10-31 00:00:00+07:00,118012.82073376226,118012.82073376226,116409.16219417455,117437.1484375,6120,0.0,0.0
2017-11-01 00:00:00+07:00,117437.15027012897,118012.8225753747,115422.2972017689,117971.703125,37860,0.0,0.0
2017-11-02 00:00:00+07:00,117971.71799578288,118835.2265625,116779.25378460209,118835.2265625,87880,0.0,0.0
2017-11-03 00:00:00+07:00,117396.0540544181,119246.4296875,115586.79787984914,119246.4296875,24300,0.0,0.0
2017-11-06 00:00:00+07:00,119246.4296875,120068.81885775863,118424.04051724137,119246.4296875,15540,0.0,0.0
2017-11-07 00:00:00+07:00,118835.20535557698,119246.39983777622,117231.546875,117231.546875,100940,0.0,0.0
2017-11-08 00:00:00+07:00,118752.9938499112,122906.05907804174,114188.73404473801,115751.2734375,159840,0.0,0.0
2017-11-09 00:00:00+07:00,115751.26457996224,116326.93694377023,114188.72530676915,114353.203125,9360,0.0,0.0
2017-11-10 00:00:00+07:00,114353.20031928118,114353.20031928118,112626.18327023055,113695.2890625,33300,0.0,0.0
2017-11-13 00:00:00+07:00,113695.29586803041,116285.82159666909,113489.69858797973,113571.9375,152560,0.0,0.0
2017-11-14 00:00:00+07:00,113571.93598422685,115134.47529175784,112749.546875,112749.546875,36800,0.0,0.0
2017-11-15 00:00:00+07:00,112708.41619370616,114517.67205380213,110899.16033361018,111392.59375,248420,0.0,0.0
2017-11-16 00:00:00+07:00,110200.14185267857,115134.4765625,110200.14185267857,115134.4765625,723780,0.0,0.0
2017-11-17 00:00:00+07:00,115545.67112165179,116738.13534319196,113201.86213448661,115134.4765625,162060,0.0,0.0
2017-11-20 00:00:00+07:00,113489.68493852459,115463.41858962936,113201.8487810718,115381.1796875,92100,0.0,0.0
2017-11-21 00:00:00+07:00,115381.18023144198,122947.15926301196,115340.06078018346,120479.9921875,413740,0.0,0.0
2017-11-22 00:00:00+07:00,120480.00240657426,127059.11516597764,120480.00240657426,126812.3984375,227140,0.0,0.0
2017-11-23 00:00:00+07:00,126812.3848604369,127470.29606593851,123769.5455349919,127059.1015625,69880,0.0,0.0
2017-11-24 00:00:00+07:00,127470.30073713927,131417.7681148055,125414.32814460476,131088.8125,290580,0.0,0.0
2017-11-27 00:00:00+07:00,127511.43453485974,131171.06616130364,123440.60834364688,124591.953125,55680,0.0,0.0
2017-11-28 00:00:00+07:00,123769.55390625,131582.25,123769.55390625,131582.25,82180,0.0,0.0
2017-11-29 00:00:00+07:00,137338.9649705015,140792.998820059,132815.82540560473,139394.9375,330580,0.0,0.0
2017-11-30 00:00:00+07:00,140546.28996960487,142684.50151975683,135283.0,135283.0,119760,0.0,0.0
2017-12-01 00:00:00+07:00,135282.99299242426,136310.97926136365,133679.3344128788,135694.1875,82980,0.0,0.0
2017-12-04 00:00:00+07:00,135694.19011435448,140217.32978483298,135694.19011435448,136639.9375,154900,0.0,0.0
2017-12-05 00:00:00+07:00,138531.42960227272,138983.74356060606,135694.1875,135694.1875,129920,0.0,0.0
2017-12-06 00:00:00+07:00,135694.18588033537,136927.7693883384,129937.4628429878,134871.796875,131780,0.0,0.0
2017-12-07 00:00:00+07:00,135694.19321383844,136927.7767885097,129526.27534048216,131335.53125,100240,0.0,0.0
2017-12-08 00:00:00+07:00,129937.46308656958,131376.64384860438,126442.30980734223,127059.1015625,171720,0.0,0.0
2017-12-11 00:00:00+07:00,127881.49341403584,127881.49341403584,120479.9921875,120479.9921875,285820,0.0,0.0
2017-12-12 00:00:00+07:00,128909.487894369,128909.487894369,126647.9179313099,128703.890625,622320,0.0,0.0
2017-12-13 00:00:00+07:00,131458.8948223527,131993.4477259156,128703.89139629778,129115.0859375,266360,0.0,0.0
2017-12-14 00:00:00+07:00,130348.6575900081,130348.6575900081,127059.1015625,127059.1015625,262960,0.0,0.0
2017-12-15 00:00:00+07:00,127059.11265463293,127470.30719396831,126236.72357596217,127141.3515625,276960,0.0,0.0
2017-12-18 00:00:00+07:00,127141.3515625,130718.74405471783,127141.3515625,127141.3515625,511860,0.0,0.0
2017-12-19 00:00:00+07:00,127141.35712578234,127470.31277164465,118259.5546875,118259.5546875,724680,0.0,0.0
2017-12-20 00:00:00+07:00,110200.14415887851,115134.47897196261,109994.546875,109994.546875,552540,0.0,0.0
2017-12-21 00:00:00+07:00,103621.02440308989,108966.55343975723,102346.32132511538,102469.6796875,1166120,0.0,0.0
2017-12-22 00:00:00+07:00,106088.19789591634,107732.97615786853,103209.8359375,103209.8359375,453560,0.0,0.0
2017-12-25 00:00:00+07:00,104813.49098285146,109336.63104095805,103621.02678571428,108802.078125,239080,0.0,0.0
2017-12-26 00:00:00+07:00,108555.35384241244,108637.59274683852,105265.79766536965,105676.9921875,348380,0.0,0.0
2017-12-27 00:00:00+07:00,105265.79698651863,106910.575064433,103703.2578125,103703.2578125,407580,0.0,0.0
2017-12-28 00:00:00+07:00,104443.4134856541,104443.4134856541,102469.6796875,102469.6796875,354660,0.0,0.0
2017-12-29 00:00:00+07:00,104361.1722698556,104361.1722698556,102469.67742178099,102510.796875,340700,0.0,0.0
2018-01-02 00:00:00+07:00,104443.41353299643,104731.24971202438,102757.51591297562,103744.3828125,232380,0.0,0.0
2018-01-03 00:00:00+07:00,103744.3839534198,108966.5546875,103744.3839534198,108966.5546875,463000,0.0,0.0
2018-01-04 00:00:00+07:00,110200.14415887851,110487.98035630841,108144.17132009346,109994.546875,477600,0.0,0.0
2018-01-05 00:00:00+07:00,110200.13857359062,110405.73584704881,108185.28529370035,108678.71875,263740,0.0,0.0
2018-01-08 00:00:00+07:00,108144.1703783525,108555.36494252874,106499.39212164751,107321.78125,231380,0.0,0.0
2018-01-09 00:00:00+07:00,108555.36494252874,108555.36494252874,106910.58668582376,107321.78125,254260,0.0,0.0
2018-01-10 00:00:00+07:00,107321.77619219653,107732.97073699422,106499.38710260115,106704.984375,164380,0.0,0.0
2018-01-11 00:00:00+07:00,107321.78125,108555.36494252874,106622.75049090039,107321.78125,368000,0.0,0.0
2018-01-12 00:00:00+07:00,108144.16148230725,108144.16148230725,106499.38336090333,107198.4140625,188780,0.0,0.0
2018-01-15 00:00:00+07:00,107321.76913387717,107321.76913387717,100783.7763015835,107116.171875,163940,0.0,0.0
2018-01-16 00:00:00+07:00,107116.17460485038,107116.17460485038,106088.1882842664,106499.3828125,304880,0.0,0.0
2018-01-17 00:00:00+07:00,106499.3820251938,107116.1738129845,105882.5902374031,106088.1875,343920,0.0,0.0
2018-01-18 00:00:00+07:00,106005.9453125,106005.9453125,104155.57000642456,106005.9453125,209840,0.0,0.0
2018-01-19 00:00:00+07:00,106005.9505503914,106088.18945694716,104854.60585861056,105060.203125,401860,0.0,0.0
2018-01-22 00:00:00+07:00,104854.61386494253,107732.97581417624,103456.5523467433,107321.78125,368740,0.0,0.0
2018-01-25 00:00:00+07:00,107732.96560077519,107732.96560077519,105676.9929748062,106088.1875,189980,0.0,0.0
2018-01-26 00:00:00+07:00,106088.18834291947,106129.30779576556,103662.140625,103662.140625,206020,0.0,0.0
2018-01-29 00:00:00+07:00,103662.13730867347,103867.73456632653,100742.65625,100742.65625,329200,0.0,0.0
2018-01-30 00:00:00+07:00,100331.47027439025,101153.859375,100125.8729992378,101153.859375,190440,0.0,0.0
2018-01-31 00:00:00+07:00,101153.85235323886,103621.01948380566,101153.85235323886,101565.046875,248620,0.0,0.0
2018-02-01 00:00:00+07:00,101565.04528061225,101565.04528061225,100166.98392857143,100742.65625,276000,0.0,0.0
2018-02-02 00:00:00+07:00,100742.65783147773,101565.046875,99138.99919660931,101565.046875,155800,0.0,0.0
2018-02-05 00:00:00+07:00,100742.66969050858,101482.8199168062,97041.91855902052,98234.3828125,252680,0.0,0.0
2018-02-06 00:00:00+07:00,98234.37487913623,98234.37487913623,91408.54556564246,95684.96875,268500,0.0,0.0
2018-02-07 00:00:00+07:00,95726.09375,99097.88914841066,95602.73538176547,95726.09375,91500,0.0,0.0
2018-02-08 00:00:00+07:00,95726.09899999999,96219.5325,92518.78125,92518.78125,134960,0.0,0.0
2018-02-09 00:00:00+07:00,92518.78125,92518.78125,88818.03,92518.78125,232600,0.0,0.0
2018-02-12 00:00:00+07:00,94574.73678916309,95808.3203125,92518.76425026823,95808.3203125,217620,0.0,0.0
2018-02-13 00:00:00+07:00,96219.53352126978,97453.11728436298,95808.33893357204,96178.4140625,41740,0.0,0.0
2018-02-21 00:00:00+07:00,97864.30692427386,100742.66889263486,96219.528656639,99097.890625,104100,0.0,0.0
2018-02-22 00:00:00+07:00,98686.6904962153,99509.07958368376,97782.0625,97782.0625,243340,0.0,0.0
2018-02-23 00:00:00+07:00,99920.27900390625,99920.27900390625,97370.87270833334,98686.6953125,88360,0.0,0.0
2018-02-26 00:00:00+07:00,98686.68881334981,100331.46696023898,97453.10520318295,99796.9140625,441640,0.0,0.0
2018-02-27 00:00:00+07:00,100742.66530797102,100742.66530797102,98398.85635998966,99303.484375,404480,0.0,0.0
2018-02-28 00:00:00+07:00,99509.06788105867,99509.06788105867,96712.9453125,96712.9453125,603560,0.0,0.0
2018-03-01 00:00:00+07:00,95808.3273504849,96712.95533405172,94533.62428273167,95397.1328125,209980,0.0,0.0
2018-03-02 00:00:00+07:00,94286.90444421601,94574.74061129386,93670.11265762062,93752.3515625,178160,0.0,0.0
2018-03-05 00:00:00+07:00,93752.3578539823,94903.70259955752,92929.96875,92929.96875,161140,0.0,0.0
2018-03-06 00:00:00+07:00,92929.96846655328,93012.20737670068,90257.20388676303,90668.3984375,579200,0.0,0.0
2018-03-07 00:00:00+07:00,90668.39492010747,92066.45633837671,90462.79765271494,90873.9921875,169000,0.0,0.0
2018-03-08 00:00:00+07:00,91285.19153225806,91285.19153225806,90462.80241935483,90503.921875,97000,0.0,0.0
2018-03-09 00:00:00+07:00,91285.18467842559,91326.30413098345,90216.07891192152,90627.2734375,99540,0.0,0.0
2018-03-12 00:00:00+07:00,91285.18136920981,91285.18136920981,90462.79234786557,90545.03125,83680,0.0,0.0
2018-03-13 00:00:00+07:00,90873.99697580645,90873.99697580645,88612.42691532258,89229.21875,201160,0.0,0.0
2018-03-14 00:00:00+07:00,88818.02393988817,89188.0990396377,85528.46749767008,88242.3515625,430480,0.0,0.0
2018-03-15 00:00:00+07:00,86762.0491749416,87995.6328125,84212.6429906542,87995.6328125,392640,0.0,0.0
2018-03-16 00:00:00+07:00,90051.60496444201,94081.31148796498,86350.85407549235,93957.953125,2115640,0.0,0.0
2018-03-19 00:00:00+07:00,94574.75416666667,96548.48816666666,92518.78125,92518.78125,807320,0.0,0.0
2018-03-20 00:00:00+07:00,90915.11544524337,94122.43295077434,90133.84579646018,92929.96875,616260,0.0,0.0
2018-03-21 00:00:00+07:00,93341.16330199115,93752.3578539823,91285.1905420354,92929.96875,262380,0.0,0.0
2018-03-22 00:00:00+07:00,92929.96482683983,96836.31290584416,91696.38122294373,94985.9375,398460,0.0,0.0
2018-03-23 00:00:00+07:00,94615.86423706988,97453.10658055438,92971.08606693393,96795.1953125,324020,0.0,0.0
2018-03-26 00:00:00+07:00,96219.51896498771,100742.65874539313,96219.51896498771,100413.703125,349440,0.0,0.0
2018-03-27 00:00:00+07:00,102346.31404649078,102346.31404649078,98727.80234054815,100331.4609375,166840,0.0,0.0
2018-03-28 00:00:00+07:00,100331.46251568382,100742.6570341907,97864.2954046424,98316.609375,209340,0.0,0.0
2018-03-29 00:00:00+07:00,99509.07347867,99509.07347867,98275.4899231493,98316.609375,239900,0.0,0.0
2018-03-30 00:00:00+07:00,98316.60667666771,99509.07074761014,98316.60667666771,98933.3984375,192160,0.0,0.0
2018-04-02 00:00:00+07:00,100125.8667607668,100742.65854779411,97864.296875,97864.296875,177120,0.0,0.0
2018-04-03 00:00:00+07:00,97864.29762554586,98275.49215338429,94163.546875,94163.546875,131700,0.0,0.0
2018-04-04 00:00:00+07:00,94985.94150995575,94985.94150995575,91696.38509402655,92929.96875,110680,0.0,0.0
2018-04-05 00:00:00+07:00,92971.09222326144,96013.93203950264,91696.38905699823,93423.40625,87360,0.0,0.0
2018-04-06 00:00:00+07:00,92929.97276628521,94574.7510453345,92929.97276628521,93423.40625,232980,0.0,0.0
2018-04-09 00:00:00+07:00,92107.58666666666,94163.55958333332,92107.58666666666,92518.78125,87500,0.0,0.0
2018-04-10 00:00:00+07:00,92888.85228260868,95643.85586956522,91901.98532608696,94574.75,174300,0.0,0.0
2018-04-11 00:00:00+07:00,93382.28576086956,96589.60336956521,93382.28576086956,94574.75,216160,0.0,0.0
2018-04-12 00:00:00+07:00,94574.75,94985.94456521739,93752.36086956521,94574.75,111620,0.0,0.0
2018-04-13 00:00:00+07:00,94204.67795215102,95397.14223002634,93546.76662642669,93670.125,146740,0.0,0.0
2018-04-16 00:00:00+07:00,94163.54336873638,94739.2156862745,93546.75159994554,94369.140625,193160,0.0,0.0
2018-04-17 00:00:00+07:00,94656.98030840611,94985.93593067686,93752.35234716158,94163.546875,223960,0.0,0.0
2018-04-18 00:00:00+07:00,94985.93513569079,94985.93513569079,93423.39594298246,93752.3515625,102140,0.0,0.0
2018-04-19 00:00:00+07:00,94081.3139726673,94081.3139726673,87255.484375,87255.484375,154380,0.0,0.0
2018-04-20 00:00:00+07:00,87255.47355715091,91737.49364090653,87255.47355715091,91285.1796875,109100,0.0,0.0
2018-04-23 00:00:00+07:00,92107.57701149426,93752.3551724138,88818.02068965517,89434.8125,108220,0.0,0.0
2018-04-24 00:00:00+07:00,89229.21875,91696.38608870968,88406.82963709677,89229.21875,92620,0.0,0.0
2018-04-26 00:00:00+07:00,90873.9906178653,90873.9906178653,89229.21250713471,90051.6015625,66720,0.0,0.0
2018-04-27 00:00:00+07:00,89845.99946816315,90668.38847931338,87584.4296875,87584.4296875,179520,0.0,0.0
2018-05-02 00:00:00+07:00,88406.81641541529,88818.01091037072,87584.42742550446,87625.546875,96940,0.0,0.0
2018-05-03 00:00:00+07:00,87584.44151231016,89434.81703721812,87296.60531954671,89352.578125,61060,0.0,0.0
2018-05-04 00:00:00+07:00,90051.6015625,90051.6015625,88818.01797945205,90051.6015625,39560,0.0,0.0
2018-05-07 00:00:00+07:00,90462.8007629108,96342.8828125,90421.68130801857,96342.8828125,233380,0.0,0.0
2018-05-08 00:00:00+07:00,96342.87703544062,99467.95541985951,94574.74058109833,96589.59375,420760,0.0,0.0
2018-05-09 00:00:00+07:00,98275.48818108974,98316.60763221154,95109.29044471153,96219.515625,149740,0.0,0.0
2018-05-10 00:00:00+07:00,95397.1266025641,97658.69641426281,90462.79246794872,96219.515625,132220,0.0,0.0
2018-05-11 00:00:00+07:00,96219.52496027542,97041.9140625,93834.59656382415,97041.9140625,1006000,0.0,0.0
2018-05-14 00:00:00+07:00,97864.30297256098,101153.859375,94615.86602515244,101153.859375,193660,0.0,0.0
2018-05-15 00:00:00+07:00,101770.646484375,106088.1890625,99509.0765625,102798.6328125,244340,0.0,0.0
2018-05-16 00:00:00+07:00,102798.6343625992,103621.0234375,100331.46713789682,103621.0234375,657620,0.0,0.0
2018-05-17 00:00:00+07:00,102593.04079321946,103292.0715320911,99303.484375,99303.484375,194780,0.0,0.0
2018-05-18 00:00:00+07:00,100948.25772583201,103785.5,99385.71850237717,103785.5,153940,0.0,0.0
2018-05-21 00:00:00+07:00,103785.50832918327,104895.733656001,101770.65495829184,103209.8359375,245460,0.0,0.0
2018-05-22 00:00:00+07:00,101852.88609318274,102716.39461476401,100742.66085114966,101935.125,159680,0.0,0.0
2018-05-23 00:00:00+07:00,102387.43267746913,102839.74663708848,99180.11550925925,99920.265625,315240,0.0,0.0
2018-05-24 00:00:00+07:00,100331.46468286656,100742.65921025535,95808.32488158978,99838.03125,206740,0.0,0.0
2018-05-25 00:00:00+07:00,97370.86025641025,100660.41634615384,96219.515625,96219.515625,142580,0.0,0.0
2018-05-28 00:00:00+07:00,93752.35466056035,97740.94167901401,93752.35466056035,95397.1328125,303220,0.0,0.0
2018-05-29 00:00:00+07:00,96301.75841975983,96301.75841975983,91285.18518013101,94163.546875,199660,0.0,0.0
2018-05-30 00:00:00+07:00,92806.60493313319,94574.74140283844,90997.34901064412,94163.546875,208080,0.0,0.0
2018-05-31 00:00:00+07:00,94163.55511067709,100742.66813151042,92107.58229166667,98686.6953125,421840,0.0,0.0
2018-06-01 00:00:00+07:00,99920.26721938775,100742.65625,97124.14451530612,100742.65625,154960,0.0,0.0
2018-06-04 00:00:00+07:00,100331.46846543874,100742.66300832988,98275.49575098303,99344.6015625,101880,0.0,0.0
2018-06-05 00:00:00+07:00,99139.00118007876,102798.63249697092,98275.4926671042,101811.765625,104160,0.0,0.0
2018-06-06 00:00:00+07:00,100742.65783147773,102716.39153593116,100331.4633097166,101565.046875,63500,0.0,0.0
2018-06-07 00:00:00+07:00,101565.04766255041,102798.6312373992,99920.26956275202,101976.2421875,71960,0.0,0.0
2018-06-08 00:00:00+07:00,100742.65625,102387.43431122448,99920.26721938775,100742.65625,90160,0.0,0.0
2018-06-11 00:00:00+07:00,99920.265625,101893.99926697531,99591.31001800412,99920.265625,213320,0.0,0.0
2018-06-12 00:00:00+07:00,99920.27824267783,99920.27824267783,97041.91631799164,98275.5,77080,0.0,0.0
2018-06-13 00:00:00+07:00,98275.49463659081,98275.49463659081,96219.52194544875,96671.8359375,50140,0.0,0.0
2018-06-14 00:00:00+07:00,96712.95382882882,97864.29851726726,95849.4453125,95849.4453125,91020,0.0,0.0
2018-06-15 00:00:00+07:00,95808.32314311595,96548.47327898552,93875.70889945653,96466.234375,228960,0.0,0.0
2018-06-18 00:00:00+07:00,96219.52188846983,97453.10550242457,94985.93827451508,95397.1328125,59720,0.0,0.0
2018-06-19 00:00:00+07:00,94780.35145833333,96384.01033333332,88776.91054166666,92518.78125,224000,0.0,0.0
2018-06-20 00:00:00+07:00,88818.01201184731,93711.2265625,88818.01201184731,93711.2265625,783540,0.0,0.0
2018-06-21 00:00:00+07:00,93711.23839878319,93711.23839878319,91285.1905420354,92929.96875,107960,0.0,0.0
2018-06-22 00:00:00+07:00,92929.96875,93341.16330199115,91490.78781803098,92929.96875,165160,0.0,0.0
2018-06-25 00:00:00+07:00,92929.96899966711,93300.0440974534,91860.86316161785,92642.1328125,60760,0.0,0.0
2018-06-26 00:00:00+07:00,92518.7708730916,92518.7708730916,91079.58999284351,91573.0234375,65740,0.0,0.0
2018-06-27 00:00:00+07:00,91326.30671517176,92436.53196564886,91079.58999284351,91573.0234375,109260,0.0,0.0
2018-06-28 00:00:00+07:00,90956.22826458522,91285.18388217867,89270.33072441886,90216.078125,91040,0.0,0.0
2018-06-29 00:00:00+07:00,90216.0805363082,92724.3671875,88859.13857746674,92724.3671875,239640,0.0,0.0
2018-07-02 00:00:00+07:00,92518.77717391304,94574.75,90750.64054347825,94574.75,115760,0.0,0.0
2018-07-03 00:00:00+07:00,94574.73832748795,94574.73832748795,92642.12410949146,93793.46875,204420,0.0,0.0
2018-07-04 00:00:00+07:00,92107.57964601771,93752.3578539823,92107.57964601771,92929.96875,194960,0.0,0.0
2018-07-05 00:00:00+07:00,93300.039140625,93300.039140625,90462.796875,90462.796875,145640,0.0,0.0
2018-07-06 00:00:00+07:00,90462.796875,91244.066484375,88818.01875,90462.796875,69540,0.0,0.0
2018-07-09 00:00:00+07:00,91655.2607789137,91696.38023193249,90174.96047023675,90750.6328125,32740,0.0,0.0
2018-07-10 00:00:00+07:00,91655.261015625,91655.261015625,89517.049453125,90462.796875,163240,0.0,0.0
2018-07-11 00:00:00+07:00,90750.633046875,90750.633046875,89270.332734375,90462.796875,357960,0.0,0.0
2018-07-12 00:00:00+07:00,89640.40398613022,90873.98752722376,89640.40398613022,89681.5234375,91720,0.0,0.0
2018-07-13 00:00:00+07:00,89640.4140625,90092.72807841169,87995.6358228211,89640.4140625,228060,0.0,0.0
2018-07-16 00:00:00+07:00,89640.41633203304,89640.41633203304,87995.63805071134,89599.296875,148680,0.0,0.0
2018-07-17 00:00:00+07:00,88818.02494266054,89640.4140625,88036.75527881307,89640.4140625,126160,0.0,0.0
2018-07-18 00:00:00+07:00,89640.41633203304,89640.41633203304,88406.83262104176,89599.296875,114420,0.0,0.0
2018-07-19 00:00:00+07:00,88859.14212936047,89640.41177325582,88406.828125,88406.828125,136860,0.0,0.0
2018-07-20 00:00:00+07:00,88406.82421875,89023.616015625,82238.90625,82238.90625,335000,0.0,0.0
2018-07-23 00:00:00+07:00,84294.8830908551,86556.453125,83678.09126336104,86556.453125,243680,0.0,0.0
2018-07-24 00:00:00+07:00,86762.05394345238,86762.05394345238,84623.8421875,86350.859375,412600,0.0,0.0
2018-07-25 00:00:00+07:00,84582.70498565822,85939.64677687199,84335.98829634662,85117.2578125,178240,0.0,0.0
2018-07-26 00:00:00+07:00,83308.00209088165,85117.2578125,83143.52429800725,85117.2578125,226580,0.0,0.0
2018-07-27 00:00:00+07:00,83513.59933197465,85117.2578125,83513.59933197465,85117.2578125,142260,0.0,0.0
2018-07-30 00:00:00+07:00,85117.27015836557,85117.27015836557,84294.88107470986,85035.03125,83680,0.0,0.0
2018-07-31 00:00:00+07:00,83924.80421608881,85117.26836222627,83883.68476277373,84500.4765625,225000,0.0,0.0
2018-08-01 00:00:00+07:00,84294.8828125,84706.07736280488,83760.32989710366,84294.8828125,66700,0.0,0.0
2018-08-02 00:00:00+07:00,83924.81477098652,84664.96502374386,83472.5007276348,83883.6953125,82580,0.0,0.0
2018-08-03 00:00:00+07:00,83678.08941580165,84294.88122967734,82033.31124546648,82197.7890625,307180,0.0,0.0
2018-08-06 00:00:00+07:00,82197.7860120917,82238.90546482411,81087.56078831658,81827.7109375,117100,0.0,0.0
2018-08-07 00:00:00+07:00,81210.91914651381,81827.7109375,79689.49939541458,81827.7109375,154760,0.0,0.0
2018-08-08 00:00:00+07:00,81005.32265625,82238.90625,80182.93359375,82238.90625,145240,0.0,0.0
2018-08-09 00:00:00+07:00,82238.89723557692,85528.453125,81827.70274939905,85528.453125,368380,0.0,0.0
2018-08-10 00:00:00+07:00,85528.46172248803,86145.25351375598,83883.68361244019,85939.65625,158100,0.0,0.0
2018-08-13 00:00:00+07:00,85939.66480654762,86350.859375,84747.2005580357,86350.859375,169160,0.0,0.0
2018-08-14 00:00:00+07:00,86350.859375,86350.859375,85322.87295386905,86350.859375,67120,0.0,0.0
2018-08-15 00:00:00+07:00,86350.86011552133,87132.1298022808,85528.47097156398,86762.0546875,89220,0.0,0.0
2018-08-16 00:00:00+07:00,86762.03987323113,87173.234375,85240.62021668632,87173.234375,113720,0.0,0.0
2018-08-17 00:00:00+07:00,87173.23518192489,87584.4296875,86350.84617077465,87584.4296875,91460,0.0,0.0
2018-08-20 00:00:00+07:00,86391.96562133216,87584.4296875,86350.84617077465,87584.4296875,69320,0.0,0.0
2018-08-21 00:00:00+07:00,87584.4296875,87584.4296875,85775.17386296949,87584.4296875,142360,0.0,0.0
2018-08-22 00:00:00+07:00,87584.4296875,87584.4296875,86391.96562133216,87584.4296875,145100,0.0,0.0
2018-08-23 00:00:00+07:00,87173.24647058823,87584.44102941176,86474.21572058824,87378.84375,158560,0.0,0.0
2018-08-24 00:00:00+07:00,86762.04067634977,87584.4296875,86350.84617077465,87584.4296875,191100,0.0,0.0
2018-08-27 00:00:00+07:00,87995.62892408676,91614.14076769407,87666.67330194064,90051.6015625,134980,0.0,0.0
2018-08-28 00:00:00+07:00,90051.59617820947,91696.37419059685,89928.2378272804,91285.1796875,76720,0.0,0.0
2018-08-29 00:00:00+07:00,91285.1905420354,92929.96875,90462.8014380531,92929.96875,50920,0.0,0.0
2018-08-30 00:00:00+07:00,91367.42945243363,92929.96875,91367.42945243363,92929.96875,74480,0.0,0.0
2018-08-31 00:00:00+07:00,92929.96875,92929.96875,91819.7434596239,92929.96875,94740,0.0,0.0
2018-09-04 00:00:00+07:00,92929.95601541555,92929.95601541555,91943.08922587131,92025.328125,121440,0.0,0.0
2018-09-05 00:00:00+07:00,92025.33287769179,92025.33287769179,90915.10768211642,91655.2578125,77220,0.0,0.0
2018-09-06 00:00:00+07:00,91285.18500336625,91655.26007770421,90051.60142223968,91614.140625,383260,0.0,0.0
2018-09-07 00:00:00+07:00,90462.79594928186,91655.26007770421,90133.84032764811,91614.140625,65580,0.0,0.0
2018-09-10 00:00:00+07:00,91573.01664798206,91696.375,90503.91093049328,91696.375,262960,0.0,0.0
2018-09-11 00:00:00+07:00,91696.375,91696.375,90545.03038116593,91696.375,95180,0.0,0.0
2018-09-12 00:00:00+07:00,91326.30445607046,91655.26007770421,90586.15430739452,91614.140625,23060,0.0,0.0
2018-09-13 00:00:00+07:00,90873.98518440315,91573.01583966779,90873.98518440315,91285.1796875,14460,0.0,0.0
2018-09-14 00:00:00+07:00,91285.18500336625,92518.76858449282,91285.18500336625,91614.140625,164300,0.0,0.0
2018-09-17 00:00:00+07:00,92518.7767334534,92518.7767334534,91079.59576204412,91326.3125,10820,0.0,0.0
2018-09-18 00:00:00+07:00,92107.56950672646,92107.56950672646,91285.18049327354,91696.375,49360,0.0,0.0
2018-09-19 00:00:00+07:00,91696.38046875,91696.38046875,90462.796875,90462.796875,39540,0.0,0.0
2018-09-20 00:00:00+07:00,90462.7991416553,91285.18822476125,89846.00732932583,90421.6796875,19440,0.0,0.0
2018-09-21 00:00:00+07:00,89846.00429865868,91244.06569277968,89352.5708654395,90051.6015625,151620,0.0,0.0
2018-09-24 00:00:00+07:00,90051.61164487209,90051.61164487209,89434.81978429077,90010.4921875,231840,0.0,0.0
2018-09-25 00:00:00+07:00,90010.48210973173,90051.6015625,89558.16812928082,90051.6015625,77320,0.0,0.0
2018-09-26 00:00:00+07:00,90051.61164487209,90051.61164487209,89229.22249743032,90010.4921875,45120,0.0,0.0
2018-09-27 00:00:00+07:00,90010.482890625,91285.1859375,89722.64671875,90462.796875,269580,0.0,0.0
2018-09-28 00:00:00+07:00,90873.98946629214,91490.78125,90462.79494382023,91490.78125,832180,0.0,0.0
2018-10-01 00:00:00+07:00,91408.54132678892,91408.54132678892,90462.79393564355,91367.421875,220560,0.0,0.0
2018-10-02 00:00:00+07:00,91367.43641666666,92518.78125,90380.56941666667,92518.78125,1106440,0.0,0.0
2018-10-03 00:00:00+07:00,92518.765403467,93341.15442927559,92518.765403467,92806.6015625,34460,0.0,0.0
2018-10-04 00:00:00+07:00,92929.96875,93217.8049363938,92518.77419800885,92929.96875,9880,0.0,0.0
2018-10-05 00:00:00+07:00,91696.37828321013,92888.8423954133,91285.18376176075,91778.6171875,44580,0.0,0.0
2018-10-08 00:00:00+07:00,91161.82540532593,91778.6171875,90421.67526671707,91778.6171875,49900,0.0,0.0
2018-10-09 00:00:00+07:00,91161.82540532593,91778.6171875,90503.91417100694,91778.6171875,55420,0.0,0.0
2018-10-10 00:00:00+07:00,91161.83217643805,92929.96875,91161.83217643805,92929.96875,36900,0.0,0.0
2018-10-11 00:00:00+07:00,92929.95769988738,92929.95769988738,89804.87947635136,91285.1796875,42460,0.0,0.0
2018-10-12 00:00:00+07:00,91285.18398876405,91696.37851123596,90051.60042134832,91490.78125,81980,0.0,0.0
2018-10-15 00:00:00+07:00,90668.38873318386,92477.64456278028,90462.79147982063,91696.375,91920,0.0,0.0
2018-10-16 00:00:00+07:00,90709.50738316441,92189.80759431307,90668.38793285473,91285.1796875,44100,0.0,0.0
2018-10-17 00:00:00+07:00,91285.18049327354,91819.73335201794,90915.10543721974,91696.375,73100,0.0,0.0
2018-10-18 00:00:00+07:00,92066.449243384,92066.449243384,90956.22408502252,91285.1796875,20420,0.0,0.0
2018-10-19 00:00:00+07:00,90462.796875,91573.022109375,89640.4078125,90462.796875,149220,0.0,0.0
2018-10-22 00:00:00+07:00,90462.7906813063,91490.77693904843,89640.40167511262,91285.1796875,63200,0.0,0.0
2018-10-23 00:00:00+07:00,91285.18274730821,92107.57178106775,90462.79371354867,91655.2578125,69200,0.0,0.0
2018-10-24 00:00:00+07:00,91449.65748873874,92148.68814400338,90668.38793285473,91285.1796875,108440,0.0,0.0
2018-10-25 00:00:00+07:00,89270.32662232545,91285.1796875,89229.20717201577,91285.1796875,253360,0.0,0.0
2018-10-26 00:00:00+07:00,91860.85449395343,91860.85449395343,90133.83753390596,90956.2265625,329940,0.0,0.0
2018-10-29 00:00:00+07:00,91285.1796875,91490.77693904843,90956.22408502252,91285.1796875,195100,0.0,0.0
2018-10-30 00:00:00+07:00,91285.18297142214,91655.2580375225,87173.23779252925,91367.421875,181740,0.0,0.0
2018-10-31 00:00:00+07:00,91367.42289325844,91490.78125,88859.13630617977,91490.78125,975960,0.0,0.0
2018-11-01 00:00:00+07:00,91490.77693904843,91490.77693904843,89722.64057573199,91285.1796875,422640,0.0,0.0
2018-11-02 00:00:00+07:00,90462.7906813063,91490.77693904843,89845.99892666104,91285.1796875,762700,0.0,0.0
2018-11-05 00:00:00+07:00,90051.59697309417,91696.375,89681.52191704036,91696.375,84740,0.0,0.0
2018-11-06 00:00:00+07:00,91696.38382361173,91901.98109675884,90133.84454769369,91819.7421875,53720,0.0,0.0
2018-11-07 00:00:00+07:00,91819.75045833332,92518.78125,90503.92779166666,92518.78125,122140,0.0,0.0
2018-11-08 00:00:00+07:00,92518.76867529881,93258.91882470119,91901.97688413014,92888.84375,52360,0.0,0.0
2018-11-09 00:00:00+07:00,92929.96320274458,92929.96320274458,91737.49907315183,92888.84375,265940,0.0,0.0
2018-11-12 00:00:00+07:00,92888.83930726931,97041.9038358369,92107.56974248927,95808.3203125,196960,0.0,0.0
2018-11-13 00:00:00+07:00,95520.48930384575,99509.07624421296,95397.13094486532,97699.8203125,528080,0.0,0.0
2018-11-14 00:00:00+07:00,97864.29308127573,101359.446405607,97699.81527777777,99920.265625,254480,0.0,0.0
2018-11-15 00:00:00+07:00,99714.66996173469,102346.31485969387,98686.6836734694,100742.65625,563980,0.0,0.0
2018-11-16 00:00:00+07:00,100742.65625,101523.92582908164,99509.07270408163,100742.65625,185100,0.0,0.0
2018-11-19 00:00:00+07:00,100742.66834266802,102181.84931899185,99509.08464867617,100948.265625,146580,0.0,0.0
2018-11-20 00:00:00+07:00,99838.03101899383,100331.46445071867,98727.80579761293,100125.8671875,56540,0.0,0.0
2018-11-21 00:00:00+07:00,99509.078125,99509.078125,97864.29997417355,99509.078125,183200,0.0,0.0
2018-11-22 00:00:00+07:00,99509.078125,99920.27266270661,98275.49451188017,99509.078125,25600,0.0,0.0
2018-11-23 00:00:00+07:00,99097.88709886129,99920.27620341616,98069.9007181677,99303.484375,28260,0.0,0.0
2018-11-26 00:00:00+07:00,98686.68364132718,98686.68364132718,97864.29461098279,97905.4140625,242760,0.0,0.0
2018-11-27 00:00:00+07:00,97083.03035253099,99920.27266270661,97083.03035253099,99509.078125,263940,0.0,0.0
2018-11-28 00:00:00+07:00,99509.0765625,102798.6328125,98810.045859375,102798.6328125,127360,0.0,0.0
2018-11-29 00:00:00+07:00,103621.021875,105265.8,102593.035546875,102798.6328125,289420,0.0,0.0
2018-11-30 00:00:00+07:00,102593.035546875,103209.82734375,101359.451953125,102798.6328125,170160,0.0,0.0
2018-12-03 00:00:00+07:00,104854.6141994522,104854.6141994522,101976.25224103587,103209.8359375,38620,0.0,0.0
2018-12-04 00:00:00+07:00,102387.4367124496,103621.0202872984,101976.2421875,101976.2421875,124640,0.0,0.0
2018-12-05 00:00:00+07:00,102716.40225305498,102716.40225305498,100948.265625,100948.265625,48840,0.0,0.0
2018-12-06 00:00:00+07:00,100824.89673582996,101852.88304023279,99509.07426619432,101565.046875,101920,0.0,0.0
2018-12-07 00:00:00+07:00,101153.85336635665,103168.70654316619,100372.5837671856,101688.40625,261920,0.0,0.0
2018-12-10 00:00:00+07:00,99920.26956275202,102346.31725995464,99920.26956275202,101976.2421875,89140,0.0,0.0
2018-12-11 00:00:00+07:00,101318.3347826087,104032.21875,101318.3347826087,104032.21875,128920,0.0,0.0
2018-12-12 00:00:00+07:00,102634.15731225297,104854.60783102766,102634.15731225297,104032.21875,99400,0.0,0.0
2018-12-13 00:00:00+07:00,104155.57017823242,104443.40633743006,102880.8671875,102880.8671875,61740,0.0,0.0
2018-12-14 00:00:00+07:00,102921.99773175419,103949.98412539937,102428.56426280452,102963.1171875,182740,0.0,0.0
2018-12-17 00:00:00+07:00,101976.25024960063,102963.1171875,101935.13079385483,102963.1171875,118920,0.0,0.0
2018-12-18 00:00:00+07:00,102963.1171875,102963.1171875,101153.86113468451,102963.1171875,90340,0.0,0.0
2018-12-19 00:00:00+07:00,102798.6328125,102963.110625,100989.376875,102798.6328125,324540,0.0,0.0
2018-12-20 00:00:00+07:00,102798.63044028339,102798.63044028339,101359.44961411942,101565.046875,179280,0.0,0.0
2018-12-21 00:00:00+07:00,100742.65783147773,101565.046875,100043.6271444838,101565.046875,135480,0.0,0.0
2018-12-24 00:00:00+07:00,98686.695018226,102346.32662515188,98686.695018226,101523.9375,151000,0.0,0.0
2018-12-25 00:00:00+07:00,99591.32305589307,101523.9375,99591.32305589307,101523.9375,81620,0.0,0.0
2018-12-26 00:00:00+07:00,99879.15087851405,102387.4375,99879.15087851405,102387.4375,46720,0.0,0.0
2018-12-27 00:00:00+07:00,102757.51086834629,103168.70538962819,101565.04675662878,103127.5859375,135700,0.0,0.0
2018-12-28 00:00:00+07:00,103127.59759345795,109994.546875,101359.4609521028,109994.546875,92840,0.0,0.0
2019-01-02 00:00:00+07:00,109994.54114122789,109994.54114122789,102305.203125,102305.203125,93980,0.0,0.0
2019-01-03 00:00:00+07:00,102305.20768839103,104854.61398930753,95890.5724796334,100948.265625,197600,0.0,0.0
2019-01-04 00:00:00+07:00,101153.85247481498,101153.85247481498,96671.83218223171,100002.5078125,17080,0.0,0.0
2019-01-07 00:00:00+07:00,100002.50532786886,101976.23898565574,99097.8774013832,100331.4609375,134540,0.0,0.0
2019-01-08 00:00:00+07:00,100002.50532786886,100331.4609375,98316.60782850922,100331.4609375,83200,0.0,0.0
2019-01-09 00:00:00+07:00,100331.4609375,101976.23898565574,98275.48837730533,100331.4609375,50300,0.0,0.0
2019-01-10 00:00:00+07:00,98933.41205078126,100249.23465494793,98398.85911783855,98686.6953125,167120,0.0,0.0
2019-01-11 00:00:00+07:00,98686.6953125,98892.29259440105,97083.03651367188,98686.6953125,137640,0.0,0.0
2019-01-14 00:00:00+07:00,99714.68172200522,99714.68172200522,97823.18672851563,98686.6953125,90580,0.0,0.0
2019-01-15 00:00:00+07:00,97864.30743948247,98645.57712072204,97864.30743948247,98522.21875,93000,0.0,0.0
2019-01-16 00:00:00+07:00,97987.66380753138,99097.88912133891,97864.30543933055,98275.5,60600,0.0,0.0
2019-01-17 00:00:00+07:00,97864.29804104478,99015.6427238806,96425.1171875,96425.1171875,82800,0.0,0.0
2019-01-18 00:00:00+07:00,96425.1171875,97617.58132329425,96383.99773454158,96425.1171875,74680,0.0,0.0
2019-01-21 00:00:00+07:00,97535.3424173774,97535.3424173774,96425.1171875,96425.1171875,109540,0.0,0.0
2019-01-22 00:00:00+07:00,96630.71468669803,96630.71468669803,95602.7283602438,96137.28125,29140,0.0,0.0
2019-01-23 00:00:00+07:00,96137.28125,96425.11742140718,95438.25054801111,96137.28125,33000,0.0,0.0
2019-01-24 00:00:00+07:00,96548.47042650214,96630.70932805793,95397.12580472103,95808.3203125,71840,0.0,0.0
2019-01-25 00:00:00+07:00,95397.12580472103,96178.39536950107,95027.05074771996,95808.3203125,53700,0.0,0.0
2019-01-28 00:00:00+07:00,95808.3203125,96548.47042650214,94985.93129694206,95808.3203125,48740,0.0,0.0
2019-01-29 00:00:00+07:00,96425.11207416844,96425.11207416844,95027.05074771996,95808.3203125,37240,0.0,0.0
2019-01-30 00:00:00+07:00,95808.3203125,96548.47042650214,95273.76745238733,95808.3203125,172020,0.0,0.0
2019-01-31 00:00:00+07:00,95808.3203125,96013.91756638949,95438.24525549891,95808.3203125,102520,0.0,0.0
2019-02-01 00:00:00+07:00,95808.3203125,96548.47042650214,94985.93129694206,95808.3203125,1300960,0.0,0.0
2019-02-11 00:00:00+07:00,96219.52368195455,96301.76259108444,95150.41786326618,95931.6875,85620,0.0,0.0
2019-02-12 00:00:00+07:00,98275.49595248107,98275.49595248107,96013.9259619428,97782.0625,22400,0.0,0.0
2019-02-13 00:00:00+07:00,97782.06197056333,97823.18142471412,96712.95616264295,97083.03125,356000,0.0,0.0
2019-02-14 00:00:00+07:00,97864.296875,97864.296875,97041.90782563025,97864.296875,246540,0.0,0.0
2019-02-15 00:00:00+07:00,98481.08740889786,98604.44576473364,97494.22056221162,98028.7734375,96440,0.0,0.0
2019-02-18 00:00:00+07:00,98234.38129231772,98686.6953125,98234.38129231772,98686.6953125,38000,0.0,0.0
2019-02-19 00:00:00+07:00,98275.50149118257,99591.32410529046,97864.30692427386,99097.890625,101100,0.0,0.0
2019-02-20 00:00:00+07:00,98275.48837730533,100331.4609375,98275.48837730533,100331.4609375,118840,0.0,0.0
2019-02-21 00:00:00+07:00,100331.46408770162,101976.2421875,100331.46408770162,101976.2421875,49100,0.0,0.0
2019-02-22 00:00:00+07:00,101976.24139676112,102264.07756199392,101565.046875,101565.046875,28080,0.0,0.0
2019-02-25 00:00:00+07:00,101565.05217791566,101894.0078125,101153.85763468524,101894.0078125,62280,0.0,0.0
2019-02-26 00:00:00+07:00,101153.85235323886,101976.24139676112,101153.85235323886,101565.046875,242720,0.0,0.0
2019-02-27 00:00:00+07:00,101976.25353535353,101976.25353535353,101153.8643939394,101770.65625,15540,0.0,0.0
2019-02-28 00:00:00+07:00,100866.02650065105,101770.65454101562,98686.6953125,98686.6953125,63860,0.0,0.0
2019-03-01 00:00:00+07:00,97165.26926007231,101153.85627582645,97165.26926007231,99509.078125,276580,0.0,0.0
2019-03-04 00:00:00+07:00,98686.68904958678,100948.25900697314,98275.49451188017,99509.078125,128180,0.0,0.0
2019-03-05 00:00:00+07:00,100537.06171393736,100660.42007186858,98727.80579761293,100125.8671875,20440,0.0,0.0
2019-03-06 00:00:00+07:00,98851.16292537926,100742.65772345224,98686.68511685118,100290.34375,597820,0.0,0.0
2019-03-07 00:00:00+07:00,99509.0829142472,99879.1580159944,98892.29107800187,99139.0078125,50680,0.0,0.0
2019-03-08 00:00:00+07:00,99879.14776785714,100742.65625,99097.8781887755,100742.65625,179060,0.0,0.0
2019-03-11 00:00:00+07:00,100742.65625,101277.20911989796,99344.59489795918,100742.65625,192680,0.0,0.0
2019-03-12 00:00:00+07:00,100742.66167534722,103867.74015997023,100619.3033141121,103621.0234375,85240,0.0,0.0
2019-03-13 00:00:00+07:00,102510.79282169118,106088.18511029413,96589.59179227942,104854.6015625,108280,0.0,0.0
2019-03-14 00:00:00+07:00,104032.21875,105882.59418231224,103621.02420948616,104032.21875,92240,0.0,0.0
2019-03-15 00:00:00+07:00,104854.60531176122,104854.60531176122,101894.00469119384,104361.171875,201100,0.0,0.0
2019-03-18 00:00:00+07:00,102839.74596784476,104361.16564029988,100783.7734375,100783.7734375,151060,0.0,0.0
2019-03-19 00:00:00+07:00,100783.77806514618,102593.0339749244,100783.77806514618,101976.2421875,225200,0.0,0.0
2019-03-20 00:00:00+07:00,100742.64826528056,102798.62067885771,100742.64826528056,102593.0234375,155640,0.0,0.0
2019-03-21 00:00:00+07:00,103168.71370664595,103209.83316208901,100989.3825681636,102551.921875,35340,0.0,0.0
2019-03-22 00:00:00+07:00,100742.66854457172,103209.8359375,100742.66854457172,103209.8359375,101620,0.0,0.0
2019-03-25 00:00:00+07:00,102798.63658058681,102798.63658058681,100742.66384897508,102305.203125,131280,0.0,0.0
2019-03-26 00:00:00+07:00,102305.1968949362,103168.70538962819,101647.28566088517,103127.5859375,83180,0.0,0.0
2019-03-27 00:00:00+07:00,103127.5859375,103209.82484175637,101688.40511301336,103127.5859375,82040,0.0,0.0
2019-03-28 00:00:00+07:00,103127.5884375,103127.5884375,101811.7659375,102798.6328125,188920,0.0,0.0
2019-03-29 00:00:00+07:00,103579.90139730176,103579.90139730176,101565.04821410692,102675.2734375,245180,0.0,0.0
2019-04-01 00:00:00+07:00,102963.10960652783,102963.10960652783,101770.64547769823,102675.2734375,104100,0.0,0.0
2019-04-02 00:00:00+07:00,103250.95158155488,103250.95158155488,101153.859375,101153.859375,135780,0.0,0.0
2019-04-03 00:00:00+07:00,102222.9682563791,102222.9682563791,100907.14565613608,101523.9375,2400,0.0,0.0
2019-04-04 00:00:00+07:00,101523.93424427042,103127.59298688952,101194.97860475881,102716.3984375,77480,0.0,0.0
2019-04-05 00:00:00+07:00,101606.16711504536,103086.46740486391,101606.16711504536,101976.2421875,330080,0.0,0.0
2019-04-08 00:00:00+07:00,102757.51915221532,102757.51915221532,101976.24949879711,102551.921875,276060,0.0,0.0
2019-04-09 00:00:00+07:00,101400.56519660343,102551.9098135965,100783.7734375,100783.7734375,1257540,0.0,0.0
2019-04-10 00:00:00+07:00,102387.43591852226,102387.43591852226,98727.80467484817,101565.046875,213260,0.0,0.0
2019-04-11 00:00:00+07:00,101565.05896464647,102716.40376262626,99180.13045454546,101770.65625,307880,0.0,0.0
2019-04-12 00:00:00+07:00,101770.64505912163,102181.83958461303,100413.703125,100413.703125,255780,0.0,0.0
2019-04-16 00:00:00+07:00,100413.7046862307,101565.04937550772,99180.12109057677,101236.09375,438700,0.0,0.0
2019-04-17 00:00:00+07:00,100372.58724169368,101770.64867807942,100372.58724169368,101482.8125,422020,0.0,0.0
2019-04-18 00:00:00+07:00,101441.69169372295,101565.05005411255,94985.9375,94985.9375,277320,0.0,0.0
2019-04-19 00:00:00+07:00,99920.27543529106,99920.27543529106,97494.22759550416,98892.2890625,16340,0.0,0.0
2019-04-22 00:00:00+07:00,98892.27935313786,99920.265625,97247.50131815844,99920.265625,106000,0.0,0.0
2019-04-23 00:00:00+07:00,98686.69178794179,99509.08088617463,98069.89996426716,98892.2890625,46820,0.0,0.0
2019-04-24 00:00:00+07:00,99097.88987630208,99509.08444010417,98357.73966145834,98686.6953125,199520,0.0,0.0
2019-04-25 00:00:00+07:00,98727.8140167364,98727.8140167364,97247.51359832636,98275.5,131100,0.0,0.0
2019-04-26 00:00:00+07:00,97453.10638325669,99509.0790917642,96671.83675402383,98357.734375,154540,0.0,0.0
2019-05-02 00:00:00+07:00,98357.7339454247,100331.46773697168,98357.7339454247,100208.109375,770400,0.0,0.0
2019-05-03 00:00:00+07:00,100208.109375,100249.22882899056,98563.33121537752,100208.109375,205880,0.0,0.0
2019-05-06 00:00:00+07:00,100125.87270984927,100125.87270984927,97987.66105444386,98892.2890625,441320,0.0,0.0
2019-05-07 00:00:00+07:00,98357.73465956126,99920.2739225476,98357.73465956126,99344.6015625,408920,0.0,0.0
2019-05-08 00:00:00+07:00,98686.68455821635,99920.26811519406,98686.68455821635,99591.3125,335240,0.0,0.0
2019-05-09 00:00:00+07:00,98481.0947980183,101523.9344702744,98481.0947980183,101153.859375,733260,0.0,0.0
2019-05-10 00:00:00+07:00,101565.04766255041,102551.91452242945,99920.26956275202,101976.2421875,386460,0.0,0.0
2019-05-13 00:00:00+07:00,102593.0339749244,103621.0202872984,101976.2421875,101976.2421875,328200,0.0,0.0
2019-05-14 00:00:00+07:00,101976.24604743083,106499.385993083,100783.78187994071,104032.21875,410440,0.0,0.0
2019-05-15 00:00:00+07:00,103621.02420948616,105923.71363636364,103621.02420948616,104032.21875,216720,0.0,0.0
2019-05-16 00:00:00+07:00,104443.4068877551,104649.00414540817,100742.65625,100742.65625,40640,0.0,0.0
2019-05-17 00:00:00+07:00,104813.48369102627,106088.18670963035,101770.64422726167,105676.9921875,63060,0.0,0.0
2019-05-20 00:00:00+07:00,105676.99682153041,108966.55314282319,103621.02412072243,108144.1640625,1630620,0.0,0.0
2019-05-21 00:00:00+07:00,107527.37201365188,108555.35836177475,107033.93856655291,108432.0,175520,0.0,0.0
2019-05-22 00:00:00+07:00,108390.88054607509,108432.0,107198.41638225257,108432.0,109340,0.0,0.0
2019-05-23 00:00:00+07:00,108431.99639146878,108431.99639146878,106910.57664687859,107362.890625,229560,0.0,0.0
2019-05-24 00:00:00+07:00,106951.70162351646,108514.24090136868,106951.70162351646,107404.015625,74200,0.0,0.0
2019-05-27 00:00:00+07:00,108473.12123231133,108966.5546875,106910.58195754717,108966.5546875,41840,0.0,0.0
2019-05-28 00:00:00+07:00,108966.55078125,108966.55078125,106910.578125,106910.578125,446300,0.0,0.0
2019-05-29 00:00:00+07:00,106910.58694295044,108144.17063844601,106458.27292126873,107033.9453125,218100,0.0,0.0
2019-05-30 00:00:00+07:00,107732.96602229602,109788.9386563093,105265.79886148009,108349.7578125,243360,0.0,0.0
2019-05-31 00:00:00+07:00,108308.63721910113,109788.9375,106951.69529494383,109788.9375,137660,0.0,0.0
2019-06-03 00:00:00+07:00,108349.7666087963,112667.30949074074,105677.00196759259,111022.53125,1376720,0.0,0.0
2019-06-04 00:00:00+07:00,109007.6725103022,112256.109375,109007.6725103022,112256.109375,60320,0.0,0.0
2019-06-05 00:00:00+07:00,111063.64597114506,115134.47194343065,110405.7347028969,112667.3046875,120420,0.0,0.0
2019-06-06 00:00:00+07:00,112667.3046875,113078.4992301551,110200.13743156934,112667.3046875,243800,0.0,0.0
2019-06-07 00:00:00+07:00,112708.43217201067,113695.29914469518,110775.81768383682,113654.1796875,137160,0.0,0.0
2019-06-10 00:00:00+07:00,113654.17441447836,115915.74445528744,113489.69659332861,115874.625,275540,0.0,0.0
2019-06-11 00:00:00+07:00,115134.47350543478,115134.47350543478,113489.6953125,113489.6953125,150360,0.0,0.0
2019-06-12 00:00:00+07:00,113489.6937728102,113489.6937728102,109788.94288891423,112667.3046875,210800,0.0,0.0
2019-06-13 00:00:00+07:00,112667.3046875,112872.90195882754,111433.72105953467,112667.3046875,89160,0.0,0.0
2019-06-14 00:00:00+07:00,109747.8226820055,112667.30391483517,109747.8226820055,112256.109375,364900,0.0,0.0
2019-06-17 00:00:00+07:00,112256.109375,112256.109375,109788.94213598901,112256.109375,283220,0.0,0.0
2019-06-18 00:00:00+07:00,112256.109375,112256.109375,109583.34486607143,112256.109375,173020,0.0,0.0
2019-06-19 00:00:00+07:00,112256.10741833031,113284.09375,111515.95725952814,113284.09375,85260,0.0,0.0
2019-06-20 00:00:00+07:00,110611.33272727273,116573.65363636364,110611.33272727273,113078.5,193260,0.0,0.0
2019-06-21 00:00:00+07:00,115504.53435532823,115504.53435532823,113078.48681991905,114312.0703125,58440,0.0,0.0
2019-06-24 00:00:00+07:00,114312.08046040926,115545.66406250001,114312.08046040926,115545.6640625,162960,0.0,0.0
2019-06-25 00:00:00+07:00,115545.6693577005,115874.625,114312.08569907736,115874.625,239100,0.0,0.0
2019-06-26 00:00:00+07:00,113489.6998005319,117190.45088098403,113489.6998005319,115956.8671875,229460,0.0,0.0
2019-06-27 00:00:00+07:00,115216.70926585478,115956.85943244485,111844.9140625,111844.9140625,168240,0.0,0.0
2019-06-28 00:00:00+07:00,112256.11090909092,115134.47272727273,111063.64672727273,113078.5,45180,0.0,0.0
2019-07-01 00:00:00+07:00,114682.15547128014,114723.27492465815,113530.81077669575,114270.9609375,112340,0.0,0.0
2019-07-02 00:00:00+07:00,114312.08694812864,115052.2371513899,113119.62273176327,113160.7421875,68960,0.0,0.0
2019-07-03 00:00:00+07:00,113160.73967391305,113900.8898607337,113078.50076426631,113489.6953125,134560,0.0,0.0
2019-07-04 00:00:00+07:00,113489.68212365592,114723.265625,113078.48762320788,114723.265625,63060,0.0,0.0
2019-07-05 00:00:00+07:00,114723.28200334821,115134.4765625,113489.69832589285,115134.4765625,42300,0.0,0.0
2019-07-08 00:00:00+07:00,115134.46952846975,115874.6196897242,113942.00537978203,115545.6640625,313000,0.0,0.0
2019-07-09 00:00:00+07:00,114312.08046040926,115545.66406250001,113900.88592637901,115545.6640625,130700,0.0,0.0
2019-07-10 00:00:00+07:00,115545.66713267543,117971.71494791665,115134.4725877193,117190.4453125,820740,0.0,0.0
2019-07-11 00:00:00+07:00,117190.43829217658,118012.82733282342,115997.97418323864,117601.6328125,194420,0.0,0.0
2019-07-12 00:00:00+07:00,117601.64289576125,119657.61567365917,117601.64289576125,118835.2265625,141980,0.0,0.0
2019-07-15 00:00:00+07:00,118917.4680518617,119205.30424700798,115956.8671875,115956.8671875,185100,0.0,0.0
2019-07-16 00:00:00+07:00,117190.4453125,117190.4453125,115956.86167763158,117190.4453125,198500,0.0,0.0
2019-07-17 00:00:00+07:00,117190.43829217658,118012.82733282342,116162.45199136801,117601.6328125,86160,0.0,0.0
2019-07-18 00:00:00+07:00,116779.2421875,117601.63121698944,115545.65864326584,116779.2421875,91340,0.0,0.0
2019-07-19 00:00:00+07:00,117190.45273592566,117190.45273592566,113942.015625,113942.015625,40240,0.0,0.0
2019-07-22 00:00:00+07:00,113942.0055465368,115545.66423160174,113695.28882575758,113983.125,147340,0.0,0.0
2019-07-23 00:00:00+07:00,113983.1305445366,115134.47529751172,113983.1305445366,114024.25,13800,0.0,0.0
2019-07-24 00:00:00+07:00,114024.23766047298,115545.65734797297,113489.6847972973,114106.4765625,171400,0.0,0.0
2019-07-25 00:00:00+07:00,114106.4847200751,116368.0546875,114106.4847200751,116368.0546875,130760,0.0,0.0
2019-07-26 00:00:00+07:00,116984.8456548046,116984.8456548046,113983.12553782719,114682.15625,76840,0.0,0.0
2019-07-29 00:00:00+07:00,114682.14536027427,115956.8483026079,114312.0703125,114312.0703125,60040,0.0,0.0
2019-07-30 00:00:00+07:00,115915.73914312723,115915.73914312723,114517.67772742438,115545.6640625,54400,0.0,0.0
2019-07-31 00:00:00+07:00,115134.46012544804,115956.8491263441,114723.265625,114723.265625,93960,0.0,0.0
2019-08-01 00:00:00+07:00,115710.15397979574,115751.2734375,113818.65892539965,115751.2734375,33200,0.0,0.0
2019-08-02 00:00:00+07:00,114394.32635602678,115545.67112165179,114312.08744419643,115134.4765625,155400,0.0,0.0
2019-08-05 00:00:00+07:00,114024.22356798715,115915.71808083511,114024.22356798715,115216.6875,66960,0.0,0.0
2019-08-06 00:00:00+07:00,113777.52153194394,115833.49409305606,113777.52153194394,114805.5078125,117120,0.0,0.0
2019-08-07 00:00:00+07:00,113818.65397321428,115134.4765625,112667.30920758928,115134.4765625,278220,0.0,0.0
2019-08-08 00:00:00+07:00,115134.4765625,115134.4765625,112708.42866350447,115134.4765625,123660,0.0,0.0
2019-08-09 00:00:00+07:00,113777.53048206837,115956.86156828073,113160.73866521582,113366.3359375,55580,0.0,0.0
2019-08-12 00:00:00+07:00,114928.88135192693,114928.88135192693,112831.7890625,112831.7890625,117820,0.0,0.0
2019-08-13 00:00:00+07:00,115134.46638086643,115545.66090365524,112914.01595780687,113900.8828125,71320,0.0,0.0
2019-08-14 00:00:00+07:00,113983.12171705777,114641.03295351987,113489.6882897112,113900.8828125,58000,0.0,0.0
2019-08-15 00:00:00+07:00,113900.88895285087,117190.4453125,113284.09713541665,117190.4453125,30960,0.0,0.0
2019-08-16 00:00:00+07:00,115545.66805366849,115545.66805366849,113489.6953125,113489.6953125,249560,0.0,0.0
2019-08-19 00:00:00+07:00,114805.51430831826,114805.51430831826,113284.09452701175,113695.2890625,11100,0.0,0.0
2019-08-20 00:00:00+07:00,114312.08086573237,114517.67813347648,113119.61671281645,113695.2890625,43360,0.0,0.0
2019-08-21 00:00:00+07:00,114312.08039087802,114312.08039087802,112872.89952264754,114270.9609375,156620,0.0,0.0
2019-08-22 00:00:00+07:00,114312.08440896739,114887.75677649457,113489.6953125,113489.6953125,158500,0.0,0.0
2019-08-23 00:00:00+07:00,113695.29384751452,114517.68295310232,113325.21875,113325.21875,71960,0.0,0.0
2019-08-26 00:00:00+07:00,113489.69172915143,113489.69172915143,112297.22757692484,112420.5859375,161040,0.0,0.0
2019-08-27 00:00:00+07:00,112420.59045839505,112667.30718946687,111063.6484375,111063.6484375,238260,0.0,0.0
2019-08-28 00:00:00+07:00,110981.40553481158,113366.33384937959,110981.40553481158,111844.9140625,6860,0.0,0.0
2019-08-29 00:00:00+07:00,112050.51210508242,112872.90118475276,112050.51210508242,112256.109375,72880,0.0,0.0
2019-08-30 00:00:00+07:00,113407.45408653846,113407.45408653846,111844.91483516483,112256.109375,105180,0.0,0.0
2019-09-03 00:00:00+07:00,112256.09951473019,112256.09951473019,111474.82995766796,112009.3828125,9460,0.0,0.0
2019-09-04 00:00:00+07:00,112009.38910104365,112872.89760732923,108349.7578125,108349.7578125,131760,0.0,0.0
2019-09-05 00:00:00+07:00,108349.75588874529,110200.13122650376,108349.75588874529,109377.7421875,232720,0.0,0.0
2019-09-06 00:00:00+07:00,108802.06986019737,109788.93670700188,108802.06986019737,109377.7421875,146300,0.0,0.0
2019-09-09 00:00:00+07:00,110159.01177455357,110159.01177455357,109254.38383164944,109377.7421875,33140,0.0,0.0
2019-09-10 00:00:00+07:00,109788.94222314638,109788.94222314638,107732.9695223384,108144.1640625,154820,0.0,0.0
2019-09-11 00:00:00+07:00,108144.16758928572,109336.63179464286,107732.97303571428,107938.5703125,65180,0.0,0.0
2019-09-12 00:00:00+07:00,108061.92689988515,108061.92689988515,107321.77671563935,107404.015625,16480,0.0,0.0
2019-09-13 00:00:00+07:00,107404.01465435607,108555.359375,107116.17847419508,108555.359375,184320,0.0,0.0
2019-09-16 00:00:00+07:00,107116.17847419508,109706.70409564395,107116.17847419508,108555.359375,47980,0.0,0.0
2019-09-17 00:00:00+07:00,109377.74445280181,109377.74445280181,107404.01071831516,109336.625,5240,0.0,0.0
2019-09-18 00:00:00+07:00,109336.63079238127,109706.70588720318,108802.07787763853,109089.9140625,156540,0.0,0.0
2019-09-19 00:00:00+07:00,108966.54461170312,109089.90296409374,107732.96108779706,109007.6640625,47420,0.0,0.0
2019-09-20 00:00:00+07:00,109089.90681179776,110159.01257022472,108966.54845505618,109788.9375,89920,0.0,0.0
2019-09-23 00:00:00+07:00,110487.9686499906,110487.9686499906,107774.0847903332,109213.265625,11220,0.0,0.0
2019-09-24 00:00:00+07:00,108966.55314282319,110611.33130346957,108144.1640625,108144.1640625,173220,0.0,0.0
2019-09-25 00:00:00+07:00,109871.1811311787,112256.10946411597,108144.1640625,108144.1640625,180860,0.0,0.0
2019-09-26 00:00:00+07:00,108144.16054909867,112132.74745908444,108144.16054909867,108349.7578125,25400,0.0,0.0
2019-09-27 00:00:00+07:00,110200.13555347091,110200.13555347091,108349.76014305816,109583.34375,189660,0.0,0.0
2019-09-30 00:00:00+07:00,109788.9442751802,109788.9442751802,108349.76335771529,108390.8828125,60260,0.0,0.0
2019-10-01 00:00:00+07:00,108390.88000954199,108966.55236164121,107732.96875,107732.96875,99540,0.0,0.0
2019-10-02 00:00:00+07:00,108966.54914000566,108966.54914000566,107732.96556483579,108925.4296875,149080,0.0,0.0
2019-10-03 00:00:00+07:00,108925.43290791984,109172.14963024808,107732.96875,107732.96875,54600,0.0,0.0
2019-10-04 00:00:00+07:00,107774.08505329458,108719.83246124031,100208.10578972868,106088.1875,35240,0.0,0.0
2019-10-07 00:00:00+07:00,106088.1890625,107732.9671875,105306.919453125,106910.578125,156720,0.0,0.0
2019-10-08 00:00:00+07:00,107650.7310505319,107732.96995889748,106293.7890625,106293.7890625,149640,0.0,0.0
2019-10-09 00:00:00+07:00,105718.11894095183,106663.86640716804,104854.61038484136,104977.96875,11520,0.0,0.0
2019-10-10 00:00:00+07:00,104977.96875,105964.8356712691,104977.96875,104977.96875,231040,0.0,0.0
2019-10-11 00:00:00+07:00,104854.60291763679,106088.18648137369,104854.60291763679,105964.828125,27520,0.0,0.0
2019-10-14 00:00:00+07:00,104484.53307845745,106499.38633341392,104484.53307845745,106293.7890625,96360,0.0,0.0
2019-10-15 00:00:00+07:00,106088.19126022195,106211.54962215245,105183.5632727317,105594.7578125,157860,0.0,0.0
2019-10-16 00:00:00+07:00,105224.68523254394,106499.38833618164,105224.68523254394,105265.8046875,23900,0.0,0.0
2019-10-17 00:00:00+07:00,106088.19145256917,106499.385993083,104032.21875,104032.21875,56980,0.0,0.0
2019-10-18 00:00:00+07:00,105060.20202176715,105676.99381445855,103662.140625,103662.140625,61220,0.0,0.0
2019-10-21 00:00:00+07:00,104032.21237244898,104854.60140306123,100742.65625,100742.65625,27400,0.0,0.0
2019-10-22 00:00:00+07:00,99097.87821928345,103579.8984375,99097.87821928345,103579.8984375,142960,0.0,0.0
2019-10-23 00:00:00+07:00,103415.4261687748,104402.29305865575,103004.2316313244,103621.0234375,60120,0.0,0.0
2019-10-24 00:00:00+07:00,103991.09929594862,104320.05492835968,103250.9491230237,104032.21875,102180,0.0,0.0
2019-10-25 00:00:00+07:00,104443.4155883789,105841.47705688476,104443.4155883789,105265.8046875,288020,0.0,0.0
2019-10-28 00:00:00+07:00,106910.58009708737,106910.58009708737,105471.39921116504,105882.59375,142220,0.0,0.0
2019-10-29 00:00:00+07:00,105923.71125,107938.564453125,105882.591796875,106910.578125,512180,0.0,0.0
2019-10-30 00:00:00+07:00,107732.97581417624,107732.97581417624,106129.3170138889,107321.78125,201540,0.0,0.0
2019-10-31 00:00:00+07:00,107321.76913387717,107856.32200695778,107116.171875,107116.171875,471140,0.0,0.0
2019-11-01 00:00:00+07:00,106910.578125,107691.847734375,106910.578125,106910.578125,41960,0.0,0.0
2019-11-04 00:00:00+07:00,107691.847734375,107691.847734375,106910.578125,106910.578125,439860,0.0,0.0
2019-11-05 00:00:00+07:00,107321.77265625,107404.0115625,106828.33921875,106910.578125,254380,0.0,0.0
2019-11-06 00:00:00+07:00,107650.72828125,107691.847734375,106540.503046875,106910.578125,121240,0.0,0.0
2019-11-07 00:00:00+07:00,106910.578125,107815.20609374999,106499.38359375,106910.578125,516320,0.0,0.0
2019-11-08 00:00:00+07:00,107732.9671875,107732.9671875,106910.578125,106910.578125,140180,0.0,0.0
2019-11-11 00:00:00+07:00,106910.57979713837,107732.96887250098,104525.65147858682,104895.7265625,172780,0.0,0.0
2019-11-12 00:00:00+07:00,105265.79607843138,106088.18511029413,104854.6015625,104854.6015625,32320,0.0,0.0
2019-11-13 00:00:00+07:00,105676.99612475198,105676.99612475198,103004.2316313244,103621.0234375,251020,0.0,0.0
2019-11-14 00:00:00+07:00,103621.0234375,104813.48759610615,103004.2316313244,103621.0234375,102380,0.0,0.0
2019-11-15 00:00:00+07:00,103621.0234375,104443.41251240078,96383.99957837301,103621.0234375,10701080,0.0,0.0
2019-11-18 00:00:00+07:00,104073.33820405138,104854.60783102766,104032.21875,104032.21875,23820,0.0,0.0
2019-11-19 00:00:00+07:00,103250.95539404881,104854.6141994522,103209.8359375,103209.8359375,62060,0.0,0.0
2019-11-20 00:00:00+07:00,103209.83315570443,103209.83315570443,101194.97983911897,101277.21875,187160,0.0,0.0
2019-11-21 00:00:00+07:00,101565.05802645229,103004.23901063278,99097.890625,99097.890625,301080,0.0,0.0
2019-11-22 00:00:00+07:00,100742.66422872341,101153.85877659575,96219.52420212766,96630.71875,109540,0.0,0.0
2019-11-25 00:00:00+07:00,98645.56241617489,98645.56241617489,95479.36470627681,95808.3203125,186040,0.0,0.0
2019-11-26 00:00:00+07:00,98686.6956521739,98686.6956521739,94574.75,94574.75,184960,0.0,0.0
2019-11-27 00:00:00+07:00,94574.73867950108,96219.51674349241,94574.73867950108,94780.3359375,106560,0.0,0.0
2019-11-28 00:00:00+07:00,94780.3472826087,96013.93097826086,94574.75,94574.75,324120,0.0,0.0
2019-11-29 00:00:00+07:00,94574.7469579646,95808.33061393806,92929.96875,92929.96875,544400,0.0,0.0
2019-12-02 00:00:00+07:00,92929.96329148472,94574.74140283844,92929.96329148472,94163.546875,97300,0.0,0.0
2019-12-03 00:00:00+07:00,94574.73912865561,94780.33638763094,93752.35009275426,94204.6640625,293320,0.0,0.0
2019-12-04 00:00:00+07:00,93793.47234639141,95356.01156128089,93793.47234639141,94862.578125,622440,0.0,0.0
2019-12-05 00:00:00+07:00,95191.53226784944,95520.4878869176,94985.93500593184,95314.890625,242000,0.0,0.0
2019-12-06 00:00:00+07:00,95314.88690316523,97041.9038358369,95191.52855083154,95808.3203125,242460,0.0,0.0
2019-12-09 00:00:00+07:00,96589.59679150763,97658.70258826336,96260.64116173664,96959.671875,317220,0.0,0.0
2019-12-10 00:00:00+07:00,96959.67054777991,97000.79000093843,95849.4453125,95849.4453125,218660,0.0,0.0
2019-12-11 00:00:00+07:00,96630.71492251179,96959.67054777991,95808.32585934148,95849.4453125,170860,0.0,0.0
2019-12-12 00:00:00+07:00,96877.43724539022,97206.39288968696,95890.5703125,95890.5703125,71660,0.0,0.0
2019-12-13 00:00:00+07:00,97000.7956120015,97000.7956120015,95890.5703125,95890.5703125,117280,0.0,0.0
2019-12-16 00:00:00+07:00,95890.55921405579,96630.70932805793,95808.3203125,95808.3203125,53260,0.0,0.0
2019-12-17 00:00:00+07:00,95931.67866483369,96712.94822961373,95808.3203125,95808.3203125,329060,0.0,0.0
2019-12-18 00:00:00+07:00,95972.79811561159,96301.75372183476,95602.72305861051,95808.3203125,171340,0.0,0.0
2019-12-19 00:00:00+07:00,96055.03701716737,96630.70932805793,95808.3203125,95808.3203125,66880,0.0,0.0
2019-12-20 00:00:00+07:00,96178.40171801581,96507.3573459526,95849.44609007903,96260.640625,241380,0.0,0.0
2019-12-23 00:00:00+07:00,96630.71218297102,96877.42889492754,96383.9954710145,96466.234375,142460,0.0,0.0
2019-12-24 00:00:00+07:00,96507.35097572424,96671.82877883583,95808.3203125,95808.3203125,90800,0.0,0.0
2019-12-25 00:00:00+07:00,95808.3316532258,96507.36239919355,95602.734375,95602.734375,188520,0.0,0.0
2019-12-26 00:00:00+07:00,95397.12457155099,96013.91632524636,94985.93006908741,95972.796875,129220,0.0,0.0
2019-12-27 00:00:00+07:00,95972.80003389371,95972.80003389371,94780.3359375,94780.3359375,72680,0.0,0.0
2019-12-30 00:00:00+07:00,95602.73641304347,95602.73641304347,92724.37445652173,94574.75,81520,0.0,0.0
2019-12-31 00:00:00+07:00,94574.74061129386,94574.74061129386,92107.57346491228,93752.3515625,165800,0.0,0.0
2020-01-02 00:00:00+07:00,93752.35630580358,93752.35630580358,92107.578125,92107.578125,147200,0.0,0.0
2020-01-03 00:00:00+07:00,92107.58014247552,93341.16380509795,92107.58014247552,92354.296875,35180,0.0,0.0
2020-01-06 00:00:00+07:00,91696.37252848526,92313.1642719504,91490.77528066354,92025.328125,667700,0.0,0.0
2020-01-07 00:00:00+07:00,91531.90576171875,92477.65321568081,91531.90576171875,92107.578125,407160,0.0,0.0
2020-01-08 00:00:00+07:00,92313.17006538418,92313.17006538418,91531.90047463037,91778.6171875,61220,0.0,0.0
2020-01-09 00:00:00+07:00,91285.18364537445,93711.2313188326,90873.98912444933,93341.15625,308060,0.0,0.0
2020-01-10 00:00:00+07:00,93341.16504951821,96425.12424718951,93341.16504951821,96013.9296875,347540,0.0,0.0
2020-01-13 00:00:00+07:00,96013.93622742091,96754.08648527683,96013.93622742091,96178.4140625,45180,0.0,0.0
2020-01-14 00:00:00+07:00,95397.12580472103,96178.39536950107,95397.12580472103,95808.3203125,18680,0.0,0.0
2020-01-15 00:00:00+07:00,95808.32111378205,96425.11288060897,95808.32111378205,96219.515625,125080,0.0,0.0
2020-01-16 00:00:00+07:00,95808.32913630518,96589.598773039,95808.32913630518,95931.6875,118540,0.0,0.0
2020-01-17 00:00:00+07:00,95931.68375199893,96425.1171875,95808.32539312367,96425.1171875,25160,0.0,0.0
2020-01-20 00:00:00+07:00,95808.33040916314,97041.9140625,95808.33040916314,97041.9140625,74340,0.0,0.0
2020-01-21 00:00:00+07:00,97041.9038358369,97041.9038358369,95808.3203125,95808.3203125,369080,0.0,0.0
2020-01-22 00:00:00+07:00,95808.3316532258,97041.91532258065,95027.06199596774,95602.734375,80620,0.0,0.0
2020-01-30 00:00:00+07:00,95150.42116542431,95150.42116542431,89640.4140625,89640.4140625,116280,0.0,0.0
2020-01-31 00:00:00+07:00,87173.234375,92765.4795990566,83883.67836084905,87173.234375,189460,0.0,0.0
2020-02-03 00:00:00+07:00,81087.56296373863,87173.24213140259,81087.56296373863,85898.5390625,367760,0.0,0.0
2020-02-04 00:00:00+07:00,85898.54802955665,85898.54802955665,82238.91625615764,83472.5,334280,0.0,0.0
2020-02-05 00:00:00+07:00,83472.49311372422,83472.49311372422,79771.7421875,79771.7421875,2839740,0.0,0.0
2020-02-06 00:00:00+07:00,79771.74703947369,81827.7199013158,77839.1325493421,78126.96875,708400,0.0,0.0
2020-02-07 00:00:00+07:00,78949.34615384616,81827.7077323718,78538.1516426282,80182.9296875,495900,0.0,0.0
2020-02-10 00:00:00+07:00,81827.7077323718,81827.7077323718,80182.9296875,80182.9296875,357140,0.0,0.0
2020-02-11 00:00:00+07:00,80182.93673485825,80182.93673485825,79771.7421875,79771.7421875,94600,0.0,0.0
2020-02-12 00:00:00+07:00,80553.00947316753,80553.00947316753,78538.15625,78538.15625,675540,0.0,0.0
2020-02-13 00:00:00+07:00,78867.11187827225,78867.11187827225,77304.57264397906,78538.15625,293540,0.0,0.0
2020-02-14 00:00:00+07:00,79319.42174328241,79360.54119467862,77756.88259022655,78044.71875,721200,0.0,0.0
2020-02-17 00:00:00+07:00,78044.71884240591,78126.9577452957,76482.1796875,76482.1796875,410380,0.0,0.0
2020-02-18 00:00:00+07:00,75043.0003511236,75248.59761235955,73192.625,73192.625,751000,0.0,0.0
2020-02-19 00:00:00+07:00,72781.43047752809,74015.01404494382,71959.04143258427,73192.625,545920,0.0,0.0
2020-02-20 00:00:00+07:00,74015.015625,74220.612890625,73562.701640625,74015.015625,667740,0.0,0.0
2020-02-21 00:00:00+07:00,74015.01764950166,74672.92891749724,74015.01764950166,74261.734375,514760,0.0,0.0
2020-02-24 00:00:00+07:00,74097.2529494382,74097.2529494382,72822.54992977528,73192.625,1297640,0.0,0.0
2020-02-25 00:00:00+07:00,74015.01404494382,74015.01404494382,72534.71376404495,73192.625,32460,0.0,0.0
2020-02-26 00:00:00+07:00,73768.29653072034,73768.29653072034,72452.47407309322,72781.4296875,497920,0.0,0.0
2020-02-27 00:00:00+07:00,72781.42181185047,72863.66070655311,71218.8828125,71218.8828125,154600,0.0,0.0
2020-02-28 00:00:00+07:00,70848.81939621914,70848.81939621914,66613.515625,66613.515625,243820,0.0,0.0
2020-03-02 00:00:00+07:00,66613.5140625,71136.65390625,66613.5140625,69903.0703125,520980,0.0,0.0
2020-03-03 00:00:00+07:00,70931.056640625,70931.056640625,69491.87578125,69903.0703125,676540,0.0,0.0
2020-03-04 00:00:00+07:00,69903.07738535503,70067.55521449704,69080.68823964497,69491.8828125,120620,0.0,0.0
2020-03-05 00:00:00+07:00,69491.8828125,69903.07738535503,69491.8828125,69491.8828125,248760,0.0,0.0
2020-03-06 00:00:00+07:00,69491.87951645142,69491.87951645142,66613.51764298893,66860.234375,136340,0.0,0.0
2020-03-09 00:00:00+07:00,62912.764281833544,65379.93150857212,62213.73356759095,63858.51171875,515140,0.0,0.0
2020-03-10 00:00:00+07:00,63858.51171874999,65750.0065925829,62090.37520625402,63858.51171875,497240,0.0,0.0
2020-03-11 00:00:00+07:00,63899.62776007401,65791.12253289473,62501.56640624999,62501.56640625,661000,0.0,0.0
2020-03-12 00:00:00+07:00,61391.34077303769,65750.0026095695,58430.740280299106,59458.7265625,676800,0.0,0.0
2020-03-13 00:00:00+07:00,56744.84456380208,62912.762451171875,56744.84456380208,59212.01171875,628700,0.0,0.0
2020-03-16 00:00:00+07:00,58389.61604166667,61679.171875,57156.03260416667,61679.171875,210660,0.0,0.0
2020-03-17 00:00:00+07:00,57978.43132640858,61679.18226213678,57978.43132640858,58019.55078125,50640,0.0,0.0
2020-03-18 00:00:00+07:00,58019.54916992187,59993.2829474954,55922.45703125,55922.45703125,98460,0.0,0.0
2020-03-19 00:00:00+07:00,53660.88793368603,56744.84701033465,52221.70703125,52221.70703125,81480,0.0,0.0
2020-03-20 00:00:00+07:00,52221.70625620039,53866.48440600198,49384.463947792654,51810.51171875,103880,0.0,0.0
2020-03-23 00:00:00+07:00,49754.53924914676,51604.91467576792,48192.0,48192.0,476460,0.0,0.0
2020-03-24 00:00:00+07:00,46053.78787878788,49261.10524891775,45848.190611471866,47492.96875,49040,0.0,0.0
2020-03-25 00:00:00+07:00,47698.56940104167,50576.93134765625,47657.449944661465,49343.34765625,275820,0.0,0.0
2020-03-26 00:00:00+07:00,49960.135546875,52057.22765625,49343.34375,51399.31640625,751940,0.0,0.0
2020-03-27 00:00:00+07:00,51399.31761188272,54401.03776041667,51399.31761188272,53290.8125,291140,0.0,0.0
2020-03-30 00:00:00+07:00,53290.80966143683,53455.28746903386,49590.05899050372,49795.65625,248420,0.0,0.0
2020-03-31 00:00:00+07:00,49795.66004192073,53002.977534298785,49795.66004192073,50576.9296875,169040,0.0,0.0
2020-04-01 00:00:00+07:00,50247.97179630381,52591.780628046305,49590.06054528838,50618.046875,439680,0.0,0.0
2020-04-03 00:00:00+07:00,53249.691796875,53414.169609375,51399.31640625,51399.31640625,135600,0.0,0.0
2020-04-06 00:00:00+07:00,53044.09605823864,54894.471502130684,52221.70697206439,54277.6796875,171400,0.0,0.0
2020-04-07 00:00:00+07:00,56744.8468864051,57156.04142906021,54277.67963047445,56333.65234375,315060,0.0,0.0
2020-04-08 00:00:00+07:00,56744.84765625,58595.223123301635,55922.45855978261,56744.84765625,173400,0.0,0.0
2020-04-09 00:00:00+07:00,57567.23828125,60692.31693080357,57567.23828125,57567.23828125,472620,0.0,0.0
2020-04-10 00:00:00+07:00,59294.25620013298,60404.481524268616,57567.23902925532,57978.43359375,382520,0.0,0.0
2020-04-13 00:00:00+07:00,58800.82272273936,59828.809133976065,57978.43359375,57978.43359375,80060,0.0,0.0
2020-04-14 00:00:00+07:00,59952.159796678876,59952.159796678876,58101.78449431224,58965.29296875,108680,0.0,0.0
2020-04-15 00:00:00+07:00,59006.41743259804,63077.243443627456,59006.41743259804,62912.765625,530060,0.0,0.0
2020-04-16 00:00:00+07:00,62912.76297787119,67106.94717639593,62912.76297787119,64804.2578125,316560,0.0,0.0
2020-04-17 00:00:00+07:00,68875.08667435007,69080.68394800484,67847.10030607619,68011.578125,349600,0.0,0.0
2020-04-20 00:00:00+07:00,70725.4668951385,72740.3203125,69121.80805274873,72740.3203125,335520,0.0,0.0
2020-04-21 00:00:00+07:00,72740.312578125,77798.0053125,69903.0703125,69903.0703125,813780,0.0,0.0
2020-04-22 00:00:00+07:00,67847.10133928571,71959.046875,65708.88966071428,71959.046875,360780,0.0,0.0
2020-04-23 00:00:00+07:00,76852.25999273256,76852.25999273256,73480.46474425527,74261.734375,286480,0.0,0.0
2020-04-24 00:00:00+07:00,74261.73234375,76070.98828125,72041.281875,74015.015625,332200,0.0,0.0
2020-04-27 00:00:00+07:00,74015.015625,74015.015625,71959.04296875,74015.015625,248700,0.0,0.0
2020-04-28 00:00:00+07:00,72370.2375,73973.89617187499,69903.0703125,69903.0703125,146420,0.0,0.0
2020-04-29 00:00:00+07:00,69903.0646088957,71959.03709739263,67024.703125,67024.703125,334480,0.0,0.0
2020-05-04 00:00:00+07:00,67024.71270161291,67230.30997983871,63735.15625,63735.15625,1922660,0.0,0.0
2020-05-05 00:00:00+07:00,63735.148911296965,63735.148911296965,62049.251423965885,62378.20703125,235240,0.0,0.0
2020-05-06 00:00:00+07:00,66531.27355617088,66531.27355617088,62501.567246835446,64968.734375,215060,0.0,0.0
2020-05-07 00:00:00+07:00,66572.40134522929,69491.8828125,65791.13165680473,69491.8828125,253960,0.0,0.0
2020-05-08 00:00:00+07:00,69903.06413517441,74015.00908430232,69903.06413517441,70725.453125,631060,0.0,0.0
2020-05-11 00:00:00+07:00,70725.45945262854,72370.23757943384,69491.87585752454,71177.7734375,337860,0.0,0.0
2020-05-12 00:00:00+07:00,71260.01109510087,72000.16123919308,71136.65273775216,71342.25,256220,0.0,0.0
2020-05-13 00:00:00+07:00,69080.67514534884,71547.84211482559,68258.28615552325,70725.453125,277480,0.0,0.0
2020-05-14 00:00:00+07:00,70725.45640969802,71136.6509237079,70314.26189568815,70807.6953125,279760,0.0,0.0
2020-05-15 00:00:00+07:00,70807.6953125,71959.03995172764,70807.6953125,70807.6953125,384120,0.0,0.0
2020-05-18 00:00:00+07:00,71547.84293713873,71547.84293713873,70848.8122877529,71136.6484375,422960,0.0,0.0
2020-05-19 00:00:00+07:00,71959.03660973837,72781.42559956395,70725.453125,70725.453125,594200,0.0,0.0
2020-05-20 00:00:00+07:00,71959.04891304347,71959.04891304347,70931.0625,70931.0625,259480,0.0,0.0
2020-05-21 00:00:00+07:00,73192.63130326704,73192.63130326704,71136.65851384943,72370.2421875,457420,0.0,0.0
2020-05-22 00:00:00+07:00,72370.2327586207,72370.2327586207,71136.64924568965,71547.84375,132440,0.0,0.0
2020-05-25 00:00:00+07:00,71547.85232142858,72411.36088392857,71136.65776785715,71959.046875,256440,0.0,0.0
2020-05-26 00:00:00+07:00,72000.17514172134,73603.83409690531,71753.45837938534,72082.4140625,328720,0.0,0.0
2020-05-27 00:00:00+07:00,72205.75906107305,72370.23687214612,71959.04234446347,72041.28125,284280,0.0,0.0
2020-05-28 00:00:00+07:00,72575.83413598745,72863.6703053653,71136.65328909818,72041.28125,361380,0.0,0.0
2020-05-29 00:00:00+07:00,71876.80746882086,72781.43548044217,71547.85182823129,72534.71875,122760,0.0,0.0
2020-06-01 00:00:00+07:00,72534.7049978897,74837.39404544175,72082.39107783484,73069.2578125,213620,0.0,0.0
2020-06-02 00:00:00+07:00,73069.2704789959,77715.76882684426,73069.2704789959,75248.6015625,528920,0.0,0.0
2020-06-03 00:00:00+07:00,75454.196484375,76070.98828125,74015.015625,74015.015625,109400,0.0,0.0
2020-06-04 00:00:00+07:00,74755.16498777932,75248.5984200419,73603.8203125,73603.8203125,203320,0.0,0.0
2020-06-05 00:00:00+07:00,73603.8203125,74796.28444046788,73603.8203125,73603.8203125,192540,0.0,0.0
2020-06-08 00:00:00+07:00,73603.83031421703,75454.20593664149,73603.83031421703,74837.4140625,197820,0.0,0.0
2020-06-09 00:00:00+07:00,75125.23103490486,75125.23103490486,73192.61699076665,73480.453125,148720,0.0,0.0
2020-06-10 00:00:00+07:00,73480.46116573035,74015.01404494382,72987.02773876405,73192.625,337060,0.0,0.0
2020-06-11 00:00:00+07:00,73192.62420550847,74220.61050052966,72781.4296875,72781.4296875,366460,0.0,0.0
2020-06-12 00:00:00+07:00,71547.84211482559,73110.38119549419,70355.37807957848,70725.453125,230800,0.0,0.0
2020-06-15 00:00:00+07:00,70725.4561370482,71959.03967432228,68052.69180628765,68258.2890625,175280,0.0,0.0
2020-06-16 00:00:00+07:00,69286.27304711017,71095.52884181216,68258.2868001204,68299.40625,169140,0.0,0.0
2020-06-17 00:00:00+07:00,71465.60389072848,71465.60389072848,68299.40625,68299.40625,115000,0.0,0.0
2020-06-18 00:00:00+07:00,68299.40953378683,69656.35144505413,68258.29008193024,68381.6484375,93060,0.0,0.0
2020-06-19 00:00:00+07:00,68381.6484375,69491.87363762778,68381.6484375,68381.6484375,139480,0.0,0.0
2020-06-22 00:00:00+07:00,69491.8725997741,69491.8725997741,68258.2890625,68258.2890625,693320,0.0,0.0
2020-06-23 00:00:00+07:00,67847.09294016768,68710.60139576982,67435.8984375,67435.8984375,245160,0.0,0.0
2020-06-24 00:00:00+07:00,67847.09765625,68258.2921875,65791.125,65791.125,204760,0.0,0.0
2020-06-25 00:00:00+07:00,65791.125,67435.903125,65379.93046875,65791.125,157020,0.0,0.0
2020-06-26 00:00:00+07:00,65791.12560679611,67970.45664252124,65791.12560679611,67764.859375,511620,0.0,0.0
2020-06-29 00:00:00+07:00,66202.31600467289,67435.89953271027,65996.71875,65996.71875,199480,0.0,0.0
2020-06-30 00:00:00+07:00,65996.7238629578,67435.90475716561,64557.54296875,64557.54296875,181060,0.0,0.0
2020-07-01 00:00:00+07:00,64146.34164110429,67847.09212039877,64146.34164110429,67024.703125,241240,0.0,0.0
2020-07-02 00:00:00+07:00,67024.70088750748,68669.47882339724,66819.10364552127,68628.359375,393920,0.0,0.0
2020-07-03 00:00:00+07:00,69080.685,72329.12197321429,67847.10133928571,71959.046875,440680,0.0,0.0
2020-07-06 00:00:00+07:00,73110.37649757617,74837.39326523546,73110.37649757617,74220.6015625,492000,0.0,0.0
2020-07-07 00:00:00+07:00,75454.19811081847,77551.29026539708,75248.60084076175,76112.109375,629280,0.0,0.0
2020-07-08 00:00:00+07:00,76070.99052784973,79648.38305537564,74590.69017163212,79360.546875,714860,0.0,0.0
2020-07-09 00:00:00+07:00,80141.81785442073,84911.67463795732,80141.81785442073,84294.8828125,571920,0.0,0.0
2020-07-10 00:00:00+07:00,84294.88357099515,88818.02366504855,83883.68901699029,84706.078125,441980,0.0,0.0
2020-07-13 00:00:00+07:00,84706.0734375,86268.61265625,82238.90625,82238.90625,502880,0.0,0.0
2020-07-14 00:00:00+07:00,81005.31870993589,82033.30498798077,78538.1516426282,80182.9296875,361380,0.0,0.0
2020-07-15 00:00:00+07:00,80388.52806788513,83061.29242819845,78743.75,78743.75,517400,0.0,0.0
2020-07-16 00:00:00+07:00,78538.15778821243,79360.546875,78126.96324481865,79360.546875,861100,0.0,0.0
2020-07-17 00:00:00+07:00,81005.3162434896,81005.3162434896,78743.74650065105,78949.34375,279180,0.0,0.0
2020-07-20 00:00:00+07:00,79401.66477421466,79771.73985602094,78332.55898232984,78538.15625,339700,0.0,0.0
2020-07-21 00:00:00+07:00,78373.67867347608,79936.21791250656,78126.9619515239,78250.3203125,250080,0.0,0.0
2020-07-22 00:00:00+07:00,78250.31702886638,79319.42277912941,78168.078125,78168.078125,213700,0.0,0.0
2020-07-23 00:00:00+07:00,78126.95603700745,78126.95603700745,76975.61142172523,77222.328125,394320,0.0,0.0
2020-07-24 00:00:00+07:00,76482.18128796245,76893.37581101601,73644.93907889287,74467.328125,705160,0.0,0.0
2020-07-27 00:00:00+07:00,71136.6484375,72370.23193641618,69286.27318912573,71136.6484375,803740,0.0,0.0
2020-07-28 00:00:00+07:00,71136.65390625,76070.98828125,69080.68125,74015.015625,594000,0.0,0.0
2020-07-29 00:00:00+07:00,71959.04376827486,75207.48060124269,70314.265625,70314.265625,483600,0.0,0.0
2020-07-30 00:00:00+07:00,70314.26256613756,71753.44337889476,69491.87353027631,69944.1875,533000,0.0,0.0
2020-07-31 00:00:00+07:00,69491.88206845238,70725.46577380953,68258.29836309524,69080.6875,689140,0.0,0.0
2020-08-03 00:00:00+07:00,69820.83847078402,70684.34707377959,69080.68823964497,69491.8828125,931840,0.0,0.0
2020-08-04 00:00:00+07:00,69491.87207943924,71095.53066588785,69491.87207943924,70396.5,1133340,0.0,0.0
2020-08-05 00:00:00+07:00,71547.85307173296,74426.21497691762,70560.9861328125,72370.2421875,1383100,0.0,0.0
2020-08-06 00:00:00+07:00,73562.70738441781,75454.20237585617,72781.4377140411,75043.0078125,427680,0.0,0.0
2020-08-07 00:00:00+07:00,74837.4000509511,75865.38631538724,74015.01103940218,75659.7890625,321100,0.0,0.0
2020-08-10 00:00:00+07:00,75289.71302633407,76482.17707754308,73973.890625,73973.890625,383240,0.0,0.0
2020-08-11 00:00:00+07:00,73973.89892769608,74385.09347426471,72822.55419730392,73398.2265625,294140,0.0,0.0
2020-08-12 00:00:00+07:00,73398.21751414896,74220.60650590413,73398.21751414896,73562.6953125,277500,0.0,0.0
2020-08-13 00:00:00+07:00,74302.85411116804,75659.79610655738,74302.85411116804,75248.6015625,185160,0.0,0.0
2020-08-14 00:00:00+07:00,75248.59535472972,77674.64296452703,74837.4008445946,76070.984375,627040,0.0,0.0
2020-08-17 00:00:00+07:00,75659.78577257889,75865.38301652612,74261.72451373776,75577.546875,182160,0.0,0.0
2020-08-18 00:00:00+07:00,75659.7958194906,75659.7958194906,74015.01764950166,74261.734375,613860,0.0,0.0
2020-08-19 00:00:00+07:00,74261.734375,74960.7650972453,74179.49546650056,74261.734375,195440,0.0,0.0
2020-08-20 00:00:00+07:00,74261.73360070991,74837.40595420379,73850.5390625,73850.5390625,305260,0.0,0.0
2020-08-21 00:00:00+07:00,74015.01687778397,74796.28650038279,73850.5390625,73850.5390625,339220,0.0,0.0
2020-08-24 00:00:00+07:00,74056.1373847336,75659.79610655738,74056.1373847336,75248.6015625,335820,0.0,0.0
2020-08-25 00:00:00+07:00,75248.6003686327,77345.69251005362,75248.6003686327,76687.78125,369820,0.0,0.0
2020-08-26 00:00:00+07:00,76893.38384738057,77304.57841340934,75742.0390625,75742.0390625,292400,0.0,0.0
2020-08-27 00:00:00+07:00,75742.03501536885,76482.18519467213,75248.6015625,75248.6015625,267180,0.0,0.0
2020-08-28 00:00:00+07:00,76276.59510216347,76482.19239354396,74837.4140625,74837.4140625,363080,0.0,0.0
2020-08-31 00:00:00+07:00,76029.86618798957,79319.42232375979,75289.71605744126,78743.75,600920,0.0,0.0
2020-09-01 00:00:00+07:00,79771.74703947369,79771.74703947369,78126.96875,78126.96875,323420,0.0,0.0
2020-09-03 00:00:00+07:00,78908.23039215685,80059.57507739938,78661.5136738906,79689.5,529620,0.0,0.0
2020-09-04 00:00:00+07:00,78949.35483870968,80388.53578629032,78784.87701612903,79031.59375,322080,0.0,0.0
2020-09-07 00:00:00+07:00,79771.74395161291,80594.13306451614,79031.59375,79031.59375,416560,0.0,0.0
2020-09-08 00:00:00+07:00,79072.71244524713,79360.54863199529,78126.96497450313,78620.3984375,297180,0.0,0.0
2020-09-09 00:00:00+07:00,78497.04386513158,78579.28277960526,77304.57960526316,78126.96875,332140,0.0,0.0
2020-09-10 00:00:00+07:00,78949.35714285714,78949.35714285714,77715.7734375,77715.7734375,323520,0.0,0.0
2020-09-11 00:00:00+07:00,77715.76483543884,78497.0344290226,77304.5703125,77304.5703125,171820,0.0,0.0
2020-09-14 00:00:00+07:00,77715.7602865967,77921.35753603216,76893.37128885495,77386.8046875,188100,0.0,0.0
2020-09-15 00:00:00+07:00,77715.7602865967,78538.14928433848,77386.8046875,77386.8046875,250520,0.0,0.0
2020-09-16 00:00:00+07:00,78538.14928433848,78538.14928433848,77386.8046875,77386.8046875,87140,0.0,0.0
2020-09-17 00:00:00+07:00,77386.8046875,78085.8353355805,77386.8046875,77386.8046875,292440,0.0,0.0
2020-09-18 00:00:00+07:00,77386.80673166049,78332.55410404528,77386.80673166049,77633.5234375,704280,0.0,0.0
2020-09-21 00:00:00+07:00,77839.1325493421,78867.11898026316,77839.1325493421,78126.96875,399060,0.0,0.0
2020-09-22 00:00:00+07:00,78538.16257440476,79113.8349702381,77715.7734375,77715.7734375,359220,0.0,0.0
2020-09-23 00:00:00+07:00,78825.99952302632,78825.99952302632,77921.37146381578,78126.96875,115280,0.0,0.0
2020-09-24 00:00:00+07:00,78126.95061831552,78291.42840909092,76893.3671875,76893.3671875,417660,0.0,0.0
2020-09-25 00:00:00+07:00,76975.60608288771,77510.15890290776,76893.3671875,76893.3671875,407800,0.0,0.0
2020-09-28 00:00:00+07:00,76893.37578956118,77304.5703125,76893.37578956118,77304.5703125,205920,0.0,0.0
2020-09-29 00:00:00+07:00,77304.5679054054,77386.80680743244,76070.984375,76070.984375,340900,0.0,0.0
2020-09-30 00:00:00+07:00,76070.99167178123,76276.58894656983,74878.52747800737,75371.9609375,358120,0.0,0.0
2020-10-01 00:00:00+07:00,75371.95719004064,76112.10734247968,75371.95719004064,75865.390625,244660,0.0,0.0
2020-10-02 00:00:00+07:00,75618.67390752032,76029.86843665311,75454.1960958672,75865.390625,91020,0.0,0.0
2020-10-05 00:00:00+07:00,76482.18241869919,76482.18241869919,75865.390625,75865.390625,188540,0.0,0.0
2020-10-06 00:00:00+07:00,76153.22509057971,76811.13632246378,75906.5083786232,76605.5390625,110740,0.0,0.0
2020-10-07 00:00:00+07:00,76605.54883223685,78126.96875,76482.19046052631,78126.96875,209840,0.0,0.0
2020-10-08 00:00:00+07:00,78126.95935837766,78126.95935837766,77304.5703125,77304.5703125,174280,0.0,0.0
2020-10-09 00:00:00+07:00,77715.76870142487,79360.546875,77140.09634067357,79360.546875,333520,0.0,0.0
2020-10-12 00:00:00+07:00,79771.7351143009,80511.88523391813,77345.6875,77345.6875,730020,0.0,0.0
2020-10-13 00:00:00+07:00,78497.03115234376,78497.03115234376,75248.59455672554,75659.7890625,550200,0.0,0.0
2020-10-14 00:00:00+07:00,75659.80131578947,80553.01672697368,75659.80131578947,78126.96875,53474340,0.0,0.0
2020-10-15 00:00:00+07:00,78538.16332236842,79154.95518092105,77510.17689144737,78126.96875,937720,0.0,0.0
2020-10-16 00:00:00+07:00,78332.56886190319,78702.64399038462,77510.1796875,77510.1796875,669300,0.0,0.0
2020-10-19 00:00:00+07:00,77304.56929275439,77510.16655151172,76934.49422699121,77181.2109375,530280,0.0,0.0
2020-10-20 00:00:00+07:00,77181.21161941002,77181.21161941002,76070.98641231142,76317.703125,572060,0.0,0.0
2020-10-21 00:00:00+07:00,77715.77014337642,77715.77014337642,76112.1113943861,76358.828125,353880,0.0,0.0
2020-10-22 00:00:00+07:00,76358.8205320946,76893.37339527028,75947.62602195946,76070.984375,68520,0.0,0.0
2020-10-23 00:00:00+07:00,76276.58695085441,76687.78148967304,76070.9896814451,76399.9453125,538200,0.0,0.0
2020-10-26 00:00:00+07:00,76482.17888513513,77510.16516047297,76070.984375,76070.984375,318960,0.0,0.0
2020-10-27 00:00:00+07:00,76070.98992098865,76811.14009319287,75947.63155895461,76112.109375,81240,0.0,0.0
2020-10-28 00:00:00+07:00,75742.03226626015,76482.18241869919,75659.7933604336,75865.390625,255860,0.0,0.0
2020-10-29 00:00:00+07:00,75084.12101964769,76399.94351287262,75084.12101964769,75865.390625,240100,0.0,0.0
2020-10-30 00:00:00+07:00,75988.75352685839,76482.18699131851,75700.91733925664,75783.15625,128520,0.0,0.0
2020-11-02 00:00:00+07:00,75783.15249747304,76441.06375084232,72370.23787061995,76276.5859375,293700,0.0,0.0
2020-11-03 00:00:00+07:00,76358.82484417116,76482.1832041779,75659.7941374663,76276.5859375,419000,0.0,0.0
2020-11-04 00:00:00+07:00,76482.1832041779,76564.42211084906,76029.86921748653,76276.5859375,118600,0.0,0.0
2020-11-05 00:00:00+07:00,76070.98788956639,76605.54077743902,75865.390625,75865.390625,216120,0.0,0.0
2020-11-06 00:00:00+07:00,76070.98914482618,76070.98914482618,75700.9140625,75700.9140625,186200,0.0,0.0
2020-11-09 00:00:00+07:00,76235.46033784703,76276.57978786745,75454.19078745917,75536.4296875,497460,0.0,0.0
2020-11-10 00:00:00+07:00,76235.47564388736,76276.59510216347,74837.4140625,74837.4140625,436660,0.0,0.0
2020-11-11 00:00:00+07:00,75659.79991749175,75659.79991749175,74714.0524185231,74755.171875,231600,0.0,0.0
2020-11-12 00:00:00+07:00,74755.15912111505,75618.6675598078,74755.15912111505,75413.0703125,72460,0.0,0.0
2020-11-13 00:00:00+07:00,75248.59535472972,76070.984375,75248.59535472972,76070.984375,220320,0.0,0.0
2020-11-16 00:00:00+07:00,76482.18904702971,76893.38361179868,74755.171875,74755.171875,451360,0.0,0.0
2020-11-17 00:00:00+07:00,75700.91809738611,75700.91809738611,74714.0511585826,74919.6484375,371320,0.0,0.0
2020-11-18 00:00:00+07:00,74919.64793538942,76276.58996715005,74919.64793538942,75495.3203125,431620,0.0,0.0
2020-11-19 00:00:00+07:00,75659.78833247289,79648.375,75659.78833247289,79648.375,449960,0.0,0.0
2020-11-20 00:00:00+07:00,78126.95475260417,79360.53824869792,78126.95475260417,78949.34375,349280,0.0,0.0
2020-11-23 00:00:00+07:00,78949.34645669292,79113.82426181102,78085.83797982283,78332.5546875,285100,0.0,0.0
2020-11-24 00:00:00+07:00,78250.32181140989,78949.35253699789,77551.29108582188,77798.0078125,220420,0.0,0.0
2020-11-25 00:00:00+07:00,77798.01008064517,79853.98286290323,77798.01008064517,79031.59375,388440,0.0,0.0
2020-11-26 00:00:00+07:00,79360.5406650641,80594.12419871794,79360.5406650641,80182.9296875,645880,0.0,0.0
2020-11-27 00:00:00+07:00,80182.94028585272,80799.73213420542,79483.9095243863,79566.1484375,524960,0.0,0.0
2020-11-30 00:00:00+07:00,79360.54177545692,79360.54177545692,78126.95822454308,78743.75,481220,0.0,0.0
2020-12-01 00:00:00+07:00,78661.52039324935,79566.1484375,78168.08691456717,79566.1484375,214180,0.0,0.0
2020-12-02 00:00:00+07:00,79566.14394769436,81087.56375444614,79154.94940532901,80923.0859375,399760,0.0,0.0
2020-12-03 00:00:00+07:00,80881.9603565705,80881.9603565705,79812.85462740384,80182.9296875,192820,0.0,0.0
2020-12-04 00:00:00+07:00,80182.92756033417,83883.67806311882,80182.92756033417,83061.2890625,319620,0.0,0.0
2020-12-07 00:00:00+07:00,83061.28540157006,85734.04953577899,83061.28540157006,85117.2578125,193000,0.0,0.0
2020-12-08 00:00:00+07:00,85158.39213440534,85939.66178701457,84706.078125,84706.078125,476260,0.0,0.0
2020-12-09 00:00:00+07:00,83513.61364947008,84294.88329956359,82238.9105361596,82444.5078125,354700,0.0,0.0
2020-12-10 00:00:00+07:00,83061.29140901059,83595.84427451414,81457.6328125,81457.6328125,162500,0.0,0.0
2020-12-11 00:00:00+07:00,81457.63187744259,84171.515625,81457.63187744259,84171.515625,97680,0.0,0.0
2020-12-14 00:00:00+07:00,84171.53152190564,84171.53152190564,83472.5007276348,83883.6953125,257940,0.0,0.0
2020-12-15 00:00:00+07:00,83883.6835741206,84089.28083778266,81663.23312657035,81827.7109375,333240,0.0,0.0
2020-12-16 00:00:00+07:00,81827.71648198142,83431.37524720618,81827.71648198142,81868.8359375,99600,0.0,0.0
2020-12-17 00:00:00+07:00,82238.90467171717,83061.29371843435,76153.2257260101,81416.515625,413240,0.0,0.0
2020-12-18 00:00:00+07:00,81416.51550111496,83061.29359204658,80799.7237170156,82979.0546875,261060,0.0,0.0
2020-12-21 00:00:00+07:00,82979.05640625,83020.175859375,81868.831171875,82238.90625,134740,0.0,0.0
2020-12-22 00:00:00+07:00,82033.3125,82115.55140977443,81334.2817669173,82033.3125,252000,0.0,0.0
2020-12-23 00:00:00+07:00,82033.30661088198,82238.90387055838,81005.3203125,81005.3203125,189720,0.0,0.0
2020-12-24 00:00:00+07:00,81416.515625,82033.30741003787,80182.93205492424,81416.515625,233520,0.0,0.0
2020-12-25 00:00:00+07:00,81622.1128866793,81622.1128866793,80594.12657828283,81416.515625,178020,0.0,0.0
2020-12-28 00:00:00+07:00,81498.7593147514,81868.83440750254,80799.72858399924,81046.4453125,222340,0.0,0.0
2020-12-29 00:00:00+07:00,81046.44434326538,83061.29760192597,80799.7276177151,82197.7890625,325360,0.0,0.0
2020-12-30 00:00:00+07:00,82238.90625,82979.05640625,81745.4728125,82238.90625,195080,0.0,0.0
2020-12-31 00:00:00+07:00,82238.90224358974,82526.7384014423,80182.9296875,80182.9296875,292200,0.0,0.0
2021-01-04 00:00:00+07:00,81622.11243104312,82650.0987337011,80265.1705115346,81992.1875,581400,0.0,0.0
2021-01-05 00:00:00+07:00,81992.18874842965,82074.42765389447,81334.27750471105,81827.7109375,323200,0.0,0.0
2021-01-06 00:00:00+07:00,81252.04987405542,81663.24445843829,80182.94395465995,81622.125,329200,0.0,0.0
2021-01-07 00:00:00+07:00,81539.87852312943,81827.71470551062,80635.25052135997,81334.28125,541800,0.0,0.0
2021-01-08 00:00:00+07:00,81334.27999653129,82197.78853036705,81334.27999653129,81498.7578125,305800,0.0,0.0
2021-01-11 00:00:00+07:00,81827.70656976027,84294.87360201434,81580.98986653486,83184.6484375,341400,0.0,0.0
2021-01-12 00:00:00+07:00,84171.52093597932,84706.07382907542,83266.89296304744,84500.4765625,609200,0.0,0.0
2021-01-13 00:00:00+07:00,85117.27117032834,86762.04935719458,84706.07662361178,85158.390625,452800,0.0,0.0
2021-01-14 00:00:00+07:00,86350.85556402439,86350.85556402439,84294.8828125,84294.8828125,350200,0.0,0.0
2021-01-15 00:00:00+07:00,84294.88329956359,84459.36112063592,82238.9105361596,82444.5078125,459000,0.0,0.0
2021-01-18 00:00:00+07:00,82033.30773998877,82403.3828125,81087.56033246008,82403.3828125,343800,0.0,0.0
2021-01-19 00:00:00+07:00,82403.38649611399,82403.38649611399,76893.3796146373,79360.546875,616060,0.0,0.0
2021-01-20 00:00:00+07:00,79360.54739663585,80059.578125,78126.96375834617,80059.578125,2578520,0.0,0.0
2021-01-21 00:00:00+07:00,80306.29509906571,80306.29509906571,78949.3530927835,79771.7421875,400400,0.0,0.0
2021-01-22 00:00:00+07:00,79771.7421875,80059.57837065076,79319.42818540592,79771.7421875,262000,0.0,0.0
2021-01-25 00:00:00+07:00,79771.7421875,80429.6534632732,78949.3530927835,79771.7421875,288400,0.0,0.0
2021-01-26 00:00:00+07:00,79730.62758223685,79730.62758223685,76482.19046052631,78126.96875,494800,0.0,0.0
2021-01-27 00:00:00+07:00,76687.78226211188,78085.8437081772,74960.76518167826,76811.140625,606400,0.0,0.0
2021-01-28 00:00:00+07:00,74015.00737197929,74508.44075445914,71465.6015625,71465.6015625,568800,0.0,0.0
2021-01-29 00:00:00+07:00,69903.07910095857,75577.56434562462,66490.1640625,66490.1640625,1017200,0.0,0.0
2021-02-01 00:00:00+07:00,71136.6484375,71136.6484375,71136.6484375,71136.6484375,295000,0.0,0.0
2021-02-02 00:00:00+07:00,73439.3425017458,74015.01483938548,72987.0285221718,73603.8203125,1200800,0.0,0.0
2021-02-03 00:00:00+07:00,73603.8203125,74015.01483938548,73192.62578561452,73603.8203125,598000,0.0,0.0
2021-02-04 00:00:00+07:00,73603.82040259473,76070.9875669275,73603.82040259473,74878.5234375,692200,0.0,0.0
2021-02-05 00:00:00+07:00,74837.40851772952,74919.64742818857,74590.6917863524,74796.2890625,632600,0.0,0.0
2021-02-08 00:00:00+07:00,75577.54989224138,75577.54989224138,70725.4547413793,71547.84375,282200,0.0,0.0
2021-02-09 00:00:00+07:00,71547.84406215316,74385.08615427303,71547.84406215316,74097.25,259800,0.0,0.0
2021-02-17 00:00:00+07:00,74097.26182641952,74837.41205554023,74015.02291207276,74590.6953125,374000,0.0,0.0
2021-02-18 00:00:00+07:00,74631.81294642857,79154.953125,74426.21566558442,79154.953125,391000,0.0,0.0
2021-02-19 00:00:00+07:00,78538.15601362806,79154.94781478221,77715.76694542254,78825.9921875,668400,0.0,0.0
2021-02-22 00:00:00+07:00,77345.6990625,78702.6411513158,77345.6990625,78126.96875,315600,0.0,0.0
2021-02-23 00:00:00+07:00,78126.9577452957,78126.9577452957,76070.98517305107,76482.1796875,448000,0.0,0.0
2021-02-24 00:00:00+07:00,77304.57686859147,77304.57686859147,76070.9931951565,76194.3515625,375000,0.0,0.0
2021-02-25 00:00:00+07:00,76482.18475,77715.768375,76235.46802500001,77098.9765625,275400,0.0,0.0
2021-02-26 00:00:00+07:00,76482.18126662234,77304.5703125,76235.46455285905,77304.5703125,124200,0.0,0.0
2021-03-01 00:00:00+07:00,77304.56702609158,77345.68647663738,76070.98350971779,77222.328125,313000,0.0,0.0
2021-03-02 00:00:00+07:00,76893.37214300162,76893.37214300162,74467.3245727144,76235.4609375,301000,0.0,0.0
2021-03-03 00:00:00+07:00,76235.47306653447,76235.47306653447,75043.00881684218,75166.3671875,560600,0.0,0.0
2021-03-04 00:00:00+07:00,75248.59761235955,75330.83651685393,71136.65238764045,73192.625,529800,0.0,0.0
2021-03-05 00:00:00+07:00,73192.62774433428,73192.62774433428,72164.64139961048,72575.8359375,487200,0.0,0.0
2021-03-08 00:00:00+07:00,72575.83870535715,72781.43598214287,71547.85232142858,71959.046875,406200,0.0,0.0
2021-03-09 00:00:00+07:00,72164.63468659682,72164.63468659682,70931.05118768064,71136.6484375,425000,0.0,0.0
2021-03-10 00:00:00+07:00,71136.64946083381,71547.84396638777,71136.64946083381,71260.0078125,454200,0.0,0.0
2021-03-11 00:00:00+07:00,72370.2421875,72575.83946644176,71547.85307173296,72370.2421875,387000,0.0,0.0
2021-03-12 00:00:00+07:00,73069.26664325842,73192.625,72575.83321629214,73192.625,361800,0.0,0.0
2021-03-15 00:00:00+07:00,73192.62420550847,73274.86310911017,72575.83242849576,72781.4296875,318200,0.0,0.0
2021-03-16 00:00:00+07:00,72781.43402200997,74343.97328349945,72699.19511351052,74261.734375,182400,0.0,0.0
2021-03-17 00:00:00+07:00,73603.83139474051,74261.7427368164,73521.59247698102,73686.0703125,276400,0.0,0.0
2021-03-18 00:00:00+07:00,74015.01764950166,74343.97328349945,73932.77874100221,74261.734375,223600,0.0,0.0
2021-03-19 00:00:00+07:00,74015.015625,74015.015625,72781.43203125,74015.015625,150200,0.0,0.0
2021-03-22 00:00:00+07:00,74015.01483938548,74015.01483938548,72863.67016410615,73603.8203125,171400,0.0,0.0
2021-03-23 00:00:00+07:00,72082.39978932585,73274.86390449438,72082.39978932585,73192.625,173800,0.0,0.0
2021-03-24 00:00:00+07:00,71959.04335826212,73192.62695868946,71835.68499821938,72164.640625,100800,0.0,0.0
2021-03-25 00:00:00+07:00,73192.63053571428,73192.63053571428,71547.85232142858,71959.046875,382200,0.0,0.0
2021-03-26 00:00:00+07:00,71424.48458724712,71959.03743677746,70931.05118768064,71136.6484375,307000,0.0,0.0
2021-03-29 00:00:00+07:00,71136.64946083381,71547.84396638777,71054.41055972302,71260.0078125,204600,0.0,0.0
2021-03-30 00:00:00+07:00,71136.65776785715,72164.64415178572,70931.06049107143,71959.046875,290000,0.0,0.0
2021-03-31 00:00:00+07:00,71959.04296875,74015.015625,70314.26484375,74015.015625,427400,0.0,0.0
2021-04-01 00:00:00+07:00,74015.01483938548,74015.01483938548,73233.74523830308,73603.8203125,355200,0.0,0.0
2021-04-02 00:00:00+07:00,73603.82109375,74015.015625,73480.462734375,74015.015625,261200,0.0,0.0
2021-04-05 00:00:00+07:00,77715.76188196379,77715.76188196379,73603.81680884401,73809.4140625,640000,0.0,0.0
2021-04-06 00:00:00+07:00,73809.41678370787,74015.01404494382,71794.5636235955,73192.625,344800,0.0,0.0
2021-04-07 00:00:00+07:00,73192.62420550847,73192.62420550847,72370.23516949153,72781.4296875,494000,0.0,0.0
2021-04-08 00:00:00+07:00,72781.42726293103,72781.42726293103,71342.24649784483,71547.84375,294600,0.0,0.0
2021-04-09 00:00:00+07:00,71876.79935344828,72082.39660560344,71547.84375,71547.84375,446000,0.0,0.0
2021-04-12 00:00:00+07:00,72987.03325892857,72987.03325892857,71794.56905357144,71959.046875,544200,0.0,0.0
2021-04-13 00:00:00+07:00,72575.82792675894,72575.82792675894,71177.76665224913,71301.125,816400,0.0,0.0
2021-04-14 00:00:00+07:00,71301.12520809207,71506.72245494353,70684.33346753764,71013.2890625,552200,0.0,0.0
2021-04-15 00:00:00+07:00,70931.05719004804,71876.8046192487,70519.86265561299,70602.1015625,446000,0.0,0.0
2021-04-16 00:00:00+07:00,70314.26176264045,70314.26176264045,69080.678222945,69532.9921875,370600,0.0,0.0
2021-04-19 00:00:00+07:00,69491.87578125,69903.0703125,68299.411640625,69903.0703125,363200,0.0,0.0
2021-04-20 00:00:00+07:00,69985.30921875,70355.384296875,69491.87578125,69903.0703125,553400,0.0,0.0
2021-04-22 00:00:00+07:00,69903.07791989857,70108.67520789827,68669.49419190036,68916.2109375,345200,0.0,0.0
2021-04-23 00:00:00+07:00,68998.44234375,69903.0703125,68587.2478125,69903.0703125,351800,0.0,0.0
2021-04-26 00:00:00+07:00,70725.459375,70725.459375,67641.500390625,69903.0703125,546000,0.0,0.0
2021-04-27 00:00:00+07:00,69903.07484908716,69903.07484908716,68011.57988258245,69820.8359375,297400,0.0,0.0
2021-04-28 00:00:00+07:00,69820.8359375,69820.8359375,68546.132807899,69820.8359375,363800,0.0,0.0
2021-04-29 00:00:00+07:00,69820.83466113106,69820.83466113106,67929.33972920408,68710.609375,824000,0.0,0.0
2021-05-04 00:00:00+07:00,68710.60228462314,68710.60228462314,66202.31578590261,66284.5546875,696400,0.0,0.0
2021-05-05 00:00:00+07:00,66407.92340437968,66407.92340437968,65832.251003351,65955.609375,528800,0.0,0.0
2021-05-06 00:00:00+07:00,65955.60361578526,65955.60361578526,63570.67530548878,64146.34765625,925400,0.0,0.0
2021-05-07 00:00:00+07:00,64105.22981004902,64434.18544730393,62501.57107843138,62912.765625,539800,0.0,0.0
2021-05-10 00:00:00+07:00,61679.183970099664,62624.93145764119,61679.183970099664,61884.78125,710400,0.0,0.0
2021-05-11 00:00:00+07:00,62090.363522503285,65791.11366622864,62090.363522503285,62583.796875,590200,0.0,0.0
2021-05-12 00:00:00+07:00,62583.804285802566,62830.52099126566,62090.3708748764,62378.20703125,334800,0.0,0.0
2021-05-13 00:00:00+07:00,62295.973940600685,63817.393766212714,61925.898847884244,63406.19921875,849800,0.0,0.0
2021-05-14 00:00:00+07:00,63406.19897413654,64557.543702590374,63323.96006496126,63694.03515625,695000,0.0,0.0
2021-05-17 00:00:00+07:00,64146.34253640777,64146.34253640777,63529.55078125,63529.55078125,680400,0.0,0.0
2021-05-18 00:00:00+07:00,63529.558213271106,63735.15548904221,63118.363661728894,63323.9609375,616200,0.0,0.0
2021-05-19 00:00:00+07:00,63323.96055578176,63406.199465594465,62707.16873218649,63118.36328125,744200,0.0,0.0
2021-05-20 00:00:00+07:00,63118.363779483065,63118.363779483065,62295.974674864396,62542.69140625,560200,0.0,0.0
2021-05-21 00:00:00+07:00,62090.373590421106,62501.56811750999,61720.29851604111,61761.41796875,501000,0.0,0.0
2021-05-24 00:00:00+07:00,62295.96910026803,63817.38880766731,61802.53568165204,63282.8359375,426400,0.0,0.0
2021-05-25 00:00:00+07:00,64146.34756966435,64968.7366410703,63776.27248753167,64927.6171875,576400,0.0,0.0
2021-05-26 00:00:00+07:00,64886.49688072345,67559.26132764806,64146.34672619048,67353.6640625,321800,0.0,0.0
2021-05-27 00:00:00+07:00,67353.6587231595,67435.89762269938,65791.11963190183,67024.703125,658200,0.0,0.0
2021-05-28 00:00:00+07:00,65791.13003095976,67353.66936919505,65791.13003095976,66407.921875,500200,0.0,0.0
2021-05-31 00:00:00+07:00,65379.92687399518,65996.71863695739,63323.95433078778,63940.74609375,338600,0.0,0.0
2021-06-01 00:00:00+07:00,62995.00529626624,64228.58895089286,62501.57183441558,63323.9609375,304600,0.0,0.0
2021-06-02 00:00:00+07:00,62624.92476099917,63323.95543791118,62337.08859991776,62501.56640625,414600,0.0,0.0
2021-06-03 00:00:00+07:00,62501.56635802469,63323.95538905133,62501.56635802469,63282.8359375,706000,0.0,0.0
2021-06-04 00:00:00+07:00,64022.99065244795,64022.99065244795,62707.16810853123,63200.6015625,394800,0.0,0.0
2021-06-07 00:00:00+07:00,63200.593336960024,64146.340667311415,62912.75719294004,63776.265625,383000,0.0,0.0
2021-06-08 00:00:00+07:00,64105.2295968192,65873.36614118304,63735.154506138395,64475.3046875,696800,0.0,0.0
2021-06-09 00:00:00+07:00,65009.85531190249,65791.12492033142,64146.34679732314,64516.421875,321800,0.0,0.0
2021-06-10 00:00:00+07:00,64680.899765625,66819.111328125,64680.899765625,65791.125,1963400,0.0,0.0
2021-06-11 00:00:00+07:00,66202.32037439062,67805.97906668951,66202.32037439062,67477.0234375,1126400,0.0,0.0
2021-06-14 00:00:00+07:00,67477.01521903323,68258.28474320241,67477.01521903323,68052.6875,529200,0.0,0.0
2021-06-15 00:00:00+07:00,67641.50306008902,70108.67034495549,67189.1890578635,69286.28125,993200,0.0,0.0
2021-06-16 00:00:00+07:00,69080.68823964497,69491.8828125,68258.29909393491,69491.8828125,922400,0.0,0.0
2021-06-17 00:00:00+07:00,68052.69180628765,69039.55863610693,68052.69180628765,68258.2890625,757520,0.0,0.0
2021-06-18 00:00:00+07:00,68669.48306074766,70725.45560747663,68463.88580607476,70396.5,451600,0.0,0.0
2021-06-21 00:00:00+07:00,70725.459375,70725.459375,69491.87578125,69903.0703125,238400,0.0,0.0
2021-06-22 00:00:00+07:00,70725.46267205267,70725.46267205267,68710.609375,68710.609375,624000,0.0,0.0
2021-06-23 00:00:00+07:00,68710.60939336075,70314.26814042304,68710.60939336075,69985.3125,568000,0.0,0.0
2021-06-24 00:00:00+07:00,70190.90252781413,70848.81374072863,69903.06637216404,70684.3359375,296200,0.0,0.0
2021-06-25 00:00:00+07:00,70684.3359375,70725.45538830715,69286.27461005672,70684.3359375,345400,0.0,0.0
2021-06-28 00:00:00+07:00,70684.33843055961,70725.45788281706,69903.06883766803,70355.3828125,524600,0.0,0.0
2021-06-29 00:00:00+07:00,70355.39343952683,70355.39343952683,69697.48210403154,69738.6015625,381600,0.0,0.0
2021-06-30 00:00:00+07:00,69491.87273617683,69738.5894441159,69080.678222945,69532.9921875,297600,0.0,0.0
2021-07-01 00:00:00+07:00,69697.47044107782,69697.47044107782,68381.64799027282,68957.3203125,370000,0.0,0.0
2021-07-02 00:00:00+07:00,69615.24445921986,69615.24445921986,68381.66068262412,69574.125,348000,0.0,0.0
2021-07-05 00:00:00+07:00,69903.06353228228,69903.06353228228,68052.68832113364,68463.8828125,407800,0.0,0.0
2021-07-06 00:00:00+07:00,68463.8846941692,68505.00414443598,67435.8984375,67435.8984375,317000,0.0,0.0
2021-07-07 00:00:00+07:00,67435.90903846154,67518.14795192308,65955.60859615385,66819.1171875,791000,0.0,0.0
2021-07-08 00:00:00+07:00,66284.56425000001,66942.4755576923,66243.44479326923,66819.1171875,796500,0.0,0.0
2021-07-09 00:00:00+07:00,67024.70859375,67024.70859375,65791.125,65791.125,223000,0.0,0.0
2021-07-12 00:00:00+07:00,65791.1327141058,65791.1327141058,63323.96523732683,65297.69921875,327000,0.0,0.0
2021-07-13 00:00:00+07:00,64968.73750995223,65174.33478055335,64187.467881667995,64557.54296875,166800,0.0,0.0
2021-07-14 00:00:00+07:00,64557.54140625,66572.394609375,64557.54140625,65791.125,368400,0.0,0.0
2021-07-15 00:00:00+07:00,64968.73817620388,65750.0078125,64146.34908536586,65750.0078125,460800,0.0,0.0
2021-07-16 00:00:00+07:00,65750.00396558545,65750.00396558545,64968.734375,64968.734375,167800,0.0,0.0
2021-07-19 00:00:00+07:00,64557.53703984628,64557.53703984628,63118.35627781149,63529.55078125,254000,0.0,0.0
2021-07-20 00:00:00+07:00,63529.5589717742,64351.94808467742,63323.96169354839,63735.15625,425000,0.0,0.0
2021-07-21 00:00:00+07:00,64351.94632393974,64763.14086914063,64146.34905133929,64475.3046875,221000,0.0,0.0
2021-07-22 00:00:00+07:00,63940.75139705294,64351.94593979926,63858.51248850368,64269.70703125,588600,0.0,0.0
2021-07-23 00:00:00+07:00,64146.351318359375,64927.62098185221,63159.484375,63159.484375,489200,0.0,0.0
2021-07-26 00:00:00+07:00,63159.48273615635,63365.080010688114,62912.766006718244,63118.36328125,215800,0.0,0.0
2021-07-27 00:00:00+07:00,64146.34253640777,65379.9260467233,63323.95352953074,63529.55078125,240000,0.0,0.0
2021-07-28 00:00:00+07:00,63611.789681937706,64146.34253640777,63529.55078125,63529.55078125,77000,0.0,0.0
2021-07-29 00:00:00+07:00,63570.676069864654,64557.54296875,63570.676069864654,64557.54296875,209600,0.0,0.0
2021-07-30 00:00:00+07:00,65544.40749803459,65791.12421383648,64146.346108490565,65379.9296875,1136000,0.0,0.0
2021-08-02 00:00:00+07:00,64886.49075193424,64886.49075193424,63735.14617585429,63776.265625,479000,0.0,0.0
2021-08-03 00:00:00+07:00,64146.34789520283,64146.34789520283,63858.51171874999,63858.51171875,230800,0.0,0.0
2021-08-04 00:00:00+07:00,64146.3416838843,64968.73067983153,64146.3416838843,64680.89453125,524800,0.0,0.0
2021-08-05 00:00:00+07:00,63940.745474068724,64557.53723105331,63694.02877127489,64022.984375,371800,0.0,0.0
2021-08-06 00:00:00+07:00,64598.66418079494,64598.66418079494,63776.275076010796,63817.39453125,192800,0.0,0.0
2021-08-09 00:00:00+07:00,63817.38507414571,64557.535158768536,63776.265625,63776.265625,359600,0.0,0.0
2021-08-10 00:00:00+07:00,63817.388181375725,64475.29939974043,63365.07421875,63365.07421875,628200,0.0,0.0
2021-08-11 00:00:00+07:00,63735.15485672017,63858.51322095899,63406.19921875,63406.19921875,371800,0.0,0.0
2021-08-12 00:00:00+07:00,63365.0891395534,63406.20860038374,62953.89453125,62953.89453125,564000,0.0,0.0
2021-08-13 00:00:00+07:00,62953.8810009058,62953.8810009058,62337.089221014496,62419.328125,362400,0.0,0.0
2021-08-16 00:00:00+07:00,62419.328748557054,62707.164915381756,62254.85093894294,62337.08984375,437200,0.0,0.0
2021-08-17 00:00:00+07:00,62337.091344501714,62337.091344501714,59623.20742053264,59828.8046875,1256400,0.0,0.0
2021-08-18 00:00:00+07:00,59952.16733732877,61267.989940068495,59952.16733732877,60034.40625,935820,0.0,0.0
2021-08-19 00:00:00+07:00,60239.99728146115,60856.7890625,59705.44440456081,60856.7890625,1086600,0.0,0.0
2021-08-20 00:00:00+07:00,60733.430651770104,60733.430651770104,58800.81640625,58800.81640625,833720,0.0,0.0
2021-08-23 00:00:00+07:00,58800.82195870535,58800.82195870535,57567.23828125,57567.23828125,703000,0.0,0.0
2021-08-24 00:00:00+07:00,57978.42534783181,58759.6949092565,57484.99194061622,58554.09765625,600600,0.0,0.0
2021-08-25 00:00:00+07:00,58554.10593580163,60774.556582243546,58554.10593580163,60527.83984375,480000,0.0,0.0
2021-08-26 00:00:00+07:00,60486.7152354336,60815.67085873983,60239.99851795393,60692.3125,515600,0.0,0.0
2021-08-27 00:00:00+07:00,60568.9532907197,61267.98398042929,59911.04205334596,61062.38671875,274600,0.0,0.0
2021-08-30 00:00:00+07:00,61062.39277715268,61473.587341308594,60445.600930918816,60527.83984375,646560,0.0,0.0
2021-08-31 00:00:00+07:00,60527.827333333335,61679.171875,60239.99119791667,61679.171875,325400,0.0,0.0
2021-09-01 00:00:00+07:00,61555.81951916611,61555.81951916611,60856.78883658373,61144.625,293000,0.0,0.0
2021-09-06 00:00:00+07:00,60651.191969147956,61679.17827370979,60651.191969147956,61350.22265625,355600,0.0,0.0
2021-09-07 00:00:00+07:00,61473.58061533289,62008.13349024882,61062.38609616678,61144.625,257800,0.0,0.0
2021-09-08 00:00:00+07:00,61185.75237658439,61638.06640625,60980.15509037275,61638.06640625,342800,0.0,0.0
2021-09-09 00:00:00+07:00,61720.29898300991,61720.29898300991,60897.909922610044,61185.74609375,543400,0.0,0.0
2021-09-10 00:00:00+07:00,61144.62633648448,62460.44882657695,61144.62633648448,62254.8515625,415800,0.0,0.0
2021-09-13 00:00:00+07:00,64351.94906153251,66572.3997000774,63940.754498839015,66407.921875,1956000,0.0,0.0
2021-09-14 00:00:00+07:00,66572.39156155873,69491.8725997741,65996.71924416415,68258.2890625,1006400,0.0,0.0
2021-09-15 00:00:00+07:00,68258.2890625,68258.2890625,65174.33021931476,68258.2890625,479400,0.0,0.0
2021-09-16 00:00:00+07:00,67065.8367527174,67106.95621118014,65174.34166343168,66202.328125,456400,0.0,0.0
2021-09-17 00:00:00+07:00,65791.13354037267,66202.328125,64804.26653726708,66202.328125,3617400,0.0,0.0
2021-09-20 00:00:00+07:00,66613.50550773847,66613.50550773847,65092.0859375,65092.0859375,207000,0.0,0.0
2021-09-21 00:00:00+07:00,65009.85382713608,65750.00396558545,64146.345332278484,64968.734375,280200,0.0,0.0
2021-09-22 00:00:00+07:00,65174.331635680384,65585.52615704114,64968.734375,64968.734375,307000,0.0,0.0
2021-09-23 00:00:00+07:00,66120.08634244627,66120.08634244627,64927.62209870812,65050.98046875,162000,0.0,0.0
2021-09-24 00:00:00+07:00,65667.766640625,65791.125,65050.97484375,65791.125,220200,0.0,0.0
2021-09-27 00:00:00+07:00,65791.12421383648,65873.36311910377,64886.49625589622,65379.9296875,285000,0.0,0.0
2021-09-28 00:00:00+07:00,64968.73523034691,65133.213041056646,64557.540703572566,64598.66015625,360800,0.0,0.0
2021-09-29 00:00:00+07:00,64680.90196010045,64680.90196010045,63365.07941545759,64475.3046875,405000,0.0,0.0
2021-09-30 00:00:00+07:00,64351.94758032289,64557.54485693734,64228.58921435422,64310.828125,284000,0.0,0.0
2021-10-01 00:00:00+07:00,64351.94667791424,64351.94667791424,63323.96030925746,63406.19921875,498300,0.0,0.0
2021-10-04 00:00:00+07:00,63447.32006048387,65379.934475806454,63406.20060483871,63735.15625,151800,0.0,0.0
2021-10-05 00:00:00+07:00,65133.21028037383,66161.19655373832,63776.26839953271,65996.71875,558600,0.0,0.0
2021-10-06 00:00:00+07:00,65791.12610479798,65791.12610479798,64722.02030559501,65133.21484375,84600,0.0,0.0
2021-10-07 00:00:00+07:00,65379.93093868221,65585.52820578498,64680.90023053278,65215.453125,144000,0.0,0.0
2021-10-08 00:00:00+07:00,65215.44633527966,67148.06044483713,64763.132394744935,66901.34375,419400,0.0,0.0
2021-10-11 00:00:00+07:00,67024.703125,67847.09212039877,66901.34477569019,67024.703125,158400,0.0,0.0
2021-10-12 00:00:00+07:00,67641.49487154908,67805.97267062883,66613.50862730062,67024.703125,167400,0.0,0.0
2021-10-13 00:00:00+07:00,67394.79242041925,67805.98700504658,66120.08920807454,66202.328125,439800,0.0,0.0
2021-10-14 00:00:00+07:00,66202.31953125,67805.97820312499,65626.6471875,65791.125,264600,0.0,0.0
2021-10-15 00:00:00+07:00,65873.36298372236,67024.70765509829,65873.36298372236,66942.46875,161800,0.0,0.0
2021-10-18 00:00:00+07:00,66202.31953125,66613.5140625,65462.169375,65791.125,665600,0.0,0.0
2021-10-19 00:00:00+07:00,65832.24326942035,65832.24326942035,64146.345721608835,65174.33203125,496400,0.0,0.0
2021-10-20 00:00:00+07:00,65174.33655414385,65914.48674844958,63776.275076010796,63817.39453125,981200,0.0,0.0
2021-10-21 00:00:00+07:00,64228.58337273848,65174.33075914884,62501.56640624999,62501.56640625,573400,0.0,0.0
2021-10-22 00:00:00+07:00,63529.556235023956,64351.94531249999,63488.43678115016,64351.9453125,103600,0.0,0.0
2021-10-25 00:00:00+07:00,64351.936884273295,64968.7286115986,64351.936884273295,64434.17578125,136000,0.0,0.0
2021-10-26 00:00:00+07:00,64516.42463501448,64927.61918335746,63899.6328125,63899.6328125,270400,0.0,0.0
2021-10-27 00:00:00+07:00,64680.901994410575,65750.0078125,64146.34908536586,65750.0078125,381000,0.0,0.0
2021-10-28 00:00:00+07:00,66613.51144820778,67764.85609052247,65873.36132100548,67682.6171875,411800,0.0,0.0
2021-10-29 00:00:00+07:00,67682.61623831776,67682.61623831776,65996.71875,65996.71875,444400,0.0,0.0
2021-11-01 00:00:00+07:00,66078.96272183642,67024.71016589507,66078.96272183642,66613.515625,530000,0.0,0.0
2021-11-02 00:00:00+07:00,66942.46907157991,68052.69429574002,66613.51344960654,67929.3359375,360200,0.0,0.0
2021-11-03 00:00:00+07:00,67929.3325246234,71054.41077636153,67435.89911645422,70972.171875,808400,0.0,0.0
2021-11-04 00:00:00+07:00,69738.5908032596,70972.1743669965,68916.20176076834,70643.21875,212800,0.0,0.0
2021-11-05 00:00:00+07:00,69121.79459484012,70725.453125,69121.79459484012,70725.453125,606600,0.0,0.0
2021-11-08 00:00:00+07:00,70725.46146373056,71506.73109617876,69985.31128562176,71424.4921875,539800,0.0,0.0
2021-11-09 00:00:00+07:00,71301.12704741379,71547.84375,70314.26023706897,71547.84375,625400,0.0,0.0
2021-11-10 00:00:00+07:00,71547.84375,71547.84375,70314.26023706897,71547.84375,186600,0.0,0.0
2021-11-11 00:00:00+07:00,71465.60321584302,71917.91716024709,70725.453125,70725.453125,312600,0.0,0.0
2021-11-12 00:00:00+07:00,70725.453125,71506.72266533431,70684.33367550872,70725.453125,321600,0.0,0.0
2021-11-15 00:00:00+07:00,70684.339921875,71136.65390625,69903.0703125,69903.0703125,338600,0.0,0.0
2021-11-16 00:00:00+07:00,70314.2668797626,70314.2668797626,68463.89143555833,70149.7890625,219600,0.0,0.0
2021-11-17 00:00:00+07:00,70190.9029646261,70190.9029646261,69491.87229655425,70108.6640625,149000,0.0,0.0
2021-11-18 00:00:00+07:00,70273.15507487366,70273.15507487366,69162.9296875,69162.9296875,326800,0.0,0.0
2021-11-19 00:00:00+07:00,69162.92338046081,69574.11793087971,68669.48991995811,68710.609375,184200,0.0,0.0
2021-11-22 00:00:00+07:00,68669.49293154762,69820.83772321428,67435.90922619047,69080.6875,693000,0.0,0.0
2021-11-23 00:00:00+07:00,69121.80695684523,69820.83772321428,68792.85130208333,69080.6875,381200,0.0,0.0
2021-11-24 00:00:00+07:00,69080.6875,69491.88206845238,67477.0286830357,69080.6875,216400,0.0,0.0
2021-11-25 00:00:00+07:00,69080.67727272728,69080.67727272728,67847.09375,67847.09375,261200,0.0,0.0
2021-11-26 00:00:00+07:00,68093.80969101124,68093.80969101124,65791.12047440698,65873.359375,543600,0.0,0.0
2021-11-29 00:00:00+07:00,65791.1194746957,65791.1194746957,64187.4609375,64187.4609375,368600,0.0,0.0
2021-11-30 00:00:00+07:00,64269.70840604708,65791.12824675324,63323.9609375,63323.9609375,978600,0.0,0.0
2021-12-01 00:00:00+07:00,64968.737120607024,64968.737120607024,63570.67568889776,64351.9453125,164000,0.0,0.0
2021-12-02 00:00:00+07:00,64351.9433716588,65791.12421383648,64351.9433716588,65379.9296875,461200,0.0,0.0
2021-12-03 00:00:00+07:00,65379.93205115446,65379.93205115446,64557.54296875,64557.54296875,624200,0.0,0.0
2021-12-06 00:00:00+07:00,64475.301368733504,64475.301368733504,62337.08984375,62337.08984375,303000,0.0,0.0
2021-12-07 00:00:00+07:00,62419.33216911765,63529.557444852944,62419.33216911765,62912.765625,392800,0.0,0.0
2021-12-08 00:00:00+07:00,62953.88734977927,63159.48463047744,62789.40952522073,62871.6484375,421600,0.0,0.0
2021-12-09 00:00:00+07:00,62912.76132172131,63406.19474385246,62666.044610655736,62707.1640625,714400,0.0,0.0
2021-12-10 00:00:00+07:00,62707.16468575591,63323.956469550234,62460.44797223819,62624.92578125,300400,0.0,0.0
2021-12-13 00:00:00+07:00,62912.761947020685,63036.12030377955,62624.92578125,62624.92578125,412200,0.0,0.0
2021-12-14 00:00:00+07:00,62624.92228147497,63323.952930710075,62501.56393160995,62830.51953125,312800,0.0,0.0
2021-12-15 00:00:00+07:00,62912.76132172131,62912.76132172131,62583.805706967214,62707.1640625,266800,0.0,0.0
2021-12-16 00:00:00+07:00,62624.92395747102,62789.401761692876,61925.89328952814,62090.37109375,242800,0.0,0.0
2021-12-17 00:00:00+07:00,62090.36635416667,62213.72469791667,61679.171875,61679.171875,438600,0.0,0.0
2021-12-20 00:00:00+07:00,61720.29835360738,61720.29835360738,61185.74546979866,61267.984375,739200,0.0,0.0
2021-12-21 00:00:00+07:00,61267.986641621894,61555.82282047515,61185.747733378106,61226.8671875,306000,0.0,0.0
2021-12-22 00:00:00+07:00,61267.9848407859,61267.9848407859,60651.193047086716,60692.3125,318800,0.0,0.0
2021-12-23 00:00:00+07:00,60568.950457900784,60692.30880913887,60363.35320583731,60404.47265625,394400,0.0,0.0
2021-12-24 00:00:00+07:00,60240.00427827381,61185.75178571429,60116.64590773809,60445.6015625,331600,0.0,0.0
2021-12-27 00:00:00+07:00,60568.95515339757,62090.37493661258,60527.835699797164,60815.671875,216600,0.0,0.0
2021-12-28 00:00:00+07:00,61473.589746291305,61473.589746291305,60651.2005858058,60980.15625,313000,0.0,0.0
2021-12-29 00:00:00+07:00,60980.15625,60980.15625,60733.43950185435,60980.15625,362600,0.0,0.0
2021-12-30 00:00:00+07:00,61267.986641621894,61267.986641621894,61062.389371012425,61226.8671875,224200,0.0,0.0
2021-12-31 00:00:00+07:00,61226.862621585264,65421.04662924255,61226.862621585264,62090.37109375,661400,0.0,0.0
2022-01-04 00:00:00+07:00,62501.57026273885,64763.140239351116,62501.57026273885,64557.54296875,1652600,0.0,0.0
2022-01-05 00:00:00+07:00,64968.736169962336,65667.76687558851,64968.736169962336,65503.2890625,790600,0.0,0.0
2022-01-06 00:00:00+07:00,65379.94125658525,65462.18017640485,64146.35745929118,64393.07421875,199600,0.0,0.0
2022-01-07 00:00:00+07:00,63611.79966445006,63611.79966445006,62542.693787736614,62995.0078125,1022200,0.0,0.0
2022-01-10 00:00:00+07:00,63365.07488949424,63365.07488949424,62131.49134200246,62501.56640625,391800,0.0,0.0
2022-01-11 00:00:00+07:00,62501.57333224329,62912.76789363963,61884.78149014879,62871.6484375,308400,0.0,0.0
2022-01-12 00:00:00+07:00,62830.51953125,62871.638981205004,62049.24998210487,62830.51953125,506600,0.0,0.0
2022-01-13 00:00:00+07:00,62912.760114859266,62953.87956591473,62090.37109375,62090.37109375,360000,0.0,0.0
2022-01-14 00:00:00+07:00,61679.17575296248,62542.684213503955,61679.17575296248,62460.4453125,209800,0.0,0.0
2022-01-17 00:00:00+07:00,62501.56083333334,63694.02482291667,61267.97739583334,61679.171875,550000,0.0,0.0
2022-01-18 00:00:00+07:00,61720.29603425082,62871.6406638038,61720.29603425082,62090.37109375,638800,0.0,0.0
2022-01-19 00:00:00+07:00,62501.56083333334,62501.56083333334,61267.97739583334,61679.171875,223000,0.0,0.0
2022-01-20 00:00:00+07:00,60651.18567708333,63159.472,60198.871750000006,61679.171875,476200,0.0,0.0
2022-01-21 00:00:00+07:00,62460.447693201015,62460.447693201015,59623.2055004223,60856.7890625,397400,0.0,0.0
2022-01-24 00:00:00+07:00,60980.15697467673,60980.15697467673,59417.61755118534,59623.21484375,323200,0.0,0.0
2022-01-25 00:00:00+07:00,59582.095385237066,61062.39589170259,58759.70621497845,59623.21484375,311600,0.0,0.0
2022-01-26 00:00:00+07:00,59623.20521811934,59623.20521811934,58800.81618062805,59088.65234375,524200,0.0,0.0
2022-01-27 00:00:00+07:00,59623.206878990255,61226.865546769994,59212.012348790326,61185.74609375,675000,0.0,0.0
2022-01-28 00:00:00+07:00,61185.74445191662,61596.93897108272,60486.71376933423,61144.625,329600,0.0,0.0
2022-02-07 00:00:00+07:00,61473.58557024572,63735.15560794707,61473.58557024572,62542.69140625,491400,0.0,0.0
2022-02-08 00:00:00+07:00,63118.36504007187,63652.91796875,62460.453743237245,63652.91796875,386200,0.0,0.0
2022-02-09 00:00:00+07:00,63488.43938962939,63652.91721188232,62090.37790047952,63241.72265625,341000,0.0,0.0
2022-02-10 00:00:00+07:00,63652.914978105095,64557.54296875,62213.734083897296,64557.54296875,522200,0.0,0.0
2022-02-11 00:00:00+07:00,64598.65439967105,65626.640625,63940.74321546053,65626.640625,705000,0.0,0.0
2022-02-14 00:00:00+07:00,63817.39189994044,69039.5625,63817.39189994044,69039.5625,1537000,0.0,0.0
2022-02-15 00:00:00+07:00,68998.44234375,70067.548125,68628.367265625,69903.0703125,860800,0.0,0.0
2022-02-16 00:00:00+07:00,70026.42582764252,70026.42582764252,67847.09490053444,69245.15625,275000,0.0,0.0
2022-02-17 00:00:00+07:00,69039.5583348607,70807.69473057185,68875.08053060851,70108.6640625,810600,0.0,0.0
2022-02-18 00:00:00+07:00,69080.67923553719,69861.94882212958,68587.24581242622,69656.3515625,378200,0.0,0.0
2022-02-21 00:00:00+07:00,69491.88481168926,69903.07939637383,68669.49564232017,69738.6015625,271000,0.0,0.0
2022-02-22 00:00:00+07:00,69450.75350727435,69450.75350727435,65791.12232779097,69245.15625,438400,0.0,0.0
2022-02-23 00:00:00+07:00,69121.80518900913,70067.55267226149,69121.80518900913,69820.8359375,547100,0.0,0.0
2022-02-24 00:00:00+07:00,68299.41064654538,70067.54710518563,68052.69393138627,69779.7109375,676000,0.0,0.0
2022-02-25 00:00:00+07:00,69574.12372862617,69903.07939637383,69080.69022700471,69738.6015625,296000,0.0,0.0
2022-02-28 00:00:00+07:00,69491.88029115135,69861.95539329358,68505.01335210542,69820.8359375,141200,0.0,0.0
2022-03-01 00:00:00+07:00,69820.83772321428,69820.83772321428,68875.0902157738,69080.6875,145800,0.0,0.0
2022-03-02 00:00:00+07:00,68669.49366678995,69491.8828125,68258.29909393491,69491.8828125,186400,0.0,0.0
2022-03-03 00:00:00+07:00,69286.28174558647,69450.75956575404,68710.609375,68710.609375,47400,0.0,0.0
2022-03-04 00:00:00+07:00,68258.2921875,68258.2921875,65791.125,65791.125,305400,0.0,0.0
2022-03-07 00:00:00+07:00,64763.13994532261,65750.00683972752,62953.88397224693,63570.67578125,572800,0.0,0.0
2022-03-08 00:00:00+07:00,63036.1236418501,63981.87109375,62995.00418741967,63981.87109375,193600,0.0,0.0
2022-03-09 00:00:00+07:00,63611.797883064515,66202.32358870968,63323.96169354839,63735.15625,439600,0.0,0.0
2022-03-10 00:00:00+07:00,63735.15388634554,65379.93205115446,63735.15388634554,64557.54296875,286000,0.0,0.0
2022-03-11 00:00:00+07:00,65297.6947849026,65297.6947849026,63200.602572037336,63323.9609375,525400,0.0,0.0
2022-03-14 00:00:00+07:00,62912.766385957795,63694.03603388799,62090.37728287338,63323.9609375,349000,0.0,0.0
2022-03-15 00:00:00+07:00,63323.955665482485,63323.955665482485,61884.77485490334,62213.73046875,276000,0.0,0.0
2022-03-16 00:00:00+07:00,62295.974558644484,63365.08039265422,61967.018917410714,63323.9609375,504000,0.0,0.0
2022-03-17 00:00:00+07:00,63323.9609375,63323.9609375,62583.810744724025,63323.9609375,245200,0.0,0.0
2022-03-18 00:00:00+07:00,63611.79916976073,63694.03808271453,62295.97656250001,62295.9765625,480400,0.0,0.0
2022-03-21 00:00:00+07:00,63282.82745770368,63282.82745770368,62542.67742895861,62583.796875,231000,0.0,0.0
2022-03-22 00:00:00+07:00,63241.72202719156,63488.438758116885,62830.52747564935,63323.9609375,314600,0.0,0.0
2022-03-23 00:00:00+07:00,63323.95972222222,65791.12698412698,62871.64572420635,64763.140625,290800,0.0,0.0
2022-03-24 00:00:00+07:00,64886.49609375,64927.61554628089,63735.15142288498,64886.49609375,288400,0.0,0.0
2022-03-25 00:00:00+07:00,64968.7378968254,64968.7378968254,64105.229355158735,64763.140625,325200,0.0,0.0
2022-03-28 00:00:00+07:00,65009.855077133565,65009.855077133565,63323.95750713832,64804.2578125,336200,0.0,0.0
2022-03-29 00:00:00+07:00,64804.2565664557,65338.80944422469,63858.50916732595,64968.734375,438200,0.0,0.0
2022-03-30 00:00:00+07:00,64968.7366410703,64968.7366410703,64310.82538394554,64927.6171875,399800,0.0,0.0
2022-03-31 00:00:00+07:00,64927.61570852987,65379.92968749999,64722.01844536163,65379.9296875,753800,0.0,0.0
2022-04-01 00:00:00+07:00,65996.72704457805,68258.29713021779,65421.05465914247,67970.4609375,1076400,0.0,0.0
2022-04-04 00:00:00+07:00,68587.24115990991,68792.8384055931,68052.68832113364,68463.8828125,622800,0.0,0.0
2022-04-05 00:00:00+07:00,68463.88178305505,68669.47902564681,68258.2845404633,68340.5234375,498800,0.0,0.0
2022-04-06 00:00:00+07:00,68258.28797935104,69985.30490412979,67065.82391224189,69697.46875,850400,0.0,0.0
2022-04-07 00:00:00+07:00,69409.63014264265,69409.63014264265,68463.8828125,68463.8828125,259200,0.0,0.0
2022-04-08 00:00:00+07:00,66449.04255481121,68299.41812100336,66449.04255481121,67518.1484375,350400,0.0,0.0
2022-04-12 00:00:00+07:00,67477.02595395745,68669.49015424066,67148.0703125,67148.0703125,263400,0.0,0.0
2022-04-13 00:00:00+07:00,67189.19304281347,67847.10435779816,66695.75955657492,67230.3125,345600,0.0,0.0
2022-04-14 00:00:00+07:00,67394.77592308268,68669.47882339724,66449.02860994608,68628.359375,620600,0.0,0.0
2022-04-15 00:00:00+07:00,68258.30034104388,70232.03432680901,68258.30034104388,69327.40625,480200,0.0,0.0
2022-04-18 00:00:00+07:00,69245.1590625,71136.65390625,69080.68125,69903.0703125,1639600,0.0,0.0
2022-04-19 00:00:00+07:00,69903.07180654233,70314.26634658081,68258.2936463884,69450.7578125,698600,0.0,0.0
2022-04-20 00:00:00+07:00,69450.75019077036,71095.52817042152,68669.48065043605,70725.453125,645000,0.0,0.0
2022-04-21 00:00:00+07:00,69944.18874760608,70643.21944055687,68628.36626675751,69779.7109375,1123400,0.0,0.0
2022-04-22 00:00:00+07:00,69738.60129183794,74590.69737228421,64927.62466970053,70026.4375,806400,0.0,0.0
2022-04-25 00:00:00+07:00,69574.11585582387,69574.11585582387,65133.21484375,65133.21484375,617800,0.0,0.0
2022-04-26 00:00:00+07:00,62090.38050110947,69615.2411843565,62090.38050110947,69491.8828125,1000600,0.0,0.0
2022-04-27 00:00:00+07:00,66695.75971708579,69491.8828125,66695.75971708579,69491.8828125,353000,0.0,0.0
2022-04-28 00:00:00+07:00,67888.21320075759,68669.48276515152,67106.94363636363,67847.09375,87400,0.0,0.0
2022-04-29 00:00:00+07:00,67600.38814774831,68258.29946792104,65791.13201727328,66654.640625,443000,0.0,0.0
2022-05-04 00:00:00+07:00,65708.89258409786,67435.90978593273,65708.89258409786,67230.3125,211800,0.0,0.0
2022-05-05 00:00:00+07:00,67230.30389887102,69656.3515625,66284.55650457497,69656.3515625,224600,0.0,0.0
2022-05-06 00:00:00+07:00,68258.29412313433,69615.2361147388,67847.09958022388,68875.0859375,430000,0.0,0.0
2022-05-09 00:00:00+07:00,67148.07261086821,68669.49250468457,65791.13054341037,65832.25,432000,0.0,0.0
2022-05-10 00:00:00+07:00,64680.9056530473,67847.1038318678,64557.547282443906,67805.984375,294000,0.0,0.0
2022-05-11 00:00:00+07:00,67764.86544342508,67970.46272935781,66613.52064220184,67230.3125,438800,0.0,0.0
2022-05-12 00:00:00+07:00,67230.31197885082,68505.01514175258,66572.40066896605,67805.984375,538800,0.0,0.0
2022-05-13 00:00:00+07:00,67435.89658881378,67847.09108020898,63282.83222572219,66901.34375,663200,0.0,0.0
2022-05-16 00:00:00+07:00,65379.92952412072,66572.39364751664,63529.55416023051,64886.49609375,199400,0.0,0.0
2022-05-17 00:00:00+07:00,63241.71200906345,68052.6875,62912.75641993958,68052.6875,404600,0.0,0.0
2022-05-18 00:00:00+07:00,66613.51915634675,66942.47480650154,65379.93546826626,66407.921875,430800,0.0,0.0
2022-05-19 00:00:00+07:00,64146.351289134436,66983.59375,64146.351289134436,66983.59375,383800,0.0,0.0
2022-05-20 00:00:00+07:00,65092.09548222843,66078.96237519967,64146.34804313099,64351.9453125,393400,0.0,0.0
2022-05-23 00:00:00+07:00,64393.06049744484,64968.732813513954,63323.954767602205,63365.07421875,312800,0.0,0.0
2022-05-24 00:00:00+07:00,63365.08039265422,63735.15548904221,62912.766385957795,63323.9609375,356200,0.0,0.0
2022-05-25 00:00:00+07:00,63323.9609375,63981.87221996753,62953.885841112016,63323.9609375,452400,0.0,0.0
2022-05-26 00:00:00+07:00,63323.96017156863,64022.9909007353,62707.16835171569,62912.765625,574800,0.0,0.0
2022-05-27 00:00:00+07:00,62953.885841112016,63611.79712357955,62789.40802049513,63323.9609375,457400,0.0,0.0
2022-05-30 00:00:00+07:00,63323.96283205671,63694.03793951679,62789.40989905883,63077.24609375,281800,0.0,0.0
2022-05-31 00:00:00+07:00,63077.24382634365,63611.79674012622,62460.452002748374,63118.36328125,569200,0.0,0.0
2022-06-01 00:00:00+07:00,62748.29722709831,63529.566982874756,62748.29722709831,62953.89453125,712200,0.0,0.0
2022-06-02 00:00:00+07:00,62953.885079656866,63323.96017156863,62748.28780637255,62912.765625,229800,0.0,0.0
2022-06-03 00:00:00+07:00,62912.76651598744,64475.30581507732,62912.76651598744,63817.39453125,737400,0.0,0.0
2022-06-06 00:00:00+07:00,63735.15119775236,65338.809840792586,63735.15119775236,65174.33203125,442600,0.0,0.0
2022-06-07 00:00:00+07:00,64927.61872166198,65750.0078125,64516.42417624297,65750.0078125,275400,0.0,0.0
2022-06-08 00:00:00+07:00,65750.00452997808,66695.75193722604,64927.615480197244,65667.765625,577800,0.0,0.0
2022-06-09 00:00:00+07:00,65667.76822999601,65708.88768411624,64557.54296875,64557.54296875,222000,0.0,0.0
2022-06-10 00:00:00+07:00,64557.542728479704,65092.0956300531,64351.945458643786,64845.37890625,153600,0.0,0.0
2022-06-13 00:00:00+07:00,63735.15471813726,63735.15471813726,62378.21271446079,62912.765625,483000,0.0,0.0
2022-06-14 00:00:00+07:00,62501.56083333334,62666.038625,61514.694083333336,61679.171875,392800,0.0,0.0
2022-06-15 00:00:00+07:00,62501.56640624999,62789.40256733141,61679.17737458881,62501.56640625,343600,0.0,0.0
2022-06-16 00:00:00+07:00,62707.16936740729,64968.73941016624,62707.16936740729,64310.828125,535400,0.0,0.0
2022-06-17 00:00:00+07:00,62871.644593850164,64557.542192508015,62090.37497495994,64146.34765625,301600,0.0,0.0
2022-06-20 00:00:00+07:00,62912.76092208059,63611.7915989926,62295.9691483347,62501.56640625,104800,0.0,0.0
2022-06-21 00:00:00+07:00,63118.36441532258,64968.73991935484,61267.988911290326,63735.15625,445800,0.0,0.0
2022-06-22 00:00:00+07:00,64845.378367888625,64845.378367888625,63323.95858373398,64146.34765625,371000,0.0,0.0
2022-06-23 00:00:00+07:00,62337.09587882986,63694.03793951679,62337.09587882986,63077.24609375,47000,0.0,0.0
2022-06-24 00:00:00+07:00,62583.80964311536,64064.11000261086,62583.80964311536,63981.87109375,248000,0.0,0.0
2022-06-27 00:00:00+07:00,64146.34905133929,64516.42414202009,63735.154506138395,64475.3046875,298200,0.0,0.0
2022-06-28 00:00:00+07:00,64475.3017982177,64680.89906160487,62830.5236911203,64598.66015625,138200,0.0,0.0
2022-06-29 00:00:00+07:00,64598.66404728084,64598.66404728084,63118.363661728894,63323.9609375,118600,0.0,0.0
2022-06-30 00:00:00+07:00,63323.959057648775,64146.34813631954,63323.959057648775,63570.67578125,188600,0.0,0.0
2022-07-01 00:00:00+07:00,64022.986065423975,64022.986065423975,62707.16361578135,63282.8359375,123000,0.0,0.0
2022-07-04 00:00:00+07:00,63323.96055578176,63735.15510484528,62707.16873218649,63118.36328125,81600,0.0,0.0
2022-07-05 00:00:00+07:00,63652.91087118701,63694.03032265418,62008.1328125,62008.1328125,342600,0.0,0.0
2022-07-06 00:00:00+07:00,62008.13114351245,62912.75905144167,61679.1755406291,62748.28125,220600,0.0,0.0
2022-07-07 00:00:00+07:00,62871.64398107395,64228.5859375,62254.852182698465,64228.5859375,144200,0.0,0.0
2022-07-08 00:00:00+07:00,62871.63774379433,64269.69901474855,62871.63774379433,63776.265625,223000,0.0,0.0
2022-07-11 00:00:00+07:00,63159.47388781432,63776.265625,62912.75719294004,63776.265625,209000,0.0,0.0
2022-07-12 00:00:00+07:00,62830.52872721354,63735.1567586263,62830.52872721354,63159.484375,91800,0.0,0.0
2022-07-13 00:00:00+07:00,62995.006551106766,64064.11240641276,62995.006551106766,63159.484375,123400,0.0,0.0
2022-07-14 00:00:00+07:00,62912.76551908489,63735.154610837635,62912.76551908489,63694.03515625,144800,0.0,0.0
2022-07-15 00:00:00+07:00,63323.9609375,63447.319302962664,62748.28856534091,63323.9609375,117000,0.0,0.0
2022-07-18 00:00:00+07:00,63036.12412603356,63406.19921875,62995.00467128729,63406.19921875,64000,0.0,0.0
2022-07-19 00:00:00+07:00,63529.55723353795,64516.42414202009,62995.00432477679,64475.3046875,378000,0.0,0.0
2022-07-20 00:00:00+07:00,64763.135437852,65708.8828125,64475.29928035044,65708.8828125,254400,0.0,0.0
2022-07-21 00:00:00+07:00,65791.12121212122,68258.28825757575,65791.12121212122,67847.09375,586400,0.0,0.0
2022-07-22 00:00:00+07:00,67435.9000376506,69039.55863610693,66202.3165003765,68258.2890625,492800,0.0,0.0
2022-07-25 00:00:00+07:00,68258.28825757575,68258.28825757575,67024.70473484849,67847.09375,973800,0.0,0.0
2022-07-26 00:00:00+07:00,66613.51157200358,69080.67866726297,66613.51157200358,68957.3203125,330200,0.0,0.0
2022-07-27 00:00:00+07:00,68998.43976408766,68998.43976408766,68176.05073233452,68957.3203125,373400,0.0,0.0
2022-07-28 00:00:00+07:00,69574.10933887283,71959.03743677746,69574.10933887283,71136.6484375,966600,0.0,0.0
2022-07-29 00:00:00+07:00,72123.52078125,75865.391015625,72123.52078125,74015.015625,890600,0.0,0.0
2022-08-01 00:00:00+07:00,74837.40701844262,75659.79610655738,74138.37629354508,75248.6015625,569200,0.0,0.0
2022-08-02 00:00:00+07:00,74837.39999334398,77263.4475755458,74837.39999334398,77222.328125,525000,0.0,0.0
2022-08-03 00:00:00+07:00,76482.18503159558,78538.15774749868,75988.75157977884,78085.84375,712800,0.0,0.0
2022-08-04 00:00:00+07:00,77304.5679054054,78250.31527871621,74015.01182432432,76070.984375,685400,0.0,0.0
2022-08-05 00:00:00+07:00,74878.5277245345,78126.96467688937,74672.930449069,75084.125,489400,0.0,0.0
2022-08-08 00:00:00+07:00,75413.07782285912,77304.57268646409,73603.8218663674,74426.2109375,335200,0.0,0.0
2022-08-09 00:00:00+07:00,75659.78912319645,75659.78912319645,74097.25,74097.25,377600,0.0,0.0
2022-08-10 00:00:00+07:00,74837.4140625,74837.4140625,73521.59139766484,74837.4140625,310800,0.0,0.0
2022-08-11 00:00:00+07:00,75166.3697287088,75947.63943595467,74015.02489697802,74837.4140625,437400,0.0,0.0
2022-08-12 00:00:00+07:00,74631.81677111951,75043.0113538805,74261.74164663462,74837.4140625,278800,0.0,0.0
2022-08-15 00:00:00+07:00,74837.4016297043,76893.37420194893,74467.32656670027,76482.1796875,565800,0.0,0.0
2022-08-16 00:00:00+07:00,77057.8535987367,77510.16757396942,76523.30071891623,77304.5703125,425600,0.0,0.0
2022-08-17 00:00:00+07:00,77304.58239389921,77592.41860494032,75659.80404509284,77510.1796875,461600,0.0,0.0
2022-08-18 00:00:00+07:00,77469.05615310077,81375.4045260013,76523.30865229329,79566.1484375,788400,0.0,0.0
2022-08-19 00:00:00+07:00,78579.27109375,80635.24364983974,78579.27109375,80182.9296875,248600,0.0,0.0
2022-08-22 00:00:00+07:00,80347.41455380154,80347.41455380154,79031.59200225514,79771.7421875,235600,0.0,0.0
2022-08-23 00:00:00+07:00,79566.14975328947,80182.9416118421,78126.96875,78126.96875,258800,0.0,0.0
2022-08-24 00:00:00+07:00,78126.95061831552,79072.69791527407,76687.76994903076,76893.3671875,286200,0.0,0.0
2022-08-25 00:00:00+07:00,76934.49874583333,79278.30763333334,76811.14038333333,77098.9765625,182800,0.0,0.0
2022-08-26 00:00:00+07:00,77016.73414644282,77510.16757396942,75783.15057762634,77304.5703125,263000,0.0,0.0
2022-08-29 00:00:00+07:00,75454.19495927526,78085.83990608378,75454.19495927526,77304.5703125,252600,0.0,0.0
2022-08-30 00:00:00+07:00,77510.1698459952,77715.76711349122,76811.13913650878,77263.453125,254800,0.0,0.0
2022-08-31 00:00:00+07:00,77222.33367150079,77469.050392496,76276.58624101916,77263.453125,592000,0.0,0.0
2022-09-05 00:00:00+07:00,77263.45086020613,77345.68976479389,76523.30071891623,77304.5703125,351800,0.0,0.0
2022-09-06 00:00:00+07:00,77304.58012990456,78414.80548283404,77222.34121487275,77551.296875,207000,0.0,0.0
2022-09-07 00:00:00+07:00,77551.2870262633,77715.76483543884,76194.34510056516,77304.5703125,356800,0.0,0.0
2022-09-08 00:00:00+07:00,77715.76694542254,79401.66453524386,77304.57241131976,78825.9921875,536400,0.0,0.0
2022-09-09 00:00:00+07:00,79154.9471104231,80388.53070175438,78825.9914860681,79689.5,600200,0.0,0.0
2022-09-12 00:00:00+07:00,79689.49627403845,81334.27431891025,79689.49627403845,80182.9296875,525000,0.0,0.0
2022-09-13 00:00:00+07:00,80182.93439136125,80881.9651014398,78538.15625,78538.15625,426200,0.0,0.0
2022-09-14 00:00:00+07:00,78126.95609714674,78126.95609714674,75659.7890625,75659.7890625,544800,0.0,0.0
2022-09-15 00:00:00+07:00,75865.39591625067,77304.57686859147,75248.6040795332,76194.3515625,499600,0.0,0.0
2022-09-16 00:00:00+07:00,77674.65197062196,77674.65197062196,75248.6040795332,76194.3515625,378200,0.0,0.0
2022-09-19 00:00:00+07:00,76194.3515625,77098.97958968564,76029.87373937534,76194.3515625,464600,0.0,0.0
2022-09-20 00:00:00+07:00,76482.18475,77921.36564583334,76399.94584166667,77098.9765625,163600,0.0,0.0
2022-09-21 00:00:00+07:00,76276.58400515292,77921.36209690824,76153.22564827128,77304.5703125,163400,0.0,0.0
2022-09-22 00:00:00+07:00,77880.2339321524,77880.2339321524,76399.9338151738,76893.3671875,379800,0.0,0.0
2022-09-23 00:00:00+07:00,77304.5616644385,77304.5616644385,76358.81436747995,76893.3671875,464000,0.0,0.0
2022-09-26 00:00:00+07:00,76482.17888513513,77304.5679054054,75659.78986486487,76070.984375,361400,0.0,0.0
2022-09-27 00:00:00+07:00,76646.66557609283,76646.66557609283,75248.6040795332,76194.3515625,251000,0.0,0.0
2022-09-28 00:00:00+07:00,75659.79610655738,75988.75174180328,71959.04521004099,75248.6015625,157600,0.0,0.0
2022-09-29 00:00:00+07:00,76317.71198030634,76317.71198030634,74220.61967912335,75166.3671875,578000,0.0,0.0
2022-09-30 00:00:00+07:00,73192.62280405406,76687.77614020271,73192.62280405406,76070.984375,300400,0.0,0.0
2022-10-03 00:00:00+07:00,74426.21496809824,76482.18775727223,74426.21496809824,74919.6484375,214800,0.0,0.0
2022-10-04 00:00:00+07:00,74919.64207945479,77674.64538314495,74919.64207945479,77304.5703125,835600,0.0,0.0
2022-10-05 00:00:00+07:00,77962.49017857143,78538.16257440476,76934.50375744047,77715.7734375,570200,0.0,0.0
2022-10-06 00:00:00+07:00,76153.22858920883,76687.78148967304,76070.9896814451,76399.9453125,168200,0.0,0.0
2022-10-07 00:00:00+07:00,75248.589279746,76893.3671875,75248.589279746,76893.3671875,466200,0.0,0.0
2022-10-10 00:00:00+07:00,76482.18241869919,76523.30187161246,74508.44867886178,75865.390625,612000,0.0,0.0
2022-10-11 00:00:00+07:00,75454.203125,76276.59225987739,74878.53073058583,75454.203125,356600,0.0,0.0
2022-10-12 00:00:00+07:00,77098.98139475477,77098.98139475477,75454.203125,75454.203125,1200400,0.0,0.0
2022-10-13 00:00:00+07:00,75454.20402960526,78126.96875,74631.81488486842,78126.96875,491200,0.0,0.0
2022-10-14 00:00:00+07:00,79360.54165007961,79360.54165007961,75659.79100318471,77469.046875,238200,0.0,0.0
2022-10-17 00:00:00+07:00,76276.58719104539,78044.72371353323,75495.31756482982,76112.109375,273400,0.0,0.0
2022-10-18 00:00:00+07:00,77880.24094441519,78044.71875,76194.34343717071,78044.71875,1360600,0.0,0.0
2022-10-19 00:00:00+07:00,78126.9561943426,78497.03125,77510.16443491356,78497.03125,347800,0.0,0.0
2022-10-20 00:00:00+07:00,78126.95496275484,78908.22451238238,77797.99936291167,78661.5078125,228800,0.0,0.0
2022-10-21 00:00:00+07:00,78743.75505990932,80182.93596178756,77880.24651878238,79360.546875,495000,0.0,0.0
2022-10-24 00:00:00+07:00,80594.12897099448,83472.49071995857,74426.2109375,74426.2109375,598600,0.0,0.0
2022-10-25 00:00:00+07:00,75495.31120207667,79154.94230065228,75454.19175153087,77222.328125,844200,0.0,0.0
2022-10-26 00:00:00+07:00,79607.26376947878,79607.26376947878,76523.3046875,76523.3046875,341200,0.0,0.0
2022-10-27 00:00:00+07:00,76564.42241551357,77674.64765999201,75454.19717103512,77263.453125,943600,0.0,0.0
2022-10-28 00:00:00+07:00,78126.96341012897,78373.68013668727,76523.3046875,76523.3046875,438000,0.0,0.0
2022-10-31 00:00:00+07:00,77510.1741474973,77510.1741474973,75043.00680062737,76194.3515625,211400,0.0,0.0
2022-11-01 00:00:00+07:00,76194.35105613426,76852.26234426061,75330.8424904684,75495.3203125,341400,0.0,0.0
2022-11-02 00:00:00+07:00,75495.32258174387,75495.32258174387,74056.14159570844,75454.203125,669400,0.0,0.0
2022-11-03 00:00:00+07:00,75248.60864526099,75248.60864526099,74261.74164663462,74837.4140625,353000,0.0,0.0
2022-11-04 00:00:00+07:00,74837.4140625,76070.99781078297,73603.83031421703,74837.4140625,694000,0.0,0.0
2022-11-07 00:00:00+07:00,74878.51950152854,75659.7890625,74467.32499575408,75659.7890625,451400,0.0,0.0
2022-11-08 00:00:00+07:00,75659.79610655738,75742.03501536885,75166.36265368853,75248.6015625,628000,0.0,0.0
2022-11-09 00:00:00+07:00,75289.71828421409,76399.94351287262,75289.71828421409,75865.390625,290600,0.0,0.0
2022-11-10 00:00:00+07:00,76276.58515413279,76482.18241869919,75248.59883130081,75865.390625,535200,0.0,0.0
2022-11-11 00:00:00+07:00,77304.56702609158,78908.22559737753,76399.93911408413,77222.328125,324000,0.0,0.0
2022-11-14 00:00:00+07:00,77222.32920673076,80553.00474759615,74837.40104166666,80182.9296875,720000,0.0,0.0
2022-11-15 00:00:00+07:00,80141.8153652815,80141.8153652815,76687.78125,76687.78125,318000,0.0,0.0
2022-11-16 00:00:00+07:00,74837.40217090708,76482.18024059734,74343.96875,74343.96875,742800,0.0,0.0
2022-11-17 00:00:00+07:00,75207.48210809426,79525.02482069672,73809.42065829918,75248.6015625,565200,0.0,0.0
2022-11-18 00:00:00+07:00,76235.47676304409,76276.59622192383,73398.2341003418,73686.0703125,590800,0.0,0.0
2022-11-21 00:00:00+07:00,74837.4082694414,75659.7973713034,74015.0191675794,75084.125,230600,0.0,0.0
2022-11-22 00:00:00+07:00,74302.84805722268,76070.9844526076,74056.1313508899,74508.4453125,280200,0.0,0.0
2022-11-23 00:00:00+07:00,74343.98056318682,75248.60864526099,74343.98056318682,74837.4140625,191800,0.0,0.0
2022-11-24 00:00:00+07:00,75248.58773372577,75248.58773372577,74015.00432825484,74220.6015625,379200,0.0,0.0
2022-11-25 00:00:00+07:00,74220.612890625,74919.64359374999,73973.89617187499,74015.015625,288800,0.0,0.0
2022-11-28 00:00:00+07:00,68833.96755893563,74015.01888057595,68833.96755893563,72822.5546875,753400,0.0,0.0
2022-11-29 00:00:00+07:00,72863.67565696023,73973.90096324573,71671.21143909801,72370.2421875,821400,0.0,0.0
2022-11-30 00:00:00+07:00,73932.77671875,74302.851796875,72411.356953125,74015.015625,734600,0.0,0.0
2022-12-01 00:00:00+07:00,73603.82380451825,74220.61562410918,71959.04561894241,72123.5234375,755200,0.0,0.0
2022-12-02 00:00:00+07:00,72164.63791048729,74343.9688559322,72164.63791048729,72781.4296875,828400,0.0,0.0
2022-12-05 00:00:00+07:00,72822.55048344462,74426.20913327768,72822.55048344462,73891.65625,334400,0.0,0.0
2022-12-06 00:00:00+07:00,73850.54056372549,74015.01838235295,73151.50983455883,73398.2265625,585000,0.0,0.0
2022-12-07 00:00:00+07:00,72616.95344797485,73973.89538669692,72575.83399528632,73603.8203125,502200,0.0,0.0
2022-12-08 00:00:00+07:00,73973.89459269663,74015.01404494382,72781.43047752809,73192.625,460000,0.0,0.0
2022-12-09 00:00:00+07:00,73727.17787921349,73727.17787921349,72781.43047752809,73192.625,435200,0.0,0.0
2022-12-12 00:00:00+07:00,73192.61821719013,73973.88773748597,73192.61821719013,73315.9765625,811400,0.0,0.0
2022-12-13 00:00:00+07:00,73315.98335674158,73809.41678370787,73192.625,73192.625,723800,0.0,0.0
2022-12-14 00:00:00+07:00,73768.2981232542,73891.65648131983,72904.78961679469,73603.8203125,684400,0.0,0.0
2022-12-15 00:00:00+07:00,73644.93976518855,73932.77593400839,73357.10359636872,73603.8203125,279200,0.0,0.0
2022-12-16 00:00:00+07:00,73603.82433123942,73603.82433123942,72822.5546875,72822.5546875,1031800,0.0,0.0
2022-12-19 00:00:00+07:00,72863.67489285715,73398.2278125,71959.046875,71959.046875,324200,0.0,0.0
2022-12-20 00:00:00+07:00,71095.52898753613,72781.42643605491,70725.45393786127,71136.6484375,612800,0.0,0.0
2022-12-21 00:00:00+07:00,70931.06049107143,72534.71925000001,70931.06049107143,71959.046875,346000,0.0,0.0
2022-12-22 00:00:00+07:00,72082.4140625,73151.52003262265,72082.4140625,72082.4140625,246400,0.0,0.0
2022-12-23 00:00:00+07:00,72740.31652678571,72781.43598214287,71959.046875,71959.046875,940600,0.0,0.0
2022-12-26 00:00:00+07:00,72370.23193641618,72740.30698609105,71136.6484375,71136.6484375,441600,0.0,0.0
2022-12-27 00:00:00+07:00,72082.40651876821,72534.72053571428,70519.8671875,70519.8671875,346800,0.0,0.0
2022-12-28 00:00:00+07:00,70643.22160941927,72575.8359375,70560.98270184136,72575.8359375,984000,0.0,0.0
2022-12-29 00:00:00+07:00,71342.24795763448,72246.87588562754,71095.53125,71095.53125,316800,0.0,0.0
2022-12-30 00:00:00+07:00,71547.84021120431,72329.10973075195,68628.359375,68628.359375,404600,0.0,0.0
2023-01-03 00:00:00+07:00,70355.39141549556,71342.25839034763,69162.92715421597,69491.8828125,243400,0.0,0.0
2023-01-04 00:00:00+07:00,69574.11969752186,71547.85358965014,69491.88078534984,70519.8671875,343800,0.0,0.0
2023-01-05 00:00:00+07:00,70725.46570034443,75454.2032326349,70519.86841633181,71630.09375,510600,0.0,0.0
2023-01-06 00:00:00+07:00,72863.67070766463,75084.12116941062,71630.08711780576,74302.8515625,300200,0.0,0.0
2023-01-09 00:00:00+07:00,73809.419608679,74837.40595420379,72287.99981730233,73850.5390625,93800,0.0,0.0
2023-01-10 00:00:00+07:00,73891.65973701022,74097.25700951164,72411.359375,72411.359375,303600,0.0,0.0
2023-01-11 00:00:00+07:00,74015.01640193371,74796.28601950967,74015.01640193371,74426.2109375,310000,0.0,0.0
2023-01-12 00:00:00+07:00,74837.40927419355,74837.40927419355,73603.82560483871,73932.78125,101200,0.0,0.0
2023-01-13 00:00:00+07:00,73932.76833142819,76646.65192980097,73932.76833142819,76441.0546875,436200,0.0,0.0
2023-01-16 00:00:00+07:00,77304.58239389921,78085.85210958224,76523.31267821619,77510.1796875,210600,0.0,0.0
2023-01-17 00:00:00+07:00,77304.5616644385,77510.15890290776,74960.75314588904,76893.3671875,354000,0.0,0.0
2023-01-18 00:00:00+07:00,78949.33957219252,78949.33957219252,76893.3671875,76893.3671875,332000,0.0,0.0
2023-01-19 00:00:00+07:00,78126.96469439956,79360.54834746903,76358.828125,76358.828125,403400,0.0,0.0
2023-01-27 00:00:00+07:00,76399.94398142154,80182.93367264372,76399.94398142154,79401.6640625,267200,0.0,0.0
2023-01-30 00:00:00+07:00,79401.67192434211,79401.67192434211,77921.37146381578,78126.96875,355600,0.0,0.0
2023-01-31 00:00:00+07:00,76893.38430059524,78455.92366071428,76687.78701636905,77715.7734375,111000,0.0,0.0
2023-02-01 00:00:00+07:00,77715.75614137702,78332.54785678476,76728.8893967246,76893.3671875,341400,0.0,0.0
2023-02-02 00:00:00+07:00,78126.96291666667,78743.75472916667,76523.30420416668,77098.9765625,177400,0.0,0.0
2023-02-03 00:00:00+07:00,76399.950531639,79278.3125,76399.950531639,79278.3125,210600,0.0,0.0
2023-02-06 00:00:00+07:00,78332.56079276484,80347.4140625,78168.08297482728,80347.4140625,157600,0.0,0.0
2023-02-07 00:00:00+07:00,78949.3540794979,81005.32684198483,78620.3984375,78620.3984375,57800,0.0,0.0
2023-02-08 00:00:00+07:00,77715.76730476673,81622.11539680528,77715.76730476673,81087.5625,219400,0.0,0.0
2023-02-09 00:00:00+07:00,81128.68085655314,81827.71155830752,78949.34984520123,79689.5,139800,0.0,0.0
2023-02-10 00:00:00+07:00,80594.12602296726,80594.12602296726,77798.00328339492,77880.2421875,141800,0.0,0.0
2023-02-13 00:00:00+07:00,77715.77017652424,78908.234375,76646.66434340803,78908.234375,215800,0.0,0.0
2023-02-14 00:00:00+07:00,79319.42347490026,79319.42347490026,76934.49524185505,77304.5703125,102800,0.0,0.0
2023-02-15 00:00:00+07:00,77345.69832589285,78743.75985863095,77304.57886904762,77715.7734375,154000,0.0,0.0
2023-02-16 00:00:00+07:00,77345.69806767265,78332.56502866368,77304.57861096469,78003.609375,95400,0.0,0.0
2023-02-17 00:00:00+07:00,78003.60582576162,78126.96419027259,76728.90272581507,76934.5,152400,0.0,0.0
2023-02-20 00:00:00+07:00,78538.15876380126,79319.42840595426,77510.17239254732,78209.203125,179600,0.0,0.0
2023-02-21 00:00:00+07:00,77140.0906003937,78455.91304133859,77140.0906003937,78332.5546875,169000,0.0,0.0
2023-02-22 00:00:00+07:00,78538.14509525402,78538.14509525402,76893.3671875,76893.3671875,204200,0.0,0.0
2023-02-23 00:00:00+07:00,77715.76964190272,77756.88909673972,76070.9914484233,76934.5,155400,0.0,0.0
2023-02-24 00:00:00+07:00,76934.50375744047,77962.49017857143,76070.99516369047,77715.7734375,280600,0.0,0.0
2023-02-27 00:00:00+07:00,78126.96598421478,78126.96598421478,76112.11265093766,76194.3515625,115200,0.0,0.0
2023-02-28 00:00:00+07:00,78126.95935837766,78250.31771525931,76276.58400515292,77304.5703125,393800,0.0,0.0
2023-03-01 00:00:00+07:00,76482.18847402597,79154.953125,76317.71064935066,79154.953125,346600,0.0,0.0
2023-03-02 00:00:00+07:00,77551.28475544923,78126.95707070707,76934.49298910153,77345.6875,176600,0.0,0.0
2023-03-03 00:00:00+07:00,77839.11448445857,77839.11448445857,76153.21712901069,76893.3671875,184800,0.0,0.0
2023-03-06 00:00:00+07:00,78908.22649493243,78908.22649493243,76070.984375,76070.984375,152600,0.0,0.0
2023-03-07 00:00:00+07:00,76482.1827347512,77715.76632724718,76153.2271100856,76852.2578125,245400,0.0,0.0
2023-03-08 00:00:00+07:00,75824.27272117962,76687.78125,75824.27272117962,76687.78125,234600,0.0,0.0
2023-03-09 00:00:00+07:00,76687.78125,76934.4979725201,76646.66179624664,76687.78125,594400,0.0,0.0
2023-03-10 00:00:00+07:00,75947.62805596714,76934.49490672145,75947.62805596714,76317.703125,834400,0.0,0.0
2023-03-13 00:00:00+07:00,76811.1282921123,76893.3671875,76482.1727105615,76893.3671875,907000,0.0,0.0
2023-03-14 00:00:00+07:00,77181.22123355263,78126.96875,76893.38503289473,78126.96875,562600,0.0,0.0
2023-03-15 00:00:00+07:00,78373.67333443272,78743.7483921504,77756.88157156992,77921.359375,467600,0.0,0.0
2023-03-16 00:00:00+07:00,78085.84226112565,80594.12892670157,76893.37810863875,78538.15625,656200,0.0,0.0
2023-03-17 00:00:00+07:00,78538.1492513021,78949.34375,77797.99915364584,78949.34375,1013800,0.0,0.0
2023-03-20 00:00:00+07:00,78168.08746279762,79031.59605654761,76523.30918898809,77715.7734375,164800,0.0,0.0
2023-03-21 00:00:00+07:00,77715.76323084677,78126.9577452957,76441.06023605511,76482.1796875,369200,0.0,0.0
2023-03-22 00:00:00+07:00,76276.58747916667,77674.64892083334,75454.19839583334,77098.9765625,443200,0.0,0.0
2023-03-23 00:00:00+07:00,77098.97305103058,77386.80921708776,75742.03112533245,77304.5703125,259000,0.0,0.0
2023-03-24 00:00:00+07:00,76070.98350971779,77386.80592718317,76070.98350971779,77222.328125,341200,0.0,0.0
2023-03-27 00:00:00+07:00,76523.2991389449,77304.56871639786,76317.70188172044,76482.1796875,202800,0.0,0.0
2023-03-28 00:00:00+07:00,76482.1796875,76687.77694472446,76153.22407594086,76482.1796875,119600,0.0,0.0
2023-03-29 00:00:00+07:00,76811.13324231391,76811.13324231391,75700.90808302994,76235.4609375,119800,0.0,0.0
2023-03-30 00:00:00+07:00,76605.53723817568,76605.53723817568,75824.26766891892,76070.984375,140200,0.0,0.0
2023-03-31 00:00:00+07:00,76070.99117657011,76399.94681409042,75454.19935621954,75947.6328125,132800,0.0,0.0
2023-04-03 00:00:00+07:00,75659.7945441989,75865.39181198204,74426.2109375,74426.2109375,187800,0.0,0.0
2023-04-04 00:00:00+07:00,74508.44747191011,74672.92528089888,73110.38609550562,73192.625,370000,0.0,0.0
2023-04-05 00:00:00+07:00,73233.74719812324,73233.74719812324,72164.64139961048,72575.8359375,474200,0.0,0.0
2023-04-06 00:00:00+07:00,73398.23163245477,73398.23163245477,72575.8424825113,72740.3203125,369052,0.0,0.0
2023-04-07 00:00:00+07:00,72781.4296875,73151.50475370763,72411.35462129237,72781.4296875,270800,0.0,0.0
2023-04-10 00:00:00+07:00,73028.14765005662,73028.14765005662,72370.23640996602,72616.953125,427400,0.0,0.0
2023-04-11 00:00:00+07:00,72288.00251785715,72452.48033928571,71959.046875,71959.046875,602800,0.0,0.0
2023-04-12 00:00:00+07:00,71630.08813961988,71630.08813961988,70190.90726425439,70314.265625,752000,0.0,0.0
2023-04-13 00:00:00+07:00,70519.85776179942,71013.29116887906,69286.27424410029,69697.46875,473200,0.0,0.0
2023-04-14 00:00:00+07:00,69697.47066803892,69903.0679266467,68669.484375,68669.484375,633200,0.0,0.0
2023-04-17 00:00:00+07:00,68505.00414443598,68669.48194550305,67435.8984375,67435.8984375,565200,0.0,0.0
2023-04-18 00:00:00+07:00,67723.74069379523,69080.68267490953,67682.62123982208,68176.0546875,439000,0.0,0.0
2023-04-19 00:00:00+07:00,68957.32934914173,70314.2714293574,68340.53749449823,70067.5546875,698200,0.0,0.0
2023-04-20 00:00:00+07:00,70602.0974752566,71301.12814332845,70108.6640625,70108.6640625,582400,0.0,0.0
2023-04-21 00:00:00+07:00,70931.053083761,70972.17253482404,70108.6640625,70108.6640625,339800,0.0,0.0
2023-04-24 00:00:00+07:00,70108.66609895529,70396.50226475745,70108.66609895529,70355.3828125,253000,0.0,0.0
2023-04-25 00:00:00+07:00,70355.38507858188,70396.50453216374,69491.87655336257,70314.265625,475200,0.0,0.0
2023-04-26 00:00:00+07:00,70314.265625,70519.86289290935,70232.02671783626,70314.265625,355000,0.0,0.0
2023-04-27 00:00:00+07:00,70314.26023706897,71547.84375,69697.46848060345,71547.84375,389200,0.0,0.0
2023-04-28 00:00:00+07:00,71671.20046329942,71876.79771075581,70725.453125,70725.453125,150600,0.0,0.0
2023-05-04 00:00:00+07:00,70725.45018007203,70725.45018007203,68299.40276110444,68505.0,296000,0.0,0.0
2023-05-05 00:00:00+07:00,68587.24033232628,68875.07647280967,67970.44860271904,68052.6875,220400,0.0,0.0
2023-05-08 00:00:00+07:00,68258.28556681682,68587.24115990991,68176.04666854354,68463.8828125,215800,0.0,0.0
2023-05-09 00:00:00+07:00,68669.4883782556,68669.4883782556,67847.09929588129,67888.21875,158800,0.0,0.0
2023-05-10 00:00:00+07:00,67888.21648475333,68176.05265398003,67888.21648475333,67929.3359375,282600,0.0,0.0
2023-05-11 00:00:00+07:00,67970.45562310031,69491.87537993921,67435.90273556231,67641.5,328600,0.0,0.0
2023-05-12 00:00:00+07:00,68011.58090870958,68134.93927795149,66983.59449836028,67394.7890625,379400,0.0,0.0
2023-05-15 00:00:00+07:00,67723.74015939214,68093.81524223035,67435.90398385131,67477.0234375,238000,0.0,0.0
2023-05-16 00:00:00+07:00,67847.09212039877,67847.09212039877,66942.46422546012,67024.703125,306800,0.0,0.0
2023-05-17 00:00:00+07:00,67024.71447115384,67024.71447115384,66654.63936057693,66819.1171875,206000,0.0,0.0
2023-05-18 00:00:00+07:00,66819.11390942699,67024.71118299445,66449.03881700555,66736.875,519800,0.0,0.0
2023-05-19 00:00:00+07:00,66736.88007545115,66736.88007545115,65832.25200295582,66078.96875,151400,0.0,0.0
2023-05-22 00:00:00+07:00,66078.96875,66531.28278624767,65873.37146079651,66078.96875,293000,0.0,0.0
2023-05-23 00:00:00+07:00,66407.91600334119,66531.27436124213,65050.97406643081,65379.9296875,289200,0.0,0.0
2023-05-24 00:00:00+07:00,65626.64600749212,65750.00436464905,65174.33203125,65174.33203125,393000,0.0,0.0
2023-05-25 00:00:00+07:00,65174.331635680384,65297.68999208861,64146.345332278484,64968.734375,195000,0.0,0.0
2023-05-26 00:00:00+07:00,64968.7323653537,64968.7323653537,63735.14883942926,63940.74609375,301200,0.0,0.0
2023-05-29 00:00:00+07:00,63981.87008008693,64722.02024810849,63817.39226497102,63858.51171875,181800,0.0,0.0
2023-05-30 00:00:00+07:00,63899.630934495195,64269.706017127406,63858.51148086939,64146.34765625,411200,0.0,0.0
2023-05-31 00:00:00+07:00,64146.345332278484,65174.331635680384,64146.345332278484,64968.734375,315400,0.0,0.0
2023-06-01 00:00:00+07:00,64310.83024849873,65379.936122195,64310.83024849873,65050.98046875,372200,0.0,0.0
2023-06-02 00:00:00+07:00,65585.52615704114,65585.52615704114,64804.2565664557,64968.734375,277400,0.0,0.0
2023-06-05 00:00:00+07:00,65791.12296110413,65914.48131665621,65421.047894447926,65544.40625,346600,0.0,0.0
2023-06-06 00:00:00+07:00,65750.00554687499,65832.244453125,65503.288828125,65791.125,255600,0.0,0.0
2023-06-07 00:00:00+07:00,65832.24116571495,65914.48006785825,65626.6439103567,65708.8828125,450200,0.0,0.0
2023-06-08 00:00:00+07:00,65873.36061678661,65873.36061678661,65585.52445928504,65708.8828125,316400,0.0,0.0
2023-06-09 00:00:00+07:00,65585.52615704114,65585.52615704114,64968.734375,64968.734375,154800,0.0,0.0
2023-06-12 00:00:00+07:00,65009.85691550926,66695.75453317902,65009.85691550926,66613.515625,218200,0.0,0.0
2023-06-13 00:00:00+07:00,66654.6317936882,66695.75124575093,66037.84001274721,66531.2734375,269200,0.0,0.0
2023-06-14 00:00:00+07:00,66531.27671682098,67230.3074363426,66037.84326774691,66613.515625,405400,0.0,0.0
2023-06-15 00:00:00+07:00,66942.46888757861,66942.46888757861,65379.92968749999,65379.9296875,357200,0.0,0.0
2023-06-16 00:00:00+07:00,66202.32358870968,66202.32358870968,63735.15625,63735.15625,469800,0.0,0.0
2023-06-19 00:00:00+07:00,64557.543596540185,64557.543596540185,64105.2295968192,64475.3046875,398800,0.0,0.0
2023-06-20 00:00:00+07:00,64475.30352543464,64475.30352543464,63817.39226497102,63858.51171875,195600,0.0,0.0
2023-06-21 00:00:00+07:00,63858.514616935485,64064.11189516129,63488.43951612903,63735.15625,413600,0.0,0.0
2023-06-22 00:00:00+07:00,64146.35144137597,64146.35144137597,63652.91796875,63652.91796875,291600,0.0,0.0
2023-06-23 00:00:00+07:00,63652.914596645365,64351.94531249999,63488.43678115016,64351.9453125,497200,0.0,0.0
2023-06-26 00:00:00+07:00,64927.61727514023,64927.61727514023,64146.34765625,64146.34765625,279800,0.0,0.0
2023-06-27 00:00:00+07:00,63981.87095207254,64557.54331282383,63488.4375,63488.4375,489200,0.0,0.0
2023-06-28 00:00:00+07:00,63899.63305995475,63899.63305995475,63570.67742000646,63611.796875,249600,0.0,0.0
2023-06-29 00:00:00+07:00,63817.39439935065,63817.39439935065,63323.9609375,63323.9609375,459600,0.0,0.0
2023-06-30 00:00:00+07:00,63488.44002278645,63488.44002278645,63118.36491902669,63159.484375,385400,0.0,0.0
2023-07-03 00:00:00+07:00,63323.959925992196,63652.91556197137,63118.3626535052,63200.6015625,156200,0.0,0.0
2023-07-04 00:00:00+07:00,63200.603830973305,63447.32056681315,63077.24546305338,63159.484375,378000,0.0,0.0
2023-07-05 00:00:00+07:00,63241.72265625,63652.91721188232,63159.48374512354,63241.72265625,160000,0.0,0.0
2023-07-06 00:00:00+07:00,63241.72391928781,63323.96283205671,63077.24609375,63077.24609375,362800,0.0,0.0
2023-07-07 00:00:00+07:00,63159.47682119205,63488.43242963576,62049.25164269453,62090.37109375,407200,0.0,0.0
2023-07-10 00:00:00+07:00,62131.4907658641,62213.72966826763,61679.17680264471,61802.53515625,575600,0.0,0.0
2023-07-11 00:00:00+07:00,61679.171875,62008.127458333336,61679.171875,61679.171875,407000,0.0,0.0
2023-07-12 00:00:00+07:00,61679.17658319536,62501.56560430463,61679.17658319536,62090.37109375,338000,0.0,0.0
2023-07-13 00:00:00+07:00,62172.61581840391,63323.96055578176,62172.61581840391,63118.36328125,413400,0.0,0.0
2023-07-14 00:00:00+07:00,63159.48374512354,63241.72265625,62953.886467307384,63241.72265625,378400,0.0,0.0
2023-07-17 00:00:00+07:00,63447.31892050082,63776.27455975163,62912.766006718244,63118.36328125,242200,0.0,0.0
2023-07-18 00:00:00+07:00,63241.73075706238,63406.20860038374,62748.29722709831,62953.89453125,346400,0.0,0.0
2023-07-19 00:00:00+07:00,62953.87788111502,63159.47513089005,62830.51953125,62830.51953125,302200,0.0,0.0
2023-07-20 00:00:00+07:00,62830.52998531331,63282.8440100767,62789.410528516644,62995.0078125,362000,0.0,0.0
2023-07-21 00:00:00+07:00,62953.89453125,62995.01399208034,62666.058305437626,62953.89453125,244800,0.0,0.0
2023-07-24 00:00:00+07:00,63036.12550403226,63940.7535282258,63036.12550403226,63735.15625,603400,0.0,0.0
2023-07-25 00:00:00+07:00,64064.10642800633,65009.85382713608,63817.38971518988,64968.734375,758600,0.0,0.0
2023-07-26 00:00:00+07:00,64927.611598855205,66531.27015006189,64927.611598855205,66449.03125,528400,0.0,0.0
2023-07-27 00:00:00+07:00,66202.31497737204,66407.91222885455,65585.52322292447,65873.359375,682600,0.0,0.0
2023-07-28 00:00:00+07:00,65791.1265923567,65873.36550059714,64557.54296875,64557.54296875,778800,0.0,0.0
2023-07-31 00:00:00+07:00,64516.42414202009,65667.7688685826,64393.06577845982,64475.3046875,796000,0.0,0.0
2023-08-01 00:00:00+07:00,65421.051020458486,65791.12610479798,64968.737028488,65133.21484375,444800,0.0,0.0
2023-08-02 00:00:00+07:00,65503.28248407017,65503.28248407017,64845.37129778949,65338.8046875,244200,0.0,0.0
2023-08-03 00:00:00+07:00,65626.65220588236,66407.921875,65379.93546826626,66407.921875,740400,0.0,0.0
2023-08-04 00:00:00+07:00,66819.10776869158,66819.10776869158,65585.52424065421,65996.71875,491800,0.0,0.0
2023-08-07 00:00:00+07:00,65873.37245729814,66695.7616265528,65626.65570652175,66202.328125,750200,0.0,0.0
2023-08-08 00:00:00+07:00,66736.8674002166,66736.8674002166,66037.8367496906,66449.03125,400000,0.0,0.0
2023-08-09 00:00:00+07:00,66449.0448757764,66490.16433423913,65914.49191576087,66202.328125,395000,0.0,0.0
2023-08-10 00:00:00+07:00,66325.67993072853,66325.67993072853,65791.12702366128,66037.84375,488600,0.0,0.0
2023-08-11 00:00:00+07:00,65791.12068965517,66037.83739224137,65174.32893318965,65585.5234375,514600,0.0,0.0
2023-08-14 00:00:00+07:00,65379.92889636076,65626.64560917721,64968.734375,64968.734375,366000,0.0,0.0
2023-08-15 00:00:00+07:00,64968.73067983153,64968.73067983153,64434.17783246583,64680.89453125,435200,0.0,0.0
2023-08-16 00:00:00+07:00,65379.92517780515,65585.52242679195,64557.53618185791,64680.89453125,477000,0.0,0.0
2023-08-17 00:00:00+07:00,64680.895582450226,64680.895582450226,63940.745474068724,64022.984375,791600,0.0,0.0
2023-08-18 00:00:00+07:00,63940.754038492836,65174.337717692055,62789.409271240234,63159.484375,650800,0.0,0.0
2023-08-21 00:00:00+07:00,63529.560374201865,63529.560374201865,62501.57396037983,62789.41015625,556600,0.0,0.0
2023-08-22 00:00:00+07:00,62789.39696875,63077.23310416667,61679.171875,61679.171875,821400,0.0,0.0
2023-08-23 00:00:00+07:00,62707.163713774156,62830.52206862092,61679.17742338441,61720.296875,917400,0.0,0.0
2023-08-24 00:00:00+07:00,63694.03564993893,63735.15510484528,62995.00491653095,63118.36328125,1258800,0.0,0.0
2023-08-25 00:00:00+07:00,63858.510858474714,65050.97500200064,63611.79413912452,64228.5859375,1001200,0.0,0.0
2023-08-28 00:00:00+07:00,64968.737753918744,64968.737753918744,64105.22921415147,64269.70703125,612200,0.0,0.0
2023-08-29 00:00:00+07:00,64351.94421795936,65503.28890684298,64105.22749891287,65009.85546875,690800,0.0,0.0
2023-08-30 00:00:00+07:00,65585.52445928504,66120.07732321652,65256.568850711825,65708.8828125,598200,0.0,0.0
2023-08-31 00:00:00+07:00,65791.12341772152,65996.7206784019,64968.734375,64968.734375,730200,0.0,0.0
2023-09-05 00:00:00+07:00,65379.93813464264,65955.61054589106,65174.34084491106,65297.69921875,710800,0.0,0.0
2023-09-06 00:00:00+07:00,65092.09351906446,65791.12421383648,65092.09351906446,65379.9296875,675000,0.0,0.0
2023-09-07 00:00:00+07:00,65544.40478971963,66202.31600467289,65503.28533878504,65996.71875,510400,0.0,0.0
2023-09-08 00:00:00+07:00,66120.08265877957,66531.27720267746,65791.12702366128,66037.84375,711400,0.0,0.0
2023-09-11 00:00:00+07:00,66449.03813432837,69861.95284048507,66449.03813432837,68875.0859375,1729200,0.0,0.0
2023-09-12 00:00:00+07:00,69861.95235253849,70108.66907656158,68998.44381845767,69450.7578125,1105600,0.0,0.0
2023-09-13 00:00:00+07:00,69532.99745203837,69820.83363309353,68463.89163669065,68587.25,1410200,0.0,0.0
2023-09-14 00:00:00+07:00,72370.24427816902,72370.24427816902,69162.9266340229,70067.5546875,1232600,0.0,2.0
2023-09-15 00:00:00+07:00,70725.45145156438,70725.45145156438,68340.5234375,68340.5234375,511300,0.0,0.0
2023-09-18 00:00:00+07:00,68340.52595142327,68340.52595142327,66120.07564975249,66449.03125,573600,0.0,0.0
2023-09-19 00:00:00+07:00,66366.79574762659,67271.42369462026,64557.539853639246,64968.734375,665800,0.0,0.0
2023-09-20 00:00:00+07:00,65050.983288043484,66613.52270962733,64968.74437111802,66202.328125,613000,0.0,0.0
2023-09-21 00:00:00+07:00,66284.5584375,67271.4253125,65791.125,65791.125,610400,0.0,0.0
2023-09-22 00:00:00+07:00,64968.73687977099,65297.69250954198,63488.43654580152,64639.78125,553700,0.0,0.0
2023-09-25 00:00:00+07:00,64722.016791735194,65297.68911389802,62501.56640624999,62501.56640625,226500,0.0,0.0
2023-09-26 00:00:00+07:00,62501.558972443556,62994.99233275232,61679.170038595614,61925.88671875,414000,0.0,0.0
2023-09-27 00:00:00+07:00,61925.89815283401,62172.61487854251,60774.553432861,60939.03125,599500,0.0,0.0
2023-09-28 00:00:00+07:00,61021.27308140539,61267.98981893129,59540.97265625,59540.97265625,452200,0.0,0.0
2023-09-29 00:00:00+07:00,60034.40942887931,60281.1261799569,59540.97592672414,59623.21484375,451200,0.0,0.0
2023-10-02 00:00:00+07:00,60281.122988013696,60281.122988013696,59705.45059931507,60034.40625,218300,0.0,0.0
2023-10-03 00:00:00+07:00,60198.87742265292,60198.87742265292,57813.94921875,57813.94921875,678100,0.0,0.0
2023-10-04 00:00:00+07:00,57567.23828125,57731.716104910716,56991.5658984375,57567.23828125,355600,0.0,0.0
2023-10-05 00:00:00+07:00,57731.70745278777,58389.61864883093,57156.03515625,57156.03515625,235000,0.0,0.0
2023-10-06 00:00:00+07:00,57156.038439520475,57567.23296066811,56169.17158876617,57238.27734375,320300,0.0,0.0
2023-10-09 00:00:00+07:00,57320.52129701127,57402.76020848474,56580.37109375,56580.37109375,548200,0.0,0.0
2023-10-10 00:00:00+07:00,56744.84891669695,57402.76020848474,55922.45980196221,56580.37109375,616000,0.0,0.0
2023-10-11 00:00:00+07:00,56580.368290441176,56662.60719784007,55757.9792164522,55922.45703125,671000,0.0,0.0
2023-10-12 00:00:00+07:00,56251.4148222061,56662.609375,56086.93700108853,56662.609375,546200,0.0,0.0
2023-10-13 00:00:00+07:00,56498.12415299572,57896.18544935806,56086.92965406562,57649.46875,625600,0.0,0.0
2023-10-16 00:00:00+07:00,57649.471581893515,59047.532946932304,57649.471581893515,58307.3828125,714200,0.0,0.0
2023-10-17 00:00:00+07:00,58800.81860805615,58883.057515200286,57484.99609375,57484.99609375,392500,0.0,0.0
2023-10-18 00:00:00+07:00,57484.9983471358,57484.9983471358,55511.2644983071,56169.17578125,561400,0.0,0.0
2023-10-19 00:00:00+07:00,56169.17578125,56580.37033308931,55757.98122941069,56169.17578125,329500,0.0,0.0
2023-10-20 00:00:00+07:00,56251.415691964285,57567.23828125,55922.46004464286,57567.23828125,259500,0.0,0.0
2023-10-23 00:00:00+07:00,57567.23647216077,57567.23647216077,55757.98046875,55757.98046875,355200,0.0,0.0
2023-10-24 00:00:00+07:00,55675.745042284725,57402.76224448263,55675.745042284725,56827.08984375,225100,0.0,0.0
2023-10-25 00:00:00+07:00,56744.84640308887,57320.51875790281,56333.65186393605,56909.32421875,263500,0.0,0.0
2023-10-26 00:00:00+07:00,55922.45657099698,56333.651104607256,54277.67843655589,54442.15625,439100,0.0,0.0
2023-10-27 00:00:00+07:00,54195.43938193344,54195.43938193344,51070.360935023775,51892.75,1037300,0.0,0.0
2023-10-30 00:00:00+07:00,51892.74870862459,51892.74870862459,50001.25390625,50001.25390625,519900,0.0,0.0
2023-10-31 00:00:00+07:00,50083.49508101852,50165.733989197535,46629.4609375,46629.4609375,860800,0.0,0.0
2023-11-01 00:00:00+07:00,46876.1771831446,47534.088441855405,45149.16012902874,47205.1328125,895700,0.0,0.0
2023-11-02 00:00:00+07:00,47616.32583469056,50494.6875,47616.32583469056,50494.6875,719700,0.0,0.0
2023-11-03 00:00:00+07:00,50494.68378325509,53208.56743935837,50494.68378325509,52550.65625,905600,0.0,0.0
2023-11-06 00:00:00+07:00,53044.094835725075,54442.15625,52550.66139539275,54442.15625,591800,0.0,0.0
2023-11-07 00:00:00+07:00,54524.39818548387,54935.592741935485,53373.053427419356,53537.53125,626800,0.0,0.0
2023-11-08 00:00:00+07:00,53866.48689516129,53866.48689516129,51481.55846774193,53537.53125,989800,0.0,0.0
2023-11-09 00:00:00+07:00,53866.478628716744,54113.19532472613,52303.93955399061,52550.65625,1195500,0.0,0.0
2023-11-10 00:00:00+07:00,52468.42282652244,52468.42282652244,51234.8392177484,51317.078125,760700,0.0,0.0
2023-11-13 00:00:00+07:00,51317.07718189234,52221.70514503467,50247.97140726958,50412.44921875,733500,0.0,0.0
2023-11-14 00:00:00+07:00,50823.643283770165,52057.22685861895,50741.404378780244,50988.12109375,754800,0.0,0.0
2023-11-15 00:00:00+07:00,51974.9921875,53044.09803945808,51892.75327581092,51974.9921875,1454600,0.0,0.0
2023-11-16 00:00:00+07:00,52386.1843664817,53126.33453806464,51974.9898267134,52797.37890625,989900,0.0,0.0
2023-11-17 00:00:00+07:00,52879.617034193485,53784.24500833988,52139.46687352826,52386.18359375,1309300,0.0,0.0
2023-11-20 00:00:00+07:00,51563.79499627976,52303.94516369047,51399.3171812996,51810.51171875,708500,0.0,0.0
2023-11-21 00:00:00+07:00,51974.98890649762,52468.42234548336,51728.27218700475,51892.75,894600,0.0,0.0
2023-11-22 00:00:00+07:00,51892.75139640748,52550.66266609252,51892.75139640748,52221.70703125,523900,0.0,0.0
2023-11-23 00:00:00+07:00,52303.94585575331,52550.662581487995,49672.30078125,49672.30078125,748600,0.0,0.0
2023-11-24 00:00:00+07:00,49754.53903149801,51810.51171875,49754.53903149801,51810.51171875,913100,0.0,0.0
2023-11-27 00:00:00+07:00,51399.31306497862,52961.85218215396,51317.07416407465,52879.61328125,1077000,0.0,0.0
2023-11-28 00:00:00+07:00,53044.09903457242,53373.0546875,52139.470989021574,53373.0546875,610500,0.0,0.0
2023-11-29 00:00:00+07:00,53373.0504626133,54935.58969033233,52797.37811555892,54442.15625,901200,0.0,0.0
2023-11-30 00:00:00+07:00,54113.2003125,54606.63375,53455.2890625,53455.2890625,549900,0.0,0.0
2023-12-01 00:00:00+07:00,53455.2890625,53619.766875,52715.13890625,53455.2890625,448000,0.0,0.0
2023-12-04 00:00:00+07:00,53455.28309746909,54195.43317112636,52797.371920884856,53208.56640625,622500,0.0,0.0
2023-12-05 00:00:00+07:00,53866.48599243164,53866.48599243164,52632.90234375,52632.90234375,850700,0.0,0.0
2023-12-06 00:00:00+07:00,52632.90260736196,53702.008441574006,52632.90260736196,53619.76953125,866800,0.0,0.0
2023-12-07 00:00:00+07:00,54195.43937571456,54195.43937571456,53455.28921732089,53948.72265625,993500,0.0,0.0
2023-12-08 00:00:00+07:00,54277.678282202745,54277.678282202745,53537.528123809076,53948.72265625,614900,0.0,0.0
2023-12-11 00:00:00+07:00,54030.9621898855,54359.91781965649,53537.52874522901,53866.484375,502500,0.0,0.0
2023-12-12 00:00:00+07:00,53866.48359375,54195.43921875,53373.05015625,53455.2890625,421800,0.0,0.0
2023-12-13 00:00:00+07:00,53619.76926269531,54113.20272216797,52632.90234375,52632.90234375,864900,0.0,0.0
2023-12-15 00:00:00+07:00,51892.74795979299,52303.94247611465,51646.03125,51646.03125,1063700,0.0,0.0
2023-12-18 00:00:00+07:00,51728.27442835366,51728.27442835366,50412.45186737805,50576.9296875,652300,0.0,0.0
2023-12-19 00:00:00+07:00,50905.88483470659,51399.318290293406,50576.929197648715,51152.6015625,725200,0.0,0.0
2023-12-20 00:00:00+07:00,51152.59890372984,51563.79342867944,50905.882188760086,50988.12109375,626300,0.0,0.0
2023-12-21 00:00:00+07:00,50576.92656880041,51152.59890372984,50576.92656880041,50988.12109375,564100,0.0,0.0
2023-12-22 00:00:00+07:00,50988.12423780488,51070.36314786586,50576.9296875,50576.9296875,700900,0.0,0.0
2023-12-25 00:00:00+07:00,50494.68766381049,51892.74904863912,50494.68766381049,50988.12109375,665700,0.0,0.0
2023-12-26 00:00:00+07:00,51234.83735172448,51810.509681519135,51234.83735172448,51563.79296875,786500,0.0,0.0
2023-12-27 00:00:00+07:00,51728.27060688406,52057.22622282609,51070.359375,51070.359375,1165500,0.0,0.0
2023-12-28 00:00:00+07:00,51481.55719955788,51892.751745880225,51152.6015625,51152.6015625,1661500,0.0,0.0
2023-12-29 00:00:00+07:00,51810.51171875,52221.70625620039,51563.79499627976,51810.51171875,2207600,0.0,0.0
2024-01-02 00:00:00+07:00,52550.66266609252,52879.61830093504,52057.22921382874,52221.70703125,831100,0.0,0.0
2024-01-03 00:00:00+07:00,52386.18484867126,52386.18484867126,51974.99030511811,52221.70703125,676100,0.0,0.0
2024-01-04 00:00:00+07:00,52390.16008112981,52727.074293870195,52390.16008112981,52558.6171875,773600,1500.0,0.0
2024-01-05 00:00:00+07:00,52558.61934571891,52558.61934571891,51884.790892568664,52137.4765625,788500,0.0,0.0
2024-01-08 00:00:00+07:00,52137.472587057164,52474.38678794283,52137.472587057164,52305.9296875,754700,0.0,0.0
2024-01-09 00:00:00+07:00,52221.707208806816,52474.392888849434,51800.564408735794,51884.79296875,638500,0.0,0.0
2024-01-10 00:00:00+07:00,51884.79332853619,51884.79332853619,51042.507722553455,51210.96484375,922000,0.0,0.0
2024-01-11 00:00:00+07:00,51210.96457654723,52053.250178135175,51210.96457654723,51716.3359375,569400,0.0,0.0
2024-01-12 00:00:00+07:00,51716.33410904255,51716.33410904255,50958.277094414894,51463.6484375,597900,0.0,0.0
2024-01-15 00:00:00+07:00,51379.42214662665,51800.564951107204,50874.05078125,50874.05078125,523100,0.0,0.0
2024-01-16 00:00:00+07:00,50958.27934214611,51042.50790304222,50621.36509856167,50874.05078125,366500,0.0,0.0
2024-01-17 00:00:00+07:00,50874.05078125,51042.50790304222,50705.59365945778,50874.05078125,657900,0.0,0.0
2024-01-19 00:00:00+07:00,52053.250178135175,52053.250178135175,51210.96457654723,51716.3359375,794800,0.0,0.0
2024-01-22 00:00:00+07:00,51884.79130747126,51884.79130747126,51210.96284893268,51295.19140625,440100,0.0,0.0
2024-01-23 00:00:00+07:00,51295.19165889303,51379.42021662521,50789.8203125,50789.8203125,426300,0.0,0.0
2024-01-24 00:00:00+07:00,50789.8203125,50958.27742796434,50621.36319703566,50789.8203125,572300,0.0,0.0
2024-01-25 00:00:00+07:00,50789.814951371176,50874.04350021259,49526.38671875,49526.38671875,1453900,0.0,0.0
2024-01-26 00:00:00+07:00,49694.85036267452,49779.07892261126,47926.05060400306,48262.96484375,2146000,0.0,0.0
2024-01-29 00:00:00+07:00,48262.96458063471,49694.85009175302,48262.96458063471,48768.3359375,831800,0.0,0.0
2024-01-30 00:00:00+07:00,48852.56282779721,48852.56282779721,48178.734375,48178.734375,782100,0.0,0.0
2024-01-31 00:00:00+07:00,48262.961319105234,48768.33264181838,47420.67578125,47420.67578125,1205600,0.0,0.0
2024-02-01 00:00:00+07:00,47504.9077173913,48599.87899456522,47504.9077173913,48431.421875,856000,0.0,0.0
2024-02-02 00:00:00+07:00,48515.64868421053,48768.33435444079,48010.27734375,48010.27734375,714200,0.0,0.0
2024-02-05 00:00:00+07:00,48178.734457236846,48347.191570723684,47926.048787006584,48010.27734375,932600,0.0,0.0
2024-02-06 00:00:00+07:00,48010.27916393979,48347.19340368674,47841.82204406632,48262.96484375,801200,0.0,0.0
2024-02-07 00:00:00+07:00,48262.96268787846,48768.334024924305,48094.505575529845,48684.10546875,616400,0.0,0.0
2024-02-15 00:00:00+07:00,48768.32991090539,49526.386852525684,48768.32991090539,49189.47265625,994400,0.0,0.0
2024-02-16 00:00:00+07:00,49273.70528017241,49442.16239224138,48684.105387931035,48852.5625,1128900,0.0,0.0
2024-02-19 00:00:00+07:00,48852.564496977546,48936.79305645509,48178.736021157165,48768.3359375,1398000,0.0,0.0
2024-02-20 00:00:00+07:00,49105.24404063567,50200.21517704779,48852.55839377133,49357.9296875,1692700,0.0,0.0
2024-02-21 00:00:00+07:00,49694.84603592943,49694.84603592943,48768.331957293456,48936.7890625,1261900,0.0,0.0
2024-02-22 00:00:00+07:00,48936.79105603448,49273.70528017241,48768.33394396552,48852.5625,838900,0.0,0.0
2024-02-23 00:00:00+07:00,48852.56291118421,49021.02002467105,47926.048787006584,48010.27734375,1629400,0.0,0.0
2024-02-26 00:00:00+07:00,48178.73067579506,48347.18777606008,47504.90227473499,47673.359375,859500,0.0,0.0
2024-02-27 00:00:00+07:00,47673.36144260657,47673.36144260657,46999.533012322376,47420.67578125,2072100,0.0,0.0
2024-02-28 00:00:00+07:00,47589.136190695404,48599.87890625,47589.136190695404,48599.87890625,1140300,0.0,0.0
2024-02-29 00:00:00+07:00,48852.56036324787,49863.30299145299,48768.33181089744,49273.703125,2800400,0.0,0.0
2024-03-01 00:00:00+07:00,49526.38678540956,49610.61533436434,48936.78694272611,49357.9296875,897400,0.0,0.0
2024-03-04 00:00:00+07:00,49442.16030365566,49694.84596108491,49021.017541273584,49105.24609375,1382100,0.0,0.0
2024-03-05 00:00:00+07:00,49189.47442699491,49610.6171875,48768.33166648981,49610.6171875,1053900,0.0,0.0
2024-03-06 00:00:00+07:00,49863.30577079935,52053.248253976344,49779.07721375408,51632.10546875,4279400,0.0,0.0
2024-03-07 00:00:00+07:00,51632.107737726896,52474.393345193894,50789.8221302599,51042.5078125,2599100,0.0,0.0
2024-03-08 00:00:00+07:00,51295.197734375004,51463.654869791666,50115.997786458334,50537.140625,1946300,0.0,0.0
2024-03-11 00:00:00+07:00,50537.131112984825,50958.2738722597,49694.84559443508,49947.53125,2436300,0.0,0.0
2024-03-12 00:00:00+07:00,49947.53132270516,50537.13118654822,49694.84566677242,49779.07421875,1411100,0.0,0.0
2024-03-13 00:00:00+07:00,49947.53697173867,50200.22265625,49357.93704121225,50200.22265625,1575900,0.0,0.0
2024-03-14 00:00:00+07:00,50452.90278295358,50537.13133517888,49442.16015625,49442.16015625,1579500,0.0,0.0
2024-03-15 00:00:00+07:00,49442.16239224138,49526.39094827586,48347.191163793104,48852.5625,2127000,0.0,0.0
2024-03-18 00:00:00+07:00,48936.79359567901,49357.93639770723,47252.22238756614,47757.59375,1953900,0.0,0.0
2024-03-19 00:00:00+07:00,48262.96502224297,48347.193582491214,47673.365100505274,47926.05078125,788600,0.0,0.0
2024-03-20 00:00:00+07:00,48010.279341498244,48094.50790174649,47504.90798000879,47926.05078125,860600,0.0,0.0
2024-03-21 00:00:00+07:00,48347.1914881993,48515.6486013986,48094.50581840035,48178.734375,828100,0.0,0.0
2024-03-22 00:00:00+07:00,48431.42196362348,48515.65052356021,48094.50772387653,48262.96484375,818900,0.0,0.0
2024-03-25 00:00:00+07:00,48262.96301398027,48599.87724095395,47841.82023026316,48010.27734375,1176200,0.0,0.0
2024-03-26 00:00:00+07:00,48010.279341498244,48178.73646199473,47673.365100505274,47926.05078125,1031200,0.0,0.0
2024-03-27 00:00:00+07:00,48010.279076086954,48684.10755434782,47926.05051630435,48431.421875,658300,0.0,0.0
2024-03-28 00:00:00+07:00,48431.42004479895,48431.42004479895,47926.04870520105,48178.734375,1246600,0.0,0.0
2024-03-29 00:00:00+07:00,48347.19367283951,48347.19367283951,47757.59375,47757.59375,678700,0.0,0.0
2024-04-01 00:00:00+07:00,47757.59175561179,48094.50598316461,47673.363198723586,47841.8203125,751000,0.0,0.0
2024-04-02 00:00:00+07:00,47926.04509502438,47926.04509502438,47420.67379349512,47504.90234375,1086300,0.0,0.0
2024-04-03 00:00:00+07:00,47504.90641741071,47757.59208984375,47167.9921875,47167.9921875,1586400,0.0,0.0
2024-04-04 00:00:00+07:00,47336.44715154867,47673.36136615044,47336.44715154867,47589.1328125,1051100,0.0,0.0
2024-04-05 00:00:00+07:00,47589.136899788326,47589.136899788326,47252.22265625,47252.22265625,1098400,0.0,0.0
2024-04-08 00:00:00+07:00,47336.45158510398,47336.45158510398,46578.39453125,46578.39453125,1097800,0.0,0.0
2024-04-09 00:00:00+07:00,46662.62126420454,46746.84982244318,46241.47847301136,46325.70703125,1128600,0.0,0.0
2024-04-10 00:00:00+07:00,46578.39453125,46746.85165432866,46409.93740817134,46578.39453125,622900,0.0,0.0
2024-04-11 00:00:00+07:00,46409.93541995713,46831.078209611915,46325.70686202618,46662.62109375,604700,0.0,0.0
2024-04-12 00:00:00+07:00,46746.849400111605,47420.677859933036,46662.62084263393,47167.9921875,1017300,0.0,0.0
2024-04-15 00:00:00+07:00,47167.992613636365,47167.992613636365,45904.56424005682,46325.70703125,1079800,0.0,0.0
2024-04-16 00:00:00+07:00,46325.70711678832,46325.70711678832,44641.13594890511,46157.25,1164300,0.0,0.0
2024-04-17 00:00:00+07:00,46157.25034722222,46241.478906250006,45483.421875,45483.421875,475600,0.0,0.0
2024-04-19 00:00:00+07:00,45230.73087053571,45399.187968750004,43798.84553571429,44219.98828125,1244600,0.0,0.0
2024-04-22 00:00:00+07:00,44978.04694842575,45230.73260543938,44641.132739074244,44809.58984375,487500,0.0,0.0
2024-04-23 00:00:00+07:00,45062.27557488208,45146.504127358494,44051.5329451651,44641.1328125,453300,0.0,0.0
2024-04-24 00:00:00+07:00,44893.8182500583,45314.961010377796,44725.3611459305,45146.50390625,598000,0.0,0.0
2024-04-25 00:00:00+07:00,45146.50746783089,46746.85008329504,45146.50746783089,45820.3359375,1187400,0.0,0.0
2024-04-26 00:00:00+07:00,45820.3359375,46578.39296587776,45567.65026137408,45820.3359375,836100,0.0,0.0
2024-05-02 00:00:00+07:00,45988.78837234982,47757.58792513251,45904.559822217314,47673.359375,1660600,0.0,0.0
2024-05-03 00:00:00+07:00,48010.27943121693,48094.50799162257,47673.365189594355,47757.59375,915600,0.0,0.0
2024-05-06 00:00:00+07:00,47757.59167351974,48431.42012746711,47589.1345600329,48010.27734375,964900,0.0,0.0
2024-05-07 00:00:00+07:00,48010.27898884315,48768.336025509096,47589.136190695404,48599.87890625,1044500,0.0,0.0
2024-05-08 00:00:00+07:00,48515.646010186756,50537.131260611204,48010.274697580644,49610.6171875,2323700,0.0,0.0
2024-05-09 00:00:00+07:00,49610.61966959635,49694.84822591145,48431.41988118489,48515.6484375,1170900,0.0,0.0
2024-05-10 00:00:00+07:00,48599.8769938151,48936.791219075516,48262.96276855469,48515.6484375,864000,0.0,0.0
2024-05-13 00:00:00+07:00,48515.6507029877,48768.33638373243,47757.59366075352,47926.05078125,856500,0.0,0.0
2024-05-14 00:00:00+07:00,48010.27925240806,48431.422052867776,47926.050692316116,48094.5078125,559300,0.0,0.0
2024-05-15 00:00:00+07:00,48178.73421223958,48852.562662760414,48178.73421223958,48515.6484375,1027100,0.0,0.0
2024-05-16 00:00:00+07:00,48599.87899456522,48936.79323369565,48431.421875,48431.421875,849400,0.0,0.0
2024-05-17 00:00:00+07:00,48684.10340469019,49610.61748332616,48431.417746880375,48936.7890625,1454500,0.0,0.0
2024-05-20 00:00:00+07:00,48936.79113727292,49526.391030493076,48684.10546875,48684.10546875,859900,0.0,0.0
2024-05-21 00:00:00+07:00,48684.105387931035,49526.39094827586,48431.41971982759,48852.5625,1191200,0.0,0.0
2024-05-22 00:00:00+07:00,49105.25035326087,49357.93603260869,48431.421875,48431.421875,1118000,0.0,0.0
2024-05-23 00:00:00+07:00,48684.10669642857,50284.44930409663,48431.42102153361,50115.9921875,1932100,0.0,0.0
2024-05-24 00:00:00+07:00,50115.99084051724,50115.99084051724,48684.105387931035,48852.5625,1513300,0.0,0.0
2024-05-27 00:00:00+07:00,48852.56036324787,49357.93167735043,48852.56036324787,49273.703125,674000,0.0,0.0
2024-05-28 00:00:00+07:00,49442.16498463114,51379.421875,49189.479303278684,51379.421875,2665000,0.0,0.0
2024-05-29 00:00:00+07:00,51379.420131714876,51632.1058044938,50789.82022856405,50958.27734375,1518300,0.0,0.0
2024-05-30 00:00:00+07:00,50200.21690556493,50537.131112984825,49105.24573145025,49947.53125,1747200,0.0,0.0
2024-05-31 00:00:00+07:00,49947.53161851415,49947.53161851415,49105.24609375,49105.24609375,1563200,0.0,0.0
2024-06-03 00:00:00+07:00,49694.84749842172,50621.3616043245,49442.16183317551,50031.76171875,1148600,0.0,0.0
2024-06-04 00:00:00+07:00,50284.450414800485,51969.02161797638,50115.9932944829,51716.3359375,2409000,0.0,0.0
2024-06-05 00:00:00+07:00,52221.709222560974,55253.9375,52053.25209603659,55253.9375,2916100,0.0,0.0
2024-06-06 00:00:00+07:00,56011.99660066794,57696.567927003816,54917.02523854962,55169.7109375,2405900,0.0,0.0
2024-06-07 00:00:00+07:00,55253.9345544919,58454.61978783137,55253.9345544919,57191.19140625,2597800,0.0,0.0
2024-06-10 00:00:00+07:00,57780.79140509602,57780.79140509602,56348.90590380355,57022.734375,2212900,0.0,0.0
2024-06-11 00:00:00+07:00,57022.73246232433,57443.875242696005,56180.44690158099,56938.50390625,1785200,0.0,0.0
2024-06-12 00:00:00+07:00,56938.5041511194,56938.5041511194,55927.76147388059,56433.1328125,1891900,0.0,0.0
2024-06-13 00:00:00+07:00,56685.823075457316,56685.823075457316,55169.70893673781,55253.9375,1886900,0.0,0.0
2024-06-14 00:00:00+07:00,54580.1060725552,54832.791748817035,52727.07777996845,53400.90625,3957200,0.0,0.0
2024-06-17 00:00:00+07:00,53400.90616401336,54243.191750196536,52727.07769506682,53569.36328125,3076900,0.0,0.0
2024-06-18 00:00:00+07:00,53737.820398486634,53906.27751572327,53232.449046776725,53569.36328125,844100,0.0,0.0
2024-06-19 00:00:00+07:00,53569.363986895165,53822.04966607863,52053.24991179436,52221.70703125,1484400,0.0,0.0
2024-06-20 00:00:00+07:00,52474.38678794283,52895.529539049916,51042.50143417874,52305.9296875,1052800,0.0,0.0
2024-06-21 00:00:00+07:00,52727.07662601626,52895.5337398374,51800.5625,51800.5625,1430200,0.0,0.0
2024-06-24 00:00:00+07:00,52305.93384146342,52979.76229674797,51126.73404471545,51800.5625,1557700,0.0,0.0
2024-06-25 00:00:00+07:00,51800.56485922029,52053.250541460395,49947.5365227929,51042.5078125,1170200,0.0,0.0
2024-06-26 00:00:00+07:00,51042.51203125,51210.96916666667,50368.68348958333,50537.140625,928100,0.0,0.0
2024-06-27 00:00:00+07:00,50874.050691006596,51969.0219807137,50452.9078872731,51042.5078125,1096400,0.0,0.0
2024-06-28 00:00:00+07:00,51379.42630208333,51632.112005208335,50537.140625,50537.140625,1027400,0.0,0.0
2024-07-01 00:00:00+07:00,51042.50573429803,51295.19140625,50705.59150502874,51295.19140625,298900,0.0,0.0
2024-07-02 00:00:00+07:00,51379.421785641345,51547.87890625,51126.73610472835,51547.87890625,504800,0.0,0.0
2024-07-03 00:00:00+07:00,51632.10538617886,51800.5625,51379.419715447155,51800.5625,470400,0.0,0.0
2024-07-04 00:00:00+07:00,52305.936039959015,52305.936039959015,51379.421875,51379.421875,679800,0.0,0.0
2024-07-05 00:00:00+07:00,51814.838463092674,51901.92222521552,50508.58203125,50508.58203125,1232800,2000.0,0.0
2024-07-08 00:00:00+07:00,50508.582391400705,50508.582391400705,48505.65584829344,49115.2421875,4506300,0.0,0.0
2024-07-09 00:00:00+07:00,49202.32984293194,50944.0052356021,48505.65968586387,49899.0,1623200,0.0,0.0
2024-07-10 00:00:00+07:00,49986.07981493794,50160.24734042553,49115.2421875,49115.2421875,644100,0.0,0.0
2024-07-11 00:00:00+07:00,49550.658803285965,49550.658803285965,48941.072491119005,49028.15625,3809400,0.0,0.0
2024-07-12 00:00:00+07:00,49202.32505580357,49202.32505580357,48505.65496651786,48766.90625,838400,0.0,0.0
2024-07-15 00:00:00+07:00,49115.24084341398,49115.24084341398,48505.65452088934,48592.73828125,3650920,0.0,0.0
2024-07-16 00:00:00+07:00,48592.73828125,48853.98956233199,48418.57076052867,48592.73828125,948900,0.0,0.0
2024-07-17 00:00:00+07:00,48592.7421875,48853.99348958333,46763.983072916664,47025.234375,1228200,0.0,0.0
2024-07-18 00:00:00+07:00,47199.400610036835,48331.48955455801,46589.81425529466,47286.484375,4392020,0.0,0.0
2024-07-19 00:00:00+07:00,47286.48439622962,48157.322046252266,47286.48439622962,48070.23828125,828700,0.0,0.0
2024-07-22 00:00:00+07:00,48070.23743267504,49202.32635771993,47634.818615350094,48505.65625,1050500,0.0,0.0
2024-07-23 00:00:00+07:00,48505.657978176416,48505.657978176416,47634.8203125,47634.8203125,499700,0.0,0.0
2024-07-24 00:00:00+07:00,47808.98566277472,47808.98566277472,46938.14803685897,47547.734375,423300,0.0,0.0
2024-07-25 00:00:00+07:00,47808.98828125,47808.98828125,46763.983072916664,47025.234375,516200,0.0,0.0
2024-07-26 00:00:00+07:00,47634.81901988637,48505.65666193182,47460.65149147727,47896.0703125,1452400,0.0,0.0
2024-07-29 00:00:00+07:00,48331.490885416664,48418.574652777774,47808.98828125,47808.98828125,507300,0.0,0.0
2024-07-30 00:00:00+07:00,47634.81858034899,48331.48868755702,47634.81858034899,47721.90234375,754700,0.0,0.0
2024-07-31 00:00:00+07:00,47721.90365523465,48418.57378158844,47634.819889440434,48244.40625,1026300,0.0,0.0
2024-08-01 00:00:00+07:00,48592.74042613636,50073.16441761364,47896.0703125,47896.0703125,1325700,0.0,0.0
2024-08-02 00:00:00+07:00,47896.07248185118,48244.407554446465,47460.65364110708,47983.15625,677000,0.0,0.0
2024-08-05 00:00:00+07:00,47634.820289963944,47808.987823016825,45283.55859375,45283.55859375,1649500,0.0,0.0
2024-08-06 00:00:00+07:00,45980.22959662289,47025.234814727955,45370.64321939494,46415.6484375,838500,0.0,0.0
2024-08-07 00:00:00+07:00,46938.15016540643,46938.15016540643,45893.14496691871,46067.3125,724300,0.0,0.0
2024-08-08 00:00:00+07:00,46154.394087357956,46851.06418678977,45980.2265625,45980.2265625,991000,0.0,0.0
2024-08-09 00:00:00+07:00,46502.727014342345,47199.397081972944,46415.64325588852,46676.89453125,471000,0.0,0.0
2024-08-12 00:00:00+07:00,46851.066840277774,47373.569444444445,46502.73177083333,47025.234375,582700,0.0,0.0
2024-08-13 00:00:00+07:00,47460.65190492634,47721.90319981584,46851.06555018416,47286.484375,732900,0.0,0.0
2024-08-14 00:00:00+07:00,47373.56732495512,49376.49388464991,47286.483561490124,48505.65625,1649400,0.0,0.0
2024-08-15 00:00:00+07:00,48592.740013464994,49202.32635771993,48505.65625,48505.65625,899700,0.0,0.0
2024-08-16 00:00:00+07:00,48418.56993783303,49202.32376776198,48331.48617895204,49028.15625,1006500,0.0,0.0
2024-08-19 00:00:00+07:00,49028.157642192906,50334.4140625,48853.990119485294,50334.4140625,1218400,0.0,0.0
2024-08-20 00:00:00+07:00,50334.414507004316,50944.000841864225,49898.99569639009,50508.58203125,1010200,0.0,0.0
2024-08-21 00:00:00+07:00,50508.584630879785,50508.584630879785,49811.91449804007,49986.08203125,937500,0.0,0.0
2024-08-22 00:00:00+07:00,50160.24868421052,50334.416214364035,49289.41103344298,49637.74609375,785800,0.0,0.0
2024-08-23 00:00:00+07:00,49289.412758128296,50073.16667124341,49289.412758128296,49550.6640625,851200,0.0,0.0
2024-08-26 00:00:00+07:00,49550.66362847222,50247.33376736111,49376.49609375,49376.49609375,578500,0.0,0.0
2024-08-28 00:00:00+07:00,49724.830731435104,50595.668397484755,49637.746964830134,49986.08203125,997600,0.0,0.0
2024-08-29 00:00:00+07:00,49986.08203125,50682.75216408972,49986.08203125,49986.08203125,1024600,0.0,0.0
2024-08-30 00:00:00+07:00,50247.331589673915,50944.00169836956,49986.08029891304,50073.1640625,1404900,0.0,0.0
2024-09-04 00:00:00+07:00,49811.9140625,50247.332891717655,49637.74653081294,49811.9140625,898100,0.0,0.0
2024-09-05 00:00:00+07:00,49898.997388980264,50682.75127467105,49376.494798519736,49637.74609375,824400,0.0,0.0
2024-09-06 00:00:00+07:00,49637.74739583333,49898.998697916664,49376.49609375,49376.49609375,654100,0.0,0.0
2024-09-09 00:00:00+07:00,49376.49302852535,49550.660552435496,48418.57164701957,48941.07421875,1129500,0.0,0.0
2024-09-10 00:00:00+07:00,49289.413214850814,49550.66452164331,48157.32421875,48157.32421875,1389900,0.0,0.0
2024-09-11 00:00:00+07:00,48505.65754738267,48505.65754738267,47896.0711868231,48244.40625,729500,0.0,0.0
2024-09-12 00:00:00+07:00,49115.24390794223,49202.32767373646,48157.322484205775,48244.40625,665800,0.0,0.0
2024-09-13 00:00:00+07:00,48331.485732787434,49028.155797404186,48331.485732787434,48853.98828125,698100,0.0,0.0
2024-09-16 00:00:00+07:00,48505.65452088934,49115.24084341398,48505.65452088934,48592.73828125,587100,0.0,0.0
2024-09-17 00:00:00+07:00,48505.65414131637,49202.32421875,48505.65414131637,49202.32421875,441500,0.0,0.0
2024-09-18 00:00:00+07:00,49202.32331355838,49289.407071635476,48853.98828125,48853.98828125,586900,0.0,0.0
2024-09-19 00:00:00+07:00,49028.15669939159,49376.49173810841,48941.072939712394,49202.32421875,378900,0.0,0.0
2024-09-20 00:00:00+07:00,49463.57943162021,49986.08203125,49202.32813180531,49986.08203125,1126400,0.0,0.0
2024-09-23 00:00:00+07:00,50073.16579785496,50334.41709766986,49724.830731435104,49986.08203125,666600,0.0,0.0
2024-09-24 00:00:00+07:00,50247.331589673915,50334.41535326087,49811.91277173913,50073.1640625,758600,0.0,0.0
2024-09-25 00:00:00+07:00,50073.16579785496,50247.333331064896,49898.99826464503,49986.08203125,357400,0.0,0.0
2024-09-26 00:00:00+07:00,50073.16537354776,50944.003032218156,50073.16537354776,50595.66796875,1271100,0.0,0.0
2024-09-27 00:00:00+07:00,50769.832478632474,51205.25128205128,50421.497435897436,50944.0,814200,0.0,0.0
2024-09-30 00:00:00+07:00,51205.25167603807,51205.25167603807,50247.3303011462,50334.4140625,731500,0.0,0.0
2024-10-01 00:00:00+07:00,50508.58158520761,50508.58158520761,50160.24653979239,50334.4140625,579300,0.0,0.0
2024-10-02 00:00:00+07:00,50334.41797561511,50334.41797561511,49463.5802943761,49550.6640625,815600,0.0,0.0
2024-10-03 00:00:00+07:00,49811.917115977114,50247.335971886,49463.58203125,49463.58203125,626400,0.0,0.0
2024-10-04 00:00:00+07:00,49463.57768330388,49637.745210357774,49289.41015625,49289.41015625,536200,0.0,0.0
2024-10-07 00:00:00+07:00,49289.41232638889,49724.831163194445,49202.328559027774,49376.49609375,434800,0.0,0.0
2024-10-08 00:00:00+07:00,49376.491285523975,49550.658803285965,48853.98873223801,49028.15625,599800,0.0,0.0
2024-10-09 00:00:00+07:00,49115.2421875,49289.40971298759,48679.82337378103,49115.2421875,633900,0.0,0.0
2024-10-10 00:00:00+07:00,49289.41062337522,50421.49955995451,49202.32685902296,50247.33203125,770400,0.0,0.0
2024-10-11 00:00:00+07:00,50421.49911684782,50682.75040760869,49986.08029891304,50073.1640625,449300,0.0,0.0
2024-10-14 00:00:00+07:00,50160.24912587413,50247.332891717655,49724.830296656466,49811.9140625,515400,0.0,0.0
2024-10-15 00:00:00+07:00,49811.91580013135,50682.753488944836,49724.83203125,49724.83203125,642600,0.0,0.0
2024-10-16 00:00:00+07:00,49724.82773302336,50334.4140625,49724.82773302336,50334.4140625,601800,0.0,0.0
2024-10-17 00:00:00+07:00,50508.58638743456,50508.58638743456,49550.66492146597,49899.0,294700,0.0,0.0
2024-10-18 00:00:00+07:00,50073.16579785496,50595.668397484755,49898.99826464503,49986.08203125,410300,0.0,0.0
2024-10-21 00:00:00+07:00,49986.08026446555,50160.24779151943,49202.32639272305,49289.41015625,735600,0.0,0.0
2024-10-22 00:00:00+07:00,49115.24129464286,49202.32505580357,48679.82248883929,48766.90625,646300,0.0,0.0
2024-10-23 00:00:00+07:00,48766.90625,49202.32505580357,48418.57120535715,48766.90625,479000,0.0,0.0
2024-10-24 00:00:00+07:00,48766.90406976744,48766.90406976744,48505.652797965115,48679.8203125,433400,0.0,0.0
2024-10-25 00:00:00+07:00,48679.823331925676,48766.90709459459,48070.23699324324,48331.48828125,469500,0.0,0.0
2024-10-28 00:00:00+07:00,48418.57204391892,48418.57204391892,48157.32075591216,48331.48828125,563900,0.0,0.0
2024-10-29 00:00:00+07:00,48331.490015794225,48505.65754738267,48070.23871841155,48244.40625,968400,0.0,0.0
2024-10-31 00:00:00+07:00,48157.322046252266,48941.075931272644,48070.23828125,48070.23828125,621300,0.0,0.0
2024-11-01 00:00:00+07:00,48418.575525542496,48853.994370196655,48157.32421875,48157.32421875,436300,0.0,0.0
2024-11-04 00:00:00+07:00,48679.823331925676,48853.99085726351,48331.48828125,48331.48828125,571700,0.0,0.0
2024-11-06 00:00:00+07:00,48505.65452088934,48766.90580197133,48331.48700016801,48592.73828125,526500,0.0,0.0
2024-11-07 00:00:00+07:00,48766.90535071942,48853.98911027428,48418.5703125,48418.5703125,339500,0.0,0.0
2024-11-08 00:00:00+07:00,48505.65710626132,48679.824636265854,48070.23828125,48070.23828125,651500,0.0,0.0
2024-11-11 00:00:00+07:00,48157.32421875,48592.74306340416,48070.24044981917,48157.32421875,491500,0.0,0.0
2024-11-12 00:00:00+07:00,48244.40499392668,49986.08026446555,48244.40499392668,49289.41015625,1134200,0.0,0.0
2024-11-13 00:00:00+07:00,49376.49826006822,49637.74957361355,49028.163175341106,49463.58203125,379300,0.0,0.0
2024-11-14 00:00:00+07:00,49463.57458778966,49463.57458778966,48766.9045231729,48853.98828125,364700,0.0,0.0
2024-11-15 00:00:00+07:00,48766.90709459459,48853.99085726351,48331.48828125,48331.48828125,476200,0.0,0.0
2024-11-18 00:00:00+07:00,49028.15838260135,49028.15838260135,48157.32075591216,48331.48828125,628600,0.0,0.0
2024-11-19 00:00:00+07:00,48766.90795454545,48766.90795454545,47896.0703125,47896.0703125,520500,0.0,0.0
2024-11-20 00:00:00+07:00,47634.81817989865,48331.48828125,47634.81817989865,48331.48828125,436600,0.0,0.0
2024-11-21 00:00:00+07:00,48418.575525542496,48418.575525542496,47983.156680888336,48157.32421875,266200,0.0,0.0
2024-11-22 00:00:00+07:00,48157.322484205775,48766.90884476534,48157.322484205775,48244.40625,539000,0.0,0.0
2024-11-25 00:00:00+07:00,48679.823331925676,48766.90709459459,48331.48828125,48331.48828125,411600,0.0,0.0
2024-11-26 00:00:00+07:00,48418.56949086453,49028.155797404186,48418.56949086453,48853.98828125,853100,0.0,0.0
2024-11-27 00:00:00+07:00,48853.98828125,49289.407071635476,48853.98828125,48853.98828125,477400,0.0,0.0
2024-11-28 00:00:00+07:00,49115.24214527027,49202.32590793919,48331.48828125,48331.48828125,454800,0.0,0.0
2024-11-29 00:00:00+07:00,48331.485732787434,48853.98828125,48070.23445855615,48853.98828125,503600,0.0,0.0
2024-12-02 00:00:00+07:00,48941.07421875,49550.660552435496,48766.906694839854,48941.07421875,385300,0.0,0.0
2024-12-03 00:00:00+07:00,48941.07421875,49028.157980705066,48592.739170929715,48941.07421875,524400,0.0,0.0
2024-12-04 00:00:00+07:00,48941.07683199042,50508.584630879785,48766.90929878048,49986.08203125,1411400,0.0,0.0
2024-12-05 00:00:00+07:00,50160.247826086954,50508.582880434784,49550.66148097826,50073.1640625,826400,0.0,0.0
2024-12-06 00:00:00+07:00,50247.33203125,50944.00214606802,49898.996973840985,50247.33203125,1099700,0.0,0.0
2024-12-09 00:00:00+07:00,50247.331589673915,50421.49911684782,49811.91277173913,50073.1640625,612400,0.0,0.0
2024-12-10 00:00:00+07:00,50073.16537354776,50769.83550048408,49986.081607680724,50595.66796875,765300,0.0,0.0
2024-12-11 00:00:00+07:00,50682.74865722656,50856.916178385414,50160.24609375,50160.24609375,927200,0.0,0.0
2024-12-12 00:00:00+07:00,50160.247826086954,50595.66664402174,50073.1640625,50073.1640625,577300,0.0,0.0
2024-12-13 00:00:00+07:00,50073.16579785496,50247.333331064896,49811.91449804007,49986.08203125,571700,0.0,0.0
2024-12-16 00:00:00+07:00,49986.08376963351,50160.25130890052,49811.91623036649,49899.0,276600,0.0,0.0
2024-12-17 00:00:00+07:00,50073.167539267015,50160.25130890052,49637.74869109948,49899.0,449400,0.0,0.0
2024-12-18 00:00:00+07:00,49898.99826464503,50160.249564459926,49898.99826464503,49986.08203125,340100,0.0,0.0
2024-12-19 00:00:00+07:00,49637.747830623906,49898.99913499561,49115.24522188049,49550.6640625,859800,0.0,0.0
2024-12-20 00:00:00+07:00,49550.65925746682,49724.826776825226,49115.240459070796,49202.32421875,868600,0.0,0.0
2024-12-23 00:00:00+07:00,49637.74653081294,50595.66795509178,49376.495233282345,49811.9140625,613200,0.0,0.0
2024-12-24 00:00:00+07:00,49898.997828343534,50073.165360030594,49637.74653081294,49811.9140625,623800,0.0,0.0
2024-12-25 00:00:00+07:00,50073.16579785496,50334.41709766986,49811.91449804007,49986.08203125,845200,0.0,0.0
2024-12-26 00:00:00+07:00,49805.623821813286,50527.444456912024,49805.623821813286,50256.76171875,959500,2000.0,0.0
2024-12-27 00:00:00+07:00,50346.98828125,50346.98828125,49715.39523829525,50346.98828125,632700,0.0,0.0
2024-12-30 00:00:00+07:00,50256.76155860071,50617.671875,49805.6236631016,50617.671875,478700,0.0,0.0
2024-12-31 00:00:00+07:00,50437.218925957204,50437.218925957204,50076.30859375,50076.30859375,416000,0.0,0.0
2025-01-02 00:00:00+07:00,50346.990318682554,50346.990318682554,49715.397250168615,50166.53515625,489100,0.0,0.0
2025-01-03 00:00:00+07:00,50166.537386363634,50256.76497159091,49625.171875,49625.171875,417400,0.0,0.0
2025-01-06 00:00:00+07:00,49534.93895026819,50256.75955427938,48361.98046875,48361.98046875,1071500,0.0,0.0
2025-01-07 00:00:00+07:00,48452.2109375,48903.348841946,48452.2109375,48452.2109375,453600,0.0,0.0
2025-01-08 00:00:00+07:00,48452.2109375,48632.6660992784,48361.9833566108,48452.2109375,626600,0.0,0.0
2025-01-09 00:00:00+07:00,48452.2080442514,48722.89077075559,48271.752893248595,48361.98046875,461400,0.0,0.0
2025-01-10 00:00:00+07:00,48361.98046875,48722.89077075559,48361.98046875,48361.98046875,605600,0.0,0.0
2025-01-13 00:00:00+07:00,48181.53188539742,49083.80776340111,48091.304297597046,48813.125,512200,0.0,0.0
2025-01-14 00:00:00+07:00,48722.89334862385,49174.03125,48722.89334862385,49174.03125,459200,0.0,0.0
2025-01-15 00:00:00+07:00,49625.171875,49625.171875,49083.80636363636,49625.171875,354800,0.0,0.0
2025-01-16 00:00:00+07:00,49444.71519097222,49986.08068576389,48542.43936631944,48722.89453125,729400,0.0,0.0
2025-01-17 00:00:00+07:00,48632.66524022706,49625.16861247659,48001.07218515917,48181.52734375,660800,0.0,0.0
2025-01-20 00:00:00+07:00,48361.98706099815,48903.35258780037,48361.98706099815,48813.125,357400,0.0,0.0
2025-01-21 00:00:00+07:00,49083.80107276119,49083.80107276119,48271.752893248595,48361.98046875,336600,0.0,0.0
2025-01-22 00:00:00+07:00,48632.6660992784,48813.121261056796,48361.9833566108,48452.2109375,358200,0.0,0.0
2025-01-23 00:00:00+07:00,48722.89453125,48813.122113715275,48361.98420138889,48722.89453125,258100,0.0,0.0
2025-01-24 00:00:00+07:00,48452.21381999303,48813.12416502091,48452.21381999303,48542.44140625,459900,0.0,0.0
2025-02-03 00:00:00+07:00,48361.98179554079,48542.4369514943,47459.70601577324,47549.93359375,621200,0.0,0.0
2025-02-04 00:00:00+07:00,47640.16117172675,47820.61632768026,47279.25085981973,47549.93359375,735000,0.0,0.0
2025-02-05 00:00:00+07:00,47640.161016949154,47910.84375,47549.93343926554,47910.84375,518500,0.0,0.0
2025-02-06 00:00:00+07:00,48001.07148363377,48001.07148363377,47549.93359375,47549.93359375,684600,0.0,0.0
2025-02-07 00:00:00+07:00,47549.936657621656,47640.16424141221,47189.026322459446,47279.25390625,929200,0.0,0.0
2025-02-10 00:00:00+07:00,47098.796875,47279.252035440615,46918.341714559385,47098.796875,802100,0.0,0.0
2025-02-11 00:00:00+07:00,47008.57151617006,47098.79910065407,46467.20600926599,46557.43359375,770000,0.0,0.0
2025-02-12 00:00:00+07:00,46647.662015293834,46918.34477360308,46647.662015293834,46828.1171875,247500,0.0,0.0
2025-02-13 00:00:00+07:00,46828.11532126451,46918.342903771765,46647.66015625,46647.66015625,297800,0.0,0.0
2025-02-14 00:00:00+07:00,47279.25426962209,47279.25426962209,46467.20600926599,46557.43359375,825700,0.0,0.0
2025-02-17 00:00:00+07:00,46467.20722235813,46557.43480919766,46016.06928816047,46106.296875,1138900,0.0,0.0
2025-02-18 00:00:00+07:00,46106.29585266113,46467.2061920166,46016.068267822266,46196.5234375,646700,0.0,0.0
2025-02-19 00:00:00+07:00,46196.522417153996,46376.977582846004,46106.29483430799,46286.75,894100,0.0,0.0
2025-02-20 00:00:00+07:00,46467.2041433609,46557.43172422179,46286.7489816391,46376.9765625,737300,0.0,0.0
2025-02-21 00:00:00+07:00,46557.43155767375,47098.797040902515,46376.97639659749,46737.88671875,774900,0.0,0.0
2025-02-24 00:00:00+07:00,46737.88840350668,47279.25390625,46737.88840350668,47279.25390625,870800,0.0,0.0
2025-02-25 00:00:00+07:00,48271.757327946085,48271.757327946085,47008.57115487834,47279.25390625,507400,0.0,0.0
2025-02-26 00:00:00+07:00,47369.47961566092,47369.47961566092,46918.341714559385,47098.796875,844700,0.0,0.0
2025-02-27 00:00:00+07:00,47098.796875,47189.02445522031,46737.88655411878,47098.796875,480200,0.0,0.0
2025-02-28 00:00:00+07:00,46918.34496359223,47189.02772299757,46467.20703125,46467.20703125,1085900,0.0,0.0
2025-03-03 00:00:00+07:00,46918.342903771765,46918.342903771765,46467.20499123549,46647.66015625,603400,0.0,0.0
2025-03-04 00:00:00+07:00,46647.660997596155,47008.57133413461,46467.20582932692,46918.34375,981100,0.0,0.0
2025-03-05 00:00:00+07:00,46918.34187982626,47008.569460364386,46557.43155767375,46737.88671875,607300,0.0,0.0
2025-03-06 00:00:00+07:00,46737.88688594358,46828.11446680447,46286.7489816391,46376.9765625,1466600,0.0,0.0
2025-03-07 00:00:00+07:00,46828.11653137207,46918.34411621094,46106.29585266113,46196.5234375,1447200,0.0,0.0
2025-03-10 00:00:00+07:00,46467.2041433609,46647.659305082685,46016.06623905642,46376.9765625,1371300,0.0,0.0
2025-03-11 00:00:00+07:00,46286.75102233887,46376.978607177734,45925.8406829834,46196.5234375,1594800,0.0,0.0
2025-03-12 00:00:00+07:00,46016.06928816047,46467.20722235813,46016.06928816047,46106.296875,1733300,0.0,0.0
2025-03-13 00:00:00+07:00,46106.296875,46467.20722235813,46016.06928816047,46106.296875,1148100,0.0,0.0
2025-03-14 00:00:00+07:00,46286.750840297966,47279.25426962209,46196.523255813954,46557.43359375,1544600,0.0,0.0
2025-03-17 00:00:00+07:00,46918.343931686046,47008.57151617006,46376.97842478198,46557.43359375,761900,0.0,0.0
2025-03-18 00:00:00+07:00,46557.43480919766,46828.11756971625,46106.296875,46106.296875,1776800,0.0,0.0
2025-03-19 00:00:00+07:00,46286.74726254921,46286.74726254921,45835.609375,45835.609375,2211100,0.0,0.0
2025-03-20 00:00:00+07:00,45925.838994565216,46106.294157608696,45564.928668478264,45655.15625,1541600,0.0,0.0
2025-03-21 00:00:00+07:00,45835.610555417494,45835.610555417494,45384.47265625,45384.47265625,1227900,0.0,0.0
2025-03-24 00:00:00+07:00,45384.472820641284,45474.7004008016,45023.5625,45023.5625,1706500,0.0,0.0
2025-03-25 00:00:00+07:00,45204.017312058524,45294.24489152371,44707.765625,44707.765625,1626600,0.0,0.0
2025-03-26 00:00:00+07:00,44707.765625,45204.017312058524,44572.42425580222,44707.765625,1419300,0.0,0.0
2025-03-27 00:00:00+07:00,44707.765625,44843.10699419778,44617.53804553481,44707.765625,1011300,0.0,0.0
2025-03-28 00:00:00+07:00,44752.88197261663,44843.109557238844,44391.97163412779,44482.19921875,1296000,0.0,0.0
2025-03-31 00:00:00+07:00,44437.0856099821,44572.426987474435,44121.2890625,44121.2890625,1148000,0.0,0.0
2025-04-01 00:00:00+07:00,44256.62974924012,44752.88145896656,44076.174582066866,44527.3125,1112800,0.0,0.0
2025-04-02 00:00:00+07:00,44572.42680337221,44617.54059568332,44301.74404950558,44482.19921875,653100,0.0,0.0
2025-04-03 00:00:00+07:00,43579.923485209925,43579.923485209925,41369.34765625,41369.34765625,3313200,0.0,0.0
2025-04-04 00:00:00+07:00,38482.06318483276,40467.069961072666,38482.06318483276,39113.65625,3848700,0.0,0.0
2025-04-08 00:00:00+07:00,39113.66004621478,40196.39112015845,38256.49794600939,38436.953125,3688200,0.0,0.0
2025-04-09 00:00:00+07:00,37444.44617169785,40241.50118693311,37444.44617169785,39790.36328125,3452100,0.0,0.0
2025-04-10 00:00:00+07:00,42542.3046875,42542.3046875,42497.19089673913,42542.3046875,598500,0.0,0.0
2025-04-11 00:00:00+07:00,43309.239795918365,44752.88112244898,42542.305341198975,44211.515625,4010000,0.0,0.0
2025-04-14 00:00:00+07:00,44662.65234375,44888.221294981064,43805.49032907197,44662.65234375,2653300,0.0,0.0
2025-04-15 00:00:00+07:00,44256.628565355495,44301.74235594199,43128.78380069302,43940.83203125,2331300,0.0,0.0
2025-04-16 00:00:00+07:00,43489.69360556723,43760.37634585084,42722.759174763654,42948.328125,1523400,0.0,0.0
2025-04-17 00:00:00+07:00,42677.6475980718,42858.102767619675,42361.85105136303,42406.96484375,1363100,0.0,0.0
2025-04-18 00:00:00+07:00,42767.87160110877,43309.23706441394,42587.416446673706,42722.7578125,1025000,0.0,0.0
2025-04-21 00:00:00+07:00,42677.64657145701,42948.32931926752,42497.19140625,42497.19140625,472500,0.0,0.0
2025-04-22 00:00:00+07:00,42406.965028165236,42858.10295399678,40602.41332483906,42046.0546875,1384500,0.0,0.0
2025-04-23 00:00:00+07:00,43128.78480259774,43850.60546875,42767.8744695216,43850.60546875,1164100,0.0,0.0
2025-04-24 00:00:00+07:00,44211.51359247967,44527.31011814024,44031.05843495935,44391.96875,1823900,0.0,0.0
2025-04-25 00:00:00+07:00,44391.96960227273,44662.65234375,44121.28686079545,44662.65234375,2004100,0.0,0.0
2025-04-28 00:00:00+07:00,44617.540702819824,46286.75102233887,44437.08553314209,46196.5234375,2093300,0.0,0.0
2025-04-29 00:00:00+07:00,45835.613565488566,45835.613565488566,43399.46875,43399.46875,4602000,0.0,0.0
2025-05-05 00:00:00+07:00,43219.01171875,43444.58067344076,42542.30485467771,43219.01171875,1358013,0.0,0.0
2025-05-06 00:00:00+07:00,43715.25997991771,43715.25997991771,43083.66695647205,43173.89453125,863459,0.0,0.0
2025-05-07 00:00:00+07:00,43354.35546875,43670.152022632676,43309.24167533819,43354.35546875,874869,0.0,0.0
2025-05-08 00:00:00+07:00,43399.46805805871,43985.947356140576,43399.46805805871,43805.4921875,932241,0.0,0.0
2025-05-09 00:00:00+07:00,44843.10870535714,44843.10870535714,44076.174250637756,44211.515625,1047554,0.0,0.0
2025-05-12 00:00:00+07:00,44391.970108695656,44662.65285326087,44211.514945652176,44617.5390625,1300578,0.0,0.0
2025-05-13 00:00:00+07:00,44752.882487309646,44752.882487309646,44391.97214467005,44437.0859375,1114145,0.0,0.0
2025-05-14 00:00:00+07:00,44301.7420217803,44797.993714488635,44301.7420217803,44662.65234375,1202231,0.0,0.0
2025-05-15 00:00:00+07:00,44662.652017582004,45655.155395750495,44662.652017582004,45384.47265625,1387816,0.0,0.0
2025-05-16 00:00:00+07:00,45384.470629641095,45745.38093285891,45294.24305383664,45564.92578125,774068,0.0,0.0
2025-05-19 00:00:00+07:00,45294.24729627767,45294.24729627767,44752.88179074447,44843.109375,861833,0.0,0.0
2025-05-20 00:00:00+07:00,44662.65319088855,45023.563519703814,44617.53939978665,44933.3359375,656479,0.0,0.0
2025-05-21 00:00:00+07:00,44933.33406313004,45068.67543079007,44662.65132780998,44752.87890625,684212,0.0,0.0
2025-05-22 00:00:00+07:00,44752.882301107755,44843.109886392245,44572.427130538774,44797.99609375,867955,0.0,0.0
2025-05-23 00:00:00+07:00,44797.99422554348,44843.10801630435,44482.19769021739,44617.5390625,502977,0.0,0.0
2025-05-26 00:00:00+07:00,45023.563179347824,45023.563179347824,43940.83220108696,44617.5390625,789367,0.0,0.0
2025-05-27 00:00:00+07:00,44888.221807065216,44888.221807065216,44572.42527173913,44617.5390625,695480,0.0,0.0
2025-05-28 00:00:00+07:00,44752.88043478261,44843.10801630435,44437.08389945652,44617.5390625,671352,0.0,0.0
2025-05-29 00:00:00+07:00,44662.654901649745,44933.33765862944,44437.0859375,44437.0859375,880730,0.0,0.0
2025-05-30 00:00:00+07:00,44437.08321314103,44482.19700320513,43940.831522435896,43985.9453125,1846002,0.0,0.0
2025-06-02 00:00:00+07:00,43985.94514957401,44527.310628338,43805.48998998602,44346.85546875,676970,0.0,0.0
2025-06-03 00:00:00+07:00,44391.96960227273,44707.766133996214,44391.96960227273,44662.65234375,761668,0.0,0.0
2025-06-04 00:00:00+07:00,44752.88161177645,45745.385034618266,44707.767819829096,45204.01953125,1592198,0.0,0.0
2025-06-05 00:00:00+07:00,45113.79024621212,45294.24540719697,44662.65234375,44662.65234375,1665649,0.0,0.0
2025-06-06 00:00:00+07:00,44662.65302465596,44888.22197932594,44256.62890625,44256.62890625,902124,0.0,0.0
2025-06-09 00:00:00+07:00,44256.63095333291,44572.42750447799,44076.17578125,44076.17578125,997177,0.0,0.0
2025-06-10 00:00:00+07:00,44437.086125415815,44437.086125415815,44031.061988229274,44076.17578125,991861,0.0,0.0
2025-06-11 00:00:00+07:00,44121.28804209184,44301.74320790816,44076.174250637756,44211.515625,420695,0.0,0.0
2025-06-12 00:00:00+07:00,44301.74252717391,44752.88043478261,44301.74252717391,44617.5390625,778744,0.0,0.0
2025-06-13 00:00:00+07:00,44572.424929989815,44572.424929989815,44121.28702584012,44301.7421875,1036385,0.0,0.0
2025-06-16 00:00:00+07:00,44211.513937941476,44843.10699419778,44211.513937941476,44707.765625,1124362,0.0,0.0
2025-06-17 00:00:00+07:00,44752.87925425426,45835.610203953955,44707.765464683434,45068.67578125,1580277,0.0,0.0
2025-06-18 00:00:00+07:00,45068.676455965906,45204.01782670455,44662.65234375,44662.65234375,1445112,0.0,0.0
2025-06-19 00:00:00+07:00,44843.10801630435,44978.44938858696,44391.970108695656,44617.5390625,1098994,0.0,0.0
2025-06-20 00:00:00+07:00,44662.65234375,44752.87992424242,44482.19718276515,44662.65234375,1059034,0.0,0.0
2025-06-23 00:00:00+07:00,44391.97214467005,44617.5411088198,44301.744559010156,44437.0859375,1207778,0.0,0.0
2025-06-24 00:00:00+07:00,44662.654715823264,44797.99609375,44527.31333789653,44797.99609375,857936,0.0,0.0
2025-06-25 00:00:00+07:00,44527.31064783176,45564.927815917,44527.31064783176,45384.47265625,1836863,0.0,0.0
2025-06-26 00:00:00+07:00,45745.38093285891,45835.60850866337,45384.470629641095,45564.92578125,1367161,0.0,0.0
2025-06-27 00:00:00+07:00,45655.15625,45925.838994565216,45384.473505434784,45655.15625,3076369,0.0,0.0
2025-06-30 00:00:00+07:00,45655.157047872344,45799.02834109043,44983.75767952128,45079.671875,2033448,3000.0,0.0
2025-07-01 00:00:00+07:00,45079.672479189045,45079.672479189045,44600.10149536788,44648.05859375,979758,0.0,0.0
2025-07-02 00:00:00+07:00,44600.101697198275,44600.101697198275,44216.444908405174,44504.1875,1957293,0.0,0.0
2025-07-03 00:00:00+07:00,44504.1877027027,44696.01609797297,44360.31640625,44360.31640625,1609347,0.0,0.0
2025-07-04 00:00:00+07:00,44696.01589439655,44696.01589439655,44408.273302801725,44504.1875,956176,0.0,0.0
2025-07-07 00:00:00+07:00,44600.101697198275,44743.97299299569,44408.273302801725,44504.1875,1394381,0.0,0.0
2025-07-08 00:00:00+07:00,44552.14399763207,44935.80078125,44552.14399763207,44935.80078125,1747468,0.0,0.0
2025-07-09 00:00:00+07:00,45079.671022429175,45799.02747491474,44983.75682876443,45703.11328125,3808522,0.0,0.0
2025-07-10 00:00:00+07:00,45751.073666515076,46374.51597014683,45751.073666515076,46134.73046875,2259137,0.0,0.0
2025-07-11 00:00:00+07:00,46134.730399792315,46278.60170041537,45559.24519730011,46182.6875,2518826,0.0,0.0
2025-07-14 00:00:00+07:00,46182.68770751953,46374.51610921224,45703.116703287764,46038.81640625,1380694,0.0,0.0
2025-07-15 00:00:00+07:00,46038.816337148804,46902.04414347034,45990.85923679761,46086.7734375,2226705,0.0,0.0
2025-07-16 00:00:00+07:00,46086.77350667318,46182.68770751953,45703.116703287764,46038.81640625,1474279,0.0,0.0
2025-07-17 00:00:00+07:00,46086.77295728952,46710.21525535899,45894.94455788352,46422.47265625,2116467,0.0,0.0
2025-07-18 00:00:00+07:00,46566.34423220306,46566.34423220306,46038.816130705396,46230.64453125,1446391,0.0,0.0
2025-07-21 00:00:00+07:00,46086.76998984539,46374.51257042715,45751.0703125,45751.0703125,3418225,0.0,0.0
2025-07-22 00:00:00+07:00,45799.02727837343,45942.89856825314,45559.24179524059,45846.984375,905822,0.0,0.0
2025-07-23 00:00:00+07:00,45894.94428771219,46902.04337866513,45559.24459072788,46614.30078125,2872253,0.0,0.0
2025-07-24 00:00:00+07:00,46949.99993223852,47957.09901147959,46710.21443718112,46997.95703125,2354810,0.0,0.0
2025-07-25 00:00:00+07:00,46997.95689600305,47093.87109375,46854.08559938263,47093.87109375,1408433,0.0,0.0
2025-07-28 00:00:00+07:00,47333.65631734914,47477.52761314655,46902.0424299569,47285.69921875,2776575,0.0,0.0
2025-07-29 00:00:00+07:00,47285.697886417634,47477.52627540919,45415.37109375,45415.37109375,2712837,0.0,0.0
2025-07-30 00:00:00+07:00,45463.32786239496,45846.98463760504,45415.370765493695,45655.15625,2128422,0.0,0.0
2025-07-31 00:00:00+07:00,45751.070378082375,46422.469733735576,45559.24199075289,45703.11328125,1988348,0.0,0.0
2025-08-01 00:00:00+07:00,45751.07387252346,46086.77357599061,45751.07387252346,45990.859375,1137404,0.0,0.0
2025-08-04 00:00:00+07:00,46038.816268191265,46134.73046875,45703.11656623571,46134.73046875,877522,0.0,0.0
2025-08-05 00:00:00+07:00,46134.727351973685,46230.64154605263,45463.32799342105,45559.2421875,2211047,0.0,0.0
2025-08-06 00:00:00+07:00,45655.15598849372,46182.684051385986,45415.37050536088,45846.984375,1753861,0.0,0.0
2025-08-07 00:00:00+07:00,46038.81289308176,46038.81289308176,45607.19902220912,45751.0703125,1568395,0.0,0.0
2025-08-08 00:00:00+07:00,45751.07011657523,46182.68398559953,45655.155923458726,45894.94140625,994098,0.0,0.0
2025-08-11 00:00:00+07:00,46038.816130705396,46566.34423220306,46038.816130705396,46230.64453125,1576077,0.0,0.0
2025-08-12 00:00:00+07:00,46422.47279373706,46566.34409371765,46230.644393762945,46326.55859375,1332615,0.0,0.0
2025-08-13 00:00:00+07:00,46470.430379953075,46470.430379953075,45894.94517400939,45990.859375,1233695,0.0,0.0
2025-08-14 00:00:00+07:00,46134.72682346033,46134.72682346033,45799.027148029745,45942.8984375,1206423,0.0,0.0
2025-08-15 00:00:00+07:00,45990.856060855265,45990.856060855265,45463.32799342105,45559.2421875,1662041,0.0,0.0
2025-08-18 00:00:00+07:00,45607.19974897269,45799.02813908404,45223.54296875,45223.54296875,1037848,0.0,0.0
2025-08-19 00:00:00+07:00,45319.45716380567,45415.37135886135,45127.62877369433,45223.54296875,1113339,0.0,0.0
2025-08-20 00:00:00+07:00,45223.54350350936,45223.54350350936,44648.05832637032,44839.88671875,1328753,0.0,0.0
2025-08-21 00:00:00+07:00,44648.058526689914,44983.758214860514,44408.273035139486,44696.015625,1497713,0.0,0.0
2025-08-22 00:00:00+07:00,44600.102517740175,44696.01671670305,43832.788926037116,43928.703125,1963343,0.0,0.0
2025-08-25 00:00:00+07:00,43928.70339912281,44120.53179824562,43640.960800438595,43736.875,1058238,0.0,0.0
2025-08-26 00:00:00+07:00,43736.87459150327,44024.6171875,43593.0032935049,44024.6171875,811277,0.0,0.0
2025-08-27 00:00:00+07:00,44216.445448369566,44408.2738451087,43976.659952445654,44120.53125,1276522,0.0,0.0
2025-08-28 00:00:00+07:00,44120.53051154672,44743.97279051423,44120.53051154672,44648.05859375,639940,0.0,0.0
2025-08-29 00:00:00+07:00,44887.84408566058,44983.75828242481,44648.05859375,44648.05859375,830356,0.0,0.0
2025-09-03 00:00:00+07:00,44696.015962108955,44696.015962108955,44360.31627140642,44456.23046875,653833,0.0,0.0
2025-09-04 00:00:00+07:00,44600.10076632166,45271.50013269639,44456.22947352707,45175.5859375,1099814,0.0,0.0
2025-09-05 00:00:00+07:00,45319.45696518235,45559.24245177061,45175.58567322938,45367.4140625,1309015,0.0,0.0
2025-09-08 00:00:00+07:00,45559.24312232906,45607.20022035256,44839.8866519765,44887.84375,956031,0.0,0.0
2025-09-09 00:00:00+07:00,44839.8873262014,44887.844424946,44312.359240010795,44408.2734375,953127,0.0,0.0
2025-09-10 00:00:00+07:00,44600.10190033784,44696.01609797297,44264.40220861486,44360.31640625,593323,0.0,0.0
2025-09-11 00:00:00+07:00,44504.1875,44600.101697198275,43832.78811961207,44504.1875,800345,0.0,0.0
2025-09-12 00:00:00+07:00,44408.27296858253,45463.329129823156,44408.27296858253,44743.97265625,1218676,0.0,0.0
2025-09-15 00:00:00+07:00,45031.71517833244,45079.672276498924,44743.97258933351,44791.9296875,508363,0.0,0.0
2025-09-16 00:00:00+07:00,45031.713732348326,46182.684051385986,44696.01405596235,45846.984375,2926032,0.0,0.0
2025-09-17 00:00:00+07:00,45846.98503567653,46182.684716900105,45367.4140625,45367.4140625,984214,0.0,0.0
2025-09-18 00:00:00+07:00,45511.286024305555,45607.20022035256,44791.92955395299,44887.84375,1192383,0.0,0.0
2025-09-19 00:00:00+07:00,45031.71613451087,45031.71613451087,44120.53125,44120.53125,1386552,0.0,0.0
2025-09-22 00:00:00+07:00,44216.44585954595,44552.14555696116,43640.96066397702,43832.7890625,1536281,0.0,0.0
2025-09-23 00:00:00+07:00,43928.703125,44216.445721888645,43784.83182655567,43928.703125,448364,0.0,0.0
2025-09-24 00:00:00+07:00,44024.61691635032,44216.4453125,43640.96012405097,44216.4453125,684371,0.0,0.0
2025-09-25 00:00:00+07:00,44264.4027526922,44360.31695150627,43880.74595743593,43976.66015625,469511,0.0,0.0
2025-09-26 00:00:00+07:00,44168.488828895126,44168.488828895126,43784.83203125,43784.83203125,661447,0.0,0.0
2025-09-29 00:00:00+07:00,43832.78933722527,43832.78933722527,43497.08963770604,43640.9609375,572552,0.0,0.0
2025-09-30 00:00:00+07:00,43640.96135232301,43736.87555309734,43305.26164961283,43353.21875,657703,0.0,0.0
2025-10-01 00:00:00+07:00,43449.1328125,43688.91831367274,43353.218612030905,43449.1328125,400448,0.0,0.0
2025-10-02 00:00:00+07:00,43545.046875,43880.746575578196,43545.046875,43545.046875,841181,0.0,0.0
2025-10-03 00:00:00+07:00,43593.00376903814,43928.70346802964,43545.04666918222,43688.91796875,502230,0.0,0.0
2025-10-06 00:00:00+07:00,44168.48814582205,44312.359442713976,43832.788453074216,44264.40234375,1004631,0.0,0.0
2025-10-07 00:00:00+07:00,44552.145142663045,44552.145142663045,44024.617051630434,44120.53125,773575,0.0,0.0
2025-10-08 00:00:00+07:00,44408.27391356094,44504.18811207835,44072.57421875,44072.57421875,623128,0.0,0.0
2025-10-09 00:00:00+07:00,44120.53179824562,44168.48889802632,43688.9179002193,43736.875,634452,0.0,0.0
2025-10-10 00:00:00+07:00,43736.87465921483,44072.57435506407,43688.91755980779,43976.66015625,586467,0.0,0.0
2025-10-13 00:00:00+07:00,43640.960325421656,44072.57421875,43497.08902764554,44072.57421875,598856,0.0,0.0
2025-10-14 00:00:00+07:00,43928.70367566079,44072.57497590859,43545.046875,43545.046875,684306,0.0,0.0
2025-10-15 00:00:00+07:00,43593.004182493096,43832.78968404696,43401.17578125,43401.17578125,867913,0.0,0.0
2025-10-16 00:00:00+07:00,43449.132950774336,43736.87555309734,43257.304549225664,43353.21875,572609,0.0,0.0
2025-10-17 00:00:00+07:00,43353.21868093923,43640.961282803866,43065.476079074586,43401.17578125,903155,0.0,0.0
2025-10-20 00:00:00+07:00,43209.34514825994,43401.17353959517,42202.24609375,42202.24609375,1074293,0.0,0.0
2025-10-21 00:00:00+07:00,42346.11679204162,42681.81647215973,42202.24550056243,42633.859375,884290,0.0,0.0
2025-10-22 00:00:00+07:00,42633.85891723633,42969.55859375,42442.03053065709,42969.55859375,495268,0.0,0.0
2025-10-23 00:00:00+07:00,42969.56160616061,43784.8323062775,42729.776106126235,43593.00390625,807324,0.0,0.0
2025-10-24 00:00:00+07:00,43640.96142199612,43640.96142199612,43161.3904173588,43305.26171875,459142,0.0,0.0
2025-10-27 00:00:00+07:00,43640.961006256875,43880.74650629125,43353.21840621562,43593.00390625,768231,0.0,0.0
2025-10-28 00:00:00+07:00,43593.00390625,43784.8323062775,43497.08970623625,43593.00390625,450347,0.0,0.0
2025-10-29 00:00:00+07:00,43928.70319330601,44120.53159153005,43593.003496413934,43880.74609375,899609,0.0,0.0
2025-10-30 00:00:00+07:00,44024.61746102298,44024.61746102298,43545.04646471554,43832.7890625,668354,0.0,0.0
2025-10-31 00:00:00+07:00,43976.66015625,44024.61725565703,43736.87465921483,43976.66015625,707843,0.0,0.0
2025-11-03 00:00:00+07:00,43928.70245005399,44743.9731287122,43880.74535130939,44408.2734375,904864,0.0,0.0
2025-11-04 00:00:00+07:00,44552.14480152027,44552.14480152027,43640.959923986484,44360.31640625,988899,0.0,0.0
2025-11-05 00:00:00+07:00,44408.273572781385,44456.23067167208,44072.57388054654,44312.359375,611079,0.0,0.0
2025-11-06 00:00:00+07:00,44120.53104685807,44408.27364064193,44024.61684893012,44264.40234375,680276,0.0,0.0
2025-11-07 00:00:00+07:00,44024.61691635032,44504.18790672451,44024.61691635032,44216.4453125,604942,0.0,0.0
2025-11-10 00:00:00+07:00,44312.35964673913,44456.23094429348,44120.53125,44120.53125,658466,0.0,0.0
2025-11-11 00:00:00+07:00,44072.57308360043,45319.45763221154,44024.61598557692,44887.84375,1317398,0.0,0.0
2025-11-12 00:00:00+07:00,44887.84355031949,45175.586137180515,44696.01515907881,45031.71484375,890620,0.0,0.0
2025-11-13 00:00:00+07:00,45175.58554193038,45607.19941653481,44935.80005603903,45463.328125,1168211,0.0,0.0
2025-11-14 00:00:00+07:00,45463.32852308917,45607.19981588376,45127.62883990181,45175.5859375,980615,0.0,0.0
2025-11-17 00:00:00+07:00,45175.585739087306,45655.15671296296,45175.585739087306,45319.45703125,1079258,0.0,0.0
2025-11-18 00:00:00+07:00,45367.414194915254,45559.24258474576,44887.84322033898,45271.5,760255,0.0,0.0
2025-11-19 00:00:00+07:00,45271.500265957446,45271.500265957446,44983.75767952128,45079.671875,709680,0.0,0.0
2025-11-20 00:00:00+07:00,45463.32858993093,45559.24278526833,45031.714710912594,45127.62890625,913575,0.0,0.0
2025-11-21 00:00:00+07:00,45031.71517833244,45031.71517833244,44600.10129483404,44791.9296875,586758,0.0,0.0
2025-11-24 00:00:00+07:00,44791.930432353736,45079.67302613759,44264.40234375,44264.40234375,1001452,0.0,0.0
2025-11-25 00:00:00+07:00,44312.359240010795,44887.844424946,44216.4450425216,44408.2734375,479911,0.0,0.0
2025-11-26 00:00:00+07:00,44504.187365591395,44887.84415322581,44504.187365591395,44600.1015625,511429,0.0,0.0
2025-11-27 00:00:00+07:00,44839.887190193964,44839.887190193964,44456.23040140086,44504.1875,345893,0.0,0.0
2025-11-28 00:00:00+07:00,44504.1875,44743.97299299569,44408.273302801725,44504.1875,518114,0.0,0.0
2025-12-01 00:00:00+07:00,44648.0591796875,47573.442219387754,44648.0591796875,46997.95703125,4154688,0.0,0.0
2025-12-02 00:00:00+07:00,46997.95637523855,50259.0390625,46854.08508021231,50259.0390625,5839741,0.0,0.0
2025-12-03 00:00:00+07:00,51793.66690751445,52177.32369942196,49779.46875,49779.46875,3281799,0.0,0.0
2025-12-04 00:00:00+07:00,49395.81332883104,50067.21273330059,48436.671322445975,48820.328125,2944840,0.0,0.0
2025-12-05 00:00:00+07:00,48820.325685554715,49203.98246893825,47765.26953125,47765.26953125,2589894,0.0,0.0
2025-12-08 00:00:00+07:00,47765.268943843985,51026.3515625,47669.35474917763,51026.3515625,5543247,0.0,0.0
2025-12-09 00:00:00+07:00,52273.23595802064,53040.549513367725,51122.265625,51122.265625,4377912,0.0,0.0
2025-12-10 00:00:00+07:00,51122.26808252427,51218.182281553396,49299.898300970875,49395.8125,2571786,0.0,0.0
2025-12-11 00:00:00+07:00,49587.639818355645,50834.52437858509,49395.81142447419,50163.125,1689628,0.0,0.0
2025-12-12 00:00:00+07:00,49875.3815625,50450.866734375,47909.14055859375,47957.09765625,2636337,0.0,0.0
2025-12-15 00:00:00+07:00,48244.83958075495,49395.80990872525,47957.096998762376,48436.66796875,1639539,0.0,0.0
2025-12-16 00:00:00+07:00,48916.24123549323,49875.3832205029,46134.729478965186,49587.640625,2085346,0.0,0.0
2025-12-17 00:00:00+07:00,49683.55303455589,49683.55303455589,48053.01171875,48053.01171875,1610109,0.0,0.0
2025-12-18 00:00:00+07:00,48532.58256038347,48628.49675516683,47765.26900211653,48148.92578125,1044322,0.0,0.0
2025-12-19 00:00:00+07:00,48148.92644932093,48148.92644932093,47573.44127263581,47669.35546875,1192995,0.0,0.0
2025-12-22 00:00:00+07:00,47669.35560263357,48244.84078093498,47429.57011167465,47573.44140625,991765,0.0,0.0
2025-12-23 00:00:00+07:00,47669.35573705808,47861.184130366164,46902.04216382576,47477.52734375,1842258,0.0,0.0
2025-12-24 00:00:00+07:00,47477.52829629867,47573.44249487705,46806.12890625,46806.12890625,1038692,0.0,0.0
2025-12-25 00:00:00+07:00,46806.12973288382,47477.52913478994,46230.64453125,46230.64453125,1319013,0.0,0.0
2025-12-26 00:00:00+07:00,46134.729583333334,47189.785769230766,46134.729583333334,46758.171875,1436057,0.0,0.0
2025-12-29 00:00:00+07:00,46806.12890625,47237.74279985271,46614.30050909324,46806.12890625,885071,0.0,0.0
2025-12-30 00:00:00+07:00,46902.04203156502,47861.18399540071,46422.47104964718,47573.44140625,1281754,0.0,0.0
2025-12-31 00:00:00+07:00,47573.442219387754,47573.442219387754,46997.95703125,46997.95703125,840755,0.0,0.0
2026-01-05 00:00:00+07:00,47141.829574616684,47189.78667489605,46086.77336847063,46134.73046875,1627486,0.0,0.0
2026-01-06 00:00:00+07:00,46230.641479363825,46230.641479363825,45223.542442987644,45607.19921875,1946074,0.0,0.0
2026-01-07 00:00:00+07:00,45655.15892396907,46854.08641672036,45655.15892396907,46518.38671875,2001198,0.0,0.0
2026-01-08 00:00:00+07:00,46518.386993724125,47381.61479360766,46326.55859375,46326.55859375,1602353,0.0,0.0
2026-01-09 00:00:00+07:00,46902.0429009193,47861.1848825332,46614.300306435136,46950.0,2536572,0.0,0.0
2026-01-12 00:00:00+07:00,47200.0,47450.0,46150.0,47000.0,1713846,2000.0,0.0
2026-01-13 00:00:00+07:00,47050.0,50200.0,47050.0,50200.0,3328455,0.0,0.0
2026-01-14 00:00:00+07:00,51300.0,53700.0,51300.0,53700.0,4767544,0.0,0.0
2026-01-15 00:00:00+07:00,55000.0,57100.0,52700.0,52700.0,5774867,0.0,0.0
2026-01-16 00:00:00+07:00,52700.0,53800.0,51800.0,52500.0,3038276,0.0,0.0
2026-01-19 00:00:00+07:00,52500.0,52700.0,50200.0,51100.0,2996336,0.0,0.0
2026-01-20 00:00:00+07:00,52000.0,54300.0,51500.0,52300.0,3819462,0.0,0.0
2026-01-21 00:00:00+07:00,52000.0,52000.0,50200.0,50600.0,2226464,0.0,0.0
2026-01-22 00:00:00+07:00,51000.0,52000.0,50500.0,50600.0,1579834,0.0,0.0
2026-01-23 00:00:00+07:00,50700.0,51300.0,48900.0,49300.0,2333830,0.0,0.0
2026-01-26 00:00:00+07:00,49300.0,50000.0,48300.0,48500.0,1753006,0.0,0.0
2026-01-27 00:00:00+07:00,48950.0,49550.0,48250.0,49550.0,1417809,0.0,0.0
2026-01-28 00:00:00+07:00,49900.0,50300.0,48750.0,48950.0,1209760,0.0,0.0
2026-01-29 00:00:00+07:00,49100.0,50600.0,49000.0,50300.0,1751620,0.0,0.0
2026-01-30 00:00:00+07:00,51000.0,51400.0,49900.0,49900.0,1784182,0.0,0.0
2026-02-02 00:00:00+07:00,49900.0,50900.0,49200.0,49900.0,1321746,0.0,0.0
