Date,Open,High,Low,Close,Volume,Dividends,Stock Splits
2008-03-05 00:00:00+07:00,9465.1787109375,9465.1787109375,9465.1787109375,9465.1787109375,51964,0.0,0.0
2008-03-06 00:00:00+07:00,9888.203125,9888.203125,9888.203125,9888.203125,117549,0.0,0.0
2008-03-07 00:00:00+07:00,10364.10546875,10364.10546875,10364.10546875,10364.10546875,390100,0.0,0.0
2008-03-10 00:00:00+07:00,10840.0087890625,10046.8369140625,10046.8369140625,10046.8369140625,748471,0.0,0.0
2008-03-11 00:00:00+07:00,9570.9345703125,9570.9345703125,9570.9345703125,9570.9345703125,322645,0.0,0.0
2008-03-12 00:00:00+07:00,9200.7880859375,9623.8125,9623.8125,9623.8125,172468,0.0,0.0
2008-03-13 00:00:00+07:00,9782.447265625,9518.056640625,9518.056640625,9518.056640625,187030,0.0,0.0
2008-03-14 00:00:00+07:00,9253.666015625,9306.5439453125,9306.5439453125,9306.5439453125,89863,0.0,0.0
2008-03-17 00:00:00+07:00,8989.275390625,8883.51953125,8883.51953125,8883.51953125,235651,0.0,0.0
2008-03-18 00:00:00+07:00,8460.494140625,8460.494140625,8460.494140625,8460.494140625,45911,0.0,0.0
2008-03-19 00:00:00+07:00,8196.1044921875,8037.4697265625,8037.4697265625,8037.4697265625,362642,0.0,0.0
2008-03-20 00:00:00+07:00,7825.95751953125,7667.3232421875,7667.3232421875,7667.3232421875,343484,0.0,0.0
2008-03-21 00:00:00+07:00,7297.1767578125,7297.1767578125,7297.1767578125,7297.1767578125,279166,0.0,0.0
2008-03-24 00:00:00+07:00,6979.908203125,6979.908203125,6979.908203125,6979.908203125,49259,0.0,0.0
2008-03-25 00:00:00+07:00,6662.6396484375,6662.6396484375,6662.6396484375,6662.6396484375,64106,0.0,0.0
2008-03-26 00:00:00+07:00,6398.2490234375,6451.126953125,6451.126953125,6451.126953125,618948,0.0,0.0
2008-03-27 00:00:00+07:00,6504.00537109375,6504.00537109375,6504.00537109375,6504.00537109375,21933,0.0,0.0
2008-03-28 00:00:00+07:00,6556.88330078125,6556.88330078125,6556.88330078125,6556.88330078125,71972,0.0,0.0
2008-03-31 00:00:00+07:00,6609.76123046875,6609.76123046875,6609.76123046875,6609.76123046875,6047,0.0,0.0
2008-04-01 00:00:00+07:00,6662.6396484375,6662.6396484375,6662.6396484375,6662.6396484375,3627,0.0,0.0
2008-04-02 00:00:00+07:00,6715.517578125,6715.517578125,6715.517578125,6715.517578125,1131,0.0,0.0
2008-04-03 00:00:00+07:00,6768.3955078125,6768.3955078125,6768.3955078125,6768.3955078125,375,0.0,0.0
2008-04-04 00:00:00+07:00,6821.27392578125,6821.27392578125,6821.27392578125,6821.27392578125,49864,0.0,0.0
2008-04-07 00:00:00+07:00,6927.02978515625,6927.02978515625,6927.02978515625,6927.02978515625,20855,0.0,0.0
2008-04-08 00:00:00+07:00,7032.7861328125,7032.7861328125,7032.7861328125,7032.7861328125,509166,0.0,0.0
2008-04-09 00:00:00+07:00,7138.54248046875,7138.54248046875,7138.54248046875,7138.54248046875,127741,0.0,0.0
2008-04-10 00:00:00+07:00,7244.29833984375,7032.7861328125,7032.7861328125,7032.7861328125,520986,0.0,0.0
2008-04-11 00:00:00+07:00,6927.02978515625,7032.7861328125,7032.7861328125,7032.7861328125,246658,0.0,0.0
2008-04-16 00:00:00+07:00,6979.908203125,6927.02978515625,6927.02978515625,6927.02978515625,216815,0.0,0.0
2008-04-17 00:00:00+07:00,6821.27392578125,7032.7861328125,7032.7861328125,7032.7861328125,119724,0.0,0.0
2008-04-18 00:00:00+07:00,7138.54248046875,7138.54248046875,7138.54248046875,7138.54248046875,424746,0.0,0.0
2008-04-21 00:00:00+07:00,7244.29833984375,7244.29833984375,7244.29833984375,7244.29833984375,74922,0.0,0.0
2008-04-22 00:00:00+07:00,7350.0546875,7350.0546875,7350.0546875,7350.0546875,113371,0.0,0.0
2008-04-23 00:00:00+07:00,7455.81103515625,7455.81103515625,7455.81103515625,7455.81103515625,1184286,0.0,0.0
2008-04-24 00:00:00+07:00,7402.9326171875,7350.0546875,7350.0546875,7350.0546875,439328,0.0,0.0
2008-04-25 00:00:00+07:00,6662.6396484375,6821.27392578125,6821.27392578125,6821.27392578125,183948,0.0,0.0
2008-04-28 00:00:00+07:00,6927.02978515625,6927.02978515625,6927.02978515625,6927.02978515625,8336,0.0,0.0
2008-04-29 00:00:00+07:00,7032.7861328125,7032.7861328125,7032.7861328125,7032.7861328125,37535,0.0,0.0
2008-05-05 00:00:00+07:00,7138.54248046875,7138.54248046875,7138.54248046875,7138.54248046875,67548,0.0,0.0
2008-05-06 00:00:00+07:00,7244.29833984375,7244.29833984375,7244.29833984375,7244.29833984375,59774,0.0,0.0
2008-05-07 00:00:00+07:00,7350.0546875,7138.54248046875,7138.54248046875,7138.54248046875,536192,0.0,0.0
2008-05-08 00:00:00+07:00,7032.7861328125,7032.7861328125,7032.7861328125,7032.7861328125,66508,0.0,0.0
2008-05-09 00:00:00+07:00,6927.02978515625,6927.02978515625,6927.02978515625,6927.02978515625,43096,0.0,0.0
2008-05-12 00:00:00+07:00,6821.27392578125,6821.27392578125,6821.27392578125,6821.27392578125,57353,0.0,0.0
2008-05-13 00:00:00+07:00,6715.517578125,6715.517578125,6715.517578125,6715.517578125,52606,0.0,0.0
2008-05-14 00:00:00+07:00,6609.76123046875,6609.76123046875,6609.76123046875,6609.76123046875,49999,0.0,0.0
2008-05-15 00:00:00+07:00,6504.00537109375,6504.00537109375,6504.00537109375,6504.00537109375,39728,0.0,0.0
2008-05-16 00:00:00+07:00,6451.126953125,6451.126953125,6451.126953125,6451.126953125,787866,0.0,0.0
2008-05-19 00:00:00+07:00,6451.126953125,6556.88330078125,6556.88330078125,6556.88330078125,235746,0.0,0.0
2008-05-20 00:00:00+07:00,6662.6396484375,6451.126953125,6451.126953125,6451.126953125,207568,0.0,0.0
2008-05-21 00:00:00+07:00,6345.37109375,6345.37109375,6345.37109375,6345.37109375,117075,0.0,0.0
2008-05-22 00:00:00+07:00,6239.61474609375,6239.61474609375,6239.61474609375,6239.61474609375,289303,0.0,0.0
2008-05-23 00:00:00+07:00,6133.8583984375,6133.8583984375,6133.8583984375,6133.8583984375,64957,0.0,0.0
2008-05-26 00:00:00+07:00,6028.1025390625,6028.1025390625,6028.1025390625,6028.1025390625,25999,0.0,0.0
2008-05-30 00:00:00+07:00,5922.34619140625,5922.34619140625,5922.34619140625,5922.34619140625,17110,0.0,0.0
2008-06-02 00:00:00+07:00,5816.58984375,5816.58984375,5816.58984375,5816.58984375,2586,0.0,0.0
2008-06-03 00:00:00+07:00,5710.833984375,5710.833984375,5710.833984375,5710.833984375,695,0.0,0.0
2008-06-04 00:00:00+07:00,5605.07763671875,5605.07763671875,5605.07763671875,5605.07763671875,3759,0.0,0.0
2008-06-05 00:00:00+07:00,5499.3212890625,5499.3212890625,5499.3212890625,5499.3212890625,9092,0.0,0.0
2008-06-06 00:00:00+07:00,5393.5654296875,5393.5654296875,5393.5654296875,5393.5654296875,18644,0.0,0.0
2008-06-09 00:00:00+07:00,5287.80908203125,5287.80908203125,5287.80908203125,5287.80908203125,3685,0.0,0.0
2008-06-10 00:00:00+07:00,5182.052734375,5182.052734375,5182.052734375,5182.052734375,33129,0.0,0.0
2008-06-11 00:00:00+07:00,5234.93115234375,5234.93115234375,5234.93115234375,5234.93115234375,181602,0.0,0.0
2008-06-12 00:00:00+07:00,5287.80908203125,5287.80908203125,5287.80908203125,5287.80908203125,25395,0.0,0.0
2008-06-13 00:00:00+07:00,5393.5654296875,5393.5654296875,5393.5654296875,5393.5654296875,135100,0.0,0.0
2008-06-16 00:00:00+07:00,5499.3212890625,5499.3212890625,5499.3212890625,5499.3212890625,30650,0.0,0.0
2008-06-17 00:00:00+07:00,5605.07763671875,5605.07763671875,5605.07763671875,5605.07763671875,4817,0.0,0.0
2008-06-18 00:00:00+07:00,5710.833984375,5710.833984375,5499.3212890625,5499.3212890625,730845,0.0,0.0
2008-06-19 00:00:00+07:00,5340.68701171875,5446.443359375,5340.68701171875,5340.68701171875,182018,0.0,0.0
2008-06-20 00:00:00+07:00,5182.052734375,5234.93115234375,5182.052734375,5234.93115234375,292896,0.0,0.0
2008-06-23 00:00:00+07:00,5340.68701171875,5340.68701171875,5340.68701171875,5340.68701171875,167627,0.0,0.0
2008-06-24 00:00:00+07:00,5499.3212890625,5499.3212890625,5446.443359375,5499.3212890625,567414,0.0,0.0
2008-06-25 00:00:00+07:00,5657.95556640625,5657.95556640625,5657.95556640625,5657.95556640625,168912,0.0,0.0
2008-06-26 00:00:00+07:00,5816.58984375,5816.58984375,5499.3212890625,5605.07763671875,377714,0.0,0.0
2008-06-27 00:00:00+07:00,5605.07763671875,5763.7119140625,5499.3212890625,5763.7119140625,325197,0.0,0.0
2008-06-30 00:00:00+07:00,5763.7119140625,5869.46826171875,5657.95556640625,5869.46826171875,189432,0.0,0.0
2008-07-01 00:00:00+07:00,5975.22412109375,6028.1025390625,5975.22412109375,6028.1025390625,180847,0.0,0.0
2008-07-02 00:00:00+07:00,6186.73681640625,6186.73681640625,6028.1025390625,6186.73681640625,414156,0.0,0.0
2008-07-03 00:00:00+07:00,6186.73681640625,6345.37109375,6186.73681640625,6345.37109375,382101,0.0,0.0
2008-07-04 00:00:00+07:00,6504.00537109375,6504.00537109375,6504.00537109375,6504.00537109375,256510,0.0,0.0
2008-07-07 00:00:00+07:00,6504.00537109375,6556.88330078125,6345.37109375,6345.37109375,450371,0.0,0.0
2008-07-08 00:00:00+07:00,6186.73681640625,6186.73681640625,6186.73681640625,6186.73681640625,399783,0.0,0.0
2008-07-09 00:00:00+07:00,6186.73681640625,6239.61474609375,6080.98046875,6133.8583984375,307779,0.0,0.0
2008-07-10 00:00:00+07:00,6080.98046875,6133.8583984375,6028.1025390625,6028.1025390625,471118,0.0,0.0
2008-07-11 00:00:00+07:00,6080.98046875,6186.73681640625,6028.1025390625,6186.73681640625,485907,0.0,0.0
2008-07-14 00:00:00+07:00,6345.37109375,6345.37109375,6345.37109375,6345.37109375,154956,0.0,0.0
2008-07-15 00:00:00+07:00,6504.00537109375,6504.00537109375,6504.00537109375,6504.00537109375,236560,0.0,0.0
2008-07-16 00:00:00+07:00,6345.37109375,6662.6396484375,6345.37109375,6345.37109375,867842,0.0,0.0
2008-07-17 00:00:00+07:00,6345.37109375,6398.2490234375,6186.73681640625,6186.73681640625,747735,0.0,0.0
2008-07-18 00:00:00+07:00,6028.1025390625,6133.8583984375,6028.1025390625,6028.1025390625,307043,0.0,0.0
2008-07-21 00:00:00+07:00,5869.46826171875,5869.46826171875,5869.46826171875,5869.46826171875,26415,0.0,0.0
2008-07-22 00:00:00+07:00,5710.833984375,5710.833984375,5710.833984375,5710.833984375,6387,0.0,0.0
2008-07-23 00:00:00+07:00,5552.19970703125,5552.19970703125,5552.19970703125,5552.19970703125,1868,0.0,0.0
2008-07-24 00:00:00+07:00,5393.5654296875,5393.5654296875,5393.5654296875,5393.5654296875,37895,0.0,0.0
2008-07-25 00:00:00+07:00,5234.93115234375,5234.93115234375,5234.93115234375,5234.93115234375,232815,0.0,0.0
2008-07-28 00:00:00+07:00,5287.80908203125,5287.80908203125,5234.93115234375,5287.80908203125,524277,0.0,0.0
2008-07-29 00:00:00+07:00,5287.80908203125,5287.80908203125,5182.052734375,5182.052734375,376410,0.0,0.0
2008-07-30 00:00:00+07:00,5129.1748046875,5182.052734375,5076.296875,5076.296875,184911,0.0,0.0
2008-07-31 00:00:00+07:00,4970.54052734375,5076.296875,4970.54052734375,5076.296875,186254,0.0,0.0
2008-09-09 00:00:00+07:00,6715.517578125,6715.517578125,6715.517578125,6715.517578125,95158,0.0,0.0
2008-09-10 00:00:00+07:00,7032.7861328125,7032.7861328125,6398.2490234375,7032.7861328125,5569127,0.0,0.0
2008-09-11 00:00:00+07:00,6715.517578125,7032.7861328125,6715.517578125,6715.517578125,2518600,0.0,0.0
2008-09-12 00:00:00+07:00,6398.2490234375,6504.00537109375,6398.2490234375,6398.2490234375,863605,0.0,0.0
2008-09-15 00:00:00+07:00,6715.517578125,6715.517578125,6556.88330078125,6715.517578125,905455,0.0,0.0
2008-09-16 00:00:00+07:00,6609.76123046875,6662.6396484375,6398.2490234375,6398.2490234375,917937,0.0,0.0
2008-09-17 00:00:00+07:00,6080.98046875,6345.37109375,6080.98046875,6080.98046875,1740604,0.0,0.0
2008-09-18 00:00:00+07:00,5816.58984375,5816.58984375,5816.58984375,5816.58984375,212031,0.0,0.0
2008-09-19 00:00:00+07:00,6080.98046875,6080.98046875,6080.98046875,6080.98046875,334576,0.0,0.0
2008-09-22 00:00:00+07:00,6345.37109375,6345.37109375,6345.37109375,6345.37109375,70953,0.0,0.0
2008-09-23 00:00:00+07:00,6292.49267578125,6662.6396484375,6133.8583984375,6451.126953125,1526225,0.0,0.0
2008-09-24 00:00:00+07:00,6398.2490234375,6504.00537109375,6239.61474609375,6239.61474609375,451886,0.0,0.0
2008-09-25 00:00:00+07:00,6186.73681640625,6504.00537109375,6186.73681640625,6504.00537109375,373194,0.0,0.0
2008-09-26 00:00:00+07:00,6821.27392578125,6821.27392578125,6292.49267578125,6451.126953125,500543,0.0,0.0
2008-09-29 00:00:00+07:00,6292.49267578125,6398.2490234375,6133.8583984375,6133.8583984375,445077,0.0,0.0
2008-09-30 00:00:00+07:00,5869.46826171875,5869.46826171875,5869.46826171875,5869.46826171875,151854,0.0,0.0
2008-10-01 00:00:00+07:00,6080.98046875,6080.98046875,5710.833984375,5922.34619140625,601265,0.0,0.0
2008-10-02 00:00:00+07:00,6028.1025390625,6186.73681640625,5922.34619140625,6133.8583984375,444622,0.0,0.0
2008-10-03 00:00:00+07:00,6028.1025390625,6133.8583984375,5869.46826171875,5975.22412109375,378811,0.0,0.0
2008-10-06 00:00:00+07:00,5816.58984375,5816.58984375,5710.833984375,5710.833984375,519512,0.0,0.0
2008-10-07 00:00:00+07:00,5446.443359375,5446.443359375,5446.443359375,5446.443359375,289246,0.0,0.0
2008-10-08 00:00:00+07:00,5182.052734375,5446.443359375,5182.052734375,5446.443359375,377866,0.0,0.0
2008-10-09 00:00:00+07:00,5446.443359375,5710.833984375,5287.80908203125,5287.80908203125,683795,0.0,0.0
2008-10-10 00:00:00+07:00,5023.41845703125,5234.93115234375,5023.41845703125,5023.41845703125,1150944,0.0,0.0
2008-10-13 00:00:00+07:00,5234.93115234375,5234.93115234375,5023.41845703125,5129.1748046875,323608,0.0,0.0
2008-10-14 00:00:00+07:00,5340.68701171875,5340.68701171875,5340.68701171875,5340.68701171875,15314,0.0,0.0
2008-10-15 00:00:00+07:00,5605.07763671875,5605.07763671875,5393.5654296875,5605.07763671875,690376,0.0,0.0
2008-10-16 00:00:00+07:00,5340.68701171875,5605.07763671875,5340.68701171875,5499.3212890625,538404,0.0,0.0
2008-10-17 00:00:00+07:00,5605.07763671875,5605.07763671875,5393.5654296875,5499.3212890625,222167,0.0,0.0
2008-10-20 00:00:00+07:00,5499.3212890625,5499.3212890625,5234.93115234375,5393.5654296875,322057,0.0,0.0
2008-10-21 00:00:00+07:00,5552.19970703125,5552.19970703125,5287.80908203125,5446.443359375,250496,0.0,0.0
2008-10-22 00:00:00+07:00,5340.68701171875,5446.443359375,5340.68701171875,5393.5654296875,177460,0.0,0.0
2008-10-23 00:00:00+07:00,5182.052734375,5234.93115234375,5129.1748046875,5129.1748046875,542451,0.0,0.0
2008-10-24 00:00:00+07:00,5129.1748046875,5129.1748046875,5023.41845703125,5129.1748046875,176400,0.0,0.0
2008-10-27 00:00:00+07:00,4917.66259765625,4970.54052734375,4917.66259765625,4917.66259765625,276028,0.0,0.0
2008-10-28 00:00:00+07:00,4706.14990234375,4811.90625,4706.14990234375,4759.0283203125,466050,0.0,0.0
2008-10-29 00:00:00+07:00,4970.54052734375,4970.54052734375,4759.0283203125,4864.7841796875,260975,0.0,0.0
2008-10-30 00:00:00+07:00,4864.7841796875,4970.54052734375,4811.90625,4917.66259765625,238771,0.0,0.0
2008-10-31 00:00:00+07:00,4970.54052734375,5076.296875,4917.66259765625,5076.296875,456763,0.0,0.0
2008-11-03 00:00:00+07:00,5076.296875,5076.296875,4917.66259765625,4917.66259765625,247036,0.0,0.0
2008-11-04 00:00:00+07:00,4917.66259765625,5129.1748046875,4917.66259765625,5129.1748046875,329072,0.0,0.0
2008-11-05 00:00:00+07:00,5340.68701171875,5340.68701171875,5340.68701171875,5340.68701171875,279773,0.0,0.0
2008-11-06 00:00:00+07:00,5182.052734375,5552.19970703125,5129.1748046875,5182.052734375,452016,0.0,0.0
2008-11-07 00:00:00+07:00,5023.41845703125,5182.052734375,4970.54052734375,5076.296875,425389,0.0,0.0
2008-11-10 00:00:00+07:00,5129.1748046875,5182.052734375,5023.41845703125,5182.052734375,292121,0.0,0.0
2008-11-11 00:00:00+07:00,5076.296875,5182.052734375,5023.41845703125,5076.296875,394545,0.0,0.0
2008-11-12 00:00:00+07:00,4970.54052734375,5129.1748046875,4970.54052734375,5129.1748046875,236956,0.0,0.0
2008-11-13 00:00:00+07:00,5023.41845703125,5234.93115234375,5023.41845703125,5129.1748046875,220295,0.0,0.0
2008-11-14 00:00:00+07:00,5234.93115234375,5234.93115234375,5076.296875,5182.052734375,342634,0.0,0.0
2008-11-17 00:00:00+07:00,5182.052734375,5182.052734375,5076.296875,5182.052734375,232209,0.0,0.0
2008-11-18 00:00:00+07:00,5129.1748046875,5182.052734375,5076.296875,5129.1748046875,244331,0.0,0.0
2008-11-19 00:00:00+07:00,5182.052734375,5182.052734375,5076.296875,5076.296875,276934,0.0,0.0
2008-11-20 00:00:00+07:00,4970.54052734375,5023.41845703125,4864.7841796875,4864.7841796875,161085,0.0,0.0
2008-11-21 00:00:00+07:00,4811.90625,4864.7841796875,4811.90625,4864.7841796875,121312,0.0,0.0
2008-11-24 00:00:00+07:00,4970.54052734375,4970.54052734375,4706.14990234375,4864.7841796875,161442,0.0,0.0
2008-11-25 00:00:00+07:00,4811.90625,4864.7841796875,4759.0283203125,4864.7841796875,149567,0.0,0.0
2008-11-26 00:00:00+07:00,4811.90625,4864.7841796875,4759.0283203125,4759.0283203125,63671,0.0,0.0
2008-11-27 00:00:00+07:00,4759.0283203125,4759.0283203125,4653.27197265625,4653.27197265625,320166,0.0,0.0
2008-11-28 00:00:00+07:00,4759.0283203125,4864.7841796875,4759.0283203125,4864.7841796875,161972,0.0,0.0
2008-12-01 00:00:00+07:00,4759.0283203125,4864.7841796875,4706.14990234375,4759.0283203125,167835,0.0,0.0
2008-12-02 00:00:00+07:00,4706.14990234375,4759.0283203125,4653.27197265625,4759.0283203125,133548,0.0,0.0
2008-12-03 00:00:00+07:00,4759.0283203125,4759.0283203125,4706.14990234375,4706.14990234375,143287,0.0,0.0
2008-12-04 00:00:00+07:00,4600.39404296875,4653.27197265625,4494.6376953125,4547.515625,132602,0.0,0.0
2008-12-05 00:00:00+07:00,4441.759765625,4441.759765625,4336.00341796875,4388.88134765625,157149,0.0,0.0
2008-12-08 00:00:00+07:00,4336.00341796875,4336.00341796875,4177.369140625,4177.369140625,147636,0.0,0.0
2008-12-09 00:00:00+07:00,4177.369140625,4230.2470703125,4071.613037109375,4071.613037109375,115412,0.0,0.0
2008-12-10 00:00:00+07:00,3965.85693359375,4018.73486328125,3912.978759765625,3965.85693359375,153085,0.0,0.0
2008-12-11 00:00:00+07:00,3912.978759765625,3965.85693359375,3860.1005859375,3912.978759765625,62366,0.0,0.0
2008-12-12 00:00:00+07:00,4018.73486328125,4071.613037109375,3912.978759765625,4071.613037109375,123203,0.0,0.0
2008-12-15 00:00:00+07:00,4177.369140625,4177.369140625,4018.73486328125,4124.4912109375,47180,0.0,0.0
2008-12-16 00:00:00+07:00,4018.73486328125,4018.73486328125,3965.85693359375,3965.85693359375,58867,0.0,0.0
2008-12-17 00:00:00+07:00,3912.978759765625,4018.73486328125,3912.978759765625,3965.85693359375,30083,0.0,0.0
2008-12-18 00:00:00+07:00,3965.85693359375,3965.85693359375,3912.978759765625,3965.85693359375,124112,0.0,0.0
2008-12-19 00:00:00+07:00,3965.85693359375,4018.73486328125,3965.85693359375,3965.85693359375,94307,0.0,0.0
2008-12-22 00:00:00+07:00,3912.978759765625,4018.73486328125,3912.978759765625,3965.85693359375,65202,0.0,0.0
2008-12-23 00:00:00+07:00,3912.978759765625,3965.85693359375,3860.1005859375,3912.978759765625,52135,0.0,0.0
2008-12-24 00:00:00+07:00,3912.978759765625,4071.613037109375,3807.22265625,4071.613037109375,84814,0.0,0.0
2008-12-25 00:00:00+07:00,3965.85693359375,4177.369140625,3965.85693359375,4177.369140625,79048,0.0,0.0
2008-12-26 00:00:00+07:00,4071.613037109375,4177.369140625,4071.613037109375,4177.369140625,82864,0.0,0.0
2008-12-29 00:00:00+07:00,4177.369140625,4283.12548828125,4071.613037109375,4283.12548828125,156450,0.0,0.0
2008-12-30 00:00:00+07:00,4283.12548828125,4441.759765625,4177.369140625,4441.759765625,237162,0.0,0.0
2008-12-31 00:00:00+07:00,4388.88134765625,4494.6376953125,4230.2470703125,4494.6376953125,354793,0.0,0.0
2009-01-02 00:00:00+07:00,4494.6376953125,4494.6376953125,4283.12548828125,4336.00341796875,45875,0.0,0.0
2009-01-05 00:00:00+07:00,4177.369140625,4388.88134765625,4177.369140625,4230.2470703125,52797,0.0,0.0
2009-01-06 00:00:00+07:00,4283.12548828125,4336.00341796875,4230.2470703125,4283.12548828125,52380,0.0,0.0
2009-01-07 00:00:00+07:00,4230.2470703125,4441.759765625,4177.369140625,4177.369140625,75814,0.0,0.0
2009-01-08 00:00:00+07:00,4230.2470703125,4230.2470703125,4124.4912109375,4230.2470703125,31182,0.0,0.0
2009-01-09 00:00:00+07:00,4124.4912109375,4230.2470703125,4124.4912109375,4230.2470703125,21101,0.0,0.0
2009-01-12 00:00:00+07:00,4230.2470703125,4230.2470703125,4124.4912109375,4177.369140625,22766,0.0,0.0
2009-01-13 00:00:00+07:00,4124.4912109375,4177.369140625,4071.613037109375,4071.613037109375,109966,0.0,0.0
2009-01-14 00:00:00+07:00,4018.73486328125,4177.369140625,4018.73486328125,4071.613037109375,27626,0.0,0.0
2009-01-15 00:00:00+07:00,4018.73486328125,4071.613037109375,3965.85693359375,3965.85693359375,67491,0.0,0.0
2009-01-16 00:00:00+07:00,3965.85693359375,4018.73486328125,3965.85693359375,3965.85693359375,52475,0.0,0.0
2009-01-19 00:00:00+07:00,3965.85693359375,3965.85693359375,3912.978759765625,3912.978759765625,32429,0.0,0.0
2009-01-20 00:00:00+07:00,3912.978759765625,3912.978759765625,3754.344482421875,3754.344482421875,126079,0.0,0.0
2009-01-21 00:00:00+07:00,3701.46630859375,3860.1005859375,3701.46630859375,3860.1005859375,51529,0.0,0.0
2009-01-22 00:00:00+07:00,3912.978759765625,3965.85693359375,3860.1005859375,3860.1005859375,14954,0.0,0.0
2009-01-23 00:00:00+07:00,3860.1005859375,3965.85693359375,3860.1005859375,3912.978759765625,19777,0.0,0.0
2009-02-02 00:00:00+07:00,3912.978759765625,3912.978759765625,3754.344482421875,3754.344482421875,22046,0.0,0.0
2009-02-03 00:00:00+07:00,3701.46630859375,3754.344482421875,3595.710205078125,3648.58837890625,159098,0.0,0.0
2009-02-04 00:00:00+07:00,3595.710205078125,3701.46630859375,3542.83203125,3542.83203125,23748,0.0,0.0
2009-02-05 00:00:00+07:00,3542.83203125,3542.83203125,3384.19775390625,3437.075927734375,121616,0.0,0.0
2009-02-06 00:00:00+07:00,3437.075927734375,3595.710205078125,3384.19775390625,3489.9541015625,84529,0.0,0.0
2009-02-09 00:00:00+07:00,3595.710205078125,3595.710205078125,3542.83203125,3595.710205078125,31596,0.0,0.0
2009-02-10 00:00:00+07:00,3489.9541015625,3648.58837890625,3437.075927734375,3542.83203125,92114,0.0,0.0
2009-02-11 00:00:00+07:00,3437.075927734375,3437.075927734375,3384.19775390625,3384.19775390625,120537,0.0,0.0
2009-02-12 00:00:00+07:00,3331.31982421875,3437.075927734375,3331.31982421875,3384.19775390625,99829,0.0,0.0
2009-02-13 00:00:00+07:00,3437.075927734375,3437.075927734375,3384.19775390625,3384.19775390625,21612,0.0,0.0
2009-02-16 00:00:00+07:00,3331.31982421875,3437.075927734375,3331.31982421875,3384.19775390625,21402,0.0,0.0
2009-02-17 00:00:00+07:00,3331.31982421875,3384.19775390625,3225.5634765625,3278.441650390625,59075,0.0,0.0
2009-02-18 00:00:00+07:00,3172.685546875,3225.5634765625,3119.807373046875,3119.807373046875,135005,0.0,0.0
2009-02-19 00:00:00+07:00,3172.685546875,3225.5634765625,3119.807373046875,3172.685546875,14973,0.0,0.0
2009-02-20 00:00:00+07:00,3172.685546875,3172.685546875,3014.05126953125,3014.05126953125,86534,0.0,0.0
2009-02-23 00:00:00+07:00,3014.05126953125,3066.92919921875,2908.294921875,2908.294921875,185421,0.0,0.0
2009-02-24 00:00:00+07:00,2802.538818359375,2855.4169921875,2802.538818359375,2802.538818359375,85362,0.0,0.0
2009-02-25 00:00:00+07:00,2908.294921875,2908.294921875,2802.538818359375,2908.294921875,122561,0.0,0.0
2009-02-26 00:00:00+07:00,2961.173095703125,2961.173095703125,2802.538818359375,2802.538818359375,237619,0.0,0.0
2009-02-27 00:00:00+07:00,2802.538818359375,2855.4169921875,2749.66064453125,2802.538818359375,74336,0.0,0.0
2009-03-02 00:00:00+07:00,2802.538818359375,2855.4169921875,2749.66064453125,2855.4169921875,172354,0.0,0.0
2009-03-03 00:00:00+07:00,2802.538818359375,2855.4169921875,2749.66064453125,2855.4169921875,106222,0.0,0.0
2009-03-04 00:00:00+07:00,2855.4169921875,2908.294921875,2855.4169921875,2908.294921875,123318,0.0,0.0
2009-03-05 00:00:00+07:00,2908.294921875,2961.173095703125,2908.294921875,2961.173095703125,91338,0.0,0.0
2009-03-06 00:00:00+07:00,2908.294921875,3066.92919921875,2855.4169921875,3066.92919921875,210140,0.0,0.0
2009-03-09 00:00:00+07:00,3172.685546875,3172.685546875,3172.685546875,3172.685546875,177422,0.0,0.0
2009-03-10 00:00:00+07:00,3331.31982421875,3331.31982421875,3331.31982421875,3331.31982421875,164980,0.0,0.0
2009-03-11 00:00:00+07:00,3489.9541015625,3489.9541015625,3489.9541015625,3489.9541015625,55502,0.0,0.0
2009-03-12 00:00:00+07:00,3384.19775390625,3542.83203125,3331.31982421875,3384.19775390625,563234,0.0,0.0
2009-03-13 00:00:00+07:00,3384.19775390625,3437.075927734375,3278.441650390625,3278.441650390625,193611,0.0,0.0
2009-03-16 00:00:00+07:00,3278.441650390625,3331.31982421875,3225.5634765625,3278.441650390625,76568,0.0,0.0
2009-03-17 00:00:00+07:00,3384.19775390625,3437.075927734375,3331.31982421875,3437.075927734375,373289,0.0,0.0
2009-03-18 00:00:00+07:00,3542.83203125,3595.710205078125,3437.075927734375,3542.83203125,445662,0.0,0.0
2009-03-19 00:00:00+07:00,3384.19775390625,3542.83203125,3384.19775390625,3384.19775390625,298929,0.0,0.0
2009-03-20 00:00:00+07:00,3331.31982421875,3489.9541015625,3278.441650390625,3384.19775390625,173924,0.0,0.0
2009-03-23 00:00:00+07:00,3331.31982421875,3331.31982421875,3225.5634765625,3225.5634765625,261806,0.0,0.0
2009-03-24 00:00:00+07:00,3331.31982421875,3384.19775390625,3278.441650390625,3384.19775390625,414327,0.0,0.0
2009-03-25 00:00:00+07:00,3384.19775390625,3437.075927734375,3331.31982421875,3331.31982421875,162293,0.0,0.0
2009-03-26 00:00:00+07:00,3331.31982421875,3384.19775390625,3278.441650390625,3278.441650390625,285653,0.0,0.0
2009-03-27 00:00:00+07:00,3384.19775390625,3437.075927734375,3331.31982421875,3331.31982421875,573390,0.0,0.0
2009-03-30 00:00:00+07:00,3225.5634765625,3331.31982421875,3225.5634765625,3278.441650390625,277220,0.0,0.0
2009-03-31 00:00:00+07:00,3278.441650390625,3384.19775390625,3278.441650390625,3384.19775390625,290797,0.0,0.0
2009-04-01 00:00:00+07:00,3542.83203125,3542.83203125,3489.9541015625,3542.83203125,656336,0.0,0.0
2009-04-02 00:00:00+07:00,3701.46630859375,3701.46630859375,3701.46630859375,3701.46630859375,171427,0.0,0.0
2009-04-03 00:00:00+07:00,3860.1005859375,3860.1005859375,3860.1005859375,3860.1005859375,97766,0.0,0.0
2009-04-07 00:00:00+07:00,4018.73486328125,4018.73486328125,3860.1005859375,4018.73486328125,1175095,0.0,0.0
2009-04-08 00:00:00+07:00,3965.85693359375,4177.369140625,3912.978759765625,3965.85693359375,1863188,0.0,0.0
2009-04-09 00:00:00+07:00,4018.73486328125,4018.73486328125,3860.1005859375,3860.1005859375,701042,0.0,0.0
2009-04-10 00:00:00+07:00,4018.73486328125,4018.73486328125,4018.73486328125,4018.73486328125,85531,0.0,0.0
2009-04-13 00:00:00+07:00,4177.369140625,4177.369140625,4177.369140625,4177.369140625,20155,0.0,0.0
2009-04-14 00:00:00+07:00,4336.00341796875,4336.00341796875,4177.369140625,4336.00341796875,2571306,0.0,0.0
2009-04-15 00:00:00+07:00,4547.515625,4547.515625,4547.515625,4547.515625,1277594,0.0,0.0
2009-04-16 00:00:00+07:00,4759.0283203125,4759.0283203125,4759.0283203125,4759.0283203125,244445,0.0,0.0
2009-04-17 00:00:00+07:00,4970.54052734375,4970.54052734375,4600.39404296875,4970.54052734375,2241151,0.0,0.0
2009-04-20 00:00:00+07:00,4759.0283203125,4759.0283203125,4759.0283203125,4759.0283203125,447174,0.0,0.0
2009-04-21 00:00:00+07:00,4547.515625,4547.515625,4547.515625,4547.515625,75113,0.0,0.0
2009-04-22 00:00:00+07:00,4494.6376953125,4653.27197265625,4336.00341796875,4336.00341796875,1938246,0.0,0.0
2009-04-23 00:00:00+07:00,4230.2470703125,4388.88134765625,4177.369140625,4177.369140625,791722,0.0,0.0
2009-04-24 00:00:00+07:00,4177.369140625,4177.369140625,4018.73486328125,4124.4912109375,604557,0.0,0.0
2009-04-27 00:00:00+07:00,4071.613037109375,4177.369140625,4018.73486328125,4124.4912109375,329206,0.0,0.0
2009-04-28 00:00:00+07:00,4124.4912109375,4177.369140625,4124.4912109375,4177.369140625,353036,0.0,0.0
2009-04-29 00:00:00+07:00,4124.4912109375,4336.00341796875,4124.4912109375,4336.00341796875,530934,0.0,0.0
2009-05-04 00:00:00+07:00,4547.515625,4547.515625,4547.515625,4547.515625,123523,0.0,0.0
2009-05-05 00:00:00+07:00,4759.0283203125,4759.0283203125,4547.515625,4547.515625,1033052,0.0,0.0
2009-05-06 00:00:00+07:00,4441.759765625,4547.515625,4336.00341796875,4336.00341796875,1077361,0.0,0.0
2009-05-07 00:00:00+07:00,4494.6376953125,4494.6376953125,4388.88134765625,4494.6376953125,601000,0.0,0.0
2009-05-08 00:00:00+07:00,4388.88134765625,4547.515625,4336.00341796875,4441.759765625,505025,0.0,0.0
2009-05-11 00:00:00+07:00,4441.759765625,4653.27197265625,4388.88134765625,4653.27197265625,1359879,0.0,0.0
2009-05-12 00:00:00+07:00,4864.7841796875,4864.7841796875,4864.7841796875,4864.7841796875,575376,0.0,0.0
2009-05-13 00:00:00+07:00,5076.296875,5076.296875,5076.296875,5076.296875,560152,0.0,0.0
2009-05-14 00:00:00+07:00,5129.1748046875,5234.93115234375,4917.66259765625,5076.296875,2093567,0.0,0.0
2009-05-15 00:00:00+07:00,5287.80908203125,5287.80908203125,5129.1748046875,5287.80908203125,2497344,0.0,0.0
2009-05-18 00:00:00+07:00,5499.3212890625,5552.19970703125,5287.80908203125,5552.19970703125,2242758,0.0,0.0
2009-05-19 00:00:00+07:00,5763.7119140625,5816.58984375,5552.19970703125,5816.58984375,1841780,0.0,0.0
2009-05-20 00:00:00+07:00,5657.95556640625,6080.98046875,5657.95556640625,6080.98046875,2080460,0.0,0.0
2009-05-21 00:00:00+07:00,6186.73681640625,6345.37109375,6186.73681640625,6345.37109375,1776121,0.0,0.0
2009-05-22 00:00:00+07:00,6292.49267578125,6292.49267578125,6028.1025390625,6028.1025390625,1306358,0.0,0.0
2009-05-25 00:00:00+07:00,5975.22412109375,6292.49267578125,5975.22412109375,6292.49267578125,2135928,0.0,0.0
2009-05-26 00:00:00+07:00,6292.49267578125,6292.49267578125,6028.1025390625,6028.1025390625,1716285,0.0,0.0
2009-05-27 00:00:00+07:00,6028.1025390625,6028.1025390625,5763.7119140625,5922.34619140625,1308894,0.0,0.0
2009-05-28 00:00:00+07:00,5657.95556640625,5763.7119140625,5657.95556640625,5657.95556640625,786750,0.0,0.0
2009-05-29 00:00:00+07:00,5657.95556640625,5657.95556640625,5393.5654296875,5605.07763671875,1438002,0.0,0.0
2009-06-01 00:00:00+07:00,5710.833984375,5869.46826171875,5657.95556640625,5869.46826171875,2103550,0.0,0.0
2009-06-02 00:00:00+07:00,6133.8583984375,6133.8583984375,6080.98046875,6133.8583984375,2236215,0.0,0.0
2009-06-03 00:00:00+07:00,6133.8583984375,6398.2490234375,6080.98046875,6398.2490234375,4374360,0.0,0.0
2009-06-04 00:00:00+07:00,6715.517578125,6715.517578125,6715.517578125,6715.517578125,715452,0.0,0.0
2009-06-05 00:00:00+07:00,7032.7861328125,7032.7861328125,7032.7861328125,7032.7861328125,319145,0.0,0.0
2009-06-08 00:00:00+07:00,7350.0546875,7350.0546875,7350.0546875,7350.0546875,187391,0.0,0.0
2009-06-09 00:00:00+07:00,7667.3232421875,7667.3232421875,7561.56689453125,7667.3232421875,4196459,0.0,0.0
2009-06-10 00:00:00+07:00,8037.4697265625,8037.4697265625,7455.81103515625,8037.4697265625,7069860,0.0,0.0
2009-06-11 00:00:00+07:00,8407.6162109375,8407.6162109375,8407.6162109375,8407.6162109375,1041297,0.0,0.0
2009-06-12 00:00:00+07:00,8777.7626953125,8777.7626953125,8672.0068359375,8777.7626953125,4572760,0.0,0.0
2009-06-15 00:00:00+07:00,8354.73828125,8354.73828125,8354.73828125,8354.73828125,1025298,0.0,0.0
2009-06-16 00:00:00+07:00,7984.591796875,7984.591796875,7984.591796875,7984.591796875,180316,0.0,0.0
2009-06-17 00:00:00+07:00,7614.4453125,7614.4453125,7614.4453125,7614.4453125,170312,0.0,0.0
2009-06-18 00:00:00+07:00,7402.9326171875,7720.201171875,7244.29833984375,7297.1767578125,4276323,0.0,0.0
2009-06-19 00:00:00+07:00,7350.0546875,7402.9326171875,6979.908203125,6979.908203125,1747828,0.0,0.0
2009-06-22 00:00:00+07:00,6662.6396484375,6821.27392578125,6662.6396484375,6662.6396484375,1512664,0.0,0.0
2009-06-23 00:00:00+07:00,6345.37109375,6345.37109375,6345.37109375,6345.37109375,113351,0.0,0.0
2009-06-24 00:00:00+07:00,6662.6396484375,6662.6396484375,6662.6396484375,6662.6396484375,734478,0.0,0.0
2009-06-25 00:00:00+07:00,6979.908203125,6979.908203125,6662.6396484375,6874.15185546875,3180633,0.0,0.0
2009-06-26 00:00:00+07:00,6874.15185546875,7138.54248046875,6821.27392578125,6927.02978515625,1177383,0.0,0.0
2009-06-29 00:00:00+07:00,6821.27392578125,7032.7861328125,6715.517578125,6768.3955078125,461547,0.0,0.0
2009-06-30 00:00:00+07:00,6874.15185546875,6874.15185546875,6451.126953125,6451.126953125,915442,0.0,0.0
2009-07-01 00:00:00+07:00,6133.8583984375,6133.8583984375,6133.8583984375,6133.8583984375,611098,0.0,0.0
2009-07-02 00:00:00+07:00,6028.1025390625,6398.2490234375,5869.46826171875,6133.8583984375,1582201,0.0,0.0
2009-07-03 00:00:00+07:00,6028.1025390625,6345.37109375,5975.22412109375,6345.37109375,733986,0.0,0.0
2009-07-06 00:00:00+07:00,6398.2490234375,6662.6396484375,6398.2490234375,6662.6396484375,609586,0.0,0.0
2009-07-07 00:00:00+07:00,6662.6396484375,6874.15185546875,6609.76123046875,6662.6396484375,836884,0.0,0.0
2009-07-08 00:00:00+07:00,6662.6396484375,6715.517578125,6451.126953125,6609.76123046875,745125,0.0,0.0
2009-07-09 00:00:00+07:00,6715.517578125,6927.02978515625,6715.517578125,6927.02978515625,2957119,0.0,0.0
2009-07-10 00:00:00+07:00,7085.6640625,7085.6640625,6768.3955078125,6874.15185546875,1589936,0.0,0.0
2009-07-13 00:00:00+07:00,6874.15185546875,6874.15185546875,6556.88330078125,6556.88330078125,653404,0.0,0.0
2009-07-14 00:00:00+07:00,6292.49267578125,6556.88330078125,6239.61474609375,6292.49267578125,1421984,0.0,0.0
2009-07-15 00:00:00+07:00,6345.37109375,6504.00537109375,6292.49267578125,6398.2490234375,924348,0.0,0.0
2009-07-16 00:00:00+07:00,6080.98046875,6504.00537109375,6080.98046875,6345.37109375,529477,0.0,0.0
2009-07-17 00:00:00+07:00,6345.37109375,6451.126953125,6186.73681640625,6292.49267578125,506576,0.0,0.0
2009-07-20 00:00:00+07:00,6186.73681640625,6239.61474609375,6080.98046875,6133.8583984375,749645,0.0,0.0
2009-07-21 00:00:00+07:00,6080.98046875,6239.61474609375,6028.1025390625,6028.1025390625,783156,0.0,0.0
2009-07-22 00:00:00+07:00,6080.98046875,6133.8583984375,5922.34619140625,6028.1025390625,619950,0.0,0.0
2009-07-23 00:00:00+07:00,6028.1025390625,6292.49267578125,6028.1025390625,6292.49267578125,584888,0.0,0.0
2009-07-24 00:00:00+07:00,6556.88330078125,6556.88330078125,6556.88330078125,6556.88330078125,255773,0.0,0.0
2009-07-27 00:00:00+07:00,6821.27392578125,6874.15185546875,6556.88330078125,6874.15185546875,2140012,0.0,0.0
2009-07-28 00:00:00+07:00,6662.6396484375,6874.15185546875,6556.88330078125,6556.88330078125,907820,0.0,0.0
2009-07-29 00:00:00+07:00,6609.76123046875,6609.76123046875,6345.37109375,6345.37109375,549693,0.0,0.0
2009-07-30 00:00:00+07:00,6292.49267578125,6451.126953125,6239.61474609375,6345.37109375,610929,0.0,0.0
2009-07-31 00:00:00+07:00,6451.126953125,6504.00537109375,6345.37109375,6504.00537109375,581863,0.0,0.0
2009-08-03 00:00:00+07:00,6504.00537109375,6556.88330078125,6451.126953125,6451.126953125,566998,0.0,0.0
2009-08-04 00:00:00+07:00,6504.00537109375,6556.88330078125,6398.2490234375,6398.2490234375,640507,0.0,0.0
2009-08-05 00:00:00+07:00,6345.37109375,6715.517578125,6345.37109375,6715.517578125,1922834,0.0,0.0
2009-08-06 00:00:00+07:00,7032.7861328125,7032.7861328125,6768.3955078125,7032.7861328125,3961258,0.0,0.0
2009-08-07 00:00:00+07:00,7032.7861328125,7138.54248046875,6874.15185546875,6979.908203125,1955248,0.0,0.0
2009-08-10 00:00:00+07:00,7085.6640625,7297.1767578125,6874.15185546875,7297.1767578125,3571266,0.0,0.0
2009-08-11 00:00:00+07:00,7297.1767578125,7614.4453125,7297.1767578125,7614.4453125,4142978,0.0,0.0
2009-08-12 00:00:00+07:00,7720.201171875,7931.7138671875,7402.9326171875,7402.9326171875,2990385,0.0,0.0
2009-08-13 00:00:00+07:00,7455.81103515625,7455.81103515625,7138.54248046875,7138.54248046875,2058826,0.0,0.0
2009-08-14 00:00:00+07:00,7032.7861328125,7297.1767578125,7032.7861328125,7138.54248046875,1682941,0.0,0.0
2009-08-17 00:00:00+07:00,7138.54248046875,7244.29833984375,6979.908203125,7085.6640625,1126663,0.0,0.0
2009-08-18 00:00:00+07:00,7032.7861328125,7138.54248046875,6927.02978515625,7085.6640625,1332909,0.0,0.0
2009-08-19 00:00:00+07:00,7244.29833984375,7402.9326171875,7085.6640625,7402.9326171875,1856586,0.0,0.0
2009-08-20 00:00:00+07:00,7667.3232421875,7720.201171875,7455.81103515625,7561.56689453125,2394994,0.0,0.0
2009-08-21 00:00:00+07:00,7720.201171875,7773.07958984375,7350.0546875,7350.0546875,3256108,0.0,0.0
2009-08-24 00:00:00+07:00,7350.0546875,7402.9326171875,7297.1767578125,7297.1767578125,1647994,0.0,0.0
2009-08-25 00:00:00+07:00,7297.1767578125,7350.0546875,7191.42041015625,7244.29833984375,1294275,0.0,0.0
2009-08-26 00:00:00+07:00,7350.0546875,7402.9326171875,7244.29833984375,7297.1767578125,1173092,0.0,0.0
2009-08-27 00:00:00+07:00,7350.0546875,7561.56689453125,7191.42041015625,7561.56689453125,2369900,0.0,0.0
2009-08-28 00:00:00+07:00,7667.3232421875,7931.7138671875,7614.4453125,7825.95751953125,3724013,0.0,0.0
2009-08-31 00:00:00+07:00,8037.4697265625,8037.4697265625,7825.95751953125,7931.7138671875,2863373,0.0,0.0
2009-09-01 00:00:00+07:00,7720.201171875,7931.7138671875,7720.201171875,7720.201171875,2481099,0.0,0.0
2009-09-03 00:00:00+07:00,7825.95751953125,8090.34814453125,7773.07958984375,8090.34814453125,5642352,0.0,0.0
2009-09-04 00:00:00+07:00,8460.494140625,8460.494140625,7984.591796875,8037.4697265625,6179586,0.0,0.0
2009-09-07 00:00:00+07:00,8037.4697265625,8037.4697265625,7667.3232421875,7931.7138671875,1987793,0.0,0.0
2009-09-08 00:00:00+07:00,8037.4697265625,8090.34814453125,7825.95751953125,7931.7138671875,1714109,0.0,0.0
2009-09-09 00:00:00+07:00,7825.95751953125,7931.7138671875,7720.201171875,7720.201171875,1598805,0.0,0.0
2009-09-10 00:00:00+07:00,7561.56689453125,7773.07958984375,7508.68896484375,7614.4453125,1721559,0.0,0.0
2009-09-11 00:00:00+07:00,7773.07958984375,7773.07958984375,7561.56689453125,7614.4453125,1622804,0.0,0.0
2009-09-14 00:00:00+07:00,7614.4453125,7773.07958984375,7508.68896484375,7508.68896484375,1190603,0.0,0.0
2009-09-15 00:00:00+07:00,7455.81103515625,7561.56689453125,7350.0546875,7402.9326171875,1996889,0.0,0.0
2009-09-16 00:00:00+07:00,7508.68896484375,7773.07958984375,7402.9326171875,7720.201171875,1839680,0.0,0.0
2009-09-17 00:00:00+07:00,7667.3232421875,7773.07958984375,7561.56689453125,7561.56689453125,910582,0.0,0.0
2009-09-18 00:00:00+07:00,7614.4453125,7614.4453125,7455.81103515625,7561.56689453125,1004704,0.0,0.0
2009-09-21 00:00:00+07:00,7455.81103515625,7561.56689453125,7402.9326171875,7455.81103515625,1209570,0.0,0.0
2009-09-22 00:00:00+07:00,7508.68896484375,7561.56689453125,7402.9326171875,7508.68896484375,1706640,0.0,0.0
2009-09-23 00:00:00+07:00,7773.07958984375,7773.07958984375,7508.68896484375,7508.68896484375,1774265,0.0,0.0
2009-09-24 00:00:00+07:00,7455.81103515625,7614.4453125,7402.9326171875,7402.9326171875,1230619,0.0,0.0
2009-09-25 00:00:00+07:00,7402.9326171875,7508.68896484375,7402.9326171875,7455.81103515625,1208624,0.0,0.0
2009-09-28 00:00:00+07:00,7825.95751953125,7825.95751953125,7773.07958984375,7825.95751953125,3709794,0.0,0.0
2009-09-29 00:00:00+07:00,8196.1044921875,8196.1044921875,7931.7138671875,8196.1044921875,5272444,0.0,0.0
2009-09-30 00:00:00+07:00,8037.4697265625,8090.34814453125,7825.95751953125,7825.95751953125,1860407,0.0,0.0
2009-10-01 00:00:00+07:00,7667.3232421875,7825.95751953125,7508.68896484375,7561.56689453125,1353015,0.0,0.0
2009-10-02 00:00:00+07:00,7402.9326171875,7561.56689453125,7244.29833984375,7350.0546875,1837903,0.0,0.0
2009-10-05 00:00:00+07:00,7455.81103515625,7561.56689453125,7297.1767578125,7350.0546875,1095214,0.0,0.0
2009-10-06 00:00:00+07:00,7455.81103515625,7508.68896484375,7297.1767578125,7297.1767578125,708947,0.0,0.0
2009-10-07 00:00:00+07:00,7402.9326171875,7508.68896484375,7350.0546875,7402.9326171875,924311,0.0,0.0
2009-10-08 00:00:00+07:00,7402.9326171875,7402.9326171875,7297.1767578125,7350.0546875,880927,0.0,0.0
2009-10-09 00:00:00+07:00,7402.9326171875,7455.81103515625,7350.0546875,7455.81103515625,1317158,0.0,0.0
2009-10-12 00:00:00+07:00,7508.68896484375,7508.68896484375,7402.9326171875,7508.68896484375,1688767,0.0,0.0
2009-10-13 00:00:00+07:00,7561.56689453125,7561.56689453125,7402.9326171875,7402.9326171875,1241853,0.0,0.0
2009-10-14 00:00:00+07:00,7350.0546875,7773.07958984375,7350.0546875,7773.07958984375,2645837,0.0,0.0
2009-10-15 00:00:00+07:00,7878.83544921875,7931.7138671875,7667.3232421875,7667.3232421875,2452279,0.0,0.0
2009-10-16 00:00:00+07:00,7667.3232421875,8037.4697265625,7561.56689453125,7825.95751953125,4470959,0.0,0.0
2009-10-19 00:00:00+07:00,7931.7138671875,8196.1044921875,7825.95751953125,8196.1044921875,4699617,0.0,0.0
2009-10-20 00:00:00+07:00,8566.2509765625,8566.2509765625,8460.494140625,8566.2509765625,4946241,0.0,0.0
2009-10-21 00:00:00+07:00,8460.494140625,8830.6416015625,8301.8603515625,8460.494140625,4639044,0.0,0.0
2009-10-22 00:00:00+07:00,8248.982421875,8460.494140625,8143.22607421875,8196.1044921875,3201605,0.0,0.0
2009-10-23 00:00:00+07:00,8248.982421875,8248.982421875,7878.83544921875,7878.83544921875,3263199,0.0,0.0
2009-10-26 00:00:00+07:00,7931.7138671875,8090.34814453125,7667.3232421875,7667.3232421875,2058938,0.0,0.0
2009-10-27 00:00:00+07:00,7667.3232421875,7667.3232421875,7402.9326171875,7561.56689453125,2051450,0.0,0.0
2009-10-28 00:00:00+07:00,7720.201171875,7773.07958984375,7508.68896484375,7614.4453125,1296696,0.0,0.0
2009-10-29 00:00:00+07:00,7402.9326171875,7508.68896484375,7244.29833984375,7297.1767578125,2092678,0.0,0.0
2009-10-30 00:00:00+07:00,7614.4453125,7614.4453125,7402.9326171875,7561.56689453125,1460505,0.0,0.0
2009-11-02 00:00:00+07:00,7244.29833984375,7402.9326171875,7191.42041015625,7191.42041015625,1093757,0.0,0.0
2009-11-03 00:00:00+07:00,7350.0546875,7350.0546875,6874.15185546875,6927.02978515625,1531463,0.0,0.0
2009-11-04 00:00:00+07:00,7138.54248046875,7244.29833984375,6927.02978515625,7032.7861328125,981592,0.0,0.0
2009-11-05 00:00:00+07:00,7191.42041015625,7350.0546875,7085.6640625,7350.0546875,873363,0.0,0.0
2009-11-06 00:00:00+07:00,7561.56689453125,7561.56689453125,7138.54248046875,7138.54248046875,873363,0.0,0.0
2009-11-09 00:00:00+07:00,6979.908203125,7138.54248046875,6874.15185546875,6874.15185546875,812904,0.0,0.0
2009-11-10 00:00:00+07:00,6874.15185546875,6979.908203125,6662.6396484375,6821.27392578125,883083,0.0,0.0
2009-11-11 00:00:00+07:00,6874.15185546875,6979.908203125,6821.27392578125,6927.02978515625,684078,0.0,0.0
2009-11-12 00:00:00+07:00,6927.02978515625,7138.54248046875,6927.02978515625,7032.7861328125,675587,0.0,0.0
2009-11-13 00:00:00+07:00,6979.908203125,7191.42041015625,6874.15185546875,7191.42041015625,1174792,0.0,0.0
2009-11-16 00:00:00+07:00,7138.54248046875,7244.29833984375,7085.6640625,7085.6640625,562705,0.0,0.0
2009-11-17 00:00:00+07:00,7085.6640625,7085.6640625,6927.02978515625,6979.908203125,745918,0.0,0.0
2009-11-18 00:00:00+07:00,6979.908203125,7032.7861328125,6874.15185546875,7032.7861328125,712446,0.0,0.0
2009-11-19 00:00:00+07:00,7032.7861328125,7138.54248046875,6979.908203125,7138.54248046875,1097010,0.0,0.0
2009-11-20 00:00:00+07:00,7085.6640625,7191.42041015625,7032.7861328125,7032.7861328125,1105520,0.0,0.0
2009-11-23 00:00:00+07:00,7032.7861328125,7085.6640625,6874.15185546875,6874.15185546875,550697,0.0,0.0
2009-11-24 00:00:00+07:00,6874.15185546875,6979.908203125,6768.3955078125,6821.27392578125,656336,0.0,0.0
2009-11-25 00:00:00+07:00,6768.3955078125,6768.3955078125,6504.00537109375,6504.00537109375,982312,0.0,0.0
2009-11-26 00:00:00+07:00,6186.73681640625,6345.37109375,6186.73681640625,6186.73681640625,394261,0.0,0.0
2009-11-27 00:00:00+07:00,5922.34619140625,6451.126953125,5922.34619140625,6186.73681640625,1309631,0.0,0.0
2009-11-30 00:00:00+07:00,6186.73681640625,6451.126953125,6186.73681640625,6239.61474609375,509071,0.0,0.0
2009-12-01 00:00:00+07:00,6345.37109375,6504.00537109375,6345.37109375,6504.00537109375,1205410,0.0,0.0
2009-12-02 00:00:00+07:00,6398.2490234375,6609.76123046875,6186.73681640625,6186.73681640625,500051,0.0,0.0
2009-12-03 00:00:00+07:00,6186.73681640625,6398.2490234375,6080.98046875,6292.49267578125,540863,0.0,0.0
2009-12-04 00:00:00+07:00,6345.37109375,6398.2490234375,6239.61474609375,6292.49267578125,350406,0.0,0.0
2009-12-07 00:00:00+07:00,6345.37109375,6398.2490234375,6239.61474609375,6345.37109375,393562,0.0,0.0
2009-12-08 00:00:00+07:00,6345.37109375,6345.37109375,6080.98046875,6186.73681640625,354151,0.0,0.0
2009-12-09 00:00:00+07:00,6028.1025390625,6028.1025390625,5922.34619140625,5922.34619140625,983126,0.0,0.0
2009-12-10 00:00:00+07:00,6080.98046875,6080.98046875,5763.7119140625,5763.7119140625,444283,0.0,0.0
2009-12-11 00:00:00+07:00,5710.833984375,5710.833984375,5499.3212890625,5499.3212890625,801708,0.0,0.0
2009-12-14 00:00:00+07:00,5657.95556640625,5763.7119140625,5446.443359375,5763.7119140625,549827,0.0,0.0
2009-12-15 00:00:00+07:00,5869.46826171875,5922.34619140625,5657.95556640625,5710.833984375,415915,0.0,0.0
2009-12-16 00:00:00+07:00,5552.19970703125,5552.19970703125,5446.443359375,5446.443359375,563310,0.0,0.0
2009-12-17 00:00:00+07:00,5287.80908203125,5393.5654296875,5234.93115234375,5393.5654296875,374443,0.0,0.0
2009-12-18 00:00:00+07:00,5446.443359375,5657.95556640625,5446.443359375,5657.95556640625,599071,0.0,0.0
2009-12-21 00:00:00+07:00,5816.58984375,5922.34619140625,5710.833984375,5922.34619140625,1293764,0.0,0.0
2009-12-22 00:00:00+07:00,5816.58984375,6080.98046875,5816.58984375,5869.46826171875,676098,0.0,0.0
2009-12-23 00:00:00+07:00,5816.58984375,5922.34619140625,5710.833984375,5869.46826171875,451772,0.0,0.0
2009-12-24 00:00:00+07:00,5816.58984375,5922.34619140625,5710.833984375,5922.34619140625,673489,0.0,0.0
2009-12-25 00:00:00+07:00,6028.1025390625,6186.73681640625,5975.22412109375,6186.73681640625,2026222,0.0,0.0
2009-12-28 00:00:00+07:00,6186.73681640625,6239.61474609375,5922.34619140625,6080.98046875,780925,0.0,0.0
2009-12-29 00:00:00+07:00,6028.1025390625,6080.98046875,5869.46826171875,5869.46826171875,675512,0.0,0.0
2009-12-30 00:00:00+07:00,5922.34619140625,6080.98046875,5869.46826171875,5975.22412109375,664050,0.0,0.0
2009-12-31 00:00:00+07:00,6133.8583984375,6186.73681640625,5922.34619140625,5922.34619140625,1413625,0.0,0.0
2010-01-04 00:00:00+07:00,6133.8583984375,6186.73681640625,6133.8583984375,6186.73681640625,632735,0.0,0.0
2010-01-05 00:00:00+07:00,6451.126953125,6451.126953125,6239.61474609375,6398.2490234375,910316,0.0,0.0
2010-01-06 00:00:00+07:00,6345.37109375,6556.88330078125,6292.49267578125,6504.00537109375,1069759,0.0,0.0
2010-01-07 00:00:00+07:00,6451.126953125,6821.27392578125,6451.126953125,6821.27392578125,2149638,0.0,0.0
2010-01-08 00:00:00+07:00,7138.54248046875,7138.54248046875,6979.908203125,7138.54248046875,3889376,0.0,0.0
2010-01-11 00:00:00+07:00,7138.54248046875,7191.42041015625,6821.27392578125,6821.27392578125,1463116,0.0,0.0
2010-01-12 00:00:00+07:00,6662.6396484375,6821.27392578125,6504.00537109375,6504.00537109375,1403961,0.0,0.0
2010-01-13 00:00:00+07:00,6398.2490234375,6609.76123046875,6186.73681640625,6504.00537109375,951259,0.0,0.0
2010-01-14 00:00:00+07:00,6715.517578125,6715.517578125,6451.126953125,6556.88330078125,714753,0.0,0.0
2010-01-15 00:00:00+07:00,6504.00537109375,6556.88330078125,6345.37109375,6398.2490234375,651041,0.0,0.0
2010-01-18 00:00:00+07:00,6398.2490234375,6398.2490234375,6133.8583984375,6133.8583984375,524506,0.0,0.0
2010-01-19 00:00:00+07:00,6133.8583984375,6345.37109375,6133.8583984375,6239.61474609375,390724,0.0,0.0
2010-01-20 00:00:00+07:00,6239.61474609375,6345.37109375,6133.8583984375,6133.8583984375,303432,0.0,0.0
2010-01-21 00:00:00+07:00,5975.22412109375,6239.61474609375,5869.46826171875,5922.34619140625,846982,0.0,0.0
2010-01-22 00:00:00+07:00,5922.34619140625,6028.1025390625,5816.58984375,5922.34619140625,307363,0.0,0.0
2010-01-25 00:00:00+07:00,5922.34619140625,6186.73681640625,5922.34619140625,6186.73681640625,521705,0.0,0.0
2010-01-26 00:00:00+07:00,6345.37109375,6451.126953125,6345.37109375,6451.126953125,1300138,0.0,0.0
2010-01-27 00:00:00+07:00,6133.8583984375,6504.00537109375,6133.8583984375,6133.8583984375,535926,0.0,0.0
2010-01-28 00:00:00+07:00,6133.8583984375,6186.73681640625,5975.22412109375,6028.1025390625,228030,0.0,0.0
2010-01-29 00:00:00+07:00,6028.1025390625,6080.98046875,5922.34619140625,6080.98046875,418109,0.0,0.0
2010-02-01 00:00:00+07:00,6186.73681640625,6186.73681640625,6080.98046875,6133.8583984375,255394,0.0,0.0
2010-02-02 00:00:00+07:00,6186.73681640625,6186.73681640625,6028.1025390625,6028.1025390625,463364,0.0,0.0
2010-02-03 00:00:00+07:00,6080.98046875,6080.98046875,5975.22412109375,6080.98046875,593531,0.0,0.0
2010-02-04 00:00:00+07:00,6133.8583984375,6292.49267578125,6080.98046875,6292.49267578125,830586,0.0,0.0
2010-02-05 00:00:00+07:00,6133.8583984375,6292.49267578125,6080.98046875,6292.49267578125,702972,0.0,0.0
2010-02-08 00:00:00+07:00,6186.73681640625,6239.61474609375,6080.98046875,6133.8583984375,243026,0.0,0.0
2010-02-09 00:00:00+07:00,6186.73681640625,6186.73681640625,5975.22412109375,5975.22412109375,402563,0.0,0.0
2010-02-10 00:00:00+07:00,5975.22412109375,6133.8583984375,5975.22412109375,6028.1025390625,187256,0.0,0.0
2010-02-11 00:00:00+07:00,6186.73681640625,6186.73681640625,5975.22412109375,6186.73681640625,147391,0.0,0.0
2010-02-12 00:00:00+07:00,6239.61474609375,6292.49267578125,6133.8583984375,6239.61474609375,393335,0.0,0.0
2010-02-22 00:00:00+07:00,6292.49267578125,6292.49267578125,6186.73681640625,6186.73681640625,367389,0.0,0.0
2010-02-23 00:00:00+07:00,6133.8583984375,6186.73681640625,6028.1025390625,6028.1025390625,259592,0.0,0.0
2010-02-24 00:00:00+07:00,5975.22412109375,6080.98046875,5975.22412109375,6028.1025390625,259195,0.0,0.0
2010-02-25 00:00:00+07:00,6133.8583984375,6133.8583984375,6028.1025390625,6028.1025390625,319542,0.0,0.0
2010-02-26 00:00:00+07:00,6080.98046875,6080.98046875,5975.22412109375,6028.1025390625,231319,0.0,0.0
2010-03-01 00:00:00+07:00,6080.98046875,6292.49267578125,6028.1025390625,6292.49267578125,1258739,0.0,0.0
2010-03-02 00:00:00+07:00,6239.61474609375,6504.00537109375,6239.61474609375,6345.37109375,1016711,0.0,0.0
2010-03-03 00:00:00+07:00,6398.2490234375,6556.88330078125,6345.37109375,6556.88330078125,813149,0.0,0.0
2010-03-04 00:00:00+07:00,6715.517578125,6715.517578125,6451.126953125,6451.126953125,1158377,0.0,0.0
2010-03-05 00:00:00+07:00,6451.126953125,6556.88330078125,6451.126953125,6504.00537109375,805944,0.0,0.0
2010-03-08 00:00:00+07:00,6556.88330078125,6821.27392578125,6504.00537109375,6821.27392578125,1706525,0.0,0.0
2010-03-09 00:00:00+07:00,6874.15185546875,7085.6640625,6715.517578125,7085.6640625,2873264,0.0,0.0
2010-03-10 00:00:00+07:00,6874.15185546875,7032.7861328125,6821.27392578125,6874.15185546875,1236140,0.0,0.0
2010-03-11 00:00:00+07:00,6821.27392578125,7032.7861328125,6768.3955078125,6874.15185546875,1107298,0.0,0.0
2010-03-12 00:00:00+07:00,6874.15185546875,6874.15185546875,6662.6396484375,6715.517578125,1047575,0.0,0.0
2010-03-15 00:00:00+07:00,6979.908203125,6979.908203125,6715.517578125,6821.27392578125,1610776,0.0,0.0
2010-03-16 00:00:00+07:00,6715.517578125,6821.27392578125,6556.88330078125,6556.88330078125,1011701,0.0,0.0
2010-03-17 00:00:00+07:00,6609.76123046875,6662.6396484375,6504.00537109375,6504.00537109375,742478,0.0,0.0
2010-03-18 00:00:00+07:00,6504.00537109375,6662.6396484375,6451.126953125,6556.88330078125,1168665,0.0,0.0
2010-03-19 00:00:00+07:00,6768.3955078125,6821.27392578125,6609.76123046875,6662.6396484375,2010527,0.0,0.0
2010-03-22 00:00:00+07:00,6715.517578125,6821.27392578125,6662.6396484375,6768.3955078125,1172447,0.0,0.0
2010-03-23 00:00:00+07:00,6715.517578125,6874.15185546875,6662.6396484375,6662.6396484375,938077,0.0,0.0
2010-03-24 00:00:00+07:00,6715.517578125,6715.517578125,6609.76123046875,6662.6396484375,678840,0.0,0.0
2010-03-25 00:00:00+07:00,6504.00537109375,6609.76123046875,6398.2490234375,6451.126953125,1264186,0.0,0.0
2010-03-26 00:00:00+07:00,6398.2490234375,6451.126953125,6292.49267578125,6398.2490234375,834557,0.0,0.0
2010-03-29 00:00:00+07:00,6451.126953125,6715.517578125,6398.2490234375,6715.517578125,1595912,0.0,0.0
2010-03-30 00:00:00+07:00,7032.7861328125,7032.7861328125,6715.517578125,6715.517578125,3660094,0.0,0.0
2010-03-31 00:00:00+07:00,6662.6396484375,6768.3955078125,6662.6396484375,6662.6396484375,1008221,0.0,0.0
2010-04-01 00:00:00+07:00,6662.6396484375,6927.02978515625,6556.88330078125,6715.517578125,1322548,0.0,0.0
2010-04-02 00:00:00+07:00,6768.3955078125,6821.27392578125,6715.517578125,6715.517578125,1817819,0.0,0.0
2010-04-05 00:00:00+07:00,6768.3955078125,6874.15185546875,6662.6396484375,6715.517578125,1208153,0.0,0.0
2010-04-06 00:00:00+07:00,6768.3955078125,6874.15185546875,6715.517578125,6821.27392578125,2072425,0.0,0.0
2010-04-07 00:00:00+07:00,6874.15185546875,6874.15185546875,6715.517578125,6821.27392578125,1134189,0.0,0.0
2010-04-08 00:00:00+07:00,6927.02978515625,7138.54248046875,6927.02978515625,7138.54248046875,6526782,0.0,0.0
2010-04-09 00:00:00+07:00,7350.0546875,7350.0546875,7138.54248046875,7191.42041015625,2445281,0.0,0.0
2010-04-12 00:00:00+07:00,7297.1767578125,7297.1767578125,7032.7861328125,7032.7861328125,1162196,0.0,0.0
2010-04-13 00:00:00+07:00,7032.7861328125,7032.7861328125,6874.15185546875,6979.908203125,1475750,0.0,0.0
2010-04-14 00:00:00+07:00,7032.7861328125,7085.6640625,6874.15185546875,6927.02978515625,1811577,0.0,0.0
2010-04-15 00:00:00+07:00,6927.02978515625,7244.29833984375,6927.02978515625,7244.29833984375,4075862,0.0,0.0
2010-04-16 00:00:00+07:00,7297.1767578125,7297.1767578125,7138.54248046875,7138.54248046875,1900046,0.0,0.0
2010-04-19 00:00:00+07:00,7191.42041015625,7191.42041015625,6927.02978515625,6927.02978515625,1469356,0.0,0.0
2010-04-20 00:00:00+07:00,7032.7861328125,7085.6640625,6927.02978515625,6927.02978515625,1834215,0.0,0.0
2010-04-21 00:00:00+07:00,7032.7861328125,7085.6640625,6927.02978515625,6979.908203125,1470018,0.0,0.0
2010-04-22 00:00:00+07:00,7032.7861328125,7085.6640625,6927.02978515625,6979.908203125,1832135,0.0,0.0
2010-04-26 00:00:00+07:00,6979.908203125,7032.7861328125,6927.02978515625,6927.02978515625,1462851,0.0,0.0
2010-04-27 00:00:00+07:00,6979.908203125,6979.908203125,6874.15185546875,6874.15185546875,1387035,0.0,0.0
2010-04-28 00:00:00+07:00,6874.15185546875,7191.42041015625,6821.27392578125,7085.6640625,2227856,0.0,0.0
2010-04-29 00:00:00+07:00,7138.54248046875,7138.54248046875,7032.7861328125,7085.6640625,1058772,0.0,0.0
2010-05-04 00:00:00+07:00,7191.42041015625,7244.29833984375,7085.6640625,7138.54248046875,2429585,0.0,0.0
2010-05-05 00:00:00+07:00,6979.908203125,7085.6640625,6979.908203125,6979.908203125,989158,0.0,0.0
2010-05-06 00:00:00+07:00,7032.7861328125,7244.29833984375,7032.7861328125,7191.42041015625,3003073,0.0,0.0
2010-05-07 00:00:00+07:00,7085.6640625,7508.68896484375,6979.908203125,7350.0546875,3038305,0.0,0.0
2010-05-10 00:00:00+07:00,7667.3232421875,7667.3232421875,7508.68896484375,7667.3232421875,5438203,0.0,0.0
2010-05-11 00:00:00+07:00,7878.83544921875,7878.83544921875,7561.56689453125,7614.4453125,2465382,0.0,0.0
2010-05-12 00:00:00+07:00,7402.9326171875,7561.56689453125,7350.0546875,7350.0546875,2273867,0.0,0.0
2010-05-13 00:00:00+07:00,7402.9326171875,7614.4453125,7350.0546875,7508.68896484375,2256451,0.0,0.0
2010-05-14 00:00:00+07:00,7561.56689453125,7561.56689453125,7402.9326171875,7508.68896484375,1971001,0.0,0.0
2010-05-17 00:00:00+07:00,6874.15185546875,6874.15185546875,6504.00537109375,6504.00537109375,2523878,0.0,0.0
2010-05-18 00:00:00+07:00,6398.2490234375,6504.00537109375,6345.37109375,6345.37109375,1553382,0.0,0.0
2010-05-19 00:00:00+07:00,6239.61474609375,6239.61474609375,6080.98046875,6080.98046875,1725322,0.0,0.0
2010-05-20 00:00:00+07:00,5975.22412109375,6133.8583984375,5922.34619140625,6133.8583984375,1723110,0.0,0.0
2010-05-21 00:00:00+07:00,5922.34619140625,6133.8583984375,5869.46826171875,5869.46826171875,2024237,0.0,0.0
2010-05-24 00:00:00+07:00,5922.34619140625,6028.1025390625,5869.46826171875,5922.34619140625,995418,0.0,0.0
2010-05-25 00:00:00+07:00,5922.34619140625,6080.98046875,5816.58984375,5975.22412109375,1096367,0.0,0.0
2010-05-26 00:00:00+07:00,6080.98046875,6080.98046875,5975.22412109375,6080.98046875,1226970,0.0,0.0
2010-05-27 00:00:00+07:00,6028.1025390625,6080.98046875,5975.22412109375,6028.1025390625,353128,0.0,0.0
2010-05-28 00:00:00+07:00,6186.73681640625,6292.49267578125,6133.8583984375,6292.49267578125,1708114,0.0,0.0
2010-05-31 00:00:00+07:00,6239.61474609375,6451.126953125,6186.73681640625,6292.49267578125,1153422,0.0,0.0
2010-06-01 00:00:00+07:00,6239.61474609375,6398.2490234375,6186.73681640625,6239.61474609375,1077796,0.0,0.0
2010-06-02 00:00:00+07:00,6186.73681640625,6292.49267578125,6186.73681640625,6292.49267578125,637047,0.0,0.0
2010-06-03 00:00:00+07:00,6345.37109375,6345.37109375,6239.61474609375,6239.61474609375,600433,0.0,0.0
2010-06-04 00:00:00+07:00,6292.49267578125,6292.49267578125,6133.8583984375,6186.73681640625,663939,0.0,0.0
2010-06-07 00:00:00+07:00,5975.22412109375,6080.98046875,5922.34619140625,5922.34619140625,3670949,0.0,0.0
2010-06-08 00:00:00+07:00,5922.34619140625,6028.1025390625,5869.46826171875,6028.1025390625,853203,0.0,0.0
2010-06-09 00:00:00+07:00,6080.98046875,6133.8583984375,6028.1025390625,6028.1025390625,487287,0.0,0.0
2010-06-10 00:00:00+07:00,6028.1025390625,6080.98046875,5975.22412109375,6028.1025390625,328091,0.0,0.0
2010-06-11 00:00:00+07:00,6080.98046875,6133.8583984375,6028.1025390625,6028.1025390625,685459,0.0,0.0
2010-06-14 00:00:00+07:00,6028.1025390625,6080.98046875,6028.1025390625,6080.98046875,943052,0.0,0.0
2010-06-15 00:00:00+07:00,6028.1025390625,6080.98046875,5975.22412109375,6028.1025390625,662879,0.0,0.0
2010-06-16 00:00:00+07:00,6080.98046875,6080.98046875,6028.1025390625,6080.98046875,582034,0.0,0.0
2010-06-17 00:00:00+07:00,6028.1025390625,6080.98046875,6028.1025390625,6080.98046875,406328,0.0,0.0
2010-06-18 00:00:00+07:00,6080.98046875,6133.8583984375,6028.1025390625,6028.1025390625,948064,0.0,0.0
2010-06-21 00:00:00+07:00,6080.98046875,6292.49267578125,6028.1025390625,6239.61474609375,1403582,0.0,0.0
2010-06-22 00:00:00+07:00,6186.73681640625,6239.61474609375,6133.8583984375,6133.8583984375,971476,0.0,0.0
2010-06-23 00:00:00+07:00,6133.8583984375,6292.49267578125,6080.98046875,6186.73681640625,877447,0.0,0.0
2010-06-24 00:00:00+07:00,6186.73681640625,6239.61474609375,6133.8583984375,6133.8583984375,432216,0.0,0.0
2010-06-25 00:00:00+07:00,6080.98046875,6133.8583984375,6028.1025390625,6080.98046875,716662,0.0,0.0
2010-06-28 00:00:00+07:00,6080.98046875,6133.8583984375,6028.1025390625,6028.1025390625,826369,0.0,0.0
2010-06-29 00:00:00+07:00,6080.98046875,6133.8583984375,6028.1025390625,6080.98046875,539671,0.0,0.0
2010-06-30 00:00:00+07:00,5975.22412109375,6028.1025390625,5975.22412109375,5975.22412109375,737882,0.0,0.0
2010-07-01 00:00:00+07:00,5975.22412109375,6028.1025390625,5922.34619140625,5975.22412109375,622220,0.0,0.0
2010-07-02 00:00:00+07:00,6028.1025390625,6028.1025390625,5922.34619140625,5975.22412109375,618286,0.0,0.0
2010-07-05 00:00:00+07:00,5975.22412109375,5975.22412109375,5922.34619140625,5975.22412109375,49748,0.0,0.0
2010-07-06 00:00:00+07:00,5975.22412109375,5975.22412109375,5869.46826171875,5922.34619140625,746467,0.0,0.0
2010-07-07 00:00:00+07:00,6028.1025390625,6186.73681640625,5975.22412109375,6186.73681640625,3453639,0.0,0.0
2010-07-08 00:00:00+07:00,6451.126953125,6451.126953125,6345.37109375,6451.126953125,3742698,0.0,0.0
2010-07-09 00:00:00+07:00,6451.126953125,6451.126953125,6239.61474609375,6239.61474609375,1775760,0.0,0.0
2010-07-12 00:00:00+07:00,6345.37109375,6504.00537109375,6239.61474609375,6504.00537109375,2236329,0.0,0.0
2010-07-13 00:00:00+07:00,6451.126953125,6556.88330078125,6345.37109375,6451.126953125,1532710,0.0,0.0
2010-07-14 00:00:00+07:00,6504.00537109375,6504.00537109375,6186.73681640625,6292.49267578125,2111079,0.0,0.0
2010-07-15 00:00:00+07:00,6292.49267578125,6345.37109375,6186.73681640625,6239.61474609375,774872,0.0,0.0
2010-07-16 00:00:00+07:00,6186.73681640625,6292.49267578125,6186.73681640625,6186.73681640625,1249454,0.0,0.0
2010-07-19 00:00:00+07:00,6292.49267578125,6451.126953125,6292.49267578125,6451.126953125,3033330,0.0,0.0
2010-07-20 00:00:00+07:00,6662.6396484375,6662.6396484375,6345.37109375,6345.37109375,2431060,0.0,0.0
2010-07-21 00:00:00+07:00,6398.2490234375,6504.00537109375,6345.37109375,6398.2490234375,1396207,0.0,0.0
2010-07-22 00:00:00+07:00,6345.37109375,6398.2490234375,6292.49267578125,6292.49267578125,838735,0.0,0.0
2010-07-23 00:00:00+07:00,6292.49267578125,6345.37109375,6239.61474609375,6239.61474609375,1080955,0.0,0.0
2010-07-26 00:00:00+07:00,6292.49267578125,6345.37109375,6186.73681640625,6239.61474609375,839322,0.0,0.0
2010-07-27 00:00:00+07:00,6239.61474609375,6292.49267578125,6186.73681640625,6186.73681640625,566392,0.0,0.0
2010-07-28 00:00:00+07:00,6239.61474609375,6239.61474609375,6080.98046875,6080.98046875,1020230,0.0,0.0
2010-07-29 00:00:00+07:00,6080.98046875,6186.73681640625,6080.98046875,6133.8583984375,900406,0.0,0.0
2010-07-30 00:00:00+07:00,6133.8583984375,6239.61474609375,6133.8583984375,6133.8583984375,411320,0.0,0.0
2010-08-02 00:00:00+07:00,6133.8583984375,6186.73681640625,6080.98046875,6080.98046875,465690,0.0,0.0
2010-08-03 00:00:00+07:00,6133.8583984375,6186.73681640625,6028.1025390625,6028.1025390625,539841,0.0,0.0
2010-08-04 00:00:00+07:00,6080.98046875,6080.98046875,5975.22412109375,6028.1025390625,657679,0.0,0.0
2010-08-05 00:00:00+07:00,6080.98046875,6080.98046875,5975.22412109375,6028.1025390625,522369,0.0,0.0
2010-08-06 00:00:00+07:00,6028.1025390625,6028.1025390625,5975.22412109375,5975.22412109375,749797,0.0,0.0
2010-08-09 00:00:00+07:00,5975.22412109375,5975.22412109375,5869.46826171875,5869.46826171875,1300591,0.0,0.0
2010-08-10 00:00:00+07:00,5869.46826171875,5922.34619140625,5605.07763671875,5710.833984375,1357174,0.0,0.0
2010-08-11 00:00:00+07:00,5816.58984375,5869.46826171875,5710.833984375,5816.58984375,587214,0.0,0.0
2010-08-12 00:00:00+07:00,5710.833984375,5763.7119140625,5605.07763671875,5605.07763671875,840761,0.0,0.0
2010-08-13 00:00:00+07:00,5552.19970703125,5710.833984375,5552.19970703125,5710.833984375,421457,0.0,0.0
2010-08-16 00:00:00+07:00,5763.7119140625,5975.22412109375,5763.7119140625,5869.46826171875,676761,0.0,0.0
2010-08-17 00:00:00+07:00,5816.58984375,5869.46826171875,5710.833984375,5869.46826171875,625207,0.0,0.0
2010-08-18 00:00:00+07:00,5816.58984375,5869.46826171875,5710.833984375,5763.7119140625,306474,0.0,0.0
2010-08-19 00:00:00+07:00,5710.833984375,5763.7119140625,5657.95556640625,5710.833984375,563082,0.0,0.0
2010-08-20 00:00:00+07:00,5710.833984375,5763.7119140625,5605.07763671875,5710.833984375,382953,0.0,0.0
2010-08-23 00:00:00+07:00,5710.833984375,5710.833984375,5605.07763671875,5605.07763671875,282740,0.0,0.0
2010-08-24 00:00:00+07:00,5552.19970703125,5605.07763671875,5446.443359375,5446.443359375,903073,0.0,0.0
2010-08-25 00:00:00+07:00,5393.5654296875,5499.3212890625,5287.80908203125,5393.5654296875,1428641,0.0,0.0
2010-08-26 00:00:00+07:00,5446.443359375,5657.95556640625,5340.68701171875,5499.3212890625,685877,0.0,0.0
2010-08-27 00:00:00+07:00,5446.443359375,5605.07763671875,5393.5654296875,5499.3212890625,503568,0.0,0.0
2010-08-30 00:00:00+07:00,5605.07763671875,5763.7119140625,5605.07763671875,5763.7119140625,999352,0.0,0.0
2010-08-31 00:00:00+07:00,5710.833984375,5922.34619140625,5657.95556640625,5763.7119140625,926996,0.0,0.0
2010-09-01 00:00:00+07:00,5763.7119140625,5816.58984375,5657.95556640625,5763.7119140625,922307,0.0,0.0
2010-09-06 00:00:00+07:00,5869.46826171875,6028.1025390625,5816.58984375,5922.34619140625,1869503,0.0,0.0
2010-09-07 00:00:00+07:00,5816.58984375,5922.34619140625,5763.7119140625,5816.58984375,1052113,0.0,0.0
2010-09-08 00:00:00+07:00,5763.7119140625,5816.58984375,5710.833984375,5763.7119140625,1033202,0.0,0.0
2010-09-09 00:00:00+07:00,5816.58984375,5869.46826171875,5763.7119140625,5869.46826171875,1040218,0.0,0.0
2010-09-10 00:00:00+07:00,5816.58984375,5975.22412109375,5710.833984375,5710.833984375,1367234,0.0,0.0
2010-09-13 00:00:00+07:00,5710.833984375,5763.7119140625,5605.07763671875,5710.833984375,820165,0.0,0.0
2010-09-14 00:00:00+07:00,5710.833984375,5816.58984375,5710.833984375,5763.7119140625,435941,0.0,0.0
2010-09-15 00:00:00+07:00,5763.7119140625,5816.58984375,5710.833984375,5763.7119140625,728048,0.0,0.0
2010-09-16 00:00:00+07:00,5763.7119140625,5816.58984375,5710.833984375,5816.58984375,902582,0.0,0.0
2010-09-17 00:00:00+07:00,5816.58984375,5975.22412109375,5816.58984375,5922.34619140625,991901,0.0,0.0
2010-09-20 00:00:00+07:00,6028.1025390625,6028.1025390625,5869.46826171875,5869.46826171875,546214,0.0,0.0
2010-09-21 00:00:00+07:00,5816.58984375,5922.34619140625,5816.58984375,5869.46826171875,471854,0.0,0.0
2010-09-22 00:00:00+07:00,5816.58984375,5922.34619140625,5816.58984375,5869.46826171875,682131,0.0,0.0
2010-09-23 00:00:00+07:00,5816.58984375,5869.46826171875,5763.7119140625,5816.58984375,1329470,0.0,0.0
2010-09-24 00:00:00+07:00,5816.58984375,5922.34619140625,5816.58984375,5816.58984375,747850,0.0,0.0
2010-09-27 00:00:00+07:00,5816.58984375,5869.46826171875,5816.58984375,5816.58984375,669441,0.0,0.0
2010-09-28 00:00:00+07:00,5922.34619140625,5975.22412109375,5869.46826171875,5922.34619140625,1234382,0.0,0.0
2010-09-29 00:00:00+07:00,5975.22412109375,6028.1025390625,5922.34619140625,5922.34619140625,604443,0.0,0.0
2010-09-30 00:00:00+07:00,5922.34619140625,5975.22412109375,5816.58984375,5869.46826171875,852296,0.0,0.0
2010-10-01 00:00:00+07:00,5922.34619140625,6028.1025390625,5869.46826171875,5869.46826171875,860428,0.0,0.0
2010-10-04 00:00:00+07:00,5922.34619140625,5922.34619140625,5816.58984375,5922.34619140625,1173602,0.0,0.0
2010-10-05 00:00:00+07:00,5869.46826171875,5922.34619140625,5816.58984375,5922.34619140625,848872,0.0,0.0
2010-10-06 00:00:00+07:00,5922.34619140625,5975.22412109375,5922.34619140625,5975.22412109375,590940,0.0,0.0
2010-10-07 00:00:00+07:00,5922.34619140625,6028.1025390625,5869.46826171875,5922.34619140625,685516,0.0,0.0
2010-10-08 00:00:00+07:00,6028.1025390625,6186.73681640625,5975.22412109375,6186.73681640625,2756374,0.0,0.0
2010-10-11 00:00:00+07:00,6292.49267578125,6398.2490234375,6133.8583984375,6292.49267578125,1856057,0.0,0.0
2010-10-12 00:00:00+07:00,6292.49267578125,6345.37109375,6133.8583984375,6292.49267578125,1443921,0.0,0.0
2010-10-13 00:00:00+07:00,6292.49267578125,6345.37109375,6239.61474609375,6239.61474609375,394317,0.0,0.0
2010-10-14 00:00:00+07:00,6239.61474609375,6292.49267578125,6186.73681640625,6239.61474609375,1356512,0.0,0.0
2010-10-15 00:00:00+07:00,6186.73681640625,6292.49267578125,6186.73681640625,6239.61474609375,646200,0.0,0.0
2010-10-18 00:00:00+07:00,6186.73681640625,6292.49267578125,6186.73681640625,6239.61474609375,609947,0.0,0.0
2010-10-19 00:00:00+07:00,6239.61474609375,6292.49267578125,6080.98046875,6080.98046875,907460,0.0,0.0
2010-10-20 00:00:00+07:00,6133.8583984375,6186.73681640625,6028.1025390625,6080.98046875,1449992,0.0,0.0
2010-10-21 00:00:00+07:00,6133.8583984375,6239.61474609375,6133.8583984375,6186.73681640625,954775,0.0,0.0
2010-10-22 00:00:00+07:00,6239.61474609375,6239.61474609375,6133.8583984375,6239.61474609375,932366,0.0,0.0
2010-10-25 00:00:00+07:00,6239.61474609375,6292.49267578125,6133.8583984375,6239.61474609375,1261161,0.0,0.0
2010-10-26 00:00:00+07:00,6239.61474609375,6398.2490234375,6239.61474609375,6239.61474609375,1328769,0.0,0.0
2010-10-27 00:00:00+07:00,6292.49267578125,6504.00537109375,6239.61474609375,6345.37109375,2082502,0.0,0.0
2010-10-28 00:00:00+07:00,6345.37109375,6398.2490234375,6292.49267578125,6345.37109375,572331,0.0,0.0
2010-10-29 00:00:00+07:00,6398.2490234375,6556.88330078125,6398.2490234375,6504.00537109375,1016106,0.0,0.0
2010-11-01 00:00:00+07:00,6504.00537109375,6768.3955078125,6504.00537109375,6609.76123046875,1696539,0.0,0.0
2010-11-02 00:00:00+07:00,6662.6396484375,6662.6396484375,6556.88330078125,6556.88330078125,1445641,0.0,0.0
2010-11-03 00:00:00+07:00,6556.88330078125,6609.76123046875,6504.00537109375,6504.00537109375,1292855,0.0,0.0
2010-11-04 00:00:00+07:00,6504.00537109375,6662.6396484375,6504.00537109375,6662.6396484375,1106956,0.0,0.0
2010-11-05 00:00:00+07:00,6662.6396484375,6821.27392578125,6662.6396484375,6821.27392578125,830850,0.0,0.0
2010-11-08 00:00:00+07:00,6821.27392578125,6874.15185546875,6768.3955078125,6821.27392578125,911301,0.0,0.0
2010-11-09 00:00:00+07:00,6715.517578125,6821.27392578125,6504.00537109375,6504.00537109375,2355943,0.0,0.0
2010-11-10 00:00:00+07:00,6556.88330078125,6662.6396484375,6504.00537109375,6609.76123046875,638086,0.0,0.0
2010-11-11 00:00:00+07:00,6662.6396484375,6662.6396484375,6504.00537109375,6504.00537109375,814831,0.0,0.0
2010-11-12 00:00:00+07:00,6504.00537109375,6504.00537109375,6292.49267578125,6345.37109375,1550940,0.0,0.0
2010-11-15 00:00:00+07:00,6345.37109375,6398.2490234375,6239.61474609375,6292.49267578125,814530,0.0,0.0
2010-11-16 00:00:00+07:00,6292.49267578125,6292.49267578125,6186.73681640625,6292.49267578125,2230995,0.0,0.0
2010-11-17 00:00:00+07:00,6345.37109375,6451.126953125,6345.37109375,6398.2490234375,282174,0.0,0.0
2010-11-18 00:00:00+07:00,6451.126953125,6556.88330078125,6451.126953125,6504.00537109375,271829,0.0,0.0
2010-11-19 00:00:00+07:00,6504.00537109375,6504.00537109375,6345.37109375,6398.2490234375,334331,0.0,0.0
2010-11-22 00:00:00+07:00,6239.61474609375,6292.49267578125,6239.61474609375,6292.49267578125,425389,0.0,0.0
2010-11-23 00:00:00+07:00,6292.49267578125,6398.2490234375,6292.49267578125,6345.37109375,189999,0.0,0.0
2010-11-24 00:00:00+07:00,6345.37109375,6398.2490234375,6292.49267578125,6292.49267578125,301046,0.0,0.0
2010-11-25 00:00:00+07:00,6398.2490234375,6398.2490234375,6345.37109375,6345.37109375,459241,0.0,0.0
2010-11-26 00:00:00+07:00,6398.2490234375,6398.2490234375,6292.49267578125,6345.37109375,188940,0.0,0.0
2010-11-29 00:00:00+07:00,6239.61474609375,6345.37109375,6186.73681640625,6292.49267578125,572009,0.0,0.0
2010-11-30 00:00:00+07:00,6345.37109375,6556.88330078125,6345.37109375,6398.2490234375,859823,0.0,0.0
2010-12-01 00:00:00+07:00,6292.49267578125,6398.2490234375,6292.49267578125,6292.49267578125,422136,0.0,0.0
2010-12-02 00:00:00+07:00,6292.49267578125,6451.126953125,6239.61474609375,6451.126953125,1086609,0.0,0.0
2010-12-03 00:00:00+07:00,6662.6396484375,6715.517578125,6451.126953125,6556.88330078125,1687670,0.0,0.0
2010-12-06 00:00:00+07:00,6609.76123046875,6874.15185546875,6504.00537109375,6874.15185546875,3414019,0.0,0.0
2010-12-07 00:00:00+07:00,6715.517578125,7191.42041015625,6715.517578125,6927.02978515625,2781299,0.0,0.0
2010-12-08 00:00:00+07:00,6927.02978515625,7244.29833984375,6927.02978515625,7244.29833984375,3553396,0.0,0.0
2010-12-09 00:00:00+07:00,7350.0546875,7561.56689453125,7244.29833984375,7561.56689453125,2740885,0.0,0.0
2010-12-10 00:00:00+07:00,7878.83544921875,7931.7138671875,7773.07958984375,7931.7138671875,2754122,0.0,0.0
2010-12-13 00:00:00+07:00,8301.8603515625,8301.8603515625,8301.8603515625,8301.8603515625,175002,0.0,0.0
2010-12-14 00:00:00+07:00,8619.12890625,8672.0068359375,8196.1044921875,8672.0068359375,6315278,0.0,0.0
2010-12-15 00:00:00+07:00,8724.884765625,8777.7626953125,8248.982421875,8248.982421875,3427710,0.0,0.0
2010-12-16 00:00:00+07:00,7931.7138671875,8090.34814453125,7878.83544921875,7878.83544921875,3566161,0.0,0.0
2010-12-17 00:00:00+07:00,7931.7138671875,8248.982421875,7931.7138671875,8248.982421875,1702327,0.0,0.0
2010-12-20 00:00:00+07:00,8566.2509765625,8619.12890625,8513.373046875,8619.12890625,3848472,0.0,0.0
2010-12-21 00:00:00+07:00,8513.373046875,8724.884765625,8196.1044921875,8407.6162109375,2669514,0.0,0.0
2010-12-22 00:00:00+07:00,8460.494140625,8566.2509765625,8143.22607421875,8143.22607421875,1520133,0.0,0.0
2010-12-23 00:00:00+07:00,7508.68896484375,7667.3232421875,7297.1767578125,7297.1767578125,1330112,0.0,0.0
2010-12-24 00:00:00+07:00,7138.54248046875,7561.56689453125,7138.54248046875,7402.9326171875,821810,0.0,0.0
2010-12-27 00:00:00+07:00,7508.68896484375,7508.68896484375,7297.1767578125,7402.9326171875,480195,0.0,0.0
2010-12-28 00:00:00+07:00,7455.81103515625,7720.201171875,7350.0546875,7561.56689453125,984108,0.0,0.0
2010-12-29 00:00:00+07:00,7561.56689453125,7561.56689453125,7244.29833984375,7244.29833984375,1263317,0.0,0.0
2010-12-30 00:00:00+07:00,7350.0546875,7350.0546875,6979.908203125,6979.908203125,1183643,0.0,0.0
2010-12-31 00:00:00+07:00,7032.7861328125,7297.1767578125,7032.7861328125,7138.54248046875,685893,0.0,0.0
2011-01-04 00:00:00+07:00,7138.54248046875,7455.81103515625,7138.54248046875,7455.81103515625,709155,0.0,0.0
2011-01-05 00:00:00+07:00,7508.68896484375,7561.56689453125,7244.29833984375,7244.29833984375,954002,0.0,0.0
2011-01-06 00:00:00+07:00,7191.42041015625,7508.68896484375,7191.42041015625,7455.81103515625,1060000,0.0,0.0
2011-01-07 00:00:00+07:00,7455.81103515625,7561.56689453125,7350.0546875,7350.0546875,941199,0.0,0.0
2011-01-10 00:00:00+07:00,7350.0546875,7350.0546875,7138.54248046875,7244.29833984375,393940,0.0,0.0
2011-01-11 00:00:00+07:00,7138.54248046875,7297.1767578125,7085.6640625,7138.54248046875,1020701,0.0,0.0
2011-01-12 00:00:00+07:00,7297.1767578125,7350.0546875,7138.54248046875,7244.29833984375,406042,0.0,0.0
2011-01-13 00:00:00+07:00,7138.54248046875,7561.56689453125,7138.54248046875,7561.56689453125,1571156,0.0,0.0
2011-01-14 00:00:00+07:00,7561.56689453125,7878.83544921875,7561.56689453125,7878.83544921875,1572499,0.0,0.0
2011-01-17 00:00:00+07:00,7878.83544921875,8248.982421875,7878.83544921875,7878.83544921875,2151359,0.0,0.0
2011-01-18 00:00:00+07:00,7720.201171875,8037.4697265625,7614.4453125,7614.4453125,506312,0.0,0.0
2011-01-19 00:00:00+07:00,7614.4453125,7720.201171875,7455.81103515625,7720.201171875,993829,0.0,0.0
2011-01-20 00:00:00+07:00,7720.201171875,7720.201171875,7455.81103515625,7508.68896484375,418885,0.0,0.0
2011-01-21 00:00:00+07:00,7508.68896484375,7667.3232421875,7402.9326171875,7402.9326171875,805831,0.0,0.0
2011-01-24 00:00:00+07:00,7402.9326171875,7614.4453125,7244.29833984375,7297.1767578125,810633,0.0,0.0
2011-01-25 00:00:00+07:00,7297.1767578125,7455.81103515625,7244.29833984375,7455.81103515625,909049,0.0,0.0
2011-01-26 00:00:00+07:00,7508.68896484375,7614.4453125,7402.9326171875,7402.9326171875,331362,0.0,0.0
2011-01-27 00:00:00+07:00,7402.9326171875,7508.68896484375,7402.9326171875,7508.68896484375,687350,0.0,0.0
2011-01-28 00:00:00+07:00,7561.56689453125,7561.56689453125,7508.68896484375,7508.68896484375,635931,0.0,0.0
2011-02-08 00:00:00+07:00,7667.3232421875,7667.3232421875,7455.81103515625,7561.56689453125,207359,0.0,0.0
2011-02-09 00:00:00+07:00,7614.4453125,7667.3232421875,7402.9326171875,7402.9326171875,422344,0.0,0.0
2011-02-10 00:00:00+07:00,7350.0546875,7455.81103515625,7297.1767578125,7402.9326171875,477111,0.0,0.0
2011-02-11 00:00:00+07:00,7350.0546875,7402.9326171875,7350.0546875,7350.0546875,683153,0.0,0.0
2011-02-14 00:00:00+07:00,7350.0546875,7402.9326171875,7244.29833984375,7244.29833984375,945397,0.0,0.0
2011-02-15 00:00:00+07:00,7297.1767578125,7297.1767578125,7138.54248046875,7191.42041015625,941027,0.0,0.0
2011-02-16 00:00:00+07:00,7191.42041015625,7244.29833984375,7085.6640625,7085.6640625,981216,0.0,0.0
2011-02-17 00:00:00+07:00,7085.6640625,7085.6640625,6979.908203125,6979.908203125,884898,0.0,0.0
2011-02-18 00:00:00+07:00,6927.02978515625,7032.7861328125,6821.27392578125,6874.15185546875,924840,0.0,0.0
2011-02-21 00:00:00+07:00,6662.6396484375,6662.6396484375,6556.88330078125,6556.88330078125,1520664,0.0,0.0
2011-02-22 00:00:00+07:00,6292.49267578125,6451.126953125,6239.61474609375,6292.49267578125,1400652,0.0,0.0
2011-02-23 00:00:00+07:00,6292.49267578125,6556.88330078125,6292.49267578125,6556.88330078125,1210932,0.0,0.0
2011-02-24 00:00:00+07:00,6451.126953125,6662.6396484375,6239.61474609375,6398.2490234375,953435,0.0,0.0
2011-02-25 00:00:00+07:00,6398.2490234375,6715.517578125,6345.37109375,6715.517578125,877392,0.0,0.0
2011-02-28 00:00:00+07:00,6715.517578125,6874.15185546875,6609.76123046875,6609.76123046875,729788,0.0,0.0
2011-03-01 00:00:00+07:00,6609.76123046875,6715.517578125,6556.88330078125,6609.76123046875,569646,0.0,0.0
2011-03-02 00:00:00+07:00,6609.76123046875,6609.76123046875,6345.37109375,6504.00537109375,1399064,0.0,0.0
2011-03-03 00:00:00+07:00,6504.00537109375,6609.76123046875,6345.37109375,6504.00537109375,570023,0.0,0.0
2011-03-04 00:00:00+07:00,6556.88330078125,6609.76123046875,6556.88330078125,6609.76123046875,592246,0.0,0.0
2011-03-07 00:00:00+07:00,6556.88330078125,6609.76123046875,6504.00537109375,6504.00537109375,871132,0.0,0.0
2011-03-08 00:00:00+07:00,6556.88330078125,6662.6396484375,6504.00537109375,6504.00537109375,581863,0.0,0.0
2011-03-09 00:00:00+07:00,6504.00537109375,6504.00537109375,6239.61474609375,6345.37109375,638956,0.0,0.0
2011-03-10 00:00:00+07:00,6345.37109375,6662.6396484375,6345.37109375,6662.6396484375,1035738,0.0,0.0
2011-03-11 00:00:00+07:00,6768.3955078125,6979.908203125,6715.517578125,6979.908203125,2577035,0.0,0.0
2011-03-14 00:00:00+07:00,6874.15185546875,6927.02978515625,6662.6396484375,6662.6396484375,1185080,0.0,0.0
2011-03-15 00:00:00+07:00,6556.88330078125,6715.517578125,6504.00537109375,6556.88330078125,470380,0.0,0.0
2011-03-16 00:00:00+07:00,6556.88330078125,6821.27392578125,6556.88330078125,6715.517578125,655770,0.0,0.0
2011-03-17 00:00:00+07:00,6662.6396484375,6821.27392578125,6609.76123046875,6715.517578125,586837,0.0,0.0
2011-03-18 00:00:00+07:00,6768.3955078125,7032.7861328125,6715.517578125,7032.7861328125,1480250,0.0,0.0
2011-03-21 00:00:00+07:00,7191.42041015625,7297.1767578125,7085.6640625,7138.54248046875,2473252,0.0,0.0
2011-03-22 00:00:00+07:00,7085.6640625,7191.42041015625,6927.02978515625,6979.908203125,894999,0.0,0.0
2011-03-23 00:00:00+07:00,6979.908203125,7085.6640625,6927.02978515625,7085.6640625,316819,0.0,0.0
2011-03-24 00:00:00+07:00,7085.6640625,7085.6640625,6979.908203125,6979.908203125,407348,0.0,0.0
2011-03-25 00:00:00+07:00,6979.908203125,7032.7861328125,6874.15185546875,6874.15185546875,267080,0.0,0.0
2011-03-28 00:00:00+07:00,6874.15185546875,6979.908203125,6821.27392578125,6874.15185546875,279166,0.0,0.0
2011-03-29 00:00:00+07:00,6874.15185546875,6927.02978515625,6768.3955078125,6821.27392578125,586307,0.0,0.0
2011-03-30 00:00:00+07:00,6768.3955078125,6768.3955078125,6662.6396484375,6715.517578125,734515,0.0,0.0
2011-03-31 00:00:00+07:00,6821.27392578125,6874.15185546875,6715.517578125,6715.517578125,306362,0.0,0.0
2011-04-01 00:00:00+07:00,6768.3955078125,6927.02978515625,6715.517578125,6874.15185546875,432821,0.0,0.0
2011-04-04 00:00:00+07:00,6874.15185546875,6927.02978515625,6768.3955078125,6768.3955078125,541732,0.0,0.0
2011-04-05 00:00:00+07:00,6768.3955078125,6927.02978515625,6768.3955078125,6821.27392578125,655749,0.0,0.0
2011-04-06 00:00:00+07:00,6874.15185546875,6927.02978515625,6821.27392578125,6927.02978515625,624830,0.0,0.0
2011-04-07 00:00:00+07:00,6979.908203125,6979.908203125,6874.15185546875,6874.15185546875,282664,0.0,0.0
2011-04-08 00:00:00+07:00,6927.02978515625,7032.7861328125,6821.27392578125,6979.908203125,533961,0.0,0.0
2011-04-13 00:00:00+07:00,6874.15185546875,6927.02978515625,6768.3955078125,6821.27392578125,207077,0.0,0.0
2011-04-14 00:00:00+07:00,6768.3955078125,6821.27392578125,6768.3955078125,6768.3955078125,337356,0.0,0.0
2011-04-15 00:00:00+07:00,6715.517578125,6874.15185546875,6715.517578125,6821.27392578125,133719,0.0,0.0
2011-04-18 00:00:00+07:00,6715.517578125,6979.908203125,6556.88330078125,6556.88330078125,669649,0.0,0.0
2011-04-19 00:00:00+07:00,6556.88330078125,6662.6396484375,6504.00537109375,6504.00537109375,261711,0.0,0.0
2011-04-20 00:00:00+07:00,6662.6396484375,6662.6396484375,6345.37109375,6451.126953125,583678,0.0,0.0
2011-04-21 00:00:00+07:00,6451.126953125,6451.126953125,6133.8583984375,6133.8583984375,1004250,0.0,0.0
2011-04-22 00:00:00+07:00,6133.8583984375,6133.8583984375,5869.46826171875,5869.46826171875,1654177,0.0,0.0
2011-04-25 00:00:00+07:00,5975.22412109375,6133.8583984375,5975.22412109375,6133.8583984375,875444,0.0,0.0
2011-04-26 00:00:00+07:00,6133.8583984375,6345.37109375,6028.1025390625,6080.98046875,898534,0.0,0.0
2011-04-27 00:00:00+07:00,6239.61474609375,6239.61474609375,6080.98046875,6133.8583984375,314852,0.0,0.0
2011-04-28 00:00:00+07:00,6186.73681640625,6186.73681640625,6080.98046875,6080.98046875,278636,0.0,0.0
2011-04-29 00:00:00+07:00,6133.8583984375,6239.61474609375,6028.1025390625,6186.73681640625,703689,0.0,0.0
2011-05-04 00:00:00+07:00,6186.73681640625,6239.61474609375,6133.8583984375,6186.73681640625,740850,0.0,0.0
2011-05-05 00:00:00+07:00,6186.73681640625,6186.73681640625,6080.98046875,6133.8583984375,229392,0.0,0.0
2011-05-06 00:00:00+07:00,6133.8583984375,6292.49267578125,6133.8583984375,6292.49267578125,354225,0.0,0.0
2011-05-09 00:00:00+07:00,6345.37109375,6398.2490234375,6292.49267578125,6398.2490234375,558241,0.0,0.0
2011-05-10 00:00:00+07:00,6028.1025390625,6080.98046875,5975.22412109375,6028.1025390625,342671,0.0,0.0
2011-05-11 00:00:00+07:00,6028.1025390625,6080.98046875,5869.46826171875,5975.22412109375,327711,0.0,0.0
2011-05-12 00:00:00+07:00,5869.46826171875,6028.1025390625,5869.46826171875,5975.22412109375,490048,0.0,0.0
2011-05-13 00:00:00+07:00,5975.22412109375,5975.22412109375,5922.34619140625,5922.34619140625,733872,0.0,0.0
2011-05-16 00:00:00+07:00,5869.46826171875,5922.34619140625,5763.7119140625,5763.7119140625,601966,0.0,0.0
2011-05-17 00:00:00+07:00,5710.833984375,5763.7119140625,5552.19970703125,5605.07763671875,657244,0.0,0.0
2011-05-18 00:00:00+07:00,5552.19970703125,5605.07763671875,5446.443359375,5552.19970703125,275441,0.0,0.0
2011-05-19 00:00:00+07:00,5552.19970703125,5657.95556640625,5499.3212890625,5499.3212890625,417977,0.0,0.0
2011-05-20 00:00:00+07:00,5605.07763671875,5657.95556640625,5446.443359375,5552.19970703125,433636,0.0,0.0
2011-05-23 00:00:00+07:00,5499.3212890625,5552.19970703125,5393.5654296875,5446.443359375,196599,0.0,0.0
2011-05-24 00:00:00+07:00,5393.5654296875,5446.443359375,5182.052734375,5234.93115234375,520948,0.0,0.0
2011-05-25 00:00:00+07:00,5182.052734375,5182.052734375,5023.41845703125,5023.41845703125,639429,0.0,0.0
2011-05-26 00:00:00+07:00,4811.90625,5234.93115234375,4811.90625,5234.93115234375,940046,0.0,0.0
2011-05-27 00:00:00+07:00,5340.68701171875,5446.443359375,5182.052734375,5446.443359375,482899,0.0,0.0
2011-05-30 00:00:00+07:00,5499.3212890625,5499.3212890625,5182.052734375,5182.052734375,280471,0.0,0.0
2011-05-31 00:00:00+07:00,5182.052734375,5287.80908203125,5076.296875,5287.80908203125,305661,0.0,0.0
2011-06-01 00:00:00+07:00,5287.80908203125,5552.19970703125,5234.93115234375,5499.3212890625,745844,0.0,0.0
2011-06-02 00:00:00+07:00,5552.19970703125,5710.833984375,5499.3212890625,5657.95556640625,1722808,0.0,0.0
2011-06-03 00:00:00+07:00,5710.833984375,5710.833984375,5393.5654296875,5393.5654296875,1406419,0.0,0.0
2011-06-06 00:00:00+07:00,5340.68701171875,5552.19970703125,5234.93115234375,5393.5654296875,159249,0.0,0.0
2011-06-07 00:00:00+07:00,5499.3212890625,5657.95556640625,5499.3212890625,5657.95556640625,914798,0.0,0.0
2011-06-08 00:00:00+07:00,5657.95556640625,5816.58984375,5552.19970703125,5657.95556640625,906685,0.0,0.0
2011-06-09 00:00:00+07:00,5605.07763671875,5710.833984375,5552.19970703125,5657.95556640625,422838,0.0,0.0
2011-06-10 00:00:00+07:00,5763.7119140625,5922.34619140625,5763.7119140625,5869.46826171875,940575,0.0,0.0
2011-06-13 00:00:00+07:00,5763.7119140625,5869.46826171875,5710.833984375,5816.58984375,794729,0.0,0.0
2011-06-14 00:00:00+07:00,5816.58984375,6080.98046875,5763.7119140625,5763.7119140625,864437,0.0,0.0
2011-06-15 00:00:00+07:00,5710.833984375,5763.7119140625,5499.3212890625,5552.19970703125,570647,0.0,0.0
2011-06-16 00:00:00+07:00,5499.3212890625,5710.833984375,5499.3212890625,5710.833984375,123941,0.0,0.0
2011-06-17 00:00:00+07:00,5657.95556640625,5710.833984375,5446.443359375,5446.443359375,880210,0.0,0.0
2011-06-20 00:00:00+07:00,5446.443359375,5552.19970703125,5393.5654296875,5446.443359375,353337,0.0,0.0
2011-06-21 00:00:00+07:00,5446.443359375,5605.07763671875,5446.443359375,5605.07763671875,195597,0.0,0.0
2011-06-22 00:00:00+07:00,5710.833984375,5710.833984375,5605.07763671875,5657.95556640625,450106,0.0,0.0
2011-06-23 00:00:00+07:00,5657.95556640625,5710.833984375,5605.07763671875,5605.07763671875,481443,0.0,0.0
2011-06-24 00:00:00+07:00,5552.19970703125,5657.95556640625,5552.19970703125,5605.07763671875,470457,0.0,0.0
2011-06-27 00:00:00+07:00,5499.3212890625,5657.95556640625,5499.3212890625,5605.07763671875,477832,0.0,0.0
2011-06-28 00:00:00+07:00,5657.95556640625,5657.95556640625,5499.3212890625,5499.3212890625,160421,0.0,0.0
2011-06-29 00:00:00+07:00,5605.07763671875,5605.07763671875,5499.3212890625,5605.07763671875,246298,0.0,0.0
2011-06-30 00:00:00+07:00,5605.07763671875,5657.95556640625,5552.19970703125,5552.19970703125,284290,0.0,0.0
2011-07-01 00:00:00+07:00,5499.3212890625,5552.19970703125,5393.5654296875,5499.3212890625,520061,0.0,0.0
2011-07-04 00:00:00+07:00,5552.19970703125,5605.07763671875,5499.3212890625,5605.07763671875,547840,0.0,0.0
2011-07-05 00:00:00+07:00,5605.07763671875,5869.46826171875,5605.07763671875,5869.46826171875,1104310,0.0,0.0
2011-07-06 00:00:00+07:00,5816.58984375,6080.98046875,5763.7119140625,5975.22412109375,1374174,0.0,0.0
2011-07-07 00:00:00+07:00,5975.22412109375,6080.98046875,5922.34619140625,6028.1025390625,700532,0.0,0.0
2011-07-08 00:00:00+07:00,5975.22412109375,6292.49267578125,5975.22412109375,6292.49267578125,1309631,0.0,0.0
2011-07-11 00:00:00+07:00,6345.37109375,6451.126953125,6239.61474609375,6345.37109375,992997,0.0,0.0
2011-07-12 00:00:00+07:00,6292.49267578125,6345.37109375,6186.73681640625,6345.37109375,1097105,0.0,0.0
2011-07-13 00:00:00+07:00,6398.2490234375,6504.00537109375,6292.49267578125,6504.00537109375,917692,0.0,0.0
2011-07-14 00:00:00+07:00,6504.00537109375,6662.6396484375,6398.2490234375,6556.88330078125,2262219,0.0,0.0
2011-07-15 00:00:00+07:00,6556.88330078125,6662.6396484375,6398.2490234375,6398.2490234375,1475239,0.0,0.0
2011-07-18 00:00:00+07:00,6451.126953125,6609.76123046875,6345.37109375,6556.88330078125,1111288,0.0,0.0
2011-07-19 00:00:00+07:00,6662.6396484375,6662.6396484375,6504.00537109375,6556.88330078125,837565,0.0,0.0
2011-07-20 00:00:00+07:00,6556.88330078125,6556.88330078125,6504.00537109375,6504.00537109375,675058,0.0,0.0
2011-07-21 00:00:00+07:00,6398.2490234375,6556.88330078125,6345.37109375,6398.2490234375,402392,0.0,0.0
2011-07-22 00:00:00+07:00,6398.2490234375,6398.2490234375,6239.61474609375,6239.61474609375,100037,0.0,0.0
2011-07-25 00:00:00+07:00,6186.73681640625,6292.49267578125,6080.98046875,6186.73681640625,74753,0.0,0.0
2011-07-26 00:00:00+07:00,6080.98046875,6239.61474609375,5922.34619140625,5975.22412109375,426051,0.0,0.0
2011-07-27 00:00:00+07:00,6080.98046875,6080.98046875,5869.46826171875,5975.22412109375,239187,0.0,0.0
2011-07-28 00:00:00+07:00,5975.22412109375,6133.8583984375,5922.34619140625,6028.1025390625,484922,0.0,0.0
2011-07-29 00:00:00+07:00,6080.98046875,6080.98046875,5975.22412109375,5975.22412109375,138351,0.0,0.0
2011-08-01 00:00:00+07:00,6028.1025390625,6239.61474609375,6028.1025390625,6239.61474609375,1093624,0.0,0.0
2011-08-02 00:00:00+07:00,6292.49267578125,6398.2490234375,6239.61474609375,6292.49267578125,769445,0.0,0.0
2011-08-03 00:00:00+07:00,6239.61474609375,6239.61474609375,6080.98046875,6133.8583984375,381477,0.0,0.0
2011-08-04 00:00:00+07:00,6133.8583984375,6398.2490234375,6133.8583984375,6398.2490234375,960848,0.0,0.0
2011-08-05 00:00:00+07:00,6239.61474609375,6398.2490234375,6239.61474609375,6292.49267578125,261237,0.0,0.0
2011-08-08 00:00:00+07:00,6239.61474609375,6398.2490234375,6239.61474609375,6398.2490234375,1111364,0.0,0.0
2011-08-09 00:00:00+07:00,6292.49267578125,6398.2490234375,6292.49267578125,6398.2490234375,1338792,0.0,0.0
2011-08-10 00:00:00+07:00,6451.126953125,6556.88330078125,6398.2490234375,6504.00537109375,1297849,0.0,0.0
2011-08-11 00:00:00+07:00,6451.126953125,6556.88330078125,6398.2490234375,6504.00537109375,1078836,0.0,0.0
2011-08-12 00:00:00+07:00,6556.88330078125,6609.76123046875,6504.00537109375,6504.00537109375,1024144,0.0,0.0
2011-08-15 00:00:00+07:00,6504.00537109375,6504.00537109375,6398.2490234375,6451.126953125,694367,0.0,0.0
2011-08-16 00:00:00+07:00,6398.2490234375,6504.00537109375,6398.2490234375,6504.00537109375,486718,0.0,0.0
2011-08-17 00:00:00+07:00,6504.00537109375,6609.76123046875,6504.00537109375,6609.76123046875,745088,0.0,0.0
2011-08-18 00:00:00+07:00,6609.76123046875,6768.3955078125,6609.76123046875,6662.6396484375,767800,0.0,0.0
2011-08-19 00:00:00+07:00,6662.6396484375,6662.6396484375,6556.88330078125,6662.6396484375,626456,0.0,0.0
2011-08-22 00:00:00+07:00,6715.517578125,6927.02978515625,6715.517578125,6927.02978515625,650246,0.0,0.0
2011-08-23 00:00:00+07:00,6874.15185546875,6979.908203125,6768.3955078125,6927.02978515625,664146,0.0,0.0
2011-08-24 00:00:00+07:00,6874.15185546875,7138.54248046875,6874.15185546875,7085.6640625,459885,0.0,0.0
2011-08-25 00:00:00+07:00,7138.54248046875,7297.1767578125,7032.7861328125,7244.29833984375,802672,0.0,0.0
2011-08-26 00:00:00+07:00,7244.29833984375,7297.1767578125,7138.54248046875,7138.54248046875,572084,0.0,0.0
2011-08-29 00:00:00+07:00,7191.42041015625,7244.29833984375,7085.6640625,7138.54248046875,410185,0.0,0.0
2011-08-30 00:00:00+07:00,7191.42041015625,7244.29833984375,7085.6640625,7085.6640625,609908,0.0,0.0
2011-08-31 00:00:00+07:00,7085.6640625,7085.6640625,6927.02978515625,7032.7861328125,1038497,0.0,0.0
2011-09-01 00:00:00+07:00,6979.908203125,7297.1767578125,6927.02978515625,7244.29833984375,717722,0.0,0.0
2011-09-05 00:00:00+07:00,7244.29833984375,7297.1767578125,7032.7861328125,7138.54248046875,367842,0.0,0.0
2011-09-06 00:00:00+07:00,6979.908203125,7244.29833984375,6979.908203125,7191.42041015625,779128,0.0,0.0
2011-09-07 00:00:00+07:00,7244.29833984375,7244.29833984375,7191.42041015625,7244.29833984375,847756,0.0,0.0
2011-09-08 00:00:00+07:00,7297.1767578125,7402.9326171875,7244.29833984375,7297.1767578125,1318822,0.0,0.0
2011-09-09 00:00:00+07:00,7191.42041015625,7350.0546875,7191.42041015625,7297.1767578125,535435,0.0,0.0
2011-09-12 00:00:00+07:00,7350.0546875,7350.0546875,7191.42041015625,7191.42041015625,343484,0.0,0.0
2011-09-13 00:00:00+07:00,7244.29833984375,7297.1767578125,7138.54248046875,7297.1767578125,897020,0.0,0.0
2011-09-14 00:00:00+07:00,7244.29833984375,7297.1767578125,7032.7861328125,7085.6640625,552532,0.0,0.0
2011-09-15 00:00:00+07:00,6927.02978515625,7138.54248046875,6874.15185546875,7138.54248046875,220749,0.0,0.0
2011-09-16 00:00:00+07:00,7138.54248046875,7138.54248046875,6979.908203125,6979.908203125,187577,0.0,0.0
2011-09-19 00:00:00+07:00,7032.7861328125,7085.6640625,6927.02978515625,7085.6640625,126588,0.0,0.0
2011-09-20 00:00:00+07:00,7085.6640625,7085.6640625,6979.908203125,7032.7861328125,210500,0.0,0.0
2011-09-21 00:00:00+07:00,6979.908203125,7191.42041015625,6979.908203125,7191.42041015625,540220,0.0,0.0
2011-09-22 00:00:00+07:00,7191.42041015625,7297.1767578125,7138.54248046875,7297.1767578125,848343,0.0,0.0
2011-09-23 00:00:00+07:00,7191.42041015625,7191.42041015625,7032.7861328125,7191.42041015625,183096,0.0,0.0
2011-09-26 00:00:00+07:00,7191.42041015625,7297.1767578125,7032.7861328125,7032.7861328125,528911,0.0,0.0
2011-09-27 00:00:00+07:00,7138.54248046875,7191.42041015625,7032.7861328125,7085.6640625,414704,0.0,0.0
2011-09-28 00:00:00+07:00,7191.42041015625,7244.29833984375,7085.6640625,7085.6640625,367936,0.0,0.0
2011-09-29 00:00:00+07:00,6927.02978515625,7191.42041015625,6927.02978515625,6979.908203125,359351,0.0,0.0
2011-09-30 00:00:00+07:00,6979.908203125,7138.54248046875,6927.02978515625,6979.908203125,632905,0.0,0.0
2011-10-03 00:00:00+07:00,6874.15185546875,7032.7861328125,6662.6396484375,6662.6396484375,167190,0.0,0.0
2011-10-04 00:00:00+07:00,6662.6396484375,6874.15185546875,6662.6396484375,6874.15185546875,119535,0.0,0.0
2011-10-05 00:00:00+07:00,6821.27392578125,6874.15185546875,6768.3955078125,6821.27392578125,47843,0.0,0.0
2011-10-06 00:00:00+07:00,6874.15185546875,7032.7861328125,6874.15185546875,6874.15185546875,102799,0.0,0.0
2011-10-07 00:00:00+07:00,6874.15185546875,6874.15185546875,6821.27392578125,6821.27392578125,39389,0.0,0.0
2011-10-10 00:00:00+07:00,6821.27392578125,6821.27392578125,6768.3955078125,6768.3955078125,58584,0.0,0.0
2011-10-11 00:00:00+07:00,6821.27392578125,6821.27392578125,6768.3955078125,6768.3955078125,207833,0.0,0.0
2011-10-12 00:00:00+07:00,6662.6396484375,6768.3955078125,6556.88330078125,6556.88330078125,413343,0.0,0.0
2011-10-13 00:00:00+07:00,6556.88330078125,6662.6396484375,6504.00537109375,6556.88330078125,180089,0.0,0.0
2011-10-14 00:00:00+07:00,6609.76123046875,6609.76123046875,6556.88330078125,6556.88330078125,86174,0.0,0.0
2011-10-17 00:00:00+07:00,6609.76123046875,6609.76123046875,6504.00537109375,6504.00537109375,128310,0.0,0.0
2011-10-18 00:00:00+07:00,6451.126953125,6556.88330078125,6345.37109375,6556.88330078125,85911,0.0,0.0
2011-10-19 00:00:00+07:00,6556.88330078125,6556.88330078125,6451.126953125,6504.00537109375,35435,0.0,0.0
2011-10-20 00:00:00+07:00,6556.88330078125,6556.88330078125,6504.00537109375,6504.00537109375,97427,0.0,0.0
2011-10-21 00:00:00+07:00,6556.88330078125,6662.6396484375,6556.88330078125,6609.76123046875,135269,0.0,0.0
2011-10-24 00:00:00+07:00,6768.3955078125,6874.15185546875,6662.6396484375,6768.3955078125,289888,0.0,0.0
2011-10-25 00:00:00+07:00,6821.27392578125,7085.6640625,6768.3955078125,7032.7861328125,659060,0.0,0.0
2011-10-26 00:00:00+07:00,7085.6640625,7085.6640625,6715.517578125,6715.517578125,238582,0.0,0.0
2011-10-27 00:00:00+07:00,6715.517578125,6979.908203125,6715.517578125,6821.27392578125,48239,0.0,0.0
2011-10-28 00:00:00+07:00,6768.3955078125,7032.7861328125,6768.3955078125,7032.7861328125,99034,0.0,0.0
2011-10-31 00:00:00+07:00,7085.6640625,7085.6640625,6768.3955078125,6768.3955078125,472875,0.0,0.0
2011-11-01 00:00:00+07:00,6715.517578125,6874.15185546875,6715.517578125,6768.3955078125,214469,0.0,0.0
2011-11-02 00:00:00+07:00,6715.517578125,6821.27392578125,6609.76123046875,6662.6396484375,190850,0.0,0.0
2011-11-03 00:00:00+07:00,6821.27392578125,6821.27392578125,6609.76123046875,6715.517578125,181792,0.0,0.0
2011-11-04 00:00:00+07:00,6874.15185546875,6927.02978515625,6821.27392578125,6821.27392578125,167703,0.0,0.0
2011-11-07 00:00:00+07:00,6874.15185546875,6927.02978515625,6768.3955078125,6768.3955078125,137577,0.0,0.0
2011-11-08 00:00:00+07:00,6768.3955078125,6768.3955078125,6662.6396484375,6715.517578125,202255,0.0,0.0
2011-11-09 00:00:00+07:00,6768.3955078125,6768.3955078125,6715.517578125,6715.517578125,148602,0.0,0.0
2011-11-10 00:00:00+07:00,6080.98046875,6345.37109375,5975.22412109375,6133.8583984375,135987,0.0,0.0
2011-11-11 00:00:00+07:00,6239.61474609375,6239.61474609375,6028.1025390625,6080.98046875,67357,0.0,0.0
2011-11-14 00:00:00+07:00,6080.98046875,6080.98046875,5816.58984375,5816.58984375,113881,0.0,0.0
2011-11-15 00:00:00+07:00,5816.58984375,6080.98046875,5816.58984375,6028.1025390625,69665,0.0,0.0
2011-11-16 00:00:00+07:00,5922.34619140625,6080.98046875,5922.34619140625,5922.34619140625,34245,0.0,0.0
2011-11-17 00:00:00+07:00,6080.98046875,6080.98046875,5869.46826171875,6080.98046875,46101,0.0,0.0
2011-11-18 00:00:00+07:00,6028.1025390625,6028.1025390625,5869.46826171875,5975.22412109375,59415,0.0,0.0
2011-11-21 00:00:00+07:00,6028.1025390625,6028.1025390625,5922.34619140625,5922.34619140625,40467,0.0,0.0
2011-11-22 00:00:00+07:00,5816.58984375,5922.34619140625,5763.7119140625,5763.7119140625,121464,0.0,0.0
2011-11-23 00:00:00+07:00,5763.7119140625,5975.22412109375,5657.95556640625,5816.58984375,72691,0.0,0.0
2011-11-24 00:00:00+07:00,5763.7119140625,5869.46826171875,5763.7119140625,5763.7119140625,69401,0.0,0.0
2011-11-25 00:00:00+07:00,5710.833984375,5869.46826171875,5710.833984375,5763.7119140625,37120,0.0,0.0
2011-11-28 00:00:00+07:00,5816.58984375,5975.22412109375,5816.58984375,5869.46826171875,30255,0.0,0.0
2011-11-29 00:00:00+07:00,5975.22412109375,5975.22412109375,5816.58984375,5816.58984375,37157,0.0,0.0
2011-11-30 00:00:00+07:00,5922.34619140625,5922.34619140625,5816.58984375,5816.58984375,35908,0.0,0.0
2011-12-01 00:00:00+07:00,5816.58984375,5922.34619140625,5605.07763671875,5869.46826171875,111215,0.0,0.0
2011-12-02 00:00:00+07:00,5869.46826171875,5869.46826171875,5816.58984375,5816.58984375,36344,0.0,0.0
2011-12-05 00:00:00+07:00,5816.58984375,6080.98046875,5816.58984375,6080.98046875,333518,0.0,0.0
2011-12-06 00:00:00+07:00,6080.98046875,6133.8583984375,5975.22412109375,6133.8583984375,104897,0.0,0.0
2011-12-07 00:00:00+07:00,5922.34619140625,6080.98046875,5922.34619140625,6080.98046875,27664,0.0,0.0
2011-12-08 00:00:00+07:00,6028.1025390625,6080.98046875,6028.1025390625,6028.1025390625,54498,0.0,0.0
2011-12-09 00:00:00+07:00,6080.98046875,6080.98046875,5922.34619140625,6028.1025390625,36854,0.0,0.0
2011-12-12 00:00:00+07:00,6080.98046875,6080.98046875,5922.34619140625,5922.34619140625,43663,0.0,0.0
2011-12-13 00:00:00+07:00,5922.34619140625,6028.1025390625,5816.58984375,5975.22412109375,99980,0.0,0.0
2011-12-14 00:00:00+07:00,5975.22412109375,6080.98046875,5975.22412109375,5975.22412109375,109115,0.0,0.0
2011-12-15 00:00:00+07:00,5975.22412109375,5975.22412109375,5869.46826171875,5869.46826171875,67529,0.0,0.0
2011-12-16 00:00:00+07:00,5975.22412109375,6080.98046875,5975.22412109375,6028.1025390625,152876,0.0,0.0
2011-12-19 00:00:00+07:00,6133.8583984375,6292.49267578125,6133.8583984375,6239.61474609375,199359,0.0,0.0
2011-12-20 00:00:00+07:00,6345.37109375,6398.2490234375,6292.49267578125,6345.37109375,301727,0.0,0.0
2011-12-21 00:00:00+07:00,6239.61474609375,6451.126953125,6239.61474609375,6345.37109375,134059,0.0,0.0
2011-12-22 00:00:00+07:00,6398.2490234375,6398.2490234375,6239.61474609375,6239.61474609375,393391,0.0,0.0
2011-12-23 00:00:00+07:00,6080.98046875,6292.49267578125,6080.98046875,6239.61474609375,173413,0.0,0.0
2011-12-26 00:00:00+07:00,6080.98046875,6345.37109375,6080.98046875,6239.61474609375,167534,0.0,0.0
2011-12-27 00:00:00+07:00,6186.73681640625,6345.37109375,6133.8583984375,6186.73681640625,151779,0.0,0.0
2011-12-28 00:00:00+07:00,6239.61474609375,6292.49267578125,6186.73681640625,6292.49267578125,265078,0.0,0.0
2011-12-29 00:00:00+07:00,6186.73681640625,6345.37109375,6186.73681640625,6345.37109375,295639,0.0,0.0
2011-12-30 00:00:00+07:00,6292.49267578125,6451.126953125,6292.49267578125,6398.2490234375,745012,0.0,0.0
2012-01-03 00:00:00+07:00,6556.88330078125,6556.88330078125,6398.2490234375,6398.2490234375,266212,0.0,0.0
2012-01-04 00:00:00+07:00,6398.2490234375,6451.126953125,6345.37109375,6345.37109375,62687,0.0,0.0
2012-01-05 00:00:00+07:00,6345.37109375,6398.2490234375,6292.49267578125,6345.37109375,437473,0.0,0.0
2012-01-06 00:00:00+07:00,6345.37109375,6398.2490234375,6345.37109375,6345.37109375,579688,0.0,0.0
2012-01-09 00:00:00+07:00,6345.37109375,6398.2490234375,6292.49267578125,6398.2490234375,219274,0.0,0.0
2012-01-10 00:00:00+07:00,6398.2490234375,6451.126953125,6398.2490234375,6398.2490234375,329547,0.0,0.0
2012-01-11 00:00:00+07:00,6345.37109375,6398.2490234375,6345.37109375,6398.2490234375,294843,0.0,0.0
2012-01-12 00:00:00+07:00,6398.2490234375,6504.00537109375,6398.2490234375,6451.126953125,290172,0.0,0.0
2012-01-13 00:00:00+07:00,6451.126953125,6556.88330078125,6398.2490234375,6451.126953125,282779,0.0,0.0
2012-01-16 00:00:00+07:00,6451.126953125,6504.00537109375,6398.2490234375,6451.126953125,379567,0.0,0.0
2012-01-17 00:00:00+07:00,6451.126953125,6451.126953125,6398.2490234375,6451.126953125,288944,0.0,0.0
2012-01-18 00:00:00+07:00,6451.126953125,6504.00537109375,6345.37109375,6451.126953125,190567,0.0,0.0
2012-01-19 00:00:00+07:00,6504.00537109375,6504.00537109375,6398.2490234375,6451.126953125,141018,0.0,0.0
2012-01-20 00:00:00+07:00,6504.00537109375,6504.00537109375,6451.126953125,6451.126953125,261485,0.0,0.0
2012-01-30 00:00:00+07:00,6504.00537109375,6504.00537109375,6451.126953125,6504.00537109375,57449,0.0,0.0
2012-01-31 00:00:00+07:00,6556.88330078125,6609.76123046875,6504.00537109375,6504.00537109375,351958,0.0,0.0
2012-02-01 00:00:00+07:00,6609.76123046875,6609.76123046875,6451.126953125,6504.00537109375,112840,0.0,0.0
2012-02-02 00:00:00+07:00,6715.517578125,6821.27392578125,6609.76123046875,6821.27392578125,674963,0.0,0.0
2012-02-03 00:00:00+07:00,7085.6640625,7138.54248046875,6821.27392578125,6821.27392578125,762240,0.0,0.0
2012-02-06 00:00:00+07:00,6715.517578125,6768.3955078125,6609.76123046875,6768.3955078125,70404,0.0,0.0
2012-02-07 00:00:00+07:00,6768.3955078125,6874.15185546875,6715.517578125,6874.15185546875,160761,0.0,0.0
2012-02-08 00:00:00+07:00,7032.7861328125,7191.42041015625,6979.908203125,7191.42041015625,502397,0.0,0.0
2012-02-09 00:00:00+07:00,7297.1767578125,7402.9326171875,7085.6640625,7350.0546875,619458,0.0,0.0
2012-02-10 00:00:00+07:00,7350.0546875,7350.0546875,7138.54248046875,7138.54248046875,457748,0.0,0.0
2012-02-13 00:00:00+07:00,7138.54248046875,7350.0546875,7085.6640625,7244.29833984375,424992,0.0,0.0
2012-02-14 00:00:00+07:00,7350.0546875,7508.68896484375,7297.1767578125,7455.81103515625,352675,0.0,0.0
2012-02-15 00:00:00+07:00,7508.68896484375,7825.95751953125,7508.68896484375,7614.4453125,1072445,0.0,0.0
2012-02-16 00:00:00+07:00,7667.3232421875,7667.3232421875,7614.4453125,7614.4453125,358821,0.0,0.0
2012-02-17 00:00:00+07:00,7614.4453125,7667.3232421875,7508.68896484375,7561.56689453125,474767,0.0,0.0
2012-02-20 00:00:00+07:00,7825.95751953125,7825.95751953125,7614.4453125,7667.3232421875,240512,0.0,0.0
2012-02-21 00:00:00+07:00,7720.201171875,7720.201171875,7402.9326171875,7402.9326171875,249494,0.0,0.0
2012-02-22 00:00:00+07:00,7350.0546875,7508.68896484375,7297.1767578125,7402.9326171875,280623,0.0,0.0
2012-02-23 00:00:00+07:00,7402.9326171875,7402.9326171875,7244.29833984375,7350.0546875,426467,0.0,0.0
2012-02-24 00:00:00+07:00,7350.0546875,7561.56689453125,7297.1767578125,7561.56689453125,237315,0.0,0.0
2012-02-27 00:00:00+07:00,7614.4453125,7614.4453125,7455.81103515625,7561.56689453125,216760,0.0,0.0
2012-02-28 00:00:00+07:00,7561.56689453125,7614.4453125,7402.9326171875,7402.9326171875,298551,0.0,0.0
2012-02-29 00:00:00+07:00,7402.9326171875,7455.81103515625,7297.1767578125,7402.9326171875,224134,0.0,0.0
2012-03-01 00:00:00+07:00,7350.0546875,7402.9326171875,7297.1767578125,7350.0546875,79424,0.0,0.0
2012-03-02 00:00:00+07:00,7350.0546875,7561.56689453125,7350.0546875,7455.81103515625,209761,0.0,0.0
2012-03-05 00:00:00+07:00,7614.4453125,7825.95751953125,7614.4453125,7825.95751953125,360787,0.0,0.0
2012-03-06 00:00:00+07:00,8090.34814453125,8196.1044921875,7931.7138671875,8196.1044921875,1153801,0.0,0.0
2012-03-07 00:00:00+07:00,8460.494140625,8566.2509765625,8301.8603515625,8566.2509765625,701987,0.0,0.0
2012-03-08 00:00:00+07:00,8672.0068359375,8989.275390625,8513.373046875,8513.373046875,605900,0.0,0.0
2012-03-09 00:00:00+07:00,8248.982421875,8460.494140625,8090.34814453125,8090.34814453125,236785,0.0,0.0
2012-03-12 00:00:00+07:00,7931.7138671875,7931.7138671875,7720.201171875,7720.201171875,67925,0.0,0.0
2012-03-13 00:00:00+07:00,7720.201171875,7931.7138671875,7402.9326171875,7667.3232421875,283345,0.0,0.0
2012-03-14 00:00:00+07:00,7931.7138671875,7931.7138671875,7667.3232421875,7825.95751953125,256624,0.0,0.0
2012-03-15 00:00:00+07:00,7878.83544921875,8090.34814453125,7667.3232421875,8090.34814453125,129255,0.0,0.0
2012-03-16 00:00:00+07:00,8301.8603515625,8301.8603515625,7931.7138671875,7931.7138671875,136990,0.0,0.0
2012-03-19 00:00:00+07:00,7878.83544921875,8037.4697265625,7878.83544921875,7878.83544921875,117663,0.0,0.0
2012-03-20 00:00:00+07:00,7984.591796875,8248.982421875,7878.83544921875,8248.982421875,209515,0.0,0.0
2012-03-21 00:00:00+07:00,8460.494140625,8513.373046875,8248.982421875,8407.6162109375,451886,0.0,0.0
2012-03-22 00:00:00+07:00,8354.73828125,8566.2509765625,8301.8603515625,8460.494140625,260746,0.0,0.0
2012-03-23 00:00:00+07:00,8460.494140625,8513.373046875,8354.73828125,8407.6162109375,364986,0.0,0.0
2012-03-26 00:00:00+07:00,8513.373046875,8513.373046875,8248.982421875,8407.6162109375,165300,0.0,0.0
2012-03-27 00:00:00+07:00,8407.6162109375,8407.6162109375,8037.4697265625,8196.1044921875,286937,0.0,0.0
2012-03-28 00:00:00+07:00,8196.1044921875,8248.982421875,8090.34814453125,8248.982421875,248908,0.0,0.0
2012-03-29 00:00:00+07:00,8143.22607421875,8301.8603515625,8037.4697265625,8090.34814453125,96766,0.0,0.0
2012-03-30 00:00:00+07:00,8090.34814453125,8090.34814453125,7720.201171875,7878.83544921875,243596,0.0,0.0
2012-04-03 00:00:00+07:00,7825.95751953125,8090.34814453125,7825.95751953125,8037.4697265625,162577,0.0,0.0
2012-04-04 00:00:00+07:00,8090.34814453125,8090.34814453125,7825.95751953125,7931.7138671875,79424,0.0,0.0
2012-04-05 00:00:00+07:00,7984.591796875,7984.591796875,7720.201171875,7984.591796875,88803,0.0,0.0
2012-04-06 00:00:00+07:00,7984.591796875,8090.34814453125,7984.591796875,8090.34814453125,132395,0.0,0.0
2012-04-09 00:00:00+07:00,8407.6162109375,8460.494140625,8407.6162109375,8460.494140625,716475,0.0,0.0
2012-04-10 00:00:00+07:00,8724.884765625,8883.51953125,8566.2509765625,8883.51953125,577587,0.0,0.0
2012-04-11 00:00:00+07:00,9306.5439453125,9306.5439453125,8989.275390625,9095.03125,349895,0.0,0.0
2012-04-12 00:00:00+07:00,9253.666015625,9253.666015625,8989.275390625,9095.03125,347437,0.0,0.0
2012-04-13 00:00:00+07:00,9465.1787109375,9518.056640625,9253.666015625,9518.056640625,1117358,0.0,0.0
2012-04-16 00:00:00+07:00,9993.958984375,9993.958984375,9676.6904296875,9993.958984375,375596,0.0,0.0
2012-04-17 00:00:00+07:00,10469.8623046875,10469.8623046875,10469.8623046875,10469.8623046875,181394,0.0,0.0
2012-04-18 00:00:00+07:00,10945.7646484375,10945.7646484375,10575.6181640625,10945.7646484375,492790,0.0,0.0
2012-04-19 00:00:00+07:00,11474.5458984375,11474.5458984375,10416.984375,10416.984375,2091222,0.0,0.0
2012-04-20 00:00:00+07:00,10416.984375,10575.6181640625,10046.8369140625,10152.59375,636857,0.0,0.0
2012-04-23 00:00:00+07:00,10152.59375,10628.49609375,10152.59375,10628.49609375,918809,0.0,0.0
2012-04-24 00:00:00+07:00,10628.49609375,11157.27734375,10416.984375,11157.27734375,807400,0.0,0.0
2012-04-25 00:00:00+07:00,11527.423828125,11686.05859375,11157.27734375,11368.7900390625,667757,0.0,0.0
2012-04-26 00:00:00+07:00,11421.66796875,11421.66796875,10840.0087890625,10840.0087890625,1307853,0.0,0.0
2012-04-27 00:00:00+07:00,11104.3994140625,11104.3994140625,10734.2529296875,10998.642578125,641130,0.0,0.0
2012-05-02 00:00:00+07:00,11368.7900390625,11368.7900390625,10469.8623046875,10945.7646484375,1460714,0.0,0.0
2012-05-03 00:00:00+07:00,11104.3994140625,11474.5458984375,10945.7646484375,11474.5458984375,1176324,0.0,0.0
2012-05-04 00:00:00+07:00,12003.3271484375,12003.3271484375,12003.3271484375,12003.3271484375,1264566,0.0,0.0
2012-05-07 00:00:00+07:00,12584.9853515625,12584.9853515625,12426.3515625,12584.9853515625,798551,0.0,0.0
2012-05-08 00:00:00+07:00,13060.888671875,13060.888671875,12003.3271484375,12003.3271484375,1985808,0.0,0.0
2012-05-09 00:00:00+07:00,11104.3994140625,11104.3994140625,10416.984375,10416.984375,4391741,0.0,0.0
2012-05-10 00:00:00+07:00,10416.984375,10628.49609375,9941.0810546875,9941.0810546875,3079173,0.0,0.0
2012-05-11 00:00:00+07:00,9941.0810546875,10416.984375,9623.8125,10152.59375,1798736,0.0,0.0
2012-05-14 00:00:00+07:00,10152.59375,10311.2275390625,9676.6904296875,9676.6904296875,671275,0.0,0.0
2012-05-15 00:00:00+07:00,9412.2998046875,9888.203125,9253.666015625,9253.666015625,1222715,0.0,0.0
2012-05-16 00:00:00+07:00,9253.666015625,9676.6904296875,8989.275390625,9518.056640625,1383328,0.0,0.0
2012-05-17 00:00:00+07:00,9518.056640625,9835.3251953125,9253.666015625,9253.666015625,649527,0.0,0.0
2012-05-18 00:00:00+07:00,9147.91015625,9200.7880859375,8830.6416015625,8936.3974609375,1390078,0.0,0.0
2012-05-21 00:00:00+07:00,8989.275390625,9359.421875,8989.275390625,9359.421875,665867,0.0,0.0
2012-05-22 00:00:00+07:00,9518.056640625,9782.447265625,9306.5439453125,9518.056640625,1108320,0.0,0.0
2012-05-23 00:00:00+07:00,9412.2998046875,9570.9345703125,9042.1533203125,9042.1533203125,861827,0.0,0.0
2012-05-24 00:00:00+07:00,9042.1533203125,9253.666015625,8724.884765625,8883.51953125,821168,0.0,0.0
2012-05-25 00:00:00+07:00,9200.7880859375,9306.5439453125,9200.7880859375,9306.5439453125,829716,0.0,0.0
2012-05-28 00:00:00+07:00,9729.568359375,9729.568359375,9200.7880859375,9623.8125,1205371,0.0,0.0
2012-05-29 00:00:00+07:00,9623.8125,10099.7158203125,9359.421875,10099.7158203125,2662743,0.0,0.0
2012-05-30 00:00:00+07:00,10311.2275390625,10575.6181640625,10311.2275390625,10416.984375,2753197,0.0,0.0
2012-05-31 00:00:00+07:00,10416.984375,10416.984375,10099.7158203125,10099.7158203125,1137952,0.0,0.0
2012-06-01 00:00:00+07:00,10099.7158203125,10205.4716796875,9941.0810546875,9941.0810546875,645217,0.0,0.0
2012-06-04 00:00:00+07:00,9518.056640625,9570.9345703125,9465.1787109375,9465.1787109375,1638142,0.0,0.0
2012-06-05 00:00:00+07:00,9253.666015625,9518.056640625,9095.03125,9518.056640625,779128,0.0,0.0
2012-06-06 00:00:00+07:00,9306.5439453125,9729.568359375,9306.5439453125,9676.6904296875,344542,0.0,0.0
2012-06-07 00:00:00+07:00,9782.447265625,10099.7158203125,9676.6904296875,9941.0810546875,999068,0.0,0.0
2012-06-08 00:00:00+07:00,9993.958984375,10046.8369140625,9570.9345703125,9676.6904296875,1136421,0.0,0.0
2012-06-11 00:00:00+07:00,9676.6904296875,10046.8369140625,9623.8125,9835.3251953125,1167302,0.0,0.0
2012-06-12 00:00:00+07:00,9729.568359375,9888.203125,9676.6904296875,9676.6904296875,511039,0.0,0.0
2012-06-13 00:00:00+07:00,9782.447265625,9835.3251953125,9623.8125,9623.8125,417257,0.0,0.0
2012-06-14 00:00:00+07:00,9676.6904296875,10099.7158203125,9676.6904296875,9782.447265625,1202630,0.0,0.0
2012-06-15 00:00:00+07:00,9941.0810546875,9993.958984375,9729.568359375,9835.3251953125,721335,0.0,0.0
2012-06-18 00:00:00+07:00,9888.203125,9993.958984375,9782.447265625,9835.3251953125,820998,0.0,0.0
2012-06-19 00:00:00+07:00,9835.3251953125,9835.3251953125,9570.9345703125,9623.8125,1155825,0.0,0.0
2012-06-20 00:00:00+07:00,9676.6904296875,9729.568359375,9570.9345703125,9623.8125,366518,0.0,0.0
2012-06-21 00:00:00+07:00,9623.8125,9676.6904296875,9359.421875,9359.421875,676872,0.0,0.0
2012-06-22 00:00:00+07:00,9359.421875,9412.2998046875,9147.91015625,9147.91015625,752406,0.0,0.0
2012-06-25 00:00:00+07:00,9095.03125,9253.666015625,8777.7626953125,8777.7626953125,875160,0.0,0.0
2012-06-26 00:00:00+07:00,8777.7626953125,8777.7626953125,8460.494140625,8513.373046875,989480,0.0,0.0
2012-06-27 00:00:00+07:00,8566.2509765625,8672.0068359375,8460.494140625,8513.373046875,655807,0.0,0.0
2012-06-28 00:00:00+07:00,8513.373046875,8672.0068359375,8354.73828125,8672.0068359375,657017,0.0,0.0
2012-06-29 00:00:00+07:00,8566.2509765625,8883.51953125,8513.373046875,8724.884765625,349329,0.0,0.0
2012-07-02 00:00:00+07:00,8830.6416015625,8830.6416015625,8566.2509765625,8566.2509765625,371814,0.0,0.0
2012-07-03 00:00:00+07:00,8513.373046875,8513.373046875,8301.8603515625,8460.494140625,812279,0.0,0.0
2012-07-04 00:00:00+07:00,8354.73828125,8619.12890625,8301.8603515625,8407.6162109375,315023,0.0,0.0
2012-07-05 00:00:00+07:00,8301.8603515625,8566.2509765625,8301.8603515625,8513.373046875,280112,0.0,0.0
2012-07-06 00:00:00+07:00,8513.373046875,8724.884765625,8460.494140625,8566.2509765625,336165,0.0,0.0
2012-07-09 00:00:00+07:00,8513.373046875,8619.12890625,8248.982421875,8460.494140625,376410,0.0,0.0
2012-07-10 00:00:00+07:00,8248.982421875,8460.494140625,8248.982421875,8407.6162109375,270787,0.0,0.0
2012-07-11 00:00:00+07:00,8407.6162109375,8513.373046875,8354.73828125,8460.494140625,188998,0.0,0.0
2012-07-12 00:00:00+07:00,8513.373046875,8883.51953125,8460.494140625,8883.51953125,953339,0.0,0.0
2012-07-13 00:00:00+07:00,8883.51953125,9306.5439453125,8883.51953125,9200.7880859375,800913,0.0,0.0
2012-07-16 00:00:00+07:00,9200.7880859375,9253.666015625,8936.3974609375,8989.275390625,771468,0.0,0.0
2012-07-17 00:00:00+07:00,9042.1533203125,9147.91015625,8830.6416015625,9147.91015625,827883,0.0,0.0
2012-07-18 00:00:00+07:00,9095.03125,9147.91015625,8883.51953125,9147.91015625,919942,0.0,0.0
2012-07-19 00:00:00+07:00,8989.275390625,9518.056640625,8989.275390625,9465.1787109375,4674902,0.0,0.0
2012-07-20 00:00:00+07:00,9623.8125,9729.568359375,9412.2998046875,9412.2998046875,1864833,0.0,0.0
2012-07-23 00:00:00+07:00,9306.5439453125,9465.1787109375,9147.91015625,9200.7880859375,582562,0.0,0.0
2012-07-24 00:00:00+07:00,9042.1533203125,9200.7880859375,8777.7626953125,8830.6416015625,2741378,0.0,0.0
2012-07-25 00:00:00+07:00,8777.7626953125,8989.275390625,8777.7626953125,8883.51953125,461511,0.0,0.0
2012-07-26 00:00:00+07:00,8883.51953125,8989.275390625,8777.7626953125,8830.6416015625,321736,0.0,0.0
2012-07-27 00:00:00+07:00,8936.3974609375,8936.3974609375,8672.0068359375,8724.884765625,547594,0.0,0.0
2012-07-30 00:00:00+07:00,8777.7626953125,8777.7626953125,8619.12890625,8724.884765625,118515,0.0,0.0
2012-07-31 00:00:00+07:00,8777.7626953125,8830.6416015625,8672.0068359375,8777.7626953125,159854,0.0,0.0
2012-08-01 00:00:00+07:00,8619.12890625,8777.7626953125,8619.12890625,8724.884765625,253768,0.0,0.0
2012-08-02 00:00:00+07:00,8724.884765625,8830.6416015625,8672.0068359375,8724.884765625,149453,0.0,0.0
2012-08-03 00:00:00+07:00,8777.7626953125,8777.7626953125,8672.0068359375,8672.0068359375,156961,0.0,0.0
2012-08-06 00:00:00+07:00,8777.7626953125,8936.3974609375,8724.884765625,8883.51953125,414156,0.0,0.0
2012-08-07 00:00:00+07:00,8883.51953125,8883.51953125,8724.884765625,8777.7626953125,68398,0.0,0.0
2012-08-08 00:00:00+07:00,8777.7626953125,8830.6416015625,8724.884765625,8777.7626953125,80370,0.0,0.0
2012-08-09 00:00:00+07:00,8777.7626953125,8936.3974609375,8777.7626953125,8830.6416015625,109947,0.0,0.0
2012-08-10 00:00:00+07:00,8830.6416015625,8883.51953125,8724.884765625,8724.884765625,123167,0.0,0.0
2012-08-13 00:00:00+07:00,8672.0068359375,8672.0068359375,8460.494140625,8566.2509765625,203671,0.0,0.0
2012-08-14 00:00:00+07:00,8566.2509765625,8724.884765625,8460.494140625,8619.12890625,289359,0.0,0.0
2012-08-15 00:00:00+07:00,8672.0068359375,8672.0068359375,8513.373046875,8619.12890625,141718,0.0,0.0
2012-08-16 00:00:00+07:00,8513.373046875,8619.12890625,8460.494140625,8513.373046875,165528,0.0,0.0
2012-08-17 00:00:00+07:00,8460.494140625,8566.2509765625,8460.494140625,8513.373046875,354736,0.0,0.0
2012-08-20 00:00:00+07:00,8619.12890625,8724.884765625,8619.12890625,8724.884765625,353696,0.0,0.0
2012-08-21 00:00:00+07:00,8619.12890625,8619.12890625,8301.8603515625,8301.8603515625,826558,0.0,0.0
2012-08-22 00:00:00+07:00,7931.7138671875,8301.8603515625,7931.7138671875,7931.7138671875,1096271,0.0,0.0
2012-08-23 00:00:00+07:00,7720.201171875,7720.201171875,7561.56689453125,7561.56689453125,363644,0.0,0.0
2012-08-24 00:00:00+07:00,7191.42041015625,7931.7138671875,7191.42041015625,7878.83544921875,1451789,0.0,0.0
2012-08-27 00:00:00+07:00,7825.95751953125,7825.95751953125,7508.68896484375,7508.68896484375,355738,0.0,0.0
2012-08-28 00:00:00+07:00,7244.29833984375,7667.3232421875,7244.29833984375,7561.56689453125,324630,0.0,0.0
2012-08-29 00:00:00+07:00,7773.07958984375,7931.7138671875,7667.3232421875,7931.7138671875,322019,0.0,0.0
2012-08-30 00:00:00+07:00,7931.7138671875,8196.1044921875,7720.201171875,8090.34814453125,678898,0.0,0.0
2012-08-31 00:00:00+07:00,8037.4697265625,8090.34814453125,7984.591796875,7984.591796875,291175,0.0,0.0
2012-09-04 00:00:00+07:00,7984.591796875,8354.73828125,7984.591796875,8354.73828125,443243,0.0,0.0
2012-09-05 00:00:00+07:00,8724.884765625,8724.884765625,8566.2509765625,8724.884765625,2415836,0.0,0.0
2012-09-06 00:00:00+07:00,8724.884765625,9095.03125,8672.0068359375,9095.03125,1752366,0.0,0.0
2012-09-07 00:00:00+07:00,9200.7880859375,9253.666015625,9147.91015625,9200.7880859375,1886713,0.0,0.0
2012-09-10 00:00:00+07:00,8989.275390625,9147.91015625,8777.7626953125,8883.51953125,1308232,0.0,0.0
2012-09-11 00:00:00+07:00,8672.0068359375,9306.5439453125,8672.0068359375,9306.5439453125,2241888,0.0,0.0
2012-09-12 00:00:00+07:00,9570.9345703125,9623.8125,9306.5439453125,9306.5439453125,995794,0.0,0.0
2012-09-13 00:00:00+07:00,9306.5439453125,9412.2998046875,9306.5439453125,9412.2998046875,1119834,0.0,0.0
2012-09-14 00:00:00+07:00,9518.056640625,9518.056640625,9306.5439453125,9412.2998046875,2978678,0.0,0.0
2012-09-17 00:00:00+07:00,9412.2998046875,9412.2998046875,8989.275390625,9095.03125,513932,0.0,0.0
2012-09-18 00:00:00+07:00,9042.1533203125,9042.1533203125,8672.0068359375,8672.0068359375,929586,0.0,0.0
2012-09-19 00:00:00+07:00,8301.8603515625,8672.0068359375,8248.982421875,8619.12890625,6933870,0.0,0.0
2012-09-20 00:00:00+07:00,8724.884765625,9042.1533203125,8407.6162109375,9042.1533203125,8030090,0.0,0.0
2012-09-21 00:00:00+07:00,9095.03125,9465.1787109375,9042.1533203125,9465.1787109375,6710412,0.0,0.0
2012-09-24 00:00:00+07:00,9200.7880859375,9253.666015625,9095.03125,9147.91015625,703558,0.0,0.0
2012-09-25 00:00:00+07:00,9095.03125,9147.91015625,8936.3974609375,8989.275390625,368087,0.0,0.0
2012-09-26 00:00:00+07:00,8989.275390625,9095.03125,8830.6416015625,8883.51953125,199588,0.0,0.0
2012-09-27 00:00:00+07:00,8883.51953125,8936.3974609375,8830.6416015625,8883.51953125,323209,0.0,0.0
2012-09-28 00:00:00+07:00,8883.51953125,9147.91015625,8883.51953125,9095.03125,893466,0.0,0.0
2012-10-01 00:00:00+07:00,8989.275390625,8989.275390625,8777.7626953125,8777.7626953125,522954,0.0,0.0
2012-10-02 00:00:00+07:00,8777.7626953125,8989.275390625,8672.0068359375,8989.275390625,209837,0.0,0.0
2012-10-03 00:00:00+07:00,8989.275390625,9042.1533203125,8883.51953125,8936.3974609375,370715,0.0,0.0
2012-10-04 00:00:00+07:00,8936.3974609375,8936.3974609375,8777.7626953125,8777.7626953125,113822,0.0,0.0
2012-10-05 00:00:00+07:00,8777.7626953125,9042.1533203125,8777.7626953125,9042.1533203125,1006651,0.0,0.0
2012-10-08 00:00:00+07:00,9095.03125,9147.91015625,8989.275390625,9042.1533203125,639485,0.0,0.0
2012-10-09 00:00:00+07:00,9042.1533203125,9095.03125,8936.3974609375,8989.275390625,178255,0.0,0.0
2012-10-10 00:00:00+07:00,8989.275390625,8989.275390625,8830.6416015625,8830.6416015625,443355,0.0,0.0
2012-10-11 00:00:00+07:00,8989.275390625,9200.7880859375,8936.3974609375,8989.275390625,850481,0.0,0.0
2012-10-12 00:00:00+07:00,8989.275390625,9147.91015625,8883.51953125,8883.51953125,1338925,0.0,0.0
2012-10-15 00:00:00+07:00,8936.3974609375,8989.275390625,8777.7626953125,8883.51953125,287128,0.0,0.0
2012-10-16 00:00:00+07:00,8936.3974609375,9306.5439453125,8936.3974609375,9253.666015625,872095,0.0,0.0
2012-10-17 00:00:00+07:00,9306.5439453125,9306.5439453125,9042.1533203125,9095.03125,339135,0.0,0.0
2012-10-18 00:00:00+07:00,9095.03125,9306.5439453125,9095.03125,9147.91015625,515294,0.0,0.0
2012-10-19 00:00:00+07:00,9095.03125,9147.91015625,8936.3974609375,9147.91015625,681488,0.0,0.0
2012-10-22 00:00:00+07:00,9095.03125,9095.03125,8830.6416015625,8936.3974609375,1042979,0.0,0.0
2012-10-23 00:00:00+07:00,8936.3974609375,8989.275390625,8936.3974609375,8936.3974609375,1718686,0.0,0.0
2012-10-24 00:00:00+07:00,8989.275390625,9147.91015625,8989.275390625,9042.1533203125,2800073,0.0,0.0
2012-10-25 00:00:00+07:00,9042.1533203125,9095.03125,8936.3974609375,8936.3974609375,1671426,0.0,0.0
2012-10-26 00:00:00+07:00,8936.3974609375,9147.91015625,8936.3974609375,9042.1533203125,1799722,0.0,0.0
2012-10-29 00:00:00+07:00,9042.1533203125,9095.03125,8989.275390625,8989.275390625,176553,0.0,0.0
2012-10-30 00:00:00+07:00,9147.91015625,9359.421875,9147.91015625,9200.7880859375,938854,0.0,0.0
2012-10-31 00:00:00+07:00,9200.7880859375,9306.5439453125,9147.91015625,9253.666015625,391120,0.0,0.0
2012-11-01 00:00:00+07:00,9200.7880859375,9412.2998046875,9095.03125,9359.421875,559433,0.0,0.0
2012-11-02 00:00:00+07:00,8936.3974609375,8936.3974609375,8936.3974609375,8936.3974609375,120991,0.0,0.0
2012-11-05 00:00:00+07:00,8513.373046875,8513.373046875,8513.373046875,8513.373046875,151477,0.0,0.0
2012-11-06 00:00:00+07:00,8090.34814453125,8301.8603515625,8090.34814453125,8196.1044921875,2044491,0.0,0.0
2012-11-07 00:00:00+07:00,8301.8603515625,8566.2509765625,8248.982421875,8566.2509765625,730960,0.0,0.0
2012-11-08 00:00:00+07:00,8672.0068359375,8724.884765625,8513.373046875,8566.2509765625,373289,0.0,0.0
2012-11-09 00:00:00+07:00,8407.6162109375,8566.2509765625,8354.73828125,8354.73828125,900198,0.0,0.0
2012-11-12 00:00:00+07:00,8460.494140625,8460.494140625,8301.8603515625,8407.6162109375,862773,0.0,0.0
2012-11-13 00:00:00+07:00,8407.6162109375,8513.373046875,8354.73828125,8407.6162109375,588348,0.0,0.0
2012-11-14 00:00:00+07:00,8460.494140625,8672.0068359375,8460.494140625,8619.12890625,691568,0.0,0.0
2012-11-15 00:00:00+07:00,7825.95751953125,7825.95751953125,7614.4453125,7614.4453125,462361,0.0,0.0
2012-11-16 00:00:00+07:00,7614.4453125,7614.4453125,7455.81103515625,7561.56689453125,297322,0.0,0.0
2012-11-19 00:00:00+07:00,7455.81103515625,7455.81103515625,7244.29833984375,7244.29833984375,659532,0.0,0.0
2012-11-20 00:00:00+07:00,7244.29833984375,7561.56689453125,7191.42041015625,7402.9326171875,476545,0.0,0.0
2012-11-21 00:00:00+07:00,7402.9326171875,7455.81103515625,7297.1767578125,7297.1767578125,279997,0.0,0.0
2012-11-22 00:00:00+07:00,7297.1767578125,7350.0546875,7244.29833984375,7297.1767578125,623241,0.0,0.0
2012-11-23 00:00:00+07:00,7350.0546875,7350.0546875,7244.29833984375,7244.29833984375,311467,0.0,0.0
2012-11-26 00:00:00+07:00,7244.29833984375,7244.29833984375,7032.7861328125,7085.6640625,418637,0.0,0.0
2012-11-27 00:00:00+07:00,7085.6640625,7191.42041015625,7085.6640625,7085.6640625,267763,0.0,0.0
2012-11-28 00:00:00+07:00,7138.54248046875,7138.54248046875,7032.7861328125,7085.6640625,413400,0.0,0.0
2012-11-29 00:00:00+07:00,7085.6640625,7297.1767578125,7085.6640625,7138.54248046875,878242,0.0,0.0
2012-11-30 00:00:00+07:00,7138.54248046875,7297.1767578125,7138.54248046875,7138.54248046875,126683,0.0,0.0
2012-12-03 00:00:00+07:00,7191.42041015625,7455.81103515625,7138.54248046875,7455.81103515625,906931,0.0,0.0
2012-12-04 00:00:00+07:00,7508.68896484375,7667.3232421875,7508.68896484375,7614.4453125,834046,0.0,0.0
2012-12-05 00:00:00+07:00,7667.3232421875,7720.201171875,7508.68896484375,7614.4453125,899423,0.0,0.0
2012-12-06 00:00:00+07:00,7614.4453125,7614.4453125,7402.9326171875,7402.9326171875,534508,0.0,0.0
2012-12-07 00:00:00+07:00,7508.68896484375,7561.56689453125,7402.9326171875,7402.9326171875,417371,0.0,0.0
2012-12-10 00:00:00+07:00,7402.9326171875,7508.68896484375,7350.0546875,7455.81103515625,422875,0.0,0.0
2012-12-11 00:00:00+07:00,7402.9326171875,7508.68896484375,7402.9326171875,7455.81103515625,406042,0.0,0.0
2012-12-12 00:00:00+07:00,7402.9326171875,7561.56689453125,7402.9326171875,7561.56689453125,433975,0.0,0.0
2012-12-13 00:00:00+07:00,7508.68896484375,7614.4453125,7402.9326171875,7455.81103515625,529516,0.0,0.0
2012-12-14 00:00:00+07:00,7455.81103515625,7561.56689453125,7455.81103515625,7455.81103515625,376353,0.0,0.0
2012-12-17 00:00:00+07:00,7455.81103515625,7508.68896484375,7402.9326171875,7402.9326171875,324081,0.0,0.0
2012-12-18 00:00:00+07:00,7455.81103515625,7455.81103515625,7244.29833984375,7297.1767578125,577853,0.0,0.0
2012-12-19 00:00:00+07:00,7402.9326171875,7455.81103515625,7297.1767578125,7350.0546875,430079,0.0,0.0
2012-12-20 00:00:00+07:00,7350.0546875,7614.4453125,7350.0546875,7508.68896484375,418486,0.0,0.0
2012-12-21 00:00:00+07:00,7508.68896484375,7614.4453125,7350.0546875,7614.4453125,1921132,0.0,0.0
2012-12-24 00:00:00+07:00,7614.4453125,7667.3232421875,7508.68896484375,7667.3232421875,1707584,0.0,0.0
2012-12-25 00:00:00+07:00,7720.201171875,7773.07958984375,7508.68896484375,7720.201171875,1730314,0.0,0.0
2012-12-26 00:00:00+07:00,7720.201171875,7825.95751953125,7667.3232421875,7825.95751953125,1810254,0.0,0.0
2012-12-27 00:00:00+07:00,7878.83544921875,8196.1044921875,7773.07958984375,8090.34814453125,2256772,0.0,0.0
2012-12-28 00:00:00+07:00,8090.34814453125,8460.494140625,7931.7138671875,8460.494140625,1550241,0.0,0.0
2013-01-02 00:00:00+07:00,8672.0068359375,8672.0068359375,8301.8603515625,8407.6162109375,519021,0.0,0.0
2013-01-03 00:00:00+07:00,8460.494140625,8460.494140625,8037.4697265625,8196.1044921875,548484,0.0,0.0
2013-01-04 00:00:00+07:00,8196.1044921875,8354.73828125,8143.22607421875,8248.982421875,315212,0.0,0.0
2013-01-07 00:00:00+07:00,8354.73828125,8407.6162109375,8301.8603515625,8407.6162109375,684286,0.0,0.0
2013-01-08 00:00:00+07:00,8407.6162109375,8460.494140625,8248.982421875,8301.8603515625,1703499,0.0,0.0
2013-01-09 00:00:00+07:00,8354.73828125,8354.73828125,8090.34814453125,8090.34814453125,1831585,0.0,0.0
2013-01-10 00:00:00+07:00,8090.34814453125,8301.8603515625,7984.591796875,8301.8603515625,1621197,0.0,0.0
2013-01-11 00:00:00+07:00,8407.6162109375,8460.494140625,8143.22607421875,8301.8603515625,422098,0.0,0.0
2013-01-14 00:00:00+07:00,8196.1044921875,8301.8603515625,8090.34814453125,8248.982421875,456632,0.0,0.0
2013-01-15 00:00:00+07:00,8248.982421875,8301.8603515625,8143.22607421875,8248.982421875,442996,0.0,0.0
2013-01-16 00:00:00+07:00,8248.982421875,8777.7626953125,8248.982421875,8672.0068359375,2285990,0.0,0.0
2013-01-17 00:00:00+07:00,8672.0068359375,8672.0068359375,8354.73828125,8354.73828125,623561,0.0,0.0
2013-01-18 00:00:00+07:00,8354.73828125,8354.73828125,8196.1044921875,8248.982421875,383031,0.0,0.0
2013-01-21 00:00:00+07:00,8248.982421875,8354.73828125,8143.22607421875,8143.22607421875,309690,0.0,0.0
2013-01-22 00:00:00+07:00,8301.8603515625,8407.6162109375,8037.4697265625,8090.34814453125,582827,0.0,0.0
2013-01-23 00:00:00+07:00,8143.22607421875,8143.22607421875,8037.4697265625,8037.4697265625,287752,0.0,0.0
2013-01-24 00:00:00+07:00,8143.22607421875,8143.22607421875,7984.591796875,8143.22607421875,420112,0.0,0.0
2013-01-25 00:00:00+07:00,8196.1044921875,8301.8603515625,8143.22607421875,8301.8603515625,406934,0.0,0.0
2013-01-28 00:00:00+07:00,8354.73828125,8460.494140625,8301.8603515625,8301.8603515625,948762,0.0,0.0
2013-01-29 00:00:00+07:00,8248.982421875,8354.73828125,8143.22607421875,8301.8603515625,634985,0.0,0.0
2013-01-30 00:00:00+07:00,8354.73828125,8460.494140625,8248.982421875,8354.73828125,642832,0.0,0.0
2013-01-31 00:00:00+07:00,8354.73828125,8354.73828125,8196.1044921875,8248.982421875,440234,0.0,0.0
2013-02-01 00:00:00+07:00,8196.1044921875,8301.8603515625,8143.22607421875,8248.982421875,422532,0.0,0.0
2013-02-04 00:00:00+07:00,8301.8603515625,8513.373046875,8301.8603515625,8407.6162109375,494717,0.0,0.0
2013-02-05 00:00:00+07:00,8354.73828125,8354.73828125,8301.8603515625,8301.8603515625,201800,0.0,0.0
2013-02-06 00:00:00+07:00,8301.8603515625,8460.494140625,8301.8603515625,8460.494140625,382291,0.0,0.0
2013-02-07 00:00:00+07:00,8460.494140625,8566.2509765625,8354.73828125,8566.2509765625,311655,0.0,0.0
2013-02-08 00:00:00+07:00,8566.2509765625,8619.12890625,8407.6162109375,8566.2509765625,161745,0.0,0.0
2013-02-18 00:00:00+07:00,8619.12890625,8777.7626953125,8566.2509765625,8672.0068359375,453473,0.0,0.0
2013-02-19 00:00:00+07:00,8672.0068359375,8724.884765625,8566.2509765625,8619.12890625,830775,0.0,0.0
2013-02-20 00:00:00+07:00,8619.12890625,8619.12890625,8460.494140625,8460.494140625,879471,0.0,0.0
2013-02-21 00:00:00+07:00,8407.6162109375,8513.373046875,8196.1044921875,8196.1044921875,656580,0.0,0.0
2013-02-22 00:00:00+07:00,8196.1044921875,8407.6162109375,7931.7138671875,7984.591796875,595934,0.0,0.0
2013-02-25 00:00:00+07:00,8196.1044921875,8513.373046875,8037.4697265625,8513.373046875,1194025,0.0,0.0
2013-02-26 00:00:00+07:00,8724.884765625,8936.3974609375,8301.8603515625,8301.8603515625,2139180,0.0,0.0
2013-02-27 00:00:00+07:00,8354.73828125,8619.12890625,8301.8603515625,8566.2509765625,977489,0.0,0.0
2013-02-28 00:00:00+07:00,8619.12890625,8724.884765625,8513.373046875,8619.12890625,702706,0.0,0.0
2013-03-01 00:00:00+07:00,8566.2509765625,8619.12890625,8407.6162109375,8460.494140625,546442,0.0,0.0
2013-03-04 00:00:00+07:00,8354.73828125,8460.494140625,8248.982421875,8248.982421875,599697,0.0,0.0
2013-03-05 00:00:00+07:00,8248.982421875,8301.8603515625,8196.1044921875,8196.1044921875,413078,0.0,0.0
2013-03-06 00:00:00+07:00,8407.6162109375,8407.6162109375,8248.982421875,8354.73828125,127894,0.0,0.0
2013-03-07 00:00:00+07:00,8354.73828125,8460.494140625,8196.1044921875,8301.8603515625,524616,0.0,0.0
2013-03-08 00:00:00+07:00,8301.8603515625,8354.73828125,8196.1044921875,8301.8603515625,99923,0.0,0.0
2013-03-11 00:00:00+07:00,8248.982421875,8354.73828125,8196.1044921875,8301.8603515625,426222,0.0,0.0
2013-03-12 00:00:00+07:00,8354.73828125,8354.73828125,8143.22607421875,8196.1044921875,547974,0.0,0.0
2013-03-13 00:00:00+07:00,8248.982421875,8301.8603515625,7984.591796875,8037.4697265625,877827,0.0,0.0
2013-03-14 00:00:00+07:00,8037.4697265625,8143.22607421875,8037.4697265625,8090.34814453125,187370,0.0,0.0
2013-03-15 00:00:00+07:00,8143.22607421875,8143.22607421875,7931.7138671875,7931.7138671875,931875,0.0,0.0
2013-03-18 00:00:00+07:00,8090.34814453125,8090.34814453125,7931.7138671875,7984.591796875,305264,0.0,0.0
2013-03-19 00:00:00+07:00,7984.591796875,8037.4697265625,7878.83544921875,8037.4697265625,182132,0.0,0.0
2013-03-20 00:00:00+07:00,7984.591796875,8037.4697265625,7931.7138671875,7984.591796875,152440,0.0,0.0
2013-03-21 00:00:00+07:00,7984.591796875,8037.4697265625,7878.83544921875,7878.83544921875,332913,0.0,0.0
2013-03-22 00:00:00+07:00,7878.83544921875,7931.7138671875,7667.3232421875,7773.07958984375,964289,0.0,0.0
2013-03-25 00:00:00+07:00,7720.201171875,7825.95751953125,7720.201171875,7720.201171875,270146,0.0,0.0
2013-03-26 00:00:00+07:00,7773.07958984375,7825.95751953125,7720.201171875,7720.201171875,345129,0.0,0.0
2013-03-27 00:00:00+07:00,7825.95751953125,8143.22607421875,7825.95751953125,7984.591796875,901447,0.0,0.0
2013-03-28 00:00:00+07:00,8196.1044921875,8196.1044921875,7931.7138671875,7984.591796875,437719,0.0,0.0
2013-03-29 00:00:00+07:00,7984.591796875,8037.4697265625,7773.07958984375,7984.591796875,742932,0.0,0.0
2013-04-01 00:00:00+07:00,7984.591796875,7984.591796875,7825.95751953125,7931.7138671875,674434,0.0,0.0
2013-04-02 00:00:00+07:00,7931.7138671875,8090.34814453125,7931.7138671875,7984.591796875,1072387,0.0,0.0
2013-04-03 00:00:00+07:00,7878.83544921875,7984.591796875,7825.95751953125,7825.95751953125,293804,0.0,0.0
2013-04-04 00:00:00+07:00,7984.591796875,8037.4697265625,7878.83544921875,7931.7138671875,786049,0.0,0.0
2013-04-05 00:00:00+07:00,8037.4697265625,8037.4697265625,7931.7138671875,7984.591796875,336827,0.0,0.0
2013-04-08 00:00:00+07:00,7984.591796875,8037.4697265625,7931.7138671875,8037.4697265625,401787,0.0,0.0
2013-04-09 00:00:00+07:00,8037.4697265625,8037.4697265625,7931.7138671875,7984.591796875,679350,0.0,0.0
2013-04-10 00:00:00+07:00,8037.4697265625,8090.34814453125,7931.7138671875,7931.7138671875,630693,0.0,0.0
2013-04-11 00:00:00+07:00,8037.4697265625,8090.34814453125,7931.7138671875,8037.4697265625,690509,0.0,0.0
2013-04-12 00:00:00+07:00,8090.34814453125,8090.34814453125,7984.591796875,8037.4697265625,508108,0.0,0.0
2013-04-15 00:00:00+07:00,8090.34814453125,8090.34814453125,7931.7138671875,7984.591796875,625642,0.0,0.0
2013-04-16 00:00:00+07:00,7931.7138671875,7931.7138671875,7825.95751953125,7931.7138671875,352921,0.0,0.0
2013-04-17 00:00:00+07:00,7878.83544921875,7984.591796875,7878.83544921875,7931.7138671875,49679,0.0,0.0
2013-04-18 00:00:00+07:00,8090.34814453125,8090.34814453125,7931.7138671875,7931.7138671875,534942,0.0,0.0
2013-04-22 00:00:00+07:00,7931.7138671875,7931.7138671875,7878.83544921875,7878.83544921875,254014,0.0,0.0
2013-04-23 00:00:00+07:00,7825.95751953125,7931.7138671875,7825.95751953125,7825.95751953125,173244,0.0,0.0
2013-04-24 00:00:00+07:00,7773.07958984375,7878.83544921875,7773.07958984375,7825.95751953125,286163,0.0,0.0
2013-04-25 00:00:00+07:00,7825.95751953125,7878.83544921875,7773.07958984375,7825.95751953125,799476,0.0,0.0
2013-04-26 00:00:00+07:00,7878.83544921875,8037.4697265625,7825.95751953125,8037.4697265625,235026,0.0,0.0
2013-05-02 00:00:00+07:00,7984.591796875,8090.34814453125,7931.7138671875,7931.7138671875,292195,0.0,0.0
2013-05-03 00:00:00+07:00,7984.591796875,7984.591796875,7825.95751953125,7825.95751953125,595044,0.0,0.0
2013-05-06 00:00:00+07:00,7931.7138671875,8037.4697265625,7931.7138671875,7931.7138671875,327465,0.0,0.0
2013-05-07 00:00:00+07:00,7984.591796875,7984.591796875,7878.83544921875,7878.83544921875,823853,0.0,0.0
2013-05-08 00:00:00+07:00,7878.83544921875,7931.7138671875,7825.95751953125,7825.95751953125,634057,0.0,0.0
2013-05-09 00:00:00+07:00,7931.7138671875,8037.4697265625,7878.83544921875,7984.591796875,703313,0.0,0.0
2013-05-10 00:00:00+07:00,7984.591796875,8090.34814453125,7984.591796875,8090.34814453125,1287259,0.0,0.0
2013-05-13 00:00:00+07:00,8090.34814453125,8248.982421875,8090.34814453125,8248.982421875,927828,0.0,0.0
2013-05-14 00:00:00+07:00,8248.982421875,8248.982421875,8143.22607421875,8196.1044921875,1411280,0.0,0.0
2013-05-15 00:00:00+07:00,8196.1044921875,8196.1044921875,8143.22607421875,8196.1044921875,626568,0.0,0.0
2013-05-16 00:00:00+07:00,8196.1044921875,8196.1044921875,7984.591796875,8196.1044921875,945397,0.0,0.0
2013-05-17 00:00:00+07:00,8196.1044921875,8196.1044921875,7508.68896484375,7667.3232421875,226744,0.0,0.0
2013-05-20 00:00:00+07:00,7402.9326171875,7614.4453125,7402.9326171875,7455.81103515625,528911,0.0,0.0
2013-05-21 00:00:00+07:00,7561.56689453125,7614.4453125,7508.68896484375,7508.68896484375,401902,0.0,0.0
2013-05-22 00:00:00+07:00,7508.68896484375,7614.4453125,7508.68896484375,7614.4453125,337243,0.0,0.0
2013-05-23 00:00:00+07:00,7561.56689453125,7720.201171875,7561.56689453125,7667.3232421875,652194,0.0,0.0
2013-05-24 00:00:00+07:00,7614.4453125,7667.3232421875,7561.56689453125,7561.56689453125,314437,0.0,0.0
2013-05-27 00:00:00+07:00,7455.81103515625,7614.4453125,7455.81103515625,7614.4453125,501981,0.0,0.0
2013-05-28 00:00:00+07:00,7667.3232421875,7720.201171875,7614.4453125,7667.3232421875,284253,0.0,0.0
2013-05-29 00:00:00+07:00,7667.3232421875,7667.3232421875,7561.56689453125,7561.56689453125,558241,0.0,0.0
2013-05-30 00:00:00+07:00,7614.4453125,7773.07958984375,7455.81103515625,7614.4453125,1058562,0.0,0.0
2013-05-31 00:00:00+07:00,7667.3232421875,8090.34814453125,7667.3232421875,7825.95751953125,2285403,0.0,0.0
2013-06-03 00:00:00+07:00,7825.95751953125,7931.7138671875,7773.07958984375,7773.07958984375,1255052,0.0,0.0
2013-06-04 00:00:00+07:00,7773.07958984375,7773.07958984375,7508.68896484375,7508.68896484375,267423,0.0,0.0
2013-06-05 00:00:00+07:00,7561.56689453125,7614.4453125,7350.0546875,7402.9326171875,1147843,0.0,0.0
2013-06-06 00:00:00+07:00,7508.68896484375,7508.68896484375,7402.9326171875,7455.81103515625,696107,0.0,0.0
2013-06-07 00:00:00+07:00,7508.68896484375,7508.68896484375,7402.9326171875,7402.9326171875,1180485,0.0,0.0
2013-06-10 00:00:00+07:00,7508.68896484375,7667.3232421875,7402.9326171875,7402.9326171875,855454,0.0,0.0
2013-06-11 00:00:00+07:00,7561.56689453125,7720.201171875,7508.68896484375,7667.3232421875,3371335,0.0,0.0
2013-06-12 00:00:00+07:00,7614.4453125,8143.22607421875,7614.4453125,8037.4697265625,3516728,0.0,0.0
2013-06-13 00:00:00+07:00,8143.22607421875,8143.22607421875,7878.83544921875,7984.591796875,4257184,0.0,0.0
2013-06-14 00:00:00+07:00,7984.591796875,7984.591796875,7720.201171875,7773.07958984375,1497610,0.0,0.0
2013-06-17 00:00:00+07:00,7667.3232421875,7667.3232421875,7455.81103515625,7455.81103515625,929322,0.0,0.0
2013-06-18 00:00:00+07:00,7402.9326171875,7561.56689453125,7402.9326171875,7402.9326171875,1621046,0.0,0.0
2013-06-19 00:00:00+07:00,7402.9326171875,7720.201171875,7402.9326171875,7720.201171875,952337,0.0,0.0
2013-06-20 00:00:00+07:00,7667.3232421875,7667.3232421875,7508.68896484375,7508.68896484375,339703,0.0,0.0
2013-06-21 00:00:00+07:00,7508.68896484375,7614.4453125,7455.81103515625,7508.68896484375,530273,0.0,0.0
2013-06-24 00:00:00+07:00,7455.81103515625,7508.68896484375,7350.0546875,7402.9326171875,1193079,0.0,0.0
2013-06-25 00:00:00+07:00,7402.9326171875,7402.9326171875,7085.6640625,7244.29833984375,1494547,0.0,0.0
2013-06-26 00:00:00+07:00,7138.54248046875,7244.29833984375,7085.6640625,7138.54248046875,647523,0.0,0.0
2013-06-27 00:00:00+07:00,7191.42041015625,7350.0546875,7138.54248046875,7350.0546875,331079,0.0,0.0
2013-06-28 00:00:00+07:00,7350.0546875,7350.0546875,7244.29833984375,7297.1767578125,675211,0.0,0.0
2013-07-01 00:00:00+07:00,7297.1767578125,7402.9326171875,7138.54248046875,7402.9326171875,482181,0.0,0.0
2013-07-02 00:00:00+07:00,7297.1767578125,7402.9326171875,7297.1767578125,7297.1767578125,203899,0.0,0.0
2013-07-03 00:00:00+07:00,7297.1767578125,7455.81103515625,7297.1767578125,7455.81103515625,616602,0.0,0.0
2013-07-04 00:00:00+07:00,7350.0546875,7402.9326171875,7297.1767578125,7350.0546875,197412,0.0,0.0
2013-07-05 00:00:00+07:00,7350.0546875,7508.68896484375,7350.0546875,7402.9326171875,311751,0.0,0.0
2013-07-08 00:00:00+07:00,7350.0546875,7350.0546875,7297.1767578125,7297.1767578125,228691,0.0,0.0
2013-07-09 00:00:00+07:00,7297.1767578125,7350.0546875,7244.29833984375,7244.29833984375,93324,0.0,0.0
2013-07-10 00:00:00+07:00,7297.1767578125,7402.9326171875,7244.29833984375,7402.9326171875,158340,0.0,0.0
2013-07-11 00:00:00+07:00,7402.9326171875,7402.9326171875,7297.1767578125,7350.0546875,92094,0.0,0.0
2013-07-12 00:00:00+07:00,7350.0546875,7402.9326171875,7297.1767578125,7350.0546875,470191,0.0,0.0
2013-07-15 00:00:00+07:00,7350.0546875,7402.9326171875,7297.1767578125,7350.0546875,102610,0.0,0.0
2013-07-16 00:00:00+07:00,7402.9326171875,7402.9326171875,7297.1767578125,7297.1767578125,161745,0.0,0.0
2013-07-17 00:00:00+07:00,7297.1767578125,7350.0546875,7244.29833984375,7297.1767578125,111837,0.0,0.0
2013-07-18 00:00:00+07:00,7297.1767578125,7297.1767578125,7191.42041015625,7244.29833984375,615392,0.0,0.0
2013-07-19 00:00:00+07:00,7297.1767578125,7402.9326171875,7244.29833984375,7402.9326171875,557600,0.0,0.0
2013-07-22 00:00:00+07:00,7350.0546875,7402.9326171875,7297.1767578125,7402.9326171875,466598,0.0,0.0
2013-07-23 00:00:00+07:00,7350.0546875,7350.0546875,7297.1767578125,7350.0546875,684211,0.0,0.0
2013-07-24 00:00:00+07:00,7297.1767578125,7297.1767578125,7138.54248046875,7191.42041015625,684097,0.0,0.0
2013-07-25 00:00:00+07:00,7191.42041015625,7244.29833984375,7138.54248046875,7244.29833984375,295108,0.0,0.0
2013-07-26 00:00:00+07:00,7244.29833984375,7244.29833984375,7191.42041015625,7244.29833984375,257192,0.0,0.0
2013-07-29 00:00:00+07:00,7191.42041015625,7244.29833984375,7138.54248046875,7244.29833984375,148752,0.0,0.0
2013-07-30 00:00:00+07:00,7138.54248046875,7191.42041015625,7085.6640625,7138.54248046875,419262,0.0,0.0
2013-07-31 00:00:00+07:00,7138.54248046875,7244.29833984375,7032.7861328125,7244.29833984375,361241,0.0,0.0
2013-08-01 00:00:00+07:00,7191.42041015625,7244.29833984375,7138.54248046875,7244.29833984375,101607,0.0,0.0
2013-08-02 00:00:00+07:00,7138.54248046875,7244.29833984375,7138.54248046875,7244.29833984375,51605,0.0,0.0
2013-08-05 00:00:00+07:00,7191.42041015625,7191.42041015625,7191.42041015625,7191.42041015625,131732,0.0,0.0
2013-08-06 00:00:00+07:00,7138.54248046875,7244.29833984375,7138.54248046875,7244.29833984375,68077,0.0,0.0
2013-08-07 00:00:00+07:00,7244.29833984375,7244.29833984375,7191.42041015625,7244.29833984375,126079,0.0,0.0
2013-08-08 00:00:00+07:00,7191.42041015625,7244.29833984375,7138.54248046875,7244.29833984375,187162,0.0,0.0
2013-08-09 00:00:00+07:00,7191.42041015625,7191.42041015625,7138.54248046875,7191.42041015625,98563,0.0,0.0
2013-08-12 00:00:00+07:00,7191.42041015625,7191.42041015625,7085.6640625,7191.42041015625,56161,0.0,0.0
2013-08-13 00:00:00+07:00,7191.42041015625,7191.42041015625,7032.7861328125,7191.42041015625,58413,0.0,0.0
2013-08-14 00:00:00+07:00,7138.54248046875,7191.42041015625,7085.6640625,7191.42041015625,88617,0.0,0.0
2013-08-15 00:00:00+07:00,7138.54248046875,7138.54248046875,7032.7861328125,7032.7861328125,176686,0.0,0.0
2013-08-16 00:00:00+07:00,7032.7861328125,7138.54248046875,6874.15185546875,7032.7861328125,587479,0.0,0.0
2013-08-19 00:00:00+07:00,6927.02978515625,7032.7861328125,6927.02978515625,7032.7861328125,389553,0.0,0.0
2013-08-20 00:00:00+07:00,6979.908203125,6979.908203125,6874.15185546875,6874.15185546875,319465,0.0,0.0
2013-08-21 00:00:00+07:00,6874.15185546875,6874.15185546875,6768.3955078125,6874.15185546875,197885,0.0,0.0
2013-08-22 00:00:00+07:00,6768.3955078125,6874.15185546875,6715.517578125,6874.15185546875,151816,0.0,0.0
2013-08-23 00:00:00+07:00,6821.27392578125,6821.27392578125,6662.6396484375,6715.517578125,423555,0.0,0.0
2013-08-26 00:00:00+07:00,6768.3955078125,6768.3955078125,6609.76123046875,6715.517578125,677894,0.0,0.0
2013-08-27 00:00:00+07:00,6768.3955078125,6768.3955078125,6609.76123046875,6662.6396484375,145010,0.0,0.0
2013-08-28 00:00:00+07:00,6609.76123046875,6609.76123046875,6398.2490234375,6609.76123046875,682755,0.0,0.0
2013-08-29 00:00:00+07:00,6609.76123046875,6662.6396484375,6451.126953125,6662.6396484375,334634,0.0,0.0
2013-08-30 00:00:00+07:00,6609.76123046875,6715.517578125,6504.00537109375,6715.517578125,168687,0.0,0.0
2013-09-03 00:00:00+07:00,6662.6396484375,6662.6396484375,6451.126953125,6609.76123046875,566998,0.0,0.0
2013-09-04 00:00:00+07:00,6662.6396484375,6662.6396484375,6345.37109375,6451.126953125,260179,0.0,0.0
2013-09-05 00:00:00+07:00,6345.37109375,6451.126953125,6345.37109375,6398.2490234375,98846,0.0,0.0
2013-09-06 00:00:00+07:00,6398.2490234375,6662.6396484375,6398.2490234375,6609.76123046875,216267,0.0,0.0
2013-09-09 00:00:00+07:00,6609.76123046875,6609.76123046875,6504.00537109375,6556.88330078125,160100,0.0,0.0
2013-09-10 00:00:00+07:00,6556.88330078125,6609.76123046875,6451.126953125,6609.76123046875,227918,0.0,0.0
2013-09-11 00:00:00+07:00,6556.88330078125,6609.76123046875,6556.88330078125,6609.76123046875,161085,0.0,0.0
2013-09-12 00:00:00+07:00,6609.76123046875,6609.76123046875,6556.88330078125,6609.76123046875,79841,0.0,0.0
2013-09-13 00:00:00+07:00,6556.88330078125,6609.76123046875,6556.88330078125,6609.76123046875,116472,0.0,0.0
2013-09-16 00:00:00+07:00,6556.88330078125,6556.88330078125,6451.126953125,6556.88330078125,318483,0.0,0.0
2013-09-17 00:00:00+07:00,6504.00537109375,6556.88330078125,6504.00537109375,6556.88330078125,265910,0.0,0.0
2013-09-18 00:00:00+07:00,6556.88330078125,6662.6396484375,6556.88330078125,6556.88330078125,310331,0.0,0.0
2013-09-19 00:00:00+07:00,6715.517578125,6715.517578125,6556.88330078125,6556.88330078125,44495,0.0,0.0
2013-09-20 00:00:00+07:00,6504.00537109375,6609.76123046875,6504.00537109375,6609.76123046875,225968,0.0,0.0
2013-09-23 00:00:00+07:00,6556.88330078125,6609.76123046875,6556.88330078125,6609.76123046875,47483,0.0,0.0
2013-09-24 00:00:00+07:00,6609.76123046875,6715.517578125,6556.88330078125,6609.76123046875,238793,0.0,0.0
2013-09-25 00:00:00+07:00,6609.76123046875,6662.6396484375,6609.76123046875,6662.6396484375,200608,0.0,0.0
2013-09-26 00:00:00+07:00,6715.517578125,6715.517578125,6609.76123046875,6609.76123046875,125776,0.0,0.0
2013-09-27 00:00:00+07:00,6609.76123046875,6662.6396484375,6556.88330078125,6662.6396484375,146861,0.0,0.0
2013-09-30 00:00:00+07:00,6662.6396484375,6662.6396484375,6556.88330078125,6609.76123046875,105256,0.0,0.0
2013-10-01 00:00:00+07:00,6609.76123046875,6874.15185546875,6609.76123046875,6715.517578125,447044,0.0,0.0
2013-10-02 00:00:00+07:00,6821.27392578125,6821.27392578125,6662.6396484375,6768.3955078125,226952,0.0,0.0
2013-10-03 00:00:00+07:00,6768.3955078125,6821.27392578125,6662.6396484375,6662.6396484375,284595,0.0,0.0
2013-10-04 00:00:00+07:00,6662.6396484375,6662.6396484375,6609.76123046875,6609.76123046875,304206,0.0,0.0
2013-10-07 00:00:00+07:00,6609.76123046875,6662.6396484375,6609.76123046875,6609.76123046875,653121,0.0,0.0
2013-10-08 00:00:00+07:00,6662.6396484375,6662.6396484375,6556.88330078125,6609.76123046875,430212,0.0,0.0
2013-10-09 00:00:00+07:00,6609.76123046875,6662.6396484375,6609.76123046875,6609.76123046875,541656,0.0,0.0
2013-10-10 00:00:00+07:00,6662.6396484375,6715.517578125,6609.76123046875,6662.6396484375,433011,0.0,0.0
2013-10-11 00:00:00+07:00,6662.6396484375,6662.6396484375,6609.76123046875,6662.6396484375,498387,0.0,0.0
2013-10-14 00:00:00+07:00,6556.88330078125,6556.88330078125,6451.126953125,6556.88330078125,229202,0.0,0.0
2013-10-15 00:00:00+07:00,6504.00537109375,6556.88330078125,6451.126953125,6451.126953125,853089,0.0,0.0
2013-10-16 00:00:00+07:00,6504.00537109375,6556.88330078125,6451.126953125,6504.00537109375,248529,0.0,0.0
2013-10-17 00:00:00+07:00,6556.88330078125,6609.76123046875,6504.00537109375,6609.76123046875,186499,0.0,0.0
2013-10-18 00:00:00+07:00,6556.88330078125,6609.76123046875,6556.88330078125,6556.88330078125,196372,0.0,0.0
2013-10-21 00:00:00+07:00,6556.88330078125,6979.908203125,6556.88330078125,6821.27392578125,3708318,0.0,0.0
2013-10-22 00:00:00+07:00,7138.54248046875,7138.54248046875,6662.6396484375,6662.6396484375,1724775,0.0,0.0
2013-10-23 00:00:00+07:00,6715.517578125,6768.3955078125,6662.6396484375,6662.6396484375,1172806,0.0,0.0
2013-10-24 00:00:00+07:00,6662.6396484375,6715.517578125,6556.88330078125,6556.88330078125,1915742,0.0,0.0
2013-10-25 00:00:00+07:00,6662.6396484375,6821.27392578125,6662.6396484375,6768.3955078125,2604382,0.0,0.0
2013-10-28 00:00:00+07:00,6768.3955078125,6821.27392578125,6609.76123046875,6609.76123046875,1070174,0.0,0.0
2013-10-29 00:00:00+07:00,6556.88330078125,6609.76123046875,6556.88330078125,6609.76123046875,951846,0.0,0.0
2013-10-30 00:00:00+07:00,6609.76123046875,6662.6396484375,6556.88330078125,6556.88330078125,815080,0.0,0.0
2013-10-31 00:00:00+07:00,6556.88330078125,6609.76123046875,6504.00537109375,6504.00537109375,682281,0.0,0.0
2013-11-01 00:00:00+07:00,6504.00537109375,6556.88330078125,6504.00537109375,6556.88330078125,543528,0.0,0.0
2013-11-04 00:00:00+07:00,6504.00537109375,6556.88330078125,6504.00537109375,6504.00537109375,1264622,0.0,0.0
2013-11-05 00:00:00+07:00,6504.00537109375,6556.88330078125,6504.00537109375,6556.88330078125,354132,0.0,0.0
2013-11-06 00:00:00+07:00,6556.88330078125,6768.3955078125,6556.88330078125,6715.517578125,1903468,0.0,0.0
2013-11-07 00:00:00+07:00,6662.6396484375,6768.3955078125,6609.76123046875,6662.6396484375,973802,0.0,0.0
2013-11-08 00:00:00+07:00,6662.6396484375,6715.517578125,6609.76123046875,6715.517578125,931706,0.0,0.0
2013-11-11 00:00:00+07:00,6715.517578125,6715.517578125,6609.76123046875,6609.76123046875,890818,0.0,0.0
2013-11-12 00:00:00+07:00,6662.6396484375,6662.6396484375,6609.76123046875,6609.76123046875,1148260,0.0,0.0
2013-11-13 00:00:00+07:00,6609.76123046875,6609.76123046875,6556.88330078125,6609.76123046875,432821,0.0,0.0
2013-11-14 00:00:00+07:00,6609.76123046875,6662.6396484375,6556.88330078125,6609.76123046875,1005516,0.0,0.0
2013-11-15 00:00:00+07:00,6609.76123046875,6662.6396484375,6556.88330078125,6609.76123046875,1357799,0.0,0.0
2013-11-18 00:00:00+07:00,6609.76123046875,6715.517578125,6609.76123046875,6609.76123046875,872324,0.0,0.0
2013-11-19 00:00:00+07:00,6609.76123046875,6609.76123046875,6556.88330078125,6609.76123046875,316421,0.0,0.0
2013-11-20 00:00:00+07:00,6609.76123046875,6662.6396484375,6556.88330078125,6556.88330078125,947666,0.0,0.0
2013-11-21 00:00:00+07:00,6556.88330078125,6662.6396484375,6556.88330078125,6556.88330078125,1145764,0.0,0.0
2013-11-22 00:00:00+07:00,6556.88330078125,6609.76123046875,6504.00537109375,6556.88330078125,807135,0.0,0.0
2013-11-25 00:00:00+07:00,6556.88330078125,6556.88330078125,6504.00537109375,6556.88330078125,554971,0.0,0.0
2013-11-26 00:00:00+07:00,6504.00537109375,6556.88330078125,6504.00537109375,6504.00537109375,558961,0.0,0.0
2013-11-27 00:00:00+07:00,6504.00537109375,6768.3955078125,6504.00537109375,6662.6396484375,1798188,0.0,0.0
2013-11-28 00:00:00+07:00,6715.517578125,6715.517578125,6609.76123046875,6662.6396484375,485830,0.0,0.0
2013-11-29 00:00:00+07:00,6715.517578125,6715.517578125,6609.76123046875,6662.6396484375,576190,0.0,0.0
2013-12-02 00:00:00+07:00,6609.76123046875,6609.76123046875,6504.00537109375,6504.00537109375,551056,0.0,0.0
2013-12-03 00:00:00+07:00,6556.88330078125,6609.76123046875,6556.88330078125,6556.88330078125,379831,0.0,0.0
2013-12-04 00:00:00+07:00,6609.76123046875,6609.76123046875,6556.88330078125,6556.88330078125,309330,0.0,0.0
2013-12-05 00:00:00+07:00,6556.88330078125,6662.6396484375,6556.88330078125,6556.88330078125,526963,0.0,0.0
2013-12-06 00:00:00+07:00,6556.88330078125,6556.88330078125,6504.00537109375,6556.88330078125,415575,0.0,0.0
2013-12-09 00:00:00+07:00,6556.88330078125,6609.76123046875,6556.88330078125,6556.88330078125,650321,0.0,0.0
2013-12-10 00:00:00+07:00,6556.88330078125,6556.88330078125,6504.00537109375,6504.00537109375,255263,0.0,0.0
2013-12-11 00:00:00+07:00,6451.126953125,6556.88330078125,6345.37109375,6345.37109375,775968,0.0,0.0
2013-12-12 00:00:00+07:00,6451.126953125,6504.00537109375,6451.126953125,6451.126953125,399896,0.0,0.0
2013-12-13 00:00:00+07:00,6504.00537109375,6504.00537109375,6451.126953125,6451.126953125,98013,0.0,0.0
2013-12-16 00:00:00+07:00,6504.00537109375,6504.00537109375,6451.126953125,6451.126953125,320505,0.0,0.0
2013-12-17 00:00:00+07:00,6504.00537109375,6556.88330078125,6451.126953125,6504.00537109375,284632,0.0,0.0
2013-12-18 00:00:00+07:00,6398.2490234375,6556.88330078125,6398.2490234375,6504.00537109375,259972,0.0,0.0
2013-12-19 00:00:00+07:00,6504.00537109375,6556.88330078125,6504.00537109375,6504.00537109375,719556,0.0,0.0
2013-12-20 00:00:00+07:00,6345.37109375,6451.126953125,6292.49267578125,6345.37109375,1387149,0.0,0.0
2013-12-23 00:00:00+07:00,6345.37109375,6451.126953125,6345.37109375,6398.2490234375,534092,0.0,0.0
2013-12-24 00:00:00+07:00,6398.2490234375,6398.2490234375,6345.37109375,6398.2490234375,370073,0.0,0.0
2013-12-25 00:00:00+07:00,6345.37109375,6398.2490234375,6345.37109375,6345.37109375,322359,0.0,0.0
2013-12-26 00:00:00+07:00,6345.37109375,6398.2490234375,6345.37109375,6345.37109375,315193,0.0,0.0
2013-12-27 00:00:00+07:00,6398.2490234375,6398.2490234375,6292.49267578125,6345.37109375,322077,0.0,0.0
2013-12-30 00:00:00+07:00,6345.37109375,6504.00537109375,6292.49267578125,6504.00537109375,1388870,0.0,0.0
2013-12-31 00:00:00+07:00,6345.37109375,6556.88330078125,6345.37109375,6556.88330078125,1500958,0.0,0.0
2014-01-02 00:00:00+07:00,6556.88330078125,6556.88330078125,6398.2490234375,6504.00537109375,90222,0.0,0.0
2014-01-03 00:00:00+07:00,6504.00537109375,6504.00537109375,6345.37109375,6345.37109375,147978,0.0,0.0
2014-01-06 00:00:00+07:00,6398.2490234375,6398.2490234375,6345.37109375,6398.2490234375,182586,0.0,0.0
2014-01-07 00:00:00+07:00,6451.126953125,6451.126953125,6398.2490234375,6398.2490234375,170991,0.0,0.0
2014-01-08 00:00:00+07:00,6451.126953125,6451.126953125,6398.2490234375,6451.126953125,576738,0.0,0.0
2014-01-09 00:00:00+07:00,6398.2490234375,6451.126953125,6398.2490234375,6451.126953125,204051,0.0,0.0
2014-01-10 00:00:00+07:00,6398.2490234375,6451.126953125,6398.2490234375,6451.126953125,137238,0.0,0.0
2014-01-13 00:00:00+07:00,6398.2490234375,6451.126953125,6398.2490234375,6451.126953125,186519,0.0,0.0
2014-01-14 00:00:00+07:00,6398.2490234375,6451.126953125,6398.2490234375,6398.2490234375,249494,0.0,0.0
2014-01-15 00:00:00+07:00,6451.126953125,6451.126953125,6398.2490234375,6451.126953125,439516,0.0,0.0
2014-01-16 00:00:00+07:00,6451.126953125,6451.126953125,6398.2490234375,6451.126953125,233532,0.0,0.0
2014-01-17 00:00:00+07:00,6451.126953125,6556.88330078125,6398.2490234375,6451.126953125,931136,0.0,0.0
2014-01-20 00:00:00+07:00,6504.00537109375,6504.00537109375,6451.126953125,6504.00537109375,369676,0.0,0.0
2014-01-21 00:00:00+07:00,6504.00537109375,6504.00537109375,6398.2490234375,6451.126953125,357251,0.0,0.0
2014-01-22 00:00:00+07:00,6345.37109375,6451.126953125,6345.37109375,6451.126953125,413343,0.0,0.0
2014-01-23 00:00:00+07:00,6398.2490234375,6504.00537109375,6345.37109375,6504.00537109375,166680,0.0,0.0
2014-01-24 00:00:00+07:00,6504.00537109375,6556.88330078125,6451.126953125,6504.00537109375,665791,0.0,0.0
2014-01-27 00:00:00+07:00,6504.00537109375,6504.00537109375,6451.126953125,6504.00537109375,300649,0.0,0.0
2014-02-06 00:00:00+07:00,6504.00537109375,6556.88330078125,6504.00537109375,6504.00537109375,344807,0.0,0.0
2014-02-07 00:00:00+07:00,6556.88330078125,6556.88330078125,6504.00537109375,6504.00537109375,299307,0.0,0.0
2014-02-10 00:00:00+07:00,6504.00537109375,6556.88330078125,6451.126953125,6504.00537109375,454248,0.0,0.0
2014-02-11 00:00:00+07:00,6556.88330078125,6768.3955078125,6504.00537109375,6662.6396484375,2143152,0.0,0.0
2014-02-12 00:00:00+07:00,6662.6396484375,6715.517578125,6609.76123046875,6715.517578125,546252,0.0,0.0
2014-02-13 00:00:00+07:00,6768.3955078125,6768.3955078125,6662.6396484375,6715.517578125,302465,0.0,0.0
2014-02-14 00:00:00+07:00,6662.6396484375,6715.517578125,6662.6396484375,6715.517578125,714186,0.0,0.0
2014-02-17 00:00:00+07:00,6662.6396484375,6662.6396484375,6609.76123046875,6662.6396484375,749682,0.0,0.0
2014-02-18 00:00:00+07:00,6662.6396484375,6715.517578125,6609.76123046875,6715.517578125,783629,0.0,0.0
2014-02-19 00:00:00+07:00,6715.517578125,7138.54248046875,6715.517578125,7138.54248046875,2278236,0.0,0.0
2014-02-20 00:00:00+07:00,7138.54248046875,7244.29833984375,6768.3955078125,6927.02978515625,1192985,0.0,0.0
2014-02-21 00:00:00+07:00,6768.3955078125,6874.15185546875,6662.6396484375,6768.3955078125,370527,0.0,0.0
2014-02-24 00:00:00+07:00,6715.517578125,6821.27392578125,6715.517578125,6821.27392578125,494358,0.0,0.0
2014-02-25 00:00:00+07:00,6874.15185546875,6874.15185546875,6715.517578125,6768.3955078125,612404,0.0,0.0
2014-02-26 00:00:00+07:00,6768.3955078125,6821.27392578125,6715.517578125,6821.27392578125,524088,0.0,0.0
2014-02-27 00:00:00+07:00,6874.15185546875,7032.7861328125,6768.3955078125,6768.3955078125,496157,0.0,0.0
2014-02-28 00:00:00+07:00,6821.27392578125,6821.27392578125,6662.6396484375,6662.6396484375,298701,0.0,0.0
2014-03-03 00:00:00+07:00,6662.6396484375,6821.27392578125,6556.88330078125,6556.88330078125,590090,0.0,0.0
2014-03-04 00:00:00+07:00,6556.88330078125,6715.517578125,6504.00537109375,6662.6396484375,617055,0.0,0.0
2014-03-05 00:00:00+07:00,6662.6396484375,6715.517578125,6609.76123046875,6609.76123046875,348893,0.0,0.0
2014-03-06 00:00:00+07:00,6609.76123046875,6662.6396484375,6504.00537109375,6609.76123046875,391784,0.0,0.0
2014-03-07 00:00:00+07:00,6609.76123046875,6662.6396484375,6556.88330078125,6609.76123046875,510830,0.0,0.0
2014-03-10 00:00:00+07:00,6556.88330078125,6609.76123046875,6504.00537109375,6609.76123046875,672865,0.0,0.0
2014-03-11 00:00:00+07:00,6556.88330078125,6662.6396484375,6556.88330078125,6609.76123046875,543757,0.0,0.0
2014-03-12 00:00:00+07:00,6609.76123046875,6715.517578125,6609.76123046875,6609.76123046875,468848,0.0,0.0
2014-03-13 00:00:00+07:00,6821.27392578125,6979.908203125,6768.3955078125,6821.27392578125,1239922,0.0,0.0
2014-03-14 00:00:00+07:00,6874.15185546875,6874.15185546875,6768.3955078125,6821.27392578125,441955,0.0,0.0
2014-03-17 00:00:00+07:00,6821.27392578125,6874.15185546875,6768.3955078125,6874.15185546875,1012022,0.0,0.0
2014-03-18 00:00:00+07:00,6874.15185546875,7350.0546875,6821.27392578125,7350.0546875,3157070,0.0,0.0
2014-03-19 00:00:00+07:00,7350.0546875,7350.0546875,7138.54248046875,7191.42041015625,1179634,0.0,0.0
2014-03-20 00:00:00+07:00,7191.42041015625,7191.42041015625,7085.6640625,7138.54248046875,688712,0.0,0.0
2014-03-21 00:00:00+07:00,7085.6640625,7138.54248046875,6874.15185546875,6874.15185546875,3263010,0.0,0.0
2014-03-24 00:00:00+07:00,7085.6640625,7244.29833984375,7032.7861328125,7085.6640625,1784629,0.0,0.0
2014-03-25 00:00:00+07:00,7138.54248046875,7138.54248046875,6979.908203125,6979.908203125,1559866,0.0,0.0
2014-03-26 00:00:00+07:00,6979.908203125,7032.7861328125,6662.6396484375,6715.517578125,1553078,0.0,0.0
2014-03-27 00:00:00+07:00,6715.517578125,6979.908203125,6715.517578125,6821.27392578125,846735,0.0,0.0
2014-03-28 00:00:00+07:00,6874.15185546875,6979.908203125,6821.27392578125,6874.15185546875,648014,0.0,0.0
2014-03-31 00:00:00+07:00,6874.15185546875,6927.02978515625,6821.27392578125,6927.02978515625,698205,0.0,0.0
2014-04-01 00:00:00+07:00,6927.02978515625,6927.02978515625,6715.517578125,6768.3955078125,915081,0.0,0.0
2014-04-02 00:00:00+07:00,6821.27392578125,6821.27392578125,6609.76123046875,6715.517578125,842368,0.0,0.0
2014-04-03 00:00:00+07:00,6821.27392578125,6821.27392578125,6715.517578125,6768.3955078125,201119,0.0,0.0
2014-04-04 00:00:00+07:00,6768.3955078125,6821.27392578125,6715.517578125,6768.3955078125,368220,0.0,0.0
2014-04-07 00:00:00+07:00,6768.3955078125,6874.15185546875,6768.3955078125,6821.27392578125,264491,0.0,0.0
2014-04-08 00:00:00+07:00,6821.27392578125,6874.15185546875,6768.3955078125,6874.15185546875,201061,0.0,0.0
2014-04-10 00:00:00+07:00,6821.27392578125,6874.15185546875,6821.27392578125,6821.27392578125,296793,0.0,0.0
2014-04-11 00:00:00+07:00,6821.27392578125,7032.7861328125,6768.3955078125,6927.02978515625,2184077,0.0,0.0
2014-04-14 00:00:00+07:00,6927.02978515625,7032.7861328125,6874.15185546875,6927.02978515625,2617185,0.0,0.0
2014-04-15 00:00:00+07:00,6927.02978515625,6927.02978515625,6609.76123046875,6609.76123046875,913474,0.0,0.0
2014-04-16 00:00:00+07:00,6609.76123046875,6609.76123046875,6451.126953125,6504.00537109375,1072047,0.0,0.0
2014-04-17 00:00:00+07:00,6556.88330078125,6609.76123046875,6451.126953125,6451.126953125,604462,0.0,0.0
2014-04-18 00:00:00+07:00,6504.00537109375,6504.00537109375,6345.37109375,6345.37109375,535587,0.0,0.0
2014-04-21 00:00:00+07:00,6345.37109375,6451.126953125,6292.49267578125,6345.37109375,692494,0.0,0.0
2014-04-22 00:00:00+07:00,6398.2490234375,6609.76123046875,6398.2490234375,6556.88330078125,268765,0.0,0.0
2014-04-23 00:00:00+07:00,6556.88330078125,6609.76123046875,6451.126953125,6504.00537109375,202178,0.0,0.0
2014-04-24 00:00:00+07:00,6504.00537109375,6556.88330078125,6504.00537109375,6504.00537109375,95556,0.0,0.0
2014-04-25 00:00:00+07:00,6504.00537109375,6609.76123046875,6504.00537109375,6609.76123046875,150437,0.0,0.0
2014-04-28 00:00:00+07:00,6609.76123046875,6609.76123046875,6556.88330078125,6556.88330078125,130069,0.0,0.0
2014-04-29 00:00:00+07:00,6556.88330078125,6556.88330078125,6451.126953125,6451.126953125,227669,0.0,0.0
2014-05-05 00:00:00+07:00,6451.126953125,6451.126953125,6345.37109375,6398.2490234375,332874,0.0,0.0
2014-05-06 00:00:00+07:00,6292.49267578125,6345.37109375,6080.98046875,6133.8583984375,116302,0.0,0.0
2014-05-07 00:00:00+07:00,6292.49267578125,6292.49267578125,6186.73681640625,6239.61474609375,149397,0.0,0.0
2014-05-08 00:00:00+07:00,6239.61474609375,6504.00537109375,5816.58984375,6292.49267578125,1225380,0.0,0.0
2014-05-09 00:00:00+07:00,6292.49267578125,6292.49267578125,6028.1025390625,6239.61474609375,245258,0.0,0.0
2014-05-12 00:00:00+07:00,6239.61474609375,6239.61474609375,5975.22412109375,6028.1025390625,597444,0.0,0.0
2014-05-13 00:00:00+07:00,6239.61474609375,6239.61474609375,5975.22412109375,6028.1025390625,164619,0.0,0.0
2014-05-14 00:00:00+07:00,6028.1025390625,6345.37109375,6028.1025390625,6345.37109375,340363,0.0,0.0
2014-05-15 00:00:00+07:00,6451.126953125,6451.126953125,6239.61474609375,6451.126953125,562157,0.0,0.0
2014-05-16 00:00:00+07:00,6080.98046875,6715.517578125,6080.98046875,6715.517578125,551547,0.0,0.0
2014-05-19 00:00:00+07:00,6451.126953125,6715.517578125,6451.126953125,6715.517578125,288338,0.0,0.0
2014-05-20 00:00:00+07:00,6451.126953125,6715.517578125,6451.126953125,6662.6396484375,192136,0.0,0.0
2014-05-21 00:00:00+07:00,6662.6396484375,6662.6396484375,6504.00537109375,6662.6396484375,193781,0.0,0.0
2014-05-22 00:00:00+07:00,6662.6396484375,6662.6396484375,6504.00537109375,6556.88330078125,245692,0.0,0.0
2014-05-23 00:00:00+07:00,6504.00537109375,6556.88330078125,6504.00537109375,6556.88330078125,328903,0.0,0.0
2014-05-26 00:00:00+07:00,6451.126953125,6609.76123046875,6451.126953125,6609.76123046875,71803,0.0,0.0
2014-05-27 00:00:00+07:00,6556.88330078125,6715.517578125,6556.88330078125,6662.6396484375,499029,0.0,0.0
2014-05-28 00:00:00+07:00,6662.6396484375,6662.6396484375,6609.76123046875,6662.6396484375,128594,0.0,0.0
2014-05-29 00:00:00+07:00,6662.6396484375,6662.6396484375,6556.88330078125,6662.6396484375,127402,0.0,0.0
2014-05-30 00:00:00+07:00,6609.76123046875,6662.6396484375,6345.37109375,6345.37109375,1258324,0.0,0.0
2014-06-02 00:00:00+07:00,6345.37109375,6504.00537109375,6345.37109375,6398.2490234375,147316,0.0,0.0
2014-06-03 00:00:00+07:00,6556.88330078125,6556.88330078125,6398.2490234375,6398.2490234375,82507,0.0,0.0
2014-06-04 00:00:00+07:00,6398.2490234375,6398.2490234375,6292.49267578125,6398.2490234375,124244,0.0,0.0
2014-06-05 00:00:00+07:00,6345.37109375,6451.126953125,6292.49267578125,6398.2490234375,188392,0.0,0.0
2014-06-06 00:00:00+07:00,6398.2490234375,6504.00537109375,6398.2490234375,6451.126953125,351313,0.0,0.0
2014-06-09 00:00:00+07:00,6504.00537109375,6504.00537109375,6345.37109375,6398.2490234375,316176,0.0,0.0
2014-06-10 00:00:00+07:00,6398.2490234375,6451.126953125,6345.37109375,6451.126953125,196202,0.0,0.0
2014-06-11 00:00:00+07:00,6239.61474609375,6345.37109375,6239.61474609375,6292.49267578125,211331,0.0,0.0
2014-06-12 00:00:00+07:00,6292.49267578125,6292.49267578125,6239.61474609375,6239.61474609375,33545,0.0,0.0
2014-06-13 00:00:00+07:00,6133.8583984375,6292.49267578125,6133.8583984375,6292.49267578125,88086,0.0,0.0
2014-06-16 00:00:00+07:00,6186.73681640625,6292.49267578125,6186.73681640625,6186.73681640625,80785,0.0,0.0
2014-06-17 00:00:00+07:00,6239.61474609375,6345.37109375,6239.61474609375,6292.49267578125,130769,0.0,0.0
2014-06-18 00:00:00+07:00,6345.37109375,6345.37109375,6239.61474609375,6239.61474609375,41583,0.0,0.0
2014-06-19 00:00:00+07:00,6239.61474609375,6292.49267578125,6186.73681640625,6292.49267578125,81673,0.0,0.0
2014-06-20 00:00:00+07:00,6345.37109375,6345.37109375,6292.49267578125,6345.37109375,13838,0.0,0.0
2014-06-23 00:00:00+07:00,6292.49267578125,6345.37109375,6292.49267578125,6292.49267578125,9129,0.0,0.0
2014-06-24 00:00:00+07:00,6292.49267578125,6292.49267578125,6239.61474609375,6239.61474609375,19059,0.0,0.0
2014-06-25 00:00:00+07:00,6239.61474609375,6345.37109375,6239.61474609375,6292.49267578125,119326,0.0,0.0
2014-06-26 00:00:00+07:00,6345.37109375,6451.126953125,6345.37109375,6451.126953125,394527,0.0,0.0
2014-06-27 00:00:00+07:00,6398.2490234375,6451.126953125,6398.2490234375,6398.2490234375,211105,0.0,0.0
2014-06-30 00:00:00+07:00,6398.2490234375,6451.126953125,6292.49267578125,6451.126953125,116566,0.0,0.0
2014-07-01 00:00:00+07:00,6451.126953125,6504.00537109375,6398.2490234375,6451.126953125,35435,0.0,0.0
2014-07-02 00:00:00+07:00,6451.126953125,6451.126953125,6345.37109375,6345.37109375,939704,0.0,0.0
2014-07-03 00:00:00+07:00,6398.2490234375,6451.126953125,6398.2490234375,6398.2490234375,45327,0.0,0.0
2014-07-04 00:00:00+07:00,6451.126953125,6451.126953125,6345.37109375,6345.37109375,32902,0.0,0.0
2014-07-07 00:00:00+07:00,6345.37109375,6451.126953125,6345.37109375,6451.126953125,125399,0.0,0.0
2014-07-08 00:00:00+07:00,6504.00537109375,6504.00537109375,6451.126953125,6504.00537109375,182662,0.0,0.0
2014-07-09 00:00:00+07:00,6504.00537109375,6504.00537109375,6451.126953125,6451.126953125,49222,0.0,0.0
2014-07-10 00:00:00+07:00,6451.126953125,6451.126953125,6398.2490234375,6398.2490234375,94970,0.0,0.0
2014-07-11 00:00:00+07:00,6398.2490234375,6451.126953125,6345.37109375,6398.2490234375,41525,0.0,0.0
2014-07-14 00:00:00+07:00,6398.2490234375,6451.126953125,6345.37109375,6451.126953125,96956,0.0,0.0
2014-07-15 00:00:00+07:00,6451.126953125,6504.00537109375,6398.2490234375,6451.126953125,46555,0.0,0.0
2014-07-16 00:00:00+07:00,6451.126953125,6504.00537109375,6398.2490234375,6398.2490234375,215758,0.0,0.0
2014-07-17 00:00:00+07:00,6345.37109375,6451.126953125,6345.37109375,6451.126953125,18039,0.0,0.0
2014-07-18 00:00:00+07:00,6398.2490234375,6398.2490234375,6345.37109375,6398.2490234375,333650,0.0,0.0
2014-07-21 00:00:00+07:00,6451.126953125,6504.00537109375,6398.2490234375,6398.2490234375,58204,0.0,0.0
2014-07-22 00:00:00+07:00,6451.126953125,6451.126953125,6398.2490234375,6398.2490234375,112614,0.0,0.0
2014-07-23 00:00:00+07:00,6451.126953125,6451.126953125,6398.2490234375,6398.2490234375,58980,0.0,0.0
2014-07-24 00:00:00+07:00,6398.2490234375,6451.126953125,6398.2490234375,6451.126953125,86043,0.0,0.0
2014-07-25 00:00:00+07:00,6451.126953125,6451.126953125,6398.2490234375,6451.126953125,39787,0.0,0.0
2014-07-28 00:00:00+07:00,6345.37109375,6398.2490234375,6239.61474609375,6239.61474609375,89561,0.0,0.0
2014-07-29 00:00:00+07:00,6345.37109375,6345.37109375,6239.61474609375,6345.37109375,27115,0.0,0.0
2014-07-30 00:00:00+07:00,6292.49267578125,6398.2490234375,6292.49267578125,6345.37109375,80617,0.0,0.0
2014-07-31 00:00:00+07:00,6345.37109375,6398.2490234375,6345.37109375,6345.37109375,50868,0.0,0.0
2014-08-01 00:00:00+07:00,6345.37109375,6398.2490234375,6345.37109375,6398.2490234375,11777,0.0,0.0
2014-08-04 00:00:00+07:00,6398.2490234375,6451.126953125,6398.2490234375,6451.126953125,49922,0.0,0.0
2014-08-05 00:00:00+07:00,6451.126953125,6451.126953125,6398.2490234375,6451.126953125,63708,0.0,0.0
2014-08-06 00:00:00+07:00,6451.126953125,6451.126953125,6398.2490234375,6398.2490234375,132602,0.0,0.0
2014-08-07 00:00:00+07:00,6345.37109375,6398.2490234375,6345.37109375,6398.2490234375,130201,0.0,0.0
2014-08-08 00:00:00+07:00,6345.37109375,6398.2490234375,6345.37109375,6398.2490234375,118551,0.0,0.0
2014-08-11 00:00:00+07:00,6398.2490234375,6451.126953125,6345.37109375,6398.2490234375,30236,0.0,0.0
2014-08-12 00:00:00+07:00,6345.37109375,6398.2490234375,6345.37109375,6345.37109375,50715,0.0,0.0
2014-08-13 00:00:00+07:00,6345.37109375,6398.2490234375,6292.49267578125,6292.49267578125,396248,0.0,0.0
2014-08-14 00:00:00+07:00,6345.37109375,6345.37109375,6292.49267578125,6292.49267578125,77912,0.0,0.0
2014-08-15 00:00:00+07:00,6292.49267578125,6345.37109375,6292.49267578125,6292.49267578125,115639,0.0,0.0
2014-08-18 00:00:00+07:00,6133.8583984375,6292.49267578125,6133.8583984375,6292.49267578125,97408,0.0,0.0
2014-08-19 00:00:00+07:00,6292.49267578125,6345.37109375,6239.61474609375,6345.37109375,213468,0.0,0.0
2014-08-20 00:00:00+07:00,6239.61474609375,6345.37109375,6239.61474609375,6292.49267578125,18359,0.0,0.0
2014-08-21 00:00:00+07:00,6239.61474609375,6292.49267578125,6239.61474609375,6292.49267578125,20798,0.0,0.0
2014-08-22 00:00:00+07:00,6345.37109375,6345.37109375,6239.61474609375,6239.61474609375,23862,0.0,0.0
2014-08-25 00:00:00+07:00,6345.37109375,6345.37109375,6133.8583984375,6186.73681640625,75623,0.0,0.0
2014-08-26 00:00:00+07:00,6345.37109375,6345.37109375,6186.73681640625,6186.73681640625,68096,0.0,0.0
2014-08-27 00:00:00+07:00,6133.8583984375,6239.61474609375,6133.8583984375,6239.61474609375,50319,0.0,0.0
2014-08-28 00:00:00+07:00,6239.61474609375,6345.37109375,6239.61474609375,6345.37109375,99698,0.0,0.0
2014-08-29 00:00:00+07:00,6345.37109375,6345.37109375,6292.49267578125,6345.37109375,668872,0.0,0.0
2014-09-03 00:00:00+07:00,6345.37109375,6504.00537109375,6292.49267578125,6451.126953125,505687,0.0,0.0
2014-09-04 00:00:00+07:00,6398.2490234375,6451.126953125,6398.2490234375,6398.2490234375,137501,0.0,0.0
2014-09-05 00:00:00+07:00,6451.126953125,6451.126953125,6345.37109375,6451.126953125,253561,0.0,0.0
2014-09-08 00:00:00+07:00,6451.126953125,6504.00537109375,6398.2490234375,6398.2490234375,168100,0.0,0.0
2014-09-09 00:00:00+07:00,6398.2490234375,6398.2490234375,6239.61474609375,6239.61474609375,89618,0.0,0.0
2014-09-10 00:00:00+07:00,6345.37109375,6345.37109375,6133.8583984375,6186.73681640625,414819,0.0,0.0
2014-09-11 00:00:00+07:00,6239.61474609375,6239.61474609375,6133.8583984375,6186.73681640625,143630,0.0,0.0
2014-09-12 00:00:00+07:00,6292.49267578125,6292.49267578125,6186.73681640625,6186.73681640625,100265,0.0,0.0
2014-09-15 00:00:00+07:00,6186.73681640625,6292.49267578125,6186.73681640625,6239.61474609375,138182,0.0,0.0
2014-09-16 00:00:00+07:00,6133.8583984375,6239.61474609375,6080.98046875,6186.73681640625,190889,0.0,0.0
2014-09-17 00:00:00+07:00,6239.61474609375,6292.49267578125,6186.73681640625,6239.61474609375,715529,0.0,0.0
2014-09-18 00:00:00+07:00,6239.61474609375,6345.37109375,6186.73681640625,6292.49267578125,409769,0.0,0.0
2014-09-19 00:00:00+07:00,6292.49267578125,6345.37109375,6239.61474609375,6239.61474609375,218764,0.0,0.0
2014-09-22 00:00:00+07:00,6292.49267578125,6345.37109375,6292.49267578125,6292.49267578125,632224,0.0,0.0
2014-09-23 00:00:00+07:00,6292.49267578125,6345.37109375,6292.49267578125,6345.37109375,368692,0.0,0.0
2014-09-24 00:00:00+07:00,6345.37109375,6345.37109375,6239.61474609375,6239.61474609375,8258652,0.0,0.0
2014-09-25 00:00:00+07:00,6292.49267578125,6292.49267578125,6186.73681640625,6292.49267578125,8231194,0.0,0.0
2014-09-26 00:00:00+07:00,6186.73681640625,6292.49267578125,6186.73681640625,6239.61474609375,22936,0.0,0.0
2014-09-29 00:00:00+07:00,6239.61474609375,6239.61474609375,6080.98046875,6133.8583984375,81163,0.0,0.0
2014-09-30 00:00:00+07:00,6133.8583984375,6186.73681640625,6133.8583984375,6186.73681640625,104689,0.0,0.0
2014-10-01 00:00:00+07:00,6186.73681640625,6292.49267578125,6133.8583984375,6239.61474609375,231074,0.0,0.0
2014-10-02 00:00:00+07:00,6239.61474609375,6239.61474609375,6133.8583984375,6133.8583984375,235065,0.0,0.0
2014-10-03 00:00:00+07:00,6186.73681640625,6239.61474609375,6133.8583984375,6186.73681640625,63121,0.0,0.0
2014-10-06 00:00:00+07:00,6186.73681640625,6186.73681640625,6133.8583984375,6186.73681640625,211105,0.0,0.0
2014-10-07 00:00:00+07:00,6133.8583984375,6186.73681640625,6133.8583984375,6133.8583984375,75208,0.0,0.0
2014-10-08 00:00:00+07:00,6133.8583984375,6133.8583984375,6028.1025390625,6133.8583984375,211917,0.0,0.0
2014-10-09 00:00:00+07:00,6133.8583984375,6133.8583984375,6080.98046875,6080.98046875,189413,0.0,0.0
2014-10-10 00:00:00+07:00,6080.98046875,6080.98046875,6028.1025390625,6080.98046875,149112,0.0,0.0
2014-10-13 00:00:00+07:00,6080.98046875,6080.98046875,6028.1025390625,6080.98046875,239774,0.0,0.0
2014-10-14 00:00:00+07:00,6080.98046875,6133.8583984375,6028.1025390625,6028.1025390625,273871,0.0,0.0
2014-10-15 00:00:00+07:00,6080.98046875,6080.98046875,5975.22412109375,5975.22412109375,131752,0.0,0.0
2014-10-16 00:00:00+07:00,6028.1025390625,6028.1025390625,5922.34619140625,5922.34619140625,257458,0.0,0.0
2014-10-17 00:00:00+07:00,5975.22412109375,5975.22412109375,5869.46826171875,5922.34619140625,165168,0.0,0.0
2014-10-20 00:00:00+07:00,5922.34619140625,5922.34619140625,5816.58984375,5922.34619140625,50470,0.0,0.0
2014-10-21 00:00:00+07:00,5922.34619140625,5922.34619140625,5816.58984375,5922.34619140625,88558,0.0,0.0
2014-10-22 00:00:00+07:00,5869.46826171875,5922.34619140625,5816.58984375,5922.34619140625,76588,0.0,0.0
2014-10-23 00:00:00+07:00,5869.46826171875,5869.46826171875,5763.7119140625,5763.7119140625,71537,0.0,0.0
2014-10-24 00:00:00+07:00,5763.7119140625,5816.58984375,5710.833984375,5763.7119140625,218916,0.0,0.0
2014-10-27 00:00:00+07:00,5763.7119140625,5763.7119140625,5657.95556640625,5657.95556640625,54516,0.0,0.0
2014-10-28 00:00:00+07:00,5710.833984375,5710.833984375,5552.19970703125,5552.19970703125,93720,0.0,0.0
2014-10-29 00:00:00+07:00,5763.7119140625,5763.7119140625,5552.19970703125,5657.95556640625,20099,0.0,0.0
2014-10-30 00:00:00+07:00,5552.19970703125,5605.07763671875,5552.19970703125,5605.07763671875,175569,0.0,0.0
2014-10-31 00:00:00+07:00,5605.07763671875,5710.833984375,5552.19970703125,5710.833984375,99602,0.0,0.0
2014-11-03 00:00:00+07:00,5710.833984375,5816.58984375,5710.833984375,5816.58984375,85421,0.0,0.0
2014-11-04 00:00:00+07:00,5869.46826171875,5869.46826171875,5657.95556640625,5816.58984375,55046,0.0,0.0
2014-11-05 00:00:00+07:00,5816.58984375,5869.46826171875,5710.833984375,5816.58984375,16373,0.0,0.0
2014-11-06 00:00:00+07:00,5816.58984375,5816.58984375,5710.833984375,5763.7119140625,18396,0.0,0.0
2014-11-07 00:00:00+07:00,5763.7119140625,5763.7119140625,5710.833984375,5763.7119140625,76473,0.0,0.0
2014-11-10 00:00:00+07:00,5763.7119140625,5763.7119140625,5657.95556640625,5657.95556640625,221146,0.0,0.0
2014-11-11 00:00:00+07:00,5657.95556640625,5657.95556640625,5552.19970703125,5605.07763671875,173413,0.0,0.0
2014-11-12 00:00:00+07:00,5657.95556640625,5657.95556640625,5605.07763671875,5657.95556640625,47103,0.0,0.0
2014-11-13 00:00:00+07:00,5657.95556640625,5816.58984375,5657.95556640625,5816.58984375,306739,0.0,0.0
2014-11-14 00:00:00+07:00,5816.58984375,5816.58984375,5657.95556640625,5763.7119140625,164657,0.0,0.0
2014-11-17 00:00:00+07:00,5657.95556640625,5816.58984375,5657.95556640625,5710.833984375,174340,0.0,0.0
2014-11-18 00:00:00+07:00,5710.833984375,5763.7119140625,5710.833984375,5710.833984375,123015,0.0,0.0
2014-11-19 00:00:00+07:00,5710.833984375,5710.833984375,5605.07763671875,5710.833984375,42414,0.0,0.0
2014-11-20 00:00:00+07:00,5710.833984375,5763.7119140625,5657.95556640625,5710.833984375,60436,0.0,0.0
2014-11-21 00:00:00+07:00,5657.95556640625,5710.833984375,5657.95556640625,5710.833984375,257588,0.0,0.0
2014-11-24 00:00:00+07:00,5710.833984375,5710.833984375,5552.19970703125,5657.95556640625,212806,0.0,0.0
2014-11-25 00:00:00+07:00,5605.07763671875,5763.7119140625,5605.07763671875,5763.7119140625,120272,0.0,0.0
2014-11-26 00:00:00+07:00,5763.7119140625,5816.58984375,5710.833984375,5763.7119140625,281474,0.0,0.0
2014-11-27 00:00:00+07:00,5710.833984375,5816.58984375,5710.833984375,5816.58984375,153462,0.0,0.0
2014-11-28 00:00:00+07:00,5816.58984375,5869.46826171875,5710.833984375,5816.58984375,286655,0.0,0.0
2014-12-01 00:00:00+07:00,5710.833984375,5869.46826171875,5710.833984375,5816.58984375,248303,0.0,0.0
2014-12-02 00:00:00+07:00,5816.58984375,5869.46826171875,5816.58984375,5869.46826171875,237162,0.0,0.0
2014-12-03 00:00:00+07:00,5869.46826171875,5922.34619140625,5816.58984375,5816.58984375,478417,0.0,0.0
2014-12-04 00:00:00+07:00,5816.58984375,5922.34619140625,5816.58984375,5869.46826171875,127062,0.0,0.0
2014-12-05 00:00:00+07:00,5869.46826171875,6080.98046875,5869.46826171875,6080.98046875,273228,0.0,0.0
2014-12-08 00:00:00+07:00,5975.22412109375,6239.61474609375,5975.22412109375,6133.8583984375,1257606,0.0,0.0
2014-12-09 00:00:00+07:00,6186.73681640625,6239.61474609375,6133.8583984375,6186.73681640625,725173,0.0,0.0
2014-12-10 00:00:00+07:00,6186.73681640625,6504.00537109375,6186.73681640625,6504.00537109375,848685,0.0,0.0
2014-12-11 00:00:00+07:00,6556.88330078125,6556.88330078125,6133.8583984375,6398.2490234375,2368935,0.0,0.0
2014-12-12 00:00:00+07:00,6345.37109375,6451.126953125,6292.49267578125,6451.126953125,237162,0.0,0.0
2014-12-15 00:00:00+07:00,6345.37109375,6556.88330078125,6345.37109375,6451.126953125,1598559,0.0,0.0
2014-12-16 00:00:00+07:00,6292.49267578125,6504.00537109375,6292.49267578125,6504.00537109375,381364,0.0,0.0
2014-12-17 00:00:00+07:00,6504.00537109375,6504.00537109375,6186.73681640625,6239.61474609375,206793,0.0,0.0
2014-12-18 00:00:00+07:00,6292.49267578125,6345.37109375,6292.49267578125,6292.49267578125,25243,0.0,0.0
2014-12-19 00:00:00+07:00,6239.61474609375,6345.37109375,6239.61474609375,6345.37109375,30442,0.0,0.0
2014-12-22 00:00:00+07:00,6345.37109375,6345.37109375,6345.37109375,6345.37109375,49601,0.0,0.0
2014-12-23 00:00:00+07:00,6239.61474609375,6504.00537109375,6186.73681640625,6504.00537109375,676930,0.0,0.0
2014-12-24 00:00:00+07:00,6504.00537109375,6504.00537109375,6398.2490234375,6504.00537109375,483088,0.0,0.0
2014-12-25 00:00:00+07:00,6451.126953125,6504.00537109375,6451.126953125,6504.00537109375,106277,0.0,0.0
2014-12-26 00:00:00+07:00,6345.37109375,6398.2490234375,6292.49267578125,6398.2490234375,52494,0.0,0.0
2014-12-29 00:00:00+07:00,6292.49267578125,6451.126953125,6292.49267578125,6451.126953125,281966,0.0,0.0
2014-12-30 00:00:00+07:00,6451.126953125,6504.00537109375,6398.2490234375,6504.00537109375,393731,0.0,0.0
2014-12-31 00:00:00+07:00,6504.00537109375,6821.27392578125,6451.126953125,6821.27392578125,461436,0.0,0.0
2015-01-05 00:00:00+07:00,6821.27392578125,6821.27392578125,6556.88330078125,6821.27392578125,86156,0.0,0.0
2015-01-06 00:00:00+07:00,6768.3955078125,6821.27392578125,6504.00537109375,6768.3955078125,107470,0.0,0.0
2015-01-07 00:00:00+07:00,6556.88330078125,6715.517578125,6345.37109375,6715.517578125,45137,0.0,0.0
2015-01-08 00:00:00+07:00,6451.126953125,6768.3955078125,6451.126953125,6768.3955078125,146617,0.0,0.0
2015-01-09 00:00:00+07:00,6609.76123046875,6662.6396484375,6556.88330078125,6556.88330078125,22217,0.0,0.0
2015-01-12 00:00:00+07:00,6609.76123046875,6609.76123046875,6609.76123046875,6609.76123046875,14,0.0,0.0
2015-01-13 00:00:00+07:00,6662.6396484375,6662.6396484375,6451.126953125,6556.88330078125,27437,0.0,0.0
2015-01-14 00:00:00+07:00,6451.126953125,6556.88330078125,6133.8583984375,6556.88330078125,13745,0.0,0.0
2015-01-15 00:00:00+07:00,6609.76123046875,6609.76123046875,6504.00537109375,6504.00537109375,215548,0.0,0.0
2015-01-16 00:00:00+07:00,6504.00537109375,6556.88330078125,6451.126953125,6451.126953125,178122,0.0,0.0
2015-01-19 00:00:00+07:00,6345.37109375,6398.2490234375,6292.49267578125,6292.49267578125,63160,0.0,0.0
2015-01-20 00:00:00+07:00,6292.49267578125,6345.37109375,6292.49267578125,6292.49267578125,216360,0.0,0.0
2015-01-21 00:00:00+07:00,6451.126953125,6451.126953125,6186.73681640625,6345.37109375,40598,0.0,0.0
2015-01-22 00:00:00+07:00,6345.37109375,6504.00537109375,6239.61474609375,6239.61474609375,15616,0.0,0.0
2015-01-23 00:00:00+07:00,6504.00537109375,6504.00537109375,6239.61474609375,6451.126953125,48372,0.0,0.0
2015-01-26 00:00:00+07:00,6186.73681640625,6292.49267578125,6186.73681640625,6292.49267578125,143609,0.0,0.0
2015-01-27 00:00:00+07:00,6239.61474609375,6239.61474609375,5869.46826171875,5869.46826171875,632034,0.0,0.0
2015-01-28 00:00:00+07:00,5816.58984375,5816.58984375,5710.833984375,5710.833984375,428661,0.0,0.0
2015-01-29 00:00:00+07:00,5816.58984375,6080.98046875,5816.58984375,5816.58984375,144706,0.0,0.0
2015-01-30 00:00:00+07:00,5763.7119140625,5816.58984375,5657.95556640625,5710.833984375,1588272,0.0,0.0
2015-02-02 00:00:00+07:00,5710.833984375,5763.7119140625,5710.833984375,5710.833984375,305245,0.0,0.0
2015-02-03 00:00:00+07:00,5657.95556640625,5710.833984375,5340.68701171875,5552.19970703125,134399,0.0,0.0
2015-02-04 00:00:00+07:00,5499.3212890625,5816.58984375,5182.052734375,5287.80908203125,443281,0.0,0.0
2015-02-05 00:00:00+07:00,5287.80908203125,5657.95556640625,5287.80908203125,5657.95556640625,487004,0.0,0.0
2015-02-06 00:00:00+07:00,5657.95556640625,5816.58984375,5657.95556640625,5763.7119140625,252521,0.0,0.0
2015-02-09 00:00:00+07:00,5657.95556640625,5869.46826171875,5657.95556640625,5816.58984375,3921127,0.0,0.0
2015-02-10 00:00:00+07:00,5710.833984375,6028.1025390625,5657.95556640625,6028.1025390625,201650,0.0,0.0
2015-02-11 00:00:00+07:00,6080.98046875,6292.49267578125,6080.98046875,6186.73681640625,491807,0.0,0.0
2015-02-12 00:00:00+07:00,6186.73681640625,6345.37109375,6186.73681640625,6186.73681640625,264491,0.0,0.0
2015-02-13 00:00:00+07:00,6186.73681640625,6292.49267578125,6028.1025390625,6292.49267578125,162030,0.0,0.0
2015-02-24 00:00:00+07:00,6186.73681640625,6345.37109375,5922.34619140625,6028.1025390625,81410,0.0,0.0
2015-02-25 00:00:00+07:00,5975.22412109375,6133.8583984375,5869.46826171875,6133.8583984375,20704,0.0,0.0
2015-02-26 00:00:00+07:00,6133.8583984375,6133.8583984375,5975.22412109375,6028.1025390625,5802,0.0,0.0
2015-02-27 00:00:00+07:00,6028.1025390625,6028.1025390625,5922.34619140625,6028.1025390625,90354,0.0,0.0
2015-03-02 00:00:00+07:00,6028.1025390625,6028.1025390625,5922.34619140625,6028.1025390625,431441,0.0,0.0
2015-03-03 00:00:00+07:00,5975.22412109375,6028.1025390625,5869.46826171875,5975.22412109375,730243,0.0,0.0
2015-03-04 00:00:00+07:00,6028.1025390625,6028.1025390625,5922.34619140625,6028.1025390625,21837,0.0,0.0
2015-03-05 00:00:00+07:00,5975.22412109375,6028.1025390625,5975.22412109375,6028.1025390625,9339,0.0,0.0
2015-03-06 00:00:00+07:00,5922.34619140625,5975.22412109375,5869.46826171875,5922.34619140625,234591,0.0,0.0
2015-03-09 00:00:00+07:00,5869.46826171875,5922.34619140625,5869.46826171875,5869.46826171875,388229,0.0,0.0
2015-03-10 00:00:00+07:00,5869.46826171875,5922.34619140625,5869.46826171875,5922.34619140625,149378,0.0,0.0
2015-03-11 00:00:00+07:00,5869.46826171875,5922.34619140625,5816.58984375,5869.46826171875,302315,0.0,0.0
2015-03-12 00:00:00+07:00,5922.34619140625,5975.22412109375,5816.58984375,5816.58984375,297416,0.0,0.0
2015-03-13 00:00:00+07:00,5869.46826171875,5922.34619140625,5816.58984375,5922.34619140625,423386,0.0,0.0
2015-03-16 00:00:00+07:00,5763.7119140625,5975.22412109375,5763.7119140625,5922.34619140625,12687,0.0,0.0
2015-03-17 00:00:00+07:00,5816.58984375,5922.34619140625,5816.58984375,5816.58984375,84095,0.0,0.0
2015-03-18 00:00:00+07:00,5816.58984375,5869.46826171875,5816.58984375,5869.46826171875,11930,0.0,0.0
2015-03-19 00:00:00+07:00,5816.58984375,5922.34619140625,5763.7119140625,5869.46826171875,363039,0.0,0.0
2015-03-20 00:00:00+07:00,5869.46826171875,5869.46826171875,5816.58984375,5816.58984375,19136,0.0,0.0
2015-03-23 00:00:00+07:00,5869.46826171875,5975.22412109375,5816.58984375,5922.34619140625,455723,0.0,0.0
2015-03-24 00:00:00+07:00,5869.46826171875,5869.46826171875,5816.58984375,5869.46826171875,623695,0.0,0.0
2015-03-25 00:00:00+07:00,5869.46826171875,5869.46826171875,5816.58984375,5816.58984375,138106,0.0,0.0
2015-03-26 00:00:00+07:00,5816.58984375,5869.46826171875,5816.58984375,5816.58984375,302749,0.0,0.0
2015-03-27 00:00:00+07:00,5816.58984375,5869.46826171875,5816.58984375,5869.46826171875,212542,0.0,0.0
2015-03-30 00:00:00+07:00,5922.34619140625,5922.34619140625,5816.58984375,5869.46826171875,298268,0.0,0.0
2015-03-31 00:00:00+07:00,5869.46826171875,5869.46826171875,5763.7119140625,5763.7119140625,163580,0.0,0.0
2015-04-01 00:00:00+07:00,5763.7119140625,5869.46826171875,5763.7119140625,5869.46826171875,20249,0.0,0.0
2015-04-02 00:00:00+07:00,5657.95556640625,5816.58984375,5552.19970703125,5816.58984375,39523,0.0,0.0
2015-04-03 00:00:00+07:00,5816.58984375,5816.58984375,5710.833984375,5816.58984375,123167,0.0,0.0
2015-04-06 00:00:00+07:00,5816.58984375,5816.58984375,5657.95556640625,5816.58984375,8714,0.0,0.0
2015-04-07 00:00:00+07:00,5816.58984375,5816.58984375,5710.833984375,5710.833984375,55613,0.0,0.0
2015-04-08 00:00:00+07:00,5657.95556640625,5710.833984375,5552.19970703125,5605.07763671875,8088,0.0,0.0
2015-04-09 00:00:00+07:00,5710.833984375,5710.833984375,5552.19970703125,5710.833984375,16393,0.0,0.0
2015-04-10 00:00:00+07:00,5552.19970703125,5763.7119140625,5552.19970703125,5763.7119140625,3419,0.0,0.0
2015-04-13 00:00:00+07:00,5710.833984375,5710.833984375,5657.95556640625,5710.833984375,2113,0.0,0.0
2015-04-14 00:00:00+07:00,5657.95556640625,5657.95556640625,5499.3212890625,5499.3212890625,43114,0.0,0.0
2015-04-15 00:00:00+07:00,5552.19970703125,5552.19970703125,5552.19970703125,5552.19970703125,5952,0.0,0.0
2015-04-16 00:00:00+07:00,5552.19970703125,5605.07763671875,5552.19970703125,5552.19970703125,24542,0.0,0.0
2015-04-17 00:00:00+07:00,5605.07763671875,5605.07763671875,5393.5654296875,5552.19970703125,318,0.0,0.0
2015-04-20 00:00:00+07:00,5605.07763671875,5605.07763671875,5552.19970703125,5552.19970703125,4365,0.0,0.0
2015-04-21 00:00:00+07:00,5552.19970703125,5552.19970703125,5446.443359375,5552.19970703125,23276,0.0,0.0
2015-04-22 00:00:00+07:00,5605.07763671875,5657.95556640625,5393.5654296875,5393.5654296875,35965,0.0,0.0
2015-04-23 00:00:00+07:00,5393.5654296875,5499.3212890625,5393.5654296875,5499.3212890625,59623,0.0,0.0
2015-04-24 00:00:00+07:00,5499.3212890625,5657.95556640625,5499.3212890625,5657.95556640625,28930,0.0,0.0
2015-04-27 00:00:00+07:00,5657.95556640625,5657.95556640625,5499.3212890625,5499.3212890625,51662,0.0,0.0
2015-05-04 00:00:00+07:00,5710.833984375,5869.46826171875,5499.3212890625,5499.3212890625,14672,0.0,0.0
2015-05-05 00:00:00+07:00,5552.19970703125,5552.19970703125,5393.5654296875,5499.3212890625,2188,0.0,0.0
2015-05-06 00:00:00+07:00,5446.443359375,5446.443359375,5129.1748046875,5234.93115234375,9774,0.0,0.0
2015-05-07 00:00:00+07:00,5287.80908203125,5446.443359375,5287.80908203125,5287.80908203125,208021,0.0,0.0
2015-05-08 00:00:00+07:00,5287.80908203125,5657.95556640625,5287.80908203125,5605.07763671875,88198,0.0,0.0
2015-05-11 00:00:00+07:00,5605.07763671875,5605.07763671875,5446.443359375,5446.443359375,38292,0.0,0.0
2015-05-12 00:00:00+07:00,5446.443359375,5446.443359375,5287.80908203125,5446.443359375,15182,0.0,0.0
2015-05-13 00:00:00+07:00,5446.443359375,5446.443359375,5393.5654296875,5446.443359375,17263,0.0,0.0
2015-05-14 00:00:00+07:00,5552.19970703125,5552.19970703125,5393.5654296875,5552.19970703125,3155,0.0,0.0
2015-05-15 00:00:00+07:00,5552.19970703125,5922.34619140625,5499.3212890625,5922.34619140625,951069,0.0,0.0
2015-05-18 00:00:00+07:00,5922.34619140625,5922.34619140625,5763.7119140625,5816.58984375,936528,0.0,0.0
2015-05-19 00:00:00+07:00,5816.58984375,5922.34619140625,5816.58984375,5922.34619140625,1297849,0.0,0.0
2015-05-20 00:00:00+07:00,5922.34619140625,6292.49267578125,5922.34619140625,6292.49267578125,1996741,0.0,0.0
2015-05-21 00:00:00+07:00,6292.49267578125,6345.37109375,6133.8583984375,6292.49267578125,1570722,0.0,0.0
2015-05-22 00:00:00+07:00,6292.49267578125,6292.49267578125,6133.8583984375,6133.8583984375,1523443,0.0,0.0
2015-05-25 00:00:00+07:00,5763.7119140625,6080.98046875,5763.7119140625,6080.98046875,866195,0.0,0.0
2015-05-26 00:00:00+07:00,5922.34619140625,6133.8583984375,5922.34619140625,6080.98046875,152176,0.0,0.0
2015-05-27 00:00:00+07:00,5763.7119140625,6133.8583984375,5657.95556640625,6080.98046875,493982,0.0,0.0
2015-05-28 00:00:00+07:00,5975.22412109375,6504.00537109375,5975.22412109375,6398.2490234375,1895054,0.0,0.0
2015-05-29 00:00:00+07:00,6398.2490234375,6609.76123046875,6292.49267578125,6451.126953125,768122,0.0,0.0
2015-06-01 00:00:00+07:00,6345.37109375,6715.517578125,6345.37109375,6504.00537109375,1007124,0.0,0.0
2015-06-02 00:00:00+07:00,6504.00537109375,6504.00537109375,6345.37109375,6398.2490234375,1014670,0.0,0.0
2015-06-03 00:00:00+07:00,6292.49267578125,6662.6396484375,6292.49267578125,6504.00537109375,1260915,0.0,0.0
2015-06-04 00:00:00+07:00,6504.00537109375,6609.76123046875,6451.126953125,6556.88330078125,665754,0.0,0.0
2015-06-05 00:00:00+07:00,6609.76123046875,6609.76123046875,6504.00537109375,6609.76123046875,764054,0.0,0.0
2015-06-08 00:00:00+07:00,6662.6396484375,6662.6396484375,6398.2490234375,6504.00537109375,970474,0.0,0.0
2015-06-09 00:00:00+07:00,6451.126953125,6556.88330078125,6451.126953125,6451.126953125,1057958,0.0,0.0
2015-06-10 00:00:00+07:00,6398.2490234375,6504.00537109375,6398.2490234375,6504.00537109375,639599,0.0,0.0
2015-06-11 00:00:00+07:00,6504.00537109375,6715.517578125,6504.00537109375,6715.517578125,983277,0.0,0.0
2015-06-12 00:00:00+07:00,6662.6396484375,6768.3955078125,6662.6396484375,6768.3955078125,761010,0.0,0.0
2015-06-15 00:00:00+07:00,6768.3955078125,6768.3955078125,6662.6396484375,6768.3955078125,955025,0.0,0.0
2015-06-16 00:00:00+07:00,6715.517578125,6768.3955078125,6662.6396484375,6715.517578125,585267,0.0,0.0
2015-06-17 00:00:00+07:00,6662.6396484375,6715.517578125,6556.88330078125,6715.517578125,1022366,0.0,0.0
2015-06-18 00:00:00+07:00,6715.517578125,7138.54248046875,6662.6396484375,7138.54248046875,1380435,0.0,0.0
2015-06-19 00:00:00+07:00,7138.54248046875,7244.29833984375,7085.6640625,7244.29833984375,1011493,0.0,0.0
2015-06-22 00:00:00+07:00,7138.54248046875,7244.29833984375,7138.54248046875,7244.29833984375,614899,0.0,0.0
2015-06-23 00:00:00+07:00,7244.29833984375,7244.29833984375,7085.6640625,7191.42041015625,567942,0.0,0.0
2015-06-24 00:00:00+07:00,7191.42041015625,7455.81103515625,7138.54248046875,7455.81103515625,1584490,0.0,0.0
2015-06-25 00:00:00+07:00,7350.0546875,7402.9326171875,7244.29833984375,7297.1767578125,452716,0.0,0.0
2015-06-26 00:00:00+07:00,7191.42041015625,7350.0546875,7191.42041015625,7350.0546875,1001829,0.0,0.0
2015-06-29 00:00:00+07:00,7244.29833984375,7244.29833984375,7138.54248046875,7191.42041015625,905229,0.0,0.0
2015-06-30 00:00:00+07:00,7085.6640625,7297.1767578125,7085.6640625,7244.29833984375,855151,0.0,0.0
2015-07-01 00:00:00+07:00,7191.42041015625,7402.9326171875,7138.54248046875,7402.9326171875,1165713,0.0,0.0
2015-07-02 00:00:00+07:00,7297.1767578125,7878.83544921875,7297.1767578125,7825.95751953125,3895409,0.0,0.0
2015-07-03 00:00:00+07:00,7720.201171875,7720.201171875,7614.4453125,7667.3232421875,1241360,0.0,0.0
2015-07-06 00:00:00+07:00,7614.4453125,7773.07958984375,7614.4453125,7773.07958984375,1959371,0.0,0.0
2015-07-07 00:00:00+07:00,7773.07958984375,7825.95751953125,7667.3232421875,7720.201171875,2291152,0.0,0.0
2015-07-08 00:00:00+07:00,7667.3232421875,7773.07958984375,7667.3232421875,7773.07958984375,1843331,0.0,0.0
2015-07-09 00:00:00+07:00,7773.07958984375,7773.07958984375,7508.68896484375,7773.07958984375,4131328,0.0,0.0
2015-07-10 00:00:00+07:00,7667.3232421875,7773.07958984375,7667.3232421875,7773.07958984375,2491065,0.0,0.0
2015-07-13 00:00:00+07:00,7720.201171875,7825.95751953125,7667.3232421875,7773.07958984375,1973364,0.0,0.0
2015-07-14 00:00:00+07:00,7773.07958984375,7878.83544921875,7614.4453125,7773.07958984375,2518997,0.0,0.0
2015-07-15 00:00:00+07:00,7773.07958984375,7773.07958984375,7614.4453125,7614.4453125,2071611,0.0,0.0
2015-07-16 00:00:00+07:00,7614.4453125,7773.07958984375,7561.56689453125,7773.07958984375,2029059,0.0,0.0
2015-07-17 00:00:00+07:00,7773.07958984375,7878.83544921875,7667.3232421875,7773.07958984375,2822130,0.0,0.0
2015-07-20 00:00:00+07:00,7773.07958984375,7773.07958984375,7667.3232421875,7720.201171875,1786086,0.0,0.0
2015-07-21 00:00:00+07:00,7720.201171875,7720.201171875,7561.56689453125,7614.4453125,1569286,0.0,0.0
2015-07-22 00:00:00+07:00,7614.4453125,7720.201171875,7561.56689453125,7667.3232421875,7956845,0.0,0.0
2015-07-23 00:00:00+07:00,7667.3232421875,7773.07958984375,7614.4453125,7720.201171875,8574793,0.0,0.0
2015-07-24 00:00:00+07:00,7720.201171875,8037.4697265625,7720.201171875,8037.4697265625,5224560,0.0,0.0
2015-07-27 00:00:00+07:00,7984.591796875,8248.982421875,7931.7138671875,8090.34814453125,4020963,0.0,0.0
2015-07-28 00:00:00+07:00,8090.34814453125,8090.34814453125,7878.83544921875,7878.83544921875,2713879,0.0,0.0
2015-07-29 00:00:00+07:00,7825.95751953125,7984.591796875,7773.07958984375,7878.83544921875,3329522,0.0,0.0
2015-07-30 00:00:00+07:00,7878.83544921875,8196.1044921875,7825.95751953125,8143.22607421875,6218394,0.0,0.0
2015-07-31 00:00:00+07:00,8143.22607421875,8513.373046875,8037.4697265625,8460.494140625,11223283,0.0,0.0
2015-08-03 00:00:00+07:00,8196.1044921875,8460.494140625,8143.22607421875,8248.982421875,7302055,0.0,0.0
2015-08-04 00:00:00+07:00,8143.22607421875,8354.73828125,8143.22607421875,8354.73828125,4330524,0.0,0.0
2015-08-05 00:00:00+07:00,8248.982421875,8407.6162109375,8143.22607421875,8407.6162109375,8965334,0.0,0.0
2015-08-06 00:00:00+07:00,8407.6162109375,8407.6162109375,8143.22607421875,8248.982421875,3701320,0.0,0.0
2015-08-07 00:00:00+07:00,8196.1044921875,8248.982421875,8090.34814453125,8143.22607421875,2696633,0.0,0.0
2015-08-10 00:00:00+07:00,8248.982421875,8354.73828125,8143.22607421875,8143.22607421875,3473117,0.0,0.0
2015-08-11 00:00:00+07:00,8037.4697265625,8196.1044921875,8037.4697265625,8143.22607421875,3479792,0.0,0.0
2015-08-12 00:00:00+07:00,8037.4697265625,8090.34814453125,7614.4453125,7931.7138671875,8727541,0.0,0.0
2015-08-13 00:00:00+07:00,7878.83544921875,7878.83544921875,7561.56689453125,7773.07958984375,2430983,0.0,0.0
2015-08-14 00:00:00+07:00,7614.4453125,7720.201171875,7508.68896484375,7667.3232421875,1860067,0.0,0.0
2015-08-17 00:00:00+07:00,7667.3232421875,7667.3232421875,7402.9326171875,7614.4453125,2728932,0.0,0.0
2015-08-18 00:00:00+07:00,7614.4453125,7614.4453125,7350.0546875,7561.56689453125,6189515,0.0,0.0
2015-08-19 00:00:00+07:00,7402.9326171875,7455.81103515625,7244.29833984375,7402.9326171875,3088194,0.0,0.0
2015-08-20 00:00:00+07:00,7350.0546875,7402.9326171875,7138.54248046875,7402.9326171875,3134130,0.0,0.0
2015-08-21 00:00:00+07:00,7350.0546875,7350.0546875,6979.908203125,7350.0546875,7872974,0.0,0.0
2015-08-24 00:00:00+07:00,7191.42041015625,7350.0546875,6874.15185546875,7191.42041015625,5396900,0.0,0.0
2015-08-25 00:00:00+07:00,6979.908203125,7191.42041015625,6979.908203125,7138.54248046875,531484,0.0,0.0
2015-08-26 00:00:00+07:00,6979.908203125,7138.54248046875,6979.908203125,7138.54248046875,2198941,0.0,0.0
2015-08-27 00:00:00+07:00,7085.6640625,7191.42041015625,7085.6640625,7191.42041015625,2193873,0.0,0.0
2015-08-28 00:00:00+07:00,7138.54248046875,7455.81103515625,7138.54248046875,7402.9326171875,14339961,0.0,0.0
2015-08-31 00:00:00+07:00,7402.9326171875,7455.81103515625,7244.29833984375,7455.81103515625,14379826,0.0,0.0
2015-09-01 00:00:00+07:00,7350.0546875,7402.9326171875,7297.1767578125,7350.0546875,4667242,0.0,0.0
2015-09-03 00:00:00+07:00,7350.0546875,7350.0546875,7138.54248046875,7191.42041015625,2159170,0.0,0.0
2015-09-04 00:00:00+07:00,7085.6640625,7191.42041015625,7032.7861328125,7191.42041015625,2397037,0.0,0.0
2015-09-07 00:00:00+07:00,7032.7861328125,7297.1767578125,7032.7861328125,7191.42041015625,4548117,0.0,0.0
2015-09-08 00:00:00+07:00,7138.54248046875,7191.42041015625,7032.7861328125,7191.42041015625,4326930,0.0,0.0
2015-09-09 00:00:00+07:00,7138.54248046875,7244.29833984375,7138.54248046875,7191.42041015625,3642544,0.0,0.0
2015-09-10 00:00:00+07:00,7138.54248046875,7191.42041015625,7085.6640625,7138.54248046875,2508955,0.0,0.0
2015-09-11 00:00:00+07:00,7085.6640625,7191.42041015625,6979.908203125,6979.908203125,3357361,0.0,0.0
2015-09-14 00:00:00+07:00,6979.908203125,7138.54248046875,6979.908203125,7138.54248046875,3695741,0.0,0.0
2015-09-15 00:00:00+07:00,7085.6640625,7244.29833984375,7085.6640625,7244.29833984375,3624975,0.0,0.0
2015-09-16 00:00:00+07:00,7191.42041015625,7402.9326171875,7138.54248046875,7350.0546875,6007588,0.0,0.0
2015-09-17 00:00:00+07:00,7350.0546875,7350.0546875,7191.42041015625,7297.1767578125,3396658,0.0,0.0
2015-09-18 00:00:00+07:00,7297.1767578125,7297.1767578125,7191.42041015625,7297.1767578125,2626093,0.0,0.0
2015-09-21 00:00:00+07:00,7297.1767578125,7614.4453125,7244.29833984375,7350.0546875,7359946,0.0,0.0
2015-09-22 00:00:00+07:00,7297.1767578125,7402.9326171875,7244.29833984375,7244.29833984375,2582388,0.0,0.0
2015-09-23 00:00:00+07:00,7244.29833984375,7350.0546875,7244.29833984375,7244.29833984375,2448949,0.0,0.0
2015-09-24 00:00:00+07:00,7244.29833984375,7350.0546875,7244.29833984375,7244.29833984375,2210873,0.0,0.0
2015-09-25 00:00:00+07:00,7244.29833984375,7297.1767578125,7191.42041015625,7297.1767578125,1459202,0.0,0.0
2015-09-28 00:00:00+07:00,7297.1767578125,7350.0546875,7191.42041015625,7191.42041015625,1984806,0.0,0.0
2015-09-29 00:00:00+07:00,7191.42041015625,7297.1767578125,7191.42041015625,7244.29833984375,1848852,0.0,0.0
2015-09-30 00:00:00+07:00,7244.29833984375,7402.9326171875,7244.29833984375,7244.29833984375,4148596,0.0,0.0
2015-10-01 00:00:00+07:00,7244.29833984375,7561.56689453125,7244.29833984375,7561.56689453125,4112531,0.0,0.0
2015-10-02 00:00:00+07:00,7561.56689453125,7614.4453125,7455.81103515625,7614.4453125,5399113,0.0,0.0
2015-10-05 00:00:00+07:00,7614.4453125,7614.4453125,7508.68896484375,7508.68896484375,2463133,0.0,0.0
2015-10-06 00:00:00+07:00,7561.56689453125,7561.56689453125,7455.81103515625,7455.81103515625,2368577,0.0,0.0
2015-10-07 00:00:00+07:00,7455.81103515625,7614.4453125,7455.81103515625,7508.68896484375,4764332,0.0,0.0
2015-10-08 00:00:00+07:00,7561.56689453125,7773.07958984375,7508.68896484375,7667.3232421875,4819155,0.0,0.0
2015-10-09 00:00:00+07:00,7720.201171875,7984.591796875,7720.201171875,7931.7138671875,5609541,0.0,0.0
2015-10-12 00:00:00+07:00,7931.7138671875,7984.591796875,7825.95751953125,7825.95751953125,2689012,0.0,0.0
2015-10-13 00:00:00+07:00,7825.95751953125,7984.591796875,7825.95751953125,7984.591796875,4154514,0.0,0.0
2015-10-14 00:00:00+07:00,7984.591796875,8037.4697265625,7931.7138671875,7984.591796875,2598179,0.0,0.0
2015-10-15 00:00:00+07:00,7984.591796875,8090.34814453125,7984.591796875,8037.4697265625,5971903,0.0,0.0
2015-10-16 00:00:00+07:00,8090.34814453125,8301.8603515625,8037.4697265625,8143.22607421875,6996071,0.0,0.0
2015-10-19 00:00:00+07:00,8143.22607421875,8196.1044921875,8037.4697265625,8037.4697265625,3080705,0.0,0.0
2015-10-20 00:00:00+07:00,8037.4697265625,8143.22607421875,7984.591796875,8090.34814453125,3086077,0.0,0.0
2015-10-21 00:00:00+07:00,8090.34814453125,8143.22607421875,8037.4697265625,8090.34814453125,2882172,0.0,0.0
2015-10-22 00:00:00+07:00,8090.34814453125,8196.1044921875,8037.4697265625,8143.22607421875,2732092,0.0,0.0
2015-10-23 00:00:00+07:00,8143.22607421875,8460.494140625,8143.22607421875,8354.73828125,8081301,0.0,0.0
2015-10-26 00:00:00+07:00,8354.73828125,8407.6162109375,8196.1044921875,8196.1044921875,2487852,0.0,0.0
2015-10-27 00:00:00+07:00,8196.1044921875,8196.1044921875,8037.4697265625,8090.34814453125,2579571,0.0,0.0
2015-10-28 00:00:00+07:00,8037.4697265625,8196.1044921875,8037.4697265625,8143.22607421875,4621079,0.0,0.0
2015-10-29 00:00:00+07:00,8090.34814453125,8354.73828125,8090.34814453125,8248.982421875,6855047,0.0,0.0
2015-10-30 00:00:00+07:00,8248.982421875,8301.8603515625,8143.22607421875,8301.8603515625,4391965,0.0,0.0
2015-11-02 00:00:00+07:00,8248.982421875,8354.73828125,8248.982421875,8301.8603515625,4033594,0.0,0.0
2015-11-03 00:00:00+07:00,8301.8603515625,8619.12890625,8248.982421875,8619.12890625,10100720,0.0,0.0
2015-11-04 00:00:00+07:00,8619.12890625,8672.0068359375,8566.2509765625,8672.0068359375,3732847,0.0,0.0
2015-11-05 00:00:00+07:00,8672.0068359375,8672.0068359375,8513.373046875,8619.12890625,4423642,0.0,0.0
2015-11-06 00:00:00+07:00,8566.2509765625,8672.0068359375,8513.373046875,8619.12890625,5120283,0.0,0.0
2015-11-09 00:00:00+07:00,8566.2509765625,8777.7626953125,8566.2509765625,8724.884765625,3440798,0.0,0.0
2015-11-10 00:00:00+07:00,8724.884765625,8777.7626953125,8672.0068359375,8724.884765625,3753120,0.0,0.0
2015-11-11 00:00:00+07:00,8724.884765625,8989.275390625,8724.884765625,8936.3974609375,6319305,0.0,0.0
2015-11-12 00:00:00+07:00,8936.3974609375,9042.1533203125,8777.7626953125,8989.275390625,6468743,0.0,0.0
2015-11-13 00:00:00+07:00,8989.275390625,8989.275390625,8830.6416015625,8936.3974609375,3452409,0.0,0.0
2015-11-16 00:00:00+07:00,8883.51953125,9412.2998046875,8830.6416015625,9253.666015625,8723306,0.0,0.0
2015-11-17 00:00:00+07:00,9042.1533203125,9306.5439453125,9042.1533203125,9147.91015625,6527084,0.0,0.0
2015-11-18 00:00:00+07:00,9042.1533203125,9518.056640625,9042.1533203125,9465.1787109375,10764586,0.0,0.0
2015-11-19 00:00:00+07:00,9359.421875,9518.056640625,9200.7880859375,9412.2998046875,12414647,0.0,0.0
2015-11-20 00:00:00+07:00,9359.421875,9412.2998046875,9253.666015625,9306.5439453125,3956890,0.0,0.0
2015-11-23 00:00:00+07:00,9359.421875,9782.447265625,9200.7880859375,9729.568359375,11529988,0.0,0.0
2015-11-24 00:00:00+07:00,9623.8125,9888.203125,9465.1787109375,9888.203125,7990261,0.0,0.0
2015-11-25 00:00:00+07:00,9888.203125,10152.59375,9729.568359375,10152.59375,11946060,0.0,0.0
2015-11-26 00:00:00+07:00,9888.203125,10205.4716796875,9888.203125,9993.958984375,11557806,0.0,0.0
2015-11-27 00:00:00+07:00,9835.3251953125,9993.958984375,9676.6904296875,9835.3251953125,8991169,0.0,0.0
2015-11-30 00:00:00+07:00,9835.3251953125,9888.203125,9570.9345703125,9623.8125,3714258,0.0,0.0
2015-12-01 00:00:00+07:00,9570.9345703125,9676.6904296875,9518.056640625,9676.6904296875,8310338,0.0,0.0
2015-12-02 00:00:00+07:00,9623.8125,9888.203125,9623.8125,9835.3251953125,3217566,0.0,0.0
2015-12-03 00:00:00+07:00,9835.3251953125,9888.203125,9729.568359375,9835.3251953125,6115176,0.0,0.0
2015-12-04 00:00:00+07:00,9835.3251953125,9888.203125,9623.8125,9782.447265625,5805159,0.0,0.0
2015-12-07 00:00:00+07:00,9941.0810546875,9993.958984375,9835.3251953125,9888.203125,3547779,0.0,0.0
2015-12-08 00:00:00+07:00,9888.203125,9941.0810546875,9729.568359375,9941.0810546875,4054529,0.0,0.0
2015-12-09 00:00:00+07:00,9888.203125,9993.958984375,9729.568359375,9993.958984375,6481830,0.0,0.0
2015-12-10 00:00:00+07:00,9941.0810546875,10152.59375,9835.3251953125,10152.59375,9203278,0.0,0.0
2015-12-11 00:00:00+07:00,10152.59375,10258.349609375,9993.958984375,10258.349609375,5495392,0.0,0.0
2015-12-14 00:00:00+07:00,10152.59375,10311.2275390625,10152.59375,10205.4716796875,2792531,0.0,0.0
2015-12-15 00:00:00+07:00,10152.59375,10311.2275390625,10046.8369140625,10205.4716796875,5137776,0.0,0.0
2015-12-16 00:00:00+07:00,10152.59375,10364.10546875,10099.7158203125,10258.349609375,5357224,0.0,0.0
2015-12-17 00:00:00+07:00,10258.349609375,10416.984375,10205.4716796875,10364.10546875,7316562,0.0,0.0
2015-12-18 00:00:00+07:00,10258.349609375,10681.3740234375,10205.4716796875,10681.3740234375,14565650,0.0,0.0
2015-12-21 00:00:00+07:00,10892.88671875,11421.66796875,10840.0087890625,11421.66796875,14281128,0.0,0.0
2015-12-22 00:00:00+07:00,11210.1552734375,11527.423828125,11210.1552734375,11527.423828125,3219174,0.0,0.0
2015-12-23 00:00:00+07:00,11527.423828125,11633.1796875,11527.423828125,11633.1796875,4344274,0.0,0.0
2015-12-24 00:00:00+07:00,11633.1796875,12373.4736328125,11421.66796875,12320.595703125,13835423,0.0,0.0
2015-12-25 00:00:00+07:00,12267.716796875,12373.4736328125,12109.0830078125,12214.8388671875,4090916,0.0,0.0
2015-12-28 00:00:00+07:00,12161.9609375,12426.3515625,12161.9609375,12320.595703125,3136153,0.0,0.0
2015-12-29 00:00:00+07:00,12267.716796875,12373.4736328125,12109.0830078125,12373.4736328125,6131117,0.0,0.0
2015-12-30 00:00:00+07:00,12320.595703125,12532.107421875,12320.595703125,12479.2294921875,6560653,0.0,0.0
2015-12-31 00:00:00+07:00,12426.3515625,12902.25390625,12320.595703125,12743.6201171875,4315676,0.0,0.0
2016-01-04 00:00:00+07:00,12743.6201171875,13325.279296875,12637.8642578125,13219.5224609375,2645327,0.0,0.0
2016-01-05 00:00:00+07:00,13166.64453125,13431.03515625,13008.0107421875,13272.400390625,2222618,0.0,0.0
2016-01-06 00:00:00+07:00,13166.64453125,13589.6689453125,13166.64453125,13589.6689453125,2409993,0.0,0.0
2016-01-07 00:00:00+07:00,13536.791015625,13801.181640625,13378.1572265625,13748.3037109375,9315500,0.0,0.0
2016-01-08 00:00:00+07:00,13748.3037109375,13748.3037109375,13325.279296875,13483.9130859375,3017561,0.0,0.0
2016-01-11 00:00:00+07:00,13378.1572265625,13378.1572265625,12690.7421875,12955.1328125,3894918,0.0,0.0
2016-01-12 00:00:00+07:00,12849.3759765625,13113.7666015625,12637.8642578125,13060.888671875,3429564,0.0,0.0
2016-01-13 00:00:00+07:00,13060.888671875,13219.5224609375,12902.25390625,13060.888671875,2526260,0.0,0.0
2016-01-14 00:00:00+07:00,13008.0107421875,13008.0107421875,12796.498046875,12902.25390625,2745575,0.0,0.0
2016-01-15 00:00:00+07:00,12902.25390625,13008.0107421875,12690.7421875,12955.1328125,2243988,0.0,0.0
2016-01-18 00:00:00+07:00,12955.1328125,12955.1328125,12584.9853515625,12796.498046875,4545830,0.0,0.0
2016-01-19 00:00:00+07:00,12849.3759765625,13113.7666015625,12849.3759765625,12955.1328125,1771183,0.0,0.0
2016-01-20 00:00:00+07:00,12849.3759765625,13008.0107421875,12743.6201171875,12849.3759765625,1506063,0.0,0.0
2016-01-21 00:00:00+07:00,12796.498046875,13008.0107421875,12796.498046875,12955.1328125,2468844,0.0,0.0
2016-01-22 00:00:00+07:00,12902.25390625,13219.5224609375,12902.25390625,13113.7666015625,2946983,0.0,0.0
2016-01-25 00:00:00+07:00,13113.7666015625,13589.6689453125,13113.7666015625,13589.6689453125,3682127,0.0,0.0
2016-01-26 00:00:00+07:00,13483.9130859375,13536.791015625,13219.5224609375,13378.1572265625,2100962,0.0,0.0
2016-01-27 00:00:00+07:00,13378.1572265625,14277.0849609375,13378.1572265625,14277.0849609375,4669453,0.0,0.0
2016-01-28 00:00:00+07:00,14277.0849609375,14435.71875,14224.2060546875,14329.962890625,3062493,0.0,0.0
2016-01-29 00:00:00+07:00,14329.962890625,14435.71875,14171.328125,14171.328125,2525125,0.0,0.0
2016-02-01 00:00:00+07:00,14118.4501953125,14118.4501953125,13219.5224609375,13219.5224609375,5124480,0.0,0.0
2016-02-02 00:00:00+07:00,12479.2294921875,12796.498046875,12479.2294921875,12532.107421875,2589633,0.0,0.0
2016-02-03 00:00:00+07:00,12373.4736328125,12849.3759765625,12320.595703125,12849.3759765625,2212443,0.0,0.0
2016-02-04 00:00:00+07:00,12743.6201171875,13166.64453125,12743.6201171875,13166.64453125,3406020,0.0,0.0
2016-02-05 00:00:00+07:00,13113.7666015625,13431.03515625,13113.7666015625,13378.1572265625,3695712,0.0,0.0
2016-02-15 00:00:00+07:00,13219.5224609375,13748.3037109375,13219.5224609375,13748.3037109375,2548934,0.0,0.0
2016-02-16 00:00:00+07:00,13589.6689453125,13959.81640625,13589.6689453125,13906.9375,3137174,0.0,0.0
2016-02-17 00:00:00+07:00,13906.9375,14382.8408203125,13906.9375,14277.0849609375,4538984,0.0,0.0
2016-02-18 00:00:00+07:00,14277.0849609375,14647.2314453125,14277.0849609375,14647.2314453125,4473075,0.0,0.0
2016-02-19 00:00:00+07:00,14594.353515625,15228.890625,14541.474609375,15070.255859375,5917643,0.0,0.0
2016-02-22 00:00:00+07:00,15070.255859375,15334.646484375,14911.6220703125,15176.01171875,3836102,0.0,0.0
2016-02-23 00:00:00+07:00,15176.01171875,15281.7685546875,14805.865234375,14805.865234375,4466079,0.0,0.0
2016-02-24 00:00:00+07:00,14700.109375,14858.7431640625,14488.5966796875,14647.2314453125,3812634,0.0,0.0
2016-02-25 00:00:00+07:00,14382.8408203125,14647.2314453125,14171.328125,14647.2314453125,6273501,0.0,0.0
2016-02-26 00:00:00+07:00,14594.353515625,15599.037109375,14277.0849609375,15334.646484375,6302946,0.0,0.0
2016-02-29 00:00:00+07:00,14647.2314453125,15228.890625,14647.2314453125,15070.255859375,6352590,0.0,0.0
2016-03-01 00:00:00+07:00,14858.7431640625,15017.3779296875,14541.474609375,14594.353515625,6062752,0.0,0.0
2016-03-02 00:00:00+07:00,14382.8408203125,14752.9873046875,14224.2060546875,14647.2314453125,6333280,0.0,0.0
2016-03-03 00:00:00+07:00,14594.353515625,14594.353515625,14277.0849609375,14329.962890625,2954868,0.0,0.0
2016-03-04 00:00:00+07:00,14171.328125,14752.9873046875,14065.572265625,14594.353515625,4652528,0.0,0.0
2016-03-07 00:00:00+07:00,14541.474609375,15228.890625,14541.474609375,15176.01171875,7118350,0.0,0.0
2016-03-08 00:00:00+07:00,15070.255859375,15281.7685546875,14700.109375,14700.109375,4799338,0.0,0.0
2016-03-09 00:00:00+07:00,14594.353515625,14752.9873046875,14329.962890625,14329.962890625,4984480,0.0,0.0
2016-03-10 00:00:00+07:00,14224.2060546875,15281.7685546875,14224.2060546875,15281.7685546875,10402356,0.0,0.0
2016-03-11 00:00:00+07:00,15281.7685546875,15651.9150390625,14858.7431640625,14911.6220703125,7122625,0.0,0.0
2016-03-14 00:00:00+07:00,15070.255859375,15810.548828125,14964.5,15810.548828125,7469176,0.0,0.0
2016-03-15 00:00:00+07:00,15810.548828125,15916.3056640625,15334.646484375,15704.79296875,3859345,0.0,0.0
2016-03-16 00:00:00+07:00,15704.79296875,16074.939453125,15546.1591796875,16074.939453125,7579846,0.0,0.0
2016-03-17 00:00:00+07:00,16022.0615234375,16392.208984375,16022.0615234375,16286.4521484375,14363050,0.0,0.0
2016-03-18 00:00:00+07:00,15334.646484375,15810.548828125,15176.01171875,15176.01171875,18050779,0.0,0.0
2016-03-21 00:00:00+07:00,14700.109375,14805.865234375,14118.4501953125,14805.865234375,5535294,0.0,0.0
2016-03-22 00:00:00+07:00,14700.109375,15017.3779296875,14488.5966796875,15017.3779296875,3991594,0.0,0.0
2016-03-23 00:00:00+07:00,14964.5,15123.1337890625,14488.5966796875,15070.255859375,6147891,0.0,0.0
2016-03-24 00:00:00+07:00,14805.865234375,15123.1337890625,14594.353515625,15017.3779296875,5999191,0.0,0.0
2016-03-25 00:00:00+07:00,14964.5,15070.255859375,14700.109375,15017.3779296875,7035404,0.0,0.0
2016-03-28 00:00:00+07:00,14911.6220703125,15017.3779296875,14752.9873046875,14911.6220703125,8021540,0.0,0.0
2016-03-29 00:00:00+07:00,14752.9873046875,14964.5,14541.474609375,14700.109375,5261077,0.0,0.0
2016-03-30 00:00:00+07:00,14541.474609375,15228.890625,14541.474609375,15228.890625,6666689,0.0,0.0
2016-03-31 00:00:00+07:00,15123.1337890625,15599.037109375,15070.255859375,15334.646484375,8166951,0.0,0.0
2016-04-01 00:00:00+07:00,15070.255859375,15228.890625,14911.6220703125,15070.255859375,5336837,0.0,0.0
2016-04-04 00:00:00+07:00,14964.5,15228.890625,14805.865234375,15228.890625,3366286,0.0,0.0
2016-04-05 00:00:00+07:00,15176.01171875,15281.7685546875,15070.255859375,15281.7685546875,2485315,0.0,0.0
2016-04-06 00:00:00+07:00,15281.7685546875,15493.2802734375,15176.01171875,15493.2802734375,3702719,0.0,0.0
2016-04-07 00:00:00+07:00,15493.2802734375,15969.18359375,15493.2802734375,15916.3056640625,2882004,0.0,0.0
2016-04-08 00:00:00+07:00,15969.18359375,15969.18359375,15704.79296875,15810.548828125,3213140,0.0,0.0
2016-04-11 00:00:00+07:00,15704.79296875,16127.8173828125,15599.037109375,16127.8173828125,3398870,0.0,0.0
2016-04-12 00:00:00+07:00,16022.0615234375,16550.841796875,16022.0615234375,16550.841796875,5014189,0.0,0.0
2016-04-13 00:00:00+07:00,16497.96484375,16603.720703125,16392.208984375,16445.0859375,1723374,0.0,0.0
2016-04-14 00:00:00+07:00,16127.8173828125,16339.330078125,16127.8173828125,16180.6962890625,2976370,0.0,0.0
2016-04-15 00:00:00+07:00,16127.8173828125,16656.599609375,15916.3056640625,16445.0859375,4467082,0.0,0.0
2016-04-19 00:00:00+07:00,16445.0859375,16603.720703125,16180.6962890625,16603.720703125,2721350,0.0,0.0
2016-04-20 00:00:00+07:00,16603.720703125,16815.232421875,16550.841796875,16815.232421875,2181807,0.0,0.0
2016-04-21 00:00:00+07:00,16762.35546875,17185.37890625,16550.841796875,17185.37890625,2380302,0.0,0.0
2016-04-22 00:00:00+07:00,17238.2578125,17661.283203125,17132.501953125,17661.283203125,3410614,0.0,0.0
2016-04-25 00:00:00+07:00,17661.283203125,17925.673828125,17555.525390625,17555.525390625,2162971,0.0,0.0
2016-04-26 00:00:00+07:00,17502.6484375,17767.0390625,17396.892578125,17767.0390625,3341285,0.0,0.0
2016-04-27 00:00:00+07:00,17819.916015625,17872.794921875,17608.404296875,17872.794921875,1996192,0.0,0.0
2016-04-28 00:00:00+07:00,17767.0390625,17925.673828125,17608.404296875,17661.283203125,2195025,0.0,0.0
2016-04-29 00:00:00+07:00,17661.283203125,17767.0390625,17344.013671875,17555.525390625,2746521,0.0,0.0
2016-05-04 00:00:00+07:00,17555.525390625,17767.0390625,17291.13671875,17767.0390625,2418313,0.0,0.0
2016-05-05 00:00:00+07:00,17396.892578125,17819.916015625,17344.013671875,17819.916015625,2995490,0.0,0.0
2016-05-06 00:00:00+07:00,17555.525390625,17767.0390625,17555.525390625,17767.0390625,2654668,0.0,0.0
2016-05-09 00:00:00+07:00,17502.6484375,17714.16015625,17291.13671875,17291.13671875,2114991,0.0,0.0
2016-05-10 00:00:00+07:00,17291.13671875,17291.13671875,16127.8173828125,16656.599609375,7883506,0.0,0.0
2016-05-11 00:00:00+07:00,16656.599609375,16868.111328125,16022.0615234375,16868.111328125,5868023,0.0,0.0
2016-05-12 00:00:00+07:00,16868.111328125,17238.2578125,16762.35546875,17185.37890625,3517199,0.0,0.0
2016-05-13 00:00:00+07:00,16550.841796875,16550.841796875,16392.208984375,16497.96484375,4285249,0.0,0.0
2016-05-16 00:00:00+07:00,16497.96484375,16603.720703125,16233.57421875,16233.57421875,3729235,0.0,0.0
2016-05-17 00:00:00+07:00,15916.3056640625,16603.720703125,15916.3056640625,16497.96484375,7168958,0.0,0.0
2016-05-18 00:00:00+07:00,16445.0859375,16497.96484375,16180.6962890625,16392.208984375,2176133,0.0,0.0
2016-05-19 00:00:00+07:00,16339.330078125,16603.720703125,16286.4521484375,16497.96484375,2445771,0.0,0.0
2016-05-20 00:00:00+07:00,16339.330078125,16868.111328125,16339.330078125,16709.4765625,3276967,0.0,0.0
2016-05-23 00:00:00+07:00,16339.330078125,16550.841796875,16339.330078125,16550.841796875,2240696,0.0,0.0
2016-05-24 00:00:00+07:00,16497.96484375,16603.720703125,16233.57421875,16233.57421875,3898038,0.0,0.0
2016-05-25 00:00:00+07:00,16233.57421875,17079.623046875,16074.939453125,17079.623046875,12617735,0.0,0.0
2016-05-26 00:00:00+07:00,16973.8671875,17291.13671875,16973.8671875,17185.37890625,3173956,0.0,0.0
2016-05-27 00:00:00+07:00,17132.501953125,17291.13671875,16920.98828125,17079.623046875,4343836,0.0,0.0
2016-05-30 00:00:00+07:00,17026.74609375,17185.37890625,16920.98828125,16920.98828125,2907174,0.0,0.0
2016-05-31 00:00:00+07:00,16920.98828125,17132.501953125,16762.35546875,16762.35546875,4238008,0.0,0.0
2016-06-01 00:00:00+07:00,16656.599609375,16920.98828125,16550.841796875,16868.111328125,4205347,0.0,0.0
2016-06-02 00:00:00+07:00,16868.111328125,16973.8671875,16656.599609375,16709.4765625,4115670,0.0,0.0
2016-06-03 00:00:00+07:00,16868.111328125,16920.98828125,16762.35546875,16815.232421875,2440552,0.0,0.0
2016-06-06 00:00:00+07:00,16709.4765625,17185.37890625,16603.720703125,17185.37890625,2200472,0.0,0.0
2016-06-07 00:00:00+07:00,17291.13671875,17608.404296875,17185.37890625,17608.404296875,2483918,0.0,0.0
2016-06-08 00:00:00+07:00,17502.6484375,18824.599609375,17502.6484375,18824.599609375,5357281,0.0,0.0
2016-06-09 00:00:00+07:00,19036.11328125,19141.869140625,18930.357421875,19088.990234375,1739299,0.0,0.0
2016-06-10 00:00:00+07:00,19088.990234375,19564.89453125,18930.357421875,19512.015625,1909878,0.0,0.0
2016-06-13 00:00:00+07:00,19036.11328125,19088.990234375,18190.0625,18190.0625,3367192,0.0,0.0
2016-06-14 00:00:00+07:00,17978.55078125,18242.94140625,17344.013671875,18242.94140625,5697969,0.0,0.0
2016-06-15 00:00:00+07:00,18031.4296875,18190.0625,17714.16015625,18137.185546875,3633827,0.0,0.0
2016-06-16 00:00:00+07:00,18031.4296875,18454.453125,17608.404296875,18454.453125,2652360,0.0,0.0
2016-06-17 00:00:00+07:00,18295.8203125,18401.576171875,17185.37890625,17185.37890625,9840556,0.0,0.0
2016-06-20 00:00:00+07:00,17238.2578125,17396.892578125,16180.6962890625,17396.892578125,6912935,0.0,0.0
2016-06-21 00:00:00+07:00,17396.892578125,17661.283203125,17132.501953125,17555.525390625,5235415,0.0,0.0
2016-06-22 00:00:00+07:00,17185.37890625,17396.892578125,17079.623046875,17344.013671875,7853324,0.0,0.0
2016-06-23 00:00:00+07:00,17079.623046875,17079.623046875,16497.96484375,16656.599609375,5112832,0.0,0.0
2016-06-24 00:00:00+07:00,16709.4765625,16709.4765625,15493.2802734375,16497.96484375,5927479,0.0,0.0
2016-06-27 00:00:00+07:00,16339.330078125,16603.720703125,16127.8173828125,16603.720703125,1506896,0.0,0.0
2016-06-28 00:00:00+07:00,16656.599609375,16709.4765625,16392.208984375,16709.4765625,2125658,0.0,0.0
2016-06-29 00:00:00+07:00,16709.4765625,17132.501953125,16709.4765625,16868.111328125,3785646,0.0,0.0
2016-06-30 00:00:00+07:00,16868.111328125,16973.8671875,16497.96484375,16497.96484375,3126036,0.0,0.0
2016-07-01 00:00:00+07:00,16445.0859375,16709.4765625,16127.8173828125,16550.841796875,7117443,0.0,0.0
2016-07-04 00:00:00+07:00,16550.841796875,16603.720703125,16286.4521484375,16445.0859375,2130991,0.0,0.0
2016-07-05 00:00:00+07:00,16445.0859375,16656.599609375,16392.208984375,16550.841796875,2639273,0.0,0.0
2016-07-06 00:00:00+07:00,16392.208984375,16762.35546875,16233.57421875,16762.35546875,2895355,0.0,0.0
2016-07-07 00:00:00+07:00,16709.4765625,17132.501953125,16603.720703125,17132.501953125,3109638,0.0,0.0
2016-07-08 00:00:00+07:00,17132.501953125,17344.013671875,17079.623046875,17291.13671875,2565444,0.0,0.0
2016-07-11 00:00:00+07:00,17238.2578125,17396.892578125,16920.98828125,16973.8671875,2914757,0.0,0.0
2016-07-12 00:00:00+07:00,16973.8671875,17185.37890625,16920.98828125,17185.37890625,1851936,0.0,0.0
2016-07-13 00:00:00+07:00,17132.501953125,18084.306640625,17026.74609375,18084.306640625,8185994,0.0,0.0
2016-07-14 00:00:00+07:00,18031.4296875,18348.697265625,17767.0390625,17767.0390625,4769401,0.0,0.0
2016-07-15 00:00:00+07:00,17661.283203125,17925.673828125,17661.283203125,17767.0390625,2076923,0.0,0.0
2016-07-18 00:00:00+07:00,17608.404296875,17978.55078125,17608.404296875,17767.0390625,2701966,0.0,0.0
2016-07-19 00:00:00+07:00,17819.916015625,18084.306640625,17714.16015625,17925.673828125,2813467,0.0,0.0
2016-07-20 00:00:00+07:00,17819.916015625,17872.794921875,17555.525390625,17608.404296875,2183413,0.0,0.0
2016-07-21 00:00:00+07:00,17661.283203125,17714.16015625,17344.013671875,17344.013671875,2161554,0.0,0.0
2016-07-22 00:00:00+07:00,17238.2578125,17661.283203125,16815.232421875,17661.283203125,2835631,0.0,0.0
2016-07-25 00:00:00+07:00,17661.283203125,17714.16015625,17449.76953125,17449.76953125,3049047,0.0,0.0
2016-07-26 00:00:00+07:00,17449.76953125,17449.76953125,17238.2578125,17291.13671875,2008901,0.0,0.0
2016-07-27 00:00:00+07:00,17291.13671875,17344.013671875,16973.8671875,16973.8671875,3620171,0.0,0.0
2016-07-28 00:00:00+07:00,16709.4765625,17026.74609375,16603.720703125,17026.74609375,4807697,0.0,0.0
2016-07-29 00:00:00+07:00,17026.74609375,17344.013671875,16920.98828125,17344.013671875,8598982,0.0,0.0
2016-08-01 00:00:00+07:00,17344.013671875,17555.525390625,17238.2578125,17396.892578125,2364151,0.0,0.0
2016-08-02 00:00:00+07:00,17396.892578125,17396.892578125,17026.74609375,17238.2578125,2597727,0.0,0.0
2016-08-03 00:00:00+07:00,17132.501953125,17396.892578125,16973.8671875,17291.13671875,5294872,0.0,0.0
2016-08-04 00:00:00+07:00,17344.013671875,17608.404296875,17344.013671875,17396.892578125,4105875,0.0,0.0
2016-08-05 00:00:00+07:00,17344.013671875,17502.6484375,17185.37890625,17396.892578125,4535559,0.0,0.0
2016-08-08 00:00:00+07:00,17396.892578125,17449.76953125,17291.13671875,17449.76953125,2834345,0.0,0.0
2016-08-09 00:00:00+07:00,17449.76953125,18242.94140625,17449.76953125,18242.94140625,7309772,0.0,0.0
2016-08-10 00:00:00+07:00,18295.8203125,18930.357421875,18137.185546875,18771.72265625,3638667,0.0,0.0
2016-08-11 00:00:00+07:00,18613.087890625,18718.84375,18401.576171875,18665.966796875,2308400,0.0,0.0
2016-08-12 00:00:00+07:00,18665.966796875,18665.966796875,18295.8203125,18295.8203125,1868690,0.0,0.0
2016-08-15 00:00:00+07:00,18190.0625,18348.697265625,17872.794921875,18242.94140625,4512204,0.0,0.0
2016-08-16 00:00:00+07:00,18190.0625,18507.33203125,17925.673828125,18507.33203125,4968690,0.0,0.0
2016-08-17 00:00:00+07:00,18507.33203125,19141.869140625,18242.94140625,19036.11328125,5770306,0.0,0.0
2016-08-18 00:00:00+07:00,18824.599609375,18824.599609375,18242.94140625,18242.94140625,3185815,0.0,0.0
2016-08-19 00:00:00+07:00,18242.94140625,18665.966796875,18242.94140625,18507.33203125,4007650,0.0,0.0
2016-08-22 00:00:00+07:00,18507.33203125,18824.599609375,18401.576171875,18771.72265625,3704102,0.0,0.0
2016-08-23 00:00:00+07:00,18665.966796875,18665.966796875,18454.453125,18613.087890625,3974440,0.0,0.0
2016-08-24 00:00:00+07:00,18613.087890625,18771.72265625,18560.2109375,18718.84375,2871337,0.0,0.0
2016-08-25 00:00:00+07:00,18507.33203125,18930.357421875,18295.8203125,18771.72265625,4053414,0.0,0.0
2016-08-26 00:00:00+07:00,18507.33203125,18824.599609375,18348.697265625,18824.599609375,4206255,0.0,0.0
2016-08-29 00:00:00+07:00,18771.72265625,18983.234375,18560.2109375,18613.087890625,4889222,0.0,0.0
2016-08-30 00:00:00+07:00,18507.33203125,18560.2109375,18190.0625,18348.697265625,3231485,0.0,0.0
2016-08-31 00:00:00+07:00,18348.697265625,18665.966796875,18242.94140625,18560.2109375,4396713,0.0,0.0
2016-09-01 00:00:00+07:00,18560.2109375,18665.966796875,18295.8203125,18560.2109375,2921394,0.0,0.0
2016-09-05 00:00:00+07:00,18454.453125,18613.087890625,18137.185546875,18190.0625,3168491,0.0,0.0
2016-09-06 00:00:00+07:00,17872.794921875,18454.453125,17767.0390625,18242.94140625,3497285,0.0,0.0
2016-09-07 00:00:00+07:00,18242.94140625,18507.33203125,18031.4296875,18454.453125,2287200,0.0,0.0
2016-09-08 00:00:00+07:00,18242.94140625,18401.576171875,17185.37890625,18295.8203125,10126383,0.0,0.0
2016-09-09 00:00:00+07:00,18242.94140625,18242.94140625,17661.283203125,17925.673828125,5761114,0.0,0.0
2016-09-12 00:00:00+07:00,17925.673828125,18163.625,17872.794921875,18084.306640625,1884367,0.0,0.0
2016-09-13 00:00:00+07:00,17899.234375,17899.234375,17264.697265625,17396.892578125,2784646,0.0,0.0
2016-09-14 00:00:00+07:00,17344.013671875,17661.283203125,17344.013671875,17555.525390625,4115293,0.0,0.0
2016-09-15 00:00:00+07:00,17555.525390625,18031.4296875,17502.6484375,18031.4296875,5695869,0.0,0.0
2016-09-16 00:00:00+07:00,17925.673828125,18031.4296875,16788.79296875,16788.79296875,9884203,0.0,0.0
2016-09-19 00:00:00+07:00,16815.232421875,17714.16015625,15625.4755859375,17449.76953125,9967414,0.0,0.0
2016-09-20 00:00:00+07:00,17185.37890625,17608.404296875,16233.57421875,17238.2578125,7875376,0.0,0.0
2016-09-21 00:00:00+07:00,16656.599609375,16656.599609375,16048.5009765625,16233.57421875,5807070,0.0,0.0
2016-09-22 00:00:00+07:00,16127.8173828125,16180.6962890625,15123.1337890625,15863.427734375,6731346,0.0,0.0
2016-09-23 00:00:00+07:00,15599.037109375,16339.330078125,15599.037109375,16339.330078125,3687420,0.0,0.0
2016-09-26 00:00:00+07:00,16233.57421875,16497.96484375,15969.18359375,16392.208984375,1371679,0.0,0.0
2016-09-27 00:00:00+07:00,16048.5009765625,16392.208984375,16048.5009765625,16339.330078125,3710814,0.0,0.0
2016-09-28 00:00:00+07:00,16154.2568359375,16339.330078125,16127.8173828125,16233.57421875,2561245,0.0,0.0
2016-09-29 00:00:00+07:00,16127.8173828125,16286.4521484375,16074.939453125,16286.4521484375,3117903,0.0,0.0
2016-09-30 00:00:00+07:00,16392.208984375,16392.208984375,16180.6962890625,16392.208984375,4406000,0.0,0.0
2016-10-03 00:00:00+07:00,16392.208984375,16497.96484375,16233.57421875,16233.57421875,3010771,0.0,0.0
2016-10-04 00:00:00+07:00,16233.57421875,16365.76953125,16154.2568359375,16286.4521484375,3487622,0.0,0.0
2016-10-05 00:00:00+07:00,16233.57421875,16392.208984375,16154.2568359375,16392.208984375,1869543,0.0,0.0
2016-10-06 00:00:00+07:00,16392.208984375,16445.0859375,16286.4521484375,16392.208984375,3586245,0.0,0.0
2016-10-07 00:00:00+07:00,16392.208984375,16392.208984375,16180.6962890625,16207.134765625,5698972,0.0,0.0
2016-10-10 00:00:00+07:00,16233.57421875,16233.57421875,15969.18359375,16233.57421875,3067012,0.0,0.0
2016-10-11 00:00:00+07:00,17185.37890625,17357.234375,16222.998046875,17357.234375,2222277,0.0,0.0
2016-10-12 00:00:00+07:00,17357.234375,18388.35546875,17047.896484375,18285.244140625,3961095,0.0,0.0
2016-10-13 00:00:00+07:00,18285.244140625,18457.09765625,17941.537109375,18216.501953125,2233449,0.0,0.0
2016-10-14 00:00:00+07:00,17391.603515625,18285.244140625,17322.86328125,18147.76171875,1810677,0.0,0.0
2016-10-17 00:00:00+07:00,17872.794921875,18216.501953125,17804.052734375,18010.27734375,1492440,0.0,0.0
2016-10-18 00:00:00+07:00,17872.794921875,18285.244140625,17872.794921875,18147.76171875,6499272,0.0,0.0
2016-10-19 00:00:00+07:00,18147.76171875,18491.46875,18147.76171875,18319.615234375,3180825,0.0,0.0
2016-10-20 00:00:00+07:00,18285.244140625,18319.615234375,17941.537109375,18147.76171875,815806,0.0,0.0
2016-10-21 00:00:00+07:00,18079.01953125,18147.76171875,17872.794921875,17941.537109375,1334780,0.0,0.0
2016-10-24 00:00:00+07:00,17872.794921875,17941.537109375,17735.3125,17941.537109375,1768838,0.0,0.0
2016-10-25 00:00:00+07:00,17185.37890625,18147.76171875,17185.37890625,18079.01953125,1443112,0.0,0.0
2016-10-26 00:00:00+07:00,17735.3125,18079.01953125,17460.345703125,18010.27734375,1109791,0.0,0.0
2016-10-27 00:00:00+07:00,17597.828125,18525.83984375,17494.716796875,18525.83984375,1516939,0.0,0.0
2016-10-28 00:00:00+07:00,18285.244140625,18491.46875,17804.052734375,18216.501953125,2131473,0.0,0.0
2016-10-31 00:00:00+07:00,17872.794921875,18079.01953125,17357.234375,18079.01953125,2342394,0.0,0.0
2016-11-01 00:00:00+07:00,17735.3125,17804.052734375,16841.671875,17116.638671875,2935165,0.0,0.0
2016-11-02 00:00:00+07:00,16979.154296875,17460.345703125,16429.22265625,17322.86328125,3539342,0.0,0.0
2016-11-03 00:00:00+07:00,17185.37890625,17185.37890625,16772.9296875,17013.525390625,953554,0.0,0.0
2016-11-04 00:00:00+07:00,17013.525390625,17013.525390625,16566.705078125,16979.154296875,1633375,0.0,0.0
2016-11-07 00:00:00+07:00,16497.96484375,17047.896484375,16497.96484375,17047.896484375,758358,0.0,0.0
2016-11-08 00:00:00+07:00,16910.4140625,17116.638671875,16772.9296875,17116.638671875,987827,0.0,0.0
2016-11-09 00:00:00+07:00,16979.154296875,16979.154296875,16291.740234375,16635.447265625,1825108,0.0,0.0
2016-11-10 00:00:00+07:00,16635.447265625,16635.447265625,16360.4814453125,16635.447265625,793025,0.0,0.0
2016-11-11 00:00:00+07:00,16601.076171875,16601.076171875,16291.740234375,16497.96484375,613919,0.0,0.0
2016-11-14 00:00:00+07:00,16360.4814453125,16394.8515625,15810.548828125,16394.8515625,1332598,0.0,0.0
2016-11-15 00:00:00+07:00,16154.2568359375,16429.22265625,16085.515625,16429.22265625,677040,0.0,0.0
2016-11-16 00:00:00+07:00,16222.998046875,16429.22265625,16085.515625,16429.22265625,662784,0.0,0.0
2016-11-17 00:00:00+07:00,16429.22265625,16429.22265625,15948.0322265625,16429.22265625,2143489,0.0,0.0
2016-11-18 00:00:00+07:00,16291.740234375,16429.22265625,16222.998046875,16429.22265625,1213193,0.0,0.0
2016-11-21 00:00:00+07:00,16360.4814453125,16360.4814453125,16154.2568359375,16360.4814453125,1237050,0.0,0.0
2016-11-22 00:00:00+07:00,15982.4033203125,16360.4814453125,15879.291015625,16326.1103515625,2403057,0.0,0.0
2016-11-23 00:00:00+07:00,16085.515625,16291.740234375,15948.0322265625,16222.998046875,1777189,0.0,0.0
2016-11-24 00:00:00+07:00,16222.998046875,16841.671875,16016.7734375,16841.671875,2483837,0.0,0.0
2016-11-25 00:00:00+07:00,16704.189453125,17116.638671875,16497.96484375,16635.447265625,3197337,0.0,0.0
2016-11-28 00:00:00+07:00,16497.96484375,16910.4140625,15879.291015625,16910.4140625,2529864,0.0,0.0
2016-11-29 00:00:00+07:00,16704.189453125,16910.4140625,16154.2568359375,16910.4140625,3271861,0.0,0.0
2016-11-30 00:00:00+07:00,16635.447265625,16704.189453125,16429.22265625,16704.189453125,2376782,0.0,0.0
2016-12-01 00:00:00+07:00,16497.96484375,16772.9296875,16463.59375,16497.96484375,11470981,0.0,0.0
2016-12-02 00:00:00+07:00,16429.22265625,16979.154296875,16291.740234375,16910.4140625,6769936,0.0,0.0
2016-12-05 00:00:00+07:00,16772.9296875,16772.9296875,16635.447265625,16772.9296875,10502849,0.0,0.0
2016-12-06 00:00:00+07:00,16669.818359375,16704.189453125,16257.369140625,16704.189453125,1765538,0.0,0.0
2016-12-07 00:00:00+07:00,16704.189453125,17116.638671875,16497.96484375,16910.4140625,15670714,0.0,0.0
2016-12-08 00:00:00+07:00,16979.154296875,17185.37890625,16291.740234375,16772.9296875,3782951,0.0,0.0
2016-12-09 00:00:00+07:00,16772.9296875,16772.9296875,16016.7734375,16360.4814453125,2536658,0.0,0.0
2016-12-12 00:00:00+07:00,16291.740234375,16532.3359375,15638.6953125,16085.515625,2250951,0.0,0.0
2016-12-13 00:00:00+07:00,15466.841796875,16154.2568359375,15466.841796875,15948.0322265625,2874255,0.0,0.0
2016-12-14 00:00:00+07:00,15879.291015625,16360.4814453125,15398.1005859375,16360.4814453125,2354585,0.0,0.0
2016-12-15 00:00:00+07:00,16154.2568359375,16979.154296875,15948.0322265625,16841.671875,9238210,0.0,0.0
2016-12-16 00:00:00+07:00,16704.189453125,17529.087890625,16704.189453125,17529.087890625,4782564,0.0,0.0
2016-12-19 00:00:00+07:00,17391.603515625,17872.794921875,17322.86328125,17872.794921875,3075618,0.0,0.0
2016-12-20 00:00:00+07:00,17735.3125,18353.986328125,17597.828125,18353.986328125,3492521,0.0,0.0
2016-12-21 00:00:00+07:00,18285.244140625,18285.244140625,17872.794921875,18216.501953125,3886178,0.0,0.0
2016-12-22 00:00:00+07:00,18147.76171875,18147.76171875,17460.345703125,17804.052734375,3707203,0.0,0.0
2016-12-23 00:00:00+07:00,17460.345703125,17529.087890625,17116.638671875,17529.087890625,4337183,0.0,0.0
2016-12-26 00:00:00+07:00,17254.12109375,17254.12109375,16841.671875,16841.671875,397673,0.0,0.0
2016-12-27 00:00:00+07:00,16841.671875,17529.087890625,16772.9296875,17529.087890625,9416467,0.0,0.0
2016-12-28 00:00:00+07:00,17460.345703125,17529.087890625,17151.009765625,17322.86328125,1121777,0.0,0.0
2016-12-29 00:00:00+07:00,17254.12109375,17254.12109375,17047.896484375,17254.12109375,1665658,0.0,0.0
2016-12-30 00:00:00+07:00,17254.12109375,17254.12109375,16772.9296875,16841.671875,1695085,0.0,0.0
2017-01-03 00:00:00+07:00,16841.671875,17872.794921875,16704.189453125,17872.794921875,1082791,0.0,0.0
2017-01-04 00:00:00+07:00,17666.5703125,17666.5703125,17219.75,17460.345703125,4474380,0.0,0.0
2017-01-05 00:00:00+07:00,17460.345703125,17460.345703125,17082.267578125,17322.86328125,3012106,0.0,0.0
2017-01-06 00:00:00+07:00,17254.12109375,17254.12109375,17013.525390625,17254.12109375,2546085,0.0,0.0
2017-01-09 00:00:00+07:00,17185.37890625,17254.12109375,16979.154296875,17185.37890625,1651502,0.0,0.0
2017-01-10 00:00:00+07:00,17185.37890625,17185.37890625,16807.30078125,17116.638671875,2502239,0.0,0.0
2017-01-11 00:00:00+07:00,17047.896484375,17116.638671875,16841.671875,17116.638671875,2328690,0.0,0.0
2017-01-12 00:00:00+07:00,17116.638671875,17185.37890625,16841.671875,16841.671875,1662688,0.0,0.0
2017-01-13 00:00:00+07:00,17047.896484375,17185.37890625,16635.447265625,17185.37890625,2839183,0.0,0.0
2017-01-16 00:00:00+07:00,17185.37890625,17185.37890625,16738.560546875,16841.671875,2217769,0.0,0.0
2017-01-17 00:00:00+07:00,16841.671875,16841.671875,16669.818359375,16841.671875,3819013,0.0,0.0
2017-01-18 00:00:00+07:00,16979.154296875,16979.154296875,16601.076171875,16841.671875,1928858,0.0,0.0
2017-01-19 00:00:00+07:00,16772.9296875,16841.671875,16635.447265625,16635.447265625,1687739,0.0,0.0
2017-01-20 00:00:00+07:00,16635.447265625,16841.671875,16497.96484375,16841.671875,1974308,0.0,0.0
2017-01-23 00:00:00+07:00,16841.671875,16841.671875,16566.705078125,16772.9296875,1935623,0.0,0.0
2017-01-24 00:00:00+07:00,16704.189453125,16841.671875,16429.22265625,16772.9296875,2190637,0.0,0.0
2017-01-25 00:00:00+07:00,16704.189453125,16772.9296875,16291.740234375,16704.189453125,1635484,0.0,0.0
2017-02-03 00:00:00+07:00,16497.96484375,16497.96484375,16360.4814453125,16497.96484375,2244434,0.0,0.0
2017-02-06 00:00:00+07:00,16635.447265625,16635.447265625,16291.740234375,16429.22265625,2302301,0.0,0.0
2017-02-07 00:00:00+07:00,16429.22265625,16497.96484375,16257.369140625,16429.22265625,2756147,0.0,0.0
2017-02-08 00:00:00+07:00,16291.740234375,16429.22265625,16154.2568359375,16360.4814453125,890621,0.0,0.0
2017-02-09 00:00:00+07:00,16291.740234375,16394.8515625,16016.7734375,16360.4814453125,3517273,0.0,0.0
2017-02-10 00:00:00+07:00,16291.740234375,16360.4814453125,15948.0322265625,16360.4814453125,1941312,0.0,0.0
2017-02-13 00:00:00+07:00,16360.4814453125,16429.22265625,16222.998046875,16429.22265625,1774763,0.0,0.0
2017-02-14 00:00:00+07:00,16360.4814453125,16497.96484375,16257.369140625,16497.96484375,2505601,0.0,0.0
2017-02-15 00:00:00+07:00,16429.22265625,16635.447265625,16360.4814453125,16635.447265625,1643255,0.0,0.0
2017-02-16 00:00:00+07:00,16635.447265625,16704.189453125,16497.96484375,16601.076171875,1529682,0.0,0.0
2017-02-17 00:00:00+07:00,16566.705078125,16601.076171875,16360.4814453125,16601.076171875,1759573,0.0,0.0
2017-02-20 00:00:00+07:00,16497.96484375,16601.076171875,16429.22265625,16601.076171875,1886643,0.0,0.0
2017-02-21 00:00:00+07:00,16601.076171875,16704.189453125,16463.59375,16635.447265625,3563709,0.0,0.0
2017-02-22 00:00:00+07:00,16635.447265625,16635.447265625,16463.59375,16635.447265625,2671942,0.0,0.0
2017-02-23 00:00:00+07:00,16635.447265625,16635.447265625,16532.3359375,16635.447265625,1921339,0.0,0.0
2017-02-24 00:00:00+07:00,16635.447265625,16635.447265625,16497.96484375,16601.076171875,1837574,0.0,0.0
2017-02-27 00:00:00+07:00,16497.96484375,16601.076171875,16429.22265625,16532.3359375,1686400,0.0,0.0
2017-02-28 00:00:00+07:00,16532.3359375,16566.705078125,16394.8515625,16497.96484375,1991122,0.0,0.0
2017-03-01 00:00:00+07:00,16497.96484375,16497.96484375,16222.998046875,16497.96484375,1762583,0.0,0.0
2017-03-02 00:00:00+07:00,16429.22265625,16566.705078125,16394.8515625,16532.3359375,2115240,0.0,0.0
2017-03-03 00:00:00+07:00,16497.96484375,16532.3359375,16429.22265625,16532.3359375,2025584,0.0,0.0
2017-03-06 00:00:00+07:00,16532.3359375,16566.705078125,16429.22265625,16566.705078125,1551461,0.0,0.0
2017-03-07 00:00:00+07:00,16566.705078125,16566.705078125,16429.22265625,16566.705078125,8777893,0.0,0.0
2017-03-08 00:00:00+07:00,16566.705078125,16566.705078125,16429.22265625,16532.3359375,1851628,0.0,0.0
2017-03-09 00:00:00+07:00,16532.3359375,16566.705078125,16429.22265625,16532.3359375,1778076,0.0,0.0
2017-03-10 00:00:00+07:00,16497.96484375,16532.3359375,16429.22265625,16532.3359375,1930822,0.0,0.0
2017-03-13 00:00:00+07:00,16532.3359375,16532.3359375,16154.2568359375,16497.96484375,1642235,0.0,0.0
2017-03-14 00:00:00+07:00,16360.4814453125,16463.59375,16291.740234375,16463.59375,1823362,0.0,0.0
2017-03-15 00:00:00+07:00,16429.22265625,17047.896484375,16291.740234375,16463.59375,1811142,0.0,0.0
2017-03-16 00:00:00+07:00,16497.96484375,16497.96484375,16291.740234375,16463.59375,1721301,0.0,0.0
2017-03-17 00:00:00+07:00,16429.22265625,16463.59375,15810.548828125,16463.59375,6761674,0.0,0.0
2017-03-20 00:00:00+07:00,16429.22265625,16463.59375,16326.1103515625,16463.59375,1719350,0.0,0.0
2017-03-21 00:00:00+07:00,16360.4814453125,16532.3359375,16360.4814453125,16497.96484375,1473238,0.0,0.0
2017-03-22 00:00:00+07:00,16497.96484375,16497.96484375,16257.369140625,16429.22265625,1555737,0.0,0.0
2017-03-23 00:00:00+07:00,16360.4814453125,16979.154296875,16222.998046875,16910.4140625,5423413,0.0,0.0
2017-03-24 00:00:00+07:00,16772.9296875,17047.896484375,16772.9296875,16841.671875,2604682,0.0,0.0
2017-03-27 00:00:00+07:00,16772.9296875,16979.154296875,16704.189453125,16979.154296875,3716715,0.0,0.0
2017-03-28 00:00:00+07:00,16910.4140625,16979.154296875,16772.9296875,16979.154296875,5351048,0.0,0.0
2017-03-29 00:00:00+07:00,16841.671875,17047.896484375,16807.30078125,16807.30078125,1467813,0.0,0.0
2017-03-30 00:00:00+07:00,16704.189453125,17047.896484375,16704.189453125,16979.154296875,13846519,0.0,0.0
2017-03-31 00:00:00+07:00,16979.154296875,17322.86328125,16772.9296875,16979.154296875,6250876,0.0,0.0
2017-04-03 00:00:00+07:00,16979.154296875,17116.638671875,16841.671875,17116.638671875,4360184,0.0,0.0
2017-04-04 00:00:00+07:00,17047.896484375,17254.12109375,17047.896484375,17254.12109375,3679286,0.0,0.0
2017-04-05 00:00:00+07:00,17219.75,17494.716796875,17151.009765625,17357.234375,1849766,0.0,0.0
2017-04-07 00:00:00+07:00,17357.234375,17460.345703125,17254.12109375,17391.603515625,1493156,0.0,0.0
2017-04-10 00:00:00+07:00,17322.86328125,17391.603515625,17288.4921875,17322.86328125,1371656,0.0,0.0
2017-04-11 00:00:00+07:00,17254.12109375,17391.603515625,16910.4140625,17047.896484375,1813674,0.0,0.0
2017-04-12 00:00:00+07:00,17047.896484375,17047.896484375,16566.705078125,16738.560546875,2011342,0.0,0.0
2017-04-13 00:00:00+07:00,16738.560546875,16772.9296875,16669.818359375,16772.9296875,1491438,0.0,0.0
2017-04-14 00:00:00+07:00,16704.189453125,16841.671875,16360.4814453125,16841.671875,1274465,0.0,0.0
2017-04-17 00:00:00+07:00,16704.189453125,16841.671875,16704.189453125,16841.671875,4763275,0.0,0.0
2017-04-18 00:00:00+07:00,16772.9296875,16841.671875,16635.447265625,16841.671875,5539037,0.0,0.0
2017-04-19 00:00:00+07:00,16772.9296875,16841.671875,16635.447265625,16841.671875,1120658,0.0,0.0
2017-04-20 00:00:00+07:00,16772.9296875,16807.30078125,16704.189453125,16807.30078125,1807390,0.0,0.0
2017-04-21 00:00:00+07:00,16807.30078125,16807.30078125,16704.189453125,16772.9296875,2120169,0.0,0.0
2017-04-24 00:00:00+07:00,16772.9296875,16772.9296875,16601.076171875,16704.189453125,1494523,0.0,0.0
2017-04-25 00:00:00+07:00,16704.189453125,16704.189453125,16326.1103515625,16669.818359375,1707101,0.0,0.0
2017-04-26 00:00:00+07:00,16669.818359375,16807.30078125,16635.447265625,16635.447265625,2011445,0.0,0.0
2017-04-27 00:00:00+07:00,16635.447265625,17666.5703125,16635.447265625,17563.45703125,12303449,0.0,0.0
2017-04-28 00:00:00+07:00,17563.45703125,18766.43359375,17529.087890625,18766.43359375,3242620,0.0,0.0
2017-05-03 00:00:00+07:00,18560.2109375,19419.478515625,18560.2109375,19385.107421875,8460152,0.0,0.0
2017-05-04 00:00:00+07:00,18697.693359375,19041.400390625,18044.6484375,18903.91796875,5815186,0.0,0.0
2017-05-05 00:00:00+07:00,18560.2109375,18560.2109375,17597.828125,17804.052734375,5393171,0.0,0.0
2017-05-08 00:00:00+07:00,17872.794921875,18216.501953125,16772.9296875,17529.087890625,2530053,0.0,0.0
2017-05-09 00:00:00+07:00,17529.087890625,17529.087890625,17116.638671875,17391.603515625,6609654,0.0,0.0
2017-05-10 00:00:00+07:00,17254.12109375,17322.86328125,16841.671875,16841.671875,2301516,0.0,0.0
2017-05-11 00:00:00+07:00,16497.96484375,18010.27734375,16497.96484375,17666.5703125,7228101,0.0,0.0
2017-05-12 00:00:00+07:00,17666.5703125,17941.537109375,17254.12109375,17804.052734375,7284342,0.0,0.0
2017-05-15 00:00:00+07:00,17735.3125,18079.01953125,17391.603515625,17391.603515625,13203559,0.0,0.0
2017-05-16 00:00:00+07:00,17322.86328125,17529.087890625,17116.638671875,17254.12109375,7109644,0.0,0.0
2017-05-17 00:00:00+07:00,17254.12109375,17494.716796875,17185.37890625,17425.974609375,4793635,0.0,0.0
2017-05-18 00:00:00+07:00,17391.603515625,17425.974609375,17254.12109375,17322.86328125,5373517,0.0,0.0
2017-05-19 00:00:00+07:00,17116.638671875,18010.27734375,17116.638671875,18010.27734375,7032049,0.0,0.0
2017-05-22 00:00:00+07:00,17872.794921875,18697.693359375,17804.052734375,18491.46875,7240046,0.0,0.0
2017-05-23 00:00:00+07:00,18422.7265625,18903.91796875,18388.35546875,18835.17578125,4662971,0.0,0.0
2017-05-24 00:00:00+07:00,18835.17578125,20141.265625,18628.951171875,20003.78125,7863117,0.0,0.0
2017-05-25 00:00:00+07:00,19660.07421875,20003.78125,19385.107421875,19556.962890625,4658541,0.0,0.0
2017-05-26 00:00:00+07:00,19556.962890625,20210.005859375,19522.591796875,20175.634765625,3725256,0.0,0.0
2017-05-29 00:00:00+07:00,20210.005859375,21447.353515625,20175.634765625,21447.353515625,6409528,0.0,0.0
2017-05-30 00:00:00+07:00,21378.611328125,21481.724609375,20347.490234375,20828.6796875,6405455,0.0,0.0
2017-05-31 00:00:00+07:00,20759.939453125,20966.1640625,20553.71484375,20656.826171875,5130665,0.0,0.0
2017-06-01 00:00:00+07:00,20622.455078125,21584.8359375,20553.71484375,21378.611328125,6346859,0.0,0.0
2017-06-02 00:00:00+07:00,21378.611328125,21619.20703125,21309.87109375,21584.8359375,3502144,0.0,0.0
2017-06-05 00:00:00+07:00,21584.8359375,21928.544921875,21584.8359375,21791.060546875,3210806,0.0,0.0
2017-06-06 00:00:00+07:00,21791.060546875,23303.375,21412.982421875,23303.375,6987518,0.0,0.0
2017-06-07 00:00:00+07:00,23372.1171875,23715.82421875,23165.892578125,23543.970703125,4136972,0.0,0.0
2017-06-08 00:00:00+07:00,23372.1171875,23578.341796875,22615.958984375,23097.150390625,5296592,0.0,0.0
2017-06-09 00:00:00+07:00,23097.150390625,23612.7109375,22822.18359375,23372.1171875,3298847,0.0,0.0
2017-06-12 00:00:00+07:00,23372.1171875,23372.1171875,22547.21875,23303.375,2702555,0.0,0.0
2017-06-13 00:00:00+07:00,23303.375,23372.1171875,23028.408203125,23234.6328125,2879231,0.0,0.0
2017-06-14 00:00:00+07:00,23234.6328125,23234.6328125,22890.92578125,23097.150390625,3727989,0.0,0.0
2017-06-15 00:00:00+07:00,23097.150390625,23097.150390625,22753.443359375,22822.18359375,4173980,0.0,0.0
2017-06-16 00:00:00+07:00,22684.701171875,23234.6328125,22684.701171875,23234.6328125,2860217,0.0,0.0
2017-06-19 00:00:00+07:00,23303.375,24540.72265625,23303.375,24540.72265625,4420846,0.0,0.0
2017-06-20 00:00:00+07:00,24609.462890625,24746.947265625,24265.755859375,24746.947265625,3626116,0.0,0.0
2017-06-21 00:00:00+07:00,24609.462890625,25228.13671875,24575.09375,25056.283203125,2928735,0.0,0.0
2017-06-22 00:00:00+07:00,24953.171875,24953.171875,24712.576171875,24884.4296875,2200819,0.0,0.0
2017-06-23 00:00:00+07:00,24746.947265625,24815.6875,24506.3515625,24678.205078125,3208669,0.0,0.0
2017-06-26 00:00:00+07:00,24678.205078125,24678.205078125,24231.384765625,24231.384765625,4924822,0.0,0.0
2017-06-27 00:00:00+07:00,24231.384765625,24368.869140625,24128.2734375,24265.755859375,2731736,0.0,0.0
2017-06-28 00:00:00+07:00,24197.013671875,24265.755859375,24025.16015625,24197.013671875,1999574,0.0,0.0
2017-06-29 00:00:00+07:00,24128.2734375,24403.23828125,24128.2734375,24128.2734375,4005682,0.0,0.0
2017-06-30 00:00:00+07:00,24128.2734375,24128.2734375,23715.82421875,24093.90234375,3531501,0.0,0.0
2017-07-03 00:00:00+07:00,24093.90234375,24197.013671875,24093.90234375,24128.2734375,2143797,0.0,0.0
2017-07-04 00:00:00+07:00,24093.90234375,24403.23828125,23887.677734375,24231.384765625,2168701,0.0,0.0
2017-07-05 00:00:00+07:00,24197.013671875,24300.126953125,24059.53125,24265.755859375,1957067,0.0,0.0
2017-07-06 00:00:00+07:00,24265.755859375,24300.126953125,24162.64453125,24265.755859375,2202843,0.0,0.0
2017-07-07 00:00:00+07:00,24265.755859375,24471.98046875,24265.755859375,24300.126953125,2555876,0.0,0.0
2017-07-10 00:00:00+07:00,24231.384765625,24300.126953125,24093.90234375,24197.013671875,2864101,0.0,0.0
2017-07-11 00:00:00+07:00,24162.64453125,24197.013671875,23956.419921875,24197.013671875,2682538,0.0,0.0
2017-07-12 00:00:00+07:00,24197.013671875,24746.947265625,24197.013671875,24746.947265625,3547895,0.0,0.0
2017-07-13 00:00:00+07:00,24712.576171875,25159.396484375,24712.576171875,25090.654296875,3623235,0.0,0.0
2017-07-14 00:00:00+07:00,25090.654296875,26396.7421875,25090.654296875,26396.7421875,6587166,0.0,0.0
2017-07-17 00:00:00+07:00,26396.7421875,26843.5625,26396.7421875,26671.708984375,6293936,0.0,0.0
2017-07-18 00:00:00+07:00,26602.966796875,26774.822265625,25090.654296875,26259.259765625,7118896,0.0,0.0
2017-07-19 00:00:00+07:00,26259.259765625,26637.337890625,26087.40625,26431.11328125,5056213,0.0,0.0
2017-07-20 00:00:00+07:00,26431.11328125,26465.484375,26156.1484375,26396.7421875,3761726,0.0,0.0
2017-07-21 00:00:00+07:00,26396.7421875,27496.607421875,26293.630859375,27187.271484375,6538404,0.0,0.0
2017-07-24 00:00:00+07:00,27187.271484375,27324.75390625,26877.93359375,27152.900390625,3563374,0.0,0.0
2017-07-25 00:00:00+07:00,27152.900390625,27634.08984375,27152.900390625,27634.08984375,6015793,0.0,0.0
2017-07-26 00:00:00+07:00,27634.08984375,28458.98828125,27599.71875,28458.98828125,3102446,0.0,0.0
2017-07-27 00:00:00+07:00,28458.98828125,28458.98828125,28115.28125,28321.505859375,3688421,0.0,0.0
2017-07-28 00:00:00+07:00,28321.505859375,28905.80859375,28012.16796875,28252.763671875,7524328,0.0,0.0
2017-07-31 00:00:00+07:00,28252.763671875,28252.763671875,26877.93359375,27805.943359375,4008535,0.0,0.0
2017-08-01 00:00:00+07:00,27805.943359375,28596.47265625,27805.943359375,28527.73046875,4733090,0.0,0.0
2017-08-02 00:00:00+07:00,28458.98828125,28665.212890625,28218.392578125,28630.841796875,5562979,0.0,0.0
2017-08-03 00:00:00+07:00,28493.359375,28630.841796875,26637.337890625,27393.49609375,7414190,0.0,0.0
2017-08-04 00:00:00+07:00,27393.49609375,27496.607421875,26396.7421875,26843.5625,5898309,0.0,0.0
2017-08-07 00:00:00+07:00,24987.541015625,24987.541015625,24987.541015625,24987.541015625,61895,0.0,0.0
2017-08-08 00:00:00+07:00,23269.00390625,23269.00390625,23269.00390625,23269.00390625,793737,0.0,0.0
2017-08-09 00:00:00+07:00,21653.578125,21653.578125,21653.578125,21653.578125,43449,0.0,0.0
2017-08-10 00:00:00+07:00,20141.265625,20141.265625,20141.265625,20141.265625,2229129,0.0,0.0
2017-08-11 00:00:00+07:00,18732.064453125,20759.939453125,18732.064453125,20759.939453125,17498387,0.0,0.0
2017-08-14 00:00:00+07:00,22203.509765625,22203.509765625,20759.939453125,21103.646484375,1389768,0.0,0.0
2017-08-15 00:00:00+07:00,20759.939453125,20828.6796875,20175.634765625,20278.748046875,2370382,0.0,0.0
2017-08-16 00:00:00+07:00,19660.07421875,20072.5234375,19178.8828125,20003.78125,3564610,0.0,0.0
2017-08-17 00:00:00+07:00,19935.041015625,20072.5234375,19763.1875,19866.298828125,3118402,0.0,0.0
2017-08-18 00:00:00+07:00,19935.041015625,20175.634765625,19591.33203125,20072.5234375,1437295,0.0,0.0
2017-08-21 00:00:00+07:00,19660.07421875,20278.748046875,19660.07421875,19866.298828125,1309758,0.0,0.0
2017-08-22 00:00:00+07:00,19797.556640625,20038.15234375,19385.107421875,19900.669921875,1515760,0.0,0.0
2017-08-23 00:00:00+07:00,19797.556640625,20141.265625,19797.556640625,19935.041015625,2401514,0.0,0.0
2017-08-24 00:00:00+07:00,19935.041015625,20931.79296875,19866.298828125,20759.939453125,4517484,0.0,0.0
2017-08-25 00:00:00+07:00,20759.939453125,20966.1640625,19866.298828125,19866.298828125,1750453,0.0,0.0
2017-08-28 00:00:00+07:00,20210.005859375,20244.376953125,19935.041015625,20141.265625,4398371,0.0,0.0
2017-08-29 00:00:00+07:00,20141.265625,21550.466796875,20141.265625,21550.466796875,3759630,0.0,0.0
2017-08-30 00:00:00+07:00,22134.76953125,22684.701171875,21584.8359375,22340.994140625,2737934,0.0,0.0
2017-08-31 00:00:00+07:00,21997.28515625,22512.84765625,21825.431640625,22100.3984375,1725810,0.0,0.0
2017-09-01 00:00:00+07:00,21997.28515625,22272.251953125,21516.095703125,21859.802734375,2003720,0.0,0.0
2017-09-05 00:00:00+07:00,21791.060546875,21859.802734375,20828.6796875,21309.87109375,2292395,0.0,0.0
2017-09-06 00:00:00+07:00,21653.578125,21653.578125,20622.455078125,20828.6796875,2186215,0.0,0.0
2017-09-07 00:00:00+07:00,20622.455078125,21172.38671875,20622.455078125,21103.646484375,1542426,0.0,0.0
2017-09-08 00:00:00+07:00,20966.1640625,21206.7578125,20794.30859375,21000.533203125,1442415,0.0,0.0
2017-09-11 00:00:00+07:00,21000.533203125,21000.533203125,19935.041015625,19935.041015625,3131437,0.0,0.0
2017-09-12 00:00:00+07:00,20072.5234375,20416.23046875,19866.298828125,20210.005859375,2042997,0.0,0.0
2017-09-13 00:00:00+07:00,20347.490234375,20691.197265625,19935.041015625,19935.041015625,1415530,0.0,0.0
2017-09-14 00:00:00+07:00,20106.89453125,20622.455078125,20072.5234375,20519.34375,1410774,0.0,0.0
2017-09-15 00:00:00+07:00,20588.083984375,20691.197265625,19935.041015625,19935.041015625,5190265,0.0,0.0
2017-09-18 00:00:00+07:00,20210.005859375,20210.005859375,19900.669921875,20141.265625,1423518,0.0,0.0
2017-09-19 00:00:00+07:00,20175.634765625,20175.634765625,19728.81640625,19935.041015625,1508123,0.0,0.0
2017-09-20 00:00:00+07:00,20106.89453125,20141.265625,18560.2109375,18560.2109375,5754379,0.0,0.0
2017-09-21 00:00:00+07:00,18560.2109375,18869.546875,17597.828125,18766.43359375,2770810,0.0,0.0
2017-09-22 00:00:00+07:00,18560.2109375,19144.513671875,18560.2109375,18938.2890625,2110220,0.0,0.0
2017-09-25 00:00:00+07:00,18835.17578125,18938.2890625,18147.76171875,18147.76171875,4114583,0.0,0.0
2017-09-26 00:00:00+07:00,18147.76171875,18560.2109375,18044.6484375,18182.130859375,4163914,0.0,0.0
2017-09-27 00:00:00+07:00,18147.76171875,18766.43359375,17872.794921875,18766.43359375,3932482,0.0,0.0
2017-09-28 00:00:00+07:00,18732.064453125,18903.91796875,18182.130859375,18560.2109375,2329127,0.0,0.0
2017-09-29 00:00:00+07:00,18560.2109375,18560.2109375,17872.794921875,17872.794921875,3635965,0.0,0.0
2017-10-02 00:00:00+07:00,18010.27734375,18147.76171875,17425.974609375,17425.974609375,1140297,0.0,0.0
2017-10-03 00:00:00+07:00,17288.4921875,17529.087890625,16635.447265625,16772.9296875,3624006,0.0,0.0
2017-10-04 00:00:00+07:00,16910.4140625,17185.37890625,16566.705078125,17082.267578125,1544273,0.0,0.0
2017-10-05 00:00:00+07:00,17047.896484375,17391.603515625,16704.189453125,17357.234375,3814663,0.0,0.0
2017-10-06 00:00:00+07:00,17529.087890625,17529.087890625,16841.671875,16841.671875,2016973,0.0,0.0
2017-10-09 00:00:00+07:00,16841.671875,17013.525390625,16635.447265625,16979.154296875,1594956,0.0,0.0
2017-10-10 00:00:00+07:00,16979.154296875,16979.154296875,16635.447265625,16876.04296875,1158728,0.0,0.0
2017-10-11 00:00:00+07:00,17013.525390625,17013.525390625,16601.076171875,16841.671875,1583595,0.0,0.0
2017-10-12 00:00:00+07:00,16841.671875,16841.671875,16360.4814453125,16360.4814453125,1884186,0.0,0.0
2017-10-13 00:00:00+07:00,16360.4814453125,16841.671875,15948.0322265625,16601.076171875,2838134,0.0,0.0
2017-10-16 00:00:00+07:00,16566.705078125,16772.9296875,16291.740234375,16429.22265625,599619,0.0,0.0
2017-10-17 00:00:00+07:00,16291.740234375,16497.96484375,16154.2568359375,16188.6279296875,1315564,0.0,0.0
2017-10-18 00:00:00+07:00,16188.6279296875,16326.1103515625,15810.548828125,15982.4033203125,3609372,0.0,0.0
2017-10-19 00:00:00+07:00,16085.515625,16119.8857421875,15604.32421875,15604.32421875,3064505,0.0,0.0
2017-10-20 00:00:00+07:00,15535.5830078125,15673.06640625,14745.0556640625,14779.4267578125,4107310,0.0,0.0
2017-10-23 00:00:00+07:00,14779.4267578125,14985.6513671875,14023.26953125,14435.71875,3570066,0.0,0.0
2017-10-24 00:00:00+07:00,14848.16796875,14848.16796875,14332.6064453125,14710.6845703125,492827,0.0,0.0
2017-10-25 00:00:00+07:00,14435.71875,15707.4365234375,14435.71875,15707.4365234375,2973612,0.0,0.0
2017-10-26 00:00:00+07:00,16085.515625,16222.998046875,15191.8759765625,15466.841796875,2896137,0.0,0.0
2017-10-27 00:00:00+07:00,15466.841796875,15604.32421875,14710.6845703125,14951.2802734375,2544746,0.0,0.0
2017-10-30 00:00:00+07:00,14848.16796875,14951.2802734375,14298.236328125,14435.71875,3255089,0.0,0.0
2017-10-31 00:00:00+07:00,14366.9775390625,14366.9775390625,14023.26953125,14229.494140625,3158218,0.0,0.0
2017-11-01 00:00:00+07:00,14160.7529296875,14504.4599609375,13920.1572265625,14366.9775390625,2533182,0.0,0.0
2017-11-02 00:00:00+07:00,14366.9775390625,14710.6845703125,14298.236328125,14573.2021484375,3426497,0.0,0.0
2017-11-03 00:00:00+07:00,14332.6064453125,14641.943359375,14298.236328125,14401.34765625,1272182,0.0,0.0
2017-11-06 00:00:00+07:00,14092.01171875,14229.494140625,13473.337890625,13713.9326171875,11808100,0.0,0.0
2017-11-07 00:00:00+07:00,13404.595703125,14195.1240234375,13404.595703125,14126.3818359375,6887755,0.0,0.0
2017-11-08 00:00:00+07:00,14092.01171875,14401.34765625,13988.8994140625,14092.01171875,3430470,0.0,0.0
2017-11-09 00:00:00+07:00,14023.26953125,14229.494140625,13679.5625,13782.6748046875,4996018,0.0,0.0
2017-11-10 00:00:00+07:00,14023.26953125,14745.0556640625,13885.787109375,14745.0556640625,11267350,0.0,0.0
2017-11-13 00:00:00+07:00,15329.3583984375,15569.9541015625,14848.16796875,14848.16796875,5248075,0.0,0.0
2017-11-14 00:00:00+07:00,14916.9091796875,15157.5048828125,14779.4267578125,14882.5390625,2761122,0.0,0.0
2017-11-15 00:00:00+07:00,14813.796875,14882.5390625,14504.4599609375,14607.572265625,3135976,0.0,0.0
2017-11-16 00:00:00+07:00,14779.4267578125,14882.5390625,14504.4599609375,14710.6845703125,7835077,0.0,0.0
2017-11-17 00:00:00+07:00,14916.9091796875,15054.392578125,14676.314453125,14676.314453125,9560625,0.0,0.0
2017-11-20 00:00:00+07:00,14779.4267578125,15054.392578125,14710.6845703125,14710.6845703125,3108257,0.0,0.0
2017-11-21 00:00:00+07:00,14710.6845703125,15020.021484375,14607.572265625,14779.4267578125,5741155,0.0,0.0
2017-11-22 00:00:00+07:00,14745.0556640625,14779.4267578125,14538.8310546875,14538.8310546875,6932546,0.0,0.0
2017-11-23 00:00:00+07:00,14573.2021484375,14573.2021484375,13954.5283203125,13954.5283203125,6737148,0.0,0.0
2017-11-24 00:00:00+07:00,13988.8994140625,14229.494140625,13954.5283203125,14092.01171875,8865832,0.0,0.0
2017-11-27 00:00:00+07:00,14057.640625,14195.1240234375,13954.5283203125,14057.640625,3535646,0.0,0.0
2017-11-28 00:00:00+07:00,13954.5283203125,14057.640625,13645.19140625,13782.6748046875,6030063,0.0,0.0
2017-11-29 00:00:00+07:00,13885.787109375,14504.4599609375,13817.044921875,14504.4599609375,3875833,0.0,0.0
2017-11-30 00:00:00+07:00,14298.236328125,14435.71875,13885.787109375,13885.787109375,3162756,0.0,0.0
2017-12-01 00:00:00+07:00,13748.3037109375,14126.3818359375,13748.3037109375,13885.787109375,5580364,0.0,0.0
2017-12-04 00:00:00+07:00,14023.26953125,14366.9775390625,13920.1572265625,14126.3818359375,8077968,0.0,0.0
2017-12-05 00:00:00+07:00,14160.7529296875,15088.763671875,14160.7529296875,15020.021484375,15631176,0.0,0.0
2017-12-06 00:00:00+07:00,15020.021484375,15466.841796875,14641.943359375,15123.1337890625,8084922,0.0,0.0
2017-12-07 00:00:00+07:00,15294.98828125,15329.3583984375,14848.16796875,15054.392578125,4235165,0.0,0.0
2017-12-08 00:00:00+07:00,14916.9091796875,14916.9091796875,14641.943359375,14641.943359375,5595915,0.0,0.0
2017-12-11 00:00:00+07:00,14573.2021484375,14710.6845703125,14092.01171875,14092.01171875,7385024,0.0,0.0
2017-12-12 00:00:00+07:00,14229.494140625,14401.34765625,13542.0791015625,14263.865234375,5665351,0.0,0.0
2017-12-13 00:00:00+07:00,14401.34765625,14538.8310546875,14126.3818359375,14332.6064453125,1579493,0.0,0.0
2017-12-14 00:00:00+07:00,14332.6064453125,14401.34765625,14092.01171875,14401.34765625,2983273,0.0,0.0
2017-12-15 00:00:00+07:00,14401.34765625,14916.9091796875,14263.865234375,14504.4599609375,6135531,0.0,0.0
2017-12-18 00:00:00+07:00,14745.0556640625,14882.5390625,14573.2021484375,14641.943359375,5558573,0.0,0.0
2017-12-19 00:00:00+07:00,14641.943359375,14745.0556640625,14470.08984375,14504.4599609375,3746422,0.0,0.0
2017-12-20 00:00:00+07:00,14641.943359375,14641.943359375,14195.1240234375,14195.1240234375,4261816,0.0,0.0
2017-12-21 00:00:00+07:00,14195.1240234375,14332.6064453125,14092.01171875,14092.01171875,2714455,0.0,0.0
2017-12-22 00:00:00+07:00,14092.01171875,14160.7529296875,13954.5283203125,14092.01171875,2820882,0.0,0.0
2017-12-25 00:00:00+07:00,14160.7529296875,14229.494140625,13885.787109375,13885.787109375,2846603,0.0,0.0
2017-12-26 00:00:00+07:00,14057.640625,14126.3818359375,13885.787109375,14057.640625,3351711,0.0,0.0
2017-12-27 00:00:00+07:00,14057.640625,14332.6064453125,14057.640625,14126.3818359375,4708736,0.0,0.0
2017-12-28 00:00:00+07:00,14195.1240234375,14229.494140625,13954.5283203125,14023.26953125,2713464,0.0,0.0
2017-12-29 00:00:00+07:00,14092.01171875,14298.236328125,13885.787109375,14298.236328125,4687758,0.0,0.0
2018-01-02 00:00:00+07:00,14298.236328125,14298.236328125,14023.26953125,14023.26953125,2598964,0.0,0.0
2018-01-03 00:00:00+07:00,14092.01171875,14573.2021484375,14092.01171875,14229.494140625,4505745,0.0,0.0
2018-01-04 00:00:00+07:00,14298.236328125,14607.572265625,14126.3818359375,14607.572265625,7207635,0.0,0.0
2018-01-05 00:00:00+07:00,14813.796875,15088.763671875,14779.4267578125,14779.4267578125,14605565,0.0,0.0
2018-01-08 00:00:00+07:00,15123.1337890625,15741.8076171875,14607.572265625,15741.8076171875,19571181,0.0,0.0
2018-01-09 00:00:00+07:00,15948.0322265625,16016.7734375,15260.6171875,15879.291015625,15123768,0.0,0.0
2018-01-10 00:00:00+07:00,15810.548828125,16429.22265625,15604.32421875,16360.4814453125,17184793,0.0,0.0
2018-01-11 00:00:00+07:00,16360.4814453125,16910.4140625,16051.14453125,16738.560546875,14358203,0.0,0.0
2018-01-12 00:00:00+07:00,16635.447265625,16635.447265625,15982.4033203125,15982.4033203125,19006369,0.0,0.0
2018-01-15 00:00:00+07:00,15948.0322265625,16016.7734375,15535.5830078125,15604.32421875,14177992,0.0,0.0
2018-01-16 00:00:00+07:00,15604.32421875,15913.6611328125,15466.841796875,15879.291015625,12214899,0.0,0.0
2018-01-17 00:00:00+07:00,16085.515625,16085.515625,15088.763671875,15088.763671875,11959406,0.0,0.0
2018-01-18 00:00:00+07:00,14813.796875,16016.7734375,14813.796875,16016.7734375,15824160,0.0,0.0
2018-01-19 00:00:00+07:00,16085.515625,16188.6279296875,15776.1787109375,16016.7734375,20665252,0.0,0.0
2018-01-22 00:00:00+07:00,15948.0322265625,16085.515625,15501.212890625,15604.32421875,11186133,0.0,0.0
2018-01-25 00:00:00+07:00,15604.32421875,15776.1787109375,15020.021484375,15398.1005859375,19702369,0.0,0.0
2018-01-26 00:00:00+07:00,15638.6953125,15741.8076171875,15088.763671875,15088.763671875,9052516,0.0,0.0
2018-01-29 00:00:00+07:00,15123.1337890625,15398.1005859375,14126.3818359375,14195.1240234375,16905907,0.0,0.0
2018-01-30 00:00:00+07:00,14160.7529296875,14160.7529296875,13851.416015625,13988.8994140625,8287694,0.0,0.0
2018-01-31 00:00:00+07:00,14229.494140625,14263.865234375,13920.1572265625,14057.640625,9939155,0.0,0.0
2018-02-01 00:00:00+07:00,14160.7529296875,14160.7529296875,13198.37109375,13988.8994140625,12238538,0.0,0.0
2018-02-02 00:00:00+07:00,13851.416015625,14366.9775390625,13782.6748046875,14298.236328125,8041046,0.0,0.0
2018-02-05 00:00:00+07:00,14092.01171875,14092.01171875,13301.4833984375,13301.4833984375,11530407,0.0,0.0
2018-02-06 00:00:00+07:00,12373.4736328125,12854.6640625,12373.4736328125,12373.4736328125,11114720,0.0,0.0
2018-02-07 00:00:00+07:00,12785.9228515625,12785.9228515625,11754.7998046875,11754.7998046875,8306663,0.0,0.0
2018-02-08 00:00:00+07:00,11686.05859375,12339.1025390625,11204.8671875,12029.765625,9780897,0.0,0.0
2018-02-09 00:00:00+07:00,11273.609375,11823.541015625,11273.609375,11823.541015625,4320311,0.0,0.0
2018-02-12 00:00:00+07:00,11857.912109375,12304.7314453125,11479.833984375,12304.7314453125,6103599,0.0,0.0
2018-02-13 00:00:00+07:00,12235.990234375,12648.439453125,12029.765625,12270.361328125,5395613,0.0,0.0
2018-02-21 00:00:00+07:00,12510.9560546875,12545.3271484375,12235.990234375,12339.1025390625,5671590,0.0,0.0
2018-02-22 00:00:00+07:00,12339.1025390625,12785.9228515625,12304.7314453125,12614.068359375,7638799,0.0,0.0
2018-02-23 00:00:00+07:00,12717.1806640625,12820.29296875,12648.439453125,12785.9228515625,5385330,0.0,0.0
2018-02-26 00:00:00+07:00,12751.5517578125,12785.9228515625,12373.4736328125,12579.6982421875,7538220,0.0,0.0
2018-02-27 00:00:00+07:00,12442.21484375,12510.9560546875,12235.990234375,12442.21484375,6219803,0.0,0.0
2018-02-28 00:00:00+07:00,12270.361328125,12373.4736328125,12029.765625,12304.7314453125,5288400,0.0,0.0
2018-03-01 00:00:00+07:00,12167.2490234375,12579.6982421875,12098.5068359375,12442.21484375,6859345,0.0,0.0
2018-03-02 00:00:00+07:00,12442.21484375,12682.810546875,12304.7314453125,12407.84375,4756715,0.0,0.0
2018-03-05 00:00:00+07:00,12407.84375,12579.6982421875,12098.5068359375,12235.990234375,7865737,0.0,0.0
2018-03-06 00:00:00+07:00,12132.8779296875,12373.4736328125,12064.13671875,12373.4736328125,6530517,0.0,0.0
2018-03-07 00:00:00+07:00,12270.361328125,12442.21484375,12201.619140625,12304.7314453125,5302032,0.0,0.0
2018-03-08 00:00:00+07:00,12304.7314453125,12373.4736328125,12201.619140625,12201.619140625,2721642,0.0,0.0
2018-03-09 00:00:00+07:00,12235.990234375,12304.7314453125,12167.2490234375,12201.619140625,3512793,0.0,0.0
2018-03-12 00:00:00+07:00,12167.2490234375,12304.7314453125,11686.05859375,11686.05859375,5213206,0.0,0.0
2018-03-13 00:00:00+07:00,11789.1708984375,12476.5859375,11445.462890625,12476.5859375,15807342,0.0,0.0
2018-03-14 00:00:00+07:00,12648.439453125,13267.11328125,12648.439453125,13267.11328125,20827962,0.0,0.0
2018-03-15 00:00:00+07:00,13267.11328125,13542.0791015625,13198.37109375,13301.4833984375,11443823,0.0,0.0
2018-03-16 00:00:00+07:00,13060.888671875,13129.6298828125,12648.439453125,12648.439453125,12111395,0.0,0.0
2018-03-19 00:00:00+07:00,12648.439453125,12751.5517578125,12201.619140625,12304.7314453125,7420534,0.0,0.0
2018-03-20 00:00:00+07:00,12339.1025390625,12820.29296875,12304.7314453125,12717.1806640625,9902948,0.0,0.0
2018-03-21 00:00:00+07:00,12785.9228515625,12854.6640625,12545.3271484375,12751.5517578125,5168227,0.0,0.0
2018-03-22 00:00:00+07:00,12751.5517578125,12820.29296875,12373.4736328125,12510.9560546875,6144230,0.0,0.0
2018-03-23 00:00:00+07:00,11823.541015625,12304.7314453125,11823.541015625,11961.0244140625,23369672,0.0,0.0
2018-03-26 00:00:00+07:00,11823.541015625,12098.5068359375,11789.1708984375,12098.5068359375,4095920,0.0,0.0
2018-03-27 00:00:00+07:00,12029.765625,12167.2490234375,11857.912109375,11961.0244140625,12013593,0.0,0.0
2018-03-28 00:00:00+07:00,11995.39453125,11995.39453125,11754.7998046875,11926.6533203125,3289018,0.0,0.0
2018-03-29 00:00:00+07:00,11926.6533203125,11995.39453125,11651.6875,11754.7998046875,9076156,0.0,0.0
2018-03-30 00:00:00+07:00,11651.6875,12167.2490234375,11548.5751953125,12098.5068359375,9202135,0.0,0.0
2018-04-02 00:00:00+07:00,12132.8779296875,12476.5859375,11961.0244140625,11961.0244140625,5404343,0.0,0.0
2018-04-03 00:00:00+07:00,11961.0244140625,12029.765625,11720.4287109375,11995.39453125,4412759,0.0,0.0
2018-04-04 00:00:00+07:00,11995.39453125,12029.765625,11823.541015625,11995.39453125,4798290,0.0,0.0
2018-04-05 00:00:00+07:00,11926.6533203125,12029.765625,11857.912109375,12029.765625,3622581,0.0,0.0
2018-04-06 00:00:00+07:00,11961.0244140625,12614.068359375,11926.6533203125,12407.84375,11203255,0.0,0.0
2018-04-09 00:00:00+07:00,12717.1806640625,12992.1474609375,12407.84375,12407.84375,13584544,0.0,0.0
2018-04-10 00:00:00+07:00,12648.439453125,12648.439453125,12167.2490234375,12201.619140625,8143067,0.0,0.0
2018-04-11 00:00:00+07:00,12201.619140625,12201.619140625,11789.1708984375,11789.1708984375,7886656,0.0,0.0
2018-04-12 00:00:00+07:00,11686.05859375,11892.2822265625,11686.05859375,11892.2822265625,3871122,0.0,0.0
2018-04-13 00:00:00+07:00,12029.765625,12167.2490234375,11961.0244140625,12132.8779296875,5727175,0.0,0.0
2018-04-16 00:00:00+07:00,12201.619140625,12373.4736328125,11995.39453125,12373.4736328125,4246688,0.0,0.0
2018-04-17 00:00:00+07:00,12476.5859375,12854.6640625,12442.21484375,12820.29296875,12755461,0.0,0.0
2018-04-18 00:00:00+07:00,12854.6640625,12992.1474609375,12476.5859375,12510.9560546875,8809605,0.0,0.0
2018-04-19 00:00:00+07:00,12510.9560546875,12579.6982421875,12270.361328125,12339.1025390625,5264268,0.0,0.0
2018-04-20 00:00:00+07:00,12339.1025390625,12717.1806640625,12235.990234375,12717.1806640625,6061572,0.0,0.0
2018-04-23 00:00:00+07:00,12785.9228515625,12785.9228515625,12029.765625,12235.990234375,6495211,0.0,0.0
2018-04-24 00:00:00+07:00,12098.5068359375,12373.4736328125,12029.765625,12235.990234375,9208244,0.0,0.0
2018-04-26 00:00:00+07:00,12167.2490234375,12235.990234375,11926.6533203125,11995.39453125,11490738,0.0,0.0
2018-04-27 00:00:00+07:00,11995.39453125,12442.21484375,11892.2822265625,12442.21484375,18543376,0.0,0.0
2018-05-02 00:00:00+07:00,12442.21484375,12751.5517578125,12373.4736328125,12648.439453125,11583680,0.0,0.0
2018-05-03 00:00:00+07:00,12614.068359375,12717.1806640625,12510.9560546875,12682.810546875,11460129,0.0,0.0
2018-05-04 00:00:00+07:00,12682.810546875,12717.1806640625,12545.3271484375,12545.3271484375,15015260,0.0,0.0
2018-05-07 00:00:00+07:00,12510.9560546875,12648.439453125,12373.4736328125,12476.5859375,14505335,0.0,0.0
2018-05-08 00:00:00+07:00,12442.21484375,12510.9560546875,12029.765625,12029.765625,9992294,0.0,0.0
2018-05-09 00:00:00+07:00,12029.765625,12167.2490234375,11961.0244140625,12029.765625,5531746,0.0,0.0
2018-05-10 00:00:00+07:00,11995.39453125,12098.5068359375,11857.912109375,11857.912109375,14413411,0.0,0.0
2018-05-11 00:00:00+07:00,11823.541015625,12304.7314453125,11651.6875,12304.7314453125,16361636,0.0,0.0
2018-05-14 00:00:00+07:00,12304.7314453125,12373.4736328125,12029.765625,12373.4736328125,14607980,0.0,0.0
2018-05-15 00:00:00+07:00,12304.7314453125,12407.84375,12098.5068359375,12098.5068359375,8649470,0.0,0.0
2018-05-16 00:00:00+07:00,12167.2490234375,12167.2490234375,11823.541015625,11823.541015625,8818568,0.0,0.0
2018-05-17 00:00:00+07:00,11823.541015625,12235.990234375,11823.541015625,11823.541015625,8119559,0.0,0.0
2018-05-18 00:00:00+07:00,11892.2822265625,12029.765625,11720.4287109375,11995.39453125,6160509,0.0,0.0
2018-05-21 00:00:00+07:00,11961.0244140625,12029.765625,11857.912109375,11926.6533203125,3684160,0.0,0.0
2018-05-22 00:00:00+07:00,11892.2822265625,11995.39453125,11411.091796875,11617.31640625,6158778,0.0,0.0
2018-05-23 00:00:00+07:00,11548.5751953125,11823.541015625,11239.23828125,11686.05859375,6847691,0.0,0.0
2018-05-24 00:00:00+07:00,11686.05859375,11754.7998046875,11273.609375,11273.609375,7092653,0.0,0.0
2018-05-25 00:00:00+07:00,11342.3505859375,11342.3505859375,10517.4521484375,10517.4521484375,7178642,0.0,0.0
2018-05-28 00:00:00+07:00,10311.2275390625,10311.2275390625,9795.666015625,9795.666015625,4634386,0.0,0.0
2018-05-29 00:00:00+07:00,9142.6220703125,10001.890625,9142.6220703125,9830.037109375,8964432,0.0,0.0
2018-05-30 00:00:00+07:00,9623.8125,9864.408203125,9348.8466796875,9864.408203125,5276544,0.0,0.0
2018-05-31 00:00:00+07:00,9761.2958984375,10208.115234375,9658.18359375,10139.3740234375,6744740,0.0,0.0
2018-06-01 00:00:00+07:00,10001.890625,10311.2275390625,10001.890625,10311.2275390625,7387220,0.0,0.0
2018-06-04 00:00:00+07:00,10311.2275390625,10895.5302734375,10208.115234375,10861.16015625,2216910,0.0,0.0
2018-06-05 00:00:00+07:00,10929.9013671875,10998.642578125,10723.6767578125,10826.7890625,2028158,0.0,0.0
2018-06-06 00:00:00+07:00,10826.7890625,10826.7890625,10689.3056640625,10723.6767578125,2021904,0.0,0.0
2018-06-07 00:00:00+07:00,10689.3056640625,10929.9013671875,10517.4521484375,10929.9013671875,7884110,0.0,0.0
2018-06-08 00:00:00+07:00,10929.9013671875,10929.9013671875,10758.0478515625,10929.9013671875,1820262,0.0,0.0
2018-06-11 00:00:00+07:00,10861.16015625,10929.9013671875,10723.6767578125,10861.16015625,1795840,0.0,0.0
2018-06-12 00:00:00+07:00,10723.6767578125,10723.6767578125,10311.2275390625,10379.9697265625,2188673,0.0,0.0
2018-06-13 00:00:00+07:00,10105.0029296875,10414.33984375,10105.0029296875,10173.7451171875,1814766,0.0,0.0
2018-06-14 00:00:00+07:00,10242.486328125,10414.33984375,10242.486328125,10311.2275390625,1607497,0.0,0.0
2018-06-15 00:00:00+07:00,10139.3740234375,10414.33984375,10036.26171875,10036.26171875,5001487,0.0,0.0
2018-06-18 00:00:00+07:00,10139.3740234375,10311.2275390625,9967.5205078125,10070.6328125,1579623,0.0,0.0
2018-06-19 00:00:00+07:00,10036.26171875,10517.4521484375,9383.216796875,10517.4521484375,5659268,0.0,0.0
2018-06-20 00:00:00+07:00,10311.2275390625,10483.08203125,10173.7451171875,10483.08203125,3910181,0.0,0.0
2018-06-21 00:00:00+07:00,10448.7109375,10448.7109375,10173.7451171875,10242.486328125,1201467,0.0,0.0
2018-06-22 00:00:00+07:00,10139.3740234375,10929.9013671875,9933.1494140625,10929.9013671875,2851403,0.0,0.0
2018-06-25 00:00:00+07:00,10998.642578125,10998.642578125,10483.08203125,10723.6767578125,2835240,0.0,0.0
2018-06-26 00:00:00+07:00,10517.4521484375,10758.0478515625,10448.7109375,10758.0478515625,2276888,0.0,0.0
2018-06-27 00:00:00+07:00,10758.0478515625,10792.41796875,10654.935546875,10723.6767578125,2876918,0.0,0.0
2018-06-28 00:00:00+07:00,10723.6767578125,10998.642578125,10448.7109375,10998.642578125,3981171,0.0,0.0
2018-06-29 00:00:00+07:00,10723.6767578125,10792.41796875,10551.8232421875,10654.935546875,3711013,0.0,0.0
2018-07-02 00:00:00+07:00,10654.935546875,10792.41796875,9933.1494140625,9933.1494140625,4721211,0.0,0.0
2018-07-03 00:00:00+07:00,10242.486328125,10242.486328125,9864.408203125,10105.0029296875,2633805,0.0,0.0
2018-07-04 00:00:00+07:00,10105.0029296875,10173.7451171875,9898.7783203125,10105.0029296875,1896143,0.0,0.0
2018-07-05 00:00:00+07:00,10036.26171875,10105.0029296875,9830.037109375,10105.0029296875,3279396,0.0,0.0
2018-07-06 00:00:00+07:00,9967.5205078125,10311.2275390625,9898.7783203125,10242.486328125,2121683,0.0,0.0
2018-07-09 00:00:00+07:00,10242.486328125,10517.4521484375,10105.0029296875,10517.4521484375,5482751,0.0,0.0
2018-07-10 00:00:00+07:00,10311.2275390625,10551.8232421875,10242.486328125,10517.4521484375,6619200,0.0,0.0
2018-07-11 00:00:00+07:00,10173.7451171875,10448.7109375,10105.0029296875,10311.2275390625,2768193,0.0,0.0
2018-07-12 00:00:00+07:00,10173.7451171875,10379.9697265625,10070.6328125,10345.5986328125,4359049,0.0,0.0
2018-07-13 00:00:00+07:00,10379.9697265625,10414.33984375,10242.486328125,10414.33984375,9093290,0.0,0.0
2018-07-16 00:00:00+07:00,10414.33984375,10483.08203125,10276.857421875,10483.08203125,2770622,0.0,0.0
2018-07-17 00:00:00+07:00,10414.33984375,10448.7109375,10345.5986328125,10414.33984375,1480019,0.0,0.0
2018-07-18 00:00:00+07:00,10311.2275390625,10414.33984375,10242.486328125,10379.9697265625,2023431,0.0,0.0
2018-07-19 00:00:00+07:00,10311.2275390625,10448.7109375,10242.486328125,10379.9697265625,1991253,0.0,0.0
2018-07-20 00:00:00+07:00,10379.9697265625,10414.33984375,10105.0029296875,10105.0029296875,3060228,0.0,0.0
2018-07-23 00:00:00+07:00,10311.2275390625,10448.7109375,10208.115234375,10448.7109375,3173755,0.0,0.0
2018-07-24 00:00:00+07:00,10551.8232421875,11067.384765625,10483.08203125,10861.16015625,5355376,0.0,0.0
2018-07-25 00:00:00+07:00,11342.3505859375,11342.3505859375,11067.384765625,11136.1259765625,3920261,0.0,0.0
2018-07-26 00:00:00+07:00,11136.1259765625,11136.1259765625,10861.16015625,11136.1259765625,3662062,0.0,0.0
2018-07-27 00:00:00+07:00,11273.609375,11273.609375,10998.642578125,11239.23828125,3892114,0.0,0.0
2018-07-30 00:00:00+07:00,11342.3505859375,11548.5751953125,11342.3505859375,11548.5751953125,4778026,0.0,0.0
2018-07-31 00:00:00+07:00,11720.4287109375,11823.541015625,11479.833984375,11479.833984375,3874147,0.0,0.0
2018-08-01 00:00:00+07:00,11479.833984375,11617.31640625,11204.8671875,11342.3505859375,2998388,0.0,0.0
2018-08-02 00:00:00+07:00,11342.3505859375,11342.3505859375,10998.642578125,11204.8671875,2601130,0.0,0.0
2018-08-03 00:00:00+07:00,11204.8671875,11342.3505859375,11101.7548828125,11342.3505859375,2750227,0.0,0.0
2018-08-06 00:00:00+07:00,11204.8671875,11307.9794921875,11136.1259765625,11204.8671875,2619053,0.0,0.0
2018-08-07 00:00:00+07:00,11204.8671875,11445.462890625,11170.4970703125,11170.4970703125,3212030,0.0,0.0
2018-08-08 00:00:00+07:00,11170.4970703125,11342.3505859375,11067.384765625,11204.8671875,3597065,0.0,0.0
2018-08-09 00:00:00+07:00,11342.3505859375,11342.3505859375,10998.642578125,10998.642578125,3501606,0.0,0.0
2018-08-10 00:00:00+07:00,10998.642578125,11136.1259765625,10861.16015625,11136.1259765625,3294104,0.0,0.0
2018-08-13 00:00:00+07:00,10998.642578125,11204.8671875,10895.5302734375,11136.1259765625,3097047,0.0,0.0
2018-08-14 00:00:00+07:00,11136.1259765625,11342.3505859375,10998.642578125,11342.3505859375,3880911,0.0,0.0
2018-08-15 00:00:00+07:00,11411.091796875,11754.7998046875,11411.091796875,11686.05859375,7395221,0.0,0.0
2018-08-16 00:00:00+07:00,11548.5751953125,12098.5068359375,11514.2041015625,12098.5068359375,6474351,0.0,0.0
2018-08-17 00:00:00+07:00,12510.9560546875,12614.068359375,12270.361328125,12614.068359375,7730317,0.0,0.0
2018-08-20 00:00:00+07:00,12717.1806640625,12854.6640625,12373.4736328125,12854.6640625,11938181,0.0,0.0
2018-08-21 00:00:00+07:00,12854.6640625,13301.4833984375,12854.6640625,13198.37109375,13615290,0.0,0.0
2018-08-22 00:00:00+07:00,13267.11328125,13542.0791015625,13026.517578125,13198.37109375,40185157,0.0,0.0
2018-08-23 00:00:00+07:00,13060.888671875,13232.7421875,12992.1474609375,13198.37109375,4418942,0.0,0.0
2018-08-24 00:00:00+07:00,13026.517578125,13576.4501953125,12889.03515625,13576.4501953125,8604288,0.0,0.0
2018-08-27 00:00:00+07:00,13576.4501953125,13576.4501953125,13164.0009765625,13267.11328125,5402087,0.0,0.0
2018-08-28 00:00:00+07:00,13335.8544921875,13335.8544921875,13026.517578125,13060.888671875,4679105,0.0,0.0
2018-08-29 00:00:00+07:00,13095.2587890625,13335.8544921875,13026.517578125,13164.0009765625,4520248,0.0,0.0
2018-08-30 00:00:00+07:00,13232.7421875,13301.4833984375,13095.2587890625,13095.2587890625,3897641,0.0,0.0
2018-08-31 00:00:00+07:00,13095.2587890625,13129.6298828125,12923.4052734375,13060.888671875,3484177,0.0,0.0
2018-09-04 00:00:00+07:00,13164.0009765625,13164.0009765625,12648.439453125,12854.6640625,4792166,0.0,0.0
2018-09-05 00:00:00+07:00,12751.5517578125,13026.517578125,12510.9560546875,12923.4052734375,7066672,0.0,0.0
2018-09-06 00:00:00+07:00,12923.4052734375,13438.966796875,12889.03515625,13438.966796875,7491334,0.0,0.0
2018-09-07 00:00:00+07:00,13473.337890625,13679.5625,13370.2255859375,13679.5625,6527389,0.0,0.0
2018-09-10 00:00:00+07:00,13679.5625,13679.5625,13438.966796875,13576.4501953125,4001391,0.0,0.0
2018-09-11 00:00:00+07:00,13542.0791015625,13645.19140625,13438.966796875,13542.0791015625,3048343,0.0,0.0
2018-09-12 00:00:00+07:00,13542.0791015625,13679.5625,13438.966796875,13679.5625,5921176,0.0,0.0
2018-09-13 00:00:00+07:00,13817.044921875,14092.01171875,13782.6748046875,13885.787109375,5790586,0.0,0.0
2018-09-14 00:00:00+07:00,13954.5283203125,14092.01171875,13748.3037109375,14092.01171875,5303691,0.0,0.0
2018-09-17 00:00:00+07:00,14057.640625,14229.494140625,13920.1572265625,14023.26953125,3684088,0.0,0.0
2018-09-18 00:00:00+07:00,13954.5283203125,14023.26953125,13748.3037109375,14023.26953125,4709116,0.0,0.0
2018-09-19 00:00:00+07:00,14092.01171875,14366.9775390625,13988.8994140625,14366.9775390625,5256209,0.0,0.0
2018-09-20 00:00:00+07:00,14160.7529296875,14401.34765625,14160.7529296875,14401.34765625,3519224,0.0,0.0
2018-09-21 00:00:00+07:00,14366.9775390625,14641.943359375,14263.865234375,14435.71875,7988837,0.0,0.0
2018-09-24 00:00:00+07:00,14504.4599609375,14779.4267578125,14366.9775390625,14779.4267578125,4996628,0.0,0.0
2018-09-25 00:00:00+07:00,14779.4267578125,14951.2802734375,14641.943359375,14676.314453125,14045452,0.0,0.0
2018-09-26 00:00:00+07:00,14573.2021484375,14779.4267578125,14470.08984375,14779.4267578125,10342392,0.0,0.0
2018-09-27 00:00:00+07:00,14641.943359375,14779.4267578125,14641.943359375,14745.0556640625,6922173,0.0,0.0
2018-09-28 00:00:00+07:00,14641.943359375,14710.6845703125,14470.08984375,14573.2021484375,4280174,0.0,0.0
2018-10-01 00:00:00+07:00,14435.71875,14573.2021484375,14126.3818359375,14160.7529296875,5887078,0.0,0.0
2018-10-02 00:00:00+07:00,14229.494140625,14229.494140625,13851.416015625,14126.3818359375,10172000,0.0,0.0
2018-10-03 00:00:00+07:00,14160.7529296875,14401.34765625,14057.640625,14298.236328125,3754218,0.0,0.0
2018-10-04 00:00:00+07:00,14332.6064453125,14366.9775390625,14126.3818359375,14126.3818359375,2311786,0.0,0.0
2018-10-05 00:00:00+07:00,14092.01171875,14160.7529296875,13954.5283203125,14023.26953125,4103062,0.0,0.0
2018-10-08 00:00:00+07:00,13885.787109375,14023.26953125,13851.416015625,14023.26953125,2684226,0.0,0.0
2018-10-09 00:00:00+07:00,14160.7529296875,14195.1240234375,13988.8994140625,14160.7529296875,7607930,0.0,0.0
2018-10-10 00:00:00+07:00,14366.9775390625,14573.2021484375,14298.236328125,14366.9775390625,13709339,0.0,0.0
2018-10-11 00:00:00+07:00,14092.01171875,14092.01171875,13404.595703125,13748.3037109375,9599197,0.0,0.0
2018-10-12 00:00:00+07:00,13438.966796875,14057.640625,13404.595703125,14057.640625,4170969,0.0,0.0
2018-10-15 00:00:00+07:00,14023.26953125,14057.640625,13713.9326171875,13920.1572265625,4421618,0.0,0.0
2018-10-16 00:00:00+07:00,13885.787109375,14126.3818359375,13885.787109375,14057.640625,4506967,0.0,0.0
2018-10-17 00:00:00+07:00,14160.7529296875,14229.494140625,14092.01171875,14160.7529296875,8445999,0.0,0.0
2018-10-18 00:00:00+07:00,14160.7529296875,14160.7529296875,13885.787109375,13920.1572265625,4132084,0.0,0.0
2018-10-19 00:00:00+07:00,13782.6748046875,14092.01171875,13645.19140625,14092.01171875,3610609,0.0,0.0
2018-10-22 00:00:00+07:00,14092.01171875,14160.7529296875,13851.416015625,13988.8994140625,5197714,0.0,0.0
2018-10-23 00:00:00+07:00,13817.044921875,14160.7529296875,13645.19140625,14160.7529296875,6228356,0.0,0.0
2018-10-24 00:00:00+07:00,14092.01171875,14298.236328125,14023.26953125,14229.494140625,6455316,0.0,0.0
2018-10-25 00:00:00+07:00,14023.26953125,14263.865234375,13885.787109375,14160.7529296875,3048373,0.0,0.0
2018-10-26 00:00:00+07:00,14160.7529296875,14229.494140625,13817.044921875,14126.3818359375,4703616,0.0,0.0
2018-10-29 00:00:00+07:00,14126.3818359375,14573.2021484375,13954.5283203125,14366.9775390625,3533654,0.0,0.0
2018-10-30 00:00:00+07:00,14366.9775390625,14401.34765625,14160.7529296875,14160.7529296875,3543384,0.0,0.0
2018-10-31 00:00:00+07:00,14023.26953125,14263.865234375,13920.1572265625,14229.494140625,6649210,0.0,0.0
2018-11-01 00:00:00+07:00,14092.01171875,14298.236328125,14057.640625,14229.494140625,3514395,0.0,0.0
2018-11-02 00:00:00+07:00,14126.3818359375,14298.236328125,14092.01171875,14298.236328125,4006716,0.0,0.0
2018-11-05 00:00:00+07:00,14160.7529296875,14779.4267578125,14160.7529296875,14779.4267578125,5578764,0.0,0.0
2018-11-06 00:00:00+07:00,14848.16796875,15054.392578125,14779.4267578125,14848.16796875,4332603,0.0,0.0
2018-11-07 00:00:00+07:00,14882.5390625,15466.841796875,14745.0556640625,15432.470703125,8502106,0.0,0.0
2018-11-08 00:00:00+07:00,15535.5830078125,15638.6953125,15329.3583984375,15329.3583984375,4438289,0.0,0.0
2018-11-09 00:00:00+07:00,15088.763671875,15501.212890625,15088.763671875,15363.7294921875,4323440,0.0,0.0
2018-11-12 00:00:00+07:00,15123.1337890625,15638.6953125,15123.1337890625,15501.212890625,4432616,0.0,0.0
2018-11-13 00:00:00+07:00,15466.841796875,15535.5830078125,15329.3583984375,15363.7294921875,5568229,0.0,0.0
2018-11-14 00:00:00+07:00,15329.3583984375,15638.6953125,15329.3583984375,15604.32421875,12524026,0.0,0.0
2018-11-15 00:00:00+07:00,15604.32421875,15707.4365234375,14538.8310546875,14538.8310546875,6204528,0.0,0.0
2018-11-16 00:00:00+07:00,14435.71875,14848.16796875,13610.8203125,14848.16796875,8159663,0.0,0.0
2018-11-19 00:00:00+07:00,14848.16796875,14951.2802734375,14573.2021484375,14882.5390625,8547305,0.0,0.0
2018-11-20 00:00:00+07:00,14779.4267578125,14985.6513671875,14745.0556640625,14916.9091796875,9055906,0.0,0.0
2018-11-21 00:00:00+07:00,14745.0556640625,15020.021484375,14745.0556640625,14916.9091796875,5524139,0.0,0.0
2018-11-22 00:00:00+07:00,14916.9091796875,14951.2802734375,14848.16796875,14848.16796875,14924893,0.0,0.0
2018-11-23 00:00:00+07:00,14779.4267578125,14882.5390625,14745.0556640625,14848.16796875,10335820,0.0,0.0
2018-11-26 00:00:00+07:00,14848.16796875,14916.9091796875,14745.0556640625,14848.16796875,6025759,0.0,0.0
2018-11-27 00:00:00+07:00,14882.5390625,15226.24609375,14848.16796875,15088.763671875,10532859,0.0,0.0
2018-11-28 00:00:00+07:00,14985.6513671875,15123.1337890625,14985.6513671875,15088.763671875,12216500,0.0,0.0
2018-11-29 00:00:00+07:00,15123.1337890625,15157.5048828125,14779.4267578125,14779.4267578125,7793132,0.0,0.0
2018-11-30 00:00:00+07:00,14848.16796875,14882.5390625,14435.71875,14504.4599609375,3965096,0.0,0.0
2018-12-03 00:00:00+07:00,14573.2021484375,14710.6845703125,13988.8994140625,14435.71875,5210020,0.0,0.0
2018-12-04 00:00:00+07:00,14435.71875,14538.8310546875,14195.1240234375,14195.1240234375,4584881,0.0,0.0
2018-12-05 00:00:00+07:00,14092.01171875,14092.01171875,13610.8203125,13610.8203125,13789404,0.0,0.0
2018-12-06 00:00:00+07:00,13610.8203125,13988.8994140625,13610.8203125,13713.9326171875,5317422,0.0,0.0
2018-12-07 00:00:00+07:00,13748.3037109375,13954.5283203125,13748.3037109375,13782.6748046875,1982392,0.0,0.0
2018-12-10 00:00:00+07:00,13782.6748046875,13954.5283203125,13782.6748046875,13851.416015625,2085490,0.0,0.0
2018-12-11 00:00:00+07:00,13885.787109375,13920.1572265625,13610.8203125,13817.044921875,2188527,0.0,0.0
2018-12-12 00:00:00+07:00,13885.787109375,13885.787109375,13713.9326171875,13885.787109375,1583886,0.0,0.0
2018-12-13 00:00:00+07:00,13954.5283203125,14607.572265625,13954.5283203125,14435.71875,5171731,0.0,0.0
2018-12-14 00:00:00+07:00,14607.572265625,14641.943359375,14160.7529296875,14160.7529296875,2382443,0.0,0.0
2018-12-17 00:00:00+07:00,14092.01171875,14298.236328125,14092.01171875,14092.01171875,2127429,0.0,0.0
2018-12-18 00:00:00+07:00,13954.5283203125,14126.3818359375,13645.19140625,13748.3037109375,1840572,0.0,0.0
2018-12-19 00:00:00+07:00,13748.3037109375,13817.044921875,13542.0791015625,13610.8203125,2724770,0.0,0.0
2018-12-20 00:00:00+07:00,13576.4501953125,13782.6748046875,13542.0791015625,13713.9326171875,2684676,0.0,0.0
2018-12-21 00:00:00+07:00,13645.19140625,14092.01171875,13645.19140625,14092.01171875,2682974,0.0,0.0
2018-12-24 00:00:00+07:00,13817.044921875,14023.26953125,13782.6748046875,13954.5283203125,1896419,0.0,0.0
2018-12-25 00:00:00+07:00,13713.9326171875,14160.7529296875,13542.0791015625,14160.7529296875,2076646,0.0,0.0
2018-12-26 00:00:00+07:00,13988.8994140625,14160.7529296875,13885.787109375,14160.7529296875,4840202,0.0,0.0
2018-12-27 00:00:00+07:00,14366.9775390625,14401.34765625,14160.7529296875,14401.34765625,11956612,0.0,0.0
2018-12-28 00:00:00+07:00,14401.34765625,14401.34765625,14160.7529296875,14298.236328125,4531228,0.0,0.0
2019-01-02 00:00:00+07:00,14229.494140625,14298.236328125,13679.5625,14057.640625,2063044,0.0,0.0
2019-01-03 00:00:00+07:00,13954.5283203125,14126.3818359375,13645.19140625,13713.9326171875,1668216,0.0,0.0
2019-01-04 00:00:00+07:00,13645.19140625,13748.3037109375,13370.2255859375,13748.3037109375,1903945,0.0,0.0
2019-01-07 00:00:00+07:00,13748.3037109375,13920.1572265625,13748.3037109375,13920.1572265625,1338313,0.0,0.0
2019-01-08 00:00:00+07:00,13988.8994140625,13988.8994140625,13817.044921875,13954.5283203125,999755,0.0,0.0
2019-01-09 00:00:00+07:00,13954.5283203125,14092.01171875,13954.5283203125,14023.26953125,1543125,0.0,0.0
2019-01-10 00:00:00+07:00,14023.26953125,14057.640625,13920.1572265625,14057.640625,1704758,0.0,0.0
2019-01-11 00:00:00+07:00,13988.8994140625,14401.34765625,13988.8994140625,14263.865234375,4468881,0.0,0.0
2019-01-14 00:00:00+07:00,14646.068359375,14646.068359375,14318.1708984375,14318.1708984375,1670762,0.0,0.0
2019-01-15 00:00:00+07:00,14500.3359375,14500.3359375,14318.1708984375,14427.4697265625,964739,0.0,0.0
2019-01-16 00:00:00+07:00,14354.603515625,14536.7685546875,14354.603515625,14463.9033203125,1414195,0.0,0.0
2019-01-17 00:00:00+07:00,14463.9033203125,14500.3359375,14391.037109375,14391.037109375,1298353,0.0,0.0
2019-01-18 00:00:00+07:00,14427.4697265625,14427.4697265625,14245.3046875,14281.73828125,1500463,0.0,0.0
2019-01-21 00:00:00+07:00,14208.8720703125,14354.603515625,14208.8720703125,14354.603515625,1785342,0.0,0.0
2019-01-22 00:00:00+07:00,14391.037109375,14646.068359375,14318.1708984375,14646.068359375,2573490,0.0,0.0
2019-01-23 00:00:00+07:00,14646.068359375,14646.068359375,14500.3359375,14646.068359375,1598040,0.0,0.0
2019-01-24 00:00:00+07:00,14500.3359375,14828.2333984375,14500.3359375,14573.2021484375,1680739,0.0,0.0
2019-01-25 00:00:00+07:00,14718.93359375,14791.7998046875,14536.7685546875,14646.068359375,1721459,0.0,0.0
2019-01-28 00:00:00+07:00,14682.5009765625,14755.3671875,14536.7685546875,14646.068359375,1798654,0.0,0.0
2019-01-29 00:00:00+07:00,14646.068359375,14682.5009765625,14536.7685546875,14573.2021484375,1639334,0.0,0.0
2019-01-30 00:00:00+07:00,14682.5009765625,14682.5009765625,14500.3359375,14536.7685546875,1658589,0.0,0.0
2019-01-31 00:00:00+07:00,14536.7685546875,14573.2021484375,14427.4697265625,14500.3359375,1492421,0.0,0.0
2019-02-01 00:00:00+07:00,14500.3359375,14573.2021484375,14245.3046875,14573.2021484375,2757593,0.0,0.0
2019-02-11 00:00:00+07:00,14718.93359375,14718.93359375,14536.7685546875,14573.2021484375,2688054,0.0,0.0
2019-02-12 00:00:00+07:00,14500.3359375,14682.5009765625,14500.3359375,14573.2021484375,1583972,0.0,0.0
2019-02-13 00:00:00+07:00,14646.068359375,14646.068359375,14463.9033203125,14573.2021484375,2077110,0.0,0.0
2019-02-14 00:00:00+07:00,14646.068359375,15301.8623046875,14573.2021484375,15228.99609375,5446348,0.0,0.0
2019-02-15 00:00:00+07:00,15228.99609375,15666.1923828125,14937.5322265625,15411.1611328125,2964232,0.0,0.0
2019-02-18 00:00:00+07:00,15556.892578125,15556.892578125,15228.99609375,15228.99609375,2561342,0.0,0.0
2019-02-19 00:00:00+07:00,15192.5634765625,15338.294921875,14973.96484375,14973.96484375,3436306,0.0,0.0
2019-02-20 00:00:00+07:00,14937.5322265625,15010.3984375,14718.93359375,14718.93359375,2525192,0.0,0.0
2019-02-21 00:00:00+07:00,14718.93359375,14901.0986328125,14682.5009765625,14901.0986328125,2755671,0.0,0.0
2019-02-22 00:00:00+07:00,14791.7998046875,14864.666015625,14573.2021484375,14609.634765625,2151756,0.0,0.0
2019-02-25 00:00:00+07:00,14646.068359375,14718.93359375,14391.037109375,14427.4697265625,3104927,0.0,0.0
2019-02-26 00:00:00+07:00,14354.603515625,14791.7998046875,14354.603515625,14718.93359375,2250401,0.0,0.0
2019-02-27 00:00:00+07:00,14718.93359375,14791.7998046875,14536.7685546875,14573.2021484375,1747189,0.0,0.0
2019-02-28 00:00:00+07:00,14573.2021484375,14646.068359375,14354.603515625,14391.037109375,8845809,0.0,0.0
2019-03-01 00:00:00+07:00,14391.037109375,14463.9033203125,14245.3046875,14463.9033203125,2404368,0.0,0.0
2019-03-04 00:00:00+07:00,14536.7685546875,14573.2021484375,14427.4697265625,14427.4697265625,2316275,0.0,0.0
2019-03-05 00:00:00+07:00,14318.1708984375,14427.4697265625,14208.8720703125,14208.8720703125,2123318,0.0,0.0
2019-03-06 00:00:00+07:00,14208.8720703125,14281.73828125,13735.2431640625,13917.408203125,6233823,0.0,0.0
2019-03-07 00:00:00+07:00,13917.408203125,14026.70703125,13735.2431640625,13735.2431640625,2594350,0.0,0.0
2019-03-08 00:00:00+07:00,13662.376953125,13953.8408203125,13662.376953125,13698.8095703125,4038436,0.0,0.0
2019-03-11 00:00:00+07:00,13844.5419921875,14026.70703125,13698.8095703125,13917.408203125,3085743,0.0,0.0
2019-03-12 00:00:00+07:00,14063.1396484375,14136.005859375,13953.8408203125,14063.1396484375,4995165,0.0,0.0
2019-03-13 00:00:00+07:00,14063.1396484375,14099.5732421875,13880.974609375,13990.2734375,1997046,0.0,0.0
2019-03-14 00:00:00+07:00,13880.974609375,13917.408203125,13771.67578125,13808.1083984375,8596645,0.0,0.0
2019-03-15 00:00:00+07:00,13698.8095703125,13880.974609375,13698.8095703125,13880.974609375,3705099,0.0,0.0
2019-03-18 00:00:00+07:00,13844.5419921875,13953.8408203125,13662.376953125,13662.376953125,1979975,0.0,0.0
2019-03-19 00:00:00+07:00,13808.1083984375,13844.5419921875,13625.943359375,13625.943359375,2085263,0.0,0.0
2019-03-20 00:00:00+07:00,13625.943359375,13698.8095703125,13516.64453125,13553.078125,2098245,0.0,0.0
2019-03-21 00:00:00+07:00,13553.078125,13771.67578125,13152.314453125,13261.61328125,2665131,0.0,0.0
2019-03-22 00:00:00+07:00,13298.046875,13480.2119140625,13079.4482421875,13261.61328125,9231412,0.0,0.0
2019-03-25 00:00:00+07:00,13115.8818359375,13261.61328125,12897.2841796875,13261.61328125,2086431,0.0,0.0
2019-03-26 00:00:00+07:00,13225.1806640625,13407.345703125,13115.8818359375,13261.61328125,1258238,0.0,0.0
2019-03-27 00:00:00+07:00,13407.345703125,13443.7783203125,13261.61328125,13334.4794921875,2760413,0.0,0.0
2019-03-28 00:00:00+07:00,13407.345703125,13407.345703125,13261.61328125,13370.9130859375,2250058,0.0,0.0
2019-03-29 00:00:00+07:00,13370.9130859375,13370.9130859375,13115.8818359375,13370.9130859375,1674082,0.0,0.0
2019-04-01 00:00:00+07:00,13261.61328125,13334.4794921875,13115.8818359375,13298.046875,2913371,0.0,0.0
2019-04-02 00:00:00+07:00,13298.046875,13334.4794921875,13115.8818359375,13298.046875,2701063,0.0,0.0
2019-04-03 00:00:00+07:00,13298.046875,13298.046875,13152.314453125,13298.046875,1504031,0.0,0.0
2019-04-04 00:00:00+07:00,13298.046875,13334.4794921875,13188.748046875,13298.046875,1829889,0.0,0.0
2019-04-05 00:00:00+07:00,13334.4794921875,13771.67578125,13298.046875,13735.2431640625,2580444,0.0,0.0
2019-04-08 00:00:00+07:00,13880.974609375,13953.8408203125,13771.67578125,13844.5419921875,4736403,0.0,0.0
2019-04-09 00:00:00+07:00,13880.974609375,13880.974609375,13553.078125,13553.078125,1557430,0.0,0.0
2019-04-10 00:00:00+07:00,13298.046875,13553.078125,13298.046875,13298.046875,1503222,0.0,0.0
2019-04-11 00:00:00+07:00,13298.046875,13516.64453125,13298.046875,13480.2119140625,1493079,0.0,0.0
2019-04-12 00:00:00+07:00,13407.345703125,13589.5107421875,13334.4794921875,13480.2119140625,1387173,0.0,0.0
2019-04-16 00:00:00+07:00,13407.345703125,13480.2119140625,13298.046875,13480.2119140625,6943786,0.0,0.0
2019-04-17 00:00:00+07:00,13443.7783203125,13516.64453125,13334.4794921875,13407.345703125,1432228,0.0,0.0
2019-04-18 00:00:00+07:00,13334.4794921875,13443.7783203125,13298.046875,13334.4794921875,1649669,0.0,0.0
2019-04-19 00:00:00+07:00,13334.4794921875,13370.9130859375,13188.748046875,13298.046875,1406249,0.0,0.0
2019-04-22 00:00:00+07:00,13115.8818359375,13298.046875,13006.5830078125,13298.046875,1601333,0.0,0.0
2019-04-23 00:00:00+07:00,13115.8818359375,13407.345703125,13115.8818359375,13188.748046875,1388574,0.0,0.0
2019-04-24 00:00:00+07:00,13188.748046875,13298.046875,13188.748046875,13298.046875,1077713,0.0,0.0
2019-04-25 00:00:00+07:00,13298.046875,13298.046875,13188.748046875,13298.046875,962724,0.0,0.0
2019-04-26 00:00:00+07:00,13298.046875,13407.345703125,13188.748046875,13261.61328125,1624498,0.0,0.0
2019-05-02 00:00:00+07:00,13261.61328125,13334.4794921875,13152.314453125,13334.4794921875,1489883,0.0,0.0
2019-05-03 00:00:00+07:00,13334.4794921875,13334.4794921875,13152.314453125,13188.748046875,1342529,0.0,0.0
2019-05-06 00:00:00+07:00,13115.8818359375,13115.8818359375,12751.5517578125,12897.2841796875,6285348,0.0,0.0
2019-05-07 00:00:00+07:00,12897.2841796875,13006.5830078125,12605.8193359375,12897.2841796875,2814588,0.0,0.0
2019-05-08 00:00:00+07:00,12605.8193359375,12897.2841796875,12387.2216796875,12897.2841796875,1919286,0.0,0.0
2019-05-09 00:00:00+07:00,12605.8193359375,12860.8505859375,12605.8193359375,12860.8505859375,1806654,0.0,0.0
2019-05-10 00:00:00+07:00,12824.41796875,12897.2841796875,12751.5517578125,12860.8505859375,1800426,0.0,0.0
2019-05-13 00:00:00+07:00,12824.41796875,12860.8505859375,12642.2529296875,12860.8505859375,8728195,0.0,0.0
2019-05-14 00:00:00+07:00,12860.8505859375,12860.8505859375,12751.5517578125,12860.8505859375,1960349,0.0,0.0
2019-05-15 00:00:00+07:00,12824.41796875,12897.2841796875,12787.984375,12824.41796875,2492421,0.0,0.0
2019-05-16 00:00:00+07:00,12824.41796875,12860.8505859375,12751.5517578125,12860.8505859375,1839991,0.0,0.0
2019-05-17 00:00:00+07:00,12787.984375,13006.5830078125,12787.984375,13006.5830078125,1890769,0.0,0.0
2019-05-20 00:00:00+07:00,13006.5830078125,13334.4794921875,12933.716796875,13334.4794921875,2235483,0.0,0.0
2019-05-21 00:00:00+07:00,13334.4794921875,13370.9130859375,13261.61328125,13298.046875,1793839,0.0,0.0
2019-05-22 00:00:00+07:00,13298.046875,13298.046875,13115.8818359375,13261.61328125,1317319,0.0,0.0
2019-05-23 00:00:00+07:00,13261.61328125,13261.61328125,13043.015625,13115.8818359375,1844024,0.0,0.0
2019-05-24 00:00:00+07:00,13115.8818359375,13115.8818359375,12897.2841796875,13043.015625,2111408,0.0,0.0
2019-05-27 00:00:00+07:00,12897.2841796875,13152.314453125,12897.2841796875,13152.314453125,1636054,0.0,0.0
2019-05-28 00:00:00+07:00,13152.314453125,13152.314453125,12970.1494140625,13115.8818359375,1884880,0.0,0.0
2019-05-29 00:00:00+07:00,13043.015625,13079.4482421875,12970.1494140625,12970.1494140625,1654171,0.0,0.0
2019-05-30 00:00:00+07:00,12970.1494140625,13115.8818359375,12824.41796875,13115.8818359375,1592236,0.0,0.0
2019-05-31 00:00:00+07:00,12970.1494140625,13152.314453125,12970.1494140625,13152.314453125,1762259,0.0,0.0
2019-06-03 00:00:00+07:00,12970.1494140625,13079.4482421875,12933.716796875,12970.1494140625,12352107,0.0,0.0
2019-06-04 00:00:00+07:00,12970.1494140625,13043.015625,12860.8505859375,12970.1494140625,1271511,0.0,0.0
2019-06-05 00:00:00+07:00,13043.015625,13079.4482421875,12824.41796875,13006.5830078125,4739133,0.0,0.0
2019-06-06 00:00:00+07:00,12860.8505859375,12970.1494140625,12715.119140625,12970.1494140625,6098122,0.0,0.0
2019-06-07 00:00:00+07:00,12933.716796875,12970.1494140625,12787.984375,12970.1494140625,10871049,0.0,0.0
2019-06-10 00:00:00+07:00,12897.2841796875,12970.1494140625,12787.984375,12933.716796875,5364175,0.0,0.0
2019-06-11 00:00:00+07:00,12933.716796875,12970.1494140625,12168.6240234375,12168.6240234375,8245377,0.0,0.0
2019-06-12 00:00:00+07:00,12532.9541015625,12532.9541015625,12022.8916015625,12532.9541015625,1970134,0.0,0.0
2019-06-13 00:00:00+07:00,12532.9541015625,12569.38671875,12350.7890625,12496.5205078125,1189290,0.0,0.0
2019-06-14 00:00:00+07:00,12532.9541015625,12532.9541015625,12387.2216796875,12532.9541015625,8445333,0.0,0.0
2019-06-17 00:00:00+07:00,12532.9541015625,12532.9541015625,12350.7890625,12532.9541015625,1661777,0.0,0.0
2019-06-18 00:00:00+07:00,12387.2216796875,12532.9541015625,12314.35546875,12532.9541015625,2658109,0.0,0.0
2019-06-19 00:00:00+07:00,12387.2216796875,12532.9541015625,12314.35546875,12532.9541015625,2922950,0.0,0.0
2019-06-20 00:00:00+07:00,12350.7890625,12496.5205078125,12350.7890625,12496.5205078125,3667674,0.0,0.0
2019-06-21 00:00:00+07:00,12387.2216796875,12460.087890625,12314.35546875,12460.087890625,4089133,0.0,0.0
2019-06-24 00:00:00+07:00,12350.7890625,12532.9541015625,12350.7890625,12496.5205078125,9776915,0.0,0.0
2019-06-25 00:00:00+07:00,12496.5205078125,12496.5205078125,12350.7890625,12496.5205078125,4297621,0.0,0.0
2019-06-26 00:00:00+07:00,12496.5205078125,12496.5205078125,12387.2216796875,12496.5205078125,2458810,0.0,0.0
2019-06-27 00:00:00+07:00,12496.5205078125,12496.5205078125,12350.7890625,12460.087890625,5780690,0.0,0.0
2019-06-28 00:00:00+07:00,12241.4892578125,12532.9541015625,12241.4892578125,12532.9541015625,4533825,0.0,0.0
2019-07-01 00:00:00+07:00,12532.9541015625,12569.38671875,12350.7890625,12569.38671875,2921441,0.0,0.0
2019-07-02 00:00:00+07:00,12569.38671875,12569.38671875,12387.2216796875,12532.9541015625,2222212,0.0,0.0
2019-07-03 00:00:00+07:00,12460.087890625,12496.5205078125,12350.7890625,12496.5205078125,1765431,0.0,0.0
2019-07-04 00:00:00+07:00,12387.2216796875,12496.5205078125,12350.7890625,12496.5205078125,2568960,0.0,0.0
2019-07-05 00:00:00+07:00,12387.2216796875,12496.5205078125,12350.7890625,12496.5205078125,2471588,0.0,0.0
2019-07-08 00:00:00+07:00,12496.5205078125,12496.5205078125,12350.7890625,12496.5205078125,3776965,0.0,0.0
2019-07-09 00:00:00+07:00,12350.7890625,12387.2216796875,12241.4892578125,12387.2216796875,2005706,0.0,0.0
2019-07-10 00:00:00+07:00,12387.2216796875,12387.2216796875,12241.4892578125,12387.2216796875,2829918,0.0,0.0
2019-07-11 00:00:00+07:00,12241.4892578125,12460.087890625,12241.4892578125,12423.654296875,2054699,0.0,0.0
2019-07-12 00:00:00+07:00,12387.2216796875,12460.087890625,12314.35546875,12387.2216796875,2498762,0.0,0.0
2019-07-15 00:00:00+07:00,12241.4892578125,12387.2216796875,12241.4892578125,12387.2216796875,2314451,0.0,0.0
2019-07-16 00:00:00+07:00,12314.35546875,12387.2216796875,12241.4892578125,12387.2216796875,2786824,0.0,0.0
2019-07-17 00:00:00+07:00,12277.9228515625,12314.35546875,12241.4892578125,12314.35546875,1906290,0.0,0.0
2019-07-18 00:00:00+07:00,12314.35546875,12314.35546875,12168.6240234375,12241.4892578125,1847799,0.0,0.0
2019-07-19 00:00:00+07:00,12132.1904296875,12277.9228515625,12095.7578125,12168.6240234375,1661155,0.0,0.0
2019-07-22 00:00:00+07:00,11950.025390625,12168.6240234375,11950.025390625,12095.7578125,1727071,0.0,0.0
2019-07-23 00:00:00+07:00,11986.458984375,12059.32421875,11950.025390625,12059.32421875,1768586,0.0,0.0
2019-07-24 00:00:00+07:00,12022.8916015625,12022.8916015625,11877.1591796875,11986.458984375,2167030,0.0,0.0
2019-07-25 00:00:00+07:00,11840.7265625,11986.458984375,11767.8603515625,11913.5927734375,1979660,0.0,0.0
2019-07-26 00:00:00+07:00,11877.1591796875,11877.1591796875,11658.5615234375,11840.7265625,2655473,0.0,0.0
2019-07-29 00:00:00+07:00,11950.025390625,12168.6240234375,11840.7265625,11986.458984375,3017232,0.0,0.0
2019-07-30 00:00:00+07:00,11986.458984375,12059.32421875,11877.1591796875,12059.32421875,2106246,0.0,0.0
2019-07-31 00:00:00+07:00,12059.32421875,12132.1904296875,11877.1591796875,12132.1904296875,2173067,0.0,0.0
2019-08-01 00:00:00+07:00,12095.7578125,12205.056640625,12022.8916015625,12205.056640625,2138895,0.0,0.0
2019-08-02 00:00:00+07:00,12168.6240234375,12241.4892578125,12022.8916015625,12241.4892578125,1737022,0.0,0.0
2019-08-05 00:00:00+07:00,12132.1904296875,12241.4892578125,12059.32421875,12168.6240234375,1763672,0.0,0.0
2019-08-06 00:00:00+07:00,12022.8916015625,12168.6240234375,11950.025390625,12059.32421875,1500724,0.0,0.0
2019-08-07 00:00:00+07:00,11877.1591796875,12022.8916015625,11804.2939453125,11877.1591796875,1809962,0.0,0.0
2019-08-08 00:00:00+07:00,11877.1591796875,11877.1591796875,11658.5615234375,11804.2939453125,1700117,0.0,0.0
2019-08-09 00:00:00+07:00,11804.2939453125,11804.2939453125,11549.2626953125,11658.5615234375,1814299,0.0,0.0
2019-08-12 00:00:00+07:00,11658.5615234375,11658.5615234375,11476.396484375,11658.5615234375,1978656,0.0,0.0
2019-08-13 00:00:00+07:00,11549.2626953125,11658.5615234375,11403.5302734375,11658.5615234375,2168963,0.0,0.0
2019-08-14 00:00:00+07:00,11476.396484375,11804.2939453125,11476.396484375,11512.8291015625,1700940,0.0,0.0
2019-08-15 00:00:00+07:00,11330.6640625,11731.427734375,11221.365234375,11731.427734375,1628479,0.0,0.0
2019-08-16 00:00:00+07:00,11549.2626953125,11658.5615234375,11512.8291015625,11658.5615234375,1759666,0.0,0.0
2019-08-19 00:00:00+07:00,11658.5615234375,11731.427734375,11512.8291015625,11731.427734375,1800795,0.0,0.0
2019-08-20 00:00:00+07:00,11658.5615234375,11804.2939453125,11585.6953125,11804.2939453125,1618556,0.0,0.0
2019-08-21 00:00:00+07:00,11804.2939453125,11804.2939453125,11658.5615234375,11804.2939453125,1444992,0.0,0.0
2019-08-22 00:00:00+07:00,11658.5615234375,11767.8603515625,11622.12890625,11767.8603515625,2196686,0.0,0.0
2019-08-23 00:00:00+07:00,11767.8603515625,11767.8603515625,11658.5615234375,11767.8603515625,1893637,0.0,0.0
2019-08-26 00:00:00+07:00,11767.8603515625,11767.8603515625,11549.2626953125,11658.5615234375,2045533,0.0,0.0
2019-08-27 00:00:00+07:00,11658.5615234375,11658.5615234375,11439.9638671875,11585.6953125,2488853,0.0,0.0
2019-08-28 00:00:00+07:00,11585.6953125,11585.6953125,11403.5302734375,11585.6953125,2054714,0.0,0.0
2019-08-29 00:00:00+07:00,11585.6953125,11585.6953125,11403.5302734375,11585.6953125,2095489,0.0,0.0
2019-08-30 00:00:00+07:00,11658.5615234375,12022.8916015625,11549.2626953125,12022.8916015625,1772688,0.0,0.0
2019-09-03 00:00:00+07:00,12022.8916015625,12059.32421875,11840.7265625,12022.8916015625,1696975,0.0,0.0
2019-09-04 00:00:00+07:00,12022.8916015625,12132.1904296875,11913.5927734375,12132.1904296875,1433258,0.0,0.0
2019-09-05 00:00:00+07:00,12168.6240234375,12241.4892578125,12132.1904296875,12241.4892578125,2078016,0.0,0.0
2019-09-06 00:00:00+07:00,12241.4892578125,12277.9228515625,12095.7578125,12277.9228515625,2094965,0.0,0.0
2019-09-09 00:00:00+07:00,12277.9228515625,12277.9228515625,12168.6240234375,12277.9228515625,1699596,0.0,0.0
2019-09-10 00:00:00+07:00,12277.9228515625,12314.35546875,12205.056640625,12277.9228515625,1867947,0.0,0.0
2019-09-11 00:00:00+07:00,12277.9228515625,12277.9228515625,12205.056640625,12277.9228515625,1475390,0.0,0.0
2019-09-12 00:00:00+07:00,12241.4892578125,12460.087890625,12241.4892578125,12460.087890625,1454790,0.0,0.0
2019-09-13 00:00:00+07:00,12460.087890625,12751.5517578125,12423.654296875,12751.5517578125,2106548,0.0,0.0
2019-09-16 00:00:00+07:00,12824.41796875,13115.8818359375,12787.984375,13079.4482421875,2608753,0.0,0.0
2019-09-17 00:00:00+07:00,13079.4482421875,13115.8818359375,12970.1494140625,13115.8818359375,2087432,0.0,0.0
2019-09-18 00:00:00+07:00,13115.8818359375,13115.8818359375,12970.1494140625,13043.015625,2559585,0.0,0.0
2019-09-19 00:00:00+07:00,13115.8818359375,13115.8818359375,12933.716796875,13006.5830078125,16377249,0.0,0.0
2019-09-20 00:00:00+07:00,13006.5830078125,13079.4482421875,12970.1494140625,13079.4482421875,3241768,0.0,0.0
2019-09-23 00:00:00+07:00,12970.1494140625,13043.015625,12460.087890625,13043.015625,1620725,0.0,0.0
2019-09-24 00:00:00+07:00,13079.4482421875,13079.4482421875,13006.5830078125,13079.4482421875,1909296,0.0,0.0
2019-09-25 00:00:00+07:00,13079.4482421875,13115.8818359375,13043.015625,13079.4482421875,28655814,0.0,0.0
2019-09-26 00:00:00+07:00,13079.4482421875,13115.8818359375,13043.015625,13115.8818359375,1846264,0.0,0.0
2019-09-27 00:00:00+07:00,13115.8818359375,13115.8818359375,12970.1494140625,13079.4482421875,1511662,0.0,0.0
2019-09-30 00:00:00+07:00,13079.4482421875,13079.4482421875,12970.1494140625,13006.5830078125,1453803,0.0,0.0
2019-10-01 00:00:00+07:00,12970.1494140625,13043.015625,12751.5517578125,12970.1494140625,26897862,0.0,0.0
2019-10-02 00:00:00+07:00,12970.1494140625,13006.5830078125,12824.41796875,13006.5830078125,2256043,0.0,0.0
2019-10-03 00:00:00+07:00,13006.5830078125,13043.015625,12824.41796875,12933.716796875,1421908,0.0,0.0
2019-10-04 00:00:00+07:00,12933.716796875,12970.1494140625,12860.8505859375,12933.716796875,19452579,0.0,0.0
2019-10-07 00:00:00+07:00,12860.8505859375,13006.5830078125,12824.41796875,12970.1494140625,3726761,0.0,0.0
2019-10-08 00:00:00+07:00,13006.5830078125,13043.015625,12933.716796875,13043.015625,2074339,0.0,0.0
2019-10-09 00:00:00+07:00,13079.4482421875,13115.8818359375,13006.5830078125,13043.015625,8386400,0.0,0.0
2019-10-10 00:00:00+07:00,13006.5830078125,13079.4482421875,12970.1494140625,13079.4482421875,6223145,0.0,0.0
2019-10-11 00:00:00+07:00,13115.8818359375,13115.8818359375,13006.5830078125,13115.8818359375,8438308,0.0,0.0
2019-10-14 00:00:00+07:00,13261.61328125,13625.943359375,13152.314453125,13625.943359375,5545750,0.0,0.0
2019-10-15 00:00:00+07:00,13771.67578125,13844.5419921875,13625.943359375,13698.8095703125,3431514,0.0,0.0
2019-10-16 00:00:00+07:00,13844.5419921875,13844.5419921875,13553.078125,13662.376953125,1716270,0.0,0.0
2019-10-17 00:00:00+07:00,13043.015625,13662.376953125,13043.015625,13625.943359375,2517131,0.0,0.0
2019-10-18 00:00:00+07:00,13625.943359375,13625.943359375,13443.7783203125,13625.943359375,1846345,0.0,0.0
2019-10-21 00:00:00+07:00,13115.8818359375,13625.943359375,13115.8818359375,13589.5107421875,3473642,0.0,0.0
2019-10-22 00:00:00+07:00,13589.5107421875,13625.943359375,13334.4794921875,13370.9130859375,1805434,0.0,0.0
2019-10-23 00:00:00+07:00,13480.2119140625,13553.078125,13370.9130859375,13553.078125,1865804,0.0,0.0
2019-10-24 00:00:00+07:00,13625.943359375,13662.376953125,13480.2119140625,13589.5107421875,1693832,0.0,0.0
2019-10-25 00:00:00+07:00,13625.943359375,13625.943359375,13516.64453125,13625.943359375,1594622,0.0,0.0
2019-10-28 00:00:00+07:00,13625.943359375,13844.5419921875,13516.64453125,13844.5419921875,2245567,0.0,0.0
2019-10-29 00:00:00+07:00,13844.5419921875,13844.5419921875,13662.376953125,13771.67578125,5296351,0.0,0.0
2019-10-30 00:00:00+07:00,13662.376953125,13771.67578125,13553.078125,13771.67578125,2983446,0.0,0.0
2019-10-31 00:00:00+07:00,13625.943359375,13808.1083984375,13625.943359375,13662.376953125,2995055,0.0,0.0
2019-11-01 00:00:00+07:00,13662.376953125,13735.2431640625,13553.078125,13662.376953125,4097984,0.0,0.0
2019-11-04 00:00:00+07:00,13553.078125,13662.376953125,13188.748046875,13188.748046875,1635696,0.0,0.0
2019-11-05 00:00:00+07:00,13115.8818359375,13334.4794921875,13115.8818359375,13334.4794921875,1470710,0.0,0.0
2019-11-06 00:00:00+07:00,13261.61328125,13443.7783203125,13225.1806640625,13443.7783203125,1479672,0.0,0.0
2019-11-07 00:00:00+07:00,13480.2119140625,13771.67578125,13407.345703125,13771.67578125,16888035,0.0,0.0
2019-11-08 00:00:00+07:00,13844.5419921875,13844.5419921875,13625.943359375,13808.1083984375,4512320,0.0,0.0
2019-11-11 00:00:00+07:00,13844.5419921875,13844.5419921875,13662.376953125,13771.67578125,1892787,0.0,0.0
2019-11-12 00:00:00+07:00,13625.943359375,13808.1083984375,13625.943359375,13771.67578125,1978368,0.0,0.0
2019-11-13 00:00:00+07:00,13771.67578125,13808.1083984375,13698.8095703125,13771.67578125,6330191,0.0,0.0
2019-11-14 00:00:00+07:00,13771.67578125,13771.67578125,13625.943359375,13698.8095703125,2025852,0.0,0.0
2019-11-15 00:00:00+07:00,13698.8095703125,13735.2431640625,13553.078125,13698.8095703125,6105451,0.0,0.0
2019-11-18 00:00:00+07:00,13698.8095703125,13698.8095703125,13553.078125,13698.8095703125,5207665,0.0,0.0
2019-11-19 00:00:00+07:00,13735.2431640625,13735.2431640625,13625.943359375,13698.8095703125,19169812,0.0,0.0
2019-11-20 00:00:00+07:00,13735.2431640625,13735.2431640625,13516.64453125,13625.943359375,1698717,0.0,0.0
2019-11-21 00:00:00+07:00,13625.943359375,13625.943359375,13480.2119140625,13553.078125,2136754,0.0,0.0
2019-11-22 00:00:00+07:00,13589.5107421875,13625.943359375,13261.61328125,13261.61328125,2202641,0.0,0.0
2019-11-25 00:00:00+07:00,13298.046875,13334.4794921875,13225.1806640625,13261.61328125,6238831,0.0,0.0
2019-11-26 00:00:00+07:00,13261.61328125,13480.2119140625,13225.1806640625,13480.2119140625,3223269,0.0,0.0
2019-11-27 00:00:00+07:00,13553.078125,13625.943359375,13407.345703125,13625.943359375,4232793,0.0,0.0
2019-11-28 00:00:00+07:00,13334.4794921875,13698.8095703125,13334.4794921875,13625.943359375,12668333,0.0,0.0
2019-11-29 00:00:00+07:00,13625.943359375,13625.943359375,13480.2119140625,13625.943359375,7213813,0.0,0.0
2019-12-02 00:00:00+07:00,13625.943359375,13625.943359375,13443.7783203125,13516.64453125,3974498,0.0,0.0
2019-12-03 00:00:00+07:00,13516.64453125,13516.64453125,13188.748046875,13480.2119140625,4499584,0.0,0.0
2019-12-04 00:00:00+07:00,13480.2119140625,13516.64453125,13334.4794921875,13516.64453125,2948038,0.0,0.0
2019-12-05 00:00:00+07:00,13516.64453125,13553.078125,13480.2119140625,13553.078125,8145442,0.0,0.0
2019-12-06 00:00:00+07:00,13553.078125,13589.5107421875,13480.2119140625,13589.5107421875,1541784,0.0,0.0
2019-12-09 00:00:00+07:00,13589.5107421875,13625.943359375,13516.64453125,13589.5107421875,2284421,0.0,0.0
2019-12-10 00:00:00+07:00,13625.943359375,13625.943359375,13516.64453125,13553.078125,2897190,0.0,0.0
2019-12-11 00:00:00+07:00,13553.078125,13589.5107421875,13480.2119140625,13553.078125,1457178,0.0,0.0
2019-12-12 00:00:00+07:00,13553.078125,13553.078125,13407.345703125,13516.64453125,4344944,0.0,0.0
2019-12-13 00:00:00+07:00,13480.2119140625,13516.64453125,13261.61328125,13480.2119140625,1682757,0.0,0.0
2019-12-16 00:00:00+07:00,13480.2119140625,13516.64453125,13407.345703125,13516.64453125,1622962,0.0,0.0
2019-12-17 00:00:00+07:00,13516.64453125,13553.078125,13407.345703125,13516.64453125,1697839,0.0,0.0
2019-12-18 00:00:00+07:00,13516.64453125,13516.64453125,13298.046875,13298.046875,1655722,0.0,0.0
2019-12-19 00:00:00+07:00,13298.046875,13334.4794921875,12970.1494140625,13115.8818359375,1994836,0.0,0.0
2019-12-20 00:00:00+07:00,13152.314453125,13407.345703125,12751.5517578125,13407.345703125,2758430,0.0,0.0
2019-12-23 00:00:00+07:00,13407.345703125,13407.345703125,13334.4794921875,13407.345703125,1508121,0.0,0.0
2019-12-24 00:00:00+07:00,13407.345703125,13443.7783203125,13261.61328125,13443.7783203125,1548401,0.0,0.0
2019-12-25 00:00:00+07:00,13443.7783203125,13480.2119140625,13334.4794921875,13407.345703125,1518112,0.0,0.0
2019-12-26 00:00:00+07:00,13407.345703125,13480.2119140625,13298.046875,13480.2119140625,2111598,0.0,0.0
2019-12-27 00:00:00+07:00,13516.64453125,13516.64453125,13334.4794921875,13480.2119140625,1625392,0.0,0.0
2019-12-30 00:00:00+07:00,13516.64453125,13516.64453125,13370.9130859375,13480.2119140625,1461666,0.0,0.0
2019-12-31 00:00:00+07:00,13480.2119140625,13480.2119140625,13298.046875,13480.2119140625,1642231,0.0,0.0
2020-01-02 00:00:00+07:00,13516.64453125,13553.078125,13370.9130859375,13553.078125,1710410,0.0,0.0
2020-01-03 00:00:00+07:00,13553.078125,13589.5107421875,13370.9130859375,13553.078125,1562811,0.0,0.0
2020-01-06 00:00:00+07:00,13516.64453125,13553.078125,13443.7783203125,13553.078125,1604559,0.0,0.0
2020-01-07 00:00:00+07:00,13589.5107421875,13625.943359375,13480.2119140625,13625.943359375,1593441,0.0,0.0
2020-01-08 00:00:00+07:00,13553.078125,13553.078125,13370.9130859375,13553.078125,1685446,0.0,0.0
2020-01-09 00:00:00+07:00,13553.078125,13625.943359375,13443.7783203125,13625.943359375,2240383,0.0,0.0
2020-01-10 00:00:00+07:00,13625.943359375,13662.376953125,13480.2119140625,13625.943359375,2661799,0.0,0.0
2020-01-13 00:00:00+07:00,13625.943359375,13662.376953125,13516.64453125,13625.943359375,1913028,0.0,0.0
2020-01-14 00:00:00+07:00,13589.5107421875,13625.943359375,13480.2119140625,13589.5107421875,2213745,0.0,0.0
2020-01-15 00:00:00+07:00,13553.078125,13625.943359375,13516.64453125,13625.943359375,1558913,0.0,0.0
2020-01-16 00:00:00+07:00,13625.943359375,13625.943359375,13516.64453125,13553.078125,4541538,0.0,0.0
2020-01-17 00:00:00+07:00,13480.2119140625,13480.2119140625,13407.345703125,13480.2119140625,2407992,0.0,0.0
2020-01-20 00:00:00+07:00,13480.2119140625,13480.2119140625,13334.4794921875,13480.2119140625,6203698,0.0,0.0
2020-01-21 00:00:00+07:00,13407.345703125,13480.2119140625,13407.345703125,13443.7783203125,2000709,0.0,0.0
2020-01-22 00:00:00+07:00,13443.7783203125,13553.078125,13334.4794921875,13553.078125,1839936,0.0,0.0
2020-01-30 00:00:00+07:00,13553.078125,13553.078125,13407.345703125,13553.078125,1737200,0.0,0.0
2020-01-31 00:00:00+07:00,13589.5107421875,13589.5107421875,13443.7783203125,13516.64453125,1891003,0.0,0.0
2020-02-03 00:00:00+07:00,13480.2119140625,13480.2119140625,13115.8818359375,13115.8818359375,1834144,0.0,0.0
2020-02-04 00:00:00+07:00,13115.8818359375,13188.748046875,12933.716796875,12970.1494140625,1482252,0.0,0.0
2020-02-05 00:00:00+07:00,12933.716796875,12970.1494140625,12605.8193359375,12933.716796875,1885293,0.0,0.0
2020-02-06 00:00:00+07:00,12824.41796875,13115.8818359375,12824.41796875,13115.8818359375,1634935,0.0,0.0
2020-02-07 00:00:00+07:00,13006.5830078125,13115.8818359375,12897.2841796875,13115.8818359375,1632596,0.0,0.0
2020-02-10 00:00:00+07:00,13043.015625,13115.8818359375,12824.41796875,13115.8818359375,1608593,0.0,0.0
2020-02-11 00:00:00+07:00,13115.8818359375,13480.2119140625,12897.2841796875,13480.2119140625,3325621,0.0,0.0
2020-02-12 00:00:00+07:00,14063.1396484375,14391.037109375,13917.408203125,14391.037109375,1594595,0.0,0.0
2020-02-13 00:00:00+07:00,15301.8623046875,15374.7275390625,15156.1298828125,15374.7275390625,3640858,0.0,0.0
2020-02-14 00:00:00+07:00,15374.7275390625,15739.0576171875,15301.8623046875,15447.59375,5583011,0.0,0.0
2020-02-17 00:00:00+07:00,15265.4287109375,15520.4599609375,15010.3984375,15484.02734375,3079910,0.0,0.0
2020-02-18 00:00:00+07:00,15484.02734375,15811.923828125,15301.8623046875,15775.4912109375,3463971,0.0,0.0
2020-02-19 00:00:00+07:00,15775.4912109375,16176.25390625,15629.7587890625,16030.5224609375,9649159,0.0,0.0
2020-02-20 00:00:00+07:00,16321.986328125,16394.8515625,15884.7900390625,16030.5224609375,3915471,0.0,0.0
2020-02-21 00:00:00+07:00,16030.5224609375,16321.986328125,15884.7900390625,16030.5224609375,3691319,0.0,0.0
2020-02-24 00:00:00+07:00,16030.5224609375,16030.5224609375,15666.1923828125,15921.22265625,6775021,0.0,0.0
2020-02-25 00:00:00+07:00,15666.1923828125,16176.25390625,15666.1923828125,15957.65625,5340538,0.0,0.0
2020-02-26 00:00:00+07:00,15957.65625,16030.5224609375,15884.7900390625,15884.7900390625,6252983,0.0,0.0
2020-02-27 00:00:00+07:00,15739.0576171875,16540.583984375,15739.0576171875,16103.3876953125,4836229,0.0,0.0
2020-02-28 00:00:00+07:00,15848.357421875,15994.0888671875,15666.1923828125,15775.4912109375,3949767,0.0,0.0
2020-03-02 00:00:00+07:00,15775.4912109375,15811.923828125,15411.1611328125,15593.326171875,5799655,0.0,0.0
2020-03-03 00:00:00+07:00,15520.4599609375,15702.625,14536.7685546875,15374.7275390625,3648130,0.0,0.0
2020-03-04 00:00:00+07:00,15374.7275390625,15374.7275390625,14791.7998046875,15228.99609375,3386500,0.0,0.0
2020-03-05 00:00:00+07:00,15228.99609375,15265.4287109375,14864.666015625,15192.5634765625,3554177,0.0,0.0
2020-03-06 00:00:00+07:00,15192.5634765625,15192.5634765625,14646.068359375,14646.068359375,3510728,0.0,0.0
2020-03-09 00:00:00+07:00,13698.8095703125,14500.3359375,13698.8095703125,14099.5732421875,3401541,0.0,0.0
2020-03-10 00:00:00+07:00,13480.2119140625,14063.1396484375,13480.2119140625,13953.8408203125,3354839,0.0,0.0
2020-03-11 00:00:00+07:00,13625.943359375,14026.70703125,13115.8818359375,13334.4794921875,3788993,0.0,0.0
2020-03-12 00:00:00+07:00,12860.8505859375,13043.015625,12423.654296875,12423.654296875,3016245,0.0,0.0
2020-03-13 00:00:00+07:00,11585.6953125,12277.9228515625,11585.6953125,11585.6953125,3970655,0.0,0.0
2020-03-16 00:00:00+07:00,10784.1689453125,11221.365234375,10784.1689453125,10784.1689453125,3354730,0.0,0.0
2020-03-17 00:00:00+07:00,10274.107421875,11112.06640625,10274.107421875,11002.767578125,3910256,0.0,0.0
2020-03-18 00:00:00+07:00,11002.767578125,11039.2001953125,10820.6025390625,11002.767578125,3544776,0.0,0.0
2020-03-19 00:00:00+07:00,10929.9013671875,10929.9013671875,10565.5712890625,10893.46875,3044242,0.0,0.0
2020-03-20 00:00:00+07:00,10893.46875,10893.46875,10274.107421875,10711.3037109375,6180876,0.0,0.0
2020-03-23 00:00:00+07:00,10346.9736328125,10383.40625,9982.6435546875,9982.6435546875,2579197,0.0,0.0
2020-03-24 00:00:00+07:00,9982.6435546875,9982.6435546875,9290.416015625,9290.416015625,2978573,0.0,0.0
2020-03-25 00:00:00+07:00,8671.0546875,9181.1171875,8671.0546875,8671.0546875,3704261,0.0,0.0
2020-03-26 00:00:00+07:00,8671.0546875,9253.9833984375,8452.45703125,9253.9833984375,2248179,0.0,0.0
2020-03-27 00:00:00+07:00,9144.6845703125,9873.3447265625,9108.2509765625,9873.3447265625,2222789,0.0,0.0
2020-03-30 00:00:00+07:00,9253.9833984375,9800.478515625,9217.5498046875,9436.1484375,2180191,0.0,0.0
2020-03-31 00:00:00+07:00,9326.849609375,9472.5810546875,8780.3544921875,9253.9833984375,2261684,0.0,0.0
2020-04-01 00:00:00+07:00,9253.9833984375,9399.71484375,8998.9521484375,9253.9833984375,2062042,0.0,0.0
2020-04-03 00:00:00+07:00,9253.9833984375,9472.5810546875,9217.5498046875,9326.849609375,1918491,0.0,0.0
2020-04-06 00:00:00+07:00,9363.2822265625,9946.2099609375,9363.2822265625,9946.2099609375,2537024,0.0,0.0
2020-04-07 00:00:00+07:00,9946.2099609375,10164.80859375,9253.9833984375,9800.478515625,2035609,0.0,0.0
2020-04-08 00:00:00+07:00,9800.478515625,9836.9111328125,9326.849609375,9836.9111328125,1925407,0.0,0.0
2020-04-09 00:00:00+07:00,9581.8798828125,10310.5400390625,9581.8798828125,9836.9111328125,2029215,0.0,0.0
2020-04-10 00:00:00+07:00,9946.2099609375,10055.509765625,9764.044921875,9836.9111328125,1974319,0.0,0.0
2020-04-13 00:00:00+07:00,9836.9111328125,10456.2724609375,9836.9111328125,10201.2412109375,2185762,0.0,0.0
2020-04-14 00:00:00+07:00,10201.2412109375,10419.83984375,9909.77734375,10310.5400390625,4454186,0.0,0.0
2020-04-15 00:00:00+07:00,10346.9736328125,10565.5712890625,10237.6748046875,10310.5400390625,5051255,0.0,0.0
2020-04-16 00:00:00+07:00,10237.6748046875,10346.9736328125,10055.509765625,10346.9736328125,2992955,0.0,0.0
2020-04-17 00:00:00+07:00,10492.705078125,10857.03515625,9654.74609375,10820.6025390625,7597256,0.0,0.0
2020-04-20 00:00:00+07:00,10857.03515625,11148.4990234375,10674.8701171875,11148.4990234375,3350874,0.0,0.0
2020-04-21 00:00:00+07:00,10929.9013671875,11002.767578125,10383.40625,10383.40625,5503114,0.0,0.0
2020-04-22 00:00:00+07:00,9836.9111328125,10383.40625,9836.9111328125,10310.5400390625,4734220,0.0,0.0
2020-04-23 00:00:00+07:00,10310.5400390625,10492.705078125,10201.2412109375,10237.6748046875,4778740,0.0,0.0
2020-04-24 00:00:00+07:00,10128.375,10419.83984375,10055.509765625,10237.6748046875,2989209,0.0,0.0
2020-04-27 00:00:00+07:00,10274.107421875,10274.107421875,9982.6435546875,9982.6435546875,3082781,0.0,0.0
2020-04-28 00:00:00+07:00,9982.6435546875,10237.6748046875,9836.9111328125,9946.2099609375,3389464,0.0,0.0
2020-04-29 00:00:00+07:00,9982.6435546875,10201.2412109375,9909.77734375,10019.076171875,3001958,0.0,0.0
2020-05-04 00:00:00+07:00,10201.2412109375,10638.4375,10055.509765625,10310.5400390625,2797803,0.0,0.0
2020-05-05 00:00:00+07:00,10346.9736328125,10419.83984375,10274.107421875,10310.5400390625,6618255,0.0,0.0
2020-05-06 00:00:00+07:00,10346.9736328125,10419.83984375,10201.2412109375,10383.40625,2962324,0.0,0.0
2020-05-07 00:00:00+07:00,10346.9736328125,10456.2724609375,10201.2412109375,10383.40625,2984214,0.0,0.0
2020-05-08 00:00:00+07:00,10383.40625,10966.333984375,10383.40625,10747.736328125,4889094,0.0,0.0
2020-05-11 00:00:00+07:00,10929.9013671875,10929.9013671875,10638.4375,10784.1689453125,2941107,0.0,0.0
2020-05-12 00:00:00+07:00,10711.3037109375,10747.736328125,10529.138671875,10565.5712890625,3094211,0.0,0.0
2020-05-13 00:00:00+07:00,10565.5712890625,11075.6337890625,10419.83984375,10893.46875,3715886,0.0,0.0
2020-05-14 00:00:00+07:00,10893.46875,10893.46875,10711.3037109375,10747.736328125,4196882,0.0,0.0
2020-05-15 00:00:00+07:00,10747.736328125,10893.46875,10711.3037109375,10784.1689453125,3145153,0.0,0.0
2020-05-18 00:00:00+07:00,10784.1689453125,10820.6025390625,10638.4375,10711.3037109375,6540727,0.0,0.0
2020-05-19 00:00:00+07:00,10820.6025390625,11039.2001953125,10711.3037109375,10929.9013671875,2971481,0.0,0.0
2020-05-20 00:00:00+07:00,10929.9013671875,10929.9013671875,10820.6025390625,10893.46875,4701530,0.0,0.0
2020-05-21 00:00:00+07:00,11002.767578125,11039.2001953125,10820.6025390625,11002.767578125,6851435,0.0,0.0
2020-05-22 00:00:00+07:00,10857.03515625,11075.6337890625,10747.736328125,10857.03515625,3208079,0.0,0.0
2020-05-25 00:00:00+07:00,10784.1689453125,10857.03515625,10784.1689453125,10784.1689453125,5798489,0.0,0.0
2020-05-26 00:00:00+07:00,10784.1689453125,11184.9326171875,10784.1689453125,10929.9013671875,5280787,0.0,0.0
2020-05-27 00:00:00+07:00,11148.4990234375,11148.4990234375,10784.1689453125,10893.46875,4035718,0.0,0.0
2020-05-28 00:00:00+07:00,10893.46875,10929.9013671875,10784.1689453125,10857.03515625,5972726,0.0,0.0
2020-05-29 00:00:00+07:00,10820.6025390625,10857.03515625,10711.3037109375,10857.03515625,3702739,0.0,0.0
2020-06-01 00:00:00+07:00,10893.46875,10929.9013671875,10784.1689453125,10929.9013671875,3302826,0.0,0.0
2020-06-02 00:00:00+07:00,11002.767578125,11002.767578125,10784.1689453125,10893.46875,4751374,0.0,0.0
2020-06-03 00:00:00+07:00,10893.46875,10929.9013671875,10784.1689453125,10893.46875,3130990,0.0,0.0
2020-06-04 00:00:00+07:00,10929.9013671875,11075.6337890625,10893.46875,10966.333984375,3282227,0.0,0.0
2020-06-05 00:00:00+07:00,11002.767578125,11002.767578125,10857.03515625,10966.333984375,4571841,0.0,0.0
2020-06-08 00:00:00+07:00,11075.6337890625,11731.427734375,11075.6337890625,11731.427734375,6801355,0.0,0.0
2020-06-09 00:00:00+07:00,12168.6240234375,12168.6240234375,11731.427734375,11767.8603515625,3288307,0.0,0.0
2020-06-10 00:00:00+07:00,11731.427734375,12095.7578125,11476.396484375,11804.2939453125,3773704,0.0,0.0
2020-06-11 00:00:00+07:00,11804.2939453125,11950.025390625,11148.4990234375,11804.2939453125,4275940,0.0,0.0
2020-06-12 00:00:00+07:00,11002.767578125,11439.9638671875,11002.767578125,11294.2314453125,3712373,0.0,0.0
2020-06-15 00:00:00+07:00,11148.4990234375,11257.798828125,10674.8701171875,10711.3037109375,3307466,0.0,0.0
2020-06-16 00:00:00+07:00,10966.333984375,10966.333984375,10711.3037109375,10857.03515625,2827392,0.0,0.0
2020-06-17 00:00:00+07:00,10857.03515625,11039.2001953125,10602.0048828125,10784.1689453125,3862263,0.0,0.0
2020-06-18 00:00:00+07:00,10711.3037109375,10857.03515625,10565.5712890625,10784.1689453125,2817277,0.0,0.0
2020-06-19 00:00:00+07:00,10893.46875,10929.9013671875,10602.0048828125,10602.0048828125,5450988,0.0,0.0
2020-06-22 00:00:00+07:00,10602.0048828125,10820.6025390625,10602.0048828125,10784.1689453125,2876153,0.0,0.0
2020-06-23 00:00:00+07:00,10784.1689453125,11039.2001953125,10784.1689453125,10929.9013671875,3148365,0.0,0.0
2020-06-24 00:00:00+07:00,10857.03515625,10966.333984375,10747.736328125,10820.6025390625,2987644,0.0,0.0
2020-06-25 00:00:00+07:00,10711.3037109375,10820.6025390625,10602.0048828125,10638.4375,2939557,0.0,0.0
2020-06-26 00:00:00+07:00,10674.8701171875,10893.46875,10602.0048828125,10602.0048828125,3455382,0.0,0.0
2020-06-29 00:00:00+07:00,10565.5712890625,10602.0048828125,10055.509765625,10128.375,3155281,0.0,0.0
2020-06-30 00:00:00+07:00,10274.107421875,10310.5400390625,9472.5810546875,9727.6123046875,3748386,0.0,0.0
2020-07-01 00:00:00+07:00,9836.9111328125,10201.2412109375,9691.1796875,10091.9423828125,3026376,0.0,0.0
2020-07-02 00:00:00+07:00,10091.9423828125,10310.5400390625,10055.509765625,10164.80859375,2987796,0.0,0.0
2020-07-03 00:00:00+07:00,10128.375,10346.9736328125,10128.375,10237.6748046875,3477021,0.0,0.0
2020-07-06 00:00:00+07:00,10237.6748046875,10419.83984375,10164.80859375,10419.83984375,4100935,0.0,0.0
2020-07-07 00:00:00+07:00,10419.83984375,10529.138671875,10346.9736328125,10419.83984375,4232465,0.0,0.0
2020-07-08 00:00:00+07:00,10201.2412109375,10492.705078125,10201.2412109375,10492.705078125,4991089,0.0,0.0
2020-07-09 00:00:00+07:00,10529.138671875,10674.8701171875,10310.5400390625,10602.0048828125,5699856,0.0,0.0
2020-07-10 00:00:00+07:00,10565.5712890625,10747.736328125,10346.9736328125,10674.8701171875,5375879,0.0,0.0
2020-07-13 00:00:00+07:00,10674.8701171875,10784.1689453125,10529.138671875,10565.5712890625,5769106,0.0,0.0
2020-07-14 00:00:00+07:00,10565.5712890625,10674.8701171875,10419.83984375,10674.8701171875,5867191,0.0,0.0
2020-07-15 00:00:00+07:00,10711.3037109375,10784.1689453125,10602.0048828125,10711.3037109375,6002068,0.0,0.0
2020-07-16 00:00:00+07:00,10784.1689453125,11002.767578125,10529.138671875,11002.767578125,7401349,0.0,0.0
2020-07-17 00:00:00+07:00,11002.767578125,11148.4990234375,10784.1689453125,11039.2001953125,8754847,0.0,0.0
2020-07-20 00:00:00+07:00,11039.2001953125,11075.6337890625,10820.6025390625,10893.46875,6688616,0.0,0.0
2020-07-21 00:00:00+07:00,10893.46875,11075.6337890625,10747.736328125,10893.46875,5777835,0.0,0.0
2020-07-22 00:00:00+07:00,11002.767578125,11002.767578125,10747.736328125,10784.1689453125,6017096,0.0,0.0
2020-07-23 00:00:00+07:00,10857.03515625,10857.03515625,10638.4375,10747.736328125,6170543,0.0,0.0
2020-07-24 00:00:00+07:00,10784.1689453125,10784.1689453125,10164.80859375,10602.0048828125,4111200,0.0,0.0
2020-07-27 00:00:00+07:00,10310.5400390625,10310.5400390625,9873.3447265625,9873.3447265625,2272345,0.0,0.0
2020-07-28 00:00:00+07:00,9618.3134765625,10346.9736328125,9618.3134765625,10201.2412109375,5147733,0.0,0.0
2020-07-29 00:00:00+07:00,9909.77734375,9982.6435546875,9618.3134765625,9618.3134765625,3140501,0.0,0.0
2020-07-30 00:00:00+07:00,9909.77734375,9909.77734375,9618.3134765625,9836.9111328125,3917886,0.0,0.0
2020-07-31 00:00:00+07:00,9764.044921875,9909.77734375,9581.8798828125,9618.3134765625,4769779,0.0,0.0
2020-08-03 00:00:00+07:00,9545.447265625,10274.107421875,9545.447265625,10201.2412109375,8991322,0.0,0.0
2020-08-04 00:00:00+07:00,10128.375,10274.107421875,10091.9423828125,10201.2412109375,4548057,0.0,0.0
2020-08-05 00:00:00+07:00,10201.2412109375,10456.2724609375,10055.509765625,10456.2724609375,5289362,0.0,0.0
2020-08-06 00:00:00+07:00,10237.6748046875,10492.705078125,10237.6748046875,10383.40625,5835283,0.0,0.0
2020-08-07 00:00:00+07:00,10383.40625,10419.83984375,10274.107421875,10310.5400390625,4351792,0.0,0.0
2020-08-10 00:00:00+07:00,10346.9736328125,10383.40625,10201.2412109375,10310.5400390625,5392264,0.0,0.0
2020-08-11 00:00:00+07:00,10201.2412109375,10310.5400390625,10164.80859375,10237.6748046875,3795168,0.0,0.0
2020-08-12 00:00:00+07:00,10237.6748046875,10310.5400390625,10128.375,10237.6748046875,4296458,0.0,0.0
2020-08-13 00:00:00+07:00,10237.6748046875,10274.107421875,10128.375,10237.6748046875,5364859,0.0,0.0
2020-08-14 00:00:00+07:00,10237.6748046875,10274.107421875,10019.076171875,10128.375,3784944,0.0,0.0
2020-08-17 00:00:00+07:00,10055.509765625,10164.80859375,10019.076171875,10128.375,3469612,0.0,0.0
2020-08-18 00:00:00+07:00,10128.375,10419.83984375,10055.509765625,10346.9736328125,4462640,0.0,0.0
2020-08-19 00:00:00+07:00,10346.9736328125,10383.40625,10164.80859375,10274.107421875,3996238,0.0,0.0
2020-08-20 00:00:00+07:00,10310.5400390625,10310.5400390625,10128.375,10128.375,7834253,0.0,0.0
2020-08-21 00:00:00+07:00,10201.2412109375,10274.107421875,10128.375,10274.107421875,4322671,0.0,0.0
2020-08-24 00:00:00+07:00,10274.107421875,10419.83984375,10237.6748046875,10419.83984375,5123428,0.0,0.0
2020-08-25 00:00:00+07:00,10456.2724609375,10784.1689453125,10456.2724609375,10747.736328125,11430662,0.0,0.0
2020-08-26 00:00:00+07:00,10784.1689453125,10820.6025390625,10638.4375,10711.3037109375,5026359,0.0,0.0
2020-08-27 00:00:00+07:00,10711.3037109375,10747.736328125,10529.138671875,10674.8701171875,4178515,0.0,0.0
2020-08-28 00:00:00+07:00,10674.8701171875,10674.8701171875,10529.138671875,10638.4375,4552778,0.0,0.0
2020-08-31 00:00:00+07:00,10565.5712890625,10674.8701171875,10456.2724609375,10456.2724609375,4848992,0.0,0.0
2020-09-01 00:00:00+07:00,10456.2724609375,10638.4375,10419.83984375,10638.4375,4349829,0.0,0.0
2020-09-03 00:00:00+07:00,10638.4375,10711.3037109375,10492.705078125,10565.5712890625,4478545,0.0,0.0
2020-09-04 00:00:00+07:00,10456.2724609375,10565.5712890625,10346.9736328125,10565.5712890625,4788031,0.0,0.0
2020-09-07 00:00:00+07:00,10529.138671875,10638.4375,10164.80859375,10164.80859375,4726768,0.0,0.0
2020-09-08 00:00:00+07:00,10164.80859375,10346.9736328125,10128.375,10274.107421875,6437255,0.0,0.0
2020-09-09 00:00:00+07:00,10164.80859375,10346.9736328125,10128.375,10274.107421875,7126036,0.0,0.0
2020-09-10 00:00:00+07:00,10274.107421875,10310.5400390625,10164.80859375,10274.107421875,4063413,0.0,0.0
2020-09-11 00:00:00+07:00,10237.6748046875,10274.107421875,10128.375,10274.107421875,4102746,0.0,0.0
2020-09-14 00:00:00+07:00,10201.2412109375,10274.107421875,10201.2412109375,10237.6748046875,3042883,0.0,0.0
2020-09-15 00:00:00+07:00,10237.6748046875,10274.107421875,10164.80859375,10237.6748046875,3062851,0.0,0.0
2020-09-16 00:00:00+07:00,10164.80859375,10237.6748046875,10128.375,10237.6748046875,2902449,0.0,0.0
2020-09-17 00:00:00+07:00,10201.2412109375,10492.705078125,10128.375,10383.40625,5857062,0.0,0.0
2020-09-18 00:00:00+07:00,10419.83984375,10602.0048828125,10383.40625,10383.40625,5024330,0.0,0.0
2020-09-21 00:00:00+07:00,10456.2724609375,10638.4375,10310.5400390625,10565.5712890625,9530997,0.0,0.0
2020-09-22 00:00:00+07:00,10456.2724609375,10602.0048828125,10419.83984375,10456.2724609375,4151439,0.0,0.0
2020-09-23 00:00:00+07:00,10492.705078125,10565.5712890625,10419.83984375,10492.705078125,3289966,0.0,0.0
2020-09-24 00:00:00+07:00,10456.2724609375,10565.5712890625,10346.9736328125,10529.138671875,4727413,0.0,0.0
2020-09-25 00:00:00+07:00,10565.5712890625,11075.6337890625,10565.5712890625,11075.6337890625,8452854,0.0,0.0
2020-09-28 00:00:00+07:00,11148.4990234375,11221.365234375,10929.9013671875,11075.6337890625,5358173,0.0,0.0
2020-09-29 00:00:00+07:00,11075.6337890625,11075.6337890625,10529.138671875,10711.3037109375,4729527,0.0,0.0
2020-09-30 00:00:00+07:00,10711.3037109375,10820.6025390625,10529.138671875,10784.1689453125,3828517,0.0,0.0
2020-10-01 00:00:00+07:00,10784.1689453125,11512.8291015625,10784.1689453125,11512.8291015625,11254792,0.0,0.0
2020-10-02 00:00:00+07:00,11658.5615234375,11950.025390625,11294.2314453125,11804.2939453125,6998583,0.0,0.0
2020-10-05 00:00:00+07:00,11804.2939453125,12022.8916015625,11658.5615234375,11804.2939453125,8276201,0.0,0.0
2020-10-06 00:00:00+07:00,11840.7265625,11877.1591796875,11622.12890625,11658.5615234375,4716077,0.0,0.0
2020-10-07 00:00:00+07:00,11658.5615234375,12387.2216796875,11512.8291015625,12059.32421875,9673190,0.0,0.0
2020-10-08 00:00:00+07:00,12095.7578125,12168.6240234375,11840.7265625,11913.5927734375,4285520,0.0,0.0
2020-10-09 00:00:00+07:00,11950.025390625,12241.4892578125,11731.427734375,12059.32421875,8061381,0.0,0.0
2020-10-12 00:00:00+07:00,12059.32421875,12168.6240234375,11622.12890625,11804.2939453125,6357035,0.0,0.0
2020-10-13 00:00:00+07:00,11877.1591796875,11913.5927734375,11549.2626953125,11913.5927734375,9347908,0.0,0.0
2020-10-14 00:00:00+07:00,11913.5927734375,11950.025390625,11585.6953125,11585.6953125,4941987,0.0,0.0
2020-10-15 00:00:00+07:00,11585.6953125,11804.2939453125,11549.2626953125,11585.6953125,4612147,0.0,0.0
2020-10-16 00:00:00+07:00,11512.8291015625,11731.427734375,11439.9638671875,11658.5615234375,5228758,0.0,0.0
2020-10-19 00:00:00+07:00,11804.2939453125,11986.458984375,11512.8291015625,11986.458984375,10967482,0.0,0.0
2020-10-20 00:00:00+07:00,12022.8916015625,12095.7578125,11804.2939453125,11877.1591796875,4117924,0.0,0.0
2020-10-21 00:00:00+07:00,11877.1591796875,11877.1591796875,11622.12890625,11622.12890625,4395104,0.0,0.0
2020-10-22 00:00:00+07:00,11622.12890625,11622.12890625,11403.5302734375,11585.6953125,6627750,0.0,0.0
2020-10-23 00:00:00+07:00,11221.365234375,11367.09765625,11148.4990234375,11148.4990234375,4147749,0.0,0.0
2020-10-26 00:00:00+07:00,11294.2314453125,11330.6640625,10929.9013671875,10929.9013671875,4228430,0.0,0.0
2020-10-27 00:00:00+07:00,10857.03515625,11002.767578125,10529.138671875,10529.138671875,4856020,0.0,0.0
2020-10-28 00:00:00+07:00,10529.138671875,10893.46875,10529.138671875,10529.138671875,5376563,0.0,0.0
2020-10-29 00:00:00+07:00,10529.138671875,10638.4375,10310.5400390625,10565.5712890625,4699348,0.0,0.0
2020-10-30 00:00:00+07:00,10602.0048828125,10711.3037109375,10419.83984375,10711.3037109375,4505581,0.0,0.0
2020-11-02 00:00:00+07:00,10674.8701171875,10711.3037109375,10456.2724609375,10711.3037109375,3451676,0.0,0.0
2020-11-03 00:00:00+07:00,10674.8701171875,11184.9326171875,10674.8701171875,11184.9326171875,5908568,0.0,0.0
2020-11-04 00:00:00+07:00,11294.2314453125,11294.2314453125,11112.06640625,11184.9326171875,4267253,0.0,0.0
2020-11-05 00:00:00+07:00,11148.4990234375,11294.2314453125,10929.9013671875,11184.9326171875,4083806,0.0,0.0
2020-11-06 00:00:00+07:00,11184.9326171875,11221.365234375,10966.333984375,11039.2001953125,3322536,0.0,0.0
2020-11-09 00:00:00+07:00,11075.6337890625,11658.5615234375,11039.2001953125,11585.6953125,8128618,0.0,0.0
2020-11-10 00:00:00+07:00,11804.2939453125,11840.7265625,11367.09765625,11512.8291015625,4457987,0.0,0.0
2020-11-11 00:00:00+07:00,11403.5302734375,11512.8291015625,11330.6640625,11512.8291015625,4540042,0.0,0.0
2020-11-12 00:00:00+07:00,11439.9638671875,11877.1591796875,11367.09765625,11804.2939453125,8990871,0.0,0.0
2020-11-13 00:00:00+07:00,11840.7265625,11877.1591796875,11658.5615234375,11767.8603515625,5223872,0.0,0.0
2020-11-16 00:00:00+07:00,11804.2939453125,11804.2939453125,11439.9638671875,11512.8291015625,4099260,0.0,0.0
2020-11-17 00:00:00+07:00,11549.2626953125,11767.8603515625,11367.09765625,11549.2626953125,11808029,0.0,0.0
2020-11-18 00:00:00+07:00,11622.12890625,11804.2939453125,11512.8291015625,11804.2939453125,5208214,0.0,0.0
2020-11-19 00:00:00+07:00,11913.5927734375,12605.8193359375,11731.427734375,12569.38671875,11537695,0.0,0.0
2020-11-20 00:00:00+07:00,12605.8193359375,12751.5517578125,12423.654296875,12751.5517578125,5979931,0.0,0.0
2020-11-23 00:00:00+07:00,12787.984375,12897.2841796875,12642.2529296875,12715.119140625,4695533,0.0,0.0
2020-11-24 00:00:00+07:00,12715.119140625,13443.7783203125,12678.685546875,13443.7783203125,9279193,0.0,0.0
2020-11-25 00:00:00+07:00,13553.078125,13553.078125,13152.314453125,13407.345703125,4749823,0.0,0.0
2020-11-26 00:00:00+07:00,13480.2119140625,13480.2119140625,13006.5830078125,13006.5830078125,4338027,0.0,0.0
2020-11-27 00:00:00+07:00,12970.1494140625,13407.345703125,12787.984375,13370.9130859375,6655365,0.0,0.0
2020-11-30 00:00:00+07:00,13225.1806640625,13407.345703125,13152.314453125,13152.314453125,4329505,0.0,0.0
2020-12-01 00:00:00+07:00,12970.1494140625,13480.2119140625,12860.8505859375,13480.2119140625,6705772,0.0,0.0
2020-12-02 00:00:00+07:00,13443.7783203125,13990.2734375,13443.7783203125,13844.5419921875,8033454,0.0,0.0
2020-12-03 00:00:00+07:00,13844.5419921875,13990.2734375,13735.2431640625,13808.1083984375,4601785,0.0,0.0
2020-12-04 00:00:00+07:00,13844.5419921875,14354.603515625,13589.5107421875,13990.2734375,6435836,0.0,0.0
2020-12-07 00:00:00+07:00,14136.005859375,14208.8720703125,13844.5419921875,13917.408203125,5234304,0.0,0.0
2020-12-08 00:00:00+07:00,13844.5419921875,14026.70703125,13771.67578125,13880.974609375,4022256,0.0,0.0
2020-12-09 00:00:00+07:00,13917.408203125,14026.70703125,13771.67578125,13917.408203125,5227661,0.0,0.0
2020-12-10 00:00:00+07:00,13917.408203125,13990.2734375,13516.64453125,13516.64453125,5014022,0.0,0.0
2020-12-11 00:00:00+07:00,13516.64453125,13771.67578125,13407.345703125,13698.8095703125,4402859,0.0,0.0
2020-12-14 00:00:00+07:00,13698.8095703125,14609.634765625,13698.8095703125,14427.4697265625,6527841,0.0,0.0
2020-12-15 00:00:00+07:00,14427.4697265625,14500.3359375,14245.3046875,14281.73828125,4448752,0.0,0.0
2020-12-16 00:00:00+07:00,14354.603515625,14573.2021484375,14245.3046875,14427.4697265625,5560327,0.0,0.0
2020-12-17 00:00:00+07:00,14573.2021484375,14718.93359375,14172.4384765625,14427.4697265625,5933792,0.0,0.0
2020-12-18 00:00:00+07:00,14573.2021484375,14609.634765625,14427.4697265625,14427.4697265625,6981332,0.0,0.0
2020-12-21 00:00:00+07:00,14682.5009765625,15265.4287109375,14682.5009765625,15156.1298828125,6673313,0.0,0.0
2020-12-22 00:00:00+07:00,15301.8623046875,15848.357421875,15083.263671875,15666.1923828125,5639362,0.0,0.0
2020-12-23 00:00:00+07:00,15666.1923828125,15884.7900390625,15265.4287109375,15447.59375,4229033,0.0,0.0
2020-12-24 00:00:00+07:00,15447.59375,15520.4599609375,14391.037109375,14937.5322265625,5495988,0.0,0.0
2020-12-25 00:00:00+07:00,14937.5322265625,15338.294921875,14427.4697265625,15228.99609375,5403010,0.0,0.0
2020-12-28 00:00:00+07:00,15301.8623046875,15411.1611328125,15046.8310546875,15265.4287109375,6467950,0.0,0.0
2020-12-29 00:00:00+07:00,15265.4287109375,15520.4599609375,15119.697265625,15265.4287109375,6503083,0.0,0.0
2020-12-30 00:00:00+07:00,15301.8623046875,15301.8623046875,15083.263671875,15192.5634765625,4273718,0.0,0.0
2020-12-31 00:00:00+07:00,15265.4287109375,15265.4287109375,15046.8310546875,15265.4287109375,4826074,0.0,0.0
2021-01-04 00:00:00+07:00,15447.59375,15447.59375,15228.99609375,15265.4287109375,7831899,0.0,0.0
2021-01-05 00:00:00+07:00,15265.4287109375,16030.5224609375,15228.99609375,15556.892578125,9591577,0.0,0.0
2021-01-06 00:00:00+07:00,15921.22265625,15921.22265625,15301.8623046875,15484.02734375,4947436,0.0,0.0
2021-01-07 00:00:00+07:00,15520.4599609375,15556.892578125,15301.8623046875,15484.02734375,5662721,0.0,0.0
2021-01-08 00:00:00+07:00,15447.59375,15884.7900390625,15301.8623046875,15884.7900390625,8929539,0.0,0.0
2021-01-11 00:00:00+07:00,16066.955078125,16649.8828125,15884.7900390625,16649.8828125,12415526,0.0,0.0
2021-01-12 00:00:00+07:00,16759.181640625,16832.048828125,16467.71875,16649.8828125,5650643,0.0,0.0
2021-01-13 00:00:00+07:00,16868.48046875,16868.48046875,16394.8515625,16431.28515625,4690801,0.0,0.0
2021-01-14 00:00:00+07:00,16431.28515625,16722.75,16176.25390625,16649.8828125,6592647,0.0,0.0
2021-01-15 00:00:00+07:00,16977.779296875,17414.9765625,16977.779296875,17342.109375,10690991,0.0,0.0
2021-01-18 00:00:00+07:00,17487.841796875,18435.099609375,17342.109375,18216.501953125,12469462,0.0,0.0
2021-01-19 00:00:00+07:00,18435.099609375,18435.099609375,16941.34765625,17487.841796875,7667084,0.0,0.0
2021-01-20 00:00:00+07:00,17342.109375,17487.841796875,16285.552734375,17050.646484375,6099550,0.0,0.0
2021-01-21 00:00:00+07:00,17487.841796875,17633.57421875,16832.048828125,17487.841796875,8144537,0.0,0.0
2021-01-22 00:00:00+07:00,17560.708984375,17779.306640625,17123.51171875,17378.54296875,5790352,0.0,0.0
2021-01-25 00:00:00+07:00,17159.9453125,17196.37890625,16321.986328125,16321.986328125,6678284,0.0,0.0
2021-01-26 00:00:00+07:00,16030.5224609375,16176.25390625,15192.5634765625,15447.59375,7109761,0.0,0.0
2021-01-27 00:00:00+07:00,14646.068359375,15301.8623046875,14391.037109375,14391.037109375,4919439,0.0,0.0
2021-01-28 00:00:00+07:00,13407.345703125,13516.64453125,13407.345703125,13407.345703125,3294539,0.0,0.0
2021-01-29 00:00:00+07:00,12496.5205078125,13698.8095703125,12496.5205078125,13115.8818359375,8772951,0.0,0.0
2021-02-01 00:00:00+07:00,13115.8818359375,13480.2119140625,12241.4892578125,12241.4892578125,3764991,0.0,0.0
2021-02-02 00:00:00+07:00,12241.4892578125,13079.4482421875,11658.5615234375,13079.4482421875,3563662,0.0,0.0
2021-02-03 00:00:00+07:00,13407.345703125,13990.2734375,13079.4482421875,13990.2734375,6472015,0.0,0.0
2021-02-04 00:00:00+07:00,13990.2734375,14136.005859375,13698.8095703125,13990.2734375,4209506,0.0,0.0
2021-02-05 00:00:00+07:00,13917.408203125,14937.5322265625,13771.67578125,14937.5322265625,7813518,0.0,0.0
2021-02-08 00:00:00+07:00,15593.326171875,15739.0576171875,14208.8720703125,14973.96484375,6866027,0.0,0.0
2021-02-09 00:00:00+07:00,15083.263671875,15994.0888671875,14937.5322265625,15957.65625,7340184,0.0,0.0
2021-02-17 00:00:00+07:00,17050.646484375,17050.646484375,16686.31640625,17014.212890625,7291052,0.0,0.0
2021-02-18 00:00:00+07:00,17014.212890625,17342.109375,16394.8515625,17014.212890625,5260064,0.0,0.0
2021-02-19 00:00:00+07:00,16759.181640625,16977.779296875,16431.28515625,16649.8828125,5416790,0.0,0.0
2021-02-22 00:00:00+07:00,16649.8828125,16759.181640625,15666.1923828125,16030.5224609375,6605822,0.0,0.0
2021-02-23 00:00:00+07:00,16613.44921875,16613.44921875,16030.5224609375,16394.8515625,5520543,0.0,0.0
2021-02-24 00:00:00+07:00,16467.71875,16613.44921875,15702.625,16285.552734375,4225700,0.0,0.0
2021-02-25 00:00:00+07:00,16249.1201171875,16249.1201171875,15811.923828125,15994.0888671875,3640515,0.0,0.0
2021-02-26 00:00:00+07:00,15374.7275390625,15957.65625,15301.8623046875,15811.923828125,4683526,0.0,0.0
2021-03-01 00:00:00+07:00,16030.5224609375,16686.31640625,15739.0576171875,16686.31640625,7794442,0.0,0.0
2021-03-02 00:00:00+07:00,16759.181640625,16868.48046875,16394.8515625,16686.31640625,4827078,0.0,0.0
2021-03-03 00:00:00+07:00,16540.583984375,16759.181640625,16431.28515625,16686.31640625,5026073,0.0,0.0
2021-03-04 00:00:00+07:00,16613.44921875,16686.31640625,15666.1923828125,16394.8515625,5359151,0.0,0.0
2021-03-05 00:00:00+07:00,16030.5224609375,16394.8515625,15739.0576171875,16358.4189453125,4533388,0.0,0.0
2021-03-08 00:00:00+07:00,16394.8515625,16540.583984375,15957.65625,16249.1201171875,5249222,0.0,0.0
2021-03-09 00:00:00+07:00,16030.5224609375,16467.71875,15775.4912109375,16467.71875,5610982,0.0,0.0
2021-03-10 00:00:00+07:00,16467.71875,16540.583984375,16139.8212890625,16467.71875,4681880,0.0,0.0
2021-03-11 00:00:00+07:00,16540.583984375,16540.583984375,16249.1201171875,16540.583984375,6359617,0.0,0.0
2021-03-12 00:00:00+07:00,16540.583984375,17414.9765625,16540.583984375,17342.109375,18345177,0.0,0.0
2021-03-15 00:00:00+07:00,17414.9765625,17597.140625,17087.080078125,17342.109375,5348995,0.0,0.0
2021-03-16 00:00:00+07:00,17342.109375,17342.109375,16832.048828125,17269.244140625,4360880,0.0,0.0
2021-03-17 00:00:00+07:00,17123.51171875,17123.51171875,16868.48046875,17123.51171875,5248124,0.0,0.0
2021-03-18 00:00:00+07:00,17196.37890625,17196.37890625,16832.048828125,17123.51171875,5943098,0.0,0.0
2021-03-19 00:00:00+07:00,16832.048828125,17050.646484375,16686.31640625,16759.181640625,7484558,0.0,0.0
2021-03-22 00:00:00+07:00,16759.181640625,17123.51171875,16686.31640625,17123.51171875,7062688,0.0,0.0
2021-03-23 00:00:00+07:00,17050.646484375,17087.080078125,16613.44921875,16977.779296875,3927344,0.0,0.0
2021-03-24 00:00:00+07:00,16540.583984375,16759.181640625,15811.923828125,16540.583984375,4864681,0.0,0.0
2021-03-25 00:00:00+07:00,16540.583984375,16540.583984375,15666.1923828125,16139.8212890625,4581969,0.0,0.0
2021-03-26 00:00:00+07:00,15666.1923828125,16030.5224609375,15010.3984375,16030.5224609375,6730023,0.0,0.0
2021-03-29 00:00:00+07:00,15884.7900390625,16358.4189453125,15811.923828125,16066.955078125,4906676,0.0,0.0
2021-03-30 00:00:00+07:00,16066.955078125,16285.552734375,15994.0888671875,16176.25390625,3997884,0.0,0.0
2021-03-31 00:00:00+07:00,16066.955078125,16358.4189453125,15957.65625,16321.986328125,5204620,0.0,0.0
2021-04-01 00:00:00+07:00,16321.986328125,16686.31640625,16066.955078125,16686.31640625,4692035,0.0,0.0
2021-04-02 00:00:00+07:00,16759.181640625,16759.181640625,16321.986328125,16686.31640625,4274557,0.0,0.0
2021-04-05 00:00:00+07:00,16832.048828125,16832.048828125,16394.8515625,16540.583984375,3533883,0.0,0.0
2021-04-06 00:00:00+07:00,16394.8515625,16467.71875,16176.25390625,16394.8515625,2812147,0.0,0.0
2021-04-07 00:00:00+07:00,16321.986328125,16540.583984375,16103.3876953125,16540.583984375,6051791,0.0,0.0
2021-04-08 00:00:00+07:00,16540.583984375,16613.44921875,16321.986328125,16504.150390625,2541375,0.0,0.0
2021-04-09 00:00:00+07:00,16431.28515625,16540.583984375,16285.552734375,16540.583984375,4800317,0.0,0.0
2021-04-12 00:00:00+07:00,16540.583984375,16540.583984375,16285.552734375,16394.8515625,5887105,0.0,0.0
2021-04-13 00:00:00+07:00,16431.28515625,16431.28515625,16030.5224609375,16212.6875,4910107,0.0,0.0
2021-04-14 00:00:00+07:00,16030.5224609375,16249.1201171875,15884.7900390625,16212.6875,4398208,0.0,0.0
2021-04-15 00:00:00+07:00,16321.986328125,16321.986328125,15884.7900390625,16030.5224609375,3865724,0.0,0.0
2021-04-16 00:00:00+07:00,15848.357421875,16103.3876953125,15374.7275390625,16030.5224609375,3530725,0.0,0.0
2021-04-19 00:00:00+07:00,16103.3876953125,16358.4189453125,15666.1923828125,15739.0576171875,6265746,0.0,0.0
2021-04-20 00:00:00+07:00,15775.4912109375,15957.65625,15374.7275390625,15411.1611328125,4282105,0.0,0.0
2021-04-22 00:00:00+07:00,15301.8623046875,15301.8623046875,14354.603515625,14354.603515625,5471960,0.0,0.0
2021-04-23 00:00:00+07:00,14354.603515625,14937.5322265625,14318.1708984375,14864.666015625,4911205,0.0,0.0
2021-04-26 00:00:00+07:00,15301.8623046875,15629.7587890625,14791.7998046875,14973.96484375,3380999,0.0,0.0
2021-04-27 00:00:00+07:00,15156.1298828125,15228.99609375,14755.3671875,14755.3671875,2443662,0.0,0.0
2021-04-28 00:00:00+07:00,14791.7998046875,15156.1298828125,14755.3671875,14901.0986328125,2693985,0.0,0.0
2021-04-29 00:00:00+07:00,14901.0986328125,15046.8310546875,14573.2021484375,14573.2021484375,3453324,0.0,0.0
2021-05-04 00:00:00+07:00,14281.73828125,14500.3359375,14136.005859375,14391.037109375,4341941,0.0,0.0
2021-05-05 00:00:00+07:00,14609.634765625,14864.666015625,14427.4697265625,14536.7685546875,3760326,0.0,0.0
2021-05-06 00:00:00+07:00,14609.634765625,14828.2333984375,14463.9033203125,14463.9033203125,3637085,0.0,0.0
2021-05-07 00:00:00+07:00,14427.4697265625,14463.9033203125,14099.5732421875,14099.5732421875,3555291,0.0,0.0
2021-05-10 00:00:00+07:00,14099.5732421875,14099.5732421875,13808.1083984375,13880.974609375,3865038,0.0,0.0
2021-05-11 00:00:00+07:00,13880.974609375,14828.2333984375,13844.5419921875,14682.5009765625,9996292,0.0,0.0
2021-05-12 00:00:00+07:00,14718.93359375,15629.7587890625,14718.93359375,15629.7587890625,5964234,0.0,0.0
2021-05-13 00:00:00+07:00,15374.7275390625,15629.7587890625,15119.697265625,15119.697265625,12881450,0.0,0.0
2021-05-14 00:00:00+07:00,15046.8310546875,15192.5634765625,14682.5009765625,14718.93359375,4336040,0.0,0.0
2021-05-17 00:00:00+07:00,14573.2021484375,14682.5009765625,14281.73828125,14281.73828125,9679821,0.0,0.0
2021-05-18 00:00:00+07:00,14318.1708984375,14682.5009765625,14281.73828125,14500.3359375,2592566,0.0,0.0
2021-05-19 00:00:00+07:00,14281.73828125,14427.4697265625,14136.005859375,14318.1708984375,14155651,0.0,0.0
2021-05-20 00:00:00+07:00,14318.1708984375,14318.1708984375,13844.5419921875,14063.1396484375,2938405,0.0,0.0
2021-05-21 00:00:00+07:00,14136.005859375,14646.068359375,13917.408203125,14500.3359375,3031315,0.0,0.0
2021-05-24 00:00:00+07:00,14755.3671875,14791.7998046875,14427.4697265625,14536.7685546875,2383826,0.0,0.0
2021-05-25 00:00:00+07:00,14427.4697265625,14500.3359375,14208.8720703125,14354.603515625,2398510,0.0,0.0
2021-05-26 00:00:00+07:00,14208.8720703125,14427.4697265625,13917.408203125,14099.5732421875,3725329,0.0,0.0
2021-05-27 00:00:00+07:00,14172.4384765625,14208.8720703125,13917.408203125,13917.408203125,2295445,0.0,0.0
2021-05-28 00:00:00+07:00,14063.1396484375,14354.603515625,13917.408203125,14354.603515625,2830399,0.0,0.0
2021-05-31 00:00:00+07:00,14208.8720703125,14500.3359375,14026.70703125,14500.3359375,3309224,0.0,0.0
2021-06-01 00:00:00+07:00,14536.7685546875,14536.7685546875,14281.73828125,14281.73828125,1537479,0.0,0.0
2021-06-02 00:00:00+07:00,14281.73828125,14573.2021484375,14172.4384765625,14500.3359375,3497376,0.0,0.0
2021-06-03 00:00:00+07:00,14609.634765625,15484.02734375,14609.634765625,15447.59375,7075863,0.0,0.0
2021-06-04 00:00:00+07:00,15666.1923828125,15775.4912109375,15010.3984375,15228.99609375,3285481,0.0,0.0
2021-06-07 00:00:00+07:00,15301.8623046875,15520.4599609375,15046.8310546875,15228.99609375,4377898,0.0,0.0
2021-06-08 00:00:00+07:00,15228.99609375,15994.0888671875,15228.99609375,15447.59375,6646170,0.0,0.0
2021-06-09 00:00:00+07:00,15447.59375,15666.1923828125,15228.99609375,15301.8623046875,2450249,0.0,0.0
2021-06-10 00:00:00+07:00,15301.8623046875,15811.923828125,14864.666015625,15811.923828125,4793730,0.0,0.0
2021-06-11 00:00:00+07:00,16176.25390625,16176.25390625,15520.4599609375,15520.4599609375,5070126,0.0,0.0
2021-06-14 00:00:00+07:00,15520.4599609375,15666.1923828125,15447.59375,15520.4599609375,3279855,0.0,0.0
2021-06-15 00:00:00+07:00,15520.4599609375,15629.7587890625,14937.5322265625,14937.5322265625,5455903,0.0,0.0
2021-06-16 00:00:00+07:00,15301.8623046875,15811.923828125,15301.8623046875,15374.7275390625,7168910,0.0,0.0
2021-06-17 00:00:00+07:00,15447.59375,16431.28515625,15447.59375,16431.28515625,19214719,0.0,0.0
2021-06-18 00:00:00+07:00,16759.181640625,17159.9453125,16467.71875,16613.44921875,9691485,0.0,0.0
2021-06-21 00:00:00+07:00,16394.8515625,16686.31640625,16249.1201171875,16249.1201171875,8538135,0.0,0.0
2021-06-22 00:00:00+07:00,16321.986328125,16613.44921875,16066.955078125,16176.25390625,8056979,0.0,0.0
2021-06-23 00:00:00+07:00,16030.5224609375,16285.552734375,15484.02734375,15739.0576171875,9673782,0.0,0.0
2021-06-24 00:00:00+07:00,15775.4912109375,15957.65625,15520.4599609375,15593.326171875,3718330,0.0,0.0
2021-06-25 00:00:00+07:00,15593.326171875,15739.0576171875,15119.697265625,15228.99609375,5902339,0.0,0.0
2021-06-28 00:00:00+07:00,15265.4287109375,15848.357421875,15119.697265625,15666.1923828125,8365079,0.0,0.0
2021-06-29 00:00:00+07:00,15848.357421875,15921.22265625,15301.8623046875,15666.1923828125,3708861,0.0,0.0
2021-06-30 00:00:00+07:00,15666.1923828125,15666.1923828125,15301.8623046875,15301.8623046875,2728431,0.0,0.0
2021-07-01 00:00:00+07:00,15156.1298828125,15666.1923828125,15156.1298828125,15556.892578125,4797709,0.0,0.0
2021-07-02 00:00:00+07:00,15629.7587890625,15666.1923828125,15301.8623046875,15301.8623046875,3320888,0.0,0.0
2021-07-05 00:00:00+07:00,15228.99609375,15301.8623046875,14500.3359375,14937.5322265625,5364640,0.0,0.0
2021-07-06 00:00:00+07:00,14864.666015625,15083.263671875,13990.2734375,13990.2734375,5934726,0.0,0.0
2021-07-07 00:00:00+07:00,13990.2734375,14281.73828125,13261.61328125,14136.005859375,4999998,0.0,0.0
2021-07-08 00:00:00+07:00,14136.005859375,14354.603515625,13917.408203125,14063.1396484375,3799027,0.0,0.0
2021-07-09 00:00:00+07:00,13917.408203125,13990.2734375,13188.748046875,13188.748046875,5035817,0.0,0.0
2021-07-12 00:00:00+07:00,13188.748046875,13188.748046875,12277.9228515625,12277.9228515625,8165946,0.0,0.0
2021-07-13 00:00:00+07:00,12532.9541015625,13115.8818359375,12314.35546875,13115.8818359375,7297914,0.0,0.0
2021-07-14 00:00:00+07:00,13115.8818359375,13334.4794921875,12751.5517578125,12751.5517578125,4083247,0.0,0.0
2021-07-15 00:00:00+07:00,12460.087890625,13625.943359375,12460.087890625,13625.943359375,4039879,0.0,0.0
2021-07-16 00:00:00+07:00,13625.943359375,13844.5419921875,13334.4794921875,13844.5419921875,5966841,0.0,0.0
2021-07-19 00:00:00+07:00,13115.8818359375,13480.2119140625,12897.2841796875,13115.8818359375,3198061,0.0,0.0
2021-07-20 00:00:00+07:00,13115.8818359375,13480.2119140625,12642.2529296875,13480.2119140625,4769026,0.0,0.0
2021-07-21 00:00:00+07:00,13480.2119140625,13553.078125,13115.8818359375,13407.345703125,1639171,0.0,0.0
2021-07-22 00:00:00+07:00,13334.4794921875,13662.376953125,12897.2841796875,13443.7783203125,2614387,0.0,0.0
2021-07-23 00:00:00+07:00,13443.7783203125,13589.5107421875,13225.1806640625,13225.1806640625,3050529,0.0,0.0
2021-07-26 00:00:00+07:00,13115.8818359375,13480.2119140625,13115.8818359375,13480.2119140625,2776328,0.0,0.0
2021-07-27 00:00:00+07:00,13553.078125,13662.376953125,13298.046875,13334.4794921875,2339498,0.0,0.0
2021-07-28 00:00:00+07:00,13261.61328125,13516.64453125,13225.1806640625,13298.046875,5349488,0.0,0.0
2021-07-29 00:00:00+07:00,13407.345703125,13516.64453125,13261.61328125,13370.9130859375,1855184,0.0,0.0
2021-07-30 00:00:00+07:00,13334.4794921875,13625.943359375,13225.1806640625,13516.64453125,4649080,0.0,0.0
2021-08-02 00:00:00+07:00,13553.078125,14099.5732421875,13443.7783203125,13771.67578125,4857545,0.0,0.0
2021-08-03 00:00:00+07:00,13917.408203125,13917.408203125,13480.2119140625,13844.5419921875,2520515,0.0,0.0
2021-08-04 00:00:00+07:00,13844.5419921875,13844.5419921875,13553.078125,13589.5107421875,2365298,0.0,0.0
2021-08-05 00:00:00+07:00,13480.2119140625,13662.376953125,13443.7783203125,13589.5107421875,2718001,0.0,0.0
2021-08-06 00:00:00+07:00,13625.943359375,13990.2734375,13553.078125,13917.408203125,5019760,0.0,0.0
2021-08-09 00:00:00+07:00,13880.974609375,14136.005859375,13625.943359375,14026.70703125,3422994,0.0,0.0
2021-08-10 00:00:00+07:00,14026.70703125,14063.1396484375,13880.974609375,14063.1396484375,4884307,0.0,0.0
2021-08-11 00:00:00+07:00,14646.068359375,15046.8310546875,14646.068359375,15046.8310546875,11993519,0.0,0.0
2021-08-12 00:00:00+07:00,15301.8623046875,15593.326171875,14791.7998046875,14791.7998046875,10002605,0.0,0.0
2021-08-13 00:00:00+07:00,14718.93359375,14973.96484375,14281.73828125,14646.068359375,5258280,0.0,0.0
2021-08-16 00:00:00+07:00,15083.263671875,15629.7587890625,15010.3984375,15520.4599609375,12410586,0.0,0.0
2021-08-17 00:00:00+07:00,15666.1923828125,16030.5224609375,15447.59375,15629.7587890625,10720909,0.0,0.0
2021-08-18 00:00:00+07:00,15520.4599609375,15739.0576171875,15338.294921875,15447.59375,4585402,0.0,0.0
2021-08-19 00:00:00+07:00,15374.7275390625,16394.8515625,15374.7275390625,16285.552734375,13826884,0.0,0.0
2021-08-20 00:00:00+07:00,16212.6875,16467.71875,15301.8623046875,15811.923828125,12304089,0.0,0.0
2021-08-23 00:00:00+07:00,15629.7587890625,15811.923828125,15119.697265625,15301.8623046875,7225178,0.0,0.0
2021-08-24 00:00:00+07:00,15301.8623046875,15447.59375,14500.3359375,14937.5322265625,7882412,0.0,0.0
2021-08-25 00:00:00+07:00,14937.5322265625,15301.8623046875,14791.7998046875,15301.8623046875,4008178,0.0,0.0
2021-08-26 00:00:00+07:00,15374.7275390625,15921.22265625,15228.99609375,15739.0576171875,5926081,0.0,0.0
2021-08-27 00:00:00+07:00,15520.4599609375,16139.8212890625,15520.4599609375,15775.4912109375,7591879,0.0,0.0
2021-08-30 00:00:00+07:00,16066.955078125,16613.44921875,15957.65625,16467.71875,11595911,0.0,0.0
2021-08-31 00:00:00+07:00,16613.44921875,17014.212890625,16249.1201171875,16467.71875,13687176,0.0,0.0
2021-09-01 00:00:00+07:00,16249.1201171875,16759.181640625,16103.3876953125,16540.583984375,7211454,0.0,0.0
2021-09-06 00:00:00+07:00,16759.181640625,17414.9765625,16759.181640625,17196.37890625,12940326,0.0,0.0
2021-09-07 00:00:00+07:00,17196.37890625,17305.677734375,16030.5224609375,16139.8212890625,11741138,0.0,0.0
2021-09-08 00:00:00+07:00,16285.552734375,16394.8515625,15520.4599609375,15811.923828125,9750773,0.0,0.0
2021-09-09 00:00:00+07:00,15811.923828125,16285.552734375,15739.0576171875,16285.552734375,6024206,0.0,0.0
2021-09-10 00:00:00+07:00,16249.1201171875,16577.017578125,15957.65625,15957.65625,6383360,0.0,0.0
2021-09-13 00:00:00+07:00,15702.625,15921.22265625,15228.99609375,15228.99609375,10746024,0.0,0.0
2021-09-14 00:00:00+07:00,15447.59375,15629.7587890625,15192.5634765625,15520.4599609375,5359013,0.0,0.0
2021-09-15 00:00:00+07:00,15629.7587890625,15811.923828125,15447.59375,15593.326171875,4054290,0.0,0.0
2021-09-16 00:00:00+07:00,15884.7900390625,15957.65625,15702.625,15702.625,4502510,0.0,0.0
2021-09-17 00:00:00+07:00,15775.4912109375,16212.6875,15593.326171875,15739.0576171875,10161390,0.0,0.0
2021-09-20 00:00:00+07:00,16394.8515625,16394.8515625,15593.326171875,15775.4912109375,6898963,0.0,0.0
2021-09-21 00:00:00+07:00,15411.1611328125,15811.923828125,15301.8623046875,15666.1923828125,4707543,0.0,0.0
2021-09-22 00:00:00+07:00,15921.22265625,16649.8828125,15702.625,16504.150390625,12814753,0.0,0.0
2021-09-23 00:00:00+07:00,16649.8828125,16832.048828125,16103.3876953125,16176.25390625,7340457,0.0,0.0
2021-09-24 00:00:00+07:00,16249.1201171875,16358.4189453125,15811.923828125,15884.7900390625,3903739,0.0,0.0
2021-09-27 00:00:00+07:00,15884.7900390625,15921.22265625,14937.5322265625,14937.5322265625,10413359,0.0,0.0
2021-09-28 00:00:00+07:00,14864.666015625,15301.8623046875,14791.7998046875,15301.8623046875,4375015,0.0,0.0
2021-09-29 00:00:00+07:00,15156.1298828125,15447.59375,15046.8310546875,15265.4287109375,2833419,0.0,0.0
2021-09-30 00:00:00+07:00,15301.8623046875,15666.1923828125,15265.4287109375,15338.294921875,3129166,0.0,0.0
2021-10-01 00:00:00+07:00,15447.59375,15811.923828125,15338.294921875,15411.1611328125,7686319,0.0,0.0
2021-10-04 00:00:00+07:00,15447.59375,15556.892578125,15192.5634765625,15228.99609375,4097107,0.0,0.0
2021-10-05 00:00:00+07:00,15301.8623046875,15447.59375,15119.697265625,15301.8623046875,3950400,0.0,0.0
2021-10-06 00:00:00+07:00,15411.1611328125,15556.892578125,15192.5634765625,15301.8623046875,6578100,0.0,0.0
2021-10-07 00:00:00+07:00,15301.8623046875,15775.4912109375,15228.99609375,15301.8623046875,13139732,0.0,0.0
2021-10-08 00:00:00+07:00,15629.7587890625,15848.357421875,15484.02734375,15520.4599609375,6695302,0.0,0.0
2021-10-11 00:00:00+07:00,15666.1923828125,16358.4189453125,15593.326171875,16176.25390625,16472836,0.0,0.0
2021-10-12 00:00:00+07:00,16212.6875,16285.552734375,15884.7900390625,15884.7900390625,7158479,0.0,0.0
2021-10-13 00:00:00+07:00,15921.22265625,16103.3876953125,15811.923828125,15884.7900390625,4993959,0.0,0.0
2021-10-14 00:00:00+07:00,15884.7900390625,16249.1201171875,15811.923828125,15884.7900390625,9094362,0.0,0.0
2021-10-15 00:00:00+07:00,16030.5224609375,16066.955078125,15593.326171875,15739.0576171875,8985396,0.0,0.0
2021-10-18 00:00:00+07:00,15739.0576171875,15739.0576171875,15338.294921875,15338.294921875,7512281,0.0,0.0
2021-10-19 00:00:00+07:00,15411.1611328125,15593.326171875,15265.4287109375,15484.02734375,3674140,0.0,0.0
2021-10-20 00:00:00+07:00,15556.892578125,15629.7587890625,15228.99609375,15338.294921875,12508860,0.0,0.0
2021-10-21 00:00:00+07:00,15447.59375,15484.02734375,15228.99609375,15228.99609375,4329040,0.0,0.0
2021-10-22 00:00:00+07:00,15338.294921875,15593.326171875,15156.1298828125,15338.294921875,5217109,0.0,0.0
2021-10-25 00:00:00+07:00,15374.7275390625,15447.59375,15156.1298828125,15156.1298828125,6088159,0.0,0.0
2021-10-26 00:00:00+07:00,15156.1298828125,15629.7587890625,15046.8310546875,15593.326171875,5027446,0.0,0.0
2021-10-27 00:00:00+07:00,15811.923828125,15848.357421875,15484.02734375,15556.892578125,4545740,0.0,0.0
2021-10-28 00:00:00+07:00,15629.7587890625,16176.25390625,15447.59375,16103.3876953125,16208928,0.0,0.0
2021-10-29 00:00:00+07:00,16321.986328125,16321.986328125,15884.7900390625,16030.5224609375,11364694,0.0,0.0
2021-11-01 00:00:00+07:00,16030.5224609375,16540.583984375,15884.7900390625,16321.986328125,14344684,0.0,0.0
2021-11-02 00:00:00+07:00,16394.8515625,16686.31640625,16066.955078125,16686.31640625,15429964,0.0,0.0
2021-11-03 00:00:00+07:00,16977.779296875,17305.677734375,16431.28515625,16431.28515625,20695794,0.0,0.0
2021-11-04 00:00:00+07:00,16540.583984375,16759.181640625,16285.552734375,16358.4189453125,7984380,0.0,0.0
2021-11-05 00:00:00+07:00,16540.583984375,17087.080078125,16249.1201171875,16941.34765625,12620011,0.0,0.0
2021-11-08 00:00:00+07:00,17378.54296875,18107.203125,17342.109375,18107.203125,27096446,0.0,0.0
2021-11-09 00:00:00+07:00,18325.80078125,18653.69921875,17852.171875,18216.501953125,15568848,0.0,0.0
2021-11-10 00:00:00+07:00,18143.63671875,19127.328125,18070.76953125,18799.4296875,14541210,0.0,0.0
2021-11-11 00:00:00+07:00,18908.728515625,18945.162109375,18216.501953125,18653.69921875,14987508,0.0,0.0
2021-11-12 00:00:00+07:00,18872.296875,19200.193359375,18362.234375,18945.162109375,9058132,0.0,0.0
2021-11-15 00:00:00+07:00,19127.328125,19710.255859375,18653.69921875,19018.029296875,14089284,0.0,0.0
2021-11-16 00:00:00+07:00,18799.4296875,19018.029296875,18143.63671875,18143.63671875,15708832,0.0,0.0
2021-11-17 00:00:00+07:00,18143.63671875,18617.265625,17815.740234375,18362.234375,10195149,0.0,0.0
2021-11-18 00:00:00+07:00,18690.130859375,19528.08984375,18435.099609375,19273.05859375,14153786,0.0,0.0
2021-11-19 00:00:00+07:00,19673.822265625,20038.15234375,18216.501953125,18835.86328125,18963299,0.0,0.0
2021-11-22 00:00:00+07:00,18726.564453125,18908.728515625,17524.275390625,17524.275390625,11438254,0.0,0.0
2021-11-23 00:00:00+07:00,17524.275390625,18289.369140625,17524.275390625,18216.501953125,6100099,0.0,0.0
2021-11-24 00:00:00+07:00,18471.533203125,18580.83203125,17925.0390625,17925.0390625,9023959,0.0,0.0
2021-11-25 00:00:00+07:00,18034.337890625,18507.966796875,17961.470703125,18252.935546875,6529243,0.0,0.0
2021-11-26 00:00:00+07:00,18180.0703125,18435.099609375,17487.841796875,17706.439453125,9558227,0.0,0.0
2021-11-29 00:00:00+07:00,17123.51171875,17706.439453125,17123.51171875,17414.9765625,7136522,0.0,0.0
2021-11-30 00:00:00+07:00,17852.171875,18398.66796875,17524.275390625,17852.171875,7437897,0.0,0.0
2021-12-01 00:00:00+07:00,17779.306640625,18398.66796875,17670.0078125,18070.76953125,6567395,0.0,0.0
2021-12-02 00:00:00+07:00,18216.501953125,18653.69921875,17997.904296875,18070.76953125,5241949,0.0,0.0
2021-12-03 00:00:00+07:00,18289.369140625,18289.369140625,17232.810546875,17232.810546875,6788486,0.0,0.0
2021-12-06 00:00:00+07:00,17087.080078125,17487.841796875,16176.25390625,16394.8515625,8061234,0.0,0.0
2021-12-07 00:00:00+07:00,16722.75,17123.51171875,16394.8515625,17087.080078125,4565228,0.0,0.0
2021-12-08 00:00:00+07:00,17342.109375,17342.109375,16795.615234375,16904.9140625,3531686,0.0,0.0
2021-12-09 00:00:00+07:00,16977.779296875,17342.109375,16977.779296875,17159.9453125,2797050,0.0,0.0
2021-12-10 00:00:00+07:00,17196.37890625,17342.109375,16941.34765625,17050.646484375,3883290,0.0,0.0
2021-12-13 00:00:00+07:00,17123.51171875,17414.9765625,17014.212890625,17087.080078125,3640929,0.0,0.0
2021-12-14 00:00:00+07:00,17123.51171875,17706.439453125,17087.080078125,17414.9765625,4575795,0.0,0.0
2021-12-15 00:00:00+07:00,17597.140625,18034.337890625,17487.841796875,17852.171875,5410477,0.0,0.0
2021-12-16 00:00:00+07:00,17852.171875,17925.0390625,17524.275390625,17779.306640625,3765403,0.0,0.0
2021-12-17 00:00:00+07:00,17852.171875,18107.203125,17560.708984375,17560.708984375,5763317,0.0,0.0
2021-12-20 00:00:00+07:00,17633.57421875,17779.306640625,17123.51171875,17305.677734375,5079733,0.0,0.0
2021-12-21 00:00:00+07:00,17269.244140625,17269.244140625,16868.48046875,16941.34765625,7087940,0.0,0.0
2021-12-22 00:00:00+07:00,17087.080078125,17706.439453125,16868.48046875,17451.41015625,7609170,0.0,0.0
2021-12-23 00:00:00+07:00,17633.57421875,18180.0703125,17487.841796875,17961.470703125,10251555,0.0,0.0
2021-12-24 00:00:00+07:00,17997.904296875,18580.83203125,17997.904296875,17997.904296875,7751487,0.0,0.0
2021-12-27 00:00:00+07:00,18070.76953125,18653.69921875,17852.171875,18143.63671875,5931982,0.0,0.0
2021-12-28 00:00:00+07:00,18362.234375,18580.83203125,17888.60546875,18070.76953125,7248508,0.0,0.0
2021-12-29 00:00:00+07:00,18070.76953125,18362.234375,17815.740234375,18143.63671875,6816483,0.0,0.0
2021-12-30 00:00:00+07:00,18216.501953125,19382.359375,18216.501953125,19200.193359375,12143383,0.0,0.0
2021-12-31 00:00:00+07:00,19236.626953125,19637.388671875,18872.296875,18872.296875,7957481,0.0,0.0
2022-01-04 00:00:00+07:00,18945.162109375,19200.193359375,18762.998046875,19127.328125,8725740,0.0,0.0
2022-01-05 00:00:00+07:00,19236.626953125,19855.98828125,18945.162109375,19090.89453125,10425024,0.0,0.0
2022-01-06 00:00:00+07:00,19018.029296875,19054.4609375,18580.83203125,18945.162109375,10849227,0.0,0.0
2022-01-07 00:00:00+07:00,18872.296875,19309.4921875,18690.130859375,19127.328125,7432407,0.0,0.0
2022-01-10 00:00:00+07:00,19163.759765625,20402.482421875,19163.759765625,19564.5234375,17399881,0.0,0.0
2022-01-11 00:00:00+07:00,19637.388671875,19965.287109375,18653.69921875,18653.69921875,9508958,0.0,0.0
2022-01-12 00:00:00+07:00,18653.69921875,19018.029296875,17487.841796875,18580.83203125,8161829,0.0,0.0
2022-01-13 00:00:00+07:00,18362.234375,18945.162109375,17414.9765625,17414.9765625,10914694,0.0,0.0
2022-01-14 00:00:00+07:00,17087.080078125,17779.306640625,16832.048828125,17560.708984375,5691541,0.0,0.0
2022-01-17 00:00:00+07:00,17560.708984375,17706.439453125,16358.4189453125,16358.4189453125,11393645,0.0,0.0
2022-01-18 00:00:00+07:00,16066.955078125,16321.986328125,15228.99609375,15228.99609375,9316687,0.0,0.0
2022-01-19 00:00:00+07:00,15411.1611328125,16212.6875,15228.99609375,16212.6875,5399910,0.0,0.0
2022-01-20 00:00:00+07:00,16394.8515625,16467.71875,16030.5224609375,16467.71875,3157575,0.0,0.0
2022-01-21 00:00:00+07:00,16285.552734375,16504.150390625,16030.5224609375,16176.25390625,5115827,0.0,0.0
2022-01-24 00:00:00+07:00,15994.0888671875,16030.5224609375,15046.8310546875,15046.8310546875,6579335,0.0,0.0
2022-01-25 00:00:00+07:00,15046.8310546875,15884.7900390625,15046.8310546875,15884.7900390625,3485436,0.0,0.0
2022-01-26 00:00:00+07:00,15957.65625,16176.25390625,15666.1923828125,16030.5224609375,3382783,0.0,0.0
2022-01-27 00:00:00+07:00,16030.5224609375,16176.25390625,15593.326171875,16030.5224609375,3230037,0.0,0.0
2022-01-28 00:00:00+07:00,16030.5224609375,16030.5224609375,15556.892578125,16030.5224609375,4192763,0.0,0.0
2022-02-07 00:00:00+07:00,16285.552734375,16613.44921875,16030.5224609375,16467.71875,2597505,0.0,0.0
2022-02-08 00:00:00+07:00,16577.017578125,16832.048828125,16394.8515625,16759.181640625,4295966,0.0,0.0
2022-02-09 00:00:00+07:00,16759.181640625,16977.779296875,16540.583984375,16759.181640625,3902093,0.0,0.0
2022-02-10 00:00:00+07:00,16941.34765625,17014.212890625,16649.8828125,16759.181640625,4017646,0.0,0.0
2022-02-11 00:00:00+07:00,16686.31640625,16868.48046875,16613.44921875,16649.8828125,4385719,0.0,0.0
2022-02-14 00:00:00+07:00,16467.71875,16759.181640625,16358.4189453125,16358.4189453125,5853756,0.0,0.0
2022-02-15 00:00:00+07:00,16321.986328125,16394.8515625,16030.5224609375,16358.4189453125,4538466,0.0,0.0
2022-02-16 00:00:00+07:00,16321.986328125,16832.048828125,16321.986328125,16759.181640625,4050173,0.0,0.0
2022-02-17 00:00:00+07:00,16795.615234375,17050.646484375,16613.44921875,16759.181640625,4599811,0.0,0.0
2022-02-18 00:00:00+07:00,16649.8828125,16795.615234375,16577.017578125,16686.31640625,4352919,0.0,0.0
2022-02-21 00:00:00+07:00,16613.44921875,16941.34765625,16577.017578125,16759.181640625,6431667,0.0,0.0
2022-02-22 00:00:00+07:00,16613.44921875,16722.75,16321.986328125,16613.44921875,5234400,0.0,0.0
2022-02-23 00:00:00+07:00,16686.31640625,17232.810546875,16613.44921875,17196.37890625,10869127,0.0,0.0
2022-02-24 00:00:00+07:00,17087.080078125,17269.244140625,16249.1201171875,16577.017578125,6680754,0.0,0.0
2022-02-25 00:00:00+07:00,16686.31640625,16904.9140625,16540.583984375,16686.31640625,5428318,0.0,0.0
2022-02-28 00:00:00+07:00,16613.44921875,16649.8828125,16358.4189453125,16467.71875,3869703,0.0,0.0
2022-03-01 00:00:00+07:00,16613.44921875,16904.9140625,16467.71875,16759.181640625,6385279,0.0,0.0
2022-03-02 00:00:00+07:00,17014.212890625,17050.646484375,16613.44921875,16759.181640625,6177776,0.0,0.0
2022-03-03 00:00:00+07:00,16904.9140625,17925.0390625,16759.181640625,17925.0390625,16173795,0.0,0.0
2022-03-04 00:00:00+07:00,18216.501953125,18289.369140625,17706.439453125,17925.0390625,8120520,0.0,0.0
2022-03-07 00:00:00+07:00,18034.337890625,18908.728515625,17997.904296875,18580.83203125,12650204,0.0,0.0
2022-03-08 00:00:00+07:00,18216.501953125,18690.130859375,17888.60546875,17888.60546875,11911451,0.0,0.0
2022-03-09 00:00:00+07:00,17925.0390625,18180.0703125,17342.109375,17524.275390625,8427384,0.0,0.0
2022-03-10 00:00:00+07:00,17706.439453125,18070.76953125,17451.41015625,17779.306640625,6865065,0.0,0.0
2022-03-11 00:00:00+07:00,17742.873046875,17852.171875,17123.51171875,17269.244140625,8215214,0.0,0.0
2022-03-14 00:00:00+07:00,17123.51171875,17123.51171875,16394.8515625,16759.181640625,9937142,0.0,0.0
2022-03-15 00:00:00+07:00,16613.44921875,16759.181640625,16249.1201171875,16759.181640625,5812860,0.0,0.0
2022-03-16 00:00:00+07:00,16759.181640625,17087.080078125,16686.31640625,16759.181640625,5027857,0.0,0.0
2022-03-17 00:00:00+07:00,16904.9140625,17196.37890625,16759.181640625,16904.9140625,4713993,0.0,0.0
2022-03-18 00:00:00+07:00,16941.34765625,17014.212890625,16759.181640625,16759.181640625,5825211,0.0,0.0
2022-03-21 00:00:00+07:00,16904.9140625,17123.51171875,16795.615234375,16977.779296875,4773967,0.0,0.0
2022-03-22 00:00:00+07:00,17123.51171875,17378.54296875,17050.646484375,17050.646484375,4996842,0.0,0.0
2022-03-23 00:00:00+07:00,17087.080078125,17196.37890625,16832.048828125,16904.9140625,4231601,0.0,0.0
2022-03-24 00:00:00+07:00,16904.9140625,17123.51171875,16904.9140625,17014.212890625,5887380,0.0,0.0
2022-03-25 00:00:00+07:00,17050.646484375,17487.841796875,17050.646484375,17487.841796875,6774350,0.0,0.0
2022-03-28 00:00:00+07:00,17487.841796875,17888.60546875,17196.37890625,17487.841796875,19386348,0.0,0.0
2022-03-29 00:00:00+07:00,17560.708984375,18216.501953125,17414.9765625,18034.337890625,10605080,0.0,0.0
2022-03-30 00:00:00+07:00,17925.0390625,18143.63671875,17342.109375,17524.275390625,8126833,0.0,0.0
2022-03-31 00:00:00+07:00,17560.708984375,17779.306640625,17305.677734375,17487.841796875,5358738,0.0,0.0
2022-04-01 00:00:00+07:00,17196.37890625,17706.439453125,17159.9453125,17706.439453125,5973840,0.0,0.0
2022-04-04 00:00:00+07:00,17852.171875,17997.904296875,17597.140625,17670.0078125,6487803,0.0,0.0
2022-04-05 00:00:00+07:00,17706.439453125,17706.439453125,17451.41015625,17487.841796875,4456123,0.0,0.0
2022-04-06 00:00:00+07:00,17342.109375,17852.171875,17342.109375,17414.9765625,4236816,0.0,0.0
2022-04-07 00:00:00+07:00,17487.841796875,17633.57421875,16686.31640625,16686.31640625,5652703,0.0,0.0
2022-04-08 00:00:00+07:00,16795.615234375,16977.779296875,16467.71875,16467.71875,6027501,0.0,0.0
2022-04-12 00:00:00+07:00,16832.048828125,16868.48046875,16030.5224609375,16030.5224609375,3777480,0.0,0.0
2022-04-13 00:00:00+07:00,16103.3876953125,16358.4189453125,15775.4912109375,16285.552734375,8473085,0.0,0.0
2022-04-14 00:00:00+07:00,16321.986328125,16540.583984375,16249.1201171875,16285.552734375,6887023,0.0,0.0
2022-04-15 00:00:00+07:00,16285.552734375,16504.150390625,16103.3876953125,16467.71875,2653636,0.0,0.0
2022-04-18 00:00:00+07:00,16249.1201171875,16540.583984375,15666.1923828125,16139.8212890625,5422006,0.0,0.0
2022-04-19 00:00:00+07:00,16139.8212890625,16176.25390625,15010.3984375,15010.3984375,4602144,0.0,0.0
2022-04-20 00:00:00+07:00,14937.5322265625,15083.263671875,13990.2734375,13990.2734375,6875496,0.0,0.0
2022-04-21 00:00:00+07:00,13844.5419921875,13990.2734375,13043.015625,13990.2734375,8019925,0.0,0.0
2022-04-22 00:00:00+07:00,13953.8408203125,14391.037109375,13589.5107421875,14172.4384765625,3730544,0.0,0.0
2022-04-25 00:00:00+07:00,14063.1396484375,14063.1396484375,13188.748046875,13188.748046875,24504646,0.0,0.0
2022-04-26 00:00:00+07:00,12933.716796875,13480.2119140625,12387.2216796875,13480.2119140625,3944225,0.0,0.0
2022-04-27 00:00:00+07:00,13115.8818359375,13698.8095703125,13043.015625,13553.078125,2616994,0.0,0.0
2022-04-28 00:00:00+07:00,13480.2119140625,13698.8095703125,13334.4794921875,13334.4794921875,2117309,0.0,0.0
2022-04-29 00:00:00+07:00,13261.61328125,13844.5419921875,13225.1806640625,13844.5419921875,2356653,0.0,0.0
2022-05-04 00:00:00+07:00,13844.5419921875,14391.037109375,13698.8095703125,14208.8720703125,2808166,0.0,0.0
2022-05-05 00:00:00+07:00,14208.8720703125,14281.73828125,13698.8095703125,14172.4384765625,2009303,0.0,0.0
2022-05-06 00:00:00+07:00,13735.2431640625,13990.2734375,13480.2119140625,13480.2119140625,2937994,0.0,0.0
2022-05-09 00:00:00+07:00,13225.1806640625,13261.61328125,12569.38671875,12569.38671875,5980291,0.0,0.0
2022-05-10 00:00:00+07:00,12022.8916015625,12387.2216796875,11731.427734375,12022.8916015625,4001041,0.0,0.0
2022-05-11 00:00:00+07:00,12022.8916015625,12314.35546875,11986.458984375,12095.7578125,5784451,0.0,0.0
2022-05-12 00:00:00+07:00,12022.8916015625,12095.7578125,11257.798828125,11257.798828125,4626847,0.0,0.0
2022-05-13 00:00:00+07:00,11257.798828125,11257.798828125,10492.705078125,10492.705078125,5256634,0.0,0.0
2022-05-16 00:00:00+07:00,10638.4375,11112.06640625,10456.2724609375,10711.3037109375,5011938,0.0,0.0
2022-05-17 00:00:00+07:00,10674.8701171875,11439.9638671875,10674.8701171875,11439.9638671875,3755384,0.0,0.0
2022-05-18 00:00:00+07:00,11658.5615234375,11950.025390625,11330.6640625,11767.8603515625,3660554,0.0,0.0
2022-05-19 00:00:00+07:00,11439.9638671875,11767.8603515625,11221.365234375,11767.8603515625,2946366,0.0,0.0
2022-05-20 00:00:00+07:00,11658.5615234375,11840.7265625,11585.6953125,11767.8603515625,2093018,0.0,0.0
2022-05-23 00:00:00+07:00,11913.5927734375,11913.5927734375,11148.4990234375,11658.5615234375,2097410,0.0,0.0
2022-05-24 00:00:00+07:00,11585.6953125,11658.5615234375,11294.2314453125,11367.09765625,1544203,0.0,0.0
2022-05-25 00:00:00+07:00,11512.8291015625,11840.7265625,11512.8291015625,11840.7265625,3007848,0.0,0.0
2022-05-26 00:00:00+07:00,11950.025390625,12642.2529296875,11913.5927734375,12642.2529296875,7195946,0.0,0.0
2022-05-27 00:00:00+07:00,12897.2841796875,13188.748046875,12787.984375,12860.8505859375,5530149,0.0,0.0
2022-05-30 00:00:00+07:00,12787.984375,12933.716796875,12678.685546875,12897.2841796875,2722255,0.0,0.0
2022-05-31 00:00:00+07:00,12678.685546875,12824.41796875,12496.5205078125,12751.5517578125,3732465,0.0,0.0
2022-06-01 00:00:00+07:00,12460.087890625,12787.984375,12387.2216796875,12787.984375,3042433,0.0,0.0
2022-06-02 00:00:00+07:00,12787.984375,12824.41796875,12423.654296875,12678.685546875,2539317,0.0,0.0
2022-06-03 00:00:00+07:00,12678.685546875,12751.5517578125,12460.087890625,12569.38671875,2846593,0.0,0.0
2022-06-06 00:00:00+07:00,12532.9541015625,12787.984375,12460.087890625,12496.5205078125,2129111,0.0,0.0
2022-06-07 00:00:00+07:00,12605.8193359375,13298.046875,12496.5205078125,13298.046875,6491778,0.0,0.0
2022-06-08 00:00:00+07:00,13370.9130859375,13443.7783203125,13115.8818359375,13261.61328125,4850957,0.0,0.0
2022-06-09 00:00:00+07:00,13261.61328125,13261.61328125,13079.4482421875,13188.748046875,1588668,0.0,0.0
2022-06-10 00:00:00+07:00,13043.015625,13188.748046875,12532.9541015625,12642.2529296875,3320477,0.0,0.0
2022-06-13 00:00:00+07:00,12059.32421875,12205.056640625,11767.8603515625,11767.8603515625,6556142,0.0,0.0
2022-06-14 00:00:00+07:00,11367.09765625,11804.2939453125,11221.365234375,11804.2939453125,2771936,0.0,0.0
2022-06-15 00:00:00+07:00,11804.2939453125,11804.2939453125,11002.767578125,11549.2626953125,3156340,0.0,0.0
2022-06-16 00:00:00+07:00,11585.6953125,11877.1591796875,11403.5302734375,11804.2939453125,2775092,0.0,0.0
2022-06-17 00:00:00+07:00,11294.2314453125,11585.6953125,11148.4990234375,11512.8291015625,2883373,0.0,0.0
2022-06-20 00:00:00+07:00,11512.8291015625,11585.6953125,10711.3037109375,10711.3037109375,2742429,0.0,0.0
2022-06-21 00:00:00+07:00,10492.705078125,10929.9013671875,10383.40625,10820.6025390625,1784507,0.0,0.0
2022-06-22 00:00:00+07:00,10929.9013671875,11148.4990234375,10820.6025390625,11148.4990234375,1924490,0.0,0.0
2022-06-23 00:00:00+07:00,11112.06640625,11476.396484375,10857.03515625,11476.396484375,1479975,0.0,0.0
2022-06-24 00:00:00+07:00,11476.396484375,11840.7265625,11439.9638671875,11658.5615234375,2874041,0.0,0.0
2022-06-27 00:00:00+07:00,11658.5615234375,11840.7265625,11585.6953125,11804.2939453125,2546591,0.0,0.0
2022-06-28 00:00:00+07:00,11804.2939453125,12095.7578125,11658.5615234375,11950.025390625,5965331,0.0,0.0
2022-06-29 00:00:00+07:00,11950.025390625,12751.5517578125,11804.2939453125,12751.5517578125,6858339,0.0,0.0
2022-06-30 00:00:00+07:00,12897.2841796875,13589.5107421875,12387.2216796875,13589.5107421875,7839593,0.0,0.0
2022-07-01 00:00:00+07:00,13006.5830078125,13370.9130859375,12787.984375,12897.2841796875,2509810,0.0,0.0
2022-07-04 00:00:00+07:00,12897.2841796875,13115.8818359375,12824.41796875,13043.015625,1149506,0.0,0.0
2022-07-05 00:00:00+07:00,13079.4482421875,13079.4482421875,12532.9541015625,12532.9541015625,1598275,0.0,0.0
2022-07-06 00:00:00+07:00,12350.7890625,12605.8193359375,12132.1904296875,12168.6240234375,1426863,0.0,0.0
2022-07-07 00:00:00+07:00,12241.4892578125,12532.9541015625,12022.8916015625,12532.9541015625,2057748,0.0,0.0
2022-07-08 00:00:00+07:00,12605.8193359375,12933.716796875,12423.654296875,12897.2841796875,3376607,0.0,0.0
2022-07-11 00:00:00+07:00,12933.716796875,12933.716796875,12460.087890625,12715.119140625,1481622,0.0,0.0
2022-07-12 00:00:00+07:00,12715.119140625,13115.8818359375,12532.9541015625,13079.4482421875,4672273,0.0,0.0
2022-07-13 00:00:00+07:00,13115.8818359375,13334.4794921875,12897.2841796875,12897.2841796875,3359178,0.0,0.0
2022-07-14 00:00:00+07:00,12933.716796875,13480.2119140625,12933.716796875,13480.2119140625,5142039,0.0,0.0
2022-07-15 00:00:00+07:00,13625.943359375,13735.2431640625,13370.9130859375,13370.9130859375,3461146,0.0,0.0
2022-07-18 00:00:00+07:00,13370.9130859375,13443.7783203125,13298.046875,13370.9130859375,1527323,0.0,0.0
2022-07-19 00:00:00+07:00,13334.4794921875,13370.9130859375,12970.1494140625,13043.015625,2083686,0.0,0.0
2022-07-20 00:00:00+07:00,13115.8818359375,13480.2119140625,13043.015625,13407.345703125,3066175,0.0,0.0
2022-07-21 00:00:00+07:00,13407.345703125,13480.2119140625,13225.1806640625,13225.1806640625,2008617,0.0,0.0
2022-07-22 00:00:00+07:00,13261.61328125,13443.7783203125,13225.1806640625,13261.61328125,2011911,0.0,0.0
2022-07-25 00:00:00+07:00,13261.61328125,13261.61328125,13006.5830078125,13006.5830078125,2334421,0.0,0.0
2022-07-26 00:00:00+07:00,13043.015625,13115.8818359375,12897.2841796875,12970.1494140625,1925176,0.0,0.0
2022-07-27 00:00:00+07:00,12970.1494140625,12970.1494140625,12787.984375,12897.2841796875,877911,0.0,0.0
2022-07-28 00:00:00+07:00,13188.748046875,13298.046875,13006.5830078125,13188.748046875,2487029,0.0,0.0
2022-07-29 00:00:00+07:00,13334.4794921875,13334.4794921875,13115.8818359375,13115.8818359375,1706282,0.0,0.0
2022-08-01 00:00:00+07:00,13043.015625,13480.2119140625,13043.015625,13370.9130859375,3374960,0.0,0.0
2022-08-02 00:00:00+07:00,13407.345703125,13953.8408203125,13370.9130859375,13808.1083984375,5768121,0.0,0.0
2022-08-03 00:00:00+07:00,13735.2431640625,14063.1396484375,13698.8095703125,13844.5419921875,4274282,0.0,0.0
2022-08-04 00:00:00+07:00,13844.5419921875,14026.70703125,13662.376953125,13735.2431640625,3751267,0.0,0.0
2022-08-05 00:00:00+07:00,13625.943359375,13662.376953125,13407.345703125,13589.5107421875,3401585,0.0,0.0
2022-08-08 00:00:00+07:00,13771.67578125,13771.67578125,13516.64453125,13516.64453125,2536023,0.0,0.0
2022-08-09 00:00:00+07:00,13553.078125,13880.974609375,13516.64453125,13808.1083984375,3879448,0.0,0.0
2022-08-10 00:00:00+07:00,13844.5419921875,13917.408203125,13662.376953125,13662.376953125,2775092,0.0,0.0
2022-08-11 00:00:00+07:00,13808.1083984375,14099.5732421875,13735.2431640625,13917.408203125,7934563,0.0,0.0
2022-08-12 00:00:00+07:00,13844.5419921875,13917.408203125,13735.2431640625,13917.408203125,2402079,0.0,0.0
2022-08-15 00:00:00+07:00,14063.1396484375,14136.005859375,13844.5419921875,13953.8408203125,2036064,0.0,0.0
2022-08-16 00:00:00+07:00,13917.408203125,13953.8408203125,13735.2431640625,13844.5419921875,3289873,0.0,0.0
2022-08-17 00:00:00+07:00,13771.67578125,13844.5419921875,13553.078125,13589.5107421875,2408392,0.0,0.0
2022-08-18 00:00:00+07:00,13553.078125,13771.67578125,13480.2119140625,13553.078125,2209808,0.0,0.0
2022-08-19 00:00:00+07:00,13443.7783203125,13589.5107421875,12933.716796875,13043.015625,5613042,0.0,0.0
2022-08-22 00:00:00+07:00,12970.1494140625,13225.1806640625,12860.8505859375,12970.1494140625,2223943,0.0,0.0
2022-08-23 00:00:00+07:00,12787.984375,13334.4794921875,12787.984375,13334.4794921875,1579198,0.0,0.0
2022-08-24 00:00:00+07:00,13225.1806640625,13298.046875,13079.4482421875,13079.4482421875,1798917,0.0,0.0
2022-08-25 00:00:00+07:00,13115.8818359375,13589.5107421875,13115.8818359375,13480.2119140625,3471850,0.0,0.0
2022-08-26 00:00:00+07:00,13443.7783203125,13480.2119140625,13152.314453125,13225.1806640625,2135288,0.0,0.0
2022-08-29 00:00:00+07:00,13006.5830078125,13079.4482421875,12824.41796875,13043.015625,2017675,0.0,0.0
2022-08-30 00:00:00+07:00,13298.046875,13844.5419921875,13188.748046875,13480.2119140625,4755303,0.0,0.0
2022-08-31 00:00:00+07:00,13480.2119140625,13589.5107421875,13298.046875,13298.046875,1421923,0.0,0.0
2022-09-05 00:00:00+07:00,13298.046875,13370.9130859375,13079.4482421875,13152.314453125,1597726,0.0,0.0
2022-09-06 00:00:00+07:00,13115.8818359375,13334.4794921875,13079.4482421875,13152.314453125,2522574,0.0,0.0
2022-09-07 00:00:00+07:00,13188.748046875,13188.748046875,12787.984375,12787.984375,3418877,0.0,0.0
2022-09-08 00:00:00+07:00,12860.8505859375,12897.2841796875,12678.685546875,12678.685546875,2485245,0.0,0.0
2022-09-09 00:00:00+07:00,12751.5517578125,12897.2841796875,12350.7890625,12897.2841796875,1481347,0.0,0.0
2022-09-12 00:00:00+07:00,13043.015625,13079.4482421875,12678.685546875,12824.41796875,2055553,0.0,0.0
2022-09-13 00:00:00+07:00,12715.119140625,12860.8505859375,12642.2529296875,12678.685546875,1107923,0.0,0.0
2022-09-14 00:00:00+07:00,12314.35546875,12569.38671875,12314.35546875,12569.38671875,1948506,0.0,0.0
2022-09-15 00:00:00+07:00,12569.38671875,12642.2529296875,12496.5205078125,12532.9541015625,796117,0.0,0.0
2022-09-16 00:00:00+07:00,12460.087890625,12460.087890625,12095.7578125,12095.7578125,5655310,0.0,0.0
2022-09-19 00:00:00+07:00,12168.6240234375,12314.35546875,12059.32421875,12095.7578125,2008754,0.0,0.0
2022-09-20 00:00:00+07:00,12059.32421875,12205.056640625,11877.1591796875,12205.056640625,2408666,0.0,0.0
2022-09-21 00:00:00+07:00,12095.7578125,12241.4892578125,11986.458984375,12241.4892578125,1769136,0.0,0.0
2022-09-22 00:00:00+07:00,12095.7578125,12314.35546875,11950.025390625,12314.35546875,3069880,0.0,0.0
2022-09-23 00:00:00+07:00,12277.9228515625,12605.8193359375,12241.4892578125,12460.087890625,2954600,0.0,0.0
2022-09-26 00:00:00+07:00,12350.7890625,12350.7890625,11950.025390625,12132.1904296875,5829878,0.0,0.0
2022-09-27 00:00:00+07:00,12205.056640625,12205.056640625,11913.5927734375,11913.5927734375,2401118,0.0,0.0
2022-09-28 00:00:00+07:00,11877.1591796875,12022.8916015625,11731.427734375,11767.8603515625,1461997,0.0,0.0
2022-09-29 00:00:00+07:00,11877.1591796875,12059.32421875,11731.427734375,11767.8603515625,1973072,0.0,0.0
2022-09-30 00:00:00+07:00,11694.994140625,11804.2939453125,11403.5302734375,11804.2939453125,2551120,0.0,0.0
2022-10-03 00:00:00+07:00,11622.12890625,11840.7265625,11002.767578125,11002.767578125,3175278,0.0,0.0
2022-10-04 00:00:00+07:00,11330.6640625,11330.6640625,10929.9013671875,11257.798828125,3324868,0.0,0.0
2022-10-05 00:00:00+07:00,11330.6640625,11585.6953125,11294.2314453125,11585.6953125,3461558,0.0,0.0
2022-10-06 00:00:00+07:00,11585.6953125,11585.6953125,10929.9013671875,11002.767578125,1449097,0.0,0.0
2022-10-07 00:00:00+07:00,10929.9013671875,10929.9013671875,10274.107421875,10820.6025390625,3823180,0.0,0.0
2022-10-10 00:00:00+07:00,10565.5712890625,10820.6025390625,10346.9736328125,10565.5712890625,5892047,0.0,0.0
2022-10-11 00:00:00+07:00,10128.375,10419.83984375,9836.9111328125,9836.9111328125,3323221,0.0,0.0
2022-10-12 00:00:00+07:00,9253.9833984375,10201.2412109375,9253.9833984375,9946.2099609375,4639062,0.0,0.0
2022-10-13 00:00:00+07:00,9982.6435546875,10201.2412109375,9836.9111328125,10201.2412109375,1898004,0.0,0.0
2022-10-14 00:00:00+07:00,10456.2724609375,10492.705078125,10055.509765625,10164.80859375,6425354,0.0,0.0
2022-10-17 00:00:00+07:00,10055.509765625,10091.9423828125,9800.478515625,9946.2099609375,4802101,0.0,0.0
2022-10-18 00:00:00+07:00,10019.076171875,10419.83984375,10019.076171875,10419.83984375,2521201,0.0,0.0
2022-10-19 00:00:00+07:00,10456.2724609375,10492.705078125,10237.6748046875,10419.83984375,4013804,0.0,0.0
2022-10-20 00:00:00+07:00,10383.40625,10419.83984375,10164.80859375,10383.40625,1387889,0.0,0.0
2022-10-21 00:00:00+07:00,10419.83984375,10419.83984375,9691.1796875,10237.6748046875,7555510,0.0,0.0
2022-10-24 00:00:00+07:00,10201.2412109375,10201.2412109375,9545.447265625,9836.9111328125,5659565,0.0,0.0
2022-10-25 00:00:00+07:00,9691.1796875,9800.478515625,9181.1171875,9217.5498046875,2760545,0.0,0.0
2022-10-26 00:00:00+07:00,9144.6845703125,9326.849609375,8598.189453125,9326.849609375,5173330,0.0,0.0
2022-10-27 00:00:00+07:00,9290.416015625,9836.9111328125,9253.9833984375,9836.9111328125,1396259,0.0,0.0
2022-10-28 00:00:00+07:00,9873.3447265625,10128.375,9618.3134765625,9836.9111328125,6496855,0.0,0.0
2022-10-31 00:00:00+07:00,9836.9111328125,9836.9111328125,9436.1484375,9764.044921875,3325829,0.0,0.0
2022-11-01 00:00:00+07:00,9800.478515625,9909.77734375,9691.1796875,9764.044921875,1309388,0.0,0.0
2022-11-02 00:00:00+07:00,9691.1796875,9836.9111328125,9691.1796875,9800.478515625,5711028,0.0,0.0
2022-11-03 00:00:00+07:00,9618.3134765625,9836.9111328125,9545.447265625,9727.6123046875,3576562,0.0,0.0
2022-11-04 00:00:00+07:00,9509.0146484375,9618.3134765625,9071.818359375,9436.1484375,1995030,0.0,0.0
2022-11-07 00:00:00+07:00,9399.71484375,9399.71484375,8780.3544921875,8780.3544921875,1256414,0.0,0.0
2022-11-08 00:00:00+07:00,8306.724609375,8780.3544921875,8270.2919921875,8780.3544921875,2623856,0.0,0.0
2022-11-09 00:00:00+07:00,8743.9208984375,9035.384765625,8634.6220703125,8853.2197265625,3860921,0.0,0.0
2022-11-10 00:00:00+07:00,8743.9208984375,8743.9208984375,8233.859375,8598.189453125,4006668,0.0,0.0
2022-11-11 00:00:00+07:00,8343.158203125,8743.9208984375,8197.42578125,8561.755859375,4807316,0.0,0.0
2022-11-14 00:00:00+07:00,8306.724609375,8452.45703125,7978.828125,8306.724609375,9410147,0.0,0.0
2022-11-15 00:00:00+07:00,7978.828125,8051.69384765625,7760.22998046875,7760.22998046875,2396864,0.0,0.0
2022-11-16 00:00:00+07:00,7221.021484375,8051.69384765625,7221.021484375,7978.828125,5010978,0.0,0.0
2022-11-17 00:00:00+07:00,7978.828125,8306.724609375,7942.39501953125,8088.126953125,2046083,0.0,0.0
2022-11-18 00:00:00+07:00,8160.9931640625,8270.2919921875,7869.52880859375,8270.2919921875,4247383,0.0,0.0
2022-11-21 00:00:00+07:00,8342.4296875,8654.2958984375,8342.4296875,8381.4130859375,1709834,0.0,0.0
2022-11-22 00:00:00+07:00,8381.4130859375,8732.2626953125,8342.4296875,8576.3291015625,2493246,0.0,0.0
2022-11-23 00:00:00+07:00,8498.3623046875,8732.2626953125,8303.4462890625,8420.396484375,3549980,0.0,0.0
2022-11-24 00:00:00+07:00,8420.396484375,8576.3291015625,8303.4462890625,8576.3291015625,2612399,0.0,0.0
2022-11-25 00:00:00+07:00,8771.24609375,9044.12890625,8615.3125,9044.12890625,4857590,0.0,0.0
2022-11-28 00:00:00+07:00,9317.0126953125,9667.8623046875,9200.0625,9511.9287109375,8194531,0.0,0.0
2022-11-29 00:00:00+07:00,9589.8955078125,9823.7958984375,9433.9619140625,9745.8291015625,4986877,0.0,0.0
2022-11-30 00:00:00+07:00,9901.76171875,10135.662109375,9628.87890625,10135.662109375,5085124,0.0,0.0
2022-12-01 00:00:00+07:00,10213.62890625,10837.361328125,10213.62890625,10525.4951171875,8089999,0.0,0.0
2022-12-02 00:00:00+07:00,10369.5615234375,10837.361328125,10213.62890625,10837.361328125,8107827,0.0,0.0
2022-12-05 00:00:00+07:00,10876.3447265625,10954.3115234375,10447.5283203125,10759.39453125,7905946,0.0,0.0
2022-12-06 00:00:00+07:00,10681.4287109375,10759.39453125,10135.662109375,10135.662109375,8911761,0.0,0.0
2022-12-07 00:00:00+07:00,10057.6953125,10213.62890625,9706.845703125,10213.62890625,6987733,0.0,0.0
2022-12-08 00:00:00+07:00,10174.6455078125,10408.544921875,10018.7119140625,10252.6123046875,6436856,0.0,0.0
2022-12-09 00:00:00+07:00,10174.6455078125,10447.5283203125,10057.6953125,10408.544921875,5986920,0.0,0.0
2022-12-12 00:00:00+07:00,10447.5283203125,10642.4453125,10291.5947265625,10447.5283203125,6979652,0.0,0.0
2022-12-13 00:00:00+07:00,10447.5283203125,10603.4619140625,10369.5615234375,10564.478515625,6106330,0.0,0.0
2022-12-14 00:00:00+07:00,10642.4453125,10681.4287109375,10486.51171875,10642.4453125,5534419,0.0,0.0
2022-12-15 00:00:00+07:00,10681.4287109375,10759.39453125,10486.51171875,10525.4951171875,18126472,0.0,0.0
2022-12-16 00:00:00+07:00,10369.5615234375,10642.4453125,10252.6123046875,10525.4951171875,9731599,0.0,0.0
2022-12-19 00:00:00+07:00,10525.4951171875,10759.39453125,10291.5947265625,10525.4951171875,6028091,0.0,0.0
2022-12-20 00:00:00+07:00,10369.5615234375,10759.39453125,10018.7119140625,10603.4619140625,4999703,0.0,0.0
2022-12-21 00:00:00+07:00,10603.4619140625,11344.14453125,10564.478515625,11344.14453125,12341177,0.0,0.0
2022-12-22 00:00:00+07:00,11694.994140625,11889.9111328125,11344.14453125,11656.0107421875,5623867,0.0,0.0
2022-12-23 00:00:00+07:00,11617.0283203125,11656.0107421875,11110.2451171875,11500.078125,5391922,0.0,0.0
2022-12-26 00:00:00+07:00,11461.0947265625,11461.0947265625,10720.412109375,10720.412109375,4692135,0.0,0.0
2022-12-27 00:00:00+07:00,10759.39453125,10915.328125,10447.5283203125,10798.3779296875,3299231,0.0,0.0
2022-12-28 00:00:00+07:00,10837.361328125,11188.2119140625,10681.4287109375,11149.228515625,3227278,0.0,0.0
2022-12-29 00:00:00+07:00,11149.228515625,11344.14453125,10954.3115234375,11305.1611328125,2900599,0.0,0.0
2022-12-30 00:00:00+07:00,11266.177734375,11305.1611328125,11071.26171875,11305.1611328125,4305431,0.0,0.0
2023-01-03 00:00:00+07:00,11110.2451171875,11578.044921875,11110.2451171875,11539.0615234375,2408594,0.0,0.0
2023-01-04 00:00:00+07:00,11422.111328125,11461.0947265625,10915.328125,10915.328125,3234460,0.0,0.0
2023-01-05 00:00:00+07:00,10993.294921875,11149.228515625,10876.3447265625,11032.2783203125,2740659,0.0,0.0
2023-01-06 00:00:00+07:00,10993.294921875,11071.26171875,10603.4619140625,10681.4287109375,3548697,0.0,0.0
2023-01-09 00:00:00+07:00,10681.4287109375,10798.3779296875,10564.478515625,10564.478515625,2246473,0.0,0.0
2023-01-10 00:00:00+07:00,10564.478515625,10837.361328125,10564.478515625,10720.412109375,1061223,0.0,0.0
2023-01-11 00:00:00+07:00,10837.361328125,10954.3115234375,10759.39453125,10837.361328125,807653,0.0,0.0
2023-01-12 00:00:00+07:00,10876.3447265625,10915.328125,10720.412109375,10720.412109375,1714451,0.0,0.0
2023-01-13 00:00:00+07:00,10720.412109375,10915.328125,10681.4287109375,10720.412109375,3088244,0.0,0.0
2023-01-16 00:00:00+07:00,10720.412109375,10837.361328125,10486.51171875,10525.4951171875,2348312,0.0,0.0
2023-01-17 00:00:00+07:00,10525.4951171875,10720.412109375,10525.4951171875,10642.4453125,1538735,0.0,0.0
2023-01-18 00:00:00+07:00,10681.4287109375,10954.3115234375,10642.4453125,10954.3115234375,2479522,0.0,0.0
2023-01-19 00:00:00+07:00,10915.328125,11266.177734375,10798.3779296875,11227.1943359375,2854298,0.0,0.0
2023-01-27 00:00:00+07:00,11266.177734375,11539.0615234375,11227.1943359375,11227.1943359375,3496880,0.0,0.0
2023-01-30 00:00:00+07:00,11188.2119140625,11461.0947265625,10954.3115234375,11344.14453125,3912827,0.0,0.0
2023-01-31 00:00:00+07:00,11383.1279296875,11656.0107421875,11344.14453125,11500.078125,6320909,0.0,0.0
2023-02-01 00:00:00+07:00,11694.994140625,12279.744140625,11694.994140625,12279.744140625,15271405,0.0,0.0
2023-02-02 00:00:00+07:00,12552.6279296875,12552.6279296875,11772.9609375,12279.744140625,4394700,0.0,0.0
2023-02-03 00:00:00+07:00,12240.7607421875,12825.5107421875,12006.861328125,12552.6279296875,7044552,0.0,0.0
2023-02-06 00:00:00+07:00,12357.7109375,12552.6279296875,12123.810546875,12162.7939453125,2426935,0.0,0.0
2023-02-07 00:00:00+07:00,12084.828125,12084.828125,11344.14453125,11344.14453125,6857292,0.0,0.0
2023-02-08 00:00:00+07:00,11383.1279296875,11500.078125,11071.26171875,11344.14453125,2407440,0.0,0.0
2023-02-09 00:00:00+07:00,11344.14453125,11733.9775390625,11344.14453125,11344.14453125,1724455,0.0,0.0
2023-02-10 00:00:00+07:00,11344.14453125,11656.0107421875,11344.14453125,11422.111328125,1987132,0.0,0.0
2023-02-13 00:00:00+07:00,11461.0947265625,11461.0947265625,10642.4453125,10915.328125,3938736,0.0,0.0
2023-02-14 00:00:00+07:00,10915.328125,11110.2451171875,10837.361328125,11071.26171875,1648269,0.0,0.0
2023-02-15 00:00:00+07:00,11149.228515625,11383.1279296875,10915.328125,11305.1611328125,4189099,0.0,0.0
2023-02-16 00:00:00+07:00,11305.1611328125,11578.044921875,11305.1611328125,11500.078125,3310903,0.0,0.0
2023-02-17 00:00:00+07:00,11461.0947265625,11578.044921875,11383.1279296875,11539.0615234375,2048953,0.0,0.0
2023-02-20 00:00:00+07:00,11578.044921875,11850.927734375,11500.078125,11850.927734375,2755794,0.0,0.0
2023-02-21 00:00:00+07:00,11850.927734375,11967.8779296875,11694.994140625,11694.994140625,2175674,0.0,0.0
2023-02-22 00:00:00+07:00,11500.078125,11617.0283203125,11305.1611328125,11305.1611328125,3010903,0.0,0.0
2023-02-23 00:00:00+07:00,11305.1611328125,11305.1611328125,10915.328125,11266.177734375,1998290,0.0,0.0
2023-02-24 00:00:00+07:00,11266.177734375,11422.111328125,11188.2119140625,11383.1279296875,3072083,0.0,0.0
2023-02-27 00:00:00+07:00,11149.228515625,11383.1279296875,10915.328125,10915.328125,1806157,0.0,0.0
2023-02-28 00:00:00+07:00,11188.2119140625,11539.0615234375,11071.26171875,11383.1279296875,4046603,0.0,0.0
2023-03-01 00:00:00+07:00,11305.1611328125,11539.0615234375,11227.1943359375,11539.0615234375,2480548,0.0,0.0
2023-03-02 00:00:00+07:00,11539.0615234375,11967.8779296875,11500.078125,11850.927734375,5773752,0.0,0.0
2023-03-03 00:00:00+07:00,11850.927734375,11889.9111328125,11305.1611328125,11305.1611328125,2885850,0.0,0.0
2023-03-06 00:00:00+07:00,11383.1279296875,11539.0615234375,11110.2451171875,11383.1279296875,2476572,0.0,0.0
2023-03-07 00:00:00+07:00,11422.111328125,11500.078125,11227.1943359375,11383.1279296875,2199402,0.0,0.0
2023-03-08 00:00:00+07:00,11344.14453125,11617.0283203125,11227.1943359375,11617.0283203125,3492519,0.0,0.0
2023-03-09 00:00:00+07:00,11578.044921875,11811.9443359375,11578.044921875,11733.9775390625,3447757,0.0,0.0
2023-03-10 00:00:00+07:00,11656.0107421875,11811.9443359375,11461.0947265625,11461.0947265625,3352972,0.0,0.0
2023-03-13 00:00:00+07:00,11266.177734375,11578.044921875,11266.177734375,11305.1611328125,2146431,0.0,0.0
2023-03-14 00:00:00+07:00,11266.177734375,11500.078125,10915.328125,10954.3115234375,3332194,0.0,0.0
2023-03-15 00:00:00+07:00,11188.2119140625,11383.1279296875,11071.26171875,11383.1279296875,3096837,0.0,0.0
2023-03-16 00:00:00+07:00,11305.1611328125,11383.1279296875,11110.2451171875,11188.2119140625,2354468,0.0,0.0
2023-03-17 00:00:00+07:00,11188.2119140625,11383.1279296875,11149.228515625,11383.1279296875,2884182,0.0,0.0
2023-03-20 00:00:00+07:00,11305.1611328125,11383.1279296875,10876.3447265625,10954.3115234375,2999616,0.0,0.0
2023-03-21 00:00:00+07:00,10993.294921875,11305.1611328125,10876.3447265625,11266.177734375,2864558,0.0,0.0
2023-03-22 00:00:00+07:00,11305.1611328125,11344.14453125,11110.2451171875,11188.2119140625,2035486,0.0,0.0
2023-03-23 00:00:00+07:00,11110.2451171875,11266.177734375,11071.26171875,11266.177734375,1743951,0.0,0.0
2023-03-24 00:00:00+07:00,11266.177734375,11266.177734375,11149.228515625,11266.177734375,1536683,0.0,0.0
2023-03-27 00:00:00+07:00,11227.1943359375,11266.177734375,11110.2451171875,11266.177734375,5544166,0.0,0.0
2023-03-28 00:00:00+07:00,11266.177734375,11305.1611328125,11149.228515625,11149.228515625,1919282,0.0,0.0
2023-03-29 00:00:00+07:00,11266.177734375,11305.1611328125,11071.26171875,11227.1943359375,1699188,0.0,0.0
2023-03-30 00:00:00+07:00,11188.2119140625,11266.177734375,10993.294921875,11032.2783203125,2421805,0.0,0.0
2023-03-31 00:00:00+07:00,11149.228515625,11383.1279296875,11071.26171875,11227.1943359375,2256991,0.0,0.0
2023-04-03 00:00:00+07:00,11383.1279296875,11422.111328125,11227.1943359375,11422.111328125,3281403,0.0,0.0
2023-04-04 00:00:00+07:00,11539.0615234375,11811.9443359375,11500.078125,11772.9609375,5888673,0.0,0.0
2023-04-05 00:00:00+07:00,11772.9609375,11889.9111328125,11617.0283203125,11811.9443359375,3666568,0.0,0.0
2023-04-06 00:00:00+07:00,11889.9111328125,12162.7939453125,11694.994140625,11772.9609375,5405004,0.0,0.0
2023-04-07 00:00:00+07:00,12084.828125,12162.7939453125,11850.927734375,12045.8447265625,4409835,0.0,0.0
2023-04-10 00:00:00+07:00,12240.7607421875,12474.6611328125,12084.828125,12474.6611328125,6715052,0.0,0.0
2023-04-11 00:00:00+07:00,12396.6943359375,12474.6611328125,12162.7939453125,12474.6611328125,5371528,0.0,0.0
2023-04-12 00:00:00+07:00,12630.59375,12708.560546875,12318.7275390625,12318.7275390625,3000899,0.0,0.0
2023-04-13 00:00:00+07:00,12357.7109375,12357.7109375,12006.861328125,12006.861328125,3131083,0.0,0.0
2023-04-14 00:00:00+07:00,12084.828125,12123.810546875,11772.9609375,11772.9609375,3958873,0.0,0.0
2023-04-17 00:00:00+07:00,11811.9443359375,12084.828125,11694.994140625,11928.89453125,1955067,0.0,0.0
2023-04-18 00:00:00+07:00,12045.8447265625,12474.6611328125,12006.861328125,12357.7109375,4797437,0.0,0.0
2023-04-19 00:00:00+07:00,12396.6943359375,12396.6943359375,12006.861328125,12006.861328125,1878752,0.0,0.0
2023-04-20 00:00:00+07:00,12006.861328125,12240.7607421875,11928.89453125,11928.89453125,2458138,0.0,0.0
2023-04-21 00:00:00+07:00,12357.7109375,12747.5439453125,12318.7275390625,12747.5439453125,13947646,0.0,0.0
2023-04-24 00:00:00+07:00,12864.494140625,13410.2607421875,12825.5107421875,13098.3935546875,8458379,0.0,0.0
2023-04-25 00:00:00+07:00,13488.2265625,13878.060546875,13215.34375,13605.1767578125,10678029,0.0,0.0
2023-04-26 00:00:00+07:00,13605.1767578125,13917.0439453125,13098.3935546875,13410.2607421875,7359687,0.0,0.0
2023-04-27 00:00:00+07:00,13410.2607421875,13449.244140625,13020.427734375,13215.34375,3818941,0.0,0.0
2023-04-28 00:00:00+07:00,13371.27734375,13527.2099609375,13137.376953125,13254.3271484375,4096367,0.0,0.0
2023-05-04 00:00:00+07:00,12864.494140625,12903.4775390625,12357.7109375,12435.677734375,12746735,0.0,0.0
2023-05-05 00:00:00+07:00,12552.6279296875,13059.41015625,12513.64453125,12903.4775390625,4821036,0.0,0.0
2023-05-08 00:00:00+07:00,13020.427734375,13293.310546875,12864.494140625,12942.4609375,4423174,0.0,0.0
2023-05-09 00:00:00+07:00,12942.4609375,12942.4609375,12630.59375,12747.5439453125,3725055,0.0,0.0
2023-05-10 00:00:00+07:00,12747.5439453125,12942.4609375,12708.560546875,12786.52734375,5607911,0.0,0.0
2023-05-11 00:00:00+07:00,12981.4443359375,13098.3935546875,12825.5107421875,12825.5107421875,3051433,0.0,0.0
2023-05-12 00:00:00+07:00,12708.560546875,12786.52734375,12591.6103515625,12786.52734375,3465841,0.0,0.0
2023-05-15 00:00:00+07:00,12942.4609375,12942.4609375,12630.59375,12708.560546875,4402652,0.0,0.0
2023-05-16 00:00:00+07:00,12825.5107421875,12825.5107421875,12552.6279296875,12630.59375,2614836,0.0,0.0
2023-05-17 00:00:00+07:00,12630.59375,13098.3935546875,12630.59375,12786.52734375,6160199,0.0,0.0
2023-05-18 00:00:00+07:00,12864.494140625,12864.494140625,12513.64453125,12591.6103515625,2683070,0.0,0.0
2023-05-19 00:00:00+07:00,12591.6103515625,12630.59375,12279.744140625,12552.6279296875,3587945,0.0,0.0
2023-05-22 00:00:00+07:00,12591.6103515625,12708.560546875,12552.6279296875,12669.5771484375,1795896,0.0,0.0
2023-05-23 00:00:00+07:00,12747.5439453125,12981.4443359375,12708.560546875,12786.52734375,3442754,0.0,0.0
2023-05-24 00:00:00+07:00,12786.52734375,12825.5107421875,12435.677734375,12630.59375,5463747,0.0,0.0
2023-05-25 00:00:00+07:00,12513.64453125,12669.5771484375,12435.677734375,12552.6279296875,6672106,0.0,0.0
2023-05-26 00:00:00+07:00,12435.677734375,12513.64453125,12318.7275390625,12318.7275390625,2958060,0.0,0.0
2023-05-29 00:00:00+07:00,12435.677734375,12591.6103515625,12435.677734375,12552.6279296875,2282899,0.0,0.0
2023-05-30 00:00:00+07:00,12591.6103515625,12825.5107421875,12513.64453125,12825.5107421875,3942327,0.0,0.0
2023-05-31 00:00:00+07:00,12825.5107421875,13176.3603515625,12786.52734375,12903.4775390625,6559088,0.0,0.0
2023-06-01 00:00:00+07:00,12903.4775390625,12981.4443359375,12669.5771484375,12903.4775390625,2338179,0.0,0.0
2023-06-02 00:00:00+07:00,12942.4609375,13059.41015625,12747.5439453125,12747.5439453125,4807697,0.0,0.0
2023-06-05 00:00:00+07:00,12825.5107421875,13098.3935546875,12747.5439453125,12981.4443359375,8616019,0.0,0.0
2023-06-06 00:00:00+07:00,12981.4443359375,13176.3603515625,12942.4609375,13020.427734375,7561824,0.0,0.0
2023-06-07 00:00:00+07:00,13098.3935546875,13137.376953125,12981.4443359375,13098.3935546875,5483884,0.0,0.0
2023-06-08 00:00:00+07:00,13098.3935546875,13137.376953125,12786.52734375,12786.52734375,4382515,0.0,0.0
2023-06-09 00:00:00+07:00,12981.4443359375,13449.244140625,12825.5107421875,13332.2939453125,9062210,0.0,0.0
2023-06-12 00:00:00+07:00,13410.2607421875,13449.244140625,13098.3935546875,13215.34375,3405687,0.0,0.0
2023-06-13 00:00:00+07:00,13293.310546875,13410.2607421875,13020.427734375,13137.376953125,5364217,0.0,0.0
2023-06-14 00:00:00+07:00,13137.376953125,13215.34375,13020.427734375,13176.3603515625,5615864,0.0,0.0
2023-06-15 00:00:00+07:00,13176.3603515625,13293.310546875,13020.427734375,13176.3603515625,4768706,0.0,0.0
2023-06-16 00:00:00+07:00,13254.3271484375,13293.310546875,12864.494140625,12864.494140625,7040447,0.0,0.0
2023-06-19 00:00:00+07:00,12942.4609375,13137.376953125,12942.4609375,13098.3935546875,3357718,0.0,0.0
2023-06-20 00:00:00+07:00,13293.310546875,13379.07421875,13121.7841796875,13379.07421875,3208015,0.0,0.0
2023-06-21 00:00:00+07:00,13379.07421875,13507.71875,13250.4287109375,13464.8369140625,2349606,0.0,0.0
2023-06-22 00:00:00+07:00,13464.8369140625,13636.36328125,13464.8369140625,13550.6005859375,3184812,0.0,0.0
2023-06-23 00:00:00+07:00,13464.8369140625,13550.6005859375,13379.07421875,13464.8369140625,2863229,0.0,0.0
2023-06-26 00:00:00+07:00,13336.1923828125,13464.8369140625,13036.0205078125,13293.310546875,2421432,0.0,0.0
2023-06-27 00:00:00+07:00,13293.310546875,13379.07421875,13207.546875,13293.310546875,2054608,0.0,0.0
2023-06-28 00:00:00+07:00,13250.4287109375,13336.1923828125,13121.7841796875,13336.1923828125,1961561,0.0,0.0
2023-06-29 00:00:00+07:00,13336.1923828125,13421.955078125,13164.6650390625,13250.4287109375,1919352,0.0,0.0
2023-06-30 00:00:00+07:00,13121.7841796875,13207.546875,12993.138671875,12993.138671875,1574333,0.0,0.0
2023-07-03 00:00:00+07:00,13036.0205078125,13293.310546875,12993.138671875,13250.4287109375,1573283,0.0,0.0
2023-07-04 00:00:00+07:00,13207.546875,13336.1923828125,13164.6650390625,13293.310546875,1736174,0.0,0.0
2023-07-05 00:00:00+07:00,13379.07421875,13807.890625,13336.1923828125,13507.71875,4286565,0.0,0.0
2023-07-06 00:00:00+07:00,13550.6005859375,13593.482421875,13250.4287109375,13379.07421875,1877493,0.0,0.0
2023-07-07 00:00:00+07:00,13379.07421875,13464.8369140625,13207.546875,13379.07421875,1645692,0.0,0.0
2023-07-10 00:00:00+07:00,13464.8369140625,13850.771484375,13421.955078125,13550.6005859375,3168838,0.0,0.0
2023-07-11 00:00:00+07:00,13636.36328125,13765.0087890625,13421.955078125,13550.6005859375,13175333,0.0,0.0
2023-07-12 00:00:00+07:00,13593.482421875,14493.99609375,13593.482421875,14493.99609375,18673140,0.0,0.0
2023-07-13 00:00:00+07:00,14622.6416015625,14708.4052734375,14408.2333984375,14579.759765625,3228420,0.0,0.0
2023-07-14 00:00:00+07:00,14579.759765625,14665.5234375,14193.8251953125,14493.99609375,7846247,0.0,0.0
2023-07-17 00:00:00+07:00,14536.8779296875,14751.2861328125,14279.587890625,14279.587890625,5184968,0.0,0.0
2023-07-18 00:00:00+07:00,14193.8251953125,14408.2333984375,14108.0615234375,14279.587890625,3545806,0.0,0.0
2023-07-19 00:00:00+07:00,14322.4697265625,14708.4052734375,14193.8251953125,14408.2333984375,8168762,0.0,0.0
2023-07-20 00:00:00+07:00,14493.99609375,14879.931640625,14493.99609375,14665.5234375,11050298,0.0,0.0
2023-07-21 00:00:00+07:00,15137.2216796875,15222.984375,14708.4052734375,14708.4052734375,9520273,0.0,0.0
2023-07-24 00:00:00+07:00,14751.2861328125,14922.8134765625,14622.6416015625,14665.5234375,8486576,0.0,0.0
2023-07-25 00:00:00+07:00,14708.4052734375,14751.2861328125,14408.2333984375,14451.115234375,3994366,0.0,0.0
2023-07-26 00:00:00+07:00,14579.759765625,14665.5234375,14451.115234375,14536.8779296875,3326131,0.0,0.0
2023-07-27 00:00:00+07:00,14536.8779296875,14579.759765625,14193.8251953125,14493.99609375,3654827,0.0,0.0
2023-07-28 00:00:00+07:00,14493.99609375,14536.8779296875,14365.3515625,14493.99609375,2708618,0.0,0.0
2023-07-31 00:00:00+07:00,14150.943359375,14150.943359375,13636.36328125,13636.36328125,13631472,0.0,0.0
2023-08-01 00:00:00+07:00,13636.36328125,13893.6533203125,13464.8369140625,13464.8369140625,4396519,0.0,0.0
2023-08-02 00:00:00+07:00,13636.36328125,13679.2451171875,13421.955078125,13679.2451171875,2783591,0.0,0.0
2023-08-03 00:00:00+07:00,13722.126953125,13722.126953125,13421.955078125,13550.6005859375,2791637,0.0,0.0
2023-08-04 00:00:00+07:00,13550.6005859375,13593.482421875,13379.07421875,13550.6005859375,2440088,0.0,0.0
2023-08-07 00:00:00+07:00,13636.36328125,13893.6533203125,13464.8369140625,13807.890625,5176806,0.0,0.0
2023-08-08 00:00:00+07:00,13979.4169921875,14236.70703125,13936.53515625,14108.0615234375,6665672,0.0,0.0
2023-08-09 00:00:00+07:00,14236.70703125,14408.2333984375,14065.1796875,14322.4697265625,5788723,0.0,0.0
2023-08-10 00:00:00+07:00,14408.2333984375,14408.2333984375,14065.1796875,14065.1796875,4405614,0.0,0.0
2023-08-11 00:00:00+07:00,14150.943359375,14150.943359375,13593.482421875,13765.0087890625,3772359,0.0,0.0
2023-08-14 00:00:00+07:00,13765.0087890625,13979.4169921875,13722.126953125,13765.0087890625,2677952,0.0,0.0
2023-08-15 00:00:00+07:00,13765.0087890625,14108.0615234375,13765.0087890625,13979.4169921875,4301374,0.0,0.0
2023-08-16 00:00:00+07:00,13979.4169921875,13979.4169921875,13679.2451171875,13765.0087890625,2767384,0.0,0.0
2023-08-17 00:00:00+07:00,13807.890625,13893.6533203125,13722.126953125,13722.126953125,2534067,0.0,0.0
2023-08-18 00:00:00+07:00,13679.2451171875,13679.2451171875,12778.73046875,12778.73046875,7575851,0.0,0.0
2023-08-21 00:00:00+07:00,12607.2041015625,12778.73046875,12178.3876953125,12607.2041015625,4089628,0.0,0.0
2023-08-22 00:00:00+07:00,12607.2041015625,12735.8486328125,12006.861328125,12264.1513671875,3233201,0.0,0.0
2023-08-23 00:00:00+07:00,12521.4404296875,12607.2041015625,12392.7958984375,12564.322265625,2123402,0.0,0.0
2023-08-24 00:00:00+07:00,12907.3759765625,13421.955078125,12778.73046875,13421.955078125,7898134,0.0,0.0
2023-08-25 00:00:00+07:00,13893.6533203125,14022.298828125,13464.8369140625,13507.71875,6016618,0.0,0.0
2023-08-28 00:00:00+07:00,13765.0087890625,13765.0087890625,13464.8369140625,13593.482421875,8929752,0.0,0.0
2023-08-29 00:00:00+07:00,13936.53515625,13979.4169921875,13636.36328125,13893.6533203125,7179645,0.0,0.0
2023-08-30 00:00:00+07:00,13893.6533203125,13893.6533203125,13679.2451171875,13807.890625,2519026,0.0,0.0
2023-08-31 00:00:00+07:00,13893.6533203125,13936.53515625,13679.2451171875,13893.6533203125,3269580,0.0,0.0
2023-09-05 00:00:00+07:00,14065.1796875,14365.3515625,13979.4169921875,14108.0615234375,4575733,0.0,0.0
2023-09-06 00:00:00+07:00,14322.4697265625,14408.2333984375,14150.943359375,14193.8251953125,6398191,0.0,0.0
2023-09-07 00:00:00+07:00,14193.8251953125,14279.587890625,13893.6533203125,14022.298828125,3978158,0.0,0.0
2023-09-08 00:00:00+07:00,14150.943359375,14365.3515625,14022.298828125,14279.587890625,6516657,0.0,0.0
2023-09-11 00:00:00+07:00,14365.3515625,14408.2333984375,13807.890625,13807.890625,3757435,0.0,0.0
2023-09-12 00:00:00+07:00,13722.126953125,14150.943359375,13722.126953125,14108.0615234375,5435017,0.0,0.0
2023-09-13 00:00:00+07:00,14236.70703125,14236.70703125,13893.6533203125,14022.298828125,3761516,0.0,0.0
2023-09-14 00:00:00+07:00,14022.298828125,14022.298828125,13593.482421875,13722.126953125,4337520,0.0,0.0
2023-09-15 00:00:00+07:00,13807.890625,14150.943359375,13807.890625,13850.771484375,3325432,0.0,0.0
2023-09-18 00:00:00+07:00,13807.890625,14150.943359375,13722.126953125,13936.53515625,3881380,0.0,0.0
2023-09-19 00:00:00+07:00,14065.1796875,14108.0615234375,13765.0087890625,13979.4169921875,2803180,0.0,0.0
2023-09-20 00:00:00+07:00,14108.0615234375,14279.587890625,14022.298828125,14193.8251953125,7064211,0.0,0.0
2023-09-21 00:00:00+07:00,14150.943359375,14193.8251953125,13893.6533203125,13936.53515625,3735281,0.0,0.0
2023-09-22 00:00:00+07:00,13807.890625,13807.890625,13164.6650390625,13207.546875,5876989,0.0,0.0
2023-09-25 00:00:00+07:00,13207.546875,13550.6005859375,12307.0322265625,12349.9140625,3948309,0.0,0.0
2023-09-26 00:00:00+07:00,12349.9140625,12607.2041015625,12178.3876953125,12264.1513671875,2404758,0.0,0.0
2023-09-27 00:00:00+07:00,12307.0322265625,12521.4404296875,11835.3349609375,12521.4404296875,2994171,0.0,0.0
2023-09-28 00:00:00+07:00,12435.677734375,12521.4404296875,12221.26953125,12521.4404296875,1330406,0.0,0.0
2023-09-29 00:00:00+07:00,12821.6123046875,12821.6123046875,12564.322265625,12564.322265625,1626220,0.0,0.0
2023-10-02 00:00:00+07:00,12607.2041015625,12735.8486328125,12607.2041015625,12735.8486328125,1481169,0.0,0.0
2023-10-03 00:00:00+07:00,12607.2041015625,12607.2041015625,12049.7431640625,12049.7431640625,2703954,0.0,0.0
2023-10-04 00:00:00+07:00,12006.861328125,12221.26953125,11792.453125,12092.6240234375,2581640,0.0,0.0
2023-10-05 00:00:00+07:00,12307.0322265625,12307.0322265625,11706.689453125,11706.689453125,2666642,0.0,0.0
2023-10-06 00:00:00+07:00,11792.453125,11963.9794921875,11620.92578125,11921.09765625,1655953,0.0,0.0
2023-10-09 00:00:00+07:00,12006.861328125,12178.3876953125,11963.9794921875,12092.6240234375,1008356,0.0,0.0
2023-10-10 00:00:00+07:00,12264.1513671875,12607.2041015625,12264.1513671875,12349.9140625,2806328,0.0,0.0
2023-10-11 00:00:00+07:00,12435.677734375,12478.5595703125,12135.505859375,12349.9140625,1294143,0.0,0.0
2023-10-12 00:00:00+07:00,12478.5595703125,12521.4404296875,12264.1513671875,12349.9140625,1566171,0.0,0.0
2023-10-13 00:00:00+07:00,12221.26953125,12349.9140625,12092.6240234375,12307.0322265625,1299740,0.0,0.0
2023-10-16 00:00:00+07:00,12392.7958984375,12392.7958984375,12178.3876953125,12307.0322265625,1282133,0.0,0.0
2023-10-17 00:00:00+07:00,12264.1513671875,12392.7958984375,12006.861328125,12006.861328125,5732114,0.0,0.0
2023-10-18 00:00:00+07:00,12049.7431640625,12092.6240234375,11192.109375,11578.044921875,6335344,0.0,0.0
2023-10-19 00:00:00+07:00,11706.689453125,11792.453125,11535.1630859375,11620.92578125,1339734,0.0,0.0
2023-10-20 00:00:00+07:00,11749.5712890625,11835.3349609375,11492.28125,11835.3349609375,1382526,0.0,0.0
2023-10-23 00:00:00+07:00,12006.861328125,12006.861328125,11620.92578125,11749.5712890625,953788,0.0,0.0
2023-10-24 00:00:00+07:00,11792.453125,12006.861328125,11749.5712890625,11921.09765625,777022,0.0,0.0
2023-10-25 00:00:00+07:00,11921.09765625,12178.3876953125,11878.2158203125,12178.3876953125,2110460,0.0,0.0
2023-10-26 00:00:00+07:00,12006.861328125,12178.3876953125,11492.28125,12178.3876953125,9652264,0.0,0.0
2023-10-27 00:00:00+07:00,12006.861328125,12049.7431640625,11792.453125,12049.7431640625,1714020,0.0,0.0
2023-10-30 00:00:00+07:00,12006.861328125,12092.6240234375,11835.3349609375,11835.3349609375,933616,0.0,0.0
2023-10-31 00:00:00+07:00,11663.8076171875,11835.3349609375,11149.228515625,11149.228515625,2585022,0.0,0.0
2023-11-01 00:00:00+07:00,11234.9912109375,11578.044921875,10763.29296875,11578.044921875,2602628,0.0,0.0
2023-11-02 00:00:00+07:00,11663.8076171875,12092.6240234375,11492.28125,12092.6240234375,2241285,0.0,0.0
2023-11-03 00:00:00+07:00,12092.6240234375,12092.6240234375,11835.3349609375,11963.9794921875,4381058,0.0,0.0
2023-11-06 00:00:00+07:00,12092.6240234375,12307.0322265625,11963.9794921875,12264.1513671875,6204169,0.0,0.0
2023-11-07 00:00:00+07:00,12264.1513671875,12307.0322265625,11921.09765625,12178.3876953125,5615176,0.0,0.0
2023-11-08 00:00:00+07:00,12178.3876953125,12349.9140625,11878.2158203125,12349.9140625,2820087,0.0,0.0
2023-11-09 00:00:00+07:00,12435.677734375,12607.2041015625,12307.0322265625,12392.7958984375,4076685,0.0,0.0
2023-11-10 00:00:00+07:00,12349.9140625,12478.5595703125,12178.3876953125,12264.1513671875,3655993,0.0,0.0
2023-11-13 00:00:00+07:00,12178.3876953125,12264.1513671875,12006.861328125,12006.861328125,2042598,0.0,0.0
2023-11-14 00:00:00+07:00,12135.505859375,12264.1513671875,11835.3349609375,12006.861328125,4194451,0.0,0.0
2023-11-15 00:00:00+07:00,12178.3876953125,12221.26953125,11921.09765625,11963.9794921875,2719928,0.0,0.0
2023-11-16 00:00:00+07:00,12006.861328125,12092.6240234375,11878.2158203125,12092.6240234375,2116639,0.0,0.0
2023-11-17 00:00:00+07:00,12135.505859375,12264.1513671875,11749.5712890625,11921.09765625,4631585,0.0,0.0
2023-11-20 00:00:00+07:00,11792.453125,11878.2158203125,11663.8076171875,11749.5712890625,2318591,0.0,0.0
2023-11-21 00:00:00+07:00,11921.09765625,11963.9794921875,11749.5712890625,11835.3349609375,1268491,0.0,0.0
2023-11-22 00:00:00+07:00,11792.453125,11921.09765625,11749.5712890625,11878.2158203125,1540286,0.0,0.0
2023-11-23 00:00:00+07:00,11921.09765625,11963.9794921875,11578.044921875,11578.044921875,2144857,0.0,0.0
2023-11-24 00:00:00+07:00,11620.92578125,11620.92578125,11149.228515625,11492.28125,2604377,0.0,0.0
2023-11-27 00:00:00+07:00,11535.1630859375,11535.1630859375,11234.9912109375,11277.873046875,1473940,0.0,0.0
2023-11-28 00:00:00+07:00,11234.9912109375,11406.517578125,11106.3466796875,11406.517578125,1438494,0.0,0.0
2023-11-29 00:00:00+07:00,11449.3994140625,11449.3994140625,11320.7548828125,11363.63671875,1695247,0.0,0.0
2023-11-30 00:00:00+07:00,11406.517578125,11449.3994140625,11234.9912109375,11320.7548828125,1553811,0.0,0.0
2023-12-01 00:00:00+07:00,11363.63671875,11963.9794921875,11277.873046875,11921.09765625,4578765,0.0,0.0
2023-12-04 00:00:00+07:00,12006.861328125,12221.26953125,11963.9794921875,12092.6240234375,4304755,0.0,0.0
2023-12-05 00:00:00+07:00,12006.861328125,12135.505859375,11835.3349609375,11963.9794921875,4066658,0.0,0.0
2023-12-06 00:00:00+07:00,11963.9794921875,12092.6240234375,11835.3349609375,12006.861328125,6197056,0.0,0.0
2023-12-07 00:00:00+07:00,11921.09765625,11963.9794921875,11620.92578125,11706.689453125,4700495,0.0,0.0
2023-12-08 00:00:00+07:00,11749.5712890625,11835.3349609375,11578.044921875,11578.044921875,1828987,0.0,0.0
2023-12-11 00:00:00+07:00,11620.92578125,11835.3349609375,11578.044921875,11749.5712890625,1872596,0.0,0.0
2023-12-12 00:00:00+07:00,11749.5712890625,11749.5712890625,11620.92578125,11706.689453125,1584360,0.0,0.0
2023-12-13 00:00:00+07:00,11706.689453125,11706.689453125,11449.3994140625,11449.3994140625,2089355,0.0,0.0
2023-12-14 00:00:00+07:00,11535.1630859375,11578.044921875,11363.63671875,11406.517578125,1850558,0.0,0.0
2023-12-15 00:00:00+07:00,11363.63671875,11492.28125,11320.7548828125,11320.7548828125,1842746,0.0,0.0
2023-12-18 00:00:00+07:00,11320.7548828125,11449.3994140625,11277.873046875,11320.7548828125,757900,0.0,0.0
2023-12-19 00:00:00+07:00,11277.873046875,11363.63671875,11149.228515625,11320.7548828125,1649423,0.0,0.0
2023-12-20 00:00:00+07:00,11320.7548828125,11620.92578125,11320.7548828125,11535.1630859375,1330872,0.0,0.0
2023-12-21 00:00:00+07:00,11492.28125,11535.1630859375,11320.7548828125,11363.63671875,1983074,0.0,0.0
2023-12-22 00:00:00+07:00,11363.63671875,11449.3994140625,11320.7548828125,11406.517578125,1577131,0.0,0.0
2023-12-25 00:00:00+07:00,11406.517578125,11492.28125,11363.63671875,11492.28125,1071903,0.0,0.0
2023-12-26 00:00:00+07:00,11449.3994140625,11535.1630859375,11406.517578125,11492.28125,1588325,0.0,0.0
2023-12-27 00:00:00+07:00,11492.28125,11535.1630859375,11363.63671875,11363.63671875,1411443,0.0,0.0
2023-12-28 00:00:00+07:00,11406.517578125,11449.3994140625,11320.7548828125,11449.3994140625,1666330,0.0,0.0
2023-12-29 00:00:00+07:00,11449.3994140625,11706.689453125,11320.7548828125,11320.7548828125,5869527,0.0,0.0
2024-01-02 00:00:00+07:00,11406.517578125,11535.1630859375,11277.873046875,11406.517578125,2107661,0.0,0.0
2024-01-03 00:00:00+07:00,11406.517578125,11449.3994140625,11320.7548828125,11406.517578125,2391466,0.0,0.0
2024-01-04 00:00:00+07:00,11449.3994140625,11492.28125,11406.517578125,11449.3994140625,3665437,0.0,0.0
2024-01-05 00:00:00+07:00,11492.28125,11535.1630859375,11363.63671875,11406.517578125,2484979,0.0,0.0
2024-01-08 00:00:00+07:00,11406.517578125,11535.1630859375,11406.517578125,11449.3994140625,6437486,0.0,0.0
2024-01-09 00:00:00+07:00,11492.28125,12049.7431640625,11406.517578125,11921.09765625,8388320,0.0,0.0
2024-01-10 00:00:00+07:00,12006.861328125,12006.861328125,11663.8076171875,11749.5712890625,7302774,0.0,0.0
2024-01-11 00:00:00+07:00,11749.5712890625,11921.09765625,11663.8076171875,11792.453125,9897824,0.0,0.0
2024-01-12 00:00:00+07:00,11878.2158203125,11878.2158203125,11578.044921875,11578.044921875,8328971,0.0,0.0
2024-01-15 00:00:00+07:00,11663.8076171875,11921.09765625,11578.044921875,11835.3349609375,3598625,0.0,0.0
2024-01-16 00:00:00+07:00,11706.689453125,11878.2158203125,11706.689453125,11835.3349609375,1410160,0.0,0.0
2024-01-17 00:00:00+07:00,11963.9794921875,12221.26953125,11921.09765625,11921.09765625,9392479,0.0,0.0
2024-01-18 00:00:00+07:00,11921.09765625,12006.861328125,11663.8076171875,11792.453125,3550003,0.0,0.0
2024-01-19 00:00:00+07:00,11878.2158203125,11921.09765625,11620.92578125,11620.92578125,3376269,0.0,0.0
2024-01-22 00:00:00+07:00,11749.5712890625,11749.5712890625,11578.044921875,11663.8076171875,1957131,0.0,0.0
2024-01-23 00:00:00+07:00,11749.5712890625,11749.5712890625,11578.044921875,11620.92578125,3014576,0.0,0.0
2024-01-24 00:00:00+07:00,11620.92578125,11706.689453125,11620.92578125,11663.8076171875,1435346,0.0,0.0
2024-01-25 00:00:00+07:00,11706.689453125,11749.5712890625,11620.92578125,11706.689453125,1621206,0.0,0.0
2024-01-26 00:00:00+07:00,11663.8076171875,11706.689453125,11620.92578125,11706.689453125,1245054,0.0,0.0
2024-01-29 00:00:00+07:00,11663.8076171875,11792.453125,11620.92578125,11620.92578125,3779122,0.0,0.0
2024-01-30 00:00:00+07:00,11620.92578125,11878.2158203125,11578.044921875,11663.8076171875,3416729,0.0,0.0
2024-01-31 00:00:00+07:00,11835.3349609375,11835.3349609375,11492.28125,11492.28125,3080455,0.0,0.0
2024-02-01 00:00:00+07:00,11620.92578125,11620.92578125,11449.3994140625,11535.1630859375,2059272,0.0,0.0
2024-02-02 00:00:00+07:00,11578.044921875,11578.044921875,11406.517578125,11406.517578125,2442886,0.0,0.0
2024-02-05 00:00:00+07:00,11492.28125,11492.28125,11363.63671875,11406.517578125,2196394,0.0,0.0
2024-02-06 00:00:00+07:00,11449.3994140625,11492.28125,11320.7548828125,11406.517578125,2753159,0.0,0.0
2024-02-07 00:00:00+07:00,11406.517578125,11492.28125,11363.63671875,11406.517578125,1294493,0.0,0.0
2024-02-15 00:00:00+07:00,11535.1630859375,11578.044921875,11449.3994140625,11492.28125,1598702,0.0,0.0
2024-02-16 00:00:00+07:00,11449.3994140625,11578.044921875,11449.3994140625,11535.1630859375,1873062,0.0,0.0
2024-02-19 00:00:00+07:00,11578.044921875,11749.5712890625,11535.1630859375,11749.5712890625,4495046,0.0,0.0
2024-02-20 00:00:00+07:00,11749.5712890625,11792.453125,11578.044921875,11663.8076171875,2222979,0.0,0.0
2024-02-21 00:00:00+07:00,11663.8076171875,11706.689453125,11535.1630859375,11578.044921875,3029617,0.0,0.0
2024-02-22 00:00:00+07:00,11578.044921875,12049.7431640625,11535.1630859375,11835.3349609375,7622142,0.0,0.0
2024-02-23 00:00:00+07:00,11835.3349609375,11921.09765625,11492.28125,11492.28125,6230754,0.0,0.0
2024-02-26 00:00:00+07:00,11535.1630859375,11578.044921875,11363.63671875,11492.28125,2902990,0.0,0.0
2024-02-27 00:00:00+07:00,11492.28125,11578.044921875,11406.517578125,11535.1630859375,4716470,0.0,0.0
2024-02-28 00:00:00+07:00,11578.044921875,11620.92578125,11449.3994140625,11492.28125,3829260,0.0,0.0
2024-02-29 00:00:00+07:00,11492.28125,11578.044921875,11320.7548828125,11406.517578125,5040734,0.0,0.0
2024-03-01 00:00:00+07:00,11406.517578125,11492.28125,11363.63671875,11492.28125,2992422,0.0,0.0
2024-03-04 00:00:00+07:00,11535.1630859375,11663.8076171875,11449.3994140625,11535.1630859375,3440516,0.0,0.0
2024-03-05 00:00:00+07:00,11535.1630859375,11535.1630859375,11449.3994140625,11492.28125,1853940,0.0,0.0
2024-03-06 00:00:00+07:00,11492.28125,11578.044921875,11363.63671875,11406.517578125,3070661,0.0,0.0
2024-03-07 00:00:00+07:00,11449.3994140625,11449.3994140625,11320.7548828125,11406.517578125,2109060,0.0,0.0
2024-03-08 00:00:00+07:00,11406.517578125,11449.3994140625,11234.9912109375,11234.9912109375,3203701,0.0,0.0
2024-03-11 00:00:00+07:00,11234.9912109375,11320.7548828125,10977.701171875,10977.701171875,4025964,0.0,0.0
2024-03-12 00:00:00+07:00,10977.701171875,11106.3466796875,10634.6484375,10677.5302734375,7601154,0.0,0.0
2024-03-13 00:00:00+07:00,10677.5302734375,10763.29296875,10377.3583984375,10506.00390625,7334839,0.0,0.0
2024-03-14 00:00:00+07:00,10548.884765625,10720.412109375,10463.1220703125,10591.7666015625,10239462,0.0,0.0
2024-03-15 00:00:00+07:00,10677.5302734375,11063.46484375,10677.5302734375,10806.1748046875,24565871,0.0,0.0
2024-03-18 00:00:00+07:00,10934.8203125,11063.46484375,10548.884765625,10634.6484375,5910454,0.0,0.0
2024-03-19 00:00:00+07:00,10677.5302734375,10849.056640625,10591.7666015625,10849.056640625,4535390,0.0,0.0
2024-03-20 00:00:00+07:00,10806.1748046875,10849.056640625,10548.884765625,10677.5302734375,4979053,0.0,0.0
2024-03-21 00:00:00+07:00,10720.412109375,10806.1748046875,10634.6484375,10677.5302734375,5237089,0.0,0.0
2024-03-22 00:00:00+07:00,10720.412109375,10763.29296875,10591.7666015625,10677.5302734375,10208096,0.0,0.0
2024-03-25 00:00:00+07:00,10677.5302734375,10720.412109375,10548.884765625,10548.884765625,4937543,0.0,0.0
2024-03-26 00:00:00+07:00,10591.7666015625,10591.7666015625,10420.240234375,10506.00390625,3567143,0.0,0.0
2024-03-27 00:00:00+07:00,10591.7666015625,10934.8203125,10591.7666015625,10763.29296875,6891060,0.0,0.0
2024-03-28 00:00:00+07:00,10849.056640625,10891.9384765625,10677.5302734375,10720.412109375,2356719,0.0,0.0
2024-03-29 00:00:00+07:00,10720.412109375,10806.1748046875,10591.7666015625,10634.6484375,2460026,0.0,0.0
2024-04-01 00:00:00+07:00,10634.6484375,10720.412109375,10548.884765625,10677.5302734375,2538148,0.0,0.0
2024-04-02 00:00:00+07:00,10677.5302734375,10720.412109375,10548.884765625,10677.5302734375,3153330,0.0,0.0
2024-04-03 00:00:00+07:00,10634.6484375,10677.5302734375,10548.884765625,10548.884765625,8562870,0.0,0.0
2024-04-04 00:00:00+07:00,10548.884765625,10634.6484375,10420.240234375,10463.1220703125,3455324,0.0,0.0
2024-04-05 00:00:00+07:00,10377.3583984375,10806.1748046875,10377.3583984375,10591.7666015625,10435350,0.0,0.0
2024-04-08 00:00:00+07:00,10634.6484375,10720.412109375,10591.7666015625,10591.7666015625,7892887,0.0,0.0
2024-04-09 00:00:00+07:00,10591.7666015625,10677.5302734375,10548.884765625,10677.5302734375,8518329,0.0,0.0
2024-04-10 00:00:00+07:00,10720.412109375,10720.412109375,10634.6484375,10634.6484375,2117456,0.0,0.0
2024-04-11 00:00:00+07:00,10591.7666015625,10677.5302734375,10506.00390625,10591.7666015625,7400718,0.0,0.0
2024-04-12 00:00:00+07:00,10634.6484375,11149.228515625,10634.6484375,10977.701171875,13924488,0.0,0.0
2024-04-15 00:00:00+07:00,10934.8203125,10977.701171875,10377.3583984375,10420.240234375,4950136,0.0,0.0
2024-04-16 00:00:00+07:00,10463.1220703125,10506.00390625,9691.251953125,9862.7783203125,6610520,0.0,0.0
2024-04-17 00:00:00+07:00,10034.3056640625,10034.3056640625,9691.251953125,9691.251953125,2949397,0.0,0.0
2024-04-19 00:00:00+07:00,9519.7255859375,9562.607421875,9176.6728515625,9219.5537109375,4622840,0.0,0.0
2024-04-22 00:00:00+07:00,9262.435546875,9476.84375,9262.435546875,9433.9619140625,1825139,0.0,0.0
2024-04-23 00:00:00+07:00,9476.84375,9476.84375,9219.5537109375,9219.5537109375,2326986,0.0,0.0
2024-04-24 00:00:00+07:00,9262.435546875,9605.4892578125,9262.435546875,9519.7255859375,2038168,0.0,0.0
2024-04-25 00:00:00+07:00,9519.7255859375,9519.7255859375,9348.19921875,9391.0810546875,1200163,0.0,0.0
2024-04-26 00:00:00+07:00,9348.19921875,9433.9619140625,9305.3173828125,9348.19921875,1890319,0.0,0.0
2024-05-02 00:00:00+07:00,9391.0810546875,9519.7255859375,9391.0810546875,9476.84375,1021299,0.0,0.0
2024-05-03 00:00:00+07:00,9519.7255859375,9605.4892578125,9476.84375,9562.607421875,1551013,0.0,0.0
2024-05-06 00:00:00+07:00,9777.015625,9819.8974609375,9648.3701171875,9819.8974609375,2116523,0.0,0.0
2024-05-07 00:00:00+07:00,9991.423828125,10034.3056640625,9777.015625,9819.8974609375,2571729,0.0,0.0
2024-05-08 00:00:00+07:00,9777.015625,9862.7783203125,9562.607421875,9691.251953125,3493102,0.0,0.0
2024-05-09 00:00:00+07:00,9777.015625,9819.8974609375,9605.4892578125,9605.4892578125,2461426,0.0,0.0
2024-05-10 00:00:00+07:00,9648.3701171875,9691.251953125,9519.7255859375,9605.4892578125,1893467,0.0,0.0
2024-05-13 00:00:00+07:00,9648.3701171875,9648.3701171875,9562.607421875,9605.4892578125,1496211,0.0,0.0
2024-05-14 00:00:00+07:00,9691.251953125,9819.8974609375,9648.3701171875,9777.015625,2516577,0.0,0.0
2024-05-15 00:00:00+07:00,9777.015625,9819.8974609375,9734.1337890625,9734.1337890625,3224689,0.0,0.0
2024-05-16 00:00:00+07:00,9777.015625,9819.8974609375,9734.1337890625,9777.015625,1859886,0.0,0.0
2024-05-17 00:00:00+07:00,9777.015625,9777.015625,9691.251953125,9777.015625,1637647,0.0,0.0
2024-05-20 00:00:00+07:00,9819.8974609375,10120.068359375,9819.8974609375,10120.068359375,4709007,0.0,0.0
2024-05-21 00:00:00+07:00,10120.068359375,10420.240234375,10034.3056640625,10291.5947265625,5326987,0.0,0.0
2024-05-22 00:00:00+07:00,10377.3583984375,10377.3583984375,10120.068359375,10162.9501953125,3834507,0.0,0.0
2024-05-23 00:00:00+07:00,10205.83203125,10334.4765625,10077.1865234375,10291.5947265625,2934122,0.0,0.0
2024-05-24 00:00:00+07:00,10248.7138671875,10763.29296875,10205.83203125,10548.884765625,9160445,0.0,0.0
2024-05-27 00:00:00+07:00,10548.884765625,10677.5302734375,10463.1220703125,10506.00390625,3652261,0.0,0.0
2024-05-28 00:00:00+07:00,10591.7666015625,10634.6484375,10420.240234375,10548.884765625,4737458,0.0,0.0
2024-05-29 00:00:00+07:00,10548.884765625,10591.7666015625,10420.240234375,10420.240234375,2975398,0.0,0.0
2024-05-30 00:00:00+07:00,10377.3583984375,10377.3583984375,9991.423828125,10120.068359375,5047730,0.0,0.0
2024-05-31 00:00:00+07:00,10205.83203125,10291.5947265625,10077.1865234375,10077.1865234375,2384353,0.0,0.0
2024-06-03 00:00:00+07:00,10162.9501953125,10291.5947265625,10120.068359375,10291.5947265625,2078861,0.0,0.0
2024-06-04 00:00:00+07:00,10334.4765625,10377.3583984375,10162.9501953125,10248.7138671875,1646858,0.0,0.0
2024-06-05 00:00:00+07:00,10248.7138671875,10720.412109375,10205.83203125,10591.7666015625,8616623,0.0,0.0
2024-06-06 00:00:00+07:00,10591.7666015625,10677.5302734375,10420.240234375,10463.1220703125,2611373,0.0,0.0
2024-06-07 00:00:00+07:00,10463.1220703125,10506.00390625,10377.3583984375,10506.00390625,2305881,0.0,0.0
2024-06-10 00:00:00+07:00,10548.884765625,10591.7666015625,10334.4765625,10377.3583984375,4511020,0.0,0.0
2024-06-11 00:00:00+07:00,10377.3583984375,10463.1220703125,10162.9501953125,10162.9501953125,3440166,0.0,0.0
2024-06-12 00:00:00+07:00,10248.7138671875,10334.4765625,10162.9501953125,10334.4765625,1843096,0.0,0.0
2024-06-13 00:00:00+07:00,10377.3583984375,10420.240234375,10248.7138671875,10248.7138671875,1788877,0.0,0.0
2024-06-14 00:00:00+07:00,10291.5947265625,10420.240234375,10162.9501953125,10162.9501953125,2332466,0.0,0.0
2024-06-17 00:00:00+07:00,10205.83203125,10205.83203125,10034.3056640625,10077.1865234375,2250030,0.0,0.0
2024-06-18 00:00:00+07:00,10120.068359375,10205.83203125,10034.3056640625,10077.1865234375,1314781,0.0,0.0
2024-06-19 00:00:00+07:00,10077.1865234375,10120.068359375,9948.5419921875,10034.3056640625,1807066,0.0,0.0
2024-06-20 00:00:00+07:00,10034.3056640625,10248.7138671875,10034.3056640625,10077.1865234375,2632245,0.0,0.0
2024-06-21 00:00:00+07:00,10077.1865234375,10162.9501953125,9948.5419921875,9948.5419921875,2609741,0.0,0.0
2024-06-24 00:00:00+07:00,10034.3056640625,10077.1865234375,9777.015625,9777.015625,2666875,0.0,0.0
2024-06-25 00:00:00+07:00,9862.7783203125,9905.66015625,9777.015625,9905.66015625,1032376,0.0,0.0
2024-06-26 00:00:00+07:00,9905.66015625,10077.1865234375,9905.66015625,9948.5419921875,2217732,0.0,0.0
2024-06-27 00:00:00+07:00,9948.5419921875,10077.1865234375,9948.5419921875,9948.5419921875,1285515,0.0,0.0
2024-06-28 00:00:00+07:00,10034.3056640625,10291.5947265625,9948.5419921875,10120.068359375,7325045,0.0,0.0
2024-07-01 00:00:00+07:00,10162.9501953125,10291.5947265625,9991.423828125,10291.5947265625,3164524,0.0,0.0
2024-07-02 00:00:00+07:00,10334.4765625,10377.3583984375,10205.83203125,10291.5947265625,6614263,0.0,0.0
2024-07-03 00:00:00+07:00,10291.5947265625,10463.1220703125,10248.7138671875,10377.3583984375,2241984,0.0,0.0
2024-07-04 00:00:00+07:00,10377.3583984375,10420.240234375,10291.5947265625,10334.4765625,1880874,0.0,0.0
2024-07-05 00:00:00+07:00,10377.3583984375,10420.240234375,10162.9501953125,10291.5947265625,1549614,0.0,0.0
2024-07-08 00:00:00+07:00,10248.7138671875,10420.240234375,10205.83203125,10377.3583984375,3927204,0.0,0.0
2024-07-09 00:00:00+07:00,10377.3583984375,10763.29296875,10291.5947265625,10720.412109375,9963586,0.0,0.0
2024-07-10 00:00:00+07:00,10720.412109375,10934.8203125,10720.412109375,10849.056640625,7345800,0.0,0.0
2024-07-11 00:00:00+07:00,10720.412109375,10849.056640625,10591.7666015625,10591.7666015625,6157646,0.0,0.0
2024-07-12 00:00:00+07:00,10591.7666015625,10720.412109375,10548.884765625,10591.7666015625,5578610,0.0,0.0
2024-07-15 00:00:00+07:00,10677.5302734375,10891.9384765625,10591.7666015625,10849.056640625,5096702,0.0,0.0
2024-07-16 00:00:00+07:00,10891.9384765625,11449.3994140625,10891.9384765625,11192.109375,11625952,0.0,0.0
2024-07-17 00:00:00+07:00,11320.7548828125,11363.63671875,10506.00390625,10506.00390625,12128732,0.0,0.0
2024-07-18 00:00:00+07:00,10720.412109375,11106.3466796875,10720.412109375,11106.3466796875,8321275,0.0,0.0
2024-07-19 00:00:00+07:00,11106.3466796875,11149.228515625,10891.9384765625,11106.3466796875,45447998,0.0,0.0
2024-07-22 00:00:00+07:00,11106.3466796875,11578.044921875,10977.701171875,11406.517578125,41091239,0.0,0.0
2024-07-23 00:00:00+07:00,11406.517578125,11449.3994140625,10934.8203125,11020.5830078125,7491526,0.0,0.0
2024-07-24 00:00:00+07:00,11106.3466796875,11234.9912109375,10806.1748046875,11106.3466796875,10744806,0.0,0.0
2024-07-25 00:00:00+07:00,11106.3466796875,11449.3994140625,10934.8203125,11234.9912109375,15475385,0.0,0.0
2024-07-26 00:00:00+07:00,11277.873046875,11406.517578125,11192.109375,11234.9912109375,7758680,0.0,0.0
2024-07-29 00:00:00+07:00,11234.9912109375,11406.517578125,11106.3466796875,11277.873046875,8973885,0.0,0.0
2024-07-30 00:00:00+07:00,11277.873046875,11277.873046875,10977.701171875,11106.3466796875,2826034,0.0,0.0
2024-07-31 00:00:00+07:00,11234.9912109375,11277.873046875,11063.46484375,11063.46484375,3197288,0.0,0.0
2024-08-01 00:00:00+07:00,11063.46484375,11106.3466796875,10677.5302734375,10720.412109375,11743485,0.0,0.0
2024-08-02 00:00:00+07:00,10591.7666015625,11020.5830078125,10591.7666015625,10977.701171875,4586927,0.0,0.0
2024-08-05 00:00:00+07:00,10677.5302734375,10934.8203125,10291.5947265625,10548.884765625,7185591,0.0,0.0
2024-08-06 00:00:00+07:00,10591.7666015625,10891.9384765625,10548.884765625,10891.9384765625,7162388,0.0,0.0
2024-08-07 00:00:00+07:00,10977.701171875,11020.5830078125,10720.412109375,10891.9384765625,1331805,0.0,0.0
2024-08-08 00:00:00+07:00,10891.9384765625,11020.5830078125,10763.29296875,10849.056640625,4771388,0.0,0.0
2024-08-09 00:00:00+07:00,10934.8203125,11063.46484375,10849.056640625,10934.8203125,2624782,0.0,0.0
2024-08-12 00:00:00+07:00,10977.701171875,11020.5830078125,10849.056640625,11020.5830078125,4407596,0.0,0.0
2024-08-13 00:00:00+07:00,11063.46484375,11063.46484375,10891.9384765625,10934.8203125,1932062,0.0,0.0
2024-08-14 00:00:00+07:00,10977.701171875,11063.46484375,10849.056640625,10934.8203125,2098333,0.0,0.0
2024-08-15 00:00:00+07:00,10934.8203125,10977.701171875,10806.1748046875,10849.056640625,1835284,0.0,0.0
2024-08-16 00:00:00+07:00,10806.1748046875,11063.46484375,10763.29296875,11020.5830078125,3222590,0.0,0.0
2024-08-19 00:00:00+07:00,11020.5830078125,11320.7548828125,10977.701171875,11234.9912109375,2729606,0.0,0.0
2024-08-20 00:00:00+07:00,11234.9912109375,11406.517578125,11149.228515625,11234.9912109375,2359750,0.0,0.0
2024-08-21 00:00:00+07:00,11277.873046875,11406.517578125,11149.228515625,11192.109375,2599597,0.0,0.0
2024-08-22 00:00:00+07:00,11192.109375,11234.9912109375,11020.5830078125,11020.5830078125,2414319,0.0,0.0
2024-08-23 00:00:00+07:00,11020.5830078125,11149.228515625,10934.8203125,11149.228515625,2642039,0.0,0.0
2024-08-26 00:00:00+07:00,11192.109375,11234.9912109375,10849.056640625,10891.9384765625,3489954,0.0,0.0
2024-08-27 00:00:00+07:00,10891.9384765625,11020.5830078125,10806.1748046875,10891.9384765625,1970656,0.0,0.0
2024-08-28 00:00:00+07:00,10891.9384765625,11020.5830078125,10806.1748046875,10891.9384765625,2002371,0.0,0.0
2024-08-29 00:00:00+07:00,10849.056640625,10891.9384765625,10677.5302734375,10677.5302734375,3148316,0.0,0.0
2024-08-30 00:00:00+07:00,10763.29296875,10806.1748046875,10677.5302734375,10763.29296875,4565939,0.0,0.0
2024-09-04 00:00:00+07:00,10677.5302734375,10720.412109375,10506.00390625,10548.884765625,1643127,0.0,0.0
2024-09-05 00:00:00+07:00,10548.884765625,10763.29296875,10548.884765625,10677.5302734375,1694431,0.0,0.0
2024-09-06 00:00:00+07:00,10677.5302734375,10763.29296875,10548.884765625,10763.29296875,866687,0.0,0.0
2024-09-09 00:00:00+07:00,10677.5302734375,10849.056640625,10591.7666015625,10806.1748046875,1643243,0.0,0.0
2024-09-10 00:00:00+07:00,10849.056640625,10891.9384765625,10677.5302734375,10806.1748046875,2307980,0.0,0.0
2024-09-11 00:00:00+07:00,10634.6484375,10849.056640625,10634.6484375,10806.1748046875,1837499,0.0,0.0
2024-09-12 00:00:00+07:00,10763.29296875,11492.28125,10763.29296875,11492.28125,6431422,0.0,0.0
2024-09-13 00:00:00+07:00,11449.3994140625,11878.2158203125,11192.109375,11663.8076171875,6171055,0.0,0.0
2024-09-16 00:00:00+07:00,11620.92578125,11620.92578125,11363.63671875,11363.63671875,2028023,0.0,0.0
2024-09-17 00:00:00+07:00,11363.63671875,11792.453125,11363.63671875,11620.92578125,3590463,0.0,0.0
2024-09-18 00:00:00+07:00,11620.92578125,11792.453125,11492.28125,11706.689453125,3612384,0.0,0.0
2024-09-19 00:00:00+07:00,11620.92578125,11620.92578125,11277.873046875,11320.7548828125,5574063,0.0,0.0
2024-09-20 00:00:00+07:00,11406.517578125,11449.3994140625,11149.228515625,11363.63671875,5229043,0.0,0.0
2024-09-23 00:00:00+07:00,11406.517578125,11578.044921875,11363.63671875,11449.3994140625,3639786,0.0,0.0
2024-09-24 00:00:00+07:00,11492.28125,11535.1630859375,11320.7548828125,11363.63671875,1865833,0.0,0.0
2024-09-25 00:00:00+07:00,11406.517578125,11578.044921875,11320.7548828125,11535.1630859375,3255122,0.0,0.0
2024-09-26 00:00:00+07:00,11535.1630859375,11706.689453125,11320.7548828125,11320.7548828125,2826150,0.0,0.0
2024-09-27 00:00:00+07:00,11363.63671875,11406.517578125,11149.228515625,11234.9912109375,2073148,0.0,0.0
2024-09-30 00:00:00+07:00,11234.9912109375,11277.873046875,11020.5830078125,11063.46484375,2864162,0.0,0.0
2024-10-01 00:00:00+07:00,11020.5830078125,11234.9912109375,11020.5830078125,11106.3466796875,1375880,0.0,0.0
2024-10-02 00:00:00+07:00,11063.46484375,11192.109375,10977.701171875,10977.701171875,1803802,0.0,0.0
2024-10-03 00:00:00+07:00,10977.701171875,11063.46484375,10891.9384765625,10934.8203125,4774641,0.0,0.0
2024-10-04 00:00:00+07:00,10934.8203125,11106.3466796875,10891.9384765625,10934.8203125,956120,0.0,0.0
2024-10-07 00:00:00+07:00,10977.701171875,11192.109375,10934.8203125,11063.46484375,1239924,0.0,0.0
2024-10-08 00:00:00+07:00,11063.46484375,11149.228515625,10977.701171875,11063.46484375,548020,0.0,0.0
2024-10-09 00:00:00+07:00,11106.3466796875,11106.3466796875,10891.9384765625,10934.8203125,2160364,0.0,0.0
2024-10-10 00:00:00+07:00,10977.701171875,11020.5830078125,10891.9384765625,10934.8203125,1112247,0.0,0.0
2024-10-11 00:00:00+07:00,10934.8203125,11020.5830078125,10891.9384765625,10891.9384765625,1065141,0.0,0.0
2024-10-14 00:00:00+07:00,10934.8203125,10977.701171875,10806.1748046875,10849.056640625,1311283,0.0,0.0
2024-10-15 00:00:00+07:00,10849.056640625,10977.701171875,10677.5302734375,10677.5302734375,7811500,0.0,0.0
2024-10-16 00:00:00+07:00,10677.5302734375,10806.1748046875,10634.6484375,10677.5302734375,757434,0.0,0.0
2024-10-17 00:00:00+07:00,10720.412109375,10763.29296875,10548.884765625,10634.6484375,1223250,0.0,0.0
2024-10-18 00:00:00+07:00,10763.29296875,10763.29296875,10634.6484375,10634.6484375,491352,0.0,0.0
2024-10-21 00:00:00+07:00,10634.6484375,10677.5302734375,10548.884765625,10591.7666015625,1024914,0.0,0.0
2024-10-22 00:00:00+07:00,10591.7666015625,10591.7666015625,10334.4765625,10548.884765625,2065569,0.0,0.0
2024-10-23 00:00:00+07:00,10548.884765625,10591.7666015625,10463.1220703125,10591.7666015625,945626,0.0,0.0
2024-10-24 00:00:00+07:00,10591.7666015625,10806.1748046875,10591.7666015625,10720.412109375,1561507,0.0,0.0
2024-10-25 00:00:00+07:00,10806.1748046875,10806.1748046875,10677.5302734375,10763.29296875,1461347,0.0,0.0
2024-10-28 00:00:00+07:00,10763.29296875,10806.1748046875,10634.6484375,10806.1748046875,1464146,0.0,0.0
2024-10-29 00:00:00+07:00,10720.412109375,10806.1748046875,10677.5302734375,10806.1748046875,853512,0.0,0.0
2024-10-30 00:00:00+07:00,10720.412109375,10763.29296875,10634.6484375,10720.412109375,730265,0.0,0.0
2024-10-31 00:00:00+07:00,10720.412109375,10720.412109375,10506.00390625,10634.6484375,636752,0.0,0.0
2024-11-01 00:00:00+07:00,10591.7666015625,10634.6484375,10377.3583984375,10377.3583984375,1976136,0.0,0.0
2024-11-04 00:00:00+07:00,10463.1220703125,10463.1220703125,10077.1865234375,10120.068359375,1701777,0.0,0.0
2024-11-05 00:00:00+07:00,10077.1865234375,10248.7138671875,10077.1865234375,10248.7138671875,721520,0.0,0.0
2024-11-06 00:00:00+07:00,10248.7138671875,10420.240234375,10120.068359375,10420.240234375,814800,0.0,0.0
2024-11-07 00:00:00+07:00,10377.3583984375,10463.1220703125,10291.5947265625,10463.1220703125,695985,0.0,0.0
2024-11-08 00:00:00+07:00,10377.3583984375,10463.1220703125,10291.5947265625,10463.1220703125,11636913,0.0,0.0
2024-11-11 00:00:00+07:00,10377.3583984375,10506.00390625,10162.9501953125,10506.00390625,1358623,0.0,0.0
2024-11-12 00:00:00+07:00,10463.1220703125,10506.00390625,10377.3583984375,10506.00390625,674064,0.0,0.0
2024-11-13 00:00:00+07:00,10377.3583984375,10506.00390625,10248.7138671875,10506.00390625,1152591,0.0,0.0
2024-11-14 00:00:00+07:00,10420.240234375,10463.1220703125,10291.5947265625,10463.1220703125,1230946,0.0,0.0
2024-11-15 00:00:00+07:00,10291.5947265625,10377.3583984375,10205.83203125,10291.5947265625,1072486,0.0,0.0
2024-11-18 00:00:00+07:00,10248.7138671875,10334.4765625,10120.068359375,10291.5947265625,1080882,0.0,0.0
2024-11-19 00:00:00+07:00,10334.4765625,10334.4765625,10120.068359375,10291.5947265625,922189,0.0,0.0
2024-11-20 00:00:00+07:00,10248.7138671875,10377.3583984375,10162.9501953125,10162.9501953125,1784563,0.0,0.0
2024-11-21 00:00:00+07:00,10162.9501953125,10420.240234375,10162.9501953125,10162.9501953125,1346963,0.0,0.0
2024-11-22 00:00:00+07:00,10162.9501953125,10291.5947265625,10120.068359375,10120.068359375,805589,0.0,0.0
2024-11-25 00:00:00+07:00,10162.9501953125,10291.5947265625,10120.068359375,10120.068359375,1578997,0.0,0.0
2024-11-26 00:00:00+07:00,10162.9501953125,10420.240234375,10162.9501953125,10334.4765625,1280501,0.0,0.0
2024-11-27 00:00:00+07:00,10291.5947265625,10506.00390625,10291.5947265625,10463.1220703125,1210541,0.0,0.0
2024-11-28 00:00:00+07:00,10463.1220703125,10548.884765625,10377.3583984375,10548.884765625,1122041,0.0,0.0
2024-11-29 00:00:00+07:00,10506.00390625,10720.412109375,10463.1220703125,10548.884765625,1367135,0.0,0.0
2024-12-02 00:00:00+07:00,10591.7666015625,10634.6484375,10463.1220703125,10548.884765625,508959,0.0,0.0
2024-12-03 00:00:00+07:00,10548.884765625,10677.5302734375,10506.00390625,10634.6484375,1708773,0.0,0.0
2024-12-04 00:00:00+07:00,10548.884765625,10720.412109375,10548.884765625,10591.7666015625,2053559,0.0,0.0
2024-12-05 00:00:00+07:00,10591.7666015625,10720.412109375,10506.00390625,10720.412109375,1127755,0.0,0.0
2024-12-06 00:00:00+07:00,10763.29296875,10977.701171875,10677.5302734375,10934.8203125,1583428,0.0,0.0
2024-12-09 00:00:00+07:00,10934.8203125,11106.3466796875,10891.9384765625,11020.5830078125,2033270,0.0,0.0
2024-12-10 00:00:00+07:00,11020.5830078125,11020.5830078125,10891.9384765625,10977.701171875,1176843,0.0,0.0
2024-12-11 00:00:00+07:00,10977.701171875,11149.228515625,10763.29296875,11063.46484375,2117339,0.0,0.0
2024-12-12 00:00:00+07:00,11063.46484375,11192.109375,10977.701171875,11149.228515625,2201874,0.0,0.0
2024-12-13 00:00:00+07:00,11063.46484375,11063.46484375,10891.9384765625,11063.46484375,1129854,0.0,0.0
2024-12-16 00:00:00+07:00,11020.5830078125,11063.46484375,10849.056640625,11063.46484375,1256131,0.0,0.0
2024-12-17 00:00:00+07:00,11063.46484375,11063.46484375,10849.056640625,11020.5830078125,1027129,0.0,0.0
2024-12-18 00:00:00+07:00,10934.8203125,11020.5830078125,10891.9384765625,11020.5830078125,1209258,0.0,0.0
2024-12-19 00:00:00+07:00,10891.9384765625,10977.701171875,10806.1748046875,10977.701171875,781453,0.0,0.0
2024-12-20 00:00:00+07:00,10849.056640625,11020.5830078125,10849.056640625,10977.701171875,4559992,0.0,0.0
2024-12-23 00:00:00+07:00,10977.701171875,11020.5830078125,10891.9384765625,10977.701171875,1117028,0.0,0.0
2024-12-24 00:00:00+07:00,11020.5830078125,11020.5830078125,10891.9384765625,10977.701171875,460103,0.0,0.0
2024-12-25 00:00:00+07:00,10977.701171875,11063.46484375,10891.9384765625,11063.46484375,1034708,0.0,0.0
2024-12-26 00:00:00+07:00,11106.3466796875,11149.228515625,10977.701171875,11106.3466796875,680011,0.0,0.0
2024-12-27 00:00:00+07:00,11063.46484375,11149.228515625,11020.5830078125,11149.228515625,1034941,0.0,0.0
2024-12-30 00:00:00+07:00,11149.228515625,11149.228515625,10977.701171875,11149.228515625,1032493,0.0,0.0
2024-12-31 00:00:00+07:00,11020.5830078125,11234.9912109375,10977.701171875,11234.9912109375,2504801,0.0,0.0
2025-01-02 00:00:00+07:00,11234.9912109375,11234.9912109375,11020.5830078125,11020.5830078125,537992,0.0,0.0
2025-01-03 00:00:00+07:00,11020.5830078125,11063.46484375,10763.29296875,10763.29296875,835672,0.0,0.0
2025-01-06 00:00:00+07:00,10806.1748046875,10891.9384765625,10377.3583984375,10420.240234375,1668079,0.0,0.0
2025-01-07 00:00:00+07:00,10248.7138671875,10591.7666015625,10248.7138671875,10420.240234375,796378,0.0,0.0
2025-01-08 00:00:00+07:00,10377.3583984375,10548.884765625,10334.4765625,10548.884765625,1211590,0.0,0.0
2025-01-09 00:00:00+07:00,10548.884765625,10806.1748046875,10463.1220703125,10806.1748046875,1276303,0.0,0.0
2025-01-10 00:00:00+07:00,11132.0751953125,11132.0751953125,10896.2265625,11037.736328125,1260976,0.0,1.1
2025-01-13 00:00:00+07:00,11037.736328125,11132.0751953125,10896.2265625,11132.0751953125,1059258,0.0,0.0
2025-01-14 00:00:00+07:00,11132.0751953125,11179.2451171875,11037.736328125,11132.0751953125,999792,0.0,0.0
2025-01-15 00:00:00+07:00,11037.736328125,11179.2451171875,11037.736328125,11179.2451171875,1578128,0.0,0.0
2025-01-16 00:00:00+07:00,11179.2451171875,11226.4150390625,11037.736328125,11226.4150390625,812808,0.0,0.0
2025-01-17 00:00:00+07:00,11226.4150390625,11226.4150390625,11084.9052734375,11179.2451171875,1518874,0.0,0.0
2025-01-20 00:00:00+07:00,11132.0751953125,11226.4150390625,11037.736328125,11226.4150390625,1128900,0.0,0.0
2025-01-21 00:00:00+07:00,11226.4150390625,11226.4150390625,11084.9052734375,11226.4150390625,4254416,0.0,0.0
2025-01-22 00:00:00+07:00,11226.4150390625,11273.5849609375,11132.0751953125,11273.5849609375,1493964,0.0,0.0
2025-01-23 00:00:00+07:00,11273.5849609375,11603.7734375,11179.2451171875,11556.603515625,4370062,0.0,0.0
2025-01-24 00:00:00+07:00,11603.7734375,11603.7734375,11320.7548828125,11603.7734375,4117994,0.0,0.0
2025-02-03 00:00:00+07:00,11650.943359375,11745.283203125,11509.43359375,11698.11328125,1582050,0.0,0.0
2025-02-04 00:00:00+07:00,11603.7734375,11933.9619140625,11603.7734375,11933.9619140625,1789704,0.0,0.0
2025-02-05 00:00:00+07:00,12028.3017578125,12075.4716796875,11933.9619140625,12075.4716796875,2722292,0.0,0.0
2025-02-06 00:00:00+07:00,12075.4716796875,12735.8486328125,12075.4716796875,12735.8486328125,5770534,0.0,0.0
2025-02-07 00:00:00+07:00,12735.8486328125,12783.0185546875,12594.33984375,12735.8486328125,5358618,0.0,0.0
2025-02-10 00:00:00+07:00,12735.8486328125,12735.8486328125,12547.169921875,12735.8486328125,3086614,0.0,0.0
2025-02-11 00:00:00+07:00,12783.0185546875,12877.3583984375,12735.8486328125,12830.1884765625,4816640,0.0,0.0
2025-02-12 00:00:00+07:00,12830.1884765625,12830.1884765625,12547.169921875,12641.509765625,2399946,0.0,0.0
2025-02-13 00:00:00+07:00,12641.509765625,12735.8486328125,12405.66015625,12735.8486328125,2200560,0.0,0.0
2025-02-14 00:00:00+07:00,12735.8486328125,12783.0185546875,12547.169921875,12641.509765625,2430686,0.0,0.0
2025-02-17 00:00:00+07:00,12641.509765625,12735.8486328125,12594.33984375,12735.8486328125,2670140,0.0,0.0
2025-02-18 00:00:00+07:00,12735.8486328125,13018.8681640625,12594.33984375,12877.3583984375,2468210,0.0,0.0
2025-02-19 00:00:00+07:00,12877.3583984375,12971.6982421875,12830.1884765625,12971.6982421875,3645128,0.0,0.0
2025-02-20 00:00:00+07:00,12971.6982421875,12971.6982421875,12641.509765625,12830.1884765625,3634104,0.0,0.0
2025-02-21 00:00:00+07:00,12735.8486328125,12830.1884765625,12547.169921875,12830.1884765625,4000864,0.0,0.0
2025-02-24 00:00:00+07:00,12783.0185546875,12877.3583984375,12594.33984375,12877.3583984375,2372810,0.0,0.0
2025-02-25 00:00:00+07:00,12877.3583984375,12924.5283203125,12547.169921875,12877.3583984375,5225482,0.0,0.0
2025-02-26 00:00:00+07:00,12830.1884765625,12924.5283203125,12688.6796875,12877.3583984375,2527040,0.0,0.0
2025-02-27 00:00:00+07:00,12877.3583984375,12924.5283203125,12641.509765625,12783.0185546875,2986020,0.0,0.0
2025-02-28 00:00:00+07:00,12783.0185546875,13018.8681640625,12688.6796875,12783.0185546875,2216778,0.0,0.0
2025-03-03 00:00:00+07:00,12877.3583984375,12924.5283203125,12783.0185546875,12877.3583984375,1643000,0.0,0.0
2025-03-04 00:00:00+07:00,12830.1884765625,12877.3583984375,12594.33984375,12877.3583984375,1735432,0.0,0.0
2025-03-05 00:00:00+07:00,12877.3583984375,13584.9052734375,12830.1884765625,13584.9052734375,7720828,0.0,0.0
2025-03-06 00:00:00+07:00,13632.0751953125,13632.0751953125,13207.546875,13584.9052734375,4379602,0.0,0.0
2025-03-07 00:00:00+07:00,13396.2265625,13773.5849609375,13396.2265625,13773.5849609375,2709572,0.0,0.0
2025-03-10 00:00:00+07:00,13773.5849609375,14150.943359375,13726.4150390625,14150.943359375,4054606,0.0,0.0
2025-03-11 00:00:00+07:00,13867.9248046875,14150.943359375,13726.4150390625,14103.7734375,2695262,0.0,0.0
2025-03-12 00:00:00+07:00,14103.7734375,14245.283203125,13962.263671875,14150.943359375,2328078,0.0,0.0
2025-03-13 00:00:00+07:00,14103.7734375,14150.943359375,13962.263671875,14056.603515625,3653078,0.0,0.0
2025-03-14 00:00:00+07:00,14056.603515625,14150.943359375,13962.263671875,14150.943359375,2363588,0.0,0.0
2025-03-17 00:00:00+07:00,14150.943359375,14245.283203125,14009.43359375,14245.283203125,2194094,0.0,0.0
2025-03-18 00:00:00+07:00,14245.283203125,14339.623046875,14150.943359375,14292.453125,2054174,0.0,0.0
2025-03-19 00:00:00+07:00,14292.453125,14528.3017578125,14198.11328125,14198.11328125,2681164,0.0,0.0
2025-03-20 00:00:00+07:00,14198.11328125,14339.623046875,13867.9248046875,13962.263671875,3719752,0.0,0.0
2025-03-21 00:00:00+07:00,13962.263671875,14245.283203125,13962.263671875,14245.283203125,3063082,0.0,0.0
2025-03-24 00:00:00+07:00,14245.283203125,14245.283203125,14056.603515625,14198.11328125,1546328,0.0,0.0
2025-03-25 00:00:00+07:00,14245.283203125,14245.283203125,13962.263671875,14103.7734375,2439378,0.0,0.0
2025-03-26 00:00:00+07:00,14056.603515625,14198.11328125,13773.5849609375,14056.603515625,1878426,0.0,0.0
2025-03-27 00:00:00+07:00,13962.263671875,14056.603515625,13820.7548828125,14009.43359375,1302634,0.0,0.0
2025-03-28 00:00:00+07:00,14009.43359375,14009.43359375,13679.2451171875,14009.43359375,2572938,0.0,0.0
2025-03-31 00:00:00+07:00,14009.43359375,14009.43359375,13490.56640625,14009.43359375,1626146,0.0,0.0
2025-04-01 00:00:00+07:00,14009.43359375,14245.283203125,13820.7548828125,14245.283203125,2393374,0.0,0.0
2025-04-02 00:00:00+07:00,14292.453125,14339.623046875,14056.603515625,14292.453125,2817374,0.0,0.0
2025-04-03 00:00:00+07:00,13490.56640625,14056.603515625,13443.396484375,13679.2451171875,5078672,0.0,0.0
2025-04-04 00:00:00+07:00,13537.736328125,14150.943359375,13207.546875,14150.943359375,3081420,0.0,0.0
2025-04-08 00:00:00+07:00,13820.7548828125,14056.603515625,13396.2265625,13820.7548828125,3881084,0.0,0.0
2025-04-09 00:00:00+07:00,13679.2451171875,14150.943359375,13207.546875,13820.7548828125,2433548,0.0,0.0
2025-04-10 00:00:00+07:00,14716.9814453125,14764.1513671875,14433.9619140625,14764.1513671875,9369340,0.0,0.0
2025-04-11 00:00:00+07:00,14764.1513671875,14952.830078125,14433.9619140625,14952.830078125,3821194,0.0,0.0
2025-04-14 00:00:00+07:00,15047.169921875,15047.169921875,14669.8115234375,14952.830078125,3326704,0.0,0.0
2025-04-15 00:00:00+07:00,13915.0947265625,15094.33984375,13915.0947265625,15094.33984375,4872820,0.0,0.0
2025-04-16 00:00:00+07:00,15094.33984375,15141.509765625,14811.3203125,15047.169921875,1699710,0.0,0.0
2025-04-17 00:00:00+07:00,15000.0,15047.169921875,14858.490234375,15047.169921875,1380756,0.0,0.0
2025-04-18 00:00:00+07:00,15047.169921875,16037.736328125,15000.0,15896.2265625,4653930,0.0,0.0
2025-04-21 00:00:00+07:00,15896.2265625,16037.736328125,15754.716796875,15943.396484375,1215608,0.0,0.0
2025-04-22 00:00:00+07:00,15990.56640625,15990.56640625,15377.3583984375,15943.396484375,3405250,0.0,0.0
2025-04-23 00:00:00+07:00,16037.736328125,16037.736328125,15849.056640625,15990.56640625,1413616,0.0,0.0
2025-04-24 00:00:00+07:00,16037.736328125,16037.736328125,15896.2265625,15990.56640625,1314824,0.0,0.0
2025-04-25 00:00:00+07:00,15990.56640625,16037.736328125,15849.056640625,15990.56640625,1681796,0.0,0.0
2025-04-28 00:00:00+07:00,16037.736328125,16037.736328125,15849.056640625,15990.56640625,1100598,0.0,0.0
2025-04-29 00:00:00+07:00,15990.56640625,16037.736328125,15896.2265625,16037.736328125,5174920,0.0,0.0
2025-05-05 00:00:00+07:00,16084.9052734375,16084.9052734375,15849.056640625,15943.396484375,1390900,0.0,0.0
2025-05-06 00:00:00+07:00,15896.2265625,15896.2265625,15613.2080078125,15849.056640625,2847060,0.0,0.0
2025-05-07 00:00:00+07:00,15849.056640625,15943.396484375,15754.716796875,15943.396484375,6098882,0.0,0.0
2025-05-08 00:00:00+07:00,15943.396484375,16462.263671875,15896.2265625,16367.9248046875,6323604,0.0,0.0
2025-05-09 00:00:00+07:00,16367.9248046875,16415.09375,16132.0751953125,16367.9248046875,14217027,0.0,0.0
2025-05-12 00:00:00+07:00,16367.9248046875,16367.9248046875,16132.0751953125,16320.7548828125,6798914,0.0,0.0
2025-05-13 00:00:00+07:00,16320.7548828125,16367.9248046875,16132.0751953125,16367.9248046875,1773690,0.0,0.0
2025-05-14 00:00:00+07:00,16367.9248046875,16415.09375,16179.2451171875,16415.09375,7561451,0.0,0.0
2025-05-15 00:00:00+07:00,16462.263671875,16509.43359375,16179.2451171875,16509.43359375,7485455,0.0,0.0
2025-05-16 00:00:00+07:00,16556.603515625,16556.603515625,16320.7548828125,16509.43359375,1299288,0.0,0.0
2025-05-19 00:00:00+07:00,16509.43359375,16509.43359375,16320.7548828125,16509.43359375,1348565,0.0,0.0
2025-05-20 00:00:00+07:00,16556.603515625,16603.7734375,16367.9248046875,16509.43359375,3168413,0.0,0.0
2025-05-21 00:00:00+07:00,16650.943359375,17028.302734375,16462.263671875,16981.1328125,2672953,0.0,0.0
2025-05-22 00:00:00+07:00,17028.302734375,17028.302734375,16698.11328125,16839.623046875,1429613,0.0,0.0
2025-05-23 00:00:00+07:00,16981.1328125,16981.1328125,16650.943359375,16933.962890625,1349531,0.0,0.0
2025-05-26 00:00:00+07:00,16981.1328125,16981.1328125,16650.943359375,16981.1328125,1488768,0.0,0.0
2025-05-27 00:00:00+07:00,16933.962890625,17028.302734375,16792.453125,17028.302734375,2041863,0.0,0.0
2025-05-28 00:00:00+07:00,17028.302734375,17169.810546875,16792.453125,17075.47265625,1851738,0.0,0.0
2025-05-29 00:00:00+07:00,17075.47265625,17122.640625,16933.962890625,17122.640625,1548179,0.0,0.0
2025-05-30 00:00:00+07:00,17169.810546875,17169.810546875,16981.1328125,17169.810546875,1768112,0.0,0.0
2025-06-02 00:00:00+07:00,17169.810546875,17311.3203125,16981.1328125,17216.98046875,1338360,0.0,0.0
2025-06-03 00:00:00+07:00,17264.150390625,17358.490234375,17169.810546875,17358.490234375,1615390,0.0,0.0
2025-06-04 00:00:00+07:00,17452.830078125,17452.830078125,17216.98046875,17358.490234375,1203870,0.0,0.0
2025-06-05 00:00:00+07:00,17358.490234375,17452.830078125,17216.98046875,17452.830078125,1465233,0.0,0.0
2025-06-06 00:00:00+07:00,17500.0,17500.0,17311.3203125,17452.830078125,971943,0.0,0.0
2025-06-09 00:00:00+07:00,17452.830078125,17452.830078125,17264.150390625,17452.830078125,2562425,0.0,0.0
2025-06-10 00:00:00+07:00,17452.830078125,17594.33984375,17311.3203125,17594.33984375,1558456,0.0,0.0
2025-06-11 00:00:00+07:00,17594.33984375,17641.509765625,17500.0,17641.509765625,1232800,0.0,0.0
2025-06-12 00:00:00+07:00,17641.509765625,17877.359375,17594.33984375,17877.359375,1339111,0.0,0.0
2025-06-13 00:00:00+07:00,17830.189453125,17877.359375,17547.169921875,17830.189453125,1221961,0.0,0.0
2025-06-16 00:00:00+07:00,17783.01953125,17924.52734375,17735.849609375,17924.52734375,1307215,0.0,0.0
2025-06-17 00:00:00+07:00,17924.52734375,17971.697265625,17735.849609375,17924.52734375,1863880,0.0,0.0
2025-06-18 00:00:00+07:00,17971.697265625,18066.037109375,17830.189453125,17924.52734375,1464445,0.0,0.0
2025-06-19 00:00:00+07:00,17924.52734375,18018.8671875,17735.849609375,18018.8671875,1313986,0.0,0.0
2025-06-20 00:00:00+07:00,18018.8671875,18066.037109375,17924.52734375,17924.52734375,1618959,0.0,0.0
2025-06-23 00:00:00+07:00,17735.849609375,18066.037109375,17688.6796875,18018.8671875,1339746,0.0,0.0
2025-06-24 00:00:00+07:00,18066.037109375,18066.037109375,17877.359375,18018.8671875,1397524,0.0,0.0
2025-06-25 00:00:00+07:00,18018.8671875,18113.20703125,17877.359375,18018.8671875,1211903,0.0,0.0
2025-06-26 00:00:00+07:00,18018.8671875,18066.037109375,17830.189453125,18066.037109375,1600199,0.0,0.0
2025-06-27 00:00:00+07:00,18018.8671875,18301.88671875,17830.189453125,18301.88671875,2190198,0.0,0.0
2025-06-30 00:00:00+07:00,18254.716796875,18632.076171875,18113.20703125,18632.076171875,2139861,0.0,0.0
2025-07-01 00:00:00+07:00,18632.076171875,18726.416015625,18443.396484375,18584.90625,1231035,0.0,0.0
2025-07-02 00:00:00+07:00,18537.736328125,18679.24609375,18490.56640625,18679.24609375,1196176,0.0,0.0
2025-07-03 00:00:00+07:00,18679.24609375,18773.583984375,18584.90625,18632.076171875,1130243,0.0,0.0
2025-07-04 00:00:00+07:00,18679.24609375,18726.416015625,18490.56640625,18632.076171875,1209966,0.0,0.0
2025-07-07 00:00:00+07:00,18632.076171875,18679.24609375,18490.56640625,18679.24609375,1311704,0.0,0.0
2025-07-08 00:00:00+07:00,18679.24609375,18726.416015625,18490.56640625,18679.24609375,1258964,0.0,0.0
2025-07-09 00:00:00+07:00,18726.416015625,18867.923828125,18584.90625,18867.923828125,1692636,0.0,0.0
2025-07-10 00:00:00+07:00,18679.24609375,18915.09375,18584.90625,18915.09375,1495732,0.0,0.0
2025-07-11 00:00:00+07:00,18915.09375,19009.43359375,18773.583984375,18962.263671875,1592476,0.0,0.0
2025-07-14 00:00:00+07:00,18962.263671875,19056.603515625,18820.75390625,19009.43359375,1223418,0.0,0.0
2025-07-15 00:00:00+07:00,19009.43359375,19056.603515625,18820.75390625,19056.603515625,2959086,0.0,0.0
2025-07-16 00:00:00+07:00,19056.603515625,19103.7734375,18867.923828125,19103.7734375,1242891,0.0,0.0
2025-07-17 00:00:00+07:00,19103.7734375,19198.11328125,18867.923828125,19198.11328125,1828720,0.0,0.0
2025-07-18 00:00:00+07:00,19245.283203125,20518.8671875,19245.283203125,20471.697265625,2102077,0.0,0.0
2025-07-21 00:00:00+07:00,20471.697265625,20613.20703125,20283.01953125,20471.697265625,1411127,0.0,0.0
2025-07-22 00:00:00+07:00,20471.697265625,20566.037109375,20283.01953125,20566.037109375,1289367,0.0,0.0
2025-07-23 00:00:00+07:00,20613.20703125,21226.416015625,20613.20703125,21226.416015625,2432150,0.0,0.0
2025-07-24 00:00:00+07:00,21273.583984375,21792.453125,21273.583984375,21745.283203125,2423844,0.0,0.0
2025-07-25 00:00:00+07:00,21745.283203125,22075.47265625,21556.603515625,22075.47265625,2629300,0.0,0.0
2025-07-28 00:00:00+07:00,22122.640625,23537.736328125,22122.640625,23537.736328125,3487472,0.0,0.0
2025-07-29 00:00:00+07:00,23584.90625,23820.75390625,22877.359375,23113.20703125,2858212,0.0,0.0
2025-07-30 00:00:00+07:00,23113.20703125,23396.2265625,22783.01953125,23396.2265625,1719470,0.0,0.0
2025-07-31 00:00:00+07:00,23396.2265625,23443.396484375,22594.33984375,22830.189453125,3459457,0.0,0.0
2025-08-01 00:00:00+07:00,22688.6796875,22830.189453125,21698.11328125,22358.490234375,2515654,0.0,0.0
2025-08-04 00:00:00+07:00,22311.3203125,22641.509765625,22169.810546875,22641.509765625,1431207,0.0,0.0
2025-08-05 00:00:00+07:00,22641.509765625,23018.8671875,22500.0,22830.189453125,2689475,0.0,0.0
2025-08-06 00:00:00+07:00,22830.189453125,22971.697265625,22641.509765625,22783.01953125,1412985,0.0,0.0
2025-08-07 00:00:00+07:00,22783.01953125,22971.697265625,22641.509765625,22971.697265625,3242531,0.0,0.0
2025-08-08 00:00:00+07:00,22971.697265625,23632.076171875,22924.52734375,23537.736328125,1670657,0.0,0.0
2025-08-11 00:00:00+07:00,23537.736328125,23584.90625,23301.88671875,23584.90625,1335162,0.0,0.0
2025-08-12 00:00:00+07:00,23584.90625,23584.90625,23349.056640625,23584.90625,1223770,0.0,0.0
2025-08-13 00:00:00+07:00,23537.736328125,23584.90625,23066.037109375,23490.56640625,1739198,0.0,0.0
2025-08-14 00:00:00+07:00,23490.56640625,23584.90625,23349.056640625,23537.736328125,1186629,0.0,0.0
2025-08-15 00:00:00+07:00,23537.736328125,23584.90625,23254.716796875,23537.736328125,1467347,0.0,0.0
2025-08-18 00:00:00+07:00,23537.736328125,23537.736328125,23254.716796875,23443.396484375,1230517,0.0,0.0
2025-08-19 00:00:00+07:00,23443.396484375,23490.56640625,23207.546875,23490.56640625,1946034,0.0,0.0
2025-08-20 00:00:00+07:00,23490.56640625,23490.56640625,23160.376953125,23349.056640625,1159202,0.0,0.0
2025-08-21 00:00:00+07:00,23349.056640625,23584.90625,23207.546875,23349.056640625,1206629,0.0,0.0
2025-08-22 00:00:00+07:00,23349.056640625,23349.056640625,23066.037109375,23066.037109375,1492967,0.0,0.0
2025-08-25 00:00:00+07:00,23301.88671875,23301.88671875,22830.189453125,23113.20703125,1071049,0.0,0.0
2025-08-26 00:00:00+07:00,23113.20703125,23301.88671875,22641.509765625,23207.546875,10014966,0.0,0.0
2025-08-27 00:00:00+07:00,23207.546875,23301.88671875,23018.8671875,23207.546875,1441693,0.0,0.0
2025-08-28 00:00:00+07:00,23207.546875,23207.546875,22641.509765625,22641.509765625,10924900,0.0,0.0
2025-08-29 00:00:00+07:00,22735.849609375,23113.20703125,22500.0,23113.20703125,2244757,0.0,0.0
2025-09-03 00:00:00+07:00,23066.037109375,23160.376953125,22924.52734375,23160.376953125,1116609,0.0,0.0
2025-09-04 00:00:00+07:00,23160.376953125,23207.546875,23018.8671875,23160.376953125,1215679,0.0,0.0
2025-09-05 00:00:00+07:00,23160.376953125,23207.546875,23113.20703125,23113.20703125,1093964,0.0,0.0
2025-09-08 00:00:00+07:00,23018.8671875,23018.8671875,22783.01953125,22877.359375,1476835,0.0,0.0
2025-09-09 00:00:00+07:00,22877.359375,22924.52734375,22735.849609375,22877.359375,1393128,0.0,0.0
2025-09-10 00:00:00+07:00,22830.189453125,22877.359375,22688.6796875,22830.189453125,1162583,0.0,0.0
2025-09-11 00:00:00+07:00,22830.189453125,22830.189453125,22641.509765625,22783.01953125,945478,0.0,0.0
2025-09-12 00:00:00+07:00,22783.01953125,22830.189453125,22500.0,22783.01953125,1035185,0.0,0.0
2025-09-15 00:00:00+07:00,22783.01953125,22783.01953125,22594.33984375,22783.01953125,997761,0.0,0.0
2025-09-16 00:00:00+07:00,22783.01953125,22830.189453125,22594.33984375,22783.01953125,964029,0.0,0.0
2025-09-17 00:00:00+07:00,22783.01953125,22783.01953125,22641.509765625,22735.849609375,1008629,0.0,0.0
2025-09-18 00:00:00+07:00,22735.849609375,22783.01953125,22547.169921875,22641.509765625,673513,0.0,0.0
2025-09-19 00:00:00+07:00,22735.849609375,22735.849609375,22547.169921875,22594.33984375,1348357,0.0,0.0
2025-09-22 00:00:00+07:00,22594.33984375,22641.509765625,22452.830078125,22594.33984375,683719,0.0,0.0
2025-09-23 00:00:00+07:00,22594.33984375,22877.359375,22500.0,22641.509765625,815130,0.0,0.0
2025-09-24 00:00:00+07:00,22641.509765625,22688.6796875,22452.830078125,22688.6796875,1054408,0.0,0.0
2025-09-25 00:00:00+07:00,22688.6796875,22735.849609375,22500.0,22735.849609375,988006,0.0,0.0
2025-09-26 00:00:00+07:00,22735.849609375,22783.01953125,22452.830078125,22735.849609375,1007537,0.0,0.0
2025-09-29 00:00:00+07:00,22735.849609375,22735.849609375,22452.830078125,22735.849609375,976022,0.0,0.0
2025-09-30 00:00:00+07:00,22735.849609375,22735.849609375,22547.169921875,22735.849609375,1037270,0.0,0.0
2025-10-01 00:00:00+07:00,22735.849609375,22735.849609375,22500.0,22735.849609375,921219,0.0,0.0
2025-10-02 00:00:00+07:00,22735.849609375,22735.849609375,22500.0,22641.509765625,788826,0.0,0.0
2025-10-03 00:00:00+07:00,22641.509765625,22641.509765625,22452.830078125,22641.509765625,861314,0.0,0.0
2025-10-06 00:00:00+07:00,22641.509765625,22735.849609375,22594.33984375,22735.849609375,962633,0.0,0.0
2025-10-07 00:00:00+07:00,22735.849609375,22783.01953125,22594.33984375,22783.01953125,828979,0.0,0.0
2025-10-08 00:00:00+07:00,22783.01953125,23018.8671875,22735.849609375,23018.8671875,1248057,0.0,0.0
2025-10-09 00:00:00+07:00,23018.8671875,23584.90625,22971.697265625,23584.90625,1335203,0.0,0.0
2025-10-10 00:00:00+07:00,23632.076171875,25235.849609375,23632.076171875,25235.849609375,2131794,0.0,0.0
2025-10-13 00:00:00+07:00,25424.52734375,26037.736328125,25094.33984375,25377.359375,857226,0.0,0.0
2025-10-14 00:00:00+07:00,25377.359375,25424.52734375,24905.66015625,25188.6796875,1048653,0.0,0.0
2025-10-15 00:00:00+07:00,25188.6796875,25188.6796875,24150.943359375,24528.302734375,1183582,0.0,0.0
2025-10-16 00:00:00+07:00,24528.302734375,24575.47265625,23867.923828125,24056.603515625,845802,0.0,0.0
2025-10-17 00:00:00+07:00,24056.603515625,24103.7734375,23632.076171875,23962.263671875,1371878,0.0,0.0
2025-10-20 00:00:00+07:00,23962.263671875,24056.603515625,23584.90625,23584.90625,5226303,0.0,0.0
2025-10-21 00:00:00+07:00,23584.90625,23679.24609375,22641.509765625,23632.076171875,3077870,0.0,0.0
2025-10-22 00:00:00+07:00,23632.076171875,23867.923828125,23443.396484375,23867.923828125,5883034,0.0,0.0
2025-10-23 00:00:00+07:00,23867.923828125,24339.623046875,23867.923828125,24103.7734375,2934978,0.0,0.0
2025-10-24 00:00:00+07:00,24103.7734375,24103.7734375,23679.24609375,24103.7734375,1632306,0.0,0.0
2025-10-27 00:00:00+07:00,24103.7734375,24150.943359375,23773.583984375,23962.263671875,1939846,0.0,0.0
2025-10-28 00:00:00+07:00,23962.263671875,23962.263671875,23584.90625,23773.583984375,844409,0.0,0.0
2025-10-29 00:00:00+07:00,23773.583984375,23962.263671875,23584.90625,23962.263671875,754144,0.0,0.0
2025-10-30 00:00:00+07:00,23962.263671875,24009.43359375,23726.416015625,23962.263671875,875795,0.0,0.0
2025-10-31 00:00:00+07:00,23962.263671875,23962.263671875,23773.583984375,23915.09375,1370057,0.0,0.0
2025-11-03 00:00:00+07:00,23915.09375,23962.263671875,23726.416015625,23915.09375,1767718,0.0,0.0
2025-11-04 00:00:00+07:00,23915.09375,24009.43359375,23679.24609375,24009.43359375,2465331,0.0,0.0
2025-11-05 00:00:00+07:00,23962.263671875,24103.7734375,23679.24609375,24009.43359375,927833,0.0,0.0
2025-11-06 00:00:00+07:00,24009.43359375,24009.43359375,23679.24609375,23867.923828125,624351,0.0,0.0
2025-11-07 00:00:00+07:00,23867.923828125,23867.923828125,23584.90625,23773.583984375,761601,0.0,0.0
2025-11-10 00:00:00+07:00,23773.583984375,23773.583984375,23537.736328125,23679.24609375,774870,0.0,0.0
2025-11-11 00:00:00+07:00,23679.24609375,23773.583984375,23584.90625,23679.24609375,889938,0.0,0.0
2025-11-12 00:00:00+07:00,23679.24609375,23820.75390625,23584.90625,23820.75390625,3076853,0.0,0.0
2025-11-13 00:00:00+07:00,23820.75390625,23820.75390625,23632.076171875,23820.75390625,2182147,0.0,0.0
2025-11-14 00:00:00+07:00,23773.583984375,23820.75390625,23632.076171875,23820.75390625,863443,0.0,0.0
2025-11-17 00:00:00+07:00,23820.75390625,23962.263671875,23820.75390625,23915.09375,864298,0.0,0.0
2025-11-18 00:00:00+07:00,23867.923828125,23962.263671875,23726.416015625,23962.263671875,2602874,0.0,0.0
2025-11-19 00:00:00+07:00,23962.263671875,24009.43359375,23726.416015625,23915.09375,874677,0.0,0.0
2025-11-20 00:00:00+07:00,23915.09375,23915.09375,23726.416015625,23867.923828125,687095,0.0,0.0
2025-11-21 00:00:00+07:00,23867.923828125,23915.09375,23679.24609375,23867.923828125,2901524,0.0,0.0
2025-11-24 00:00:00+07:00,23867.923828125,23867.923828125,23679.24609375,23820.75390625,2559718,0.0,0.0
2025-11-25 00:00:00+07:00,23820.75390625,23820.75390625,23584.90625,23726.416015625,2553135,0.0,0.0
2025-11-26 00:00:00+07:00,23726.416015625,23820.75390625,23679.24609375,23820.75390625,2344281,0.0,0.0
2025-11-27 00:00:00+07:00,23820.75390625,23820.75390625,23584.90625,23679.24609375,2671185,0.0,0.0
2025-11-28 00:00:00+07:00,23584.90625,23584.90625,22688.6796875,23584.90625,842451,0.0,0.0
2025-12-01 00:00:00+07:00,23584.90625,23584.90625,23254.716796875,23490.56640625,1720951,0.0,0.0
2025-12-02 00:00:00+07:00,23443.396484375,23490.56640625,23349.056640625,23490.56640625,903272,0.0,0.0
2025-12-03 00:00:00+07:00,23490.56640625,23584.90625,23396.2265625,23584.90625,2126712,0.0,0.0
2025-12-04 00:00:00+07:00,23584.90625,23632.076171875,23443.396484375,23584.90625,3388561,0.0,0.0
2025-12-05 00:00:00+07:00,23584.90625,23773.583984375,23349.056640625,23773.583984375,2534897,0.0,0.0
2025-12-08 00:00:00+07:00,23773.583984375,23773.583984375,23490.56640625,23584.90625,684911,0.0,0.0
2025-12-09 00:00:00+07:00,23584.90625,23584.90625,23301.88671875,23443.396484375,556614,0.0,0.0
2025-12-10 00:00:00+07:00,23443.396484375,23443.396484375,23160.376953125,23349.056640625,583525,0.0,0.0
2025-12-11 00:00:00+07:00,23018.8671875,23254.716796875,22971.697265625,23160.376953125,1956703,0.0,0.0
2025-12-12 00:00:00+07:00,23160.376953125,23207.546875,22783.01953125,23018.8671875,3795200,0.0,0.0
2025-12-15 00:00:00+07:00,23018.8671875,23018.8671875,22830.189453125,22971.697265625,636963,0.0,0.0
2025-12-16 00:00:00+07:00,22877.359375,23254.716796875,22688.6796875,23254.716796875,3294189,0.0,0.0
2025-12-17 00:00:00+07:00,23113.20703125,23207.546875,22877.359375,23207.546875,1615546,0.0,0.0
2025-12-18 00:00:00+07:00,23207.546875,23207.546875,22971.697265625,23207.546875,2450451,0.0,0.0
2025-12-19 00:00:00+07:00,23113.20703125,23349.056640625,22877.359375,23349.056640625,898966,0.0,0.0
2025-12-22 00:00:00+07:00,23349.056640625,23349.056640625,23018.8671875,23349.056640625,1786592,0.0,0.0
2025-12-23 00:00:00+07:00,23349.056640625,23349.056640625,22924.52734375,22924.52734375,2091299,0.0,0.0
2025-12-24 00:00:00+07:00,22924.52734375,23018.8671875,22735.849609375,23018.8671875,3183707,0.0,0.0
2025-12-25 00:00:00+07:00,23018.8671875,23018.8671875,22830.189453125,22924.52734375,5746960,0.0,0.0
2025-12-26 00:00:00+07:00,22924.52734375,22924.52734375,21745.283203125,22830.189453125,3780455,0.0,0.0
2025-12-29 00:00:00+07:00,22830.189453125,23066.037109375,22783.01953125,23066.037109375,925292,0.0,0.0
2025-12-30 00:00:00+07:00,23066.037109375,23301.88671875,23066.037109375,23113.20703125,3146962,0.0,0.0
2025-12-31 00:00:00+07:00,23113.20703125,23726.416015625,23066.037109375,23679.24609375,1243629,0.0,0.0
2026-01-05 00:00:00+07:00,23679.24609375,23679.24609375,23301.88671875,23490.56640625,3173950,0.0,0.0
2026-01-06 00:00:00+07:00,23396.2265625,23396.2265625,23113.20703125,23113.20703125,829105,0.0,0.0
2026-01-07 00:00:00+07:00,23066.037109375,23113.20703125,22735.849609375,23113.20703125,6206039,0.0,0.0
2026-01-08 00:00:00+07:00,23066.037109375,23113.20703125,22641.509765625,23113.20703125,655758,0.0,0.0
2026-01-09 00:00:00+07:00,23066.037109375,23113.20703125,22971.697265625,23018.8671875,681723,0.0,0.0
2026-01-12 00:00:00+07:00,23018.8671875,23066.037109375,22924.52734375,22971.697265625,603407,0.0,0.0
2026-01-13 00:00:00+07:00,22971.697265625,23018.8671875,22641.509765625,22641.509765625,5168031,0.0,0.0
2026-01-14 00:00:00+07:00,22641.509765625,22971.697265625,22594.33984375,22877.359375,880130,0.0,0.0
2026-01-15 00:00:00+07:00,22877.359375,22924.52734375,22688.6796875,22877.359375,855864,0.0,0.0
2026-01-16 00:00:00+07:00,22877.359375,22971.697265625,22783.01953125,22924.52734375,535021,0.0,0.0
2026-01-19 00:00:00+07:00,22924.52734375,23066.037109375,22830.189453125,22924.52734375,5247844,0.0,0.0
2026-01-20 00:00:00+07:00,22924.52734375,23018.8671875,22877.359375,22971.697265625,565371,0.0,0.0
2026-01-21 00:00:00+07:00,22971.697265625,22971.697265625,22641.509765625,22641.509765625,542881,0.0,0.0
2026-01-22 00:00:00+07:00,22641.509765625,22830.189453125,22641.509765625,22641.509765625,849559,0.0,0.0
2026-01-23 00:00:00+07:00,22641.509765625,22830.189453125,22594.33984375,22688.6796875,514069,0.0,0.0
2026-01-26 00:00:00+07:00,22688.6796875,22688.6796875,22500.0,22641.509765625,390540,0.0,0.0
2026-01-27 00:00:00+07:00,22641.509765625,22688.6796875,22452.830078125,22688.6796875,531658,0.0,0.0
2026-01-28 00:00:00+07:00,22688.6796875,22735.849609375,22547.169921875,22641.509765625,1851862,0.0,0.0
2026-01-29 00:00:00+07:00,22641.509765625,22688.6796875,22216.98046875,22641.509765625,636779,0.0,0.0
2026-01-30 00:00:00+07:00,22641.509765625,22688.6796875,21745.283203125,22547.169921875,765431,0.0,0.0
2026-02-02 00:00:00+07:00,22547.169921875,22547.169921875,22311.3203125,22547.169921875,503576,0.0,0.0
2026-02-03 00:00:00+07:00,22547.169921875,22641.509765625,22405.66015625,22547.169921875,615464,0.0,0.0
2026-02-04 00:00:00+07:00,22547.169921875,22594.33984375,22358.490234375,22547.169921875,458133,0.0,0.0
2026-02-05 00:00:00+07:00,22547.169921875,22547.169921875,22358.490234375,22547.169921875,417280,0.0,0.0
2026-02-06 00:00:00+07:00,22547.169921875,22547.169921875,22264.150390625,22452.830078125,422880,0.0,0.0
2026-02-09 00:00:00+07:00,22452.830078125,22452.830078125,22311.3203125,22358.490234375,456361,0.0,0.0
2026-02-10 00:00:00+07:00,22358.490234375,22358.490234375,22216.98046875,22264.150390625,485925,0.0,0.0
2026-02-11 00:00:00+07:00,22264.150390625,22311.3203125,21981.1328125,22264.150390625,2309854,0.0,0.0
2026-02-12 00:00:00+07:00,22216.98046875,22311.3203125,22075.47265625,22311.3203125,622928,0.0,0.0
2026-02-13 00:00:00+07:00,22311.3203125,22547.169921875,22216.98046875,22547.169921875,500768,0.0,0.0
2026-02-23 00:00:00+07:00,22547.169921875,22735.849609375,22500.0,22735.849609375,640453,0.0,0.0
2026-02-24 00:00:00+07:00,22735.849609375,22783.01953125,22594.33984375,22783.01953125,675152,0.0,0.0
2026-02-25 00:00:00+07:00,22783.01953125,22830.189453125,22641.509765625,22830.189453125,526931,0.0,0.0
2026-02-26 00:00:00+07:00,22830.189453125,22830.189453125,22641.509765625,22830.189453125,1382998,0.0,0.0
2026-02-27 00:00:00+07:00,22830.189453125,22830.189453125,22641.509765625,22735.849609375,387586,0.0,0.0
2026-03-02 00:00:00+07:00,22641.509765625,22735.849609375,22500.0,22735.849609375,533650,0.0,0.0
2026-03-03 00:00:00+07:00,22735.849609375,22735.849609375,22547.169921875,22735.849609375,446769,0.0,0.0
2026-03-04 00:00:00+07:00,22735.849609375,22735.849609375,22264.150390625,22547.169921875,614603,0.0,0.0
2026-03-05 00:00:00+07:00,22169.810546875,22547.169921875,22169.810546875,22500.0,750668,0.0,0.0
2026-03-06 00:00:00+07:00,22169.810546875,22405.66015625,21698.11328125,21698.11328125,774034,0.0,0.0
2026-03-09 00:00:00+07:00,21650.943359375,21650.943359375,20660.376953125,21226.416015625,349779,0.0,0.0
2026-03-10 00:00:00+07:00,21226.416015625,21320.75390625,21132.076171875,21273.583984375,544972,0.0,0.0
2026-03-11 00:00:00+07:00,21273.583984375,21698.11328125,21132.076171875,21698.11328125,749110,0.0,0.0
2026-03-12 00:00:00+07:00,21650.943359375,21650.943359375,21367.923828125,21556.603515625,425263,0.0,0.0
2026-03-13 00:00:00+07:00,21556.603515625,21556.603515625,21132.076171875,21226.416015625,509973,0.0,0.0
2026-03-16 00:00:00+07:00,21226.416015625,21226.416015625,20990.56640625,21037.736328125,1034837,0.0,0.0
2026-03-17 00:00:00+07:00,21037.736328125,21084.90625,20896.2265625,21084.90625,1435402,0.0,0.0
2026-03-18 00:00:00+07:00,20943.396484375,20990.56640625,20754.716796875,20754.716796875,485657,0.0,0.0
2026-03-19 00:00:00+07:00,20707.546875,20707.546875,20000.0,20000.0,1297516,0.0,0.0
2026-03-20 00:00:00+07:00,19811.3203125,19952.830078125,19339.623046875,19433.962890625,1332866,0.0,0.0
2026-03-23 00:00:00+07:00,19433.962890625,19811.3203125,19150.943359375,19811.3203125,2424625,0.0,0.0
2026-03-24 00:00:00+07:00,19811.3203125,19858.490234375,19575.47265625,19858.490234375,1155407,0.0,0.0
2026-03-25 00:00:00+07:00,19858.490234375,20424.52734375,19764.150390625,20424.52734375,2488754,0.0,0.0
2026-03-26 00:00:00+07:00,20424.52734375,20471.697265625,20235.849609375,20471.697265625,5417966,0.0,0.0
2026-03-27 00:00:00+07:00,20471.697265625,21509.43359375,20235.849609375,21509.43359375,6403776,0.0,0.0
2026-03-30 00:00:00+07:00,21509.43359375,21509.43359375,21132.076171875,21509.43359375,828432,0.0,0.0
2026-03-31 00:00:00+07:00,21509.43359375,21509.43359375,21226.416015625,21415.09375,733490,0.0,0.0
2026-04-01 00:00:00+07:00,21415.09375,21462.263671875,21037.736328125,21037.736328125,714595,0.0,0.0
2026-04-02 00:00:00+07:00,21037.736328125,21037.736328125,20754.716796875,20754.716796875,1220190,0.0,0.0
2026-04-03 00:00:00+07:00,20754.716796875,20943.396484375,20518.8671875,20660.376953125,360657,0.0,0.0
2026-04-06 00:00:00+07:00,20660.376953125,20660.376953125,20377.359375,20566.037109375,477232,0.0,0.0
2026-04-07 00:00:00+07:00,20518.8671875,20613.20703125,20424.52734375,20613.20703125,2377414,0.0,0.0
2026-04-08 00:00:00+07:00,20613.20703125,20707.546875,20471.697265625,20707.546875,4550315,0.0,0.0
2026-04-09 00:00:00+07:00,20660.376953125,20707.546875,20471.697265625,20566.037109375,1378854,0.0,0.0
2026-04-10 00:00:00+07:00,20566.037109375,20613.20703125,20424.52734375,20613.20703125,443547,0.0,0.0
2026-04-13 00:00:00+07:00,20613.20703125,20613.20703125,20424.52734375,20613.20703125,1373326,0.0,0.0
2026-04-14 00:00:00+07:00,20613.20703125,20660.376953125,20424.52734375,20660.376953125,3857193,0.0,0.0
2026-04-15 00:00:00+07:00,20660.376953125,20660.376953125,20424.52734375,20660.376953125,439726,0.0,0.0
2026-04-16 00:00:00+07:00,20660.376953125,20660.376953125,20424.52734375,20660.376953125,1809442,0.0,0.0
2026-04-17 00:00:00+07:00,20650.0,20650.0,20450.0,20650.0,1045157,0.0,1.06
2026-04-20 00:00:00+07:00,20650.0,20650.0,20450.0,20600.0,2707838,0.0,0.0
2026-04-21 00:00:00+07:00,20550.0,20600.0,20050.0,20550.0,4233483,0.0,0.0
2026-04-22 00:00:00+07:00,20550.0,20550.0,20150.0,20500.0,7424183,0.0,0.0
2026-04-23 00:00:00+07:00,20500.0,20500.0,20350.0,20500.0,7007681,0.0,0.0
2026-04-24 00:00:00+07:00,20450.0,20500.0,20300.0,20500.0,447108,0.0,0.0
2026-04-28 00:00:00+07:00,20500.0,20500.0,20350.0,20500.0,462441,0.0,0.0
2026-04-29 00:00:00+07:00,20500.0,20500.0,20350.0,20350.0,447010,0.0,0.0
2026-05-04 00:00:00+07:00,20350.0,20450.0,20250.0,20400.0,425767,0.0,0.0
2026-05-05 00:00:00+07:00,20400.0,20400.0,20250.0,20400.0,1427119,0.0,0.0
2026-05-06 00:00:00+07:00,20400.0,20400.0,20100.0,20400.0,3545870,0.0,0.0
2026-05-07 00:00:00+07:00,20400.0,20400.0,20250.0,20400.0,442525,0.0,0.0
2026-05-08 00:00:00+07:00,20400.0,20400.0,20250.0,20400.0,2058092,0.0,0.0
