Date,Open,High,Low,Close,Volume,Dividends,Stock Splits
2018-06-04 00:00:00+07:00,15622.640625,16019.309845707316,15622.640625,15622.640625,16871038,0.0,0.0
2018-06-05 00:00:00+07:00,15119.176024526954,16171.873488516212,14646.2255859375,14646.2255859375,10136998,0.0,0.0
2018-06-06 00:00:00+07:00,14493.661376054995,14646.226533759904,13883.402533104818,14035.966796875,11410078,0.0,0.0
2018-06-07 00:00:00+07:00,14417.378897318024,15012.3818359375,14203.788396817474,15012.3818359375,8859238,0.0,0.0
2018-06-08 00:00:00+07:00,15409.051792744936,16049.82421875,15180.204497743129,16049.82421875,12050998,0.0,0.0
2018-06-11 00:00:00+07:00,15988.795977609934,16629.568359375,15744.69280908446,16629.568359375,7378978,0.0,0.0
2018-06-12 00:00:00+07:00,16477.004129464283,16477.004129464283,15698.92337890625,16019.3095703125,7101778,0.0,0.0
2018-06-13 00:00:00+07:00,16019.310588357988,16477.005176596787,15943.02756102836,16080.3359375,5329978,0.0,0.0
2018-06-14 00:00:00+07:00,16248.156849888392,16248.156849888392,15790.462290736608,16019.3095703125,4752778,0.0,0.0
2018-06-15 00:00:00+07:00,16095.593677750365,16095.593677750365,15790.463355124786,16049.82421875,15353596,0.0,0.0
2018-06-18 00:00:00+07:00,15882.001871367262,16019.310244894932,14951.355930590362,15256.4853515625,12256840,0.0,0.0
2018-06-19 00:00:00+07:00,14508.917916507358,14798.791443101409,14188.5317164583,14493.6611328125,25210318,0.0,0.0
2018-06-20 00:00:00+07:00,14493.661237078271,14722.508524473902,14203.78860233362,14524.1748046875,3461218,0.0,0.0
2018-06-21 00:00:00+07:00,14554.687478362011,14554.687478362011,14234.301276008133,14524.1748046875,2986738,0.0,0.0
2018-06-22 00:00:00+07:00,14508.917916507358,14508.917916507358,14280.070630758031,14493.6611328125,1972258,0.0,0.0
2018-06-25 00:00:00+07:00,14646.226510489169,14798.791667951671,14600.45705264389,14630.9697265625,6596038,0.0,0.0
2018-06-26 00:00:00+07:00,14402.122218512768,14569.944157352082,14371.60954505776,14493.6611328125,2962738,0.0,0.0
2018-06-27 00:00:00+07:00,14264.814504664311,14493.66180096339,14264.814504664311,14280.0712890625,2369158,0.0,0.0
2018-06-28 00:00:00+07:00,14188.531074419336,14264.8132015724,13501.989248237756,14066.4794921875,8449378,0.0,0.0
2018-06-29 00:00:00+07:00,13883.4024603326,14035.96672330309,13273.142726646476,13990.197265625,10529998,0.0,0.0
2018-07-02 00:00:00+07:00,14005.454124893346,14005.454124893346,13273.142798101537,13410.451171875,4017418,0.0,0.0
2018-07-03 00:00:00+07:00,13349.424350302272,13471.476828757292,12479.8046875,12479.8046875,18459670,0.0,0.0
2018-07-04 00:00:00+07:00,12281.470802173826,12357.7529296875,11610.184861888674,12357.7529296875,12574600,0.0,0.0
2018-07-05 00:00:00+07:00,13204.487747002664,13204.487747002664,12357.752830817051,12884.1015625,3166900,0.0,0.0
2018-07-06 00:00:00+07:00,12815.447862413192,13273.142428927951,12357.753295898438,13181.603515625,2321980,0.0,0.0
2018-07-09 00:00:00+07:00,13273.14220120614,13364.681112938595,12746.793458744518,13044.294921875,1387800,0.0,0.0
2018-07-10 00:00:00+07:00,13044.295267998416,13044.295267998416,12586.600697191456,12655.2548828125,1098200,0.0,0.0
2018-07-11 00:00:00+07:00,12403.522413531551,12403.522413531551,11785.634765625,11785.634765625,3229140,0.0,0.0
2018-07-12 00:00:00+07:00,11488.13348858173,11900.05859375,11488.13348858173,11900.05859375,1708160,0.0,0.0
2018-07-13 00:00:00+07:00,12083.13656965649,12128.906026359731,11900.058742843512,11991.59765625,857800,0.0,0.0
2018-07-16 00:00:00+07:00,11900.058742843512,11991.59765625,11785.6351010854,11991.59765625,860320,0.0,0.0
2018-07-17 00:00:00+07:00,11991.598304889298,12586.601274215867,11762.751008994464,12403.5234375,2349040,0.0,0.0
2018-07-18 00:00:00+07:00,12586.59995527728,13044.294499105545,12495.061046511628,12792.5625,2278680,0.0,0.0
2018-07-19 00:00:00+07:00,12815.448168682797,12815.448168682797,12586.600879956315,12769.6787109375,1416860,0.0,0.0
2018-07-20 00:00:00+07:00,12586.600879956315,12769.6787109375,12449.29250672043,12769.6787109375,3036380,0.0,0.0
2018-07-23 00:00:00+07:00,12495.061986019737,12746.7940040531,12174.67578125,12174.67578125,1841380,0.0,0.0
2018-07-24 00:00:00+07:00,12357.753462357954,12586.600748697916,12037.367261482008,12083.13671875,2038240,0.0,0.0
2018-07-25 00:00:00+07:00,12266.21480724299,12289.099536360982,11396.595100759348,12243.330078125,8476020,0.0,0.0
2018-07-26 00:00:00+07:00,11900.058442344962,12014.482081213662,11671.211164607555,11808.51953125,1554860,0.0,0.0
2018-07-27 00:00:00+07:00,11808.519644147398,11991.597468087668,11716.980732177264,11877.173828125,6415320,0.0,0.0
2018-07-30 00:00:00+07:00,11877.173940373565,11991.597581417624,11854.289212164753,11945.828125,3098476,0.0,0.0
2018-07-31 00:00:00+07:00,11968.713131252807,12769.67863716839,11900.058945031476,12723.9091796875,9381320,0.0,0.0
2018-08-01 00:00:00+07:00,12769.679439371595,13112.950392042876,12426.408486700318,12609.486328125,4229240,0.0,0.0
2018-08-02 00:00:00+07:00,12495.061451480264,13044.294921875,12357.753083881578,13044.294921875,13364980,0.0,0.0
2018-08-03 00:00:00+07:00,13090.06426366843,13227.372630070546,12815.447530864198,12975.640625,24116280,0.0,0.0
2018-08-06 00:00:00+07:00,12815.4482421875,12952.756616210938,12723.909326171875,12815.4482421875,2998640,0.0,0.0
2018-08-07 00:00:00+07:00,12701.023591234349,12906.986135957066,12540.830500894454,12792.5625,3440800,0.0,0.0
2018-08-08 00:00:00+07:00,12884.102243454392,12884.102243454392,12540.831313344595,12701.0244140625,2812900,0.0,0.0
2018-08-09 00:00:00+07:00,12769.678336707344,12952.75616232322,12540.8310546875,12540.8310546875,4764820,0.0,0.0
2018-08-10 00:00:00+07:00,12540.83090389476,12678.139271455651,12083.136345358456,12449.2919921875,5587162,0.0,0.0
2018-08-13 00:00:00+07:00,12357.753265881149,12655.254733393102,12266.214352800547,12563.7158203125,2984600,0.0,0.0
2018-08-14 00:00:00+07:00,12586.60035974839,12586.60035974839,12357.75308048024,12449.2919921875,2821180,0.0,0.0
2018-08-15 00:00:00+07:00,12357.753537735847,12449.292452830188,12128.90625,12128.90625,2269020,0.0,0.0
2018-08-16 00:00:00+07:00,12128.90625,12311.984080188678,11877.174233490568,12128.90625,4352680,0.0,0.0
2018-08-17 00:00:00+07:00,12128.90625,12311.984080188678,12128.90625,12128.90625,5363780,0.0,0.0
2018-08-20 00:00:00+07:00,12220.44516509434,12220.44516509434,11854.28950471698,12128.90625,1850614,0.0,0.0
2018-08-21 00:00:00+07:00,12128.90625,12197.560436320757,12014.482606132076,12128.90625,1808540,0.0,0.0
2018-08-22 00:00:00+07:00,12220.444297461305,12540.83047754456,12151.790116014892,12197.5595703125,2773700,0.0,0.0
2018-08-23 00:00:00+07:00,12357.753723714954,12426.407911068924,12197.560619889018,12243.330078125,2330120,0.0,0.0
2018-08-24 00:00:00+07:00,12243.329967986372,12334.868883634868,12128.906323425752,12174.67578125,1694020,0.0,0.0
2018-08-27 00:00:00+07:00,12174.67570754717,12289.099351415094,12128.90625,12128.90625,3036780,0.0,0.0
2018-08-28 00:00:00+07:00,12174.676510416666,12266.215431547618,11991.598668154762,12014.4833984375,3401480,0.0,0.0
2018-08-29 00:00:00+07:00,12014.482347185707,12060.251803746414,11945.828162344646,11968.712890625,1556480,0.0,0.0
2018-08-30 00:00:00+07:00,11968.713002019962,12037.3671875,11922.94354503327,12037.3671875,2105680,0.0,0.0
2018-08-31 00:00:00+07:00,12037.3671875,12289.099200926808,12037.3671875,12037.3671875,3561060,0.0,0.0
2018-09-04 00:00:00+07:00,12037.367037835247,12174.675407088123,11922.943396791188,11945.828125,4653220,0.0,0.0
2018-09-05 00:00:00+07:00,11945.82789789244,12014.482081213662,11785.63480347626,11808.51953125,18998924,0.0,0.0
2018-09-06 00:00:00+07:00,11808.519759639616,11854.289216072328,11350.8251953125,11350.8251953125,5866360,0.0,0.0
2018-09-07 00:00:00+07:00,11442.364441522275,11579.672814820546,11396.59498375619,11556.7880859375,6314600,0.0,0.0
2018-09-10 00:00:00+07:00,11625.442455575982,11671.2119140625,11442.364621629902,11671.2119140625,3595440,0.0,0.0
2018-09-11 00:00:00+07:00,11648.327111912524,11671.21184101255,11579.67292461245,11625.4423828125,3360300,0.0,0.0
2018-09-12 00:00:00+07:00,11671.21154296875,11694.096271484375,11442.3642578125,11442.3642578125,2991980,0.0,0.0
2018-09-13 00:00:00+07:00,11442.364405071923,11625.442235553077,11442.364405071923,11533.9033203125,5090440,0.0,0.0
2018-09-14 00:00:00+07:00,11533.903357054456,11625.442272586632,11511.018628171412,11556.7880859375,2886720,0.0,0.0
2018-09-17 00:00:00+07:00,11556.78865575516,12357.754206154032,11511.019195732366,11922.9443359375,5429260,0.0,0.0
2018-09-18 00:00:00+07:00,11922.943434064293,11968.712890625,11694.096151260756,11968.712890625,2119040,0.0,0.0
2018-09-19 00:00:00+07:00,11991.597949953008,12380.638341459116,11991.597949953008,12174.67578125,5935480,0.0,0.0
2018-09-20 00:00:00+07:00,12174.675830078126,12815.4482421875,12174.675830078126,12815.4482421875,11612760,0.0,0.0
2018-09-21 00:00:00+07:00,12815.447493374557,13021.41004237522,12723.908582707596,12952.755859375,8078320,0.0,0.0
2018-09-24 00:00:00+07:00,12952.756689974422,13021.410877377111,12792.563586034808,12861.2177734375,4427620,0.0,0.0
2018-09-25 00:00:00+07:00,12815.4482421875,12906.987158203126,12723.909326171875,12815.4482421875,4523680,0.0,0.0
2018-09-26 00:00:00+07:00,12815.44793468858,13433.335602968207,12723.909020869376,13227.373046875,9032640,0.0,0.0
2018-09-27 00:00:00+07:00,13364.680816857992,13570.643363693132,13341.796089431866,13456.2197265625,8386600,0.0,0.0
2018-09-28 00:00:00+07:00,13501.989976415094,13570.644162735847,13273.142688679243,13341.796875,8887300,0.0,0.0
2018-10-01 00:00:00+07:00,13341.797493660011,13387.566953329517,13090.065465477748,13112.9501953125,6632200,0.0,0.0
2018-10-02 00:00:00+07:00,13090.064822272336,13456.220481636596,13090.064822272336,13318.912109375,7279500,0.0,0.0
2018-10-03 00:00:00+07:00,13456.220666524703,13501.990124574106,13341.797021401191,13433.3359375,2811660,0.0,0.0
2018-10-04 00:00:00+07:00,13501.989778430258,13822.3759765625,13433.335593116204,13822.3759765625,8447760,0.0,0.0
2018-10-05 00:00:00+07:00,13776.60621919568,13845.26040301227,13616.413123623635,13639.2978515625,6313120,0.0,0.0
2018-10-08 00:00:00+07:00,13318.912292376492,13616.413769697616,13318.912292376492,13433.3359375,4898460,0.0,0.0
2018-10-09 00:00:00+07:00,13456.220955882352,13616.4140625,13341.79730829832,13616.4140625,5312760,0.0,0.0
2018-10-10 00:00:00+07:00,13639.298755787036,13776.607132523148,13570.644567418982,13593.529296875,3378500,0.0,0.0
2018-10-11 00:00:00+07:00,12906.987046959155,13318.912165479129,12678.139758892505,12746.7939453125,10722540,0.0,0.0
2018-10-12 00:00:00+07:00,12746.79360504682,13181.60344076655,12495.061594893292,13135.833984375,5108580,0.0,0.0
2018-10-15 00:00:00+07:00,13135.834597323805,13158.719326587434,12815.448387632978,12906.9873046875,4171000,0.0,0.0
2018-10-16 00:00:00+07:00,12884.101974221472,13227.3728971581,12884.101974221472,13135.833984375,2840100,0.0,0.0
2018-10-17 00:00:00+07:00,13410.451024216063,13410.451024216063,13250.2579232442,13318.912109375,4771360,0.0,0.0
2018-10-18 00:00:00+07:00,13181.603589965398,13318.911960694204,13135.834133055796,13227.373046875,2975760,0.0,0.0
2018-10-19 00:00:00+07:00,12998.52583512931,13273.142578125,12861.217463631465,13273.142578125,2908000,0.0,0.0
2018-10-22 00:00:00+07:00,13273.142428927951,13364.681342230902,13181.603515625,13181.603515625,4052580,0.0,0.0
2018-10-23 00:00:00+07:00,13181.603754496402,13181.603754496402,12266.214604878596,12723.9091796875,4615060,0.0,0.0
2018-10-24 00:00:00+07:00,12769.678655660378,12815.448113207549,12128.90625,12128.90625,3610860,0.0,0.0
2018-10-25 00:00:00+07:00,11533.90301724138,12037.367037835247,11488.133560823757,11945.828125,4962160,0.0,0.0
2018-10-26 00:00:00+07:00,12311.984597890474,12311.984597890474,11671.212165286508,11831.4052734375,3494780,0.0,0.0
2018-10-29 00:00:00+07:00,11808.520435615272,11900.059353720815,11671.212058456957,11762.7509765625,16280812,0.0,0.0
2018-10-30 00:00:00+07:00,11762.75007570252,11945.82789789244,11716.980620155038,11808.51953125,2655080,0.0,0.0
2018-10-31 00:00:00+07:00,11945.82870585502,12311.984375,11945.82870585502,12311.984375,2727940,0.0,0.0
2018-11-01 00:00:00+07:00,12334.868504549808,12334.868504549808,11945.828125,11945.828125,1605740,0.0,0.0
2018-11-02 00:00:00+07:00,12174.67578125,12334.868883634868,11991.597949953008,12174.67578125,11877580,0.0,0.0
2018-11-05 00:00:00+07:00,12220.444450506286,12334.86808768331,12128.905540764665,12289.0986328125,1840240,0.0,0.0
2018-11-06 00:00:00+07:00,12540.831705125232,12540.831705125232,12243.33022306934,12334.869140625,2348360,0.0,0.0
2018-11-07 00:00:00+07:00,12220.444563802082,12449.291840277778,12220.444563802082,12357.7529296875,2361000,0.0,0.0
2018-11-08 00:00:00+07:00,12586.600206163195,12586.600206163195,12334.86820203993,12357.7529296875,1421140,0.0,0.0
2018-11-09 00:00:00+07:00,12289.099238763043,12334.868695890656,12060.251953125,12060.251953125,2221980,0.0,0.0
2018-11-12 00:00:00+07:00,12037.3671875,12128.906101473383,11831.404631059886,12037.3671875,1568920,0.0,0.0
2018-11-13 00:00:00+07:00,11762.750037924758,11900.058404126214,11762.750037924758,11785.634765625,53589600,0.0,0.0
2018-11-14 00:00:00+07:00,11716.981188118812,11900.059019183169,11511.018628171412,11556.7880859375,3435980,0.0,0.0
2018-11-15 00:00:00+07:00,11556.7880859375,11694.096459235769,11465.249170405325,11556.7880859375,1943700,0.0,0.0
2018-11-16 00:00:00+07:00,11671.212058456957,12083.137189931906,11648.327328930567,11762.7509765625,1635560,0.0,0.0
2018-11-19 00:00:00+07:00,11762.75058962264,12220.44516509434,11762.75058962264,12128.90625,3509720,0.0,0.0
2018-11-20 00:00:00+07:00,12037.367261482008,12151.790904651987,11945.828346946022,12083.13671875,3149060,0.0,0.0
2018-11-21 00:00:00+07:00,11900.058962264153,12266.21462264151,11854.28950471698,12128.90625,8637040,0.0,0.0
2018-11-22 00:00:00+07:00,12311.984080188678,12311.984080188678,11282.17128537736,12128.90625,1850700,0.0,0.0
2018-11-23 00:00:00+07:00,12128.905950670498,12174.675407088123,11945.828125,11945.828125,1286780,0.0,0.0
2018-11-26 00:00:00+07:00,11900.058556117534,12106.021108050338,11877.173828125,11877.173828125,2391120,0.0,0.0
2018-11-27 00:00:00+07:00,12037.366962139422,12128.905874399035,11877.173865685096,11900.05859375,2754740,0.0,0.0
2018-11-28 00:00:00+07:00,11900.058705783938,11968.712890625,11854.289249223231,11968.712890625,1337940,0.0,0.0
2018-11-29 00:00:00+07:00,12106.022176028671,12174.67636606286,11922.9443359375,11922.9443359375,3250000,0.0,0.0
2018-11-30 00:00:00+07:00,12014.483255983088,12037.367985994482,11900.059605926104,11922.9443359375,1270520,0.0,0.0
2018-12-03 00:00:00+07:00,12128.905801212086,12449.2919921875,12037.366889504823,12449.2919921875,54119680,0.0,0.0
2018-12-04 00:00:00+07:00,12449.292434802155,12792.563365908834,12449.292434802155,12723.9091796875,46860320,0.0,0.0
2018-12-05 00:00:00+07:00,12586.600952148438,12952.756616210938,12495.062036132813,12815.4482421875,51740000,0.0,0.0
2018-12-06 00:00:00+07:00,12815.447380106572,13021.409927286855,12769.67792517762,12884.1015625,9354340,0.0,0.0
2018-12-07 00:00:00+07:00,12906.987158203126,13044.295532226562,12723.909326171875,12815.4482421875,51676740,0.0,0.0
2018-12-10 00:00:00+07:00,12769.678965016592,12975.641528968474,12678.140047704646,12929.8720703125,115869440,0.0,0.0
2018-12-11 00:00:00+07:00,12975.64058704174,13044.29477004196,12861.21694870804,12952.755859375,53882940,0.0,0.0
2018-12-12 00:00:00+07:00,13044.295219236592,13227.373046875,12952.756305417388,13227.373046875,55196860,0.0,0.0
2018-12-13 00:00:00+07:00,13273.142353549652,13341.796538136978,13135.833984375,13135.833984375,10887000,0.0,0.0
2018-12-14 00:00:00+07:00,13044.296005808246,13181.604384816754,13044.296005808246,13112.9501953125,105327400,0.0,0.0
2018-12-17 00:00:00+07:00,12952.75616232322,13044.295075131158,12540.8310546875,12540.8310546875,46051840,0.0,0.0
2018-12-18 00:00:00+07:00,12357.75330255682,12586.6005859375,12220.44493252841,12586.6005859375,7130780,0.0,0.0
2018-12-19 00:00:00+07:00,12540.831129261363,12586.6005859375,12334.86857421875,12586.6005859375,46413220,0.0,0.0
2018-12-20 00:00:00+07:00,12449.292029816514,12678.139309776378,12403.522573824544,12472.1767578125,2192260,0.0,0.0
2018-12-21 00:00:00+07:00,12357.753155048076,12495.0615234375,12220.444786658652,12495.0615234375,54247720,0.0,0.0
2018-12-24 00:00:00+07:00,12495.062209572492,12540.831668215616,12311.984375,12311.984375,3043540,0.0,0.0
2018-12-25 00:00:00+07:00,11991.597804214016,12151.790904651987,11808.519975142046,12083.13671875,7889080,0.0,0.0
2018-12-26 00:00:00+07:00,12037.366962139422,12174.675330528846,11877.173865685096,11900.05859375,10488560,0.0,0.0
2018-12-27 00:00:00+07:00,12128.906906040069,12197.561096074256,11922.9443359375,11922.9443359375,7973100,0.0,0.0
2018-12-28 00:00:00+07:00,12037.367841060202,12037.367841060202,11831.4052734375,11831.4052734375,7182560,0.0,0.0
2019-01-02 00:00:00+07:00,11900.059280395508,11922.944009780884,11716.9814453125,11716.9814453125,2858060,0.0,0.0
2019-01-03 00:00:00+07:00,11762.75045703125,11785.635185546877,11442.3642578125,11442.3642578125,3735160,0.0,0.0
2019-01-04 00:00:00+07:00,11442.364220628757,11442.364220628757,10641.398725184745,11419.4794921875,6095660,0.0,0.0
2019-01-07 00:00:00+07:00,11511.018517725972,11671.21161837027,11488.1337890625,11488.1337890625,3206860,0.0,0.0
2019-01-08 00:00:00+07:00,11511.018517725972,11533.903246389442,11465.249060399028,11488.1337890625,1686340,0.0,0.0
2019-01-09 00:00:00+07:00,11533.902797965116,11900.058442344962,11488.133342417636,11808.51953125,6999060,0.0,0.0
2019-01-10 00:00:00+07:00,11808.51953125,11877.17371457122,11785.63480347626,11808.51953125,3328760,0.0,0.0
2019-01-11 00:00:00+07:00,11831.404409555287,12037.366962139422,11831.404409555287,11900.05859375,4756922,0.0,0.0
2019-01-14 00:00:00+07:00,11854.290003173355,11922.944192380925,11785.635813965788,11831.4052734375,7204840,0.0,0.0
2019-01-15 00:00:00+07:00,11831.404775943396,12128.90625,11831.404775943396,12128.90625,7589100,0.0,0.0
2019-01-16 00:00:00+07:00,12174.67570754717,12243.329893867924,12106.021521226416,12128.90625,6095160,0.0,0.0
2019-01-17 00:00:00+07:00,12128.90538886609,12289.098478907716,12083.13593456848,12197.5595703125,6239960,0.0,0.0
2019-01-18 00:00:00+07:00,12266.21480724299,12334.868994596962,12128.906432535046,12243.330078125,3277780,0.0,0.0
2019-01-21 00:00:00+07:00,12311.983772667654,12586.600511091468,12311.983772667654,12540.8310546875,4193460,0.0,0.0
2019-01-22 00:00:00+07:00,12632.370510727613,12632.370510727613,12266.21484375,12266.21484375,5027340,0.0,0.0
2019-01-23 00:00:00+07:00,12311.984117525892,12311.984117525892,12151.791015625,12151.791015625,7239800,0.0,0.0
2019-01-24 00:00:00+07:00,12220.444297461305,12289.098478907716,12106.020661717284,12197.5595703125,6083340,0.0,0.0
2019-01-25 00:00:00+07:00,12334.867933205323,12472.176296098149,12197.5595703125,12197.5595703125,5570060,0.0,0.0
2019-01-28 00:00:00+07:00,12243.329668117844,12266.214396469466,11922.943471195134,11991.59765625,3728000,0.0,0.0
2019-01-29 00:00:00+07:00,11991.59787735849,12128.90625,11854.28950471698,12128.90625,6978038,0.0,0.0
2019-01-30 00:00:00+07:00,12128.906323425752,12220.445239074248,12037.367407777256,12174.67578125,4234340,0.0,0.0
2019-01-31 00:00:00+07:00,12174.67570754717,12174.67570754717,12037.36733490566,12128.90625,5256320,0.0,0.0
2019-02-01 00:00:00+07:00,12128.905801212086,12449.2919921875,12037.366889504823,12449.2919921875,19719380,0.0,0.0
2019-02-11 00:00:00+07:00,12357.752967594732,12495.06133390134,12266.21405672366,12380.6376953125,8069320,0.0,0.0
2019-02-12 00:00:00+07:00,12426.4074506916,12655.254733393102,12334.868537610995,12563.7158203125,11915180,0.0,0.0
2019-02-13 00:00:00+07:00,12563.71686776883,12701.02524883734,12540.832137590744,12609.486328125,16039840,0.0,0.0
2019-02-14 00:00:00+07:00,12586.600435697115,12632.369891826922,12472.176795372596,12495.0615234375,4581880,0.0,0.0
2019-02-15 00:00:00+07:00,12449.292029816514,12655.254581780391,12403.522573824544,12472.1767578125,6752760,0.0,0.0
2019-02-18 00:00:00+07:00,12495.062535706124,12609.486185300502,12472.177805787249,12517.947265625,4320900,0.0,0.0
2019-02-19 00:00:00+07:00,12540.832137590744,12906.987820440108,12540.832137590744,12609.486328125,15701200,0.0,0.0
2019-02-20 00:00:00+07:00,12655.25578848117,12723.909979015429,12563.71686776883,12609.486328125,5521040,0.0,0.0
2019-02-21 00:00:00+07:00,12632.370042613637,12678.139499289771,12495.061672585229,12586.6005859375,4204240,0.0,0.0
2019-02-22 00:00:00+07:00,12586.600734008349,12815.448020081229,12540.831276793771,12678.1396484375,12886120,0.0,0.0
2019-02-25 00:00:00+07:00,12769.67860008446,12815.448057432432,12678.139685388514,12701.0244140625,8078800,0.0,0.0
2019-02-26 00:00:00+07:00,12678.139461663251,12746.7936464737,12472.176907231898,12563.7158203125,6157240,0.0,0.0
2019-02-27 00:00:00+07:00,12563.715631821577,12586.60035974839,12380.637808407057,12449.2919921875,9914000,0.0,0.0
2019-02-28 00:00:00+07:00,12403.52299528302,12449.292452830188,12083.13679245283,12128.90625,9691300,0.0,0.0
2019-03-01 00:00:00+07:00,12174.67578125,12289.09942581062,12083.136865601504,12174.67578125,4953360,0.0,0.0
2019-03-04 00:00:00+07:00,12220.444563802082,12403.52238498264,12220.444563802082,12357.7529296875,5669560,0.0,0.0
2019-03-05 00:00:00+07:00,12289.0995729361,12449.292677238804,12220.4453853778,12266.21484375,6715580,0.0,0.0
2019-03-06 00:00:00+07:00,12266.21484375,12311.984302122202,12197.560656191696,12266.21484375,2009900,0.0,0.0
2019-03-07 00:00:00+07:00,12311.984265478972,12380.638452832944,12243.330078125,12243.330078125,2856820,0.0,0.0
2019-03-08 00:00:00+07:00,12151.791780133928,12197.561240699404,12014.4833984375,12014.4833984375,5785180,0.0,0.0
2019-03-11 00:00:00+07:00,12128.906101473383,12128.906101473383,12014.482459006656,12037.3671875,1789740,0.0,0.0
2019-03-12 00:00:00+07:00,12174.675927005595,12266.21484375,12014.482822702892,12266.21484375,11569020,0.0,0.0
2019-03-13 00:00:00+07:00,12311.984554845763,12609.486040371776,12311.984554845763,12426.408203125,15403200,0.0,0.0
2019-03-14 00:00:00+07:00,12449.29275092937,12472.17748025093,12311.984375,12311.984375,11862080,0.0,0.0
2019-03-15 00:00:00+07:00,12311.983360247905,12449.291724860335,12243.32917794169,12289.0986328125,3500200,0.0,0.0
2019-03-18 00:00:00+07:00,12334.868239876963,12472.176606183571,12266.21405672366,12380.6376953125,22161540,0.0,0.0
2019-03-19 00:00:00+07:00,12380.638452832944,12449.292640186915,12220.44534900701,12243.330078125,5157200,0.0,0.0
2019-03-20 00:00:00+07:00,12243.329967986372,12243.329967986372,12083.136865601504,12174.67578125,41899640,0.0,0.0
2019-03-21 00:00:00+07:00,12243.32959171456,12243.32959171456,11945.828125,11945.828125,5716760,0.0,0.0
2019-03-22 00:00:00+07:00,11968.712853208812,12037.367037835247,11877.173940373565,11945.828125,6429840,0.0,0.0
2019-03-25 00:00:00+07:00,11671.211986541748,11854.289821624756,11648.327257156372,11716.9814453125,12535302,0.0,0.0
2019-03-26 00:00:00+07:00,11716.98137254902,11854.28974800858,11625.442455575982,11671.2119140625,4419620,0.0,0.0
2019-03-27 00:00:00+07:00,11762.750037924758,11808.519493325242,11648.326399423544,11785.634765625,6853820,0.0,0.0
2019-03-28 00:00:00+07:00,11739.865157931752,11808.519340141878,11694.095703125,11694.095703125,1697640,0.0,0.0
2019-03-29 00:00:00+07:00,11694.096715927124,11808.520362854004,11694.096715927124,11716.9814453125,11484720,0.0,0.0
2019-04-01 00:00:00+07:00,11762.749885335128,11762.749885335128,11671.210975721624,11694.095703125,2426000,0.0,0.0
2019-04-02 00:00:00+07:00,11762.75083103554,11831.40501876532,11648.32718481924,11671.2119140625,2395120,0.0,0.0
2019-04-03 00:00:00+07:00,11671.211877609285,11716.981335952849,11625.442419265715,11648.3271484375,1766160,0.0,0.0
2019-04-04 00:00:00+07:00,11671.211877609285,11694.096606781066,11579.672960922151,11648.3271484375,2209740,0.0,0.0
2019-04-05 00:00:00+07:00,11671.21184101255,11671.21184101255,11625.4423828125,11625.4423828125,1580760,0.0,0.0
2019-04-08 00:00:00+07:00,11625.442272586632,11625.442272586632,11488.133899288368,11556.7880859375,3378440,0.0,0.0
2019-04-09 00:00:00+07:00,11625.441367726824,11739.865003235946,11556.78718642135,11602.556640625,3053060,0.0,0.0
2019-04-10 00:00:00+07:00,11579.672703716384,11671.21161837027,11442.364331735558,11488.1337890625,8683980,0.0,0.0
2019-04-11 00:00:00+07:00,11465.249060399028,11533.903246389442,11442.364331735558,11488.1337890625,1674040,0.0,0.0
2019-04-12 00:00:00+07:00,11442.364183295682,11488.133640028866,11373.709998195907,11396.5947265625,2637160,0.0,0.0
2019-04-16 00:00:00+07:00,11282.171803398676,11327.941263047353,11167.748154276986,11236.40234375,5321160,0.0,0.0
2019-04-17 00:00:00+07:00,11327.94140625,11465.24978693182,11282.171946022729,11327.94140625,2044200,0.0,0.0
2019-04-18 00:00:00+07:00,11327.940047116625,11350.824774484536,11099.0927734375,11099.0927734375,3059900,0.0,0.0
2019-04-19 00:00:00+07:00,11213.51736021436,11213.51736021436,11076.208984375,11076.208984375,2292060,0.0,0.0
2019-04-22 00:00:00+07:00,11076.208651315788,11121.978108552632,10824.476636513158,10870.24609375,3088580,0.0,0.0
2019-04-23 00:00:00+07:00,10801.591796875,10916.015438791048,10778.70706849179,10801.591796875,4040270,0.0,0.0
2019-04-24 00:00:00+07:00,10847.36179735626,11144.86328125,10847.36179735626,11144.86328125,4035460,0.0,0.0
2019-04-25 00:00:00+07:00,11167.747864906833,11167.747864906833,11053.32421875,11053.32421875,13118080,0.0,0.0
2019-04-26 00:00:00+07:00,11007.554760287268,11076.208947981368,10984.6700310559,11053.32421875,1886460,0.0,0.0
2019-05-02 00:00:00+07:00,11030.439268867924,11076.208726415094,10893.130896226416,10916.015625,10695424,0.0,0.0
2019-05-03 00:00:00+07:00,10916.015734863282,10984.669921875,10824.476818847656,10984.669921875,3521420,0.0,0.0
2019-05-06 00:00:00+07:00,10824.477289682804,10938.900939679452,10572.745259690182,10664.2841796875,10967560,0.0,0.0
2019-05-07 00:00:00+07:00,10847.3609492861,10847.3609492861,10572.74421639278,10618.513671875,2589480,0.0,0.0
2019-05-08 00:00:00+07:00,10526.974571078432,10526.974571078432,10366.781479779413,10504.08984375,4977540,0.0,0.0
2019-05-09 00:00:00+07:00,10481.20500102796,10618.513363486842,10435.435546875,10435.435546875,22661980,0.0,0.0
2019-05-10 00:00:00+07:00,10526.974723272138,10595.62890625,10435.435812634989,10595.62890625,3358540,0.0,0.0
2019-05-13 00:00:00+07:00,10641.39839961611,10664.28312735722,10572.74421639278,10618.513671875,16304780,0.0,0.0
2019-05-14 00:00:00+07:00,10526.974609375,10618.51351902174,10458.320427139946,10526.974609375,2865740,0.0,0.0
2019-05-15 00:00:00+07:00,10572.7447644833,11007.554614104904,10526.975306628392,10961.78515625,6620440,0.0,0.0
2019-05-16 00:00:00+07:00,11030.439194078946,11030.439194078946,10824.476636513158,10870.24609375,11300980,0.0,0.0
2019-05-17 00:00:00+07:00,10847.36125364142,10893.13071040784,10778.70706849179,10801.591796875,3898560,0.0,0.0
2019-05-20 00:00:00+07:00,10778.70725235849,10938.900353773584,10710.053066037735,10916.015625,4386980,0.0,0.0
2019-05-21 00:00:00+07:00,10916.015771179833,11121.978332900208,10916.015771179833,11007.5546875,6764188,0.0,0.0
2019-05-22 00:00:00+07:00,11030.439156447785,11076.20861352848,10847.361328125,10847.361328125,12653060,0.0,0.0
2019-05-23 00:00:00+07:00,10824.4765625,10916.01547634778,10778.70710557611,10824.4765625,2974460,0.0,0.0
2019-05-24 00:00:00+07:00,10778.706766062767,10847.3609492861,10618.513671875,10618.513671875,12094780,0.0,0.0
2019-05-27 00:00:00+07:00,10618.513633909288,10687.16781688715,10572.744178590712,10595.62890625,1776280,0.0,0.0
2019-05-28 00:00:00+07:00,10572.7451171875,10710.053495332791,10481.206198423972,10572.7451171875,2856740,0.0,0.0
2019-05-29 00:00:00+07:00,10549.860132640795,10572.744861778849,10412.5517578125,10412.5517578125,4146840,0.0,0.0
2019-05-30 00:00:00+07:00,10412.550934436274,10549.859298406864,10298.127297794115,10504.08984375,2908260,0.0,0.0
2019-05-31 00:00:00+07:00,10504.090563208656,10526.975292104536,10343.8974609375,10343.8974609375,2905400,0.0,0.0
2019-06-03 00:00:00+07:00,10252.357703488373,10298.127157521803,9840.4326171875,9840.4326171875,7280500,0.0,0.0
2019-06-04 00:00:00+07:00,9954.857016509432,9977.74174528302,9657.35554245283,9703.125,7669900,0.0,0.0
2019-06-05 00:00:00+07:00,9886.201914612677,9977.74082122946,9748.8935546875,9748.8935546875,2156720,0.0,0.0
2019-06-06 00:00:00+07:00,9748.894567842506,9840.433483972482,9565.816735582552,9771.779296875,2754700,0.0,0.0
2019-06-07 00:00:00+07:00,9771.779477719909,9886.203125,9771.779477719909,9886.203125,2943460,0.0,0.0
2019-06-10 00:00:00+07:00,9977.740979287792,10023.510433321222,9748.89370912064,9840.4326171875,4865660,0.0,0.0
2019-06-11 00:00:00+07:00,9840.4326171875,9931.97152525436,9817.547890170785,9840.4326171875,2414260,0.0,0.0
2019-06-12 00:00:00+07:00,9840.432461304285,9886.201914612677,9748.8935546875,9748.8935546875,1344880,0.0,0.0
2019-06-13 00:00:00+07:00,9748.894420434395,9748.894420434395,9657.355505688534,9680.240234375,10541780,0.0,0.0
2019-06-14 00:00:00+07:00,9703.125,9817.548643867924,9703.125,9703.125,9488200,0.0,0.0
2019-06-17 00:00:00+07:00,9748.894155649035,9771.77888371394,9520.046875,9520.046875,14646860,0.0,0.0
2019-06-18 00:00:00+07:00,9565.816949853755,9588.70167939886,9199.661277132082,9291.2001953125,36522200,0.0,0.0
2019-06-19 00:00:00+07:00,9428.508424673508,9451.393153859608,9153.8916744403,9199.6611328125,4114640,0.0,0.0
2019-06-20 00:00:00+07:00,9245.429990898056,9520.046723300971,9222.545263197817,9428.5078125,16990100,0.0,0.0
2019-06-21 00:00:00+07:00,9520.046875,9657.355243389422,9474.277418870191,9520.046875,3488800,0.0,0.0
2019-06-24 00:00:00+07:00,9474.278460488937,9634.471574555177,9451.393729908044,9565.8173828125,3828860,0.0,0.0
2019-06-25 00:00:00+07:00,9451.392653426205,9565.816293298192,9451.392653426205,9497.162109375,18232800,0.0,0.0
2019-06-26 00:00:00+07:00,9405.622931985294,9474.27711397059,9291.199295343138,9336.96875,18506120,0.0,0.0
2019-06-27 00:00:00+07:00,9336.96859529703,9382.738049195545,9245.4296875,9245.4296875,3452080,0.0,0.0
2019-06-28 00:00:00+07:00,9314.0849609375,9336.969690571254,9131.007123867475,9314.0849609375,29995540,0.0,0.0
2019-07-01 00:00:00+07:00,9405.623381696429,9657.355394345235,9405.623381696429,9611.5859375,20144960,0.0,0.0
2019-07-02 00:00:00+07:00,9657.356305136063,9726.010496878738,9497.163191069829,9565.8173828125,6056140,0.0,0.0
2019-07-03 00:00:00+07:00,9497.162146935096,9611.585787259615,9451.392690805287,9520.046875,3967000,0.0,0.0
2019-07-04 00:00:00+07:00,9542.932042202105,9840.433520735982,9520.047313084113,9794.6640625,8793200,0.0,0.0
2019-07-05 00:00:00+07:00,9817.548754939988,9886.202942037473,9703.125109777517,9771.779296875,3098720,0.0,0.0
2019-07-08 00:00:00+07:00,9748.89522745963,9771.77995804052,9405.624268746262,9565.8173828125,13218800,0.0,0.0
2019-07-09 00:00:00+07:00,9474.2783203125,9565.817241281702,9428.508859827898,9474.2783203125,8767300,0.0,0.0
2019-07-10 00:00:00+07:00,9542.932511039402,9611.586701766304,9474.2783203125,9474.2783203125,1813600,0.0,0.0
2019-07-11 00:00:00+07:00,9565.81648065476,9657.355394345235,9520.047023809524,9611.5859375,5669020,0.0,0.0
2019-07-12 00:00:00+07:00,9657.356162250906,9703.125622735508,9474.2783203125,9474.2783203125,5539520,0.0,0.0
2019-07-15 00:00:00+07:00,9542.931862256206,9726.009691747931,9497.162404883276,9680.240234375,8104760,0.0,0.0
2019-07-16 00:00:00+07:00,9680.240271226416,9794.66391509434,9657.35554245283,9703.125,5309500,0.0,0.0
2019-07-17 00:00:00+07:00,9748.894383145736,9748.894383145736,9611.586011552132,9657.35546875,10032720,0.0,0.0
2019-07-18 00:00:00+07:00,9588.702113393392,9657.356305136063,9520.047921650716,9565.8173828125,5765260,0.0,0.0
2019-07-19 00:00:00+07:00,9611.58608490566,9748.89445754717,9611.58608490566,9703.125,6733680,0.0,0.0
2019-07-22 00:00:00+07:00,9680.240160146972,9748.89434567993,9588.70124610303,9634.470703125,11935000,0.0,0.0
2019-07-23 00:00:00+07:00,9634.470703125,9680.240160146972,9611.585974614014,9634.470703125,3131480,0.0,0.0
2019-07-24 00:00:00+07:00,9657.355356876493,9703.124813544153,9565.816443541167,9588.701171875,4285460,0.0,0.0
2019-07-25 00:00:00+07:00,9588.702113393392,9611.586843974284,9565.8173828125,9565.8173828125,4054060,0.0,0.0
2019-07-26 00:00:00+07:00,9542.931603064902,9588.701059194713,9497.162146935096,9520.046875,2531020,0.0,0.0
2019-07-29 00:00:00+07:00,9611.585787259615,9634.47051532452,9497.162146935096,9520.046875,8878460,0.0,0.0
2019-07-30 00:00:00+07:00,9565.817241281702,9565.817241281702,9451.3935900702,9474.2783203125,3202640,0.0,0.0
2019-07-31 00:00:00+07:00,9474.277229698904,9474.277229698904,9405.623046875,9405.623046875,7879080,0.0,0.0
2019-08-01 00:00:00+07:00,9428.508859827898,9474.2783203125,9382.739399343296,9474.2783203125,2384360,0.0,0.0
2019-08-02 00:00:00+07:00,9336.968864051094,9474.277229698904,9314.084136443127,9405.623046875,12290140,0.0,0.0
2019-08-05 00:00:00+07:00,9336.96875,9405.622931985294,9291.199295343138,9336.96875,5307880,0.0,0.0
2019-08-06 00:00:00+07:00,9245.430700231482,9291.200159143518,9108.12232349537,9268.3154296875,3940500,0.0,0.0
2019-08-07 00:00:00+07:00,9291.200049556905,9336.969507929103,9176.7764036264,9199.6611328125,5793924,0.0,0.0
2019-08-08 00:00:00+07:00,9199.660233601486,9268.314414449258,9153.89077970297,9245.4296875,3597960,0.0,0.0
2019-08-09 00:00:00+07:00,9245.4296875,9291.199141398514,9199.660233601486,9245.4296875,1857160,0.0,0.0
2019-08-12 00:00:00+07:00,9245.430700231482,9314.084888599536,9245.430700231482,9268.3154296875,1680440,0.0,0.0
2019-08-13 00:00:00+07:00,9245.430027996368,9474.27730591707,9222.545300204298,9451.392578125,4725040,0.0,0.0
2019-08-14 00:00:00+07:00,9542.931640625,9588.701096934952,9474.277456160073,9542.931640625,2500300,0.0,0.0
2019-08-15 00:00:00+07:00,9336.96919642857,9611.5859375,9336.96919642857,9611.5859375,4210300,0.0,0.0
2019-08-16 00:00:00+07:00,9611.585643193494,10069.280197631278,9565.816187749717,10023.5107421875,12538500,0.0,0.0
2019-08-19 00:00:00+07:00,10023.511464979698,10023.511464979698,9840.4336300029,9863.318359375,3950920,0.0,0.0
2019-08-20 00:00:00+07:00,9886.2030887471,9931.9725474913,9771.7794418866,9863.318359375,11925360,0.0,0.0
2019-08-21 00:00:00+07:00,9909.087890625,9977.74207924365,9794.66424292725,9909.087890625,4125700,0.0,0.0
2019-08-22 00:00:00+07:00,9909.087890625,10000.626808783198,9886.20316108545,9909.087890625,3186060,0.0,0.0
2019-08-23 00:00:00+07:00,9886.20316108545,9909.087890625,9817.5489724668,9909.087890625,2609340,0.0,0.0
2019-08-26 00:00:00+07:00,9703.125036764706,9771.779223345588,9588.701392463236,9726.009765625,6554600,0.0,0.0
2019-08-27 00:00:00+07:00,9771.779369718824,9863.318286531176,9748.894640515737,9817.548828125,3610680,0.0,0.0
2019-08-28 00:00:00+07:00,9794.6640625,9840.433520735982,9771.77933338201,9794.6640625,1473980,0.0,0.0
2019-08-29 00:00:00+07:00,9794.664025907494,9794.664025907494,9657.355651712527,9771.779296875,1897420,0.0,0.0
2019-08-30 00:00:00+07:00,9794.66316315407,9840.4326171875,9726.008982103926,9840.4326171875,2512780,0.0,0.0
2019-09-03 00:00:00+07:00,9886.202978971962,9909.087708089954,9794.6640625,9794.6640625,2273260,0.0,0.0
2019-09-04 00:00:00+07:00,9726.009133334534,9977.741134432605,9726.009133334534,9931.9716796875,4457680,0.0,0.0
2019-09-05 00:00:00+07:00,9931.973008164414,10275.243964667792,9931.973008164414,10160.8203125,8834640,0.0,0.0
2019-09-06 00:00:00+07:00,10229.474503800677,10275.243964667792,10115.050851632885,10160.8203125,2379140,0.0,0.0
2019-09-09 00:00:00+07:00,10160.818953413018,10160.818953413018,9909.086952314949,9931.9716796875,34164120,0.0,0.0
2019-09-10 00:00:00+07:00,9886.203015734263,10023.511390952795,9817.548828125,9817.548828125,5077860,0.0,0.0
2019-09-11 00:00:00+07:00,9840.4337733477,9954.857421875,9794.66431393678,9954.857421875,23256880,0.0,0.0
2019-09-12 00:00:00+07:00,9954.856596579584,10069.280235620728,9931.971868771356,10046.3955078125,3670660,0.0,0.0
2019-09-13 00:00:00+07:00,10023.511291908111,10366.7822265625,10023.511291908111,10366.7822265625,11092460,0.0,0.0
2019-09-16 00:00:00+07:00,10366.78218983338,10412.551647625138,10275.243274249862,10343.8974609375,24340500,0.0,0.0
2019-09-17 00:00:00+07:00,10298.12800314574,10389.66691872926,10275.243274249862,10343.8974609375,17445666,0.0,0.0
2019-09-18 00:00:00+07:00,10298.12800314574,10412.551647625138,10252.358545353982,10343.8974609375,33538220,0.0,0.0
2019-09-19 00:00:00+07:00,10343.89675245098,10504.08984375,10298.127297794115,10504.08984375,6572720,0.0,0.0
2019-09-20 00:00:00+07:00,10526.974723272138,10618.513633909288,10504.08999561285,10595.62890625,4092900,0.0,0.0
2019-09-23 00:00:00+07:00,10618.514245309052,10641.39897428601,10366.7822265625,10366.7822265625,11742240,0.0,0.0
2019-09-24 00:00:00+07:00,10366.78218983338,10435.436376521018,10321.01273204162,10343.8974609375,24537440,0.0,0.0
2019-09-25 00:00:00+07:00,10343.897497585542,10412.551684516418,10252.358581677703,10366.7822265625,15206500,0.0,0.0
2019-09-26 00:00:00+07:00,10366.782549969565,10595.629846878384,10366.782549969565,10572.7451171875,4671960,0.0,0.0
2019-09-27 00:00:00+07:00,10572.74421639278,10687.16785509833,10526.97476091056,10618.513671875,4399760,0.0,0.0
2019-09-30 00:00:00+07:00,10664.283240765524,10755.822152703426,10595.629056812098,10687.16796875,5280200,0.0,0.0
2019-10-01 00:00:00+07:00,10687.16826480263,10870.24609375,10595.629350328947,10870.24609375,4744640,0.0,0.0
2019-10-02 00:00:00+07:00,10847.36136513158,10961.785008223684,10801.591907894735,10870.24609375,5440120,0.0,0.0
2019-10-03 00:00:00+07:00,10755.822487198004,10893.130859375,10687.168301109508,10893.130859375,4304080,0.0,0.0
2019-10-04 00:00:00+07:00,10916.015438791048,10961.784895557468,10755.82234010858,10801.591796875,4800080,0.0,0.0
2019-10-07 00:00:00+07:00,10824.476182842873,10824.476182842873,10595.62890625,10595.62890625,11686260,0.0,0.0
2019-10-08 00:00:00+07:00,10595.62920481688,10778.70703125,10595.62920481688,10778.70703125,4078680,0.0,0.0
2019-10-09 00:00:00+07:00,10801.591834038054,10824.4765625,10732.93764865222,10824.4765625,2575940,0.0,0.0
2019-10-10 00:00:00+07:00,10778.70710557611,10870.24601942389,10778.70710557611,10824.4765625,1961256,0.0,0.0
2019-10-11 00:00:00+07:00,10801.591796875,10847.36125364142,10778.70706849179,10801.591796875,1718800,0.0,0.0
2019-10-14 00:00:00+07:00,10847.36147522228,11076.20876372908,10801.59201752092,10938.900390625,10294780,0.0,0.0
2019-10-15 00:00:00+07:00,10916.0149544942,11099.0927734375,10801.59131765464,11099.0927734375,9641460,0.0,0.0
2019-10-16 00:00:00+07:00,11121.97765289494,11236.401291299208,11121.97765289494,11190.6318359375,4055780,0.0,0.0
2019-10-17 00:00:00+07:00,11167.748046875,11167.748046875,11053.32439885374,11167.748046875,5023580,0.0,0.0
2019-10-18 00:00:00+07:00,11167.748046875,11259.286965292007,11121.978587666496,11167.748046875,3330000,0.0,0.0
2019-10-21 00:00:00+07:00,11167.7476791318,11167.7476791318,10801.59201752092,10938.900390625,6512180,0.0,0.0
2019-10-22 00:00:00+07:00,10938.900463867189,10984.669921875,10870.246276855469,10984.669921875,2719560,0.0,0.0
2019-10-23 00:00:00+07:00,10984.669885177453,10984.669885177453,10893.13096946764,10961.78515625,2420020,0.0,0.0
2019-10-24 00:00:00+07:00,10984.669811320757,10984.669811320757,10870.24616745283,10916.015625,3228820,0.0,0.0
2019-10-25 00:00:00+07:00,10938.900353773584,10938.900353773584,10847.361438679243,10916.015625,9555140,0.0,0.0
2019-10-28 00:00:00+07:00,10961.785045463495,10984.669774159664,10870.246130678834,10893.130859375,13624180,0.0,0.0
2019-10-29 00:00:00+07:00,10893.130785205696,10893.130785205696,10778.707142503956,10847.361328125,3365180,0.0,0.0
2019-10-30 00:00:00+07:00,10847.361401982667,10984.669774159664,10801.591944590336,10893.130859375,3441440,0.0,0.0
2019-10-31 00:00:00+07:00,10893.130785205696,10961.78497082674,10847.361328125,10847.361328125,2699060,0.0,0.0
2019-11-01 00:00:00+07:00,10847.36136513158,10916.015550986842,10801.591907894735,10870.24609375,2593160,0.0,0.0
2019-11-04 00:00:00+07:00,10938.900715477412,11167.748010780288,10870.246526886547,11144.86328125,20019300,0.0,0.0
2019-11-05 00:00:00+07:00,11213.517755681818,11396.595596590909,11167.748295454548,11327.94140625,5389140,0.0,0.0
2019-11-06 00:00:00+07:00,11373.710866477271,11373.710866477271,11282.171946022729,11327.94140625,5741000,0.0,0.0
2019-11-07 00:00:00+07:00,11350.8251953125,11350.8251953125,11282.171010663433,11350.8251953125,2988880,0.0,0.0
2019-11-08 00:00:00+07:00,11350.825417081673,11511.018517725972,11350.825417081673,11488.1337890625,14674440,0.0,0.0
2019-11-11 00:00:00+07:00,11533.903283424454,11671.211655846171,11465.249097213593,11511.0185546875,7188120,0.0,0.0
2019-11-12 00:00:00+07:00,11465.249097213593,11533.903283424454,11442.36436847664,11511.0185546875,2821860,0.0,0.0
2019-11-13 00:00:00+07:00,11579.6734375,11579.6734375,11327.94140625,11327.94140625,6916700,0.0,0.0
2019-11-14 00:00:00+07:00,11305.0556640625,11327.940392127402,11190.63202373798,11305.0556640625,3779960,0.0,0.0
2019-11-15 00:00:00+07:00,11305.055813096134,11419.479454929093,11167.747442896583,11396.5947265625,3039980,0.0,0.0
2019-11-18 00:00:00+07:00,11396.594385065184,11419.479112746038,11190.6318359375,11190.6318359375,2695620,0.0,0.0
2019-11-19 00:00:00+07:00,11190.633025568182,11350.826136363636,11190.633025568182,11327.94140625,1972680,0.0,0.0
2019-11-20 00:00:00+07:00,11350.825883709016,11396.59534291752,11121.978587666496,11167.748046875,2371800,0.0,0.0
2019-11-21 00:00:00+07:00,11144.86264544548,11167.747373670214,10755.822265625,10755.822265625,8098940,0.0,0.0
2019-11-22 00:00:00+07:00,10984.670214208243,10984.670214208243,10435.436703497831,10549.8603515625,4697380,0.0,0.0
2019-11-25 00:00:00+07:00,10572.745259690182,10664.2841796875,10458.321609693536,10664.2841796875,2260160,0.0,0.0
2019-11-26 00:00:00+07:00,10710.052771855013,10755.822228144987,10664.283315565031,10732.9375,5646180,0.0,0.0
2019-11-27 00:00:00+07:00,10755.822152703426,10801.591608672376,10687.16796875,10687.16796875,8132060,0.0,0.0
2019-11-28 00:00:00+07:00,10687.168619080923,10687.168619080923,10481.2060546875,10481.2060546875,11175280,0.0,0.0
2019-11-29 00:00:00+07:00,10526.975513441594,10572.74497219569,10412.55186655636,10481.2060546875,6719800,0.0,0.0
2019-12-02 00:00:00+07:00,10504.090637475909,10549.860095591272,10343.897534072135,10389.6669921875,4602220,0.0,0.0
2019-12-03 00:00:00+07:00,10389.66688175582,10412.55161057026,10229.47378005474,10321.0126953125,14217300,0.0,0.0
2019-12-04 00:00:00+07:00,10321.012393390192,10732.9375,10321.012393390192,10732.9375,3805480,0.0,0.0
2019-12-05 00:00:00+07:00,10732.93833375336,10778.707793598787,10572.745224294356,10641.3994140625,1177500,0.0,0.0
2019-12-06 00:00:00+07:00,10641.398361568574,10710.052544546435,10572.744178590712,10595.62890625,1283240,0.0,0.0
2019-12-09 00:00:00+07:00,10595.628636410362,10641.398090563322,10389.66609272204,10435.435546875,1849640,0.0,0.0
2019-12-10 00:00:00+07:00,10412.551498413086,10435.436226981026,10206.58894130162,10252.3583984375,23722500,0.0,0.0
2019-12-11 00:00:00+07:00,10298.128075956773,10412.55172124518,10298.128075956773,10389.6669921875,22905580,0.0,0.0
2019-12-12 00:00:00+07:00,10366.781629657127,10664.283089227862,10366.781629657127,10595.62890625,10928660,0.0,0.0
2019-12-13 00:00:00+07:00,10618.513633909288,10641.398361568574,10526.974723272138,10595.62890625,8354960,0.0,0.0
2019-12-16 00:00:00+07:00,10526.974723272138,10595.62890625,10481.205267953565,10595.62890625,22943740,0.0,0.0
2019-12-17 00:00:00+07:00,10572.744861778849,10595.629590916897,10412.5517578125,10412.5517578125,16873900,0.0,0.0
2019-12-18 00:00:00+07:00,10389.6669921875,10435.436450302865,10343.897534072135,10389.6669921875,21942260,0.0,0.0
2019-12-19 00:00:00+07:00,10343.897275237696,10412.551460692814,10206.58890432746,10229.4736328125,25693180,0.0,0.0
2019-12-20 00:00:00+07:00,10252.357730263158,10435.435546875,10252.357730263158,10435.435546875,18117000,0.0,0.0
2019-12-23 00:00:00+07:00,10526.975657805737,10641.399306260146,10481.206198423972,10572.7451171875,4829460,0.0,0.0
2019-12-24 00:00:00+07:00,10595.628791610054,10595.628791610054,10458.320427139946,10526.974609375,17481700,0.0,0.0
2019-12-25 00:00:00+07:00,10526.974609375,10595.628791610054,10504.089881963317,10526.974609375,23394620,0.0,0.0
2019-12-26 00:00:00+07:00,10526.975621949568,10549.8603515625,10481.2061627237,10549.8603515625,9981360,0.0,0.0
2019-12-27 00:00:00+07:00,10549.859488651671,10618.513671875,10504.09003316945,10618.513671875,2406500,0.0,0.0
2019-12-30 00:00:00+07:00,10755.822228144987,10961.784781449893,10687.16804371002,10732.9375,6573600,0.0,0.0
2019-12-31 00:00:00+07:00,10732.93757464172,10870.24594446656,10732.93757464172,10778.70703125,1923080,0.0,0.0
2020-01-02 00:00:00+07:00,10778.70721589417,10916.015588071165,10755.822487198004,10893.130859375,2820080,0.0,0.0
2020-01-03 00:00:00+07:00,10938.900204809725,10961.78493327167,10824.4765625,10824.4765625,1513400,0.0,0.0
2020-01-06 00:00:00+07:00,10710.053458853035,10710.053458853035,10549.8603515625,10549.8603515625,2325980,0.0,0.0
2020-01-07 00:00:00+07:00,10549.859488651671,10618.513671875,10526.97476091056,10618.513671875,4920200,0.0,0.0
2020-01-08 00:00:00+07:00,10435.43648695055,10549.860132640795,10343.897570398352,10412.5517578125,3420780,0.0,0.0
2020-01-09 00:00:00+07:00,10526.975621949568,10572.745081175435,10458.321433110765,10549.8603515625,4019680,0.0,0.0
2020-01-10 00:00:00+07:00,10526.974723272138,10755.821999865011,10526.974723272138,10595.62890625,7358220,0.0,0.0
2020-01-13 00:00:00+07:00,10526.974571078432,10595.628753063726,10412.550934436274,10504.08984375,1784720,0.0,0.0
2020-01-14 00:00:00+07:00,10504.090784064549,10549.860242818642,10481.2060546875,10481.2060546875,4561960,0.0,0.0
2020-01-15 00:00:00+07:00,10481.2060546875,10526.975513441594,10435.436595933406,10481.2060546875,11830560,0.0,0.0
2020-01-16 00:00:00+07:00,10481.206339692864,10687.168909686829,10481.206339692864,10664.2841796875,12958440,0.0,0.0
2020-01-17 00:00:00+07:00,10710.052734375,10801.591646634615,10664.283278245191,10710.052734375,3750320,0.0,0.0
2020-01-20 00:00:00+07:00,10664.283240765524,10732.937424718952,10618.513784796574,10687.16796875,4723460,0.0,0.0
2020-01-21 00:00:00+07:00,10732.9379385395,11007.5546875,10710.05320945946,11007.5546875,15183680,0.0,0.0
2020-01-22 00:00:00+07:00,11099.09371368156,11099.09371368156,10961.7853378422,11076.208984375,4618300,0.0,0.0
2020-01-30 00:00:00+07:00,10755.822807212064,10893.131183474346,10412.55186655636,10481.2060546875,8337020,0.0,0.0
2020-01-31 00:00:00+07:00,10366.782443576389,10481.206090856482,9886.203125,9886.203125,12736520,0.0,0.0
2020-02-03 00:00:00+07:00,9382.738973266316,10115.050307765152,9314.08478565705,9817.548828125,8517500,0.0,0.0
2020-02-04 00:00:00+07:00,9840.4337733477,10023.51161099138,9703.125395114945,9954.857421875,4393140,0.0,0.0
2020-02-05 00:00:00+07:00,10069.281070402298,10137.935259518676,9863.31850305316,9954.857421875,4916420,0.0,0.0
2020-02-06 00:00:00+07:00,9909.08743402195,10275.243089782578,9840.433248566836,10229.4736328125,5354300,0.0,0.0
2020-02-07 00:00:00+07:00,10229.47348291126,10229.47348291126,10023.51092956405,10137.9345703125,3970880,0.0,0.0
2020-02-10 00:00:00+07:00,10023.510704197652,10069.280159467962,9909.087066021882,10000.6259765625,4267600,0.0,0.0
2020-02-11 00:00:00+07:00,10000.62620141436,10206.588754761568,10000.62620141436,10137.9345703125,2706720,0.0,0.0
2020-02-12 00:00:00+07:00,10206.589123723788,10504.090600424255,10160.819665769868,10366.7822265625,52284480,0.0,0.0
2020-02-13 00:00:00+07:00,10321.01273204162,10366.78218983338,10252.358545353982,10343.8974609375,3810820,0.0,0.0
2020-02-14 00:00:00+07:00,10572.745259690182,10710.05363968616,10481.206339692864,10664.2841796875,8791480,0.0,0.0
2020-02-17 00:00:00+07:00,10710.053029805673,10938.90031676733,10641.398843717174,10893.130859375,12786740,0.0,0.0
2020-02-18 00:00:00+07:00,10893.130785205696,11030.439156447785,10778.707142503956,10847.361328125,8537540,0.0,0.0
2020-02-19 00:00:00+07:00,10801.591834038054,10847.361290961944,10732.93764865222,10824.4765625,4401380,0.0,0.0
2020-02-20 00:00:00+07:00,10847.361178523935,10938.900091422873,10664.283352726065,10755.822265625,5901900,0.0,0.0
2020-02-21 00:00:00+07:00,10710.053495332791,10847.361873478085,10572.7451171875,10572.7451171875,6091760,0.0,0.0
2020-02-24 00:00:00+07:00,10412.550792605378,10412.550792605378,9840.4326171875,9840.4326171875,16367140,0.0,0.0
2020-02-25 00:00:00+07:00,9611.586782094597,10183.70504293356,9520.04786036036,10160.8203125,6473800,0.0,0.0
2020-02-26 00:00:00+07:00,9954.85689099203,10298.127818267618,9886.202705536913,10229.4736328125,4487000,0.0,0.0
2020-02-27 00:00:00+07:00,10229.473924708103,10412.5517578125,10160.819737293956,10412.5517578125,6526060,0.0,0.0
2020-02-28 00:00:00+07:00,10069.280459971911,10252.358286516854,10000.626275017556,10183.7041015625,4866300,0.0,0.0
2020-03-02 00:00:00+07:00,10252.358472222222,10366.782115885417,10115.050099826389,10298.1279296875,5134700,0.0,0.0
2020-03-03 00:00:00+07:00,10458.321030815972,10526.975217013887,10298.1279296875,10298.1279296875,5210040,0.0,0.0
2020-03-04 00:00:00+07:00,10229.47378005474,10343.89742412694,10160.81959361142,10321.0126953125,3873240,0.0,0.0
2020-03-05 00:00:00+07:00,10321.012509196327,10458.320879606925,10206.5888671875,10206.5888671875,4198160,0.0,0.0
2020-03-06 00:00:00+07:00,10160.8192230017,10160.8192230017,9977.741399163831,10092.1650390625,17079840,0.0,0.0
2020-03-09 00:00:00+07:00,9451.392502090936,9611.585595346714,9405.623046875,9405.623046875,17923166,0.0,0.0
2020-03-10 00:00:00+07:00,9336.969938858696,9611.586701766304,9199.661557404892,9474.2783203125,24315720,0.0,0.0
2020-03-11 00:00:00+07:00,9520.046713082902,9588.700896109942,8833.5048828125,8833.5048828125,12253100,0.0,0.0
2020-03-12 00:00:00+07:00,8238.502894324512,8467.350196944637,8215.6181640625,8215.6181640625,10330320,0.0,0.0
2020-03-13 00:00:00+07:00,7643.499208047945,8490.234150256849,7643.499208047945,8352.92578125,26273580,0.0,0.0
2020-03-16 00:00:00+07:00,8352.925665125806,8352.925665125806,7872.346380282951,7986.77001953125,13661900,0.0,0.0
2020-03-17 00:00:00+07:00,7780.808289084262,8215.6181640625,7712.154098298224,8215.6181640625,27296320,0.0,0.0
2020-03-18 00:00:00+07:00,8284.272354848537,8330.041815372562,8101.194512752437,8215.6181640625,37633040,0.0,0.0
2020-03-19 00:00:00+07:00,8055.424547101449,8146.963462409421,7849.461987658515,7895.2314453125,6873420,0.0,0.0
2020-03-20 00:00:00+07:00,7986.77043464067,8009.655163679755,7849.46206040616,7941.0009765625,5676280,0.0,0.0
2020-03-23 00:00:00+07:00,7414.65230746904,7780.807976973684,7391.767578125,7391.767578125,11505380,0.0,0.0
2020-03-24 00:00:00+07:00,7551.96014593847,7551.96014593847,7323.1128687888195,7368.88232421875,6714000,0.0,0.0
2020-03-25 00:00:00+07:00,7551.960522755083,7643.499438182417,7460.421607327748,7597.72998046875,10200540,0.0,0.0
2020-03-26 00:00:00+07:00,7597.7296013684,7597.7296013684,7368.88232421875,7368.88232421875,34761980,0.0,0.0
2020-03-27 00:00:00+07:00,7391.766975402832,7414.651702880859,7140.034973144531,7323.11279296875,16854660,0.0,0.0
2020-03-30 00:00:00+07:00,6911.187837536703,7094.26566104761,6819.64892578125,6819.64892578125,6987460,0.0,0.0
2020-03-31 00:00:00+07:00,6865.41845703125,7094.265738932292,6407.723893229167,6865.41845703125,5497700,0.0,0.0
2020-04-01 00:00:00+07:00,6865.418819304436,7140.035572076613,6567.917337134577,7094.26611328125,58512960,0.0,0.0
2020-04-03 00:00:00+07:00,7094.26588377366,7300.228441689669,7094.26588377366,7254.458984375,4267020,0.0,0.0
2020-04-06 00:00:00+07:00,7414.651928926991,7757.9228515625,7368.882472575589,7757.9228515625,10961740,0.0,0.0
2020-04-07 00:00:00+07:00,7780.8075797382,7872.346492441003,7689.268667035398,7757.9228515625,9079980,0.0,0.0
2020-04-08 00:00:00+07:00,7689.268969872754,7689.268969872754,7460.421679102732,7643.49951171875,2953600,0.0,0.0
2020-04-09 00:00:00+07:00,7826.577492256843,7849.462221766365,7712.153844709227,7735.03857421875,4539660,0.0,0.0
2020-04-10 00:00:00+07:00,7643.499061333955,7757.922699976679,7620.61433360541,7666.3837890625,3097800,0.0,0.0
2020-04-13 00:00:00+07:00,7666.384121207304,8055.424509447675,7666.384121207304,7872.3466796875,7100660,0.0,0.0
2020-04-14 00:00:00+07:00,7941.000828512208,7941.000828512208,7735.038271000364,7849.4619140625,2949700,0.0,0.0
2020-04-15 00:00:00+07:00,7918.116391782407,8032.5400390625,7872.34693287037,8032.5400390625,11250160,0.0,0.0
2020-04-16 00:00:00+07:00,8009.655309606482,8032.5400390625,7872.34693287037,8032.5400390625,4846300,0.0,0.0
2020-04-17 00:00:00+07:00,8146.963831426056,8169.848561289613,8009.655452244719,8124.0791015625,9321940,0.0,0.0
2020-04-20 00:00:00+07:00,8192.732761189089,8215.617489572298,8009.654934123411,8101.19384765625,7140780,0.0,0.0
2020-04-21 00:00:00+07:00,7918.115871893546,7963.885327800445,7643.499136452151,7712.1533203125,6090040,0.0,0.0
2020-04-22 00:00:00+07:00,7437.537090594952,7872.346951275888,7437.537090594952,7735.03857421875,3963900,0.0,0.0
2020-04-23 00:00:00+07:00,7872.346492441003,7918.115948792403,7757.9228515625,7757.9228515625,10890580,0.0,0.0
2020-04-24 00:00:00+07:00,7826.5771484375,7849.461876941703,7735.038234420687,7826.5771484375,1703540,0.0,0.0
2020-04-27 00:00:00+07:00,7826.577111207845,7895.231296393878,7780.807654417155,7803.6923828125,4954108,0.0,0.0
2020-04-28 00:00:00+07:00,7849.461876941703,7849.461876941703,7712.153505916484,7826.5771484375,4708320,0.0,0.0
2020-04-29 00:00:00+07:00,7826.577222247456,8032.539780727652,7780.807764807412,7872.3466796875,7850020,0.0,0.0
2020-05-04 00:00:00+07:00,7872.346342941811,8101.193620352909,7849.4616152007,7963.88525390625,4837680,0.0,0.0
2020-05-05 00:00:00+07:00,8009.65470938847,8055.42416487069,7941.00052616514,7963.88525390625,2132000,0.0,0.0
2020-05-06 00:00:00+07:00,8032.5400390625,8032.5400390625,7895.231662326389,8032.5400390625,3350200,0.0,0.0
2020-05-07 00:00:00+07:00,8032.5396625066205,8101.19384765625,7986.770205740201,8101.19384765625,5679080,0.0,0.0
2020-05-08 00:00:00+07:00,8101.193312872024,8650.4267578125,8101.193312872024,8650.4267578125,15520940,0.0,0.0
2020-05-11 00:00:00+07:00,8925.043510210397,9245.4296875,8856.389329362624,9245.4296875,13731360,0.0,0.0
2020-05-12 00:00:00+07:00,9199.660535497573,9497.161995600727,8970.813258495145,9428.5078125,9832720,0.0,0.0
2020-05-13 00:00:00+07:00,9291.199446298544,9474.277267900485,9062.352169296117,9428.5078125,9859480,0.0,0.0
2020-05-14 00:00:00+07:00,9336.969798018294,9428.508717606708,9199.661418635673,9382.7392578125,10679180,0.0,0.0
2020-05-15 00:00:00+07:00,9428.50853587963,9428.50853587963,9153.891782407409,9268.3154296875,7070160,0.0,0.0
2020-05-18 00:00:00+07:00,9176.775844620155,9497.16203370914,9108.121661243946,9451.392578125,9739220,0.0,0.0
2020-05-19 00:00:00+07:00,9771.778281341696,9794.663007995892,9588.700468108127,9748.8935546875,8401860,0.0,0.0
2020-05-20 00:00:00+07:00,9611.585974614014,9703.124888657958,9588.70124610303,9634.470703125,4119700,0.0,0.0
2020-05-21 00:00:00+07:00,9634.47137784091,10069.28125,9542.932457386363,10069.28125,7078820,0.0,0.0
2020-05-22 00:00:00+07:00,9886.202716745844,9886.202716745844,9634.470703125,9634.470703125,7345560,0.0,0.0
2020-05-25 00:00:00+07:00,9657.355431635986,9748.89434567993,9588.70124610303,9634.470703125,5081860,0.0,0.0
2020-05-26 00:00:00+07:00,9657.355505688534,9748.894420434395,9611.586048315605,9680.240234375,5660900,0.0,0.0
2020-05-27 00:00:00+07:00,9703.125766297848,9794.664688621411,9565.8173828125,9565.8173828125,5346980,0.0,0.0
2020-05-28 00:00:00+07:00,9565.8173828125,9703.125766297848,9520.047921650716,9565.8173828125,3681440,0.0,0.0
2020-05-29 00:00:00+07:00,9542.932511039402,9588.701971524004,9474.2783203125,9474.2783203125,3295920,0.0,0.0
2020-06-01 00:00:00+07:00,9520.04628814554,9748.8935546875,9520.04628814554,9748.8935546875,5376020,0.0,0.0
2020-06-02 00:00:00+07:00,9840.43333518026,9840.43333518026,9657.355505688534,9680.240234375,11595500,0.0,0.0
2020-06-03 00:00:00+07:00,9680.240380745025,9817.548754939988,9680.240380745025,9771.779296875,4276700,0.0,0.0
2020-06-04 00:00:00+07:00,9794.66391509434,9817.548643867924,9703.125,9703.125,4433520,0.0,0.0
2020-06-05 00:00:00+07:00,9726.009911312643,9817.548828125,9657.35572370338,9817.548828125,9559562,0.0,0.0
2020-06-08 00:00:00+07:00,9863.317497569844,10023.510589177708,9863.317497569844,9931.9716796875,25715720,0.0,0.0
2020-06-09 00:00:00+07:00,9931.9725474913,9977.7420062355,9840.4336300029,9863.318359375,19405240,0.0,0.0
2020-06-10 00:00:00+07:00,9771.778700210954,10046.395431832809,9726.009244940646,10000.6259765625,5223400,0.0,0.0
2020-06-11 00:00:00+07:00,10023.511994430324,10023.511994430324,9565.8173828125,9565.8173828125,20181620,0.0,0.0
2020-06-12 00:00:00+07:00,9428.508218823878,9726.009691747931,9382.738761450946,9680.240234375,7903580,0.0,0.0
2020-06-15 00:00:00+07:00,9657.355716534516,9657.355716534516,9176.7764036264,9199.6611328125,4734440,0.0,0.0
2020-06-16 00:00:00+07:00,9382.738357099515,9428.5078125,9291.199446298544,9428.5078125,38301120,0.0,0.0
2020-06-17 00:00:00+07:00,9428.508572583129,9428.508572583129,9268.315465767397,9291.2001953125,3347800,0.0,0.0
2020-06-18 00:00:00+07:00,9291.199141398514,9359.853322246288,9245.4296875,9245.4296875,24551940,0.0,0.0
2020-06-19 00:00:00+07:00,9245.430878429876,9382.7392578125,9245.430878429876,9382.7392578125,24351760,0.0,0.0
2020-06-22 00:00:00+07:00,9588.70102127259,9588.70102127259,9382.738469503012,9497.162109375,2443480,0.0,0.0
2020-06-23 00:00:00+07:00,9497.16203370914,9520.04676150121,9428.50785033293,9451.392578125,6382260,0.0,0.0
2020-06-24 00:00:00+07:00,9474.278177400916,9497.162907298018,9336.969798018294,9382.7392578125,3108800,0.0,0.0
2020-06-25 00:00:00+07:00,9245.4296875,9336.96859529703,9199.660233601486,9245.4296875,4920800,0.0,0.0
2020-06-26 00:00:00+07:00,9382.73914983876,9382.73914983876,9222.546042402488,9314.0849609375,1413260,0.0,0.0
2020-06-29 00:00:00+07:00,9153.891340648855,9199.6607973521,8970.813513835878,8993.6982421875,6807000,0.0,0.0
2020-06-30 00:00:00+07:00,9039.467623581362,9108.121808064256,8741.96615748881,8947.9287109375,12581020,0.0,0.0
2020-07-01 00:00:00+07:00,8925.044167258522,9108.121996330492,8902.159438624527,9062.3525390625,1502920,0.0,0.0
2020-07-02 00:00:00+07:00,9131.006687598892,9131.006687598892,8925.04413073576,9039.4677734375,13180020,0.0,0.0
2020-07-03 00:00:00+07:00,9039.467810428505,9062.3525390625,8947.928895892519,9062.3525390625,1786780,0.0,0.0
2020-07-06 00:00:00+07:00,9062.352864583334,9268.3154296875,9062.352864583334,9268.3154296875,3755500,0.0,0.0
2020-07-07 00:00:00+07:00,9291.200159143518,9336.969618055557,9245.430700231482,9268.3154296875,6549820,0.0,0.0
2020-07-08 00:00:00+07:00,9245.430591184702,9268.315320370804,9199.6611328125,9199.6611328125,25143080,0.0,0.0
2020-07-09 00:00:00+07:00,9268.314975201372,9588.701171875,9199.66079019988,9588.701171875,6621820,0.0,0.0
2020-07-10 00:00:00+07:00,9542.931335001527,9588.70078984566,9359.853515625,9359.853515625,15597480,0.0,0.0
2020-07-13 00:00:00+07:00,9520.047490763547,9520.047490763547,9153.891818041871,9291.2001953125,3529838,0.0,0.0
2020-07-14 00:00:00+07:00,9245.430591184702,9291.200049556905,9153.8916744403,9199.6611328125,3618240,0.0,0.0
2020-07-15 00:00:00+07:00,9291.199446298544,9497.161995600727,9291.199446298544,9428.5078125,3394380,0.0,0.0
2020-07-16 00:00:00+07:00,9428.508110119048,9611.5859375,9336.96919642857,9611.5859375,3324300,0.0,0.0
2020-07-17 00:00:00+07:00,9474.277267900485,9520.046723300971,9405.623084799758,9428.5078125,12083900,0.0,0.0
2020-07-20 00:00:00+07:00,9382.7392578125,9451.393447503811,9359.854527915397,9382.7392578125,2329120,0.0,0.0
2020-07-21 00:00:00+07:00,9382.7392578125,9405.623987709603,9291.200338224084,9382.7392578125,1636420,0.0,0.0
2020-07-22 00:00:00+07:00,9428.50853587963,9428.50853587963,9268.3154296875,9268.3154296875,28014340,0.0,0.0
2020-07-23 00:00:00+07:00,9245.43073622229,9291.2001953125,9199.661277132082,9291.2001953125,1722280,0.0,0.0
2020-07-24 00:00:00+07:00,9291.19959435096,9291.19959435096,8696.196664663461,8925.0439453125,7532480,0.0,0.0
2020-07-27 00:00:00+07:00,8741.967108944558,8787.736570247933,8307.1572265625,8307.1572265625,6155300,0.0,0.0
2020-07-28 00:00:00+07:00,8330.041416666667,8604.658166666666,8238.5025,8581.7734375,6667740,0.0,0.0
2020-07-29 00:00:00+07:00,8375.811418517562,8421.580879820936,8009.655728090564,8307.1572265625,3682500,0.0,0.0
2020-07-30 00:00:00+07:00,8330.041309643817,8696.196971606183,8009.6551054267475,8513.119140625,1949820,0.0,0.0
2020-07-31 00:00:00+07:00,8330.041957214187,8536.004533079373,8307.1572265625,8307.1572265625,12688100,0.0,0.0
2020-08-03 00:00:00+07:00,8352.926038516465,8513.119140625,8307.156580771169,8513.119140625,2495520,0.0,0.0
2020-08-04 00:00:00+07:00,8650.42769811008,8741.966615550398,8581.773510029841,8627.54296875,7492220,0.0,0.0
2020-08-05 00:00:00+07:00,8650.427172035668,8902.1591796875,8558.888260162275,8902.1591796875,22365280,0.0,0.0
2020-08-06 00:00:00+07:00,8879.275248209635,8925.044708251953,8741.966868082682,8787.736328125,3721320,0.0,0.0
2020-08-07 00:00:00+07:00,8833.50476807278,8856.389495451207,8719.081131180646,8764.8505859375,1962580,0.0,0.0
2020-08-10 00:00:00+07:00,8833.505929848583,9016.583772954253,8833.505929848583,8879.275390625,9087340,0.0,0.0
2020-08-11 00:00:00+07:00,8947.928635624196,8947.928635624196,8833.504995782454,8902.1591796875,2668120,0.0,0.0
2020-08-12 00:00:00+07:00,8902.159328781012,9016.582970539122,8902.159328781012,8993.6982421875,3311060,0.0,0.0
2020-08-13 00:00:00+07:00,9039.467810428505,9085.237267696495,8970.813624526516,9062.3525390625,3368360,0.0,0.0
2020-08-14 00:00:00+07:00,9062.3525390625,9245.43036813447,8993.698353160511,9062.3525390625,5177700,0.0,0.0
2020-08-17 00:00:00+07:00,9039.468028509797,9222.5458619986,9039.468028509797,9199.6611328125,5945480,0.0,0.0
2020-08-18 00:00:00+07:00,9199.66109628273,9245.430554473192,9153.89163809227,9176.7763671875,14282560,0.0,0.0
2020-08-19 00:00:00+07:00,9199.660233601486,9268.314414449258,9153.89077970297,9245.4296875,2265240,0.0,0.0
2020-08-20 00:00:00+07:00,9245.42953125,9268.3142578125,9085.2364453125,9153.890625,7319980,0.0,0.0
2020-08-21 00:00:00+07:00,9199.661312768734,9336.969690571254,9199.661312768734,9314.0849609375,5635100,0.0,0.0
2020-08-24 00:00:00+07:00,9497.162258539678,9611.585900208833,9382.738616870523,9588.701171875,5499480,0.0,0.0
2020-08-25 00:00:00+07:00,9611.585194762323,9794.663007995892,9611.585194762323,9748.8935546875,7551280,0.0,0.0
2020-08-26 00:00:00+07:00,9703.124925947866,9748.894383145736,9611.586011552132,9657.35546875,4233660,0.0,0.0
2020-08-27 00:00:00+07:00,9657.355505688534,9703.124963061466,9611.586048315605,9680.240234375,4656980,0.0,0.0
2020-08-28 00:00:00+07:00,9748.894748263889,10000.626772280091,9726.01001880787,9886.203125,10308460,0.0,0.0
2020-08-31 00:00:00+07:00,9886.201914612677,9977.74082122946,9726.008828033304,9748.8935546875,3587580,0.0,0.0
2020-09-01 00:00:00+07:00,9748.893860707083,9931.9716796875,9657.354951216876,9931.9716796875,7998700,0.0,0.0
2020-09-03 00:00:00+07:00,9954.857599431818,10115.050710227271,9931.972869318182,10069.28125,6816820,0.0,0.0
2020-09-04 00:00:00+07:00,9931.971793657036,10023.510704197652,9931.971793657036,10000.6259765625,6033820,0.0,0.0
2020-09-07 00:00:00+07:00,10000.626474056604,10046.395931603774,9703.125,9703.125,25297880,0.0,0.0
2020-09-08 00:00:00+07:00,9771.778436137354,9840.4326171875,9634.470074037064,9840.4326171875,14792480,0.0,0.0
2020-09-09 00:00:00+07:00,9657.35554245283,9840.43337264151,9588.701356132076,9703.125,5524780,0.0,0.0
2020-09-10 00:00:00+07:00,9748.894640515737,9886.203015734263,9748.894640515737,9817.548828125,3049800,0.0,0.0
2020-09-11 00:00:00+07:00,9726.008828033304,9817.547734650088,9657.354648070715,9748.8935546875,2523880,0.0,0.0
2020-09-14 00:00:00+07:00,9748.89370912064,9863.317344204215,9748.89370912064,9840.4326171875,12247060,0.0,0.0
2020-09-15 00:00:00+07:00,9840.433483972482,9863.318213004975,9771.779296875,9771.779296875,27503760,0.0,0.0
2020-09-16 00:00:00+07:00,9771.77933338201,9817.54879161799,9726.009875146028,9794.6640625,3689760,0.0,0.0
2020-09-17 00:00:00+07:00,9794.663007995892,9886.201914612677,9726.008828033304,9748.8935546875,17308060,0.0,0.0
2020-09-18 00:00:00+07:00,9794.664349197246,9977.7421875,9771.779619409404,9977.7421875,39528240,0.0,0.0
2020-09-21 00:00:00+07:00,10069.280496776906,10206.5888671875,10069.280496776906,10206.5888671875,23211780,0.0,0.0
2020-09-22 00:00:00+07:00,10160.819447357382,10275.243089782578,10092.165261902264,10229.4736328125,7339680,0.0,0.0
2020-09-23 00:00:00+07:00,10229.473595589265,10298.127780794564,10183.704138785732,10206.5888671875,12572900,0.0,0.0
2020-09-24 00:00:00+07:00,10183.704249460608,10275.2431640625,10115.050063509188,10275.2431640625,20364160,0.0,0.0
2020-09-25 00:00:00+07:00,10275.24312700544,10298.127855573382,10183.704212733675,10252.3583984375,21845040,0.0,0.0
2020-09-28 00:00:00+07:00,10229.473996085202,10526.97547695569,10183.704537489744,10458.3212890625,42762480,0.0,0.0
2020-09-29 00:00:00+07:00,10481.20579701358,10526.97525464246,10321.0126953125,10321.0126953125,18946040,0.0,0.0
2020-09-30 00:00:00+07:00,10321.01273204162,10343.8974609375,10206.589087562224,10343.8974609375,5215960,0.0,0.0
2020-10-01 00:00:00+07:00,10366.781365645558,10481.20500102796,10343.896638569078,10435.435546875,7791800,0.0,0.0
2020-10-02 00:00:00+07:00,10481.20579701358,10526.97525464246,10229.47378005474,10321.0126953125,8806960,0.0,0.0
2020-10-05 00:00:00+07:00,10321.0126953125,10412.55161057026,10183.70432242586,10321.0126953125,12761180,0.0,0.0
2020-10-06 00:00:00+07:00,10389.666769845146,10412.551498413086,10160.819484165737,10252.3583984375,13701460,0.0,0.0
2020-10-07 00:00:00+07:00,10206.58948537844,10229.474215166283,9977.7421875,9977.7421875,24318420,0.0,0.0
2020-10-08 00:00:00+07:00,10023.511316232436,10069.280774297424,9771.779296875,9771.779296875,32797800,0.0,0.0
2020-10-09 00:00:00+07:00,9840.433483972482,10046.39604526493,9748.894567842506,9771.779296875,36045780,0.0,0.0
2020-10-12 00:00:00+07:00,9931.972287735847,10000.626474056604,9703.125,9703.125,31395460,0.0,0.0
2020-10-13 00:00:00+07:00,9726.009875146028,9909.087708089954,9703.125146028038,9794.6640625,30390400,0.0,0.0
2020-10-14 00:00:00+07:00,9886.203056619255,10458.3212890625,9886.203056619255,10458.3212890625,149965840,0.0,0.0
2020-10-15 00:00:00+07:00,10732.938040635256,10893.131145719364,10435.43655976477,10458.3212890625,54560100,0.0,0.0
2020-10-16 00:00:00+07:00,10481.205871447297,10664.28370326297,10343.897497585542,10366.7822265625,73662780,0.0,0.0
2020-10-19 00:00:00+07:00,10504.089881963317,10687.167701256794,10458.320427139946,10526.974609375,69512280,0.0,0.0
2020-10-20 00:00:00+07:00,10526.975271312762,11053.3240348784,10526.975271312762,10938.900390625,71554040,0.0,0.0
2020-10-21 00:00:00+07:00,11076.208651315788,11167.747565789474,10847.36136513158,10870.24609375,65092140,0.0,0.0
2020-10-22 00:00:00+07:00,10847.361511612737,10984.669885177453,10755.822595902922,10961.78515625,48983980,0.0,0.0
2020-10-23 00:00:00+07:00,11030.439379882811,11076.208837890626,10916.015734863282,10984.669921875,56970000,0.0,0.0
2020-10-26 00:00:00+07:00,11167.747256423983,11419.479264253212,10687.16796875,10687.16796875,49415340,0.0,0.0
2020-10-27 00:00:00+07:00,10893.131479680793,10961.785669678782,10664.2841796875,10664.2841796875,62390660,0.0,0.0
2020-10-28 00:00:00+07:00,10664.283512660437,10732.937698364258,10252.3583984375,10252.3583984375,77867860,0.0,0.0
2020-10-29 00:00:00+07:00,10115.050566227064,10389.667323681191,9977.7421875,9977.7421875,72298920,0.0,0.0
2020-10-30 00:00:00+07:00,10115.050232362411,10183.704419459897,9771.779296875,9771.779296875,58219520,0.0,0.0
2020-11-02 00:00:00+07:00,9886.202978971962,10000.626624561915,9794.6640625,9794.6640625,45887360,0.0,0.0
2020-11-03 00:00:00+07:00,9977.742329545456,10275.243821022728,9909.088139204548,10069.28125,56003500,0.0,0.0
2020-11-04 00:00:00+07:00,10229.47348291126,10343.897123659706,10137.9345703125,10137.9345703125,44055340,0.0,0.0
2020-11-05 00:00:00+07:00,10137.935296014908,10229.474215166283,9977.7421875,9977.7421875,40411320,0.0,0.0
2020-11-06 00:00:00+07:00,10023.511501736111,10069.280960648148,9840.433666087964,9886.203125,30997760,0.0,0.0
2020-11-09 00:00:00+07:00,10000.626127143563,10160.8192230017,9977.741399163831,10092.1650390625,35919800,0.0,0.0
2020-11-10 00:00:00+07:00,10298.12762920673,10321.012357271637,10092.165076622596,10115.0498046875,42561820,0.0,0.0
2020-11-11 00:00:00+07:00,10160.820170454546,10252.35909090909,10069.28125,10069.28125,30036380,0.0,0.0
2020-11-12 00:00:00+07:00,10115.049953580436,10206.5888671875,10069.280496776906,10206.5888671875,21542240,0.0,0.0
2020-11-13 00:00:00+07:00,10252.357880434784,10595.628791610054,10252.357880434784,10526.974609375,45953940,0.0,0.0
2020-11-16 00:00:00+07:00,10710.05334845797,10710.05334845797,10435.436595933406,10481.2060546875,50472540,0.0,0.0
2020-11-17 00:00:00+07:00,10526.974872858673,10687.16796875,10458.320688905247,10687.16796875,35936520,0.0,0.0
2020-11-18 00:00:00+07:00,10664.283240765524,10801.591608672376,10572.744328827624,10687.16796875,45521480,0.0,0.0
2020-11-19 00:00:00+07:00,10687.168006310096,10801.591646634615,10618.513822115385,10710.052734375,33871040,0.0,0.0
2020-11-20 00:00:00+07:00,10755.822190504809,10755.822190504809,10664.283278245191,10710.052734375,27592160,0.0,0.0
2020-11-23 00:00:00+07:00,10710.05288334216,10824.47652525821,10572.744513042902,10801.591796875,35714460,0.0,0.0
2020-11-24 00:00:00+07:00,10847.361290961944,10984.669661733617,10710.052920190274,10824.4765625,45061540,0.0,0.0
2020-11-25 00:00:00+07:00,10961.784895557468,10961.784895557468,10778.70706849179,10801.591796875,29083780,0.0,0.0
2020-11-26 00:00:00+07:00,10824.47652525821,10847.36125364142,10710.05288334216,10801.591796875,26183140,0.0,0.0
2020-11-27 00:00:00+07:00,10801.591871044304,10938.900242286392,10778.707142503956,10847.361328125,35185060,0.0,0.0
2020-11-30 00:00:00+07:00,10961.785265657418,11167.747828060166,10847.361619878113,11030.439453125,50758460,0.0,0.0
2020-12-01 00:00:00+07:00,10893.130412946428,11213.5166015625,10824.476229671556,11213.5166015625,45895520,0.0,0.0
2020-12-02 00:00:00+07:00,11259.286502427787,11579.672703716384,11259.286502427787,11488.1337890625,79670660,0.0,0.0
2020-12-03 00:00:00+07:00,11488.13371484375,11671.21154296875,11442.3642578125,11442.3642578125,40024500,0.0,0.0
2020-12-04 00:00:00+07:00,11373.709923528855,11442.364108177922,11327.940467096145,11350.8251953125,33515720,0.0,0.0
2020-12-07 00:00:00+07:00,11350.82538048902,11533.903209206586,11350.82538048902,11465.2490234375,26089020,0.0,0.0
2020-12-08 00:00:00+07:00,11533.903171875,11533.903171875,11396.59480078125,11442.3642578125,28682280,0.0,0.0
2020-12-09 00:00:00+07:00,11488.133305521844,11854.288948725727,11465.2485778216,11785.634765625,39430940,0.0,0.0
2020-12-10 00:00:00+07:00,11900.0590569417,11900.0590569417,11579.6728515625,11579.6728515625,38666120,0.0,0.0
2020-12-11 00:00:00+07:00,11579.67310474537,11739.8662109375,11465.249457465276,11739.8662109375,28313340,0.0,0.0
2020-12-14 00:00:00+07:00,11854.289286140269,12037.367112953243,11762.75037273378,11991.59765625,52742600,0.0,0.0
2020-12-15 00:00:00+07:00,11945.828162344646,12060.251803746414,11877.173977503584,11968.712890625,34996840,0.0,0.0
2020-12-16 00:00:00+07:00,12106.020684257604,12792.5625,12083.13595706619,12792.5625,63917540,0.0,0.0
2020-12-17 00:00:00+07:00,12815.447530864198,13433.33517967372,12792.562803130511,12975.640625,59953440,0.0,0.0
2020-12-18 00:00:00+07:00,13044.295436911389,13387.566369461689,13044.295436911389,13364.681640625,48150180,0.0,0.0
2020-12-21 00:00:00+07:00,13501.989181414752,13685.067000823768,13318.91136200574,13456.2197265625,58004020,0.0,0.0
2020-12-22 00:00:00+07:00,13341.796911788311,13501.99001364512,13296.02745411494,13364.681640625,37684960,0.0,0.0
2020-12-23 00:00:00+07:00,13364.681266332753,13387.565994528528,13044.2950715919,13135.833984375,44598740,0.0,0.0
2020-12-24 00:00:00+07:00,13227.37231663685,13227.37231663685,12311.983228980322,12792.5625,52213200,0.0,0.0
2020-12-25 00:00:00+07:00,12792.563663282572,13547.75972927242,12678.140016920472,13524.875,37594280,0.0,0.0
2020-12-28 00:00:00+07:00,13685.068214699077,13868.146050347224,13501.990379050923,13593.529296875,31574600,0.0,0.0
2020-12-29 00:00:00+07:00,13570.644603466388,13685.06825105042,13501.990414915968,13616.4140625,27917540,0.0,0.0
2020-12-30 00:00:00+07:00,13639.298899979098,13982.56984544837,13593.529440583194,13685.068359375,33258880,0.0,0.0
2020-12-31 00:00:00+07:00,13707.952325148808,14531.802548363095,13685.06759672619,14417.37890625,32973020,0.0,0.0
2021-01-04 00:00:00+07:00,14646.226325757576,15286.99872750947,14600.456868489584,15103.9208984375,39379840,0.0,0.0
2021-01-05 00:00:00+07:00,14989.497291922751,15264.11403620225,14897.958377162917,15126.8056640625,35245400,0.0,0.0
2021-01-06 00:00:00+07:00,15195.4599609375,15607.385080360504,15081.036316653332,15195.4599609375,45352600,0.0,0.0
2021-01-07 00:00:00+07:00,15447.192030008127,15836.232421875,15286.99892747471,15836.232421875,36157000,0.0,0.0
2021-01-08 00:00:00+07:00,16019.310087316177,16591.428304720324,15973.540629923844,16339.6962890625,37839800,0.0,0.0
2021-01-11 00:00:00+07:00,16362.581671099291,16591.428967198583,16110.84964539007,16133.734375,32059000,0.0,0.0
2021-01-12 00:00:00+07:00,16019.310619212964,16248.157913773148,15790.463324652776,16065.080078125,33800520,0.0,0.0
2021-01-13 00:00:00+07:00,16225.272235897492,16477.004245199147,16065.079139069168,16087.9638671875,33964800,0.0,0.0
2021-01-14 00:00:00+07:00,16179.50419034091,16385.466761363637,15950.656889204543,16362.58203125,24410400,0.0,0.0
2021-01-15 00:00:00+07:00,16614.31290811567,17186.431121205052,16591.428179592094,16866.044921875,38794420,0.0,0.0
2021-01-18 00:00:00+07:00,17026.23752589779,17026.23752589779,16431.23460160566,16568.54296875,27516000,0.0,0.0
2021-01-19 00:00:00+07:00,16431.234830153022,16660.08211191003,15424.306790422195,15515.845703125,46039000,0.0,0.0
2021-01-20 00:00:00+07:00,15653.154517663042,15904.886534759964,14646.226449275362,15790.462890625,56351400,0.0,0.0
2021-01-21 00:00:00+07:00,16133.7331394596,16568.54296875,15790.462221598757,16568.54296875,41544400,0.0,0.0
2021-01-22 00:00:00+07:00,16682.968645080062,16888.931220945247,16385.467146608127,16614.314453125,28694800,0.0,0.0
2021-01-25 00:00:00+07:00,16362.582066711768,16637.198828670567,16293.927876222067,16385.466796875,31279200,0.0,0.0
2021-01-26 00:00:00+07:00,16248.156849888392,16385.46521763393,15332.76773158482,16019.3095703125,36442800,0.0,0.0
2021-01-27 00:00:00+07:00,15676.038494053171,16133.733048624068,14943.72720673974,15332.767578125,37550800,0.0,0.0
2021-01-28 00:00:00+07:00,14417.379666841947,15103.921555739182,14280.0712890625,14280.0712890625,60193080,0.0,0.0
2021-01-29 00:00:00+07:00,13547.758666992188,15264.113227844238,13547.758666992188,14646.2255859375,54841800,0.0,0.0
2021-02-01 00:00:00+07:00,14646.22573757764,15332.767569026591,14440.263188142952,14737.7646484375,30558800,0.0,0.0
2021-02-02 00:00:00+07:00,14737.76594094669,15607.385670381434,14623.342292336856,15561.6162109375,28594800,0.0,0.0
2021-02-03 00:00:00+07:00,15790.462290736608,16248.156849888392,15561.615011160711,16019.3095703125,36713800,0.0,0.0
2021-02-04 00:00:00+07:00,16019.3095703125,16293.92630580357,15836.231746651783,16019.3095703125,28682800,0.0,0.0
2021-02-05 00:00:00+07:00,16156.619840091253,16614.314453125,16065.080917484504,16614.314453125,29921700,0.0,0.0
2021-02-08 00:00:00+07:00,16614.31249720982,16705.851409040177,15561.615011160711,16019.3095703125,42545600,0.0,0.0
2021-02-09 00:00:00+07:00,16110.848263888887,16660.081727430555,15882.000987413194,16477.00390625,33528000,0.0,0.0
2021-02-17 00:00:00+07:00,16888.930755615234,17575.47265625,16705.85291544596,17575.47265625,42308000,0.0,0.0
2021-02-18 00:00:00+07:00,17621.240535628214,17941.62672718509,17392.39325594473,17804.318359375,33749200,0.0,0.0
2021-02-19 00:00:00+07:00,17483.932019137595,17895.857119064924,17483.932019137595,17712.779296875,27702600,0.0,0.0
2021-02-22 00:00:00+07:00,17689.894493300682,17781.4334040034,17392.39303351684,17667.009765625,29487200,0.0,0.0
2021-02-23 00:00:00+07:00,17758.54956422739,18467.976157643687,17758.54956422739,18216.244140625,53343400,0.0,0.0
2021-02-24 00:00:00+07:00,18399.32144141624,18399.32144141624,17804.31850923114,17895.857421875,30148600,0.0,0.0
2021-02-25 00:00:00+07:00,18078.935247162724,18078.935247162724,17621.240683943415,17895.857421875,33431000,0.0,0.0
2021-02-26 00:00:00+07:00,17529.701880971337,18010.281175358283,17529.701880971337,17964.51171875,31595540,0.0,0.0
2021-03-01 00:00:00+07:00,18170.474973764,18422.206994811106,17987.39714027519,18399.322265625,43224400,0.0,0.0
2021-03-02 00:00:00+07:00,18628.16963108716,18651.05436036368,18307.78342121588,18445.091796875,20458600,0.0,0.0
2021-03-03 00:00:00+07:00,18467.9765625,18536.630750464687,18307.783457249072,18467.9765625,18232600,0.0,0.0
2021-03-04 00:00:00+07:00,18490.862335947502,18536.63179717509,17667.01203385083,17872.974609375,35658400,0.0,0.0
2021-03-05 00:00:00+07:00,17804.318583585777,18010.28113789461,17529.701844507334,17941.626953125,27844400,0.0,0.0
2021-03-08 00:00:00+07:00,18078.93505670849,18170.47396838804,17621.24049831081,17781.43359375,22464200,0.0,0.0
2021-03-09 00:00:00+07:00,17667.01002888318,17987.396221116815,17483.93220474968,17827.203125,26790540,0.0,0.0
2021-03-10 00:00:00+07:00,17850.08811426527,18033.165941078245,17621.240830749048,17987.396484375,19836400,0.0,0.0
2021-03-11 00:00:00+07:00,18170.4749377335,18536.630603985053,18056.05129202989,18376.4375,34291600,0.0,0.0
2021-03-12 00:00:00+07:00,18490.861072097377,18536.63053019663,18193.35959445225,18330.66796875,19915000,0.0,0.0
2021-03-15 00:00:00+07:00,18399.32219256546,18536.630567136846,18262.01381799408,18353.552734375,19447000,0.0,0.0
2021-03-16 00:00:00+07:00,18353.5525505803,18399.32200831242,17987.396888723335,18239.12890625,36018680,0.0,0.0
2021-03-17 00:00:00+07:00,18307.78342121588,18490.86125542804,18170.475045556763,18445.091796875,21925600,0.0,0.0
2021-03-18 00:00:00+07:00,18857.016183700835,19200.287109375,18628.16889991805,19200.287109375,48495000,0.0,0.0
2021-03-19 00:00:00+07:00,18994.32459077381,19291.826060267857,18994.32459077381,19223.171875,16550600,0.0,0.0
2021-03-22 00:00:00+07:00,19223.171345338986,19223.171345338986,18834.130972873787,18902.78515625,27685060,0.0,0.0
2021-03-23 00:00:00+07:00,18811.24757609704,18948.555952564893,18490.86136433869,18513.74609375,29395060,0.0,0.0
2021-03-24 00:00:00+07:00,18216.24376789122,18513.74523646231,17987.396484375,17987.396484375,27624200,0.0,0.0
2021-03-25 00:00:00+07:00,18033.16597839898,18216.24380559085,17941.627064803048,18010.28125,20881600,0.0,0.0
2021-03-26 00:00:00+07:00,17918.742373393878,18147.58965785612,17575.471446700507,18033.166015625,23046800,0.0,0.0
2021-03-29 00:00:00+07:00,18170.47449826169,18193.359226848926,17918.74248380215,18101.8203125,25052000,0.0,0.0
2021-03-30 00:00:00+07:00,18170.474865402623,18490.861072097377,18056.05122015449,18330.66796875,22592600,0.0,0.0
2021-03-31 00:00:00+07:00,18399.32046720297,18742.59137144183,18330.6662863552,18490.859375,23674200,0.0,0.0
2021-04-01 00:00:00+07:00,18536.631216653965,18765.478515625,18422.207567168447,18765.478515625,25061600,0.0,0.0
2021-04-02 00:00:00+07:00,19040.09545454545,19131.634375,18857.01761363637,18879.90234375,16522600,0.0,0.0
2021-04-05 00:00:00+07:00,19085.86313064759,19131.632586596384,18834.13112292921,18994.32421875,26675200,0.0,0.0
2021-04-06 00:00:00+07:00,18971.440008516,19452.0193090936,18811.246908323457,19314.7109375,30982000,0.0,0.0
2021-04-07 00:00:00+07:00,19223.172023104264,19474.904037692533,19131.63310870853,19314.7109375,15610800,0.0,0.0
2021-04-08 00:00:00+07:00,19406.24966477949,19429.134393157776,19085.86346748361,19200.287109375,15037600,0.0,0.0
2021-04-09 00:00:00+07:00,19085.863206129805,19223.17157451923,18994.32429387019,19040.09375,16245000,0.0,0.0
2021-04-12 00:00:00+07:00,19223.171986209964,19360.48035754004,19040.09415776987,19291.826171875,45810400,0.0,0.0
2021-04-13 00:00:00+07:00,19452.01885516827,19452.01885516827,18994.32429387019,19040.09375,36038200,0.0,0.0
2021-04-14 00:00:00+07:00,18811.248537492524,19200.28895736768,18719.70961516896,19131.634765625,19796600,0.0,0.0
2021-04-15 00:00:00+07:00,19200.286307113387,19200.286307113387,18719.70703125,18719.70703125,33346200,0.0,0.0
2021-04-16 00:00:00+07:00,18673.93919962917,18857.01703491965,18124.705693757725,18513.74609375,33740880,0.0,0.0
2021-04-19 00:00:00+07:00,18673.93810096154,19085.863206129805,18307.782451923074,19040.09375,22508800,0.0,0.0
2021-04-20 00:00:00+07:00,19017.21065271872,19177.40376291009,18673.939702308628,18834.1328125,25115000,0.0,0.0
2021-04-22 00:00:00+07:00,18628.16918391845,18811.24701373583,18170.474609375,18170.474609375,18147600,0.0,0.0
2021-04-23 00:00:00+07:00,18193.359917534723,18559.51558883102,17895.85843460648,18536.630859375,22801400,0.0,0.0
2021-04-26 00:00:00+07:00,18536.630079610262,18673.938450570346,18056.05078125,18056.05078125,42410800,0.0,0.0
2021-04-27 00:00:00+07:00,18056.05081833465,18353.552289359177,18010.281361253954,18078.935546875,16270000,0.0,0.0
2021-04-28 00:00:00+07:00,18078.93587687735,18490.86099812265,18078.93587687735,18284.8984375,12646400,0.0,0.0
2021-04-29 00:00:00+07:00,18330.66864758003,19108.74946408156,18284.899187785824,18765.478515625,36003400,0.0,0.0
2021-05-04 00:00:00+07:00,18445.090262276783,19863.943359375,18353.55135278658,19863.943359375,65069600,0.0,0.0
2021-05-05 00:00:00+07:00,20321.63979189336,21237.02897170838,20298.755062397988,21031.06640625,58885600,0.0,0.0
2021-05-06 00:00:00+07:00,20642.024930334395,21717.60716062898,20619.140202030256,21557.4140625,54612000,0.0,0.0
2021-05-07 00:00:00+07:00,21420.1056555526,21877.80022084219,21237.027829436767,21534.529296875,46265000,0.0,0.0
2021-05-10 00:00:00+07:00,21374.33696075884,22152.41774948025,21374.33696075884,22015.109375,43958380,0.0,0.0
2021-05-11 00:00:00+07:00,22015.10855219415,22083.76273686836,21511.64453125,21511.64453125,32193400,0.0,0.0
2021-05-12 00:00:00+07:00,21374.33590577411,22541.45703125,21374.33590577411,22541.45703125,47610800,0.0,0.0
2021-05-13 00:00:00+07:00,22404.14969482422,22816.07481689453,21969.33984375,21969.33984375,37182200,0.0,0.0
2021-05-14 00:00:00+07:00,22381.26544434096,22404.150173834147,22037.99450194309,22266.841796875,27810600,0.0,0.0
2021-05-17 00:00:00+07:00,22312.61066687892,22472.803769102666,21786.26190242947,21900.685546875,35247200,0.0,0.0
2021-05-18 00:00:00+07:00,21832.02979576008,22381.263249741467,21763.37561401241,22129.53125,33820000,0.0,0.0
2021-05-19 00:00:00+07:00,22152.417274825348,22976.26750405439,22152.417274825348,22930.498046875,34935800,0.0,0.0
2021-05-20 00:00:00+07:00,23205.11486475971,23250.88432208665,22838.959206144173,22976.267578125,27092600,0.0,0.0
2021-05-21 00:00:00+07:00,22884.729100024608,23662.809889425444,22816.074912724533,23250.884765625,41983400,0.0,0.0
2021-05-24 00:00:00+07:00,23205.115380187868,23433.962671905698,23067.80700515717,23296.654296875,30083400,0.0,0.0
2021-05-25 00:00:00+07:00,23433.96124031008,23845.886340237405,23433.96124031008,23617.0390625,22460600,0.0,0.0
2021-05-26 00:00:00+07:00,23617.03995028409,24257.812352035984,23433.96212121212,24166.2734375,42203800,0.0,0.0
2021-05-27 00:00:00+07:00,24349.3522160749,24486.660593233217,23250.88519880837,23525.501953125,39349200,0.0,0.0
2021-05-28 00:00:00+07:00,23662.809551886792,24395.12087264151,23433.962264150945,24257.8125,40005400,0.0,0.0
2021-05-31 00:00:00+07:00,24349.34999127095,24578.197265625,23891.65544256285,24578.197265625,34209200,0.0,0.0
2021-06-01 00:00:00+07:00,24761.276608109696,24852.81552348164,24257.812573564028,24303.58203125,25296400,0.0,0.0
2021-06-02 00:00:00+07:00,24212.042894768,24395.12072383996,23708.57886482008,24166.2734375,50042800,0.0,0.0
2021-06-03 00:00:00+07:00,24395.120263315464,25218.970478586907,24166.27298129562,25081.662109375,52167400,0.0,0.0
2021-06-04 00:00:00+07:00,25081.661959134613,25264.739783653844,24715.506310096152,24990.123046875,31663200,0.0,0.0
2021-06-07 00:00:00+07:00,24257.812052719462,24898.584446564888,23342.42291865458,23983.1953125,42984200,0.0,0.0
2021-06-08 00:00:00+07:00,23937.42769886364,24212.04446022728,22427.03551136364,22655.8828125,61578280,0.0,0.0
2021-06-09 00:00:00+07:00,22747.420725424457,23388.193140225147,22427.03451802412,23250.884765625,44794000,0.0,0.0
2021-06-10 00:00:00+07:00,23250.884247130736,23433.962075848303,22884.72858969561,22930.498046875,22096200,0.0,0.0
2021-06-11 00:00:00+07:00,23113.575778279468,24349.351116920152,22930.497950332698,24074.734375,60841600,0.0,0.0
2021-06-14 00:00:00+07:00,24120.50390625,24395.12064901565,23800.117706356737,24120.50390625,35110920,0.0,0.0
2021-06-15 00:00:00+07:00,24074.734150932123,24349.35089029637,23800.11741156788,23937.42578125,39363400,0.0,0.0
2021-06-16 00:00:00+07:00,23571.26891487919,23891.655094304733,23113.5743728427,23205.11328125,42477800,0.0,0.0
2021-06-17 00:00:00+07:00,22655.881376836405,23250.88432208665,22655.881376836405,22976.267578125,39757320,0.0,0.0
2021-06-18 00:00:00+07:00,23342.423828125,23525.50166207108,23159.34599417892,23342.423828125,30009200,0.0,0.0
2021-06-21 00:00:00+07:00,23113.576098245285,23342.423386346723,22884.728810143846,23067.806640625,34365400,0.0,0.0
2021-06-22 00:00:00+07:00,23250.88483853144,23479.732130249264,23022.037546813604,23296.654296875,37326000,0.0,0.0
2021-06-23 00:00:00+07:00,23296.6524966365,23845.88595431752,23159.344132216243,23388.19140625,26418600,0.0,0.0
2021-06-24 00:00:00+07:00,23479.732130249264,23662.809963623527,23159.345921844302,23296.654296875,21836000,0.0,0.0
2021-06-25 00:00:00+07:00,23342.422329215115,23617.0390625,23067.80559593024,23617.0390625,21940400,0.0,0.0
2021-06-28 00:00:00+07:00,24028.965645405784,24715.507520988805,23891.65727028918,24532.4296875,58168200,0.0,0.0
2021-06-29 00:00:00+07:00,24532.42961448598,24623.968530957944,24166.27394859813,24486.66015625,33388400,0.0,0.0
2021-06-30 00:00:00+07:00,24440.890106143263,24623.9679346537,24074.734449122392,24120.50390625,23323400,0.0,0.0
2021-07-01 00:00:00+07:00,24212.04132343457,24486.658049220216,23845.885689053703,24395.119140625,38713400,0.0,0.0
2021-07-02 00:00:00+07:00,24807.046946938302,25127.433162120164,24532.43019106814,24852.81640625,58984060,0.0,0.0
2021-07-05 00:00:00+07:00,25081.662526939654,26592.05461341595,24623.96795528017,26546.28515625,97262200,0.0,0.0
2021-07-06 00:00:00+07:00,26454.74516059028,26820.90080295139,24715.505859375,24715.505859375,46340700,0.0,0.0
2021-07-07 00:00:00+07:00,25173.20043341431,25905.51171875,24532.428058745583,25905.51171875,77129320,0.0,0.0
2021-07-08 00:00:00+07:00,25539.35607608216,26271.667361417843,25447.817165415192,25905.51171875,55146800,0.0,0.0
2021-07-09 00:00:00+07:00,25676.6644420826,26775.13137008613,25447.817165415192,25905.51171875,73797000,0.0,0.0
2021-07-12 00:00:00+07:00,25402.049320969625,25859.74390332944,24120.50449036215,24486.66015625,136585400,0.0,0.0
2021-07-13 00:00:00+07:00,24761.27719880566,24852.81611636132,24166.27423469388,24669.73828125,46423600,0.0,0.0
2021-07-14 00:00:00+07:00,24578.19920726103,24623.96866574755,23159.34599417892,23342.423828125,86527400,0.0,0.0
2021-07-15 00:00:00+07:00,23342.42461162428,24349.35273212572,23250.885691578696,23845.888671875,44566000,0.0,0.0
2021-07-16 00:00:00+07:00,24074.733617974805,24212.041984617248,23617.0390625,23617.0390625,42956480,0.0,0.0
2021-07-19 00:00:00+07:00,22884.72900390625,23296.654125976565,21969.33984375,21969.33984375,78655800,0.0,0.0
2021-07-20 00:00:00+07:00,22106.64928977273,22701.652272727275,21511.646306818184,22655.8828125,46619200,0.0,0.0
2021-07-21 00:00:00+07:00,23159.34548179672,23525.50114158797,22701.65090705765,23022.037109375,50971400,0.0,0.0
2021-07-22 00:00:00+07:00,22930.496858182487,23571.269225477008,22793.18849376223,23388.19140625,28109200,0.0,0.0
2021-07-23 00:00:00+07:00,23159.346875,23388.194176136363,22655.8828125,22655.8828125,38375400,0.0,0.0
2021-07-26 00:00:00+07:00,22427.033203125,22724.53466398278,22289.724836575253,22427.033203125,27438440,0.0,0.0
2021-07-27 00:00:00+07:00,22884.730292085427,23022.038673837946,22678.76771945666,22770.306640625,29885000,0.0,0.0
2021-07-28 00:00:00+07:00,22770.304650166625,23022.03666137449,22655.8810087085,22747.419921875,14937200,0.0,0.0
2021-07-29 00:00:00+07:00,22930.49841356843,23250.884618947628,22884.72895565712,23159.345703125,25600600,0.0,0.0
2021-07-30 00:00:00+07:00,23205.113587022995,23617.03868028376,23113.57467740949,23388.19140625,34480000,0.0,0.0
2021-08-02 00:00:00+07:00,23342.4236820251,23525.501514825297,23159.3458492249,23250.884765625,27927400,0.0,0.0
2021-08-03 00:00:00+07:00,23250.88356660232,23800.117036679538,23250.88356660232,23708.578125,43200000,0.0,0.0
2021-08-04 00:00:00+07:00,24028.964468149035,24074.733924278844,23708.578275240383,23800.1171875,35145800,0.0,0.0
2021-08-05 00:00:00+07:00,23754.350033482144,24120.505718005952,23662.811112351188,24028.966796875,25042400,0.0,0.0
2021-08-06 00:00:00+07:00,24028.96431587838,24349.35050675676,23708.578125,23708.578125,33128600,0.0,0.0
2021-08-09 00:00:00+07:00,23571.27219122024,24120.505718005952,23479.733270089284,24028.966796875,29083400,0.0,0.0
2021-08-10 00:00:00+07:00,24257.81197717495,24257.81197717495,23754.347955007168,23937.42578125,24830600,0.0,0.0
2021-08-11 00:00:00+07:00,23937.42578125,24486.65925997849,23754.347955007168,23937.42578125,43061200,0.0,0.0
2021-08-12 00:00:00+07:00,23983.19501201923,24257.811748798074,23800.1171875,23800.1171875,23656600,0.0,0.0
2021-08-13 00:00:00+07:00,23800.11733716475,23891.65625,23388.19222940613,23891.65625,31938600,0.0,0.0
2021-08-16 00:00:00+07:00,23937.42511935764,24898.583680555555,23845.88620876736,24715.505859375,61192200,0.0,0.0
2021-08-17 00:00:00+07:00,24852.81368360108,25035.89150079151,24166.271869136963,24395.119140625,35381600,0.0,0.0
2021-08-18 00:00:00+07:00,24257.812352035984,24486.659638375942,24028.965065696026,24166.2734375,41160800,0.0,0.0
2021-08-19 00:00:00+07:00,24028.96521226416,24395.12087264151,23845.88738207547,24257.8125,38230400,0.0,0.0
2021-08-20 00:00:00+07:00,24166.27370049505,24257.81261602723,22793.18996751238,23113.576171875,63877400,0.0,0.0
2021-08-23 00:00:00+07:00,23022.035929487178,23250.883205128204,22312.609375,22312.609375,52951400,0.0,0.0
2021-08-24 00:00:00+07:00,22312.609564333547,22518.572114158163,22152.41647002551,22427.033203125,33506800,0.0,0.0
2021-08-25 00:00:00+07:00,22381.263860630723,22518.572227873858,22198.18603763988,22495.6875,19043880,0.0,0.0
2021-08-26 00:00:00+07:00,22564.34302212733,22587.227751358696,22060.87897903727,22106.6484375,20413600,0.0,0.0
2021-08-27 00:00:00+07:00,21877.800964164933,22037.994067459025,21511.64529949272,21992.224609375,39379000,0.0,0.0
2021-08-30 00:00:00+07:00,22243.957459984755,22610.113138338416,22015.11016101372,22518.57421875,28953800,0.0,0.0
2021-08-31 00:00:00+07:00,22655.88009423325,22655.88009423325,21511.643725837628,22198.185546875,15627800,0.0,0.0
2021-09-01 00:00:00+07:00,22060.87897903727,22404.14991750777,22060.87897903727,22106.6484375,17059800,0.0,0.0
2021-09-06 00:00:00+07:00,22266.842012337205,22404.150390625,21923.57106661772,22404.150390625,26946400,0.0,0.0
2021-09-07 00:00:00+07:00,22449.91841720166,23067.80608006042,22449.91841720166,22724.53515625,24460000,0.0,0.0
2021-09-08 00:00:00+07:00,22701.651767418032,22724.536497022284,22243.95717533299,22335.49609375,14467128,0.0,0.0
2021-09-09 00:00:00+07:00,22198.186149055527,22655.880708829867,22198.186149055527,22564.341796875,16107800,0.0,0.0
2021-09-10 00:00:00+07:00,22793.18907676217,22793.18907676217,22427.033428942697,22564.341796875,19696000,0.0,0.0
2021-09-13 00:00:00+07:00,22495.68930948353,22632.99768777132,22381.265660910365,22404.150390625,15076400,0.0,0.0
2021-09-14 00:00:00+07:00,22404.148093186213,22472.80227528995,22198.185546875,22198.185546875,12285000,0.0,0.0
2021-09-15 00:00:00+07:00,22060.87905152376,22335.49580320248,22015.10959291064,22152.41796875,10435200,0.0,0.0
2021-09-16 00:00:00+07:00,22381.265768202647,22495.68941732433,22243.95738925662,22472.8046875,11125000,0.0,0.0
2021-09-17 00:00:00+07:00,22518.57460741206,22838.96083150126,22518.57460741206,22770.306640625,16545600,0.0,0.0
2021-09-20 00:00:00+07:00,23113.5743728427,23617.03836908284,22930.496556028105,23205.11328125,37466200,0.0,0.0
2021-09-21 00:00:00+07:00,22930.49826776413,23296.65392872644,22770.305166093127,23067.806640625,20778000,0.0,0.0
2021-09-22 00:00:00+07:00,23296.65400293936,23296.65400293936,22838.959425278463,23113.576171875,10400200,0.0,0.0
2021-09-23 00:00:00+07:00,23159.345407432767,23479.73160872137,22884.72866347112,22976.267578125,17339800,0.0,0.0
2021-09-24 00:00:00+07:00,23205.11516103632,23571.270824326828,23022.03732939106,23159.345703125,14967400,0.0,0.0
2021-09-27 00:00:00+07:00,23205.116335227274,23388.194176136363,22655.8828125,22655.8828125,24652200,0.0,0.0
2021-09-28 00:00:00+07:00,22564.342169459083,22816.07418149159,22335.49488579317,22793.189453125,12671400,0.0,0.0
2021-09-29 00:00:00+07:00,22518.572415865383,22770.304424579324,22381.26404747596,22610.111328125,12441400,0.0,0.0
2021-09-30 00:00:00+07:00,22747.41984705771,23067.806042086693,22701.650390625,22701.650390625,11912200,0.0,0.0
2021-10-01 00:00:00+07:00,22701.64993622449,22793.18884725765,22381.263747608416,22427.033203125,14335600,0.0,0.0
2021-10-04 00:00:00+07:00,22335.49379524302,22404.14797699069,22106.646522750776,22129.53125,19016200,0.0,0.0
2021-10-05 00:00:00+07:00,22243.95738925662,22518.57414714868,22243.95738925662,22472.8046875,12405800,0.0,0.0
2021-10-06 00:00:00+07:00,22632.9967208468,23113.57602432281,22518.57307716203,23022.037109375,29175420,0.0,0.0
2021-10-07 00:00:00+07:00,23159.3452578125,23250.884171875,22884.728515625,22884.728515625,11565400,0.0,0.0
2021-10-08 00:00:00+07:00,22930.496556028105,23296.652189657296,22884.727101824457,23205.11328125,16343800,0.0,0.0
2021-10-11 00:00:00+07:00,23342.423349056604,24257.8125,23342.423349056604,24257.8125,50738600,0.0,0.0
2021-10-12 00:00:00+07:00,24440.89033018868,24440.89033018868,24074.73466981132,24257.8125,28553000,0.0,0.0
2021-10-13 00:00:00+07:00,24257.812052719462,24349.35096612596,23937.425855796755,23983.1953125,30209200,0.0,0.0
2021-10-14 00:00:00+07:00,24028.966796875,24257.81409970238,23891.65841517857,24028.966796875,40677400,0.0,0.0
2021-10-15 00:00:00+07:00,24212.04274596008,24212.04274596008,23937.426004039924,24074.734375,24273000,0.0,0.0
2021-10-18 00:00:00+07:00,24349.34937677221,24532.42719163516,24120.502108193527,24212.041015625,34614000,0.0,0.0
2021-10-19 00:00:00+07:00,24212.04282050522,24257.812277632827,23800.117706356737,24120.50390625,31253800,0.0,0.0
2021-10-20 00:00:00+07:00,24166.273731203008,24669.737767269737,24028.965357730263,24349.3515625,46264600,0.0,0.0
2021-10-21 00:00:00+07:00,24715.50500649811,24715.50500649811,24212.041015625,24212.041015625,31198600,0.0,0.0
2021-10-22 00:00:00+07:00,24212.042520614243,24257.81197717495,23891.65632468929,23937.42578125,24513000,0.0,0.0
2021-10-25 00:00:00+07:00,23845.88779699779,23845.88779699779,23250.88483853144,23296.654296875,59472420,0.0,0.0
2021-10-26 00:00:00+07:00,23067.80707720588,23342.423828125,22861.844514016542,23342.423828125,42688600,0.0,0.0
2021-10-27 00:00:00+07:00,23433.961165048546,23708.57789745145,23296.652798847088,23571.26953125,45342400,0.0,0.0
2021-10-28 00:00:00+07:00,23800.117036679538,23845.886492519305,23571.26975748069,23708.578125,32717200,0.0,0.0
2021-10-29 00:00:00+07:00,23754.347429142443,23800.116884689924,23479.73069585756,23617.0390625,25548800,0.0,0.0
2021-11-01 00:00:00+07:00,23662.80851804748,24028.964162427324,23571.26960695252,23617.0390625,50836000,0.0,0.0
2021-11-02 00:00:00+07:00,23708.57797359496,23708.57797359496,23571.26960695252,23617.0390625,30936400,0.0,0.0
2021-11-03 00:00:00+07:00,23937.42489743366,24807.04453997905,23800.11653282123,24578.197265625,81431800,0.0,0.0
2021-11-04 00:00:00+07:00,24578.19695781543,24807.044229303472,24166.271869136963,24395.119140625,37959200,0.0,0.0
2021-11-05 00:00:00+07:00,24486.65978773585,24486.65978773585,24120.50412735849,24257.8125,27377200,0.0,0.0
2021-11-08 00:00:00+07:00,24166.273288973385,24395.120573906843,23937.426004039924,24074.734375,42577600,0.0,0.0
2021-11-09 00:00:00+07:00,24257.81197717495,24395.120346857075,23937.42578125,23937.42578125,43539200,0.0,0.0
2021-11-10 00:00:00+07:00,24074.735682120405,24120.50514159212,23617.04108740329,23662.810546875,40597400,0.0,0.0
2021-11-11 00:00:00+07:00,23662.80844205097,23983.19462985437,23205.113888046115,23571.26953125,44149200,0.0,0.0
2021-11-12 00:00:00+07:00,23525.50273065476,24120.505718005952,23388.19434895833,24028.966796875,25774800,0.0,0.0
2021-11-15 00:00:00+07:00,24166.27283653846,24257.811748798074,23754.34773137019,23800.1171875,28066400,0.0,0.0
2021-11-16 00:00:00+07:00,23800.1171875,24212.04229266827,23617.03936298077,23800.1171875,28273000,0.0,0.0
2021-11-17 00:00:00+07:00,23800.11733716475,23983.19516283525,23662.80896791188,23891.65625,24445400,0.0,0.0
2021-11-18 00:00:00+07:00,23800.116808252427,23891.6557190534,23525.500075849515,23571.26953125,25971600,0.0,0.0
2021-11-19 00:00:00+07:00,23708.578498446463,24440.88980341778,23433.961759082216,23937.42578125,62038800,0.0,0.0
2021-11-22 00:00:00+07:00,23937.42636976224,25081.662811911487,23937.42636976224,24303.58203125,48663000,0.0,0.0
2021-11-23 00:00:00+07:00,24440.890030893537,24486.659487880228,23983.19546102661,24074.734375,28232200,0.0,0.0
2021-11-24 00:00:00+07:00,24074.734565033785,25493.587742820942,23937.426192989868,25402.048828125,104743800,0.0,0.0
2021-11-25 00:00:00+07:00,25630.895662568302,25630.895662568302,25035.8927275444,25127.431640625,42553400,0.0,0.0
2021-11-26 00:00:00+07:00,25218.969867621527,25402.04768880208,24669.73640407986,24715.505859375,43768600,0.0,0.0
2021-11-29 00:00:00+07:00,24257.81197717495,24440.88980341778,23845.886868128586,23937.42578125,56428200,0.0,0.0
2021-11-30 00:00:00+07:00,24303.58105091699,24303.58105091699,23571.26975748069,23708.578125,50667600,0.0,0.0
2021-12-01 00:00:00+07:00,23617.039658874048,23983.1953125,23571.270202170803,23983.1953125,23430600,0.0,0.0
2021-12-02 00:00:00+07:00,23983.196763176984,24074.735682120405,23662.810546875,23662.810546875,19248000,0.0,0.0
2021-12-03 00:00:00+07:00,23800.11781000996,23891.656724663844,22976.267578125,22976.267578125,32269200,0.0,0.0
2021-12-06 00:00:00+07:00,23022.03612484056,23342.42231345663,22266.840108816963,22427.033203125,46483400,0.0,0.0
2021-12-07 00:00:00+07:00,22701.6506875,23022.03688671875,22587.22704492188,22884.728515625,19383400,0.0,0.0
2021-12-08 00:00:00+07:00,22976.2674296875,23250.884171875,22838.95905859375,22884.728515625,16051400,0.0,0.0
2021-12-09 00:00:00+07:00,22884.728810143846,23067.806640625,22816.07462371341,23067.806640625,12447200,0.0,0.0
2021-12-10 00:00:00+07:00,23113.575950105827,23296.653779413595,22930.498120798056,22976.267578125,16684200,0.0,0.0
2021-12-13 00:00:00+07:00,23022.03688671875,23067.80634375,22861.843787109374,22884.728515625,17611200,0.0,0.0
2021-12-14 00:00:00+07:00,22884.72858969561,23250.884247130736,22816.07440392652,22930.498046875,18431400,0.0,0.0
2021-12-15 00:00:00+07:00,23022.037035451944,23250.88432208665,22861.843934807643,22976.267578125,15195600,0.0,0.0
2021-12-16 00:00:00+07:00,23113.575688001503,23113.575688001503,22816.07421875,22816.07421875,12950600,0.0,0.0
2021-12-17 00:00:00+07:00,22884.728403961886,22930.49786076981,22793.18949034604,22816.07421875,34720000,0.0,0.0
2021-12-20 00:00:00+07:00,22816.07592329545,22884.730113636364,22587.22862215909,22655.8828125,24101560,0.0,0.0
2021-12-21 00:00:00+07:00,22655.88067100254,22747.419582804567,22518.57230329949,22541.45703125,15161400,0.0,0.0
2021-12-22 00:00:00+07:00,22564.34149332183,22655.880404045245,22106.646939704755,22381.263671875,27054600,0.0,0.0
2021-12-23 00:00:00+07:00,22358.37974566064,22358.37974566064,21648.953162123813,21671.837890625,28150600,0.0,0.0
2021-12-24 00:00:00+07:00,21717.60656913024,22495.68731027927,21717.60656913024,22381.263671875,15791200,0.0,0.0
2021-12-27 00:00:00+07:00,22610.112885427327,22610.112885427327,22198.187751887155,22358.380859375,16936000,0.0,0.0
2021-12-28 00:00:00+07:00,22541.45695574771,22587.226411495423,22289.7249491353,22495.6875,19092200,0.0,0.0
2021-12-29 00:00:00+07:00,22495.68941732433,22724.53671556772,22427.035227851324,22472.8046875,15141600,0.0,0.0
2021-12-30 00:00:00+07:00,22518.572340897565,22770.30434877345,22427.033428942697,22564.341796875,12078200,0.0,0.0
2021-12-31 00:00:00+07:00,22655.88123046875,23113.57580078125,22632.996501953126,22884.728515625,19840000,0.0,0.0
2022-01-04 00:00:00+07:00,23113.576463500736,23433.962671905698,23022.037546813604,23296.654296875,24108200,0.0,0.0
2022-01-05 00:00:00+07:00,23296.65400293936,23433.962376237625,23022.037256342825,23113.576171875,22364000,0.0,0.0
2022-01-06 00:00:00+07:00,22976.267355022545,23067.80626878757,22701.65061372745,22838.958984375,22614600,0.0,0.0
2022-01-07 00:00:00+07:00,22838.958646675936,22930.497559087464,22610.11136564712,22632.99609375,16250400,0.0,0.0
2022-01-10 00:00:00+07:00,22655.88219825925,22701.65165724563,22266.841796875,22266.841796875,21657800,0.0,0.0
2022-01-11 00:00:00+07:00,22381.26529847136,22472.80421584752,22152.41800503096,22175.302734375,19645600,0.0,0.0
2022-01-12 00:00:00+07:00,22175.302217029388,23067.806640625,22152.41748821925,23067.806640625,24188200,0.0,0.0
2022-01-13 00:00:00+07:00,23296.65400293936,23708.57912283416,22976.267798576733,23113.576171875,29689600,0.0,0.0
2022-01-14 00:00:00+07:00,22884.730292085427,23067.80813442212,22655.882989164573,22770.306640625,11546000,0.0,0.0
2022-01-17 00:00:00+07:00,22747.41908195088,23113.574721096968,22243.955078125,22243.955078125,23558600,0.0,0.0
2022-01-18 00:00:00+07:00,22243.95519230769,22632.995560897434,22198.185737179487,22312.609375,19241400,0.0,0.0
2022-01-19 00:00:00+07:00,22427.03504829836,22610.112885427327,22335.49612973388,22358.380859375,10363800,0.0,0.0
2022-01-20 00:00:00+07:00,22266.841940810515,22610.112885427327,22243.9572111694,22358.380859375,18698400,0.0,0.0
2022-01-21 00:00:00+07:00,22427.033799259538,23250.884020456822,22381.26434252636,22793.189453125,23503200,0.0,0.0
2022-01-24 00:00:00+07:00,22861.84400821633,23525.50114158797,22793.189822005468,23022.037109375,34688800,0.0,0.0
2022-01-25 00:00:00+07:00,23433.96146435453,23845.886568220136,23342.422552384392,23754.34765625,36966400,0.0,0.0
2022-01-26 00:00:00+07:00,23983.1953125,24395.1204228292,23800.117485687024,23983.1953125,31402000,0.0,0.0
2022-01-27 00:00:00+07:00,23800.117112235068,24120.50330413054,23571.26983230973,23754.34765625,25248000,0.0,0.0
2022-01-28 00:00:00+07:00,23754.34832208807,24257.812352035984,23617.03995028409,24166.2734375,20665800,0.0,0.0
2022-02-07 00:00:00+07:00,24578.198552911934,24623.968010179924,24166.2734375,24166.2734375,20920000,0.0,0.0
2022-02-08 00:00:00+07:00,24166.27416356877,24852.81604321561,24166.27416356877,24623.96875,34449000,0.0,0.0
2022-02-09 00:00:00+07:00,24715.507520988805,25127.43264633862,24532.4296875,24532.4296875,39268280,0.0,0.0
2022-02-10 00:00:00+07:00,24532.4296875,24807.04643773321,24303.582395639,24532.4296875,22869600,0.0,0.0
2022-02-11 00:00:00+07:00,24486.65835588338,24623.96672049581,24257.81108152933,24578.197265625,15775600,0.0,0.0
2022-02-14 00:00:00+07:00,24349.35027305825,24349.35027305825,23571.26953125,23571.26953125,43235680,0.0,0.0
2022-02-15 00:00:00+07:00,23617.039213320462,23845.886492519305,23479.73084580116,23708.578125,24165600,0.0,0.0
2022-02-16 00:00:00+07:00,23891.65579578488,23891.65579578488,23571.26960695252,23617.0390625,13308800,0.0,0.0
2022-02-17 00:00:00+07:00,23617.03951149425,24028.964619252874,23617.03951149425,23891.65625,15980000,0.0,0.0
2022-02-18 00:00:00+07:00,23662.80851804748,23800.116884689924,23571.26960695252,23617.0390625,13245200,0.0,0.0
2022-02-21 00:00:00+07:00,23617.038986650485,23662.80844205097,23250.883343446603,23571.26953125,24402800,0.0,0.0
2022-02-22 00:00:00+07:00,23342.42411691391,23662.810330283315,23159.34628070282,23525.501953125,21665600,0.0,0.0
2022-02-23 00:00:00+07:00,23662.810546875,23891.65784423356,23525.502168459865,23662.810546875,13546600,0.0,0.0
2022-02-24 00:00:00+07:00,23571.27074953589,23754.34858060025,22793.18996751238,23113.576171875,33605600,0.0,0.0
2022-02-25 00:00:00+07:00,23342.421643860944,23479.73000647189,23113.5743728427,23205.11328125,13331800,0.0,0.0
2022-02-28 00:00:00+07:00,23113.576098245285,23296.65392872644,22976.267725384423,23067.806640625,15130200,0.0,0.0
2022-03-01 00:00:00+07:00,23205.114939270625,23205.114939270625,22930.498194427186,23022.037109375,14101800,0.0,0.0
2022-03-02 00:00:00+07:00,22930.499356897868,22930.499356897868,22518.57421875,22518.57421875,37544800,0.0,0.0
2022-03-03 00:00:00+07:00,22655.88097148792,22838.95879752014,22495.68787370972,22724.53515625,16242000,0.0,0.0
2022-03-04 00:00:00+07:00,22770.304836086085,23067.806306306305,22655.88119369369,22861.84375,14623400,0.0,0.0
2022-03-07 00:00:00+07:00,22655.88067100254,22701.650126903554,22472.80284739848,22541.45703125,17604800,0.0,0.0
2022-03-08 00:00:00+07:00,22427.033203125,22655.880480707907,22335.49429209184,22427.033203125,18713000,0.0,0.0
2022-03-09 00:00:00+07:00,22427.035227851324,22587.22833662169,22381.265768202647,22472.8046875,24073740,0.0,0.0
2022-03-10 00:00:00+07:00,22793.189038705583,22793.189038705583,22541.45703125,22541.45703125,9432200,0.0,0.0
2022-03-11 00:00:00+07:00,22518.572037960123,22518.572037960123,22289.724761151585,22381.263671875,17199800,0.0,0.0
2022-03-14 00:00:00+07:00,22335.493911082474,22381.2633658183,22106.64663740335,22198.185546875,17018200,0.0,0.0
2022-03-15 00:00:00+07:00,22243.955078125,22427.032897698045,22198.18562323174,22243.955078125,7648400,0.0,0.0
2022-03-16 00:00:00+07:00,22335.494329765545,22632.99579112513,22335.494329765545,22449.91796875,9084000,0.0,0.0
2022-03-17 00:00:00+07:00,22632.995752949617,22655.880480707907,22427.033203125,22427.033203125,7698400,0.0,0.0
2022-03-18 00:00:00+07:00,22495.68948885289,22610.113138338416,22472.8047589558,22518.57421875,17199200,0.0,0.0
2022-03-21 00:00:00+07:00,22541.457181338472,22678.76554995576,22472.802997029827,22632.99609375,10992000,0.0,0.0
2022-03-22 00:00:00+07:00,22678.7658852862,23022.03681190506,22655.881156844946,22838.958984375,15112136,0.0,0.0
2022-03-23 00:00:00+07:00,22838.95875992313,22976.26712922127,22701.650390625,22701.650390625,8146200,0.0,0.0
2022-03-24 00:00:00+07:00,22701.650164807303,22793.18907676217,22564.341796875,22564.341796875,7088000,0.0,0.0
2022-03-25 00:00:00+07:00,22610.11121510152,22632.99594305203,22495.687575348984,22541.45703125,16226800,0.0,0.0
2022-03-28 00:00:00+07:00,22495.689200979763,22495.689200979763,22129.53352731173,22335.49609375,24739000,0.0,0.0
2022-03-29 00:00:00+07:00,22381.263671875,22495.68731027927,22266.840033470733,22381.263671875,11532000,0.0,0.0
2022-03-30 00:00:00+07:00,22381.263860630723,22838.958418107835,22381.263860630723,22495.6875,11486400,0.0,0.0
2022-03-31 00:00:00+07:00,22655.8808968214,22747.419809535822,22564.341984106963,22678.765625,11710200,0.0,0.0
2022-04-01 00:00:00+07:00,22678.7661783207,23067.806566848907,22610.11199210984,23022.037109375,20069000,0.0,0.0
2022-04-04 00:00:00+07:00,23067.80608006042,23159.34499307653,22724.53515625,22724.53515625,19539600,0.0,0.0
2022-04-05 00:00:00+07:00,22610.11106332824,22655.88051892202,22449.91796875,22449.91796875,11604200,0.0,0.0
2022-04-06 00:00:00+07:00,22381.26441554985,22838.958984375,22289.72550178482,22838.958984375,19814200,0.0,0.0
2022-04-07 00:00:00+07:00,22838.958532739605,23022.03635664934,22564.341796875,22564.341796875,17116600,0.0,0.0
2022-04-08 00:00:00+07:00,22610.112885427327,22610.112885427327,22335.49612973388,22358.380859375,15776200,0.0,0.0
2022-04-12 00:00:00+07:00,22289.72604980469,22381.264965820315,21923.57038574219,21969.33984375,23022680,0.0,0.0
2022-04-13 00:00:00+07:00,22152.417675781253,22175.30240478516,21923.57038574219,21969.33984375,14204600,0.0,0.0
2022-04-14 00:00:00+07:00,21992.224051929174,22129.53242270085,21580.298939614164,21648.953125,20006800,0.0,0.0
2022-04-15 00:00:00+07:00,21648.95181435033,21648.95181435033,20870.87109375,20870.87109375,38517600,0.0,0.0
2022-04-18 00:00:00+07:00,21053.95032051282,21168.373963559086,20504.716833890747,20527.6015625,27182800,0.0,0.0
2022-04-19 00:00:00+07:00,20596.254871639016,20802.21742035541,19909.713042584382,20001.251953125,16805800,0.0,0.0
2022-04-20 00:00:00+07:00,20001.253434414924,20230.100727714867,19703.751953125,19703.751953125,19607600,0.0,0.0
2022-04-21 00:00:00+07:00,19680.86761754587,20138.56221330275,19635.098157970184,19955.484375,20465400,0.0,0.0
2022-04-22 00:00:00+07:00,20138.560622165533,20481.83154186153,19932.598070347933,20184.330078125,13606600,0.0,0.0
2022-04-25 00:00:00+07:00,20230.099164509746,20275.86861963307,18788.361328125,18788.361328125,47671400,0.0,0.0
2022-04-26 00:00:00+07:00,18582.399115210843,19223.17149849397,17781.433636106925,18994.32421875,24102440,0.0,0.0
2022-04-27 00:00:00+07:00,18994.32429387019,19314.710486778844,18719.707557091344,19040.09375,18270800,0.0,0.0
2022-04-28 00:00:00+07:00,19062.978995825943,19589.327755614657,19062.978995825943,19360.48046875,9458600,0.0,0.0
2022-04-29 00:00:00+07:00,19360.481676136365,20138.5625,19314.71221590909,20138.5625,20521600,0.0,0.0
2022-05-04 00:00:00+07:00,19909.71372767857,19978.36791294643,19223.171875,19223.171875,18096000,0.0,0.0
2022-05-05 00:00:00+07:00,19612.21074264598,19612.21074264598,18948.553669674297,19497.787109375,11177200,0.0,0.0
2022-05-06 00:00:00+07:00,19085.86313064759,19360.47986634036,18994.32421875,18994.32421875,22475400,0.0,0.0
2022-05-09 00:00:00+07:00,18857.015604760363,18948.554515463085,17667.009765625,17667.009765625,40450800,0.0,0.0
2022-05-10 00:00:00+07:00,17140.661102531492,17781.43348019622,17140.661102531492,17712.779296875,21702600,0.0,0.0
2022-05-11 00:00:00+07:00,17850.087890625,18056.050443209133,17598.355881911055,17850.087890625,9263000,0.0,0.0
2022-05-12 00:00:00+07:00,17850.089908316113,17850.089908316113,16614.314453125,16614.314453125,20658600,0.0,0.0
2022-05-13 00:00:00+07:00,16614.313623913647,16843.16091900888,15470.0771484375,15470.0771484375,35221000,0.0,0.0
2022-05-16 00:00:00+07:00,16065.079182443444,16385.46537696511,14920.8427734375,14920.8427734375,27391200,0.0,0.0
2022-05-17 00:00:00+07:00,14920.84343615495,15950.65625,14897.958706958394,15950.65625,28801600,0.0,0.0
2022-05-18 00:00:00+07:00,16339.697512135925,16888.931041955617,16179.504399271844,16499.890625,20388200,0.0,0.0
2022-05-19 00:00:00+07:00,16202.388955569137,16660.0835588338,16110.850034916202,16385.466796875,13955600,0.0,0.0
2022-05-20 00:00:00+07:00,16385.465746454833,16682.96721950499,16179.503188189336,16339.6962890625,13906400,0.0,0.0
2022-05-23 00:00:00+07:00,16385.466104734576,16568.54393830703,15950.65625,15950.65625,18467600,0.0,0.0
2022-05-24 00:00:00+07:00,15927.771808510635,16133.734375,15744.693971631204,16133.734375,10932600,0.0,0.0
2022-05-25 00:00:00+07:00,16408.350096318492,16774.505747003423,16248.156999143835,16705.8515625,13419400,0.0,0.0
2022-05-26 00:00:00+07:00,16797.390625,17049.12263709128,16728.736439884196,16797.390625,14843600,0.0,0.0
2022-05-27 00:00:00+07:00,16888.930089077105,17140.662109375,16866.045359959113,17140.662109375,13393200,0.0,0.0
2022-05-30 00:00:00+07:00,17392.394350165563,17392.394350165563,17140.662326676324,17277.970703125,9845600,0.0,0.0
2022-05-31 00:00:00+07:00,17140.6618885641,17209.316075033646,17003.353515625,17003.353515625,10519600,0.0,0.0
2022-06-01 00:00:00+07:00,16934.699107445726,17255.085306775778,16774.5060077807,16866.044921875,36733400,0.0,0.0
2022-06-02 00:00:00+07:00,16888.92931189904,16934.698768028844,16477.00420673077,16660.08203125,7429600,0.0,0.0
2022-06-03 00:00:00+07:00,16637.199288408778,16866.046596364882,16499.890903635118,16682.96875,6420400,0.0,0.0
2022-06-06 00:00:00+07:00,16682.968468273233,16843.16158113731,16477.005894590846,16499.890625,11690200,0.0,0.0
2022-06-07 00:00:00+07:00,16477.004057320442,16568.54296875,16019.309500172652,16568.54296875,16473600,0.0,0.0
2022-06-08 00:00:00+07:00,16614.311294043622,17140.65999895134,16545.657115142618,17049.12109375,12913600,0.0,0.0
2022-06-09 00:00:00+07:00,17049.123156542446,17186.431530957554,16957.584240265707,17117.77734375,11672000,0.0,0.0
2022-06-10 00:00:00+07:00,16934.6999032444,17804.3196280056,16911.815173645424,17369.509765625,21924400,0.0,0.0
2022-06-13 00:00:00+07:00,16934.69845920139,17049.122097439234,16454.119178602432,16477.00390625,13682400,0.0,0.0
2022-06-14 00:00:00+07:00,16156.619460227274,16614.3140625,16110.85,16362.58203125,15701600,0.0,0.0
2022-06-15 00:00:00+07:00,16339.6962890625,16545.65884732799,16042.19481601234,16339.6962890625,11438200,0.0,0.0
2022-06-16 00:00:00+07:00,16431.236433772538,16705.853198682387,16293.928051317616,16499.890625,12202000,0.0,0.0
2022-06-17 00:00:00+07:00,16042.19490772192,16202.388009510869,15492.961415874091,15790.462890625,12103400,0.0,0.0
2022-06-20 00:00:00+07:00,15790.462757457386,16110.848958333334,15103.9208984375,15103.9208984375,30389400,0.0,0.0
2022-06-21 00:00:00+07:00,15149.690355705492,15470.07655658144,15012.381983901516,15103.9208984375,13600400,0.0,0.0
2022-06-22 00:00:00+07:00,15447.191225249191,16156.6177852236,15309.882858802534,15927.7705078125,13016400,0.0,0.0
2022-06-23 00:00:00+07:00,15927.770405945756,16660.081688977745,15813.346767972009,16454.119140625,16588600,0.0,0.0
2022-06-24 00:00:00+07:00,16454.120771897007,16522.774961487678,16248.158203125,16248.158203125,8138200,0.0,0.0
2022-06-27 00:00:00+07:00,16271.0419921875,16454.119820510285,16248.157263647152,16271.0419921875,18648600,0.0,0.0
2022-06-28 00:00:00+07:00,16248.157144073568,16911.814266859674,16179.502958957764,16797.390625,22929000,0.0,0.0
2022-06-29 00:00:00+07:00,16568.54337797619,17003.353218005952,16568.54337797619,16820.275390625,10012000,0.0,0.0
2022-06-30 00:00:00+07:00,16728.73656299446,16980.468576938292,16271.0419921875,16271.0419921875,7698000,0.0,0.0
2022-07-01 00:00:00+07:00,16293.926085069445,16591.427544487848,15950.655170355903,16477.00390625,8084600,0.0,0.0
2022-07-04 00:00:00+07:00,16591.42780959852,16797.390361717673,16499.888897545563,16637.197265625,6338000,0.0,0.0
2022-07-05 00:00:00+07:00,16751.62192673841,17506.817997206126,16637.19827969785,17277.970703125,22997800,0.0,0.0
2022-07-06 00:00:00+07:00,17163.546947722738,17575.472074468085,17026.238572140956,17209.31640625,16616600,0.0,0.0
2022-07-07 00:00:00+07:00,17140.660427517363,17392.39242311508,16934.697885664682,17300.853515625,11254800,0.0,0.0
2022-07-08 00:00:00+07:00,17369.509474346705,17392.39420356192,17094.892723764147,17186.431640625,8116800,0.0,0.0
2022-07-11 00:00:00+07:00,16957.582870654845,17072.006506759128,16248.156326808286,16293.92578125,20396600,0.0,0.0
2022-07-12 00:00:00+07:00,16385.46507098338,16522.7734375,16316.81088772507,16522.7734375,16372360,0.0,0.0
2022-07-13 00:00:00+07:00,16545.65816525277,16843.15962603878,16477.00398199446,16522.7734375,6353600,0.0,0.0
