Date,Open,High,Low,Close,Volume,Dividends,Stock Splits
2017-07-07 00:00:00+07:00,12209.7041015625,12209.7041015625,12209.7041015625,12209.7041015625,521364,0.0,0.0
2017-07-10 00:00:00+07:00,13057.60104403356,13057.60104403356,12294.494072430181,12739.6396484375,13790247,0.0,0.0
2017-07-11 00:00:00+07:00,12760.837067382688,12760.837067382688,12294.493519244488,12506.4677734375,7407387,0.0,0.0
2017-07-12 00:00:00+07:00,12506.46823991653,12697.244509065287,12421.679101817497,12548.86328125,8736224,0.0,0.0
2017-07-13 00:00:00+07:00,12527.66515648164,12527.66515648164,12358.0859375,12358.0859375,3562282,0.0,0.0
2017-07-14 00:00:00+07:00,12315.690751442493,12421.67787199887,12146.111547465849,12167.30859375,8600283,0.0,0.0
2017-07-17 00:00:00+07:00,12273.296583948824,12506.467887867428,12124.914415742496,12336.888671875,9532740,0.0,0.0
2017-07-18 00:00:00+07:00,12294.493234535483,12336.888273305898,12209.7041015625,12209.7041015625,2715758,0.0,0.0
2017-07-19 00:00:00+07:00,12294.49345419537,12358.085541203238,12188.506327659632,12230.9013671875,1273663,0.0,0.0
2017-07-20 00:00:00+07:00,12252.09765625,12294.492693153572,12188.505573178547,12252.09765625,12569509,0.0,0.0
2017-07-21 00:00:00+07:00,12252.098414667502,12294.49345419537,12209.704319707498,12230.9013671875,3196150,0.0,0.0
2017-07-24 00:00:00+07:00,12230.9013671875,12252.098414667502,12230.9013671875,12230.9013671875,1471381,0.0,0.0
2017-07-25 00:00:00+07:00,12188.505859375,12294.492981838694,12146.111766043787,12188.505859375,5466560,0.0,0.0
2017-07-26 00:00:00+07:00,12230.901218309415,12612.454680280114,12209.704171087431,12485.2705078125,1858323,0.0,0.0
2017-07-27 00:00:00+07:00,12591.258204572028,13015.205780229568,12485.27107451567,12718.4423828125,4533701,0.0,0.0
2017-07-28 00:00:00+07:00,12930.4169921875,13015.20613178208,12718.442726349165,12930.4169921875,7302208,0.0,0.0
2017-07-31 00:00:00+07:00,12824.429859268334,12972.811089700828,12824.429859268334,12930.4169921875,1119890,0.0,0.0
2017-08-01 00:00:00+07:00,12930.416642925218,12930.416642925218,12718.4423828125,12718.4423828125,904747,0.0,0.0
2017-08-02 00:00:00+07:00,12718.4423828125,12930.416642925218,12676.047341876378,12718.4423828125,2422722,0.0,0.0
2017-08-03 00:00:00+07:00,12739.63977510583,12951.614040944165,12739.63977510583,12930.4169921875,9203431,0.0,0.0
2017-08-04 00:00:00+07:00,12930.4160545767,12930.4160545767,12824.428929342877,12845.6259765625,2644757,0.0,0.0
2017-08-07 00:00:00+07:00,12845.626908024997,12972.811089700828,12845.626908024997,12930.4169921875,3068112,0.0,0.0
2017-08-08 00:00:00+07:00,12930.416818999593,12930.416818999593,12782.034645986581,12824.4296875,6805254,0.0,0.0
2017-08-09 00:00:00+07:00,12739.639430996613,12909.218650173209,12612.45525275614,12718.4423828125,1755428,0.0,0.0
2017-08-10 00:00:00+07:00,12548.863377820613,12824.429731756947,12527.665384706794,12739.6396484375,1037209,0.0,0.0
2017-08-11 00:00:00+07:00,12697.244606777776,12782.034690097224,12697.244606777776,12739.6396484375,696035,0.0,0.0
2017-08-14 00:00:00+07:00,12824.42951286886,12824.42951286886,12612.45525275614,12718.4423828125,767948,0.0,0.0
2017-08-15 00:00:00+07:00,12930.416642925218,12930.416642925218,12294.493862587065,12718.4423828125,689556,0.0,0.0
2017-08-16 00:00:00+07:00,12506.468122699784,12760.837423748624,12506.468122699784,12718.4423828125,334463,0.0,0.0
2017-08-17 00:00:00+07:00,12718.4423828125,12739.639430996613,12612.45525275614,12718.4423828125,2112072,0.0,0.0
2017-08-18 00:00:00+07:00,12697.24439006049,12718.4423828125,12697.24439006049,12718.4423828125,862356,0.0,0.0
2017-08-21 00:00:00+07:00,12718.4423828125,12803.23152011685,12676.047341876378,12718.4423828125,807464,0.0,0.0
2017-08-22 00:00:00+07:00,12718.442132960578,12718.442132960578,12654.850045089599,12697.244140625,325428,0.0,0.0
2017-08-23 00:00:00+07:00,12718.442894203268,12718.442894203268,12654.850802526083,12676.0478515625,587570,0.0,0.0
2017-08-24 00:00:00+07:00,12697.244140625,12697.244140625,12654.850045089599,12697.244140625,911957,0.0,0.0
2017-08-25 00:00:00+07:00,12654.849609375,12697.243703450744,12612.45457073141,12654.849609375,275874,0.0,0.0
2017-08-28 00:00:00+07:00,12612.45460908501,12654.849647857522,12570.0595703125,12570.0595703125,4831847,0.0,0.0
2017-08-29 00:00:00+07:00,12548.86252321017,12612.45460908501,12506.467484437659,12570.0595703125,226820,0.0,0.0
2017-08-30 00:00:00+07:00,12570.0595703125,12570.0595703125,12506.467484437659,12570.0595703125,330174,0.0,0.0
2017-08-31 00:00:00+07:00,12570.060329632783,12570.060329632783,12506.46823991653,12548.86328125,3858743,0.0,0.0
2017-09-01 00:00:00+07:00,12612.455370966252,12612.455370966252,12548.86328125,12548.86328125,89474,0.0,0.0
2017-09-05 00:00:00+07:00,12506.4677734375,12527.664821029653,12464.072733685323,12506.4677734375,187760,0.0,0.0
2017-09-06 00:00:00+07:00,12464.072373604275,12464.072373604275,12294.4931640625,12294.4931640625,287829,0.0,0.0
2017-09-07 00:00:00+07:00,12294.493234535483,12294.493234535483,12188.506109893367,12209.7041015625,5360333,0.0,0.0
2017-09-08 00:00:00+07:00,12358.084844010793,12358.084844010793,12167.30859375,12167.30859375,371788,0.0,0.0
2017-09-11 00:00:00+07:00,12188.506450366207,12188.506450366207,11700.966796875,11700.966796875,436718,0.0,0.0
2017-09-12 00:00:00+07:00,11679.768692752536,11912.939993418277,11679.768692752536,11870.5458984375,1511761,0.0,0.0
2017-09-13 00:00:00+07:00,11870.54634553807,12273.296875,11828.15130439263,12273.296875,2480581,0.0,0.0
2017-09-14 00:00:00+07:00,12082.519901977681,12103.71789525515,11934.138671875,11934.138671875,263324,0.0,0.0
2017-09-15 00:00:00+07:00,11934.137804809505,11955.334851978998,11764.55859375,11764.55859375,779994,0.0,0.0
2017-09-18 00:00:00+07:00,11764.558771849823,11870.5458984375,11658.571645262147,11870.5458984375,445526,0.0,0.0
2017-09-19 00:00:00+07:00,11870.545647860785,11870.545647860785,11764.558523510403,11849.34765625,738333,0.0,0.0
2017-09-20 00:00:00+07:00,11870.546074961218,12103.717379094387,11849.348082587732,11976.533203125,556772,0.0,0.0
2017-09-21 00:00:00+07:00,11976.533025025175,11976.533025025175,11806.953811398467,11870.5458984375,89247,0.0,0.0
2017-09-22 00:00:00+07:00,11870.546074961218,12040.125291109694,11870.546074961218,11976.533203125,957039,0.0,0.0
2017-09-25 00:00:00+07:00,11955.3349609375,11976.53295286804,11785.755748332484,11955.3349609375,564848,0.0,0.0
2017-09-26 00:00:00+07:00,11976.533192104047,12379.283712015076,11912.940159609992,12336.888671875,1021468,0.0,0.0
2017-09-27 00:00:00+07:00,12336.889137945796,12464.073318602992,12252.09905446239,12379.2841796875,742395,0.0,0.0
2017-09-28 00:00:00+07:00,12464.072516022661,12612.454680280114,12379.28338256687,12485.2705078125,1669323,0.0,0.0
2017-09-29 00:00:00+07:00,12506.467446406357,12676.046656412873,12506.467446406357,12654.849609375,2138308,0.0,0.0
2017-10-02 00:00:00+07:00,12718.442143999931,12718.442143999931,12336.888671875,12336.888671875,146102,0.0,0.0
2017-10-03 00:00:00+07:00,12506.46766665409,12506.46766665409,12294.49341427097,12315.69140625,183702,0.0,0.0
2017-10-04 00:00:00+07:00,12294.493519244488,12506.4677734375,12294.493519244488,12506.4677734375,69991,0.0,0.0
2017-10-05 00:00:00+07:00,12400.480646340995,12527.664821029653,12400.480646340995,12506.4677734375,155684,0.0,0.0
2017-10-06 00:00:00+07:00,12548.862594046308,12548.862594046308,12400.480429788853,12485.2705078125,104988,0.0,0.0
2017-10-09 00:00:00+07:00,12506.467991101432,12612.455120042549,12506.467991101432,12527.6650390625,482760,0.0,0.0
2017-10-10 00:00:00+07:00,12591.258322583471,12591.258322583471,12527.665288299313,12548.86328125,642875,0.0,0.0
2017-10-11 00:00:00+07:00,12570.060795326472,12591.2587890625,12548.863746158386,12591.2587890625,523232,0.0,0.0
2017-10-12 00:00:00+07:00,12612.455593429999,12930.4169921875,12612.455593429999,12930.4169921875,2232762,0.0,0.0
2017-10-13 00:00:00+07:00,13036.40286670938,13439.154339933824,13036.40286670938,13354.3642578125,4057367,0.0,0.0
2017-10-16 00:00:00+07:00,13608.733595951286,13990.2861328125,13375.561341778894,13990.2861328125,2352634,0.0,0.0
2017-10-17 00:00:00+07:00,14181.063545938001,14202.260594540128,13566.338746229234,13735.91796875,874723,0.0,0.0
2017-10-18 00:00:00+07:00,13778.312957720915,13778.312957720915,13460.3515625,13460.3515625,748327,0.0,0.0
2017-10-19 00:00:00+07:00,13651.127494428181,13651.127494428181,13354.364099653974,13608.7333984375,376943,0.0,0.0
2017-10-20 00:00:00+07:00,13545.141385529392,13587.536429281137,13354.365105498484,13523.9443359375,388350,0.0,0.0
2017-10-23 00:00:00+07:00,13460.351388180206,13545.14052573363,13354.3642578125,13354.3642578125,534914,0.0,0.0
2017-10-24 00:00:00+07:00,13142.390454966533,13396.759765625,13142.390454966533,13396.759765625,207611,0.0,0.0
2017-10-25 00:00:00+07:00,13651.128131715535,13651.128131715535,13396.759765625,13396.759765625,324333,0.0,0.0
2017-10-26 00:00:00+07:00,13205.980939184681,13757.113591392872,13205.980939184681,13248.3759765625,48088,0.0,0.0
2017-10-27 00:00:00+07:00,13248.377127444794,13354.3642578125,13142.389997077087,13354.3642578125,585107,0.0,0.0
2017-10-30 00:00:00+07:00,13396.759374645948,13566.338595279847,13163.588064345324,13269.5751953125,900001,0.0,0.0
2017-10-31 00:00:00+07:00,13269.5751953125,13460.351464312671,13248.37720237832,13269.5751953125,490744,0.0,0.0
2017-11-01 00:00:00+07:00,13269.5751953125,13333.167284979223,13248.37720237832,13269.5751953125,499644,0.0,0.0
2017-11-02 00:00:00+07:00,13439.1544159464,13439.1544159464,13269.5751953125,13269.5751953125,1304145,0.0,0.0
2017-11-03 00:00:00+07:00,13269.5751953125,13545.140602345668,13269.5751953125,13269.5751953125,972553,0.0,0.0
2017-11-06 00:00:00+07:00,13354.3637446328,13757.1142578125,13290.771657769463,13757.1142578125,803401,0.0,0.0
2017-11-07 00:00:00+07:00,13884.298431539171,13884.298431539171,13757.1142578125,13757.1142578125,1378338,0.0,0.0
2017-11-08 00:00:00+07:00,13375.561530538424,13757.115017352127,13375.561530538424,13735.91796875,32118,0.0,0.0
2017-11-09 00:00:00+07:00,13735.917210380676,13778.312249812188,13672.325123517341,13757.1142578125,3011165,0.0,0.0
2017-11-10 00:00:00+07:00,13375.56103493924,13820.706595633443,13375.56103493924,13778.3125,220158,0.0,0.0
2017-11-13 00:00:00+07:00,13757.114507615397,13947.891716237416,13757.114507615397,13778.3125,331313,0.0,0.0
2017-11-14 00:00:00+07:00,13778.312128792522,14732.1953125,13587.534925310314,14732.1953125,3126883,0.0,0.0
2017-11-15 00:00:00+07:00,14944.169121072859,15262.130507854283,14456.629461489472,15050.15625,2225053,0.0,0.0
2017-11-16 00:00:00+07:00,14541.418932811575,15262.130859375,14541.418932811575,15262.130859375,742349,0.0,0.0
2017-11-17 00:00:00+07:00,14880.577205194866,15474.104945156208,14859.380156990777,15156.1435546875,1318155,0.0,0.0
2017-11-20 00:00:00+07:00,14859.380156990777,15156.1435546875,14838.182164218792,15156.1435546875,341489,0.0,0.0
2017-11-21 00:00:00+07:00,15156.143378927141,15262.130507854283,14944.169121072859,15050.15625,440094,0.0,0.0
2017-11-22 00:00:00+07:00,15050.156596638479,15262.130859375,14838.18233390196,15262.130859375,841548,0.0,0.0
2017-11-23 00:00:00+07:00,15262.130684843736,15262.130684843736,14922.97224617094,15156.1435546875,1490224,0.0,0.0
2017-11-24 00:00:00+07:00,15156.143378927141,15240.93345989601,15050.15625,15050.15625,179595,0.0,0.0
2017-11-27 00:00:00+07:00,15262.13179930231,15474.10607509339,14965.368379935579,14986.5654296875,1562867,0.0,0.0
2017-11-28 00:00:00+07:00,15007.761209515565,15240.93345989601,14944.169121072859,15050.15625,128898,0.0,0.0
2017-11-29 00:00:00+07:00,14986.564964631227,15262.131325694787,14838.182787268404,14944.169921875,397614,0.0,0.0
2017-11-30 00:00:00+07:00,15240.933165874703,15240.933165874703,15050.155959659083,15113.748046875,3027228,0.0,0.0
2017-12-01 00:00:00+07:00,15092.551290484435,15113.748338442707,15050.15625,15050.15625,75694,0.0,0.0
2017-12-04 00:00:00+07:00,15050.156382178484,15240.93359375,15050.156382178484,15240.93359375,662404,0.0,0.0
2017-12-05 00:00:00+07:00,15283.327698149335,15898.05248491108,15240.933601837964,15876.8544921875,813213,0.0,0.0
2017-12-06 00:00:00+07:00,15876.854244700275,15876.854244700275,15474.104668612898,15580.091796875,366265,0.0,0.0
2017-12-07 00:00:00+07:00,15474.105219710598,15474.105219710598,15304.525997365385,15452.9072265625,121189,0.0,0.0
2017-12-08 00:00:00+07:00,15368.117365133792,15580.091619241208,15368.117365133792,15474.1044921875,473495,0.0,0.0
2017-12-11 00:00:00+07:00,14944.169294375028,15643.684164492606,14944.169294375028,15156.1435546875,230883,0.0,0.0
2017-12-12 00:00:00+07:00,15050.156424531264,15156.1435546875,14944.169294375028,15156.1435546875,762790,0.0,0.0
2017-12-13 00:00:00+07:00,15686.078440280131,15686.078440280131,15050.156596638479,15262.130859375,604637,0.0,0.0
2017-12-14 00:00:00+07:00,15262.130641894437,15558.894038756036,15240.93359375,15240.93359375,1221145,0.0,0.0
2017-12-15 00:00:00+07:00,15240.93381092851,15262.130859375,15071.354589652876,15262.130859375,241513,0.0,0.0
2017-12-18 00:00:00+07:00,15474.105296626067,15474.105296626067,15262.131031498935,15368.1181640625,3833281,0.0,0.0
2017-12-19 00:00:00+07:00,15452.90691709851,15876.8544921875,15452.90691709851,15876.8544921875,4661191,0.0,0.0
2017-12-20 00:00:00+07:00,15876.8542870934,15876.8542870934,15474.104709930632,15495.3017578125,225724,0.0,0.0
2017-12-21 00:00:00+07:00,15495.301975258175,15770.868324428884,15495.301975258175,15516.4990234375,1428531,0.0,0.0
2017-12-22 00:00:00+07:00,15516.499316870966,15516.499316870966,15262.130955637103,15452.9072265625,358829,0.0,0.0
2017-12-25 00:00:00+07:00,15898.052882312413,15898.052882312413,15283.32808018448,15368.1181640625,18521,0.0,0.0
2017-12-26 00:00:00+07:00,15368.11740548575,15558.89366794262,15368.11740548575,15389.314453125,41015,0.0,0.0
2017-12-27 00:00:00+07:00,15389.3146292674,15622.485934239467,15389.3146292674,15495.3017578125,1152105,0.0,0.0
2017-12-28 00:00:00+07:00,15686.078374262319,15792.065505184511,15580.09218790803,15707.2763671875,1108208,0.0,0.0
2017-12-29 00:00:00+07:00,15792.064729367466,16533.974609375,15707.275595535892,16533.974609375,1126143,0.0,0.0
2018-01-02 00:00:00+07:00,16533.974741575574,17381.869864942262,16533.974741575574,17085.107421875,311283,0.0,0.0
2018-01-03 00:00:00+07:00,17593.84375,17636.239733219623,17169.895252617905,17593.84375,414542,0.0,0.0
2018-01-04 00:00:00+07:00,17593.84325554653,18017.79174101407,17593.84325554653,17996.59375,407289,0.0,0.0
2018-01-05 00:00:00+07:00,17805.820476570138,17805.820476570138,17593.8461983805,17636.2421875,83998,0.0,0.0
2018-01-08 00:00:00+07:00,17615.042242207466,18017.792759425418,17381.86999528014,17911.8046875,320683,0.0,0.0
2018-01-09 00:00:00+07:00,17975.398153298163,17975.398153298163,17593.84375,17593.84375,284270,0.0,0.0
2018-01-10 00:00:00+07:00,17403.06698014003,17593.84323160007,16957.92239339993,17275.8828125,1002668,0.0,0.0
2018-01-11 00:00:00+07:00,17169.895107814875,17275.88317583439,16915.52676718512,17042.7109375,204278,0.0,0.0
2018-01-12 00:00:00+07:00,16957.923474711668,17381.870097499246,16745.94921875,16745.94921875,106404,0.0,0.0
2018-01-15 00:00:00+07:00,16745.950372582873,17487.859375,16533.97610201571,17487.859375,952841,0.0,0.0
2018-01-16 00:00:00+07:00,17169.89682563892,17381.87109375,16979.120551079704,17381.87109375,32709,0.0,0.0
2018-01-17 00:00:00+07:00,16873.1332485786,17487.858018810486,16873.1332485786,16915.52734375,1859192,0.0,0.0
2018-01-18 00:00:00+07:00,16639.963409491855,16957.92578125,16639.963409491855,16957.92578125,261772,0.0,0.0
2018-01-19 00:00:00+07:00,17466.65810805931,17593.842268738907,16745.947234496405,17191.091796875,638220,0.0,0.0
2018-01-22 00:00:00+07:00,17212.29272250257,17699.83334768841,17191.09472906184,17551.451171875,634252,0.0,0.0
2018-01-25 00:00:00+07:00,18017.79403647546,18229.768306214686,17911.80595703791,18208.5703125,1079918,0.0,0.0
2018-01-26 00:00:00+07:00,18229.767140591037,18865.688020011625,18017.79288440559,18462.9375,1213341,0.0,0.0
2018-01-29 00:00:00+07:00,18971.67468719289,19098.85885365482,18653.714271038072,18780.8984375,1676167,0.0,0.0
2018-01-30 00:00:00+07:00,18780.901587362154,19077.6640625,18717.309493465764,19077.6640625,646572,0.0,0.0
2018-01-31 00:00:00+07:00,19056.46795729183,19289.63833853328,18272.162947055094,19077.6640625,405599,0.0,0.0
2018-02-01 00:00:00+07:00,19056.466990054527,19056.466990054527,18441.7421875,18441.7421875,433981,0.0,0.0
2018-02-02 00:00:00+07:00,18441.74067170901,18653.71491956034,18229.766423857676,18484.134765625,687092,0.0,0.0
2018-02-05 00:00:00+07:00,18484.136532273274,18484.136532273274,17381.87109375,17381.87109375,1409823,0.0,0.0
2018-02-06 00:00:00+07:00,16194.816592031586,16745.94928177915,16173.618599614905,16216.0126953125,1743564,0.0,0.0
2018-02-07 00:00:00+07:00,16533.977211663147,17275.886263872133,16533.977211663147,16957.92578125,1174008,0.0,0.0
2018-02-08 00:00:00+07:00,16957.92578125,17063.911979078708,16745.951496456575,16957.92578125,217012,0.0,0.0
2018-02-09 00:00:00+07:00,15792.067214886154,16957.92578125,15792.067214886154,16957.92578125,1038077,0.0,0.0
2018-02-12 00:00:00+07:00,17275.886263872133,17275.886263872133,16745.951496456575,16957.92578125,648351,0.0,0.0
2018-02-13 00:00:00+07:00,16957.924852726934,17000.318951709945,16851.93677156554,16873.134765625,280573,0.0,0.0
2018-02-21 00:00:00+07:00,16851.934116139917,18017.791490391046,16533.97370102983,17169.89453125,1665625,0.0,0.0
2018-02-22 00:00:00+07:00,17381.87109375,17805.819629972164,17318.27900223026,17381.87109375,1792771,0.0,0.0
2018-02-23 00:00:00+07:00,17805.819629972164,18441.742434305404,17381.87109375,17381.87109375,1030364,0.0,0.0
2018-02-26 00:00:00+07:00,17381.869501308953,17996.59425577228,17233.48733831165,17593.84375,2415829,0.0,0.0
2018-02-27 00:00:00+07:00,17593.84375,17593.84375,17424.265484528576,17593.84375,177631,0.0,0.0
2018-02-28 00:00:00+07:00,17191.094673561536,18441.742278081663,17191.094673561536,18272.162109375,1568207,0.0,0.0
2018-03-01 00:00:00+07:00,18738.504647575257,18738.504647575257,18229.767922225765,18441.7421875,1365701,0.0,0.0
2018-03-02 00:00:00+07:00,18441.743123536093,19289.63833853328,18017.79457146953,19077.6640625,1278822,0.0,0.0
2018-03-05 00:00:00+07:00,19077.661532200847,19501.610028038478,18865.68728428203,19204.845703125,1201477,0.0,0.0
2018-03-06 00:00:00+07:00,18674.91279223424,19120.059321660297,18674.91279223424,19098.861328125,416141,0.0,0.0
2018-03-07 00:00:00+07:00,19289.637602535084,19289.637602535084,19077.663334589703,19098.861328125,346692,0.0,0.0
2018-03-08 00:00:00+07:00,19098.859016738348,20137.532237227395,18759.700606898623,19332.03125,395377,0.0,0.0
2018-03-09 00:00:00+07:00,19310.834860897132,19713.58538791968,19120.05859375,19120.05859375,854189,0.0,0.0
2018-03-12 00:00:00+07:00,19120.05902771702,19501.611570671364,19077.6630412982,19162.453125,207793,0.0,0.0
2018-03-13 00:00:00+07:00,19077.66037539949,19183.6484375,18653.713794404153,19183.6484375,98464,0.0,0.0
2018-03-14 00:00:00+07:00,19183.651066335915,19183.651066335915,18802.096635277474,18886.88671875,823708,0.0,0.0
2018-03-15 00:00:00+07:00,18823.294628429565,19077.662989711305,18823.294628429565,18886.88671875,932717,0.0,0.0
2018-03-16 00:00:00+07:00,18886.885409271083,20201.125,18865.68741758871,20201.125,1764554,0.0,0.0
2018-03-19 00:00:00+07:00,20349.50854411704,21345.78588374555,20349.50854411704,21324.587890625,744495,0.0,0.0
2018-03-20 00:00:00+07:00,20561.48091877925,21515.36416130248,20561.48091877925,21324.587890625,940383,0.0,0.0
2018-03-21 00:00:00+07:00,21409.377989397693,22681.221683966476,21324.587905990218,22045.30078125,811935,0.0,0.0
2018-03-22 00:00:00+07:00,22681.222519436506,22681.222519436506,22045.301593295677,22575.236328125,894022,0.0,0.0
2018-03-23 00:00:00+07:00,21218.603370170473,22787.211534192906,21218.603370170473,22660.02734375,2458130,0.0,0.0
2018-03-26 00:00:00+07:00,22660.02286593975,23105.167444525618,22660.02286593975,22787.20703125,1678541,0.0,0.0
2018-03-27 00:00:00+07:00,22893.19429428226,22893.19429428226,22257.2734375,22257.2734375,5358455,0.0,0.0
2018-03-28 00:00:00+07:00,22320.864611643603,22893.193359375,22320.864611643603,22893.193359375,130723,0.0,0.0
2018-03-29 00:00:00+07:00,22893.19414920963,22893.19414920963,22681.21990191358,22871.998046875,234212,0.0,0.0
2018-03-30 00:00:00+07:00,22893.193359375,22914.391350113958,22681.21911939224,22893.193359375,2025876,0.0,0.0
2018-04-02 00:00:00+07:00,22893.194093702146,24483.0,22893.194093702146,24483.0,2438236,0.0,0.0
2018-04-03 00:00:00+07:00,25436.885694176977,25436.885694176977,24588.98862277434,24800.962890625,1002803,0.0,0.0
2018-04-04 00:00:00+07:00,25436.884436461765,25436.884436461765,24694.975480235742,24779.763671875,808238,0.0,0.0
2018-04-05 00:00:00+07:00,25224.911426326318,25224.911426326318,24716.172805657563,24800.962890625,1593895,0.0,0.0
2018-04-06 00:00:00+07:00,24588.987038488976,25415.686063101002,24588.987038488976,25012.935546875,171151,0.0,0.0
2018-04-09 00:00:00+07:00,24631.382311220248,25330.89525179928,24588.986328125,24588.986328125,239140,0.0,0.0
2018-04-10 00:00:00+07:00,24398.20970998344,24800.96020860477,24377.01171875,24377.01171875,655789,0.0,0.0
2018-04-11 00:00:00+07:00,24377.012667265324,24906.949244771575,23613.907622796934,23741.091796875,178818,0.0,0.0
2018-04-12 00:00:00+07:00,23105.16903734894,23741.091796875,22999.18285532913,23741.091796875,470806,0.0,0.0
2018-04-13 00:00:00+07:00,23529.117340278186,24165.038205170647,22681.220334907288,22914.392578125,687457,0.0,0.0
2018-04-16 00:00:00+07:00,23253.55129716498,23423.12956690699,22850.80078125,22850.80078125,594507,0.0,0.0
2018-04-17 00:00:00+07:00,22850.80006496985,23529.11690094688,22850.80006496985,23147.5625,1446327,0.0,0.0
2018-04-18 00:00:00+07:00,23105.169277050692,23317.143532425147,22893.195021676238,22956.787109375,825943,0.0,0.0
2018-04-19 00:00:00+07:00,22956.7866831457,22956.7866831457,22172.483653044234,22469.24609375,923317,0.0,0.0
2018-04-20 00:00:00+07:00,22299.668695836383,22469.246970120083,22066.496443418535,22278.470703125,1190572,0.0,0.0
2018-04-23 00:00:00+07:00,22320.864908543397,22320.864908543397,20731.05903209379,20773.453125,1326003,0.0,0.0
2018-04-24 00:00:00+07:00,20773.456086169197,20773.456086169197,19713.586610213264,20137.53515625,995186,0.0,0.0
2018-04-26 00:00:00+07:00,20137.532065274725,20349.506305756477,18780.8984375,18780.8984375,398527,0.0,0.0
2018-04-27 00:00:00+07:00,18780.90067935518,19713.5859375,18738.5046927167,19713.5859375,1444502,0.0,0.0
2018-05-02 00:00:00+07:00,19713.583239166022,19713.583239166022,19289.634765625,19289.634765625,479384,0.0,0.0
2018-05-03 00:00:00+07:00,19289.637066074796,19713.585590175207,18229.76764495958,19501.611328125,3018466,0.0,0.0
2018-05-04 00:00:00+07:00,19925.561140752587,19925.561140752587,19247.2442139815,19798.376953125,1597271,0.0,0.0
2018-05-07 00:00:00+07:00,20010.34938044393,20349.5078125,19713.58504396896,20349.5078125,9005031,0.0,0.0
2018-05-08 00:00:00+07:00,20031.546070934768,21451.771928735576,20031.546070934768,21218.6015625,701555,0.0,0.0
2018-05-09 00:00:00+07:00,20773.45486888934,22193.680714667906,20773.45486888934,21833.326171875,853686,0.0,0.0
2018-05-10 00:00:00+07:00,21833.32581967774,21833.32581967774,21239.799033061532,21621.3515625,548833,0.0,0.0
2018-05-11 00:00:00+07:00,21621.3515625,21621.3515625,20349.507908569343,21621.3515625,707487,0.0,0.0
2018-05-14 00:00:00+07:00,22045.299863636763,22045.299863636763,21197.402843126543,21515.36328125,1254455,0.0,0.0
2018-05-15 00:00:00+07:00,21472.969393562005,21790.92983476073,21197.403048144526,21621.3515625,251369,0.0,0.0
2018-05-16 00:00:00+07:00,21621.352094303104,21621.352094303104,21218.6015625,21218.6015625,161616,0.0,0.0
2018-05-17 00:00:00+07:00,20879.443011282685,21218.60145150782,20667.46875,20667.46875,357552,0.0,0.0
2018-05-18 00:00:00+07:00,20179.92893596426,21197.404296875,20179.92893596426,21197.404296875,1437431,0.0,0.0
2018-05-21 00:00:00+07:00,21218.600478414603,21218.600478414603,20985.428234956278,21027.82421875,59540,0.0,0.0
2018-05-22 00:00:00+07:00,20773.455229175648,20773.455229175648,19565.203623038797,19607.599609375,520268,0.0,0.0
2018-05-23 00:00:00+07:00,19098.862056844107,19713.586890599843,18865.68978646672,19077.6640625,297959,0.0,0.0
2018-05-24 00:00:00+07:00,19798.376021641125,19798.376021641125,19077.663140145345,19713.5859375,598935,0.0,0.0
2018-05-25 00:00:00+07:00,19183.64995784367,19713.58464293793,18908.08361933294,19416.8203125,163259,0.0,0.0
2018-05-28 00:00:00+07:00,18865.68856321625,19183.650901217476,18060.1875,18060.1875,709907,0.0,0.0
2018-05-29 00:00:00+07:00,17615.042871588423,18844.492459382433,16809.541808372174,18060.1875,1312679,0.0,0.0
2018-05-30 00:00:00+07:00,18060.18619652415,18653.71484375,17169.89511482105,18653.71484375,4841199,0.0,0.0
2018-05-31 00:00:00+07:00,18144.976560143674,18865.6875,18017.792387765247,18865.6875,516844,0.0,0.0
2018-06-01 00:00:00+07:00,18250.961572190176,19289.634765625,18250.961572190176,19289.634765625,771643,0.0,0.0
2018-06-04 00:00:00+07:00,19289.637066074796,19713.585590175207,19268.44096226484,19501.611328125,1029407,0.0,0.0
2018-06-05 00:00:00+07:00,19501.60981278844,19607.59788014584,19289.635567209298,19544.00390625,199580,0.0,0.0
2018-06-06 00:00:00+07:00,19544.00390625,19798.374134426365,19544.00390625,19544.00390625,135195,0.0,0.0
2018-06-07 00:00:00+07:00,19692.38686359105,19713.584855747085,19501.610601593966,19522.80859375,345414,0.0,0.0
2018-06-08 00:00:00+07:00,19289.636347440843,19565.20268892633,19183.650164932154,19522.80859375,182650,0.0,0.0
2018-06-11 00:00:00+07:00,19098.861552784743,19819.572560968063,19098.861552784743,19755.98046875,458894,0.0,0.0
2018-06-12 00:00:00+07:00,19416.82252632606,19501.612614566562,18759.703593018046,19077.6640625,237862,0.0,0.0
2018-06-13 00:00:00+07:00,19077.66145749856,19374.42578125,18971.675278522005,19374.42578125,56620,0.0,0.0
2018-06-14 00:00:00+07:00,19480.413815804044,19819.572265625,19289.63754199273,19819.572265625,638815,0.0,0.0
2018-06-15 00:00:00+07:00,20349.507091074312,20349.507091074312,19819.570524851075,19925.55859375,235034,0.0,0.0
2018-06-18 00:00:00+07:00,19713.584501370464,19713.584501370464,18865.6875,18865.6875,183381,0.0,0.0
2018-06-19 00:00:00+07:00,18017.793803620105,18611.32061773789,17551.451171875,17551.451171875,1688897,0.0,0.0
2018-06-20 00:00:00+07:00,17805.81894376299,17805.81894376299,16957.92379313112,17678.634765625,833474,0.0,0.0
2018-06-21 00:00:00+07:00,17212.29123583753,17593.84375,17212.29123583753,17593.84375,135104,0.0,0.0
2018-06-22 00:00:00+07:00,17593.8443119395,18187.37109375,17487.858128776676,18187.37109375,149114,0.0,0.0
2018-06-25 00:00:00+07:00,18187.371592388907,18229.767578125,17805.819055578882,18229.767578125,460402,0.0,0.0
2018-06-26 00:00:00+07:00,18017.79403647546,18229.768306214686,17805.819766736233,18208.5703125,222395,0.0,0.0
2018-06-27 00:00:00+07:00,18166.17492663956,18229.76701414051,17911.8046875,17911.8046875,321321,0.0,0.0
2018-06-28 00:00:00+07:00,17487.85917237347,17805.819629972164,17233.488917158655,17381.87109375,330948,0.0,0.0
2018-06-29 00:00:00+07:00,17381.871295148474,18144.97829136308,17297.08309823032,17487.859375,52195,0.0,0.0
2018-07-02 00:00:00+07:00,17487.860021098502,17487.860021098502,16279.6064453125,16279.6064453125,342494,0.0,0.0
2018-07-03 00:00:00+07:00,16322.001041838199,16364.395138246375,15156.1435546875,15156.1435546875,1084163,0.0,0.0
2018-07-04 00:00:00+07:00,15156.143591762393,15876.854567279162,15050.15646134689,15792.0654296875,826080,0.0,0.0
2018-07-05 00:00:00+07:00,15389.313916419922,16237.2099609375,15389.313916419922,16237.2099609375,516297,0.0,0.0
2018-07-06 00:00:00+07:00,16237.211573004133,16237.211573004133,15749.671889357396,16025.2373046875,555130,0.0,0.0
2018-07-09 00:00:00+07:00,16025.235315993423,16745.948116658383,15898.051148613871,16110.025390625,897034,0.0,0.0
2018-07-10 00:00:00+07:00,16597.568018055998,16597.568018055998,15739.072892571185,16025.2373046875,866361,0.0,0.0
2018-07-11 00:00:00+07:00,16025.235672024168,16025.235672024168,14966.426132671026,15739.0712890625,334281,0.0,0.0
2018-07-12 00:00:00+07:00,15080.892857353347,15739.072500117874,15023.65959853002,15195.359375,16223,0.0,0.0
2018-07-13 00:00:00+07:00,14880.576568274064,15223.974212975938,14880.576568274064,15052.275390625,136483,0.0,0.0
2018-07-16 00:00:00+07:00,15166.742322756822,15452.906719759698,15023.6591796875,15023.6591796875,27377,0.0,0.0
2018-07-17 00:00:00+07:00,14880.577093334778,15309.824636642035,14880.577093334778,15281.2080078125,284629,0.0,0.0
2018-07-18 00:00:00+07:00,15281.20825669127,15595.990234375,15080.892796189954,15595.990234375,385860,0.0,0.0
2018-07-19 00:00:00+07:00,15595.988917079747,16683.416015625,15595.988917079747,16683.416015625,622190,0.0,0.0
2018-07-20 00:00:00+07:00,16683.417616290168,16683.417616290168,15739.072616966023,16311.4033203125,84532,0.0,0.0
2018-07-23 00:00:00+07:00,15796.304543481969,16454.483191034506,15739.0712890625,15739.0712890625,267222,0.0,0.0
2018-07-24 00:00:00+07:00,15739.07257751851,15882.155725280472,15109.509561069619,15452.9072265625,263436,0.0,0.0
2018-07-25 00:00:00+07:00,15452.907684574086,15824.92199064556,15223.9755859375,15223.9755859375,227033,0.0,0.0
2018-07-26 00:00:00+07:00,15595.989430065469,15595.989430065469,15052.275390625,15052.275390625,265870,0.0,0.0
2018-07-27 00:00:00+07:00,15166.742956422266,15567.373884618932,15166.742956422266,15510.140625,130703,0.0,0.0
2018-07-30 00:00:00+07:00,16025.237024071343,16340.01806080078,15739.072616966023,16311.4033203125,410500,0.0,0.0
2018-07-31 00:00:00+07:00,16311.4033203125,16454.48457929724,15739.072616966023,16311.4033203125,1007610,0.0,0.0
2018-08-01 00:00:00+07:00,16225.553715564027,16254.170345689245,15882.156043197276,16025.2373046875,88183,0.0,0.0
2018-08-02 00:00:00+07:00,15767.688202748528,16111.085846368707,15739.07157501887,15853.5380859375,214730,0.0,0.0
2018-08-03 00:00:00+07:00,16025.23674631562,16254.169779340587,15824.921286986675,15996.6201171875,75474,0.0,0.0
2018-08-06 00:00:00+07:00,16025.235672024168,16025.235672024168,15739.0712890625,15739.0712890625,396946,0.0,0.0
2018-08-07 00:00:00+07:00,15939.386952218521,15939.386952218521,15481.523717192587,15595.990234375,606168,0.0,0.0
2018-08-08 00:00:00+07:00,15739.072966349948,15767.68959660931,15452.907608324265,15624.6064453125,135908,0.0,0.0
2018-08-09 00:00:00+07:00,15853.539413072058,16254.170345689245,15853.539413072058,16025.2373046875,687187,0.0,0.0
2018-08-10 00:00:00+07:00,16025.236195217438,16454.483728241885,15939.386310785401,16168.3193359375,1075582,0.0,0.0
2018-08-13 00:00:00+07:00,16168.320447367862,16883.732421875,16168.320447367862,16883.732421875,839490,0.0,0.0
2018-08-14 00:00:00+07:00,17141.27925264553,17742.2265625,16912.348113594537,17742.2265625,409249,0.0,0.0
2018-08-15 00:00:00+07:00,17255.746724184148,17456.06313496223,16883.732421875,16883.732421875,297946,0.0,0.0
2018-08-16 00:00:00+07:00,16597.566640141296,17112.664050496445,16454.48350139384,16912.34765625,773749,0.0,0.0
2018-08-17 00:00:00+07:00,17026.815572430776,17398.829874739924,16883.732421875,16883.732421875,384034,0.0,0.0
2018-08-20 00:00:00+07:00,16740.646484375,17026.812737846252,16740.646484375,16740.646484375,138004,0.0,0.0
2018-08-21 00:00:00+07:00,16740.646512854342,16940.962890625,16454.48214803182,16940.962890625,296391,0.0,0.0
2018-08-22 00:00:00+07:00,17169.895705139057,17198.512333369017,16740.6481708254,17026.814453125,1305828,0.0,0.0
2018-08-23 00:00:00+07:00,17026.814453125,17169.895705139057,16940.96456843512,17026.814453125,713585,0.0,0.0
2018-08-24 00:00:00+07:00,17026.814179191304,17227.12868444255,16883.73104034348,17112.6640625,1297773,0.0,0.0
2018-08-27 00:00:00+07:00,17456.063623308633,17599.144888731345,17169.897314191367,17312.98046875,905569,0.0,0.0
2018-08-28 00:00:00+07:00,17684.994771235106,17684.994771235106,17312.980458733804,17513.296875,929229,0.0,0.0
2018-08-29 00:00:00+07:00,17427.44470433292,17742.225713898126,17370.21145002367,17599.142578125,1542766,0.0,0.0
2018-08-30 00:00:00+07:00,17599.14418111869,18285.94140625,17513.29618097114,18285.94140625,1559294,0.0,0.0
2018-08-31 00:00:00+07:00,18114.24162976442,18314.558038115352,18028.39174047116,18085.625,269723,0.0,0.0
2018-09-04 00:00:00+07:00,18028.388944538416,18028.388944538416,17513.29346693414,17541.908203125,1325432,0.0,0.0
2018-09-05 00:00:00+07:00,17570.52776161396,17570.52776161396,17026.81556791786,17084.048828125,933724,0.0,0.0
2018-09-06 00:00:00+07:00,17055.43219802143,17169.896829299843,17026.81556791786,17084.048828125,384142,0.0,0.0
2018-09-07 00:00:00+07:00,17084.04765469565,17484.67855949216,17084.04765469565,17227.12890625,97917,0.0,0.0
2018-09-10 00:00:00+07:00,17227.12890625,17227.12890625,16883.731257729523,17227.12890625,142601,0.0,0.0
2018-09-11 00:00:00+07:00,17169.895605732236,17742.226277882124,17169.895605732236,17627.759765625,537994,0.0,0.0
2018-09-12 00:00:00+07:00,17627.759205279624,17856.692222516627,17570.525950970376,17599.142578125,210370,0.0,0.0
2018-09-13 00:00:00+07:00,17456.0608164308,17684.99193777731,17370.2109375,17370.2109375,236295,0.0,0.0
2018-09-14 00:00:00+07:00,17370.21145002367,17742.225713898126,17370.21145002367,17599.142578125,1035090,0.0,0.0
2018-09-17 00:00:00+07:00,17599.143192283835,17656.37644859036,17370.212056193475,17427.4453125,194180,0.0,0.0
2018-09-18 00:00:00+07:00,17427.445870929772,17541.91049807489,17169.896209297716,17456.0625,972054,0.0,0.0
2018-09-19 00:00:00+07:00,17456.06244283948,17971.157986145296,17456.06244283948,17856.693359375,1377011,0.0,0.0
2018-09-20 00:00:00+07:00,17799.45840416422,18228.705908745596,17799.45840416422,18171.47265625,950726,0.0,0.0
2018-09-21 00:00:00+07:00,18171.47536975817,18743.80420190759,18171.47536975817,18514.873046875,2032291,0.0,0.0
2018-09-24 00:00:00+07:00,18600.723010940124,18715.189533470533,18314.55859375,18314.55859375,614787,0.0,0.0
2018-09-25 00:00:00+07:00,18314.557476523856,18371.78884516193,18171.474332089216,18257.32421875,505613,0.0,0.0
2018-09-26 00:00:00+07:00,18200.09207121959,18572.10638030752,18200.09207121959,18314.55859375,555367,0.0,0.0
2018-09-27 00:00:00+07:00,18400.407090928056,18572.106879337218,18257.325823056373,18343.173828125,569360,0.0,0.0
2018-09-28 00:00:00+07:00,18343.1738147108,18686.573391277998,18343.1738147108,18543.490234375,1280884,0.0,0.0
2018-10-01 00:00:00+07:00,18543.48883785278,18743.80335329521,18200.091176283033,18371.7890625,551615,0.0,0.0
2018-10-02 00:00:00+07:00,18371.7904460914,19029.971078709248,18171.47591556315,18543.490234375,1004095,0.0,0.0
2018-10-03 00:00:00+07:00,18543.489670066505,18829.654086028106,18543.489670066505,18715.189453125,311736,0.0,0.0
2018-10-04 00:00:00+07:00,18829.65373576045,19115.820035534703,18743.803845828174,19001.353515625,709968,0.0,0.0
2018-10-05 00:00:00+07:00,18858.27008919222,19401.98416165419,18858.27008919222,18886.88671875,1370555,0.0,0.0
2018-10-08 00:00:00+07:00,18743.80250242996,18858.269014135665,18429.021484375,18429.021484375,371089,0.0,0.0
2018-10-09 00:00:00+07:00,18429.02372232958,18657.9567735418,18343.173828125,18343.173828125,453156,0.0,0.0
2018-10-10 00:00:00+07:00,18371.789965879303,18600.723010940124,18257.325332484794,18314.55859375,387617,0.0,0.0
2018-10-11 00:00:00+07:00,17398.829870128404,17913.9273228568,17084.048828125,17084.048828125,1317286,0.0,0.0
2018-10-12 00:00:00+07:00,16196.936488317346,17684.99364342603,16196.936488317346,17456.0625,1008624,0.0,0.0
2018-10-15 00:00:00+07:00,17742.225762663682,17742.225762663682,17198.511734367043,17398.828125,207058,0.0,0.0
2018-10-16 00:00:00+07:00,17398.828125,17427.44475223328,17255.7449888336,17398.828125,238255,0.0,0.0
2018-10-17 00:00:00+07:00,17570.528247654423,17656.378140339937,17427.446982314486,17513.296875,330191,0.0,0.0
2018-10-18 00:00:00+07:00,17198.51062307897,17513.293502305238,17026.812759909288,17341.59375,272359,0.0,0.0
2018-10-19 00:00:00+07:00,16912.348434097952,17341.59598094696,16912.348434097952,17255.74609375,195396,0.0,0.0
2018-10-22 00:00:00+07:00,17169.89517490322,17169.89517490322,16597.56640625,16597.56640625,605459,0.0,0.0
2018-10-23 00:00:00+07:00,16597.568018055998,16654.801278306433,15739.072892571185,16025.2373046875,514739,0.0,0.0
2018-10-24 00:00:00+07:00,16311.40194412151,16311.40194412151,15739.0712890625,15739.0712890625,360983,0.0,0.0
2018-10-25 00:00:00+07:00,14708.87829179718,15166.742464770448,14708.87829179718,15080.892578125,418004,0.0,0.0
2018-10-26 00:00:00+07:00,15166.742765397497,15252.591709176702,14036.390625,14036.390625,711523,0.0,0.0
2018-10-29 00:00:00+07:00,13778.841340605042,14594.41141234348,13778.841340605042,14308.24609375,747588,0.0,0.0
2018-10-30 00:00:00+07:00,13936.232905105488,14651.644839374481,13793.150707165265,14565.7958984375,398974,0.0,0.0
2018-10-31 00:00:00+07:00,14708.878046735026,14966.4267578125,14651.644789924947,14966.4267578125,226898,0.0,0.0
2018-11-01 00:00:00+07:00,15166.742464770448,15223.974777966187,14966.42700716563,15080.892578125,572436,0.0,0.0
2018-11-02 00:00:00+07:00,15166.742820174404,15452.9072265625,15080.892931517226,15452.9072265625,499293,0.0,0.0
2018-11-05 00:00:00+07:00,15710.455947966117,15710.455947966117,15023.659672412443,15452.9072265625,152437,0.0,0.0
2018-11-06 00:00:00+07:00,15452.90623030314,15681.838307394959,15452.90623030314,15653.2216796875,90819,0.0,0.0
2018-11-07 00:00:00+07:00,15710.455947966117,15710.455947966117,15281.20839381606,15452.9072265625,231123,0.0,0.0
2018-11-08 00:00:00+07:00,15538.757115219678,15739.07257751851,15452.9072265625,15452.9072265625,108666,0.0,0.0
2018-11-09 00:00:00+07:00,15424.290235571005,15424.290235571005,15080.892578125,15080.892578125,156797,0.0,0.0
2018-11-12 00:00:00+07:00,14594.413226739583,15309.8251953125,14594.413226739583,15309.8251953125,351654,0.0,0.0
2018-11-13 00:00:00+07:00,15166.742212079896,15166.742212079896,14651.644789924947,14966.4267578125,44986,0.0,0.0
2018-11-14 00:00:00+07:00,14880.5771484375,14995.043664179513,14766.111577263382,14880.5771484375,51544,0.0,0.0
2018-11-15 00:00:00+07:00,14823.345037889107,14851.961669039529,13879.000932765011,14079.31640625,572132,0.0,0.0
2018-11-16 00:00:00+07:00,14422.713060335114,14565.79620586313,14251.014230269397,14279.630859375,148888,0.0,0.0
2018-11-19 00:00:00+07:00,14451.329409837912,14451.329409837912,14308.247211646136,14365.48046875,63610,0.0,0.0
2018-11-20 00:00:00+07:00,14079.315289009193,14308.247375478077,13449.75228736174,14022.08203125,575647,0.0,0.0
2018-11-21 00:00:00+07:00,14136.548828125,14136.548828125,13907.616737099734,14136.548828125,205097,0.0,0.0
2018-11-22 00:00:00+07:00,14308.247186490795,14565.7958984375,14222.397300985933,14565.7958984375,410770,0.0,0.0
2018-11-23 00:00:00+07:00,14594.411402326965,14623.027084055646,14479.944897141011,14508.5615234375,543909,0.0,0.0
2018-11-26 00:00:00+07:00,14508.562083536275,14565.795338338725,14451.328828733824,14537.1787109375,83958,0.0,0.0
2018-11-27 00:00:00+07:00,14794.727395359281,14794.727395359281,14737.494140625,14737.494140625,486009,0.0,0.0
2018-11-28 00:00:00+07:00,14737.494724879343,14766.111353380964,14308.247186490795,14565.7958984375,166261,0.0,0.0
2018-11-29 00:00:00+07:00,14680.261467876102,14851.960294317945,14479.946012932638,14565.7958984375,86729,0.0,0.0
2018-11-30 00:00:00+07:00,14565.797246671242,14823.345037889107,14079.31640625,14079.31640625,1260299,0.0,0.0
2018-12-03 00:00:00+07:00,14365.47990868626,14565.795356172246,14222.396771504953,14336.86328125,425541,0.0,0.0
2018-12-04 00:00:00+07:00,14451.328846427201,14537.178728735986,14279.630026377477,14336.86328125,222200,0.0,0.0
2018-12-05 00:00:00+07:00,14336.863418126704,14336.863418126704,14222.396907288825,14293.9384765625,542252,0.0,0.0
2018-12-06 00:00:00+07:00,14293.939173927802,14365.480746691808,14165.165287520487,14279.630859375,885695,0.0,0.0
2018-12-07 00:00:00+07:00,14308.24608392989,14508.5615234375,14279.6294576334,14508.5615234375,1032656,0.0,0.0
2018-12-10 00:00:00+07:00,14508.563121828094,14508.563121828094,14107.932198675853,14136.548828125,334450,0.0,0.0
2018-12-11 00:00:00+07:00,14251.014117718882,14251.014117718882,14022.08203125,14022.08203125,200602,0.0,0.0
2018-12-12 00:00:00+07:00,14022.081483430446,14193.78125,13936.232544713523,14193.78125,302576,0.0,0.0
2018-12-13 00:00:00+07:00,14251.014148375001,14336.864035198469,13921.9248046875,13921.9248046875,394479,0.0,0.0
2018-12-14 00:00:00+07:00,14079.315920233797,14107.932550396377,13592.836041173747,13750.2265625,584840,0.0,0.0
2018-12-17 00:00:00+07:00,13750.225078178164,13750.225078178164,12820.1884765625,12820.1884765625,3116223,0.0,0.0
2018-12-18 00:00:00+07:00,12018.926682692309,13049.12053328991,12018.926682692309,13020.50390625,329988,0.0,0.0
2018-12-19 00:00:00+07:00,13335.286172268434,13335.286172268434,12934.6552734375,12934.6552734375,102818,0.0,0.0
2018-12-20 00:00:00+07:00,12448.174491470858,12963.271901149405,12448.174491470858,12934.6552734375,483001,0.0,0.0
2018-12-21 00:00:00+07:00,12648.489643866833,13020.50390625,12648.489643866833,13020.50390625,234469,0.0,0.0
2018-12-24 00:00:00+07:00,13020.504049975916,13077.7373046875,12891.73017144269,13077.7373046875,373489,0.0,0.0
2018-12-25 00:00:00+07:00,12319.400630420294,12934.655293475795,12305.092316542175,12734.33984375,192253,0.0,0.0
2018-12-26 00:00:00+07:00,12591.258146609634,13163.587890625,12591.258146609634,13163.587890625,554691,0.0,0.0
2018-12-27 00:00:00+07:00,13306.670446419204,13592.835798365304,13163.588242730115,13535.6025390625,361321,0.0,0.0
2018-12-28 00:00:00+07:00,13535.602289485238,13707.301119659847,13163.588000012267,13320.978515625,448322,0.0,0.0
2019-01-02 00:00:00+07:00,13392.519278957992,13392.519278957992,12877.421875,12877.421875,67531,0.0,0.0
2019-01-03 00:00:00+07:00,13278.052352457471,13278.052352457471,11990.309827564799,12705.72265625,88048,0.0,0.0
2019-01-04 00:00:00+07:00,11990.310255340402,12562.6409165346,11875.84468984227,12276.4755859375,352702,0.0,0.0
2019-01-07 00:00:00+07:00,12305.092251501463,12305.092251501463,11875.8447265625,11875.8447265625,132495,0.0,0.0
2019-01-08 00:00:00+07:00,12018.927758986218,12018.927758986218,11103.200334544947,11160.43359375,763406,0.0,0.0
2019-01-09 00:00:00+07:00,11160.433034418336,11389.364170629287,11131.81640625,11131.81640625,546072,0.0,0.0
2019-01-10 00:00:00+07:00,11131.816713980847,11160.433342940269,10902.884626873367,10945.8095703125,435073,0.0,0.0
2019-01-11 00:00:00+07:00,11160.433312399446,11217.665625593778,11017.350167993887,11045.966796875,255020,0.0,0.0
2019-01-14 00:00:00+07:00,10902.88504434742,11117.508825193185,10902.88504434742,10917.193359375,116102,0.0,0.0
2019-01-15 00:00:00+07:00,10917.193020386858,11303.515625,10917.193020386858,11303.515625,223822,0.0,0.0
2019-01-16 00:00:00+07:00,11417.98035642643,11417.98035642643,11274.898165696106,11360.748046875,1006901,0.0,0.0
2019-01-17 00:00:00+07:00,11360.748320748477,11389.364003930114,11274.8984375,11274.8984375,21529,0.0,0.0
2019-01-18 00:00:00+07:00,11274.89916759219,11332.132426797243,11103.200334544947,11160.43359375,199351,0.0,0.0
2019-01-21 00:00:00+07:00,10931.500953639516,11303.515230692148,10931.500953639516,11131.81640625,115966,0.0,0.0
2019-01-22 00:00:00+07:00,11160.432871069888,11360.748320748477,11103.199615570904,11274.8984375,841619,0.0,0.0
2019-01-23 00:00:00+07:00,11160.432315592258,11274.897876325183,11160.432315592258,11246.28125,184614,0.0,0.0
2019-01-24 00:00:00+07:00,11246.282366666823,11303.515625,11160.43342373496,11303.515625,112485,0.0,0.0
2019-01-25 00:00:00+07:00,11189.048741481856,11189.048741481856,10931.5009765625,10931.5009765625,225952,0.0,0.0
2019-01-28 00:00:00+07:00,11045.967180284004,11045.967180284004,10445.020786625299,10459.3291015625,2695025,0.0,0.0
2019-01-29 00:00:00+07:00,10473.637107880824,10645.3359375,10387.787220787286,10645.3359375,477390,0.0,0.0
2019-01-30 00:00:00+07:00,10645.33579636607,10645.33579636607,10588.1025390625,10588.1025390625,456907,0.0,0.0
2019-01-31 00:00:00+07:00,10530.870141888445,10588.102454165231,10330.5546875,10330.5546875,1085993,0.0,0.0
2019-02-01 00:00:00+07:00,10373.479246713765,10373.479246713765,9958.5400390625,9958.5400390625,623237,0.0,0.0
2019-02-11 00:00:00+07:00,9958.540431427728,10158.85588630461,9958.540431427728,10130.2392578125,581629,0.0,0.0
2019-02-12 00:00:00+07:00,10273.321678923448,10759.802484723772,10187.47179158178,10545.1787109375,1931129,0.0,0.0
2019-02-13 00:00:00+07:00,10545.178922713776,11131.816997626123,10545.178922713776,10960.1181640625,822556,0.0,0.0
2019-02-14 00:00:00+07:00,10960.1181640625,11017.350478871762,10845.651645308139,10960.1181640625,511258,0.0,0.0
2019-02-15 00:00:00+07:00,10874.268167808683,10874.268167808683,10602.411133014697,10702.5693359375,1435553,0.0,0.0
2019-02-18 00:00:00+07:00,10673.9526756041,11045.966967675098,10645.336046280498,10902.884765625,678703,0.0,0.0
2019-02-19 00:00:00+07:00,10874.267997913945,11074.583456062002,10874.267997913945,10945.8095703125,959108,0.0,0.0
2019-02-20 00:00:00+07:00,11003.041278243958,11274.898293832202,10960.117281734525,11217.6650390625,2020765,0.0,0.0
2019-02-21 00:00:00+07:00,11260.58984375,11303.514784307365,11074.582712569254,11260.58984375,1221598,0.0,0.0
2019-02-22 00:00:00+07:00,11217.664613854256,11561.063184888026,11131.81567952167,11446.5966796875,425034,0.0,0.0
2019-02-25 00:00:00+07:00,11446.59760420081,11875.845144236426,11446.59760420081,11847.228515625,2013870,0.0,0.0
2019-02-26 00:00:00+07:00,11990.311417575236,12033.236363010743,11761.380264388412,11933.0791015625,1053376,0.0,0.0
2019-02-27 00:00:00+07:00,11933.078243597154,12190.626953125,11875.844987131439,12190.626953125,705236,0.0,0.0
2019-02-28 00:00:00+07:00,12018.928071276798,12591.2587890625,11947.387439979542,12591.2587890625,1380154,0.0,0.0
2019-03-01 00:00:00+07:00,12562.64215871642,12677.107735532796,12305.093430169649,12591.2587890625,192625,0.0,0.0
2019-03-04 00:00:00+07:00,12591.258934634632,12619.874620743607,12448.17578125,12448.17578125,733594,0.0,0.0
2019-03-05 00:00:00+07:00,12448.17494312529,12591.25808687626,12390.94263019279,12405.25,355811,0.0,0.0
2019-03-06 00:00:00+07:00,12276.476700707424,12405.25059165716,12247.860070592385,12333.7099609375,499800,0.0,0.0
2019-03-07 00:00:00+07:00,12333.710203110246,12448.17578125,12162.011363616639,12448.17578125,253296,0.0,0.0
2019-03-08 00:00:00+07:00,12333.71024387704,12448.175822395138,12190.628034587427,12247.8603515625,220645,0.0,0.0
2019-03-11 00:00:00+07:00,12247.86014562034,12276.476775910676,11933.0791015625,11933.0791015625,776149,0.0,0.0
2019-03-12 00:00:00+07:00,12018.927734375,12162.01088209464,11789.995642591488,12018.927734375,439365,0.0,0.0
2019-03-13 00:00:00+07:00,12162.010038930006,12448.17442539433,12018.926901129995,12076.16015625,553271,0.0,0.0
2019-03-14 00:00:00+07:00,12061.852117405711,12133.393687936423,11990.310546875,11990.310546875,283243,0.0,0.0
2019-03-15 00:00:00+07:00,11904.46250960192,11961.695770366874,11704.147041492522,11732.763671875,252417,0.0,0.0
2019-03-18 00:00:00+07:00,11990.31059494231,11990.31059494231,11561.06400374087,11589.6796875,916993,0.0,0.0
2019-03-19 00:00:00+07:00,11589.680519962614,11732.763671875,11532.448203765602,11732.763671875,821576,0.0,0.0
2019-03-20 00:00:00+07:00,11732.762829135021,11732.762829135021,11475.214118759857,11589.6796875,335971,0.0,0.0
2019-03-21 00:00:00+07:00,11589.679577166282,11732.762717439153,11532.447265625,11532.447265625,886607,0.0,0.0
2019-03-22 00:00:00+07:00,11561.064028136843,11561.064028136843,11303.515317218205,11389.3642578125,208139,0.0,0.0
2019-03-25 00:00:00+07:00,11160.433195748175,11160.433195748175,10788.41796875,10788.41796875,498819,0.0,0.0
2019-03-26 00:00:00+07:00,11003.042447030357,11017.350762242668,10845.651924262878,10874.2685546875,275503,0.0,0.0
2019-03-27 00:00:00+07:00,10931.501640605375,11074.58384587087,10931.501640605375,11017.3505859375,388800,0.0,0.0
2019-03-28 00:00:00+07:00,10960.1181640625,11017.350478871762,10931.501534373909,10960.1181640625,107618,0.0,0.0
2019-03-29 00:00:00+07:00,10960.117317073098,10960.117317073098,10817.0341796875,10817.0341796875,125025,0.0,0.0
2019-04-01 00:00:00+07:00,10788.418663413633,10874.2685546875,10588.10319500922,10874.2685546875,81321,0.0,0.0
2019-04-02 00:00:00+07:00,11217.666230647079,11217.666230647079,10759.802977556954,10874.2685546875,108530,0.0,0.0
2019-04-03 00:00:00+07:00,10817.03501640151,10874.26827578283,10731.186071897453,10859.9599609375,106266,0.0,0.0
2019-04-04 00:00:00+07:00,10859.96023947519,10931.501815536745,10702.56971670771,10874.2685546875,178868,0.0,0.0
2019-04-05 00:00:00+07:00,10759.803012865736,10874.268590371905,10731.186382347207,10774.111328125,177719,0.0,0.0
2019-04-08 00:00:00+07:00,10802.726126882002,11131.81640625,10774.110443281535,11131.81640625,676844,0.0,0.0
2019-04-09 00:00:00+07:00,11131.817245024156,11189.049561105372,10874.268516670894,11074.583984375,830229,0.0,0.0
2019-04-10 00:00:00+07:00,10774.111049263929,10988.733883462024,10759.802734375,10759.802734375,318124,0.0,0.0
2019-04-11 00:00:00+07:00,10759.80231097321,10845.65125236068,10559.4868549786,10588.1025390625,634797,0.0,0.0
2019-04-12 00:00:00+07:00,10645.335823325422,10645.335823325422,10387.787109375,10387.787109375,110592,0.0,0.0
2019-04-16 00:00:00+07:00,10301.937773512273,10301.937773512273,10015.772441789217,10216.087890625,397250,0.0,0.0
2019-04-17 00:00:00+07:00,10273.321171852507,10273.321171852507,10058.697408659642,10115.9306640625,377612,0.0,0.0
2019-04-18 00:00:00+07:00,10044.389480257498,10530.870280714551,10044.389480257498,10187.4716796875,770572,0.0,0.0
2019-04-19 00:00:00+07:00,10187.471958234431,10502.253939068705,10130.239643638313,10301.9384765625,353581,0.0,0.0
2019-04-22 00:00:00+07:00,10502.253222348058,10502.253222348058,10173.163893749215,10216.087890625,260867,0.0,0.0
2019-04-23 00:00:00+07:00,10459.328280904421,10459.328280904421,10158.85557993467,10216.087890625,18412583,0.0,0.0
2019-04-24 00:00:00+07:00,10473.63633098747,10473.63633098747,10101.6220703125,10101.6220703125,402929,0.0,0.0
2019-04-25 00:00:00+07:00,10130.23869722101,10158.85532412952,10015.772189586973,10101.6220703125,162441,0.0,0.0
2019-04-26 00:00:00+07:00,10087.313756858246,10216.087633378711,10015.772189586973,10101.6220703125,826883,0.0,0.0
2019-05-02 00:00:00+07:00,10330.554567619392,10330.554567619392,10015.772603194499,10073.005859375,151051,0.0,0.0
2019-05-03 00:00:00+07:00,10101.622231317744,10101.622231317744,9758.224592078022,9958.5400390625,144020,0.0,0.0
2019-05-06 00:00:00+07:00,9872.69062424272,9872.69062424272,9529.29296875,9529.29296875,316333,0.0,0.0
2019-05-07 00:00:00+07:00,9543.601041249976,9643.758294660489,8985.578684506178,9014.1953125,738833,0.0,0.0
2019-05-08 00:00:00+07:00,9014.195090300604,9014.195090300604,8456.173691879865,8499.0986328125,2854240,0.0,0.0
2019-05-09 00:00:00+07:00,8499.099132531925,8871.113420018983,8499.099132531925,8828.1884765625,1621588,0.0,0.0
2019-05-10 00:00:00+07:00,8828.189219924152,9300.361748568099,8828.189219924152,9271.7451171875,512982,0.0,0.0
2019-05-13 00:00:00+07:00,9171.5861081375,9171.5861081375,9071.428851601144,9128.662109375,957959,0.0,0.0
2019-05-14 00:00:00+07:00,8956.963554245567,9157.279018005565,8956.963554245567,9142.970703125,750427,0.0,0.0
2019-05-15 00:00:00+07:00,9142.970423818464,9300.360938128679,9100.045480488072,9128.662109375,591093,0.0,0.0
2019-05-16 00:00:00+07:00,9128.662136189982,9128.662136189982,8813.880162077006,8828.1884765625,239810,0.0,0.0
2019-05-17 00:00:00+07:00,8871.113700187261,8942.655274874165,8828.18875537512,8842.4970703125,208950,0.0,0.0
2019-05-20 00:00:00+07:00,8871.113665981406,9042.8125,8785.263776688149,9042.8125,372103,0.0,0.0
2019-05-21 00:00:00+07:00,9042.8125,9142.970704175466,9042.8125,9042.8125,508216,0.0,0.0
2019-05-22 00:00:00+07:00,9014.196184141447,9042.812814902396,8942.655551807025,8956.9638671875,1267262,0.0,0.0
2019-05-23 00:00:00+07:00,8885.421980863615,9042.8125,8885.421980863615,9042.8125,313899,0.0,0.0
2019-05-24 00:00:00+07:00,8942.654432958429,9114.353251474302,8871.112865006882,8899.7294921875,2484062,0.0,0.0
2019-05-27 00:00:00+07:00,8899.730079853472,9071.428909706943,8728.03125,8728.03125,182350,0.0,0.0
2019-05-28 00:00:00+07:00,8728.03125,8828.188507177902,8613.564733719088,8728.03125,1606953,0.0,0.0
2019-05-29 00:00:00+07:00,8756.64731696656,8756.64731696656,8699.4140625,8699.4140625,178868,0.0,0.0
2019-05-30 00:00:00+07:00,8699.4140625,8713.72237611664,8613.56418080016,8699.4140625,472658,0.0,0.0
2019-05-31 00:00:00+07:00,8713.72181307631,8728.030125768413,8670.796875,8670.796875,377984,0.0,0.0
2019-06-03 00:00:00+07:00,8584.948104648858,8756.64787907023,8584.948104648858,8728.03125,250051,0.0,0.0
2019-06-04 00:00:00+07:00,8728.030970326632,8728.030970326632,8613.564457713583,8713.72265625,1414766,0.0,0.0
2019-06-05 00:00:00+07:00,8785.263533106017,8956.963306931948,8699.414590760947,8828.1884765625,273137,0.0,0.0
2019-06-06 00:00:00+07:00,8871.113450783243,8871.113450783243,8670.797991859543,8728.03125,1629565,0.0,0.0
2019-06-07 00:00:00+07:00,8770.9541015625,8899.728915531345,8642.180232161432,8770.9541015625,499225,0.0,0.0
2019-06-10 00:00:00+07:00,8871.113498905717,9185.89453125,8871.113498905717,9185.89453125,500408,0.0,0.0
2019-06-11 00:00:00+07:00,9300.3603515625,9472.059169487273,9271.743724480399,9300.3603515625,525420,0.0,0.0
2019-06-12 00:00:00+07:00,9157.27817613555,9185.893858697991,9100.044921875,9100.044921875,135368,0.0,0.0
2019-06-13 00:00:00+07:00,9014.195566817383,9386.209852096974,9014.195566817383,9328.9775390625,1142675,0.0,0.0
2019-06-14 00:00:00+07:00,9328.9775390625,9443.44310969934,9328.9775390625,9328.9775390625,315082,0.0,0.0
2019-06-17 00:00:00+07:00,9328.977647239371,9500.676477469558,9214.511130707311,9386.2099609375,341142,0.0,0.0
2019-06-18 00:00:00+07:00,9414.826171875,9500.676055460694,9300.360604995269,9414.826171875,785579,0.0,0.0
2019-06-19 00:00:00+07:00,9500.676055460694,9500.676055460694,9300.360604995269,9414.826171875,946264,0.0,0.0
2019-06-20 00:00:00+07:00,9328.978096052751,9357.5947265625,9300.361465543001,9357.5947265625,488375,0.0,0.0
2019-06-21 00:00:00+07:00,9357.5947265625,9443.443673523801,9271.744835033252,9357.5947265625,95450,0.0,0.0
2019-06-24 00:00:00+07:00,9214.510470316198,9328.976978644601,9185.893843234096,9300.3603515625,121374,0.0,0.0
2019-06-25 00:00:00+07:00,9243.128244204856,9300.361505470062,9071.429404977192,9157.279296875,79530,0.0,0.0
2019-06-26 00:00:00+07:00,9243.12682604899,9243.12682604899,8785.2626953125,8785.2626953125,2706997,0.0,0.0
2019-06-27 00:00:00+07:00,8642.18105899468,8985.578706630322,8642.18105899468,8813.8798828125,134827,0.0,0.0
2019-06-28 00:00:00+07:00,8785.263846008162,8842.4971059886,8642.181640625,8642.181640625,123402,0.0,0.0
2019-07-01 00:00:00+07:00,8642.181085866845,9042.811990876779,8642.181085866845,8713.72265625,3488936,0.0,0.0
2019-07-02 00:00:00+07:00,8813.8798828125,8928.346395069626,8756.647571251804,8813.8798828125,204354,0.0,0.0
2019-07-03 00:00:00+07:00,8813.8798828125,8985.578706630322,8785.263254748219,8813.8798828125,34373,0.0,0.0
2019-07-04 00:00:00+07:00,8828.188310221414,8971.2705078125,8813.879996005518,8971.2705078125,108260,0.0,0.0
2019-07-05 00:00:00+07:00,9128.66295054769,9128.66295054769,8971.27147716654,9071.4296875,130737,0.0,0.0
2019-07-08 00:00:00+07:00,9157.27898527884,9257.43624451693,9071.429096302258,9243.1279296875,1445118,0.0,0.0
2019-07-09 00:00:00+07:00,9243.128244204856,9243.128244204856,9014.196143711988,9157.279296875,93625,0.0,0.0
2019-07-10 00:00:00+07:00,9171.58695326548,9171.58695326548,8899.730842924906,9071.4296875,167376,0.0,0.0
2019-07-11 00:00:00+07:00,9214.51130002864,9271.74455934636,8914.038577746447,9243.1279296875,439500,0.0,0.0
2019-07-12 00:00:00+07:00,9300.360883565558,9643.758539058277,9271.744254846517,9529.29296875,1040768,0.0,0.0
2019-07-15 00:00:00+07:00,9557.910017767352,9643.758963131697,9443.44349785765,9500.6767578125,144494,0.0,0.0
2019-07-16 00:00:00+07:00,9500.676448059608,9629.450334191646,9500.676448059608,9586.525390625,216893,0.0,0.0
2019-07-17 00:00:00+07:00,9586.525530140705,9772.533621636536,9557.909845247721,9643.7587890625,280539,0.0,0.0
2019-07-18 00:00:00+07:00,9815.457478412543,9815.457478412543,9500.676448059608,9586.525390625,65334,0.0,0.0
2019-07-19 00:00:00+07:00,9443.442512579843,9815.456774336551,9443.442512579843,9700.9912109375,157236,0.0,0.0
2019-07-22 00:00:00+07:00,9700.992607674407,9786.841556442165,9586.526083226776,9672.3759765625,158554,0.0,0.0
2019-07-23 00:00:00+07:00,9615.141329962336,9700.9912109375,9443.442512579843,9700.9912109375,486415,0.0,0.0
2019-07-24 00:00:00+07:00,9700.9912109375,9729.607837929221,9586.524702970617,9700.9912109375,203948,0.0,0.0
2019-07-25 00:00:00+07:00,9586.525530140705,9672.375418523397,9557.909845247721,9643.7587890625,1401043,0.0,0.0
2019-07-26 00:00:00+07:00,9586.525390625,9643.75864871386,9500.676448059608,9586.525390625,671031,0.0,0.0
2019-07-29 00:00:00+07:00,9557.909706148468,9586.525390625,9414.826560926316,9586.525390625,177280,0.0,0.0
2019-07-30 00:00:00+07:00,9557.909706148468,9586.525390625,9185.894473138773,9586.525390625,1397899,0.0,0.0
2019-07-31 00:00:00+07:00,9243.1282680763,9615.142578125,9243.1282680763,9615.142578125,233455,0.0,0.0
2019-08-01 00:00:00+07:00,9500.67634003096,9615.141910339236,9500.67634003096,9529.29296875,124146,0.0,0.0
2019-08-02 00:00:00+07:00,9529.293387789925,9529.293387789925,9357.594552493303,9500.6767578125,144392,0.0,0.0
2019-08-05 00:00:00+07:00,9328.977922515878,9586.525703176847,9328.977922515878,9500.6767578125,180896,0.0,0.0
2019-08-06 00:00:00+07:00,9157.2792575622,9443.443673523801,9157.2792575622,9357.5947265625,85648,0.0,0.0
2019-08-07 00:00:00+07:00,9586.525703176847,9586.525703176847,9328.977922515878,9500.6767578125,472050,0.0,0.0
2019-08-08 00:00:00+07:00,9557.910261279936,9615.142578125,9357.594790902333,9615.142578125,3519458,0.0,0.0
2019-08-09 00:00:00+07:00,9529.29363057343,10259.013935317575,9529.29363057343,9615.142578125,62055,0.0,0.0
2019-08-12 00:00:00+07:00,9500.676448059608,9586.525390625,9443.443189970747,9586.525390625,78043,0.0,0.0
2019-08-13 00:00:00+07:00,9615.142578125,9672.375839538017,9586.525947418491,9615.142578125,759012,0.0,0.0
2019-08-14 00:00:00+07:00,9586.525390625,9643.75864871386,9300.360989316494,9586.525390625,315184,0.0,0.0
2019-08-15 00:00:00+07:00,9586.524547993415,9844.0732421875,9443.442359915729,9844.0732421875,833237,0.0,0.0
2019-08-16 00:00:00+07:00,9987.156495728226,10402.095735531644,9844.074292386056,10301.9384765625,600727,0.0,0.0
2019-08-19 00:00:00+07:00,10645.335711009895,10645.335711009895,10273.321430655336,10330.5546875,54518,0.0,0.0
2019-08-20 00:00:00+07:00,9987.156115351956,10244.704827213054,9958.540431427728,10130.2392578125,340703,0.0,0.0
2019-08-21 00:00:00+07:00,10130.238971672701,10273.32116552385,9886.998580928252,10015.7724609375,102920,0.0,0.0
2019-08-22 00:00:00+07:00,9901.306767474804,10244.704406129838,9901.306767474804,10158.85546875,121611,0.0,0.0
2019-08-23 00:00:00+07:00,9929.92396510986,10015.772907420378,9786.8408203125,9786.8408203125,169607,0.0,0.0
2019-08-26 00:00:00+07:00,9586.525669436645,9729.608818820185,9443.443464621034,9600.833984375,242818,0.0,0.0
2019-08-27 00:00:00+07:00,9557.9101955628,9643.7591425241,8999.887789758579,9357.5947265625,311567,0.0,0.0
2019-08-28 00:00:00+07:00,9328.9783799487,9443.443960903123,9243.1284858069,9271.7451171875,278342,0.0,0.0
2019-08-29 00:00:00+07:00,9271.744388973342,9414.826590070514,9185.894501574297,9386.2099609375,69931,0.0,0.0
2019-08-30 00:00:00+07:00,9014.19567134411,9414.826590070514,9014.19567134411,9386.2099609375,4697,0.0,0.0
2019-09-03 00:00:00+07:00,9357.594517419026,9386.210202721264,8942.6552734375,8942.6552734375,1722,0.0,0.0
2019-09-04 00:00:00+07:00,9042.812774344591,9328.978136102663,8971.271197763084,9157.279296875,304266,0.0,0.0
2019-09-05 00:00:00+07:00,9214.511051467893,9214.511051467893,9100.045480488072,9128.662109375,355102,0.0,0.0
2019-09-06 00:00:00+07:00,9300.36118900522,9357.59444832294,9100.04572596112,9243.1279296875,2256297,0.0,0.0
2019-09-09 00:00:00+07:00,9157.27817613555,9300.360367219093,9100.044921875,9100.044921875,13282,0.0,0.0
2019-09-10 00:00:00+07:00,9286.052623685213,9300.360938128679,9085.737166044608,9128.662109375,91630,0.0,0.0
2019-09-11 00:00:00+07:00,9128.662904852476,9271.7451171875,9100.046273471875,9271.7451171875,199993,0.0,0.0
2019-09-12 00:00:00+07:00,9100.04572596112,9300.36118900522,9100.04572596112,9243.1279296875,38057,0.0,0.0
2019-09-13 00:00:00+07:00,9400.518275504008,9400.518275504008,9157.278817009184,9386.2099609375,117487,0.0,0.0
2019-09-16 00:00:00+07:00,9500.67634003096,9557.90959746904,9214.510997408435,9529.29296875,194315,0.0,0.0
2019-09-17 00:00:00+07:00,9529.293771311746,9586.526089002075,9472.06050905345,9572.2177734375,84600,0.0,0.0
2019-09-18 00:00:00+07:00,9572.217811658975,9615.142758524093,9472.060546875,9472.060546875,61548,0.0,0.0
2019-09-19 00:00:00+07:00,9472.059524651693,9872.6904296875,9357.593956599121,9872.6904296875,177313,0.0,0.0
2019-09-20 00:00:00+07:00,9958.540150137753,10101.622343988902,9586.5249348162,10015.7724609375,211249,0.0,0.0
2019-09-23 00:00:00+07:00,10187.471570228838,10187.471570228838,9929.923802935618,10130.2392578125,2760107,0.0,0.0
2019-09-24 00:00:00+07:00,9901.306900869635,10115.9306640625,9901.306900869635,10115.9306640625,60974,0.0,0.0
2019-09-25 00:00:00+07:00,9929.924046137989,10244.705078125,9929.924046137989,10244.705078125,1403510,0.0,0.0
2019-09-26 00:00:00+07:00,10244.705078125,10416.403908714998,10130.23950592097,10244.705078125,2767949,0.0,0.0
2019-09-27 00:00:00+07:00,10244.70453784005,10244.70453784005,10015.7724609375,10015.7724609375,15547,0.0,0.0
2019-09-30 00:00:00+07:00,10158.855329476828,10173.163642938614,9801.1484375,9801.1484375,85783,0.0,0.0
2019-10-01 00:00:00+07:00,9801.14869787685,10015.7724609375,9801.14869787685,10015.7724609375,60230,0.0,0.0
2019-10-02 00:00:00+07:00,10015.773125310243,10359.171735726535,9987.156495728226,10301.9384765625,394445,0.0,0.0
2019-10-03 00:00:00+07:00,10187.471151498052,10301.937660761625,10158.85546875,10158.85546875,170486,0.0,0.0
2019-10-04 00:00:00+07:00,10158.855338600632,10158.855338600632,9901.306640625,9901.306640625,72195,0.0,0.0
2019-10-07 00:00:00+07:00,9958.541202035145,9958.541202035145,9615.142578125,9615.142578125,421722,0.0,0.0
2019-10-08 00:00:00+07:00,9615.141858481173,9929.923828125,9615.141858481173,9929.923828125,1360415,0.0,0.0
2019-10-09 00:00:00+07:00,9643.758209373396,9987.155853126604,9643.758209373396,9815.45703125,78009,0.0,0.0
2019-10-10 00:00:00+07:00,9872.690286731486,9901.30691447223,9815.45703125,9815.45703125,64320,0.0,0.0
2019-10-11 00:00:00+07:00,10015.772349223891,10015.772349223891,9729.607964713405,9958.5400390625,67497,0.0,0.0
2019-10-14 00:00:00+07:00,9958.5400390625,10015.772349223891,9529.292517728927,9958.5400390625,188805,0.0,0.0
2019-10-15 00:00:00+07:00,9958.540565689971,10073.006136633765,9815.457421300363,9987.15625,109342,0.0,0.0
2019-10-16 00:00:00+07:00,9987.155833253699,10101.622343988902,9929.923522453952,10015.7724609375,107314,0.0,0.0
2019-10-17 00:00:00+07:00,9901.306483960398,10044.388671875,9872.689857463913,10044.388671875,41268,0.0,0.0
2019-10-18 00:00:00+07:00,10015.772625895183,10015.772625895183,9872.6904296875,9872.6904296875,7773,0.0,0.0
2019-10-21 00:00:00+07:00,9872.690286731486,9872.690286731486,9758.22472033637,9815.45703125,91090,0.0,0.0
2019-10-22 00:00:00+07:00,9729.607680638916,9844.0732421875,9729.607680638916,9844.0732421875,48400,0.0,0.0
2019-10-23 00:00:00+07:00,9743.916278395714,9987.155721859275,9743.916278395714,9958.5400390625,226797,0.0,0.0
2019-10-24 00:00:00+07:00,9929.923522453952,10015.7724609375,9929.923522453952,10015.7724609375,27174,0.0,0.0
2019-10-25 00:00:00+07:00,10044.389507755843,10044.389507755843,9815.457421300363,9987.15625,221355,0.0,0.0
2019-10-28 00:00:00+07:00,9786.840274874798,10216.08779620837,9786.840274874798,9958.5400390625,30959,0.0,0.0
2019-10-29 00:00:00+07:00,10073.006165339322,10073.006165339322,9758.225135920922,9786.8408203125,44716,0.0,0.0
2019-10-30 00:00:00+07:00,9872.690267086351,10015.7724609375,9729.608073235202,10015.7724609375,141350,0.0,0.0
2019-10-31 00:00:00+07:00,10015.7724609375,10015.7724609375,9958.540150137753,10015.7724609375,221389,0.0,0.0
2019-11-01 00:00:00+07:00,10015.7724609375,10015.7724609375,9815.45701171875,10015.7724609375,89467,0.0,0.0
2019-11-04 00:00:00+07:00,10015.772625895183,10015.772625895183,9872.6904296875,9872.6904296875,873087,0.0,0.0
2019-11-05 00:00:00+07:00,10073.006136633765,10073.006136633765,9844.074050178284,9987.15625,412934,0.0,0.0
2019-11-06 00:00:00+07:00,9901.30705784261,9901.30705784261,9729.608233479817,9872.6904296875,335836,0.0,0.0
2019-11-07 00:00:00+07:00,9729.607702328554,9872.689890725203,9729.607702328554,9743.916015625,684280,0.0,0.0
2019-11-08 00:00:00+07:00,9915.61494519429,9958.539885579648,9786.840124038214,9801.1484375,486820,0.0,0.0
2019-11-11 00:00:00+07:00,9786.839728843262,9801.148041727276,9729.607421875,9729.607421875,11388436,0.0,0.0
2019-11-12 00:00:00+07:00,9729.607702328554,9786.840010946524,9729.607702328554,9743.916015625,1106949,0.0,0.0
2019-11-13 00:00:00+07:00,9700.991490778892,9829.765371388505,9543.600982352065,9715.2998046875,353547,0.0,0.0
2019-11-14 00:00:00+07:00,9700.990796106973,9987.155164651656,9700.990796106973,9729.607421875,439500,0.0,0.0
2019-11-15 00:00:00+07:00,9729.608818820185,9729.608818820185,9572.217354498292,9600.833984375,419761,0.0,0.0
2019-11-18 00:00:00+07:00,9615.141607327245,9715.2998046875,9615.141607327245,9715.2998046875,149766,0.0,0.0
2019-11-19 00:00:00+07:00,9729.607421875,9729.607421875,9615.140918802896,9729.607421875,124383,0.0,0.0
2019-11-20 00:00:00+07:00,9443.442108762527,9729.607421875,9443.442108762527,9729.607421875,120462,0.0,0.0
2019-11-21 00:00:00+07:00,9443.443189970747,9729.60853584715,9443.443189970747,9586.525390625,498363,0.0,0.0
2019-11-22 00:00:00+07:00,9600.834157270127,9700.992363642286,9557.91015625,9557.91015625,1651062,0.0,0.0
2019-11-25 00:00:00+07:00,9615.142758524093,10187.472549688437,9472.060546875,9472.060546875,1484056,0.0,0.0
2019-11-26 00:00:00+07:00,9443.443915631588,9729.609283497744,9443.443915631588,9472.060546875,7788635,0.0,0.0
2019-11-27 00:00:00+07:00,9443.443359375,9586.525562595978,9443.443359375,9443.443359375,496521,0.0,0.0
2019-11-28 00:00:00+07:00,9472.060265073862,9729.608994034332,9472.060265073862,9557.91015625,53943,0.0,0.0
2019-11-29 00:00:00+07:00,9572.217215410257,9729.60867744519,9472.05995686503,9643.7587890625,1325026,0.0,0.0
2019-12-02 00:00:00+07:00,9643.759102858194,9643.759102858194,9500.676895465907,9557.91015625,181538,0.0,0.0
2019-12-03 00:00:00+07:00,9443.44349785765,9557.910017767352,9357.594552493303,9500.6767578125,28999,0.0,0.0
2019-12-04 00:00:00+07:00,9586.525562267281,9586.525562267281,9300.361155835135,9543.6015625,3068633,0.0,0.0
2019-12-05 00:00:00+07:00,9357.594167863683,9443.44310969934,9328.9775390625,9328.9775390625,174778,0.0,0.0
2019-12-06 00:00:00+07:00,9328.977275864176,9328.977275864176,8871.113117098754,9014.1953125,241804,0.0,0.0
2019-12-09 00:00:00+07:00,9286.052734375,9300.36104898902,9071.428959732613,9286.052734375,63543,0.0,0.0
2019-12-10 00:00:00+07:00,9128.661549005275,9128.661549005275,9042.81166761445,9100.044921875,632532,0.0,0.0
2019-12-11 00:00:00+07:00,9157.278452469109,9214.51076388889,8971.270370509266,9014.1953125,51848,0.0,0.0
2019-12-12 00:00:00+07:00,9243.12768035482,9243.12768035482,8985.578964940358,9128.662109375,92813,0.0,0.0
2019-12-13 00:00:00+07:00,8956.964105972596,9142.971266309614,8928.34747444875,9071.4296875,16977773,0.0,0.0
2019-12-16 00:00:00+07:00,9014.194751211946,9014.194751211946,8956.962443355858,8985.578125,143142,0.0,0.0
2019-12-17 00:00:00+07:00,8928.346677960959,8928.346677960959,8756.647848702925,8828.1884765625,172243,0.0,0.0
2019-12-18 00:00:00+07:00,8828.188828302225,8828.188828302225,8356.01726517197,8441.8662109375,165923,0.0,0.0
2019-12-19 00:00:00+07:00,8470.481705098931,8728.030396992344,8470.481705098931,8584.947265625,42789,0.0,0.0
2019-12-20 00:00:00+07:00,8441.865078825462,8670.797144445407,8356.016144572863,8584.947265625,2534526,0.0,0.0
2019-12-23 00:00:00+07:00,8584.948416925341,8584.948416925341,8370.324635659614,8441.8662109375,1624968,0.0,0.0
2019-12-24 00:00:00+07:00,8584.948416925341,9028.504294512377,8298.784004949659,8441.8662109375,327521,0.0,0.0
2019-12-25 00:00:00+07:00,8556.332449480837,8570.639819497103,8370.324359886647,8527.7158203125,231934,0.0,0.0
2019-12-26 00:00:00+07:00,8298.784004949659,8527.716101270966,8298.784004949659,8441.8662109375,73412,0.0,0.0
2019-12-27 00:00:00+07:00,8413.249303639152,8527.7158203125,8384.632674470815,8527.7158203125,74021,0.0,0.0
2019-12-30 00:00:00+07:00,8441.8662109375,8441.8662109375,8398.941265770767,8441.8662109375,158385,0.0,0.0
2019-12-31 00:00:00+07:00,8441.8662109375,8441.8662109375,8270.167374838504,8441.8662109375,1881679,0.0,0.0
2020-01-02 00:00:00+07:00,8298.783203125,8298.783203125,8184.316693740082,8298.783203125,61920,0.0,0.0
2020-01-03 00:00:00+07:00,8298.783203125,8298.783203125,8155.701010961695,8298.783203125,9134280,0.0,0.0
2020-01-06 00:00:00+07:00,8012.618548846912,8384.632846533672,8012.618548846912,8184.3173828125,76927,0.0,0.0
2020-01-07 00:00:00+07:00,8413.249476289257,8413.249476289257,8184.3173828125,8184.3173828125,2712855,0.0,0.0
2020-01-08 00:00:00+07:00,8012.618548846912,8184.3173828125,8012.618548846912,8184.3173828125,8922,0.0,0.0
2020-01-09 00:00:00+07:00,8298.782641032973,8298.782641032973,8184.316139401084,8270.166015625,1333973,0.0,0.0
2020-01-10 00:00:00+07:00,8184.316550993275,8270.166431534612,8041.234361325539,8241.5498046875,28965,0.0,0.0
2020-01-13 00:00:00+07:00,8069.851128923007,8413.248767942076,8069.851128923007,8298.783203125,138105,0.0,0.0
2020-01-14 00:00:00+07:00,8298.783203125,8298.783203125,8155.701010961695,8298.783203125,222166,0.0,0.0
2020-01-15 00:00:00+07:00,8155.701010961695,8542.023591000108,8155.701010961695,8298.783203125,3548,0.0,0.0
2020-01-16 00:00:00+07:00,8026.92682684773,8284.475548896853,8026.92682684773,8155.70166015625,14615525,0.0,0.0
2020-01-17 00:00:00+07:00,8155.700868713988,8427.556934625904,8155.700868713988,8241.5498046875,1793055,0.0,0.0
2020-01-20 00:00:00+07:00,8298.784114544565,8298.784114544565,8170.00927734375,8170.00927734375,712740,0.0,0.0
2020-01-21 00:00:00+07:00,8155.70045856089,8298.782641032973,8155.70045856089,8270.166015625,182316,0.0,0.0
2020-01-22 00:00:00+07:00,8427.55779116705,8427.55779116705,8184.3173828125,8184.3173828125,149327,0.0,0.0
2020-01-30 00:00:00+07:00,8584.948249297408,8584.948249297408,7726.45361328125,7726.45361328125,342190,0.0,0.0
2020-01-31 00:00:00+07:00,8012.618363095403,8012.618363095403,7611.9874449406325,7669.220703125,182620,0.0,0.0
2020-02-03 00:00:00+07:00,7182.740369977629,7669.220703125,7154.123740885445,7669.220703125,325966,0.0,0.0
2020-02-04 00:00:00+07:00,7440.2886149554315,7726.453489025417,7440.2886149554315,7669.220703125,22138,0.0,0.0
2020-02-05 00:00:00+07:00,7497.521529707947,7812.302546167291,7297.206079806221,7626.29541015625,3579757,0.0,0.0
2020-02-06 00:00:00+07:00,7411.671985863248,7726.453489025417,7411.671985863248,7669.220703125,2239992,0.0,0.0
2020-02-07 00:00:00+07:00,7611.987249824723,7941.0775313814565,7154.123557505826,7583.37109375,205266,0.0,0.0
2020-02-10 00:00:00+07:00,7726.453717883432,7726.453717883432,7483.21378024694,7554.7548828125,33292,0.0,0.0
2020-02-11 00:00:00+07:00,7554.754465391338,7669.220506542047,7440.288424240629,7583.37109375,104407,0.0,0.0
2020-02-12 00:00:00+07:00,7583.370921182129,7840.9191536974795,7569.062607328399,7826.61083984375,188704,0.0,0.0
2020-02-13 00:00:00+07:00,7726.453309020898,7912.46044921875,7726.453309020898,7912.46044921875,115257,0.0,0.0
2020-02-14 00:00:00+07:00,7955.385715697522,8270.166733368582,7955.385715697522,8055.54296875,102210,0.0,0.0
2020-02-17 00:00:00+07:00,7998.31033728114,8155.701802969841,7898.15307641081,8012.61865234375,59385,0.0,0.0
2020-02-18 00:00:00+07:00,8026.927172855845,8098.46875,7869.536647706663,8098.46875,48400,0.0,0.0
2020-02-19 00:00:00+07:00,8098.467628791552,8098.467628791552,7826.610617849506,8041.234375,7029,0.0,0.0
2020-02-20 00:00:00+07:00,7883.844761348201,8012.61865234375,7883.844761348201,8012.61865234375,15682,0.0,0.0
2020-02-21 00:00:00+07:00,8012.61865234375,8112.776857782013,7912.460919189452,8012.61865234375,435106,0.0,0.0
2020-02-24 00:00:00+07:00,7783.6865234375,7941.0775066357455,7611.987226104512,7783.6865234375,29675,0.0,0.0
2020-02-25 00:00:00+07:00,7726.452980766498,7869.53564453125,7626.295257816347,7869.53564453125,383832,0.0,0.0
2020-02-26 00:00:00+07:00,7869.535960484803,7869.535960484803,7325.822383089921,7583.37109375,103089,0.0,0.0
2020-02-27 00:00:00+07:00,7583.371357216191,7697.83740234375,7440.288682735753,7697.83740234375,2664960,0.0,0.0
2020-02-28 00:00:00+07:00,7468.905203154253,7468.905203154253,7440.28857421875,7440.28857421875,3067484,0.0,0.0
2020-03-02 00:00:00+07:00,7440.28857421875,7726.453446721941,7440.28857421875,7440.28857421875,180761,0.0,0.0
2020-03-03 00:00:00+07:00,7583.371246612319,7583.371246612319,7440.28857421875,7440.28857421875,101094,0.0,0.0
2020-03-04 00:00:00+07:00,7554.7546176768155,7554.7546176768155,7440.28857421875,7440.28857421875,21225,0.0,0.0
2020-03-05 00:00:00+07:00,7569.063197782405,7669.220930287775,7440.288835337225,7554.7548828125,1114351,0.0,0.0
2020-03-06 00:00:00+07:00,7554.755004451589,7611.98779296875,7483.213900734146,7611.98779296875,37280,0.0,0.0
2020-03-09 00:00:00+07:00,7154.123867264203,7411.672116791638,7082.582765553909,7297.20654296875,323904,0.0,0.0
2020-03-10 00:00:00+07:00,6896.575617736769,7411.672116791638,6896.575617736769,7297.20654296875,579770,0.0,0.0
2020-03-11 00:00:00+07:00,7011.041116332237,7011.041116332237,6796.41781350423,6839.34228515625,344455,0.0,0.0
2020-03-12 00:00:00+07:00,6367.169921875,6610.409840951221,6367.169921875,6367.169921875,67599,0.0,0.0
2020-03-13 00:00:00+07:00,5923.6142578125,6295.629012909205,5923.6142578125,5923.6142578125,48941,0.0,0.0
2020-03-16 00:00:00+07:00,5623.141127237444,5623.141127237444,5522.9833984375,5522.9833984375,239675,0.0,0.0
2020-03-17 00:00:00+07:00,5522.9833984375,5666.066070559112,5136.660797678278,5522.9833984375,455217,0.0,0.0
2020-03-18 00:00:00+07:00,5437.133717320869,5522.983127468305,5336.975993434874,5408.51708984375,97376,0.0,0.0
2020-03-19 00:00:00+07:00,5065.119790755462,5351.28466796875,5065.119790755462,5351.28466796875,101906,0.0,0.0
2020-03-20 00:00:00+07:00,5122.3524551608025,5336.97622602484,5122.3524551608025,5193.8935546875,217874,0.0,0.0
2020-03-23 00:00:00+07:00,5150.969513660288,5150.969513660288,4836.18798828125,4836.18798828125,465425,0.0,0.0
2020-03-24 00:00:00+07:00,4836.187907278996,4836.187907278996,4521.406387172296,4578.6396484375,280370,0.0,0.0
2020-03-25 00:00:00+07:00,4578.639423296221,4664.488838688658,4578.639423296221,4592.947265625,2034623,0.0,0.0
2020-03-26 00:00:00+07:00,4592.946929348996,4592.946929348996,4492.789206676949,4550.0224609375,1053714,0.0,0.0
2020-03-27 00:00:00+07:00,4578.639088067775,4578.639088067775,4406.93979757004,4550.0224609375,372137,0.0,0.0
2020-03-30 00:00:00+07:00,4435.556155859128,4449.8644685570325,4235.24072265625,4235.24072265625,601132,0.0,0.0
2020-03-31 00:00:00+07:00,4235.241566631636,4292.474356544394,4063.542724609375,4063.542724609375,260326,0.0,0.0
2020-04-01 00:00:00+07:00,4063.5421918077327,4263.857638663497,4063.5421918077327,4149.3916015625,490707,0.0,0.0
2020-04-03 00:00:00+07:00,4220.932539412731,4406.939665622473,4220.932539412731,4292.4736328125,909997,0.0,0.0
2020-04-06 00:00:00+07:00,4435.55710570053,4535.71484375,4406.940474176684,4535.71484375,876231,0.0,0.0
2020-04-07 00:00:00+07:00,4535.71400181792,4535.71400181792,4292.473623584179,4492.7890625,779157,0.0,0.0
2020-04-08 00:00:00+07:00,4435.556569470531,4464.173197534813,4321.09052949734,4406.93994140625,675661,0.0,0.0
2020-04-09 00:00:00+07:00,4406.939910239362,4707.4130859375,4406.939910239362,4707.4130859375,6135290,0.0,0.0
2020-04-10 00:00:00+07:00,5036.5029296875,5036.5029296875,4950.653517700681,5036.5029296875,3880341,0.0,0.0
2020-04-13 00:00:00+07:00,5165.277553072258,5351.284700787455,5093.735979117216,5150.96923828125,1132806,0.0,0.0
2020-04-14 00:00:00+07:00,5150.968896603826,5150.968896603826,4879.112350459501,5007.88623046875,1107827,0.0,0.0
2020-04-15 00:00:00+07:00,5093.735691819056,5351.284398962969,5093.735691819056,5236.818359375,3776270,0.0,0.0
2020-04-16 00:00:00+07:00,5236.818622626644,5494.366870433417,5179.585836097568,5351.28466796875,1107895,0.0,0.0
2020-04-17 00:00:00+07:00,5394.208430633759,5666.0654296875,5351.283964451096,5666.0654296875,1656909,0.0,0.0
2020-04-20 00:00:00+07:00,5666.065941311789,5694.682097256198,5322.667819423464,5465.75048828125,3051429,0.0,0.0
2020-04-21 00:00:00+07:00,5294.051296872909,5379.901183271643,5093.73583984375,5093.73583984375,2333314,0.0,0.0
2020-04-22 00:00:00+07:00,4864.80408492705,5322.667770994994,4864.80408492705,5236.818359375,1557571,0.0,0.0
2020-04-23 00:00:00+07:00,5379.9013671875,5465.750784237115,5236.818690582168,5379.9013671875,2040606,0.0,0.0
2020-04-24 00:00:00+07:00,5294.051214665022,5308.359528842626,5236.818430238541,5265.43505859375,1858154,0.0,0.0
2020-04-27 00:00:00+07:00,5265.434792402244,5294.05094702684,5007.886094793486,5050.81103515625,1182120,0.0,0.0
2020-04-28 00:00:00+07:00,5036.503000414141,5065.11962890625,4964.961901467809,5065.11962890625,1061724,0.0,0.0
2020-04-29 00:00:00+07:00,5050.811243732625,5065.119557777751,4979.270145790932,5036.5029296875,1025423,0.0,0.0
2020-05-04 00:00:00+07:00,5007.886166085267,5322.66764970833,4979.270011053295,5079.427734375,1396851,0.0,0.0
2020-05-05 00:00:00+07:00,5208.201855859838,5294.05126953125,5093.735813536641,5294.05126953125,953092,0.0,0.0
2020-05-06 00:00:00+07:00,5294.051214665022,5322.667843020231,5236.818430238541,5265.43505859375,485604,0.0,0.0
2020-05-07 00:00:00+07:00,5265.43543936396,5437.13427734375,5251.127124151649,5437.13427734375,1329285,0.0,0.0
2020-05-08 00:00:00+07:00,5451.441811616705,5809.147751545886,5451.441811616705,5623.140625,4393019,0.0,0.0
2020-05-11 00:00:00+07:00,5966.539395155565,6009.4638671875,5751.915618144018,6009.4638671875,15973068,0.0,0.0
2020-05-12 00:00:00+07:00,6424.40283203125,6424.40283203125,6267.012320830226,6424.40283203125,5293417,0.0,0.0
2020-05-13 00:00:00+07:00,6195.4715238063845,6410.094829811131,6009.463902947935,6238.39599609375,3220564,0.0,0.0
2020-05-14 00:00:00+07:00,6095.312960412521,6667.643159531111,6066.69680466954,6495.9443359375,3658917,0.0,0.0
2020-05-15 00:00:00+07:00,6495.944325137508,6839.341971753806,6481.63601114784,6596.10205078125,2675337,0.0,0.0
2020-05-18 00:00:00+07:00,6581.794105406701,6953.808400837094,6524.560846242667,6867.958984375,2030601,0.0,0.0
2020-05-19 00:00:00+07:00,7039.657644504597,7125.507058859441,6724.87614368087,7011.041015625,2289036,0.0,0.0
2020-05-20 00:00:00+07:00,6753.492732925267,6953.808189338933,6753.492732925267,6882.26708984375,1265268,0.0,0.0
2020-05-21 00:00:00+07:00,6839.342388456804,6939.500120202892,6524.560878357107,6667.6435546875,3834745,0.0,0.0
2020-05-22 00:00:00+07:00,6696.259621824795,6825.033500190869,6524.560330196829,6639.0263671875,2697881,0.0,0.0
2020-05-25 00:00:00+07:00,6639.026509758637,6782.109177140614,6553.177098243024,6696.259765625,2515598,0.0,0.0
2020-05-26 00:00:00+07:00,6696.260151450812,7011.04118771717,6696.260151450812,6867.958984375,3109734,0.0,0.0
2020-05-27 00:00:00+07:00,6953.808231694094,6996.733175023022,6581.7939453125,6581.7939453125,2526380,0.0,0.0
2020-05-28 00:00:00+07:00,6667.643345743195,6724.8761311114695,6538.868988309646,6681.95166015625,2862082,0.0,0.0
2020-05-29 00:00:00+07:00,6624.718273532546,6696.259844205034,6481.636076755443,6524.560546875,4247003,0.0,0.0
2020-06-01 00:00:00+07:00,6581.794053422422,6753.492884990499,6553.1774240664245,6739.1845703125,921455,0.0,0.0
2020-06-02 00:00:00+07:00,6810.7255859375,7025.349358845842,6796.417743723032,6810.7255859375,3835387,0.0,0.0
2020-06-03 00:00:00+07:00,6739.184639879848,6910.88347322034,6696.260167686705,6767.80126953125,1310019,0.0,0.0
2020-06-04 00:00:00+07:00,6796.417229397805,7239.972583862492,6796.417229397805,7211.35595703125,8461491,0.0,0.0
2020-06-05 00:00:00+07:00,7268.5892106937345,7268.5892106937345,7096.890394274108,7211.35595703125,2101987,0.0,0.0
2020-06-08 00:00:00+07:00,7383.055521424624,7468.904932840131,7211.356226309682,7325.822265625,3025437,0.0,0.0
2020-06-09 00:00:00+07:00,7297.205844484048,7325.821999058668,7068.273774183614,7111.1982421875,4714626,0.0,0.0
2020-06-10 00:00:00+07:00,7068.274041670959,7268.589492693473,6968.116316159702,7225.66455078125,3886999,0.0,0.0
2020-06-11 00:00:00+07:00,7239.972922174956,7311.51402031215,6724.8759765625,6724.8759765625,4425264,0.0,0.0
2020-06-12 00:00:00+07:00,6281.320810492324,6610.41015625,6267.012495931738,6610.41015625,3857255,0.0,0.0
2020-06-15 00:00:00+07:00,6610.410086399631,6610.410086399631,6152.54638671875,6152.54638671875,3458483,0.0,0.0
2020-06-16 00:00:00+07:00,6352.861607996882,6481.635960616016,6267.012197012103,6367.169921875,4475051,0.0,0.0
2020-06-17 00:00:00+07:00,6381.4779546205455,6467.327361823275,6209.7786679311785,6352.861328125,1942621,0.0,0.0
2020-06-18 00:00:00+07:00,6352.861829924253,6367.170144302208,6209.779158428631,6252.7041015625,1344799,0.0,0.0
2020-06-19 00:00:00+07:00,6267.012309305854,6538.868861009498,6267.012309305854,6524.560546875,2710590,0.0,0.0
2020-06-22 00:00:00+07:00,6581.79387467257,6710.567758709381,6524.56061751493,6553.17724609375,1553177,0.0,0.0
2020-06-23 00:00:00+07:00,6667.643658333065,6939.5002280743465,6581.794240113923,6825.0341796875,4553805,0.0,0.0
2020-06-24 00:00:00+07:00,6825.033873991255,6982.424860580046,6438.711273166685,6581.7939453125,2441542,0.0,0.0
2020-06-25 00:00:00+07:00,6438.710928882397,6639.026375805103,6395.786460132629,6538.86865234375,5103630,0.0,0.0
2020-06-26 00:00:00+07:00,6538.868873033784,6696.259856518746,6267.012320830226,6424.40283203125,2597326,0.0,0.0
2020-06-29 00:00:00+07:00,6281.320903286904,6424.403106438631,5995.155552415536,6009.4638671875,2499644,0.0,0.0
2020-06-30 00:00:00+07:00,6209.779511391342,6238.396141773819,5823.456890363784,5866.3818359375,2918798,0.0,0.0
2020-07-01 00:00:00+07:00,5866.381764006092,6267.0126953125,5866.381764006092,6267.0126953125,1263206,0.0,0.0
2020-07-02 00:00:00+07:00,6424.402422079957,6524.56014253046,6324.2447016294545,6352.861328125,931494,0.0,0.0
2020-07-03 00:00:00+07:00,6438.711090923786,6438.711090923786,6309.9367368658095,6395.78662109375,6010757,0.0,0.0
2020-07-06 00:00:00+07:00,6553.176966021647,6553.176966021647,6410.094301526605,6538.86865234375,1394249,0.0,0.0
2020-07-07 00:00:00+07:00,6696.2599167039125,6753.492701577612,6553.17724609375,6553.17724609375,3079550,0.0,0.0
2020-07-08 00:00:00+07:00,6553.177289423609,6796.417689384018,6495.944504171484,6782.109375,2302015,0.0,0.0
2020-07-09 00:00:00+07:00,6839.342200721785,7011.04102977808,6825.033886253103,6910.88330078125,6131150,0.0,0.0
2020-07-10 00:00:00+07:00,6910.883016833576,7268.589447001699,6910.883016833576,7096.890625,5985946,0.0,0.0
2020-07-13 00:00:00+07:00,7154.123618756472,7154.123618756472,7039.657576625752,7082.58251953125,2187366,0.0,0.0
2020-07-14 00:00:00+07:00,7082.582230600138,7254.281050649862,6953.807879420884,7168.431640625,2638157,0.0,0.0
2020-07-15 00:00:00+07:00,7268.589503575188,7282.89781756735,7096.8906802371075,7125.5068359375,22515125,0.0,0.0
2020-07-16 00:00:00+07:00,6839.3421741319635,6839.3421741319635,6624.718402504031,6681.95166015625,1681110,0.0,0.0
2020-07-17 00:00:00+07:00,6696.259832263659,6696.259832263659,6581.793791675741,6624.71826171875,1077543,0.0,0.0
2020-07-20 00:00:00+07:00,6639.026716917086,6753.49275993758,6581.793931548811,6681.95166015625,2027965,0.0,0.0
2020-07-21 00:00:00+07:00,6724.875776859522,6724.875776859522,6495.9441751621025,6639.0263671875,1627807,0.0,0.0
2020-07-22 00:00:00+07:00,6724.875869274097,6724.875869274097,6438.711009006847,6467.32763671875,2043175,0.0,0.0
2020-07-23 00:00:00+07:00,6395.786468692781,6467.3275648940935,6281.320431400331,6438.7109375,2272812,0.0,0.0
2020-07-24 00:00:00+07:00,6438.711258054794,6438.711258054794,5995.155400499361,6152.54638671875,5182755,0.0,0.0
2020-07-27 00:00:00+07:00,5809.14774646024,5995.154872843286,5723.29833984375,5723.29833984375,5393397,0.0,0.0
2020-07-28 00:00:00+07:00,5723.298988600089,6009.4638671875,5694.682359056161,6009.4638671875,2410142,0.0,0.0
2020-07-29 00:00:00+07:00,5809.148298657013,5952.23097147469,5651.75778361312,5852.0732421875,2574748,0.0,0.0
2020-07-30 00:00:00+07:00,5952.23097147469,6081.005329782205,5852.0732421875,5852.0732421875,1060676,0.0,0.0
2020-07-31 00:00:00+07:00,5694.681992044291,5923.614069073548,5694.681992044291,5737.60693359375,870924,0.0,0.0
2020-08-03 00:00:00+07:00,5852.073076943948,5995.1552734375,5751.915350484887,5995.1552734375,1024409,0.0,0.0
2020-08-04 00:00:00+07:00,6066.697386522201,6224.087911197569,6066.697386522201,6123.93017578125,1068248,0.0,0.0
2020-08-05 00:00:00+07:00,6152.546665411231,6209.779453357341,6009.463987120007,6166.85498046875,1071323,0.0,0.0
2020-08-06 00:00:00+07:00,6181.163155700484,6238.3959423519145,6081.005424847513,6109.62158203125,1223795,0.0,0.0
2020-08-07 00:00:00+07:00,6109.621860395493,6152.546806552763,6066.697386522201,6123.93017578125,508757,0.0,0.0
2020-08-10 00:00:00+07:00,6123.93017578125,6195.471752710034,6109.621860395493,6123.93017578125,1387489,0.0,0.0
2020-08-11 00:00:00+07:00,6181.163345430904,6410.094971347626,6095.313454392666,6295.62939453125,2328132,0.0,0.0
2020-08-12 00:00:00+07:00,6295.629100875131,6424.40298685796,6238.395842852587,6381.478515625,1194660,0.0,0.0
2020-08-13 00:00:00+07:00,6381.47808349172,6524.560274291118,6352.861456418274,6410.09423828125,1233868,0.0,0.0
2020-08-14 00:00:00+07:00,6424.403056724735,6467.328000708461,6238.395910696492,6309.93701171875,1592621,0.0,0.0
2020-08-17 00:00:00+07:00,6252.704240965877,6338.553656863676,6138.23819567416,6209.779296875,831344,0.0,0.0
2020-08-18 00:00:00+07:00,6209.779242798265,6281.320815660053,6109.621513075712,6181.1630859375,1020725,0.0,0.0
2020-08-19 00:00:00+07:00,6138.23784439297,6381.4782357531185,6123.929530514853,6367.169921875,1879347,0.0,0.0
2020-08-20 00:00:00+07:00,6309.936595222645,6424.402632673141,6267.012126356161,6338.55322265625,2089447,0.0,0.0
2020-08-21 00:00:00+07:00,6338.553596450717,6653.335099931758,6338.553596450717,6610.41015625,4716248,0.0,0.0
2020-08-24 00:00:00+07:00,6782.109304250764,6782.109304250764,6667.643262656648,6753.49267578125,2361977,0.0,0.0
2020-08-25 00:00:00+07:00,6753.492971572152,6810.725758733934,6667.6435546875,6667.6435546875,2488828,0.0,0.0
2020-08-26 00:00:00+07:00,6653.335191409719,7068.27443023599,6581.794089907108,6968.11669921875,5882619,0.0,0.0
2020-08-27 00:00:00+07:00,6982.425134263025,7454.59716796875,6968.11681925922,7454.59716796875,7713092,0.0,0.0
2020-08-28 00:00:00+07:00,7425.980431590488,7583.371422093885,7297.20654296875,7297.20654296875,2295695,0.0,0.0
2020-08-31 00:00:00+07:00,7325.821992072305,7554.754062154415,7211.35595703125,7211.35595703125,4290064,0.0,0.0
2020-09-01 00:00:00+07:00,7239.97284395138,7540.446019621885,7239.97284395138,7425.97998046875,2465608,0.0,0.0
2020-09-03 00:00:00+07:00,7468.905175496925,7654.912318321018,7425.980232252621,7640.60400390625,3536155,0.0,0.0
2020-09-04 00:00:00+07:00,7497.52158353421,8127.084565540518,7425.980013567176,7955.3857421875,6510217,0.0,0.0
2020-09-07 00:00:00+07:00,8012.618157710235,8141.3929853242125,7583.37109375,7583.37109375,5148584,0.0,0.0
2020-09-08 00:00:00+07:00,7626.295187778381,7840.9189453125,7583.370719641905,7840.9189453125,4746770,0.0,0.0
2020-09-09 00:00:00+07:00,7726.452626188684,8026.92578125,7697.836472576104,8026.92578125,4777629,0.0,0.0
2020-09-10 00:00:00+07:00,8155.701193527331,8155.701193527331,7898.152486213873,7955.3857421875,2374652,0.0,0.0
2020-09-11 00:00:00+07:00,7955.3857421875,8041.234681580077,7869.535858227059,7955.3857421875,1952321,0.0,0.0
2020-09-14 00:00:00+07:00,7955.386336661247,8069.851912594186,7955.386336661247,8012.61865234375,2547336,0.0,0.0
2020-09-15 00:00:00+07:00,8069.8515625,8270.167020118313,7955.385991532918,8069.8515625,3066402,0.0,0.0
2020-09-16 00:00:00+07:00,8084.160398214592,8241.550922655948,8041.235452121144,8198.6259765625,1980206,0.0,0.0
2020-09-17 00:00:00+07:00,8198.626082396711,8198.626082396711,7955.386607196489,8127.08544921875,2394053,0.0,0.0
2020-09-18 00:00:00+07:00,8127.084088315201,8441.86508855037,8069.850835702332,8384.6318359375,2569948,0.0,0.0
2020-09-21 00:00:00+07:00,8356.015888297046,8527.714696104116,8356.015888297046,8470.4814453125,2005589,0.0,0.0
2020-09-22 00:00:00+07:00,8398.940709329867,8456.1739657604,8327.400083359575,8413.2490234375,1486084,0.0,0.0
2020-09-23 00:00:00+07:00,8441.86508855037,8499.09834116324,8356.016154198873,8384.6318359375,1749859,0.0,0.0
2020-09-24 00:00:00+07:00,8298.784221435675,8341.709167722169,8055.543803713507,8098.46875,3578912,0.0,0.0
2020-09-25 00:00:00+07:00,8098.46875,8184.317698005028,7955.386540279649,8098.46875,5255628,0.0,0.0
2020-09-28 00:00:00+07:00,8127.084241866876,8241.5498046875,8084.159301596207,8241.5498046875,2573024,0.0,0.0
2020-09-29 00:00:00+07:00,8241.55064232367,8398.941161411465,8184.3173828125,8184.3173828125,2648500,0.0,0.0
2020-09-30 00:00:00+07:00,8155.700868713988,8298.783058381725,8069.850988172651,8241.5498046875,1319382,0.0,0.0
2020-10-01 00:00:00+07:00,8356.0166674876,8813.8798828125,8356.0166674876,8813.8798828125,7670821,0.0,0.0
2020-10-02 00:00:00+07:00,8871.113117098754,9071.428568487643,8642.181037716044,9014.1953125,3915155,0.0,0.0
2020-10-05 00:00:00+07:00,9386.209565178193,9386.209565178193,9128.661802976083,9214.5107421875,2637515,0.0,0.0
2020-10-06 00:00:00+07:00,9214.511613572255,9286.05319015376,8956.963827014733,9157.279296875,3864894,0.0,0.0
2020-10-07 00:00:00+07:00,9042.812778427238,9314.66982499175,9014.196147781717,9057.12109375,2845114,0.0,0.0
2020-10-08 00:00:00+07:00,9071.428279473525,9314.66866510355,9042.811652391425,9300.3603515625,2845723,0.0,0.0
2020-10-09 00:00:00+07:00,9300.359924490187,9729.607421875,9271.74329872216,9729.607421875,4751789,0.0,0.0
2020-10-12 00:00:00+07:00,9872.690267086351,10158.855599356502,9729.608073235202,10015.7724609375,3898120,0.0,0.0
2020-10-13 00:00:00+07:00,10015.772480867347,10073.005736348834,9815.45703125,9815.45703125,2325540,0.0,0.0
2020-10-14 00:00:00+07:00,9815.457109190163,10502.253346717975,9743.916483838088,10473.63671875,4853037,0.0,0.0
2020-10-15 00:00:00+07:00,10559.487043958245,11203.357421875,10502.25378563039,11203.357421875,4685558,0.0,0.0
2020-10-16 00:00:00+07:00,11589.679577166282,11976.003111335167,11189.048673537976,11532.447265625,5186135,0.0,0.0
2020-10-19 00:00:00+07:00,11446.59814630191,11589.680351567406,11017.3505859375,11017.3505859375,5243663,0.0,0.0
2020-10-20 00:00:00+07:00,11074.582426921408,11446.5966796875,11017.349174321145,11446.5966796875,2784578,0.0,0.0
2020-10-21 00:00:00+07:00,11160.433370925426,11417.981143070241,10645.3359375,10645.3359375,7073223,0.0,0.0
2020-10-22 00:00:00+07:00,10602.41134055643,11017.3505859375,10187.47209517536,11017.3505859375,5046643,0.0,0.0
2020-10-23 00:00:00+07:00,11332.132748874836,11346.441064082765,10960.118442604571,10974.4267578125,2159447,0.0,0.0
2020-10-26 00:00:00+07:00,11017.35028806394,11017.35028806394,10244.705078125,10244.705078125,3853740,0.0,0.0
2020-10-27 00:00:00+07:00,10301.93781997435,10416.403386439106,9786.840409463312,9915.615234375,5629761,0.0,0.0
2020-10-28 00:00:00+07:00,9786.840409463312,10244.704564458045,9743.916412393939,9915.615234375,3310067,0.0,0.0
2020-10-29 00:00:00+07:00,10301.938336510968,10502.253796293948,10015.772989149036,10244.705078125,2927722,0.0,0.0
2020-10-30 00:00:00+07:00,10244.705320679774,10645.336249731117,10244.705320679774,10559.4873046875,2871309,0.0,0.0
2020-11-02 00:00:00+07:00,10631.027970523115,11103.200475837553,10588.103025573088,11017.3505859375,2848494,0.0,0.0
2020-11-03 00:00:00+07:00,11131.817568701112,11189.049886446457,10831.343886124187,10888.5771484375,1932920,0.0,0.0
2020-11-04 00:00:00+07:00,11017.349893576655,11246.281974355476,10945.809267723684,11131.81640625,3161245,0.0,0.0
2020-11-05 00:00:00+07:00,11131.81640625,11289.20691660798,11017.349893576655,11131.81640625,2954964,0.0,0.0
2020-11-06 00:00:00+07:00,11246.282254474889,11246.282254474889,10874.267968156222,11045.966796875,2304584,0.0,0.0
2020-11-09 00:00:00+07:00,11017.350167993887,11131.816683518335,10974.426169240114,11045.966796875,1508155,0.0,0.0
2020-11-10 00:00:00+07:00,11246.282036711698,11818.611769548159,11074.583211317547,11589.6796875,11238972,0.0,0.0
2020-11-11 00:00:00+07:00,11732.762945747181,12018.927342725668,11704.146317135755,11847.228515625,2657626,0.0,0.0
2020-11-12 00:00:00+07:00,11818.612136178603,12305.092943693264,11818.612136178603,12162.0107421875,2480114,0.0,0.0
2020-11-13 00:00:00+07:00,12190.627088060546,12219.242772042273,11961.695004231555,12047.5439453125,2940667,0.0,0.0
2020-11-16 00:00:00+07:00,12162.010601517486,12419.558372335394,12018.927457098769,12104.77734375,4137964,0.0,0.0
2020-11-17 00:00:00+07:00,12104.776765406381,12305.092213453996,12076.160137889885,12276.4755859375,3035340,0.0,0.0
2020-11-18 00:00:00+07:00,12276.476422986001,12505.408514159417,12219.24316405067,12319.4013671875,1898579,0.0,0.0
2020-11-19 00:00:00+07:00,12305.092271504358,12305.092271504358,11589.67941392051,11675.529296875,7649142,0.0,0.0
2020-11-20 00:00:00+07:00,11732.761988202821,11904.460801290657,11589.678856823119,11646.912109375,3648067,0.0,0.0
2020-11-23 00:00:00+07:00,11646.912675498883,11976.002949100552,11632.604361665426,11775.6875,2743917,0.0,0.0
2020-11-24 00:00:00+07:00,11789.995642591488,12047.544363918929,11675.53006898369,12018.927734375,3270081,0.0,0.0
2020-11-25 00:00:00+07:00,12090.46962359142,12290.785091055846,11875.845840981825,11933.0791015625,3012457,0.0,0.0
2020-11-26 00:00:00+07:00,11904.462471272162,12018.928047865575,11718.455318952905,11933.0791015625,1660728,0.0,0.0
2020-11-27 00:00:00+07:00,11990.311072888862,12247.859793530193,11875.845499586001,12219.2431640625,3439521,0.0,0.0
2020-11-30 00:00:00+07:00,12219.243515330001,12247.86014562034,11933.0791015625,11933.0791015625,2741990,0.0,0.0
2020-12-01 00:00:00+07:00,11818.611999480456,12162.010601517486,11689.838114071503,12104.77734375,3042303,0.0,0.0
2020-12-02 00:00:00+07:00,12162.01105663997,12877.423027233885,12104.77779673072,12634.1826171875,5722103,0.0,0.0
2020-12-03 00:00:00+07:00,12648.4912109375,12820.190049881563,12362.326794220044,12648.4912109375,2810436,0.0,0.0
2020-12-04 00:00:00+07:00,12534.024551548824,12705.723375676253,12491.099609375,12491.099609375,2769301,0.0,0.0
2020-12-07 00:00:00+07:00,12505.40876059341,12677.107596215023,12419.558870498637,12534.025390625,2450533,0.0,0.0
2020-12-08 00:00:00+07:00,12534.024534071545,12963.272066075513,12505.407905995566,12791.5732421875,5354629,0.0,0.0
2020-12-09 00:00:00+07:00,12877.422918155038,12963.272807291716,12576.9501953125,12576.9501953125,5892353,0.0,0.0
2020-12-10 00:00:00+07:00,12591.258117057489,12877.422516109587,12305.0927734375,12305.0927734375,5614720,0.0,0.0
2020-12-11 00:00:00+07:00,12305.09315847012,12505.408621901717,12233.551584184577,12476.7919921875,2710556,0.0,0.0
2020-12-14 00:00:00+07:00,12476.790826195205,13134.97041440964,12476.790826195205,13020.50390625,5009328,0.0,0.0
2020-12-15 00:00:00+07:00,13020.504377659607,13163.587518039507,12734.33998603554,12791.5732421875,4246327,0.0,0.0
2020-12-16 00:00:00+07:00,12791.573073333013,13092.045775028697,12691.414876389215,12834.4970703125,3560052,0.0,0.0
2020-12-17 00:00:00+07:00,12820.18937411907,12920.347575888327,12562.6416015625,12562.6416015625,4194072,0.0,0.0
2020-12-18 00:00:00+07:00,12848.806261758924,13435.4443359375,12591.25848401959,13435.4443359375,8999554,0.0,0.0
2020-12-21 00:00:00+07:00,13878.999672502927,14365.48046875,13449.75213335972,14365.48046875,7338689,0.0,0.0
2020-12-22 00:00:00+07:00,14308.246865315023,14880.576588796766,14107.93141486802,14851.9599609375,6109315,0.0,0.0
2020-12-23 00:00:00+07:00,14851.959427395479,14851.959427395479,14308.246351305359,14422.7119140625,4191537,0.0,0.0
2020-12-24 00:00:00+07:00,14336.864059997923,14737.494976731312,13592.835484512456,14680.26171875,8436716,0.0,0.0
2020-12-25 00:00:00+07:00,14594.412720837809,15452.906864452822,14451.32957642873,15080.892578125,4751637,0.0,0.0
2020-12-28 00:00:00+07:00,15166.742820174404,16025.236983906605,15166.742820174404,15452.9072265625,6878604,0.0,0.0
2020-12-29 00:00:00+07:00,15452.905819617417,15996.618897905531,15252.590375556762,15681.837890625,5370312,0.0,0.0
2020-12-30 00:00:00+07:00,15538.756341479357,16111.086070324747,15481.523085224459,15968.0029296875,3448579,0.0,0.0
2020-12-31 00:00:00+07:00,15882.155569200157,16740.648779927684,15882.155569200157,16654.80078125,4016791,0.0,0.0
2021-01-04 00:00:00+07:00,16855.115175966643,17456.06249720958,16855.115175966643,17255.74609375,4277727,0.0,0.0
2021-01-05 00:00:00+07:00,17255.744372972556,18257.322512119466,17141.27786812477,17971.15625,4413941,0.0,0.0
2021-01-06 00:00:00+07:00,18429.022220980372,18429.022220980372,17312.979354648858,17456.0625,6633925,0.0,0.0
2021-01-07 00:00:00+07:00,17599.142016867005,17713.60852183503,16883.73013908807,17570.525390625,9079693,0.0,0.0
2021-01-08 00:00:00+07:00,17656.37758198698,18028.39188272396,17026.81550047389,17284.36328125,2857113,0.0,0.0
2021-01-11 00:00:00+07:00,17198.510088128736,17284.35996161104,16597.564752023594,16712.03125,5878833,0.0,0.0
2021-01-12 00:00:00+07:00,16712.03445971735,17427.446431201093,16454.48478980538,17284.36328125,4353439,0.0,0.0
2021-01-13 00:00:00+07:00,17284.363354295303,17398.829874739924,16769.26590143038,16883.732421875,5077773,0.0,0.0
2021-01-14 00:00:00+07:00,16883.73289421002,17513.296885132087,16883.73289421002,17312.98046875,9071919,0.0,0.0
2021-01-15 00:00:00+07:00,17341.595383650536,17828.076171875,17255.7454994105,17828.076171875,7457293,0.0,0.0
2021-01-18 00:00:00+07:00,18142.858809954385,18686.572902837932,17885.311023396865,18314.55859375,7677331,0.0,0.0
2021-01-19 00:00:00+07:00,18085.62572509478,18285.942141476862,17055.43267968038,17312.98046875,6948941,0.0,0.0
2021-01-20 00:00:00+07:00,17169.895705139057,17341.595474518817,16311.402525647485,17026.814453125,4955755,0.0,0.0
2021-01-21 00:00:00+07:00,17312.980458733804,17570.528247654423,16740.64972996631,17513.296875,3073771,0.0,0.0
2021-01-22 00:00:00+07:00,17684.99364342603,17684.99364342603,17312.979354648858,17456.0625,4130021,0.0,0.0
2021-01-25 00:00:00+07:00,17169.89620655304,17484.67912627523,16855.115175966643,17255.74609375,3653779,0.0,0.0
2021-01-26 00:00:00+07:00,17112.66590917335,17112.66590917335,16053.85434571169,16196.9375,4791487,0.0,0.0
2021-01-27 00:00:00+07:00,15252.591406848003,16168.31975279454,15080.892578125,15080.892578125,6538609,0.0,0.0
2021-01-28 00:00:00+07:00,14036.390625,14165.165457520676,14036.390625,14036.390625,5352567,0.0,0.0
2021-01-29 00:00:00+07:00,13063.429686622967,14823.343861607142,13063.429686622967,14022.08203125,7574917,0.0,0.0
2021-02-01 00:00:00+07:00,14007.773774196437,14451.329634511538,13621.451171875,13621.451171875,4573477,0.0,0.0
2021-02-02 00:00:00+07:00,13163.588047591958,14022.082201568028,13163.588047591958,13879.0,2738813,0.0,0.0
2021-02-03 00:00:00+07:00,14136.548440332228,14823.34375,13907.61635558701,14823.34375,3616937,0.0,0.0
2021-02-04 00:00:00+07:00,15452.906581950865,15653.222035893621,14880.576848481258,15166.7421875,4026593,0.0,0.0
2021-02-05 00:00:00+07:00,15166.742956422266,15624.606199669937,15166.742956422266,15510.140625,3270487,0.0,0.0
2021-02-08 00:00:00+07:00,15510.14077014141,15624.606345882497,14451.330180122637,14708.87890625,6584239,0.0,0.0
2021-02-09 00:00:00+07:00,14708.878428482185,15223.974919437822,14222.397622106386,15138.1259765625,5812923,0.0,0.0
2021-02-17 00:00:00+07:00,15452.90678693153,15882.1552734375,15166.742388684734,15882.1552734375,2774979,0.0,0.0
2021-02-18 00:00:00+07:00,15824.920226123864,15910.771052320904,15595.989097581667,15739.0712890625,2744897,0.0,0.0
2021-02-19 00:00:00+07:00,15739.071793803638,16025.236185942398,15452.906457097008,15968.0029296875,3426643,0.0,0.0
2021-02-22 00:00:00+07:00,16282.785316911775,16282.785316911775,15452.905961532995,15739.0712890625,3482413,0.0,0.0
2021-02-23 00:00:00+07:00,15853.537797901437,15968.002417604699,15567.372470371933,15739.0712890625,2686085,0.0,0.0
2021-02-24 00:00:00+07:00,15882.155725280472,16082.47024301139,15309.825023368452,15452.9072265625,4144217,0.0,0.0
2021-02-25 00:00:00+07:00,15452.9072265625,15681.839318413724,15252.591764263667,15452.9072265625,2067883,0.0,0.0
2021-02-26 00:00:00+07:00,15166.742714432383,15538.757006883983,15166.742714432383,15395.6748046875,2021577,0.0,0.0
2021-03-01 00:00:00+07:00,15538.755843162198,15853.537797901437,15395.673651681363,15739.0712890625,2974399,0.0,0.0
2021-03-02 00:00:00+07:00,16025.23684010533,16025.23684010533,15595.990234375,15595.990234375,3903223,0.0,0.0
2021-03-03 00:00:00+07:00,15595.990234375,15824.921379604015,15538.756975783794,15595.990234375,3253249,0.0,0.0
2021-03-04 00:00:00+07:00,15595.990549482422,15681.83949453585,14880.57763634158,15309.8251953125,4031325,0.0,0.0
2021-03-05 00:00:00+07:00,15309.824384725433,15309.824384725433,14708.878022897165,15166.7421875,3259671,0.0,0.0
2021-03-08 00:00:00+07:00,15424.29034895865,15452.906978050834,15195.359205356981,15338.44140625,2725293,0.0,0.0
2021-03-09 00:00:00+07:00,15195.358791874412,15452.906557560105,15109.508906933934,15367.0576171875,1288117,0.0,0.0
2021-03-10 00:00:00+07:00,15367.057607944822,16425.8671875,15309.82435135226,16425.8671875,7095295,0.0,0.0
2021-03-11 00:00:00+07:00,16883.729639833386,17141.2773792601,16740.646512854342,16940.962890625,6215481,0.0,0.0
2021-03-12 00:00:00+07:00,16940.96455973606,17169.895696322445,16769.26479044447,16826.498046875,4433207,0.0,0.0
2021-03-15 00:00:00+07:00,16883.73180773123,17541.91049807489,16626.184035234975,17456.0625,8218807,0.0,0.0
2021-03-16 00:00:00+07:00,17684.99132975705,17885.30770704192,17312.977089649274,17541.908203125,5446531,0.0,0.0
2021-03-17 00:00:00+07:00,17456.0625,17570.527127145117,17255.746096508403,17456.0625,5450587,0.0,0.0
2021-03-18 00:00:00+07:00,17541.911387430733,18600.722938438183,17456.063385003446,18514.873046875,6628855,0.0,0.0
2021-03-19 00:00:00+07:00,18600.722249335122,19602.298613059043,18600.722249335122,19287.517578125,5894381,0.0,0.0
2021-03-22 00:00:00+07:00,19287.516511773167,19516.449534803287,18743.802471212348,19029.96875,3122105,0.0,0.0
2021-03-23 00:00:00+07:00,18886.88650112262,18886.88650112262,18028.391402553072,18572.10546875,5614179,0.0,0.0
2021-03-24 00:00:00+07:00,18285.940321967737,18314.556950032016,17370.2120021822,17627.759765625,6727889,0.0,0.0
2021-03-25 00:00:00+07:00,17713.608564087575,18028.389564364887,17312.977684879468,17370.2109375,5536101,0.0,0.0
2021-03-26 00:00:00+07:00,17456.062921448876,18285.94140625,17055.43199392888,18285.94140625,5885931,0.0,0.0
2021-03-29 00:00:00+07:00,18285.939677786,18715.187194492843,18171.473169561326,18400.404296875,5419153,0.0,0.0
2021-03-30 00:00:00+07:00,18457.6403402332,18629.3401285168,18257.32580970495,18543.490234375,4455515,0.0,0.0
2021-03-31 00:00:00+07:00,18457.639295680943,18543.48918496434,18057.00836816095,18285.94140625,6178977,0.0,0.0
2021-04-01 00:00:00+07:00,18314.557313185825,19401.983533783558,18171.474170027268,19258.900390625,5355947,0.0,0.0
2021-04-02 00:00:00+07:00,19459.21713430991,19459.21713430991,18886.886440715465,18972.736328125,3649723,0.0,0.0
2021-04-05 00:00:00+07:00,19115.8203125,19430.601357676616,19001.353790931815,19115.8203125,4243251,0.0,0.0
2021-04-06 00:00:00+07:00,18886.886654808266,19373.36746650769,18886.886654808266,19287.517578125,4958121,0.0,0.0
2021-04-07 00:00:00+07:00,19287.516418746793,19716.76394572223,19173.04990778382,19630.9140625,4055323,0.0,0.0
2021-04-08 00:00:00+07:00,19745.382330803503,19745.382330803503,19029.970351884625,19316.134765625,5081153,0.0,0.0
2021-04-09 00:00:00+07:00,19173.050724328183,19602.29826958447,19058.58609762609,19573.681640625,4895929,0.0,0.0
2021-04-12 00:00:00+07:00,19716.76626844387,19773.999530667686,19173.05216645355,19344.751953125,7266999,0.0,0.0
2021-04-13 00:00:00+07:00,19373.366383990342,19430.599639714135,18743.80246016431,18829.65234375,6012005,0.0,0.0
2021-04-14 00:00:00+07:00,18600.723058978634,19230.28515625,18457.639905446093,19230.28515625,5035523,0.0,0.0
2021-04-15 00:00:00+07:00,19230.284098867432,19230.284098867432,18743.803292741984,18772.419921875,3914715,0.0,0.0
2021-04-16 00:00:00+07:00,18600.721251933555,19058.585409620646,18028.39058254076,18429.021484375,4501821,0.0,0.0
2021-04-19 00:00:00+07:00,18429.022043081015,18743.803070679078,17942.541242719035,18457.638671875,3956965,0.0,0.0
2021-04-20 00:00:00+07:00,18715.189541920066,18715.189541920066,17828.07777018068,18114.2421875,4339243,0.0,0.0
2021-04-22 00:00:00+07:00,18085.62340032736,18285.93979096032,17312.97824330016,17398.828125,7851063,0.0,0.0
2021-04-23 00:00:00+07:00,17398.828092982018,18057.006739864893,17169.895075537068,17799.458984375,3718337,0.0,0.0
2021-04-26 00:00:00+07:00,17971.158044992517,18028.391303132972,17398.829241859545,17456.0625,3463485,0.0,0.0
2021-04-27 00:00:00+07:00,17456.061895970583,17885.309428035023,17398.82863981056,17828.076171875,2851029,0.0,0.0
2021-04-28 00:00:00+07:00,17885.311023396865,18743.804274967235,17885.311023396865,18314.55859375,6201285,0.0,0.0
2021-04-29 00:00:00+07:00,18171.472675635985,18171.472675635985,17684.991918040014,17770.841796875,2348085,0.0,0.0
2021-05-04 00:00:00+07:00,17198.51170271769,17799.458984375,17198.51170271769,17799.458984375,2425149,0.0,0.0
2021-05-05 00:00:00+07:00,17799.461131499058,18743.804274967235,17742.22787023385,18314.55859375,11438257,0.0,0.0
2021-05-06 00:00:00+07:00,18371.78884516193,18572.105247370426,18142.857703202288,18257.32421875,9485293,0.0,0.0
2021-05-07 00:00:00+07:00,18057.0078165415,18429.022102935785,17942.541300993787,18257.32421875,6324655,0.0,0.0
2021-05-10 00:00:00+07:00,18057.00688797464,19516.44921875,17971.15700572861,19516.44921875,12729417,0.0,0.0
2021-05-11 00:00:00+07:00,20031.544733954775,20317.711008108192,19516.44921875,19516.44921875,8584523,0.0,0.0
2021-05-12 00:00:00+07:00,19401.982641662788,20317.7109375,19401.982641662788,20317.7109375,6845513,0.0,0.0
2021-05-13 00:00:00+07:00,20203.245309890648,20546.642963531296,19859.84765625,19859.84765625,7190273,0.0,0.0
2021-05-14 00:00:00+07:00,20117.395541331836,21233.438394446137,19802.61451442305,20975.890625,10874811,0.0,0.0
2021-05-17 00:00:00+07:00,21176.205417594498,21376.521821368202,20632.493242766035,20890.041015625,6945899,0.0,0.0
2021-05-18 00:00:00+07:00,20661.110212289033,21061.741137301444,20432.177175632896,20603.876953125,7097661,0.0,0.0
2021-05-19 00:00:00+07:00,20489.410097213386,21118.974048509237,20260.47895346495,20890.041015625,7661107,0.0,0.0
2021-05-20 00:00:00+07:00,20861.423563928514,21891.61839301441,20746.958941135646,21147.58984375,8798477,0.0,0.0
2021-05-21 00:00:00+07:00,21462.371711219763,21977.467256998174,20890.041018077773,21090.357421875,8203597,0.0,0.0
2021-05-24 00:00:00+07:00,21118.974048509237,21176.205417594498,20689.726500987093,20890.041015625,6757633,0.0,0.0
2021-05-25 00:00:00+07:00,20861.423780722256,21319.28794405907,20775.573895883652,21262.0546875,5368115,0.0,0.0
2021-05-26 00:00:00+07:00,21262.05580074927,21719.919988059166,21262.05580074927,21519.60546875,6049523,0.0,0.0
2021-05-27 00:00:00+07:00,21519.604681759374,21519.604681759374,20890.040738806027,20975.890625,6740395,0.0,0.0
2021-05-28 00:00:00+07:00,21118.97454317021,21433.75558162322,20746.960245155587,21319.2890625,6392255,0.0,0.0
2021-05-31 00:00:00+07:00,21548.220582544312,22778.72801987888,21548.220582544312,22750.11328125,11396007,0.0,0.0
2021-06-01 00:00:00+07:00,22893.197727732542,23093.51415005677,22034.702553186376,22206.40234375,5128473,0.0,0.0
2021-06-02 00:00:00+07:00,22206.400270529375,22807.345703125,22091.933754173715,22807.345703125,7019921,0.0,0.0
2021-06-03 00:00:00+07:00,23179.36036070381,24324.02176418928,23064.895731663924,24037.85546875,9699585,0.0,0.0
2021-06-04 00:00:00+07:00,24209.554967516066,24552.95262895706,23894.773935289806,24324.021484375,8454393,0.0,0.0
2021-06-07 00:00:00+07:00,24037.85444653863,24324.02072980867,22635.647215058416,23179.359375,8932663,0.0,0.0
2021-06-08 00:00:00+07:00,23465.525197093353,24324.02025175966,22607.030142427044,22750.11328125,14925403,0.0,0.0
2021-06-09 00:00:00+07:00,23579.99019645996,24324.020641113282,22750.113645410154,24180.9375,11436905,0.0,0.0
2021-06-10 00:00:00+07:00,24467.10145639888,25869.310546875,24324.02020697507,25869.310546875,16537325,0.0,0.0
2021-06-11 00:00:00+07:00,25869.31050802079,26470.255910796754,25611.76085900049,26269.94140625,8261057,0.0,0.0
2021-06-14 00:00:00+07:00,26269.942517643918,28101.39732025919,26269.942517643918,28044.1640625,10236329,0.0,0.0
2021-06-15 00:00:00+07:00,28215.86454382483,29961.47139274126,27614.917211408945,29188.826171875,12594893,0.0,0.0
2021-06-16 00:00:00+07:00,28616.495603724703,28902.660011912554,27614.917341363453,28187.248046875,15661567,0.0,0.0
2021-06-17 00:00:00+07:00,27214.287224569445,28902.660872508313,27214.287224569445,28130.015625,10157237,0.0,0.0
2021-06-18 00:00:00+07:00,30047.318359375,30047.318359375,30047.318359375,30047.318359375,3625049,0.0,0.0
2021-06-21 00:00:00+07:00,31020.281890750437,31478.146088023608,30104.553496204095,30447.951171875,12610441,0.0,0.0
2021-06-22 00:00:00+07:00,30905.813439519396,30905.813439519396,30047.318359375,30047.318359375,6864103,0.0,0.0
2021-06-23 00:00:00+07:00,30104.55195496525,30505.182870926506,29703.921039003995,29761.154296875,4573646,0.0,0.0
2021-06-24 00:00:00+07:00,29417.756695481312,30047.318755004155,29246.056921537376,29360.5234375,2905109,0.0,0.0
2021-06-25 00:00:00+07:00,29360.524884061146,30619.650954278397,29246.058362458883,30447.951171875,5102109,0.0,0.0
2021-06-28 00:00:00+07:00,30676.883154980813,30848.581042314974,30219.01897353002,30390.71875,3487821,0.0,0.0
2021-06-29 00:00:00+07:00,30219.017861565353,30734.115282885512,30047.31809141338,30333.484375,3506749,0.0,0.0
2021-06-30 00:00:00+07:00,30161.78352482903,30161.78352482903,29761.15263128912,29875.619140625,3911842,0.0,0.0
2021-07-01 00:00:00+07:00,30161.784510858917,31420.91048730913,29932.853373838763,31134.74609375,7739016,0.0,0.0
2021-07-02 00:00:00+07:00,31592.61136277332,33309.6015625,31420.91158714633,33309.6015625,8861852,0.0,0.0
2021-07-05 00:00:00+07:00,33996.39788463924,34339.793667701364,32622.807195847272,33767.46484375,7663135,0.0,0.0
2021-07-06 00:00:00+07:00,33481.29603512985,34053.62859448935,31420.91015625,31420.91015625,6552636,0.0,0.0
2021-07-07 00:00:00+07:00,31478.144688340428,32336.63978391245,29932.85427196511,31993.240234375,5984289,0.0,0.0
2021-07-08 00:00:00+07:00,32050.473391761592,32336.639682142177,30791.349270630213,31077.513671875,3706000,0.0,0.0
2021-07-09 00:00:00+07:00,30734.11404894326,32393.870870565144,30505.181031265387,31478.142578125,4571787,0.0,0.0
2021-07-12 00:00:00+07:00,30905.812093064298,31478.14275127143,29303.288517047153,29474.98828125,6881510,0.0,0.0
2021-07-13 00:00:00+07:00,30333.484929540897,30333.484929540897,29303.290068067097,30161.78515625,2478722,0.0,0.0
2021-07-14 00:00:00+07:00,29761.154985557354,30447.950317630508,29131.592912679596,29188.826171875,3211675,0.0,0.0
2021-07-15 00:00:00+07:00,29188.824908060786,30333.484375,29188.824908060786,30333.484375,2498833,0.0,0.0
2021-07-16 00:00:00+07:00,30447.950753770678,30848.581684741344,29761.15541185978,29818.388671875,2819933,0.0,0.0
2021-07-19 00:00:00+07:00,29188.825793951895,29761.154600224003,27758.0,27758.0,5725888,0.0,0.0
2021-07-20 00:00:00+07:00,27757.99767594476,28902.657081787485,25869.309750761047,28845.423828125,15302780,0.0,0.0
2021-07-21 00:00:00+07:00,28902.659150616335,29474.98983907249,27986.93269387659,28044.1640625,5925646,0.0,0.0
2021-07-22 00:00:00+07:00,27872.46590960212,28587.877846422223,27872.46590960212,28330.330078125,4954234,0.0,0.0
2021-07-23 00:00:00+07:00,28044.163953169784,28301.713612082098,27128.4375,27128.4375,8991982,0.0,0.0
2021-07-26 00:00:00+07:00,26584.723552087784,27013.971096241283,25754.84509266674,26327.17578125,7421972,0.0,0.0
2021-07-27 00:00:00+07:00,26899.503642991123,27443.21768373477,26670.572509019745,27185.669921875,6042594,0.0,0.0
2021-07-28 00:00:00+07:00,26899.50474249115,27414.602176400684,26785.040115394648,26842.271484375,2959527,0.0,0.0
2021-07-29 00:00:00+07:00,27013.970926493304,27414.6018392434,26842.2711542565,27328.751953125,5888466,0.0,0.0
2021-07-30 00:00:00+07:00,27471.83440372152,28730.96036762459,27471.83440372152,28502.02734375,9003981,0.0,0.0
2021-08-02 00:00:00+07:00,28616.494976961203,29303.290297224077,28444.795202327587,28559.26171875,8602944,0.0,0.0
2021-08-03 00:00:00+07:00,28502.026729038582,29474.98828125,28215.86234450286,29474.98828125,10981281,0.0,0.0
2021-08-04 00:00:00+07:00,29875.6207019877,30905.813672443648,29703.920929010485,30562.416015625,14326636,0.0,0.0
2021-08-05 00:00:00+07:00,30333.484129916495,31936.005859375,30161.784361151796,31936.005859375,10733527,0.0,0.0
2021-08-06 00:00:00+07:00,31592.610256926055,31764.310026542982,31134.74609375,31134.74609375,11073724,0.0,0.0
2021-08-09 00:00:00+07:00,30791.34990122494,32851.735899346255,30676.883382728476,32622.806640625,13172197,0.0,0.0
2021-08-10 00:00:00+07:00,33137.90219558741,33137.90219558741,31993.240788894454,32622.806640625,9592946,0.0,0.0
2021-08-11 00:00:00+07:00,32622.805047464306,32737.267782099218,31535.376953125,31535.376953125,12135382,0.0,0.0
2021-08-12 00:00:00+07:00,31592.609375,32279.404656023922,31420.909610176175,31592.609375,8454055,0.0,0.0
2021-08-13 00:00:00+07:00,31707.07827092497,32622.806640625,31592.611752428507,32622.806640625,11721670,0.0,0.0
2021-08-16 00:00:00+07:00,33538.529508221414,34854.890625,33309.60026126679,34854.890625,13066234,0.0,0.0
2021-08-17 00:00:00+07:00,34854.89381900954,36056.784755041685,34683.19403435586,35427.22265625,11782341,0.0,0.0
2021-08-18 00:00:00+07:00,35369.98705237796,36858.04419762204,35026.591284083246,36114.015625,10623339,0.0,0.0
2021-08-19 00:00:00+07:00,36114.0167363219,36743.5788127951,35770.62095746001,36571.8828125,8234355,0.0,0.0
2021-08-20 00:00:00+07:00,36228.47884615866,36800.807593454,34397.022320888085,35541.68359375,19742241,0.0,0.0
2021-08-23 00:00:00+07:00,35541.684714388764,36571.87951461968,34683.18967724156,35598.91796875,11328576,0.0,0.0
2021-08-24 00:00:00+07:00,35598.91937413454,35770.619143996664,33195.133930879296,33252.3671875,14698909,0.0,0.0
2021-08-25 00:00:00+07:00,33309.59981464534,34339.79085780684,33080.666792488824,34225.328125,7071466,0.0,0.0
2021-08-26 00:00:00+07:00,34225.326375104436,34568.722112510426,33195.13160634402,33538.52734375,6728734,0.0,0.0
2021-08-27 00:00:00+07:00,33137.90004802795,34282.557602267705,32794.50051479317,34225.328125,7524386,0.0,0.0
2021-08-30 00:00:00+07:00,34912.12388130653,34912.12388130653,34053.62881498013,34854.890625,8550723,0.0,0.0
2021-08-31 00:00:00+07:00,35083.81985326492,35198.28636581699,34053.62879683923,34454.2578125,9742849,0.0,0.0
2021-09-01 00:00:00+07:00,34339.79129994793,34797.657350156216,33881.929028011116,34454.2578125,8878752,0.0,0.0
2021-09-06 00:00:00+07:00,34912.120432562646,35141.04965690282,34225.325202999906,35083.81640625,10369501,0.0,0.0
2021-09-07 00:00:00+07:00,35198.285035147295,37487.60386482669,35198.285035147295,36800.80859375,16938531,0.0,0.0
2021-09-08 00:00:00+07:00,37201.444893247404,37201.444893247404,35656.15444251214,36171.25,10097749,0.0,0.0
2021-09-09 00:00:00+07:00,36056.77905002201,36342.9453125,35541.683555832846,36342.9453125,8219652,0.0,0.0
2021-09-10 00:00:00+07:00,36342.95088117397,37373.145805675864,36285.71761990877,36629.1171875,9047414,0.0,0.0
2021-09-13 00:00:00+07:00,36400.1796875,36571.87945028165,35770.61766890528,36400.1796875,7982883,0.0,0.0
2021-09-14 00:00:00+07:00,36342.951044175294,36342.951044175294,35770.6222072281,35827.85546875,5047522,0.0,0.0
2021-09-15 00:00:00+07:00,35484.45479504836,36285.716653141244,35083.821976866064,35770.62109375,4836103,0.0,0.0
2021-09-16 00:00:00+07:00,35770.61652099954,36285.71201454336,35713.38326857564,35942.3125,3835623,0.0,0.0
2021-09-17 00:00:00+07:00,35999.54579752641,37773.769068347516,35885.07929253521,36342.9453125,19422662,0.0,0.0
2021-09-20 00:00:00+07:00,37373.146809886646,37373.146809886646,36457.41838330969,36686.34765625,9008713,0.0,0.0
2021-09-21 00:00:00+07:00,36114.01452638023,36686.34330830839,35656.152256491994,36457.4140625,8110478,0.0,0.0
2021-09-22 00:00:00+07:00,36228.485486952304,36400.185276095384,35827.856423890385,36285.71875,7355217,0.0,0.0
2021-09-23 00:00:00+07:00,36629.116076230704,36858.04533607437,36171.25,36171.25,6640709,0.0,0.0
2021-09-24 00:00:00+07:00,36228.48339340092,36342.94991288157,35770.62109375,35770.62109375,4151822,0.0,0.0
2021-09-27 00:00:00+07:00,35770.6154399778,35999.5446644837,33481.29296875,33481.29296875,11513800,0.0,0.0
2021-09-28 00:00:00+07:00,33309.60347210426,34625.9609375,33252.37021028081,34625.9609375,6258069,0.0,0.0
2021-09-29 00:00:00+07:00,34339.79253632508,34454.25905299843,33767.46373122995,34110.86328125,3817540,0.0,0.0
2021-09-30 00:00:00+07:00,34339.791410278114,34568.724436117795,33881.92913687024,34053.62890625,3001777,0.0,0.0
2021-10-01 00:00:00+07:00,33939.15789111076,34225.324135448805,32908.963189764785,33023.4296875,8069580,0.0,0.0
2021-10-04 00:00:00+07:00,32680.035267768966,32908.96829878055,31535.377669254198,31878.7734375,10318632,0.0,0.0
2021-10-05 00:00:00+07:00,32622.80505129497,34053.62890625,32451.105281915214,34053.62890625,8125181,0.0,0.0
2021-10-06 00:00:00+07:00,34282.558153818194,34339.791410278114,33595.76285457064,34053.62890625,3887337,0.0,0.0
2021-10-07 00:00:00+07:00,34053.63209753731,34854.893984793816,33652.99926477314,34625.9609375,6489768,0.0,0.0
2021-10-08 00:00:00+07:00,34854.88940866584,35369.984919177754,34511.48988281034,35198.28515625,6041073,0.0,0.0
2021-10-11 00:00:00+07:00,35713.38335141997,35827.849856533285,35198.284078410055,35541.68359375,4279079,0.0,0.0
2021-10-12 00:00:00+07:00,35484.45368007593,35598.92019595988,34969.35813686972,35312.75390625,5820359,0.0,0.0
2021-10-13 00:00:00+07:00,35312.756280679874,35484.456066050894,34854.89396462897,35026.59375,4283642,0.0,0.0
2021-10-14 00:00:00+07:00,35083.82308694263,35770.62222555737,35026.59360366323,35427.22265625,5030960,0.0,0.0
2021-10-15 00:00:00+07:00,35484.45257526993,36056.781358598695,35369.98606294988,35656.15234375,4828498,0.0,0.0
2021-10-18 00:00:00+07:00,35713.38702942657,37144.21093415648,35369.987478721014,36743.578125,12729417,0.0,0.0
2021-10-19 00:00:00+07:00,36800.81138676353,38117.172552981705,36571.88213121084,37144.2109375,12848900,0.0,0.0
2021-10-20 00:00:00+07:00,37487.60740831283,37487.60740831283,36171.24999584416,36571.8828125,7848359,0.0,0.0
2021-10-21 00:00:00+07:00,36800.80755419356,36915.27405918476,35999.54579752641,36342.9453125,6360990,0.0,0.0
2021-10-22 00:00:00+07:00,36629.11737055397,36629.11737055397,35198.28961004509,35427.22265625,12275145,0.0,0.0
2021-10-25 00:00:00+07:00,35083.81756733897,35369.98383007366,34168.093083130414,34339.7890625,12663845,0.0,0.0
2021-10-26 00:00:00+07:00,34110.85870169427,35312.74940886128,33824.69244843017,35083.81640625,4805852,0.0,0.0
2021-10-27 00:00:00+07:00,35255.52271132405,36228.484375,34969.36018314063,36228.484375,5248970,0.0,0.0
2021-10-28 00:00:00+07:00,36514.64955297774,37716.54044640188,36400.183033933215,36571.8828125,12879827,0.0,0.0
2021-10-29 00:00:00+07:00,36915.28070746222,37086.98049587138,36056.78554368831,36686.34765625,8831263,0.0,0.0
2021-11-01 00:00:00+07:00,37029.739943352586,39147.35891537305,36972.50669181654,38918.4296875,20997066,0.0,0.0
2021-11-02 00:00:00+07:00,39032.89726899602,40177.55477480002,38975.66401587869,39776.92578125,11819859,0.0,0.0
2021-11-03 00:00:00+07:00,40063.09162968151,40063.09162968151,38918.434027845804,39147.36328125,11875291,0.0,0.0
2021-11-04 00:00:00+07:00,39204.59632898174,41780.08158671154,39204.59632898174,41150.51953125,11820873,0.0,0.0
2021-11-05 00:00:00+07:00,41322.21705372621,41551.14629343583,40807.11776326903,41036.05078125,6977502,0.0,0.0
2021-11-08 00:00:00+07:00,41036.05400091435,42295.18192032877,40692.65822527162,41608.3828125,6856160,0.0,0.0
2021-11-09 00:00:00+07:00,41207.75168833211,41780.080470896435,40520.95639360062,41493.91796875,10279762,0.0,0.0
2021-11-10 00:00:00+07:00,41665.616627003576,42352.41196571757,41264.987587033625,41837.31640625,8239763,0.0,0.0
2021-11-11 00:00:00+07:00,41837.313123617685,42237.945910424954,40578.1890644805,40864.3515625,12856843,0.0,0.0
2021-11-12 00:00:00+07:00,40864.35435126579,41551.14968296255,40635.42509288132,41207.75390625,5944912,0.0,0.0
2021-11-15 00:00:00+07:00,41837.31584844292,42924.74399090015,41207.75377787154,41608.3828125,7115744,0.0,0.0
2021-11-16 00:00:00+07:00,41207.74996331396,41722.84546823204,40520.95469733276,40807.1171875,7502078,0.0,0.0
2021-11-17 00:00:00+07:00,41207.752671080474,43096.44261033831,40921.58638383791,41551.1484375,8682881,0.0,0.0
2021-11-18 00:00:00+07:00,42352.41061155049,44298.33382424801,42066.24810022785,43783.23828125,12484536,0.0,0.0
2021-11-19 00:00:00+07:00,44069.40031881401,44069.40031881401,40749.88650829313,42352.41015625,11776933,0.0,0.0
2021-11-22 00:00:00+07:00,42123.480007397906,43039.208326463704,41093.28517616495,41493.91796875,8688796,0.0,0.0
2021-11-23 00:00:00+07:00,41264.98744781614,43039.2109375,40864.354630926115,43039.2109375,7014513,0.0,0.0
2021-11-24 00:00:00+07:00,45214.06432961474,45214.06432961474,43840.47363057851,44298.3359375,12283764,0.0,0.0
2021-11-25 00:00:00+07:00,44298.332423550186,46244.25557471829,43783.23689683931,46129.7890625,9767185,0.0,0.0
2021-11-26 00:00:00+07:00,46015.31976943539,46244.252780036855,44641.72926236903,44985.125,9489687,0.0,0.0
2021-11-29 00:00:00+07:00,43783.23534185997,45442.9921535354,43783.23534185997,45042.359375,6430787,0.0,0.0
2021-11-30 00:00:00+07:00,45557.45926209527,46931.05371368031,44641.73466540083,45671.92578125,9673728,0.0,0.0
2021-12-01 00:00:00+07:00,45442.99439529854,45671.923644626535,44355.566292472366,44756.1953125,4980260,0.0,0.0
2021-12-02 00:00:00+07:00,44813.428569399875,45729.15690152642,44298.33303557249,44756.1953125,4422898,0.0,0.0
2021-12-03 00:00:00+07:00,45214.06181228471,45328.52832721,41951.78125,41951.78125,8993334,0.0,0.0
2021-12-06 00:00:00+07:00,42066.24901543886,42810.27760629964,39090.134651995715,41207.75390625,10029135,0.0,0.0
2021-12-07 00:00:00+07:00,41722.84653640297,42180.712577626735,40921.58474253278,41665.61328125,6326852,0.0,0.0
2021-12-08 00:00:00+07:00,41780.082036155545,42638.57713130063,41493.91952328825,42180.71484375,4367466,0.0,0.0
2021-12-09 00:00:00+07:00,41780.08394981621,43497.07421875,41780.08394981621,43497.07421875,4622994,0.0,0.0
2021-12-10 00:00:00+07:00,43668.772321147204,44069.40135340599,43096.44351294681,43611.5390625,3853368,0.0,0.0
2021-12-13 00:00:00+07:00,43954.93526646221,44527.26785853779,43210.906675035636,44241.1015625,4038930,0.0,0.0
2021-12-14 00:00:00+07:00,44412.8003400857,44641.733371761075,43668.77176541231,43783.23828125,3848636,0.0,0.0
2021-12-15 00:00:00+07:00,43783.24066667291,43954.936671512296,42924.74552938883,43096.4453125,3687579,0.0,0.0
2021-12-16 00:00:00+07:00,43783.23678602882,43783.23678602882,42123.47991960711,42295.1796875,5017609,0.0,0.0
2021-12-17 00:00:00+07:00,42180.71363021608,43153.671435553246,41665.61432098541,42924.7421875,5574126,0.0,0.0
2021-12-20 00:00:00+07:00,42753.045592887465,44641.735643790526,42638.579071224034,43897.70703125,5555536,0.0,0.0
2021-12-21 00:00:00+07:00,43497.07436148762,44183.86971566053,43096.4453125,43096.4453125,3666454,0.0,0.0
2021-12-22 00:00:00+07:00,43382.6045598362,43382.6045598362,41894.547441908326,42123.48046875,5043466,0.0,0.0
2021-12-23 00:00:00+07:00,41894.54821567902,42066.24798898148,39605.22923979424,40349.2578125,8308546,0.0,0.0
2021-12-24 00:00:00+07:00,41207.750544735725,41207.750544735725,40234.78899658796,41036.05078125,2721068,0.0,0.0
2021-12-27 00:00:00+07:00,41722.84889324596,41722.84889324596,40692.65779884178,40978.8203125,2051659,0.0,0.0
2021-12-28 00:00:00+07:00,40864.351115255784,41436.68366157365,40635.421875,40635.421875,3197648,0.0,0.0
2021-12-29 00:00:00+07:00,40635.422886074724,41608.38068248112,40349.25660579551,41093.28515625,2270683,0.0,0.0
2021-12-30 00:00:00+07:00,41264.98485841411,42638.57544501433,41264.98485841411,42295.1796875,2839875,0.0,0.0
2021-12-31 00:00:00+07:00,42524.108330273164,42581.34158542613,41493.917294062485,41665.61328125,1968511,0.0,0.0
2022-01-04 00:00:00+07:00,41894.5484315233,42810.27678224943,41551.148883149144,42581.34375,4418504,0.0,0.0
2022-01-05 00:00:00+07:00,42981.97554113477,43325.37130312579,42123.48046875,42123.48046875,3569786,0.0,0.0
2022-01-06 00:00:00+07:00,41951.78023914717,42466.87576562791,41493.91796875,41493.91796875,4153850,0.0,0.0
2022-01-07 00:00:00+07:00,41264.984375,41837.313149666756,40921.5848432371,41264.984375,3876352,0.0,0.0
2022-01-10 00:00:00+07:00,41207.74841412862,41379.44816873677,38918.4296875,38918.4296875,5607081,0.0,0.0
2022-01-11 00:00:00+07:00,39261.82837975543,40063.09018342391,36629.11372361004,36858.04296875,9043020,0.0,0.0
2022-01-12 00:00:00+07:00,36915.278329038294,38059.93973307779,35713.387444154905,37773.7734375,6898072,0.0,0.0
2022-01-13 00:00:00+07:00,38346.100154691376,38346.100154691376,36056.78125,36056.78125,5021496,0.0,0.0
2022-01-14 00:00:00+07:00,35770.61660397663,36400.17860382863,35541.68359375,35541.68359375,4084898,0.0,0.0
2022-01-17 00:00:00+07:00,35598.9157635882,35598.9157635882,33080.6640625,33080.6640625,12852787,0.0,0.0
2022-01-18 00:00:00+07:00,32393.87329659292,33023.43536408461,30791.349609375,30791.349609375,8241960,0.0,0.0
2022-01-19 00:00:00+07:00,31878.773874594302,32908.96875,31592.611360177783,32908.96875,5553339,0.0,0.0
2022-01-20 00:00:00+07:00,33767.46483480002,34454.26017901397,32794.50318955036,34168.09765625,4247307,0.0,0.0
2022-01-21 00:00:00+07:00,34339.789188866045,34339.789188866045,32908.965426469804,33137.8984375,4051774,0.0,0.0
2022-01-24 00:00:00+07:00,32393.874401610905,32622.80744424328,30848.58203125,30848.58203125,6972601,0.0,0.0
2022-01-25 00:00:00+07:00,30219.018850971115,31363.67835538781,30219.018850971115,31191.98046875,3781374,0.0,0.0
2022-01-26 00:00:00+07:00,31249.210717692207,31707.076770004005,30791.348443651896,31134.74609375,2399630,0.0,0.0
2022-01-27 00:00:00+07:00,31134.746047088345,32279.40550874511,30905.813021275546,31535.376953125,2331016,0.0,0.0
2022-01-28 00:00:00+07:00,31535.379045392805,32222.174390126307,31363.679264641498,32050.474609375,2497819,0.0,0.0
2022-02-07 00:00:00+07:00,32565.569605873676,34282.55584944608,32508.336353260805,33538.52734375,4463289,0.0,0.0
2022-02-08 00:00:00+07:00,33309.600350542525,34568.724436117795,33080.667324702845,34053.62890625,4327920,0.0,0.0
2022-02-09 00:00:00+07:00,34339.79462838273,35198.28977746269,33996.39883571386,34625.9609375,4010707,0.0,0.0
2022-02-10 00:00:00+07:00,34339.79241310608,35427.22053932933,34225.329675115056,34511.4921875,3407546,0.0,0.0
2022-02-11 00:00:00+07:00,34454.260035284526,35369.98841650699,34053.630993777544,34969.359375,4087771,0.0,0.0
2022-02-14 00:00:00+07:00,34168.095913126956,34568.724935866674,32565.572265625,32565.572265625,5592209,0.0,0.0
2022-02-15 00:00:00+07:00,33023.43304842262,33366.83257657738,32336.63777038449,33195.1328125,3667806,0.0,0.0
2022-02-16 00:00:00+07:00,33481.29413475061,34339.789146790725,33366.831407647005,33939.16015625,1920515,0.0,0.0
2022-02-17 00:00:00+07:00,34225.32810099289,34225.32810099289,33538.52903500508,33824.6953125,2632512,0.0,0.0
2022-02-18 00:00:00+07:00,33424.06999575117,34854.893984793816,33424.06999575117,34625.9609375,5160583,0.0,0.0
2022-02-21 00:00:00+07:00,34854.89271617646,35885.083834958954,34797.65945643613,35770.62109375,4942742,0.0,0.0
2022-02-22 00:00:00+07:00,34969.358258140455,35484.45380313297,34168.09642244566,34912.125,6287306,0.0,0.0
2022-02-23 00:00:00+07:00,35083.81640625,35656.1489127782,34912.120432562646,35083.81640625,3748757,0.0,0.0
2022-02-24 00:00:00+07:00,34854.893984793816,35770.622395697224,33195.13694845735,34625.9609375,6574944,0.0,0.0
2022-02-25 00:00:00+07:00,35369.98606294988,36400.180895558835,34969.357048101185,35656.15234375,7917987,0.0,0.0
2022-02-28 00:00:00+07:00,35656.15346079696,36228.48226205582,35484.45368693782,35713.38671875,3645667,0.0,0.0
2022-03-01 00:00:00+07:00,35942.31254503081,36915.27405918476,35484.450303337246,36342.9453125,5854497,0.0,0.0
2022-03-02 00:00:00+07:00,35885.079247576105,36629.11152908672,35369.983754032284,35942.3125,6141628,0.0,0.0
2022-03-03 00:00:00+07:00,36056.7801292086,36171.2466376258,35541.68461960253,35999.546875,3264234,0.0,0.0
2022-03-04 00:00:00+07:00,36285.7120600044,37086.973816671554,36171.2455550132,36342.9453125,4979584,0.0,0.0
2022-03-07 00:00:00+07:00,35713.388945706196,36342.951044175294,35541.68916114049,35827.85546875,5419153,0.0,0.0
2022-03-08 00:00:00+07:00,35484.455899618595,37086.97966568818,35198.28959200909,35827.85546875,9199683,0.0,0.0
2022-03-09 00:00:00+07:00,36171.252223904616,36571.88506523846,35713.389897795,36285.71875,4410730,0.0,0.0
2022-03-10 00:00:00+07:00,37201.44374418833,37602.072770244085,36114.015625,36114.015625,5656260,0.0,0.0
2022-03-11 00:00:00+07:00,36114.01517424205,36114.01517424205,35255.52009681324,35484.453125,5929702,0.0,0.0
2022-03-14 00:00:00+07:00,35198.2829330353,35198.2829330353,33137.8972428556,33481.29296875,8192274,0.0,0.0
2022-03-15 00:00:00+07:00,33080.66852833068,33824.69711110936,33080.66852833068,33309.6015625,3304625,0.0,0.0
2022-03-16 00:00:00+07:00,33481.295209700096,34110.861009474575,33366.83247892155,33595.76171875,1539967,0.0,0.0
2022-03-17 00:00:00+07:00,34053.63001872783,34511.49230709334,33710.23046875,33710.23046875,2632174,0.0,0.0
2022-03-18 00:00:00+07:00,33767.45922222125,33996.39222499825,33481.29296875,33481.29296875,4427630,0.0,0.0
2022-03-21 00:00:00+07:00,33881.92913687024,34053.62890625,33424.066863462365,34053.62890625,2143933,0.0,0.0
2022-03-22 00:00:00+07:00,34282.557602267705,34454.2573688851,33767.46208068696,34225.328125,2542097,0.0,0.0
2022-03-23 00:00:00+07:00,34740.42362221233,34740.42362221233,33767.462057001016,33824.6953125,3685213,0.0,0.0
2022-03-24 00:00:00+07:00,33824.6924729155,33996.39222499825,33195.130493549856,33481.29296875,3810104,0.0,0.0
2022-03-25 00:00:00+07:00,33481.294723726714,33538.52797742094,32851.73271136155,32966.19921875,6018427,0.0,0.0
2022-03-28 00:00:00+07:00,32622.80495331512,32966.200712771795,31306.44383696203,32336.638671875,7748649,0.0,0.0
2022-03-29 00:00:00+07:00,32680.035715849484,33195.13504268814,32622.806235583477,32908.96875,2267810,0.0,0.0
2022-03-30 00:00:00+07:00,32622.806790499344,33481.29812662352,32622.806790499344,32737.26953125,2866577,0.0,0.0
2022-03-31 00:00:00+07:00,32851.73162003722,32908.964871830176,32107.703125,32107.703125,3172467,0.0,0.0
2022-04-01 00:00:00+07:00,32050.47365020719,32908.96875,31764.31113579067,32908.96875,3156243,0.0,0.0
2022-04-04 00:00:00+07:00,33309.59705160495,34797.654015644745,33309.59705160495,33881.92578125,7201427,0.0,0.0
2022-04-05 00:00:00+07:00,34053.625475692505,34454.25445228115,33481.29296875,33481.29296875,2468582,0.0,0.0
2022-04-06 00:00:00+07:00,33195.135045415336,33881.93036965169,32966.202011246016,33309.6015625,3465851,0.0,0.0
2022-04-07 00:00:00+07:00,33366.835385872866,33996.39746222405,32680.036271738827,32737.26953125,3509960,0.0,0.0
2022-04-08 00:00:00+07:00,32737.269954108502,33195.136036111995,32050.474609375,32050.474609375,3637217,0.0,0.0
2022-04-12 00:00:00+07:00,32050.473158217745,32222.17293119496,30562.416015625,30562.416015625,3762784,0.0,0.0
2022-04-13 00:00:00+07:00,30676.88330584169,31478.14515503702,30047.319344824886,30905.814453125,3401800,0.0,0.0
2022-04-14 00:00:00+07:00,31249.21304481908,31764.31239202927,30447.951171875,30447.951171875,2281668,0.0,0.0
2022-04-15 00:00:00+07:00,30333.48220992526,30619.646583950933,28616.4921875,28616.4921875,5225986,0.0,0.0
2022-04-18 00:00:00+07:00,27929.699088416557,27929.699088416557,26613.33984375,26613.33984375,6238634,0.0,0.0
2022-04-19 00:00:00+07:00,27013.969687933044,27529.067091891036,25525.91261998294,25754.84375,4179031,0.0,0.0
2022-04-20 00:00:00+07:00,26041.011122169348,26241.327536907833,24896.3515625,24896.3515625,4323019,0.0,0.0
2022-04-21 00:00:00+07:00,24381.25319162627,26441.639029186867,24381.25319162627,25754.84375,5296966,0.0,0.0
2022-04-22 00:00:00+07:00,26098.24286445386,26498.873781475882,24667.418970433417,25525.9140625,2836157,0.0,0.0
2022-04-25 00:00:00+07:00,25211.129904436053,25754.843939794922,23751.689453125,23751.689453125,4068674,0.0,0.0
2022-04-26 00:00:00+07:00,23351.06013796738,24266.788505101427,22091.934105442022,24037.85546875,6509372,0.0,0.0
2022-04-27 00:00:00+07:00,23980.621141000633,24238.17079541866,23351.059097361387,23579.990234375,2059264,0.0,0.0
2022-04-28 00:00:00+07:00,23522.757248842274,24009.236117673274,22893.193359375,22893.193359375,2628118,0.0,0.0
2022-04-29 00:00:00+07:00,22835.96322474049,24152.322546872125,22549.798811802615,24066.47265625,5266208,0.0,0.0
2022-05-04 00:00:00+07:00,24066.472803510253,24409.870478964094,23465.52734375,23465.52734375,2211195,0.0,0.0
2022-05-05 00:00:00+07:00,23923.387540720618,23923.387540720618,22578.411805033065,22864.576171875,2605810,0.0,0.0
2022-05-06 00:00:00+07:00,22206.400225726135,22435.331368839772,21290.671875,21290.671875,7349809,0.0,0.0
2022-05-09 00:00:00+07:00,20146.010915505623,20460.79192281197,19802.61328125,19802.61328125,5024538,0.0,0.0
2022-05-10 00:00:00+07:00,18543.48810223888,20317.711487291508,18543.48810223888,20146.01171875,5970093,0.0,0.0
2022-05-11 00:00:00+07:00,20231.86193845535,20289.095195584752,19459.216745479953,19859.84765625,1996734,0.0,0.0
2022-05-12 00:00:00+07:00,19516.45074882228,19745.381896957326,18486.255859375,18486.255859375,5281249,0.0,0.0
2022-05-13 00:00:00+07:00,18486.25427567123,18543.48753008582,17198.51171875,17198.51171875,10173799,0.0,0.0
2022-05-16 00:00:00+07:00,18343.17054417034,18400.403796727,17770.841796875,17770.841796875,6477769,0.0,0.0
2022-05-17 00:00:00+07:00,17913.92724389042,19001.353515625,17799.460723980716,19001.353515625,3719182,0.0,0.0
2022-05-18 00:00:00+07:00,19745.380280317822,20317.7109375,19630.91377105425,20317.7109375,10957114,0.0,0.0
2022-05-19 00:00:00+07:00,19745.382496951977,21462.372772113686,19573.682713781447,21347.90625,9076144,0.0,0.0
2022-05-20 00:00:00+07:00,21634.068396226416,21920.23467148507,20804.18997624772,21233.4375,11037896,0.0,0.0
2022-05-23 00:00:00+07:00,21233.43704192438,21233.43704192438,19773.996626133012,20203.244140625,10609312,0.0,0.0
2022-05-24 00:00:00+07:00,19917.080238097984,21033.123046875,18944.118678157593,21033.123046875,8705527,0.0,0.0
2022-05-25 00:00:00+07:00,21033.124522793798,22320.8671875,20890.041374781165,22320.8671875,10551176,0.0,0.0
2022-05-26 00:00:00+07:00,22091.93243864247,22893.194227146934,21920.23456346905,22435.330078125,9312744,0.0,0.0
2022-05-27 00:00:00+07:00,22149.167072470387,22835.962394196904,21948.85255744007,22607.03125,7459152,0.0,0.0
2022-05-30 00:00:00+07:00,22664.261691772157,23007.659309960287,22263.63082236341,22463.9453125,6882017,0.0,0.0
2022-05-31 00:00:00+07:00,22263.633928294945,22692.881483197012,21948.852891802984,22320.8671875,9012938,0.0,0.0
2022-06-01 00:00:00+07:00,22091.931068701564,22721.494942992773,21548.21896037685,22463.9453125,7935732,0.0,0.0
2022-06-02 00:00:00+07:00,22492.563332894704,23351.05837616887,22406.71345074015,22435.330078125,8919819,0.0,0.0
2022-06-03 00:00:00+07:00,22435.331472913927,22893.195650400958,21977.467295426894,22406.71484375,7602971,0.0,0.0
2022-06-06 00:00:00+07:00,22263.632486640792,23293.825418215376,22177.782603392316,22549.796875,8102704,0.0,0.0
2022-06-07 00:00:00+07:00,22206.400328738313,22492.564731241782,21347.905232092104,22406.71484375,7887398,0.0,0.0
2022-06-08 00:00:00+07:00,22607.03002861732,23952.005859375,22463.946890514682,23952.005859375,11524954,0.0,0.0
2022-06-09 00:00:00+07:00,24037.853840039075,24495.717992583017,23665.83957031007,23751.689453125,5345131,0.0,0.0
2022-06-10 00:00:00+07:00,23351.060185783463,23837.54099989058,22320.8671875,22320.8671875,8070763,0.0,0.0
2022-06-13 00:00:00+07:00,21176.205131753817,21691.30255965466,20775.57421875,20775.57421875,11520729,0.0,0.0
2022-06-14 00:00:00+07:00,20203.24558859759,20775.574389515445,19487.833642882375,19573.681640625,5624150,0.0,0.0
2022-06-15 00:00:00+07:00,19573.680934024866,19802.61395743627,18228.70697802574,18429.021484375,8656010,0.0,0.0
2022-06-16 00:00:00+07:00,19401.984890381187,19401.984890381187,17456.06345304373,18314.55859375,5409858,0.0,0.0
2022-06-17 00:00:00+07:00,17456.063540280385,17856.69448200307,17169.897232524243,17713.611328125,9057723,0.0,0.0
2022-06-20 00:00:00+07:00,18028.38990257646,18257.32291735336,16483.099609375,16483.099609375,8471969,0.0,0.0
2022-06-21 00:00:00+07:00,16196.93488755114,17627.758643109013,16168.318261309134,17570.525390625,10087947,0.0,0.0
2022-06-22 00:00:00+07:00,18085.62460095425,18772.419921875,18028.39134268822,18772.419921875,5788249,0.0,0.0
2022-06-23 00:00:00+07:00,18600.723322487258,19344.751953125,18142.859113832663,19344.751953125,6496021,0.0,0.0
2022-06-24 00:00:00+07:00,19001.353172651852,19716.76513090263,18886.886654808266,19287.517578125,6916155,0.0,0.0
2022-06-27 00:00:00+07:00,19545.067325997858,20603.876953125,19487.834066833824,20603.876953125,5450418,0.0,0.0
2022-06-28 00:00:00+07:00,20489.4090756801,20603.875586415303,20031.544921875,20031.544921875,5349863,0.0,0.0
2022-06-29 00:00:00+07:00,19831.2301622655,20890.0397055465,19745.380280317822,20317.7109375,5592885,0.0,0.0
2022-06-30 00:00:00+07:00,20374.94450020187,20546.644282613095,18915.50390625,18915.50390625,5414759,0.0,0.0
2022-07-01 00:00:00+07:00,19001.35200437067,20231.861328125,18600.72110568637,20231.861328125,7251789,0.0,0.0
2022-07-04 00:00:00+07:00,20890.04018156405,21634.068730459952,20775.573669692152,20947.2734375,6486388,0.0,0.0
2022-07-05 00:00:00+07:00,20775.57421875,21433.754790272127,20575.259706815978,20775.57421875,6373327,0.0,0.0
2022-07-06 00:00:00+07:00,20317.711765716605,21233.438209746153,20060.162109375,20060.162109375,7094788,0.0,0.0
2022-07-07 00:00:00+07:00,20088.778138836613,20432.17578125,19831.2303793105,20432.17578125,3831060,0.0,0.0
2022-07-08 00:00:00+07:00,20603.875472702362,21634.068396226416,20546.64221765063,21233.4375,7104759,0.0,0.0
2022-07-11 00:00:00+07:00,20947.273189437932,21347.904087109502,19831.2303793105,20432.17578125,6844330,0.0,0.0
2022-07-12 00:00:00+07:00,20546.642545260605,21262.054466542868,20174.628270628404,21147.58984375,5685159,0.0,0.0
2022-07-13 00:00:00+07:00,21204.822330014285,21634.069883271437,20775.574776757134,20804.19140625,5590181,0.0,0.0
2022-07-14 00:00:00+07:00,20718.34374667403,22235.017578125,20718.34374667403,22235.017578125,10153519,0.0,0.0
2022-07-15 00:00:00+07:00,22607.03224384189,22607.03224384189,21748.537109375,21748.537109375,7338993,0.0,0.0
2022-07-18 00:00:00+07:00,22034.70061361667,22463.948163105917,21691.302951852434,22006.083984375,6358793,0.0,0.0
2022-07-19 00:00:00+07:00,21920.236891922734,22206.40130703307,21176.20639001844,21748.537109375,10985675,0.0,0.0
2022-07-20 00:00:00+07:00,22149.164346286892,23122.12583992437,22034.697843709404,22664.26171875,10608298,0.0,0.0
2022-07-21 00:00:00+07:00,22320.86746801148,22807.346399096456,22149.167688238525,22235.017578125,5590012,0.0,0.0
2022-07-22 00:00:00+07:00,22235.01793745769,22435.332461294158,21748.537109375,21748.537109375,5982261,0.0,0.0
2022-07-25 00:00:00+07:00,21462.371536637114,22578.414395593114,21233.43850558822,22091.93359375,8964773,0.0,0.0
2022-07-26 00:00:00+07:00,22091.933362840315,22235.016505750336,21576.8359375,21576.8359375,3605107,0.0,0.0
2022-07-27 00:00:00+07:00,21462.37316922945,22149.168536347468,21376.523276055716,21977.46875,4300373,0.0,0.0
2022-07-28 00:00:00+07:00,22320.866068836673,22893.19485393192,22235.016184331664,22263.6328125,9635196,0.0,0.0
2022-07-29 00:00:00+07:00,22378.09756011538,23351.059144962026,22378.09756011538,23179.359375,13589458,0.0,0.0
2022-08-01 00:00:00+07:00,23293.826288618096,24610.185546875,23293.826288618096,24610.185546875,10977732,0.0,0.0
2022-08-02 00:00:00+07:00,24438.486328125,24953.583769407658,24152.321922583887,24438.486328125,9973365,0.0,0.0
2022-08-03 00:00:00+07:00,24209.555924630073,25182.517578125,24152.322663937914,25182.517578125,11444172,0.0,0.0
2022-08-04 00:00:00+07:00,25182.517022088734,25354.214911238196,24638.802946654454,24953.583984375,8546498,0.0,0.0
2022-08-05 00:00:00+07:00,24839.116474080216,26012.392578125,24724.651848927973,26012.392578125,12334802,0.0,0.0
2022-08-08 00:00:00+07:00,25983.77812375436,26327.17578125,25897.9282370965,26327.17578125,8365330,0.0,0.0
2022-08-09 00:00:00+07:00,26327.17539812819,27157.05384547257,26069.625741902568,27013.970703125,7987108,0.0,0.0
2022-08-10 00:00:00+07:00,26727.80789366767,27529.06976009163,26699.191263499964,27300.13671875,7799180,0.0,0.0
2022-08-11 00:00:00+07:00,27586.301543890106,27901.08256975055,25525.91372777558,25812.078125,24225135,0.0,0.0
2022-08-12 00:00:00+07:00,25754.844670842165,27414.6015625,25640.37815717314,27414.6015625,10062259,0.0,0.0
2022-08-15 00:00:00+07:00,27757.998148726154,27757.998148726154,26498.872214112704,26556.10546875,11997647,0.0,0.0
2022-08-16 00:00:00+07:00,26327.17490470482,26870.88705716382,26327.17490470482,26785.0390625,12832169,0.0,0.0
2022-08-17 00:00:00+07:00,28421.902904181457,28421.902904181457,27045.450210835657,27157.0546875,9723739,0.0,0.0
2022-08-18 00:00:00+07:00,27082.650462781876,27975.484366832352,26785.03979114364,27529.068359375,5806189,0.0,0.0
2022-08-19 00:00:00+07:00,27640.67145170966,27640.67145170966,26971.044640295982,27380.259765625,9703979,0.0,0.0
2022-08-22 00:00:00+07:00,27194.255486792637,27417.46443960244,26487.427765940196,26710.63671875,5596889,0.0,0.0
2022-08-23 00:00:00+07:00,26189.817261556913,28496.306640625,26189.817261556913,28496.306640625,9307999,0.0,0.0
2022-08-24 00:00:00+07:00,28496.306266942123,28831.11780484563,28161.492839902818,28459.103515625,4689359,0.0,0.0
2022-08-25 00:00:00+07:00,28607.908203125,28905.518852428566,28459.10098933758,28607.908203125,4467059,0.0,0.0
2022-08-26 00:00:00+07:00,28645.10987694737,28645.10987694737,27677.872405489758,27826.677734375,7673119,0.0,0.0
2022-08-29 00:00:00+07:00,27157.05477514072,28273.09765625,26413.024298598713,28273.09765625,10362429,0.0,0.0
2022-08-30 00:00:00+07:00,28533.507378885348,28607.91099303507,27603.470703125,27603.470703125,5671899,0.0,0.0
2022-08-31 00:00:00+07:00,27529.068978111096,27975.48499560198,27194.255548141075,27603.470703125,5158659,0.0,0.0
2022-09-05 00:00:00+07:00,27603.468796479294,28310.296470103807,27305.858138708805,27826.677734375,6415109,0.0,0.0
2022-09-06 00:00:00+07:00,28124.29001476525,28570.70599719058,27789.476611094502,28012.685546875,8328189,0.0,0.0
2022-09-07 00:00:00+07:00,27975.483793718617,29165.93023415528,27938.28293280989,28124.291015625,15307369,0.0,0.0
2022-09-08 00:00:00+07:00,28421.901511453263,28496.305121962174,27231.455078125,27231.455078125,8047649,0.0,0.0
2022-09-09 00:00:00+07:00,27454.664746897557,27603.470082716674,25743.398662138272,27529.068359375,10968099,0.0,0.0
2022-09-12 00:00:00+07:00,27529.06619163095,27901.080446452805,26636.23046875,26636.23046875,5901999,0.0,0.0
2022-09-13 00:00:00+07:00,26747.836270259788,27008.24607272992,26078.211333784548,26561.830078125,6483229,0.0,0.0
2022-09-14 00:00:00+07:00,26041.008031933325,27677.87231152075,25892.20270355329,27380.259765625,9227529,0.0,0.0
2022-09-15 00:00:00+07:00,27380.260707275254,27529.067929908684,26822.240234375,26822.240234375,3911569,0.0,0.0
2022-09-16 00:00:00+07:00,26747.83483421763,26785.037581955814,25743.39653886336,25966.60546875,6562139,0.0,0.0
2022-09-19 00:00:00+07:00,25929.404416552734,25929.404416552734,24180.9375,24180.9375,9276799,0.0,0.0
2022-09-20 00:00:00+07:00,24329.743524176985,24887.765901229406,23362.505996709988,24701.7578125,9518729,0.0,0.0
2022-09-21 00:00:00+07:00,24404.14644448242,24738.959861206054,24032.132166723633,24180.9375,3675099,0.0,0.0
2022-09-22 00:00:00+07:00,23883.326924490353,25148.17509586468,23883.326924490353,25073.771484375,8376289,0.0,0.0
2022-09-23 00:00:00+07:00,25036.571235512136,25185.37657299505,24255.341796875,24255.341796875,4775939,0.0,0.0
2022-09-26 00:00:00+07:00,23436.910768567184,23771.724211349203,22581.277674214838,22841.6875,10441079,0.0,0.0
2022-09-27 00:00:00+07:00,23064.895180340012,23622.915664836502,22692.88089429709,22916.08984375,4921149,0.0,0.0
2022-09-28 00:00:00+07:00,22767.282618024205,23474.11032824649,22767.282618024205,22916.08984375,6945249,0.0,0.0
2022-09-29 00:00:00+07:00,23436.90781091839,23474.108670154266,21428.029296875,21428.029296875,6168759,0.0,0.0
2022-09-30 00:00:00+07:00,21204.820461461943,22060.453451802077,20088.777676992508,21874.447265625,8746269,0.0,0.0
2022-10-03 00:00:00+07:00,21576.83475357214,21614.037502168878,20349.1875,20349.1875,7398169,0.0,0.0
2022-10-04 00:00:00+07:00,20684.001059332695,20832.806387440545,19047.138671875,19047.138671875,6885189,0.0,0.0
2022-10-05 00:00:00+07:00,19642.359835425577,20349.1875,19344.749181465642,20349.1875,6155629,0.0,0.0
2022-10-06 00:00:00+07:00,20163.18456064809,20460.795262535397,18935.537109375,18935.537109375,5946199,0.0,0.0
2022-10-07 00:00:00+07:00,18228.707681226377,18749.527306961594,17633.484442185072,18079.90234375,10236069,0.0,0.0
2022-10-10 00:00:00+07:00,18079.903658868025,19344.751953125,18079.903658868025,19344.751953125,9876749,0.0,0.0
2022-10-11 00:00:00+07:00,19344.750513876337,19679.563939493997,18005.4987005415,18303.109375,9046699,0.0,0.0
2022-10-12 00:00:00+07:00,18675.12506863403,19567.9609375,18414.715236593438,19567.9609375,7808579,0.0,0.0
2022-10-13 00:00:00+07:00,19419.15496210878,19939.974609375,19307.55048210375,19939.974609375,6531979,0.0,0.0
2022-10-14 00:00:00+07:00,20535.197265625,20981.61517244079,20311.9883122171,20535.197265625,9935639,0.0,0.0
2022-10-17 00:00:00+07:00,20200.383567887486,21167.62109375,19791.168418151727,21167.62109375,10110099,0.0,0.0
2022-10-18 00:00:00+07:00,21576.83617283552,21576.83617283552,20609.598650140084,20721.203125,9036949,0.0,0.0
2022-10-19 00:00:00+07:00,20795.605735091624,21018.81467404729,20572.396796135952,20609.59765625,5654999,0.0,0.0
2022-10-20 00:00:00+07:00,20497.994346995463,20721.201388878155,20014.375626167646,20088.77734375,6556445,0.0,0.0
2022-10-21 00:00:00+07:00,20125.979690979933,20200.383303200517,18712.326171875,18712.326171875,11182469,0.0,0.0
2022-10-24 00:00:00+07:00,18600.71977514479,18898.3304149882,17410.2734375,17410.2734375,10798709,0.0,0.0
2022-10-25 00:00:00+07:00,17782.289711909416,18600.721898614887,16368.634288430492,17633.484375,9879739,0.0,0.0
2022-10-26 00:00:00+07:00,18117.101677294435,18154.302536240943,17038.259765625,17038.259765625,4334589,0.0,0.0
2022-10-27 00:00:00+07:00,17484.678481261955,18228.70703125,17075.46145637352,18228.70703125,7284289,0.0,0.0
2022-10-28 00:00:00+07:00,18786.72817228753,19121.541598518983,18526.318359375,18526.318359375,9533679,0.0,0.0
2022-10-31 00:00:00+07:00,18526.31721954234,19605.159156044014,18079.901234501966,19493.5546875,13815749,0.0,0.0
2022-11-01 00:00:00+07:00,19865.568685646886,20237.582946076313,19642.3597515621,19679.5625,7865129,0.0,0.0
2022-11-02 00:00:00+07:00,19716.76299087818,20014.375527141976,19344.748737400147,19419.15234375,7930909,0.0,0.0
2022-11-03 00:00:00+07:00,19121.539303859885,20237.58203489946,19047.137588605252,20014.375,10044189,0.0,0.0
2022-11-04 00:00:00+07:00,19716.765888501184,19939.97485121845,18637.923828125,18637.923828125,14088619,0.0,0.0
2022-11-07 00:00:00+07:00,18675.122848715695,18898.331789399264,17335.87109375,17335.87109375,11960779,0.0,0.0
2022-11-08 00:00:00+07:00,16591.842671678583,18042.698907547834,16517.44095033291,18005.498046875,9755199,0.0,0.0
2022-11-09 00:00:00+07:00,18228.708288817303,18600.72258947595,17335.872455927853,17484.6796875,6698639,0.0,0.0
2022-11-10 00:00:00+07:00,17112.665627028073,17298.67183540018,16294.2333984375,16294.2333984375,6439419,0.0,0.0
2022-11-11 00:00:00+07:00,16740.648263262035,16815.051874897916,15178.1884765625,15178.1884765625,15727139,0.0,0.0
2022-11-14 00:00:00+07:00,14210.951497952037,14620.167598852604,14136.548828125,14136.548828125,5382649,0.0,0.0
2022-11-15 00:00:00+07:00,13169.310546875,13355.317683277472,13169.310546875,13169.310546875,3797819,0.0,0.0
2022-11-16 00:00:00+07:00,12276.475847157508,14062.1455078125,12276.475847157508,14062.1455078125,22383269,0.0,0.0
2022-11-17 00:00:00+07:00,14285.352593979136,14806.17311452605,14024.942805989584,14508.5615234375,9502999,0.0,0.0
2022-11-18 00:00:00+07:00,14322.555681512227,15066.58425367352,13504.123496480493,14434.16015625,13335399,0.0,0.0
2022-11-21 00:00:00+07:00,14582.96511707764,14694.56958893956,13838.936564088659,14062.1455078125,8049729,0.0,0.0
2022-11-22 00:00:00+07:00,13801.734582271987,15029.3828125,13801.734582271987,15029.3828125,16411459,0.0,0.0
2022-11-23 00:00:00+07:00,14731.772410423318,15587.405494284723,14285.3544921875,14285.3544921875,6437209,0.0,0.0
2022-11-24 00:00:00+07:00,14210.94993234895,14657.36684669787,13466.921426911482,14508.5615234375,7216429,0.0,0.0
2022-11-25 00:00:00+07:00,14880.576919266672,15513.001953125,14471.360832013386,15513.001953125,11302719,0.0,0.0
2022-11-28 00:00:00+07:00,16257.030314777434,16591.84375,16145.427725505759,16591.84375,8642269,0.0,0.0
2022-11-29 00:00:00+07:00,17038.26174524082,17745.089482162108,16480.239350530366,17261.470703125,19708129,0.0,0.0
2022-11-30 00:00:00+07:00,17112.664497741487,18451.91628835808,16815.05193919571,18265.908203125,11834549,0.0,0.0
2022-12-01 00:00:00+07:00,18600.72291702361,19195.94618638615,17373.075514318338,17521.880859375,13678469,0.0,0.0
2022-12-02 00:00:00+07:00,17484.678849617874,18712.326171875,17149.865428328903,18712.326171875,11604189,0.0,0.0
2022-12-05 00:00:00+07:00,19493.55354753974,20014.375,19158.7401614872,20014.375,14826629,0.0,0.0
2022-12-06 00:00:00+07:00,19642.362271216796,20088.78019665133,18637.923828125,18637.923828125,20015839,0.0,0.0
2022-12-07 00:00:00+07:00,18600.723652899804,19270.348676714228,17745.090523553834,18935.537109375,11114869,0.0,0.0
2022-12-08 00:00:00+07:00,19493.555425343413,20237.583984375,19381.950952575102,20237.583984375,14597569,0.0,0.0
2022-12-09 00:00:00+07:00,20311.985577361796,20460.790896552942,19493.553488107143,19791.166015625,10265969,0.0,0.0
2022-12-12 00:00:00+07:00,19791.167383392687,20497.995059818953,18414.712890625,18414.712890625,17268549,0.0,0.0
2022-12-13 00:00:00+07:00,18600.720578013967,19679.5625,18042.698242802,19679.5625,10303019,0.0,0.0
2022-12-14 00:00:00+07:00,20088.778914901843,20311.987863377428,19493.555682012207,19605.16015625,7530639,0.0,0.0
2022-12-15 00:00:00+07:00,19605.161193050546,20311.988937557897,19456.35584924265,20163.18359375,9095969,0.0,0.0
2022-12-16 00:00:00+07:00,20014.37766362096,20795.607112578207,19865.570435036494,20758.40625,12147459,0.0,0.0
2022-12-19 00:00:00+07:00,20832.805854387316,21800.04329604295,20088.77734375,20088.77734375,12530569,0.0,0.0
2022-12-20 00:00:00+07:00,20088.779876803845,20311.988835967244,18823.931627059068,19270.34765625,13355419,0.0,0.0
2022-12-21 00:00:00+07:00,19939.973859013193,19939.973859013193,17931.095183654714,18972.736328125,13384799,0.0,0.0
2022-12-22 00:00:00+07:00,19158.740611737812,19419.152288655674,18228.705925249156,19195.943359375,5340529,0.0,0.0
2022-12-23 00:00:00+07:00,19195.943850681106,19195.943850681106,18377.51171875,18377.51171875,4567159,0.0,0.0
2022-12-26 00:00:00+07:00,18563.520289528384,18563.520289528384,17112.6640625,17112.6640625,7930389,0.0,0.0
2022-12-27 00:00:00+07:00,16740.647670233306,17745.087890625,16443.037012504003,17745.087890625,8803469,0.0,0.0
2022-12-28 00:00:00+07:00,17856.69302304185,18377.51263798758,17633.484076883462,18042.69921875,4800509,0.0,0.0
2022-12-29 00:00:00+07:00,17782.28736029325,18005.496280707033,17373.072265625,17373.072265625,3336579,0.0,0.0
2022-12-30 00:00:00+07:00,17521.880836866203,17745.089798732406,17298.671875,17298.671875,3007159,0.0,0.0
2023-01-03 00:00:00+07:00,17298.670729157853,18489.1171875,17298.670729157853,18489.1171875,6012629,0.0,0.0
2023-01-04 00:00:00+07:00,18823.930957202072,19047.139908422494,18526.318392529578,18749.52734375,6124299,0.0,0.0
2023-01-05 00:00:00+07:00,18786.726412615288,19493.554060964234,18637.9210890512,19419.15234375,7872019,0.0,0.0
2023-01-06 00:00:00+07:00,19493.554656198547,19791.16720154992,18972.735063253236,19047.138671875,6677189,0.0,0.0
2023-01-09 00:00:00+07:00,19307.550099281736,19530.7590548661,19047.14028081192,19233.146484375,6557719,0.0,0.0
2023-01-10 00:00:00+07:00,19233.14748667526,19716.76628593235,18712.32782259407,19567.9609375,6769489,0.0,0.0
2023-01-11 00:00:00+07:00,19939.97237852117,20609.597294498857,19605.1589759645,20349.1875,10491779,0.0,0.0
2023-01-12 00:00:00+07:00,20460.794572355506,20460.794572355506,19828.37043532582,19977.17578125,6366749,0.0,0.0
2023-01-13 00:00:00+07:00,20311.987366723242,21018.815056567826,20311.987366723242,20646.80078125,10136359,0.0,0.0
2023-01-16 00:00:00+07:00,20795.60677236082,21353.62914758373,20349.18887218249,20944.412109375,6008859,0.0,0.0
2023-01-17 00:00:00+07:00,21204.8217611288,22246.462890625,21093.217286927927,22246.462890625,6624929,0.0,0.0
2023-01-18 00:00:00+07:00,22023.252641880586,22320.865185222574,21651.23837955485,22097.65625,12713869,0.0,0.0
2023-01-19 00:00:00+07:00,21800.045662215514,22916.09043844239,21800.045662215514,22320.8671875,4983029,0.0,0.0
2023-01-27 00:00:00+07:00,22544.07521015441,22767.284174870536,21911.65106954932,21986.0546875,7080319,0.0,0.0
2023-01-30 00:00:00+07:00,21800.044921875,22469.671764870258,21576.835974209913,21800.044921875,11575979,0.0,0.0
2023-01-31 00:00:00+07:00,21800.044993821517,22246.462890625,21316.42623532967,22246.462890625,8106409,0.0,0.0
2023-02-01 00:00:00+07:00,22358.067496854947,22655.678170390875,20721.203125,20721.203125,12778609,0.0,0.0
2023-02-02 00:00:00+07:00,20758.40552640901,20981.61447236933,20125.979549809523,20460.79296875,6237529,0.0,0.0
2023-02-03 00:00:00+07:00,20609.59826389079,20944.411682195732,20051.57778918498,20237.583984375,4468489,0.0,0.0
2023-02-06 00:00:00+07:00,20237.584358340933,20311.98797127328,19716.76473522186,20274.787109375,5243809,0.0,0.0
2023-02-07 00:00:00+07:00,20497.99568025823,21167.620627732358,20088.778650395834,20237.583984375,7632689,0.0,0.0
2023-02-08 00:00:00+07:00,20497.99512059724,21130.419189593307,19902.771911796324,20832.806640625,6158099,0.0,0.0
2023-02-09 00:00:00+07:00,20832.807209427418,21056.016154964047,20237.583984375,20237.583984375,4694559,0.0,0.0
2023-02-10 00:00:00+07:00,20237.58197319844,20646.798962393546,19791.166015625,19791.166015625,7082529,0.0,0.0
2023-02-13 00:00:00+07:00,19419.15283722889,19716.76349191994,18414.712627091343,18600.720703125,10293009,0.0,0.0
2023-02-14 00:00:00+07:00,18823.929999110296,19307.54873909427,18675.12277978007,18861.130859375,3163939,0.0,0.0
2023-02-15 00:00:00+07:00,18935.533625314994,19567.957667314087,18823.929160358024,19419.15234375,4764499,0.0,0.0
2023-02-16 00:00:00+07:00,19716.763088431344,20088.77734375,19456.353298621845,20088.77734375,5742099,0.0,0.0
2023-02-17 00:00:00+07:00,20088.777030085326,20163.180635641576,19716.76278057527,20051.576171875,4925959,0.0,0.0
2023-02-20 00:00:00+07:00,20088.777583891293,21428.029296875,20088.777583891293,21428.029296875,8457929,0.0,0.0
2023-02-21 00:00:00+07:00,21576.835927094606,21651.23953919909,21130.419921875,21130.419921875,7006219,0.0,0.0
2023-02-22 00:00:00+07:00,20721.201388878155,21316.424575215133,20088.77734375,20088.77734375,9855429,0.0,0.0
2023-02-23 00:00:00+07:00,20088.77682891733,20684.0,19456.352799996857,20684.0,6542639,0.0,0.0
2023-02-24 00:00:00+07:00,20684.002474414458,20721.203336702572,19567.95960354877,19642.361328125,4281029,0.0,0.0
2023-02-27 00:00:00+07:00,19195.94524619084,19419.154197411262,18749.52734375,18749.52734375,4677139,0.0,0.0
2023-02-28 00:00:00+07:00,19195.944626675828,19344.74995964175,18898.332071608253,19121.541015625,3288219,0.0,0.0
2023-03-01 00:00:00+07:00,18972.734919447892,20349.1875,18898.331311390077,20349.1875,6488559,0.0,0.0
2023-03-02 00:00:00+07:00,20311.985639289658,20423.59010130717,19791.16607596497,20014.375,2582059,0.0,0.0
2023-03-03 00:00:00+07:00,20051.57632886051,20125.97804586366,19195.943359375,19195.943359375,5055569,0.0,0.0
2023-03-06 00:00:00+07:00,19679.561749220957,20051.57599545797,19344.74836086697,19381.94921875,3117919,0.0,0.0
2023-03-07 00:00:00+07:00,19567.957151929942,20163.180319644827,19567.957151929942,20014.375,4846659,0.0,0.0
2023-03-08 00:00:00+07:00,19716.76448076085,20907.2109375,19679.563619342673,20907.2109375,7561059,0.0,0.0
2023-03-09 00:00:00+07:00,21056.015580067306,21167.62004978846,20684.001310708696,20832.806640625,6250139,0.0,0.0
2023-03-10 00:00:00+07:00,20609.598650140084,20907.211212811795,20349.1888385122,20721.203125,6170709,0.0,0.0
2023-03-13 00:00:00+07:00,20497.995830962063,21242.024395463843,20311.987745268736,21130.419921875,8753419,0.0,0.0
2023-03-14 00:00:00+07:00,21130.420479452587,21130.420479452587,20237.584667182196,20311.98828125,8380449,0.0,0.0
2023-03-15 00:00:00+07:00,21130.41936439995,21725.642578125,20944.411283613998,21725.642578125,10928059,0.0,0.0
2023-03-16 00:00:00+07:00,21800.04557422603,22172.05986842152,21614.0393716962,21651.240234375,13632852,0.0,0.0
2023-03-17 00:00:00+07:00,22134.859348425085,22134.859348425085,21390.83074851538,21911.650390625,13682369,0.0,0.0
2023-03-20 00:00:00+07:00,21725.642398394226,21948.85133783653,20758.404920234698,20832.806640625,9607649,0.0,0.0
2023-03-21 00:00:00+07:00,21204.82169114669,21800.044921875,20907.21102035042,21800.044921875,8049469,0.0,0.0
2023-03-22 00:00:00+07:00,21911.650390625,22581.277264025248,21837.248664115545,21911.650390625,9772112,0.0,0.0
2023-03-23 00:00:00+07:00,21762.842420684014,23362.50390625,21651.237955259814,23362.50390625,14606539,0.0,0.0
2023-03-24 00:00:00+07:00,23436.909122390178,23660.11806856696,23064.894841807454,23102.095703125,8266179,0.0,0.0
2023-03-27 00:00:00+07:00,23325.305065817985,24180.93811535072,23325.305065817985,23808.923828125,9339589,0.0,0.0
2023-03-28 00:00:00+07:00,23883.327406580345,24032.132743427625,23511.311230758467,23585.71484375,10159759,0.0,0.0
2023-03-29 00:00:00+07:00,23622.91517740947,24404.146484375,23622.91517740947,24404.146484375,8099129,0.0,0.0
2023-03-30 00:00:00+07:00,24664.55758379974,24924.96740339965,23883.328125,23883.328125,8071179,0.0,0.0
2023-03-31 00:00:00+07:00,23436.91021189395,24180.938807646802,23139.29764011131,23883.328125,17017909,0.0,0.0
2023-04-03 00:00:00+07:00,24404.14940766738,24404.14940766738,24069.335950290242,24292.544921875,7166899,0.0,0.0
2023-04-04 00:00:00+07:00,24292.541417297878,24999.369095633396,24032.13161772915,24776.16015625,10872419,0.0,0.0
2023-04-05 00:00:00+07:00,24552.953804527166,24738.961903328807,24180.939496059775,24627.357421875,6006129,0.0,0.0
2023-04-06 00:00:00+07:00,24627.356015675898,24924.966689802157,23808.923828125,23808.923828125,10451219,0.0,0.0
2023-04-07 00:00:00+07:00,23808.922331948164,24701.756187356146,23660.117004236112,24515.75,7917519,0.0,0.0
2023-04-10 00:00:00+07:00,24850.565288784892,24887.766151250173,23808.92413753472,23846.125,8039199,0.0,0.0
2023-04-11 00:00:00+07:00,23883.32880494022,24627.357421875,23734.52157024455,24627.357421875,9011209,0.0,0.0
2023-04-12 00:00:00+07:00,24701.75742808225,24701.75742808225,24143.736948849742,24218.138671875,4925439,0.0,0.0
2023-04-13 00:00:00+07:00,24218.13894220278,24255.341693266437,23585.71484375,23585.71484375,9388209,0.0,0.0
2023-04-14 00:00:00+07:00,23771.722890562298,23994.92995087942,22916.08984375,22916.08984375,7692229,0.0,0.0
2023-04-17 00:00:00+07:00,22916.090184807883,23436.90981519212,22655.67848047995,23176.5,4183659,0.0,0.0
2023-04-18 00:00:00+07:00,23213.699961346323,23957.728515625,22953.29015626236,23957.728515625,7048989,0.0,0.0
2023-04-19 00:00:00+07:00,23957.729477930032,24180.93843100637,23176.500031298663,23399.708984375,4813899,0.0,0.0
2023-04-20 00:00:00+07:00,23399.707987408154,23622.91504183873,22953.29010027554,23288.103515625,3515849,0.0,0.0
2023-04-21 00:00:00+07:00,23362.505214356086,24106.533766086395,23213.699881837172,23511.310546875,6899099,0.0,0.0
2023-04-24 00:00:00+07:00,23474.110677609333,23734.520492801454,22916.090184807883,23176.5,2306589,0.0,0.0
2023-04-25 00:00:00+07:00,23511.311800248943,23511.311800248943,21986.053754631936,22320.8671875,8076639,0.0,0.0
2023-04-26 00:00:00+07:00,22618.477253021312,23176.49962595261,22320.86658021514,23139.296875,5989580,0.0,0.0
2023-04-27 00:00:00+07:00,23213.70083045861,23362.506169058415,22767.28292552339,22953.291015625,3618809,0.0,0.0
2023-04-28 00:00:00+07:00,23213.699311770357,23771.721656432408,23064.893982905705,23660.1171875,6862439,0.0,0.0
2023-05-04 00:00:00+07:00,23362.505333276367,24478.548166552733,23362.505333276367,24180.9375,9225579,0.0,0.0
2023-05-05 00:00:00+07:00,24180.93741871418,24292.541890580225,23660.117809429794,23734.51953125,5273709,0.0,0.0
2023-05-08 00:00:00+07:00,24032.131899499313,24627.35511512196,23883.32656787758,24366.9453125,7203559,0.0,0.0
2023-05-09 00:00:00+07:00,24515.750266010116,24515.750266010116,24180.936858173325,24329.7421875,4101889,0.0,0.0
2023-05-10 00:00:00+07:00,24552.954759011893,24776.16373059665,24255.344056322865,24292.544921875,6076589,0.0,0.0
2023-05-11 00:00:00+07:00,24404.145750348398,24552.951079392253,24032.131483170917,24106.533203125,6553949,0.0,0.0
2023-05-12 00:00:00+07:00,24106.535514265237,24627.35704955443,23846.125691188576,24590.154296875,8039589,0.0,0.0
2023-05-15 00:00:00+07:00,24627.356367759203,24664.557230272876,24032.133121861327,24069.333984375,4529849,0.0,0.0
2023-05-16 00:00:00+07:00,24069.33234314796,24478.54747030248,23994.928734058187,24106.533203125,4828589,0.0,0.0
2023-05-17 00:00:00+07:00,24180.937459735753,24441.347264819717,23957.728515625,23957.728515625,7680269,0.0,0.0
2023-05-18 00:00:00+07:00,24106.53529080489,25631.79524071847,23920.52908567544,25222.580078125,16037319,0.0,0.0
2023-05-19 00:00:00+07:00,25222.580386346683,25594.594690287475,24738.961602310064,25259.78125,5940869,0.0,0.0
2023-05-22 00:00:00+07:00,25296.979825957853,25594.592375677854,25110.97363537659,25445.78515625,4694559,0.0,0.0
2023-05-23 00:00:00+07:00,25557.391247015094,25855.003815608667,25148.176090476736,25185.376953125,7310159,0.0,0.0
2023-05-24 00:00:00+07:00,25445.787767437207,25817.803965046565,25148.177076312793,25296.982421875,6609719,0.0,0.0
2023-05-25 00:00:00+07:00,25148.177076312793,25445.787767437207,24924.968113401537,25296.982421875,4691179,0.0,0.0
2023-05-26 00:00:00+07:00,25371.386039224053,25594.59500213531,25222.580693661846,25296.982421875,3393259,0.0,0.0
2023-05-29 00:00:00+07:00,25594.591831121597,26338.62035588793,25296.979287733666,26041.0078125,5403579,0.0,0.0
2023-05-30 00:00:00+07:00,26041.0078125,26338.62035588793,25668.993550116833,26041.0078125,5664099,0.0,0.0
2023-05-31 00:00:00+07:00,25817.80009055827,26189.814343203398,25445.78394877753,25743.396484375,5072729,0.0,0.0
2023-06-01 00:00:00+07:00,25743.40004253613,25966.609002801477,25371.38573847251,25929.40625,4784909,0.0,0.0
2023-06-02 00:00:00+07:00,26115.4114206309,26710.6346182711,26041.0078125,26041.0078125,6775989,0.0,0.0
2023-06-05 00:00:00+07:00,26227.017471186307,26301.42108380782,25482.988901514265,25557.390625,6019649,0.0,0.0
2023-06-06 00:00:00+07:00,25594.593177303243,26301.4208797485,25371.384230306237,26189.81640625,7026109,0.0,0.0
2023-06-07 00:00:00+07:00,26413.023776733546,26487.42738965844,26041.009490380664,26227.017578125,5003309,0.0,0.0
2023-06-08 00:00:00+07:00,26227.01913762661,26338.623619082235,25296.982421875,25296.982421875,7246719,0.0,0.0
2023-06-09 00:00:00+07:00,25408.586299685492,25892.205078125,24738.96131599625,25892.205078125,7810269,0.0,0.0
2023-06-12 00:00:00+07:00,25966.608072844017,25966.608072844017,25110.9750152274,25817.802734375,4316779,0.0,0.0
2023-06-13 00:00:00+07:00,26003.81019658584,26003.81019658584,25445.78778883837,25520.19140625,5772129,0.0,0.0
2023-06-14 00:00:00+07:00,25668.99644195398,26115.414362760934,25482.990234375,25482.990234375,7739809,0.0,0.0
2023-06-15 00:00:00+07:00,25520.18976325713,25780.59957372877,25334.18356540701,25557.390625,2991819,0.0,0.0
2023-06-16 00:00:00+07:00,25929.405967923765,27305.86057820751,25743.399762483383,26115.4140625,19645209,0.0,0.0
2023-06-19 00:00:00+07:00,26338.623446589252,27380.262747838842,26189.81810200158,27268.66015625,10410529,0.0,0.0
2023-06-20 00:00:00+07:00,27380.26113442011,27529.068359375,26785.03979114364,27529.068359375,6090369,0.0,0.0
2023-06-21 00:00:00+07:00,27603.46884221886,28533.50545528017,27566.267982219826,28049.88671875,7799089,0.0,0.0
2023-06-22 00:00:00+07:00,28235.89475022903,28235.89475022903,27603.468796479294,27826.677734375,6008339,0.0,0.0
2023-06-23 00:00:00+07:00,27863.88123178048,28049.88932734548,27417.465202869043,27901.083984375,6662369,0.0,0.0
2023-06-26 00:00:00+07:00,27901.083984375,28124.292943398654,26785.04107839261,27901.083984375,6966829,0.0,0.0
2023-06-27 00:00:00+07:00,28198.69498160702,28198.69498160702,27752.278947767507,27938.28515625,4651009,0.0,0.0
2023-06-28 00:00:00+07:00,28124.29231659593,28496.306610299023,27901.08336254691,28273.09765625,5095739,0.0,0.0
2023-06-29 00:00:00+07:00,28273.096135620977,28273.096135620977,27008.24609375,27008.24609375,6537959,0.0,0.0
2023-06-30 00:00:00+07:00,27082.6497462429,27715.073823593626,27008.246135733985,27231.455078125,5862219,0.0,0.0
2023-07-03 00:00:00+07:00,27417.46293444388,27826.678066039633,27268.657603785032,27640.671875,4243459,0.0,0.0
2023-07-04 00:00:00+07:00,27677.874229489866,29575.1484375,27529.0688907982,29575.1484375,13732549,0.0,0.0
2023-07-05 00:00:00+07:00,29612.34992799082,29649.550791168844,29054.3275346412,29203.134765625,5546579,0.0,0.0
2023-07-06 00:00:00+07:00,29314.735760231677,30356.37687476643,29203.13317676957,29909.958984375,12861939,0.0,0.0
2023-07-07 00:00:00+07:00,29909.959061581238,30393.57781437506,29389.13944753735,30356.376953125,5285409,0.0,0.0
2023-07-10 00:00:00+07:00,30356.37706643487,31137.60837955252,30356.37706643487,31026.00390625,7503079,0.0,0.0
2023-07-11 00:00:00+07:00,30951.60025638398,31063.204729549652,30467.98150237798,30802.794921875,7795709,0.0,0.0
2023-07-12 00:00:00+07:00,30951.60025638398,31770.030540751242,30802.794921875,30802.794921875,5814899,0.0,0.0
2023-07-13 00:00:00+07:00,31137.608690782286,31398.018501379123,30877.19699104967,31063.205078125,2732989,0.0,0.0
2023-07-14 00:00:00+07:00,31249.212053024658,31807.236328125,30542.386216317376,31807.236328125,6575529,0.0,0.0
2023-07-17 00:00:00+07:00,31993.24152350025,31993.24152350025,31435.221011288802,31472.421875,3444999,0.0,0.0
2023-07-18 00:00:00+07:00,31323.6158878,31621.22845878583,30951.60159091959,31174.810546875,3369989,0.0,0.0
2023-07-19 00:00:00+07:00,31174.811187038675,32142.048756616794,31026.005843058014,31472.421875,4994859,0.0,0.0
2023-07-20 00:00:00+07:00,31472.421850993673,31546.82546749519,30542.38703497204,31249.212890625,6387419,0.0,0.0
2023-07-21 00:00:00+07:00,30914.39887407405,31881.63636578625,30728.390792220598,31621.2265625,7121009,0.0,0.0
2023-07-24 00:00:00+07:00,31993.241209866097,32104.84757817735,31360.817087296116,31435.220703125,5648889,0.0,0.0
2023-07-25 00:00:00+07:00,31435.219744648246,32328.055550828336,31435.219744648246,31993.240234375,7053539,0.0,0.0
2023-07-26 00:00:00+07:00,31844.43709339057,32439.658451084022,31770.03158997516,32030.44140625,4153889,0.0,0.0
2023-07-27 00:00:00+07:00,31993.240201314366,32402.4572417693,31472.420574338044,31770.03125,5651489,0.0,0.0
2023-07-28 00:00:00+07:00,31732.83045295489,32700.06798454511,31695.629590704742,32216.44921875,5320769,0.0,0.0
2023-07-31 00:00:00+07:00,32216.446690655037,32662.864559168615,31807.233459743682,32365.25390625,4946109,0.0,0.0
2023-08-01 00:00:00+07:00,32514.058511216837,32514.058511216837,31398.017578125,31398.017578125,5536699,0.0,0.0
2023-08-02 00:00:00+07:00,31286.411835019182,31881.635027168508,31286.411835019182,31695.626953125,3150159,0.0,0.0
2023-08-03 00:00:00+07:00,31770.03125,32365.25637959551,31732.830387826205,31770.03125,3815239,0.0,0.0
2023-08-04 00:00:00+07:00,31770.03360898562,33146.48828125,31770.03360898562,33146.48828125,5787729,0.0,0.0
2023-08-07 00:00:00+07:00,33369.69695836187,33406.89782297374,33034.885398583196,33332.49609375,4301569,0.0,0.0
2023-08-08 00:00:00+07:00,33481.29490154469,33481.29490154469,32514.057442900892,32811.671875,4013619,0.0,0.0
2023-08-09 00:00:00+07:00,32439.655624911826,32886.07349342541,32216.446690655037,32365.25390625,4432999,0.0,0.0
2023-08-10 00:00:00+07:00,32290.85339020955,32365.255111642353,31546.822951931474,31621.2265625,6174739,0.0,0.0
2023-08-11 00:00:00+07:00,31621.225827470425,31881.6356247035,31063.20348401693,31323.61328125,7961199,0.0,0.0
2023-08-14 00:00:00+07:00,31695.63022614882,33072.084826629456,31323.61592878169,32514.060546875,10030279,0.0,0.0
2023-08-15 00:00:00+07:00,32514.058954308635,32551.263593753964,32030.44020250584,32104.845703125,3556409,0.0,0.0
2023-08-16 00:00:00+07:00,32104.84659928331,32476.85899967728,31621.227833981033,31993.240234375,4954429,0.0,0.0
2023-08-17 00:00:00+07:00,32216.448598066865,33072.08352642196,32142.046875,32142.046875,8734309,0.0,0.0
2023-08-18 00:00:00+07:00,31918.83760200068,32253.649130658505,29909.958984375,29909.958984375,9648989,0.0,0.0
2023-08-21 00:00:00+07:00,30505.181617608243,30505.181617608243,29761.15307412546,30058.765625,8776299,0.0,0.0
2023-08-22 00:00:00+07:00,30133.167575079573,31621.2265625,29091.528361934572,31621.2265625,10108929,0.0,0.0
2023-08-23 00:00:00+07:00,31881.6389080482,31881.6389080482,31026.005819392205,31249.212890625,3698629,0.0,0.0
2023-08-24 00:00:00+07:00,31249.210094841274,32290.853076125975,31100.404764287334,32253.6484375,6490119,0.0,0.0
2023-08-25 00:00:00+07:00,32253.648171489887,32923.274987163466,32067.643871251155,32439.65625,7779589,0.0,0.0
2023-08-28 00:00:00+07:00,32737.26953125,33072.08485504468,32514.060574810774,32737.26953125,5366139,0.0,0.0
2023-08-29 00:00:00+07:00,33034.884706961944,33778.91331843782,32514.06127848423,33704.5078125,8922159,0.0,0.0
2023-08-30 00:00:00+07:00,33778.912135989645,34969.358628333226,33406.89595413844,34894.953125,6507279,0.0,0.0
2023-08-31 00:00:00+07:00,34783.35189261687,35118.16344671039,34597.343794444125,35043.76171875,4935319,0.0,0.0
2023-09-05 00:00:00+07:00,34969.359945867596,35006.5608098,34485.741158202785,34597.34375,9657439,0.0,0.0
2023-09-06 00:00:00+07:00,34522.940781825615,35787.789001443896,34225.330102786895,35341.37109375,6147049,0.0,0.0
2023-09-07 00:00:00+07:00,35564.5747205865,35564.5747205865,34708.94367422622,34746.14453125,5233019,0.0,0.0
2023-09-08 00:00:00+07:00,34522.940721420426,35118.1620784564,34448.53521808721,34894.953125,3654299,0.0,0.0
2023-09-11 00:00:00+07:00,35341.37109375,36383.01035952133,34969.35868951951,35341.37109375,10016109,0.0,0.0
2023-09-12 00:00:00+07:00,35490.174800210654,37573.453125,35341.36758632373,37573.453125,8334949,0.0,0.0
2023-09-13 00:00:00+07:00,37722.26828815073,37722.26828815073,36308.61268227285,36680.62890625,6229339,0.0,0.0
2023-09-14 00:00:00+07:00,36755.024642021046,36755.024642021046,35564.578209133084,36010.99609375,8204299,0.0,0.0
2023-09-15 00:00:00+07:00,36085.397096708606,36345.806894505666,35304.16770331742,35490.17578125,5472219,0.0,0.0
2023-09-18 00:00:00+07:00,35080.9587654526,35936.59365697964,34708.946387858814,35490.17578125,4618119,0.0,0.0
2023-09-19 00:00:00+07:00,35490.178322405176,35899.39158923155,34708.94887307668,35341.37109375,5004609,0.0,0.0
2023-09-20 00:00:00+07:00,35638.981289641066,37052.63671875,35341.37061463697,37052.63671875,13476709,0.0,0.0
2023-09-21 00:00:00+07:00,36829.42898915739,36941.035357404435,34969.359375,34969.359375,8283729,0.0,0.0
2023-09-22 00:00:00+07:00,33890.5159228874,34039.323156548155,32551.265933027757,32588.466796875,14121379,0.0,0.0
2023-09-25 00:00:00+07:00,32402.456105217752,32997.67743566362,30319.17578125,30319.17578125,8688549,0.0,0.0
2023-09-26 00:00:00+07:00,30319.17578125,32216.448022601617,29984.362366022397,30319.17578125,10423659,0.0,0.0
2023-09-27 00:00:00+07:00,31249.21165531546,31993.240234375,29761.15449719638,31993.240234375,9719319,0.0,0.0
2023-09-28 00:00:00+07:00,31621.225827470425,31956.037344406843,30914.398155474555,31323.61328125,6085559,0.0,0.0
2023-09-29 00:00:00+07:00,31844.43500871518,31844.43500871518,30281.972435080108,30691.189453125,7912059,0.0,0.0
2023-10-02 00:00:00+07:00,31026.002577284078,31546.82217096325,30653.98831192243,31100.404296875,3918329,0.0,0.0
2023-10-03 00:00:00+07:00,30653.990675842953,30877.19774096429,28942.72265625,28942.72265625,12380289,0.0,0.0
2023-10-04 00:00:00+07:00,27975.484001572957,30616.7867067034,27901.082279202703,29686.751953125,9065549,0.0,0.0
2023-10-05 00:00:00+07:00,29761.154110766798,30133.1683954662,28198.693359375,28198.693359375,6027449,0.0,0.0
2023-10-06 00:00:00+07:00,28198.690935239538,29203.131117802175,27343.057965072887,29017.123046875,8190389,0.0,0.0
2023-10-09 00:00:00+07:00,29091.52874199665,30133.16796875,28719.51446256535,30133.16796875,5078969,0.0,0.0
2023-10-10 00:00:00+07:00,30467.982008964667,31063.20524603303,29761.154296875,29761.154296875,7744359,0.0,0.0
2023-10-11 00:00:00+07:00,30133.16968037798,31212.01171875,29686.75365318449,31212.01171875,6369089,0.0,0.0
2023-10-12 00:00:00+07:00,31249.21196004253,31918.83882120747,31174.810234892528,31584.025390625,8587019,0.0,0.0
2023-10-13 00:00:00+07:00,31100.4063156836,31621.227832306336,30319.1768744532,31546.82421875,7851609,0.0,0.0
2023-10-16 00:00:00+07:00,31249.211550745273,31398.018777367863,30356.377636688703,30430.78125,6597759,0.0,0.0
2023-10-17 00:00:00+07:00,30653.988867288925,31026.003139390454,28310.296875,28310.296875,5025409,0.0,0.0
2023-10-18 00:00:00+07:00,28645.112588363263,29203.134985922392,26338.623160345305,27901.083984375,11824279,0.0,0.0
2023-10-19 00:00:00+07:00,27826.676735912646,28124.289272140042,25966.60546875,25966.60546875,9332309,0.0,0.0
2023-10-20 00:00:00+07:00,26227.017454497804,27752.27734375,25557.390608737587,27752.27734375,8436999,0.0,0.0
2023-10-23 00:00:00+07:00,27826.678274033486,27901.081884486903,26636.23184159317,26785.0390625,6196449,0.0,0.0
2023-10-24 00:00:00+07:00,27231.45481074694,27417.462890625,26710.635209705506,27417.462890625,5648109,0.0,0.0
2023-10-25 00:00:00+07:00,27454.6649878837,28049.88822552058,26933.845363377357,27119.8515625,4931549,0.0,0.0
2023-10-26 00:00:00+07:00,26264.220001733185,26375.82448318881,25222.580693661846,25296.982421875,16660539,0.0,0.0
2023-10-27 00:00:00+07:00,25780.60001436489,26673.43582454011,25296.98124689858,26487.427734375,10897639,0.0,0.0
2023-10-30 00:00:00+07:00,26115.413753445664,27082.651299869576,25966.608413027177,26078.212890625,6830069,0.0,0.0
2023-10-31 00:00:00+07:00,26301.421326956384,26338.622189043163,24255.341796875,24255.341796875,9425779,0.0,0.0
2023-11-01 00:00:00+07:00,24404.147879583703,25892.205078125,24180.938921975336,25892.205078125,11481729,0.0,0.0
2023-11-02 00:00:00+07:00,26338.621277601673,27677.873046875,26152.61319533295,27677.873046875,11550759,0.0,0.0
2023-11-03 00:00:00+07:00,27901.083984375,28645.112588363263,27715.075888810003,27901.083984375,12206219,0.0,0.0
2023-11-06 00:00:00+07:00,28421.903666272457,28793.91796875,27975.485747645056,28793.91796875,9463999,0.0,0.0
2023-11-07 00:00:00+07:00,28645.110601307013,29165.930210143368,28198.69271422686,28347.498046875,9794979,0.0,0.0
2023-11-08 00:00:00+07:00,28273.096318151183,30319.17578125,28161.491846408648,30319.17578125,13044589,0.0,0.0
2023-11-09 00:00:00+07:00,30505.1822481813,31100.405473098537,30133.16796875,30133.16796875,14402569,0.0,0.0
2023-11-10 00:00:00+07:00,29612.34796740998,31063.20420492453,29575.14710669496,29649.548828125,13179399,0.0,0.0
2023-11-13 00:00:00+07:00,29798.3545505211,30133.16796875,29017.12513045609,30133.16796875,8115379,0.0,0.0
2023-11-14 00:00:00+07:00,30951.600139153164,30988.80100035557,29835.55730085926,30133.16796875,7953139,0.0,0.0
2023-11-15 00:00:00+07:00,31026.003132764487,31435.218265248062,30170.370118200128,30505.181640625,10379459,0.0,0.0
2023-11-16 00:00:00+07:00,30430.78125311886,30877.197265625,30133.16868897897,30877.197265625,5880029,0.0,0.0
2023-11-17 00:00:00+07:00,30951.600806451614,31100.406143605138,29686.752606942944,29984.36328125,12342459,0.0,0.0
2023-11-20 00:00:00+07:00,29463.542177261712,30951.59925235228,29463.542177261712,30691.189453125,8634599,0.0,0.0
2023-11-21 00:00:00+07:00,30988.799566122703,31435.21743643332,30728.389771486727,31286.412109375,9780939,0.0,0.0
2023-11-22 00:00:00+07:00,31286.412586298644,32439.65625,31286.412586298644,32439.65625,14337569,0.0,0.0
2023-11-23 00:00:00+07:00,32662.86660797847,32662.86660797847,30170.37109375,30170.37109375,10480859,0.0,0.0
2023-11-24 00:00:00+07:00,30430.7825547877,31249.212890625,29389.14136944585,31249.212890625,11449879,0.0,0.0
2023-11-27 00:00:00+07:00,31100.405473098537,31249.210807043906,30133.16796875,30133.16796875,5687889,0.0,0.0
2023-11-28 00:00:00+07:00,30133.168961081727,30430.78152790906,29351.93951528963,30244.7734375,9543819,0.0,0.0
2023-11-29 00:00:00+07:00,30467.982513777373,31398.019191319083,30467.982513777373,31137.609375,8271899,0.0,0.0
2023-11-30 00:00:00+07:00,31137.608967673328,31621.227731406827,30877.197265625,30877.197265625,7923499,0.0,0.0
2023-12-01 00:00:00+07:00,31174.811187038675,31584.026355269463,30356.37896144122,31472.421875,7846539,0.0,0.0
2023-12-04 00:00:00+07:00,32216.451209494622,33295.29517277167,31993.242243929435,32662.869140625,14060409,0.0,0.0
2023-12-05 00:00:00+07:00,32662.865188557862,32737.266908653353,32253.648171489887,32439.65625,8804509,0.0,0.0
2023-12-06 00:00:00+07:00,32476.85971178285,32811.67503557753,32253.650755343624,32737.26953125,7167029,0.0,0.0
2023-12-07 00:00:00+07:00,32514.058554507952,32737.267497077803,30914.39887407405,31621.2265625,19504419,0.0,0.0
2023-12-08 00:00:00+07:00,31621.225779689852,31770.029218871696,30877.195359830876,31100.404296875,6159399,0.0,0.0
2023-12-11 00:00:00+07:00,31100.4063156836,31621.227832306336,30579.586688196665,31546.82421875,6030569,0.0,0.0
2023-12-12 00:00:00+07:00,31695.63049839484,31695.63049839484,31100.40723966766,31212.01171875,3529499,0.0,0.0
2023-12-13 00:00:00+07:00,31472.420501543365,31584.02497694241,30393.578498776453,30430.78125,6824739,0.0,0.0
2023-12-14 00:00:00+07:00,30691.190332464826,30877.196527612603,30133.16796875,30133.16796875,6928739,0.0,0.0
2023-12-15 00:00:00+07:00,30207.57158029056,30914.39927795076,30133.16796875,30133.16796875,6125729,0.0,0.0
2023-12-18 00:00:00+07:00,30467.98046875,30839.994736969722,30207.570669909765,30467.98046875,3941729,0.0,0.0
2023-12-19 00:00:00+07:00,30467.981131479966,30802.79454690118,30133.167716058753,30765.591796875,4678569,0.0,0.0
2023-12-20 00:00:00+07:00,30951.600878943922,31174.80982976489,30616.78745271247,30877.197265625,4201729,0.0,0.0
2023-12-21 00:00:00+07:00,30765.59217139594,30877.196644561613,30542.385114200348,30802.794921875,2840889,0.0,0.0
2023-12-22 00:00:00+07:00,30951.599522705783,31212.00932420767,30207.57097866162,30505.181640625,4490979,0.0,0.0
2023-12-25 00:00:00+07:00,30579.58498357964,30951.59925235228,30207.570714806996,30691.189453125,3859569,0.0,0.0
2023-12-26 00:00:00+07:00,30951.60220289069,31360.817370809338,30765.594106204833,31249.212890625,6927309,0.0,0.0
2023-12-27 00:00:00+07:00,31472.418295913983,31770.02895003062,31286.412109375,31286.412109375,6236359,0.0,0.0
2023-12-28 00:00:00+07:00,31509.623325647637,31993.240201314366,31249.21162302368,31770.03125,8560239,0.0,0.0
2023-12-29 00:00:00+07:00,31844.43719081069,31918.838916182078,31621.228236424886,31807.236328125,5248619,0.0,0.0
2024-01-02 00:00:00+07:00,31993.24152350025,31993.24152350025,31286.41566730814,31472.421875,9327369,0.0,0.0
2024-01-03 00:00:00+07:00,31398.018849990454,31770.03125,31100.4062851927,31770.03125,4331339,0.0,0.0
2024-01-04 00:00:00+07:00,31844.437096057467,32476.85931637577,31584.025390625,31584.025390625,11868869,0.0,0.0
2024-01-05 00:00:00+07:00,31695.6282839328,31770.0300053656,31360.814870078026,31621.2265625,4971719,0.0,0.0
2024-01-08 00:00:00+07:00,31807.235890445394,32216.44915262873,31732.830387826205,31770.03125,5339229,0.0,0.0
2024-01-09 00:00:00+07:00,31993.240201314366,32142.04742828114,31621.22780130482,31770.03125,5817499,0.0,0.0
2024-01-10 00:00:00+07:00,31732.828359076233,31770.029218871696,31026.002577284078,31100.404296875,9293049,0.0,0.0
2024-01-11 00:00:00+07:00,31212.010484710292,31695.629245234137,31100.406010040497,31509.623046875,7719399,0.0,0.0
2024-01-12 00:00:00+07:00,31249.212890625,31658.429947679528,31063.206683075023,31249.212890625,6037719,0.0,0.0
2024-01-15 00:00:00+07:00,31435.218265248062,31509.621875306762,30505.181640625,30505.181640625,5413979,0.0,0.0
2024-01-16 00:00:00+07:00,30505.182401126312,31026.00390625,30356.37706643487,31026.00390625,3941729,0.0,0.0
2024-01-17 00:00:00+07:00,31100.407546757844,32142.048732099694,31063.206683075023,31249.212890625,7770489,0.0,0.0
2024-01-18 00:00:00+07:00,31435.2177499407,31807.233905000154,31286.412421398327,31323.61328125,3244409,0.0,0.0
2024-01-19 00:00:00+07:00,31695.628241731392,31732.82910239826,31249.21035718608,31398.017578125,4378659,0.0,0.0
2024-01-22 00:00:00+07:00,31695.63083553893,31695.63083553893,31026.005843058014,31472.421875,4822479,0.0,0.0
2024-01-23 00:00:00+07:00,31472.420913764177,31770.031592635827,31360.816436903355,31584.025390625,5490159,0.0,0.0
2024-01-24 00:00:00+07:00,31584.025484603368,32142.047870567883,31546.824621917676,31807.236328125,10012469,0.0,0.0
2024-01-25 00:00:00+07:00,31918.83588632295,31918.83588632295,31546.82162737158,31695.626953125,2755479,0.0,0.0
2024-01-26 00:00:00+07:00,31658.4274232164,31918.837226502652,31621.2265625,31621.2265625,3846439,0.0,0.0
2024-01-29 00:00:00+07:00,31807.23358778261,31844.434447263273,31249.209360758676,31286.412109375,4383859,0.0,0.0
2024-01-30 00:00:00+07:00,31286.412109375,31435.21743643332,31026.002314739027,31286.412109375,4819099,0.0,0.0
2024-01-31 00:00:00+07:00,31472.418070388332,32439.655523039848,31398.016351960156,31918.8359375,14326779,0.0,0.0
2024-02-01 00:00:00+07:00,31993.23995914241,32179.248046875,31844.436511573596,32179.248046875,6759609,0.0,0.0
2024-02-02 00:00:00+07:00,32514.06098323305,32923.278038223914,32476.86011973783,32551.265625,12466219,0.0,0.0
2024-02-05 00:00:00+07:00,32737.270869722783,32886.07810619019,32439.660175059813,32662.869140625,7581599,0.0,0.0
2024-02-06 00:00:00+07:00,32848.877297252,33816.114890248,32774.47556802826,33332.49609375,9156939,0.0,0.0
2024-02-07 00:00:00+07:00,33481.29372420596,33816.10900397616,33295.28943352384,33555.69921875,6437729,0.0,0.0
2024-02-15 00:00:00+07:00,33555.70148310324,33964.914728488984,33481.29598353829,33592.90234375,9527309,0.0,0.0
2024-02-16 00:00:00+07:00,33630.10017620927,33816.10824096559,33332.48953956183,33481.29296875,7747089,0.0,0.0
2024-02-19 00:00:00+07:00,33481.29296875,33555.69846161519,32811.669980861036,33481.29296875,11137879,0.0,0.0
2024-02-20 00:00:00+07:00,33741.7065263715,34188.1205922071,33406.89125415592,33481.29296875,8198709,0.0,0.0
2024-02-21 00:00:00+07:00,33481.29955219748,33518.504195081194,33034.885398583196,33332.49609375,6527299,0.0,0.0
2024-02-22 00:00:00+07:00,33109.28150725491,33332.490435306565,32886.07257920326,32923.2734375,5765889,0.0,0.0
2024-02-23 00:00:00+07:00,32960.47553001381,33369.692543143654,32402.455078125,32402.455078125,10123229,0.0,0.0
2024-02-26 00:00:00+07:00,32365.253470905842,33778.90877609336,32216.44625731248,33630.1015625,11193389,0.0,0.0
2024-02-27 00:00:00+07:00,33630.10518876922,34225.33032905338,33481.297959130265,33816.11328125,8439209,0.0,0.0
2024-02-28 00:00:00+07:00,33927.713867842234,33927.713867842234,33369.69340159803,33592.90234375,8475089,0.0,0.0
2024-02-29 00:00:00+07:00,33853.31312031637,34485.73910431684,33667.30503346076,33927.71484375,12316979,0.0,0.0
2024-03-01 00:00:00+07:00,34299.729541713576,35452.97509667406,34225.327821481085,34857.75,11229399,0.0,0.0
2024-03-04 00:00:00+07:00,35341.36873805394,35341.36873805394,34746.14741965127,34857.75,6347379,0.0,0.0
2024-03-05 00:00:00+07:00,34857.75043907389,35564.578125,34374.13169492821,35564.578125,13217749,0.0,0.0
2024-03-06 00:00:00+07:00,35638.98177278872,36531.81758817651,34969.35868951951,35341.37109375,11909689,0.0,0.0
2024-03-07 00:00:00+07:00,35304.16968782432,37424.65282760036,35304.16968782432,36606.21875,19966699,0.0,0.0
2024-03-08 00:00:00+07:00,36978.23584881538,36978.23584881538,35601.78125,35601.78125,13166009,0.0,0.0
2024-03-11 00:00:00+07:00,35601.78000911735,36197.00513040137,35341.370199265446,35452.9765625,10431719,0.0,0.0
2024-03-12 00:00:00+07:00,35713.384811557415,36122.598050142675,35415.77037478638,35936.59375,9597769,0.0,0.0
2024-03-13 00:00:00+07:00,36234.202921217635,38391.88671875,35973.793133435385,38391.88671875,17560659,0.0,0.0
2024-03-14 00:00:00+07:00,38763.89919201453,40028.75105428395,38243.079614972405,38838.3046875,13466309,0.0,0.0
2024-03-15 00:00:00+07:00,38912.712251894845,40921.58914471101,38317.487089926326,39954.3515625,13308359,0.0,0.0
2024-03-18 00:00:00+07:00,39731.14119821362,40251.96083515325,37164.24387640093,38466.29296875,28064009,0.0,0.0
2024-03-19 00:00:00+07:00,38838.306418048174,39061.51535790781,37722.26171875,37722.26171875,6896759,0.0,0.0
2024-03-20 00:00:00+07:00,37945.467852740694,39731.13546130558,37647.857214358395,39582.33203125,12859339,0.0,0.0
2024-03-21 00:00:00+07:00,40400.76361851832,41070.39041157328,39582.33339029865,40177.5546875,11745629,0.0,0.0
2024-03-22 00:00:00+07:00,40177.56052595422,40921.58914471101,39731.14259904578,39954.3515625,11822589,0.0,0.0
2024-03-25 00:00:00+07:00,39954.35220050697,40177.56116752548,38615.10217666778,38689.50390625,11706629,0.0,0.0
2024-03-26 00:00:00+07:00,38689.49633783199,39582.33203125,38317.48020615078,39582.33203125,6136779,0.0,0.0
2024-03-27 00:00:00+07:00,39805.54606309844,39805.54606309844,38987.11197967347,39284.72265625,5975579,0.0,0.0
2024-03-28 00:00:00+07:00,39805.54810571172,40921.58914471101,39433.53190719742,39954.3515625,11859639,0.0,0.0
2024-03-29 00:00:00+07:00,40028.75,40549.56956332469,39731.1355824392,40028.75,4931289,0.0,0.0
2024-04-01 00:00:00+07:00,39731.14198598605,40475.17059326232,39135.92061147372,39879.94921875,10620479,0.0,0.0
2024-04-02 00:00:00+07:00,39433.53129872988,39879.94921875,38689.5026914536,39879.94921875,15752749,0.0,0.0
2024-04-03 00:00:00+07:00,39879.94306534662,40475.16434801737,38763.8984375,38763.8984375,10473969,0.0,0.0
2024-04-04 00:00:00+07:00,38689.50390625,39284.72529945144,38466.29493923149,38689.50390625,7319779,0.0,0.0
2024-04-05 00:00:00+07:00,38317.48427921521,38391.88978042327,36978.234375,36978.234375,9972039,0.0,0.0
2024-04-08 00:00:00+07:00,37015.43523646826,37796.66466211643,36680.62370498235,36978.234375,9172279,0.0,0.0
2024-04-09 00:00:00+07:00,37201.44035534348,38391.88671875,37164.23949684191,38391.88671875,6450989,0.0,0.0
2024-04-10 00:00:00+07:00,38466.29089312023,38466.29089312023,37722.2623407438,37796.6640625,3591509,0.0,0.0
2024-04-11 00:00:00+07:00,36978.23512536181,38243.08333230677,36978.23512536181,37945.47265625,5829199,0.0,0.0
2024-04-12 00:00:00+07:00,38466.28779616462,38838.303931537215,37871.06651349387,38763.8984375,6349329,0.0,0.0
2024-04-15 00:00:00+07:00,38466.291344341786,38987.110959287515,36085.3984375,36085.3984375,11747449,0.0,0.0
2024-04-16 00:00:00+07:00,36085.39772973051,36085.39772973051,34522.93891553897,35564.578125,11849889,0.0,0.0
2024-04-17 00:00:00+07:00,36010.993638465894,36010.993638465894,33555.69921875,33555.69921875,9075949,0.0,0.0
2024-04-19 00:00:00+07:00,33109.28061750848,35043.75542312348,33109.28061750848,33481.29296875,13500499,0.0,0.0
2024-04-22 00:00:00+07:00,34597.34278134384,35713.387559427836,34225.33037416362,35155.36328125,7314839,0.0,0.0
2024-04-23 00:00:00+07:00,34969.359558446224,35192.56851783952,33481.29856973367,33890.515625,8436739,0.0,0.0
2024-04-24 00:00:00+07:00,34485.73991922973,35676.18641365624,34374.13355317043,35341.37109375,10583559,0.0,0.0
2024-04-25 00:00:00+07:00,35266.970059872576,35341.371786522795,34820.552143427856,34969.359375,4840419,0.0,0.0
2024-04-26 00:00:00+07:00,34597.34318520549,35266.970059872576,34262.53163700781,34969.359375,6301619,0.0,0.0
2024-05-02 00:00:00+07:00,34969.3570285692,35006.55788939814,34002.11953393081,34485.73828125,5566989,0.0,0.0
2024-05-03 00:00:00+07:00,34969.35345166379,35415.76751422028,34671.73903893135,34746.14453125,5584149,0.0,0.0
2024-05-06 00:00:00+07:00,35229.767292452445,36420.213745873334,35080.96006892302,36085.3984375,6944079,0.0,0.0
2024-05-07 00:00:00+07:00,36234.20634350544,36234.20634350544,35527.37863040261,35713.38671875,5877689,0.0,0.0
2024-05-08 00:00:00+07:00,35266.968153766924,36420.213745873334,35266.968153766924,36085.3984375,6912099,0.0,0.0
2024-05-09 00:00:00+07:00,36122.599979188366,36308.60806753576,35341.370542055214,35713.38671875,7309249,0.0,0.0
2024-05-10 00:00:00+07:00,35713.38699604163,35862.19044525764,35192.56736724236,35527.37890625,5439069,0.0,0.0
2024-05-13 00:00:00+07:00,35750.586830725595,36122.599221344055,35378.57066183562,35638.98046875,5121869,0.0,0.0
2024-05-14 00:00:00+07:00,35713.3863723519,35973.796182203805,35415.77192257412,35452.9765625,4230719,0.0,0.0
2024-05-15 00:00:00+07:00,35490.17548611829,36606.21638789017,35490.17548611829,36122.59765625,10363209,0.0,0.0
2024-05-16 00:00:00+07:00,36680.623277929684,36717.82413896484,36234.205388964845,36271.40625,5539299,0.0,0.0
2024-05-17 00:00:00+07:00,36345.80893756486,37052.636650823544,36197.005489471405,36606.21875,6505979,0.0,0.0
2024-05-20 00:00:00+07:00,36903.83584547952,37796.66793279233,36717.827743770744,37350.25,11915929,0.0,0.0
2024-05-21 00:00:00+07:00,37350.24617541985,37796.6640625,36903.83206661116,37796.6640625,6604259,0.0,0.0
2024-05-22 00:00:00+07:00,37945.469932113294,38540.6912414954,37127.03968714507,37201.44140625,10697179,0.0,0.0
2024-05-23 00:00:00+07:00,37052.63418976881,37275.84312535493,35787.78607362834,37201.44140625,8241089,0.0,0.0
2024-05-24 00:00:00+07:00,36829.425356154796,37201.44150925214,34969.35592548213,35676.18359375,12813969,0.0,0.0
2024-05-27 00:00:00+07:00,35676.18475598187,36048.197142927005,35266.9677298979,35378.5703125,6195669,0.0,0.0
2024-05-28 00:00:00+07:00,35564.57694688579,36420.211825078855,35564.57694688579,36308.60546875,8188699,0.0,0.0
2024-05-29 00:00:00+07:00,36308.608135840586,36606.21881079334,35490.17783515261,36159.8046875,4973929,0.0,0.0
2024-05-30 00:00:00+07:00,35564.57750111448,35862.18815884378,34894.95068752002,35490.17578125,7190689,0.0,0.0
2024-05-31 00:00:00+07:00,35564.58004759695,35899.39158923155,35341.37109375,35341.37109375,3589169,0.0,0.0
2024-06-03 00:00:00+07:00,35787.78776871266,36271.40652234391,35713.3860460837,36085.3984375,5229899,0.0,0.0
2024-06-04 00:00:00+07:00,36159.80401405536,36755.0253528754,36085.398512999214,36531.81640625,4950529,0.0,0.0
2024-06-05 00:00:00+07:00,36569.01691655273,36978.23394448242,36271.40625,36271.40625,5561659,0.0,0.0
2024-06-06 00:00:00+07:00,36420.21248691371,36569.015927027845,35713.384811557415,35936.59375,4947669,0.0,0.0
2024-06-07 00:00:00+07:00,36234.206689866965,36494.61650473393,35862.190509616084,35973.796875,3355819,0.0,0.0
2024-06-10 00:00:00+07:00,36159.8046875,36606.21881079334,36085.39918505812,36159.8046875,4932719,0.0,0.0
2024-06-11 00:00:00+07:00,36271.407408307234,37945.47265625,36122.600181143054,37945.47265625,17942729,0.0,0.0
2024-06-12 00:00:00+07:00,37945.47012650647,38317.48250220826,37573.45397253334,38094.27734375,5613269,0.0,0.0
2024-06-13 00:00:00+07:00,38317.48303952809,38317.48303952809,37722.26171875,37722.26171875,6996989,0.0,0.0
2024-06-14 00:00:00+07:00,37945.47116247609,38391.88904812321,36457.4140625,36457.4140625,12672919,0.0,0.0
2024-06-17 00:00:00+07:00,36420.21284689883,36755.02436873637,36085.39754678988,36197.00390625,5201429,0.0,0.0
2024-06-18 00:00:00+07:00,36457.41536245275,36755.02603740551,36159.8046875,36159.8046875,4200819,0.0,0.0
2024-06-19 00:00:00+07:00,36234.20736776111,36978.23596391104,36010.99841108896,36494.6171875,6434869,0.0,0.0
2024-06-20 00:00:00+07:00,36494.61684857043,36755.02666589087,35936.59635120831,36234.20703125,4208099,0.0,0.0
2024-06-21 00:00:00+07:00,36457.416553879026,36457.416553879026,35862.19140625,35862.19140625,5736249,0.0,0.0
2024-06-24 00:00:00+07:00,35490.176833447265,35862.18922207031,33853.3125,33853.3125,14411799,0.0,0.0
2024-06-25 00:00:00+07:00,34002.11605596107,34746.14453125,33890.50970661864,34746.14453125,5625489,0.0,0.0
2024-06-26 00:00:00+07:00,34671.74410930572,34746.14961250538,33853.313800282485,34448.53515625,3326049,0.0,0.0
2024-06-27 00:00:00+07:00,34448.53087692063,34597.33808656292,34150.92023590722,34188.12109375,2347799,0.0,0.0
2024-06-28 00:00:00+07:00,34188.124107113435,35043.759025998275,34150.92324599175,34299.73046875,5012799,0.0,0.0
2024-07-01 00:00:00+07:00,34336.93235797432,35155.362661971085,34299.73149573878,35080.9609375,3585529,0.0,0.0
2024-07-02 00:00:00+07:00,35080.9609375,35452.977116398644,34969.35835079337,35080.9609375,2501459,0.0,0.0
2024-07-03 00:00:00+07:00,35229.7665160052,35415.770818478144,35043.75843526082,35118.16015625,2834259,0.0,0.0
2024-07-04 00:00:00+07:00,35155.361766690316,35638.98051997956,34932.152820689786,35192.56640625,2540199,0.0,0.0
2024-07-05 00:00:00+07:00,35378.57327284352,35490.179643055875,34857.753620577256,35043.76171875,2568929,0.0,0.0
2024-07-08 00:00:00+07:00,35192.56565551061,35564.57803872794,35006.55757476623,35118.16015625,2575169,0.0,0.0
2024-07-09 00:00:00+07:00,35266.968818024885,35824.98930479548,35118.16159169265,35713.38671875,5511739,0.0,0.0
2024-07-10 00:00:00+07:00,35713.38525897772,35713.38525897772,35118.16015625,35118.16015625,3058639,0.0,0.0
2024-07-11 00:00:00+07:00,35564.57949241777,36048.198255158044,35304.16968004005,35713.38671875,6170189,0.0,0.0
2024-07-12 00:00:00+07:00,35862.18941442968,36010.99663763997,35415.77152307032,35638.98046875,3186299,0.0,0.0
2024-07-15 00:00:00+07:00,35713.38507719476,35973.79487760282,35638.97957831288,35750.5859375,2327779,0.0,0.0
2024-07-16 00:00:00+07:00,35750.586830725595,36085.398360109364,35601.7796075153,35638.98046875,4412719,0.0,0.0
2024-07-17 00:00:00+07:00,35862.19066388718,36010.99789228199,34522.940721420426,34894.953125,5581419,0.0,0.0
2024-07-18 00:00:00+07:00,34932.15316452465,35452.9765625,34597.34163136408,35452.9765625,2906929,0.0,0.0
2024-07-19 00:00:00+07:00,35192.56764336646,35713.38727625213,35118.16213990305,35341.37109375,3976309,0.0,0.0
2024-07-22 00:00:00+07:00,35638.98280998565,35973.79813963599,35080.9622982641,35229.76953125,5677099,0.0,0.0
2024-07-23 00:00:00+07:00,35341.36905147019,35490.176271526216,34225.328125,34225.328125,4389579,0.0,0.0
2024-07-24 00:00:00+07:00,34076.52472080293,34262.532822134126,32662.869195920808,33332.49609375,8094709,0.0,0.0
2024-07-25 00:00:00+07:00,33332.49473063392,33406.89645681504,32737.269586369912,33183.6875,2905759,0.0,0.0
2024-07-26 00:00:00+07:00,33220.885563809934,33518.5,33183.68470385402,33518.5,1957799,0.0,0.0
2024-07-29 00:00:00+07:00,33853.31049375441,34002.117707347774,33630.1015625,33630.1015625,1830009,0.0,0.0
2024-07-30 00:00:00+07:00,33592.903923949976,33816.112876601626,33109.28515625,33109.28515625,1911389,0.0,0.0
2024-07-31 00:00:00+07:00,33220.88774344001,33778.91201420496,32960.47792839169,33109.28515625,1988089,0.0,0.0
2024-08-01 00:00:00+07:00,33369.69268839859,33369.69268839859,31249.209672410972,31323.61328125,7772829,0.0,0.0
2024-08-02 00:00:00+07:00,30765.591772428434,32737.26762422709,30653.98918984578,32290.853515625,4368909,0.0,0.0
2024-08-05 00:00:00+07:00,31472.41979284865,32030.4402681426,30356.376953125,30356.376953125,6692269,0.0,0.0
2024-08-06 00:00:00+07:00,31174.809930890988,32290.8546886161,30505.183076255922,31993.240234375,5972199,0.0,0.0
2024-08-07 00:00:00+07:00,32142.045591346647,32588.463468462367,31621.225994135435,32439.65625,1964429,0.0,0.0
2024-08-08 00:00:00+07:00,31993.23863674668,32700.06631829753,31807.23433497389,32253.6484375,3001179,0.0,0.0
2024-08-09 00:00:00+07:00,32476.860414651204,33778.91331843782,32253.651453381262,33704.5078125,7511659,0.0,0.0
2024-08-12 00:00:00+07:00,33481.295066877334,34150.921875,33332.491628364296,34150.921875,3197999,0.0,0.0
2024-08-13 00:00:00+07:00,34188.12210808952,34188.12210808952,33183.68380344874,34076.51953125,4245019,0.0,0.0
2024-08-14 00:00:00+07:00,34225.331240977706,34225.331240977706,33555.70435716788,33704.5078125,3071509,0.0,0.0
2024-08-15 00:00:00+07:00,33870.090129433906,34058.258188653665,33192.69123167602,33380.85546875,2117959,400.0,0.0
2024-08-16 00:00:00+07:00,33569.02257102414,35300.160257776006,33493.75687834014,35187.26171875,8634339,0.0,0.0
2024-08-19 00:00:00+07:00,35375.433915172165,35375.433915172165,34735.66398600216,34810.9296875,3047069,0.0,0.0
2024-08-20 00:00:00+07:00,34810.929580935306,35375.43380687939,34509.862953719465,34999.09765625,6055139,0.0,0.0
2024-08-21 00:00:00+07:00,34773.29644643466,35563.59776972952,34773.29644643466,35450.69921875,4629819,0.0,0.0
2024-08-22 00:00:00+07:00,35525.96481470713,35638.8671875,35262.53104105185,35638.8671875,3839419,0.0,0.0
2024-08-23 00:00:00+07:00,35638.8670747105,36128.101770257126,35187.265229260374,35751.765625,5184269,0.0,0.0
2024-08-26 00:00:00+07:00,36128.10127578961,36730.23451338464,35751.76513568322,36504.43359375,9307609,0.0,0.0
2024-08-27 00:00:00+07:00,36128.1015251588,36654.96906722758,35977.566303648,36165.734375,5194149,0.0,0.0
2024-08-28 00:00:00+07:00,36090.468853531165,36241.000253639264,35375.43323657956,35902.30078125,7776079,0.0,0.0
2024-08-29 00:00:00+07:00,35977.56713195903,36165.73520764322,34773.29679858477,34848.5625,12510419,0.0,0.0
2024-08-30 00:00:00+07:00,34848.56246957959,35074.363395774286,34472.23014068584,34961.46484375,8243949,0.0,0.0
2024-09-04 00:00:00+07:00,34547.4921875,34886.195452036074,34396.9608007246,34547.4921875,19376369,0.0,0.0
2024-09-05 00:00:00+07:00,34585.12540503735,34961.4615203026,33757.19130245788,33870.08984375,9731539,0.0,0.0
2024-09-06 00:00:00+07:00,33794.827828873116,34246.4296875,33493.761197170585,34246.4296875,4834439,0.0,0.0
2024-09-09 00:00:00+07:00,34208.79717560611,34246.43002717391,33719.5624609322,33757.1953125,3754789,0.0,0.0
2024-09-10 00:00:00+07:00,33982.99260081976,34020.625448353036,33267.95703125,33267.95703125,5933329,0.0,0.0
2024-09-11 00:00:00+07:00,33343.22687555955,33343.22687555955,32929.26167903367,32966.89453125,8353539,0.0,0.0
2024-09-12 00:00:00+07:00,33708.27180599738,34246.42999157934,32680.87890625,32680.87890625,6314900,0.0,1.3
2024-09-13 00:00:00+07:00,32827.64932049962,33267.9605632485,32485.18502058383,32680.87890625,6399800,0.0,0.0
2024-09-16 00:00:00+07:00,32974.41915264423,32974.41915264423,31800.255859375,31800.255859375,5253700,0.0,0.0
2024-09-17 00:00:00+07:00,31898.102877928257,33414.73046875,31849.179407256586,33414.73046875,6255800,0.0,0.0
2024-09-18 00:00:00+07:00,33463.65448369565,34197.506555706525,33365.80754076087,33757.1953125,9736200,0.0,0.0
2024-09-19 00:00:00+07:00,33952.88991374639,34099.66033124097,33659.34907875723,33855.04296875,6422000,0.0,0.0
2024-09-20 00:00:00+07:00,34246.43002717391,34295.35349864131,33610.42489809783,33757.1953125,7488800,0.0,0.0
2024-09-23 00:00:00+07:00,33855.04009046053,33855.04009046053,33414.72887541119,33463.65234375,6684100,0.0,0.0
2024-09-24 00:00:00+07:00,33512.57795516305,33757.1953125,33267.96059782609,33757.1953125,5748000,0.0,0.0
2024-09-25 00:00:00+07:00,33903.961957952946,34980.27821058637,33855.038491924155,34833.5078125,16210400,0.0,0.0
2024-09-26 00:00:00+07:00,34931.35674922199,35518.438375259335,34735.66287387621,35371.66796875,12836800,0.0,0.0
2024-09-27 00:00:00+07:00,35224.89771935933,35518.438533687324,34931.35690503134,35127.05078125,9822400,0.0,0.0
2024-09-30 00:00:00+07:00,35078.12529270266,36350.135414892706,34931.35489398842,35909.82421875,11352600,0.0,0.0
2024-10-01 00:00:00+07:00,36056.59709974315,36643.67873501712,35714.1328125,35714.1328125,9583000,0.0,0.0
2024-10-02 00:00:00+07:00,35518.438219007556,36056.596373841,35469.51475038633,35616.28515625,8093200,0.0,0.0
2024-10-03 00:00:00+07:00,35714.13122007524,36056.59549204857,35322.743480677156,35763.0546875,9079600,0.0,0.0
2024-10-04 00:00:00+07:00,35763.05250538793,35958.74636314655,35420.58825431034,35469.51171875,9665700,0.0,0.0
2024-10-07 00:00:00+07:00,35665.20562874003,36790.4453125,35322.741377160906,36790.4453125,9289400,0.0,0.0
2024-10-08 00:00:00+07:00,37083.9918209618,37573.22654155496,36447.986684190684,36496.91015625,13427300,0.0,0.0
2024-10-09 00:00:00+07:00,36399.060035093586,36937.21818077373,36350.13656730448,36594.75390625,7245200,0.0,0.0
2024-10-10 00:00:00+07:00,37083.98921488668,37083.98921488668,35616.28515625,35616.28515625,11371700,0.0,0.0
2024-10-11 00:00:00+07:00,35665.209893359905,36105.52112661126,35616.286422998644,36056.59765625,6732800,0.0,0.0
2024-10-14 00:00:00+07:00,36203.365016178475,36545.82927984503,35909.82421875,35909.82421875,4218100,0.0,0.0
2024-10-15 00:00:00+07:00,35909.8230360243,36301.2107530382,35224.89453125,35224.89453125,6789000,0.0,0.0
2024-10-16 00:00:00+07:00,35029.20472027972,35322.74554195804,34882.434309440556,34980.28125,4729300,0.0,0.0
2024-10-17 00:00:00+07:00,35224.89569141689,36007.67115122615,34784.58449527418,35909.82421875,6919000,0.0,0.0
2024-10-18 00:00:00+07:00,35811.98080418975,36007.67468836565,35322.74609375,35322.74609375,9672500,0.0,0.0
2024-10-21 00:00:00+07:00,35322.74247278792,35616.28326896067,34833.5078125,34833.5078125,8343200,0.0,0.0
2024-10-22 00:00:00+07:00,34833.50868300423,35175.9729537641,34246.4270759873,34686.73828125,15702300,0.0,0.0
2024-10-23 00:00:00+07:00,34686.7375574611,34882.431422383306,34393.19676007779,34588.890625,6163800,0.0,0.0
2024-10-24 00:00:00+07:00,34784.58821331522,34980.282099184784,33757.1953125,33757.1953125,9932200,0.0,0.0
2024-10-25 00:00:00+07:00,33757.1953125,33903.96572690218,33365.80754076087,33757.1953125,8164900,0.0,0.0
2024-10-28 00:00:00+07:00,34001.80786661256,34344.272118506495,33855.037472943724,33903.9609375,4351200,0.0,0.0
2024-10-29 00:00:00+07:00,34148.578260281385,34197.50172483766,33806.11400838745,33903.9609375,8704466,0.0,0.0
2024-10-31 00:00:00+07:00,33610.42015016234,34197.50172483766,33561.496685606064,33903.9609375,6895300,0.0,0.0
2024-11-01 00:00:00+07:00,33806.118403161876,33952.88881591077,33072.2663394174,33170.11328125,8176800,0.0,0.0
2024-11-04 00:00:00+07:00,33170.10910247093,34099.65493277616,32876.56831395349,33659.34375,7329300,0.0,0.0
2024-11-06 00:00:00+07:00,33708.269229479614,34197.50390625,33610.422294125536,34197.50390625,6925800,0.0,0.0
2024-11-07 00:00:00+07:00,34393.19558306277,34393.19558306277,33903.9609375,33903.9609375,5607300,0.0,0.0
2024-11-08 00:00:00+07:00,34050.73614130435,34197.506555706525,33708.27184103261,33757.1953125,5819500,0.0,0.0
2024-11-11 00:00:00+07:00,33708.26707927489,33952.884402056276,33365.802827380954,33903.9609375,6998700,0.0,0.0
2024-11-12 00:00:00+07:00,34148.582913669066,34833.511510791366,33952.889028776975,34001.8125,11467300,0.0,0.0
2024-11-13 00:00:00+07:00,33903.966441248194,34295.35422123374,33414.73171626626,33855.04296875,6300500,0.0,0.0
2024-11-14 00:00:00+07:00,33806.117430529215,34001.811308564116,32093.795997723824,32240.56640625,12275300,0.0,0.0
2024-11-15 00:00:00+07:00,32093.795230263157,32680.876850328947,31359.94320518092,31604.560546875,10873800,0.0,0.0
2024-11-18 00:00:00+07:00,31604.559741950758,32729.799485085226,31604.559741950758,32289.48828125,6116000,0.0,0.0
2024-11-19 00:00:00+07:00,32387.337675629846,32436.261146438952,31506.71520106589,31555.638671875,3871900,0.0,0.0
2024-11-20 00:00:00+07:00,31604.561460722478,32631.954325544724,31506.714521215596,31995.94921875,6170000,0.0,0.0
2024-11-21 00:00:00+07:00,31995.950824783507,32485.185546875,31947.027352574358,32485.185546875,2790100,0.0,0.0
2024-11-22 00:00:00+07:00,32485.18214962121,32778.72295217803,32191.641347064393,32289.48828125,5118300,0.0,0.0
2024-11-25 00:00:00+07:00,32289.487989738805,32778.72265625,32044.870656483206,32778.72265625,4903000,0.0,0.0
2024-11-26 00:00:00+07:00,32827.6484375,33219.03619830477,32680.87802719821,32827.6484375,4783200,0.0,0.0
2024-11-27 00:00:00+07:00,32778.723528860566,32925.49393272114,32485.18272113943,32631.953125,2455300,0.0,0.0
2024-11-28 00:00:00+07:00,33072.26412395991,33072.26412395991,32338.412109375,32338.412109375,2518000,0.0,0.0
2024-11-29 00:00:00+07:00,32338.412469316463,32631.953278417674,32142.718596582326,32387.3359375,3543200,0.0,0.0
2024-12-02 00:00:00+07:00,32876.57098416289,32876.57098416289,32387.336296898564,32436.259765625,2530500,0.0,0.0
2024-12-03 00:00:00+07:00,32338.4117483428,32534.105616714016,32240.5648141572,32289.48828125,3287000,0.0,0.0
2024-12-04 00:00:00+07:00,32240.567094350965,32240.567094350965,31702.408918269233,31800.255859375,5061900,0.0,0.0
2024-12-05 00:00:00+07:00,31800.256294964027,34001.8125,31408.868525179856,34001.8125,15133000,0.0,0.0
2024-12-06 00:00:00+07:00,34099.6578439296,34491.04559536638,33708.270092492814,34050.734375,7668700,0.0,0.0
2024-12-09 00:00:00+07:00,34050.73668400287,34197.50710074426,33806.11932276722,34099.66015625,5083800,0.0,0.0
2024-12-10 00:00:00+07:00,34050.73685874278,34148.583803739166,33757.19602375361,33855.04296875,3817200,0.0,0.0
2024-12-11 00:00:00+07:00,33806.118783967395,34148.58308423913,33463.65448369565,33757.1953125,3881400,0.0,0.0
2024-12-12 00:00:00+07:00,33806.116467480046,34148.580744285195,33659.34606313498,33708.26953125,4054700,0.0,0.0
2024-12-13 00:00:00+07:00,33365.80540707237,33708.26968544408,33219.03500205592,33463.65234375,3446900,0.0,0.0
2024-12-16 00:00:00+07:00,33463.65518876445,33855.04296875,33267.961298771676,33855.04296875,2595500,0.0,0.0
2024-12-17 00:00:00+07:00,33903.961073764534,34001.80800327035,33659.34375,33659.34375,2478000,0.0,0.0
2024-12-18 00:00:00+07:00,33659.34606313498,33757.19299936503,33414.72872255987,33708.26953125,2201500,0.0,0.0
2024-12-19 00:00:00+07:00,33267.95603197674,33659.34375,32876.56831395349,33659.34375,7242800,0.0,0.0
2024-12-20 00:00:00+07:00,33365.80699807833,33463.65393942167,33170.11311539165,33414.73046875,3726800,0.0,0.0
2024-12-23 00:00:00+07:00,33610.42346938776,33610.42346938776,33365.80612244898,33561.5,1793500,0.0,0.0
2024-12-24 00:00:00+07:00,33561.50357010386,33561.50357010386,32827.65145122404,32974.421875,3829700,0.0,0.0
2024-12-25 00:00:00+07:00,33023.344282670456,33952.89026988637,33023.344282670456,33365.80859375,5100700,0.0,0.0
2024-12-26 00:00:00+07:00,33365.806444156806,33463.65338387574,33072.265625,33072.265625,4509000,0.0,0.0
2024-12-27 00:00:00+07:00,33170.110243055555,33267.95717592593,32974.41637731482,33023.33984375,4346500,0.0,0.0
2024-12-30 00:00:00+07:00,33170.111118861605,33463.65192522321,32876.5703125,32876.5703125,2518300,0.0,0.0
2024-12-31 00:00:00+07:00,32925.49679675734,33023.34374117564,32485.185546875,32485.185546875,2867800,0.0,0.0
2025-01-02 00:00:00+07:00,32534.106038411457,32974.41724795387,32485.182570684523,32876.5703125,3356500,0.0,0.0
2025-01-03 00:00:00+07:00,32827.64693990568,32876.57040777439,32093.794921875,32093.794921875,6615800,0.0,0.0
2025-01-06 00:00:00+07:00,32142.718698601973,32338.412571957237,31408.866673519737,31604.560546875,4542400,0.0,0.0
2025-01-07 00:00:00+07:00,31800.25473540684,31849.178204230542,31066.4027030513,31115.326171875,6863920,0.0,0.0
2025-01-08 00:00:00+07:00,30870.70937925253,31898.102242904355,30870.70937925253,31457.791015625,3417200,0.0,0.0
2025-01-09 00:00:00+07:00,31457.790453640922,31702.407797759435,31115.326171875,31115.326171875,1956600,0.0,0.0
2025-01-10 00:00:00+07:00,31213.17290426587,31555.63718377976,30821.78515625,30821.78515625,4485300,0.0,0.0
2025-01-13 00:00:00+07:00,30528.245091368586,31457.791015625,30283.627742880057,31457.791015625,4425100,0.0,0.0
2025-01-14 00:00:00+07:00,31311.020408163266,31506.714285714286,31164.25,31164.25,2195100,0.0,0.0
2025-01-15 00:00:00+07:00,31213.174897620906,31653.486142258193,31213.174897620906,31359.9453125,3139400,0.0,0.0
2025-01-16 00:00:00+07:00,31506.71238425926,32534.10517939815,31506.71238425926,31702.40625,5197700,0.0,0.0
2025-01-17 00:00:00+07:00,31604.561621244222,31995.94938125963,31604.561621244222,31751.33203125,2520830,0.0,0.0
2025-01-20 00:00:00+07:00,31800.256025920542,32093.796850775194,31506.71520106589,31555.638671875,2216400,0.0,0.0
2025-01-21 00:00:00+07:00,31555.636420562976,32436.25883229962,31555.636420562976,32044.87109375,5749396,0.0,0.0
2025-01-22 00:00:00+07:00,32338.413507024085,32338.413507024085,31995.94921875,31995.94921875,3051800,0.0,0.0
2025-01-23 00:00:00+07:00,32240.56769701087,34148.58308423913,32093.797282608695,33757.1953125,12529100,0.0,0.0
2025-01-24 00:00:00+07:00,33708.26721475291,33757.19067950582,33316.87949672965,33659.34375,4068200,0.0,0.0
2025-02-03 00:00:00+07:00,33561.49897559438,34295.35099401117,33072.26429664985,33952.88671875,10949400,0.0,0.0
2025-02-04 00:00:00+07:00,34295.35171964799,34442.122126436785,33855.04049928161,34050.734375,7354900,0.0,0.0
2025-02-05 00:00:00+07:00,34246.42752611671,34246.42752611671,33708.269379277735,33952.88671875,7063500,0.0,0.0
2025-02-06 00:00:00+07:00,34100.72177933674,34642.78527582908,33805.05078125,33805.05078125,8264100,250.0,0.0
2025-02-07 00:00:00+07:00,33805.05237100291,34002.16637899709,33558.65986101017,33903.609375,4898000,0.0,0.0
2025-02-10 00:00:00+07:00,33607.937646766615,34593.50766573338,33509.38064486994,34100.72265625,14484300,0.0,0.0
2025-02-11 00:00:00+07:00,34248.55815909502,34494.9506638367,34002.165654353324,34100.72265625,6772500,0.0,0.0
2025-02-12 00:00:00+07:00,34199.279658146676,34642.78616668172,34100.72265625,34100.72265625,6594800,0.0,0.0
2025-02-13 00:00:00+07:00,34100.72351808739,34396.39453125,33805.05250492479,34396.39453125,4714900,0.0,0.0
2025-02-14 00:00:00+07:00,34987.73393299151,35332.68342247171,34741.34144050566,34839.8984375,12888400,0.0,0.0
2025-02-17 00:00:00+07:00,34938.4586190225,35381.96514592124,34692.06610407876,35037.015625,10084600,0.0,0.0
2025-02-18 00:00:00+07:00,35086.29382834262,35628.357356589484,34889.17981807103,35381.96484375,11035700,0.0,0.0
2025-02-19 00:00:00+07:00,35480.52040289256,35825.46990680957,35283.40640065427,35776.19140625,7409400,0.0,0.0
2025-02-20 00:00:00+07:00,35973.30540848829,36071.862409607435,35529.79890345214,35776.19140625,8626100,0.0,0.0
2025-02-21 00:00:00+07:00,35628.35705818966,35776.192564655175,35332.68604525862,35726.9140625,7671600,0.0,0.0
2025-02-24 00:00:00+07:00,35726.91419536565,36268.977721088435,35480.52168367347,36219.69921875,8573000,0.0,0.0
2025-02-25 00:00:00+07:00,36416.8120647928,36860.318571671196,36121.1410602072,36268.9765625,13209100,0.0,0.0
2025-02-26 00:00:00+07:00,36416.81279350239,36663.2053022541,36071.86328125,36071.86328125,12293200,0.0,0.0
2025-02-27 00:00:00+07:00,36219.69806173573,36318.25506326427,35677.634553328804,36268.9765625,7282100,0.0,0.0
2025-02-28 00:00:00+07:00,36121.14134837963,36564.64785879629,35924.02734375,35924.02734375,6514800,0.0,0.0
2025-03-03 00:00:00+07:00,35973.30570333445,37254.54672838472,35726.91319851709,36761.76171875,12212700,0.0,0.0
2025-03-04 00:00:00+07:00,36663.20514853138,36958.876157793726,36071.86313000668,36909.59765625,8147400,0.0,0.0
2025-03-05 00:00:00+07:00,36860.31944912399,37303.825966559976,36466.09143362534,36564.6484375,9012400,0.0,0.0
2025-03-06 00:00:00+07:00,36613.92580154221,37944.4453125,36613.92580154221,37944.4453125,13621300,0.0,0.0
2025-03-07 00:00:00+07:00,38141.560614569964,38634.345635430036,37747.3325978819,38387.953125,10538000,0.0,0.0
2025-03-10 00:00:00+07:00,38634.3425955414,39324.24157046178,38338.671606289805,38683.62109375,13955900,0.0,0.0
2025-03-11 00:00:00+07:00,38387.95325867395,38930.016783507606,38141.56074738593,38880.73828125,10630100,0.0,0.0
2025-03-12 00:00:00+07:00,39225.684574044586,39324.24157046178,38387.950104498406,38683.62109375,9691800,0.0,0.0
2025-03-13 00:00:00+07:00,38634.34403153153,38930.01503177285,38043.002031048905,38289.39453125,10374700,0.0,0.0
2025-03-14 00:00:00+07:00,38141.55788078406,38634.3428663239,37944.44388656812,38338.671875,6108000,0.0,0.0
2025-03-17 00:00:00+07:00,38535.78876544677,38880.73828125,38338.67475641635,38880.73828125,6424600,0.0,0.0
2025-03-18 00:00:00+07:00,39127.13109414962,39127.13109414962,38535.7890625,38535.7890625,8146873,0.0,0.0
2025-03-19 00:00:00+07:00,38535.78936491936,38535.78936491936,38043.00433467742,38190.83984375,8197500,0.0,0.0
2025-03-20 00:00:00+07:00,38387.951251594386,39028.57174744898,38240.11575255102,38634.34375,8059900,0.0,0.0
2025-03-21 00:00:00+07:00,38437.23205722506,38979.29558623721,38437.23205722506,38535.7890625,12817200,0.0,0.0
2025-03-24 00:00:00+07:00,38585.06726770437,38880.73828125,37796.6112315827,38880.73828125,9763500,0.0,0.0
2025-03-25 00:00:00+07:00,38979.292803697186,39176.40680017606,38289.393816021126,38486.5078125,6651000,0.0,0.0
2025-03-26 00:00:00+07:00,38387.950200398765,38535.78569539388,37747.329722086586,37845.88671875,7675700,0.0,0.0
2025-03-27 00:00:00+07:00,37500.9395245186,38190.83854336652,37500.9395245186,37747.33203125,7127800,0.0,0.0
2025-03-28 00:00:00+07:00,37895.168266076114,38092.28227526247,37008.15522473754,37550.21875,9316800,0.0,0.0
2025-03-31 00:00:00+07:00,37254.547017787205,37895.16753528884,37254.547017787205,37747.33203125,7304800,0.0,0.0
2025-04-01 00:00:00+07:00,37944.44546274038,38437.23046875,37698.05295973558,38437.23046875,6249400,0.0,0.0
2025-04-02 00:00:00+07:00,38437.23046875,38979.293975360575,38092.28096454327,38437.23046875,9667700,0.0,0.0
2025-04-03 00:00:00+07:00,37500.93892583506,37648.774427513774,35776.19140625,35776.19140625,20816600,0.0,0.0
2025-04-04 00:00:00+07:00,33509.37985641892,36466.08984375,33312.26585726351,36466.08984375,17504100,0.0,0.0
2025-04-08 00:00:00+07:00,35184.84922668723,35480.52022859216,33952.88671875,33952.88671875,6872100,0.0,0.0
2025-04-09 00:00:00+07:00,31587.51953125,34199.28011651716,31587.51953125,31587.51953125,20599600,0.0,0.0
2025-04-10 00:00:00+07:00,33755.7734375,33755.7734375,33755.7734375,33755.7734375,344800,0.0,0.0
2025-04-11 00:00:00+07:00,33755.77288330751,35825.46990680957,33706.49438274794,35776.19140625,15848500,0.0,0.0
2025-04-14 00:00:00+07:00,36022.58420429792,36761.76171875,35579.07769562668,36761.76171875,11510600,0.0,0.0
2025-04-15 00:00:00+07:00,36170.41868578767,36663.20368150685,35529.79819135274,35973.3046875,8622200,0.0,0.0
2025-04-16 00:00:00+07:00,36071.86255944293,36860.318571671196,36071.86255944293,36268.9765625,11600900,0.0,0.0
2025-04-17 00:00:00+07:00,35776.192538646945,37057.43359375,35776.192538646945,37057.43359375,9890000,0.0,0.0
2025-04-18 00:00:00+07:00,37303.82315915992,38092.279130819836,36515.3671875,36515.3671875,12113100,0.0,0.0
2025-04-21 00:00:00+07:00,36663.20259978992,36909.5950903799,34987.73366377801,35184.84765625,16991100,0.0,0.0
2025-04-22 00:00:00+07:00,34593.50724511173,35726.91275314246,32770.20273219274,35283.40625,15018300,0.0,0.0
2025-04-23 00:00:00+07:00,36367.533412964876,36367.533412964876,35579.07740401171,35776.19140625,5063300,0.0,0.0
2025-04-24 00:00:00+07:00,35924.02820471939,36416.81322810374,35381.9646789966,36219.69921875,6724600,0.0,0.0
2025-04-25 00:00:00+07:00,36318.253739683634,36318.253739683634,35726.91175206327,35825.46875,6643800,0.0,0.0
2025-04-28 00:00:00+07:00,35924.02820471939,36268.977721088435,35677.63569302721,36219.69921875,5789300,0.0,0.0
2025-04-29 00:00:00+07:00,36219.69734480574,36466.08984375,36022.58334565034,36466.08984375,5562300,0.0,0.0
2025-05-05 00:00:00+07:00,36958.87484163851,37057.43184121622,36367.532844172296,36466.08984375,5910135,0.0,0.0
2025-05-06 00:00:00+07:00,36663.2038429054,37106.71034100506,36367.532844172296,36466.08984375,7603969,0.0,0.0
2025-05-07 00:00:00+07:00,36268.97802197802,36416.81353021978,35776.192994505494,35874.75,8553676,0.0,0.0
2025-05-08 00:00:00+07:00,35924.02591269505,36613.92490141621,35874.74741350068,36318.25390625,5936503,0.0,0.0
2025-05-09 00:00:00+07:00,36367.532238652,36515.36773555708,35825.46875,35825.46875,5256717,0.0,0.0
2025-05-12 00:00:00+07:00,35874.74884259259,36071.86284722222,35431.24233217593,35924.02734375,7637393,0.0,0.0
2025-05-13 00:00:00+07:00,36613.92490141621,37008.152894971165,36170.41840866689,36318.25390625,8022453,0.0,0.0
2025-05-14 00:00:00+07:00,36318.25379745524,37353.102277437,36121.13980126823,37155.98828125,16197930,0.0,0.0
2025-05-15 00:00:00+07:00,37550.21555491425,37599.494053017814,37155.98757008575,37353.1015625,8589858,0.0,0.0
2025-05-16 00:00:00+07:00,37451.65882989347,37944.44381449733,36909.59534682923,37008.15234375,10661420,0.0,0.0
2025-05-19 00:00:00+07:00,36761.75995189033,36761.75995189033,36071.860971559945,36170.41796875,8253095,0.0,0.0
2025-05-20 00:00:00+07:00,36170.4199932341,37008.15451623816,35973.305987821375,36416.8125,6926470,0.0,0.0
2025-05-21 00:00:00+07:00,36663.2038429054,36909.59634184966,36170.41884501689,36466.08984375,6861107,0.0,0.0
2025-05-22 00:00:00+07:00,36170.41868578767,37106.71017765411,35973.3046875,35973.3046875,10252860,0.0,0.0
2025-05-23 00:00:00+07:00,35874.74956896552,36268.9775862069,35628.35705818966,35726.9140625,5023001,0.0,0.0
2025-05-26 00:00:00+07:00,35874.74784628378,36466.08984375,34889.177850506756,36466.08984375,7760673,0.0,0.0
2025-05-27 00:00:00+07:00,36663.2038429054,36860.31784206081,36318.254344383444,36466.08984375,7688845,0.0,0.0
2025-05-28 00:00:00+07:00,36663.20648084815,37008.15600418946,35973.30743416552,36022.5859375,10951300,0.0,0.0
2025-05-29 00:00:00+07:00,36268.975968188104,36268.975968188104,35628.35546875,35628.35546875,7401620,0.0,0.0
2025-05-30 00:00:00+07:00,35677.633528645834,36663.203515625,35480.51953125,35480.51953125,7557098,0.0,0.0
2025-06-02 00:00:00+07:00,35381.96340177341,35924.02690792872,35332.68490121384,35776.19140625,4980671,0.0,0.0
2025-06-03 00:00:00+07:00,36416.810630880376,37254.5451108871,36268.9751344086,36663.203125,18110420,0.0,0.0
2025-06-04 00:00:00+07:00,36909.59662772851,36909.59662772851,36071.862124829466,36121.140625,6733189,0.0,0.0
2025-06-05 00:00:00+07:00,36071.86141027816,36515.36790302747,36022.58291108379,36318.25390625,5472223,0.0,0.0
2025-06-06 00:00:00+07:00,36170.42088483635,36268.97788997214,35381.96484375,35381.96484375,11263420,0.0,0.0
2025-06-09 00:00:00+07:00,35381.96545410156,35628.357971191406,34692.06640625,34692.06640625,6812747,0.0,0.0
2025-06-10 00:00:00+07:00,34642.78602675423,35234.128035745765,34642.78602675423,34938.45703125,4649589,0.0,0.0
2025-06-11 00:00:00+07:00,35037.014032748586,35135.57103424718,34889.17853050071,34938.45703125,2549822,0.0,0.0
2025-06-12 00:00:00+07:00,35135.570469182225,35677.633968706774,35135.570469182225,35628.35546875,5333717,0.0,0.0
2025-06-13 00:00:00+07:00,35135.569428483024,35381.96192096888,34692.06294200849,34839.8984375,7422690,0.0,0.0
2025-06-16 00:00:00+07:00,34790.62281293524,35431.2433463179,34741.34431036734,35381.96484375,4737044,0.0,0.0
2025-06-17 00:00:00+07:00,35628.35778757802,35628.35778757802,35283.40826542996,35529.80078125,4802542,0.0,0.0
2025-06-18 00:00:00+07:00,35431.24291411713,35924.027933784964,35184.850404283214,35234.12890625,6310565,0.0,0.0
2025-06-19 00:00:00+07:00,35135.571470110604,35332.68547555302,35037.014467389396,35086.29296875,2914529,0.0,0.0
2025-06-20 00:00:00+07:00,35332.684750349166,35579.077252094976,34987.73524790503,35283.40625,3981791,0.0,0.0
2025-06-23 00:00:00+07:00,34741.34490966797,34987.73742675781,34593.50939941406,34692.06640625,7040880,0.0,0.0
2025-06-24 00:00:00+07:00,35037.01374825419,35776.19125349162,35037.01374825419,35283.40625,8289711,0.0,0.0
2025-06-25 00:00:00+07:00,35431.24059122211,35825.46858111053,35086.291100069735,35332.68359375,6470869,0.0,0.0
2025-06-26 00:00:00+07:00,35480.519366197186,35480.519366197186,34889.17737676056,34987.734375,4495347,0.0,0.0
2025-06-27 00:00:00+07:00,35037.014032748586,35332.68503724436,34839.90002975141,34938.45703125,5109727,0.0,0.0
2025-06-30 00:00:00+07:00,35283.407408216786,35628.35692198427,35234.12890625,35234.12890625,4998926,0.0,0.0
2025-07-01 00:00:00+07:00,35234.12920418432,35332.68620895127,34790.622682733054,34889.1796875,4512112,0.0,0.0
2025-07-02 00:00:00+07:00,34889.17769691781,36416.81118364726,34889.17769691781,35973.3046875,11610320,0.0,0.0
2025-07-03 00:00:00+07:00,35973.3055579144,36761.76157014266,35726.91305409307,36268.9765625,16710330,0.0,0.0
2025-07-04 00:00:00+07:00,36466.088960320165,36663.202954700275,35973.30397436989,36170.41796875,5250269,0.0,0.0
2025-07-07 00:00:00+07:00,36466.09143362534,36860.31944912399,36416.81293168801,36564.6484375,11368760,0.0,0.0
2025-07-08 00:00:00+07:00,36663.2028545273,37106.70934067077,36564.64585760652,37008.15234375,11522370,0.0,0.0
2025-07-09 00:00:00+07:00,37057.4341503268,38338.6752246732,37057.4341503268,37698.0546875,19295600,0.0,0.0
2025-07-10 00:00:00+07:00,38092.27921040853,38190.83620707194,37353.101735432945,37845.88671875,14353140,0.0,0.0
2025-07-11 00:00:00+07:00,37895.16644145859,40457.6484375,37648.77394183922,40457.6484375,30076600,0.0,0.0
2025-07-14 00:00:00+07:00,41591.05570978391,41837.44821991296,40654.764171293515,41048.9921875,13590390,0.0,0.0
2025-07-15 00:00:00+07:00,41098.26849022005,42970.851466992666,40260.534000611246,40309.8125,25100280,0.0,0.0
2025-07-16 00:00:00+07:00,40408.37052233214,41541.77603698291,40112.69951851019,41098.26953125,16258960,0.0,0.0
2025-07-17 00:00:00+07:00,41393.942002118645,41541.777509269064,40457.65045683263,40704.04296875,18860810,0.0,0.0
2025-07-18 00:00:00+07:00,40901.15552870204,41985.282542715824,40802.59852742806,41098.26953125,14725170,0.0,0.0
2025-07-21 00:00:00+07:00,41098.270410516605,41147.54891220787,40014.14337330873,40063.421875,20158140,0.0,0.0
2025-07-22 00:00:00+07:00,39767.74889595808,41196.82537425149,39422.799401197604,41147.546875,16978390,0.0,0.0
2025-07-23 00:00:00+07:00,41492.49592472957,42576.62289663462,40802.59694260817,40999.7109375,17092020,0.0,0.0
2025-07-24 00:00:00+07:00,41147.54875753012,41295.384262048196,40359.09273343373,40901.15625,9912031,0.0,0.0
2025-07-25 00:00:00+07:00,40950.4340429007,42527.34606380662,40901.15554224738,42428.7890625,26121300,0.0,0.0
2025-07-28 00:00:00+07:00,43660.75059962458,45336.21958426029,43069.408605047276,44301.37109375,19924820,0.0,0.0
2025-07-29 00:00:00+07:00,45139.10706018518,45139.10706018518,41246.10546875,41246.10546875,29353850,0.0,0.0
2025-07-30 00:00:00+07:00,41344.66131227625,41936.00330959129,40408.36981652745,41295.3828125,17301570,0.0,0.0
2025-07-31 00:00:00+07:00,41393.94054878048,42527.34606380662,40309.813534407665,42428.7890625,15343920,0.0,0.0
2025-08-01 00:00:00+07:00,42576.62345331834,45385.497917252535,41936.00296154387,43808.5859375,27628250,0.0,0.0
2025-08-04 00:00:00+07:00,43414.35723596725,44301.37021014137,43167.9647431411,44005.69921875,14476750,0.0,0.0
2025-08-05 00:00:00+07:00,44646.32047454967,47060.96694613128,41393.939512827514,45139.10546875,33395040,0.0,0.0
2025-08-06 00:00:00+07:00,46124.67650214592,46223.233503218886,44991.270989806864,45927.5625,12578430,0.0,0.0
2025-08-07 00:00:00+07:00,46469.62439096102,46814.573882728495,45286.94041918683,45829.00390625,13878410,0.0,0.0
2025-08-08 00:00:00+07:00,46371.07108516483,47405.91964285714,44350.65247252747,44843.4375,18378870,0.0,0.0
2025-08-11 00:00:00+07:00,44941.993055555555,45927.5630787037,44449.20804398148,45237.6640625,14542480,0.0,0.0
2025-08-12 00:00:00+07:00,45779.7290521978,45779.7290521978,44449.20947802198,44843.4375,11945170,0.0,0.0
2025-08-13 00:00:00+07:00,45336.21908244681,46420.34606050532,44350.64910239362,46321.7890625,19371310,0.0,0.0
2025-08-14 00:00:00+07:00,46716.01850858369,47553.753017703864,45829.005498927036,45927.5625,13872950,0.0,0.0
2025-08-15 00:00:00+07:00,46173.953788976265,46518.903283664455,43956.42132312362,44646.3203125,18418600,0.0,0.0
2025-08-18 00:00:00+07:00,44449.209216994386,44843.43723665731,43562.19617275281,43857.8671875,13903310,0.0,0.0
2025-08-19 00:00:00+07:00,43907.14453125,46321.79108796296,43463.638020833336,45237.6640625,21209630,0.0,0.0
2025-08-20 00:00:00+07:00,45089.829418628244,45533.3359375,42379.51180330086,45533.3359375,15828710,0.0,0.0
2025-08-21 00:00:00+07:00,45631.88974184782,47800.143682065216,45237.66175271739,45336.21875,22621300,0.0,0.0
2025-08-22 00:00:00+07:00,44646.319626876444,45040.54761475173,42379.50869659353,42675.1796875,15160790,0.0,0.0
2025-08-25 00:00:00+07:00,43365.08250584112,44153.53855140187,41443.2208947868,42182.3984375,9729692,0.0,0.0
2025-08-26 00:00:00+07:00,41936.004210746105,44301.372250835186,41936.004210746105,44252.09375,7894248,0.0,0.0
2025-08-27 00:00:00+07:00,44498.48698353607,45139.107504893735,44054.98046875,44054.98046875,10704080,0.0,0.0
2025-08-28 00:00:00+07:00,44153.53675675676,45779.72728462838,43956.42275337838,45582.61328125,12812590,0.0,0.0
2025-08-29 00:00:00+07:00,46173.95586544689,48736.437941224096,46124.67736398964,47553.75390625,24127900,0.0,0.0
2025-09-03 00:00:00+07:00,47652.309594828715,48095.8160957113,46666.739592867416,47110.24609375,10139790,0.0,0.0
2025-09-04 00:00:00+07:00,47208.80554655083,47898.70458376556,46765.29902262708,47504.4765625,10820510,0.0,0.0
2025-09-05 00:00:00+07:00,47997.257676630434,48194.37167119565,45336.21875,45336.21875,18178360,0.0,0.0
2025-09-08 00:00:00+07:00,44695.60009255226,45336.220601045294,42428.7890625,42428.7890625,21400870,0.0,0.0
2025-09-09 00:00:00+07:00,42872.2957266147,44252.09375,42428.789219098,44252.09375,10049190,0.0,0.0
2025-09-10 00:00:00+07:00,44252.093447465835,44399.9289489607,43266.5234375,43266.5234375,7213990,0.0,0.0
2025-09-11 00:00:00+07:00,43167.96815308989,43857.8671875,41492.49906952247,43857.8671875,11468190,0.0,0.0
2025-09-12 00:00:00+07:00,43907.14249435666,44252.091986455984,43562.193002257336,43660.75,5738484,0.0,0.0
2025-09-15 00:00:00+07:00,44153.53488372093,44695.59837001661,43956.42088870432,44498.484375,6088360,0.0,0.0
2025-09-16 00:00:00+07:00,45139.105707908166,45188.38420758929,43463.63671875,43463.63671875,7708922,0.0,0.0
2025-09-17 00:00:00+07:00,43365.08101851852,43710.03052662037,42527.34649884259,42576.625,6943657,0.0,0.0
2025-09-18 00:00:00+07:00,42773.737843208095,42970.85184248555,42182.39584537572,42625.90234375,5755157,0.0,0.0
2025-09-19 00:00:00+07:00,42823.01573503521,42970.851232394365,41985.28125,41985.28125,5245364,0.0,0.0
2025-09-22 00:00:00+07:00,42280.95429216867,42478.068298192775,40704.042243975906,40901.15625,7916815,0.0,0.0
2025-09-23 00:00:00+07:00,41147.54731317124,41837.44631003878,41147.54731317124,41295.3828125,3682269,0.0,0.0
2025-09-24 00:00:00+07:00,41393.94222508591,43020.1328125,41048.992706543526,43020.1328125,8223401,0.0,0.0
2025-09-25 00:00:00+07:00,43167.96528370307,43315.80078125,42675.18029187998,43315.80078125,5396072,0.0,0.0
2025-09-26 00:00:00+07:00,43217.24625272529,43217.24625272529,42083.84070675872,42379.51171875,6124425,0.0,0.0
2025-09-29 00:00:00+07:00,42379.511853448275,42872.296875,41886.72683189655,42872.296875,4643507,0.0,0.0
2025-09-30 00:00:00+07:00,42773.737126006905,43266.522115937856,41936.00264312428,42823.015625,7894146,0.0,0.0
2025-10-01 00:00:00+07:00,42823.017799190486,43167.967309655774,42231.67578125,42231.67578125,5222338,0.0,0.0
2025-10-02 00:00:00+07:00,42576.62307007126,42625.90156899495,41492.49609375,41492.49609375,5077866,0.0,0.0
2025-10-03 00:00:00+07:00,41492.49592472957,41738.88841834435,40605.482947716344,40999.7109375,5982077,0.0,0.0
2025-10-06 00:00:00+07:00,41492.49906952247,43857.8671875,41492.49906952247,43857.8671875,10263450,0.0,0.0
2025-10-07 00:00:00+07:00,44054.97973772962,44054.97973772962,42872.2957179248,42921.57421875,9008451,0.0,0.0
2025-10-08 00:00:00+07:00,43759.30682791096,44153.534817351596,42478.06586222888,43167.96484375,12481030,0.0,0.0
2025-10-09 00:00:00+07:00,43266.52475472383,43512.91726471657,42182.39771075581,42379.51171875,7851701,0.0,0.0
2025-10-10 00:00:00+07:00,42379.51070967279,44252.093741030425,42379.51070967279,42921.57421875,13136520,0.0,0.0
2025-10-13 00:00:00+07:00,42527.34749200994,43660.75304509943,42280.95498046875,43365.08203125,7995091,0.0,0.0
2025-10-14 00:00:00+07:00,43857.86677870639,44498.4873046875,41886.726698764534,42379.51171875,16108790,0.0,0.0
2025-10-15 00:00:00+07:00,42675.180683479535,42872.29468201754,41936.00318896199,42133.1171875,7904271,0.0,0.0
2025-10-16 00:00:00+07:00,42478.069021102,43118.68955158265,41936.00549531067,42034.5625,8967715,0.0,0.0
2025-10-17 00:00:00+07:00,42280.95162581943,42970.8506033969,41295.381657851605,41344.66015625,12199000,0.0,0.0
2025-10-20 00:00:00+07:00,41196.82526408451,41886.72425176056,38486.5078125,38486.5078125,13016770,0.0,0.0
2025-10-21 00:00:00+07:00,38387.95075741877,38930.014246933024,36515.36779364224,37155.98828125,16468590,0.0,0.0
2025-10-22 00:00:00+07:00,37747.331,37796.6095,35973.305,36958.875,10772040,0.0,0.0
2025-10-23 00:00:00+07:00,37353.10357931386,37599.49608313519,36268.9765625,36268.9765625,6812973,0.0,0.0
2025-10-24 00:00:00+07:00,36367.53528158423,37205.26983414104,35973.30725685161,36860.3203125,15331390,0.0,0.0
2025-10-27 00:00:00+07:00,37550.21935578209,37845.89037433155,36416.8137846758,36860.3203125,9433441,0.0,0.0
2025-10-28 00:00:00+07:00,37106.70994559882,37648.7734375,36712.48195148887,37648.7734375,7921609,0.0,0.0
2025-10-29 00:00:00+07:00,37845.88771466314,37895.16621429161,37155.988719864596,37303.82421875,6622543,0.0,0.0
2025-10-30 00:00:00+07:00,37402.382970434635,37402.382970434635,36466.09143362534,36564.6484375,6630810,0.0,0.0
2025-10-31 00:00:00+07:00,36564.6484375,37205.26896268531,36466.09143362534,36564.6484375,10382550,0.0,0.0
2025-11-03 00:00:00+07:00,36712.48201497396,37008.153011067705,35480.51953125,35480.51953125,9349223,0.0,0.0
2025-11-04 00:00:00+07:00,35184.84928977273,37944.4453125,35184.84928977273,37944.4453125,18765740,0.0,0.0
2025-11-05 00:00:00+07:00,37895.16604961512,37944.44454902945,36761.76056308568,36811.0390625,8869090,0.0,0.0
2025-11-06 00:00:00+07:00,36958.87557319973,37106.71107549252,36219.69806173573,36268.9765625,6457658,0.0,0.0
2025-11-07 00:00:00+07:00,36268.97552083333,36515.36801757813,35086.29153645833,35480.51953125,7829574,0.0,0.0
2025-11-10 00:00:00+07:00,35480.52025139665,36416.81175803073,35037.01374825419,35283.40625,7687398,0.0,0.0
2025-11-11 00:00:00+07:00,35480.518988419615,36268.974965940055,35431.24048982459,36170.41796875,5070223,0.0,0.0
2025-11-12 00:00:00+07:00,36268.977288251364,36613.92680050376,35825.470772498295,36071.86328125,14893610,0.0,0.0
2025-11-13 00:00:00+07:00,36219.69746823133,36367.53296810166,35529.798468836445,35628.35546875,13623620,0.0,0.0
2025-11-14 00:00:00+07:00,35579.07842001748,35924.027933784964,35086.29340034965,35234.12890625,14077930,0.0,0.0
2025-11-17 00:00:00+07:00,35480.51881906077,35924.02530429903,35184.84782890193,35677.6328125,8685542,0.0,0.0
2025-11-18 00:00:00+07:00,35874.75,36219.699519230766,35628.35748626373,35874.75,12570230,0.0,0.0
2025-11-19 00:00:00+07:00,35874.748254189944,35924.02675453911,35135.570748952516,35283.40625,9600912,0.0,0.0
2025-11-20 00:00:00+07:00,35283.40801087732,35431.24351930278,34347.11645751605,34544.23046875,16618660,0.0,0.0
2025-11-21 00:00:00+07:00,34494.94859898108,34494.94859898108,33805.049627001456,33854.328125,11866850,0.0,0.0
2025-11-24 00:00:00+07:00,33854.33160293311,34347.11663354349,33607.93908762792,33706.49609375,7198664,0.0,0.0
2025-11-25 00:00:00+07:00,33657.21495518956,33903.6074512012,32819.48046875,32819.48046875,16569100,0.0,0.0
2025-11-26 00:00:00+07:00,33115.15334302325,34297.83739098837,33016.59633902616,33903.609375,10589340,0.0,0.0
2025-11-27 00:00:00+07:00,34002.16742060561,34100.72442762186,33213.711364475625,33361.546875,7501178,0.0,0.0
2025-11-28 00:00:00+07:00,33657.216290509255,33854.33029513889,33262.98828125,33262.98828125,6215554,0.0,0.0
2025-12-01 00:00:00+07:00,33509.38108158683,33558.659583177396,32918.0390625,32918.0390625,6312651,0.0,0.0
2025-12-02 00:00:00+07:00,32918.03692555147,33706.49289981618,32819.479928768385,33509.37890625,11409370,0.0,0.0
2025-12-03 00:00:00+07:00,33706.493506493505,34248.556998557,33410.82251082251,34150.0,7363359,0.0,0.0
2025-12-04 00:00:00+07:00,34297.83795470756,34593.50897155848,34100.72394347361,34544.23046875,11792540,0.0,0.0
2025-12-05 00:00:00+07:00,34593.50722287736,34593.50722287736,33903.60821843251,33952.88671875,7071321,0.0,0.0
2025-12-08 00:00:00+07:00,34002.16742060561,34002.16742060561,33213.711364475625,33361.546875,6689711,0.0,0.0
2025-12-09 00:00:00+07:00,33164.43099340176,34297.83651026393,32918.03848973607,33607.9375,12997530,0.0,0.0
2025-12-10 00:00:00+07:00,34002.16477997449,34297.83577806123,33607.93678252551,33805.05078125,4993360,0.0,0.0
2025-12-11 00:00:00+07:00,34002.16711211623,34150.00262129934,33361.54657232273,33706.49609375,5111306,0.0,0.0
2025-12-12 00:00:00+07:00,33854.329155318235,33854.329155318235,32228.138671875,32228.138671875,9120757,0.0,0.0
2025-12-15 00:00:00+07:00,32326.69818215892,33361.54675201462,32228.141175505996,32868.76171875,13294140,0.0,0.0
2025-12-16 00:00:00+07:00,32918.04004477339,34396.39513660453,32277.419504979895,33706.49609375,9741607,0.0,0.0
2025-12-17 00:00:00+07:00,33706.49609375,34051.44561517726,33460.10357844481,33706.49609375,6179837,0.0,0.0
2025-12-18 00:00:00+07:00,33706.49609375,34051.44561517726,33410.82507538377,33706.49609375,4931468,0.0,0.0
2025-12-19 00:00:00+07:00,33903.60908273381,34248.55859375,33509.381070143885,34248.55859375,8566430,0.0,0.0
2025-12-22 00:00:00+07:00,34396.39538574219,34741.34490966797,34002.16735839844,34692.06640625,8394863,0.0,0.0
2025-12-23 00:00:00+07:00,34741.34227519133,34790.62077487245,33805.05078125,33805.05078125,6915914,0.0,0.0
2025-12-24 00:00:00+07:00,33805.05081960028,35332.68431144811,33657.2153203892,35135.5703125,12213150,0.0,0.0
2025-12-25 00:00:00+07:00,35184.850426962206,35431.24293695494,33903.609375,33903.609375,7796683,0.0,0.0
2025-12-26 00:00:00+07:00,34002.16593881671,35381.96397691363,33607.93792793188,35086.29296875,14219050,0.0,0.0
2025-12-29 00:00:00+07:00,35086.29209454674,35726.91259627302,34790.62109375,34790.62109375,6932257,0.0,0.0
2025-12-30 00:00:00+07:00,35283.4077065678,35579.078720868645,34790.622682733054,34889.1796875,6366199,0.0,0.0
2025-12-31 00:00:00+07:00,34987.73509428116,35381.96309534348,34494.95009295326,34790.62109375,8142918,0.0,0.0
2026-01-05 00:00:00+07:00,34790.62106498527,34889.17806516937,33115.15206185567,33460.1015625,10468530,0.0,0.0
2026-01-06 00:00:00+07:00,33607.93590303309,34100.72088694853,33065.872420726104,33509.37890625,7683846,0.0,0.0
2026-01-07 00:00:00+07:00,33952.886002886,34593.506493506495,33607.93650793651,34150.0,5886540,0.0,0.0
2026-01-08 00:00:00+07:00,34400.0,35000.0,34000.0,34000.0,11799420,500.0,0.0
2026-01-09 00:00:00+07:00,34400.0,34450.0,33500.0,33550.0,7735444,0.0,0.0
2026-01-12 00:00:00+07:00,33700.0,35850.0,33700.0,35850.0,21858740,0.0,0.0
2026-01-13 00:00:00+07:00,36300.0,36600.0,35100.0,35650.0,14486130,0.0,0.0
2026-01-14 00:00:00+07:00,35600.0,35950.0,34550.0,35500.0,15205460,0.0,0.0
2026-01-15 00:00:00+07:00,35500.0,35850.0,34600.0,34850.0,10939450,0.0,0.0
2026-01-16 00:00:00+07:00,35100.0,35550.0,34000.0,34700.0,11426170,0.0,0.0
2026-01-19 00:00:00+07:00,34900.0,35300.0,34700.0,34800.0,6666765,0.0,0.0
2026-01-20 00:00:00+07:00,35350.0,36050.0,34950.0,35350.0,12217780,0.0,0.0
2026-01-21 00:00:00+07:00,35050.0,35350.0,34300.0,35000.0,10755360,0.0,0.0
2026-01-22 00:00:00+07:00,35200.0,35950.0,35100.0,35150.0,10060580,0.0,0.0
2026-01-23 00:00:00+07:00,35700.0,37200.0,35200.0,35900.0,23741050,0.0,0.0
2026-01-26 00:00:00+07:00,36300.0,37650.0,36000.0,36800.0,23952830,0.0,0.0
2026-01-27 00:00:00+07:00,36800.0,37400.0,36350.0,37000.0,15753760,0.0,0.0
2026-01-28 00:00:00+07:00,37250.0,37250.0,35950.0,36150.0,12948060,0.0,0.0
2026-01-29 00:00:00+07:00,36300.0,36550.0,36050.0,36150.0,6046431,0.0,0.0
2026-01-30 00:00:00+07:00,36150.0,36650.0,36000.0,36650.0,9464178,0.0,0.0
2026-02-02 00:00:00+07:00,36500.0,36500.0,35400.0,36000.0,13581640,0.0,0.0
