Date,Open,High,Low,Close,Volume,Dividends,Stock Splits
2007-10-05 00:00:00+07:00,10418.3232421875,10155.234375,10155.234375,10155.234375,21210285,0.0,0.0
2007-10-08 00:00:00+07:00,10102.6162109375,10155.234375,10155.234375,10155.234375,18053549,0.0,0.0
2007-10-09 00:00:00+07:00,9944.7626953125,9681.673828125,9681.673828125,9681.673828125,10017483,0.0,0.0
2007-10-10 00:00:00+07:00,9839.52734375,9681.673828125,9681.673828125,9681.673828125,11392687,0.0,0.0
2007-10-11 00:00:00+07:00,9629.0556640625,9418.5849609375,9418.5849609375,9418.5849609375,6895913,0.0,0.0
2007-10-12 00:00:00+07:00,9365.966796875,9471.203125,9471.203125,9471.203125,10030779,0.0,0.0
2007-10-15 00:00:00+07:00,9471.203125,9734.2919921875,9734.2919921875,9734.2919921875,6213619,0.0,0.0
2007-10-16 00:00:00+07:00,9734.2919921875,9523.8203125,9523.8203125,9523.8203125,4503551,0.0,0.0
2007-10-17 00:00:00+07:00,9418.5849609375,9365.966796875,9365.966796875,9365.966796875,5180147,0.0,0.0
2007-10-18 00:00:00+07:00,9260.7314453125,9208.1142578125,9208.1142578125,9208.1142578125,7573443,0.0,0.0
2007-10-19 00:00:00+07:00,9418.5849609375,9629.0556640625,9629.0556640625,9629.0556640625,9993339,0.0,0.0
2007-10-22 00:00:00+07:00,9471.203125,9471.203125,9471.203125,9471.203125,5321357,0.0,0.0
2007-10-23 00:00:00+07:00,9260.7314453125,9208.1142578125,9208.1142578125,9208.1142578125,3662791,0.0,0.0
2007-10-24 00:00:00+07:00,9208.1142578125,9313.349609375,9313.349609375,9313.349609375,3473121,0.0,0.0
2007-10-25 00:00:00+07:00,9313.349609375,9155.49609375,9155.49609375,9155.49609375,3110123,0.0,0.0
2007-10-26 00:00:00+07:00,9102.8779296875,8997.642578125,8997.642578125,8997.642578125,4040985,0.0,0.0
2007-10-29 00:00:00+07:00,8576.7001953125,8576.7001953125,8576.7001953125,8576.7001953125,8690173,0.0,0.0
2007-10-30 00:00:00+07:00,8576.7001953125,8629.318359375,8629.318359375,8629.318359375,2779441,0.0,0.0
2007-10-31 00:00:00+07:00,8629.318359375,8524.08203125,8524.08203125,8524.08203125,2675283,0.0,0.0
2007-11-01 00:00:00+07:00,8576.7001953125,8471.46484375,8471.46484375,8471.46484375,3713157,0.0,0.0
2007-11-02 00:00:00+07:00,8418.8466796875,8260.9931640625,8260.9931640625,8260.9931640625,3745841,0.0,0.0
2007-11-05 00:00:00+07:00,8629.318359375,8629.318359375,8629.318359375,8629.318359375,1266643,0.0,0.0
2007-11-06 00:00:00+07:00,9050.2607421875,9050.2607421875,9050.2607421875,9050.2607421875,1340575,0.0,0.0
2007-11-07 00:00:00+07:00,8734.5537109375,8734.5537109375,8734.5537109375,8734.5537109375,8441593,0.0,0.0
2007-11-08 00:00:00+07:00,8681.935546875,8524.08203125,8524.08203125,8524.08203125,3231185,0.0,0.0
2007-11-09 00:00:00+07:00,8524.08203125,8839.7890625,8839.7890625,8839.7890625,6009133,0.0,0.0
2007-11-12 00:00:00+07:00,8681.935546875,8576.7001953125,8576.7001953125,8576.7001953125,1830897,0.0,0.0
2007-11-13 00:00:00+07:00,8471.46484375,8155.7578125,8155.7578125,8155.7578125,3188803,0.0,0.0
2007-11-14 00:00:00+07:00,8418.8466796875,8366.2294921875,8366.2294921875,8366.2294921875,5637019,0.0,0.0
2007-11-15 00:00:00+07:00,8366.2294921875,8418.8466796875,8418.8466796875,8418.8466796875,2624177,0.0,0.0
2007-11-16 00:00:00+07:00,8418.8466796875,8366.2294921875,8366.2294921875,8366.2294921875,1774267,0.0,0.0
2007-11-19 00:00:00+07:00,8418.8466796875,8366.2294921875,8366.2294921875,8366.2294921875,1973815,0.0,0.0
2007-11-20 00:00:00+07:00,8260.9931640625,8260.9931640625,8260.9931640625,8260.9931640625,1403091,0.0,0.0
2007-11-21 00:00:00+07:00,8103.14013671875,8155.7578125,8155.7578125,8155.7578125,3680651,0.0,0.0
2007-11-22 00:00:00+07:00,8260.9931640625,8155.7578125,8155.7578125,8155.7578125,1141591,0.0,0.0
2007-11-23 00:00:00+07:00,8524.08203125,8524.08203125,8524.08203125,8524.08203125,2326727,0.0,0.0
2007-11-26 00:00:00+07:00,8945.0244140625,8945.0244140625,8945.0244140625,8945.0244140625,11300709,0.0,0.0
2007-11-27 00:00:00+07:00,8945.0244140625,8892.4072265625,8892.4072265625,8892.4072265625,6833753,0.0,0.0
2007-11-28 00:00:00+07:00,8787.171875,8681.935546875,8681.935546875,8681.935546875,4509849,0.0,0.0
2007-11-29 00:00:00+07:00,8734.5537109375,8418.8466796875,8418.8466796875,8418.8466796875,6067117,0.0,0.0
2007-11-30 00:00:00+07:00,8418.8466796875,8418.8466796875,8418.8466796875,8418.8466796875,9220411,0.0,0.0
2007-12-03 00:00:00+07:00,8260.9931640625,8418.8466796875,8418.8466796875,8418.8466796875,3442151,0.0,0.0
2007-12-04 00:00:00+07:00,8471.46484375,8418.8466796875,8418.8466796875,8418.8466796875,4597073,0.0,0.0
2007-12-05 00:00:00+07:00,8366.2294921875,8260.9931640625,8260.9931640625,8260.9931640625,5014805,0.0,0.0
2007-12-06 00:00:00+07:00,8260.9931640625,8260.9931640625,8260.9931640625,8260.9931640625,3129501,0.0,0.0
2007-12-07 00:00:00+07:00,8260.9931640625,8260.9931640625,8260.9931640625,8260.9931640625,7646995,0.0,0.0
2007-12-10 00:00:00+07:00,8260.9931640625,8155.7578125,8155.7578125,8155.7578125,3474247,0.0,0.0
2007-12-11 00:00:00+07:00,8050.5224609375,8050.5224609375,8050.5224609375,8050.5224609375,5649751,0.0,0.0
2007-12-12 00:00:00+07:00,8103.14013671875,8208.3759765625,8208.3759765625,8208.3759765625,2432397,0.0,0.0
2007-12-13 00:00:00+07:00,8260.9931640625,8155.7578125,8155.7578125,8155.7578125,5768917,0.0,0.0
2007-12-14 00:00:00+07:00,8155.7578125,8208.3759765625,8208.3759765625,8208.3759765625,3525577,0.0,0.0
2007-12-17 00:00:00+07:00,8155.7578125,8155.7578125,8155.7578125,8155.7578125,2994767,0.0,0.0
2007-12-18 00:00:00+07:00,8103.14013671875,8208.3759765625,8208.3759765625,8208.3759765625,2933769,0.0,0.0
2007-12-19 00:00:00+07:00,8313.611328125,8366.2294921875,8366.2294921875,8366.2294921875,3176457,0.0,0.0
2007-12-20 00:00:00+07:00,8418.8466796875,8260.9931640625,8260.9931640625,8260.9931640625,3637327,0.0,0.0
2007-12-21 00:00:00+07:00,8208.3759765625,8260.9931640625,8260.9931640625,8260.9931640625,4187327,0.0,0.0
2007-12-24 00:00:00+07:00,8260.9931640625,8260.9931640625,8260.9931640625,8260.9931640625,2948777,0.0,0.0
2007-12-25 00:00:00+07:00,8208.3759765625,8155.7578125,8155.7578125,8155.7578125,3169031,0.0,0.0
2007-12-26 00:00:00+07:00,8155.7578125,8208.3759765625,8208.3759765625,8208.3759765625,2683467,0.0,0.0
2007-12-27 00:00:00+07:00,8208.3759765625,8155.7578125,8155.7578125,8155.7578125,2784007,0.0,0.0
2007-12-28 00:00:00+07:00,8103.14013671875,8155.7578125,8155.7578125,8155.7578125,4184475,0.0,0.0
2008-01-02 00:00:00+07:00,8155.7578125,8260.9931640625,8260.9931640625,8260.9931640625,2967783,0.0,0.0
2008-01-03 00:00:00+07:00,8208.3759765625,8103.14013671875,8103.14013671875,8103.14013671875,2128325,0.0,0.0
2008-01-04 00:00:00+07:00,8050.5224609375,7997.904296875,7997.904296875,7997.904296875,1267013,0.0,0.0
2008-01-07 00:00:00+07:00,7945.28662109375,7892.6689453125,7892.6689453125,7892.6689453125,2232853,0.0,0.0
2008-01-08 00:00:00+07:00,7892.6689453125,7945.28662109375,7945.28662109375,7945.28662109375,2071693,0.0,0.0
2008-01-09 00:00:00+07:00,7945.28662109375,7840.05126953125,7840.05126953125,7840.05126953125,1071075,0.0,0.0
2008-01-10 00:00:00+07:00,7524.34423828125,7524.34423828125,7524.34423828125,7524.34423828125,5544475,0.0,0.0
2008-01-11 00:00:00+07:00,7576.96240234375,7629.580078125,7629.580078125,7629.580078125,1499429,0.0,0.0
2008-01-14 00:00:00+07:00,7892.6689453125,7629.580078125,7629.580078125,7629.580078125,4101029,0.0,0.0
2008-01-15 00:00:00+07:00,7366.4912109375,7313.873046875,7313.873046875,7313.873046875,3787449,0.0,0.0
2008-01-16 00:00:00+07:00,7524.34423828125,7629.580078125,7629.580078125,7629.580078125,3266339,0.0,0.0
2008-01-17 00:00:00+07:00,7997.904296875,7629.580078125,7629.580078125,7629.580078125,4726497,0.0,0.0
2008-01-18 00:00:00+07:00,7629.580078125,7734.8154296875,7734.8154296875,7734.8154296875,3562067,0.0,0.0
2008-01-21 00:00:00+07:00,7629.580078125,7524.34423828125,7524.34423828125,7524.34423828125,3593231,0.0,0.0
2008-01-22 00:00:00+07:00,5051.30810546875,5077.6171875,5077.6171875,5077.6171875,3150597,0.0,0.0
2008-01-23 00:00:00+07:00,5024.9990234375,4867.14599609375,4867.14599609375,4867.14599609375,4319403,0.0,0.0
2008-01-24 00:00:00+07:00,4867.14599609375,4867.14599609375,4867.14599609375,4867.14599609375,2375959,0.0,0.0
2008-01-25 00:00:00+07:00,4867.14599609375,4946.07275390625,4946.07275390625,4946.07275390625,1612721,0.0,0.0
2008-01-28 00:00:00+07:00,4946.07275390625,4946.07275390625,4946.07275390625,4946.07275390625,2025131,0.0,0.0
2008-01-29 00:00:00+07:00,4893.45458984375,5024.9990234375,5024.9990234375,5024.9990234375,3582771,0.0,0.0
2008-01-30 00:00:00+07:00,5261.779296875,5261.779296875,5261.779296875,5261.779296875,1279383,0.0,0.0
2008-01-31 00:00:00+07:00,5103.92578125,5419.6328125,5419.6328125,5419.6328125,3446131,0.0,0.0
2008-02-01 00:00:00+07:00,5472.25048828125,5682.7216796875,5682.7216796875,5682.7216796875,3017945,0.0,0.0
2008-02-12 00:00:00+07:00,5577.48583984375,5524.8681640625,5524.8681640625,5524.8681640625,2075311,0.0,0.0
2008-02-13 00:00:00+07:00,5419.6328125,5472.25048828125,5472.25048828125,5472.25048828125,2536543,0.0,0.0
2008-02-14 00:00:00+07:00,5472.25048828125,5524.8681640625,5524.8681640625,5524.8681640625,1218931,0.0,0.0
2008-02-15 00:00:00+07:00,5472.25048828125,5472.25048828125,5472.25048828125,5472.25048828125,1874973,0.0,0.0
2008-02-18 00:00:00+07:00,5235.47021484375,5314.39697265625,5314.39697265625,5314.39697265625,2029111,0.0,0.0
2008-02-19 00:00:00+07:00,5156.5439453125,5314.39697265625,5314.39697265625,5314.39697265625,1613849,0.0,0.0
2008-02-20 00:00:00+07:00,5314.39697265625,5261.779296875,5261.779296875,5261.779296875,3545343,0.0,0.0
2008-02-21 00:00:00+07:00,4998.6904296875,4998.6904296875,4998.6904296875,4998.6904296875,5842459,0.0,0.0
2008-02-22 00:00:00+07:00,4814.52783203125,4840.8369140625,4840.8369140625,4840.8369140625,1720103,0.0,0.0
2008-02-25 00:00:00+07:00,5077.6171875,5077.6171875,5077.6171875,5077.6171875,1060611,0.0,0.0
2008-02-26 00:00:00+07:00,5103.92578125,5051.30810546875,5051.30810546875,5051.30810546875,2753773,0.0,0.0
2008-02-27 00:00:00+07:00,4972.38134765625,5051.30810546875,5051.30810546875,5051.30810546875,1198029,0.0,0.0
2008-02-28 00:00:00+07:00,5103.92578125,5130.23486328125,5130.23486328125,5130.23486328125,1292487,0.0,0.0
2008-02-29 00:00:00+07:00,5051.30810546875,5051.30810546875,5051.30810546875,5051.30810546875,2620553,0.0,0.0
2008-03-03 00:00:00+07:00,4998.6904296875,4814.52783203125,4814.52783203125,4814.52783203125,2288917,0.0,0.0
2008-03-04 00:00:00+07:00,4577.748046875,4577.748046875,4577.748046875,4577.748046875,3968193,0.0,0.0
2008-03-05 00:00:00+07:00,4367.27685546875,4472.51220703125,4472.51220703125,4472.51220703125,5143467,0.0,0.0
2008-03-06 00:00:00+07:00,4682.9833984375,4682.9833984375,4682.9833984375,4682.9833984375,211865,0.0,0.0
2008-03-07 00:00:00+07:00,4893.45458984375,4893.45458984375,4893.45458984375,4893.45458984375,2158729,0.0,0.0
2008-03-10 00:00:00+07:00,5130.23486328125,5051.30810546875,5051.30810546875,5051.30810546875,6195775,0.0,0.0
2008-03-11 00:00:00+07:00,4893.45458984375,4919.763671875,4919.763671875,4919.763671875,1908999,0.0,0.0
2008-03-12 00:00:00+07:00,4840.8369140625,4919.763671875,4919.763671875,4919.763671875,758631,0.0,0.0
2008-03-13 00:00:00+07:00,5103.92578125,4946.07275390625,4946.07275390625,4946.07275390625,881587,0.0,0.0
2008-03-14 00:00:00+07:00,4893.45458984375,4972.38134765625,4972.38134765625,4972.38134765625,1572423,0.0,0.0
2008-03-17 00:00:00+07:00,4840.8369140625,4867.14599609375,4867.14599609375,4867.14599609375,2433361,0.0,0.0
2008-03-18 00:00:00+07:00,4630.36572265625,4656.6748046875,4656.6748046875,4656.6748046875,2564489,0.0,0.0
2008-03-19 00:00:00+07:00,4656.6748046875,4656.6748046875,4656.6748046875,4656.6748046875,862599,0.0,0.0
2008-03-20 00:00:00+07:00,4735.6015625,4682.9833984375,4682.9833984375,4682.9833984375,1659285,0.0,0.0
2008-03-21 00:00:00+07:00,4682.9833984375,4630.36572265625,4630.36572265625,4630.36572265625,989167,0.0,0.0
2008-03-24 00:00:00+07:00,4446.20361328125,4419.89453125,4419.89453125,4419.89453125,2938701,0.0,0.0
2008-03-25 00:00:00+07:00,4209.42333984375,4209.42333984375,4209.42333984375,4209.42333984375,3383807,0.0,0.0
2008-03-26 00:00:00+07:00,4419.89453125,4419.89453125,4419.89453125,4419.89453125,911439,0.0,0.0
2008-03-27 00:00:00+07:00,4446.20361328125,4446.20361328125,4446.20361328125,4446.20361328125,970933,0.0,0.0
2008-03-28 00:00:00+07:00,4472.51220703125,4472.51220703125,4472.51220703125,4472.51220703125,39296,0.0,0.0
2008-03-31 00:00:00+07:00,4498.8212890625,4498.8212890625,4498.8212890625,4498.8212890625,57358,0.0,0.0
2008-04-01 00:00:00+07:00,4525.13037109375,4525.13037109375,4525.13037109375,4525.13037109375,10036,0.0,0.0
2008-04-02 00:00:00+07:00,4551.43896484375,4551.43896484375,4551.43896484375,4551.43896484375,44812,0.0,0.0
2008-04-03 00:00:00+07:00,4577.748046875,4577.748046875,4577.748046875,4577.748046875,636629,0.0,0.0
2008-04-04 00:00:00+07:00,4604.05712890625,4604.05712890625,4604.05712890625,4604.05712890625,996967,0.0,0.0
2008-04-07 00:00:00+07:00,4682.9833984375,4682.9833984375,4682.9833984375,4682.9833984375,50702,0.0,0.0
2008-04-08 00:00:00+07:00,4761.91015625,4761.91015625,4761.91015625,4761.91015625,3676479,0.0,0.0
2008-04-09 00:00:00+07:00,4840.8369140625,4840.8369140625,4840.8369140625,4840.8369140625,425863,0.0,0.0
2008-04-10 00:00:00+07:00,4919.763671875,4919.763671875,4919.763671875,4919.763671875,4997883,0.0,0.0
2008-04-11 00:00:00+07:00,4840.8369140625,4867.14599609375,4867.14599609375,4867.14599609375,3128179,0.0,0.0
2008-04-16 00:00:00+07:00,4788.21923828125,4788.21923828125,4788.21923828125,4788.21923828125,2592051,0.0,0.0
2008-04-17 00:00:00+07:00,4709.29248046875,4867.14599609375,4867.14599609375,4867.14599609375,2940975,0.0,0.0
2008-04-18 00:00:00+07:00,4946.07275390625,4788.21923828125,4788.21923828125,4788.21923828125,2229445,0.0,0.0
2008-04-21 00:00:00+07:00,4788.21923828125,4840.8369140625,4840.8369140625,4840.8369140625,1563293,0.0,0.0
2008-04-22 00:00:00+07:00,4761.91015625,4840.8369140625,4840.8369140625,4840.8369140625,392785,0.0,0.0
2008-04-23 00:00:00+07:00,4761.91015625,4761.91015625,4761.91015625,4761.91015625,1297057,0.0,0.0
2008-04-24 00:00:00+07:00,4682.9833984375,4682.9833984375,4682.9833984375,4682.9833984375,1847431,0.0,0.0
2008-04-25 00:00:00+07:00,4630.36572265625,4761.91015625,4761.91015625,4761.91015625,592345,0.0,0.0
2008-04-28 00:00:00+07:00,4814.52783203125,4840.8369140625,4840.8369140625,4840.8369140625,1284877,0.0,0.0
2008-04-29 00:00:00+07:00,4919.763671875,4919.763671875,4919.763671875,4919.763671875,2707035,0.0,0.0
2008-05-05 00:00:00+07:00,4919.763671875,4840.8369140625,4840.8369140625,4840.8369140625,614203,0.0,0.0
2008-05-06 00:00:00+07:00,4761.91015625,4761.91015625,4761.91015625,4761.91015625,88126,0.0,0.0
2008-05-07 00:00:00+07:00,4682.9833984375,4840.8369140625,4840.8369140625,4840.8369140625,1759435,0.0,0.0
2008-05-08 00:00:00+07:00,4761.91015625,4840.8369140625,4840.8369140625,4840.8369140625,1658343,0.0,0.0
2008-05-09 00:00:00+07:00,4761.91015625,4761.91015625,4761.91015625,4761.91015625,25040,0.0,0.0
2008-05-12 00:00:00+07:00,4682.9833984375,4682.9833984375,4682.9833984375,4682.9833984375,12504,0.0,0.0
2008-05-13 00:00:00+07:00,4604.05712890625,4604.05712890625,4604.05712890625,4604.05712890625,1104,0.0,0.0
2008-05-14 00:00:00+07:00,4525.13037109375,4525.13037109375,4525.13037109375,4525.13037109375,4334,0.0,0.0
2008-05-15 00:00:00+07:00,4472.51220703125,4446.20361328125,4446.20361328125,4446.20361328125,83950,0.0,0.0
2008-05-16 00:00:00+07:00,4367.27685546875,4367.27685546875,4367.27685546875,4367.27685546875,541791,0.0,0.0
2008-05-19 00:00:00+07:00,4288.35009765625,4288.35009765625,4288.35009765625,4288.35009765625,1606251,0.0,0.0
2008-05-20 00:00:00+07:00,4209.42333984375,4209.42333984375,4209.42333984375,4209.42333984375,81106,0.0,0.0
2008-05-21 00:00:00+07:00,4130.49658203125,4130.49658203125,4130.49658203125,4130.49658203125,8884,0.0,0.0
2008-05-22 00:00:00+07:00,4051.570068359375,4051.570068359375,4051.570068359375,4051.570068359375,1722935,0.0,0.0
2008-05-23 00:00:00+07:00,3972.643310546875,3972.643310546875,3972.643310546875,3972.643310546875,14727863,0.0,0.0
2008-05-26 00:00:00+07:00,3893.716796875,3893.716796875,3893.716796875,3893.716796875,8218477,0.0,0.0
2008-05-30 00:00:00+07:00,3841.098876953125,3841.098876953125,3841.098876953125,3841.098876953125,10146151,0.0,0.0
2008-06-02 00:00:00+07:00,3788.481201171875,3788.481201171875,3788.481201171875,3788.481201171875,5874403,0.0,0.0
2008-06-03 00:00:00+07:00,3735.86328125,3735.86328125,3735.86328125,3735.86328125,2660467,0.0,0.0
2008-06-04 00:00:00+07:00,3683.24560546875,3788.481201171875,3788.481201171875,3788.481201171875,4138479,0.0,0.0
2008-06-05 00:00:00+07:00,3762.172119140625,3841.098876953125,3841.098876953125,3841.098876953125,2732871,0.0,0.0
2008-06-06 00:00:00+07:00,3893.716796875,3893.716796875,3893.716796875,3893.716796875,1129813,0.0,0.0
2008-06-09 00:00:00+07:00,3946.33447265625,3946.33447265625,3946.33447265625,3946.33447265625,1041429,0.0,0.0
2008-06-10 00:00:00+07:00,3867.40771484375,3867.40771484375,3867.40771484375,3867.40771484375,669901,0.0,0.0
2008-06-11 00:00:00+07:00,3814.7900390625,3920.025634765625,3920.025634765625,3920.025634765625,1816075,0.0,0.0
2008-06-12 00:00:00+07:00,3972.643310546875,3972.643310546875,3972.643310546875,3972.643310546875,660957,0.0,0.0
2008-06-13 00:00:00+07:00,4051.570068359375,4051.570068359375,4051.570068359375,4051.570068359375,1090857,0.0,0.0
2008-06-16 00:00:00+07:00,4130.49658203125,4130.49658203125,4130.49658203125,4130.49658203125,101819,0.0,0.0
2008-06-17 00:00:00+07:00,4209.42333984375,4209.42333984375,4209.42333984375,4209.42333984375,199877,0.0,0.0
2008-06-18 00:00:00+07:00,4288.35009765625,4288.35009765625,4130.49658203125,4209.42333984375,6073757,0.0,0.0
2008-06-19 00:00:00+07:00,4104.18798828125,4104.18798828125,4104.18798828125,4104.18798828125,2262319,0.0,0.0
2008-06-20 00:00:00+07:00,3998.9521484375,4209.42333984375,3998.9521484375,4209.42333984375,5171597,0.0,0.0
2008-06-23 00:00:00+07:00,4314.6591796875,4314.6591796875,4288.35009765625,4314.6591796875,960283,0.0,0.0
2008-06-24 00:00:00+07:00,4419.89453125,4419.89453125,4419.89453125,4419.89453125,684713,0.0,0.0
2008-06-25 00:00:00+07:00,4551.43896484375,4551.43896484375,4551.43896484375,4551.43896484375,345465,0.0,0.0
2008-06-26 00:00:00+07:00,4682.9833984375,4682.9833984375,4525.13037109375,4656.6748046875,2205497,0.0,0.0
2008-06-27 00:00:00+07:00,4577.748046875,4788.21923828125,4551.43896484375,4788.21923828125,1943411,0.0,0.0
2008-06-30 00:00:00+07:00,4788.21923828125,4919.763671875,4788.21923828125,4919.763671875,1204129,0.0,0.0
2008-07-01 00:00:00+07:00,5051.30810546875,5051.30810546875,5051.30810546875,5051.30810546875,672741,0.0,0.0
2008-07-02 00:00:00+07:00,5182.8525390625,5182.8525390625,4998.6904296875,5182.8525390625,2318187,0.0,0.0
2008-07-03 00:00:00+07:00,5314.39697265625,5314.39697265625,5314.39697265625,5314.39697265625,577329,0.0,0.0
2008-07-04 00:00:00+07:00,5472.25048828125,5472.25048828125,5261.779296875,5261.779296875,3289163,0.0,0.0
2008-07-07 00:00:00+07:00,5261.779296875,5261.779296875,5103.92578125,5261.779296875,5292655,0.0,0.0
2008-07-08 00:00:00+07:00,5130.23486328125,5261.779296875,5103.92578125,5261.779296875,4459851,0.0,0.0
2008-07-09 00:00:00+07:00,5261.779296875,5314.39697265625,5261.779296875,5314.39697265625,1513895,0.0,0.0
2008-07-10 00:00:00+07:00,5261.779296875,5367.0146484375,5209.16162109375,5367.0146484375,2536737,0.0,0.0
2008-07-11 00:00:00+07:00,5261.779296875,5419.6328125,5261.779296875,5367.0146484375,1598275,0.0,0.0
2008-07-14 00:00:00+07:00,5419.6328125,5524.8681640625,5367.0146484375,5524.8681640625,1958987,0.0,0.0
2008-07-15 00:00:00+07:00,5682.7216796875,5682.7216796875,5682.7216796875,5682.7216796875,1202793,0.0,0.0
2008-07-16 00:00:00+07:00,5787.95703125,5787.95703125,5524.8681640625,5682.7216796875,1913195,0.0,0.0
2008-07-17 00:00:00+07:00,5735.33935546875,5735.33935546875,5577.48583984375,5682.7216796875,1944559,0.0,0.0
2008-07-18 00:00:00+07:00,5524.8681640625,5682.7216796875,5524.8681640625,5682.7216796875,2499115,0.0,0.0
2008-07-21 00:00:00+07:00,5524.8681640625,5524.8681640625,5524.8681640625,5524.8681640625,2668441,0.0,0.0
2008-07-22 00:00:00+07:00,5367.0146484375,5367.0146484375,5367.0146484375,5367.0146484375,2160831,0.0,0.0
2008-07-23 00:00:00+07:00,5209.16162109375,5209.16162109375,5209.16162109375,5209.16162109375,1997017,0.0,0.0
2008-07-24 00:00:00+07:00,5077.6171875,5314.39697265625,5077.6171875,5209.16162109375,1901227,0.0,0.0
2008-07-25 00:00:00+07:00,5103.92578125,5314.39697265625,5103.92578125,5314.39697265625,553385,0.0,0.0
2008-07-28 00:00:00+07:00,5314.39697265625,5472.25048828125,5314.39697265625,5472.25048828125,538949,0.0,0.0
2008-07-29 00:00:00+07:00,5630.10400390625,5630.10400390625,5524.8681640625,5630.10400390625,721201,0.0,0.0
2008-07-30 00:00:00+07:00,5630.10400390625,5630.10400390625,5472.25048828125,5630.10400390625,907067,0.0,0.0
2008-07-31 00:00:00+07:00,5472.25048828125,5577.48583984375,5472.25048828125,5577.48583984375,667429,0.0,0.0
2008-08-01 00:00:00+07:00,5419.6328125,5577.48583984375,5419.6328125,5577.48583984375,970743,0.0,0.0
2008-08-04 00:00:00+07:00,5472.25048828125,5577.48583984375,5419.6328125,5577.48583984375,812979,0.0,0.0
2008-08-05 00:00:00+07:00,5419.6328125,5524.8681640625,5419.6328125,5524.8681640625,951907,0.0,0.0
2008-08-06 00:00:00+07:00,5682.7216796875,5682.7216796875,5577.48583984375,5682.7216796875,585121,0.0,0.0
2008-08-07 00:00:00+07:00,5735.33935546875,5735.33935546875,5630.10400390625,5630.10400390625,1258481,0.0,0.0
2008-08-08 00:00:00+07:00,5630.10400390625,5630.10400390625,5577.48583984375,5630.10400390625,1088941,0.0,0.0
2008-08-11 00:00:00+07:00,5735.33935546875,5735.33935546875,5630.10400390625,5630.10400390625,737357,0.0,0.0
2008-08-12 00:00:00+07:00,5524.8681640625,5630.10400390625,5524.8681640625,5577.48583984375,651079,0.0,0.0
2008-08-13 00:00:00+07:00,5419.6328125,5630.10400390625,5419.6328125,5630.10400390625,789609,0.0,0.0
2008-08-14 00:00:00+07:00,5630.10400390625,5787.95703125,5630.10400390625,5787.95703125,3355285,0.0,0.0
2008-08-15 00:00:00+07:00,5945.810546875,5945.810546875,5945.810546875,5945.810546875,5393573,0.0,0.0
2008-08-18 00:00:00+07:00,6208.8994140625,6208.8994140625,6156.28173828125,6208.8994140625,7335307,0.0,0.0
2008-08-19 00:00:00+07:00,6419.37060546875,6419.37060546875,6103.6640625,6261.517578125,1268161,0.0,0.0
2008-08-20 00:00:00+07:00,5998.42822265625,6103.6640625,5998.42822265625,5998.42822265625,1734157,0.0,0.0
2008-08-21 00:00:00+07:00,5998.42822265625,6103.6640625,5840.5751953125,6103.6640625,690793,0.0,0.0
2008-08-22 00:00:00+07:00,6103.6640625,6103.6640625,5893.19287109375,5893.19287109375,2548715,0.0,0.0
2008-08-25 00:00:00+07:00,5945.810546875,6051.04638671875,5893.19287109375,5998.42822265625,1944363,0.0,0.0
2008-08-26 00:00:00+07:00,5840.5751953125,6051.04638671875,5840.5751953125,5998.42822265625,2567345,0.0,0.0
2008-08-27 00:00:00+07:00,5787.95703125,6103.6640625,5787.95703125,6051.04638671875,2358669,0.0,0.0
2008-08-28 00:00:00+07:00,5787.95703125,5998.42822265625,5787.95703125,5893.19287109375,2044715,0.0,0.0
2008-08-29 00:00:00+07:00,5630.10400390625,5735.33935546875,5630.10400390625,5630.10400390625,2605911,0.0,0.0
2008-09-03 00:00:00+07:00,5630.10400390625,5630.10400390625,5577.48583984375,5630.10400390625,1322515,0.0,0.0
2008-09-04 00:00:00+07:00,5630.10400390625,5630.10400390625,5472.25048828125,5472.25048828125,2156267,0.0,0.0
2008-09-05 00:00:00+07:00,5261.779296875,5472.25048828125,5261.779296875,5367.0146484375,1662517,0.0,0.0
2008-09-08 00:00:00+07:00,5103.92578125,5419.6328125,5103.92578125,5419.6328125,1980085,0.0,0.0
2008-09-09 00:00:00+07:00,5367.0146484375,5367.0146484375,5261.779296875,5314.39697265625,1685511,0.0,0.0
2008-09-10 00:00:00+07:00,5314.39697265625,5314.39697265625,5051.30810546875,5051.30810546875,1879737,0.0,0.0
2008-09-11 00:00:00+07:00,5024.9990234375,5024.9990234375,4893.45458984375,4998.6904296875,1542217,0.0,0.0
2008-09-12 00:00:00+07:00,4761.91015625,4946.07275390625,4761.91015625,4761.91015625,2095261,0.0,0.0
2008-09-15 00:00:00+07:00,4525.13037109375,4840.8369140625,4525.13037109375,4788.21923828125,2028921,0.0,0.0
2008-09-16 00:00:00+07:00,4788.21923828125,4788.21923828125,4551.43896484375,4551.43896484375,1297443,0.0,0.0
2008-09-17 00:00:00+07:00,4340.9677734375,4419.89453125,4340.9677734375,4340.9677734375,2553091,0.0,0.0
2008-09-18 00:00:00+07:00,4130.49658203125,4130.49658203125,4130.49658203125,4130.49658203125,166619,0.0,0.0
2008-09-19 00:00:00+07:00,4130.49658203125,4314.6591796875,4130.49658203125,4314.6591796875,1046749,0.0,0.0
2008-09-22 00:00:00+07:00,4525.13037109375,4525.13037109375,4525.13037109375,4525.13037109375,37576,0.0,0.0
2008-09-23 00:00:00+07:00,4735.6015625,4735.6015625,4577.748046875,4735.6015625,1568437,0.0,0.0
2008-09-24 00:00:00+07:00,4525.13037109375,4840.8369140625,4525.13037109375,4577.748046875,2301465,0.0,0.0
2008-09-25 00:00:00+07:00,4788.21923828125,4788.21923828125,4577.748046875,4788.21923828125,2633861,0.0,0.0
2008-09-26 00:00:00+07:00,5024.9990234375,5024.9990234375,4919.763671875,5024.9990234375,2688793,0.0,0.0
2008-09-29 00:00:00+07:00,5261.779296875,5261.779296875,5051.30810546875,5235.47021484375,1863217,0.0,0.0
2008-09-30 00:00:00+07:00,4998.6904296875,4998.6904296875,4998.6904296875,4998.6904296875,1250859,0.0,0.0
2008-10-01 00:00:00+07:00,4998.6904296875,5156.5439453125,4972.38134765625,5103.92578125,1783189,0.0,0.0
2008-10-02 00:00:00+07:00,5261.779296875,5261.779296875,5156.5439453125,5209.16162109375,1583643,0.0,0.0
2008-10-03 00:00:00+07:00,5103.92578125,5209.16162109375,4998.6904296875,4998.6904296875,1168383,0.0,0.0
2008-10-06 00:00:00+07:00,4788.21923828125,4919.763671875,4761.91015625,4761.91015625,1527571,0.0,0.0
2008-10-07 00:00:00+07:00,4525.13037109375,4525.13037109375,4525.13037109375,4525.13037109375,1048657,0.0,0.0
2008-10-08 00:00:00+07:00,4314.6591796875,4630.36572265625,4314.6591796875,4419.89453125,1265695,0.0,0.0
2008-10-09 00:00:00+07:00,4209.42333984375,4577.748046875,4209.42333984375,4419.89453125,1740809,0.0,0.0
2008-10-10 00:00:00+07:00,4235.732421875,4288.35009765625,4235.732421875,4235.732421875,1835447,0.0,0.0
2008-10-13 00:00:00+07:00,4419.89453125,4419.89453125,4235.732421875,4314.6591796875,2135737,0.0,0.0
2008-10-14 00:00:00+07:00,4525.13037109375,4525.13037109375,4525.13037109375,4525.13037109375,888629,0.0,0.0
2008-10-15 00:00:00+07:00,4682.9833984375,4682.9833984375,4525.13037109375,4630.36572265625,1624687,0.0,0.0
2008-10-16 00:00:00+07:00,4419.89453125,4577.748046875,4419.89453125,4446.20361328125,1768761,0.0,0.0
2008-10-17 00:00:00+07:00,4340.9677734375,4472.51220703125,4288.35009765625,4288.35009765625,1386367,0.0,0.0
2008-10-20 00:00:00+07:00,4183.11474609375,4288.35009765625,4183.11474609375,4183.11474609375,1078869,0.0,0.0
2008-10-21 00:00:00+07:00,4314.6591796875,4314.6591796875,4262.041015625,4314.6591796875,1563121,0.0,0.0
2008-10-22 00:00:00+07:00,4156.8056640625,4340.9677734375,4156.8056640625,4340.9677734375,1439969,0.0,0.0
2008-10-23 00:00:00+07:00,4340.9677734375,4340.9677734375,4156.8056640625,4314.6591796875,819459,0.0,0.0
2008-10-24 00:00:00+07:00,4130.49658203125,4183.11474609375,4130.49658203125,4130.49658203125,1585733,0.0,0.0
2008-10-27 00:00:00+07:00,3946.33447265625,3998.9521484375,3946.33447265625,3946.33447265625,4794541,0.0,0.0
2008-10-28 00:00:00+07:00,3762.172119140625,3762.172119140625,3762.172119140625,3762.172119140625,611741,0.0,0.0
2008-10-29 00:00:00+07:00,3946.33447265625,3946.33447265625,3762.172119140625,3762.172119140625,862971,0.0,0.0
2008-10-30 00:00:00+07:00,3578.010009765625,3630.627685546875,3578.010009765625,3604.31884765625,2161397,0.0,0.0
2008-10-31 00:00:00+07:00,3762.172119140625,3762.172119140625,3762.172119140625,3762.172119140625,368075,0.0,0.0
2008-11-03 00:00:00+07:00,3762.172119140625,3788.481201171875,3762.172119140625,3762.172119140625,1450797,0.0,0.0
2008-11-04 00:00:00+07:00,3762.172119140625,3946.33447265625,3735.86328125,3946.33447265625,261267,0.0,0.0
2008-11-05 00:00:00+07:00,4130.49658203125,4130.49658203125,4130.49658203125,4130.49658203125,265833,0.0,0.0
2008-11-06 00:00:00+07:00,3946.33447265625,4314.6591796875,3946.33447265625,4130.49658203125,622375,0.0,0.0
2008-11-07 00:00:00+07:00,3946.33447265625,4104.18798828125,3946.33447265625,4025.26123046875,333121,0.0,0.0
2008-11-10 00:00:00+07:00,4025.26123046875,4130.49658203125,4025.26123046875,4104.18798828125,591977,0.0,0.0
2008-11-11 00:00:00+07:00,4104.18798828125,4104.18798828125,3972.643310546875,4051.570068359375,301757,0.0,0.0
2008-11-12 00:00:00+07:00,3893.716796875,4051.570068359375,3867.40771484375,3920.025634765625,964459,0.0,0.0
2008-11-13 00:00:00+07:00,4025.26123046875,4077.87890625,3998.9521484375,4051.570068359375,1232623,0.0,0.0
2008-11-14 00:00:00+07:00,4209.42333984375,4209.42333984375,4104.18798828125,4104.18798828125,355343,0.0,0.0
2008-11-17 00:00:00+07:00,4025.26123046875,4104.18798828125,4025.26123046875,4104.18798828125,1022991,0.0,0.0
2008-11-18 00:00:00+07:00,4104.18798828125,4130.49658203125,4077.87890625,4130.49658203125,867525,0.0,0.0
2008-11-19 00:00:00+07:00,4183.11474609375,4183.11474609375,4130.49658203125,4156.8056640625,849667,0.0,0.0
2008-11-20 00:00:00+07:00,4130.49658203125,4156.8056640625,4051.570068359375,4156.8056640625,792461,0.0,0.0
2008-11-21 00:00:00+07:00,4130.49658203125,4156.8056640625,4130.49658203125,4130.49658203125,2089363,0.0,0.0
2008-11-24 00:00:00+07:00,4209.42333984375,4235.732421875,4209.42333984375,4209.42333984375,1163833,0.0,0.0
2008-11-25 00:00:00+07:00,4209.42333984375,4314.6591796875,4209.42333984375,4314.6591796875,1562927,0.0,0.0
2008-11-26 00:00:00+07:00,4314.6591796875,4314.6591796875,4209.42333984375,4288.35009765625,1086855,0.0,0.0
2008-11-27 00:00:00+07:00,4262.041015625,4314.6591796875,4235.732421875,4235.732421875,408569,0.0,0.0
2008-11-28 00:00:00+07:00,4262.041015625,4314.6591796875,4235.732421875,4262.041015625,1027179,0.0,0.0
2008-12-01 00:00:00+07:00,4288.35009765625,4314.6591796875,4262.041015625,4314.6591796875,785805,0.0,0.0
2008-12-02 00:00:00+07:00,4262.041015625,4288.35009765625,4235.732421875,4288.35009765625,812607,0.0,0.0
2008-12-03 00:00:00+07:00,4288.35009765625,4314.6591796875,4288.35009765625,4288.35009765625,400209,0.0,0.0
2008-12-04 00:00:00+07:00,4262.041015625,4340.9677734375,4262.041015625,4340.9677734375,625973,0.0,0.0
2008-12-05 00:00:00+07:00,4314.6591796875,4314.6591796875,4262.041015625,4262.041015625,582075,0.0,0.0
2008-12-08 00:00:00+07:00,4051.570068359375,4209.42333984375,4051.570068359375,4183.11474609375,626371,0.0,0.0
2008-12-09 00:00:00+07:00,4104.18798828125,4314.6591796875,4104.18798828125,4314.6591796875,764131,0.0,0.0
2008-12-10 00:00:00+07:00,4314.6591796875,4314.6591796875,4104.18798828125,4104.18798828125,804247,0.0,0.0
2008-12-11 00:00:00+07:00,4104.18798828125,4209.42333984375,3920.025634765625,4156.8056640625,915625,0.0,0.0
2008-12-12 00:00:00+07:00,4235.732421875,4340.9677734375,4235.732421875,4340.9677734375,708277,0.0,0.0
2008-12-15 00:00:00+07:00,4472.51220703125,4472.51220703125,4367.27685546875,4419.89453125,560047,0.0,0.0
2008-12-16 00:00:00+07:00,4525.13037109375,4525.13037109375,4393.5859375,4393.5859375,1152227,0.0,0.0
2008-12-17 00:00:00+07:00,4393.5859375,4419.89453125,4314.6591796875,4419.89453125,675787,0.0,0.0
2008-12-18 00:00:00+07:00,4419.89453125,4446.20361328125,4393.5859375,4446.20361328125,667233,0.0,0.0
2008-12-19 00:00:00+07:00,4367.27685546875,4446.20361328125,4235.732421875,4235.732421875,286933,0.0,0.0
2008-12-22 00:00:00+07:00,4419.89453125,4419.89453125,4156.8056640625,4156.8056640625,137925,0.0,0.0
2008-12-23 00:00:00+07:00,4051.570068359375,4051.570068359375,4025.26123046875,4025.26123046875,182009,0.0,0.0
2008-12-24 00:00:00+07:00,3946.33447265625,4025.26123046875,3946.33447265625,4025.26123046875,392981,0.0,0.0
2008-12-25 00:00:00+07:00,4051.570068359375,4077.87890625,4025.26123046875,4025.26123046875,68568,0.0,0.0
2008-12-26 00:00:00+07:00,4025.26123046875,4051.570068359375,4025.26123046875,4025.26123046875,105433,0.0,0.0
2008-12-29 00:00:00+07:00,4025.26123046875,4104.18798828125,4025.26123046875,4051.570068359375,82258,0.0,0.0
2008-12-30 00:00:00+07:00,4051.570068359375,4183.11474609375,4051.570068359375,4183.11474609375,262037,0.0,0.0
2008-12-31 00:00:00+07:00,4156.8056640625,4183.11474609375,4156.8056640625,4183.11474609375,173479,0.0,0.0
2009-01-02 00:00:00+07:00,4209.42333984375,4209.42333984375,4209.42333984375,4209.42333984375,3750,0.0,0.0
2009-01-05 00:00:00+07:00,3998.9521484375,4209.42333984375,3998.9521484375,4209.42333984375,124431,0.0,0.0
2009-01-06 00:00:00+07:00,4104.18798828125,4104.18798828125,4104.18798828125,4104.18798828125,25796,0.0,0.0
2009-01-07 00:00:00+07:00,4051.570068359375,4156.8056640625,4051.570068359375,4156.8056640625,55444,0.0,0.0
2009-01-08 00:00:00+07:00,4104.18798828125,4156.8056640625,4104.18798828125,4156.8056640625,451329,0.0,0.0
2009-01-09 00:00:00+07:00,4051.570068359375,4156.8056640625,4051.570068359375,4130.49658203125,32258,0.0,0.0
2009-01-12 00:00:00+07:00,3998.9521484375,4130.49658203125,3998.9521484375,4130.49658203125,117021,0.0,0.0
2009-01-13 00:00:00+07:00,4051.570068359375,4104.18798828125,4051.570068359375,4104.18798828125,124825,0.0,0.0
2009-01-14 00:00:00+07:00,4025.26123046875,4156.8056640625,4025.26123046875,4156.8056640625,137757,0.0,0.0
2009-01-15 00:00:00+07:00,4051.570068359375,4156.8056640625,4051.570068359375,4130.49658203125,62672,0.0,0.0
2009-01-16 00:00:00+07:00,4209.42333984375,4314.6591796875,4209.42333984375,4314.6591796875,767179,0.0,0.0
2009-01-19 00:00:00+07:00,4314.6591796875,4419.89453125,4314.6591796875,4314.6591796875,88892,0.0,0.0
2009-01-20 00:00:00+07:00,4314.6591796875,4314.6591796875,4314.6591796875,4314.6591796875,242833,0.0,0.0
2009-01-21 00:00:00+07:00,4314.6591796875,4314.6591796875,4262.041015625,4288.35009765625,40808,0.0,0.0
2009-01-22 00:00:00+07:00,4288.35009765625,4288.35009765625,4156.8056640625,4156.8056640625,511561,0.0,0.0
2009-01-23 00:00:00+07:00,4156.8056640625,4209.42333984375,4156.8056640625,4209.42333984375,111517,0.0,0.0
2009-02-02 00:00:00+07:00,4314.6591796875,4314.6591796875,4262.041015625,4262.041015625,20860,0.0,0.0
2009-02-03 00:00:00+07:00,4077.87890625,4209.42333984375,4077.87890625,4104.18798828125,1363561,0.0,0.0
2009-02-04 00:00:00+07:00,4051.570068359375,4077.87890625,3920.025634765625,3920.025634765625,200275,0.0,0.0
2009-02-05 00:00:00+07:00,3893.716796875,3893.716796875,3735.86328125,3735.86328125,488381,0.0,0.0
2009-02-06 00:00:00+07:00,3893.716796875,3893.716796875,3683.24560546875,3735.86328125,313735,0.0,0.0
2009-02-09 00:00:00+07:00,3683.24560546875,3893.716796875,3683.24560546875,3788.481201171875,187539,0.0,0.0
2009-02-10 00:00:00+07:00,3683.24560546875,3735.86328125,3683.24560546875,3709.554443359375,33410,0.0,0.0
2009-02-11 00:00:00+07:00,3630.627685546875,3630.627685546875,3525.39208984375,3525.39208984375,462917,0.0,0.0
2009-02-12 00:00:00+07:00,3420.156494140625,3630.627685546875,3420.156494140625,3551.700927734375,240165,0.0,0.0
2009-02-13 00:00:00+07:00,3525.39208984375,3551.700927734375,3499.083251953125,3499.083251953125,6806,0.0,0.0
2009-02-16 00:00:00+07:00,3420.156494140625,3420.156494140625,3393.84765625,3420.156494140625,33198,0.0,0.0
2009-02-17 00:00:00+07:00,3420.156494140625,3420.156494140625,3262.30322265625,3262.30322265625,82630,0.0,0.0
2009-02-18 00:00:00+07:00,3104.44970703125,3130.7587890625,3104.44970703125,3104.44970703125,29418,0.0,0.0
2009-02-19 00:00:00+07:00,3104.44970703125,3104.44970703125,2972.9052734375,2999.214111328125,194765,0.0,0.0
2009-02-20 00:00:00+07:00,2867.669677734375,2867.669677734375,2867.669677734375,2867.669677734375,34546,0.0,0.0
2009-02-23 00:00:00+07:00,2736.125244140625,2736.125244140625,2736.125244140625,2736.125244140625,14782,0.0,0.0
2009-02-24 00:00:00+07:00,2604.580810546875,2604.580810546875,2599.319091796875,2599.319091796875,2996,0.0,0.0
2009-02-25 00:00:00+07:00,2478.298095703125,2551.962890625,2473.036376953125,2473.036376953125,633403,0.0,0.0
2009-02-26 00:00:00+07:00,2352.015380859375,2352.015380859375,2352.015380859375,2352.015380859375,49368,0.0,0.0
2009-02-27 00:00:00+07:00,2236.256103515625,2236.256103515625,2236.256103515625,2236.256103515625,88126,0.0,0.0
2009-03-02 00:00:00+07:00,2125.7587890625,2157.32958984375,2125.7587890625,2157.32958984375,231637,0.0,0.0
2009-03-03 00:00:00+07:00,2104.711669921875,2157.32958984375,2052.093994140625,2052.093994140625,154471,0.0,0.0
2009-03-04 00:00:00+07:00,2152.067626953125,2152.067626953125,1988.9525146484373,1988.9525146484373,3137297,0.0,0.0
2009-03-05 00:00:00+07:00,2083.66455078125,2083.66455078125,1988.9525146484373,1988.9525146484373,958371,0.0,0.0
2009-03-06 00:00:00+07:00,2073.14111328125,2073.14111328125,1910.02587890625,1910.02587890625,1627539,0.0,0.0
2009-03-09 00:00:00+07:00,1967.9053955078125,2004.7379150390625,1904.76416015625,1920.5494384765625,1021847,0.0,0.0
2009-03-10 00:00:00+07:00,1920.5494384765625,2015.261474609375,1894.2406005859373,2015.261474609375,409333,0.0,0.0
2009-03-11 00:00:00+07:00,2052.093994140625,2094.188232421875,1952.1201171875,1952.1201171875,2701705,0.0,0.0
2009-03-12 00:00:00+07:00,1925.811279296875,1936.3348388671875,1857.4080810546875,1857.4080810546875,2075311,0.0,0.0
2009-03-13 00:00:00+07:00,1841.622802734375,1888.978759765625,1773.2196044921875,1773.2196044921875,3570611,0.0,0.0
2009-03-16 00:00:00+07:00,1773.2196044921875,1857.4080810546875,1773.2196044921875,1857.4080810546875,6816277,0.0,0.0
2009-03-17 00:00:00+07:00,1946.8583984375,1946.8583984375,1920.5494384765625,1946.8583984375,8771707,0.0,0.0
2009-03-18 00:00:00+07:00,2041.5703125,2041.5703125,2031.0467529296875,2036.30859375,12927529,0.0,0.0
2009-03-19 00:00:00+07:00,1957.3819580078125,1962.6436767578125,1936.3348388671875,1936.3348388671875,10433895,0.0,0.0
2009-03-20 00:00:00+07:00,1841.622802734375,1841.622802734375,1841.622802734375,1841.622802734375,1939243,0.0,0.0
2009-03-23 00:00:00+07:00,1752.1724853515625,1752.1724853515625,1752.1724853515625,1752.1724853515625,1709643,0.0,0.0
2009-03-24 00:00:00+07:00,1831.0992431640625,1836.3609619140625,1736.38720703125,1836.3609619140625,20111985,0.0,0.0
2009-03-25 00:00:00+07:00,1815.3138427734373,1925.811279296875,1815.3138427734373,1925.811279296875,5160011,0.0,0.0
2009-03-26 00:00:00+07:00,2020.523193359375,2020.523193359375,1952.1201171875,2020.523193359375,4867143,0.0,0.0
2009-03-27 00:00:00+07:00,2120.4970703125,2120.4970703125,2078.40283203125,2120.4970703125,13204423,0.0,0.0
2009-03-30 00:00:00+07:00,2209.947265625,2225.732666015625,2157.32958984375,2225.732666015625,14455711,0.0,0.0
2009-03-31 00:00:00+07:00,2209.947265625,2225.732666015625,2115.2353515625,2115.2353515625,6936007,0.0,0.0
2009-04-01 00:00:00+07:00,2104.711669921875,2220.470947265625,2052.093994140625,2209.947265625,6858841,0.0,0.0
2009-04-02 00:00:00+07:00,2209.947265625,2236.256103515625,2183.638427734375,2188.900146484375,6826175,0.0,0.0
2009-04-03 00:00:00+07:00,2294.1357421875,2294.1357421875,2273.088623046875,2294.1357421875,3187651,0.0,0.0
2009-04-07 00:00:00+07:00,2399.371337890625,2404.633056640625,2315.182861328125,2404.633056640625,5962779,0.0,0.0
2009-04-08 00:00:00+07:00,2404.633056640625,2520.392333984375,2304.659423828125,2325.70654296875,9943355,0.0,0.0
2009-04-09 00:00:00+07:00,2325.70654296875,2362.538818359375,2215.208984375,2220.470947265625,6666905,0.0,0.0
2009-04-10 00:00:00+07:00,2330.96826171875,2330.96826171875,2325.70654296875,2330.96826171875,2589953,0.0,0.0
2009-04-13 00:00:00+07:00,2446.727294921875,2446.727294921875,2446.727294921875,2446.727294921875,1644651,0.0,0.0
2009-04-14 00:00:00+07:00,2420.41845703125,2525.654052734375,2367.80078125,2451.9892578125,8097601,0.0,0.0
2009-04-15 00:00:00+07:00,2330.96826171875,2420.41845703125,2330.96826171875,2330.96826171875,4298503,0.0,0.0
2009-04-16 00:00:00+07:00,2330.96826171875,2330.96826171875,2236.256103515625,2330.96826171875,5509879,0.0,0.0
2009-04-17 00:00:00+07:00,2273.088623046875,2315.182861328125,2215.208984375,2215.208984375,3640353,0.0,0.0
2009-04-20 00:00:00+07:00,2104.711669921875,2104.711669921875,2104.711669921875,2104.711669921875,3989099,0.0,0.0
2009-04-21 00:00:00+07:00,1999.47607421875,1999.47607421875,1999.47607421875,1999.47607421875,5293795,0.0,0.0
2009-04-22 00:00:00+07:00,2099.449951171875,2099.449951171875,2025.7850341796875,2099.449951171875,3395003,0.0,0.0
2009-04-23 00:00:00+07:00,2025.7850341796875,2099.449951171875,2015.261474609375,2073.14111328125,3587911,0.0,0.0
2009-04-24 00:00:00+07:00,1999.47607421875,2025.7850341796875,1999.47607421875,2020.523193359375,1746901,0.0,0.0
2009-04-27 00:00:00+07:00,2104.711669921875,2115.2353515625,2078.40283203125,2099.449951171875,2314755,0.0,0.0
2009-04-28 00:00:00+07:00,1999.47607421875,2125.7587890625,1999.47607421875,2099.449951171875,1303699,0.0,0.0
2009-04-29 00:00:00+07:00,2099.449951171875,2104.711669921875,2052.093994140625,2104.711669921875,1523405,0.0,0.0
2009-05-04 00:00:00+07:00,2209.947265625,2209.947265625,2209.947265625,2209.947265625,447715,0.0,0.0
2009-05-05 00:00:00+07:00,2320.444580078125,2320.444580078125,2320.444580078125,2320.444580078125,2280939,0.0,0.0
2009-05-06 00:00:00+07:00,2204.685546875,2320.444580078125,2204.685546875,2209.947265625,3709929,0.0,0.0
2009-05-07 00:00:00+07:00,2294.1357421875,2309.921142578125,2262.565185546875,2262.565185546875,1771609,0.0,0.0
2009-05-08 00:00:00+07:00,2162.59130859375,2262.565185546875,2162.59130859375,2220.470947265625,1154307,0.0,0.0
2009-05-11 00:00:00+07:00,2304.659423828125,2330.96826171875,2262.565185546875,2315.182861328125,3453341,0.0,0.0
2009-05-12 00:00:00+07:00,2315.182861328125,2420.41845703125,2288.8740234375,2420.41845703125,2052511,0.0,0.0
2009-05-13 00:00:00+07:00,2315.182861328125,2420.41845703125,2304.659423828125,2304.659423828125,2285129,0.0,0.0
2009-05-14 00:00:00+07:00,2209.947265625,2367.80078125,2209.947265625,2367.80078125,1654357,0.0,0.0
2009-05-15 00:00:00+07:00,2420.41845703125,2446.727294921875,2367.80078125,2446.727294921875,2297081,0.0,0.0
2009-05-18 00:00:00+07:00,2446.727294921875,2473.036376953125,2415.15673828125,2425.68017578125,1941507,0.0,0.0
2009-05-19 00:00:00+07:00,2546.701171875,2546.701171875,2541.439453125,2546.701171875,3360981,0.0,0.0
2009-05-20 00:00:00+07:00,2657.198486328125,2657.198486328125,2657.198486328125,2657.198486328125,1178839,0.0,0.0
2009-05-21 00:00:00+07:00,2788.742919921875,2788.742919921875,2788.742919921875,2788.742919921875,725385,0.0,0.0
2009-05-22 00:00:00+07:00,2920.28759765625,2920.28759765625,2709.81640625,2920.28759765625,5501901,0.0,0.0
2009-05-25 00:00:00+07:00,3051.83203125,3051.83203125,3051.83203125,3051.83203125,1049421,0.0,0.0
2009-05-26 00:00:00+07:00,3183.37646484375,3183.37646484375,3183.37646484375,3183.37646484375,711513,0.0,0.0
2009-05-27 00:00:00+07:00,3341.229736328125,3341.229736328125,3341.229736328125,3341.229736328125,509473,0.0,0.0
2009-05-28 00:00:00+07:00,3499.083251953125,3499.083251953125,3367.538818359375,3499.083251953125,6706633,0.0,0.0
2009-05-29 00:00:00+07:00,3656.9365234375,3656.9365234375,3393.84765625,3525.39208984375,2995333,0.0,0.0
2009-06-01 00:00:00+07:00,3393.84765625,3604.31884765625,3393.84765625,3472.7744140625,3294663,0.0,0.0
2009-06-02 00:00:00+07:00,3630.627685546875,3630.627685546875,3604.31884765625,3604.31884765625,2094125,0.0,0.0
2009-06-03 00:00:00+07:00,3604.31884765625,3604.31884765625,3525.39208984375,3604.31884765625,3162573,0.0,0.0
2009-06-04 00:00:00+07:00,3656.9365234375,3762.172119140625,3656.9365234375,3762.172119140625,2049077,0.0,0.0
2009-06-05 00:00:00+07:00,3946.33447265625,3946.33447265625,3946.33447265625,3946.33447265625,1043133,0.0,0.0
2009-06-08 00:00:00+07:00,4130.49658203125,4130.49658203125,4130.49658203125,4130.49658203125,614965,0.0,0.0
2009-06-09 00:00:00+07:00,4156.8056640625,4209.42333984375,3972.643310546875,4104.18798828125,2630819,0.0,0.0
2009-06-10 00:00:00+07:00,3920.025634765625,3972.643310546875,3920.025634765625,3920.025634765625,2055345,0.0,0.0
2009-06-11 00:00:00+07:00,3841.098876953125,4104.18798828125,3841.098876953125,4104.18798828125,1241169,0.0,0.0
2009-06-12 00:00:00+07:00,4288.35009765625,4288.35009765625,3920.025634765625,4051.570068359375,862211,0.0,0.0
2009-06-15 00:00:00+07:00,3920.025634765625,3998.9521484375,3867.40771484375,3867.40771484375,1357303,0.0,0.0
2009-06-16 00:00:00+07:00,3683.24560546875,3683.24560546875,3683.24560546875,3683.24560546875,1546383,0.0,0.0
2009-06-17 00:00:00+07:00,3499.083251953125,3788.481201171875,3499.083251953125,3709.554443359375,2459203,0.0,0.0
2009-06-18 00:00:00+07:00,3709.554443359375,3788.481201171875,3630.627685546875,3762.172119140625,3016429,0.0,0.0
2009-06-19 00:00:00+07:00,3893.716796875,3893.716796875,3762.172119140625,3867.40771484375,2856231,0.0,0.0
2009-06-22 00:00:00+07:00,4051.570068359375,4051.570068359375,3893.716796875,4051.570068359375,3872777,0.0,0.0
2009-06-23 00:00:00+07:00,3946.33447265625,4051.570068359375,3867.40771484375,3867.40771484375,1413743,0.0,0.0
2009-06-24 00:00:00+07:00,4051.570068359375,4051.570068359375,3998.9521484375,4051.570068359375,2296705,0.0,0.0
2009-06-25 00:00:00+07:00,4235.732421875,4235.732421875,3893.716796875,4025.26123046875,3523669,0.0,0.0
2009-06-26 00:00:00+07:00,4077.87890625,4183.11474609375,4025.26123046875,4104.18798828125,3061475,0.0,0.0
2009-06-29 00:00:00+07:00,4156.8056640625,4156.8056640625,4077.87890625,4104.18798828125,2004611,0.0,0.0
2009-06-30 00:00:00+07:00,4051.570068359375,4104.18798828125,3920.025634765625,3920.025634765625,1878217,0.0,0.0
2009-07-01 00:00:00+07:00,3735.86328125,3841.098876953125,3735.86328125,3735.86328125,988023,0.0,0.0
2009-07-02 00:00:00+07:00,2499.34521484375,2499.34521484375,2499.34521484375,2499.34521484375,719295,0.0,0.0
2009-07-03 00:00:00+07:00,2620.3662109375,2620.3662109375,2578.27197265625,2620.3662109375,4002975,0.0,0.0
2009-07-06 00:00:00+07:00,2657.198486328125,2736.125244140625,2599.319091796875,2683.50732421875,3055197,0.0,0.0
2009-07-07 00:00:00+07:00,2557.224853515625,2630.8896484375,2551.962890625,2551.962890625,1968865,0.0,0.0
2009-07-08 00:00:00+07:00,2430.942138671875,2499.34521484375,2425.68017578125,2425.68017578125,2198255,0.0,0.0
2009-07-09 00:00:00+07:00,2425.68017578125,2509.86865234375,2420.41845703125,2420.41845703125,655625,0.0,0.0
2009-07-10 00:00:00+07:00,2367.80078125,2394.109619140625,2341.49169921875,2341.49169921875,893387,0.0,0.0
2009-07-13 00:00:00+07:00,2267.826904296875,2283.6123046875,2225.732666015625,2225.732666015625,789799,0.0,0.0
2009-07-14 00:00:00+07:00,2225.732666015625,2225.732666015625,2094.188232421875,2209.947265625,1891713,0.0,0.0
2009-07-15 00:00:00+07:00,2230.994384765625,2262.565185546875,2209.947265625,2236.256103515625,371129,0.0,0.0
2009-07-16 00:00:00+07:00,2346.753662109375,2346.753662109375,2241.51806640625,2315.182861328125,730321,0.0,0.0
2009-07-17 00:00:00+07:00,2304.659423828125,2394.109619140625,2299.3974609375,2367.80078125,1177869,0.0,0.0
2009-07-20 00:00:00+07:00,2288.8740234375,2294.1357421875,2252.04150390625,2252.04150390625,1015769,0.0,0.0
2009-07-21 00:00:00+07:00,2304.659423828125,2304.659423828125,2252.04150390625,2262.565185546875,660197,0.0,0.0
2009-07-22 00:00:00+07:00,2373.0625,2373.0625,2373.0625,2373.0625,844161,0.0,0.0
2009-07-23 00:00:00+07:00,2488.821533203125,2488.821533203125,2462.5126953125,2488.821533203125,1901791,0.0,0.0
2009-07-24 00:00:00+07:00,2609.842529296875,2609.842529296875,2609.842529296875,2609.842529296875,268689,0.0,0.0
2009-07-27 00:00:00+07:00,2736.125244140625,2736.125244140625,2736.125244140625,2736.125244140625,845863,0.0,0.0
2009-07-28 00:00:00+07:00,2867.669677734375,2867.669677734375,2867.669677734375,2867.669677734375,2816509,0.0,0.0
2009-07-29 00:00:00+07:00,2999.214111328125,2999.214111328125,2920.28759765625,2920.28759765625,6193485,0.0,0.0
2009-07-30 00:00:00+07:00,2788.742919921875,2788.742919921875,2788.742919921875,2788.742919921875,1958055,0.0,0.0
2009-07-31 00:00:00+07:00,2683.50732421875,2920.28759765625,2683.50732421875,2867.669677734375,2040337,0.0,0.0
2009-08-03 00:00:00+07:00,2788.742919921875,2946.596435546875,2788.742919921875,2841.36083984375,555849,0.0,0.0
2009-08-04 00:00:00+07:00,2841.36083984375,2893.978515625,2788.742919921875,2788.742919921875,1161171,0.0,0.0
2009-08-05 00:00:00+07:00,2762.43408203125,2841.36083984375,2762.43408203125,2815.052001953125,700477,0.0,0.0
2009-08-06 00:00:00+07:00,2893.978515625,2946.596435546875,2893.978515625,2893.978515625,3301113,0.0,0.0
2009-08-07 00:00:00+07:00,2920.28759765625,2946.596435546875,2893.978515625,2893.978515625,1494327,0.0,0.0
2009-08-10 00:00:00+07:00,2920.28759765625,2946.596435546875,2893.978515625,2920.28759765625,958191,0.0,0.0
2009-08-11 00:00:00+07:00,2893.978515625,2946.596435546875,2867.669677734375,2867.669677734375,889961,0.0,0.0
2009-08-12 00:00:00+07:00,2841.36083984375,2893.978515625,2841.36083984375,2893.978515625,962179,0.0,0.0
2009-08-13 00:00:00+07:00,2920.28759765625,2946.596435546875,2893.978515625,2946.596435546875,1499429,0.0,0.0
2009-08-14 00:00:00+07:00,2972.9052734375,2972.9052734375,2893.978515625,2946.596435546875,526209,0.0,0.0
2009-08-17 00:00:00+07:00,2893.978515625,2946.596435546875,2867.669677734375,2867.669677734375,632065,0.0,0.0
2009-08-18 00:00:00+07:00,2867.669677734375,2920.28759765625,2841.36083984375,2920.28759765625,577717,0.0,0.0
2009-08-19 00:00:00+07:00,2920.28759765625,2972.9052734375,2893.978515625,2972.9052734375,1274249,0.0,0.0
2009-08-20 00:00:00+07:00,2972.9052734375,2999.214111328125,2946.596435546875,2946.596435546875,1060427,0.0,0.0
2009-08-21 00:00:00+07:00,2999.214111328125,3025.523193359375,2893.978515625,2893.978515625,2107991,0.0,0.0
2009-08-24 00:00:00+07:00,2972.9052734375,3025.523193359375,2946.596435546875,3025.523193359375,3946139,0.0,0.0
2009-08-25 00:00:00+07:00,3157.067626953125,3157.067626953125,3130.7587890625,3157.067626953125,6469819,0.0,0.0
2009-08-26 00:00:00+07:00,3262.30322265625,3314.9208984375,3209.685302734375,3209.685302734375,6242703,0.0,0.0
2009-08-27 00:00:00+07:00,3235.994384765625,3262.30322265625,3157.067626953125,3209.685302734375,2915701,0.0,0.0
2009-08-28 00:00:00+07:00,3262.30322265625,3288.612060546875,3183.37646484375,3288.612060546875,3693957,0.0,0.0
2009-08-31 00:00:00+07:00,3288.612060546875,3393.84765625,3288.612060546875,3393.84765625,6272747,0.0,0.0
2009-09-01 00:00:00+07:00,3420.156494140625,3420.156494140625,3314.9208984375,3314.9208984375,2963789,0.0,0.0
2009-09-03 00:00:00+07:00,3209.685302734375,3288.612060546875,3209.685302734375,3209.685302734375,1447571,0.0,0.0
2009-09-04 00:00:00+07:00,3209.685302734375,3262.30322265625,3104.44970703125,3104.44970703125,1910337,0.0,0.0
2009-09-07 00:00:00+07:00,3051.83203125,3051.83203125,2972.9052734375,2999.214111328125,2303357,0.0,0.0
2009-09-08 00:00:00+07:00,3078.140869140625,3130.7587890625,3078.140869140625,3130.7587890625,2929781,0.0,0.0
2009-09-09 00:00:00+07:00,3130.7587890625,3157.067626953125,3051.83203125,3104.44970703125,1252379,0.0,0.0
2009-09-10 00:00:00+07:00,3078.140869140625,3130.7587890625,3051.83203125,3130.7587890625,829717,0.0,0.0
2009-09-11 00:00:00+07:00,3183.37646484375,3209.685302734375,3130.7587890625,3130.7587890625,1595981,0.0,0.0
2009-09-14 00:00:00+07:00,3235.994384765625,3235.994384765625,3104.44970703125,3157.067626953125,3333239,0.0,0.0
2009-09-15 00:00:00+07:00,3157.067626953125,3157.067626953125,3051.83203125,3051.83203125,2122243,0.0,0.0
2009-09-16 00:00:00+07:00,3025.523193359375,3104.44970703125,3025.523193359375,3025.523193359375,1489953,0.0,0.0
2009-09-17 00:00:00+07:00,3025.523193359375,3104.44970703125,2999.214111328125,3078.140869140625,2344987,0.0,0.0
2009-09-18 00:00:00+07:00,3078.140869140625,3104.44970703125,3051.83203125,3104.44970703125,2126803,0.0,0.0
2009-09-21 00:00:00+07:00,3157.067626953125,3235.994384765625,3104.44970703125,3235.994384765625,1841541,0.0,0.0
2009-09-22 00:00:00+07:00,3393.84765625,3393.84765625,3393.84765625,3393.84765625,1714017,0.0,0.0
2009-09-23 00:00:00+07:00,3551.700927734375,3551.700927734375,3551.700927734375,3551.700927734375,4055823,0.0,0.0
2009-09-24 00:00:00+07:00,3446.46533203125,3551.700927734375,3393.84765625,3446.46533203125,6398933,0.0,0.0
2009-09-25 00:00:00+07:00,3367.538818359375,3525.39208984375,3367.538818359375,3525.39208984375,3225299,0.0,0.0
2009-09-28 00:00:00+07:00,3525.39208984375,3525.39208984375,3420.156494140625,3472.7744140625,2263437,0.0,0.0
2009-09-29 00:00:00+07:00,3472.7744140625,3472.7744140625,3367.538818359375,3446.46533203125,2493597,0.0,0.0
2009-09-30 00:00:00+07:00,3446.46533203125,3446.46533203125,3367.538818359375,3367.538818359375,2313231,0.0,0.0
2009-10-01 00:00:00+07:00,3525.39208984375,3525.39208984375,3341.229736328125,3341.229736328125,2212525,0.0,0.0
2009-10-02 00:00:00+07:00,3341.229736328125,3341.229736328125,3209.685302734375,3235.994384765625,1317193,0.0,0.0
2009-10-05 00:00:00+07:00,3235.994384765625,3367.538818359375,3235.994384765625,3341.229736328125,1253515,0.0,0.0
2009-10-06 00:00:00+07:00,3499.083251953125,3499.083251953125,3446.46533203125,3472.7744140625,4408719,0.0,0.0
2009-10-07 00:00:00+07:00,3446.46533203125,3525.39208984375,3446.46533203125,3499.083251953125,2078907,0.0,0.0
2009-10-08 00:00:00+07:00,3472.7744140625,3499.083251953125,3393.84765625,3393.84765625,1133211,0.0,0.0
2009-10-09 00:00:00+07:00,3525.39208984375,3551.700927734375,3499.083251953125,3551.700927734375,2788179,0.0,0.0
2009-10-12 00:00:00+07:00,3551.700927734375,3709.554443359375,3551.700927734375,3656.9365234375,4568759,0.0,0.0
2009-10-13 00:00:00+07:00,3656.9365234375,3683.24560546875,3604.31884765625,3683.24560546875,3006351,0.0,0.0
2009-10-14 00:00:00+07:00,3683.24560546875,3841.098876953125,3604.31884765625,3788.481201171875,3771293,0.0,0.0
2009-10-15 00:00:00+07:00,3972.643310546875,3972.643310546875,3814.7900390625,3972.643310546875,2435451,0.0,0.0
2009-10-16 00:00:00+07:00,3920.025634765625,3972.643310546875,3788.481201171875,3946.33447265625,4479047,0.0,0.0
2009-10-19 00:00:00+07:00,3946.33447265625,3972.643310546875,3841.098876953125,3972.643310546875,3843347,0.0,0.0
2009-10-20 00:00:00+07:00,4077.87890625,4156.8056640625,4051.570068359375,4156.8056640625,4991049,0.0,0.0
2009-10-21 00:00:00+07:00,4156.8056640625,4314.6591796875,4156.8056640625,4262.041015625,2437349,0.0,0.0
2009-10-22 00:00:00+07:00,4183.11474609375,4262.041015625,4156.8056640625,4262.041015625,5501135,0.0,0.0
2009-10-23 00:00:00+07:00,4472.51220703125,4472.51220703125,4314.6591796875,4472.51220703125,8592497,0.0,0.0
2009-10-26 00:00:00+07:00,4630.36572265625,4656.6748046875,4577.748046875,4577.748046875,3477883,0.0,0.0
2009-10-27 00:00:00+07:00,4472.51220703125,4472.51220703125,4367.27685546875,4472.51220703125,4362551,0.0,0.0
2009-10-28 00:00:00+07:00,4525.13037109375,4525.13037109375,4367.27685546875,4472.51220703125,2692587,0.0,0.0
2009-10-29 00:00:00+07:00,4314.6591796875,4367.27685546875,4262.041015625,4367.27685546875,3732543,0.0,0.0
2009-10-30 00:00:00+07:00,4446.20361328125,4472.51220703125,4367.27685546875,4472.51220703125,2722041,0.0,0.0
2009-11-02 00:00:00+07:00,4314.6591796875,4419.89453125,4262.041015625,4314.6591796875,4679563,0.0,0.0
2009-11-03 00:00:00+07:00,4367.27685546875,4367.27685546875,4130.49658203125,4130.49658203125,2263635,0.0,0.0
2009-11-04 00:00:00+07:00,4209.42333984375,4314.6591796875,4209.42333984375,4314.6591796875,3748313,0.0,0.0
2009-11-05 00:00:00+07:00,4525.13037109375,4525.13037109375,4525.13037109375,4525.13037109375,1438623,0.0,0.0
2009-11-06 00:00:00+07:00,4735.6015625,4735.6015625,4630.36572265625,4735.6015625,5161149,0.0,0.0
2009-11-09 00:00:00+07:00,4709.29248046875,4788.21923828125,4709.29248046875,4735.6015625,2332425,0.0,0.0
2009-11-10 00:00:00+07:00,4893.45458984375,4946.07275390625,4682.9833984375,4893.45458984375,2169391,0.0,0.0
2009-11-11 00:00:00+07:00,5051.30810546875,5130.23486328125,5051.30810546875,5130.23486328125,1635917,0.0,0.0
2009-11-12 00:00:00+07:00,5261.779296875,5367.0146484375,5261.779296875,5367.0146484375,3070401,0.0,0.0
2009-11-13 00:00:00+07:00,5367.0146484375,5419.6328125,5261.779296875,5419.6328125,3479397,0.0,0.0
2009-11-16 00:00:00+07:00,5682.7216796875,5682.7216796875,5630.10400390625,5682.7216796875,3619273,0.0,0.0
2009-11-17 00:00:00+07:00,5893.19287109375,5893.19287109375,5682.7216796875,5893.19287109375,8446521,0.0,0.0
2009-11-18 00:00:00+07:00,5893.19287109375,5998.42822265625,5735.33935546875,5787.95703125,11384523,0.0,0.0
2009-11-19 00:00:00+07:00,5630.10400390625,5787.95703125,5524.8681640625,5682.7216796875,8096289,0.0,0.0
2009-11-20 00:00:00+07:00,5682.7216796875,5893.19287109375,5524.8681640625,5893.19287109375,3708413,0.0,0.0
2009-11-23 00:00:00+07:00,5787.95703125,5787.95703125,5630.10400390625,5787.95703125,2318559,0.0,0.0
2009-11-24 00:00:00+07:00,5787.95703125,5893.19287109375,5682.7216796875,5840.5751953125,1388659,0.0,0.0
2009-11-25 00:00:00+07:00,5787.95703125,5787.95703125,5577.48583984375,5682.7216796875,1396831,0.0,0.0
2009-11-26 00:00:00+07:00,5419.6328125,5945.810546875,5419.6328125,5945.810546875,2650205,0.0,0.0
2009-11-27 00:00:00+07:00,5682.7216796875,6051.04638671875,5682.7216796875,5893.19287109375,2424989,0.0,0.0
2009-11-30 00:00:00+07:00,6051.04638671875,6156.28173828125,5840.5751953125,6156.28173828125,1989389,0.0,0.0
2009-12-01 00:00:00+07:00,6156.28173828125,6156.28173828125,5998.42822265625,6051.04638671875,2462061,0.0,0.0
2009-12-02 00:00:00+07:00,5945.810546875,5998.42822265625,5840.5751953125,5893.19287109375,849475,0.0,0.0
2009-12-03 00:00:00+07:00,5735.33935546875,5893.19287109375,5630.10400390625,5787.95703125,1562171,0.0,0.0
2009-12-04 00:00:00+07:00,5787.95703125,5787.95703125,5524.8681640625,5577.48583984375,5054711,0.0,0.0
2009-12-07 00:00:00+07:00,5577.48583984375,5577.48583984375,5367.0146484375,5524.8681640625,3742043,0.0,0.0
2009-12-08 00:00:00+07:00,5367.0146484375,5524.8681640625,5314.39697265625,5524.8681640625,5131887,0.0,0.0
2009-12-09 00:00:00+07:00,5419.6328125,5524.8681640625,5261.779296875,5419.6328125,639867,0.0,0.0
2009-12-10 00:00:00+07:00,5419.6328125,5419.6328125,5209.16162109375,5419.6328125,1815309,0.0,0.0
2009-12-11 00:00:00+07:00,5261.779296875,5472.25048828125,5156.5439453125,5472.25048828125,1280895,0.0,0.0
2009-12-14 00:00:00+07:00,5577.48583984375,5682.7216796875,5472.25048828125,5577.48583984375,1375167,0.0,0.0
2009-12-15 00:00:00+07:00,5577.48583984375,5577.48583984375,5314.39697265625,5314.39697265625,1951193,0.0,0.0
2009-12-16 00:00:00+07:00,5103.92578125,5103.92578125,5051.30810546875,5051.30810546875,1898931,0.0,0.0
2009-12-17 00:00:00+07:00,4814.52783203125,4893.45458984375,4814.52783203125,4893.45458984375,3135391,0.0,0.0
2009-12-18 00:00:00+07:00,4656.6748046875,4788.21923828125,4656.6748046875,4656.6748046875,2936427,0.0,0.0
2009-12-21 00:00:00+07:00,4840.8369140625,4867.14599609375,4551.43896484375,4867.14599609375,451697,0.0,0.0
2009-12-22 00:00:00+07:00,5103.92578125,5103.92578125,4998.6904296875,5103.92578125,398113,0.0,0.0
2009-12-23 00:00:00+07:00,5209.16162109375,5314.39697265625,4867.14599609375,5314.39697265625,404381,0.0,0.0
2009-12-24 00:00:00+07:00,5314.39697265625,5314.39697265625,5103.92578125,5261.779296875,650685,0.0,0.0
2009-12-25 00:00:00+07:00,5419.6328125,5419.6328125,5261.779296875,5261.779296875,1522443,0.0,0.0
2009-12-28 00:00:00+07:00,5024.9990234375,5261.779296875,5024.9990234375,5103.92578125,418079,0.0,0.0
2009-12-29 00:00:00+07:00,4946.07275390625,5130.23486328125,4867.14599609375,4867.14599609375,802353,0.0,0.0
2009-12-30 00:00:00+07:00,4682.9833984375,4972.38134765625,4682.9833984375,4946.07275390625,1181871,0.0,0.0
2009-12-31 00:00:00+07:00,5130.23486328125,5130.23486328125,4840.8369140625,4946.07275390625,2141815,0.0,0.0
2010-01-04 00:00:00+07:00,4946.07275390625,5156.5439453125,4946.07275390625,5156.5439453125,540653,0.0,0.0
2010-01-05 00:00:00+07:00,5367.0146484375,5367.0146484375,5209.16162109375,5235.47021484375,1551321,0.0,0.0
2010-01-06 00:00:00+07:00,5051.30810546875,5261.779296875,5051.30810546875,5130.23486328125,508155,0.0,0.0
2010-01-07 00:00:00+07:00,5130.23486328125,5130.23486328125,4946.07275390625,5130.23486328125,577717,0.0,0.0
2010-01-08 00:00:00+07:00,5077.6171875,5209.16162109375,4998.6904296875,5103.92578125,583603,0.0,0.0
2010-01-11 00:00:00+07:00,4998.6904296875,5130.23486328125,4946.07275390625,5103.92578125,545027,0.0,0.0
2010-01-12 00:00:00+07:00,4998.6904296875,5130.23486328125,4946.07275390625,5051.30810546875,483829,0.0,0.0
2010-01-13 00:00:00+07:00,4867.14599609375,5130.23486328125,4867.14599609375,5130.23486328125,387475,0.0,0.0
2010-01-14 00:00:00+07:00,5130.23486328125,5130.23486328125,5051.30810546875,5130.23486328125,848721,0.0,0.0
2010-01-15 00:00:00+07:00,4998.6904296875,5103.92578125,4998.6904296875,5103.92578125,892051,0.0,0.0
2010-01-18 00:00:00+07:00,4998.6904296875,5051.30810546875,4893.45458984375,5024.9990234375,645937,0.0,0.0
2010-01-19 00:00:00+07:00,4867.14599609375,5103.92578125,4867.14599609375,5051.30810546875,379289,0.0,0.0
2010-01-20 00:00:00+07:00,5051.30810546875,5077.6171875,4946.07275390625,5051.30810546875,373971,0.0,0.0
2010-01-21 00:00:00+07:00,4867.14599609375,5051.30810546875,4867.14599609375,5051.30810546875,507009,0.0,0.0
2010-01-22 00:00:00+07:00,4998.6904296875,5077.6171875,4840.8369140625,5077.6171875,1343617,0.0,0.0
2010-01-25 00:00:00+07:00,4972.38134765625,5051.30810546875,4972.38134765625,5051.30810546875,258989,0.0,0.0
2010-01-26 00:00:00+07:00,5051.30810546875,5077.6171875,4998.6904296875,5051.30810546875,679383,0.0,0.0
2010-01-27 00:00:00+07:00,5103.92578125,5103.92578125,4998.6904296875,5051.30810546875,619515,0.0,0.0
2010-01-28 00:00:00+07:00,5130.23486328125,5130.23486328125,4814.52783203125,5077.6171875,448465,0.0,0.0
2010-01-29 00:00:00+07:00,4998.6904296875,4998.6904296875,4893.45458984375,4998.6904296875,358585,0.0,0.0
2010-02-01 00:00:00+07:00,4919.763671875,4998.6904296875,4919.763671875,4998.6904296875,687569,0.0,0.0
2010-02-02 00:00:00+07:00,4998.6904296875,5156.5439453125,4972.38134765625,5077.6171875,582649,0.0,0.0
2010-02-03 00:00:00+07:00,4972.38134765625,5209.16162109375,4972.38134765625,5156.5439453125,1834515,0.0,0.0
2010-02-04 00:00:00+07:00,5103.92578125,5314.39697265625,5103.92578125,5235.47021484375,3105183,0.0,0.0
2010-02-05 00:00:00+07:00,5103.92578125,5209.16162109375,4998.6904296875,5051.30810546875,2658759,0.0,0.0
2010-02-08 00:00:00+07:00,4946.07275390625,5103.92578125,4893.45458984375,5051.30810546875,1805037,0.0,0.0
2010-02-09 00:00:00+07:00,4893.45458984375,4998.6904296875,4893.45458984375,4998.6904296875,1960529,0.0,0.0
2010-02-10 00:00:00+07:00,4998.6904296875,5051.30810546875,4919.763671875,5051.30810546875,1418865,0.0,0.0
2010-02-11 00:00:00+07:00,5077.6171875,5103.92578125,5051.30810546875,5103.92578125,871333,0.0,0.0
2010-02-12 00:00:00+07:00,5103.92578125,5182.8525390625,5103.92578125,5156.5439453125,1700331,0.0,0.0
2010-02-22 00:00:00+07:00,5156.5439453125,5209.16162109375,5077.6171875,5209.16162109375,1363363,0.0,0.0
2010-02-23 00:00:00+07:00,5156.5439453125,5209.16162109375,4972.38134765625,5130.23486328125,1604557,0.0,0.0
2010-02-24 00:00:00+07:00,4946.07275390625,5130.23486328125,4919.763671875,4972.38134765625,3332279,0.0,0.0
2010-02-25 00:00:00+07:00,5103.92578125,5156.5439453125,4893.45458984375,4893.45458984375,4749107,0.0,0.0
2010-02-26 00:00:00+07:00,4840.8369140625,4840.8369140625,4682.9833984375,4709.29248046875,6410339,0.0,0.0
2010-03-01 00:00:00+07:00,4709.29248046875,4893.45458984375,4709.29248046875,4735.6015625,2949343,0.0,0.0
2010-03-02 00:00:00+07:00,4682.9833984375,4735.6015625,4656.6748046875,4682.9833984375,2434881,0.0,0.0
2010-03-03 00:00:00+07:00,4735.6015625,4814.52783203125,4682.9833984375,4682.9833984375,2274845,0.0,0.0
2010-03-04 00:00:00+07:00,4761.91015625,4814.52783203125,4735.6015625,4788.21923828125,1253905,0.0,0.0
2010-03-05 00:00:00+07:00,4761.91015625,4788.21923828125,4682.9833984375,4735.6015625,2059539,0.0,0.0
2010-03-08 00:00:00+07:00,4788.21923828125,4840.8369140625,4709.29248046875,4735.6015625,1817587,0.0,0.0
2010-03-09 00:00:00+07:00,4735.6015625,4761.91015625,4709.29248046875,4761.91015625,1996627,0.0,0.0
2010-03-10 00:00:00+07:00,4761.91015625,4788.21923828125,4735.6015625,4735.6015625,1722935,0.0,0.0
2010-03-11 00:00:00+07:00,4682.9833984375,4735.6015625,4682.9833984375,4682.9833984375,1816645,0.0,0.0
2010-03-12 00:00:00+07:00,4735.6015625,4840.8369140625,4735.6015625,4788.21923828125,1930869,0.0,0.0
2010-03-15 00:00:00+07:00,4788.21923828125,4867.14599609375,4788.21923828125,4840.8369140625,2150565,0.0,0.0
2010-03-16 00:00:00+07:00,4814.52783203125,4867.14599609375,4735.6015625,4735.6015625,1867007,0.0,0.0
2010-03-17 00:00:00+07:00,4735.6015625,4735.6015625,4682.9833984375,4682.9833984375,1946837,0.0,0.0
2010-03-18 00:00:00+07:00,4735.6015625,4735.6015625,4630.36572265625,4682.9833984375,2285299,0.0,0.0
2010-03-19 00:00:00+07:00,4682.9833984375,4682.9833984375,4604.05712890625,4630.36572265625,3103281,0.0,0.0
2010-03-22 00:00:00+07:00,4630.36572265625,4709.29248046875,4577.748046875,4630.36572265625,1001335,0.0,0.0
2010-03-23 00:00:00+07:00,4630.36572265625,4682.9833984375,4577.748046875,4656.6748046875,1084393,0.0,0.0
2010-03-24 00:00:00+07:00,4656.6748046875,4709.29248046875,4630.36572265625,4682.9833984375,1103017,0.0,0.0
2010-03-25 00:00:00+07:00,4604.05712890625,4735.6015625,4577.748046875,4682.9833984375,1849523,0.0,0.0
2010-03-26 00:00:00+07:00,4709.29248046875,4735.6015625,4656.6748046875,4709.29248046875,2473837,0.0,0.0
2010-03-29 00:00:00+07:00,4709.29248046875,4761.91015625,4709.29248046875,4735.6015625,1870995,0.0,0.0
2010-03-30 00:00:00+07:00,4709.29248046875,4788.21923828125,4709.29248046875,4761.91015625,1305973,0.0,0.0
2010-03-31 00:00:00+07:00,4761.91015625,4761.91015625,4709.29248046875,4709.29248046875,2581209,0.0,0.0
2010-04-01 00:00:00+07:00,4735.6015625,4814.52783203125,4735.6015625,4814.52783203125,3714673,0.0,0.0
2010-04-02 00:00:00+07:00,4893.45458984375,4893.45458984375,4840.8369140625,4893.45458984375,3069247,0.0,0.0
2010-04-05 00:00:00+07:00,5051.30810546875,5130.23486328125,4998.6904296875,5077.6171875,3444429,0.0,0.0
2010-04-06 00:00:00+07:00,5077.6171875,5156.5439453125,5077.6171875,5077.6171875,3206283,0.0,0.0
2010-04-07 00:00:00+07:00,5103.92578125,5103.92578125,5024.9990234375,5077.6171875,2572661,0.0,0.0
2010-04-08 00:00:00+07:00,5103.92578125,5103.92578125,5051.30810546875,5103.92578125,3325073,0.0,0.0
2010-04-09 00:00:00+07:00,5103.92578125,5130.23486328125,5077.6171875,5103.92578125,2455779,0.0,0.0
2010-04-12 00:00:00+07:00,5103.92578125,5130.23486328125,5051.30810546875,5103.92578125,2614855,0.0,0.0
2010-04-13 00:00:00+07:00,5077.6171875,5156.5439453125,5077.6171875,5103.92578125,1337527,0.0,0.0
2010-04-14 00:00:00+07:00,5024.9990234375,5103.92578125,5024.9990234375,5024.9990234375,1352543,0.0,0.0
2010-04-15 00:00:00+07:00,5103.92578125,5261.779296875,5103.92578125,5261.779296875,3030675,0.0,0.0
2010-04-16 00:00:00+07:00,5261.779296875,5314.39697265625,5209.16162109375,5261.779296875,1442625,0.0,0.0
2010-04-19 00:00:00+07:00,5209.16162109375,5261.779296875,5130.23486328125,5130.23486328125,1638187,0.0,0.0
2010-04-20 00:00:00+07:00,5024.9990234375,5209.16162109375,5024.9990234375,5209.16162109375,2448181,0.0,0.0
2010-04-21 00:00:00+07:00,5235.47021484375,5314.39697265625,5209.16162109375,5261.779296875,4251185,0.0,0.0
2010-04-22 00:00:00+07:00,5472.25048828125,5524.8681640625,5419.6328125,5524.8681640625,2726787,0.0,0.0
2010-04-26 00:00:00+07:00,5735.33935546875,5787.95703125,5630.10400390625,5735.33935546875,2184009,0.0,0.0
2010-04-27 00:00:00+07:00,5735.33935546875,5893.19287109375,5735.33935546875,5840.5751953125,2652297,0.0,0.0
2010-04-28 00:00:00+07:00,5840.5751953125,5945.810546875,5682.7216796875,5840.5751953125,2449135,0.0,0.0
2010-04-29 00:00:00+07:00,5893.19287109375,5945.810546875,5840.5751953125,5945.810546875,1603591,0.0,0.0
2010-05-04 00:00:00+07:00,6208.8994140625,6208.8994140625,6208.8994140625,6208.8994140625,999797,0.0,0.0
2010-05-05 00:00:00+07:00,6419.37060546875,6471.98876953125,6314.13525390625,6419.37060546875,3918785,0.0,0.0
2010-05-06 00:00:00+07:00,6261.517578125,6419.37060546875,6208.8994140625,6261.517578125,4872269,0.0,0.0
2010-05-07 00:00:00+07:00,5896.8759765625,5896.8759765625,5728.39404296875,5812.634765625,3752067,0.0,0.0
2010-05-10 00:00:00+07:00,6065.3583984375,6065.3583984375,5728.39404296875,5728.39404296875,3155199,0.0,0.0
2010-05-11 00:00:00+07:00,5812.634765625,5812.634765625,5602.0322265625,5728.39404296875,3193069,0.0,0.0
2010-05-12 00:00:00+07:00,5644.15283203125,5644.15283203125,5475.67041015625,5475.67041015625,3041481,0.0,0.0
2010-05-13 00:00:00+07:00,5475.67041015625,5559.91162109375,5391.4296875,5433.55029296875,2301347,0.0,0.0
2010-05-14 00:00:00+07:00,5433.55029296875,5559.91162109375,5391.4296875,5475.67041015625,1948189,0.0,0.0
2010-05-17 00:00:00+07:00,5559.91162109375,5559.91162109375,5222.947265625,5307.1884765625,1966599,0.0,0.0
2010-05-18 00:00:00+07:00,5349.30908203125,5391.4296875,5138.7060546875,5349.30908203125,1356675,0.0,0.0
2010-05-19 00:00:00+07:00,5265.06787109375,5391.4296875,5096.5859375,5096.5859375,2053129,0.0,0.0
2010-05-20 00:00:00+07:00,4843.8623046875,5138.7060546875,4843.8623046875,5096.5859375,1778803,0.0,0.0
2010-05-21 00:00:00+07:00,4843.8623046875,5054.46533203125,4843.8623046875,5012.3447265625,1444641,0.0,0.0
2010-05-24 00:00:00+07:00,5180.82666015625,5180.82666015625,5012.3447265625,5180.82666015625,1194051,0.0,0.0
2010-05-25 00:00:00+07:00,5307.1884765625,5391.4296875,5138.7060546875,5222.947265625,2670649,0.0,0.0
2010-05-26 00:00:00+07:00,5307.1884765625,5391.4296875,5265.06787109375,5307.1884765625,1496391,0.0,0.0
2010-05-27 00:00:00+07:00,5475.67041015625,5475.67041015625,5222.947265625,5391.4296875,1662349,0.0,0.0
2010-05-28 00:00:00+07:00,5644.15283203125,5644.15283203125,5517.791015625,5602.0322265625,1541739,0.0,0.0
2010-05-31 00:00:00+07:00,5602.0322265625,5644.15283203125,5475.67041015625,5517.791015625,1016347,0.0,0.0
2010-06-01 00:00:00+07:00,5391.4296875,5559.91162109375,5349.30908203125,5433.55029296875,2266925,0.0,0.0
2010-06-02 00:00:00+07:00,5391.4296875,5602.0322265625,5265.06787109375,5602.0322265625,1888851,0.0,0.0
2010-06-03 00:00:00+07:00,5770.5146484375,5770.5146484375,5644.15283203125,5686.2734375,1545531,0.0,0.0
2010-06-04 00:00:00+07:00,5644.15283203125,5728.39404296875,5602.0322265625,5644.15283203125,1975023,0.0,0.0
2010-06-07 00:00:00+07:00,5475.67041015625,5559.91162109375,5433.55029296875,5433.55029296875,2082921,0.0,0.0
2010-06-08 00:00:00+07:00,5222.947265625,5475.67041015625,5222.947265625,5307.1884765625,1766335,0.0,0.0
2010-06-09 00:00:00+07:00,5307.1884765625,5517.791015625,5180.82666015625,5265.06787109375,2556091,0.0,0.0
2010-06-10 00:00:00+07:00,5222.947265625,5475.67041015625,5222.947265625,5433.55029296875,1810255,0.0,0.0
2010-06-11 00:00:00+07:00,5433.55029296875,5602.0322265625,5433.55029296875,5559.91162109375,1720873,0.0,0.0
2010-06-14 00:00:00+07:00,5559.91162109375,5644.15283203125,5559.91162109375,5602.0322265625,2185375,0.0,0.0
2010-06-15 00:00:00+07:00,5559.91162109375,5644.15283203125,5517.791015625,5559.91162109375,1959477,0.0,0.0
2010-06-16 00:00:00+07:00,5475.67041015625,5559.91162109375,5433.55029296875,5475.67041015625,2517279,0.0,0.0
2010-06-17 00:00:00+07:00,5391.4296875,5475.67041015625,5349.30908203125,5475.67041015625,1142527,0.0,0.0
2010-06-18 00:00:00+07:00,5475.67041015625,5559.91162109375,5475.67041015625,5559.91162109375,1900001,0.0,0.0
2010-06-21 00:00:00+07:00,5686.2734375,5728.39404296875,5559.91162109375,5644.15283203125,3343713,0.0,0.0
2010-06-22 00:00:00+07:00,5559.91162109375,5770.5146484375,5559.91162109375,5770.5146484375,2497925,0.0,0.0
2010-06-23 00:00:00+07:00,5728.39404296875,5770.5146484375,5686.2734375,5770.5146484375,1256247,0.0,0.0
2010-06-24 00:00:00+07:00,5728.39404296875,5812.634765625,5686.2734375,5686.2734375,1750423,0.0,0.0
2010-06-25 00:00:00+07:00,5644.15283203125,5728.39404296875,5559.91162109375,5559.91162109375,2721921,0.0,0.0
2010-06-28 00:00:00+07:00,5559.91162109375,5728.39404296875,5559.91162109375,5686.2734375,1414845,0.0,0.0
2010-06-29 00:00:00+07:00,5728.39404296875,5812.634765625,5686.2734375,5812.634765625,1628403,0.0,0.0
2010-06-30 00:00:00+07:00,5686.2734375,5854.75537109375,5644.15283203125,5854.75537109375,2224195,0.0,0.0
2010-07-01 00:00:00+07:00,5854.75537109375,5854.75537109375,5728.39404296875,5770.5146484375,2208285,0.0,0.0
2010-07-02 00:00:00+07:00,5770.5146484375,5770.5146484375,5728.39404296875,5770.5146484375,1650835,0.0,0.0
2010-07-05 00:00:00+07:00,5770.5146484375,5938.99658203125,5770.5146484375,5938.99658203125,218763,0.0,0.0
2010-07-06 00:00:00+07:00,5938.99658203125,5938.99658203125,5854.75537109375,5938.99658203125,1810373,0.0,0.0
2010-07-07 00:00:00+07:00,5938.99658203125,6023.23779296875,5854.75537109375,5854.75537109375,1204617,0.0,0.0
2010-07-08 00:00:00+07:00,5896.8759765625,5938.99658203125,5854.75537109375,5854.75537109375,1500553,0.0,0.0
2010-07-09 00:00:00+07:00,5854.75537109375,5938.99658203125,5854.75537109375,5854.75537109375,274073,0.0,0.0
2010-07-12 00:00:00+07:00,5896.8759765625,5896.8759765625,5686.2734375,5770.5146484375,1580681,0.0,0.0
2010-07-13 00:00:00+07:00,5770.5146484375,5854.75537109375,5728.39404296875,5854.75537109375,1617827,0.0,0.0
2010-07-14 00:00:00+07:00,5981.1171875,5981.1171875,5770.5146484375,5770.5146484375,1680627,0.0,0.0
2010-07-15 00:00:00+07:00,5770.5146484375,5896.8759765625,5686.2734375,5686.2734375,1567973,0.0,0.0
2010-07-16 00:00:00+07:00,5686.2734375,5854.75537109375,5644.15283203125,5686.2734375,1231207,0.0,0.0
2010-07-19 00:00:00+07:00,5644.15283203125,5812.634765625,5644.15283203125,5812.634765625,1387307,0.0,0.0
2010-07-20 00:00:00+07:00,5728.39404296875,5812.634765625,5686.2734375,5686.2734375,1164375,0.0,0.0
2010-07-21 00:00:00+07:00,5812.634765625,5812.634765625,5728.39404296875,5812.634765625,351475,0.0,0.0
2010-07-22 00:00:00+07:00,5686.2734375,5770.5146484375,5686.2734375,5770.5146484375,892177,0.0,0.0
2010-07-23 00:00:00+07:00,5770.5146484375,5854.75537109375,5770.5146484375,5812.634765625,944527,0.0,0.0
2010-07-26 00:00:00+07:00,5728.39404296875,5854.75537109375,5728.39404296875,5728.39404296875,1072485,0.0,0.0
2010-07-27 00:00:00+07:00,5728.39404296875,5812.634765625,5728.39404296875,5812.634765625,1248537,0.0,0.0
2010-07-28 00:00:00+07:00,5812.634765625,5812.634765625,5686.2734375,5728.39404296875,1388259,0.0,0.0
2010-07-29 00:00:00+07:00,5728.39404296875,5728.39404296875,5686.2734375,5686.2734375,1099917,0.0,0.0
2010-07-30 00:00:00+07:00,5728.39404296875,5770.5146484375,5644.15283203125,5728.39404296875,989869,0.0,0.0
2010-08-02 00:00:00+07:00,5812.634765625,5812.634765625,5644.15283203125,5770.5146484375,830323,0.0,0.0
2010-08-03 00:00:00+07:00,5728.39404296875,5854.75537109375,5728.39404296875,5728.39404296875,1510405,0.0,0.0
2010-08-04 00:00:00+07:00,5770.5146484375,5770.5146484375,5686.2734375,5728.39404296875,779275,0.0,0.0
2010-08-05 00:00:00+07:00,5770.5146484375,5770.5146484375,5686.2734375,5728.39404296875,1302433,0.0,0.0
2010-08-06 00:00:00+07:00,5770.5146484375,5770.5146484375,5644.15283203125,5728.39404296875,838639,0.0,0.0
2010-08-09 00:00:00+07:00,5770.5146484375,5770.5146484375,5644.15283203125,5728.39404296875,843859,0.0,0.0
2010-08-10 00:00:00+07:00,5686.2734375,5686.2734375,5602.0322265625,5644.15283203125,1538653,0.0,0.0
2010-08-11 00:00:00+07:00,5644.15283203125,5728.39404296875,5559.91162109375,5728.39404296875,1170673,0.0,0.0
2010-08-12 00:00:00+07:00,5728.39404296875,5728.39404296875,5559.91162109375,5602.0322265625,1464703,0.0,0.0
2010-08-13 00:00:00+07:00,5602.0322265625,5644.15283203125,5559.91162109375,5644.15283203125,1679567,0.0,0.0
2010-08-16 00:00:00+07:00,5644.15283203125,5644.15283203125,5644.15283203125,5644.15283203125,950583,0.0,0.0
2010-08-17 00:00:00+07:00,5644.15283203125,5644.15283203125,5602.0322265625,5644.15283203125,997229,0.0,0.0
2010-08-18 00:00:00+07:00,5644.15283203125,5644.15283203125,5433.55029296875,5517.791015625,1183605,0.0,0.0
2010-08-19 00:00:00+07:00,5475.67041015625,5602.0322265625,5433.55029296875,5475.67041015625,989631,0.0,0.0
2010-08-20 00:00:00+07:00,5559.91162109375,5602.0322265625,5265.06787109375,5517.791015625,564075,0.0,0.0
2010-08-23 00:00:00+07:00,5517.791015625,5559.91162109375,5475.67041015625,5517.791015625,660937,0.0,0.0
2010-08-24 00:00:00+07:00,5559.91162109375,5559.91162109375,5265.06787109375,5265.06787109375,945477,0.0,0.0
2010-08-25 00:00:00+07:00,5054.46533203125,5391.4296875,5012.3447265625,5054.46533203125,919357,0.0,0.0
2010-08-26 00:00:00+07:00,4928.103515625,5222.947265625,4928.103515625,5138.7060546875,1173517,0.0,0.0
2010-08-27 00:00:00+07:00,5138.7060546875,5180.82666015625,5054.46533203125,5138.7060546875,995929,0.0,0.0
2010-08-30 00:00:00+07:00,5180.82666015625,5222.947265625,5180.82666015625,5222.947265625,1562157,0.0,0.0
2010-08-31 00:00:00+07:00,5307.1884765625,5349.30908203125,5265.06787109375,5307.1884765625,4551313,0.0,0.0
2010-09-01 00:00:00+07:00,5307.1884765625,5307.1884765625,5222.947265625,5307.1884765625,838639,0.0,0.0
2010-09-06 00:00:00+07:00,5307.1884765625,5433.55029296875,5265.06787109375,5307.1884765625,1741289,0.0,0.0
2010-09-07 00:00:00+07:00,5307.1884765625,5349.30908203125,5180.82666015625,5180.82666015625,2003631,0.0,0.0
2010-09-08 00:00:00+07:00,5222.947265625,5222.947265625,5012.3447265625,5012.3447265625,1519661,0.0,0.0
2010-09-09 00:00:00+07:00,5054.46533203125,5222.947265625,5054.46533203125,5222.947265625,1253647,0.0,0.0
2010-09-10 00:00:00+07:00,5391.4296875,5391.4296875,5096.5859375,5096.5859375,985955,0.0,0.0
2010-09-13 00:00:00+07:00,5180.82666015625,5180.82666015625,4970.22412109375,5096.5859375,576063,0.0,0.0
2010-09-14 00:00:00+07:00,5012.3447265625,5096.5859375,4843.8623046875,4885.98291015625,4047997,0.0,0.0
2010-09-15 00:00:00+07:00,4885.98291015625,4885.98291015625,4675.38037109375,4717.5009765625,2997329,0.0,0.0
2010-09-16 00:00:00+07:00,4549.0185546875,4801.74169921875,4506.89794921875,4759.62158203125,5764745,0.0,0.0
2010-09-17 00:00:00+07:00,4591.13916015625,4843.8623046875,4591.13916015625,4801.74169921875,3159237,0.0,0.0
2010-09-20 00:00:00+07:00,4675.38037109375,4928.103515625,4675.38037109375,4843.8623046875,3653187,0.0,0.0
2010-09-21 00:00:00+07:00,4885.98291015625,4885.98291015625,4633.259765625,4633.259765625,7403249,0.0,0.0
2010-09-22 00:00:00+07:00,4633.259765625,4717.5009765625,4506.89794921875,4633.259765625,3021305,0.0,0.0
2010-09-23 00:00:00+07:00,4549.0185546875,4675.38037109375,4549.0185546875,4675.38037109375,2015979,0.0,0.0
2010-09-24 00:00:00+07:00,4675.38037109375,4759.62158203125,4633.259765625,4759.62158203125,928981,0.0,0.0
2010-09-27 00:00:00+07:00,4759.62158203125,4843.8623046875,4717.5009765625,4843.8623046875,1531771,0.0,0.0
2010-09-28 00:00:00+07:00,4801.74169921875,5054.46533203125,4801.74169921875,5054.46533203125,4453271,0.0,0.0
2010-09-29 00:00:00+07:00,5222.947265625,5307.1884765625,5180.82666015625,5180.82666015625,6564831,0.0,0.0
2010-09-30 00:00:00+07:00,5012.3447265625,5180.82666015625,5012.3447265625,5138.7060546875,1646799,0.0,0.0
2010-10-01 00:00:00+07:00,5180.82666015625,5180.82666015625,4928.103515625,4970.22412109375,1098615,0.0,0.0
2010-10-04 00:00:00+07:00,5054.46533203125,5054.46533203125,4801.74169921875,4970.22412109375,2848823,0.0,0.0
2010-10-05 00:00:00+07:00,4970.22412109375,5138.7060546875,4885.98291015625,5138.7060546875,3312611,0.0,0.0
2010-10-06 00:00:00+07:00,5054.46533203125,5391.4296875,5054.46533203125,5391.4296875,2872215,0.0,0.0
2010-10-07 00:00:00+07:00,5307.1884765625,5644.15283203125,5307.1884765625,5475.67041015625,4718455,0.0,0.0
2010-10-08 00:00:00+07:00,5222.947265625,5559.91162109375,5222.947265625,5517.791015625,1528315,0.0,0.0
2010-10-11 00:00:00+07:00,5517.791015625,5517.791015625,5307.1884765625,5517.791015625,1103229,0.0,0.0
2010-10-12 00:00:00+07:00,5475.67041015625,5517.791015625,5433.55029296875,5475.67041015625,691327,0.0,0.0
2010-10-13 00:00:00+07:00,5307.1884765625,5475.67041015625,5307.1884765625,5475.67041015625,1643239,0.0,0.0
2010-10-14 00:00:00+07:00,5475.67041015625,5644.15283203125,5475.67041015625,5602.0322265625,2225379,0.0,0.0
2010-10-15 00:00:00+07:00,5475.67041015625,5644.15283203125,5349.30908203125,5433.55029296875,958539,0.0,0.0
2010-10-18 00:00:00+07:00,5307.1884765625,5517.791015625,5265.06787109375,5307.1884765625,1249367,0.0,0.0
2010-10-19 00:00:00+07:00,5475.67041015625,5517.791015625,5307.1884765625,5475.67041015625,1487017,0.0,0.0
2010-10-20 00:00:00+07:00,5349.30908203125,5475.67041015625,5307.1884765625,5349.30908203125,799225,0.0,0.0
2010-10-21 00:00:00+07:00,5349.30908203125,5475.67041015625,5349.30908203125,5475.67041015625,1002925,0.0,0.0
2010-10-22 00:00:00+07:00,5475.67041015625,5559.91162109375,5349.30908203125,5559.91162109375,1831507,0.0,0.0
2010-10-25 00:00:00+07:00,5559.91162109375,5812.634765625,5559.91162109375,5812.634765625,2034733,0.0,0.0
2010-10-26 00:00:00+07:00,5812.634765625,5896.8759765625,5812.634765625,5896.8759765625,1573671,0.0,0.0
2010-10-27 00:00:00+07:00,5728.39404296875,5896.8759765625,5644.15283203125,5728.39404296875,942033,0.0,0.0
2010-10-28 00:00:00+07:00,5559.91162109375,5812.634765625,5559.91162109375,5686.2734375,2024051,0.0,0.0
2010-10-29 00:00:00+07:00,5728.39404296875,5728.39404296875,5644.15283203125,5686.2734375,1030819,0.0,0.0
2010-11-01 00:00:00+07:00,5559.91162109375,5728.39404296875,5559.91162109375,5686.2734375,796025,0.0,0.0
2010-11-02 00:00:00+07:00,5517.791015625,5686.2734375,5517.791015625,5686.2734375,1181467,0.0,0.0
2010-11-03 00:00:00+07:00,5517.791015625,5728.39404296875,5517.791015625,5728.39404296875,1083063,0.0,0.0
2010-11-04 00:00:00+07:00,5644.15283203125,5854.75537109375,5644.15283203125,5854.75537109375,2831731,0.0,0.0
2010-11-05 00:00:00+07:00,5770.5146484375,6065.3583984375,5770.5146484375,6023.23779296875,1750183,0.0,0.0
2010-11-08 00:00:00+07:00,6065.3583984375,6318.08154296875,6065.3583984375,6318.08154296875,3021305,0.0,0.0
2010-11-09 00:00:00+07:00,6318.08154296875,6318.08154296875,6233.84033203125,6275.9609375,2611647,0.0,0.0
2010-11-10 00:00:00+07:00,6149.59912109375,6318.08154296875,6149.59912109375,6233.84033203125,3473693,0.0,0.0
2010-11-11 00:00:00+07:00,6191.7197265625,6318.08154296875,6191.7197265625,6318.08154296875,2656163,0.0,0.0
2010-11-12 00:00:00+07:00,6191.7197265625,6318.08154296875,6023.23779296875,6149.59912109375,1866771,0.0,0.0
2010-11-15 00:00:00+07:00,6275.9609375,6318.08154296875,6023.23779296875,6107.47900390625,967917,0.0,0.0
2010-11-16 00:00:00+07:00,6107.47900390625,6233.84033203125,5981.1171875,6065.3583984375,2307637,0.0,0.0
2010-11-17 00:00:00+07:00,5981.1171875,6191.7197265625,5981.1171875,6107.47900390625,3235095,0.0,0.0
2010-11-18 00:00:00+07:00,6107.47900390625,6191.7197265625,5981.1171875,6107.47900390625,2808589,0.0,0.0
2010-11-19 00:00:00+07:00,6107.47900390625,6191.7197265625,6065.3583984375,6191.7197265625,1475271,0.0,0.0
2010-11-22 00:00:00+07:00,6191.7197265625,6191.7197265625,6107.47900390625,6191.7197265625,1855011,0.0,0.0
2010-11-23 00:00:00+07:00,6191.7197265625,6486.5634765625,6149.59912109375,6486.5634765625,1758387,0.0,0.0
2010-11-24 00:00:00+07:00,6486.5634765625,6739.287109375,6402.32275390625,6612.92529296875,1123531,0.0,0.0
2010-11-25 00:00:00+07:00,6739.287109375,6739.287109375,6570.8046875,6655.0458984375,1540791,0.0,0.0
2010-11-26 00:00:00+07:00,6739.287109375,6739.287109375,6528.68408203125,6655.0458984375,1208765,0.0,0.0
2010-11-29 00:00:00+07:00,6781.4072265625,6823.52783203125,6612.92529296875,6823.52783203125,2017645,0.0,0.0
2010-11-30 00:00:00+07:00,6739.287109375,6865.6484375,6739.287109375,6823.52783203125,1259233,0.0,0.0
2010-12-01 00:00:00+07:00,6823.52783203125,6823.52783203125,6739.287109375,6781.4072265625,1323567,0.0,0.0
2010-12-02 00:00:00+07:00,6655.0458984375,6823.52783203125,6655.0458984375,6781.4072265625,1978237,0.0,0.0
2010-12-03 00:00:00+07:00,6907.76904296875,6907.76904296875,6781.4072265625,6781.4072265625,1576279,0.0,0.0
2010-12-06 00:00:00+07:00,6655.0458984375,6907.76904296875,6655.0458984375,6907.76904296875,3080653,0.0,0.0
2010-12-07 00:00:00+07:00,7076.25146484375,7244.7333984375,6949.8896484375,7244.7333984375,2553957,0.0,0.0
2010-12-08 00:00:00+07:00,7413.2158203125,7581.69775390625,6907.76904296875,7497.45654296875,3027717,0.0,0.0
2010-12-09 00:00:00+07:00,7244.7333984375,7581.69775390625,7244.7333984375,7581.69775390625,2413289,0.0,0.0
2010-12-10 00:00:00+07:00,7623.818359375,7960.78271484375,7328.974609375,7960.78271484375,3472035,0.0,0.0
2010-12-13 00:00:00+07:00,8297.7470703125,8339.8671875,8087.14453125,8339.8671875,5951467,0.0,0.0
2010-12-14 00:00:00+07:00,8592.5908203125,8676.83203125,8424.1083984375,8676.83203125,4721781,0.0,0.0
2010-12-15 00:00:00+07:00,8676.83203125,9098.037109375,8676.83203125,9013.7958984375,4140007,0.0,0.0
2010-12-16 00:00:00+07:00,9013.7958984375,9013.7958984375,8592.5908203125,8592.5908203125,2395955,0.0,0.0
2010-12-17 00:00:00+07:00,8213.505859375,8508.349609375,8171.38525390625,8171.38525390625,1822485,0.0,0.0
2010-12-20 00:00:00+07:00,8045.02392578125,8171.38525390625,7792.30029296875,7792.30029296875,2076647,0.0,0.0
2010-12-21 00:00:00+07:00,7497.45654296875,7834.4208984375,7413.2158203125,7792.30029296875,5313649,0.0,0.0
2010-12-22 00:00:00+07:00,8002.9033203125,8002.9033203125,7455.3359375,7834.4208984375,1230855,0.0,0.0
2010-12-23 00:00:00+07:00,7918.662109375,7918.662109375,7665.93896484375,7665.93896484375,2660315,0.0,0.0
2010-12-24 00:00:00+07:00,7413.2158203125,7750.18017578125,7413.2158203125,7581.69775390625,2243305,0.0,0.0
2010-12-27 00:00:00+07:00,7581.69775390625,7623.818359375,7497.45654296875,7497.45654296875,2740327,0.0,0.0
2010-12-28 00:00:00+07:00,7371.09521484375,7665.93896484375,7371.09521484375,7665.93896484375,1100749,0.0,0.0
2010-12-29 00:00:00+07:00,7792.30029296875,7918.662109375,7708.0595703125,7918.662109375,1621273,0.0,0.0
2010-12-30 00:00:00+07:00,7918.662109375,8297.7470703125,7918.662109375,8087.14453125,1233213,0.0,0.0
2010-12-31 00:00:00+07:00,8087.14453125,8424.1083984375,8087.14453125,8213.505859375,1077121,0.0,0.0
2011-01-04 00:00:00+07:00,8087.14453125,8255.626953125,8045.02392578125,8129.2646484375,2663283,0.0,0.0
2011-01-05 00:00:00+07:00,8255.626953125,8255.626953125,8087.14453125,8129.2646484375,923155,0.0,0.0
2011-01-06 00:00:00+07:00,7918.662109375,8171.38525390625,7918.662109375,8087.14453125,1616765,0.0,0.0
2011-01-07 00:00:00+07:00,8087.14453125,8129.2646484375,7918.662109375,8045.02392578125,4082421,0.0,0.0
2011-01-10 00:00:00+07:00,8171.38525390625,8171.38525390625,8002.9033203125,8129.2646484375,2240689,0.0,0.0
2011-01-11 00:00:00+07:00,8213.505859375,8213.505859375,8045.02392578125,8129.2646484375,4208253,0.0,0.0
2011-01-12 00:00:00+07:00,8129.2646484375,8171.38525390625,8045.02392578125,8087.14453125,3887865,0.0,0.0
2011-01-13 00:00:00+07:00,8087.14453125,8297.7470703125,8045.02392578125,8297.7470703125,963763,0.0,0.0
2011-01-14 00:00:00+07:00,8339.8671875,8339.8671875,8087.14453125,8087.14453125,3198647,0.0,0.0
2011-01-17 00:00:00+07:00,8129.2646484375,8129.2646484375,7834.4208984375,8002.9033203125,1735107,0.0,0.0
2011-01-18 00:00:00+07:00,8045.02392578125,8045.02392578125,7665.93896484375,7665.93896484375,2485451,0.0,0.0
2011-01-19 00:00:00+07:00,7834.4208984375,7876.54150390625,7497.45654296875,7623.818359375,2557749,0.0,0.0
2011-01-20 00:00:00+07:00,7750.18017578125,7750.18017578125,7581.69775390625,7623.818359375,756137,0.0,0.0
2011-01-21 00:00:00+07:00,7539.5771484375,7750.18017578125,7539.5771484375,7581.69775390625,1315013,0.0,0.0
2011-01-24 00:00:00+07:00,7750.18017578125,7750.18017578125,7413.2158203125,7413.2158203125,535939,0.0,0.0
2011-01-25 00:00:00+07:00,7623.818359375,7708.0595703125,7497.45654296875,7665.93896484375,549237,0.0,0.0
2011-01-26 00:00:00+07:00,7750.18017578125,7750.18017578125,7581.69775390625,7581.69775390625,186347,0.0,0.0
2011-01-27 00:00:00+07:00,7708.0595703125,7708.0595703125,7539.5771484375,7581.69775390625,112385,0.0,0.0
2011-01-28 00:00:00+07:00,7581.69775390625,7960.78271484375,7581.69775390625,7960.78271484375,795665,0.0,0.0
2011-02-08 00:00:00+07:00,8002.9033203125,8171.38525390625,7960.78271484375,8171.38525390625,1990577,0.0,0.0
2011-02-09 00:00:00+07:00,8171.38525390625,8424.1083984375,8171.38525390625,8339.8671875,2179557,0.0,0.0
2011-02-10 00:00:00+07:00,8255.626953125,8424.1083984375,8171.38525390625,8339.8671875,2113077,0.0,0.0
2011-02-11 00:00:00+07:00,8339.8671875,8592.5908203125,8255.626953125,8508.349609375,2588379,0.0,0.0
2011-02-14 00:00:00+07:00,8676.83203125,8929.5556640625,8676.83203125,8929.5556640625,3381233,0.0,0.0
2011-02-15 00:00:00+07:00,8929.5556640625,9350.7607421875,8929.5556640625,9182.2783203125,3029969,0.0,0.0
2011-02-16 00:00:00+07:00,9266.51953125,9266.51953125,9098.037109375,9182.2783203125,3043499,0.0,0.0
2011-02-17 00:00:00+07:00,8929.5556640625,9013.7958984375,8761.0732421875,8761.0732421875,3210995,0.0,0.0
2011-02-18 00:00:00+07:00,8761.0732421875,8845.314453125,8592.5908203125,8845.314453125,3473823,0.0,0.0
2011-02-21 00:00:00+07:00,8845.314453125,8845.314453125,8424.1083984375,8508.349609375,3377669,0.0,0.0
2011-02-22 00:00:00+07:00,8171.38525390625,8761.0732421875,8129.2646484375,8339.8671875,2145371,0.0,0.0
2011-02-23 00:00:00+07:00,8424.1083984375,8676.83203125,8339.8671875,8676.83203125,6877369,0.0,0.0
2011-02-24 00:00:00+07:00,8676.83203125,8929.5556640625,8676.83203125,8845.314453125,4473801,0.0,0.0
2011-02-25 00:00:00+07:00,8676.83203125,9182.2783203125,8676.83203125,9098.037109375,3795749,0.0,0.0
2011-02-28 00:00:00+07:00,9098.037109375,9435.001953125,9013.7958984375,9013.7958984375,3978913,0.0,0.0
2011-03-01 00:00:00+07:00,9013.7958984375,9435.001953125,9013.7958984375,9350.7607421875,6997155,0.0,0.0
2011-03-02 00:00:00+07:00,9435.001953125,9771.9658203125,9266.51953125,9771.9658203125,6595449,0.0,0.0
2011-03-03 00:00:00+07:00,9687.724609375,10108.9306640625,9687.724609375,10108.9306640625,4920615,0.0,0.0
2011-03-04 00:00:00+07:00,10108.9306640625,10530.1357421875,9940.4482421875,10445.89453125,4456593,0.0,0.0
2011-03-07 00:00:00+07:00,10782.859375,10782.859375,10361.6533203125,10782.859375,4401869,0.0,0.0
2011-03-08 00:00:00+07:00,10530.1357421875,10951.3408203125,10530.1357421875,10867.1005859375,4771403,0.0,0.0
2011-03-09 00:00:00+07:00,10867.1005859375,10867.1005859375,10614.376953125,10614.376953125,9021347,0.0,0.0
2011-03-10 00:00:00+07:00,10361.6533203125,10782.859375,10361.6533203125,10445.89453125,1307293,0.0,0.0
2011-03-11 00:00:00+07:00,10361.6533203125,10951.3408203125,10361.6533203125,10951.3408203125,2520365,0.0,0.0
2011-03-14 00:00:00+07:00,10445.89453125,11204.064453125,10445.89453125,10530.1357421875,916393,0.0,0.0
2011-03-15 00:00:00+07:00,10530.1357421875,10530.1357421875,10024.689453125,10024.689453125,1143713,0.0,0.0
2011-03-16 00:00:00+07:00,10024.689453125,10024.689453125,9603.4833984375,9771.9658203125,3138347,0.0,0.0
2011-03-17 00:00:00+07:00,9771.9658203125,10108.9306640625,9603.4833984375,9940.4482421875,407259,0.0,0.0
2011-03-18 00:00:00+07:00,9940.4482421875,10193.171875,9771.9658203125,9856.20703125,1388491,0.0,0.0
2011-03-21 00:00:00+07:00,9856.20703125,10277.412109375,9856.20703125,10193.171875,946185,0.0,0.0
2011-03-22 00:00:00+07:00,10277.412109375,10445.89453125,9771.9658203125,9771.9658203125,746769,0.0,0.0
2011-03-23 00:00:00+07:00,10024.689453125,10108.9306640625,9856.20703125,10108.9306640625,427555,0.0,0.0
2011-03-24 00:00:00+07:00,10024.689453125,10361.6533203125,10024.689453125,10361.6533203125,468999,0.0,0.0
2011-03-25 00:00:00+07:00,10445.89453125,10530.1357421875,10108.9306640625,10108.9306640625,410229,0.0,0.0
2011-03-28 00:00:00+07:00,10108.9306640625,10361.6533203125,9603.4833984375,10277.412109375,765399,0.0,0.0
2011-03-29 00:00:00+07:00,10445.89453125,10530.1357421875,10361.6533203125,10530.1357421875,594943,0.0,0.0
2011-03-30 00:00:00+07:00,10698.6181640625,11035.58203125,10614.376953125,11035.58203125,1238329,0.0,0.0
2011-03-31 00:00:00+07:00,11372.546875,11456.7880859375,10951.3408203125,11035.58203125,922325,0.0,0.0
2011-04-01 00:00:00+07:00,11204.064453125,11372.546875,10951.3408203125,11035.58203125,686471,0.0,0.0
2011-04-04 00:00:00+07:00,11119.8232421875,11119.8232421875,10867.1005859375,10951.3408203125,281317,0.0,0.0
2011-04-05 00:00:00+07:00,11119.8232421875,11119.8232421875,10867.1005859375,11035.58203125,419731,0.0,0.0
2011-04-06 00:00:00+07:00,11119.8232421875,11119.8232421875,10951.3408203125,11035.58203125,695125,0.0,0.0
2011-04-07 00:00:00+07:00,11035.58203125,11204.064453125,11035.58203125,11204.064453125,727897,0.0,0.0
2011-04-08 00:00:00+07:00,11372.546875,11372.546875,11204.064453125,11288.3056640625,1005913,0.0,0.0
2011-04-13 00:00:00+07:00,11288.3056640625,11456.7880859375,11288.3056640625,11372.546875,779173,0.0,0.0
2011-04-14 00:00:00+07:00,11288.3056640625,11372.546875,11204.064453125,11372.546875,852763,0.0,0.0
2011-04-15 00:00:00+07:00,11204.064453125,11372.546875,11204.064453125,11288.3056640625,1582931,0.0,0.0
2011-04-18 00:00:00+07:00,11119.8232421875,11288.3056640625,11119.8232421875,11204.064453125,693473,0.0,0.0
2011-04-19 00:00:00+07:00,11204.064453125,11372.546875,11204.064453125,11288.3056640625,1282611,0.0,0.0
2011-04-20 00:00:00+07:00,11288.3056640625,11372.546875,11204.064453125,11372.546875,1817025,0.0,0.0
2011-04-21 00:00:00+07:00,11372.546875,11625.26953125,11372.546875,11456.7880859375,2391797,0.0,0.0
2011-04-22 00:00:00+07:00,11372.546875,11541.029296875,11288.3056640625,11288.3056640625,1516219,0.0,0.0
2011-04-25 00:00:00+07:00,10951.3408203125,11288.3056640625,10951.3408203125,11119.8232421875,1205087,0.0,0.0
2011-04-26 00:00:00+07:00,10698.6181640625,10951.3408203125,10698.6181640625,10782.859375,1655339,0.0,0.0
2011-04-27 00:00:00+07:00,10782.859375,11288.3056640625,10782.859375,11288.3056640625,1546369,0.0,0.0
2011-04-28 00:00:00+07:00,11204.064453125,11288.3056640625,11119.8232421875,11204.064453125,1273347,0.0,0.0
2011-04-29 00:00:00+07:00,11288.3056640625,11288.3056640625,11119.8232421875,11288.3056640625,346839,0.0,0.0
2011-05-04 00:00:00+07:00,11288.3056640625,11288.3056640625,11204.064453125,11288.3056640625,1510877,0.0,0.0
2011-05-05 00:00:00+07:00,11288.3056640625,11288.3056640625,11119.8232421875,11288.3056640625,580461,0.0,0.0
2011-05-06 00:00:00+07:00,11119.8232421875,11204.064453125,10782.859375,11119.8232421875,1896797,0.0,0.0
2011-05-09 00:00:00+07:00,10951.3408203125,11119.8232421875,10951.3408203125,11035.58203125,1249607,0.0,0.0
2011-05-10 00:00:00+07:00,11035.58203125,11288.3056640625,11035.58203125,11119.8232421875,1036289,0.0,0.0
2011-05-11 00:00:00+07:00,11119.8232421875,11204.064453125,11035.58203125,11119.8232421875,1534017,0.0,0.0
2011-05-12 00:00:00+07:00,11204.064453125,11204.064453125,11035.58203125,11119.8232421875,1421253,0.0,0.0
2011-05-13 00:00:00+07:00,11119.8232421875,11119.8232421875,10782.859375,10951.3408203125,1888723,0.0,0.0
2011-05-16 00:00:00+07:00,11035.58203125,11119.8232421875,10445.89453125,10445.89453125,551365,0.0,0.0
2011-05-17 00:00:00+07:00,10698.6181640625,10782.859375,9940.4482421875,9940.4482421875,2458279,0.0,0.0
2011-05-18 00:00:00+07:00,9519.2431640625,9519.2431640625,9519.2431640625,9519.2431640625,542349,0.0,0.0
2011-05-19 00:00:00+07:00,9098.037109375,9098.037109375,9098.037109375,9098.037109375,560273,0.0,0.0
2011-05-20 00:00:00+07:00,8676.83203125,9182.2783203125,8676.83203125,9182.2783203125,5806525,0.0,0.0
2011-05-23 00:00:00+07:00,9350.7607421875,9519.2431640625,8761.0732421875,9013.7958984375,3680733,0.0,0.0
2011-05-24 00:00:00+07:00,8761.0732421875,8929.5556640625,8592.5908203125,8592.5908203125,3989235,0.0,0.0
2011-05-25 00:00:00+07:00,8171.38525390625,8592.5908203125,8171.38525390625,8171.38525390625,9978483,0.0,0.0
2011-05-26 00:00:00+07:00,7792.30029296875,8171.38525390625,7792.30029296875,8171.38525390625,11607499,0.0,0.0
2011-05-27 00:00:00+07:00,8424.1083984375,8508.349609375,8339.8671875,8508.349609375,1561925,0.0,0.0
2011-05-30 00:00:00+07:00,8845.314453125,8929.5556640625,8676.83203125,8929.5556640625,1049347,0.0,0.0
2011-05-31 00:00:00+07:00,9013.7958984375,9350.7607421875,9013.7958984375,9350.7607421875,643847,0.0,0.0
2011-06-01 00:00:00+07:00,9687.724609375,9771.9658203125,9687.724609375,9771.9658203125,762071,0.0,0.0
2011-06-02 00:00:00+07:00,10193.171875,10193.171875,10193.171875,10193.171875,216975,0.0,0.0
2011-06-03 00:00:00+07:00,10698.6181640625,10698.6181640625,9687.724609375,10193.171875,2905809,0.0,0.0
2011-06-06 00:00:00+07:00,10024.689453125,10193.171875,9687.724609375,9687.724609375,637435,0.0,0.0
2011-06-07 00:00:00+07:00,9856.20703125,10024.689453125,9266.51953125,9266.51953125,2141211,0.0,0.0
2011-06-08 00:00:00+07:00,9519.2431640625,9519.2431640625,8845.314453125,9266.51953125,1261479,0.0,0.0
2011-06-09 00:00:00+07:00,9435.001953125,9519.2431640625,9098.037109375,9519.2431640625,290811,0.0,0.0
2011-06-10 00:00:00+07:00,9519.2431640625,9771.9658203125,9435.001953125,9519.2431640625,859417,0.0,0.0
2011-06-13 00:00:00+07:00,9940.4482421875,9940.4482421875,9940.4482421875,9940.4482421875,965063,0.0,0.0
2011-06-14 00:00:00+07:00,10361.6533203125,10361.6533203125,10193.171875,10361.6533203125,3255863,0.0,0.0
2011-06-15 00:00:00+07:00,10867.1005859375,10867.1005859375,10867.1005859375,10867.1005859375,1249845,0.0,0.0
2011-06-16 00:00:00+07:00,10867.1005859375,10867.1005859375,10782.859375,10867.1005859375,3435113,0.0,0.0
2011-06-17 00:00:00+07:00,11288.3056640625,11372.546875,10951.3408203125,11372.546875,4679055,0.0,0.0
2011-06-20 00:00:00+07:00,10867.1005859375,11204.064453125,10867.1005859375,10867.1005859375,3264185,0.0,0.0
2011-06-21 00:00:00+07:00,10530.1357421875,11119.8232421875,10530.1357421875,11119.8232421875,2617709,0.0,0.0
2011-06-22 00:00:00+07:00,10951.3408203125,11035.58203125,10614.376953125,10614.376953125,2843485,0.0,0.0
2011-06-23 00:00:00+07:00,10614.376953125,11035.58203125,10614.376953125,10951.3408203125,513623,0.0,0.0
2011-06-24 00:00:00+07:00,10951.3408203125,11035.58203125,10951.3408203125,10951.3408203125,547813,0.0,0.0
2011-06-27 00:00:00+07:00,10782.859375,11288.3056640625,10782.859375,11288.3056640625,800053,0.0,0.0
2011-06-28 00:00:00+07:00,11372.546875,11372.546875,11204.064453125,11288.3056640625,391819,0.0,0.0
2011-06-29 00:00:00+07:00,11288.3056640625,11288.3056640625,11204.064453125,11288.3056640625,1007805,0.0,0.0
2011-06-30 00:00:00+07:00,11288.3056640625,11541.029296875,11288.3056640625,11541.029296875,1683835,0.0,0.0
2011-07-01 00:00:00+07:00,11204.064453125,11288.3056640625,11119.8232421875,11204.064453125,1375913,0.0,0.0
2011-07-04 00:00:00+07:00,11204.064453125,11288.3056640625,11204.064453125,11204.064453125,1048869,0.0,0.0
2011-07-05 00:00:00+07:00,11204.064453125,11288.3056640625,11204.064453125,11204.064453125,76299,0.0,0.0
2011-07-06 00:00:00+07:00,11288.3056640625,11288.3056640625,11288.3056640625,11288.3056640625,112745,0.0,0.0
2011-07-07 00:00:00+07:00,11372.546875,11541.029296875,11288.3056640625,11456.7880859375,768367,0.0,0.0
2011-07-08 00:00:00+07:00,11288.3056640625,11288.3056640625,11204.064453125,11288.3056640625,297693,0.0,0.0
2011-07-11 00:00:00+07:00,11204.064453125,11204.064453125,11204.064453125,11204.064453125,671267,0.0,0.0
2011-07-12 00:00:00+07:00,10951.3408203125,11035.58203125,10782.859375,10951.3408203125,1176475,0.0,0.0
2011-07-13 00:00:00+07:00,10951.3408203125,10951.3408203125,10614.376953125,10614.376953125,2342061,0.0,0.0
2011-07-14 00:00:00+07:00,10614.376953125,10614.376953125,10193.171875,10193.171875,3299789,0.0,0.0
2011-07-15 00:00:00+07:00,10361.6533203125,10361.6533203125,9940.4482421875,10024.689453125,1037355,0.0,0.0
2011-07-18 00:00:00+07:00,9856.20703125,10445.89453125,9856.20703125,10445.89453125,2639423,0.0,0.0
2011-07-19 00:00:00+07:00,10445.89453125,10445.89453125,10024.689453125,10277.412109375,82957,0.0,0.0
2011-07-20 00:00:00+07:00,10445.89453125,10445.89453125,10193.171875,10277.412109375,875679,0.0,0.0
2011-07-21 00:00:00+07:00,10277.412109375,10277.412109375,10024.689453125,10193.171875,972423,0.0,0.0
2011-07-22 00:00:00+07:00,10024.689453125,10024.689453125,9771.9658203125,9771.9658203125,693945,0.0,0.0
2011-07-25 00:00:00+07:00,9771.9658203125,9856.20703125,9687.724609375,9856.20703125,235373,0.0,0.0
2011-07-26 00:00:00+07:00,9856.20703125,10193.171875,9856.20703125,10193.171875,909275,0.0,0.0
2011-07-27 00:00:00+07:00,10277.412109375,10361.6533203125,10277.412109375,10277.412109375,1306829,0.0,0.0
2011-07-28 00:00:00+07:00,10108.9306640625,10108.9306640625,10024.689453125,10108.9306640625,149781,0.0,0.0
2011-07-29 00:00:00+07:00,9940.4482421875,10108.9306640625,9603.4833984375,9687.724609375,1619021,0.0,0.0
2011-08-01 00:00:00+07:00,9687.724609375,9687.724609375,9350.7607421875,9519.2431640625,1200703,0.0,0.0
2011-08-02 00:00:00+07:00,9266.51953125,9350.7607421875,9098.037109375,9098.037109375,303393,0.0,0.0
2011-08-03 00:00:00+07:00,8676.83203125,8845.314453125,8676.83203125,8845.314453125,1781177,0.0,0.0
2011-08-04 00:00:00+07:00,8845.314453125,8845.314453125,8424.1083984375,8424.1083984375,1823667,0.0,0.0
2011-08-05 00:00:00+07:00,8424.1083984375,8845.314453125,8424.1083984375,8761.0732421875,1691073,0.0,0.0
2011-08-08 00:00:00+07:00,8676.83203125,8761.0732421875,8424.1083984375,8761.0732421875,2974539,0.0,0.0
2011-08-09 00:00:00+07:00,8508.349609375,8929.5556640625,8508.349609375,8929.5556640625,850513,0.0,0.0
2011-08-10 00:00:00+07:00,8929.5556640625,9013.7958984375,8508.349609375,8508.349609375,2716107,0.0,0.0
2011-08-11 00:00:00+07:00,8255.626953125,8676.83203125,8255.626953125,8508.349609375,2760147,0.0,0.0
2011-08-12 00:00:00+07:00,8508.349609375,8761.0732421875,8508.349609375,8508.349609375,1313471,0.0,0.0
2011-08-15 00:00:00+07:00,8508.349609375,8761.0732421875,8508.349609375,8676.83203125,868431,0.0,0.0
2011-08-16 00:00:00+07:00,8592.5908203125,8761.0732421875,8592.5908203125,8676.83203125,1591719,0.0,0.0
2011-08-17 00:00:00+07:00,8761.0732421875,8761.0732421875,8592.5908203125,8676.83203125,1928131,0.0,0.0
2011-08-18 00:00:00+07:00,8929.5556640625,9098.037109375,8676.83203125,9098.037109375,1401899,0.0,0.0
2011-08-19 00:00:00+07:00,9182.2783203125,9182.2783203125,8845.314453125,8929.5556640625,1512301,0.0,0.0
2011-08-22 00:00:00+07:00,8845.314453125,9098.037109375,8845.314453125,9098.037109375,545195,0.0,0.0
2011-08-23 00:00:00+07:00,9098.037109375,9098.037109375,8929.5556640625,8929.5556640625,622595,0.0,0.0
2011-08-24 00:00:00+07:00,8845.314453125,9098.037109375,8508.349609375,8508.349609375,2381465,0.0,0.0
2011-08-25 00:00:00+07:00,8676.83203125,8929.5556640625,8676.83203125,8845.314453125,977533,0.0,0.0
2011-08-26 00:00:00+07:00,8929.5556640625,9013.7958984375,8845.314453125,9013.7958984375,452721,0.0,0.0
2011-08-29 00:00:00+07:00,8845.314453125,9098.037109375,8761.0732421875,9098.037109375,1281421,0.0,0.0
2011-08-30 00:00:00+07:00,9266.51953125,9519.2431640625,9266.51953125,9519.2431640625,357635,0.0,0.0
2011-08-31 00:00:00+07:00,9771.9658203125,9940.4482421875,9519.2431640625,9940.4482421875,664619,0.0,0.0
2011-09-01 00:00:00+07:00,10193.171875,10361.6533203125,10108.9306640625,10361.6533203125,910213,0.0,0.0
2011-09-05 00:00:00+07:00,10361.6533203125,10361.6533203125,9856.20703125,10024.689453125,894315,0.0,0.0
2011-09-06 00:00:00+07:00,9856.20703125,9940.4482421875,9771.9658203125,9771.9658203125,1024179,0.0,0.0
2011-09-07 00:00:00+07:00,9771.9658203125,9856.20703125,9687.724609375,9771.9658203125,1164129,0.0,0.0
2011-09-08 00:00:00+07:00,10108.9306640625,10108.9306640625,9940.4482421875,9940.4482421875,846711,0.0,0.0
2011-09-09 00:00:00+07:00,9940.4482421875,10277.412109375,9940.4482421875,10277.412109375,646223,0.0,0.0
2011-09-12 00:00:00+07:00,10277.412109375,10277.412109375,9771.9658203125,9771.9658203125,1721457,0.0,0.0
2011-09-13 00:00:00+07:00,9687.724609375,9771.9658203125,9350.7607421875,9350.7607421875,5067933,0.0,0.0
2011-09-14 00:00:00+07:00,9350.7607421875,9350.7607421875,8929.5556640625,9013.7958984375,6689949,0.0,0.0
2011-09-15 00:00:00+07:00,9266.51953125,9350.7607421875,8592.5908203125,9013.7958984375,5012487,0.0,0.0
2011-09-16 00:00:00+07:00,9098.037109375,9098.037109375,8592.5908203125,8592.5908203125,6600679,0.0,0.0
2011-09-19 00:00:00+07:00,8424.1083984375,8761.0732421875,8339.8671875,8676.83203125,3329943,0.0,0.0
2011-09-20 00:00:00+07:00,8676.83203125,9098.037109375,8508.349609375,9013.7958984375,3665643,0.0,0.0
2011-09-21 00:00:00+07:00,9013.7958984375,9013.7958984375,8761.0732421875,8845.314453125,1742115,0.0,0.0
2011-09-22 00:00:00+07:00,8761.0732421875,8845.314453125,8592.5908203125,8761.0732421875,2648685,0.0,0.0
2011-09-23 00:00:00+07:00,8592.5908203125,8676.83203125,8339.8671875,8508.349609375,5373245,0.0,0.0
2011-09-26 00:00:00+07:00,8424.1083984375,8592.5908203125,8339.8671875,8508.349609375,2054313,0.0,0.0
2011-09-27 00:00:00+07:00,8424.1083984375,8592.5908203125,8339.8671875,8424.1083984375,1791491,0.0,0.0
2011-09-28 00:00:00+07:00,8508.349609375,8508.349609375,8339.8671875,8339.8671875,1982859,0.0,0.0
2011-09-29 00:00:00+07:00,8339.8671875,8676.83203125,8129.2646484375,8424.1083984375,3765355,0.0,0.0
2011-09-30 00:00:00+07:00,8339.8671875,8592.5908203125,8339.8671875,8424.1083984375,2088979,0.0,0.0
2011-10-03 00:00:00+07:00,8424.1083984375,8424.1083984375,8213.505859375,8213.505859375,1240115,0.0,0.0
2011-10-04 00:00:00+07:00,8129.2646484375,8213.505859375,7918.662109375,7960.78271484375,1684073,0.0,0.0
2011-10-05 00:00:00+07:00,7960.78271484375,8087.14453125,7581.69775390625,7792.30029296875,6843425,0.0,0.0
2011-10-06 00:00:00+07:00,7792.30029296875,7918.662109375,7665.93896484375,7918.662109375,3101075,0.0,0.0
2011-10-07 00:00:00+07:00,7918.662109375,7918.662109375,7792.30029296875,7792.30029296875,972905,0.0,0.0
2011-10-10 00:00:00+07:00,7750.18017578125,8087.14453125,7750.18017578125,8045.02392578125,1232753,0.0,0.0
2011-10-11 00:00:00+07:00,8045.02392578125,8087.14453125,7876.54150390625,7918.662109375,748305,0.0,0.0
2011-10-12 00:00:00+07:00,7792.30029296875,7876.54150390625,7665.93896484375,7792.30029296875,1072375,0.0,0.0
2011-10-13 00:00:00+07:00,7792.30029296875,7918.662109375,7750.18017578125,7834.4208984375,1285459,0.0,0.0
2011-10-14 00:00:00+07:00,7834.4208984375,7918.662109375,7834.4208984375,7876.54150390625,813589,0.0,0.0
2011-10-17 00:00:00+07:00,7876.54150390625,7876.54150390625,7792.30029296875,7876.54150390625,575951,0.0,0.0
2011-10-18 00:00:00+07:00,7834.4208984375,7834.4208984375,7708.0595703125,7708.0595703125,678989,0.0,0.0
2011-10-19 00:00:00+07:00,7708.0595703125,7750.18017578125,7371.09521484375,7413.2158203125,2889301,0.0,0.0
2011-10-20 00:00:00+07:00,7328.974609375,7413.2158203125,7118.37158203125,7371.09521484375,2756949,0.0,0.0
2011-10-21 00:00:00+07:00,7286.85400390625,7623.818359375,7286.85400390625,7581.69775390625,1763003,0.0,0.0
2011-10-24 00:00:00+07:00,7708.0595703125,7792.30029296875,7665.93896484375,7665.93896484375,739407,0.0,0.0
2011-10-25 00:00:00+07:00,7665.93896484375,7665.93896484375,7539.5771484375,7623.818359375,996401,0.0,0.0
2011-10-26 00:00:00+07:00,7581.69775390625,7750.18017578125,7539.5771484375,7750.18017578125,917461,0.0,0.0
2011-10-27 00:00:00+07:00,7750.18017578125,7750.18017578125,7665.93896484375,7750.18017578125,442045,0.0,0.0
2011-10-28 00:00:00+07:00,7792.30029296875,8002.9033203125,7708.0595703125,7876.54150390625,1138495,0.0,0.0
2011-10-31 00:00:00+07:00,8002.9033203125,8087.14453125,7876.54150390625,7876.54150390625,765753,0.0,0.0
2011-11-01 00:00:00+07:00,7750.18017578125,7750.18017578125,7539.5771484375,7665.93896484375,764095,0.0,0.0
2011-11-02 00:00:00+07:00,7581.69775390625,7581.69775390625,7286.85400390625,7455.3359375,1310145,0.0,0.0
2011-11-03 00:00:00+07:00,7497.45654296875,7539.5771484375,7328.974609375,7539.5771484375,840415,0.0,0.0
2011-11-04 00:00:00+07:00,7539.5771484375,7665.93896484375,7539.5771484375,7539.5771484375,866531,0.0,0.0
2011-11-07 00:00:00+07:00,7497.45654296875,7581.69775390625,7413.2158203125,7581.69775390625,956041,0.0,0.0
2011-11-08 00:00:00+07:00,7497.45654296875,7623.818359375,7497.45654296875,7581.69775390625,697965,0.0,0.0
2011-11-09 00:00:00+07:00,7623.818359375,7665.93896484375,7539.5771484375,7539.5771484375,898353,0.0,0.0
2011-11-10 00:00:00+07:00,7539.5771484375,7581.69775390625,7497.45654296875,7539.5771484375,738097,0.0,0.0
2011-11-11 00:00:00+07:00,7539.5771484375,7581.69775390625,7455.3359375,7539.5771484375,1054689,0.0,0.0
2011-11-14 00:00:00+07:00,7539.5771484375,7581.69775390625,7202.61279296875,7202.61279296875,2068207,0.0,0.0
2011-11-15 00:00:00+07:00,7244.7333984375,7328.974609375,6865.6484375,6865.6484375,3955171,0.0,0.0
2011-11-16 00:00:00+07:00,6865.6484375,7118.37158203125,6823.52783203125,6949.8896484375,7338447,0.0,0.0
2011-11-17 00:00:00+07:00,6992.01025390625,7076.25146484375,6949.8896484375,7034.130859375,2487475,0.0,0.0
2011-11-18 00:00:00+07:00,7076.25146484375,7076.25146484375,6823.52783203125,6907.76904296875,1416153,0.0,0.0
2011-11-21 00:00:00+07:00,6907.76904296875,6949.8896484375,6781.4072265625,6823.52783203125,1643707,0.0,0.0
2011-11-22 00:00:00+07:00,6823.52783203125,6949.8896484375,6697.16650390625,6907.76904296875,1033203,0.0,0.0
2011-11-23 00:00:00+07:00,6949.8896484375,7076.25146484375,6949.8896484375,7076.25146484375,1406891,0.0,0.0
2011-11-24 00:00:00+07:00,7076.25146484375,7160.4921875,6739.287109375,6739.287109375,2023457,0.0,0.0
2011-11-25 00:00:00+07:00,6739.287109375,6907.76904296875,6739.287109375,6907.76904296875,1015747,0.0,0.0
2011-11-28 00:00:00+07:00,6992.01025390625,7076.25146484375,6739.287109375,6949.8896484375,1294125,0.0,0.0
2011-11-29 00:00:00+07:00,6949.8896484375,7034.130859375,6949.8896484375,7034.130859375,602055,0.0,0.0
2011-11-30 00:00:00+07:00,7034.130859375,7034.130859375,6992.01025390625,7034.130859375,969691,0.0,0.0
2011-12-01 00:00:00+07:00,7034.130859375,7118.37158203125,6992.01025390625,7118.37158203125,463881,0.0,0.0
2011-12-02 00:00:00+07:00,7160.4921875,7371.09521484375,7160.4921875,7371.09521484375,591381,0.0,0.0
2011-12-05 00:00:00+07:00,7581.69775390625,7708.0595703125,7581.69775390625,7708.0595703125,782373,0.0,0.0
2011-12-06 00:00:00+07:00,7876.54150390625,7918.662109375,7665.93896484375,7708.0595703125,2402833,0.0,0.0
2011-12-07 00:00:00+07:00,7708.0595703125,7708.0595703125,7455.3359375,7665.93896484375,654415,0.0,0.0
2011-12-08 00:00:00+07:00,7665.93896484375,7665.93896484375,7286.85400390625,7286.85400390625,1242367,0.0,0.0
2011-12-09 00:00:00+07:00,7286.85400390625,7371.09521484375,6949.8896484375,7160.4921875,1003169,0.0,0.0
2011-12-12 00:00:00+07:00,7034.130859375,7244.7333984375,7034.130859375,7244.7333984375,286537,0.0,0.0
2011-12-13 00:00:00+07:00,7413.2158203125,7581.69775390625,7413.2158203125,7581.69775390625,1137785,0.0,0.0
2011-12-14 00:00:00+07:00,7960.78271484375,7960.78271484375,7960.78271484375,7960.78271484375,739525,0.0,0.0
2011-12-15 00:00:00+07:00,8339.8671875,8339.8671875,8213.505859375,8339.8671875,5474497,0.0,0.0
2011-12-16 00:00:00+07:00,8676.83203125,8676.83203125,8171.38525390625,8171.38525390625,10731679,0.0,0.0
2011-12-19 00:00:00+07:00,7918.662109375,8002.9033203125,7876.54150390625,7960.78271484375,2003631,0.0,0.0
2011-12-20 00:00:00+07:00,7792.30029296875,8171.38525390625,7792.30029296875,8002.9033203125,23194835,0.0,0.0
2011-12-21 00:00:00+07:00,8381.98828125,8381.98828125,8381.98828125,8381.98828125,84738445,0.0,0.0
2011-12-22 00:00:00+07:00,8381.98828125,8761.0732421875,8381.98828125,8761.0732421875,15366705,0.0,0.0
2011-12-23 00:00:00+07:00,8339.8671875,8592.5908203125,8339.8671875,8508.349609375,1718613,0.0,0.0
2011-12-26 00:00:00+07:00,8508.349609375,8592.5908203125,8171.38525390625,8424.1083984375,20837199,0.0,0.0
2011-12-27 00:00:00+07:00,8381.98828125,8424.1083984375,8339.8671875,8339.8671875,3580769,0.0,0.0
2011-12-28 00:00:00+07:00,8255.626953125,8508.349609375,8255.626953125,8424.1083984375,27378307,0.0,0.0
2011-12-29 00:00:00+07:00,8339.8671875,8339.8671875,8339.8671875,8339.8671875,2407941,0.0,0.0
2011-12-30 00:00:00+07:00,8339.8671875,8424.1083984375,8339.8671875,8381.98828125,910577,0.0,0.0
2012-01-03 00:00:00+07:00,8339.8671875,8508.349609375,8297.7470703125,8297.7470703125,465197,0.0,0.0
2012-01-04 00:00:00+07:00,8381.98828125,8424.1083984375,8297.7470703125,8339.8671875,460085,0.0,0.0
2012-01-05 00:00:00+07:00,8297.7470703125,8297.7470703125,7960.78271484375,7960.78271484375,188245,0.0,0.0
2012-01-06 00:00:00+07:00,7960.78271484375,7960.78271484375,7876.54150390625,7918.662109375,262077,0.0,0.0
2012-01-09 00:00:00+07:00,7918.662109375,8297.7470703125,7834.4208984375,8297.7470703125,1307413,0.0,0.0
2012-01-10 00:00:00+07:00,8592.5908203125,8592.5908203125,8087.14453125,8297.7470703125,1446899,0.0,0.0
2012-01-11 00:00:00+07:00,8339.8671875,8339.8671875,8002.9033203125,8045.02392578125,842679,0.0,0.0
2012-01-12 00:00:00+07:00,8171.38525390625,8213.505859375,8002.9033203125,8045.02392578125,418053,0.0,0.0
2012-01-13 00:00:00+07:00,8002.9033203125,8255.626953125,8002.9033203125,8129.2646484375,749247,0.0,0.0
2012-01-16 00:00:00+07:00,8045.02392578125,8129.2646484375,7918.662109375,7918.662109375,60992539,0.0,0.0
2012-01-17 00:00:00+07:00,7834.4208984375,8297.7470703125,7834.4208984375,8255.626953125,434331,0.0,0.0
2012-01-18 00:00:00+07:00,8424.1083984375,8424.1083984375,7918.662109375,8381.98828125,226113,0.0,0.0
2012-01-19 00:00:00+07:00,8339.8671875,8761.0732421875,8339.8671875,8761.0732421875,2851797,0.0,0.0
2012-01-20 00:00:00+07:00,8845.314453125,8845.314453125,8676.83203125,8676.83203125,35881131,0.0,0.0
2012-01-30 00:00:00+07:00,8676.83203125,9098.037109375,8676.83203125,9098.037109375,475639,0.0,0.0
2012-01-31 00:00:00+07:00,9266.51953125,9266.51953125,9098.037109375,9182.2783203125,2375307,0.0,0.0
2012-02-01 00:00:00+07:00,9182.2783203125,9519.2431640625,9013.7958984375,9519.2431640625,9742959,0.0,0.0
2012-02-02 00:00:00+07:00,9519.2431640625,9771.9658203125,9266.51953125,9603.4833984375,10207113,0.0,0.0
2012-02-03 00:00:00+07:00,9771.9658203125,9771.9658203125,9603.4833984375,9603.4833984375,1074381,0.0,0.0
2012-02-06 00:00:00+07:00,9687.724609375,9940.4482421875,9603.4833984375,9940.4482421875,755541,0.0,0.0
2012-02-07 00:00:00+07:00,9940.4482421875,10108.9306640625,9687.724609375,9856.20703125,884101,0.0,0.0
2012-02-08 00:00:00+07:00,9771.9658203125,9940.4482421875,9687.724609375,9856.20703125,966371,0.0,0.0
2012-02-09 00:00:00+07:00,9940.4482421875,9940.4482421875,9856.20703125,9856.20703125,529763,0.0,0.0
2012-02-10 00:00:00+07:00,9771.9658203125,9771.9658203125,9603.4833984375,9771.9658203125,1229421,0.0,0.0
2012-02-13 00:00:00+07:00,9603.4833984375,9603.4833984375,9350.7607421875,9350.7607421875,24509633,0.0,0.0
2012-02-14 00:00:00+07:00,9182.2783203125,9687.724609375,9182.2783203125,9687.724609375,15425825,0.0,0.0
2012-02-15 00:00:00+07:00,9435.001953125,9856.20703125,9435.001953125,9687.724609375,22674671,0.0,0.0
2012-02-16 00:00:00+07:00,9856.20703125,9856.20703125,9519.2431640625,9687.724609375,18039957,0.0,0.0
2012-02-17 00:00:00+07:00,9435.001953125,9856.20703125,9435.001953125,9603.4833984375,294255,0.0,0.0
2012-02-20 00:00:00+07:00,9687.724609375,9856.20703125,9266.51953125,9519.2431640625,147759,0.0,0.0
2012-02-21 00:00:00+07:00,9771.9658203125,9771.9658203125,9435.001953125,9519.2431640625,226471,0.0,0.0
2012-02-22 00:00:00+07:00,9519.2431640625,9687.724609375,9350.7607421875,9687.724609375,260775,0.0,0.0
2012-02-23 00:00:00+07:00,9603.4833984375,9687.724609375,9519.2431640625,9687.724609375,691085,0.0,0.0
2012-02-24 00:00:00+07:00,9771.9658203125,9771.9658203125,9435.001953125,9435.001953125,730623,0.0,0.0
2012-02-27 00:00:00+07:00,9435.001953125,9687.724609375,9266.51953125,9266.51953125,1221715,0.0,0.0
2012-02-28 00:00:00+07:00,9266.51953125,9435.001953125,9182.2783203125,9266.51953125,480269,0.0,0.0
2012-02-29 00:00:00+07:00,9266.51953125,9266.51953125,8845.314453125,8845.314453125,27356617,0.0,0.0
2012-03-01 00:00:00+07:00,8592.5908203125,8592.5908203125,8424.1083984375,8424.1083984375,2487595,0.0,0.0
2012-03-02 00:00:00+07:00,8592.5908203125,8845.314453125,8592.5908203125,8845.314453125,1863313,0.0,0.0
2012-03-05 00:00:00+07:00,9266.51953125,9266.51953125,9266.51953125,9266.51953125,1703539,0.0,0.0
2012-03-06 00:00:00+07:00,9687.724609375,9687.724609375,9013.7958984375,9013.7958984375,786289,0.0,0.0
2012-03-07 00:00:00+07:00,9013.7958984375,9098.037109375,8676.83203125,8929.5556640625,1399299,0.0,0.0
2012-03-08 00:00:00+07:00,8761.0732421875,9182.2783203125,8761.0732421875,8845.314453125,2899041,0.0,0.0
2012-03-09 00:00:00+07:00,8845.314453125,9098.037109375,8845.314453125,9098.037109375,1162953,0.0,0.0
2012-03-12 00:00:00+07:00,8676.83203125,9266.51953125,8676.83203125,8929.5556640625,12955649,0.0,0.0
2012-03-13 00:00:00+07:00,8761.0732421875,8845.314453125,8508.349609375,8508.349609375,3174909,0.0,0.0
2012-03-14 00:00:00+07:00,8845.314453125,8845.314453125,8339.8671875,8845.314453125,12649389,0.0,0.0
2012-03-15 00:00:00+07:00,8592.5908203125,8845.314453125,8424.1083984375,8424.1083984375,2734155,0.0,0.0
2012-03-16 00:00:00+07:00,8761.0732421875,8761.0732421875,8171.38525390625,8255.626953125,14723551,0.0,0.0
2012-03-19 00:00:00+07:00,8255.626953125,8255.626953125,8002.9033203125,8255.626953125,1788889,0.0,0.0
2012-03-20 00:00:00+07:00,8255.626953125,8592.5908203125,8255.626953125,8424.1083984375,15705155,0.0,0.0
2012-03-21 00:00:00+07:00,8508.349609375,8508.349609375,8339.8671875,8424.1083984375,1709833,0.0,0.0
2012-03-22 00:00:00+07:00,8297.7470703125,8508.349609375,8297.7470703125,8424.1083984375,1464345,0.0,0.0
2012-03-23 00:00:00+07:00,8424.1083984375,8676.83203125,8424.1083984375,8676.83203125,5377991,0.0,0.0
2012-03-26 00:00:00+07:00,8845.314453125,9013.7958984375,8592.5908203125,9013.7958984375,2605595,0.0,0.0
2012-03-27 00:00:00+07:00,9013.7958984375,9013.7958984375,8592.5908203125,8592.5908203125,12334929,0.0,0.0
2012-03-28 00:00:00+07:00,8171.38525390625,8255.626953125,8171.38525390625,8171.38525390625,55060401,0.0,0.0
2012-03-29 00:00:00+07:00,8381.98828125,8381.98828125,7918.662109375,7960.78271484375,6274823,0.0,0.0
2012-03-30 00:00:00+07:00,8087.14453125,8087.14453125,7918.662109375,8087.14453125,2329719,0.0,0.0
2012-04-03 00:00:00+07:00,8087.14453125,8087.14453125,8002.9033203125,8087.14453125,2830779,0.0,0.0
2012-04-04 00:00:00+07:00,8087.14453125,8087.14453125,7834.4208984375,7834.4208984375,2945091,0.0,0.0
2012-04-05 00:00:00+07:00,7834.4208984375,7960.78271484375,7708.0595703125,7834.4208984375,3050269,0.0,0.0
2012-04-06 00:00:00+07:00,7918.662109375,7960.78271484375,7834.4208984375,7918.662109375,1108345,0.0,0.0
2012-04-09 00:00:00+07:00,8002.9033203125,8002.9033203125,7750.18017578125,7834.4208984375,2781401,0.0,0.0
2012-04-10 00:00:00+07:00,7834.4208984375,7834.4208984375,7750.18017578125,7750.18017578125,4262507,0.0,0.0
2012-04-11 00:00:00+07:00,7750.18017578125,7960.78271484375,7708.0595703125,7960.78271484375,8431015,0.0,0.0
2012-04-12 00:00:00+07:00,8045.02392578125,8171.38525390625,7960.78271484375,8045.02392578125,5101999,0.0,0.0
2012-04-13 00:00:00+07:00,8045.02392578125,8255.626953125,8002.9033203125,8002.9033203125,15672731,0.0,0.0
2012-04-16 00:00:00+07:00,8087.14453125,8297.7470703125,8045.02392578125,8213.505859375,2951985,0.0,0.0
2012-04-17 00:00:00+07:00,8213.505859375,8381.98828125,8129.2646484375,8339.8671875,4971779,0.0,0.0
2012-04-18 00:00:00+07:00,8424.1083984375,8676.83203125,8339.8671875,8381.98828125,4110915,0.0,0.0
2012-04-19 00:00:00+07:00,8381.98828125,8424.1083984375,8213.505859375,8339.8671875,3391909,0.0,0.0
2012-04-20 00:00:00+07:00,8424.1083984375,8424.1083984375,8213.505859375,8297.7470703125,4163859,0.0,0.0
2012-04-23 00:00:00+07:00,8213.505859375,8339.8671875,8213.505859375,8339.8671875,3043033,0.0,0.0
2012-04-24 00:00:00+07:00,8255.626953125,8339.8671875,8213.505859375,8339.8671875,1902377,0.0,0.0
2012-04-25 00:00:00+07:00,8339.8671875,8339.8671875,8255.626953125,8339.8671875,2768941,0.0,0.0
2012-04-26 00:00:00+07:00,8424.1083984375,8508.349609375,8381.98828125,8424.1083984375,22489243,0.0,0.0
2012-04-27 00:00:00+07:00,8508.349609375,8508.349609375,8424.1083984375,8508.349609375,2031763,0.0,0.0
2012-05-02 00:00:00+07:00,8676.83203125,8845.314453125,8508.349609375,8592.5908203125,6142469,0.0,0.0
2012-05-03 00:00:00+07:00,8592.5908203125,8676.83203125,8508.349609375,8592.5908203125,1615101,0.0,0.0
2012-05-04 00:00:00+07:00,8592.5908203125,8761.0732421875,8508.349609375,8761.0732421875,8023491,0.0,0.0
2012-05-07 00:00:00+07:00,8761.0732421875,8845.314453125,8508.349609375,8761.0732421875,8701669,0.0,0.0
2012-05-08 00:00:00+07:00,8761.0732421875,8761.0732421875,8592.5908203125,8761.0732421875,9937529,0.0,0.0
2012-05-09 00:00:00+07:00,8761.0732421875,8761.0732421875,8592.5908203125,8676.83203125,1453075,0.0,0.0
2012-05-10 00:00:00+07:00,8761.0732421875,8761.0732421875,8592.5908203125,8676.83203125,1079255,0.0,0.0
2012-05-11 00:00:00+07:00,8676.83203125,8761.0732421875,8592.5908203125,8592.5908203125,1109047,0.0,0.0
2012-05-14 00:00:00+07:00,8508.349609375,8676.83203125,8508.349609375,8592.5908203125,938711,0.0,0.0
2012-05-15 00:00:00+07:00,8508.349609375,8676.83203125,8339.8671875,8424.1083984375,1356923,0.0,0.0
2012-05-16 00:00:00+07:00,8424.1083984375,8592.5908203125,8297.7470703125,8381.98828125,1708759,0.0,0.0
2012-05-17 00:00:00+07:00,8255.626953125,8381.98828125,8171.38525390625,8381.98828125,2461361,0.0,0.0
2012-05-18 00:00:00+07:00,8381.98828125,8381.98828125,8087.14453125,8339.8671875,2013243,0.0,0.0
2012-05-21 00:00:00+07:00,8424.1083984375,8508.349609375,8424.1083984375,8508.349609375,1290321,0.0,0.0
2012-05-22 00:00:00+07:00,8592.5908203125,8676.83203125,8508.349609375,8676.83203125,1034275,0.0,0.0
2012-05-23 00:00:00+07:00,8424.1083984375,8761.0732421875,8424.1083984375,8592.5908203125,1201045,0.0,0.0
2012-05-24 00:00:00+07:00,8424.1083984375,8676.83203125,8424.1083984375,8508.349609375,844817,0.0,0.0
2012-05-25 00:00:00+07:00,8592.5908203125,8592.5908203125,8424.1083984375,8592.5908203125,2007193,0.0,0.0
2012-05-28 00:00:00+07:00,8676.83203125,8761.0732421875,8508.349609375,8676.83203125,1030239,0.0,0.0
2012-05-29 00:00:00+07:00,8676.83203125,8761.0732421875,8592.5908203125,8761.0732421875,1885555,0.0,0.0
2012-05-30 00:00:00+07:00,8761.0732421875,8845.314453125,8676.83203125,8845.314453125,2987237,0.0,0.0
2012-05-31 00:00:00+07:00,8676.83203125,8845.314453125,8676.83203125,8676.83203125,727057,0.0,0.0
2012-06-01 00:00:00+07:00,8761.0732421875,8761.0732421875,8676.83203125,8676.83203125,874491,0.0,0.0
2012-06-04 00:00:00+07:00,9154.7158203125,9154.7158203125,8718.77734375,8827.76171875,786238,0.0,0.0
2012-06-05 00:00:00+07:00,8609.79296875,8936.7470703125,8500.8076171875,8827.76171875,1477442,0.0,0.0
2012-06-06 00:00:00+07:00,8827.76171875,9045.7314453125,8773.26953125,9045.7314453125,1709024,0.0,0.0
2012-06-07 00:00:00+07:00,9318.193359375,9318.193359375,9100.2236328125,9154.7158203125,948648,0.0,0.0
2012-06-08 00:00:00+07:00,9372.685546875,9372.685546875,9154.7158203125,9154.7158203125,1056364,0.0,0.0
2012-06-11 00:00:00+07:00,9154.7158203125,9154.7158203125,8827.76171875,9154.7158203125,1325860,0.0,0.0
2012-06-12 00:00:00+07:00,9154.7158203125,9154.7158203125,8882.25390625,9100.2236328125,1066730,0.0,0.0
2012-06-13 00:00:00+07:00,9209.2080078125,9209.2080078125,8936.7470703125,9100.2236328125,1140970,0.0,0.0
2012-06-14 00:00:00+07:00,9100.2236328125,9100.2236328125,8773.26953125,9045.7314453125,2062932,0.0,0.0
2012-06-15 00:00:00+07:00,8936.7470703125,9045.7314453125,8827.76171875,8991.2392578125,3198596,0.0,0.0
2012-06-18 00:00:00+07:00,9045.7314453125,9045.7314453125,8991.2392578125,8991.2392578125,1069582,0.0,0.0
2012-06-19 00:00:00+07:00,8936.7470703125,8991.2392578125,8882.25390625,8936.7470703125,8140848,0.0,0.0
2012-06-20 00:00:00+07:00,8991.2392578125,8991.2392578125,8827.76171875,8936.7470703125,3555068,0.0,0.0
2012-06-21 00:00:00+07:00,8936.7470703125,8991.2392578125,8882.25390625,8991.2392578125,925796,0.0,0.0
2012-06-22 00:00:00+07:00,8936.7470703125,8936.7470703125,8827.76171875,8827.76171875,995718,0.0,0.0
2012-06-25 00:00:00+07:00,8827.76171875,9263.701171875,8827.76171875,9263.701171875,15229334,0.0,0.0
2012-06-26 00:00:00+07:00,9263.701171875,9263.701171875,8936.7470703125,9263.701171875,4333532,0.0,0.0
2012-06-27 00:00:00+07:00,9263.701171875,9318.193359375,9154.7158203125,9263.701171875,3920432,0.0,0.0
2012-06-28 00:00:00+07:00,9209.2080078125,9209.2080078125,8991.2392578125,9209.2080078125,18492482,0.0,0.0
2012-06-29 00:00:00+07:00,9045.7314453125,9209.2080078125,9045.7314453125,9154.7158203125,6094148,0.0,0.0
2012-07-02 00:00:00+07:00,8991.2392578125,9154.7158203125,8882.25390625,8936.7470703125,1557536,0.0,0.0
2012-07-03 00:00:00+07:00,8882.25390625,8936.7470703125,8773.26953125,8827.76171875,10312348,0.0,0.0
2012-07-04 00:00:00+07:00,8827.76171875,8882.25390625,8773.26953125,8827.76171875,696958,0.0,0.0
2012-07-05 00:00:00+07:00,8718.77734375,8936.7470703125,8718.77734375,8827.76171875,700540,0.0,0.0
2012-07-06 00:00:00+07:00,8827.76171875,8936.7470703125,8718.77734375,8773.26953125,843406,0.0,0.0
2012-07-09 00:00:00+07:00,8718.77734375,8827.76171875,8500.8076171875,8609.79296875,1479554,0.0,0.0
2012-07-10 00:00:00+07:00,8609.79296875,8609.79296875,8391.8232421875,8555.2998046875,1105460,0.0,0.0
2012-07-11 00:00:00+07:00,8555.2998046875,8555.2998046875,8337.3310546875,8446.3154296875,3409818,0.0,0.0
2012-07-12 00:00:00+07:00,8173.853515625,8609.79296875,8173.853515625,8446.3154296875,2354534,0.0,0.0
2012-07-13 00:00:00+07:00,8500.8076171875,8718.77734375,8500.8076171875,8718.77734375,1669388,0.0,0.0
2012-07-16 00:00:00+07:00,8718.77734375,8718.77734375,8391.8232421875,8609.79296875,943516,0.0,0.0
2012-07-17 00:00:00+07:00,8337.3310546875,8609.79296875,8337.3310546875,8609.79296875,2511616,0.0,0.0
2012-07-18 00:00:00+07:00,8609.79296875,8609.79296875,8500.8076171875,8555.2998046875,1226902,0.0,0.0
2012-07-19 00:00:00+07:00,8391.8232421875,8609.79296875,8391.8232421875,8609.79296875,6744962,0.0,0.0
2012-07-20 00:00:00+07:00,8609.79296875,8609.79296875,8555.2998046875,8555.2998046875,2071932,0.0,0.0
2012-07-23 00:00:00+07:00,8609.79296875,8609.79296875,8391.8232421875,8500.8076171875,1003238,0.0,0.0
2012-07-24 00:00:00+07:00,8500.8076171875,8500.8076171875,8228.345703125,8391.8232421875,2205064,0.0,0.0
2012-07-25 00:00:00+07:00,8391.8232421875,8446.3154296875,8228.345703125,8391.8232421875,924238,0.0,0.0
2012-07-26 00:00:00+07:00,8282.837890625,8446.3154296875,8282.837890625,8391.8232421875,1021318,0.0,0.0
2012-07-27 00:00:00+07:00,8391.8232421875,8446.3154296875,8282.837890625,8446.3154296875,14434028,0.0,0.0
2012-07-30 00:00:00+07:00,8282.837890625,8446.3154296875,8282.837890625,8446.3154296875,1833270,0.0,0.0
2012-07-31 00:00:00+07:00,8337.3310546875,8446.3154296875,8337.3310546875,8391.8232421875,1467622,0.0,0.0
2012-08-01 00:00:00+07:00,8337.3310546875,8391.8232421875,8228.345703125,8337.3310546875,1579924,0.0,0.0
2012-08-02 00:00:00+07:00,8391.8232421875,8718.77734375,8391.8232421875,8555.2998046875,2339296,0.0,0.0
2012-08-03 00:00:00+07:00,8555.2998046875,8555.2998046875,8446.3154296875,8555.2998046875,1132706,0.0,0.0
2012-08-06 00:00:00+07:00,8337.3310546875,8555.2998046875,8337.3310546875,8555.2998046875,1348894,0.0,0.0
2012-08-07 00:00:00+07:00,8609.79296875,8664.28515625,8500.8076171875,8609.79296875,1517534,0.0,0.0
2012-08-08 00:00:00+07:00,8718.77734375,8718.77734375,8609.79296875,8664.28515625,986728,0.0,0.0
2012-08-09 00:00:00+07:00,8664.28515625,8718.77734375,8609.79296875,8664.28515625,921216,0.0,0.0
2012-08-10 00:00:00+07:00,8718.77734375,8718.77734375,8609.79296875,8664.28515625,600706,0.0,0.0
2012-08-13 00:00:00+07:00,8555.2998046875,8718.77734375,8555.2998046875,8718.77734375,486476,0.0,0.0
2012-08-14 00:00:00+07:00,8718.77734375,8773.26953125,8718.77734375,8773.26953125,858912,0.0,0.0
2012-08-15 00:00:00+07:00,8827.76171875,8827.76171875,8718.77734375,8718.77734375,724954,0.0,0.0
2012-08-16 00:00:00+07:00,8718.77734375,8718.77734375,8609.79296875,8664.28515625,1060314,0.0,0.0
2012-08-17 00:00:00+07:00,8718.77734375,8718.77734375,8555.2998046875,8555.2998046875,785872,0.0,0.0
2012-08-20 00:00:00+07:00,8664.28515625,8664.28515625,8500.8076171875,8609.79296875,2112756,0.0,0.0
2012-08-21 00:00:00+07:00,8500.8076171875,8609.79296875,8228.345703125,8337.3310546875,1515606,0.0,0.0
2012-08-22 00:00:00+07:00,8282.837890625,8391.8232421875,8173.853515625,8337.3310546875,1952552,0.0,0.0
2012-08-23 00:00:00+07:00,8119.361328125,8173.853515625,7955.88427734375,7955.88427734375,2242228,0.0,0.0
2012-08-24 00:00:00+07:00,7955.88427734375,8064.869140625,7574.4375,7955.88427734375,2706032,0.0,0.0
2012-08-27 00:00:00+07:00,7955.88427734375,7955.88427734375,7574.4375,7574.4375,2793488,0.0,0.0
2012-08-28 00:00:00+07:00,7574.4375,7628.93017578125,7465.453125,7628.93017578125,1455878,0.0,0.0
2012-08-29 00:00:00+07:00,7901.39208984375,8010.37646484375,7628.93017578125,7683.42236328125,1247498,0.0,0.0
2012-08-30 00:00:00+07:00,7846.8994140625,8064.869140625,7737.9150390625,8064.869140625,558048,0.0,0.0
2012-08-31 00:00:00+07:00,7955.88427734375,7955.88427734375,7683.42236328125,7683.42236328125,1915572,0.0,0.0
2012-09-04 00:00:00+07:00,7955.88427734375,8064.869140625,7846.8994140625,7901.39208984375,677422,0.0,0.0
2012-09-05 00:00:00+07:00,8064.869140625,8064.869140625,7792.4072265625,7846.8994140625,806788,0.0,0.0
2012-09-06 00:00:00+07:00,7792.4072265625,7955.88427734375,7792.4072265625,7901.39208984375,648146,0.0,0.0
2012-09-07 00:00:00+07:00,7901.39208984375,7955.88427734375,7846.8994140625,7846.8994140625,832114,0.0,0.0
2012-09-10 00:00:00+07:00,7955.88427734375,7955.88427734375,7737.9150390625,7792.4072265625,631536,0.0,0.0
2012-09-11 00:00:00+07:00,7846.8994140625,7901.39208984375,7792.4072265625,7846.8994140625,671914,0.0,0.0
2012-09-12 00:00:00+07:00,7901.39208984375,7901.39208984375,7846.8994140625,7846.8994140625,764396,0.0,0.0
2012-09-13 00:00:00+07:00,7846.8994140625,7901.39208984375,7792.4072265625,7846.8994140625,23676518,0.0,0.0
2012-09-14 00:00:00+07:00,8064.869140625,8064.869140625,7955.88427734375,8064.869140625,2311400,0.0,0.0
2012-09-17 00:00:00+07:00,8282.837890625,8446.3154296875,8173.853515625,8173.853515625,3893274,0.0,0.0
2012-09-18 00:00:00+07:00,8391.8232421875,8446.3154296875,8064.869140625,8337.3310546875,2290026,0.0,0.0
2012-09-19 00:00:00+07:00,8282.837890625,8391.8232421875,8282.837890625,8391.8232421875,9875674,0.0,0.0
2012-09-20 00:00:00+07:00,8446.3154296875,8446.3154296875,8337.3310546875,8391.8232421875,8124888,0.0,0.0
2012-09-21 00:00:00+07:00,8446.3154296875,8718.77734375,8446.3154296875,8718.77734375,8328858,0.0,0.0
2012-09-24 00:00:00+07:00,8718.77734375,8718.77734375,8500.8076171875,8664.28515625,8835078,0.0,0.0
2012-09-25 00:00:00+07:00,8718.77734375,8773.26953125,8555.2998046875,8773.26953125,12063508,0.0,0.0
2012-09-26 00:00:00+07:00,8882.25390625,9154.7158203125,8827.76171875,9100.2236328125,4131566,0.0,0.0
2012-09-27 00:00:00+07:00,9209.2080078125,9263.701171875,8718.77734375,9045.7314453125,2903054,0.0,0.0
2012-09-28 00:00:00+07:00,8991.2392578125,9100.2236328125,8773.26953125,9045.7314453125,2555482,0.0,0.0
2012-10-01 00:00:00+07:00,8936.7470703125,8991.2392578125,8773.26953125,8991.2392578125,1473216,0.0,0.0
2012-10-02 00:00:00+07:00,8936.7470703125,8991.2392578125,8882.25390625,8936.7470703125,1301728,0.0,0.0
2012-10-03 00:00:00+07:00,8936.7470703125,8936.7470703125,8609.79296875,8609.79296875,1029112,0.0,0.0
2012-10-04 00:00:00+07:00,8718.77734375,8718.77734375,8609.79296875,8718.77734375,489314,0.0,0.0
2012-10-05 00:00:00+07:00,8718.77734375,8718.77734375,8609.79296875,8718.77734375,494088,0.0,0.0
2012-10-08 00:00:00+07:00,8718.77734375,8827.76171875,8718.77734375,8827.76171875,2983886,0.0,0.0
2012-10-09 00:00:00+07:00,8718.77734375,8827.76171875,8718.77734375,8773.26953125,10206918,0.0,0.0
2012-10-10 00:00:00+07:00,8827.76171875,8827.76171875,8664.28515625,8718.77734375,8762500,0.0,0.0
2012-10-11 00:00:00+07:00,8609.79296875,8718.77734375,8609.79296875,8609.79296875,2327186,0.0,0.0
2012-10-12 00:00:00+07:00,8500.8076171875,8718.77734375,8500.8076171875,8555.2998046875,315348,0.0,0.0
2012-10-15 00:00:00+07:00,8446.3154296875,8609.79296875,8446.3154296875,8609.79296875,394252,0.0,0.0
2012-10-16 00:00:00+07:00,8609.79296875,8664.28515625,8500.8076171875,8609.79296875,570068,0.0,0.0
2012-10-17 00:00:00+07:00,8609.79296875,8609.79296875,8500.8076171875,8609.79296875,408844,0.0,0.0
2012-10-18 00:00:00+07:00,8391.8232421875,8609.79296875,8391.8232421875,8609.79296875,479684,0.0,0.0
2012-10-19 00:00:00+07:00,8609.79296875,8664.28515625,8500.8076171875,8609.79296875,549142,0.0,0.0
2012-10-22 00:00:00+07:00,8609.79296875,8609.79296875,8391.8232421875,8555.2998046875,474182,0.0,0.0
2012-10-23 00:00:00+07:00,8446.3154296875,8609.79296875,8446.3154296875,8500.8076171875,440866,0.0,0.0
2012-10-24 00:00:00+07:00,8500.8076171875,8500.8076171875,8337.3310546875,8500.8076171875,548502,0.0,0.0
2012-10-25 00:00:00+07:00,8391.8232421875,8555.2998046875,8391.8232421875,8500.8076171875,1947864,0.0,0.0
2012-10-26 00:00:00+07:00,8446.3154296875,8500.8076171875,8446.3154296875,8446.3154296875,456190,0.0,0.0
2012-10-29 00:00:00+07:00,8337.3310546875,8500.8076171875,8337.3310546875,8500.8076171875,262492,0.0,0.0
2012-10-30 00:00:00+07:00,8500.8076171875,8500.8076171875,8391.8232421875,8500.8076171875,402794,0.0,0.0
2012-10-31 00:00:00+07:00,8391.8232421875,8500.8076171875,8391.8232421875,8500.8076171875,425920,0.0,0.0
2012-11-01 00:00:00+07:00,8446.3154296875,8500.8076171875,8446.3154296875,8500.8076171875,484730,0.0,0.0
2012-11-02 00:00:00+07:00,8391.8232421875,8500.8076171875,8173.853515625,8446.3154296875,284334,0.0,0.0
2012-11-05 00:00:00+07:00,8446.3154296875,8500.8076171875,8446.3154296875,8500.8076171875,221386,0.0,0.0
2012-11-06 00:00:00+07:00,8337.3310546875,8500.8076171875,8337.3310546875,8500.8076171875,261582,0.0,0.0
2012-11-07 00:00:00+07:00,8500.8076171875,8500.8076171875,8391.8232421875,8500.8076171875,786148,0.0,0.0
2012-11-08 00:00:00+07:00,8391.8232421875,8555.2998046875,8391.8232421875,8555.2998046875,1498352,0.0,0.0
2012-11-09 00:00:00+07:00,8555.2998046875,8555.2998046875,8391.8232421875,8555.2998046875,269746,0.0,0.0
2012-11-12 00:00:00+07:00,8391.8232421875,8555.2998046875,8391.8232421875,8555.2998046875,361774,0.0,0.0
2012-11-13 00:00:00+07:00,8446.3154296875,8555.2998046875,8446.3154296875,8500.8076171875,257726,0.0,0.0
2012-11-14 00:00:00+07:00,8391.8232421875,8555.2998046875,8391.8232421875,8500.8076171875,282038,0.0,0.0
2012-11-15 00:00:00+07:00,8391.8232421875,8500.8076171875,8391.8232421875,8446.3154296875,8414832,0.0,0.0
2012-11-16 00:00:00+07:00,8391.8232421875,8446.3154296875,8337.3310546875,8446.3154296875,246066,0.0,0.0
2012-11-19 00:00:00+07:00,8337.3310546875,8446.3154296875,8282.837890625,8391.8232421875,344344,0.0,0.0
2012-11-20 00:00:00+07:00,8391.8232421875,8391.8232421875,8228.345703125,8391.8232421875,278362,0.0,0.0
2012-11-21 00:00:00+07:00,8282.837890625,8337.3310546875,8228.345703125,8337.3310546875,370860,0.0,0.0
2012-11-22 00:00:00+07:00,8228.345703125,8282.837890625,8228.345703125,8282.837890625,468764,0.0,0.0
2012-11-23 00:00:00+07:00,8282.837890625,8282.837890625,8228.345703125,8282.837890625,277454,0.0,0.0
2012-11-26 00:00:00+07:00,8228.345703125,8228.345703125,8119.361328125,8228.345703125,727976,0.0,0.0
2012-11-27 00:00:00+07:00,8119.361328125,8228.345703125,8010.37646484375,8010.37646484375,411046,0.0,0.0
2012-11-28 00:00:00+07:00,7955.88427734375,8010.37646484375,7628.93017578125,8010.37646484375,5694634,0.0,0.0
2012-11-29 00:00:00+07:00,7955.88427734375,8064.869140625,7955.88427734375,8064.869140625,7602416,0.0,0.0
2012-11-30 00:00:00+07:00,7955.88427734375,8010.37646484375,7846.8994140625,8010.37646484375,128309258,0.0,0.0
2012-12-03 00:00:00+07:00,8010.37646484375,8064.869140625,7955.88427734375,8010.37646484375,1104538,0.0,0.0
2012-12-04 00:00:00+07:00,8010.37646484375,8010.37646484375,7901.39208984375,7955.88427734375,3802894,0.0,0.0
2012-12-05 00:00:00+07:00,7955.88427734375,7955.88427734375,7901.39208984375,7955.88427734375,492620,0.0,0.0
2012-12-06 00:00:00+07:00,7955.88427734375,7955.88427734375,7901.39208984375,7955.88427734375,3096656,0.0,0.0
2012-12-07 00:00:00+07:00,7955.88427734375,7955.88427734375,7683.42236328125,7683.42236328125,1513312,0.0,0.0
2012-12-10 00:00:00+07:00,7901.39208984375,8064.869140625,7901.39208984375,8010.37646484375,857810,0.0,0.0
2012-12-11 00:00:00+07:00,8010.37646484375,8282.837890625,8010.37646484375,8282.837890625,10461366,0.0,0.0
2012-12-12 00:00:00+07:00,8173.853515625,8337.3310546875,8010.37646484375,8119.361328125,770086,0.0,0.0
2012-12-13 00:00:00+07:00,8282.837890625,8282.837890625,8119.361328125,8119.361328125,798626,0.0,0.0
2012-12-14 00:00:00+07:00,8119.361328125,8282.837890625,8119.361328125,8282.837890625,13571964,0.0,0.0
2012-12-17 00:00:00+07:00,8010.37646484375,8119.361328125,7901.39208984375,8064.869140625,2620526,0.0,0.0
2012-12-18 00:00:00+07:00,8119.361328125,8119.361328125,7901.39208984375,7955.88427734375,654386,0.0,0.0
2012-12-19 00:00:00+07:00,7846.8994140625,8173.853515625,7846.8994140625,8173.853515625,3833080,0.0,0.0
2012-12-20 00:00:00+07:00,8064.869140625,8119.361328125,7955.88427734375,7955.88427734375,3572594,0.0,0.0
2012-12-21 00:00:00+07:00,8119.361328125,8119.361328125,7792.4072265625,8010.37646484375,2024122,0.0,0.0
2012-12-24 00:00:00+07:00,8119.361328125,8173.853515625,8010.37646484375,8064.869140625,1061872,0.0,0.0
2012-12-25 00:00:00+07:00,8173.853515625,8173.853515625,8010.37646484375,8064.869140625,1505418,0.0,0.0
2012-12-26 00:00:00+07:00,8064.869140625,8173.853515625,8010.37646484375,8173.853515625,24748128,0.0,0.0
2012-12-27 00:00:00+07:00,8173.853515625,8391.8232421875,8119.361328125,8391.8232421875,2463442,0.0,0.0
2012-12-28 00:00:00+07:00,8391.8232421875,8718.77734375,8337.3310546875,8718.77734375,1335678,0.0,0.0
2013-01-02 00:00:00+07:00,8664.28515625,8936.7470703125,8609.79296875,8718.77734375,2080276,0.0,0.0
2013-01-03 00:00:00+07:00,8718.77734375,8718.77734375,8609.79296875,8718.77734375,1090322,0.0,0.0
2013-01-04 00:00:00+07:00,8718.77734375,8773.26953125,8609.79296875,8718.77734375,4577506,0.0,0.0
2013-01-07 00:00:00+07:00,8773.26953125,9154.7158203125,8773.26953125,9100.2236328125,3400920,0.0,0.0
2013-01-08 00:00:00+07:00,9209.2080078125,9263.701171875,9100.2236328125,9209.2080078125,3332652,0.0,0.0
2013-01-09 00:00:00+07:00,9209.2080078125,9209.2080078125,9045.7314453125,9045.7314453125,1073068,0.0,0.0
2013-01-10 00:00:00+07:00,9045.7314453125,9045.7314453125,8827.76171875,9045.7314453125,1110044,0.0,0.0
2013-01-11 00:00:00+07:00,9209.2080078125,9209.2080078125,8991.2392578125,9100.2236328125,1570292,0.0,0.0
2013-01-14 00:00:00+07:00,9154.7158203125,9154.7158203125,9045.7314453125,9100.2236328125,1976406,0.0,0.0
2013-01-15 00:00:00+07:00,9263.701171875,9318.193359375,9100.2236328125,9100.2236328125,1476614,0.0,0.0
2013-01-16 00:00:00+07:00,9263.701171875,9318.193359375,9100.2236328125,9209.2080078125,2183228,0.0,0.0
2013-01-17 00:00:00+07:00,9263.701171875,9318.193359375,9209.2080078125,9263.701171875,2019630,0.0,0.0
2013-01-18 00:00:00+07:00,9263.701171875,9318.193359375,9209.2080078125,9263.701171875,2343246,0.0,0.0
2013-01-21 00:00:00+07:00,9154.7158203125,9318.193359375,9154.7158203125,9154.7158203125,1221260,0.0,0.0
2013-01-22 00:00:00+07:00,9675.1181640625,9675.1181640625,9314.1064453125,9386.30859375,1736076,0.0,0.0
2013-01-23 00:00:00+07:00,9458.5107421875,9602.916015625,9386.30859375,9458.5107421875,2116888,0.0,0.0
2013-01-24 00:00:00+07:00,9458.5107421875,9530.712890625,9386.30859375,9458.5107421875,1723204,0.0,0.0
2013-01-25 00:00:00+07:00,9458.5107421875,9602.916015625,9458.5107421875,9530.712890625,5131744,0.0,0.0
2013-01-28 00:00:00+07:00,9747.3203125,9819.5224609375,9675.1181640625,9675.1181640625,2897056,0.0,0.0
2013-01-29 00:00:00+07:00,9675.1181640625,9747.3203125,9602.916015625,9675.1181640625,2490694,0.0,0.0
2013-01-30 00:00:00+07:00,9675.1181640625,9747.3203125,9602.916015625,9675.1181640625,4131986,0.0,0.0
2013-01-31 00:00:00+07:00,9530.712890625,9675.1181640625,9530.712890625,9602.916015625,1081600,0.0,0.0
2013-02-01 00:00:00+07:00,9602.916015625,9675.1181640625,9530.712890625,9675.1181640625,1718630,0.0,0.0
2013-02-04 00:00:00+07:00,9675.1181640625,9747.3203125,9675.1181640625,9675.1181640625,1692112,0.0,0.0
2013-02-05 00:00:00+07:00,9675.1181640625,9819.5224609375,9675.1181640625,9675.1181640625,5713378,0.0,0.0
2013-02-06 00:00:00+07:00,9819.5224609375,9819.5224609375,9675.1181640625,9747.3203125,1700840,0.0,0.0
2013-02-07 00:00:00+07:00,9819.5224609375,9819.5224609375,9675.1181640625,9747.3203125,723372,0.0,0.0
2013-02-08 00:00:00+07:00,9675.1181640625,9819.5224609375,9530.712890625,9747.3203125,671370,0.0,0.0
2013-02-18 00:00:00+07:00,9747.3203125,9747.3203125,9530.712890625,9530.712890625,815540,0.0,0.0
2013-02-19 00:00:00+07:00,9819.5224609375,9819.5224609375,9602.916015625,9675.1181640625,3207568,0.0,0.0
2013-02-20 00:00:00+07:00,9747.3203125,9747.3203125,9602.916015625,9675.1181640625,1888912,0.0,0.0
2013-02-21 00:00:00+07:00,9602.916015625,9675.1181640625,9386.30859375,9386.30859375,3752218,0.0,0.0
2013-02-22 00:00:00+07:00,9386.30859375,9530.712890625,9169.701171875,9241.904296875,756474,0.0,0.0
2013-02-25 00:00:00+07:00,9386.30859375,9386.30859375,9241.904296875,9386.30859375,421444,0.0,0.0
2013-02-26 00:00:00+07:00,9314.1064453125,9314.1064453125,8880.8916015625,9025.296875,1008478,0.0,0.0
2013-02-27 00:00:00+07:00,9025.296875,9169.701171875,8953.0947265625,9169.701171875,796708,0.0,0.0
2013-02-28 00:00:00+07:00,9169.701171875,9747.3203125,9169.701171875,9675.1181640625,3820498,0.0,0.0
2013-03-01 00:00:00+07:00,9819.5224609375,9819.5224609375,9530.712890625,9530.712890625,28892602,0.0,0.0
2013-03-04 00:00:00+07:00,9747.3203125,10108.33203125,9602.916015625,9819.5224609375,2625872,0.0,0.0
2013-03-05 00:00:00+07:00,9747.3203125,9747.3203125,9530.712890625,9530.712890625,2876210,0.0,0.0
2013-03-06 00:00:00+07:00,9819.5224609375,9819.5224609375,9458.5107421875,9530.712890625,652948,0.0,0.0
2013-03-07 00:00:00+07:00,9530.712890625,9530.712890625,9314.1064453125,9314.1064453125,1962326,0.0,0.0
2013-03-08 00:00:00+07:00,9386.30859375,9458.5107421875,9314.1064453125,9386.30859375,509600,0.0,0.0
2013-03-11 00:00:00+07:00,9386.30859375,9530.712890625,9314.1064453125,9530.712890625,8841320,0.0,0.0
2013-03-12 00:00:00+07:00,9386.30859375,9458.5107421875,9169.701171875,9169.701171875,1170798,0.0,0.0
2013-03-13 00:00:00+07:00,9314.1064453125,9386.30859375,9097.4990234375,9169.701171875,1002728,0.0,0.0
2013-03-14 00:00:00+07:00,9169.701171875,9241.904296875,9097.4990234375,9241.904296875,520816,0.0,0.0
2013-03-15 00:00:00+07:00,9314.1064453125,9458.5107421875,9241.904296875,9458.5107421875,2877314,0.0,0.0
2013-03-18 00:00:00+07:00,9458.5107421875,9530.712890625,9314.1064453125,9314.1064453125,9431326,0.0,0.0
2013-03-19 00:00:00+07:00,9241.904296875,9458.5107421875,9241.904296875,9314.1064453125,2387788,0.0,0.0
2013-03-20 00:00:00+07:00,9241.904296875,9386.30859375,9241.904296875,9386.30859375,426914,0.0,0.0
2013-03-21 00:00:00+07:00,9386.30859375,9530.712890625,9386.30859375,9458.5107421875,653704,0.0,0.0
2013-03-22 00:00:00+07:00,9458.5107421875,9747.3203125,9386.30859375,9386.30859375,7882274,0.0,0.0
2013-03-25 00:00:00+07:00,9386.30859375,9675.1181640625,9386.30859375,9602.916015625,1986906,0.0,0.0
2013-03-26 00:00:00+07:00,9675.1181640625,9747.3203125,9530.712890625,9530.712890625,3975830,0.0,0.0
2013-03-27 00:00:00+07:00,9530.712890625,9530.712890625,9314.1064453125,9314.1064453125,15614644,0.0,0.0
2013-03-28 00:00:00+07:00,9386.30859375,9386.30859375,9097.4990234375,9241.904296875,1240180,0.0,0.0
2013-03-29 00:00:00+07:00,9097.4990234375,9241.904296875,9097.4990234375,9169.701171875,249842,0.0,0.0
2013-04-01 00:00:00+07:00,9241.904296875,9458.5107421875,9169.701171875,9458.5107421875,14463436,0.0,0.0
2013-04-02 00:00:00+07:00,9314.1064453125,9530.712890625,9314.1064453125,9530.712890625,3795984,0.0,0.0
2013-04-03 00:00:00+07:00,9386.30859375,9530.712890625,9169.701171875,9314.1064453125,1171834,0.0,0.0
2013-04-04 00:00:00+07:00,9386.30859375,9386.30859375,9025.296875,9169.701171875,1116992,0.0,0.0
2013-04-05 00:00:00+07:00,9314.1064453125,9458.5107421875,9241.904296875,9386.30859375,1511644,0.0,0.0
2013-04-08 00:00:00+07:00,9530.712890625,9530.712890625,9314.1064453125,9386.30859375,690686,0.0,0.0
2013-04-09 00:00:00+07:00,9314.1064453125,9386.30859375,9169.701171875,9241.904296875,982090,0.0,0.0
2013-04-10 00:00:00+07:00,9241.904296875,9241.904296875,9097.4990234375,9097.4990234375,10078192,0.0,0.0
2013-04-11 00:00:00+07:00,9097.4990234375,9241.904296875,9025.296875,9241.904296875,12001326,0.0,0.0
2013-04-12 00:00:00+07:00,9241.904296875,9241.904296875,9025.296875,9169.701171875,680504,0.0,0.0
2013-04-15 00:00:00+07:00,9169.701171875,9169.701171875,8664.28515625,8953.0947265625,569848,0.0,0.0
2013-04-16 00:00:00+07:00,8808.689453125,8953.0947265625,8592.08203125,8953.0947265625,1710390,0.0,0.0
2013-04-17 00:00:00+07:00,8953.0947265625,9097.4990234375,8808.689453125,8953.0947265625,757996,0.0,0.0
2013-04-18 00:00:00+07:00,8736.4873046875,8880.8916015625,8664.28515625,8880.8916015625,3207568,0.0,0.0
2013-04-22 00:00:00+07:00,8808.689453125,8880.8916015625,8664.28515625,8808.689453125,1419330,0.0,0.0
2013-04-23 00:00:00+07:00,8880.8916015625,8880.8916015625,8736.4873046875,8880.8916015625,2303378,0.0,0.0
2013-04-24 00:00:00+07:00,8808.689453125,8880.8916015625,8808.689453125,8808.689453125,1255904,0.0,0.0
2013-04-25 00:00:00+07:00,8880.8916015625,8953.0947265625,8808.689453125,8953.0947265625,409114,0.0,0.0
2013-04-26 00:00:00+07:00,8808.689453125,8953.0947265625,8808.689453125,8953.0947265625,571160,0.0,0.0
2013-05-02 00:00:00+07:00,8808.689453125,9241.904296875,8808.689453125,9169.701171875,1571270,0.0,0.0
2013-05-03 00:00:00+07:00,9025.296875,9241.904296875,9025.296875,9169.701171875,508902,0.0,0.0
2013-05-06 00:00:00+07:00,9241.904296875,9314.1064453125,9241.904296875,9241.904296875,537162,0.0,0.0
2013-05-07 00:00:00+07:00,9241.904296875,9314.1064453125,9169.701171875,9241.904296875,2357600,0.0,0.0
2013-05-08 00:00:00+07:00,9241.904296875,9314.1064453125,9241.904296875,9314.1064453125,894972,0.0,0.0
2013-05-09 00:00:00+07:00,9169.701171875,9314.1064453125,9169.701171875,9314.1064453125,423938,0.0,0.0
2013-05-10 00:00:00+07:00,9314.1064453125,9386.30859375,9025.296875,9241.904296875,998088,0.0,0.0
2013-05-13 00:00:00+07:00,9241.904296875,9314.1064453125,9097.4990234375,9314.1064453125,47291442,0.0,0.0
2013-05-14 00:00:00+07:00,9314.1064453125,9314.1064453125,9169.701171875,9314.1064453125,548170,0.0,0.0
2013-05-15 00:00:00+07:00,9314.1064453125,9314.1064453125,9169.701171875,9241.904296875,2389170,0.0,0.0
2013-05-16 00:00:00+07:00,9314.1064453125,9314.1064453125,9169.701171875,9169.701171875,406552,0.0,0.0
2013-05-17 00:00:00+07:00,9241.904296875,9241.904296875,9169.701171875,9241.904296875,284608,0.0,0.0
2013-05-20 00:00:00+07:00,9241.904296875,9241.904296875,9097.4990234375,9241.904296875,138628,0.0,0.0
2013-05-21 00:00:00+07:00,9097.4990234375,9314.1064453125,9097.4990234375,9314.1064453125,3336724,0.0,0.0
2013-05-22 00:00:00+07:00,9241.904296875,9530.712890625,9241.904296875,9530.712890625,1708382,0.0,0.0
2013-05-23 00:00:00+07:00,9530.712890625,9530.712890625,9241.904296875,9241.904296875,1383044,0.0,0.0
2013-05-24 00:00:00+07:00,9241.904296875,9458.5107421875,9241.904296875,9386.30859375,3081852,0.0,0.0
2013-05-27 00:00:00+07:00,9386.30859375,9747.3203125,9386.30859375,9675.1181640625,1766830,0.0,0.0
2013-05-28 00:00:00+07:00,9675.1181640625,9819.5224609375,9602.916015625,9675.1181640625,2458148,0.0,0.0
2013-05-29 00:00:00+07:00,9747.3203125,10324.939453125,9386.30859375,10324.939453125,9417062,0.0,0.0
2013-05-30 00:00:00+07:00,10613.7490234375,10902.55859375,10324.939453125,10324.939453125,10774012,0.0,0.0
2013-05-31 00:00:00+07:00,10541.546875,10541.546875,9819.5224609375,9819.5224609375,5394828,0.0,0.0
2013-06-03 00:00:00+07:00,9819.5224609375,10108.33203125,9675.1181640625,9963.927734375,1270030,0.0,0.0
2013-06-04 00:00:00+07:00,10613.7490234375,10613.7490234375,10324.939453125,10324.939453125,24392538,0.0,0.0
2013-06-05 00:00:00+07:00,10252.7373046875,10252.7373046875,10036.1298828125,10036.1298828125,4397698,0.0,0.0
2013-06-06 00:00:00+07:00,9963.927734375,10036.1298828125,9891.7255859375,9891.7255859375,3806236,0.0,0.0
2013-06-07 00:00:00+07:00,9891.7255859375,10036.1298828125,9819.5224609375,10036.1298828125,6277622,0.0,0.0
2013-06-10 00:00:00+07:00,10397.1416015625,10397.1416015625,10108.33203125,10108.33203125,8747768,0.0,0.0
2013-06-11 00:00:00+07:00,10180.53515625,10180.53515625,9819.5224609375,9891.7255859375,51484030,0.0,0.0
2013-06-12 00:00:00+07:00,9963.927734375,10108.33203125,9891.7255859375,9963.927734375,4507048,0.0,0.0
2013-06-13 00:00:00+07:00,9891.7255859375,10036.1298828125,9675.1181640625,9819.5224609375,4458982,0.0,0.0
2013-06-14 00:00:00+07:00,9819.5224609375,9819.5224609375,9386.30859375,9386.30859375,10840634,0.0,0.0
2013-06-17 00:00:00+07:00,9458.5107421875,9458.5107421875,9169.701171875,9241.904296875,14618556,0.0,0.0
2013-06-18 00:00:00+07:00,9314.1064453125,9386.30859375,9241.904296875,9241.904296875,9446428,0.0,0.0
2013-06-19 00:00:00+07:00,9386.30859375,9386.30859375,9241.904296875,9241.904296875,6588896,0.0,0.0
2013-06-20 00:00:00+07:00,9241.904296875,9314.1064453125,9169.701171875,9169.701171875,2477816,0.0,0.0
2013-06-21 00:00:00+07:00,9097.4990234375,9241.904296875,9025.296875,9097.4990234375,4399014,0.0,0.0
2013-06-24 00:00:00+07:00,9169.701171875,9241.904296875,8953.0947265625,9025.296875,5234788,0.0,0.0
2013-06-25 00:00:00+07:00,9025.296875,9025.296875,8592.08203125,8880.8916015625,7053290,0.0,0.0
2013-06-26 00:00:00+07:00,8880.8916015625,8953.0947265625,8664.28515625,8880.8916015625,6946574,0.0,0.0
2013-06-27 00:00:00+07:00,8880.8916015625,9097.4990234375,8880.8916015625,9097.4990234375,2389242,0.0,0.0
2013-06-28 00:00:00+07:00,9097.4990234375,9169.701171875,9025.296875,9025.296875,11631184,0.0,0.0
2013-07-01 00:00:00+07:00,9025.296875,9025.296875,8808.689453125,8880.8916015625,1074468,0.0,0.0
2013-07-02 00:00:00+07:00,8953.0947265625,9241.904296875,8880.8916015625,9169.701171875,2866864,0.0,0.0
2013-07-03 00:00:00+07:00,9169.701171875,9241.904296875,9025.296875,9169.701171875,23648312,0.0,0.0
2013-07-04 00:00:00+07:00,9169.701171875,9314.1064453125,9097.4990234375,9097.4990234375,14007142,0.0,0.0
2013-07-05 00:00:00+07:00,9169.701171875,9169.701171875,9025.296875,9097.4990234375,1002588,0.0,0.0
2013-07-08 00:00:00+07:00,9097.4990234375,9097.4990234375,8880.8916015625,8953.0947265625,1652638,0.0,0.0
2013-07-09 00:00:00+07:00,8953.0947265625,9097.4990234375,8953.0947265625,9097.4990234375,1941962,0.0,0.0
2013-07-10 00:00:00+07:00,9169.701171875,9169.701171875,8953.0947265625,9025.296875,1438726,0.0,0.0
2013-07-11 00:00:00+07:00,9025.296875,9169.701171875,8953.0947265625,9169.701171875,24925900,0.0,0.0
2013-07-12 00:00:00+07:00,9169.701171875,9386.30859375,9097.4990234375,9386.30859375,26315400,0.0,0.0
2013-07-15 00:00:00+07:00,9386.30859375,9458.5107421875,9097.4990234375,9314.1064453125,17108224,0.0,0.0
2013-07-16 00:00:00+07:00,9314.1064453125,9386.30859375,9097.4990234375,9241.904296875,22793772,0.0,0.0
2013-07-17 00:00:00+07:00,9241.904296875,9386.30859375,9097.4990234375,9241.904296875,26956924,0.0,0.0
2013-07-18 00:00:00+07:00,9169.701171875,9314.1064453125,9097.4990234375,9169.701171875,28900146,0.0,0.0
2013-07-19 00:00:00+07:00,9241.904296875,9314.1064453125,9097.4990234375,9241.904296875,23622200,0.0,0.0
2013-07-22 00:00:00+07:00,9241.904296875,9241.904296875,9097.4990234375,9169.701171875,30500650,0.0,0.0
2013-07-23 00:00:00+07:00,9169.701171875,9241.904296875,9097.4990234375,9169.701171875,30928612,0.0,0.0
2013-07-24 00:00:00+07:00,9169.701171875,9241.904296875,9025.296875,9169.701171875,28655208,0.0,0.0
2013-07-25 00:00:00+07:00,9169.701171875,9241.904296875,9097.4990234375,9241.904296875,29691950,0.0,0.0
2013-07-26 00:00:00+07:00,9241.904296875,9241.904296875,9097.4990234375,9241.904296875,26852782,0.0,0.0
2013-07-29 00:00:00+07:00,9169.701171875,9241.904296875,9097.4990234375,9097.4990234375,17513264,0.0,0.0
2013-07-30 00:00:00+07:00,9097.4990234375,9169.701171875,8953.0947265625,8953.0947265625,1222592,0.0,0.0
2013-07-31 00:00:00+07:00,8953.0947265625,9097.4990234375,8808.689453125,9097.4990234375,1896742,0.0,0.0
2013-08-01 00:00:00+07:00,8953.0947265625,9169.701171875,8953.0947265625,9169.701171875,1286380,0.0,0.0
2013-08-02 00:00:00+07:00,9097.4990234375,9241.904296875,9097.4990234375,9169.701171875,1189840,0.0,0.0
2013-08-05 00:00:00+07:00,9097.4990234375,9241.904296875,9097.4990234375,9241.904296875,1830056,0.0,0.0
2013-08-06 00:00:00+07:00,9169.701171875,9314.1064453125,9097.4990234375,9314.1064453125,8883494,0.0,0.0
2013-08-07 00:00:00+07:00,9314.1064453125,9602.916015625,9241.904296875,9530.712890625,3507702,0.0,0.0
2013-08-08 00:00:00+07:00,9530.712890625,9602.916015625,9458.5107421875,9530.712890625,1943002,0.0,0.0
2013-08-09 00:00:00+07:00,9530.712890625,9602.916015625,9386.30859375,9530.712890625,1858930,0.0,0.0
2013-08-12 00:00:00+07:00,9530.712890625,9530.712890625,9314.1064453125,9314.1064453125,3503890,0.0,0.0
2013-08-13 00:00:00+07:00,9386.30859375,9458.5107421875,9314.1064453125,9386.30859375,1559494,0.0,0.0
2013-08-14 00:00:00+07:00,9386.30859375,9458.5107421875,9241.904296875,9458.5107421875,1321762,0.0,0.0
2013-08-15 00:00:00+07:00,9530.712890625,9675.1181640625,9530.712890625,9530.712890625,5847582,0.0,0.0
2013-08-16 00:00:00+07:00,9530.712890625,9602.916015625,9458.5107421875,9602.916015625,2112316,0.0,0.0
2013-08-19 00:00:00+07:00,9602.916015625,9747.3203125,9530.712890625,9530.712890625,6119592,0.0,0.0
2013-08-20 00:00:00+07:00,9530.712890625,9602.916015625,9314.1064453125,9386.30859375,3064020,0.0,0.0
2013-08-21 00:00:00+07:00,9386.30859375,9530.712890625,9241.904296875,9458.5107421875,2289040,0.0,0.0
2013-08-22 00:00:00+07:00,9386.30859375,9747.3203125,9386.30859375,9602.916015625,4358988,0.0,0.0
2013-08-23 00:00:00+07:00,9602.916015625,9675.1181640625,9314.1064453125,9530.712890625,1967234,0.0,0.0
2013-08-26 00:00:00+07:00,9530.712890625,9530.712890625,9314.1064453125,9386.30859375,1971462,0.0,0.0
2013-08-27 00:00:00+07:00,9314.1064453125,9386.30859375,9241.904296875,9241.904296875,8622628,0.0,0.0
2013-08-28 00:00:00+07:00,9169.701171875,9169.701171875,8736.4873046875,9169.701171875,5365258,0.0,0.0
2013-08-29 00:00:00+07:00,9097.4990234375,9169.701171875,8880.8916015625,8880.8916015625,3206320,0.0,0.0
2013-08-30 00:00:00+07:00,8880.8916015625,9025.296875,8880.8916015625,9025.296875,1087420,0.0,0.0
2013-09-03 00:00:00+07:00,8953.0947265625,9025.296875,8880.8916015625,8953.0947265625,1151062,0.0,0.0
2013-09-04 00:00:00+07:00,8880.8916015625,9025.296875,8808.689453125,8953.0947265625,2516250,0.0,0.0
2013-09-05 00:00:00+07:00,8880.8916015625,9025.296875,8808.689453125,8953.0947265625,1943624,0.0,0.0
2013-09-06 00:00:00+07:00,8953.0947265625,9241.904296875,8880.8916015625,9169.701171875,12785164,0.0,0.0
2013-09-09 00:00:00+07:00,9097.4990234375,9169.701171875,8953.0947265625,8953.0947265625,2141124,0.0,0.0
2013-09-10 00:00:00+07:00,8953.0947265625,9169.701171875,8953.0947265625,9097.4990234375,897396,0.0,0.0
2013-09-11 00:00:00+07:00,9097.4990234375,9169.701171875,9025.296875,9169.701171875,1549730,0.0,0.0
2013-09-12 00:00:00+07:00,9097.4990234375,9169.701171875,9025.296875,9097.4990234375,1027864,0.0,0.0
2013-09-13 00:00:00+07:00,9025.296875,9241.904296875,9025.296875,9097.4990234375,1559908,0.0,0.0
2013-09-16 00:00:00+07:00,9169.701171875,9169.701171875,9025.296875,9025.296875,5581940,0.0,0.0
2013-09-17 00:00:00+07:00,9097.4990234375,9097.4990234375,9025.296875,9025.296875,803980,0.0,0.0
2013-09-18 00:00:00+07:00,9025.296875,9097.4990234375,8953.0947265625,9025.296875,16488804,0.0,0.0
2013-09-19 00:00:00+07:00,9097.4990234375,9097.4990234375,9025.296875,9025.296875,1180558,0.0,0.0
2013-09-20 00:00:00+07:00,9025.296875,9025.296875,8880.8916015625,8880.8916015625,6116960,0.0,0.0
2013-09-23 00:00:00+07:00,9025.296875,9025.296875,8880.8916015625,8953.0947265625,6745890,0.0,0.0
2013-09-24 00:00:00+07:00,8880.8916015625,9025.296875,8880.8916015625,9025.296875,5811572,0.0,0.0
2013-09-25 00:00:00+07:00,9025.296875,9097.4990234375,8953.0947265625,8953.0947265625,2251510,0.0,0.0
2013-09-26 00:00:00+07:00,8953.0947265625,9097.4990234375,8953.0947265625,9025.296875,980084,0.0,0.0
2013-09-27 00:00:00+07:00,9025.296875,9097.4990234375,8953.0947265625,9025.296875,950028,0.0,0.0
2013-09-30 00:00:00+07:00,9025.296875,9097.4990234375,8953.0947265625,9025.296875,5547174,0.0,0.0
2013-10-01 00:00:00+07:00,9025.296875,9097.4990234375,8953.0947265625,8953.0947265625,2997748,0.0,0.0
2013-10-02 00:00:00+07:00,9025.296875,9097.4990234375,8953.0947265625,9025.296875,1913776,0.0,0.0
2013-10-03 00:00:00+07:00,9097.4990234375,9097.4990234375,8953.0947265625,9025.296875,1471758,0.0,0.0
2013-10-04 00:00:00+07:00,9025.296875,9097.4990234375,9025.296875,9097.4990234375,2650112,0.0,0.0
2013-10-07 00:00:00+07:00,9097.4990234375,9241.904296875,9025.296875,9241.904296875,3273562,0.0,0.0
2013-10-08 00:00:00+07:00,9241.904296875,9386.30859375,9241.904296875,9241.904296875,10819094,0.0,0.0
2013-10-09 00:00:00+07:00,9314.1064453125,9314.1064453125,9169.701171875,9241.904296875,606340,0.0,0.0
2013-10-10 00:00:00+07:00,9241.904296875,9241.904296875,9097.4990234375,9241.904296875,1130142,0.0,0.0
2013-10-11 00:00:00+07:00,9241.904296875,9314.1064453125,9169.701171875,9241.904296875,1677496,0.0,0.0
2013-10-14 00:00:00+07:00,9241.904296875,9241.904296875,9097.4990234375,9169.701171875,396514,0.0,0.0
2013-10-15 00:00:00+07:00,9097.4990234375,9241.904296875,9097.4990234375,9241.904296875,1289834,0.0,0.0
2013-10-16 00:00:00+07:00,9241.904296875,9386.30859375,9241.904296875,9314.1064453125,2515208,0.0,0.0
2013-10-17 00:00:00+07:00,9314.1064453125,9458.5107421875,9314.1064453125,9386.30859375,1742246,0.0,0.0
2013-10-18 00:00:00+07:00,9386.30859375,9458.5107421875,9241.904296875,9458.5107421875,1441702,0.0,0.0
2013-10-21 00:00:00+07:00,9458.5107421875,9602.916015625,9386.30859375,9530.712890625,1993206,0.0,0.0
2013-10-22 00:00:00+07:00,9530.712890625,9675.1181640625,9530.712890625,9602.916015625,2729950,0.0,0.0
2013-10-23 00:00:00+07:00,9675.1181640625,9747.3203125,9602.916015625,9747.3203125,2129010,0.0,0.0
2013-10-24 00:00:00+07:00,9747.3203125,9747.3203125,9530.712890625,9602.916015625,924334,0.0,0.0
2013-10-25 00:00:00+07:00,9602.916015625,9675.1181640625,9530.712890625,9602.916015625,701834,0.0,0.0
2013-10-28 00:00:00+07:00,9602.916015625,9602.916015625,9458.5107421875,9530.712890625,363692,0.0,0.0
2013-10-29 00:00:00+07:00,9458.5107421875,9530.712890625,9386.30859375,9530.712890625,624346,0.0,0.0
2013-10-30 00:00:00+07:00,9602.916015625,9675.1181640625,9530.712890625,9675.1181640625,1262480,0.0,0.0
2013-10-31 00:00:00+07:00,9675.1181640625,9747.3203125,9675.1181640625,9747.3203125,916998,0.0,0.0
2013-11-01 00:00:00+07:00,9747.3203125,9747.3203125,9602.916015625,9675.1181640625,2987566,0.0,0.0
2013-11-04 00:00:00+07:00,9675.1181640625,9747.3203125,9530.712890625,9675.1181640625,613822,0.0,0.0
2013-11-05 00:00:00+07:00,9602.916015625,9747.3203125,9458.5107421875,9602.916015625,623792,0.0,0.0
2013-11-06 00:00:00+07:00,9530.712890625,9675.1181640625,9530.712890625,9602.916015625,2198256,0.0,0.0
2013-11-07 00:00:00+07:00,9602.916015625,9675.1181640625,9458.5107421875,9602.916015625,1375498,0.0,0.0
2013-11-08 00:00:00+07:00,9530.712890625,9602.916015625,9530.712890625,9530.712890625,848924,0.0,0.0
2013-11-11 00:00:00+07:00,9602.916015625,9602.916015625,9386.30859375,9530.712890625,514582,0.0,0.0
2013-11-12 00:00:00+07:00,9530.712890625,9602.916015625,9386.30859375,9530.712890625,1474318,0.0,0.0
2013-11-13 00:00:00+07:00,9458.5107421875,9602.916015625,9458.5107421875,9530.712890625,3722864,0.0,0.0
2013-11-14 00:00:00+07:00,9386.30859375,9602.916015625,9386.30859375,9602.916015625,3248152,0.0,0.0
2013-11-15 00:00:00+07:00,9602.916015625,9675.1181640625,9530.712890625,9602.916015625,3341844,0.0,0.0
2013-11-18 00:00:00+07:00,9675.1181640625,9819.5224609375,9602.916015625,9675.1181640625,8314122,0.0,0.0
2013-11-19 00:00:00+07:00,9675.1181640625,9819.5224609375,9602.916015625,9819.5224609375,2460848,0.0,0.0
2013-11-20 00:00:00+07:00,9747.3203125,9819.5224609375,9675.1181640625,9819.5224609375,1618294,0.0,0.0
2013-11-21 00:00:00+07:00,9819.5224609375,9963.927734375,9747.3203125,9819.5224609375,1589970,0.0,0.0
2013-11-22 00:00:00+07:00,9819.5224609375,9891.7255859375,9747.3203125,9819.5224609375,1906230,0.0,0.0
2013-11-25 00:00:00+07:00,9819.5224609375,9963.927734375,9819.5224609375,9891.7255859375,1589618,0.0,0.0
2013-11-26 00:00:00+07:00,9891.7255859375,9891.7255859375,9675.1181640625,9891.7255859375,5065754,0.0,0.0
2013-11-27 00:00:00+07:00,9891.7255859375,9891.7255859375,9675.1181640625,9675.1181640625,3615732,0.0,0.0
2013-11-28 00:00:00+07:00,9747.3203125,9819.5224609375,9675.1181640625,9819.5224609375,1907962,0.0,0.0
2013-11-29 00:00:00+07:00,9819.5224609375,9963.927734375,9819.5224609375,9963.927734375,2479268,0.0,0.0
2013-12-02 00:00:00+07:00,9891.7255859375,10108.33203125,9891.7255859375,10108.33203125,1222390,0.0,0.0
2013-12-03 00:00:00+07:00,10108.33203125,10252.7373046875,10108.33203125,10252.7373046875,9572252,0.0,0.0
2013-12-04 00:00:00+07:00,10180.53515625,10324.939453125,10180.53515625,10252.7373046875,1729222,0.0,0.0
2013-12-05 00:00:00+07:00,10252.7373046875,10324.939453125,10108.33203125,10252.7373046875,1649382,0.0,0.0
2013-12-06 00:00:00+07:00,10180.53515625,10252.7373046875,10180.53515625,10252.7373046875,564446,0.0,0.0
2013-12-09 00:00:00+07:00,10324.939453125,10324.939453125,10180.53515625,10252.7373046875,727804,0.0,0.0
2013-12-10 00:00:00+07:00,10252.7373046875,10397.1416015625,10180.53515625,10324.939453125,2155458,0.0,0.0
2013-12-11 00:00:00+07:00,10324.939453125,10324.939453125,10180.53515625,10324.939453125,479130,0.0,0.0
2013-12-12 00:00:00+07:00,10252.7373046875,10324.939453125,10252.7373046875,10324.939453125,307878,0.0,0.0
2013-12-13 00:00:00+07:00,10252.7373046875,10397.1416015625,10252.7373046875,10252.7373046875,662988,0.0,0.0
2013-12-16 00:00:00+07:00,10108.33203125,10252.7373046875,9747.3203125,9747.3203125,5817178,0.0,0.0
2013-12-17 00:00:00+07:00,9819.5224609375,10108.33203125,9747.3203125,10108.33203125,1095590,0.0,0.0
2013-12-18 00:00:00+07:00,10108.33203125,10252.7373046875,9891.7255859375,10252.7373046875,380238,0.0,0.0
2013-12-19 00:00:00+07:00,10036.1298828125,10180.53515625,9963.927734375,10108.33203125,1454234,0.0,0.0
2013-12-20 00:00:00+07:00,10108.33203125,10108.33203125,9530.712890625,9530.712890625,10873252,0.0,0.0
2013-12-23 00:00:00+07:00,9819.5224609375,10108.33203125,9747.3203125,10108.33203125,2664308,0.0,0.0
2013-12-24 00:00:00+07:00,9963.927734375,10108.33203125,9891.7255859375,10036.1298828125,901412,0.0,0.0
2013-12-25 00:00:00+07:00,10036.1298828125,10036.1298828125,9819.5224609375,9963.927734375,1141850,0.0,0.0
2013-12-26 00:00:00+07:00,9963.927734375,10180.53515625,9891.7255859375,10108.33203125,3221628,0.0,0.0
2013-12-27 00:00:00+07:00,10180.53515625,10180.53515625,9963.927734375,10108.33203125,1035548,0.0,0.0
2013-12-30 00:00:00+07:00,10108.33203125,10108.33203125,9891.7255859375,9963.927734375,23853638,0.0,0.0
2013-12-31 00:00:00+07:00,10108.33203125,10180.53515625,9819.5224609375,10108.33203125,671644,0.0,0.0
2014-01-02 00:00:00+07:00,10108.33203125,10180.53515625,10036.1298828125,10108.33203125,519018,0.0,0.0
2014-01-03 00:00:00+07:00,10108.33203125,10180.53515625,10036.1298828125,10180.53515625,636538,0.0,0.0
2014-01-06 00:00:00+07:00,10180.53515625,10180.53515625,10036.1298828125,10180.53515625,773924,0.0,0.0
2014-01-07 00:00:00+07:00,10180.53515625,10180.53515625,10108.33203125,10180.53515625,3421760,0.0,0.0
2014-01-08 00:00:00+07:00,10108.33203125,10180.53515625,10108.33203125,10108.33203125,1453474,0.0,0.0
2014-01-09 00:00:00+07:00,10108.33203125,10180.53515625,10036.1298828125,10180.53515625,1422174,0.0,0.0
2014-01-10 00:00:00+07:00,10252.7373046875,10324.939453125,10180.53515625,10252.7373046875,990330,0.0,0.0
2014-01-13 00:00:00+07:00,10324.939453125,10324.939453125,10180.53515625,10252.7373046875,706960,0.0,0.0
2014-01-14 00:00:00+07:00,10252.7373046875,10252.7373046875,10180.53515625,10180.53515625,772400,0.0,0.0
2014-01-15 00:00:00+07:00,10108.33203125,10252.7373046875,10108.33203125,10180.53515625,1144340,0.0,0.0
2014-01-16 00:00:00+07:00,10180.53515625,10180.53515625,10108.33203125,10180.53515625,371374,0.0,0.0
2014-01-17 00:00:00+07:00,10180.53515625,10830.3564453125,10180.53515625,10469.34375,3885522,0.0,0.0
2014-01-20 00:00:00+07:00,10613.7490234375,11119.166015625,10613.7490234375,10974.7607421875,8558018,0.0,0.0
2014-01-21 00:00:00+07:00,11119.166015625,11552.3798828125,10613.7490234375,11480.177734375,4567428,0.0,0.0
2014-01-22 00:00:00+07:00,11480.177734375,11552.3798828125,11119.166015625,11119.166015625,3109096,0.0,0.0
2014-01-23 00:00:00+07:00,11119.166015625,11119.166015625,10830.3564453125,10902.55859375,1111726,0.0,0.0
2014-01-24 00:00:00+07:00,10974.7607421875,11046.962890625,10830.3564453125,11046.962890625,1324256,0.0,0.0
2014-01-27 00:00:00+07:00,11046.962890625,11046.962890625,10974.7607421875,11046.962890625,1030702,0.0,0.0
2014-02-06 00:00:00+07:00,11046.962890625,11046.962890625,10758.1533203125,10902.55859375,1825762,0.0,0.0
2014-02-07 00:00:00+07:00,11046.962890625,11046.962890625,10685.951171875,10758.1533203125,1546130,0.0,0.0
2014-02-10 00:00:00+07:00,10758.1533203125,10974.7607421875,10758.1533203125,10974.7607421875,653638,0.0,0.0
2014-02-11 00:00:00+07:00,11119.166015625,11119.166015625,10974.7607421875,11046.962890625,8570308,0.0,0.0
2014-02-12 00:00:00+07:00,11046.962890625,11191.3681640625,10974.7607421875,11191.3681640625,4178872,0.0,0.0
2014-02-13 00:00:00+07:00,11191.3681640625,11263.5703125,11119.166015625,11263.5703125,2004360,0.0,0.0
2014-02-14 00:00:00+07:00,11263.5703125,11335.7724609375,11119.166015625,11119.166015625,1015820,0.0,0.0
2014-02-17 00:00:00+07:00,11119.166015625,11119.166015625,10974.7607421875,11046.962890625,4003390,0.0,0.0
2014-02-18 00:00:00+07:00,11263.5703125,11335.7724609375,11119.166015625,11263.5703125,2119310,0.0,0.0
2014-02-19 00:00:00+07:00,11407.974609375,11407.974609375,11191.3681640625,11335.7724609375,8274234,0.0,0.0
2014-02-20 00:00:00+07:00,11335.7724609375,11335.7724609375,11119.166015625,11335.7724609375,8401098,0.0,0.0
2014-02-21 00:00:00+07:00,11335.7724609375,11335.7724609375,11191.3681640625,11191.3681640625,1329794,0.0,0.0
2014-02-24 00:00:00+07:00,11335.7724609375,11335.7724609375,11191.3681640625,11263.5703125,600596,0.0,0.0
2014-02-25 00:00:00+07:00,11191.3681640625,11335.7724609375,11191.3681640625,11263.5703125,5147944,0.0,0.0
2014-02-26 00:00:00+07:00,11263.5703125,11263.5703125,11119.166015625,11191.3681640625,747196,0.0,0.0
2014-02-27 00:00:00+07:00,11263.5703125,11263.5703125,11119.166015625,11263.5703125,1307840,0.0,0.0
2014-02-28 00:00:00+07:00,11263.5703125,11263.5703125,11046.962890625,11046.962890625,1274048,0.0,0.0
2014-03-03 00:00:00+07:00,11119.166015625,11191.3681640625,10685.951171875,10758.1533203125,2065780,0.0,0.0
2014-03-04 00:00:00+07:00,10685.951171875,10758.1533203125,10469.34375,10613.7490234375,2523938,0.0,0.0
2014-03-05 00:00:00+07:00,10685.951171875,10830.3564453125,10613.7490234375,10758.1533203125,2615002,0.0,0.0
2014-03-06 00:00:00+07:00,10758.1533203125,10974.7607421875,10758.1533203125,10758.1533203125,1451670,0.0,0.0
2014-03-07 00:00:00+07:00,10758.1533203125,10902.55859375,10758.1533203125,10830.3564453125,950722,0.0,0.0
2014-03-10 00:00:00+07:00,10902.55859375,10974.7607421875,10830.3564453125,10902.55859375,776206,0.0,0.0
2014-03-11 00:00:00+07:00,10902.55859375,10974.7607421875,10758.1533203125,10830.3564453125,1157704,0.0,0.0
2014-03-12 00:00:00+07:00,11046.962890625,11263.5703125,10974.7607421875,11119.166015625,3640384,0.0,0.0
2014-03-13 00:00:00+07:00,11119.166015625,11191.3681640625,11046.962890625,11119.166015625,2307256,0.0,0.0
2014-03-14 00:00:00+07:00,11119.166015625,11119.166015625,10902.55859375,10974.7607421875,2471788,0.0,0.0
2014-03-17 00:00:00+07:00,11119.166015625,11335.7724609375,11119.166015625,11335.7724609375,17332940,0.0,0.0
2014-03-18 00:00:00+07:00,11191.3681640625,11263.5703125,11119.166015625,11191.3681640625,17821354,0.0,0.0
2014-03-19 00:00:00+07:00,11119.166015625,11263.5703125,11119.166015625,11191.3681640625,4995674,0.0,0.0
2014-03-20 00:00:00+07:00,11191.3681640625,11263.5703125,11046.962890625,11046.962890625,2940406,0.0,0.0
2014-03-21 00:00:00+07:00,11191.3681640625,11335.7724609375,11119.166015625,11335.7724609375,17610490,0.0,0.0
2014-03-24 00:00:00+07:00,11263.5703125,11335.7724609375,11119.166015625,11263.5703125,1651600,0.0,0.0
2014-03-25 00:00:00+07:00,11191.3681640625,11191.3681640625,11046.962890625,11046.962890625,1426398,0.0,0.0
2014-03-26 00:00:00+07:00,11046.962890625,11046.962890625,10541.546875,10613.7490234375,2193130,0.0,0.0
2014-03-27 00:00:00+07:00,10758.1533203125,10758.1533203125,10397.1416015625,10758.1533203125,8678720,0.0,0.0
2014-03-28 00:00:00+07:00,10830.3564453125,10830.3564453125,10685.951171875,10685.951171875,2216258,0.0,0.0
2014-03-31 00:00:00+07:00,10830.3564453125,10830.3564453125,10613.7490234375,10613.7490234375,1736014,0.0,0.0
2014-04-01 00:00:00+07:00,10613.7490234375,10613.7490234375,10397.1416015625,10469.34375,6845328,0.0,0.0
2014-04-02 00:00:00+07:00,10469.34375,10541.546875,10252.7373046875,10469.34375,6967420,0.0,0.0
2014-04-03 00:00:00+07:00,10541.546875,10685.951171875,10541.546875,10613.7490234375,985484,0.0,0.0
2014-04-04 00:00:00+07:00,10613.7490234375,10685.951171875,10541.546875,10613.7490234375,158632518,0.0,0.0
2014-04-07 00:00:00+07:00,10613.7490234375,10685.951171875,10541.546875,10541.546875,11745448,0.0,0.0
2014-04-08 00:00:00+07:00,10469.34375,10541.546875,10252.7373046875,10252.7373046875,6059624,0.0,0.0
2014-04-10 00:00:00+07:00,10397.1416015625,10469.34375,10108.33203125,10180.53515625,10940414,0.0,0.0
2014-04-11 00:00:00+07:00,10036.1298828125,10108.33203125,9891.7255859375,9963.927734375,3748756,0.0,0.0
2014-04-14 00:00:00+07:00,9963.927734375,9963.927734375,9747.3203125,9891.7255859375,5635400,0.0,0.0
2014-04-15 00:00:00+07:00,9819.5224609375,10036.1298828125,9747.3203125,9819.5224609375,4851076,0.0,0.0
2014-04-16 00:00:00+07:00,9747.3203125,9819.5224609375,9458.5107421875,9530.712890625,6616740,0.0,0.0
2014-04-17 00:00:00+07:00,9602.916015625,9747.3203125,9530.712890625,9602.916015625,6346458,0.0,0.0
2014-04-18 00:00:00+07:00,9602.916015625,9602.916015625,9314.1064453125,9386.30859375,6153528,0.0,0.0
2014-04-21 00:00:00+07:00,9386.30859375,9458.5107421875,9241.904296875,9314.1064453125,2666382,0.0,0.0
2014-04-22 00:00:00+07:00,9241.904296875,9530.712890625,9241.904296875,9530.712890625,6543262,0.0,0.0
2014-04-23 00:00:00+07:00,9602.916015625,9819.5224609375,9530.712890625,9675.1181640625,5401340,0.0,0.0
2014-04-24 00:00:00+07:00,9675.1181640625,9747.3203125,9602.916015625,9675.1181640625,2213836,0.0,0.0
2014-04-25 00:00:00+07:00,9602.916015625,9747.3203125,9602.916015625,9675.1181640625,4449634,0.0,0.0
2014-04-28 00:00:00+07:00,9675.1181640625,9675.1181640625,9386.30859375,9458.5107421875,3135964,0.0,0.0
2014-04-29 00:00:00+07:00,9458.5107421875,9602.916015625,9314.1064453125,9386.30859375,4077486,0.0,0.0
2014-05-05 00:00:00+07:00,9386.30859375,9386.30859375,9241.904296875,9241.904296875,5908724,0.0,0.0
2014-05-06 00:00:00+07:00,9025.296875,9169.701171875,8953.0947265625,9169.701171875,6596170,0.0,0.0
2014-05-07 00:00:00+07:00,9025.296875,9386.30859375,9025.296875,9314.1064453125,2863812,0.0,0.0
2014-05-08 00:00:00+07:00,9097.4990234375,9097.4990234375,8736.4873046875,9025.296875,10234274,0.0,0.0
2014-05-09 00:00:00+07:00,8953.0947265625,9241.904296875,8953.0947265625,9241.904296875,4217990,0.0,0.0
2014-05-12 00:00:00+07:00,9169.701171875,9169.701171875,8736.4873046875,9025.296875,3295034,0.0,0.0
2014-05-13 00:00:00+07:00,8808.689453125,9025.296875,8808.689453125,9025.296875,1340386,0.0,0.0
2014-05-14 00:00:00+07:00,8953.0947265625,9386.30859375,8953.0947265625,9314.1064453125,2739372,0.0,0.0
2014-05-15 00:00:00+07:00,9314.1064453125,9458.5107421875,9097.4990234375,9314.1064453125,2176786,0.0,0.0
2014-05-16 00:00:00+07:00,9169.701171875,9458.5107421875,9169.701171875,9386.30859375,5804506,0.0,0.0
2014-05-19 00:00:00+07:00,9530.712890625,9675.1181640625,9458.5107421875,9675.1181640625,4512992,0.0,0.0
2014-05-20 00:00:00+07:00,9530.712890625,9675.1181640625,9386.30859375,9602.916015625,518810,0.0,0.0
2014-05-21 00:00:00+07:00,9675.1181640625,9747.3203125,9530.712890625,9675.1181640625,3532348,0.0,0.0
2014-05-22 00:00:00+07:00,9675.1181640625,9747.3203125,9530.712890625,9530.712890625,1960658,0.0,0.0
2014-05-23 00:00:00+07:00,9602.916015625,9675.1181640625,9530.712890625,9602.916015625,1304936,0.0,0.0
2014-05-26 00:00:00+07:00,9602.916015625,9747.3203125,9530.712890625,9675.1181640625,2329762,0.0,0.0
2014-05-27 00:00:00+07:00,9675.1181640625,9675.1181640625,9602.916015625,9675.1181640625,1047740,0.0,0.0
2014-05-28 00:00:00+07:00,9675.1181640625,9675.1181640625,9530.712890625,9602.916015625,1457356,0.0,0.0
2014-05-29 00:00:00+07:00,9602.916015625,9747.3203125,9602.916015625,9675.1181640625,1572650,0.0,0.0
2014-05-30 00:00:00+07:00,9675.1181640625,9891.7255859375,9530.712890625,9891.7255859375,3399256,0.0,0.0
2014-06-02 00:00:00+07:00,9819.5224609375,9819.5224609375,9675.1181640625,9747.3203125,1431452,0.0,0.0
2014-06-03 00:00:00+07:00,9747.3203125,9747.3203125,9675.1181640625,9675.1181640625,1027234,0.0,0.0
2014-06-04 00:00:00+07:00,9675.1181640625,9675.1181640625,9241.904296875,9314.1064453125,746224,0.0,0.0
2014-06-05 00:00:00+07:00,9314.1064453125,9458.5107421875,9169.701171875,9386.30859375,651912,0.0,0.0
2014-06-06 00:00:00+07:00,9386.30859375,9458.5107421875,9386.30859375,9386.30859375,742974,0.0,0.0
2014-06-09 00:00:00+07:00,9458.5107421875,9530.712890625,9386.30859375,9530.712890625,780088,0.0,0.0
2014-06-10 00:00:00+07:00,9530.712890625,9530.712890625,9386.30859375,9458.5107421875,1232844,0.0,0.0
2014-06-11 00:00:00+07:00,9458.5107421875,9530.712890625,9458.5107421875,9458.5107421875,605580,0.0,0.0
2014-06-12 00:00:00+07:00,9458.5107421875,9530.712890625,9386.30859375,9386.30859375,1100922,0.0,0.0
2014-06-13 00:00:00+07:00,9386.30859375,9458.5107421875,9314.1064453125,9314.1064453125,1067198,0.0,0.0
2014-06-16 00:00:00+07:00,9314.1064453125,9386.30859375,9314.1064453125,9386.30859375,7151690,0.0,0.0
2014-06-17 00:00:00+07:00,9314.1064453125,9386.30859375,9241.904296875,9314.1064453125,952176,0.0,0.0
2014-06-18 00:00:00+07:00,9314.1064453125,9386.30859375,9241.904296875,9386.30859375,2735976,0.0,0.0
2014-06-19 00:00:00+07:00,9314.1064453125,9314.1064453125,9169.701171875,9169.701171875,1555684,0.0,0.0
2014-06-20 00:00:00+07:00,9241.904296875,9386.30859375,9025.296875,9025.296875,8311694,0.0,0.0
2014-06-23 00:00:00+07:00,9169.701171875,9241.904296875,9097.4990234375,9169.701171875,2438484,0.0,0.0
2014-06-24 00:00:00+07:00,9169.701171875,9241.904296875,9097.4990234375,9169.701171875,3055504,0.0,0.0
2014-06-25 00:00:00+07:00,9169.701171875,9314.1064453125,9169.701171875,9314.1064453125,1924444,0.0,0.0
2014-06-26 00:00:00+07:00,9314.1064453125,9386.30859375,9241.904296875,9314.1064453125,1147598,0.0,0.0
2014-06-27 00:00:00+07:00,9314.1064453125,9314.1064453125,9169.701171875,9169.701171875,523934,0.0,0.0
2014-06-30 00:00:00+07:00,9169.701171875,9241.904296875,9097.4990234375,9241.904296875,2599354,0.0,0.0
2014-07-01 00:00:00+07:00,9241.904296875,9386.30859375,9241.904296875,9314.1064453125,1269544,0.0,0.0
2014-07-02 00:00:00+07:00,9314.1064453125,9386.30859375,9241.904296875,9314.1064453125,328028,0.0,0.0
2014-07-03 00:00:00+07:00,9386.30859375,9458.5107421875,9314.1064453125,9458.5107421875,1375082,0.0,0.0
2014-07-04 00:00:00+07:00,9458.5107421875,9602.916015625,9386.30859375,9602.916015625,40114946,0.0,0.0
2014-07-07 00:00:00+07:00,10252.7373046875,10252.7373046875,10252.7373046875,10252.7373046875,4586056,0.0,0.0
2014-07-08 00:00:00+07:00,10830.3564453125,10830.3564453125,10252.7373046875,10324.939453125,9530218,0.0,0.0
2014-07-09 00:00:00+07:00,10324.939453125,10397.1416015625,10252.7373046875,10252.7373046875,2823164,0.0,0.0
2014-07-10 00:00:00+07:00,10252.7373046875,10252.7373046875,9963.927734375,10036.1298828125,2348668,0.0,0.0
2014-07-11 00:00:00+07:00,9963.927734375,10108.33203125,9963.927734375,10036.1298828125,3088950,0.0,0.0
2014-07-14 00:00:00+07:00,10108.33203125,10180.53515625,9963.927734375,10036.1298828125,1900132,0.0,0.0
2014-07-15 00:00:00+07:00,10036.1298828125,10180.53515625,10036.1298828125,10108.33203125,2242024,0.0,0.0
2014-07-16 00:00:00+07:00,10180.53515625,10180.53515625,10036.1298828125,10108.33203125,2808624,0.0,0.0
2014-07-17 00:00:00+07:00,10108.33203125,10108.33203125,9963.927734375,9963.927734375,1779220,0.0,0.0
2014-07-18 00:00:00+07:00,9963.927734375,10252.7373046875,9963.927734375,10108.33203125,19179618,0.0,0.0
2014-07-21 00:00:00+07:00,10252.7373046875,10397.1416015625,10108.33203125,10180.53515625,5238598,0.0,0.0
2014-07-22 00:00:00+07:00,10180.53515625,10252.7373046875,10108.33203125,10108.33203125,1933376,0.0,0.0
2014-07-23 00:00:00+07:00,10180.53515625,10180.53515625,10108.33203125,10108.33203125,1036794,0.0,0.0
2014-07-24 00:00:00+07:00,10108.33203125,10252.7373046875,10036.1298828125,10180.53515625,5058964,0.0,0.0
2014-07-25 00:00:00+07:00,10252.7373046875,10685.951171875,10180.53515625,10541.546875,9201832,0.0,0.0
2014-07-28 00:00:00+07:00,10541.546875,10541.546875,10397.1416015625,10397.1416015625,3530896,0.0,0.0
2014-07-29 00:00:00+07:00,10541.546875,10541.546875,10324.939453125,10541.546875,6513490,0.0,0.0
2014-07-30 00:00:00+07:00,10541.546875,10613.7490234375,10469.34375,10541.546875,49716912,0.0,0.0
2014-07-31 00:00:00+07:00,10541.546875,10758.1533203125,10469.34375,10685.951171875,5912400,0.0,0.0
2014-08-01 00:00:00+07:00,10685.951171875,10974.7607421875,10613.7490234375,10902.55859375,26651400,0.0,0.0
2014-08-04 00:00:00+07:00,10902.55859375,11335.7724609375,10902.55859375,11263.5703125,6781208,0.0,0.0
2014-08-05 00:00:00+07:00,11263.5703125,11263.5703125,11046.962890625,11119.166015625,13101914,0.0,0.0
2014-08-06 00:00:00+07:00,10902.55859375,11335.7724609375,10758.1533203125,11191.3681640625,31750590,0.0,0.0
2014-08-07 00:00:00+07:00,11046.962890625,11191.3681640625,11046.962890625,11119.166015625,4357950,0.0,0.0
2014-08-08 00:00:00+07:00,10974.7607421875,11119.166015625,10902.55859375,10974.7607421875,35948668,0.0,0.0
2014-08-11 00:00:00+07:00,10902.55859375,10974.7607421875,10830.3564453125,10974.7607421875,4322146,0.0,0.0
2014-08-12 00:00:00+07:00,10974.7607421875,11335.7724609375,10974.7607421875,11335.7724609375,11996824,0.0,0.0
2014-08-13 00:00:00+07:00,11191.3681640625,11335.7724609375,11119.166015625,11263.5703125,11476342,0.0,0.0
2014-08-14 00:00:00+07:00,11335.7724609375,11407.974609375,11119.166015625,11335.7724609375,19938180,0.0,0.0
2014-08-15 00:00:00+07:00,11407.974609375,11480.177734375,11191.3681640625,11191.3681640625,20623410,0.0,0.0
2014-08-18 00:00:00+07:00,11263.5703125,11407.974609375,11191.3681640625,11263.5703125,4259474,0.0,0.0
2014-08-19 00:00:00+07:00,11335.7724609375,11407.974609375,11191.3681640625,11263.5703125,13306212,0.0,0.0
2014-08-20 00:00:00+07:00,11263.5703125,11335.7724609375,11119.166015625,11119.166015625,10287742,0.0,0.0
2014-08-21 00:00:00+07:00,11191.3681640625,11263.5703125,10974.7607421875,11191.3681640625,65384350,0.0,0.0
2014-08-22 00:00:00+07:00,11191.3681640625,11552.3798828125,11191.3681640625,11407.974609375,11326344,0.0,0.0
2014-08-25 00:00:00+07:00,11624.58203125,11696.7841796875,11480.177734375,11624.58203125,29857344,0.0,0.0
2014-08-26 00:00:00+07:00,12346.966796875,12346.966796875,12239.6015625,12346.966796875,3343218,0.0,0.0
2014-08-27 00:00:00+07:00,12669.0615234375,12883.7919921875,12346.966796875,12346.966796875,14610068,0.0,0.0
2014-08-28 00:00:00+07:00,12346.966796875,12346.966796875,11917.5068359375,12024.8720703125,15678482,0.0,0.0
2014-08-29 00:00:00+07:00,12239.6015625,12776.4267578125,11917.5068359375,12561.697265625,84957062,0.0,0.0
2014-09-03 00:00:00+07:00,12561.697265625,12669.0615234375,12346.966796875,12454.33203125,33309100,0.0,0.0
2014-09-04 00:00:00+07:00,12346.966796875,12454.33203125,12239.6015625,12346.966796875,10786382,0.0,0.0
2014-09-05 00:00:00+07:00,12239.6015625,12346.966796875,11917.5068359375,11917.5068359375,30831708,0.0,0.0
2014-09-08 00:00:00+07:00,12024.8720703125,12346.966796875,12024.8720703125,12132.2373046875,6830524,0.0,0.0
2014-09-09 00:00:00+07:00,12132.2373046875,12132.2373046875,11702.77734375,11917.5068359375,12023146,0.0,0.0
2014-09-10 00:00:00+07:00,11810.142578125,12024.8720703125,11595.412109375,11810.142578125,17284128,0.0,0.0
2014-09-11 00:00:00+07:00,11810.142578125,12024.8720703125,11702.77734375,11702.77734375,10061892,0.0,0.0
2014-09-12 00:00:00+07:00,11810.142578125,12024.8720703125,11810.142578125,11917.5068359375,7784798,0.0,0.0
2014-09-15 00:00:00+07:00,11917.5068359375,12024.8720703125,11702.77734375,11702.77734375,7340050,0.0,0.0
2014-09-16 00:00:00+07:00,11702.77734375,11702.77734375,11380.6826171875,11702.77734375,12780516,0.0,0.0
2014-09-17 00:00:00+07:00,11810.142578125,11810.142578125,11488.0478515625,11702.77734375,9253898,0.0,0.0
2014-09-18 00:00:00+07:00,11702.77734375,11702.77734375,11488.0478515625,11702.77734375,7839518,0.0,0.0
2014-09-19 00:00:00+07:00,11595.412109375,11917.5068359375,11488.0478515625,11702.77734375,16318498,0.0,0.0
2014-09-22 00:00:00+07:00,11810.142578125,11917.5068359375,11702.77734375,11702.77734375,3493542,0.0,0.0
2014-09-23 00:00:00+07:00,11702.77734375,12024.8720703125,11702.77734375,12024.8720703125,6976292,0.0,0.0
2014-09-24 00:00:00+07:00,12024.8720703125,12024.8720703125,11810.142578125,11917.5068359375,5505278,0.0,0.0
2014-09-25 00:00:00+07:00,11595.412109375,11595.412109375,11165.953125,11165.953125,36107172,0.0,0.0
2014-09-26 00:00:00+07:00,11058.587890625,11380.6826171875,11058.587890625,11058.587890625,10184886,0.0,0.0
2014-09-29 00:00:00+07:00,10951.22265625,10951.22265625,10349.9794921875,10414.3984375,14391344,0.0,0.0
2014-09-30 00:00:00+07:00,10221.1416015625,10435.87109375,9834.6279296875,10307.033203125,22687618,0.0,0.0
2014-10-01 00:00:00+07:00,10307.033203125,10629.1279296875,10307.033203125,10629.1279296875,9739486,0.0,0.0
2014-10-02 00:00:00+07:00,10629.1279296875,10629.1279296875,10435.87109375,10521.7626953125,11436126,0.0,0.0
2014-10-03 00:00:00+07:00,10435.87109375,11058.587890625,10371.4521484375,10736.4931640625,38970814,0.0,0.0
2014-10-06 00:00:00+07:00,10951.22265625,11165.953125,10843.8583984375,10951.22265625,6436734,0.0,0.0
2014-10-07 00:00:00+07:00,11058.587890625,11058.587890625,10843.8583984375,10843.8583984375,7130814,0.0,0.0
2014-10-08 00:00:00+07:00,10736.4931640625,10951.22265625,10715.0205078125,10715.0205078125,7584076,0.0,0.0
2014-10-09 00:00:00+07:00,10736.4931640625,10843.8583984375,10478.8173828125,10500.2900390625,18378800,0.0,0.0
2014-10-10 00:00:00+07:00,10457.34375,10672.07421875,10392.9248046875,10435.87109375,7987142,0.0,0.0
2014-10-13 00:00:00+07:00,10435.87109375,10607.6552734375,10435.87109375,10478.8173828125,5621566,0.0,0.0
2014-10-14 00:00:00+07:00,10478.8173828125,10521.7626953125,10328.505859375,10328.505859375,10014386,0.0,0.0
2014-10-15 00:00:00+07:00,10307.033203125,10328.505859375,10156.72265625,10242.6142578125,8561954,0.0,0.0
2014-10-16 00:00:00+07:00,10178.1953125,10242.6142578125,9877.5732421875,9984.9384765625,13738322,0.0,0.0
2014-10-17 00:00:00+07:00,9920.51953125,10070.830078125,9813.154296875,9941.9921875,11602944,0.0,0.0
2014-10-20 00:00:00+07:00,9984.9384765625,10307.033203125,9963.4658203125,10092.3037109375,5680200,0.0,0.0
2014-10-21 00:00:00+07:00,10156.72265625,10500.2900390625,10135.2490234375,10500.2900390625,13255764,0.0,0.0
2014-10-22 00:00:00+07:00,10521.7626953125,10607.6552734375,10307.033203125,10307.033203125,9646904,0.0,0.0
2014-10-23 00:00:00+07:00,10242.6142578125,10349.9794921875,10156.72265625,10156.72265625,7336418,0.0,0.0
2014-10-24 00:00:00+07:00,10156.72265625,10285.560546875,10113.7763671875,10242.6142578125,3448648,0.0,0.0
2014-10-27 00:00:00+07:00,10156.72265625,10264.0869140625,10027.884765625,10070.830078125,5737204,0.0,0.0
2014-10-28 00:00:00+07:00,10049.357421875,10135.2490234375,10027.884765625,10049.357421875,4251754,0.0,0.0
2014-10-29 00:00:00+07:00,10135.2490234375,10242.6142578125,10070.830078125,10242.6142578125,5235498,0.0,0.0
2014-10-30 00:00:00+07:00,10264.0869140625,10307.033203125,10199.66796875,10221.1416015625,3595950,0.0,0.0
2014-10-31 00:00:00+07:00,10221.1416015625,10307.033203125,10113.7763671875,10307.033203125,4987002,0.0,0.0
2014-11-03 00:00:00+07:00,10414.3984375,10607.6552734375,10392.9248046875,10564.708984375,12442278,0.0,0.0
2014-11-04 00:00:00+07:00,10478.8173828125,10564.708984375,10392.9248046875,10414.3984375,5992356,0.0,0.0
2014-11-05 00:00:00+07:00,10414.3984375,10457.34375,10285.560546875,10414.3984375,3498852,0.0,0.0
2014-11-06 00:00:00+07:00,10435.87109375,10435.87109375,10307.033203125,10328.505859375,3480084,0.0,0.0
2014-11-07 00:00:00+07:00,10328.505859375,10371.4521484375,10285.560546875,10371.4521484375,2640936,0.0,0.0
2014-11-10 00:00:00+07:00,10371.4521484375,10564.708984375,10371.4521484375,10457.34375,7091508,0.0,0.0
2014-11-11 00:00:00+07:00,10457.34375,10478.8173828125,10392.9248046875,10435.87109375,3545096,0.0,0.0
2014-11-12 00:00:00+07:00,10435.87109375,10521.7626953125,10435.87109375,10478.8173828125,5153254,0.0,0.0
2014-11-13 00:00:00+07:00,10478.8173828125,10543.236328125,10435.87109375,10478.8173828125,4352720,0.0,0.0
2014-11-14 00:00:00+07:00,10478.8173828125,10629.1279296875,10414.3984375,10607.6552734375,12878638,0.0,0.0
2014-11-17 00:00:00+07:00,10629.1279296875,10715.0205078125,10607.6552734375,10650.6005859375,5421598,0.0,0.0
2014-11-18 00:00:00+07:00,10586.181640625,10607.6552734375,10414.3984375,10414.3984375,6301162,0.0,0.0
2014-11-19 00:00:00+07:00,10371.4521484375,10435.87109375,10349.9794921875,10392.9248046875,4120610,0.0,0.0
2014-11-20 00:00:00+07:00,10414.3984375,10478.8173828125,10349.9794921875,10349.9794921875,5010476,0.0,0.0
2014-11-21 00:00:00+07:00,10349.9794921875,10392.9248046875,10285.560546875,10307.033203125,4743718,0.0,0.0
2014-11-24 00:00:00+07:00,10307.033203125,10435.87109375,10199.66796875,10307.033203125,3638284,0.0,0.0
2014-11-25 00:00:00+07:00,10371.4521484375,10586.181640625,10349.9794921875,10586.181640625,7738462,0.0,0.0
2014-11-26 00:00:00+07:00,10629.1279296875,10629.1279296875,10392.9248046875,10392.9248046875,7635864,0.0,0.0
2014-11-27 00:00:00+07:00,10414.3984375,10414.3984375,10307.033203125,10349.9794921875,1676846,0.0,0.0
2014-11-28 00:00:00+07:00,10414.3984375,10543.236328125,10371.4521484375,10371.4521484375,4663106,0.0,0.0
2014-12-01 00:00:00+07:00,10371.4521484375,10521.7626953125,10371.4521484375,10435.87109375,2616302,0.0,0.0
2014-12-02 00:00:00+07:00,10500.2900390625,10500.2900390625,10414.3984375,10414.3984375,4043074,0.0,0.0
2014-12-03 00:00:00+07:00,10414.3984375,10435.87109375,10349.9794921875,10371.4521484375,6997854,0.0,0.0
2014-12-04 00:00:00+07:00,10392.9248046875,10457.34375,10371.4521484375,10392.9248046875,2406412,0.0,0.0
2014-12-05 00:00:00+07:00,10392.9248046875,10500.2900390625,10392.9248046875,10457.34375,4146830,0.0,0.0
2014-12-08 00:00:00+07:00,10478.8173828125,10543.236328125,10392.9248046875,10500.2900390625,4729284,0.0,0.0
2014-12-09 00:00:00+07:00,10457.34375,10478.8173828125,10178.1953125,10264.0869140625,6505466,0.0,0.0
2014-12-10 00:00:00+07:00,10199.66796875,10500.2900390625,10199.66796875,10457.34375,3564096,0.0,0.0
2014-12-11 00:00:00+07:00,10307.033203125,10521.7626953125,10307.033203125,10349.9794921875,5739342,0.0,0.0
2014-12-12 00:00:00+07:00,10328.505859375,10414.3984375,10328.505859375,10349.9794921875,4064352,0.0,0.0
2014-12-15 00:00:00+07:00,10349.9794921875,10371.4521484375,10307.033203125,10328.505859375,1920498,0.0,0.0
2014-12-16 00:00:00+07:00,10307.033203125,10307.033203125,10070.830078125,10092.3037109375,49253088,0.0,0.0
2014-12-17 00:00:00+07:00,10092.3037109375,10135.2490234375,9448.1142578125,9662.84375,13303638,0.0,0.0
2014-12-18 00:00:00+07:00,9813.154296875,10135.2490234375,9684.31640625,10113.7763671875,15343454,0.0,0.0
2014-12-19 00:00:00+07:00,10049.357421875,10221.1416015625,10006.4111328125,10092.3037109375,18330606,0.0,0.0
2014-12-22 00:00:00+07:00,10178.1953125,10178.1953125,10092.3037109375,10092.3037109375,87723612,0.0,0.0
2014-12-23 00:00:00+07:00,10092.3037109375,10135.2490234375,9963.4658203125,9984.9384765625,915700,0.0,0.0
2014-12-24 00:00:00+07:00,10070.830078125,10070.830078125,9984.9384765625,10027.884765625,515710,0.0,0.0
2014-12-25 00:00:00+07:00,10049.357421875,10049.357421875,9856.1005859375,9856.1005859375,53152076,0.0,0.0
2014-12-26 00:00:00+07:00,9856.1005859375,10070.830078125,9748.7353515625,10006.4111328125,33147946,0.0,0.0
2014-12-29 00:00:00+07:00,9899.046875,10113.7763671875,9899.046875,10070.830078125,2081536,0.0,0.0
2014-12-30 00:00:00+07:00,10135.2490234375,10199.66796875,10092.3037109375,10199.66796875,5141986,0.0,0.0
2014-12-31 00:00:00+07:00,10221.1416015625,10307.033203125,10178.1953125,10242.6142578125,1560046,0.0,0.0
2015-01-05 00:00:00+07:00,10242.6142578125,10242.6142578125,10156.72265625,10221.1416015625,1493914,0.0,0.0
2015-01-06 00:00:00+07:00,10178.1953125,10264.0869140625,10156.72265625,10264.0869140625,2153206,0.0,0.0
2015-01-07 00:00:00+07:00,10264.0869140625,10307.033203125,10199.66796875,10242.6142578125,1954074,0.0,0.0
2015-01-08 00:00:00+07:00,10242.6142578125,10392.9248046875,10242.6142578125,10307.033203125,3671674,0.0,0.0
2015-01-09 00:00:00+07:00,10307.033203125,10435.87109375,10264.0869140625,10264.0869140625,4514176,0.0,0.0
2015-01-12 00:00:00+07:00,10264.0869140625,10349.9794921875,10156.72265625,10156.72265625,2199874,0.0,0.0
2015-01-13 00:00:00+07:00,10135.2490234375,10221.1416015625,10070.830078125,10113.7763671875,3964000,0.0,0.0
2015-01-14 00:00:00+07:00,10178.1953125,10178.1953125,10092.3037109375,10113.7763671875,2727136,0.0,0.0
2015-01-15 00:00:00+07:00,10113.7763671875,10199.66796875,10049.357421875,10178.1953125,3849386,0.0,0.0
2015-01-16 00:00:00+07:00,10178.1953125,10178.1953125,10092.3037109375,10156.72265625,1283326,0.0,0.0
2015-01-19 00:00:00+07:00,10156.72265625,10285.560546875,10135.2490234375,10156.72265625,1898284,0.0,0.0
2015-01-20 00:00:00+07:00,10178.1953125,10221.1416015625,10113.7763671875,10113.7763671875,1473238,0.0,0.0
2015-01-21 00:00:00+07:00,10113.7763671875,10178.1953125,10113.7763671875,10113.7763671875,1057412,0.0,0.0
2015-01-22 00:00:00+07:00,10178.1953125,10178.1953125,10113.7763671875,10113.7763671875,954446,0.0,0.0
2015-01-23 00:00:00+07:00,10178.1953125,10307.033203125,10156.72265625,10307.033203125,3587664,0.0,0.0
2015-01-26 00:00:00+07:00,10414.3984375,10500.2900390625,10307.033203125,10349.9794921875,1125356,0.0,0.0
2015-01-27 00:00:00+07:00,10349.9794921875,10371.4521484375,10178.1953125,10307.033203125,2409206,0.0,0.0
2015-01-28 00:00:00+07:00,10221.1416015625,10307.033203125,10199.66796875,10221.1416015625,1505370,0.0,0.0
2015-01-29 00:00:00+07:00,10221.1416015625,10264.0869140625,10178.1953125,10221.1416015625,865124,0.0,0.0
2015-01-30 00:00:00+07:00,10242.6142578125,10392.9248046875,10221.1416015625,10307.033203125,4838396,0.0,0.0
2015-02-02 00:00:00+07:00,10307.033203125,10328.505859375,10242.6142578125,10242.6142578125,1903918,0.0,0.0
2015-02-03 00:00:00+07:00,10242.6142578125,10264.0869140625,10070.830078125,10070.830078125,1419866,0.0,0.0
2015-02-04 00:00:00+07:00,10156.72265625,10156.72265625,9984.9384765625,10070.830078125,3514406,0.0,0.0
2015-02-05 00:00:00+07:00,10027.884765625,10092.3037109375,10027.884765625,10049.357421875,1229818,0.0,0.0
2015-02-06 00:00:00+07:00,10092.3037109375,10135.2490234375,10049.357421875,10070.830078125,748046,0.0,0.0
2015-02-09 00:00:00+07:00,10070.830078125,10199.66796875,10070.830078125,10156.72265625,2036834,0.0,0.0
2015-02-10 00:00:00+07:00,10199.66796875,10242.6142578125,10135.2490234375,10135.2490234375,1985228,0.0,0.0
2015-02-11 00:00:00+07:00,10178.1953125,10414.3984375,10135.2490234375,10414.3984375,4163500,0.0,0.0
2015-02-12 00:00:00+07:00,10500.2900390625,10736.4931640625,10478.8173828125,10736.4931640625,10345642,0.0,0.0
2015-02-13 00:00:00+07:00,10736.4931640625,11058.587890625,10736.4931640625,10843.8583984375,6779300,0.0,0.0
2015-02-24 00:00:00+07:00,10951.22265625,11058.587890625,10736.4931640625,11058.587890625,4221948,0.0,0.0
2015-02-25 00:00:00+07:00,10951.22265625,11058.587890625,10736.4931640625,10736.4931640625,3687324,0.0,0.0
2015-02-26 00:00:00+07:00,10736.4931640625,10843.8583984375,10564.708984375,10715.0205078125,5396682,0.0,0.0
2015-02-27 00:00:00+07:00,10736.4931640625,10736.4931640625,10629.1279296875,10629.1279296875,2971122,0.0,0.0
2015-03-02 00:00:00+07:00,10650.6005859375,10736.4931640625,10629.1279296875,10715.0205078125,4137888,0.0,0.0
2015-03-03 00:00:00+07:00,10715.0205078125,11273.3173828125,10715.0205078125,11165.953125,12624600,0.0,0.0
2015-03-04 00:00:00+07:00,11165.953125,11165.953125,10951.22265625,11058.587890625,4174352,0.0,0.0
2015-03-05 00:00:00+07:00,10951.22265625,11058.587890625,10843.8583984375,10951.22265625,3938570,0.0,0.0
2015-03-06 00:00:00+07:00,10736.4931640625,10951.22265625,10715.0205078125,10715.0205078125,8062216,0.0,0.0
2015-03-09 00:00:00+07:00,10715.0205078125,10843.8583984375,10650.6005859375,10672.07421875,3080838,0.0,0.0
2015-03-10 00:00:00+07:00,10629.1279296875,10715.0205078125,10607.6552734375,10672.07421875,4172580,0.0,0.0
2015-03-11 00:00:00+07:00,10672.07421875,10672.07421875,10564.708984375,10586.181640625,3931024,0.0,0.0
2015-03-12 00:00:00+07:00,10586.181640625,10715.0205078125,10586.181640625,10650.6005859375,3794480,0.0,0.0
2015-03-13 00:00:00+07:00,10650.6005859375,10715.0205078125,10629.1279296875,10650.6005859375,4794292,0.0,0.0
2015-03-16 00:00:00+07:00,10629.1279296875,10650.6005859375,10500.2900390625,10564.708984375,5382526,0.0,0.0
2015-03-17 00:00:00+07:00,10586.181640625,10607.6552734375,10543.236328125,10586.181640625,3155630,0.0,0.0
2015-03-18 00:00:00+07:00,10586.181640625,10607.6552734375,10564.708984375,10586.181640625,3305960,0.0,0.0
2015-03-19 00:00:00+07:00,10607.6552734375,10629.1279296875,10478.8173828125,10543.236328125,5948350,0.0,0.0
2015-03-20 00:00:00+07:00,10543.236328125,10564.708984375,10435.87109375,10435.87109375,10022214,0.0,0.0
2015-03-23 00:00:00+07:00,10435.87109375,10543.236328125,10349.9794921875,10371.4521484375,4000552,0.0,0.0
2015-03-24 00:00:00+07:00,10371.4521484375,10392.9248046875,10328.505859375,10371.4521484375,6914820,0.0,0.0
2015-03-25 00:00:00+07:00,10371.4521484375,10392.9248046875,10328.505859375,10349.9794921875,3266188,0.0,0.0
2015-03-26 00:00:00+07:00,10307.033203125,10349.9794921875,10199.66796875,10199.66796875,10577374,0.0,0.0
2015-03-27 00:00:00+07:00,10371.4521484375,10371.4521484375,10092.3037109375,10113.7763671875,5527914,0.0,0.0
2015-03-30 00:00:00+07:00,10135.2490234375,10156.72265625,10006.4111328125,10006.4111328125,35825422,0.0,0.0
2015-03-31 00:00:00+07:00,10006.4111328125,10113.7763671875,10006.4111328125,10092.3037109375,3831406,0.0,0.0
2015-04-01 00:00:00+07:00,10092.3037109375,10092.3037109375,9877.5732421875,9877.5732421875,4411300,0.0,0.0
2015-04-02 00:00:00+07:00,9963.4658203125,9963.4658203125,9856.1005859375,9941.9921875,2071150,0.0,0.0
2015-04-03 00:00:00+07:00,9941.9921875,9941.9921875,9899.046875,9899.046875,1451348,0.0,0.0
2015-04-06 00:00:00+07:00,9899.046875,9920.51953125,9856.1005859375,9856.1005859375,2122700,0.0,0.0
2015-04-07 00:00:00+07:00,9856.1005859375,9920.51953125,9813.154296875,9920.51953125,5295344,0.0,0.0
2015-04-08 00:00:00+07:00,9920.51953125,9941.9921875,9877.5732421875,9877.5732421875,4708842,0.0,0.0
2015-04-09 00:00:00+07:00,9877.5732421875,10006.4111328125,9877.5732421875,9899.046875,7875514,0.0,0.0
2015-04-10 00:00:00+07:00,9941.9921875,10285.560546875,9941.9921875,10199.66796875,13897212,0.0,0.0
2015-04-13 00:00:00+07:00,10221.1416015625,10457.34375,10221.1416015625,10435.87109375,9651746,0.0,0.0
2015-04-14 00:00:00+07:00,10457.34375,10457.34375,10221.1416015625,10221.1416015625,2219386,0.0,0.0
2015-04-15 00:00:00+07:00,10264.0869140625,10285.560546875,10113.7763671875,10199.66796875,8665808,0.0,0.0
2015-04-16 00:00:00+07:00,10199.66796875,10392.9248046875,10199.66796875,10328.505859375,2801978,0.0,0.0
2015-04-17 00:00:00+07:00,10349.9794921875,10607.6552734375,10328.505859375,10478.8173828125,5161548,0.0,0.0
2015-04-20 00:00:00+07:00,10435.87109375,10521.7626953125,10414.3984375,10435.87109375,4363428,0.0,0.0
2015-04-21 00:00:00+07:00,10435.87109375,10500.2900390625,10392.9248046875,10414.3984375,2755780,0.0,0.0
2015-04-22 00:00:00+07:00,10478.8173828125,10478.8173828125,10414.3984375,10435.87109375,3452326,0.0,0.0
2015-04-23 00:00:00+07:00,10478.8173828125,10521.7626953125,10414.3984375,10478.8173828125,4819114,0.0,0.0
2015-04-24 00:00:00+07:00,10478.8173828125,10521.7626953125,10457.34375,10478.8173828125,1340702,0.0,0.0
2015-04-27 00:00:00+07:00,10521.7626953125,10521.7626953125,10435.87109375,10435.87109375,23167094,0.0,0.0
2015-05-04 00:00:00+07:00,9705.7900390625,10457.34375,9705.7900390625,10328.505859375,6849154,0.0,0.0
2015-05-05 00:00:00+07:00,10328.505859375,10478.8173828125,10307.033203125,10478.8173828125,25825598,0.0,0.0
2015-05-06 00:00:00+07:00,10478.8173828125,10478.8173828125,10307.033203125,10328.505859375,13346062,0.0,0.0
2015-05-07 00:00:00+07:00,10328.505859375,10435.87109375,10307.033203125,10435.87109375,4183104,0.0,0.0
2015-05-08 00:00:00+07:00,10435.87109375,10435.87109375,10371.4521484375,10371.4521484375,2393834,0.0,0.0
2015-05-11 00:00:00+07:00,10414.3984375,10414.3984375,10307.033203125,10307.033203125,3283188,0.0,0.0
2015-05-12 00:00:00+07:00,10349.9794921875,10349.9794921875,10092.3037109375,10199.66796875,6735014,0.0,0.0
2015-05-13 00:00:00+07:00,10199.66796875,10221.1416015625,10049.357421875,10199.66796875,3983138,0.0,0.0
2015-05-14 00:00:00+07:00,10199.66796875,10221.1416015625,10156.72265625,10178.1953125,1784230,0.0,0.0
2015-05-15 00:00:00+07:00,10178.1953125,10242.6142578125,10092.3037109375,10092.3037109375,2133508,0.0,0.0
2015-05-18 00:00:00+07:00,10092.3037109375,10113.7763671875,9941.9921875,9941.9921875,8176496,0.0,0.0
2015-05-19 00:00:00+07:00,10006.4111328125,10027.884765625,9941.9921875,10006.4111328125,8308476,0.0,0.0
2015-05-20 00:00:00+07:00,10006.4111328125,10221.1416015625,10006.4111328125,10113.7763671875,4271174,0.0,0.0
2015-05-21 00:00:00+07:00,10092.3037109375,10199.66796875,10070.830078125,10135.2490234375,3200850,0.0,0.0
2015-05-22 00:00:00+07:00,10113.7763671875,10414.3984375,10070.830078125,10414.3984375,7700830,0.0,0.0
2015-05-25 00:00:00+07:00,10371.4521484375,10371.4521484375,10242.6142578125,10349.9794921875,3613602,0.0,0.0
2015-05-26 00:00:00+07:00,10328.505859375,10478.8173828125,10328.505859375,10371.4521484375,7774738,0.0,0.0
2015-05-27 00:00:00+07:00,10414.3984375,10457.34375,10328.505859375,10328.505859375,15587808,0.0,0.0
2015-05-28 00:00:00+07:00,10307.033203125,10349.9794921875,10264.0869140625,10264.0869140625,5723090,0.0,0.0
2015-05-29 00:00:00+07:00,10264.0869140625,10328.505859375,10199.66796875,10199.66796875,4820280,0.0,0.0
2015-06-01 00:00:00+07:00,10328.505859375,10564.708984375,10307.033203125,10457.34375,12752294,0.0,0.0
2015-06-02 00:00:00+07:00,10478.8173828125,10500.2900390625,10328.505859375,10328.505859375,3029262,0.0,0.0
2015-06-03 00:00:00+07:00,10307.033203125,10435.87109375,10307.033203125,10371.4521484375,3717366,0.0,0.0
2015-06-04 00:00:00+07:00,10414.3984375,10521.7626953125,10414.3984375,10478.8173828125,8641502,0.0,0.0
2015-06-05 00:00:00+07:00,10478.8173828125,10564.708984375,10435.87109375,10478.8173828125,4158424,0.0,0.0
2015-06-08 00:00:00+07:00,10478.8173828125,10629.1279296875,10478.8173828125,10521.7626953125,2762718,0.0,0.0
2015-06-09 00:00:00+07:00,10564.708984375,10586.181640625,10500.2900390625,10521.7626953125,2078040,0.0,0.0
2015-06-10 00:00:00+07:00,10521.7626953125,10543.236328125,10414.3984375,10435.87109375,2568848,0.0,0.0
2015-06-11 00:00:00+07:00,10435.87109375,10564.708984375,10435.87109375,10564.708984375,3287982,0.0,0.0
2015-06-12 00:00:00+07:00,10607.6552734375,11165.953125,10586.181640625,11165.953125,13959716,0.0,0.0
2015-06-15 00:00:00+07:00,11165.953125,11165.953125,10736.4931640625,10843.8583984375,3958458,0.0,0.0
2015-06-16 00:00:00+07:00,10843.8583984375,10951.22265625,10715.0205078125,10843.8583984375,3445016,0.0,0.0
2015-06-17 00:00:00+07:00,10843.8583984375,11058.587890625,10693.546875,10843.8583984375,3041398,0.0,0.0
2015-06-18 00:00:00+07:00,10843.8583984375,10951.22265625,10843.8583984375,10843.8583984375,8288172,0.0,0.0
2015-06-19 00:00:00+07:00,10951.22265625,11058.587890625,10843.8583984375,10951.22265625,23490902,0.0,0.0
2015-06-22 00:00:00+07:00,11058.587890625,11165.953125,10951.22265625,11058.587890625,9932146,0.0,0.0
2015-06-23 00:00:00+07:00,11058.587890625,11273.3173828125,10951.22265625,11165.953125,45435872,0.0,0.0
2015-06-24 00:00:00+07:00,11058.587890625,11273.3173828125,11058.587890625,11273.3173828125,24967054,0.0,0.0
2015-06-25 00:00:00+07:00,11165.953125,11380.6826171875,11058.587890625,11273.3173828125,5166482,0.0,0.0
2015-06-26 00:00:00+07:00,11165.953125,11273.3173828125,11165.953125,11165.953125,59393408,0.0,0.0
2015-06-29 00:00:00+07:00,11372.4794921875,11696.6357421875,11372.4794921875,11534.5576171875,6532511,0.0,0.0
2015-06-30 00:00:00+07:00,11480.5322265625,11939.7529296875,11480.5322265625,11750.662109375,13066951,0.0,0.0
2015-07-01 00:00:00+07:00,11885.7275390625,11885.7275390625,11615.5966796875,11723.6494140625,2953791,0.0,0.0
2015-07-02 00:00:00+07:00,11804.6884765625,11858.7138671875,11750.662109375,11858.7138671875,4508039,0.0,0.0
2015-07-03 00:00:00+07:00,11993.779296875,12128.8447265625,11966.7666015625,12047.8056640625,7617579,0.0,0.0
2015-07-06 00:00:00+07:00,12155.857421875,12182.8701171875,11885.7275390625,12047.8056640625,6720939,0.0,0.0
2015-07-07 00:00:00+07:00,11993.779296875,12074.818359375,11912.740234375,11939.7529296875,9662483,0.0,0.0
2015-07-08 00:00:00+07:00,11912.740234375,11912.740234375,11669.623046875,11750.662109375,6547761,0.0,0.0
2015-07-09 00:00:00+07:00,11615.5966796875,12047.8056640625,11561.5712890625,11885.7275390625,8104263,0.0,0.0
2015-07-10 00:00:00+07:00,11966.7666015625,12047.8056640625,11885.7275390625,11966.7666015625,5236319,0.0,0.0
2015-07-13 00:00:00+07:00,11966.7666015625,11966.7666015625,11885.7275390625,11912.740234375,4662561,0.0,0.0
2015-07-14 00:00:00+07:00,11804.6884765625,11912.740234375,11804.6884765625,11885.7275390625,2673965,0.0,0.0
2015-07-15 00:00:00+07:00,11939.7529296875,11939.7529296875,11696.6357421875,11750.662109375,6051073,0.0,0.0
2015-07-16 00:00:00+07:00,11615.5966796875,11696.6357421875,11534.5576171875,11561.5712890625,4856065,0.0,0.0
2015-07-17 00:00:00+07:00,11615.5966796875,11642.6103515625,11480.5322265625,11534.5576171875,3292889,0.0,0.0
2015-07-20 00:00:00+07:00,11534.5576171875,11696.6357421875,11453.5185546875,11507.544921875,2826259,0.0,0.0
2015-07-21 00:00:00+07:00,11480.5322265625,11696.6357421875,11480.5322265625,11615.5966796875,2130113,0.0,0.0
2015-07-22 00:00:00+07:00,11696.6357421875,12047.8056640625,11642.6103515625,12020.7919921875,7325537,0.0,0.0
2015-07-23 00:00:00+07:00,12020.7919921875,12155.857421875,11912.740234375,11912.740234375,4057591,0.0,0.0
2015-07-24 00:00:00+07:00,11993.779296875,11993.779296875,11777.6748046875,11831.701171875,2783837,0.0,0.0
2015-07-27 00:00:00+07:00,11885.7275390625,11966.7666015625,11804.6884765625,11885.7275390625,6052371,0.0,0.0
2015-07-28 00:00:00+07:00,11939.7529296875,12128.8447265625,11831.701171875,11831.701171875,10165687,0.0,0.0
2015-07-29 00:00:00+07:00,11885.7275390625,11912.740234375,11642.6103515625,11669.623046875,4785371,0.0,0.0
2015-07-30 00:00:00+07:00,11669.623046875,11723.6494140625,11588.583984375,11642.6103515625,3227327,0.0,0.0
2015-07-31 00:00:00+07:00,11588.583984375,11723.6494140625,11534.5576171875,11642.6103515625,5455767,0.0,0.0
2015-08-03 00:00:00+07:00,11534.5576171875,11723.6494140625,11507.544921875,11642.6103515625,29864633,0.0,0.0
2015-08-04 00:00:00+07:00,11561.5712890625,11642.6103515625,11534.5576171875,11615.5966796875,2631321,0.0,0.0
2015-08-05 00:00:00+07:00,11642.6103515625,11669.623046875,11561.5712890625,11669.623046875,5533289,0.0,0.0
2015-08-06 00:00:00+07:00,11615.5966796875,11669.623046875,11534.5576171875,11615.5966796875,1925617,0.0,0.0
2015-08-07 00:00:00+07:00,11642.6103515625,11642.6103515625,11588.583984375,11615.5966796875,1180497,0.0,0.0
2015-08-10 00:00:00+07:00,11615.5966796875,11750.662109375,11615.5966796875,11750.662109375,3342379,0.0,0.0
2015-08-11 00:00:00+07:00,11750.662109375,11804.6884765625,11723.6494140625,11804.6884765625,4554279,0.0,0.0
2015-08-12 00:00:00+07:00,11804.6884765625,11804.6884765625,11642.6103515625,11642.6103515625,3388437,0.0,0.0
2015-08-13 00:00:00+07:00,11642.6103515625,11642.6103515625,11453.5185546875,11480.5322265625,4227137,0.0,0.0
2015-08-14 00:00:00+07:00,11480.5322265625,11588.583984375,11237.4150390625,11291.4404296875,3877713,0.0,0.0
2015-08-17 00:00:00+07:00,11291.4404296875,11426.505859375,11075.3369140625,11075.3369140625,3215627,0.0,0.0
2015-08-18 00:00:00+07:00,11075.3369140625,11264.427734375,11075.3369140625,11264.427734375,2495939,0.0,0.0
2015-08-19 00:00:00+07:00,11264.427734375,11264.427734375,10967.2841796875,11021.310546875,2915955,0.0,0.0
2015-08-20 00:00:00+07:00,11021.310546875,11129.3623046875,10832.2197265625,10967.2841796875,4229251,0.0,0.0
2015-08-21 00:00:00+07:00,10886.24609375,10967.2841796875,10481.05078125,10832.2197265625,12260821,0.0,0.0
2015-08-24 00:00:00+07:00,10832.2197265625,10832.2197265625,10237.93359375,10832.2197265625,10861647,0.0,0.0
2015-08-25 00:00:00+07:00,10481.05078125,10832.2197265625,10481.05078125,10832.2197265625,8580041,0.0,0.0
2015-08-26 00:00:00+07:00,10724.16796875,10913.2587890625,10697.154296875,10859.232421875,6081765,0.0,0.0
2015-08-27 00:00:00+07:00,10913.2587890625,11156.3759765625,10832.2197265625,11075.3369140625,5661595,0.0,0.0
2015-08-28 00:00:00+07:00,11183.388671875,11264.427734375,11021.310546875,11264.427734375,4259091,0.0,0.0
2015-08-31 00:00:00+07:00,11264.427734375,11264.427734375,11021.310546875,11210.4013671875,3280595,0.0,0.0
2015-09-01 00:00:00+07:00,11210.4013671875,11264.427734375,10994.2978515625,11210.4013671875,3278079,0.0,0.0
2015-09-03 00:00:00+07:00,11210.4013671875,11210.4013671875,11075.3369140625,11102.349609375,7126967,0.0,0.0
2015-09-04 00:00:00+07:00,11129.3623046875,11210.4013671875,11102.349609375,11210.4013671875,2652715,0.0,0.0
2015-09-07 00:00:00+07:00,11129.3623046875,11318.4541015625,11102.349609375,11237.4150390625,3456659,0.0,0.0
2015-09-08 00:00:00+07:00,11237.4150390625,11318.4541015625,11210.4013671875,11264.427734375,2519075,0.0,0.0
2015-09-09 00:00:00+07:00,11345.466796875,11345.466796875,11264.427734375,11318.4541015625,1904077,0.0,0.0
2015-09-10 00:00:00+07:00,11264.427734375,11480.5322265625,11129.3623046875,11453.5185546875,5456915,0.0,0.0
2015-09-11 00:00:00+07:00,11453.5185546875,11453.5185546875,11318.4541015625,11345.466796875,4425785,0.0,0.0
2015-09-14 00:00:00+07:00,11345.466796875,11345.466796875,11237.4150390625,11291.4404296875,4542801,0.0,0.0
2015-09-15 00:00:00+07:00,11291.4404296875,11291.4404296875,11183.388671875,11264.427734375,4100349,0.0,0.0
2015-09-16 00:00:00+07:00,11264.427734375,11318.4541015625,11237.4150390625,11264.427734375,4794235,0.0,0.0
2015-09-17 00:00:00+07:00,11345.466796875,11399.4931640625,11264.427734375,11345.466796875,2165025,0.0,0.0
2015-09-18 00:00:00+07:00,11453.5185546875,11480.5322265625,11345.466796875,11345.466796875,26255405,0.0,0.0
2015-09-21 00:00:00+07:00,11453.5185546875,11615.5966796875,11399.4931640625,11588.583984375,4288667,0.0,0.0
2015-09-22 00:00:00+07:00,11588.583984375,11615.5966796875,11507.544921875,11561.5712890625,1353047,0.0,0.0
2015-09-23 00:00:00+07:00,11480.5322265625,11534.5576171875,11453.5185546875,11480.5322265625,2618581,0.0,0.0
2015-09-24 00:00:00+07:00,11534.5576171875,11534.5576171875,11453.5185546875,11453.5185546875,2985479,0.0,0.0
2015-09-25 00:00:00+07:00,11453.5185546875,11453.5185546875,11318.4541015625,11372.4794921875,2358005,0.0,0.0
2015-09-28 00:00:00+07:00,11372.4794921875,11399.4931640625,11264.427734375,11345.466796875,1722271,0.0,0.0
2015-09-29 00:00:00+07:00,11264.427734375,11318.4541015625,11183.388671875,11237.4150390625,1596965,0.0,0.0
2015-09-30 00:00:00+07:00,11318.4541015625,11345.466796875,11264.427734375,11264.427734375,1251723,0.0,0.0
2015-10-01 00:00:00+07:00,11318.4541015625,11372.4794921875,11237.4150390625,11237.4150390625,1547173,0.0,0.0
2015-10-02 00:00:00+07:00,11237.4150390625,11264.427734375,11183.388671875,11237.4150390625,1831257,0.0,0.0
2015-10-05 00:00:00+07:00,11237.4150390625,11264.427734375,11210.4013671875,11237.4150390625,1748521,0.0,0.0
2015-10-06 00:00:00+07:00,11345.466796875,11399.4931640625,11291.4404296875,11372.4794921875,3114267,0.0,0.0
2015-10-07 00:00:00+07:00,11399.4931640625,11642.6103515625,11291.4404296875,11480.5322265625,7761397,0.0,0.0
2015-10-08 00:00:00+07:00,11480.5322265625,11912.740234375,11480.5322265625,11750.662109375,9096643,0.0,0.0
2015-10-09 00:00:00+07:00,11750.662109375,11858.7138671875,11696.6357421875,11696.6357421875,7824483,0.0,0.0
2015-10-12 00:00:00+07:00,11696.6357421875,11777.6748046875,11642.6103515625,11669.623046875,3608105,0.0,0.0
2015-10-13 00:00:00+07:00,11642.6103515625,11669.623046875,11561.5712890625,11561.5712890625,4791199,0.0,0.0
2015-10-14 00:00:00+07:00,11615.5966796875,11615.5966796875,11480.5322265625,11480.5322265625,4342529,0.0,0.0
2015-10-15 00:00:00+07:00,11534.5576171875,11561.5712890625,11480.5322265625,11480.5322265625,1998847,0.0,0.0
2015-10-16 00:00:00+07:00,11480.5322265625,11561.5712890625,11480.5322265625,11561.5712890625,1365373,0.0,0.0
2015-10-19 00:00:00+07:00,11561.5712890625,11561.5712890625,11507.544921875,11534.5576171875,1265385,0.0,0.0
2015-10-20 00:00:00+07:00,11534.5576171875,11534.5576171875,11372.4794921875,11399.4931640625,2986517,0.0,0.0
2015-10-21 00:00:00+07:00,11480.5322265625,11480.5322265625,11264.427734375,11264.427734375,2141403,0.0,0.0
2015-10-22 00:00:00+07:00,11291.4404296875,11561.5712890625,11291.4404296875,11480.5322265625,1772917,0.0,0.0
2015-10-23 00:00:00+07:00,11507.544921875,11993.779296875,11507.544921875,11993.779296875,11878085,0.0,0.0
2015-10-26 00:00:00+07:00,12101.8310546875,12344.9482421875,12020.7919921875,12020.7919921875,9139773,0.0,0.0
2015-10-27 00:00:00+07:00,11993.779296875,12101.8310546875,11885.7275390625,11993.779296875,2571829,0.0,0.0
2015-10-28 00:00:00+07:00,12020.7919921875,12209.8837890625,11993.779296875,11993.779296875,4518887,0.0,0.0
2015-10-29 00:00:00+07:00,11993.779296875,12425.9873046875,11993.779296875,12425.9873046875,14027451,0.0,0.0
2015-10-30 00:00:00+07:00,12453.0009765625,12453.0009765625,12236.896484375,12290.9228515625,6912251,0.0,0.0
2015-11-02 00:00:00+07:00,12317.935546875,12371.9619140625,12128.8447265625,12155.857421875,4102049,0.0,0.0
2015-11-03 00:00:00+07:00,12155.857421875,12425.9873046875,11966.7666015625,12425.9873046875,4995249,0.0,0.0
2015-11-04 00:00:00+07:00,12507.0263671875,12642.091796875,12317.935546875,12317.935546875,5144363,0.0,0.0
2015-11-05 00:00:00+07:00,12290.9228515625,12453.0009765625,12290.9228515625,12290.9228515625,2832107,0.0,0.0
2015-11-06 00:00:00+07:00,12290.9228515625,12371.9619140625,12155.857421875,12182.8701171875,3184605,0.0,0.0
2015-11-09 00:00:00+07:00,12236.896484375,12263.9091796875,12101.8310546875,12182.8701171875,7486973,0.0,0.0
2015-11-10 00:00:00+07:00,12101.8310546875,12182.8701171875,12020.7919921875,12020.7919921875,3082097,0.0,0.0
2015-11-11 00:00:00+07:00,12020.7919921875,12101.8310546875,11858.7138671875,11912.740234375,6846433,0.0,0.0
2015-11-12 00:00:00+07:00,11831.701171875,11993.779296875,11534.5576171875,11804.6884765625,13768815,0.0,0.0
2015-11-13 00:00:00+07:00,11804.6884765625,11966.7666015625,11804.6884765625,11966.7666015625,20743881,0.0,0.0
2015-11-16 00:00:00+07:00,11858.7138671875,11939.7529296875,11723.6494140625,11723.6494140625,3729049,0.0,0.0
2015-11-17 00:00:00+07:00,11750.662109375,11885.7275390625,11696.6357421875,11723.6494140625,3014469,0.0,0.0
2015-11-18 00:00:00+07:00,11777.6748046875,11912.740234375,11696.6357421875,11804.6884765625,2542729,0.0,0.0
2015-11-19 00:00:00+07:00,11858.7138671875,11858.7138671875,11723.6494140625,11723.6494140625,4265825,0.0,0.0
2015-11-20 00:00:00+07:00,11804.6884765625,11858.7138671875,11723.6494140625,11804.6884765625,2514223,0.0,0.0
2015-11-23 00:00:00+07:00,11777.6748046875,11858.7138671875,11777.6748046875,11804.6884765625,2086947,0.0,0.0
2015-11-24 00:00:00+07:00,11804.6884765625,11831.701171875,11696.6357421875,11723.6494140625,1772103,0.0,0.0
2015-11-25 00:00:00+07:00,11696.6357421875,11750.662109375,11588.583984375,11723.6494140625,3115749,0.0,0.0
2015-11-26 00:00:00+07:00,11723.6494140625,11723.6494140625,11642.6103515625,11669.623046875,874237,0.0,0.0
2015-11-27 00:00:00+07:00,11642.6103515625,11669.623046875,11480.5322265625,11507.544921875,2388101,0.0,0.0
2015-11-30 00:00:00+07:00,11426.505859375,11561.5712890625,11399.4931640625,11561.5712890625,3487829,0.0,0.0
2015-12-01 00:00:00+07:00,11588.583984375,11615.5966796875,11534.5576171875,11561.5712890625,2124303,0.0,0.0
2015-12-02 00:00:00+07:00,11615.5966796875,11696.6357421875,11507.544921875,11507.544921875,3049115,0.0,0.0
2015-12-03 00:00:00+07:00,11507.544921875,11588.583984375,11480.5322265625,11561.5712890625,1546287,0.0,0.0
2015-12-04 00:00:00+07:00,11507.544921875,11588.583984375,11399.4931640625,11426.505859375,2311953,0.0,0.0
2015-12-07 00:00:00+07:00,11453.5185546875,11453.5185546875,11345.466796875,11426.505859375,3607761,0.0,0.0
2015-12-08 00:00:00+07:00,11372.4794921875,11507.544921875,11291.4404296875,11453.5185546875,2882271,0.0,0.0
